step,epoch,step_in_epoch,probe/is_eval,sys/effective_batch_size,sys/device_batch_size,train/loss,train/gate0_triggered_blocks,train/gate0_considered_blocks,train/gate0_trigger_rate,train/pull_to_r_blocks,train/pull_to_R_blocks,train/pull_to_r_rate,train/pull_to_R_rate,train/alpha_pull_mean,train/alpha_pull_to_r_mean,train/alpha_pull_to_R_mean,train/single_vote_skipped_blocks,train/tau_N,train/tau_D,diag/info_retention_ratio,diag/residual_visibility,diag/conflict_resolution_rate,train/expert_load_r,train/expert_load_R,train/load_cv,train/load_max_min_ratio,train/utilization_ratio,train/routing_entropy,train/routing_entropy_raw,train/active_experts,train/expert_purity,train/intra_expert_coherence,train/intra_expert_conflict,train/inter_expert_similarity,sys/time_per_step_ms,sys/peak_memory_mb,val/acc,val/loss,val/acc_r_only,val/loss_r_only,train/acc,train/loss_eval,gap/train_minus_val,train/acc_r_only,train/loss_r_only_eval,gap_r_only/train_minus_val_r_only
1,1,1.0,0.0,32.0,32.0,0.66552734375,4.0,74.0,0.054054054054054,0.0,4.0,0.0,1.0,0.1519519144836037,0.0,0.1519519144836037,0.0,0.6,0.0033914772,0.9999999999722792,0.6535466989688578,1.2558601086711536e-08,0.0,4.0,1.0,,0.5,-1.4426950249075512e-08,-9.999999889225293e-09,1.0,0.5112469192646842,0.0008073741919361,0.4995963129040319,,1803.0428579077125,3660.90576171875,,,,,,,,,,
2,1,2.0,0.0,32.0,32.0,0.679931640625,24.0,74.0,0.3243243243243243,4.0,20.0,0.1666666666666666,0.8333333333333334,0.1507206536132981,0.1459450260147372,0.1516757791330103,0.0,0.6,0.0033914772,1.0000000007647292,0.6600002095755307,-1.6343953739756584e-08,4.0,20.0,0.6666666666666666,5.0,1.0,0.6500223927944538,0.450561188866305,2.0,0.5093408970374429,0.0002248887219315,0.4998875556390342,-0.0027181043431702,1269.567175069824,3844.35888671875,,,,,,,,,,
3,1,3.0,0.0,32.0,32.0,0.720947265625,27.0,74.0,0.3648648648648648,6.0,21.0,0.2222222222222222,0.7777777777777778,0.1494219791805366,0.143829667340762,0.1510197825633294,0.0,0.6,0.0033914772,0.9999999996705204,0.652449102377716,-1.66890841364751e-08,6.0,21.0,0.5555555555555556,3.5,1.0,0.7642044776547198,0.5297061790576547,2.0,0.5103561047982177,-1.95978136616759e-05,0.5000097989068308,-0.0017813708049295,1246.417609974742,3880.9775390625,,,,,,,,,,
4,1,4.0,0.0,32.0,32.0,0.6832275390625,15.0,74.0,0.2027027027027027,1.0,14.0,0.0666666666666666,0.9333333333333332,0.1502051198916271,0.1436993612177204,0.1506698169397633,0.0,0.6,0.0033914772,1.0000000002954843,0.6590294747344225,4.840217987209923e-09,1.0,14.0,0.8666666666666667,14.0,1.0,0.3533593061675215,0.244930006794636,2.0,0.5063425049659729,-0.0003081393982422,0.5001540696991211,0.0174005528595041,1185.0314210169015,3823.46826171875,,,,,,,,,,
5,1,5.0,0.0,32.0,32.0,0.6595458984375,21.0,74.0,0.2837837837837837,2.0,19.0,0.0952380952380952,0.9047619047619048,0.1510498181759153,0.1455504479191458,0.1516286992555752,0.0,0.6,0.0033914772,0.9999999999126168,0.6571566424916127,9.475508947864722e-09,2.0,19.0,0.8095238095238095,9.5,1.0,0.4537163103330447,0.3144921812814111,2.0,0.5087173480988879,-0.0002575265328207,0.5001287632664104,0.0029978721360285,1200.6173329427838,3841.59521484375,,,,,,,,,,
6,1,6.0,0.0,32.0,32.0,0.6402587890625,5.0,74.0,0.0675675675675675,1.0,4.0,0.2,0.8,0.1509627769359986,0.1430439165961323,0.1529424920209652,0.0,0.6,0.0033914772,0.9999999999829792,0.6551298541046529,1.577368129342116e-09,1.0,4.0,0.6,4.0,1.0,0.721928066033462,0.5004024035381882,2.0,0.5124840343251524,-0.0013864854117855,0.5006932427058928,0.0001307139007468,1164.8134419228882,3773.22607421875,,,,,,,,,,
7,1,7.0,0.0,32.0,32.0,0.6627197265625,13.0,74.0,0.1756756756756756,1.0,12.0,0.0769230769230769,0.9230769230769232,0.1508041139667814,0.14453709952952,0.1513263651698865,0.0,0.6,0.0033914772,1.00000000007821,0.6561548326305863,-1.2968207483091357e-08,1.0,12.0,0.8461538461538461,12.0,1.0,0.3912435347753558,0.2711893530418447,2.0,0.5092996136193452,-0.0002969121560454,0.5001484560780227,0.0017961514828243,1213.9090740820393,3804.84326171875,,,,,,,,,,
8,1,8.0,0.0,32.0,32.0,0.66259765625,6.0,74.0,0.081081081081081,2.0,4.0,0.3333333333333333,0.6666666666666666,0.1477940602247118,0.1440799773681992,0.149651101652968,0.0,0.6,0.0033914772,0.999999999991842,0.6551961214605106,2.342150253866178e-09,2.0,4.0,0.3333333333333333,2.0,1.0,0.918295805200589,0.636514148294813,2.0,0.5096441296677184,-0.0015341602047556,0.5007670801023778,-0.000731536780629,1147.6031850324944,3790.29052734375,,,,,,,,,,
9,1,9.0,0.0,32.0,32.0,0.6748046875,16.0,74.0,0.2162162162162162,2.0,14.0,0.125,0.875,0.1506380501120769,0.1454140958206434,0.1513843292965674,0.0,0.6,0.0033914772,1.0000000002632492,0.660481799502456,5.580661355914439e-09,2.0,14.0,0.75,7.0,1.0,0.5435644143456962,0.3767701412564372,2.0,0.5096513249221782,0.0002306521772848,0.4998846739113575,-0.0009520991725179,1192.1590169658884,3828.81982421875,,,,,,,,,,
10,1,10.0,0.0,32.0,32.0,0.7001953125,4.0,74.0,0.054054054054054,1.0,3.0,0.25,0.75,0.1511501216294535,0.1449175080269913,0.1532276594969409,0.0,0.6,0.0033914772,0.999999999564026,0.6631389746238328,-4.990929359077445e-09,1.0,3.0,0.5,3.0,1.0,0.8112780956052325,0.5623351246188086,2.0,0.5123045587198596,0.0008254708955064,0.4995872645522468,-0.0030933141174569,1191.6264219908044,3776.68701171875,,,,,,,,,,
11,1,11.0,0.0,32.0,32.0,0.699951171875,5.0,74.0,0.0675675675675675,0.0,5.0,0.0,1.0,0.1518746270446586,0.0,0.1518746270446586,0.0,0.6,0.0033914772,1.0000000003491845,0.6647321663518556,-9.986902625826302e-09,0.0,5.0,1.0,,0.5,-1.4426950249075512e-08,-9.999999889225293e-09,1.0,0.5094134050007936,0.0012495990376919,0.499375200481154,,1158.780699945055,3779.31201171875,,,,,,,,,,
12,1,12.0,0.0,32.0,32.0,0.67938232421875,1.0,74.0,0.0135135135135135,1.0,0.0,1.0,0.0,0.146189255680017,0.146189255680017,0.0,0.0,0.6,0.0033914772,1.0,0.660853595037069,-6.28433293766747e-10,1.0,0.0,1.0,,0.5,-1.4426950249075512e-08,-9.999999889225293e-09,1.0,0.5127024810666099,,,,1149.1974430391565,3764.22607421875,,,,,,,,,,
13,1,13.0,0.0,32.0,32.0,0.665283203125,1.0,74.0,0.0135135135135135,1.0,0.0,1.0,0.0,0.137008371033391,0.137008371033391,0.0,0.0,0.6,0.0033914772,1.0,0.6724474790951347,0.0,1.0,0.0,1.0,,0.5,-1.4426950249075512e-08,-9.999999889225293e-09,1.0,0.5433054298886966,,,,1118.252006941475,3770.17919921875,,,,,,,,,,
14,1,14.0,0.0,32.0,32.0,0.64642333984375,3.0,74.0,0.0405405405405405,1.0,2.0,0.3333333333333333,0.6666666666666666,0.1460017448382888,0.1405150014999548,0.1487451165074557,0.0,0.6,0.0033914772,0.9999999999999832,0.6583116439770751,-4.872052541997389e-09,1.0,2.0,0.3333333333333333,2.0,1.0,0.918295805200589,0.636514148294813,2.0,0.513327517205704,0.0010783621110022,0.4994608189444989,0.0033694218615582,1092.36075298395,3776.80029296875,,,,,,,,,,
15,1,15.0,0.0,32.0,32.0,0.6544189453125,9.0,74.0,0.1216216216216216,0.0,9.0,0.0,1.0,0.1510622798699581,0.0,0.1510622798699581,0.0,0.6,0.0033914772,1.0000000002909362,0.6636362911543147,-2.1653116309380345e-08,0.0,9.0,1.0,,0.5,-1.4426950249075512e-08,-9.999999889225293e-09,1.0,0.5067900891883181,0.0003685616829898,0.4998157191585051,,1203.989613102749,3797.08349609375,,,,,,,,,,
16,1,16.0,0.0,32.0,32.0,0.6695556640625,14.0,74.0,0.1891891891891892,4.0,10.0,0.2857142857142857,0.7142857142857143,0.1490627643785752,0.1446432590930651,0.1508305664927792,0.0,0.6,0.0033914772,0.9999999995118958,0.6728015271518444,-4.257569606108717e-09,4.0,10.0,0.4285714285714285,2.5,1.0,0.8631205397127306,0.5982695685852575,2.0,0.5094081571029071,0.0004279614558668,0.4997860192720665,-0.0015298846924395,1233.6047440767288,3807.31396484375,,,,,,,,,,
17,1,17.0,0.0,32.0,32.0,0.6207275390625,9.0,74.0,0.1216216216216216,1.0,8.0,0.1111111111111111,0.8888888888888888,0.1528557150012837,0.1466990145284277,0.1536253025603907,0.0,0.6,0.0033914772,0.9999999999951124,0.6509028586706337,4.747827811926505e-09,1.0,8.0,0.7777777777777778,8.0,1.0,0.5032583059217456,0.3488320758430324,2.0,0.5119642244276662,0.0003916399728041,0.4998041800135979,0.0022222649228361,1207.834332017228,3799.86669921875,,,,,,,,,,
18,1,18.0,0.0,32.0,32.0,0.65545654296875,7.0,74.0,0.0945945945945946,3.0,4.0,0.4285714285714285,0.5714285714285714,0.1475753068155363,0.1439199804639883,0.1503168015791973,0.0,0.6,0.0033914772,0.9999999998328162,0.6696034575661305,-8.690005088641606e-09,3.0,4.0,0.1428571428571428,1.3333333333333333,1.0,0.9852281071803508,0.6829080847004718,2.0,0.5129357453903806,-0.0013473799481289,0.5006736899740645,-0.0054645324530758,1149.264202918857,3775.87646484375,,,,,,,,,,
19,1,19.0,0.0,32.0,32.0,0.61669921875,4.0,74.0,0.054054054054054,1.0,3.0,0.25,0.75,0.1534694435378172,0.1465383899757457,0.1557797947251743,0.0,0.6,0.0033914772,0.9999999999930322,0.6577198717615873,6.306092834479807e-10,1.0,3.0,0.5,3.0,1.0,0.8112780956052325,0.5623351246188086,2.0,0.5173341618331478,-0.0001757065037963,0.5000878532518982,0.0078940781113211,1153.8223159732297,3773.83544921875,,,,,,,,,,
20,1,20.0,0.0,32.0,32.0,0.6729736328125,6.0,74.0,0.081081081081081,2.0,4.0,0.3333333333333333,0.6666666666666666,0.1490585673678874,0.1447605245223824,0.1512075887906399,0.0,0.6,0.0033914772,1.00000000022749,0.6698809347734431,-4.707253516501526e-09,2.0,4.0,0.3333333333333333,2.0,1.0,0.918295805200589,0.636514148294813,2.0,0.5130405842591866,0.0007573319307994,0.4996213340346003,-0.0024117914479774,1135.0477170199156,3787.52490234375,,,,,,,,,,
21,1,21.0,0.0,32.0,32.0,0.66357421875,9.0,74.0,0.1216216216216216,1.0,8.0,0.1111111111111111,0.8888888888888888,0.1494810197798981,0.1461257590570178,0.1499004273702582,0.0,0.6,0.0033914772,0.9999999996096104,0.6672471599996068,-4.318053238663066e-10,1.0,8.0,0.7777777777777778,8.0,1.0,0.5032583059217456,0.3488320758430324,2.0,0.5041458499608749,-0.0004227637837175,0.5002113818918588,,1169.9259410379454,3808.32568359375,,,,,,,,,,
22,1,22.0,0.0,32.0,32.0,0.63018798828125,8.0,74.0,0.1081081081081081,1.0,7.0,0.125,0.875,0.1506499860210366,0.1459222617330186,0.1513253752050392,0.0,0.6,0.0033914772,0.9999999999660985,0.6541761842693188,-3.649484267621212e-09,1.0,7.0,0.75,7.0,1.0,0.5435644143456962,0.3767701412564372,2.0,0.5087143514587054,-0.0003507706278469,0.5001753853139235,0.0026876768155193,1156.772806076333,3787.14794921875,,,,,,,,,,
23,1,23.0,0.0,32.0,32.0,0.5948486328125,0.0,74.0,0.0,0.0,0.0,0.0,0.0,0.0,0.0,0.0,0.0,0.6,0.0033914772,1.0,0.6595864360562456,0.0,0.0,0.0,,,,,,0.0,,,,,1161.3446739502251,3775.23193359375,,,,,,,,,,
24,1,24.0,0.0,32.0,32.0,0.642822265625,10.0,74.0,0.1351351351351351,2.0,8.0,0.2,0.8,0.1495169268290607,0.1442242430319141,0.1508400977783474,0.0,0.6,0.0033914772,0.9999999979282552,0.6662375858084261,1.7485582950404432e-08,2.0,8.0,0.6,4.0,1.0,0.721928066033462,0.5004024035381882,2.0,0.5100188216540402,0.0013550535077229,0.4993224732461385,0.0027195776579652,1262.2220530174673,3797.60107421875,,,,,,,,,,
25,1,25.0,0.0,32.0,32.0,0.66351318359375,0.0,74.0,0.0,0.0,0.0,0.0,0.0,0.0,0.0,0.0,0.0,0.6,0.0033914772,1.0,0.6628935636391394,0.0,0.0,0.0,,,,,,0.0,,,,,1128.2285820925608,3764.88232421875,,,,,,,,,,
26,1,26.0,0.0,32.0,32.0,0.659881591796875,0.0,74.0,0.0,0.0,0.0,0.0,0.0,0.0,0.0,0.0,0.0,0.6,0.0033914772,1.0,0.6690326823404563,0.0,0.0,0.0,,,,,,0.0,,,,,1129.6098820166662,3764.46044921875,,,,,,,,,,
27,1,27.0,0.0,32.0,32.0,0.56640625,1.0,74.0,0.0135135135135135,0.0,1.0,0.0,1.0,0.1485332381441736,0.0,0.1485332381441736,0.0,0.6,0.0033914772,1.0000000000675549,0.6688083883307901,6.032341371915377e-10,0.0,1.0,1.0,,0.5,-1.4426950249075512e-08,-9.999999889225293e-09,1.0,0.504889206186088,,,,1160.5695709586143,3780.35693359375,,,,,,,,,,
28,1,28.0,0.0,32.0,32.0,0.521881103515625,1.0,74.0,0.0135135135135135,0.0,1.0,0.0,1.0,0.1502925359514953,0.0,0.1502925359514953,0.0,0.6,0.0033914772,1.00000000008654,0.6665254833185887,8.049236371276367e-11,0.0,1.0,1.0,,0.5,-1.4426950249075512e-08,-9.999999889225293e-09,1.0,0.5009751198383179,,,,1175.1885389676318,3771.15576171875,,,,,,,,,,
29,1,29.0,0.0,32.0,32.0,0.56292724609375,0.0,74.0,0.0,0.0,0.0,0.0,0.0,0.0,0.0,0.0,0.0,0.6,0.0033914772,1.0,0.660374426124139,0.0,0.0,0.0,,,,,,0.0,,,,,1179.0309669449923,3761.60107421875,,,,,,,,,,
30,1,30.0,0.0,32.0,32.0,0.530029296875,0.0,74.0,0.0,0.0,0.0,0.0,0.0,0.0,0.0,0.0,0.0,0.6,0.0033914772,1.0,0.6658370985398383,0.0,0.0,0.0,,,,,,0.0,,,,,1134.9317780695856,3777.25927734375,,,,,,,,,,
31,1,31.0,0.0,32.0,32.0,0.571258544921875,0.0,74.0,0.0,0.0,0.0,0.0,0.0,0.0,0.0,0.0,0.0,0.6,0.0033914772,1.0,0.6598545402671638,0.0,0.0,0.0,,,,,,0.0,,,,,1150.5736319813875,3774.86865234375,,,,,,,,,,
32,1,32.0,0.0,32.0,32.0,0.839447021484375,0.0,74.0,0.0,0.0,0.0,0.0,0.0,0.0,0.0,0.0,0.0,0.6,0.0033914772,1.0,0.658785589457428,0.0,0.0,0.0,,,,,,0.0,,,,,1117.835195036605,3761.60107421875,,,,,,,,,,
33,1,33.0,0.0,32.0,32.0,0.9852752685546876,0.0,74.0,0.0,0.0,0.0,0.0,0.0,0.0,0.0,0.0,0.0,0.6,0.0033914772,1.0,0.6578913650574023,0.0,0.0,0.0,,,,,,0.0,,,,,1164.4252290716397,3770.08349609375,,,,,,,,,,
34,1,34.0,0.0,32.0,32.0,0.4748077392578125,0.0,74.0,0.0,0.0,0.0,0.0,0.0,0.0,0.0,0.0,0.0,0.6,0.0033914772,1.0,0.6624521866880765,0.0,0.0,0.0,,,,,,0.0,,,,,1187.5479980371892,3768.50732421875,,,,,,,,,,
35,1,35.0,0.0,32.0,32.0,0.4742584228515625,0.0,74.0,0.0,0.0,0.0,0.0,0.0,0.0,0.0,0.0,0.0,0.6,0.0033914772,1.0,0.662812465532334,0.0,0.0,0.0,,,,,,0.0,,,,,1097.1741299144924,3765.71826171875,,,,,,,,,,
36,1,36.0,0.0,32.0,32.0,0.66961669921875,0.0,74.0,0.0,0.0,0.0,0.0,0.0,0.0,0.0,0.0,0.0,0.6,0.0033914772,1.0,0.659395230743114,0.0,0.0,0.0,,,,,,0.0,,,,,1144.5081500569358,3774.37451171875,,,,,,,,,,
37,1,37.0,0.0,32.0,32.0,0.673675537109375,0.0,74.0,0.0,0.0,0.0,0.0,0.0,0.0,0.0,0.0,0.0,0.6,0.0033914772,1.0,0.6605008564859254,0.0,0.0,0.0,,,,,,0.0,,,,,1135.6496160151437,3781.74951171875,,,,,,,,,,
38,1,38.0,0.0,32.0,32.0,0.621490478515625,0.0,74.0,0.0,0.0,0.0,0.0,0.0,0.0,0.0,0.0,0.0,0.6,0.0033914772,1.0,0.660150056899585,0.0,0.0,0.0,,,,,,0.0,,,,,1075.2379660261795,3768.77294921875,,,,,,,,,,
39,1,39.0,0.0,32.0,32.0,0.617431640625,2.0,74.0,0.027027027027027,1.0,1.0,0.5,0.5,0.1470986827270167,0.1437533499677438,0.1504440154862897,0.0,0.6,0.0033914772,0.999999999968194,0.6604160334434672,1.851753105582561e-09,1.0,1.0,0.0,1.0,1.0,0.9999999711460994,0.6931471605599454,2.0,0.5111511091975764,,,0.0110006908676756,1096.690554986708,3766.47607421875,,,,,,,,,,
40,1,40.0,0.0,32.0,32.0,0.65814208984375,2.0,74.0,0.027027027027027,0.0,2.0,0.0,1.0,0.1492198462464998,0.0,0.1492198462464998,0.0,0.6,0.0033914772,1.000000000032233,0.6502180588810166,-6.610490794021024e-10,0.0,2.0,1.0,,0.5,-1.4426950249075512e-08,-9.999999889225293e-09,1.0,0.5041547044120778,0.0131370313465595,0.4934314843267202,,1150.1459159189835,3776.08740234375,,,,,,,,,,
41,1,41.0,0.0,32.0,32.0,0.69708251953125,0.0,74.0,0.0,0.0,0.0,0.0,0.0,0.0,0.0,0.0,0.0,0.6,0.0033914772,1.0,0.6625255835367885,0.0,0.0,0.0,,,,,,0.0,,,,,1109.7755209775642,3774.37451171875,,,,,,,,,,
42,1,42.0,0.0,32.0,32.0,0.591461181640625,0.0,74.0,0.0,0.0,0.0,0.0,0.0,0.0,0.0,0.0,0.0,0.6,0.0033914772,1.0,0.6562602392074275,0.0,0.0,0.0,,,,,,0.0,,,,,1036.024568020366,3778.11669921875,,,,,,,,,,
43,1,43.0,0.0,32.0,32.0,0.587646484375,0.0,74.0,0.0,0.0,0.0,0.0,0.0,0.0,0.0,0.0,0.0,0.6,0.0033914772,1.0,0.6548350884344862,0.0,0.0,0.0,,,,,,0.0,,,,,1150.8245209697634,3775.23193359375,,,,,,,,,,
44,1,44.0,0.0,32.0,32.0,0.56884765625,0.0,74.0,0.0,0.0,0.0,0.0,0.0,0.0,0.0,0.0,0.0,0.6,0.0033914772,1.0,0.6540333704619008,0.0,0.0,0.0,,,,,,0.0,,,,,1088.1878819782287,3761.60107421875,,,,,,,,,,
45,1,45.0,0.0,32.0,32.0,0.50836181640625,0.0,74.0,0.0,0.0,0.0,0.0,0.0,0.0,0.0,0.0,0.0,0.6,0.0033914772,1.0,0.6607321747982863,0.0,0.0,0.0,,,,,,0.0,,,,,1073.4949379693717,3764.46044921875,,,,,,,,,,
46,1,46.0,0.0,32.0,32.0,0.56103515625,0.0,74.0,0.0,0.0,0.0,0.0,0.0,0.0,0.0,0.0,0.0,0.6,0.0033914772,1.0,0.6636530405909399,0.0,0.0,0.0,,,,,,0.0,,,,,1089.0243960311636,3768.77294921875,,,,,,,,,,
47,1,47.0,0.0,32.0,32.0,0.6565704345703125,0.0,74.0,0.0,0.0,0.0,0.0,0.0,0.0,0.0,0.0,0.0,0.6,0.0033914772,1.0,0.656148951696097,0.0,0.0,0.0,,,,,,0.0,,,,,1078.5379949957132,3761.60107421875,,,,,,,,,,
48,1,48.0,0.0,32.0,32.0,0.60369873046875,0.0,74.0,0.0,0.0,0.0,0.0,0.0,0.0,0.0,0.0,0.0,0.6,0.0033914772,1.0,0.657860881096356,0.0,0.0,0.0,,,,,,0.0,,,,,1200.7422869792208,3761.60107421875,,,,,,,,,,
49,1,49.0,0.0,32.0,32.0,0.7823333740234375,0.0,74.0,0.0,0.0,0.0,0.0,0.0,0.0,0.0,0.0,0.0,0.6,0.0033914772,1.0,0.6544878203177085,0.0,0.0,0.0,,,,,,0.0,,,,,1163.681633071974,3770.30419921875,,,,,,,,,,
50,1,50.0,0.0,32.0,32.0,0.474639892578125,0.0,74.0,0.0,0.0,0.0,0.0,0.0,0.0,0.0,0.0,0.0,0.6,0.0033914772,1.0,0.6625197510079393,0.0,0.0,0.0,,,,,,0.0,,,,,1122.9771269718185,3778.11669921875,,,,,,,,,,
51,1,51.0,0.0,32.0,32.0,0.48895263671875,0.0,74.0,0.0,0.0,0.0,0.0,0.0,0.0,0.0,0.0,0.0,0.6,0.0033914772,1.0,0.66387360478756,0.0,0.0,0.0,,,,,,0.0,,,,,1126.4911720063535,3774.37451171875,,,,,,,,,,
52,1,52.0,0.0,32.0,32.0,0.61248779296875,0.0,74.0,0.0,0.0,0.0,0.0,0.0,0.0,0.0,0.0,0.0,0.6,0.0033914772,1.0,0.6579207212933357,0.0,0.0,0.0,,,,,,0.0,,,,,1092.620174982585,3771.71240234375,,,,,,,,,,
53,1,53.0,0.0,32.0,32.0,0.5592041015625,0.0,74.0,0.0,0.0,0.0,0.0,0.0,0.0,0.0,0.0,0.0,0.6,0.0033914772,1.0,0.6610289269306568,0.0,0.0,0.0,,,,,,0.0,,,,,1123.8882429897783,3764.46044921875,,,,,,,,,,
54,1,54.0,0.0,32.0,32.0,0.5872802734375,0.0,74.0,0.0,0.0,0.0,0.0,0.0,0.0,0.0,0.0,0.0,0.6,0.0033914772,1.0,0.6623219016474748,0.0,0.0,0.0,,,,,,0.0,,,,,1125.5408980650827,3777.25927734375,,,,,,,,,,
55,1,55.0,0.0,32.0,32.0,0.530487060546875,0.0,74.0,0.0,0.0,0.0,0.0,0.0,0.0,0.0,0.0,0.0,0.6,0.0033914772,1.0,0.6611309133852159,0.0,0.0,0.0,,,,,,0.0,,,,,1103.048766963184,3774.86865234375,,,,,,,,,,
56,1,56.0,0.0,32.0,32.0,0.680145263671875,0.0,74.0,0.0,0.0,0.0,0.0,0.0,0.0,0.0,0.0,0.0,0.6,0.0033914772,1.0,0.6575901074199361,0.0,0.0,0.0,,,,,,0.0,,,,,1103.1814749585465,3764.46044921875,,,,,,,,,,
57,1,57.0,0.0,32.0,32.0,0.489349365234375,0.0,74.0,0.0,0.0,0.0,0.0,0.0,0.0,0.0,0.0,0.0,0.6,0.0033914772,1.0,0.6575697700901523,0.0,0.0,0.0,,,,,,0.0,,,,,1113.4191351011395,3774.86865234375,,,,,,,,,,
58,1,58.0,0.0,32.0,32.0,0.474609375,0.0,74.0,0.0,0.0,0.0,0.0,0.0,0.0,0.0,0.0,0.0,0.6,0.0033914772,1.0,0.6551102435461486,0.0,0.0,0.0,,,,,,0.0,,,,,1155.7274600490928,3777.25927734375,,,,,,,,,,
59,1,59.0,0.0,32.0,32.0,0.5289306640625,0.0,74.0,0.0,0.0,0.0,0.0,0.0,0.0,0.0,0.0,0.0,0.6,0.0033914772,1.0,0.6529296248025488,0.0,0.0,0.0,,,,,,0.0,,,,,1127.7510289801285,3778.80419921875,,,,,,,,,,
60,1,60.0,0.0,32.0,32.0,0.4976730346679687,0.0,74.0,0.0,0.0,0.0,0.0,0.0,0.0,0.0,0.0,0.0,0.6,0.0033914772,1.0,0.6544802860003934,0.0,0.0,0.0,,,,,,0.0,,,,,1128.3265970414504,3774.86865234375,,,,,,,,,,
61,1,61.0,0.0,32.0,32.0,0.45196533203125,0.0,74.0,0.0,0.0,0.0,0.0,0.0,0.0,0.0,0.0,0.0,0.6,0.0033914772,1.0,0.6642625745066816,0.0,0.0,0.0,,,,,,0.0,,,,,1104.9230589997023,3766.67724609375,,,,,,,,,,
62,1,62.0,0.0,32.0,32.0,0.5121231079101562,0.0,74.0,0.0,0.0,0.0,0.0,0.0,0.0,0.0,0.0,0.0,0.6,0.0033914772,1.0,0.6552134170274129,0.0,0.0,0.0,,,,,,0.0,,,,,1107.1915839565918,3771.71240234375,,,,,,,,,,
63,1,63.0,0.0,32.0,32.0,0.922454833984375,0.0,74.0,0.0,0.0,0.0,0.0,0.0,0.0,0.0,0.0,0.0,0.6,0.0033914772,1.0,0.6575179852971136,0.0,0.0,0.0,,,,,,0.0,,,,,1110.8090890338644,3768.77294921875,,,,,,,,,,
64,1,64.0,0.0,32.0,32.0,0.3271102905273437,0.0,74.0,0.0,0.0,0.0,0.0,0.0,0.0,0.0,0.0,0.0,0.6,0.0033914772,1.0,0.6673620217438665,0.0,0.0,0.0,,,,,,0.0,,,,,1125.889000017196,3761.60107421875,,,,,,,,,,
65,1,65.0,0.0,32.0,32.0,0.4167633056640625,0.0,74.0,0.0,0.0,0.0,0.0,0.0,0.0,0.0,0.0,0.0,0.6,0.0033914772,1.0,0.6571993105218868,0.0,0.0,0.0,,,,,,0.0,,,,,1134.908736916259,3765.71826171875,,,,,,,,,,
66,1,66.0,0.0,32.0,32.0,0.6631622314453125,0.0,74.0,0.0,0.0,0.0,0.0,0.0,0.0,0.0,0.0,0.0,0.6,0.0033914772,1.0,0.6585953515597692,0.0,0.0,0.0,,,,,,0.0,,,,,1112.2583800461143,3764.46044921875,,,,,,,,,,
67,1,67.0,0.0,32.0,32.0,0.5458526611328125,0.0,74.0,0.0,0.0,0.0,0.0,0.0,0.0,0.0,0.0,0.0,0.6,0.0033914772,1.0,0.6633650533805326,0.0,0.0,0.0,,,,,,0.0,,,,,1143.4985989471895,3774.37451171875,,,,,,,,,,
68,1,68.0,0.0,32.0,32.0,0.5526885986328125,0.0,74.0,0.0,0.0,0.0,0.0,0.0,0.0,0.0,0.0,0.0,0.6,0.0033914772,1.0,0.6617459365224688,0.0,0.0,0.0,,,,,,0.0,,,,,1107.930926955305,3774.86865234375,,,,,,,,,,
69,1,69.0,0.0,32.0,32.0,0.53533935546875,0.0,74.0,0.0,0.0,0.0,0.0,0.0,0.0,0.0,0.0,0.0,0.6,0.0033914772,1.0,0.6643431254112958,0.0,0.0,0.0,,,,,,0.0,,,,,1132.6068199705333,3764.46044921875,,,,,,,,,,
70,1,70.0,0.0,32.0,32.0,0.4558258056640625,0.0,74.0,0.0,0.0,0.0,0.0,0.0,0.0,0.0,0.0,0.0,0.6,0.0033914772,1.0,0.6645591153593897,0.0,0.0,0.0,,,,,,0.0,,,,,1108.215220971033,3774.86865234375,,,,,,,,,,
71,1,71.0,0.0,32.0,32.0,0.493133544921875,0.0,74.0,0.0,0.0,0.0,0.0,0.0,0.0,0.0,0.0,0.0,0.6,0.0033914772,1.0,0.661715374150621,0.0,0.0,0.0,,,,,,0.0,,,,,1182.4060919461772,3765.71826171875,,,,,,,,,,
72,1,72.0,0.0,32.0,32.0,0.40740966796875,0.0,74.0,0.0,0.0,0.0,0.0,0.0,0.0,0.0,0.0,0.0,0.6,0.0033914772,1.0,0.6624345399538751,0.0,0.0,0.0,,,,,,0.0,,,,,1110.4332759277895,3766.67724609375,,,,,,,,,,
73,1,73.0,0.0,32.0,32.0,0.5533905029296875,0.0,74.0,0.0,0.0,0.0,0.0,0.0,0.0,0.0,0.0,0.0,0.6,0.0033914772,1.0,0.6680981438161752,0.0,0.0,0.0,,,,,,0.0,,,,,1135.1996529847383,3768.77294921875,,,,,,,,,,
74,1,74.0,0.0,32.0,32.0,0.4444961547851562,0.0,74.0,0.0,0.0,0.0,0.0,0.0,0.0,0.0,0.0,0.0,0.6,0.0033914772,1.0,0.655331900260959,0.0,0.0,0.0,,,,,,0.0,,,,,1135.1868310011923,3761.34130859375,,,,,,,,,,
75,1,75.0,0.0,32.0,32.0,0.4881515502929687,0.0,74.0,0.0,0.0,0.0,0.0,0.0,0.0,0.0,0.0,0.0,0.6,0.0033914772,1.0,0.6613272862690104,0.0,0.0,0.0,,,,,,0.0,,,,,1116.6681060567498,3770.30419921875,,,,,,,,,,
76,1,76.0,0.0,32.0,32.0,0.4971923828125,0.0,74.0,0.0,0.0,0.0,0.0,0.0,0.0,0.0,0.0,0.0,0.6,0.0033914772,1.0,0.6624670000772527,0.0,0.0,0.0,,,,,,0.0,,,,,1105.228972970508,3761.60107421875,,,,,,,,,,
77,1,77.0,0.0,32.0,32.0,0.2898025512695312,0.0,74.0,0.0,0.0,0.0,0.0,0.0,0.0,0.0,0.0,0.0,0.6,0.0033914772,1.0,0.665176821474677,0.0,0.0,0.0,,,,,,0.0,,,,,1102.4757489794863,3778.11669921875,,,,,,,,,,
78,1,78.0,0.0,32.0,32.0,0.41485595703125,0.0,74.0,0.0,0.0,0.0,0.0,0.0,0.0,0.0,0.0,0.0,0.6,0.0033914772,1.0,0.6595452129544851,0.0,0.0,0.0,,,,,,0.0,,,,,1157.1386250434443,3781.74951171875,,,,,,,,,,
79,1,79.0,0.0,32.0,32.0,0.4159393310546875,0.0,74.0,0.0,0.0,0.0,0.0,0.0,0.0,0.0,0.0,0.0,0.6,0.0033914772,1.0,0.6648444696440986,0.0,0.0,0.0,,,,,,0.0,,,,,1087.8695920109749,3778.11669921875,,,,,,,,,,
80,1,80.0,0.0,32.0,32.0,0.6037521362304688,0.0,74.0,0.0,0.0,0.0,0.0,0.0,0.0,0.0,0.0,0.0,0.6,0.0033914772,1.0,0.664559822582767,0.0,0.0,0.0,,,,,,0.0,,,,,1198.7106759333983,3764.46044921875,,,,,,,,,,
81,1,81.0,0.0,32.0,32.0,0.48895263671875,0.0,74.0,0.0,0.0,0.0,0.0,0.0,0.0,0.0,0.0,0.0,0.6,0.0033914772,1.0,0.6628649092233588,0.0,0.0,0.0,,,,,,0.0,,,,,1128.3897979883477,3761.60107421875,,,,,,,,,,
82,1,82.0,0.0,32.0,32.0,0.57830810546875,0.0,74.0,0.0,0.0,0.0,0.0,0.0,0.0,0.0,0.0,0.0,0.6,0.0033914772,1.0,0.6639733471805214,0.0,0.0,0.0,,,,,,0.0,,,,,1107.4673960683867,3770.30419921875,,,,,,,,,,
83,1,83.0,0.0,32.0,32.0,0.45977783203125,0.0,74.0,0.0,0.0,0.0,0.0,0.0,0.0,0.0,0.0,0.0,0.6,0.0033914772,1.0,0.6598269020710874,0.0,0.0,0.0,,,,,,0.0,,,,,1119.685008074157,3761.60107421875,,,,,,,,,,
84,1,84.0,0.0,32.0,32.0,0.5154037475585938,0.0,74.0,0.0,0.0,0.0,0.0,0.0,0.0,0.0,0.0,0.0,0.6,0.0033914772,1.0,0.6631875154817001,0.0,0.0,0.0,,,,,,0.0,,,,,1138.3425979875028,3770.30419921875,,,,,,,,,,
85,1,85.0,0.0,32.0,32.0,0.5008010864257812,0.0,74.0,0.0,0.0,0.0,0.0,0.0,0.0,0.0,0.0,0.0,0.6,0.0033914772,1.0,0.662403259658449,0.0,0.0,0.0,,,,,,0.0,,,,,1110.046308953315,3764.88232421875,,,,,,,,,,
86,1,86.0,0.0,32.0,32.0,0.5865097045898438,0.0,74.0,0.0,0.0,0.0,0.0,0.0,0.0,0.0,0.0,0.0,0.6,0.0033914772,1.0,0.6626181238227175,0.0,0.0,0.0,,,,,,0.0,,,,,1172.6248590275643,3764.46044921875,,,,,,,,,,
87,1,87.0,0.0,32.0,32.0,0.6306610107421875,0.0,74.0,0.0,0.0,0.0,0.0,0.0,0.0,0.0,0.0,0.0,0.6,0.0033914772,1.0,0.664109774511875,0.0,0.0,0.0,,,,,,0.0,,,,,1080.138370976783,3771.11865234375,,,,,,,,,,
88,1,88.0,0.0,32.0,32.0,0.3213958740234375,0.0,74.0,0.0,0.0,0.0,0.0,0.0,0.0,0.0,0.0,0.0,0.6,0.0033914772,1.0,0.662247564177846,0.0,0.0,0.0,,,,,,0.0,,,,,1143.5162329580637,3765.71826171875,,,,,,,,,,
89,1,89.0,0.0,32.0,32.0,0.463775634765625,0.0,74.0,0.0,0.0,0.0,0.0,0.0,0.0,0.0,0.0,0.0,0.6,0.0033914772,1.0,0.6583115609851005,0.0,0.0,0.0,,,,,,0.0,,,,,1161.784055060707,3782.58349609375,,,,,,,,,,
90,1,90.0,0.0,32.0,32.0,0.4550552368164062,0.0,74.0,0.0,0.0,0.0,0.0,0.0,0.0,0.0,0.0,0.0,0.6,0.0033914772,1.0,0.6631851085158155,0.0,0.0,0.0,,,,,,0.0,,,,,1111.502307001501,3768.77294921875,,,,,,,,,,
91,1,91.0,0.0,32.0,32.0,0.1846504211425781,0.0,74.0,0.0,0.0,0.0,0.0,0.0,0.0,0.0,0.0,0.0,0.6,0.0033914772,1.0,0.6627126422476716,0.0,0.0,0.0,,,,,,0.0,,,,,1077.397320070304,3768.77294921875,,,,,,,,,,
92,1,92.0,0.0,32.0,32.0,0.5107841491699219,0.0,74.0,0.0,0.0,0.0,0.0,0.0,0.0,0.0,0.0,0.0,0.6,0.0033914772,1.0,0.6659573403367071,0.0,0.0,0.0,,,,,,0.0,,,,,1208.8882100069895,3763.53857421875,,,,,,,,,,
93,1,93.0,0.0,32.0,32.0,0.5234413146972656,0.0,74.0,0.0,0.0,0.0,0.0,0.0,0.0,0.0,0.0,0.0,0.6,0.0033914772,1.0,0.6628166534087238,0.0,0.0,0.0,,,,,,0.0,,,,,1070.1011690543965,3763.53857421875,,,,,,,,,,
94,1,94.0,0.0,32.0,32.0,0.6389274597167969,0.0,74.0,0.0,0.0,0.0,0.0,0.0,0.0,0.0,0.0,0.0,0.6,0.0033914772,1.0,0.6648052235948466,0.0,0.0,0.0,,,,,,0.0,,,,,1141.3011169061065,3764.73974609375,,,,,,,,,,
95,1,95.0,0.0,32.0,32.0,0.396148681640625,0.0,74.0,0.0,0.0,0.0,0.0,0.0,0.0,0.0,0.0,0.0,0.6,0.0033914772,1.0,0.6604973321676164,0.0,0.0,0.0,,,,,,0.0,,,,,1165.0489029707387,3764.46044921875,,,,,,,,,,
96,1,96.0,0.0,32.0,32.0,0.3303031921386719,0.0,74.0,0.0,0.0,0.0,0.0,0.0,0.0,0.0,0.0,0.0,0.6,0.0033914772,1.0,0.6661074783443474,0.0,0.0,0.0,,,,,,0.0,,,,,1231.9250770378858,3778.11669921875,,,,,,,,,,
97,1,97.0,0.0,32.0,32.0,0.5030632019042969,0.0,74.0,0.0,0.0,0.0,0.0,0.0,0.0,0.0,0.0,0.0,0.6,0.0033914772,1.0,0.664938684162242,0.0,0.0,0.0,,,,,,0.0,,,,,1157.5710480101409,3767.47607421875,,,,,,,,,,
98,1,98.0,0.0,32.0,32.0,0.4580917358398437,0.0,74.0,0.0,0.0,0.0,0.0,0.0,0.0,0.0,0.0,0.0,0.6,0.0033914772,1.0,0.6627932799481734,0.0,0.0,0.0,,,,,,0.0,,,,,1144.1629090113563,3774.37451171875,,,,,,,,,,
99,1,99.0,0.0,32.0,32.0,0.60888671875,0.0,74.0,0.0,0.0,0.0,0.0,0.0,0.0,0.0,0.0,0.0,0.6,0.0033914772,1.0,0.6619819782057584,0.0,0.0,0.0,,,,,,0.0,,,,,1126.1861260281876,3761.34130859375,,,,,,,,,,
100,1,100.0,0.0,32.0,32.0,0.5692596435546875,0.0,74.0,0.0,0.0,0.0,0.0,0.0,0.0,0.0,0.0,0.0,0.6,0.0033914772,1.0,0.6651080214621966,0.0,0.0,0.0,,,,,,0.0,,,,,1158.8623959105462,3766.67724609375,,,,,,,,,,
101,1,101.0,0.0,32.0,32.0,0.424896240234375,0.0,74.0,0.0,0.0,0.0,0.0,0.0,0.0,0.0,0.0,0.0,0.6,0.0033914772,1.0,0.6657212115464844,0.0,0.0,0.0,,,,,,0.0,,,,,1199.3658979190511,3761.60107421875,,,,,,,,,,
102,1,102.0,0.0,32.0,32.0,0.3695907592773437,0.0,74.0,0.0,0.0,0.0,0.0,0.0,0.0,0.0,0.0,0.0,0.6,0.0033914772,1.0,0.6624332372376698,0.0,0.0,0.0,,,,,,0.0,,,,,1146.1353229824454,3765.71826171875,,,,,,,,,,
103,1,103.0,0.0,32.0,32.0,0.4023666381835937,0.0,74.0,0.0,0.0,0.0,0.0,0.0,0.0,0.0,0.0,0.0,0.6,0.0033914772,1.0,0.6685198389235734,0.0,0.0,0.0,,,,,,0.0,,,,,1173.7795600201937,3761.34130859375,,,,,,,,,,
104,1,104.0,0.0,32.0,32.0,0.6330642700195312,0.0,74.0,0.0,0.0,0.0,0.0,0.0,0.0,0.0,0.0,0.0,0.6,0.0033914772,1.0,0.6620380760963986,0.0,0.0,0.0,,,,,,0.0,,,,,1171.6581999789923,3767.47607421875,,,,,,,,,,
105,1,105.0,0.0,32.0,32.0,0.4156723022460937,0.0,74.0,0.0,0.0,0.0,0.0,0.0,0.0,0.0,0.0,0.0,0.6,0.0033914772,1.0,0.6666446786488945,0.0,0.0,0.0,,,,,,0.0,,,,,1186.9843249442056,3765.71826171875,,,,,,,,,,
106,1,106.0,0.0,32.0,32.0,0.4535446166992187,0.0,74.0,0.0,0.0,0.0,0.0,0.0,0.0,0.0,0.0,0.0,0.6,0.0033914772,1.0,0.6624731928056462,0.0,0.0,0.0,,,,,,0.0,,,,,1176.7139479052275,3761.60107421875,,,,,,,,,,
107,1,107.0,0.0,32.0,32.0,0.5032424926757812,0.0,74.0,0.0,0.0,0.0,0.0,0.0,0.0,0.0,0.0,0.0,0.6,0.0033914772,1.0,0.6619776085083452,0.0,0.0,0.0,,,,,,0.0,,,,,1151.280154939741,3763.53857421875,,,,,,,,,,
108,1,108.0,0.0,32.0,32.0,0.409393310546875,0.0,74.0,0.0,0.0,0.0,0.0,0.0,0.0,0.0,0.0,0.0,0.6,0.0033914772,1.0,0.6650522802860297,0.0,0.0,0.0,,,,,,0.0,,,,,1195.2527009416372,3774.37451171875,,,,,,,,,,
109,1,109.0,0.0,32.0,32.0,0.44610595703125,0.0,74.0,0.0,0.0,0.0,0.0,0.0,0.0,0.0,0.0,0.0,0.6,0.0033914772,1.0,0.661386632464566,0.0,0.0,0.0,,,,,,0.0,,,,,1145.0548600405457,3776.38818359375,,,,,,,,,,
110,1,110.0,0.0,32.0,32.0,0.390869140625,0.0,74.0,0.0,0.0,0.0,0.0,0.0,0.0,0.0,0.0,0.0,0.6,0.0033914772,1.0,0.6602676564819082,0.0,0.0,0.0,,,,,,0.0,,,,,1164.0074469614774,3774.86865234375,,,,,,,,,,
111,1,111.0,0.0,32.0,32.0,0.3257064819335937,0.0,74.0,0.0,0.0,0.0,0.0,0.0,0.0,0.0,0.0,0.0,0.6,0.0033914772,1.0,0.6603688658600798,0.0,0.0,0.0,,,,,,0.0,,,,,662.3564451001585,3774.73974609375,,,,,,,,,,
112,1,112.0,0.0,32.0,32.0,0.656829833984375,0.0,74.0,0.0,0.0,0.0,0.0,0.0,0.0,0.0,0.0,0.0,0.6,0.0033914772,1.0,0.6596388882982382,0.0,0.0,0.0,,,,,,0.0,,,,,634.7388599533588,3774.86865234375,,,,,,,,,,
113,1,113.0,0.0,32.0,32.0,0.3482742309570312,0.0,74.0,0.0,0.0,0.0,0.0,0.0,0.0,0.0,0.0,0.0,0.6,0.0033914772,1.0,0.6618810510523361,0.0,0.0,0.0,,,,,,0.0,,,,,628.3396549988538,3768.77294921875,,,,,,,,,,
114,1,114.0,0.0,32.0,32.0,0.4634017944335937,0.0,74.0,0.0,0.0,0.0,0.0,0.0,0.0,0.0,0.0,0.0,0.6,0.0033914772,1.0,0.666946605507053,0.0,0.0,0.0,,,,,,0.0,,,,,627.7433640789241,3769.86474609375,,,,,,,,,,
115,1,115.0,0.0,20.0,20.0,0.5638183593750001,0.0,74.0,0.0,0.0,0.0,0.0,0.0,0.0,0.0,0.0,0.0,0.6,0.0033914772,1.0,0.6560615810726127,0.0,0.0,0.0,,,,,,0.0,,,,,463.15682504791766,3323.12109375,,,,,,,,,,
115,1,,1.0,32.0,32.0,,,,,,,,,,,,,,,1.0,0.6560615810726127,0.0,0.0,0.0,,,,,,0.0,,,,,463.15682504791766,3323.12109375,0.8529411764705882,0.3430354044987605,0.8455882352941176,0.342761021393996,0.8617775354416576,0.3287616549626641,0.0088363589710693,0.8617775354416576,0.3282338629598202,0.0161893001475399
116,2,1.0,0.0,32.0,32.0,0.3321037292480469,0.0,74.0,0.0,0.0,0.0,0.0,0.0,0.0,0.0,0.0,0.0,0.6,0.0033914772,1.0,0.6586140578735948,0.0,0.0,0.0,,,,,,0.0,,,,,1122.4259289447218,3774.37451171875,,,,,,,,,,
117,2,2.0,0.0,32.0,32.0,0.3383445739746094,0.0,74.0,0.0,0.0,0.0,0.0,0.0,0.0,0.0,0.0,0.0,0.6,0.0033914772,1.0,0.660613242005034,0.0,0.0,0.0,,,,,,0.0,,,,,1169.215125963092,3768.77294921875,,,,,,,,,,
118,2,3.0,0.0,32.0,32.0,0.2855224609375,0.0,74.0,0.0,0.0,0.0,0.0,0.0,0.0,0.0,0.0,0.0,0.6,0.0033914772,1.0,0.6655060474973246,0.0,0.0,0.0,,,,,,0.0,,,,,1177.8742319438609,3763.53857421875,,,,,,,,,,
119,2,4.0,0.0,32.0,32.0,0.3347015380859375,0.0,74.0,0.0,0.0,0.0,0.0,0.0,0.0,0.0,0.0,0.0,0.6,0.0033914772,1.0,0.6652274772874168,0.0,0.0,0.0,,,,,,0.0,,,,,1131.3118529506028,3760.97021484375,,,,,,,,,,
120,2,5.0,0.0,32.0,32.0,0.4759445190429687,0.0,74.0,0.0,0.0,0.0,0.0,0.0,0.0,0.0,0.0,0.0,0.6,0.0033914772,1.0,0.6671506208277946,0.0,0.0,0.0,,,,,,0.0,,,,,1192.910532001406,3764.88232421875,,,,,,,,,,
121,2,6.0,0.0,32.0,32.0,0.3953571319580078,0.0,74.0,0.0,0.0,0.0,0.0,0.0,0.0,0.0,0.0,0.0,0.6,0.0033914772,1.0,0.6693469526877917,0.0,0.0,0.0,,,,,,0.0,,,,,1132.1407610084862,3761.60107421875,,,,,,,,,,
122,2,7.0,0.0,32.0,32.0,0.3276901245117187,0.0,74.0,0.0,0.0,0.0,0.0,0.0,0.0,0.0,0.0,0.0,0.6,0.0033914772,1.0,0.6621347558013349,0.0,0.0,0.0,,,,,,0.0,,,,,1168.7293220311403,3765.71826171875,,,,,,,,,,
123,2,8.0,0.0,32.0,32.0,0.5008831024169922,0.0,74.0,0.0,0.0,0.0,0.0,0.0,0.0,0.0,0.0,0.0,0.6,0.0033914772,1.0,0.6631980224017682,0.0,0.0,0.0,,,,,,0.0,,,,,1140.7359900185838,3770.08349609375,,,,,,,,,,
124,2,9.0,0.0,32.0,32.0,0.2613391876220703,0.0,74.0,0.0,0.0,0.0,0.0,0.0,0.0,0.0,0.0,0.0,0.6,0.0033914772,1.0,0.6619595239553265,0.0,0.0,0.0,,,,,,0.0,,,,,1188.036564970389,3764.46044921875,,,,,,,,,,
125,2,10.0,0.0,32.0,32.0,0.521759033203125,0.0,74.0,0.0,0.0,0.0,0.0,0.0,0.0,0.0,0.0,0.0,0.6,0.0033914772,1.0,0.6641708666833434,0.0,0.0,0.0,,,,,,0.0,,,,,1170.9961850428954,3761.60107421875,,,,,,,,,,
126,2,11.0,0.0,32.0,32.0,0.288553237915039,0.0,74.0,0.0,0.0,0.0,0.0,0.0,0.0,0.0,0.0,0.0,0.6,0.0033914772,1.0,0.6612095506561246,0.0,0.0,0.0,,,,,,0.0,,,,,1143.7041850294918,3768.77294921875,,,,,,,,,,
127,2,12.0,0.0,32.0,32.0,0.399200439453125,0.0,74.0,0.0,0.0,0.0,0.0,0.0,0.0,0.0,0.0,0.0,0.6,0.0033914772,1.0,0.6566596515867931,0.0,0.0,0.0,,,,,,0.0,,,,,1133.8522660080343,3774.37451171875,,,,,,,,,,
128,2,13.0,0.0,32.0,32.0,0.2437171936035156,0.0,74.0,0.0,0.0,0.0,0.0,0.0,0.0,0.0,0.0,0.0,0.6,0.0033914772,1.0,0.6586320621621675,0.0,0.0,0.0,,,,,,0.0,,,,,1135.209538042545,3778.80419921875,,,,,,,,,,
129,2,14.0,0.0,32.0,32.0,0.3080005645751953,0.0,74.0,0.0,0.0,0.0,0.0,0.0,0.0,0.0,0.0,0.0,0.6,0.0033914772,1.0,0.6645016694302774,0.0,0.0,0.0,,,,,,0.0,,,,,1123.4738820930943,3778.11669921875,,,,,,,,,,
130,2,15.0,0.0,32.0,32.0,0.3635730743408203,0.0,74.0,0.0,0.0,0.0,0.0,0.0,0.0,0.0,0.0,0.0,0.6,0.0033914772,1.0,0.6660637560638001,0.0,0.0,0.0,,,,,,0.0,,,,,1220.4022880177945,3761.34130859375,,,,,,,,,,
131,2,16.0,0.0,32.0,32.0,0.4760341644287109,0.0,74.0,0.0,0.0,0.0,0.0,0.0,0.0,0.0,0.0,0.0,0.6,0.0033914772,1.0,0.6667601362664342,0.0,0.0,0.0,,,,,,0.0,,,,,1125.364603009075,3777.25927734375,,,,,,,,,,
132,2,17.0,0.0,32.0,32.0,0.3589553833007812,0.0,74.0,0.0,0.0,0.0,0.0,0.0,0.0,0.0,0.0,0.0,0.6,0.0033914772,1.0,0.6661417184150437,0.0,0.0,0.0,,,,,,0.0,,,,,1148.0819600401446,3764.46044921875,,,,,,,,,,
133,2,18.0,0.0,32.0,32.0,0.2947292327880859,0.0,74.0,0.0,0.0,0.0,0.0,0.0,0.0,0.0,0.0,0.0,0.6,0.0033914772,1.0,0.663622756922895,0.0,0.0,0.0,,,,,,0.0,,,,,1149.8878740239888,3774.86865234375,,,,,,,,,,
134,2,19.0,0.0,32.0,32.0,0.4752769470214844,0.0,74.0,0.0,0.0,0.0,0.0,0.0,0.0,0.0,0.0,0.0,0.6,0.0033914772,1.0,0.6621335403086974,0.0,0.0,0.0,,,,,,0.0,,,,,1152.55896106828,3771.11865234375,,,,,,,,,,
135,2,20.0,0.0,32.0,32.0,0.3253841400146484,0.0,74.0,0.0,0.0,0.0,0.0,0.0,0.0,0.0,0.0,0.0,0.6,0.0033914772,1.0,0.663278604138396,0.0,0.0,0.0,,,,,,0.0,,,,,1125.3776269732043,3782.58349609375,,,,,,,,,,
136,2,21.0,0.0,32.0,32.0,0.4669342041015625,0.0,74.0,0.0,0.0,0.0,0.0,0.0,0.0,0.0,0.0,0.0,0.6,0.0033914772,1.0,0.6596227381282543,0.0,0.0,0.0,,,,,,0.0,,,,,1133.6271680193022,3777.25927734375,,,,,,,,,,
137,2,22.0,0.0,32.0,32.0,0.2233104705810547,0.0,74.0,0.0,0.0,0.0,0.0,0.0,0.0,0.0,0.0,0.0,0.6,0.0033914772,1.0,0.6630026441962232,0.0,0.0,0.0,,,,,,0.0,,,,,1097.0759380143136,3770.30419921875,,,,,,,,,,
138,2,23.0,0.0,32.0,32.0,0.3551101684570312,0.0,74.0,0.0,0.0,0.0,0.0,0.0,0.0,0.0,0.0,0.0,0.6,0.0033914772,1.0,0.6648056329838722,0.0,0.0,0.0,,,,,,0.0,,,,,1119.41428296268,3771.11865234375,,,,,,,,,,
139,2,24.0,0.0,32.0,32.0,0.4479732513427734,0.0,74.0,0.0,0.0,0.0,0.0,0.0,0.0,0.0,0.0,0.0,0.6,0.0033914772,1.0,0.6622384967217246,0.0,0.0,0.0,,,,,,0.0,,,,,1143.0443540448323,3770.30419921875,,,,,,,,,,
140,2,25.0,0.0,32.0,32.0,0.4292564392089844,0.0,74.0,0.0,0.0,0.0,0.0,0.0,0.0,0.0,0.0,0.0,0.6,0.0033914772,1.0,0.6591097840321509,0.0,0.0,0.0,,,,,,0.0,,,,,1110.129893058911,3761.60107421875,,,,,,,,,,
141,2,26.0,0.0,32.0,32.0,0.4512901306152344,0.0,74.0,0.0,0.0,0.0,0.0,0.0,0.0,0.0,0.0,0.0,0.6,0.0033914772,1.0,0.6604045653457383,0.0,0.0,0.0,,,,,,0.0,,,,,1144.1498670028525,3761.60107421875,,,,,,,,,,
142,2,27.0,0.0,32.0,32.0,0.2366714477539062,0.0,74.0,0.0,0.0,0.0,0.0,0.0,0.0,0.0,0.0,0.0,0.6,0.0033914772,1.0,0.6674757714427244,0.0,0.0,0.0,,,,,,0.0,,,,,1153.7124619353565,3777.25927734375,,,,,,,,,,
143,2,28.0,0.0,32.0,32.0,0.3753604888916015,0.0,74.0,0.0,0.0,0.0,0.0,0.0,0.0,0.0,0.0,0.0,0.6,0.0033914772,1.0,0.6645145275765619,0.0,0.0,0.0,,,,,,0.0,,,,,1197.7264110464605,3768.77294921875,,,,,,,,,,
144,2,29.0,0.0,32.0,32.0,0.3469257354736328,0.0,74.0,0.0,0.0,0.0,0.0,0.0,0.0,0.0,0.0,0.0,0.6,0.0033914772,1.0,0.6600768413229647,0.0,0.0,0.0,,,,,,0.0,,,,,1183.6878700414672,3764.46044921875,,,,,,,,,,
145,2,30.0,0.0,32.0,32.0,0.4788894653320312,0.0,74.0,0.0,0.0,0.0,0.0,0.0,0.0,0.0,0.0,0.0,0.6,0.0033914772,1.0,0.6620096808787307,0.0,0.0,0.0,,,,,,0.0,,,,,1168.5283100232482,3761.60107421875,,,,,,,,,,
146,2,31.0,0.0,32.0,32.0,0.5727329254150391,0.0,74.0,0.0,0.0,0.0,0.0,0.0,0.0,0.0,0.0,0.0,0.6,0.0033914772,1.0,0.6606639742170994,0.0,0.0,0.0,,,,,,0.0,,,,,1167.8202400216833,3775.23193359375,,,,,,,,,,
147,2,32.0,0.0,32.0,32.0,0.4055290222167969,0.0,74.0,0.0,0.0,0.0,0.0,0.0,0.0,0.0,0.0,0.0,0.6,0.0033914772,1.0,0.6636832593029041,0.0,0.0,0.0,,,,,,0.0,,,,,1135.9372680308295,3766.67724609375,,,,,,,,,,
148,2,33.0,0.0,32.0,32.0,0.468780517578125,0.0,74.0,0.0,0.0,0.0,0.0,0.0,0.0,0.0,0.0,0.0,0.6,0.0033914772,1.0,0.6635903951164054,0.0,0.0,0.0,,,,,,0.0,,,,,1174.7306319884956,3761.60107421875,,,,,,,,,,
149,2,34.0,0.0,32.0,32.0,0.3650836944580078,0.0,74.0,0.0,0.0,0.0,0.0,0.0,0.0,0.0,0.0,0.0,0.6,0.0033914772,1.0,0.6597349037612521,0.0,0.0,0.0,,,,,,0.0,,,,,1140.5940320109949,3771.11865234375,,,,,,,,,,
150,2,35.0,0.0,32.0,32.0,0.3821887969970703,0.0,74.0,0.0,0.0,0.0,0.0,0.0,0.0,0.0,0.0,0.0,0.6,0.0033914772,1.0,0.6663251000134859,0.0,0.0,0.0,,,,,,0.0,,,,,1139.3175800330937,3768.50732421875,,,,,,,,,,
151,2,36.0,0.0,32.0,32.0,0.2209892272949218,0.0,74.0,0.0,0.0,0.0,0.0,0.0,0.0,0.0,0.0,0.0,0.6,0.0033914772,1.0,0.6655735974546938,0.0,0.0,0.0,,,,,,0.0,,,,,1112.6965570729226,3768.77294921875,,,,,,,,,,
152,2,37.0,0.0,32.0,32.0,0.2833786010742187,0.0,74.0,0.0,0.0,0.0,0.0,0.0,0.0,0.0,0.0,0.0,0.6,0.0033914772,1.0,0.657127563049504,0.0,0.0,0.0,,,,,,0.0,,,,,1119.7932049399242,3770.30419921875,,,,,,,,,,
153,2,38.0,0.0,32.0,32.0,0.2669219970703125,0.0,74.0,0.0,0.0,0.0,0.0,0.0,0.0,0.0,0.0,0.0,0.6,0.0033914772,1.0,0.658561545917453,0.0,0.0,0.0,,,,,,0.0,,,,,1166.0663000075149,3780.66943359375,,,,,,,,,,
154,2,39.0,0.0,32.0,32.0,0.4444160461425781,0.0,74.0,0.0,0.0,0.0,0.0,0.0,0.0,0.0,0.0,0.0,0.6,0.0033914772,1.0,0.6578236258820641,0.0,0.0,0.0,,,,,,0.0,,,,,1144.6254149777817,3764.46044921875,,,,,,,,,,
155,2,40.0,0.0,32.0,32.0,0.4040508270263672,0.0,74.0,0.0,0.0,0.0,0.0,0.0,0.0,0.0,0.0,0.0,0.6,0.0033914772,1.0,0.6658986710922256,0.0,0.0,0.0,,,,,,0.0,,,,,1116.5624749846756,3770.08349609375,,,,,,,,,,
156,2,41.0,0.0,32.0,32.0,0.2770957946777344,0.0,74.0,0.0,0.0,0.0,0.0,0.0,0.0,0.0,0.0,0.0,0.6,0.0033914772,1.0,0.6617210956852435,0.0,0.0,0.0,,,,,,0.0,,,,,1128.9265588857234,3778.11669921875,,,,,,,,,,
157,2,42.0,0.0,32.0,32.0,0.3092212677001953,0.0,74.0,0.0,0.0,0.0,0.0,0.0,0.0,0.0,0.0,0.0,0.6,0.0033914772,1.0,0.6583344467313174,0.0,0.0,0.0,,,,,,0.0,,,,,1121.943861944601,3764.46044921875,,,,,,,,,,
158,2,43.0,0.0,32.0,32.0,0.425994873046875,0.0,74.0,0.0,0.0,0.0,0.0,0.0,0.0,0.0,0.0,0.0,0.6,0.0033914772,1.0,0.6632616253972988,0.0,0.0,0.0,,,,,,0.0,,,,,1152.6990280253813,3761.60107421875,,,,,,,,,,
159,2,44.0,0.0,32.0,32.0,0.2705631256103515,0.0,74.0,0.0,0.0,0.0,0.0,0.0,0.0,0.0,0.0,0.0,0.6,0.0033914772,1.0,0.6619213323137341,0.0,0.0,0.0,,,,,,0.0,,,,,1219.519736012444,3776.38818359375,,,,,,,,,,
160,2,45.0,0.0,32.0,32.0,0.1861810684204101,0.0,74.0,0.0,0.0,0.0,0.0,0.0,0.0,0.0,0.0,0.0,0.6,0.0033914772,1.0,0.6594806017445606,0.0,0.0,0.0,,,,,,0.0,,,,,1161.3064899574963,3765.71826171875,,,,,,,,,,
161,2,46.0,0.0,32.0,32.0,0.4333457946777344,0.0,74.0,0.0,0.0,0.0,0.0,0.0,0.0,0.0,0.0,0.0,0.6,0.0033914772,1.0,0.6613633154613736,0.0,0.0,0.0,,,,,,0.0,,,,,1133.3182959351689,3771.71240234375,,,,,,,,,,
162,2,47.0,0.0,32.0,32.0,0.4378509521484375,0.0,74.0,0.0,0.0,0.0,0.0,0.0,0.0,0.0,0.0,0.0,0.6,0.0033914772,1.0,0.6615616129184929,0.0,0.0,0.0,,,,,,0.0,,,,,1144.8183660395443,3774.37451171875,,,,,,,,,,
163,2,48.0,0.0,32.0,32.0,0.3562259674072265,0.0,74.0,0.0,0.0,0.0,0.0,0.0,0.0,0.0,0.0,0.0,0.6,0.0033914772,1.0,0.6591535354504054,0.0,0.0,0.0,,,,,,0.0,,,,,1183.5985590005291,3760.97021484375,,,,,,,,,,
164,2,49.0,0.0,32.0,32.0,0.4243431091308594,0.0,74.0,0.0,0.0,0.0,0.0,0.0,0.0,0.0,0.0,0.0,0.6,0.0033914772,1.0,0.6627442005774233,0.0,0.0,0.0,,,,,,0.0,,,,,1099.74366100505,3764.88232421875,,,,,,,,,,
165,2,50.0,0.0,32.0,32.0,0.4143352508544922,0.0,74.0,0.0,0.0,0.0,0.0,0.0,0.0,0.0,0.0,0.0,0.6,0.0033914772,1.0,0.6597579198226853,0.0,0.0,0.0,,,,,,0.0,,,,,1146.0939870448783,3774.86865234375,,,,,,,,,,
166,2,51.0,0.0,32.0,32.0,0.3750228881835937,0.0,74.0,0.0,0.0,0.0,0.0,0.0,0.0,0.0,0.0,0.0,0.6,0.0033914772,1.0,0.6642983991985278,0.0,0.0,0.0,,,,,,0.0,,,,,1137.3823910253122,3778.11669921875,,,,,,,,,,
167,2,52.0,0.0,32.0,32.0,0.3482646942138672,0.0,74.0,0.0,0.0,0.0,0.0,0.0,0.0,0.0,0.0,0.0,0.6,0.0033914772,1.0,0.658195742274569,0.0,0.0,0.0,,,,,,0.0,,,,,1170.0240490026772,3774.86865234375,,,,,,,,,,
168,2,53.0,0.0,32.0,32.0,0.3006191253662109,0.0,74.0,0.0,0.0,0.0,0.0,0.0,0.0,0.0,0.0,0.0,0.6,0.0033914772,1.0,0.6676970352885967,0.0,0.0,0.0,,,,,,0.0,,,,,1165.6370080308989,3778.11669921875,,,,,,,,,,
169,2,54.0,0.0,32.0,32.0,0.2960033416748047,0.0,74.0,0.0,0.0,0.0,0.0,0.0,0.0,0.0,0.0,0.0,0.6,0.0033914772,1.0,0.6660891658751228,0.0,0.0,0.0,,,,,,0.0,,,,,1153.1298030167818,3777.25927734375,,,,,,,,,,
170,2,55.0,0.0,32.0,32.0,0.2485542297363281,0.0,74.0,0.0,0.0,0.0,0.0,0.0,0.0,0.0,0.0,0.0,0.6,0.0033914772,1.0,0.66778132033401,0.0,0.0,0.0,,,,,,0.0,,,,,1137.6883409684524,3768.77294921875,,,,,,,,,,
171,2,56.0,0.0,32.0,32.0,0.4807548522949219,0.0,74.0,0.0,0.0,0.0,0.0,0.0,0.0,0.0,0.0,0.0,0.6,0.0033914772,1.0,0.6586288450350195,0.0,0.0,0.0,,,,,,0.0,,,,,1146.0081479744986,3775.23193359375,,,,,,,,,,
172,2,57.0,0.0,32.0,32.0,0.3545455932617187,0.0,74.0,0.0,0.0,0.0,0.0,0.0,0.0,0.0,0.0,0.0,0.6,0.0033914772,1.0,0.6604789059319734,0.0,0.0,0.0,,,,,,0.0,,,,,1157.0330270333216,3781.74951171875,,,,,,,,,,
173,2,58.0,0.0,32.0,32.0,0.3846874237060547,0.0,74.0,0.0,0.0,0.0,0.0,0.0,0.0,0.0,0.0,0.0,0.6,0.0033914772,1.0,0.6635861150394329,0.0,0.0,0.0,,,,,,0.0,,,,,1124.6679520700127,3764.46044921875,,,,,,,,,,
174,2,59.0,0.0,32.0,32.0,0.3666162490844726,0.0,74.0,0.0,0.0,0.0,0.0,0.0,0.0,0.0,0.0,0.0,0.6,0.0033914772,1.0,0.6640904125583076,0.0,0.0,0.0,,,,,,0.0,,,,,1156.9044110365212,3781.74951171875,,,,,,,,,,
175,2,60.0,0.0,32.0,32.0,0.3610525131225586,0.0,74.0,0.0,0.0,0.0,0.0,0.0,0.0,0.0,0.0,0.0,0.6,0.0033914772,1.0,0.666903270611939,0.0,0.0,0.0,,,,,,0.0,,,,,1153.3191909547895,3770.30419921875,,,,,,,,,,
176,2,61.0,0.0,32.0,32.0,0.1646003723144531,0.0,74.0,0.0,0.0,0.0,0.0,0.0,0.0,0.0,0.0,0.0,0.6,0.0033914772,1.0,0.6643552346947718,0.0,0.0,0.0,,,,,,0.0,,,,,1146.9271189998835,3771.71240234375,,,,,,,,,,
177,2,62.0,0.0,32.0,32.0,0.4177789688110351,0.0,74.0,0.0,0.0,0.0,0.0,0.0,0.0,0.0,0.0,0.0,0.6,0.0033914772,1.0,0.6664725359277345,0.0,0.0,0.0,,,,,,0.0,,,,,1151.7149819992485,3770.30419921875,,,,,,,,,,
178,2,63.0,0.0,32.0,32.0,0.3509082794189453,0.0,74.0,0.0,0.0,0.0,0.0,0.0,0.0,0.0,0.0,0.0,0.6,0.0033914772,1.0,0.6665322679670012,0.0,0.0,0.0,,,,,,0.0,,,,,1179.0111029986292,3768.90576171875,,,,,,,,,,
179,2,64.0,0.0,32.0,32.0,0.5573434829711914,0.0,74.0,0.0,0.0,0.0,0.0,0.0,0.0,0.0,0.0,0.0,0.6,0.0033914772,1.0,0.662336334939246,0.0,0.0,0.0,,,,,,0.0,,,,,1144.2302570212632,3774.86865234375,,,,,,,,,,
180,2,65.0,0.0,32.0,32.0,0.6004848480224609,0.0,74.0,0.0,0.0,0.0,0.0,0.0,0.0,0.0,0.0,0.0,0.6,0.0033914772,1.0,0.6626738857711002,0.0,0.0,0.0,,,,,,0.0,,,,,1199.025327921845,3761.60107421875,,,,,,,,,,
181,2,66.0,0.0,32.0,32.0,0.195713996887207,0.0,74.0,0.0,0.0,0.0,0.0,0.0,0.0,0.0,0.0,0.0,0.6,0.0033914772,1.0,0.6630556310253829,0.0,0.0,0.0,,,,,,0.0,,,,,1128.824029001407,3768.77294921875,,,,,,,,,,
182,2,67.0,0.0,32.0,32.0,0.281930923461914,0.0,74.0,0.0,0.0,0.0,0.0,0.0,0.0,0.0,0.0,0.0,0.6,0.0033914772,1.0,0.6639888281161743,0.0,0.0,0.0,,,,,,0.0,,,,,1144.7088320273906,3768.90576171875,,,,,,,,,,
183,2,68.0,0.0,32.0,32.0,0.254831314086914,0.0,74.0,0.0,0.0,0.0,0.0,0.0,0.0,0.0,0.0,0.0,0.6,0.0033914772,1.0,0.6659226294241349,0.0,0.0,0.0,,,,,,0.0,,,,,1186.8393881013617,3767.47607421875,,,,,,,,,,
184,2,69.0,0.0,32.0,32.0,0.4006586074829101,0.0,74.0,0.0,0.0,0.0,0.0,0.0,0.0,0.0,0.0,0.0,0.6,0.0033914772,1.0,0.6620553557731809,0.0,0.0,0.0,,,,,,0.0,,,,,1140.3880779398603,3768.77294921875,,,,,,,,,,
185,2,70.0,0.0,32.0,32.0,0.340890884399414,0.0,74.0,0.0,0.0,0.0,0.0,0.0,0.0,0.0,0.0,0.0,0.6,0.0033914772,1.0,0.664908107366964,0.0,0.0,0.0,,,,,,0.0,,,,,1148.6081900075078,3778.80419921875,,,,,,,,,,
186,2,71.0,0.0,32.0,32.0,0.3168678283691406,0.0,74.0,0.0,0.0,0.0,0.0,0.0,0.0,0.0,0.0,0.0,0.6,0.0033914772,1.0,0.6598770007405349,0.0,0.0,0.0,,,,,,0.0,,,,,1134.1644739732146,3761.60107421875,,,,,,,,,,
187,2,72.0,0.0,32.0,32.0,0.3520259857177734,0.0,74.0,0.0,0.0,0.0,0.0,0.0,0.0,0.0,0.0,0.0,0.6,0.0033914772,1.0,0.6614992509304604,0.0,0.0,0.0,,,,,,0.0,,,,,1166.1870839307085,3777.73193359375,,,,,,,,,,
188,2,73.0,0.0,32.0,32.0,0.2947120666503906,0.0,74.0,0.0,0.0,0.0,0.0,0.0,0.0,0.0,0.0,0.0,0.6,0.0033914772,1.0,0.658076663785468,0.0,0.0,0.0,,,,,,0.0,,,,,1160.943387076259,3760.97021484375,,,,,,,,,,
189,2,74.0,0.0,32.0,32.0,0.270817756652832,0.0,74.0,0.0,0.0,0.0,0.0,0.0,0.0,0.0,0.0,0.0,0.6,0.0033914772,1.0,0.6601801379495619,0.0,0.0,0.0,,,,,,0.0,,,,,1226.3951499480754,3775.28857421875,,,,,,,,,,
190,2,75.0,0.0,32.0,32.0,0.4120616912841797,0.0,74.0,0.0,0.0,0.0,0.0,0.0,0.0,0.0,0.0,0.0,0.6,0.0033914772,1.0,0.6594624854391191,0.0,0.0,0.0,,,,,,0.0,,,,,1174.2204779293388,3765.71826171875,,,,,,,,,,
191,2,76.0,0.0,32.0,32.0,0.3192243576049804,0.0,74.0,0.0,0.0,0.0,0.0,0.0,0.0,0.0,0.0,0.0,0.6,0.0033914772,1.0,0.6658994196027027,0.0,0.0,0.0,,,,,,0.0,,,,,1166.9636380393058,3761.60107421875,,,,,,,,,,
192,2,77.0,0.0,32.0,32.0,0.3390188217163086,0.0,74.0,0.0,0.0,0.0,0.0,0.0,0.0,0.0,0.0,0.0,0.6,0.0033914772,1.0,0.6633839535674086,0.0,0.0,0.0,,,,,,0.0,,,,,1118.554221931845,3765.71826171875,,,,,,,,,,
193,2,78.0,0.0,32.0,32.0,0.1708021163940429,0.0,74.0,0.0,0.0,0.0,0.0,0.0,0.0,0.0,0.0,0.0,0.6,0.0033914772,1.0,0.6651862328866516,0.0,0.0,0.0,,,,,,0.0,,,,,1251.6534639289605,3771.11865234375,,,,,,,,,,
194,2,79.0,0.0,32.0,32.0,0.3120374679565429,0.0,74.0,0.0,0.0,0.0,0.0,0.0,0.0,0.0,0.0,0.0,0.6,0.0033914772,1.0,0.6651368249732594,0.0,0.0,0.0,,,,,,0.0,,,,,1131.756801973097,3774.37451171875,,,,,,,,,,
195,2,80.0,0.0,32.0,32.0,0.3203763961791992,0.0,74.0,0.0,0.0,0.0,0.0,0.0,0.0,0.0,0.0,0.0,0.6,0.0033914772,1.0,0.6594139631791344,0.0,0.0,0.0,,,,,,0.0,,,,,1166.7840069858355,3761.60107421875,,,,,,,,,,
196,2,81.0,0.0,32.0,32.0,0.416844367980957,0.0,74.0,0.0,0.0,0.0,0.0,0.0,0.0,0.0,0.0,0.0,0.6,0.0033914772,1.0,0.664665841295752,0.0,0.0,0.0,,,,,,0.0,,,,,1168.2436269475147,3774.37451171875,,,,,,,,,,
197,2,82.0,0.0,32.0,32.0,0.3272256851196289,0.0,74.0,0.0,0.0,0.0,0.0,0.0,0.0,0.0,0.0,0.0,0.6,0.0033914772,1.0,0.6685218053280079,0.0,0.0,0.0,,,,,,0.0,,,,,1144.436598056927,3766.67724609375,,,,,,,,,,
198,2,83.0,0.0,32.0,32.0,0.2909250259399414,0.0,74.0,0.0,0.0,0.0,0.0,0.0,0.0,0.0,0.0,0.0,0.6,0.0033914772,1.0,0.6661140211865251,0.0,0.0,0.0,,,,,,0.0,,,,,1132.6320740627125,3774.86865234375,,,,,,,,,,
199,2,84.0,0.0,32.0,32.0,0.3494501113891601,0.0,74.0,0.0,0.0,0.0,0.0,0.0,0.0,0.0,0.0,0.0,0.6,0.0033914772,1.0,0.6556918901033872,0.0,0.0,0.0,,,,,,0.0,,,,,1231.7999090300873,3774.37451171875,,,,,,,,,,
200,2,85.0,0.0,32.0,32.0,0.3225555419921875,0.0,74.0,0.0,0.0,0.0,0.0,0.0,0.0,0.0,0.0,0.0,0.6,0.0033914772,1.0,0.6639227662852266,0.0,0.0,0.0,,,,,,0.0,,,,,1126.1105249868706,3774.73974609375,,,,,,,,,,
201,2,86.0,0.0,32.0,32.0,0.2275848388671875,0.0,74.0,0.0,0.0,0.0,0.0,0.0,0.0,0.0,0.0,0.0,0.6,0.0033914772,1.0,0.6619045699292639,0.0,0.0,0.0,,,,,,0.0,,,,,1155.624962062575,3761.34130859375,,,,,,,,,,
202,2,87.0,0.0,32.0,32.0,0.2442636489868164,0.0,74.0,0.0,0.0,0.0,0.0,0.0,0.0,0.0,0.0,0.0,0.6,0.0033914772,1.0,0.6613959844204528,0.0,0.0,0.0,,,,,,0.0,,,,,1126.9644220592454,3761.60107421875,,,,,,,,,,
203,2,88.0,0.0,32.0,32.0,0.3887481689453125,0.0,74.0,0.0,0.0,0.0,0.0,0.0,0.0,0.0,0.0,0.0,0.6,0.0033914772,1.0,0.6617282607066431,0.0,0.0,0.0,,,,,,0.0,,,,,1140.1110660517588,3766.67724609375,,,,,,,,,,
204,2,89.0,0.0,32.0,32.0,0.300943374633789,0.0,74.0,0.0,0.0,0.0,0.0,0.0,0.0,0.0,0.0,0.0,0.6,0.0033914772,1.0,0.6648258253269967,0.0,0.0,0.0,,,,,,0.0,,,,,1199.720075004734,3774.37451171875,,,,,,,,,,
205,2,90.0,0.0,32.0,32.0,0.4736156463623047,0.0,74.0,0.0,0.0,0.0,0.0,0.0,0.0,0.0,0.0,0.0,0.6,0.0033914772,1.0,0.6666544655798853,0.0,0.0,0.0,,,,,,0.0,,,,,1174.6696319896728,3778.11669921875,,,,,,,,,,
206,2,91.0,0.0,32.0,32.0,0.2630434036254883,0.0,74.0,0.0,0.0,0.0,0.0,0.0,0.0,0.0,0.0,0.0,0.6,0.0033914772,1.0,0.663545564602921,0.0,0.0,0.0,,,,,,0.0,,,,,1126.9961019279435,3761.34130859375,,,,,,,,,,
207,2,92.0,0.0,32.0,32.0,0.398406982421875,0.0,74.0,0.0,0.0,0.0,0.0,0.0,0.0,0.0,0.0,0.0,0.6,0.0033914772,1.0,0.6661203789230212,0.0,0.0,0.0,,,,,,0.0,,,,,1137.694700038992,3767.47607421875,,,,,,,,,,
208,2,93.0,0.0,32.0,32.0,0.1880083084106445,0.0,74.0,0.0,0.0,0.0,0.0,0.0,0.0,0.0,0.0,0.0,0.6,0.0033914772,1.0,0.6666780590110444,0.0,0.0,0.0,,,,,,0.0,,,,,1139.494204078801,3774.37451171875,,,,,,,,,,
209,2,94.0,0.0,32.0,32.0,0.4776868820190429,0.0,74.0,0.0,0.0,0.0,0.0,0.0,0.0,0.0,0.0,0.0,0.6,0.0033914772,1.0,0.663745005332473,0.0,0.0,0.0,,,,,,0.0,,,,,1142.6671619992703,3777.25927734375,,,,,,,,,,
210,2,95.0,0.0,32.0,32.0,0.1660852432250976,0.0,74.0,0.0,0.0,0.0,0.0,0.0,0.0,0.0,0.0,0.0,0.6,0.0033914772,1.0,0.662199410162409,0.0,0.0,0.0,,,,,,0.0,,,,,1156.9371689110994,3761.34130859375,,,,,,,,,,
211,2,96.0,0.0,32.0,32.0,0.3075685501098633,0.0,74.0,0.0,0.0,0.0,0.0,0.0,0.0,0.0,0.0,0.0,0.6,0.0033914772,1.0,0.6624350945754246,0.0,0.0,0.0,,,,,,0.0,,,,,1150.0432119937614,3768.77294921875,,,,,,,,,,
212,2,97.0,0.0,32.0,32.0,0.2132110595703125,0.0,74.0,0.0,0.0,0.0,0.0,0.0,0.0,0.0,0.0,0.0,0.6,0.0033914772,1.0,0.6650071437864966,0.0,0.0,0.0,,,,,,0.0,,,,,1210.5032710824162,3768.77294921875,,,,,,,,,,
213,2,98.0,0.0,32.0,32.0,0.2044143676757812,0.0,74.0,0.0,0.0,0.0,0.0,0.0,0.0,0.0,0.0,0.0,0.6,0.0033914772,1.0,0.663339799101119,0.0,0.0,0.0,,,,,,0.0,,,,,1173.5581919783726,3778.11669921875,,,,,,,,,,
214,2,99.0,0.0,32.0,32.0,0.5241117477416992,0.0,74.0,0.0,0.0,0.0,0.0,0.0,0.0,0.0,0.0,0.0,0.6,0.0033914772,1.0,0.6652714152448866,0.0,0.0,0.0,,,,,,0.0,,,,,1182.4500600341707,3766.67724609375,,,,,,,,,,
215,2,100.0,0.0,32.0,32.0,0.4167842864990234,0.0,74.0,0.0,0.0,0.0,0.0,0.0,0.0,0.0,0.0,0.0,0.6,0.0033914772,1.0,0.6624887826962575,0.0,0.0,0.0,,,,,,0.0,,,,,1146.3850430445746,3768.77294921875,,,,,,,,,,
216,2,101.0,0.0,32.0,32.0,0.4641790390014648,0.0,74.0,0.0,0.0,0.0,0.0,0.0,0.0,0.0,0.0,0.0,0.6,0.0033914772,1.0,0.6638511262829616,0.0,0.0,0.0,,,,,,0.0,,,,,1173.8924119854346,3771.71240234375,,,,,,,,,,
217,2,102.0,0.0,32.0,32.0,0.4618787765502929,0.0,74.0,0.0,0.0,0.0,0.0,0.0,0.0,0.0,0.0,0.0,0.6,0.0033914772,1.0,0.6655721299886002,0.0,0.0,0.0,,,,,,0.0,,,,,1152.0239359233528,3764.46044921875,,,,,,,,,,
218,2,103.0,0.0,32.0,32.0,0.1613502502441406,0.0,74.0,0.0,0.0,0.0,0.0,0.0,0.0,0.0,0.0,0.0,0.6,0.0033914772,1.0,0.6597141328622107,0.0,0.0,0.0,,,,,,0.0,,,,,1199.4327630382031,3761.60107421875,,,,,,,,,,
219,2,104.0,0.0,32.0,32.0,0.2619781494140625,0.0,74.0,0.0,0.0,0.0,0.0,0.0,0.0,0.0,0.0,0.0,0.6,0.0033914772,1.0,0.6618955785996694,0.0,0.0,0.0,,,,,,0.0,,,,,1120.2006910461932,3761.60107421875,,,,,,,,,,
220,2,105.0,0.0,32.0,32.0,0.366607666015625,0.0,74.0,0.0,0.0,0.0,0.0,0.0,0.0,0.0,0.0,0.0,0.6,0.0033914772,1.0,0.6644239194314194,0.0,0.0,0.0,,,,,,0.0,,,,,1175.1865340629593,3774.86865234375,,,,,,,,,,
221,2,106.0,0.0,32.0,32.0,0.2894792556762695,0.0,74.0,0.0,0.0,0.0,0.0,0.0,0.0,0.0,0.0,0.0,0.6,0.0033914772,1.0,0.6546949424948849,0.0,0.0,0.0,,,,,,0.0,,,,,1148.1520619709045,3769.86474609375,,,,,,,,,,
222,2,107.0,0.0,32.0,32.0,0.2975749969482422,0.0,74.0,0.0,0.0,0.0,0.0,0.0,0.0,0.0,0.0,0.0,0.6,0.0033914772,1.0,0.6655010161271826,0.0,0.0,0.0,,,,,,0.0,,,,,1142.3826880054548,3761.60107421875,,,,,,,,,,
223,2,108.0,0.0,32.0,32.0,0.3535327911376953,0.0,74.0,0.0,0.0,0.0,0.0,0.0,0.0,0.0,0.0,0.0,0.6,0.0033914772,1.0,0.6632949552465572,0.0,0.0,0.0,,,,,,0.0,,,,,1225.4492200445384,3768.77294921875,,,,,,,,,,
224,2,109.0,0.0,32.0,32.0,0.4015541076660156,0.0,74.0,0.0,0.0,0.0,0.0,0.0,0.0,0.0,0.0,0.0,0.6,0.0033914772,1.0,0.6653057256693367,0.0,0.0,0.0,,,,,,0.0,,,,,1163.2616689894348,3765.71826171875,,,,,,,,,,
225,2,110.0,0.0,32.0,32.0,0.2954826354980469,0.0,74.0,0.0,0.0,0.0,0.0,0.0,0.0,0.0,0.0,0.0,0.6,0.0033914772,1.0,0.6630917222464672,0.0,0.0,0.0,,,,,,0.0,,,,,1167.0422409661114,3767.47607421875,,,,,,,,,,
226,2,111.0,0.0,32.0,32.0,0.1961288452148437,0.0,74.0,0.0,0.0,0.0,0.0,0.0,0.0,0.0,0.0,0.0,0.6,0.0033914772,1.0,0.6668502600815884,0.0,0.0,0.0,,,,,,0.0,,,,,1155.5965789593756,3768.90576171875,,,,,,,,,,
227,2,112.0,0.0,32.0,32.0,0.2241668701171875,0.0,74.0,0.0,0.0,0.0,0.0,0.0,0.0,0.0,0.0,0.0,0.6,0.0033914772,1.0,0.6668971176604207,0.0,0.0,0.0,,,,,,0.0,,,,,1135.1218899944795,3774.37451171875,,,,,,,,,,
228,2,113.0,0.0,32.0,32.0,0.2564849853515625,0.0,74.0,0.0,0.0,0.0,0.0,0.0,0.0,0.0,0.0,0.0,0.6,0.0033914772,1.0,0.6678917496918132,0.0,0.0,0.0,,,,,,0.0,,,,,1151.901560020633,3761.60107421875,,,,,,,,,,
229,2,114.0,0.0,32.0,32.0,0.1477165222167968,0.0,74.0,0.0,0.0,0.0,0.0,0.0,0.0,0.0,0.0,0.0,0.6,0.0033914772,1.0,0.663099595511909,0.0,0.0,0.0,,,,,,0.0,,,,,1160.9277309617028,3764.46044921875,,,,,,,,,,
230,2,115.0,0.0,20.0,20.0,0.1857177734375,0.0,74.0,0.0,0.0,0.0,0.0,0.0,0.0,0.0,0.0,0.0,0.6,0.0033914772,1.0,0.6596313046209503,0.0,0.0,0.0,,,,,,0.0,,,,,951.7950429581106,3323.12109375,,,,,,,,,,
230,2,,1.0,32.0,32.0,,,,,,,,,,,,,,,1.0,0.6596313046209503,0.0,0.0,0.0,,,,,,0.0,,,,,951.7950429581106,3323.12109375,0.8578431372549019,0.4326501935720444,0.8529411764705882,0.4177474562938397,0.8909487459105779,0.2590125505367051,0.033105608655676,0.8944929116684842,0.2485653761288394,0.041551735197896
231,3,1.0,0.0,32.0,32.0,0.1879701614379882,0.0,74.0,0.0,0.0,0.0,0.0,0.0,0.0,0.0,0.0,0.0,0.6,0.0033914772,1.0,0.6603743446516078,0.0,0.0,0.0,,,,,,0.0,,,,,1130.675391992554,3761.60107421875,,,,,,,,,,
232,3,2.0,0.0,32.0,32.0,0.3851461410522461,0.0,74.0,0.0,0.0,0.0,0.0,0.0,0.0,0.0,0.0,0.0,0.6,0.0033914772,1.0,0.660080800079989,0.0,0.0,0.0,,,,,,0.0,,,,,1152.3646449204534,3775.23193359375,,,,,,,,,,
233,3,3.0,0.0,32.0,32.0,0.2005081176757812,0.0,74.0,0.0,0.0,0.0,0.0,0.0,0.0,0.0,0.0,0.0,0.6,0.0033914772,1.0,0.6633329891209039,0.0,0.0,0.0,,,,,,0.0,,,,,1173.7243729876354,3774.37451171875,,,,,,,,,,
234,3,4.0,0.0,32.0,32.0,0.2688665390014648,0.0,74.0,0.0,0.0,0.0,0.0,0.0,0.0,0.0,0.0,0.0,0.6,0.0033914772,1.0,0.6625680605413306,0.0,0.0,0.0,,,,,,0.0,,,,,1142.811586963944,3768.90576171875,,,,,,,,,,
235,3,5.0,0.0,32.0,32.0,0.4264211654663086,0.0,74.0,0.0,0.0,0.0,0.0,0.0,0.0,0.0,0.0,0.0,0.6,0.0033914772,1.0,0.6625484370370457,0.0,0.0,0.0,,,,,,0.0,,,,,1129.091736045666,3768.77294921875,,,,,,,,,,
236,3,6.0,0.0,32.0,32.0,0.1102266311645507,0.0,74.0,0.0,0.0,0.0,0.0,0.0,0.0,0.0,0.0,0.0,0.6,0.0033914772,1.0,0.6648119813956677,0.0,0.0,0.0,,,,,,0.0,,,,,1157.317865989171,3771.11865234375,,,,,,,,,,
237,3,7.0,0.0,32.0,32.0,0.3536128997802734,0.0,74.0,0.0,0.0,0.0,0.0,0.0,0.0,0.0,0.0,0.0,0.6,0.0033914772,1.0,0.6669306118710315,0.0,0.0,0.0,,,,,,0.0,,,,,1162.797762081027,3765.71826171875,,,,,,,,,,
238,3,8.0,0.0,32.0,32.0,0.3369522094726562,0.0,74.0,0.0,0.0,0.0,0.0,0.0,0.0,0.0,0.0,0.0,0.6,0.0033914772,1.0,0.657700844186454,0.0,0.0,0.0,,,,,,0.0,,,,,1182.7715639956295,3777.25927734375,,,,,,,,,,
239,3,9.0,0.0,32.0,32.0,0.5303878784179688,0.0,74.0,0.0,0.0,0.0,0.0,0.0,0.0,0.0,0.0,0.0,0.6,0.0033914772,1.0,0.6575086098758721,0.0,0.0,0.0,,,,,,0.0,,,,,1187.0171199552717,3781.74951171875,,,,,,,,,,
240,3,10.0,0.0,32.0,32.0,0.6129493713378906,0.0,74.0,0.0,0.0,0.0,0.0,0.0,0.0,0.0,0.0,0.0,0.6,0.0033914772,1.0,0.6581380426720131,0.0,0.0,0.0,,,,,,0.0,,,,,1132.202117005363,3778.80419921875,,,,,,,,,,
241,3,11.0,0.0,32.0,32.0,0.5206003189086914,0.0,74.0,0.0,0.0,0.0,0.0,0.0,0.0,0.0,0.0,0.0,0.6,0.0033914772,1.0,0.6599760881711547,0.0,0.0,0.0,,,,,,0.0,,,,,1192.4770030891525,3777.25927734375,,,,,,,,,,
242,3,12.0,0.0,32.0,32.0,0.3077907562255859,0.0,74.0,0.0,0.0,0.0,0.0,0.0,0.0,0.0,0.0,0.0,0.6,0.0033914772,1.0,0.6620001839134048,0.0,0.0,0.0,,,,,,0.0,,,,,1105.0540300784633,3764.46044921875,,,,,,,,,,
243,3,13.0,0.0,32.0,32.0,0.2847986221313476,0.0,74.0,0.0,0.0,0.0,0.0,0.0,0.0,0.0,0.0,0.0,0.6,0.0033914772,1.0,0.669159431052686,0.0,0.0,0.0,,,,,,0.0,,,,,1176.586261019111,3774.37451171875,,,,,,,,,,
244,3,14.0,0.0,32.0,32.0,0.2121763229370117,0.0,74.0,0.0,0.0,0.0,0.0,0.0,0.0,0.0,0.0,0.0,0.6,0.0033914772,1.0,0.6662955910025831,0.0,0.0,0.0,,,,,,0.0,,,,,1169.1531139658764,3765.71826171875,,,,,,,,,,
245,3,15.0,0.0,32.0,32.0,0.3255605697631836,0.0,74.0,0.0,0.0,0.0,0.0,0.0,0.0,0.0,0.0,0.0,0.6,0.0033914772,1.0,0.665643793191437,0.0,0.0,0.0,,,,,,0.0,,,,,1195.7745640538633,3774.09130859375,,,,,,,,,,
246,3,16.0,0.0,32.0,32.0,0.1210317611694336,0.0,74.0,0.0,0.0,0.0,0.0,0.0,0.0,0.0,0.0,0.0,0.6,0.0033914772,1.0,0.6643236733374179,0.0,0.0,0.0,,,,,,0.0,,,,,1126.3493649894372,3774.86865234375,,,,,,,,,,
247,3,17.0,0.0,32.0,32.0,0.0978517532348632,0.0,74.0,0.0,0.0,0.0,0.0,0.0,0.0,0.0,0.0,0.0,0.6,0.0033914772,1.0,0.6675534703815665,0.0,0.0,0.0,,,,,,0.0,,,,,1172.53391596023,3774.73974609375,,,,,,,,,,
248,3,18.0,0.0,32.0,32.0,0.1141433715820312,0.0,74.0,0.0,0.0,0.0,0.0,0.0,0.0,0.0,0.0,0.0,0.6,0.0033914772,1.0,0.6659548391737871,0.0,0.0,0.0,,,,,,0.0,,,,,1139.2739809816703,3770.30419921875,,,,,,,,,,
249,3,19.0,0.0,32.0,32.0,0.122838020324707,0.0,74.0,0.0,0.0,0.0,0.0,0.0,0.0,0.0,0.0,0.0,0.6,0.0033914772,1.0,0.6632545681731611,0.0,0.0,0.0,,,,,,0.0,,,,,1169.3868009606376,3763.53857421875,,,,,,,,,,
250,3,20.0,0.0,32.0,32.0,0.1376075744628906,0.0,74.0,0.0,0.0,0.0,0.0,0.0,0.0,0.0,0.0,0.0,0.6,0.0033914772,1.0,0.6630370115083674,0.0,0.0,0.0,,,,,,0.0,,,,,1201.580029912293,3775.28857421875,,,,,,,,,,
251,3,21.0,0.0,32.0,32.0,0.1123428344726562,0.0,74.0,0.0,0.0,0.0,0.0,0.0,0.0,0.0,0.0,0.0,0.6,0.0033914772,1.0,0.6604682363562213,0.0,0.0,0.0,,,,,,0.0,,,,,1132.581152021885,3761.60107421875,,,,,,,,,,
252,3,22.0,0.0,32.0,32.0,0.5803194046020508,0.0,74.0,0.0,0.0,0.0,0.0,0.0,0.0,0.0,0.0,0.0,0.6,0.0033914772,1.0,0.6603621562366053,0.0,0.0,0.0,,,,,,0.0,,,,,1165.5210420722142,3761.60107421875,,,,,,,,,,
253,3,23.0,0.0,32.0,32.0,0.1539373397827148,0.0,74.0,0.0,0.0,0.0,0.0,0.0,0.0,0.0,0.0,0.0,0.6,0.0033914772,1.0,0.6653483608131778,0.0,0.0,0.0,,,,,,0.0,,,,,1197.152535081841,3770.30419921875,,,,,,,,,,
254,3,24.0,0.0,32.0,32.0,0.3184289932250976,0.0,74.0,0.0,0.0,0.0,0.0,0.0,0.0,0.0,0.0,0.0,0.6,0.0033914772,1.0,0.6691210500026984,0.0,0.0,0.0,,,,,,0.0,,,,,1182.7351070242005,3769.86474609375,,,,,,,,,,
255,3,25.0,0.0,32.0,32.0,0.1480484008789062,0.0,74.0,0.0,0.0,0.0,0.0,0.0,0.0,0.0,0.0,0.0,0.6,0.0033914772,1.0,0.6650744250357811,0.0,0.0,0.0,,,,,,0.0,,,,,1124.7612220468,3764.46044921875,,,,,,,,,,
256,3,26.0,0.0,32.0,32.0,0.1838903427124023,0.0,74.0,0.0,0.0,0.0,0.0,0.0,0.0,0.0,0.0,0.0,0.6,0.0033914772,1.0,0.6614977736347604,0.0,0.0,0.0,,,,,,0.0,,,,,1174.54239691142,3778.11669921875,,,,,,,,,,
257,3,27.0,0.0,32.0,32.0,0.2370195388793945,0.0,74.0,0.0,0.0,0.0,0.0,0.0,0.0,0.0,0.0,0.0,0.6,0.0033914772,1.0,0.6691843903268342,0.0,0.0,0.0,,,,,,0.0,,,,,1177.6665470097214,3774.37451171875,,,,,,,,,,
258,3,28.0,0.0,32.0,32.0,0.0945634841918945,0.0,74.0,0.0,0.0,0.0,0.0,0.0,0.0,0.0,0.0,0.0,0.6,0.0033914772,1.0,0.6625552135448223,0.0,0.0,0.0,,,,,,0.0,,,,,1180.6541490368545,3770.08349609375,,,,,,,,,,
259,3,29.0,0.0,32.0,32.0,0.0890970230102539,0.0,74.0,0.0,0.0,0.0,0.0,0.0,0.0,0.0,0.0,0.0,0.6,0.0033914772,1.0,0.6611337901239712,0.0,0.0,0.0,,,,,,0.0,,,,,1119.7342179948464,3770.30419921875,,,,,,,,,,
260,3,30.0,0.0,32.0,32.0,0.0987024307250976,0.0,74.0,0.0,0.0,0.0,0.0,0.0,0.0,0.0,0.0,0.0,0.6,0.0033914772,1.0,0.6606189584069629,0.0,0.0,0.0,,,,,,0.0,,,,,1177.9333399608731,3768.50732421875,,,,,,,,,,
261,3,31.0,0.0,32.0,32.0,0.1671414375305175,0.0,74.0,0.0,0.0,0.0,0.0,0.0,0.0,0.0,0.0,0.0,0.6,0.0033914772,1.0,0.6615606232631789,0.0,0.0,0.0,,,,,,0.0,,,,,1140.958859003149,3775.23193359375,,,,,,,,,,
262,3,32.0,0.0,32.0,32.0,0.2435188293457031,0.0,74.0,0.0,0.0,0.0,0.0,0.0,0.0,0.0,0.0,0.0,0.6,0.0033914772,1.0,0.6648942819540967,0.0,0.0,0.0,,,,,,0.0,,,,,1150.375411962159,3766.67724609375,,,,,,,,,,
263,3,33.0,0.0,32.0,32.0,0.098118782043457,0.0,74.0,0.0,0.0,0.0,0.0,0.0,0.0,0.0,0.0,0.0,0.6,0.0033914772,1.0,0.6670644866122726,0.0,0.0,0.0,,,,,,0.0,,,,,1137.9786799661815,3761.60107421875,,,,,,,,,,
264,3,34.0,0.0,32.0,32.0,0.1699938774108886,0.0,74.0,0.0,0.0,0.0,0.0,0.0,0.0,0.0,0.0,0.0,0.6,0.0033914772,1.0,0.661530208489969,0.0,0.0,0.0,,,,,,0.0,,,,,1131.133605958894,3768.77294921875,,,,,,,,,,
265,3,35.0,0.0,32.0,32.0,0.1968588829040527,0.0,74.0,0.0,0.0,0.0,0.0,0.0,0.0,0.0,0.0,0.0,0.6,0.0033914772,1.0,0.6689787601822353,0.0,0.0,0.0,,,,,,0.0,,,,,1154.1040251031518,3780.66943359375,,,,,,,,,,
266,3,36.0,0.0,32.0,32.0,0.3772945404052734,0.0,74.0,0.0,0.0,0.0,0.0,0.0,0.0,0.0,0.0,0.0,0.6,0.0033914772,1.0,0.6639303954159538,0.0,0.0,0.0,,,,,,0.0,,,,,1148.6891630338505,3761.60107421875,,,,,,,,,,
267,3,37.0,0.0,32.0,32.0,0.3364906311035156,0.0,74.0,0.0,0.0,0.0,0.0,0.0,0.0,0.0,0.0,0.0,0.6,0.0033914772,1.0,0.6605881353309478,0.0,0.0,0.0,,,,,,0.0,,,,,1176.7591489478946,3761.60107421875,,,,,,,,,,
268,3,38.0,0.0,32.0,32.0,0.3600444793701172,0.0,74.0,0.0,0.0,0.0,0.0,0.0,0.0,0.0,0.0,0.0,0.6,0.0033914772,1.0,0.6625468785434153,0.0,0.0,0.0,,,,,,0.0,,,,,1188.4494479745626,3767.47607421875,,,,,,,,,,
269,3,39.0,0.0,32.0,32.0,0.0628089904785156,0.0,74.0,0.0,0.0,0.0,0.0,0.0,0.0,0.0,0.0,0.0,0.6,0.0033914772,1.0,0.6634692588197632,0.0,0.0,0.0,,,,,,0.0,,,,,1190.1770799886435,3764.46044921875,,,,,,,,,,
270,3,40.0,0.0,32.0,32.0,0.3042488098144531,0.0,74.0,0.0,0.0,0.0,0.0,0.0,0.0,0.0,0.0,0.0,0.6,0.0033914772,1.0,0.6674071870863435,0.0,0.0,0.0,,,,,,0.0,,,,,1109.0977140702307,3760.97021484375,,,,,,,,,,
271,3,41.0,0.0,32.0,32.0,0.1452445983886718,0.0,74.0,0.0,0.0,0.0,0.0,0.0,0.0,0.0,0.0,0.0,0.6,0.0033914772,1.0,0.6557245869353414,0.0,0.0,0.0,,,,,,0.0,,,,,1110.910070943646,3770.30419921875,,,,,,,,,,
272,3,42.0,0.0,32.0,32.0,0.1175966262817382,0.0,74.0,0.0,0.0,0.0,0.0,0.0,0.0,0.0,0.0,0.0,0.6,0.0033914772,1.0,0.6594833815551283,0.0,0.0,0.0,,,,,,0.0,,,,,1140.374763053842,3774.86865234375,,,,,,,,,,
273,3,43.0,0.0,32.0,32.0,0.3465070724487304,0.0,74.0,0.0,0.0,0.0,0.0,0.0,0.0,0.0,0.0,0.0,0.6,0.0033914772,1.0,0.6563713603417483,0.0,0.0,0.0,,,,,,0.0,,,,,1194.356353022158,3765.71826171875,,,,,,,,,,
274,3,44.0,0.0,32.0,32.0,0.251312255859375,0.0,74.0,0.0,0.0,0.0,0.0,0.0,0.0,0.0,0.0,0.0,0.6,0.0033914772,1.0,0.666741462747806,0.0,0.0,0.0,,,,,,0.0,,,,,1158.5504519753158,3771.11865234375,,,,,,,,,,
275,3,45.0,0.0,32.0,32.0,0.0324382781982421,0.0,74.0,0.0,0.0,0.0,0.0,0.0,0.0,0.0,0.0,0.0,0.6,0.0033914772,1.0,0.6700044087439745,0.0,0.0,0.0,,,,,,0.0,,,,,1185.982727096416,3766.67724609375,,,,,,,,,,
276,3,46.0,0.0,32.0,32.0,0.1276016235351562,0.0,74.0,0.0,0.0,0.0,0.0,0.0,0.0,0.0,0.0,0.0,0.6,0.0033914772,1.0,0.6620071178941218,0.0,0.0,0.0,,,,,,0.0,,,,,1170.1097709592432,3782.58349609375,,,,,,,,,,
277,3,47.0,0.0,32.0,32.0,0.1928811073303222,0.0,74.0,0.0,0.0,0.0,0.0,0.0,0.0,0.0,0.0,0.0,0.6,0.0033914772,1.0,0.6655194381052778,0.0,0.0,0.0,,,,,,0.0,,,,,1141.7401100043207,3767.47607421875,,,,,,,,,,
278,3,48.0,0.0,32.0,32.0,0.5487823486328125,0.0,74.0,0.0,0.0,0.0,0.0,0.0,0.0,0.0,0.0,0.0,0.6,0.0033914772,1.0,0.6598952380117971,0.0,0.0,0.0,,,,,,0.0,,,,,1194.4965380243957,3761.34130859375,,,,,,,,,,
279,3,49.0,0.0,32.0,32.0,0.2293386459350586,0.0,74.0,0.0,0.0,0.0,0.0,0.0,0.0,0.0,0.0,0.0,0.6,0.0033914772,1.0,0.6666722112258768,0.0,0.0,0.0,,,,,,0.0,,,,,1185.3014579974115,3778.80419921875,,,,,,,,,,
280,3,50.0,0.0,32.0,32.0,0.3046088218688965,0.0,74.0,0.0,0.0,0.0,0.0,0.0,0.0,0.0,0.0,0.0,0.6,0.0033914772,1.0,0.6564895528091695,0.0,0.0,0.0,,,,,,0.0,,,,,1210.4820830281824,3771.71240234375,,,,,,,,,,
281,3,51.0,0.0,32.0,32.0,0.3639507293701172,0.0,74.0,0.0,0.0,0.0,0.0,0.0,0.0,0.0,0.0,0.0,0.6,0.0033914772,1.0,0.6607636558169122,0.0,0.0,0.0,,,,,,0.0,,,,,1134.5566279487684,3770.08349609375,,,,,,,,,,
282,3,52.0,0.0,32.0,32.0,0.4255738258361816,0.0,74.0,0.0,0.0,0.0,0.0,0.0,0.0,0.0,0.0,0.0,0.6,0.0033914772,1.0,0.6572272427125772,0.0,0.0,0.0,,,,,,0.0,,,,,1089.0645500039682,3761.60107421875,,,,,,,,,,
283,3,53.0,0.0,32.0,32.0,0.2589635848999023,0.0,74.0,0.0,0.0,0.0,0.0,0.0,0.0,0.0,0.0,0.0,0.6,0.0033914772,1.0,0.6592374574993833,0.0,0.0,0.0,,,,,,0.0,,,,,646.9313909765333,3761.34130859375,,,,,,,,,,
284,3,54.0,0.0,32.0,32.0,0.0876755714416503,0.0,74.0,0.0,0.0,0.0,0.0,0.0,0.0,0.0,0.0,0.0,0.6,0.0033914772,1.0,0.6633014946428709,0.0,0.0,0.0,,,,,,0.0,,,,,631.2955230241641,3774.86865234375,,,,,,,,,,
285,3,55.0,0.0,32.0,32.0,0.1721625328063964,0.0,74.0,0.0,0.0,0.0,0.0,0.0,0.0,0.0,0.0,0.0,0.6,0.0033914772,1.0,0.6605032286236826,0.0,0.0,0.0,,,,,,0.0,,,,,623.1620879843831,3768.77294921875,,,,,,,,,,
286,3,56.0,0.0,32.0,32.0,0.1690840721130371,0.0,74.0,0.0,0.0,0.0,0.0,0.0,0.0,0.0,0.0,0.0,0.6,0.0033914772,1.0,0.6631179596128853,0.0,0.0,0.0,,,,,,0.0,,,,,608.9039540383965,3764.46044921875,,,,,,,,,,
287,3,57.0,0.0,32.0,32.0,0.2634086608886719,0.0,74.0,0.0,0.0,0.0,0.0,0.0,0.0,0.0,0.0,0.0,0.6,0.0033914772,1.0,0.6611482182073769,0.0,0.0,0.0,,,,,,0.0,,,,,895.1586789917201,3778.11669921875,,,,,,,,,,
288,3,58.0,0.0,32.0,32.0,0.3544225692749023,0.0,74.0,0.0,0.0,0.0,0.0,0.0,0.0,0.0,0.0,0.0,0.6,0.0033914772,1.0,0.6651293526253014,0.0,0.0,0.0,,,,,,0.0,,,,,1173.4894230030477,3764.88232421875,,,,,,,,,,
289,3,59.0,0.0,32.0,32.0,0.5031976699829102,0.0,74.0,0.0,0.0,0.0,0.0,0.0,0.0,0.0,0.0,0.0,0.6,0.0033914772,1.0,0.6556657776134757,0.0,0.0,0.0,,,,,,0.0,,,,,1179.7733600251377,3761.60107421875,,,,,,,,,,
290,3,60.0,0.0,32.0,32.0,0.3815937042236328,0.0,74.0,0.0,0.0,0.0,0.0,0.0,0.0,0.0,0.0,0.0,0.6,0.0033914772,1.0,0.6608434538022528,0.0,0.0,0.0,,,,,,0.0,,,,,1119.6618169778958,3768.77294921875,,,,,,,,,,
291,3,61.0,0.0,32.0,32.0,0.0485649108886718,0.0,74.0,0.0,0.0,0.0,0.0,0.0,0.0,0.0,0.0,0.0,0.6,0.0033914772,1.0,0.6614133281795979,0.0,0.0,0.0,,,,,,0.0,,,,,1144.75898607634,3767.47607421875,,,,,,,,,,
292,3,62.0,0.0,32.0,32.0,0.4035272598266601,0.0,74.0,0.0,0.0,0.0,0.0,0.0,0.0,0.0,0.0,0.0,0.6,0.0033914772,1.0,0.6577154562003354,0.0,0.0,0.0,,,,,,0.0,,,,,1183.1302040955052,3770.30419921875,,,,,,,,,,
293,3,63.0,0.0,32.0,32.0,0.3365983963012695,0.0,74.0,0.0,0.0,0.0,0.0,0.0,0.0,0.0,0.0,0.0,0.6,0.0033914772,1.0,0.6672897406910155,0.0,0.0,0.0,,,,,,0.0,,,,,1132.754038902931,3768.77294921875,,,,,,,,,,
294,3,64.0,0.0,32.0,32.0,0.0913209915161132,0.0,74.0,0.0,0.0,0.0,0.0,0.0,0.0,0.0,0.0,0.0,0.6,0.0033914772,1.0,0.6665142492131056,0.0,0.0,0.0,,,,,,0.0,,,,,1216.01611294318,3776.38818359375,,,,,,,,,,
295,3,65.0,0.0,32.0,32.0,0.2054486274719238,0.0,74.0,0.0,0.0,0.0,0.0,0.0,0.0,0.0,0.0,0.0,0.6,0.0033914772,1.0,0.6671905081568592,0.0,0.0,0.0,,,,,,0.0,,,,,1140.7179599627852,3764.46044921875,,,,,,,,,,
296,3,66.0,0.0,32.0,32.0,0.4133033752441406,0.0,74.0,0.0,0.0,0.0,0.0,0.0,0.0,0.0,0.0,0.0,0.6,0.0033914772,1.0,0.6595603372120964,0.0,0.0,0.0,,,,,,0.0,,,,,1161.1845348961651,3768.90576171875,,,,,,,,,,
297,3,67.0,0.0,32.0,32.0,0.4303693771362304,0.0,74.0,0.0,0.0,0.0,0.0,0.0,0.0,0.0,0.0,0.0,0.6,0.0033914772,1.0,0.6640813508022861,0.0,0.0,0.0,,,,,,0.0,,,,,1178.909542970359,3777.25927734375,,,,,,,,,,
298,3,68.0,0.0,32.0,32.0,0.2335100173950195,0.0,74.0,0.0,0.0,0.0,0.0,0.0,0.0,0.0,0.0,0.0,0.6,0.0033914772,1.0,0.6582641306700175,0.0,0.0,0.0,,,,,,0.0,,,,,1159.408831037581,3770.30419921875,,,,,,,,,,
299,3,69.0,0.0,32.0,32.0,0.1683273315429687,0.0,74.0,0.0,0.0,0.0,0.0,0.0,0.0,0.0,0.0,0.0,0.6,0.0033914772,1.0,0.6583260085052819,0.0,0.0,0.0,,,,,,0.0,,,,,1144.4604409625754,3777.25927734375,,,,,,,,,,
300,3,70.0,0.0,32.0,32.0,0.0883464813232421,0.0,74.0,0.0,0.0,0.0,0.0,0.0,0.0,0.0,0.0,0.0,0.6,0.0033914772,1.0,0.6580219622342389,0.0,0.0,0.0,,,,,,0.0,,,,,1124.4109290419146,3765.71826171875,,,,,,,,,,
301,3,71.0,0.0,32.0,32.0,0.128819465637207,0.0,74.0,0.0,0.0,0.0,0.0,0.0,0.0,0.0,0.0,0.0,0.6,0.0033914772,1.0,0.6561238737536836,0.0,0.0,0.0,,,,,,0.0,,,,,1128.4445939818395,3764.88232421875,,,,,,,,,,
302,3,72.0,0.0,32.0,32.0,0.1016836166381836,0.0,74.0,0.0,0.0,0.0,0.0,0.0,0.0,0.0,0.0,0.0,0.6,0.0033914772,1.0,0.6564856250132639,0.0,0.0,0.0,,,,,,0.0,,,,,1127.147782011889,3765.71826171875,,,,,,,,,,
303,3,73.0,0.0,32.0,32.0,0.3094921112060547,0.0,74.0,0.0,0.0,0.0,0.0,0.0,0.0,0.0,0.0,0.0,0.6,0.0033914772,1.0,0.6571759115684952,0.0,0.0,0.0,,,,,,0.0,,,,,1157.6314689591527,3774.37451171875,,,,,,,,,,
304,3,74.0,0.0,32.0,32.0,0.1085414886474609,0.0,74.0,0.0,0.0,0.0,0.0,0.0,0.0,0.0,0.0,0.0,0.6,0.0033914772,1.0,0.6620986430058798,0.0,0.0,0.0,,,,,,0.0,,,,,1131.3043870031834,3768.77294921875,,,,,,,,,,
305,3,75.0,0.0,32.0,32.0,0.2248687744140625,0.0,74.0,0.0,0.0,0.0,0.0,0.0,0.0,0.0,0.0,0.0,0.6,0.0033914772,1.0,0.6631587756290966,0.0,0.0,0.0,,,,,,0.0,,,,,1158.4707029396668,3764.46044921875,,,,,,,,,,
306,3,76.0,0.0,32.0,32.0,0.2741827964782715,0.0,74.0,0.0,0.0,0.0,0.0,0.0,0.0,0.0,0.0,0.0,0.6,0.0033914772,1.0,0.6608768825766098,0.0,0.0,0.0,,,,,,0.0,,,,,1188.9082610141486,3761.60107421875,,,,,,,,,,
307,3,77.0,0.0,32.0,32.0,0.3757467269897461,0.0,74.0,0.0,0.0,0.0,0.0,0.0,0.0,0.0,0.0,0.0,0.6,0.0033914772,1.0,0.6610402591842802,0.0,0.0,0.0,,,,,,0.0,,,,,1163.0226810229942,3777.73193359375,,,,,,,,,,
308,3,78.0,0.0,32.0,32.0,0.267404556274414,0.0,74.0,0.0,0.0,0.0,0.0,0.0,0.0,0.0,0.0,0.0,0.6,0.0033914772,1.0,0.6589308658869476,0.0,0.0,0.0,,,,,,0.0,,,,,1129.0064469212666,3761.60107421875,,,,,,,,,,
309,3,79.0,0.0,32.0,32.0,0.064763069152832,0.0,74.0,0.0,0.0,0.0,0.0,0.0,0.0,0.0,0.0,0.0,0.6,0.0033914772,1.0,0.6586530662952932,0.0,0.0,0.0,,,,,,0.0,,,,,1170.9712439915163,3775.23193359375,,,,,,,,,,
310,3,80.0,0.0,32.0,32.0,0.3919377326965332,0.0,74.0,0.0,0.0,0.0,0.0,0.0,0.0,0.0,0.0,0.0,0.6,0.0033914772,1.0,0.6604054373431716,0.0,0.0,0.0,,,,,,0.0,,,,,1153.7951859645543,3761.60107421875,,,,,,,,,,
311,3,81.0,0.0,32.0,32.0,0.1601300239562988,0.0,74.0,0.0,0.0,0.0,0.0,0.0,0.0,0.0,0.0,0.0,0.6,0.0033914772,1.0,0.6645530271012288,0.0,0.0,0.0,,,,,,0.0,,,,,1185.7114830054345,3764.46044921875,,,,,,,,,,
312,3,82.0,0.0,32.0,32.0,0.1930828094482422,0.0,74.0,0.0,0.0,0.0,0.0,0.0,0.0,0.0,0.0,0.0,0.6,0.0033914772,1.0,0.6652109932613841,0.0,0.0,0.0,,,,,,0.0,,,,,1102.28157392703,3774.86865234375,,,,,,,,,,
313,3,83.0,0.0,32.0,32.0,0.1334390640258789,0.0,74.0,0.0,0.0,0.0,0.0,0.0,0.0,0.0,0.0,0.0,0.6,0.0033914772,1.0,0.6560314242441018,0.0,0.0,0.0,,,,,,0.0,,,,,1167.0876779826358,3761.34130859375,,,,,,,,,,
314,3,84.0,0.0,32.0,32.0,0.110912799835205,0.0,74.0,0.0,0.0,0.0,0.0,0.0,0.0,0.0,0.0,0.0,0.6,0.0033914772,1.0,0.664918975342499,0.0,0.0,0.0,,,,,,0.0,,,,,1207.9502269625664,3778.11669921875,,,,,,,,,,
315,3,85.0,0.0,32.0,32.0,0.3882284164428711,0.0,74.0,0.0,0.0,0.0,0.0,0.0,0.0,0.0,0.0,0.0,0.6,0.0033914772,1.0,0.6664633388311494,0.0,0.0,0.0,,,,,,0.0,,,,,1183.4507549647242,3771.11865234375,,,,,,,,,,
316,3,86.0,0.0,32.0,32.0,0.0634899139404296,0.0,74.0,0.0,0.0,0.0,0.0,0.0,0.0,0.0,0.0,0.0,0.6,0.0033914772,1.0,0.6582103312262935,0.0,0.0,0.0,,,,,,0.0,,,,,1192.467933986336,3761.60107421875,,,,,,,,,,
317,3,87.0,0.0,32.0,32.0,0.1989860534667968,0.0,74.0,0.0,0.0,0.0,0.0,0.0,0.0,0.0,0.0,0.0,0.6,0.0033914772,1.0,0.6647871585339178,0.0,0.0,0.0,,,,,,0.0,,,,,1168.7039250973612,3768.90576171875,,,,,,,,,,
318,3,88.0,0.0,32.0,32.0,0.1269092559814453,0.0,74.0,0.0,0.0,0.0,0.0,0.0,0.0,0.0,0.0,0.0,0.6,0.0033914772,1.0,0.6657502038339512,0.0,0.0,0.0,,,,,,0.0,,,,,1140.562659013085,3774.86865234375,,,,,,,,,,
319,3,89.0,0.0,32.0,32.0,0.20166015625,0.0,74.0,0.0,0.0,0.0,0.0,0.0,0.0,0.0,0.0,0.0,0.6,0.0033914772,1.0,0.6654345397147806,0.0,0.0,0.0,,,,,,0.0,,,,,1134.57108696457,3761.34130859375,,,,,,,,,,
320,3,90.0,0.0,32.0,32.0,0.1868119239807129,0.0,74.0,0.0,0.0,0.0,0.0,0.0,0.0,0.0,0.0,0.0,0.6,0.0033914772,1.0,0.669035090042631,0.0,0.0,0.0,,,,,,0.0,,,,,1151.5922909602525,3777.25927734375,,,,,,,,,,
321,3,91.0,0.0,32.0,32.0,0.2371959686279297,0.0,74.0,0.0,0.0,0.0,0.0,0.0,0.0,0.0,0.0,0.0,0.6,0.0033914772,1.0,0.6666150891968622,0.0,0.0,0.0,,,,,,0.0,,,,,1096.5221190126613,3761.60107421875,,,,,,,,,,
322,3,92.0,0.0,32.0,32.0,0.3974728584289551,0.0,74.0,0.0,0.0,0.0,0.0,0.0,0.0,0.0,0.0,0.0,0.6,0.0033914772,1.0,0.6596832794567428,0.0,0.0,0.0,,,,,,0.0,,,,,1158.8563249679282,3768.90576171875,,,,,,,,,,
323,3,93.0,0.0,32.0,32.0,0.2191658020019531,0.0,74.0,0.0,0.0,0.0,0.0,0.0,0.0,0.0,0.0,0.0,0.6,0.0033914772,1.0,0.6590007113777984,0.0,0.0,0.0,,,,,,0.0,,,,,1136.455920059234,3774.37451171875,,,,,,,,,,
324,3,94.0,0.0,32.0,32.0,0.36468505859375,0.0,74.0,0.0,0.0,0.0,0.0,0.0,0.0,0.0,0.0,0.0,0.6,0.0033914772,1.0,0.6594170435584393,0.0,0.0,0.0,,,,,,0.0,,,,,1076.6973809804767,3765.71826171875,,,,,,,,,,
325,3,95.0,0.0,32.0,32.0,0.32952880859375,0.0,74.0,0.0,0.0,0.0,0.0,0.0,0.0,0.0,0.0,0.0,0.6,0.0033914772,1.0,0.6620409626056935,0.0,0.0,0.0,,,,,,0.0,,,,,1134.9057980114594,3761.60107421875,,,,,,,,,,
326,3,96.0,0.0,32.0,32.0,0.1812367439270019,0.0,74.0,0.0,0.0,0.0,0.0,0.0,0.0,0.0,0.0,0.0,0.6,0.0033914772,1.0,0.6633099669728179,0.0,0.0,0.0,,,,,,0.0,,,,,1101.878353045322,3774.86865234375,,,,,,,,,,
327,3,97.0,0.0,32.0,32.0,0.116861343383789,0.0,74.0,0.0,0.0,0.0,0.0,0.0,0.0,0.0,0.0,0.0,0.6,0.0033914772,1.0,0.6594199474902979,0.0,0.0,0.0,,,,,,0.0,,,,,1136.2686640350148,3773.03857421875,,,,,,,,,,
328,3,98.0,0.0,32.0,32.0,0.1659140586853027,0.0,74.0,0.0,0.0,0.0,0.0,0.0,0.0,0.0,0.0,0.0,0.6,0.0033914772,1.0,0.6658884256218068,0.0,0.0,0.0,,,,,,0.0,,,,,1136.2155040260404,3761.60107421875,,,,,,,,,,
329,3,99.0,0.0,32.0,32.0,0.1403608322143554,0.0,74.0,0.0,0.0,0.0,0.0,0.0,0.0,0.0,0.0,0.0,0.6,0.0033914772,1.0,0.6626214638313939,0.0,0.0,0.0,,,,,,0.0,,,,,1222.5335279945284,3774.86865234375,,,,,,,,,,
330,3,100.0,0.0,32.0,32.0,0.2503476142883301,0.0,74.0,0.0,0.0,0.0,0.0,0.0,0.0,0.0,0.0,0.0,0.6,0.0033914772,1.0,0.665178435637567,0.0,0.0,0.0,,,,,,0.0,,,,,1184.8913689609617,3768.77294921875,,,,,,,,,,
331,3,101.0,0.0,32.0,32.0,0.1554551124572754,0.0,74.0,0.0,0.0,0.0,0.0,0.0,0.0,0.0,0.0,0.0,0.6,0.0033914772,1.0,0.6613226026867095,0.0,0.0,0.0,,,,,,0.0,,,,,1183.8790000183508,3773.03857421875,,,,,,,,,,
332,3,102.0,0.0,32.0,32.0,0.4639878273010254,0.0,74.0,0.0,0.0,0.0,0.0,0.0,0.0,0.0,0.0,0.0,0.6,0.0033914772,1.0,0.6578834571209584,0.0,0.0,0.0,,,,,,0.0,,,,,1158.939262968488,3770.30419921875,,,,,,,,,,
333,3,103.0,0.0,32.0,32.0,0.3151416778564453,0.0,74.0,0.0,0.0,0.0,0.0,0.0,0.0,0.0,0.0,0.0,0.6,0.0033914772,1.0,0.6552991109516652,0.0,0.0,0.0,,,,,,0.0,,,,,1102.1188629092649,3770.30419921875,,,,,,,,,,
334,3,104.0,0.0,32.0,32.0,0.3023219108581543,0.0,74.0,0.0,0.0,0.0,0.0,0.0,0.0,0.0,0.0,0.0,0.6,0.0033914772,1.0,0.6580021985256286,0.0,0.0,0.0,,,,,,0.0,,,,,1155.786857008934,3764.46044921875,,,,,,,,,,
335,3,105.0,0.0,32.0,32.0,0.3284969329833984,0.0,74.0,0.0,0.0,0.0,0.0,0.0,0.0,0.0,0.0,0.0,0.6,0.0033914772,1.0,0.6561859917955746,0.0,0.0,0.0,,,,,,0.0,,,,,1149.6310570510104,3770.08349609375,,,,,,,,,,
336,3,106.0,0.0,32.0,32.0,0.1995477676391601,0.0,74.0,0.0,0.0,0.0,0.0,0.0,0.0,0.0,0.0,0.0,0.6,0.0033914772,1.0,0.6670616467769962,0.0,0.0,0.0,,,,,,0.0,,,,,1104.0587070165202,3768.77294921875,,,,,,,,,,
337,3,107.0,0.0,32.0,32.0,0.2521533966064453,0.0,74.0,0.0,0.0,0.0,0.0,0.0,0.0,0.0,0.0,0.0,0.6,0.0033914772,1.0,0.6620121441927508,0.0,0.0,0.0,,,,,,0.0,,,,,1132.8025360126048,3774.86865234375,,,,,,,,,,
338,3,108.0,0.0,32.0,32.0,0.2982769012451172,0.0,74.0,0.0,0.0,0.0,0.0,0.0,0.0,0.0,0.0,0.0,0.6,0.0033914772,1.0,0.6605199422185983,0.0,0.0,0.0,,,,,,0.0,,,,,1143.8986560096964,3778.11669921875,,,,,,,,,,
339,3,109.0,0.0,32.0,32.0,0.3405828475952148,0.0,74.0,0.0,0.0,0.0,0.0,0.0,0.0,0.0,0.0,0.0,0.6,0.0033914772,1.0,0.6592268378387397,0.0,0.0,0.0,,,,,,0.0,,,,,1148.4566850122064,3761.34130859375,,,,,,,,,,
340,3,110.0,0.0,32.0,32.0,0.4179306030273437,0.0,74.0,0.0,0.0,0.0,0.0,0.0,0.0,0.0,0.0,0.0,0.6,0.0033914772,1.0,0.6608726913303645,0.0,0.0,0.0,,,,,,0.0,,,,,1146.0263909539208,3774.37451171875,,,,,,,,,,
341,3,111.0,0.0,32.0,32.0,0.2214412689208984,0.0,74.0,0.0,0.0,0.0,0.0,0.0,0.0,0.0,0.0,0.0,0.6,0.0033914772,1.0,0.6645913272736995,0.0,0.0,0.0,,,,,,0.0,,,,,1151.5346470987424,3777.25927734375,,,,,,,,,,
342,3,112.0,0.0,32.0,32.0,0.2078266143798828,0.0,74.0,0.0,0.0,0.0,0.0,0.0,0.0,0.0,0.0,0.0,0.6,0.0033914772,1.0,0.660622777705514,0.0,0.0,0.0,,,,,,0.0,,,,,1138.2101220078766,3768.77294921875,,,,,,,,,,
343,3,113.0,0.0,32.0,32.0,0.1932148933410644,0.0,74.0,0.0,0.0,0.0,0.0,0.0,0.0,0.0,0.0,0.0,0.6,0.0033914772,1.0,0.659506085988654,0.0,0.0,0.0,,,,,,0.0,,,,,1131.11416506581,3778.11669921875,,,,,,,,,,
344,3,114.0,0.0,32.0,32.0,0.3127937316894531,0.0,74.0,0.0,0.0,0.0,0.0,0.0,0.0,0.0,0.0,0.0,0.6,0.0033914772,1.0,0.6684068795406998,0.0,0.0,0.0,,,,,,0.0,,,,,1165.346777997911,3761.34130859375,,,,,,,,,,
345,3,115.0,0.0,20.0,20.0,0.2392776489257812,0.0,74.0,0.0,0.0,0.0,0.0,0.0,0.0,0.0,0.0,0.0,0.6,0.0033914772,1.0,0.6611617368595665,0.0,0.0,0.0,,,,,,0.0,,,,,976.5986890997738,3306.16015625,,,,,,,,,,
345,3,,1.0,32.0,32.0,,,,,,,,,,,,,,,1.0,0.6611617368595665,0.0,0.0,0.0,,,,,,0.0,,,,,976.5986890997738,3306.16015625,0.8872549019607843,0.3797270449308249,0.8872549019607843,0.3749937552672166,0.9604689203925844,0.1370900524375231,0.0732140184318002,0.9588331515812432,0.1397622140853301,0.0715782496204588
346,4,1.0,0.0,32.0,32.0,0.1412992477416992,0.0,74.0,0.0,0.0,0.0,0.0,0.0,0.0,0.0,0.0,0.0,0.6,0.0033914772,1.0,0.6623129062401506,0.0,0.0,0.0,,,,,,0.0,,,,,1135.9787170076745,3765.71826171875,,,,,,,,,,
347,4,2.0,0.0,32.0,32.0,0.1393756866455078,0.0,74.0,0.0,0.0,0.0,0.0,0.0,0.0,0.0,0.0,0.0,0.6,0.0033914772,1.0,0.6645113420764269,0.0,0.0,0.0,,,,,,0.0,,,,,1213.4040490491316,3771.11865234375,,,,,,,,,,
348,4,3.0,0.0,32.0,32.0,0.1369271278381347,0.0,74.0,0.0,0.0,0.0,0.0,0.0,0.0,0.0,0.0,0.0,0.6,0.0033914772,1.0,0.6595325523259266,0.0,0.0,0.0,,,,,,0.0,,,,,1216.6438109707087,3767.47607421875,,,,,,,,,,
349,4,4.0,0.0,32.0,32.0,0.0949110984802246,0.0,74.0,0.0,0.0,0.0,0.0,0.0,0.0,0.0,0.0,0.0,0.6,0.0033914772,1.0,0.6601217775148522,0.0,0.0,0.0,,,,,,0.0,,,,,1201.280599925667,3767.47607421875,,,,,,,,,,
350,4,5.0,0.0,32.0,32.0,0.1007623672485351,0.0,74.0,0.0,0.0,0.0,0.0,0.0,0.0,0.0,0.0,0.0,0.6,0.0033914772,1.0,0.6580766772190455,0.0,0.0,0.0,,,,,,0.0,,,,,1132.6432480709627,3768.77294921875,,,,,,,,,,
351,4,6.0,0.0,32.0,32.0,0.1098384857177734,0.0,74.0,0.0,0.0,0.0,0.0,0.0,0.0,0.0,0.0,0.0,0.6,0.0033914772,1.0,0.6615860368453833,0.0,0.0,0.0,,,,,,0.0,,,,,1209.8652929998934,3765.71826171875,,,,,,,,,,
352,4,7.0,0.0,32.0,32.0,0.0365667343139648,0.0,74.0,0.0,0.0,0.0,0.0,0.0,0.0,0.0,0.0,0.0,0.6,0.0033914772,1.0,0.6625761709038445,0.0,0.0,0.0,,,,,,0.0,,,,,1121.6398529941216,3760.97021484375,,,,,,,,,,
353,4,8.0,0.0,32.0,32.0,0.2136983871459961,0.0,74.0,0.0,0.0,0.0,0.0,0.0,0.0,0.0,0.0,0.0,0.6,0.0033914772,1.0,0.6674682800208717,0.0,0.0,0.0,,,,,,0.0,,,,,1159.7463049693033,3774.86865234375,,,,,,,,,,
354,4,9.0,0.0,32.0,32.0,0.1095056533813476,0.0,74.0,0.0,0.0,0.0,0.0,0.0,0.0,0.0,0.0,0.0,0.6,0.0033914772,1.0,0.6653534712439734,0.0,0.0,0.0,,,,,,0.0,,,,,1175.0550920842215,3761.60107421875,,,,,,,,,,
355,4,10.0,0.0,32.0,32.0,0.1777377128601074,0.0,74.0,0.0,0.0,0.0,0.0,0.0,0.0,0.0,0.0,0.0,0.6,0.0033914772,1.0,0.6638749566192907,0.0,0.0,0.0,,,,,,0.0,,,,,1120.6320089986548,3765.71826171875,,,,,,,,,,
356,4,11.0,0.0,32.0,32.0,0.2486653327941894,0.0,74.0,0.0,0.0,0.0,0.0,0.0,0.0,0.0,0.0,0.0,0.6,0.0033914772,1.0,0.6662634170843141,0.0,0.0,0.0,,,,,,0.0,,,,,1134.63673600927,3768.77294921875,,,,,,,,,,
357,4,12.0,0.0,32.0,32.0,0.3598599433898926,0.0,74.0,0.0,0.0,0.0,0.0,0.0,0.0,0.0,0.0,0.0,0.6,0.0033914772,1.0,0.6613557986822108,0.0,0.0,0.0,,,,,,0.0,,,,,1156.9475650321692,3778.11669921875,,,,,,,,,,
358,4,13.0,0.0,32.0,32.0,0.1715035438537597,0.0,74.0,0.0,0.0,0.0,0.0,0.0,0.0,0.0,0.0,0.0,0.6,0.0033914772,1.0,0.6710694967865658,0.0,0.0,0.0,,,,,,0.0,,,,,1169.449634035118,3778.11669921875,,,,,,,,,,
359,4,14.0,0.0,32.0,32.0,0.1981143951416015,0.0,74.0,0.0,0.0,0.0,0.0,0.0,0.0,0.0,0.0,0.0,0.6,0.0033914772,1.0,0.6682848981432487,0.0,0.0,0.0,,,,,,0.0,,,,,1127.140217111446,3774.86865234375,,,,,,,,,,
360,4,15.0,0.0,32.0,32.0,0.3291854858398437,0.0,74.0,0.0,0.0,0.0,0.0,0.0,0.0,0.0,0.0,0.0,0.6,0.0033914772,1.0,0.6618687880624916,0.0,0.0,0.0,,,,,,0.0,,,,,1189.934139023535,3774.37451171875,,,,,,,,,,
361,4,16.0,0.0,32.0,32.0,0.0235309600830078,1.0,74.0,0.0135135135135135,0.0,1.0,0.0,1.0,0.1786546250940888,0.0,0.1786546250940888,0.0,0.6,0.0033914772,1.0,0.6651132805200398,-6.514653221439659e-10,0.0,1.0,1.0,,0.5,-1.4426950249075512e-08,-9.999999889225293e-09,1.0,0.5955154169802961,,,,1161.3188189221546,3763.85107421875,,,,,,,,,,
362,4,17.0,0.0,32.0,32.0,0.1617918014526367,0.0,74.0,0.0,0.0,0.0,0.0,0.0,0.0,0.0,0.0,0.0,0.6,0.0033914772,1.0,0.6594620067192631,0.0,0.0,0.0,,,,,,0.0,,,,,1163.528101053089,3767.47607421875,,,,,,,,,,
363,4,18.0,0.0,32.0,32.0,0.0352120399475097,0.0,74.0,0.0,0.0,0.0,0.0,0.0,0.0,0.0,0.0,0.0,0.6,0.0033914772,1.0,0.6628937709646212,0.0,0.0,0.0,,,,,,0.0,,,,,1128.362330957316,3774.86865234375,,,,,,,,,,
364,4,19.0,0.0,32.0,32.0,0.1035394668579101,0.0,74.0,0.0,0.0,0.0,0.0,0.0,0.0,0.0,0.0,0.0,0.6,0.0033914772,1.0,0.6670308866641996,0.0,0.0,0.0,,,,,,0.0,,,,,1172.2664709668609,3770.08349609375,,,,,,,,,,
365,4,20.0,0.0,32.0,32.0,0.1781587600708007,0.0,74.0,0.0,0.0,0.0,0.0,0.0,0.0,0.0,0.0,0.0,0.6,0.0033914772,1.0,0.6583922115307883,0.0,0.0,0.0,,,,,,0.0,,,,,1119.0303369658068,3768.77294921875,,,,,,,,,,
366,4,21.0,0.0,32.0,32.0,0.0245251655578613,3.0,74.0,0.0405405405405405,0.0,3.0,0.0,1.0,0.16109103555008,0.0,0.16109103555008,0.0,0.6,0.0033914772,1.0000000000023546,0.6651265866607767,-1.640395753541999e-09,0.0,3.0,1.0,,0.5,-1.4426950249075512e-08,-9.999999889225293e-09,1.0,0.5370315733718608,-0.0003427425399422,0.5001713712699711,,1187.7492759376764,3773.42724609375,,,,,,,,,,
367,4,22.0,0.0,32.0,32.0,0.1728639602661132,0.0,74.0,0.0,0.0,0.0,0.0,0.0,0.0,0.0,0.0,0.0,0.6,0.0033914772,1.0,0.6618509967005703,0.0,0.0,0.0,,,,,,0.0,,,,,1199.7711380245164,3774.73974609375,,,,,,,,,,
368,4,23.0,0.0,32.0,32.0,0.3240594863891601,0.0,74.0,0.0,0.0,0.0,0.0,0.0,0.0,0.0,0.0,0.0,0.6,0.0033914772,1.0,0.6662749971567214,0.0,0.0,0.0,,,,,,0.0,,,,,1147.500709979795,3768.77294921875,,,,,,,,,,
369,4,24.0,0.0,32.0,32.0,0.1661825180053711,0.0,74.0,0.0,0.0,0.0,0.0,0.0,0.0,0.0,0.0,0.0,0.6,0.0033914772,1.0,0.6627039680952971,0.0,0.0,0.0,,,,,,0.0,,,,,1147.4729670444503,3768.50732421875,,,,,,,,,,
370,4,25.0,0.0,32.0,32.0,0.3664770126342773,0.0,74.0,0.0,0.0,0.0,0.0,0.0,0.0,0.0,0.0,0.0,0.6,0.0033914772,1.0,0.6594621407372147,0.0,0.0,0.0,,,,,,0.0,,,,,1194.083811948076,3760.97021484375,,,,,,,,,,
371,4,26.0,0.0,32.0,32.0,0.1479830741882324,0.0,74.0,0.0,0.0,0.0,0.0,0.0,0.0,0.0,0.0,0.0,0.6,0.0033914772,1.0,0.6670447746254854,0.0,0.0,0.0,,,,,,0.0,,,,,1141.931972000748,3768.77294921875,,,,,,,,,,
372,4,27.0,0.0,32.0,32.0,0.1159315109252929,0.0,74.0,0.0,0.0,0.0,0.0,0.0,0.0,0.0,0.0,0.0,0.6,0.0033914772,1.0,0.6650682111346365,0.0,0.0,0.0,,,,,,0.0,,,,,1165.4585929354653,3770.08349609375,,,,,,,,,,
373,4,28.0,0.0,32.0,32.0,0.075568675994873,0.0,74.0,0.0,0.0,0.0,0.0,0.0,0.0,0.0,0.0,0.0,0.6,0.0033914772,1.0,0.666807429746399,0.0,0.0,0.0,,,,,,0.0,,,,,1181.1835949774832,3774.86865234375,,,,,,,,,,
374,4,29.0,0.0,32.0,32.0,0.1780219078063964,0.0,74.0,0.0,0.0,0.0,0.0,0.0,0.0,0.0,0.0,0.0,0.6,0.0033914772,1.0,0.6637557827567604,0.0,0.0,0.0,,,,,,0.0,,,,,1135.3172860108316,3765.71826171875,,,,,,,,,,
375,4,30.0,0.0,32.0,32.0,0.276125431060791,0.0,74.0,0.0,0.0,0.0,0.0,0.0,0.0,0.0,0.0,0.0,0.6,0.0033914772,1.0,0.6641884994372144,0.0,0.0,0.0,,,,,,0.0,,,,,1179.046833072789,3775.23193359375,,,,,,,,,,
376,4,31.0,0.0,32.0,32.0,0.2050442695617675,0.0,74.0,0.0,0.0,0.0,0.0,0.0,0.0,0.0,0.0,0.0,0.6,0.0033914772,1.0,0.6603794578210405,0.0,0.0,0.0,,,,,,0.0,,,,,1173.8942159572616,3764.46044921875,,,,,,,,,,
377,4,32.0,0.0,32.0,32.0,0.1879463195800781,0.0,74.0,0.0,0.0,0.0,0.0,0.0,0.0,0.0,0.0,0.0,0.6,0.0033914772,1.0,0.6649212912982577,0.0,0.0,0.0,,,,,,0.0,,,,,1157.9192359931767,3777.25927734375,,,,,,,,,,
378,4,33.0,0.0,32.0,32.0,0.3717732429504394,0.0,74.0,0.0,0.0,0.0,0.0,0.0,0.0,0.0,0.0,0.0,0.6,0.0033914772,1.0,0.6682202840864621,0.0,0.0,0.0,,,,,,0.0,,,,,1123.7058769911528,3760.97021484375,,,,,,,,,,
379,4,34.0,0.0,32.0,32.0,0.183115005493164,0.0,74.0,0.0,0.0,0.0,0.0,0.0,0.0,0.0,0.0,0.0,0.6,0.0033914772,1.0,0.6613259185390195,0.0,0.0,0.0,,,,,,0.0,,,,,1145.919734030031,3778.80419921875,,,,,,,,,,
380,4,35.0,0.0,32.0,32.0,0.2097687721252441,0.0,74.0,0.0,0.0,0.0,0.0,0.0,0.0,0.0,0.0,0.0,0.6,0.0033914772,1.0,0.6671061167822574,0.0,0.0,0.0,,,,,,0.0,,,,,1157.8977230237797,3769.86474609375,,,,,,,,,,
381,4,36.0,0.0,32.0,32.0,0.1116852760314941,0.0,74.0,0.0,0.0,0.0,0.0,0.0,0.0,0.0,0.0,0.0,0.6,0.0033914772,1.0,0.6567343965144974,0.0,0.0,0.0,,,,,,0.0,,,,,1110.5469779577106,3765.71826171875,,,,,,,,,,
382,4,37.0,0.0,32.0,32.0,0.3531432151794433,0.0,74.0,0.0,0.0,0.0,0.0,0.0,0.0,0.0,0.0,0.0,0.6,0.0033914772,1.0,0.6669370829992932,0.0,0.0,0.0,,,,,,0.0,,,,,1161.616142955609,3777.25927734375,,,,,,,,,,
383,4,38.0,0.0,32.0,32.0,0.0347685813903808,0.0,74.0,0.0,0.0,0.0,0.0,0.0,0.0,0.0,0.0,0.0,0.6,0.0033914772,1.0,0.6661805702854189,0.0,0.0,0.0,,,,,,0.0,,,,,1194.3121479125691,3774.37451171875,,,,,,,,,,
384,4,39.0,0.0,32.0,32.0,0.0890116691589355,0.0,74.0,0.0,0.0,0.0,0.0,0.0,0.0,0.0,0.0,0.0,0.6,0.0033914772,1.0,0.6619512931631342,0.0,0.0,0.0,,,,,,0.0,,,,,1151.484097004868,3761.60107421875,,,,,,,,,,
385,4,40.0,0.0,32.0,32.0,0.3191542625427246,0.0,74.0,0.0,0.0,0.0,0.0,0.0,0.0,0.0,0.0,0.0,0.6,0.0033914772,1.0,0.6611152381347878,0.0,0.0,0.0,,,,,,0.0,,,,,1170.3300229273736,3770.30419921875,,,,,,,,,,
386,4,41.0,0.0,32.0,32.0,0.1585011482238769,0.0,74.0,0.0,0.0,0.0,0.0,0.0,0.0,0.0,0.0,0.0,0.6,0.0033914772,1.0,0.6638492497855254,0.0,0.0,0.0,,,,,,0.0,,,,,1153.9124299306422,3768.77294921875,,,,,,,,,,
387,4,42.0,0.0,32.0,32.0,0.0653934478759765,0.0,74.0,0.0,0.0,0.0,0.0,0.0,0.0,0.0,0.0,0.0,0.6,0.0033914772,1.0,0.6626848587941191,0.0,0.0,0.0,,,,,,0.0,,,,,1143.9518639817834,3771.71240234375,,,,,,,,,,
388,4,43.0,0.0,32.0,32.0,0.1519169807434082,0.0,74.0,0.0,0.0,0.0,0.0,0.0,0.0,0.0,0.0,0.0,0.6,0.0033914772,1.0,0.662487742033343,0.0,0.0,0.0,,,,,,0.0,,,,,1152.5987329659984,3768.90576171875,,,,,,,,,,
389,4,44.0,0.0,32.0,32.0,0.1087441444396972,0.0,74.0,0.0,0.0,0.0,0.0,0.0,0.0,0.0,0.0,0.0,0.6,0.0033914772,1.0,0.6666428560082275,0.0,0.0,0.0,,,,,,0.0,,,,,1150.7969129597768,3774.86865234375,,,,,,,,,,
390,4,45.0,0.0,32.0,32.0,0.1810903549194336,0.0,74.0,0.0,0.0,0.0,0.0,0.0,0.0,0.0,0.0,0.0,0.6,0.0033914772,1.0,0.6655534765051784,0.0,0.0,0.0,,,,,,0.0,,,,,1156.247120001353,3771.11865234375,,,,,,,,,,
391,4,46.0,0.0,32.0,32.0,0.2613253593444824,0.0,74.0,0.0,0.0,0.0,0.0,0.0,0.0,0.0,0.0,0.0,0.6,0.0033914772,1.0,0.6652802455942107,0.0,0.0,0.0,,,,,,0.0,,,,,1168.613006011583,3763.53857421875,,,,,,,,,,
392,4,47.0,0.0,32.0,32.0,0.1998214721679687,0.0,74.0,0.0,0.0,0.0,0.0,0.0,0.0,0.0,0.0,0.0,0.6,0.0033914772,1.0,0.6681060576001039,0.0,0.0,0.0,,,,,,0.0,,,,,1141.5815440705046,3761.60107421875,,,,,,,,,,
393,4,48.0,0.0,32.0,32.0,0.1451349258422851,0.0,74.0,0.0,0.0,0.0,0.0,0.0,0.0,0.0,0.0,0.0,0.6,0.0033914772,1.0,0.6630705802699148,0.0,0.0,0.0,,,,,,0.0,,,,,1119.203062960878,3774.86865234375,,,,,,,,,,
394,4,49.0,0.0,32.0,32.0,0.2800474166870117,0.0,74.0,0.0,0.0,0.0,0.0,0.0,0.0,0.0,0.0,0.0,0.6,0.0033914772,1.0,0.6633892494057303,0.0,0.0,0.0,,,,,,0.0,,,,,1160.848869010806,3778.11669921875,,,,,,,,,,
395,4,50.0,0.0,32.0,32.0,0.0672192573547363,0.0,74.0,0.0,0.0,0.0,0.0,0.0,0.0,0.0,0.0,0.0,0.6,0.0033914772,1.0,0.6609406797681809,0.0,0.0,0.0,,,,,,0.0,,,,,1135.1088769733906,3761.34130859375,,,,,,,,,,
396,4,51.0,0.0,32.0,32.0,0.1884918212890625,0.0,74.0,0.0,0.0,0.0,0.0,0.0,0.0,0.0,0.0,0.0,0.6,0.0033914772,1.0,0.6599985459052137,0.0,0.0,0.0,,,,,,0.0,,,,,1145.4040569951758,3763.74951171875,,,,,,,,,,
397,4,52.0,0.0,32.0,32.0,0.1381025314331054,0.0,74.0,0.0,0.0,0.0,0.0,0.0,0.0,0.0,0.0,0.0,0.6,0.0033914772,1.0,0.6688905790894768,0.0,0.0,0.0,,,,,,0.0,,,,,1119.2093070130795,3763.53857421875,,,,,,,,,,
398,4,53.0,0.0,32.0,32.0,0.054854393005371,0.0,74.0,0.0,0.0,0.0,0.0,0.0,0.0,0.0,0.0,0.0,0.6,0.0033914772,1.0,0.6657047754513291,0.0,0.0,0.0,,,,,,0.0,,,,,1141.020511975512,3761.60107421875,,,,,,,,,,
399,4,54.0,0.0,32.0,32.0,0.0508317947387695,0.0,74.0,0.0,0.0,0.0,0.0,0.0,0.0,0.0,0.0,0.0,0.6,0.0033914772,1.0,0.6668245759826709,0.0,0.0,0.0,,,,,,0.0,,,,,1138.940704986453,3770.30419921875,,,,,,,,,,
400,4,55.0,0.0,32.0,32.0,0.0919771194458007,0.0,74.0,0.0,0.0,0.0,0.0,0.0,0.0,0.0,0.0,0.0,0.6,0.0033914772,1.0,0.6700752874623509,0.0,0.0,0.0,,,,,,0.0,,,,,1130.7313439901918,3760.97021484375,,,,,,,,,,
401,4,56.0,0.0,32.0,32.0,0.0358471870422363,0.0,74.0,0.0,0.0,0.0,0.0,0.0,0.0,0.0,0.0,0.0,0.6,0.0033914772,1.0,0.6672275360798816,0.0,0.0,0.0,,,,,,0.0,,,,,1129.5690790284425,3771.11865234375,,,,,,,,,,
402,4,57.0,0.0,32.0,32.0,0.196692943572998,0.0,74.0,0.0,0.0,0.0,0.0,0.0,0.0,0.0,0.0,0.0,0.6,0.0033914772,1.0,0.6620225145720056,0.0,0.0,0.0,,,,,,0.0,,,,,1095.9070660173893,3775.23193359375,,,,,,,,,,
403,4,58.0,0.0,32.0,32.0,0.1164765357971191,0.0,74.0,0.0,0.0,0.0,0.0,0.0,0.0,0.0,0.0,0.0,0.6,0.0033914772,1.0,0.6611511869339831,0.0,0.0,0.0,,,,,,0.0,,,,,1148.4664110466838,3782.58349609375,,,,,,,,,,
404,4,59.0,0.0,32.0,32.0,0.1900768280029297,2.0,74.0,0.027027027027027,1.0,1.0,0.5,0.5,0.1473159396603389,0.1435765592445505,0.1510553200761273,0.0,0.6,0.0033914772,0.9999999999750074,0.6652995968674793,2.028999498633273e-09,1.0,1.0,0.0,1.0,1.0,0.9999999711460994,0.6931471605599454,2.0,0.5124646013859614,,,-0.0005030176286262,1157.097153016366,3773.73583984375,,,,,,,,,,
405,4,60.0,0.0,32.0,32.0,0.015784740447998,8.0,74.0,0.1081081081081081,4.0,4.0,0.5,0.5,0.1516676756256917,0.1446216400984681,0.1587137111529154,0.0,0.6,0.0033914772,0.999999999890246,0.6646534511571621,1.5116764113561916e-08,4.0,4.0,0.0,1.0,1.0,0.9999999711460994,0.6931471605599454,2.0,0.5242795590192804,0.0020766583038493,0.4989616708480753,0.0051819207445137,1189.4506729440764,3782.46044921875,,,,,,,,,,
406,4,61.0,0.0,32.0,32.0,0.2506723403930664,0.0,74.0,0.0,0.0,0.0,0.0,0.0,0.0,0.0,0.0,0.0,0.6,0.0033914772,1.0,0.664755534853359,0.0,0.0,0.0,,,,,,0.0,,,,,1118.9848149660977,3767.47607421875,,,,,,,,,,
407,4,62.0,0.0,32.0,32.0,0.127234935760498,0.0,74.0,0.0,0.0,0.0,0.0,0.0,0.0,0.0,0.0,0.0,0.6,0.0033914772,1.0,0.670421130786739,0.0,0.0,0.0,,,,,,0.0,,,,,1159.7587619908154,3777.25927734375,,,,,,,,,,
408,4,63.0,0.0,32.0,32.0,0.0263075828552246,0.0,74.0,0.0,0.0,0.0,0.0,0.0,0.0,0.0,0.0,0.0,0.6,0.0033914772,1.0,0.6591578618087427,0.0,0.0,0.0,,,,,,0.0,,,,,1155.4572290042415,3761.34130859375,,,,,,,,,,
409,4,64.0,0.0,32.0,32.0,0.011962890625,35.0,74.0,0.4729729729729729,14.0,21.0,0.4,0.6,0.149844323171906,0.1430009287946952,0.1544065860900466,0.0,0.6,0.0033914772,0.999999998746846,0.6657379232444179,2.3249221741183746e-08,14.0,21.0,0.2,1.5,1.0,0.9709505656007682,0.6730116470092566,2.0,0.5203103182932143,-0.0004415606580833,0.5002207803290417,0.0015340382608998,1384.8049719817936,3935.3056640625,,,,,,,,,,
410,4,65.0,0.0,32.0,32.0,0.1834754943847656,0.0,74.0,0.0,0.0,0.0,0.0,0.0,0.0,0.0,0.0,0.0,0.6,0.0033914772,1.0,0.6656855727946981,0.0,0.0,0.0,,,,,,0.0,,,,,1134.8017059499398,3774.64990234375,,,,,,,,,,
411,4,66.0,0.0,32.0,32.0,0.0159111022949218,7.0,74.0,0.0945945945945946,2.0,5.0,0.2857142857142857,0.7142857142857143,0.15171659907958,0.1431831436671128,0.1551299812445668,0.0,0.6,0.0033914772,1.0000000000107112,0.6691394884526692,-3.747529501433581e-11,2.0,5.0,0.4285714285714285,2.5,1.0,0.8631205397127306,0.5982695685852575,2.0,0.5215395508695019,0.0024331446475116,0.4987834276762442,0.0082106652921219,1168.9969779690728,3790.14990234375,,,,,,,,,,
412,4,67.0,0.0,32.0,32.0,0.2088451385498047,0.0,74.0,0.0,0.0,0.0,0.0,0.0,0.0,0.0,0.0,0.0,0.6,0.0033914772,1.0,0.6634214905687288,0.0,0.0,0.0,,,,,,0.0,,,,,1156.056034960784,3763.84130859375,,,,,,,,,,
413,4,68.0,0.0,32.0,32.0,0.1082630157470703,0.0,74.0,0.0,0.0,0.0,0.0,0.0,0.0,0.0,0.0,0.0,0.6,0.0033914772,1.0,0.6641010170383611,0.0,0.0,0.0,,,,,,0.0,,,,,1145.1454309280962,3774.64990234375,,,,,,,,,,
414,4,69.0,0.0,32.0,32.0,0.2541484832763672,0.0,74.0,0.0,0.0,0.0,0.0,0.0,0.0,0.0,0.0,0.0,0.6,0.0033914772,1.0,0.6618813788093819,0.0,0.0,0.0,,,,,,0.0,,,,,1100.212797988206,3770.71044921875,,,,,,,,,,
415,4,70.0,0.0,32.0,32.0,0.0102725028991699,13.0,74.0,0.1756756756756756,3.0,10.0,0.2307692307692307,0.7692307692307693,0.1524954984622025,0.144360606175413,0.1549359661482394,0.0,0.6,0.0033914772,0.9999999989888086,0.6658056184057588,-2.0497330796663472e-08,3.0,10.0,0.5384615384615384,3.333333333333333,1.0,0.7793498084381847,0.5402041223888612,2.0,0.5190067910243278,-0.0015585791843477,0.5007792895921739,0.0015579287817877,1213.411563076079,3816.99951171875,,,,,,,,,,
416,4,71.0,0.0,32.0,32.0,0.3807301521301269,0.0,74.0,0.0,0.0,0.0,0.0,0.0,0.0,0.0,0.0,0.0,0.6,0.0033914772,1.0,0.6682904367786447,0.0,0.0,0.0,,,,,,0.0,,,,,1138.01397010684,3762.28857421875,,,,,,,,,,
417,4,72.0,0.0,32.0,32.0,0.3424506187438965,0.0,74.0,0.0,0.0,0.0,0.0,0.0,0.0,0.0,0.0,0.0,0.6,0.0033914772,1.0,0.6612345011131783,0.0,0.0,0.0,,,,,,0.0,,,,,1161.312869982794,3774.88818359375,,,,,,,,,,
418,4,73.0,0.0,32.0,32.0,0.2526025772094726,0.0,74.0,0.0,0.0,0.0,0.0,0.0,0.0,0.0,0.0,0.0,0.6,0.0033914772,1.0,0.6700873275200206,0.0,0.0,0.0,,,,,,0.0,,,,,1139.2439460614696,3777.90380859375,,,,,,,,,,
419,4,74.0,0.0,32.0,32.0,0.1038775444030761,0.0,74.0,0.0,0.0,0.0,0.0,0.0,0.0,0.0,0.0,0.0,0.6,0.0033914772,1.0,0.6670254796543084,0.0,0.0,0.0,,,,,,0.0,,,,,1162.86423697602,3763.84130859375,,,,,,,,,,
420,4,75.0,0.0,32.0,32.0,0.2876124382019043,0.0,74.0,0.0,0.0,0.0,0.0,0.0,0.0,0.0,0.0,0.0,0.6,0.0033914772,1.0,0.6614766872225887,0.0,0.0,0.0,,,,,,0.0,,,,,1164.6638000383973,3778.01708984375,,,,,,,,,,
421,4,76.0,0.0,32.0,32.0,0.1553964614868164,0.0,74.0,0.0,0.0,0.0,0.0,0.0,0.0,0.0,0.0,0.0,0.6,0.0033914772,1.0,0.6644815116695328,0.0,0.0,0.0,,,,,,0.0,,,,,1133.2508510677144,3762.28857421875,,,,,,,,,,
422,4,77.0,0.0,32.0,32.0,0.0464453697204589,0.0,74.0,0.0,0.0,0.0,0.0,0.0,0.0,0.0,0.0,0.0,0.6,0.0033914772,1.0,0.6618021427180272,0.0,0.0,0.0,,,,,,0.0,,,,,1192.6510350313038,3770.71044921875,,,,,,,,,,
423,4,78.0,0.0,32.0,32.0,0.0158352851867675,4.0,74.0,0.054054054054054,1.0,3.0,0.25,0.75,0.1493154347724439,0.1428342144925434,0.1514758415324107,0.0,0.6,0.0033914772,1.0000000000274016,0.665624856684142,-6.119268338103614e-10,1.0,3.0,0.5,3.0,1.0,0.8112780956052325,0.5623351246188086,2.0,0.5118634153467873,-0.0012411358766257,0.5006205679383129,-0.0013774752995683,1211.23044192791,3789.04443359375,,,,,,,,,,
424,4,79.0,0.0,32.0,32.0,0.012089729309082,6.0,74.0,0.081081081081081,2.0,4.0,0.3333333333333333,0.6666666666666666,0.1493070882828807,0.1424789248891488,0.1527211699797466,0.0,0.6,0.0033914772,1.0000000000061946,0.6654114099437821,3.566852579155065e-09,2.0,4.0,0.3333333333333333,2.0,1.0,0.918295805200589,0.636514148294813,2.0,0.515555169528933,0.0033665769733488,0.4983167115133255,0.0027641934385451,1227.148407953791,3772.68896484375,,,,,,,,,,
425,4,80.0,0.0,32.0,32.0,0.0082721710205078,9.0,74.0,0.1216216216216216,4.0,5.0,0.4444444444444444,0.5555555555555556,0.148656117938928,0.1398980599532878,0.1556625643274402,0.0,0.6,0.0033914772,0.9999999997936112,0.663102736534819,-2.040003469218981e-09,4.0,5.0,0.1111111111111111,1.25,1.0,0.9910760309843216,0.6869615565973235,2.0,0.5265479589177912,-0.0007748894422547,0.5003874447211274,0.002530243564307,1245.4193889861926,3802.74169921875,,,,,,,,,,
426,4,81.0,0.0,32.0,32.0,0.2957034111022949,0.0,74.0,0.0,0.0,0.0,0.0,0.0,0.0,0.0,0.0,0.0,0.6,0.0033914772,1.0,0.6649326197622734,0.0,0.0,0.0,,,,,,0.0,,,,,1134.726956021041,3770.71044921875,,,,,,,,,,
427,4,82.0,0.0,32.0,32.0,0.1226601600646972,0.0,74.0,0.0,0.0,0.0,0.0,0.0,0.0,0.0,0.0,0.0,0.6,0.0033914772,1.0,0.6644243575721362,0.0,0.0,0.0,,,,,,0.0,,,,,1199.662409024313,3763.84130859375,,,,,,,,,,
428,4,83.0,0.0,32.0,32.0,0.1964864730834961,0.0,74.0,0.0,0.0,0.0,0.0,0.0,0.0,0.0,0.0,0.0,0.6,0.0033914772,1.0,0.6612122963982564,0.0,0.0,0.0,,,,,,0.0,,,,,1154.0870829485357,3777.85693359375,,,,,,,,,,
429,4,84.0,0.0,32.0,32.0,0.2056508064270019,0.0,74.0,0.0,0.0,0.0,0.0,0.0,0.0,0.0,0.0,0.0,0.6,0.0033914772,1.0,0.6611438065444019,0.0,0.0,0.0,,,,,,0.0,,,,,1202.8481930028647,3774.64990234375,,,,,,,,,,
430,4,85.0,0.0,32.0,32.0,0.2586336135864258,0.0,74.0,0.0,0.0,0.0,0.0,0.0,0.0,0.0,0.0,0.0,0.6,0.0033914772,1.0,0.6610871570671647,0.0,0.0,0.0,,,,,,0.0,,,,,1143.599116941914,3766.59326171875,,,,,,,,,,
431,4,86.0,0.0,32.0,32.0,0.0832905769348144,0.0,74.0,0.0,0.0,0.0,0.0,0.0,0.0,0.0,0.0,0.0,0.6,0.0033914772,1.0,0.6681273530218808,0.0,0.0,0.0,,,,,,0.0,,,,,1150.684560998343,3769.60888671875,,,,,,,,,,
432,4,87.0,0.0,32.0,32.0,0.0434012413024902,0.0,74.0,0.0,0.0,0.0,0.0,0.0,0.0,0.0,0.0,0.0,0.6,0.0033914772,1.0,0.663976182031975,0.0,0.0,0.0,,,,,,0.0,,,,,1253.3384569687769,3767.42138671875,,,,,,,,,,
433,4,88.0,0.0,32.0,32.0,0.2838888168334961,0.0,74.0,0.0,0.0,0.0,0.0,0.0,0.0,0.0,0.0,0.0,0.6,0.0033914772,1.0,0.6594567087162699,0.0,0.0,0.0,,,,,,0.0,,,,,1150.7341699907556,3771.53271484375,,,,,,,,,,
434,4,89.0,0.0,32.0,32.0,0.0613670349121093,0.0,74.0,0.0,0.0,0.0,0.0,0.0,0.0,0.0,0.0,0.0,0.6,0.0033914772,1.0,0.663435333717878,0.0,0.0,0.0,,,,,,0.0,,,,,1161.581417080015,3776.75732421875,,,,,,,,,,
435,4,90.0,0.0,32.0,32.0,0.1839857101440429,0.0,74.0,0.0,0.0,0.0,0.0,0.0,0.0,0.0,0.0,0.0,0.6,0.0033914772,1.0,0.6647986202091906,0.0,0.0,0.0,,,,,,0.0,,,,,1110.3737470693886,3767.77294921875,,,,,,,,,,
436,4,91.0,0.0,32.0,32.0,0.082768440246582,0.0,74.0,0.0,0.0,0.0,0.0,0.0,0.0,0.0,0.0,0.0,0.6,0.0033914772,1.0,0.6628430476269974,0.0,0.0,0.0,,,,,,0.0,,,,,1148.7713719252497,3762.28857421875,,,,,,,,,,
437,4,92.0,0.0,32.0,32.0,0.0978536605834961,0.0,74.0,0.0,0.0,0.0,0.0,0.0,0.0,0.0,0.0,0.0,0.6,0.0033914772,1.0,0.661008999473536,0.0,0.0,0.0,,,,,,0.0,,,,,1118.2005750015378,3774.64990234375,,,,,,,,,,
438,4,93.0,0.0,32.0,32.0,0.2916347980499267,0.0,74.0,0.0,0.0,0.0,0.0,0.0,0.0,0.0,0.0,0.0,0.6,0.0033914772,1.0,0.6686544264956029,0.0,0.0,0.0,,,,,,0.0,,,,,1231.7739330464974,3767.42138671875,,,,,,,,,,
439,4,94.0,0.0,32.0,32.0,0.0874586105346679,0.0,74.0,0.0,0.0,0.0,0.0,0.0,0.0,0.0,0.0,0.0,0.6,0.0033914772,1.0,0.6694677469063658,0.0,0.0,0.0,,,,,,0.0,,,,,1148.8349239807576,3773.57568359375,,,,,,,,,,
440,4,95.0,0.0,32.0,32.0,0.0135102272033691,0.0,74.0,0.0,0.0,0.0,0.0,0.0,0.0,0.0,0.0,0.0,0.6,0.0033914772,1.0,0.667031520673999,0.0,0.0,0.0,,,,,,0.0,,,,,1136.8271799292415,3778.01708984375,,,,,,,,,,
441,4,96.0,0.0,32.0,32.0,0.042027473449707,0.0,74.0,0.0,0.0,0.0,0.0,0.0,0.0,0.0,0.0,0.0,0.6,0.0033914772,1.0,0.6632751463348575,0.0,0.0,0.0,,,,,,0.0,,,,,1144.4944260874763,3766.59326171875,,,,,,,,,,
442,4,97.0,0.0,32.0,32.0,0.1807093620300293,1.0,74.0,0.0135135135135135,0.0,1.0,0.0,1.0,0.1657435909205561,0.0,0.1657435909205561,0.0,0.6,0.0033914772,0.9999999999957782,0.6676314754788139,6.734202009842019e-11,0.0,1.0,1.0,,0.5,-1.4426950249075512e-08,-9.999999889225293e-09,1.0,0.5524786364018539,,,,1202.441695029847,3763.97607421875,,,,,,,,,,
443,4,98.0,0.0,32.0,32.0,0.3574070930480957,0.0,74.0,0.0,0.0,0.0,0.0,0.0,0.0,0.0,0.0,0.0,0.6,0.0033914772,1.0,0.6631463742052586,0.0,0.0,0.0,,,,,,0.0,,,,,1121.22657999862,3778.01708984375,,,,,,,,,,
444,4,99.0,0.0,32.0,32.0,0.1068091392517089,0.0,74.0,0.0,0.0,0.0,0.0,0.0,0.0,0.0,0.0,0.0,0.6,0.0033914772,1.0,0.6683225693313022,0.0,0.0,0.0,,,,,,0.0,,,,,1198.1610410148278,3778.01708984375,,,,,,,,,,
445,4,100.0,0.0,32.0,32.0,0.1957073211669922,0.0,74.0,0.0,0.0,0.0,0.0,0.0,0.0,0.0,0.0,0.0,0.6,0.0033914772,1.0,0.6626753927409389,0.0,0.0,0.0,,,,,,0.0,,,,,1137.1558459941298,3764.96240234375,,,,,,,,,,
446,4,101.0,0.0,32.0,32.0,0.0326495170593261,0.0,74.0,0.0,0.0,0.0,0.0,0.0,0.0,0.0,0.0,0.0,0.6,0.0033914772,1.0,0.669170526028296,0.0,0.0,0.0,,,,,,0.0,,,,,1160.988901974633,3762.28857421875,,,,,,,,,,
447,4,102.0,0.0,32.0,32.0,0.0325660705566406,1.0,74.0,0.0135135135135135,0.0,1.0,0.0,1.0,0.1510838143040433,0.0,0.1510838143040433,0.0,0.6,0.0033914772,0.9999999999992332,0.6589945285627324,-2.442941427227863e-10,0.0,1.0,1.0,,0.5,-1.4426950249075512e-08,-9.999999889225293e-09,1.0,0.503612714346811,,,,1145.9892929997295,3765.53857421875,,,,,,,,,,
448,4,103.0,0.0,32.0,32.0,0.1687192916870117,0.0,74.0,0.0,0.0,0.0,0.0,0.0,0.0,0.0,0.0,0.0,0.6,0.0033914772,1.0,0.6702569206252359,0.0,0.0,0.0,,,,,,0.0,,,,,1162.9776560002938,3763.84130859375,,,,,,,,,,
449,4,104.0,0.0,32.0,32.0,0.1795344352722168,0.0,74.0,0.0,0.0,0.0,0.0,0.0,0.0,0.0,0.0,0.0,0.6,0.0033914772,1.0,0.6656588233700884,0.0,0.0,0.0,,,,,,0.0,,,,,1138.4469700278714,3775.09326171875,,,,,,,,,,
450,4,105.0,0.0,32.0,32.0,0.0443530082702636,0.0,74.0,0.0,0.0,0.0,0.0,0.0,0.0,0.0,0.0,0.0,0.6,0.0033914772,1.0,0.6629233793263875,0.0,0.0,0.0,,,,,,0.0,,,,,1145.8225529640913,3770.71044921875,,,,,,,,,,
451,4,106.0,0.0,32.0,32.0,0.207982063293457,0.0,74.0,0.0,0.0,0.0,0.0,0.0,0.0,0.0,0.0,0.0,0.6,0.0033914772,1.0,0.6624647102090414,0.0,0.0,0.0,,,,,,0.0,,,,,1128.3409850439057,3767.77294921875,,,,,,,,,,
452,4,107.0,0.0,32.0,32.0,0.202239990234375,0.0,74.0,0.0,0.0,0.0,0.0,0.0,0.0,0.0,0.0,0.0,0.6,0.0033914772,1.0,0.6632207005824079,0.0,0.0,0.0,,,,,,0.0,,,,,1160.3716069366783,3762.28857421875,,,,,,,,,,
453,4,108.0,0.0,32.0,32.0,0.3527445793151855,0.0,74.0,0.0,0.0,0.0,0.0,0.0,0.0,0.0,0.0,0.0,0.6,0.0033914772,1.0,0.6623605880348814,0.0,0.0,0.0,,,,,,0.0,,,,,1184.283256996423,3759.96630859375,,,,,,,,,,
454,4,109.0,0.0,32.0,32.0,0.1982011795043945,0.0,74.0,0.0,0.0,0.0,0.0,0.0,0.0,0.0,0.0,0.0,0.6,0.0033914772,1.0,0.6662531620068801,0.0,0.0,0.0,,,,,,0.0,,,,,1173.3825349947438,3762.28857421875,,,,,,,,,,
455,4,110.0,0.0,32.0,32.0,0.2557821273803711,0.0,74.0,0.0,0.0,0.0,0.0,0.0,0.0,0.0,0.0,0.0,0.6,0.0033914772,1.0,0.6614850535170003,0.0,0.0,0.0,,,,,,0.0,,,,,1126.3813830446452,3762.28857421875,,,,,,,,,,
456,4,111.0,0.0,32.0,32.0,0.0287609100341796,1.0,74.0,0.0135135135135135,0.0,1.0,0.0,1.0,0.1475842419520712,0.0,0.1475842419520712,0.0,0.6,0.0033914772,0.9999999999966148,0.6636324214282169,-9.61955510368049e-10,0.0,1.0,1.0,,0.5,-1.4426950249075512e-08,-9.999999889225293e-09,1.0,0.5080525268264292,,,,1144.8543739970771,3777.79638671875,,,,,,,,,,
457,4,112.0,0.0,32.0,32.0,0.1988544464111328,0.0,74.0,0.0,0.0,0.0,0.0,0.0,0.0,0.0,0.0,0.0,0.6,0.0033914772,1.0,0.6603177209646645,0.0,0.0,0.0,,,,,,0.0,,,,,1139.2967470455917,3759.96630859375,,,,,,,,,,
458,4,113.0,0.0,32.0,32.0,0.289459228515625,0.0,74.0,0.0,0.0,0.0,0.0,0.0,0.0,0.0,0.0,0.0,0.6,0.0033914772,1.0,0.6674434120411288,0.0,0.0,0.0,,,,,,0.0,,,,,1153.2095830189064,3766.59326171875,,,,,,,,,,
459,4,114.0,0.0,32.0,32.0,0.0920467376708984,0.0,74.0,0.0,0.0,0.0,0.0,0.0,0.0,0.0,0.0,0.0,0.6,0.0033914772,1.0,0.6562298281124364,0.0,0.0,0.0,,,,,,0.0,,,,,1148.5154390102252,3775.09326171875,,,,,,,,,,
460,4,115.0,0.0,20.0,20.0,0.4048370361328125,0.0,74.0,0.0,0.0,0.0,0.0,0.0,0.0,0.0,0.0,0.0,0.6,0.0033914772,1.0,0.6720369669575651,0.0,0.0,0.0,,,,,,0.0,,,,,1015.9133130218834,3325.193359375,,,,,,,,,,
460,4,,1.0,32.0,32.0,,,,,,,,,,,,,,,1.0,0.6720369669575651,0.0,0.0,0.0,,,,,,0.0,,,,,1015.9133130218834,3325.193359375,0.8848039215686274,0.3750891759991646,0.8921568627450981,0.365579863007252,0.9757360959651036,0.0756226541231507,0.0909321743964761,0.9768266085059978,0.0711632469668984,0.0846697457608997
