step,epoch,step_in_epoch,probe/is_eval,sys/effective_batch_size,sys/device_batch_size,train/loss,sys/time_per_step_ms,sys/peak_memory_mb,val/acc,val/loss,train/acc,train/loss_eval,gap/train_minus_val
1,1,1.0,0.0,32.0,32.0,0.7539014220237732,430.0866340054199,3211.705078125,,,,,
2,1,2.0,0.0,32.0,32.0,0.7836986780166626,111.73277907073498,4704.56787109375,,,,,
3,1,3.0,0.0,32.0,32.0,0.7609503269195557,117.39458807278425,4410.056640625,,,,,
4,1,4.0,0.0,32.0,32.0,0.8340091705322266,173.0184310581535,4271.564453125,,,,,
5,1,5.0,0.0,32.0,32.0,0.7076893448829651,61.89410400111228,4485.7744140625,,,,,
6,1,6.0,0.0,32.0,32.0,0.7925828695297241,61.55283306725323,4433.376953125,,,,,
7,1,7.0,0.0,32.0,32.0,0.7183747291564941,62.31740303337574,4485.7744140625,,,,,
8,1,8.0,0.0,32.0,32.0,0.7241101264953613,61.99546705465764,4433.376953125,,,,,
9,1,9.0,0.0,32.0,32.0,0.7415969967842102,62.71282001398504,4508.0693359375,,,,,
10,1,10.0,0.0,32.0,32.0,0.6477594375610352,64.6404450526461,4555.076171875,,,,,
11,1,11.0,0.0,32.0,32.0,0.6965646743774414,61.00007309578359,4386.42041015625,,,,,
12,1,12.0,0.0,32.0,32.0,0.8300594091415405,66.38235901482403,4734.25,,,,,
13,1,13.0,0.0,32.0,32.0,0.7744696140289307,62.4797580530867,4508.0693359375,,,,,
14,1,14.0,0.0,32.0,32.0,0.774692177772522,67.21227895468473,4764.27734375,,,,,
15,1,15.0,0.0,32.0,32.0,0.7819037437438965,77.39722600672394,4734.25,,,,,
16,1,16.0,0.0,32.0,32.0,0.7951352000236511,77.3363399785012,4331.32958984375,,,,,
17,1,17.0,0.0,32.0,32.0,0.7416740655899048,81.96498395409435,4386.42041015625,,,,,
18,1,18.0,0.0,32.0,32.0,0.6755215525627136,83.68124708067626,4698.25146484375,,,,,
19,1,19.0,0.0,32.0,32.0,0.7260596752166748,70.90263802092522,4508.0693359375,,,,,
20,1,20.0,0.0,32.0,32.0,0.7939790487289429,66.72737200278789,4433.376953125,,,,,
21,1,21.0,0.0,32.0,32.0,0.7786051034927368,61.590746976435184,4212.10302734375,,,,,
22,1,22.0,0.0,32.0,32.0,0.7411799430847168,64.76713297888637,4555.076171875,,,,,
23,1,23.0,0.0,32.0,32.0,0.781600832939148,55.98551407456398,4063.82470703125,,,,,
24,1,24.0,0.0,32.0,32.0,0.7465839982032776,74.3488809093833,5045.93505859375,,,,,
25,1,25.0,0.0,32.0,32.0,0.7767492532730103,65.07624802179635,4555.076171875,,,,,
26,1,26.0,0.0,32.0,32.0,0.7681092619895935,55.70591404102743,4108.03271484375,,,,,
27,1,27.0,0.0,32.0,32.0,0.7804462909698486,69.4572749780491,4865.3291015625,,,,,
28,1,28.0,0.0,32.0,32.0,0.6952259540557861,68.69704404380172,4622.13720703125,,,,,
29,1,29.0,0.0,32.0,32.0,0.7270808219909668,71.71050796750933,4622.13720703125,,,,,
30,1,30.0,0.0,32.0,32.0,0.7699270248413086,67.26104789413512,4307.3642578125,,,,,
31,1,31.0,0.0,32.0,32.0,0.6996281147003174,87.3756289947778,4884.15185546875,,,,,
32,1,32.0,0.0,32.0,32.0,0.7475663423538208,78.26966897118837,4555.076171875,,,,,
33,1,33.0,0.0,32.0,32.0,0.7064813375473022,79.44105099886656,4794.64794921875,,,,,
34,1,34.0,0.0,32.0,32.0,0.6886588335037231,68.86804103851318,4331.32958984375,,,,,
35,1,35.0,0.0,32.0,32.0,0.7327251434326172,62.46609694790095,4212.10302734375,,,,,
36,1,36.0,0.0,32.0,32.0,0.761385977268219,60.557288001291454,4136.080078125,,,,,
37,1,37.0,0.0,32.0,32.0,0.7879000902175903,69.60847100708634,4764.27734375,,,,,
38,1,38.0,0.0,32.0,32.0,0.675791323184967,72.62092805467546,4808.83935546875,,,,,
39,1,39.0,0.0,32.0,32.0,0.777868390083313,67.74306192528456,4639.8251953125,,,,,
40,1,40.0,0.0,32.0,32.0,0.7097473740577698,64.55878494307399,4555.076171875,,,,,
41,1,41.0,0.0,32.0,32.0,0.6612241268157959,59.494787943549454,4307.3642578125,,,,,
42,1,42.0,0.0,32.0,32.0,0.7571213245391846,76.3042620383203,5015.54736328125,,,,,
43,1,43.0,0.0,32.0,32.0,0.7726919054985046,73.0802770704031,3876.0302734375,,,,,
44,1,44.0,0.0,32.0,32.0,0.6811356544494629,69.22501197550446,4410.056640625,,,,,
45,1,45.0,0.0,32.0,32.0,0.7955131530761719,68.24195990338922,4167.5205078125,,,,,
46,1,46.0,0.0,32.0,32.0,0.7210308313369751,62.62514099944383,4045.24072265625,,,,,
47,1,47.0,0.0,32.0,32.0,0.7294071912765503,74.62537102401257,4622.13720703125,,,,,
48,1,48.0,0.0,32.0,32.0,0.737073540687561,80.6512989802286,4956.47900390625,,,,,
49,1,49.0,0.0,32.0,32.0,0.6972357034683228,72.90737493894994,4698.25146484375,,,,,
50,1,50.0,0.0,32.0,32.0,0.7028706073760986,66.16365897934884,4410.056640625,,,,,
51,1,51.0,0.0,32.0,32.0,0.7134317755699158,60.76094997115433,4307.3642578125,,,,,
52,1,52.0,0.0,32.0,32.0,0.7580745816230774,62.46310390997678,4271.564453125,,,,,
53,1,53.0,0.0,32.0,32.0,0.6871963143348694,68.90411803033203,4764.27734375,,,,,
54,1,54.0,0.0,32.0,32.0,0.6998043060302734,60.0548479706049,4167.5205078125,,,,,
55,1,55.0,0.0,32.0,32.0,0.6836091876029968,59.40468399785459,4167.5205078125,,,,,
56,1,56.0,0.0,32.0,32.0,0.7501940727233887,69.30854299571365,4622.13720703125,,,,,
57,1,57.0,0.0,32.0,32.0,0.7272378206253052,81.30552095826715,5212.2392578125,,,,,
58,1,58.0,0.0,32.0,32.0,0.7053118348121643,70.76861499808729,4575.50634765625,,,,,
59,1,59.0,0.0,32.0,32.0,0.7641853094100952,71.12435798626393,4433.376953125,,,,,
60,1,60.0,0.0,32.0,32.0,0.7355021238327026,66.20486592873931,4307.3642578125,,,,,
61,1,61.0,0.0,32.0,32.0,0.7082810401916504,71.47116994019598,4555.076171875,,,,,
62,1,62.0,0.0,32.0,32.0,0.7809337377548218,66.80545199196786,4212.10302734375,,,,,
63,1,63.0,0.0,32.0,32.0,0.7650445103645325,64.70178300514817,4167.5205078125,,,,,
64,1,64.0,0.0,32.0,32.0,0.7688124775886536,63.42218199279159,4167.5205078125,,,,,
65,1,65.0,0.0,32.0,32.0,0.6746294498443604,67.28046899661422,4508.0693359375,,,,,
66,1,66.0,0.0,32.0,32.0,0.7315187454223633,63.647645059973,4271.564453125,,,,,
67,1,67.0,0.0,32.0,32.0,0.6977182626724243,73.98911798372865,4808.83935546875,,,,,
68,1,68.0,0.0,32.0,32.0,0.7819803357124329,78.42777308542281,5123.66064453125,,,,,
69,1,69.0,0.0,32.0,32.0,0.710720419883728,68.01746401470155,4622.13720703125,,,,,
70,1,70.0,0.0,32.0,32.0,0.7668008208274841,66.0378240281716,4485.7744140625,,,,,
71,1,71.0,0.0,32.0,32.0,0.7801148295402527,62.71471898071468,4167.5205078125,,,,,
72,1,72.0,0.0,32.0,32.0,0.7335200309753418,76.11976307816803,4808.83935546875,,,,,
73,1,73.0,0.0,32.0,32.0,0.7030534744262695,71.61166204605252,4485.7744140625,,,,,
74,1,74.0,0.0,32.0,32.0,0.7354836463928223,70.26625704020262,4485.7744140625,,,,,
75,1,75.0,0.0,32.0,32.0,0.7475308179855347,70.74807898607105,4485.7744140625,,,,,
76,1,76.0,0.0,32.0,32.0,0.6806382536888123,69.59818897303194,4433.376953125,,,,,
77,1,77.0,0.0,32.0,32.0,0.7033311724662781,67.29979708325118,4386.42041015625,,,,,
78,1,78.0,0.0,32.0,32.0,0.6973217725753784,67.40310892928392,4433.376953125,,,,,
79,1,79.0,0.0,32.0,32.0,0.7302653789520264,68.90059204306453,4555.076171875,,,,,
80,1,80.0,0.0,32.0,32.0,0.7026568055152893,65.84109202958643,4508.0693359375,,,,,
81,1,81.0,0.0,32.0,32.0,0.7055641412734985,66.38442806433886,4433.376953125,,,,,
82,1,82.0,0.0,32.0,32.0,0.7186602354049683,70.76145405881107,4734.25,,,,,
83,1,83.0,0.0,32.0,32.0,0.7171247005462646,63.85211192537099,4271.564453125,,,,,
84,1,84.0,0.0,32.0,32.0,0.7273139953613281,71.17633998859674,4698.25146484375,,,,,
85,1,85.0,0.0,32.0,32.0,0.6942561864852905,56.80403602309525,4307.3642578125,,,,,
86,1,86.0,0.0,32.0,32.0,0.7002848982810974,66.24420499429107,4433.376953125,,,,,
87,1,87.0,0.0,32.0,32.0,0.7007881999015808,70.04581799264997,4575.50634765625,,,,,
88,1,88.0,0.0,32.0,32.0,0.6893194317817688,79.26064706407487,4884.15185546875,,,,,
89,1,89.0,0.0,32.0,32.0,0.6876392364501953,71.75100001040846,4555.076171875,,,,,
90,1,90.0,0.0,32.0,32.0,0.7167456150054932,74.18487500399351,4698.25146484375,,,,,
91,1,91.0,0.0,32.0,32.0,0.7249718904495239,68.56240495108068,4433.376953125,,,,,
92,1,92.0,0.0,32.0,32.0,0.7099798917770386,69.49941907078028,4508.0693359375,,,,,
93,1,93.0,0.0,32.0,32.0,0.6889119148254395,70.88960299734026,4698.25146484375,,,,,
94,1,94.0,0.0,32.0,32.0,0.6977485418319702,67.89555994328111,4575.50634765625,,,,,
95,1,95.0,0.0,32.0,32.0,0.698725700378418,67.72249308414757,4575.50634765625,,,,,
96,1,96.0,0.0,32.0,32.0,0.6793984174728394,64.71924600191414,4235.150390625,,,,,
97,1,97.0,0.0,32.0,32.0,0.6774067878723145,66.71262194868177,4555.076171875,,,,,
98,1,98.0,0.0,32.0,32.0,0.6831573843955994,68.2638450525701,4555.076171875,,,,,
99,1,99.0,0.0,32.0,32.0,0.6849377155303955,58.24435304384679,4045.24072265625,,,,,
100,1,100.0,0.0,32.0,32.0,0.685221791267395,63.65003902465105,4271.564453125,,,,,
101,1,101.0,0.0,32.0,32.0,0.6797075271606445,68.0847610346973,4575.50634765625,,,,,
102,1,102.0,0.0,32.0,32.0,0.677121639251709,77.13222305756062,4865.3291015625,,,,,
103,1,103.0,0.0,32.0,32.0,0.6661037802696228,65.59480098076165,4307.3642578125,,,,,
104,1,104.0,0.0,32.0,32.0,0.6724398136138916,70.27524302247912,4555.076171875,,,,,
105,1,105.0,0.0,32.0,32.0,0.6798000931739807,64.24831703770906,4136.080078125,,,,,
106,1,106.0,0.0,32.0,32.0,0.6707786321640015,68.79633001517504,4485.7744140625,,,,,
107,1,107.0,0.0,32.0,32.0,0.6451295018196106,67.72001297213137,4433.376953125,,,,,
108,1,108.0,0.0,32.0,32.0,0.6629812717437744,66.56803202349693,4433.376953125,,,,,
109,1,109.0,0.0,32.0,32.0,0.6370508670806885,63.21926694363356,4212.10302734375,,,,,
110,1,110.0,0.0,32.0,32.0,0.6305755376815796,74.51257493812591,4794.64794921875,,,,,
111,1,111.0,0.0,32.0,32.0,0.6461989879608154,66.76812004297972,4433.376953125,,,,,
112,1,112.0,0.0,32.0,32.0,0.623440146446228,71.42983702942729,4734.25,,,,,
113,1,113.0,0.0,32.0,32.0,0.65434730052948,71.92466594278812,4764.27734375,,,,,
114,1,114.0,0.0,32.0,32.0,0.6512162685394287,67.6736340392381,4485.7744140625,,,,,
115,1,115.0,0.0,32.0,32.0,0.6515778303146362,77.18908903189003,4915.869140625,,,,,
116,1,116.0,0.0,32.0,32.0,0.6328334808349609,69.66128898784518,4485.7744140625,,,,,
117,1,117.0,0.0,32.0,32.0,0.6261014342308044,67.00088200159371,4386.42041015625,,,,,
118,1,118.0,0.0,32.0,32.0,0.6181274652481079,64.2593540251255,4167.5205078125,,,,,
119,1,119.0,0.0,32.0,32.0,0.6485427618026733,70.75292605441064,4622.13720703125,,,,,
120,1,120.0,0.0,32.0,32.0,0.5861552357673645,73.98642797488719,4764.27734375,,,,,
121,1,121.0,0.0,32.0,32.0,0.5853013396263123,72.7888400433585,4698.25146484375,,,,,
122,1,122.0,0.0,32.0,32.0,0.5899844765663147,67.10150791332126,4433.376953125,,,,,
123,1,123.0,0.0,32.0,32.0,0.5759063959121704,72.83800293225795,4698.25146484375,,,,,
124,1,124.0,0.0,32.0,32.0,0.5785127282142639,65.53525000344962,4331.32958984375,,,,,
125,1,125.0,0.0,32.0,32.0,0.5792502164840698,62.998758046887815,4212.10302734375,,,,,
126,1,126.0,0.0,32.0,32.0,0.5563130378723145,62.55465291906148,4307.3642578125,,,,,
127,1,127.0,0.0,32.0,32.0,0.6112858057022095,66.08495698310435,4433.376953125,,,,,
128,1,128.0,0.0,32.0,32.0,0.5910487174987793,65.81214698962867,4410.056640625,,,,,
129,1,129.0,0.0,32.0,32.0,0.5596776008605957,69.11783502437174,4508.0693359375,,,,,
130,1,130.0,0.0,32.0,32.0,0.5556625127792358,70.24723407812417,4622.13720703125,,,,,
131,1,131.0,0.0,32.0,32.0,0.5579207539558411,64.08988905604929,4307.3642578125,,,,,
132,1,132.0,0.0,32.0,32.0,0.6243593692779541,77.63403898570687,4884.15185546875,,,,,
133,1,133.0,0.0,32.0,32.0,0.5887706279754639,68.8795919995755,4508.0693359375,,,,,
134,1,134.0,0.0,32.0,32.0,0.52671217918396,77.06500100903213,4956.47900390625,,,,,
135,1,135.0,0.0,32.0,32.0,0.5492080450057983,69.88152593839914,4575.50634765625,,,,,
136,1,136.0,0.0,32.0,32.0,0.4849380254745483,70.01061993651092,4555.076171875,,,,,
137,1,137.0,0.0,32.0,32.0,0.4768811166286468,68.11035703867674,4508.0693359375,,,,,
138,1,138.0,0.0,32.0,32.0,0.4783768653869629,67.34664610121399,4485.7744140625,,,,,
139,1,139.0,0.0,32.0,32.0,0.5953590273857117,69.40035498701036,4555.076171875,,,,,
140,1,140.0,0.0,32.0,32.0,0.4855332970619201,62.43774399627,4136.080078125,,,,,
141,1,141.0,0.0,32.0,32.0,0.4374468624591827,69.29505697917193,4639.8251953125,,,,,
142,1,142.0,0.0,32.0,32.0,0.4665912091732025,66.56291196122766,4386.42041015625,,,,,
143,1,143.0,0.0,32.0,32.0,0.4411851167678833,63.71357897296548,4235.150390625,,,,,
144,1,144.0,0.0,32.0,32.0,0.4740017056465149,68.5144739691168,4508.0693359375,,,,,
145,1,145.0,0.0,32.0,32.0,0.3749062120914459,71.27850607503206,4639.8251953125,,,,,
146,1,146.0,0.0,32.0,32.0,0.5425236225128174,62.90637899655849,4136.080078125,,,,,
147,1,147.0,0.0,32.0,32.0,0.4339252114295959,67.08588299807161,4331.32958984375,,,,,
148,1,148.0,0.0,32.0,32.0,0.5820475816726685,80.2622790215537,5015.54736328125,,,,,
149,1,149.0,0.0,32.0,32.0,0.4391999244689941,82.80666696373373,5152.4375,,,,,
150,1,150.0,0.0,32.0,32.0,0.4944701194763183,64.13415295537561,4136.080078125,,,,,
151,1,151.0,0.0,32.0,32.0,0.2890481352806091,63.473435933701694,4212.10302734375,,,,,
152,1,152.0,0.0,32.0,32.0,0.431799441576004,68.34124505985528,4485.7744140625,,,,,
153,1,153.0,0.0,32.0,32.0,0.4401482045650482,67.19795195385814,4433.376953125,,,,,
154,1,154.0,0.0,32.0,32.0,0.3700610995292663,68.68920405395329,4555.076171875,,,,,
155,1,155.0,0.0,32.0,32.0,0.3841740787029266,75.46771399211138,4865.3291015625,,,,,
156,1,156.0,0.0,32.0,32.0,0.4712867140769958,67.91463994886726,4410.056640625,,,,,
157,1,157.0,0.0,32.0,32.0,0.3131298720836639,76.86285499949008,5015.54736328125,,,,,
158,1,158.0,0.0,32.0,32.0,0.3962775468826294,63.82499309256673,4307.3642578125,,,,,
159,1,159.0,0.0,32.0,32.0,0.2800966501235962,68.88087594415992,4622.13720703125,,,,,
160,1,160.0,0.0,32.0,32.0,0.4079905748367309,72.87328597158194,4698.25146484375,,,,,
161,1,161.0,0.0,32.0,32.0,0.3476302623748779,71.19582605082542,4639.8251953125,,,,,
162,1,162.0,0.0,32.0,32.0,0.3342224061489105,69.04670200310647,4485.7744140625,,,,,
163,1,163.0,0.0,32.0,32.0,0.3556310534477234,60.34147692844272,4108.03271484375,,,,,
164,1,164.0,0.0,32.0,32.0,0.3515771031379699,67.95399799011648,4508.0693359375,,,,,
165,1,165.0,0.0,32.0,32.0,0.3659992814064026,66.58635998610407,4331.32958984375,,,,,
166,1,166.0,0.0,32.0,32.0,0.3923011422157287,65.68812893237919,4271.564453125,,,,,
167,1,167.0,0.0,32.0,32.0,0.4770418405532837,64.19521104544401,4235.150390625,,,,,
168,1,168.0,0.0,32.0,32.0,0.315315842628479,65.94832905102521,4271.564453125,,,,,
169,1,169.0,0.0,32.0,32.0,0.3522418141365051,71.93628395907581,4734.25,,,,,
170,1,170.0,0.0,32.0,32.0,0.4467882513999939,64.07981493975967,4212.10302734375,,,,,
171,1,171.0,0.0,32.0,32.0,0.4995799660682678,70.22415602114052,4622.13720703125,,,,,
172,1,172.0,0.0,32.0,32.0,0.4601914286613464,72.55088200327009,4698.25146484375,,,,,
173,1,173.0,0.0,32.0,32.0,0.4077633619308471,75.06035000551492,4865.3291015625,,,,,
174,1,174.0,0.0,32.0,32.0,0.2360885739326477,72.98089994583279,4698.25146484375,,,,,
175,1,175.0,0.0,32.0,32.0,0.3436130285263061,69.27659001667053,4508.0693359375,,,,,
176,1,176.0,0.0,32.0,32.0,0.4079487323760986,74.16049903258681,4764.27734375,,,,,
177,1,177.0,0.0,32.0,32.0,0.507942795753479,69.97290707658976,4555.076171875,,,,,
178,1,178.0,0.0,32.0,32.0,0.5053969025611877,77.26892398204654,4956.47900390625,,,,,
179,1,179.0,0.0,32.0,32.0,0.2944281101226806,69.36257402412593,4485.7744140625,,,,,
180,1,180.0,0.0,32.0,32.0,0.3797635436058044,67.781180026941,4508.0693359375,,,,,
181,1,181.0,0.0,32.0,32.0,0.2817837297916412,76.57303498126566,4884.15185546875,,,,,
182,1,182.0,0.0,32.0,32.0,0.4294664561748504,67.14595796074718,4410.056640625,,,,,
183,1,183.0,0.0,32.0,32.0,0.3224260807037353,66.50157098192722,4410.056640625,,,,,
184,1,184.0,0.0,32.0,32.0,0.2846215069293976,66.35914195794612,4386.42041015625,,,,,
185,1,185.0,0.0,32.0,32.0,0.2057419419288635,66.16569904144853,4331.32958984375,,,,,
186,1,186.0,0.0,32.0,32.0,0.3389821648597717,67.31005595065653,4485.7744140625,,,,,
187,1,187.0,0.0,32.0,32.0,0.2556881010532379,64.23578504472971,4212.10302734375,,,,,
188,1,188.0,0.0,32.0,32.0,0.2937200963497162,75.94345707911998,4865.3291015625,,,,,
189,1,189.0,0.0,32.0,32.0,0.2114244401454925,65.94918807968497,4212.10302734375,,,,,
190,1,190.0,0.0,32.0,32.0,0.4306681156158447,68.00821505021304,4485.7744140625,,,,,
191,1,191.0,0.0,32.0,32.0,0.4915018081665039,71.44905999302864,4639.8251953125,,,,,
192,1,192.0,0.0,32.0,32.0,0.3605149090290069,67.60261906310916,4410.056640625,,,,,
193,1,193.0,0.0,32.0,32.0,0.4667625427246094,73.14448105171323,4698.25146484375,,,,,
194,1,194.0,0.0,32.0,32.0,0.3138957619667053,71.09513797331601,4639.8251953125,,,,,
195,1,195.0,0.0,32.0,32.0,0.3885922729969024,65.96101098693907,4271.564453125,,,,,
196,1,196.0,0.0,32.0,32.0,0.4609867036342621,65.92555996030569,4386.42041015625,,,,,
197,1,197.0,0.0,32.0,32.0,0.1682183146476745,70.08830294944346,4622.13720703125,,,,,
198,1,198.0,0.0,32.0,32.0,0.2819438576698303,62.91835394222289,4136.080078125,,,,,
199,1,199.0,0.0,32.0,32.0,0.3228352665901184,79.88130103331059,5105.0048828125,,,,,
200,1,200.0,0.0,32.0,32.0,0.2266512513160705,68.82667995523661,4508.0693359375,,,,,
201,1,201.0,0.0,32.0,32.0,0.2563514113426208,59.37063309829682,4108.03271484375,,,,,
202,1,202.0,0.0,32.0,32.0,0.4315605759620666,67.49943201430142,4433.376953125,,,,,
203,1,203.0,0.0,32.0,32.0,0.4162868857383728,69.60566306952387,4555.076171875,,,,,
204,1,204.0,0.0,32.0,32.0,0.2483496814966201,80.71261399891227,5123.66064453125,,,,,
205,1,205.0,0.0,32.0,32.0,0.2101982831954956,74.37443197704852,4698.25146484375,,,,,
206,1,206.0,0.0,32.0,32.0,0.2805195152759552,82.2155800415203,5152.4375,,,,,
207,1,207.0,0.0,32.0,32.0,0.2108559906482696,72.60570710059255,4639.8251953125,,,,,
208,1,208.0,0.0,32.0,32.0,0.2383507639169693,68.44090204685926,4575.50634765625,,,,,
209,1,209.0,0.0,32.0,32.0,0.3341734409332275,80.18800802528858,5123.66064453125,,,,,
210,1,210.0,0.0,32.0,32.0,0.236665204167366,84.78246594313532,5240.04345703125,,,,,
211,1,211.0,0.0,32.0,32.0,0.3970515727996826,74.85291501507163,4794.64794921875,,,,,
212,1,212.0,0.0,32.0,32.0,0.2304466962814331,62.73096497170627,4307.3642578125,,,,,
213,1,213.0,0.0,32.0,32.0,0.1914756894111633,66.34552404284477,4386.42041015625,,,,,
214,1,214.0,0.0,32.0,32.0,0.2642412185668945,63.7078199069947,4212.10302734375,,,,,
215,1,215.0,0.0,32.0,32.0,0.2802525460720062,65.48212002962828,4386.42041015625,,,,,
216,1,216.0,0.0,32.0,32.0,0.3106594085693359,68.51407792419195,4575.50634765625,,,,,
217,1,217.0,0.0,32.0,32.0,0.2556017935276031,71.85519207268953,4639.8251953125,,,,,
218,1,218.0,0.0,32.0,32.0,0.2679270505905151,71.81564497295767,4764.27734375,,,,,
219,1,219.0,0.0,32.0,32.0,0.3173010945320129,83.27132405247539,5212.2392578125,,,,,
220,1,220.0,0.0,32.0,32.0,0.2736567854881286,65.38327492307872,4167.5205078125,,,,,
221,1,221.0,0.0,32.0,32.0,0.2395076304674148,74.57647495903075,4764.27734375,,,,,
222,1,222.0,0.0,32.0,32.0,0.3688582479953766,79.00243496987969,5045.93505859375,,,,,
223,1,223.0,0.0,32.0,32.0,0.136948674917221,63.32504306919873,4136.080078125,,,,,
224,1,224.0,0.0,32.0,32.0,0.5415183901786804,70.972416899167,4639.8251953125,,,,,
225,1,225.0,0.0,32.0,32.0,0.4301865696907043,73.29387194477022,4764.27734375,,,,,
226,1,226.0,0.0,32.0,32.0,0.2093783318996429,66.40002503991127,4331.32958984375,,,,,
227,1,227.0,0.0,32.0,32.0,0.3852324485778808,75.66725194919854,4956.47900390625,,,,,
228,1,228.0,0.0,32.0,32.0,0.3739534020423889,63.55484400410205,4136.080078125,,,,,
229,1,229.0,0.0,32.0,32.0,0.144366905093193,75.30058000702411,4808.83935546875,,,,,
230,1,230.0,0.0,32.0,32.0,0.4327450394630432,59.94014209136367,3937.59423828125,,,,,
231,1,231.0,0.0,32.0,32.0,0.1293852925300598,65.12991804629564,4410.056640625,,,,,
232,1,232.0,0.0,32.0,32.0,0.3283399045467376,68.16301809158176,4575.50634765625,,,,,
233,1,233.0,0.0,32.0,32.0,0.2597206234931946,78.96147901192307,4884.15185546875,,,,,
234,1,234.0,0.0,32.0,32.0,0.3222858309745788,71.70444598887116,4622.13720703125,,,,,
235,1,235.0,0.0,32.0,32.0,0.1897477358579635,65.93526003416628,4271.564453125,,,,,
236,1,236.0,0.0,32.0,32.0,0.1905260384082794,68.34177789278328,4485.7744140625,,,,,
237,1,237.0,0.0,32.0,32.0,0.3837611675262451,63.96341999061406,4307.3642578125,,,,,
238,1,238.0,0.0,32.0,32.0,0.1940740793943405,67.08491500467062,4508.0693359375,,,,,
239,1,239.0,0.0,32.0,32.0,0.2441726326942443,64.02541499119252,4307.3642578125,,,,,
240,1,240.0,0.0,32.0,32.0,0.3853562772274017,68.26944497879595,4485.7744140625,,,,,
241,1,241.0,0.0,32.0,32.0,0.1758804619312286,68.12024000100791,4555.076171875,,,,,
242,1,242.0,0.0,32.0,32.0,0.1657862067222595,66.67649501468986,4433.376953125,,,,,
243,1,243.0,0.0,32.0,32.0,0.2428489625453949,75.47627796884626,4794.64794921875,,,,,
244,1,244.0,0.0,32.0,32.0,0.068578615784645,64.31292998604476,4167.5205078125,,,,,
245,1,245.0,0.0,32.0,32.0,0.3275793194770813,65.66720793489367,4331.32958984375,,,,,
246,1,246.0,0.0,32.0,32.0,0.2078860402107238,70.33344998490065,4639.8251953125,,,,,
247,1,247.0,0.0,32.0,32.0,0.1762814968824386,69.7497520595789,4555.076171875,,,,,
248,1,248.0,0.0,32.0,32.0,0.1520285904407501,59.30961295962334,4045.24072265625,,,,,
249,1,249.0,0.0,32.0,32.0,0.2632890939712524,75.58063801843673,4808.83935546875,,,,,
250,1,250.0,0.0,32.0,32.0,0.113516628742218,83.73369392938912,5152.4375,,,,,
251,1,251.0,0.0,32.0,32.0,0.2037333548069,64.37392602674663,4307.3642578125,,,,,
252,1,252.0,0.0,32.0,32.0,0.4513275921344757,66.92363391630352,4410.056640625,,,,,
253,1,253.0,0.0,32.0,32.0,0.2397750318050384,68.29556403681636,4485.7744140625,,,,,
254,1,254.0,0.0,32.0,32.0,0.2108719646930694,77.65706104692072,4884.15185546875,,,,,
255,1,255.0,0.0,32.0,32.0,0.3762556314468384,66.88279600348324,4386.42041015625,,,,,
256,1,256.0,0.0,32.0,32.0,0.4539439082145691,63.85958602186293,4307.3642578125,,,,,
257,1,257.0,0.0,32.0,32.0,0.3878123462200165,65.87634305469692,4331.32958984375,,,,,
258,1,258.0,0.0,32.0,32.0,0.3135977983474731,67.01148999854922,4575.50634765625,,,,,
259,1,259.0,0.0,32.0,32.0,0.6212297677993774,71.25858298968524,4639.8251953125,,,,,
260,1,260.0,0.0,32.0,32.0,0.0760531425476074,63.66428197361529,4212.10302734375,,,,,
261,1,261.0,0.0,32.0,32.0,0.2602547109127044,76.23176206834614,4808.83935546875,,,,,
262,1,262.0,0.0,32.0,32.0,0.2409829199314117,78.68320599664003,4956.47900390625,,,,,
263,1,263.0,0.0,32.0,32.0,0.1746757179498672,83.28054507728666,5152.4375,,,,,
264,1,264.0,0.0,32.0,32.0,0.2887208759784698,70.52635098807514,4508.0693359375,,,,,
265,1,265.0,0.0,32.0,32.0,0.0649989396333694,67.39335891325027,4485.7744140625,,,,,
266,1,266.0,0.0,32.0,32.0,0.2897296845912933,66.0589950857684,4331.32958984375,,,,,
267,1,267.0,0.0,32.0,32.0,0.3461257219314575,67.20633595250547,4410.056640625,,,,,
268,1,268.0,0.0,32.0,32.0,0.2654863595962524,75.9603880578652,4865.3291015625,,,,,
269,1,269.0,0.0,32.0,32.0,0.2554203271865845,65.56511693634093,4235.150390625,,,,,
270,1,270.0,0.0,32.0,32.0,0.4715877473354339,72.17525003943592,4734.25,,,,,
271,1,271.0,0.0,32.0,32.0,0.058554071933031,71.41431199852377,4639.8251953125,,,,,
272,1,272.0,0.0,32.0,32.0,0.1102518886327743,76.57570205628872,4956.47900390625,,,,,
273,1,273.0,0.0,32.0,32.0,0.3144627213478088,66.19818997569382,4331.32958984375,,,,,
274,1,274.0,0.0,32.0,32.0,0.2077895104885101,65.75352710206062,4386.42041015625,,,,,
275,1,275.0,0.0,32.0,32.0,0.3827984035015106,67.40963400807232,4485.7744140625,,,,,
276,1,276.0,0.0,32.0,32.0,0.0745246037840843,78.18774704355747,4915.869140625,,,,,
277,1,277.0,0.0,32.0,32.0,0.1794676780700683,70.43751899618655,4575.50634765625,,,,,
278,1,278.0,0.0,32.0,32.0,0.0847182497382164,70.30116999521852,4508.0693359375,,,,,
279,1,279.0,0.0,32.0,32.0,0.481422483921051,75.98695997148752,4808.83935546875,,,,,
280,1,280.0,0.0,32.0,32.0,0.0788702815771102,63.692296971566975,4136.080078125,,,,,
281,1,281.0,0.0,32.0,32.0,0.1949554979801178,64.81981102842838,4331.32958984375,,,,,
282,1,282.0,0.0,32.0,32.0,0.391885370016098,68.2025250280276,4485.7744140625,,,,,
283,1,283.0,0.0,32.0,32.0,0.1554323583841323,69.1180870635435,4575.50634765625,,,,,
284,1,284.0,0.0,32.0,32.0,0.4543763399124145,66.53452094178647,4331.32958984375,,,,,
285,1,285.0,0.0,32.0,32.0,0.0976766273379325,65.68554497789592,4271.564453125,,,,,
286,1,286.0,0.0,32.0,32.0,0.1402844935655594,66.91929593216628,4386.42041015625,,,,,
287,1,287.0,0.0,32.0,32.0,0.1982378810644149,67.0154090039432,4410.056640625,,,,,
288,1,288.0,0.0,32.0,32.0,0.2545356750488281,67.44830508250743,4433.376953125,,,,,
289,1,289.0,0.0,32.0,32.0,0.112259566783905,64.09872299991548,4271.564453125,,,,,
290,1,290.0,0.0,32.0,32.0,0.2569334208965301,64.56476694438607,4235.150390625,,,,,
291,1,291.0,0.0,32.0,32.0,0.2106547951698303,64.05631103552878,4167.5205078125,,,,,
292,1,292.0,0.0,32.0,32.0,0.2993731498718261,64.01157507207245,4167.5205078125,,,,,
293,1,293.0,0.0,32.0,32.0,0.0523416101932525,68.77771392464638,4575.50634765625,,,,,
294,1,294.0,0.0,32.0,32.0,0.1436288654804229,73.24450998567045,4734.25,,,,,
295,1,295.0,0.0,32.0,32.0,0.5751193761825562,73.12166900373995,4734.25,,,,,
296,1,296.0,0.0,32.0,32.0,0.2311659902334213,66.55482796486467,4386.42041015625,,,,,
297,1,297.0,0.0,32.0,32.0,0.1942387670278549,61.977331060916185,4307.3642578125,,,,,
298,1,298.0,0.0,32.0,32.0,0.0797681659460067,77.39527605008334,4915.869140625,,,,,
299,1,299.0,0.0,32.0,32.0,0.1221470087766647,69.66691499110311,4575.50634765625,,,,,
300,1,300.0,0.0,32.0,32.0,0.2232108563184738,64.29826596286148,4307.3642578125,,,,,
301,1,301.0,0.0,32.0,32.0,0.1290530115365982,70.30257303267717,4639.8251953125,,,,,
302,1,302.0,0.0,32.0,32.0,0.4659040868282318,70.79521694686264,4639.8251953125,,,,,
303,1,303.0,0.0,32.0,32.0,0.0488953851163387,64.30685799568892,4212.10302734375,,,,,
304,1,304.0,0.0,32.0,32.0,0.5128531455993652,76.55025995336473,4884.15185546875,,,,,
305,1,305.0,0.0,32.0,32.0,0.3869641423225403,66.54974701814353,4331.32958984375,,,,,
306,1,306.0,0.0,32.0,32.0,0.1176308244466781,66.7215590365231,4386.42041015625,,,,,
307,1,307.0,0.0,32.0,32.0,0.1561028212308883,63.31057602073997,4167.5205078125,,,,,
308,1,308.0,0.0,32.0,32.0,0.0756458789110183,68.41708102729172,4508.0693359375,,,,,
309,1,309.0,0.0,32.0,32.0,0.1146291866898536,68.88674001675099,4508.0693359375,,,,,
310,1,310.0,0.0,32.0,32.0,0.1471889168024063,76.66533102747053,4884.15185546875,,,,,
311,1,311.0,0.0,32.0,32.0,0.4246183633804321,68.61515191849321,4386.42041015625,,,,,
312,1,312.0,0.0,32.0,32.0,0.439582496881485,72.45854800567031,4698.25146484375,,,,,
313,1,313.0,0.0,32.0,32.0,0.425662100315094,68.39735305402428,4508.0693359375,,,,,
314,1,314.0,0.0,32.0,32.0,0.0538883879780769,64.78084297850728,4235.150390625,,,,,
315,1,315.0,0.0,32.0,32.0,0.210291713476181,68.14382201991975,4410.056640625,,,,,
316,1,316.0,0.0,32.0,32.0,0.229139506816864,66.31935096811503,4386.42041015625,,,,,
317,1,317.0,0.0,32.0,32.0,0.500700831413269,74.73350095096976,4865.3291015625,,,,,
318,1,318.0,0.0,32.0,32.0,0.1605991274118423,69.6000800235197,4508.0693359375,,,,,
319,1,319.0,0.0,32.0,32.0,0.2059090882539749,70.03959501162171,4508.0693359375,,,,,
320,1,320.0,0.0,32.0,32.0,0.3635963201522827,71.57380098942667,4734.25,,,,,
321,1,321.0,0.0,32.0,32.0,0.4241872429847717,70.09300892241299,4622.13720703125,,,,,
322,1,322.0,0.0,32.0,32.0,0.2306199520826339,59.91231102962047,4063.82470703125,,,,,
323,1,323.0,0.0,32.0,32.0,0.0415941402316093,65.6284160213545,4410.056640625,,,,,
324,1,324.0,0.0,32.0,32.0,0.1668609231710434,77.04282295890152,4794.64794921875,,,,,
325,1,325.0,0.0,32.0,32.0,0.1187704056501388,75.6760889198631,4698.25146484375,,,,,
326,1,326.0,0.0,32.0,32.0,0.1410558521747589,64.38259093556553,4212.10302734375,,,,,
327,1,327.0,0.0,32.0,32.0,0.3890722990036011,75.83528396207839,4865.3291015625,,,,,
328,1,328.0,0.0,32.0,32.0,0.2183641642332077,78.8915049051866,4884.15185546875,,,,,
329,1,329.0,0.0,32.0,32.0,0.2159323394298553,69.81589808128774,4639.8251953125,,,,,
330,1,330.0,0.0,32.0,32.0,0.1276378631591797,66.77934795152396,4410.056640625,,,,,
331,1,331.0,0.0,32.0,32.0,0.2634621858596802,70.24035300128162,4639.8251953125,,,,,
332,1,332.0,0.0,32.0,32.0,0.0867396891117096,64.1115449834615,4212.10302734375,,,,,
333,1,333.0,0.0,32.0,32.0,0.4438677430152893,77.45423703454435,4884.15185546875,,,,,
334,1,334.0,0.0,32.0,32.0,0.1625309884548187,67.90409795939922,4386.42041015625,,,,,
335,1,335.0,0.0,32.0,32.0,0.1701087057590484,69.04986698646098,4555.076171875,,,,,
336,1,336.0,0.0,32.0,32.0,0.0960837379097938,68.77065601292998,4575.50634765625,,,,,
337,1,337.0,0.0,32.0,32.0,0.4336780905723572,74.18272702489048,4794.64794921875,,,,,
338,1,338.0,0.0,32.0,32.0,0.2179523110389709,68.4838390443474,4386.42041015625,,,,,
339,1,339.0,0.0,32.0,32.0,0.0519040897488594,66.67655892670155,4386.42041015625,,,,,
340,1,340.0,0.0,32.0,32.0,0.4015357196331024,67.2354589914903,4331.32958984375,,,,,
341,1,341.0,0.0,32.0,32.0,0.2144410908222198,77.2123800124973,4884.15185546875,,,,,
342,1,342.0,0.0,32.0,32.0,0.2252532541751861,69.32633696123958,4575.50634765625,,,,,
343,1,343.0,0.0,32.0,32.0,0.2022331953048706,70.76352403964847,4622.13720703125,,,,,
344,1,344.0,0.0,32.0,32.0,0.0592048875987529,67.85831693559885,4485.7744140625,,,,,
345,1,345.0,0.0,32.0,32.0,0.070584625005722,71.49620400741696,4764.27734375,,,,,
346,1,346.0,0.0,32.0,32.0,0.2371053099632263,70.77782601118088,4622.13720703125,,,,,
347,1,347.0,0.0,32.0,32.0,0.5033115148544312,73.44390405341983,4698.25146484375,,,,,
348,1,348.0,0.0,32.0,32.0,0.4499683976173401,68.62698099575937,4485.7744140625,,,,,
349,1,349.0,0.0,32.0,32.0,0.2356391251087188,58.54623799677938,4045.24072265625,,,,,
350,1,350.0,0.0,32.0,32.0,0.184191882610321,74.35796910431236,4764.27734375,,,,,
351,1,351.0,0.0,32.0,32.0,0.2201980352401733,78.46563099883497,4956.47900390625,,,,,
352,1,352.0,0.0,32.0,32.0,0.1780599653720855,75.31589397694916,4764.27734375,,,,,
353,1,353.0,0.0,32.0,32.0,0.1216134428977966,67.3259780742228,4485.7744140625,,,,,
354,1,354.0,0.0,32.0,32.0,0.2577613890171051,71.55516697093844,4639.8251953125,,,,,
355,1,355.0,0.0,32.0,32.0,0.0404102876782417,63.4996589506045,4167.5205078125,,,,,
356,1,356.0,0.0,32.0,32.0,0.1784705519676208,65.72365702595562,4331.32958984375,,,,,
357,1,357.0,0.0,32.0,32.0,0.3353626728057861,61.61289406009018,4108.03271484375,,,,,
358,1,358.0,0.0,32.0,32.0,0.205134630203247,66.1123130703345,4433.376953125,,,,,
359,1,359.0,0.0,32.0,32.0,0.4343624114990234,67.60642200242728,4485.7744140625,,,,,
360,1,360.0,0.0,32.0,32.0,0.2006489932537078,63.16602602601051,4167.5205078125,,,,,
361,1,361.0,0.0,32.0,32.0,0.0472002401947975,63.350912067107856,4212.10302734375,,,,,
362,1,362.0,0.0,32.0,32.0,0.3184704780578613,67.14309996459633,4386.42041015625,,,,,
363,1,363.0,0.0,32.0,32.0,0.0901289731264114,65.44949405360967,4271.564453125,,,,,
364,1,364.0,0.0,32.0,32.0,0.3601831197738647,64.26101503893733,4212.10302734375,,,,,
365,1,365.0,0.0,32.0,32.0,0.1961859762668609,60.31873298343271,4063.82470703125,,,,,
366,1,366.0,0.0,32.0,32.0,0.0388943403959274,66.0209049237892,4271.564453125,,,,,
367,1,367.0,0.0,32.0,32.0,0.2687217891216278,76.31574699189514,4794.64794921875,,,,,
368,1,368.0,0.0,32.0,32.0,0.1598812341690063,68.89466498978436,4433.376953125,,,,,
369,1,369.0,0.0,32.0,32.0,0.3467251062393188,63.15346201881766,4212.10302734375,,,,,
370,1,370.0,0.0,32.0,32.0,0.4516333341598511,69.03229001909494,4575.50634765625,,,,,
371,1,371.0,0.0,32.0,32.0,0.2113917917013168,66.81393401231617,4212.10302734375,,,,,
372,1,372.0,0.0,32.0,32.0,0.4833044409751892,63.645662972703576,4212.10302734375,,,,,
373,1,373.0,0.0,32.0,32.0,0.1011393740773201,59.450577944517136,4063.82470703125,,,,,
374,1,374.0,0.0,32.0,32.0,0.225621223449707,71.01558893918991,4622.13720703125,,,,,
375,1,375.0,0.0,32.0,32.0,0.2895457744598388,70.42591006029397,4622.13720703125,,,,,
376,1,376.0,0.0,32.0,32.0,0.2155724316835403,64.36266202945262,4212.10302734375,,,,,
377,1,377.0,0.0,32.0,32.0,0.3228538036346435,67.77011300437152,4555.076171875,,,,,
378,1,378.0,0.0,32.0,32.0,0.2094360589981079,72.5804710527882,4698.25146484375,,,,,
379,1,379.0,0.0,32.0,32.0,0.1449575424194336,69.45092603564262,4555.076171875,,,,,
380,1,380.0,0.0,32.0,32.0,0.1407398432493209,76.65295095648617,4794.64794921875,,,,,
381,1,381.0,0.0,32.0,32.0,0.2152602970600128,69.31591406464577,4433.376953125,,,,,
382,1,382.0,0.0,32.0,32.0,0.1528906524181366,64.5343359792605,4212.10302734375,,,,,
383,1,383.0,0.0,32.0,32.0,0.1141219586133956,64.40313707571477,4235.150390625,,,,,
384,1,384.0,0.0,32.0,32.0,0.2246419191360473,71.7373879160732,4639.8251953125,,,,,
385,1,385.0,0.0,32.0,32.0,0.256522536277771,65.9910150570795,4386.42041015625,,,,,
386,1,386.0,0.0,32.0,32.0,0.1534619331359863,76.9008919596672,4985.5732421875,,,,,
387,1,387.0,0.0,32.0,32.0,0.1401083171367645,78.85410799644887,4985.5732421875,,,,,
388,1,388.0,0.0,32.0,32.0,0.1377127170562744,68.6709659639746,4433.376953125,,,,,
389,1,389.0,0.0,32.0,32.0,0.1947547942399978,69.07672109082341,4575.50634765625,,,,,
390,1,390.0,0.0,32.0,32.0,0.0577272363007068,67.68534693401307,4508.0693359375,,,,,
391,1,391.0,0.0,32.0,32.0,0.1123508810997009,58.23570303618908,4045.24072265625,,,,,
392,1,392.0,0.0,32.0,32.0,0.1750629842281341,62.00798798818141,4307.3642578125,,,,,
393,1,393.0,0.0,32.0,32.0,0.2260013371706009,68.19404009729624,4555.076171875,,,,,
394,1,394.0,0.0,32.0,32.0,0.4275918006896972,77.2879890864715,4794.64794921875,,,,,
395,1,395.0,0.0,32.0,32.0,0.3122176229953766,70.0233179377392,4508.0693359375,,,,,
396,1,396.0,0.0,32.0,32.0,0.1458227187395095,59.601482935249805,4063.82470703125,,,,,
397,1,397.0,0.0,32.0,32.0,0.3223372995853424,56.19936797302216,3906.5791015625,,,,,
398,1,398.0,0.0,32.0,32.0,0.1418977081775665,70.99530496634543,4698.25146484375,,,,,
399,1,399.0,0.0,32.0,32.0,0.3156293928623199,69.14422300178558,4508.0693359375,,,,,
400,1,400.0,0.0,32.0,32.0,0.1329969614744186,63.73667507432401,4167.5205078125,,,,,
401,1,401.0,0.0,32.0,32.0,0.0635468959808349,78.37418699637055,5015.54736328125,,,,,
402,1,402.0,0.0,32.0,32.0,0.3047884106636047,70.57240407448262,4508.0693359375,,,,,
403,1,403.0,0.0,32.0,32.0,0.2279044240713119,64.37083496712148,4235.150390625,,,,,
404,1,404.0,0.0,32.0,32.0,0.1119261234998703,75.8045989787206,4808.83935546875,,,,,
405,1,405.0,0.0,32.0,32.0,0.1623841524124145,58.30430600326508,3906.5791015625,,,,,
406,1,406.0,0.0,32.0,32.0,0.1853524893522262,64.25512803252786,4271.564453125,,,,,
407,1,407.0,0.0,32.0,32.0,0.0857203006744384,59.27435506600887,4063.82470703125,,,,,
408,1,408.0,0.0,32.0,32.0,0.1721011698246002,67.5990330055356,4485.7744140625,,,,,
409,1,409.0,0.0,32.0,32.0,0.5158255100250244,77.44122494477779,4915.869140625,,,,,
410,1,410.0,0.0,32.0,32.0,0.3488489091396332,74.59617301356047,4698.25146484375,,,,,
411,1,411.0,0.0,32.0,32.0,0.148949384689331,78.86702404357493,5045.93505859375,,,,,
412,1,412.0,0.0,32.0,32.0,0.7027842998504639,61.03581399656832,4108.03271484375,,,,,
413,1,413.0,0.0,32.0,32.0,0.1967587918043136,67.56918004248291,4485.7744140625,,,,,
414,1,414.0,0.0,32.0,32.0,0.371078610420227,71.75720599479973,4639.8251953125,,,,,
415,1,415.0,0.0,32.0,32.0,0.2187093049287796,63.600857043638825,4307.3642578125,,,,,
416,1,416.0,0.0,32.0,32.0,0.4518445134162903,77.72556599229574,4915.869140625,,,,,
417,1,417.0,0.0,32.0,32.0,0.1367253363132476,66.26211991533637,4386.42041015625,,,,,
418,1,418.0,0.0,32.0,32.0,0.3266542553901672,83.1595160998404,5212.2392578125,,,,,
419,1,419.0,0.0,32.0,32.0,0.3041026592254638,72.79008801560849,4698.25146484375,,,,,
420,1,420.0,0.0,32.0,32.0,0.1087731570005416,71.34562998544425,4639.8251953125,,,,,
421,1,421.0,0.0,32.0,32.0,0.4054899513721466,65.17101801000535,4271.564453125,,,,,
422,1,422.0,0.0,32.0,32.0,0.3323730826377868,68.82296805270016,4575.50634765625,,,,,
423,1,423.0,0.0,32.0,32.0,0.1486478298902511,72.94322503730655,4639.8251953125,,,,,
424,1,424.0,0.0,32.0,32.0,0.2182128429412841,65.41589903645217,4386.42041015625,,,,,
425,1,425.0,0.0,32.0,32.0,0.2289002537727356,66.21218204963952,4271.564453125,,,,,
426,1,426.0,0.0,32.0,32.0,0.1398259252309799,68.5247560031712,4575.50634765625,,,,,
427,1,427.0,0.0,32.0,32.0,0.1839938014745712,64.23495395574719,4167.5205078125,,,,,
428,1,428.0,0.0,32.0,32.0,0.1286214590072631,67.8073070012033,4410.056640625,,,,,
429,1,429.0,0.0,32.0,32.0,0.2634943723678589,68.90527706127614,4555.076171875,,,,,
430,1,430.0,0.0,32.0,32.0,0.3374793529510498,69.78945503942668,4485.7744140625,,,,,
431,1,431.0,0.0,32.0,32.0,0.3008464872837066,82.37474004272372,5152.4375,,,,,
432,1,432.0,0.0,32.0,32.0,0.1541626751422882,63.169491942971945,4307.3642578125,,,,,
433,1,433.0,0.0,32.0,32.0,0.2164698392152786,70.63657499384135,4622.13720703125,,,,,
434,1,434.0,0.0,32.0,32.0,0.1520407795906067,65.93646795954555,4271.564453125,,,,,
435,1,435.0,0.0,32.0,32.0,0.1655287444591522,66.95955188479275,4410.056640625,,,,,
436,1,436.0,0.0,32.0,32.0,0.395167589187622,72.28085806127638,4698.25146484375,,,,,
437,1,437.0,0.0,32.0,32.0,0.1507960557937622,64.61430294439197,4167.5205078125,,,,,
438,1,438.0,0.0,32.0,32.0,0.1883710920810699,67.50161107629538,4410.056640625,,,,,
439,1,439.0,0.0,32.0,32.0,0.0883660018444061,66.629778011702,4433.376953125,,,,,
440,1,440.0,0.0,32.0,32.0,0.2478428483009338,56.77307909354568,3990.52294921875,,,,,
441,1,441.0,0.0,32.0,32.0,0.0706039294600486,67.52604304347187,4575.50634765625,,,,,
442,1,442.0,0.0,32.0,32.0,0.3559630811214447,65.92553004156798,4235.150390625,,,,,
443,1,443.0,0.0,32.0,32.0,0.1387645751237869,68.26037098653615,4508.0693359375,,,,,
444,1,444.0,0.0,32.0,32.0,0.1211736649274826,85.73296095710248,5261.7529296875,,,,,
445,1,445.0,0.0,32.0,32.0,0.1025879383087158,68.64334805868566,4331.32958984375,,,,,
446,1,446.0,0.0,32.0,32.0,0.3871541619300842,63.54720902163536,4167.5205078125,,,,,
447,1,447.0,0.0,32.0,32.0,0.2405216991901397,66.72351504676044,4410.056640625,,,,,
448,1,448.0,0.0,32.0,32.0,0.2331025302410125,65.48478093463928,4331.32958984375,,,,,
449,1,449.0,0.0,32.0,32.0,0.356179267168045,71.65369705762714,4734.25,,,,,
450,1,450.0,0.0,32.0,32.0,0.22860848903656,68.5098929097876,4433.376953125,,,,,
451,1,451.0,0.0,32.0,32.0,0.2602498531341553,67.3674630234018,4433.376953125,,,,,
452,1,452.0,0.0,32.0,32.0,0.1895638704299926,69.23218490555882,4508.0693359375,,,,,
453,1,453.0,0.0,32.0,32.0,0.1360926628112793,69.12046705838293,4555.076171875,,,,,
454,1,454.0,0.0,32.0,32.0,0.1354267299175262,77.74748804513365,4884.15185546875,,,,,
455,1,455.0,0.0,32.0,32.0,0.2386640310287475,63.756147981621325,4307.3642578125,,,,,
456,1,456.0,0.0,32.0,32.0,0.2109090089797973,69.9488369282335,4639.8251953125,,,,,
457,1,457.0,0.0,32.0,32.0,0.1305178552865982,67.9820409277454,4508.0693359375,,,,,
458,1,458.0,0.0,32.0,32.0,0.161352202296257,70.79041993711144,4555.076171875,,,,,
459,1,459.0,0.0,32.0,32.0,0.1362228542566299,73.25365790165961,4698.25146484375,,,,,
460,1,460.0,0.0,32.0,32.0,0.2823272943496704,66.61672599148005,4433.376953125,,,,,
461,1,461.0,0.0,32.0,32.0,0.2261396199464798,68.94915096927434,4555.076171875,,,,,
462,1,462.0,0.0,32.0,32.0,0.0922714844346046,67.5641898997128,4331.32958984375,,,,,
463,1,463.0,0.0,32.0,32.0,0.1875226497650146,72.2882819827646,4698.25146484375,,,,,
464,1,464.0,0.0,32.0,32.0,0.2879586815834045,66.37225300073624,4331.32958984375,,,,,
465,1,465.0,0.0,32.0,32.0,0.2754792869091034,67.12760194204748,4410.056640625,,,,,
466,1,466.0,0.0,32.0,32.0,0.3358060717582702,67.56361701991409,4410.056640625,,,,,
467,1,467.0,0.0,32.0,32.0,0.5216526389122009,64.13587997667491,4212.10302734375,,,,,
468,1,468.0,0.0,32.0,32.0,0.2190311998128891,67.9702409543097,4433.376953125,,,,,
469,1,469.0,0.0,32.0,32.0,0.4262759983539581,67.40932504180819,4410.056640625,,,,,
470,1,470.0,0.0,32.0,32.0,0.2407013922929763,67.53335311077535,4410.056640625,,,,,
471,1,471.0,0.0,32.0,32.0,0.2141560018062591,80.40575007908046,5123.66064453125,,,,,
472,1,472.0,0.0,32.0,32.0,0.209302544593811,69.01480699889362,4508.0693359375,,,,,
473,1,473.0,0.0,32.0,32.0,0.2122612595558166,70.72552898898721,4622.13720703125,,,,,
474,1,474.0,0.0,32.0,32.0,0.2594444155693054,63.91868297941983,4212.10302734375,,,,,
475,1,475.0,0.0,32.0,32.0,0.3257257640361786,63.71536606457085,4212.10302734375,,,,,
476,1,476.0,0.0,32.0,32.0,0.1948957294225692,73.81207100115716,4764.27734375,,,,,
477,1,477.0,0.0,32.0,32.0,0.229929581284523,79.685456934385,4884.15185546875,,,,,
478,1,478.0,0.0,32.0,32.0,0.1773862689733505,73.72613600455225,4734.25,,,,,
479,1,479.0,0.0,32.0,32.0,0.206785649061203,76.41281292308122,4808.83935546875,,,,,
480,1,480.0,0.0,32.0,32.0,0.3636165857315063,69.30958305019885,4622.13720703125,,,,,
481,1,481.0,0.0,32.0,32.0,0.1247447282075882,73.34117603022605,4764.27734375,,,,,
482,1,482.0,0.0,32.0,32.0,0.14304780960083,64.7664429852739,4212.10302734375,,,,,
483,1,483.0,0.0,32.0,32.0,0.1060460656881332,71.73964602407068,4734.25,,,,,
484,1,484.0,0.0,32.0,32.0,0.2681608498096466,69.55805094912648,4575.50634765625,,,,,
485,1,485.0,0.0,32.0,32.0,0.1903866976499557,69.96572692878544,4555.076171875,,,,,
486,1,486.0,0.0,32.0,32.0,0.1236606761813163,68.21041298098862,4433.376953125,,,,,
487,1,487.0,0.0,32.0,32.0,0.2604675889015198,70.79847098793834,4271.564453125,,,,,
488,1,488.0,0.0,32.0,32.0,0.1969586312770843,70.65515988506377,4764.27734375,,,,,
489,1,489.0,0.0,32.0,32.0,0.2698140740394592,60.23168296087533,4108.03271484375,,,,,
490,1,490.0,0.0,32.0,32.0,0.4862609207630157,66.80236093234271,4331.32958984375,,,,,
491,1,491.0,0.0,32.0,32.0,0.2428225576877594,67.3881609691307,4410.056640625,,,,,
492,1,492.0,0.0,32.0,32.0,0.1421700567007064,80.64209599979222,5015.54736328125,,,,,
493,1,493.0,0.0,32.0,32.0,0.0896767899394035,67.1426790067926,4271.564453125,,,,,
494,1,494.0,0.0,32.0,32.0,0.2785201370716095,63.24437691364437,4307.3642578125,,,,,
495,1,495.0,0.0,32.0,32.0,0.1530091613531112,67.84532789606601,4485.7744140625,,,,,
496,1,496.0,0.0,32.0,32.0,0.4846667647361755,67.06065102480352,4575.50634765625,,,,,
497,1,497.0,0.0,32.0,32.0,0.0830385312438011,68.2517079403624,4485.7744140625,,,,,
498,1,498.0,0.0,32.0,32.0,0.0564272329211235,70.08977304212749,4622.13720703125,,,,,
499,1,499.0,0.0,32.0,32.0,0.2382192909717559,71.32962590549141,4622.13720703125,,,,,
500,1,500.0,0.0,32.0,32.0,0.1789448112249374,65.65480795688927,4331.32958984375,,,,,
501,1,501.0,0.0,32.0,32.0,0.3380506634712219,63.885972020216286,4136.080078125,,,,,
502,1,502.0,0.0,32.0,32.0,0.1312487721443176,73.24071798939258,4764.27734375,,,,,
503,1,503.0,0.0,32.0,32.0,0.4157383441925049,59.22843201551586,4045.24072265625,,,,,
504,1,504.0,0.0,32.0,32.0,0.460522711277008,69.83042496722192,4639.8251953125,,,,,
505,1,505.0,0.0,32.0,32.0,0.1137026101350784,70.70319692138582,4622.13720703125,,,,,
506,1,506.0,0.0,32.0,32.0,0.1032308116555213,72.08369392901659,4734.25,,,,,
507,1,507.0,0.0,32.0,32.0,0.1747471839189529,68.51628702133894,4410.056640625,,,,,
508,1,508.0,0.0,32.0,32.0,0.4999475181102752,66.57858693506569,4271.564453125,,,,,
509,1,509.0,0.0,32.0,32.0,0.1713965386152267,78.46114004496485,5015.54736328125,,,,,
510,1,510.0,0.0,32.0,32.0,0.0620325431227684,67.29973794426769,4386.42041015625,,,,,
511,1,511.0,0.0,32.0,32.0,0.1822979599237442,65.797035000287,4271.564453125,,,,,
512,1,512.0,0.0,32.0,32.0,0.2703199684619903,71.11470494419336,4734.25,,,,,
513,1,513.0,0.0,32.0,32.0,0.071699284017086,66.85161998029798,4386.42041015625,,,,,
514,1,514.0,0.0,32.0,32.0,0.2586041986942291,67.31923192273825,4386.42041015625,,,,,
515,1,515.0,0.0,32.0,32.0,0.1552218198776245,76.0594040621072,4808.83935546875,,,,,
516,1,516.0,0.0,32.0,32.0,0.3354443907737732,82.02019392047077,5123.66064453125,,,,,
517,1,517.0,0.0,32.0,32.0,0.2273785173892974,69.21480409801006,4485.7744140625,,,,,
518,1,518.0,0.0,32.0,32.0,0.067145399749279,66.67679699603468,4331.32958984375,,,,,
519,1,519.0,0.0,32.0,32.0,0.2348281592130661,62.78226408176124,4212.10302734375,,,,,
520,1,520.0,0.0,32.0,32.0,0.0868412256240844,66.7543699964881,4410.056640625,,,,,
521,1,521.0,0.0,32.0,32.0,0.4117141962051391,67.98057397827506,4433.376953125,,,,,
522,1,522.0,0.0,32.0,32.0,0.2362678945064544,68.87844996526837,4485.7744140625,,,,,
523,1,523.0,0.0,32.0,32.0,0.1574854254722595,66.35056796949357,4386.42041015625,,,,,
524,1,524.0,0.0,32.0,32.0,0.4976919591426849,69.5421181153506,4485.7744140625,,,,,
525,1,525.0,0.0,32.0,32.0,0.4893014430999756,63.506764941848814,4307.3642578125,,,,,
526,1,526.0,0.0,32.0,32.0,0.0273841023445129,66.86529493890703,4575.50634765625,,,,,
527,1,527.0,0.0,32.0,32.0,0.0275773350149393,69.14019107352942,4575.50634765625,,,,,
528,1,528.0,0.0,32.0,32.0,0.2657941579818725,63.78174794372171,4136.080078125,,,,,
529,1,529.0,0.0,32.0,32.0,0.2004253566265106,65.91294205281883,4410.056640625,,,,,
530,1,530.0,0.0,32.0,32.0,0.2786865830421448,69.8707130504772,4575.50634765625,,,,,
531,1,531.0,0.0,32.0,32.0,0.1627446115016937,73.22903303429484,4734.25,,,,,
532,1,532.0,0.0,32.0,32.0,0.1422703713178634,65.75608206912875,4235.150390625,,,,,
533,1,533.0,0.0,32.0,32.0,0.069400168955326,73.28309200238436,4764.27734375,,,,,
534,1,534.0,0.0,32.0,32.0,0.2199399173259735,71.72199594788253,4622.13720703125,,,,,
535,1,535.0,0.0,32.0,32.0,0.0528731048107147,65.34284609369934,4331.32958984375,,,,,
536,1,536.0,0.0,32.0,32.0,0.4035078287124634,71.54349004849792,4639.8251953125,,,,,
537,1,537.0,0.0,32.0,32.0,0.415032684803009,67.10471399128437,4331.32958984375,,,,,
538,1,538.0,0.0,32.0,32.0,0.1592284142971038,67.20916903577745,4271.564453125,,,,,
539,1,539.0,0.0,32.0,32.0,0.070257544517517,66.24840700533241,4433.376953125,,,,,
540,1,540.0,0.0,32.0,32.0,0.2685369551181793,72.9595689335838,4698.25146484375,,,,,
541,1,541.0,0.0,32.0,32.0,0.1339091658592224,72.94177706353366,4698.25146484375,,,,,
542,1,542.0,0.0,32.0,32.0,0.0739009007811546,65.0564240058884,4235.150390625,,,,,
543,1,543.0,0.0,32.0,32.0,0.332049697637558,64.75884898100048,4410.056640625,,,,,
544,1,544.0,0.0,32.0,32.0,0.2116658836603164,63.26097901910544,4167.5205078125,,,,,
545,1,545.0,0.0,32.0,32.0,0.1687343120574951,69.56685404293239,4575.50634765625,,,,,
546,1,546.0,0.0,32.0,32.0,0.0899471789598465,66.7718379991129,4271.564453125,,,,,
547,1,547.0,0.0,32.0,32.0,0.195530354976654,58.098452049307525,3990.52294921875,,,,,
548,1,548.0,0.0,32.0,32.0,0.166124939918518,66.2334329681471,4331.32958984375,,,,,
549,1,549.0,0.0,32.0,32.0,0.1222454160451889,71.88936707098037,4639.8251953125,,,,,
550,1,550.0,0.0,32.0,32.0,0.0432277917861938,73.05274694226682,4698.25146484375,,,,,
551,1,551.0,0.0,32.0,32.0,0.2082203775644302,79.94729897473007,5105.0048828125,,,,,
552,1,552.0,0.0,32.0,32.0,0.3250147700309753,71.24795799609274,4622.13720703125,,,,,
553,1,553.0,0.0,32.0,32.0,0.2168107628822326,63.786332961171865,4167.5205078125,,,,,
554,1,554.0,0.0,32.0,32.0,0.0838214978575706,63.815584988333285,4212.10302734375,,,,,
555,1,555.0,0.0,32.0,32.0,0.2469390630722046,70.76540996786207,4639.8251953125,,,,,
556,1,556.0,0.0,32.0,32.0,0.0920393615961074,71.87009509652853,4639.8251953125,,,,,
557,1,557.0,0.0,32.0,32.0,0.2949625253677368,77.65699701849371,4915.869140625,,,,,
558,1,558.0,0.0,32.0,32.0,0.1192684322595596,59.4705599360168,4108.03271484375,,,,,
559,1,559.0,0.0,32.0,32.0,0.325818806886673,76.74237806349993,4956.47900390625,,,,,
560,1,560.0,0.0,32.0,32.0,0.0490695908665657,77.84554199315608,4808.83935546875,,,,,
561,1,561.0,0.0,32.0,32.0,0.0593098476529121,84.21629399526864,5261.7529296875,,,,,
562,1,562.0,0.0,32.0,32.0,0.2087865024805069,70.5580459907651,4555.076171875,,,,,
563,1,563.0,0.0,32.0,32.0,0.0715638250112533,63.44419298693538,4136.080078125,,,,,
564,1,564.0,0.0,32.0,32.0,0.171777531504631,58.44807799439877,4045.24072265625,,,,,
565,1,565.0,0.0,32.0,32.0,0.1382553428411483,73.02961102686822,4764.27734375,,,,,
566,1,566.0,0.0,32.0,32.0,0.2621985971927643,78.27010995242745,4956.47900390625,,,,,
567,1,567.0,0.0,32.0,32.0,0.0864386856555938,65.13004400767386,4136.080078125,,,,,
568,1,568.0,0.0,32.0,32.0,0.0796484872698783,63.46704193856567,4235.150390625,,,,,
569,1,569.0,0.0,32.0,32.0,0.0813815742731094,63.30078199971467,4212.10302734375,,,,,
570,1,570.0,0.0,32.0,32.0,0.0910452157258987,68.50508495699614,4575.50634765625,,,,,
571,1,571.0,0.0,32.0,32.0,0.2208593189716339,68.06972797494382,4386.42041015625,,,,,
572,1,572.0,0.0,32.0,32.0,0.1282749027013778,66.85283908154815,4433.376953125,,,,,
573,1,573.0,0.0,32.0,32.0,0.4441769123077392,63.551719998940825,4307.3642578125,,,,,
574,1,574.0,0.0,32.0,32.0,0.2314176112413406,61.61903101019561,4307.3642578125,,,,,
575,1,575.0,0.0,32.0,32.0,0.1852063089609146,63.19126102607697,4307.3642578125,,,,,
576,1,576.0,0.0,32.0,32.0,0.4555432200431824,66.6954320622608,4386.42041015625,,,,,
577,1,577.0,0.0,32.0,32.0,0.1937717944383621,76.75587804988027,4808.83935546875,,,,,
578,1,578.0,0.0,32.0,32.0,0.0481233038008213,68.48454289138317,4410.056640625,,,,,
579,1,579.0,0.0,32.0,32.0,0.1322144716978073,68.04099504370242,4433.376953125,,,,,
580,1,580.0,0.0,32.0,32.0,0.5450537800788879,66.91632606089115,4271.564453125,,,,,
581,1,581.0,0.0,32.0,32.0,0.3162263929843902,63.55152302421629,4167.5205078125,,,,,
582,1,582.0,0.0,32.0,32.0,0.0681245699524879,65.52943994756788,4386.42041015625,,,,,
583,1,583.0,0.0,32.0,32.0,0.1593608260154724,67.92059110011905,4508.0693359375,,,,,
584,1,584.0,0.0,32.0,32.0,0.1108829975128173,70.69725601468235,4639.8251953125,,,,,
585,1,585.0,0.0,32.0,32.0,0.2220558077096939,76.85082696843892,4865.3291015625,,,,,
586,1,586.0,0.0,32.0,32.0,0.2191836088895797,69.75932698696852,4508.0693359375,,,,,
587,1,587.0,0.0,32.0,32.0,0.1851509511470794,77.9528139391914,4985.5732421875,,,,,
588,1,588.0,0.0,32.0,32.0,0.0548261143267154,72.65708106569946,4639.8251953125,,,,,
589,1,589.0,0.0,32.0,32.0,0.0997054129838943,58.33103402983397,4108.03271484375,,,,,
590,1,590.0,0.0,32.0,32.0,0.1980663239955902,67.6300140330568,4485.7744140625,,,,,
591,1,591.0,0.0,32.0,32.0,0.2188210785388946,77.74026598781347,4884.15185546875,,,,,
592,1,592.0,0.0,32.0,32.0,0.2445889711380005,69.90622798912227,4485.7744140625,,,,,
593,1,593.0,0.0,32.0,32.0,0.2591377794742584,69.06082306522876,4485.7744140625,,,,,
594,1,594.0,0.0,32.0,32.0,0.255025714635849,67.04144307877868,4410.056640625,,,,,
595,1,595.0,0.0,32.0,32.0,0.1451351195573806,65.82973303738981,4271.564453125,,,,,
596,1,596.0,0.0,32.0,32.0,0.2701273262500763,66.25823793001473,4271.564453125,,,,,
597,1,597.0,0.0,32.0,32.0,0.6435062885284424,69.84316697344184,4734.25,,,,,
598,1,598.0,0.0,32.0,32.0,0.1134117469191551,78.69142096024007,4915.869140625,,,,,
599,1,599.0,0.0,32.0,32.0,0.1366967856884002,64.77799697313458,4307.3642578125,,,,,
600,1,600.0,0.0,32.0,32.0,0.1790982484817505,72.19558802898973,4698.25146484375,,,,,
601,1,601.0,0.0,32.0,32.0,0.3529569506645202,80.1801320631057,5045.93505859375,,,,,
602,1,602.0,0.0,32.0,32.0,0.3226576447486877,67.95552209950984,4331.32958984375,,,,,
603,1,603.0,0.0,32.0,32.0,0.1686978936195373,67.45863193646073,4433.376953125,,,,,
604,1,604.0,0.0,32.0,32.0,0.0958135873079299,64.90899797063321,4433.376953125,,,,,
605,1,605.0,0.0,32.0,32.0,0.209640234708786,79.96046403422952,5015.54736328125,,,,,
606,1,606.0,0.0,32.0,32.0,0.2593785524368286,69.85901203006506,4508.0693359375,,,,,
607,1,607.0,0.0,32.0,32.0,0.0841325595974922,76.6202500090003,4808.83935546875,,,,,
608,1,608.0,0.0,32.0,32.0,0.0436414927244186,64.52948099467903,4136.080078125,,,,,
609,1,609.0,0.0,32.0,32.0,0.4060810208320617,72.30276602786034,4764.27734375,,,,,
610,1,610.0,0.0,32.0,32.0,0.060845248401165,68.0393020156771,4485.7744140625,,,,,
611,1,611.0,0.0,32.0,32.0,0.1869137436151504,82.051892997697,5105.0048828125,,,,,
612,1,612.0,0.0,32.0,32.0,0.4083403646945953,67.59627792052925,4555.076171875,,,,,
613,1,613.0,0.0,32.0,32.0,0.1034281477332115,63.160813995637,4136.080078125,,,,,
614,1,614.0,0.0,32.0,32.0,0.1841914653778076,63.4996829321608,4167.5205078125,,,,,
615,1,615.0,0.0,32.0,32.0,0.1116249486804008,76.88071997836232,4808.83935546875,,,,,
616,1,616.0,0.0,32.0,32.0,0.1438097804784774,65.84148295223713,4167.5205078125,,,,,
617,1,617.0,0.0,32.0,32.0,0.1727476716041565,65.9440680174157,4271.564453125,,,,,
618,1,618.0,0.0,32.0,32.0,0.266411542892456,71.63560693152249,4622.13720703125,,,,,
619,1,619.0,0.0,32.0,32.0,0.1175183802843093,67.01707805041224,4331.32958984375,,,,,
620,1,620.0,0.0,32.0,32.0,0.1702129989862442,66.1606090143323,4433.376953125,,,,,
621,1,621.0,0.0,32.0,32.0,0.3202676773071289,63.69393307249993,4136.080078125,,,,,
622,1,622.0,0.0,32.0,32.0,0.1461336016654968,59.141978970728815,4108.03271484375,,,,,
623,1,623.0,0.0,32.0,32.0,0.138620987534523,72.14495399966836,4734.25,,,,,
624,1,624.0,0.0,32.0,32.0,0.2813520431518554,67.46615399606526,4410.056640625,,,,,
625,1,625.0,0.0,32.0,32.0,0.2579487860202789,68.68445104919374,4575.50634765625,,,,,
626,1,626.0,0.0,32.0,32.0,0.1748221516609192,69.28670196793973,4508.0693359375,,,,,
627,1,627.0,0.0,32.0,32.0,0.0740410163998603,68.78932798281312,4485.7744140625,,,,,
628,1,628.0,0.0,32.0,32.0,0.1308570951223373,58.75399196520448,4108.03271484375,,,,,
629,1,629.0,0.0,32.0,32.0,0.0367516241967678,66.59269100055099,4386.42041015625,,,,,
630,1,630.0,0.0,32.0,32.0,0.1394413262605667,68.53212392888963,4508.0693359375,,,,,
631,1,631.0,0.0,32.0,32.0,0.4439117312431335,68.89261200558394,4508.0693359375,,,,,
632,1,632.0,0.0,32.0,32.0,0.047099906951189,70.98571897950023,4622.13720703125,,,,,
633,1,633.0,0.0,32.0,32.0,0.3180216550827026,74.17656399775296,4734.25,,,,,
634,1,634.0,0.0,32.0,32.0,0.0872356295585632,68.06971889454871,4433.376953125,,,,,
635,1,635.0,0.0,32.0,32.0,0.1268444508314132,64.59382700268179,4212.10302734375,,,,,
636,1,636.0,0.0,32.0,32.0,0.5372329950332642,64.83568402472883,4433.376953125,,,,,
637,1,637.0,0.0,32.0,32.0,0.2476349025964737,69.0909989643842,4555.076171875,,,,,
638,1,638.0,0.0,32.0,32.0,0.259718656539917,66.93075993098319,4331.32958984375,,,,,
639,1,639.0,0.0,32.0,32.0,0.230615496635437,68.34338000044227,4508.0693359375,,,,,
640,1,640.0,0.0,32.0,32.0,0.1394415199756622,68.69390001520514,4433.376953125,,,,,
641,1,641.0,0.0,32.0,32.0,0.0316610150039196,81.46858494728804,5105.0048828125,,,,,
642,1,642.0,0.0,32.0,32.0,0.44973024725914,69.49526106473058,4555.076171875,,,,,
643,1,643.0,0.0,32.0,32.0,0.1057052090764045,76.63536991458386,4794.64794921875,,,,,
644,1,644.0,0.0,32.0,32.0,0.1441087573766708,78.23038101196289,5105.0048828125,,,,,
645,1,645.0,0.0,32.0,32.0,0.03072951734066,73.90480500180274,4639.8251953125,,,,,
646,1,646.0,0.0,32.0,32.0,0.1357458978891372,63.674675999209285,4136.080078125,,,,,
647,1,647.0,0.0,32.0,32.0,0.3538326323032379,67.1099730534479,4410.056640625,,,,,
648,1,648.0,0.0,32.0,32.0,0.2008151412010193,66.74702896270901,4271.564453125,,,,,
649,1,649.0,0.0,32.0,32.0,0.41679847240448,68.73653503134847,4508.0693359375,,,,,
650,1,650.0,0.0,32.0,32.0,0.1112376004457473,81.27203292679042,5123.66064453125,,,,,
651,1,651.0,0.0,32.0,32.0,0.0958578288555145,57.90785502176732,4002.4619140625,,,,,
652,1,652.0,0.0,32.0,32.0,0.2276128530502319,59.17139200028032,4108.03271484375,,,,,
653,1,653.0,0.0,32.0,32.0,0.1955480873584747,63.40297893621028,4212.10302734375,,,,,
654,1,654.0,0.0,32.0,32.0,0.2357636392116546,68.61115002539009,4485.7744140625,,,,,
655,1,655.0,0.0,32.0,32.0,0.2414100468158722,81.49245497770607,5123.66064453125,,,,,
656,1,656.0,0.0,32.0,32.0,0.2646663188934326,74.27007204387337,4734.25,,,,,
657,1,657.0,0.0,32.0,32.0,0.1783369332551956,71.06662599835545,4639.8251953125,,,,,
658,1,658.0,0.0,32.0,32.0,0.1958728730678558,69.20114799868315,4508.0693359375,,,,,
659,1,659.0,0.0,32.0,32.0,0.1056646108627319,78.7050420185551,5123.66064453125,,,,,
660,1,660.0,0.0,32.0,32.0,0.1261482685804367,77.21810298971832,4794.64794921875,,,,,
661,1,661.0,0.0,32.0,32.0,0.1023174971342086,67.72417202591896,4331.32958984375,,,,,
662,1,662.0,0.0,32.0,32.0,0.1932660341262817,72.22471199929714,4698.25146484375,,,,,
663,1,663.0,0.0,32.0,32.0,0.5259042382240295,64.95663907844573,4235.150390625,,,,,
664,1,664.0,0.0,32.0,32.0,0.2483265697956085,64.77181101217866,4235.150390625,,,,,
665,1,665.0,0.0,32.0,32.0,0.1702288687229156,70.01298596151173,4508.0693359375,,,,,
666,1,666.0,0.0,32.0,32.0,0.1798528283834457,67.6319160265848,4485.7744140625,,,,,
667,1,667.0,0.0,32.0,32.0,0.1664259880781173,62.336114002391696,4235.150390625,,,,,
668,1,668.0,0.0,32.0,32.0,0.2131477743387222,66.26480596605688,4271.564453125,,,,,
669,1,669.0,0.0,32.0,32.0,0.0855996906757354,71.15350605454296,4622.13720703125,,,,,
670,1,670.0,0.0,32.0,32.0,0.1305410265922546,69.86730499193072,4575.50634765625,,,,,
671,1,671.0,0.0,32.0,32.0,0.0410190746188163,67.80039297882468,4433.376953125,,,,,
672,1,672.0,0.0,32.0,32.0,0.1758182942867279,77.11709500290453,4808.83935546875,,,,,
673,1,673.0,0.0,32.0,32.0,0.0310800410807132,75.08113398216665,4764.27734375,,,,,
674,1,674.0,0.0,32.0,32.0,0.0603571757674217,70.62884396873415,4485.7744140625,,,,,
675,1,675.0,0.0,32.0,32.0,0.2380395531654358,61.39965099282563,4167.5205078125,,,,,
676,1,676.0,0.0,32.0,32.0,0.0707124099135398,67.95486202463508,4575.50634765625,,,,,
677,1,677.0,0.0,32.0,32.0,0.1275781989097595,70.63824706710875,4622.13720703125,,,,,
678,1,678.0,0.0,32.0,32.0,0.4765983521938324,68.73945705592632,4485.7744140625,,,,,
679,1,679.0,0.0,32.0,32.0,0.0205390155315399,69.41174494568259,4555.076171875,,,,,
680,1,680.0,0.0,32.0,32.0,0.3050184845924377,76.84271899051964,4956.47900390625,,,,,
681,1,681.0,0.0,32.0,32.0,0.0619313418865203,67.02474202029407,4271.564453125,,,,,
682,1,682.0,0.0,32.0,32.0,0.2056557238101959,73.56250600423664,4764.27734375,,,,,
683,1,683.0,0.0,32.0,32.0,0.0739331319928169,66.41168601345271,4433.376953125,,,,,
684,1,684.0,0.0,32.0,32.0,0.0288859903812408,64.95760194957256,4235.150390625,,,,,
685,1,685.0,0.0,32.0,32.0,0.3683823943138122,68.23134794831276,4485.7744140625,,,,,
686,1,686.0,0.0,32.0,32.0,0.1606929153203964,78.24159797746688,4884.15185546875,,,,,
687,1,687.0,0.0,32.0,32.0,0.0160720683634281,70.36023295950145,4508.0693359375,,,,,
688,1,688.0,0.0,32.0,32.0,0.2746959030628204,67.02397507615387,4386.42041015625,,,,,
689,1,689.0,0.0,32.0,32.0,0.05067989975214,69.74599999375641,4575.50634765625,,,,,
690,1,690.0,0.0,32.0,32.0,0.139392152428627,66.93878991063684,4386.42041015625,,,,,
691,1,691.0,0.0,32.0,32.0,0.5420897603034973,66.09626801218837,4485.7744140625,,,,,
692,1,692.0,0.0,32.0,32.0,0.3139945268630981,67.7694040350616,4485.7744140625,,,,,
693,1,693.0,0.0,32.0,32.0,0.6650721430778503,66.53600197751075,4331.32958984375,,,,,
694,1,694.0,0.0,32.0,32.0,0.193098783493042,67.25943693891168,4386.42041015625,,,,,
695,1,695.0,0.0,32.0,32.0,0.0440418012440204,63.219157978892326,4167.5205078125,,,,,
696,1,696.0,0.0,32.0,32.0,0.5287612676620483,68.42621008399874,4508.0693359375,,,,,
697,1,697.0,0.0,32.0,32.0,0.6008376479148865,77.40922702942044,4808.83935546875,,,,,
698,1,698.0,0.0,32.0,32.0,0.1862929016351699,69.9908419046551,4410.056640625,,,,,
699,1,699.0,0.0,32.0,32.0,0.1779316663742065,63.3953349897638,4331.32958984375,,,,,
700,1,700.0,0.0,32.0,32.0,0.0150121124461293,66.74210797064006,4386.42041015625,,,,,
701,1,701.0,0.0,32.0,32.0,0.2546331882476806,68.77578108105808,4433.376953125,,,,,
702,1,702.0,0.0,32.0,32.0,0.1147131025791168,64.89780603442341,4235.150390625,,,,,
703,1,703.0,0.0,32.0,32.0,0.0304014589637517,66.64515298325568,4271.564453125,,,,,
704,1,704.0,0.0,32.0,32.0,0.2174537181854248,68.70930490549654,4485.7744140625,,,,,
705,1,705.0,0.0,32.0,32.0,0.0291013643145561,67.25773005746305,4410.056640625,,,,,
706,1,706.0,0.0,32.0,32.0,0.0433666110038757,69.12851298693568,4485.7744140625,,,,,
707,1,707.0,0.0,32.0,32.0,0.1590801775455474,64.68247703742236,4386.42041015625,,,,,
708,1,708.0,0.0,32.0,32.0,0.051642645150423,83.97377794608474,5240.04345703125,,,,,
709,1,709.0,0.0,32.0,32.0,0.2280417084693908,65.21262100432068,4212.10302734375,,,,,
710,1,710.0,0.0,32.0,32.0,0.0381697490811347,66.04791700374335,4433.376953125,,,,,
711,1,711.0,0.0,32.0,32.0,0.1767270714044571,72.88576802238822,4734.25,,,,,
712,1,712.0,0.0,32.0,32.0,0.1491568237543106,74.81467607431114,4764.27734375,,,,,
713,1,713.0,0.0,32.0,32.0,0.2094765305519104,68.25754407327622,4386.42041015625,,,,,
714,1,714.0,0.0,32.0,32.0,0.3264786601066589,67.01948109548539,4331.32958984375,,,,,
715,1,715.0,0.0,32.0,32.0,0.3936756551265716,66.74770207609981,4485.7744140625,,,,,
716,1,716.0,0.0,32.0,32.0,0.2597576975822449,67.5723860040307,4433.376953125,,,,,
717,1,717.0,0.0,32.0,32.0,0.2657154500484466,79.7747109318152,5015.54736328125,,,,,
718,1,718.0,0.0,32.0,32.0,0.2488265633583068,72.04660889692605,4639.8251953125,,,,,
719,1,719.0,0.0,32.0,32.0,0.2632079720497131,77.29340600781143,4884.15185546875,,,,,
720,1,720.0,0.0,32.0,32.0,0.3364474177360534,66.08241004869342,4271.564453125,,,,,
721,1,721.0,0.0,32.0,32.0,0.120325930416584,75.65626304131001,4808.83935546875,,,,,
722,1,722.0,0.0,32.0,32.0,0.3126299977302551,65.7682839082554,4331.32958984375,,,,,
723,1,723.0,0.0,32.0,32.0,0.0450153797864913,68.5188079951331,4555.076171875,,,,,
724,1,724.0,0.0,32.0,32.0,0.1537926644086837,66.08988193329424,4271.564453125,,,,,
725,1,725.0,0.0,32.0,32.0,0.1543466746807098,58.60983394086361,4002.4619140625,,,,,
726,1,726.0,0.0,32.0,32.0,0.2678282260894775,64.47654904332012,4235.150390625,,,,,
727,1,727.0,0.0,32.0,32.0,0.1726777106523513,76.77243102807552,4808.83935546875,,,,,
728,1,728.0,0.0,32.0,32.0,0.1108546108007431,70.82044798880816,4508.0693359375,,,,,
729,1,729.0,0.0,32.0,32.0,0.0394981727004051,70.14579605311155,4555.076171875,,,,,
730,1,730.0,0.0,32.0,32.0,0.1824920773506164,73.85268597863615,4794.64794921875,,,,,
731,1,731.0,0.0,32.0,32.0,0.0398340485990047,72.59933999739587,4639.8251953125,,,,,
732,1,732.0,0.0,32.0,32.0,0.0845818743109703,66.04693701956421,4271.564453125,,,,,
733,1,733.0,0.0,32.0,32.0,0.242708683013916,66.93471397738904,4433.376953125,,,,,
734,1,734.0,0.0,32.0,32.0,0.5517227053642273,77.3811349645257,4915.869140625,,,,,
735,1,735.0,0.0,32.0,32.0,0.0368963778018951,65.67232497036457,4235.150390625,,,,,
736,1,736.0,0.0,32.0,32.0,0.0986189395189285,69.56661900039762,4575.50634765625,,,,,
737,1,737.0,0.0,32.0,32.0,0.1396143138408661,71.15219894330949,4639.8251953125,,,,,
738,1,738.0,0.0,32.0,32.0,0.1732287257909774,66.28103402908891,4433.376953125,,,,,
739,1,739.0,0.0,32.0,32.0,0.3986043334007263,72.25301000289619,4734.25,,,,,
740,1,740.0,0.0,32.0,32.0,0.0386419706046581,76.04857499245554,4794.64794921875,,,,,
741,1,741.0,0.0,32.0,32.0,0.1008728742599487,68.66045296192169,4575.50634765625,,,,,
742,1,742.0,0.0,32.0,32.0,0.1258681565523147,64.53059695195407,4167.5205078125,,,,,
743,1,743.0,0.0,32.0,32.0,0.325834184885025,76.46673289127648,4865.3291015625,,,,,
744,1,744.0,0.0,32.0,32.0,0.1812928020954132,70.39311598055065,4575.50634765625,,,,,
745,1,745.0,0.0,32.0,32.0,0.2417258471250534,65.16275194007903,4235.150390625,,,,,
746,1,746.0,0.0,32.0,32.0,0.1645659655332565,73.34679807536304,5045.93505859375,,,,,
747,1,747.0,0.0,32.0,32.0,0.1871505975723266,73.03083199076355,4639.8251953125,,,,,
748,1,748.0,0.0,32.0,32.0,0.245884358882904,81.77258004434407,5105.0048828125,,,,,
749,1,749.0,0.0,32.0,32.0,0.3997205793857574,64.50229196343571,4307.3642578125,,,,,
750,1,750.0,0.0,32.0,32.0,0.1088154762983322,77.02853402588516,4915.869140625,,,,,
751,1,751.0,0.0,32.0,32.0,0.2312105149030685,69.38061199616641,4508.0693359375,,,,,
752,1,752.0,0.0,32.0,32.0,0.0622367821633815,67.19746196176857,4555.076171875,,,,,
753,1,753.0,0.0,32.0,32.0,0.2206407189369201,71.64945709519088,4698.25146484375,,,,,
754,1,754.0,0.0,32.0,32.0,0.2476910352706909,75.26612794026732,4734.25,,,,,
755,1,755.0,0.0,32.0,32.0,0.1367588192224502,68.3734129415825,4508.0693359375,,,,,
756,1,756.0,0.0,32.0,32.0,0.1763939559459686,64.82877291273326,4235.150390625,,,,,
757,1,757.0,0.0,32.0,32.0,0.0604437105357646,70.61828998848796,4555.076171875,,,,,
758,1,758.0,0.0,32.0,32.0,0.1227729246020317,66.22094905469567,4271.564453125,,,,,
759,1,759.0,0.0,32.0,32.0,0.0727150738239288,69.03479108586907,4485.7744140625,,,,,
760,1,760.0,0.0,32.0,32.0,0.0433863252401351,67.06053204834461,4485.7744140625,,,,,
761,1,761.0,0.0,32.0,32.0,0.0368588231503963,65.73590904008597,4433.376953125,,,,,
762,1,762.0,0.0,32.0,32.0,0.110102966427803,67.74351000785828,4410.056640625,,,,,
763,1,763.0,0.0,32.0,32.0,0.4260731637477875,66.24309998005629,4271.564453125,,,,,
764,1,764.0,0.0,32.0,32.0,0.4923497140407562,71.95372402202338,4639.8251953125,,,,,
765,1,765.0,0.0,32.0,32.0,0.1676191538572311,76.58464391715825,4956.47900390625,,,,,
766,1,766.0,0.0,32.0,32.0,0.0652446746826171,69.6358549175784,4575.50634765625,,,,,
767,1,767.0,0.0,32.0,32.0,0.5967563390731812,69.4942339323461,4485.7744140625,,,,,
768,1,768.0,0.0,32.0,32.0,0.3003121614456177,65.72451000101864,4271.564453125,,,,,
769,1,769.0,0.0,32.0,32.0,0.0434104055166244,66.46760390140116,4575.50634765625,,,,,
770,1,770.0,0.0,32.0,32.0,0.1913708597421646,68.38487403001636,4433.376953125,,,,,
771,1,771.0,0.0,32.0,32.0,0.0451011285185813,78.34056194406003,4915.869140625,,,,,
772,1,772.0,0.0,32.0,32.0,0.1892801374197006,65.43385400436819,4212.10302734375,,,,,
773,1,773.0,0.0,32.0,32.0,0.2625471353530884,66.28366792574525,4331.32958984375,,,,,
774,1,774.0,0.0,32.0,32.0,0.1713527590036392,66.42775097861886,4271.564453125,,,,,
775,1,775.0,0.0,32.0,32.0,0.3473696112632751,72.56859401240945,4734.25,,,,,
776,1,776.0,0.0,32.0,32.0,0.0317825078964233,69.91191592533141,4555.076171875,,,,,
777,1,777.0,0.0,32.0,32.0,0.1578182876110077,62.77612806297839,4235.150390625,,,,,
778,1,778.0,0.0,32.0,32.0,0.289222240447998,63.3197280112654,4167.5205078125,,,,,
779,1,779.0,0.0,32.0,32.0,0.2412095814943313,64.04021801427007,4167.5205078125,,,,,
780,1,780.0,0.0,32.0,32.0,0.2495943903923034,59.23074600286782,3990.52294921875,,,,,
781,1,781.0,0.0,32.0,32.0,0.1332427561283111,67.47851800173521,4508.0693359375,,,,,
782,1,782.0,0.0,32.0,32.0,0.0697914212942123,62.92709999252111,4136.080078125,,,,,
783,1,783.0,0.0,32.0,32.0,0.2279933094978332,66.90428301226348,4386.42041015625,,,,,
784,1,784.0,0.0,32.0,32.0,0.1106961816549301,74.04052501078695,4764.27734375,,,,,
785,1,785.0,0.0,32.0,32.0,0.1978456377983093,62.847574008628726,4235.150390625,,,,,
786,1,786.0,0.0,32.0,32.0,0.1196401491761207,78.46508303191513,4915.869140625,,,,,
787,1,787.0,0.0,32.0,32.0,0.2091559022665023,69.9930670671165,4555.076171875,,,,,
788,1,788.0,0.0,32.0,32.0,0.3088578581809997,68.99123603943735,4575.50634765625,,,,,
789,1,789.0,0.0,32.0,32.0,0.0717144981026649,70.52538997959346,4555.076171875,,,,,
790,1,790.0,0.0,32.0,32.0,0.2069010585546493,67.66751292161644,4410.056640625,,,,,
791,1,791.0,0.0,32.0,32.0,0.0513340234756469,72.68366101197898,4698.25146484375,,,,,
792,1,792.0,0.0,32.0,32.0,0.2768927216529846,69.27232095040381,4575.50634765625,,,,,
793,1,793.0,0.0,32.0,32.0,0.0797952264547348,69.62106807623059,4639.8251953125,,,,,
794,1,794.0,0.0,32.0,32.0,0.1822539269924163,67.70068407058716,4433.376953125,,,,,
795,1,795.0,0.0,32.0,32.0,0.0490391664206981,77.35819695517421,4985.5732421875,,,,,
796,1,796.0,0.0,32.0,32.0,0.2450044453144073,68.60335997771472,4386.42041015625,,,,,
797,1,797.0,0.0,32.0,32.0,0.3676467537879944,65.86673809215426,4331.32958984375,,,,,
798,1,798.0,0.0,32.0,32.0,0.2915793359279632,68.52468498982489,4485.7744140625,,,,,
799,1,799.0,0.0,32.0,32.0,0.0937805473804473,77.64342392329127,4985.5732421875,,,,,
800,1,800.0,0.0,32.0,32.0,0.119745522737503,70.01953793223947,4508.0693359375,,,,,
801,1,801.0,0.0,32.0,32.0,0.3042943477630615,72.85479898564517,4794.64794921875,,,,,
802,1,802.0,0.0,32.0,32.0,0.2541161477565765,59.93196298368275,4045.24072265625,,,,,
803,1,803.0,0.0,32.0,32.0,0.3936520218849182,69.70617698971182,4622.13720703125,,,,,
804,1,804.0,0.0,32.0,32.0,0.1020265147089958,74.48102300986648,4808.83935546875,,,,,
805,1,805.0,0.0,32.0,32.0,0.0531032681465148,73.26437905430794,4622.13720703125,,,,,
806,1,806.0,0.0,32.0,32.0,0.0275993756949901,77.05038296990097,4794.64794921875,,,,,
807,1,807.0,0.0,32.0,32.0,0.1234702244400978,67.79250991530716,4331.32958984375,,,,,
808,1,808.0,0.0,32.0,32.0,0.2314788848161697,73.22332297917455,4764.27734375,,,,,
809,1,809.0,0.0,32.0,32.0,0.0520400255918502,70.70341589860618,4698.25146484375,,,,,
810,1,810.0,0.0,32.0,32.0,0.064870648086071,71.37527596205473,4622.13720703125,,,,,
811,1,811.0,0.0,32.0,32.0,0.1770883947610855,73.01481999456882,4764.27734375,,,,,
812,1,812.0,0.0,32.0,32.0,0.416372001171112,66.93465390708297,4271.564453125,,,,,
813,1,813.0,0.0,32.0,32.0,0.1028013303875923,70.24730299599469,4622.13720703125,,,,,
814,1,814.0,0.0,32.0,32.0,0.1021423935890197,73.7518040696159,4734.25,,,,,
815,1,815.0,0.0,32.0,32.0,0.3428249359130859,64.93523600511253,4235.150390625,,,,,
816,1,816.0,0.0,32.0,32.0,0.2240310311317443,65.26385399047285,4235.150390625,,,,,
817,1,817.0,0.0,32.0,32.0,0.5652647614479065,61.57985294703394,4235.150390625,,,,,
818,1,818.0,0.0,32.0,32.0,0.1090882569551467,68.75080894678831,4555.076171875,,,,,
819,1,819.0,0.0,32.0,32.0,0.2444228827953338,69.30753600317985,4433.376953125,,,,,
820,1,820.0,0.0,32.0,32.0,0.1731275618076324,69.9030450778082,4555.076171875,,,,,
821,1,821.0,0.0,32.0,32.0,0.0951347053050994,65.47965400386602,4235.150390625,,,,,
822,1,822.0,0.0,32.0,32.0,0.1342963278293609,67.89085897617042,4433.376953125,,,,,
823,1,823.0,0.0,32.0,32.0,0.236540675163269,69.33654297608882,4575.50634765625,,,,,
824,1,824.0,0.0,32.0,32.0,0.3098895847797394,69.4918519584462,4575.50634765625,,,,,
825,1,825.0,0.0,32.0,32.0,0.0411597788333892,80.48904302995652,5152.4375,,,,,
826,1,826.0,0.0,32.0,32.0,0.2711043953895569,64.8484859848395,4307.3642578125,,,,,
827,1,827.0,0.0,32.0,32.0,0.2053119391202926,76.12774602603167,4794.64794921875,,,,,
828,1,828.0,0.0,32.0,32.0,0.3862585425376892,74.77269601076841,4734.25,,,,,
829,1,829.0,0.0,32.0,32.0,0.2981312870979309,73.37586698122323,4555.076171875,,,,,
830,1,830.0,0.0,32.0,32.0,0.1024514138698577,75.41756704449654,4915.869140625,,,,,
831,1,831.0,0.0,32.0,32.0,0.1668107807636261,70.62430307269096,4575.50634765625,,,,,
832,1,832.0,0.0,32.0,32.0,0.0467019528150558,61.099120997823775,4167.5205078125,,,,,
833,1,833.0,0.0,32.0,32.0,0.2878691554069519,69.40340891014785,4555.076171875,,,,,
834,1,834.0,0.0,32.0,32.0,0.2488920092582702,64.31531195994467,4307.3642578125,,,,,
835,1,835.0,0.0,32.0,32.0,0.3084901869297027,77.0571930333972,4915.869140625,,,,,
836,1,836.0,0.0,32.0,32.0,0.3407998979091644,68.38329206220806,4433.376953125,,,,,
837,1,837.0,0.0,32.0,32.0,0.2856279015541076,68.55718104634434,4433.376953125,,,,,
838,1,838.0,0.0,32.0,32.0,0.179394781589508,72.0571760321036,4764.27734375,,,,,
839,1,839.0,0.0,32.0,32.0,0.2423006147146225,75.45927702449262,4764.27734375,,,,,
840,1,840.0,0.0,32.0,32.0,0.4277275204658508,69.05075896065682,4622.13720703125,,,,,
841,1,841.0,0.0,32.0,32.0,0.180961936712265,70.56918693706393,4555.076171875,,,,,
842,1,842.0,0.0,32.0,32.0,0.1966009438037872,63.02729493472725,4136.080078125,,,,,
843,1,843.0,0.0,32.0,32.0,0.238019123673439,77.5579180335626,4956.47900390625,,,,,
844,1,844.0,0.0,32.0,32.0,0.1128831505775451,70.61258004978299,4508.0693359375,,,,,
845,1,845.0,0.0,32.0,32.0,0.1716410815715789,62.4382890528068,4136.080078125,,,,,
846,1,846.0,0.0,32.0,32.0,0.1184203326702117,58.80241596605629,4063.82470703125,,,,,
847,1,847.0,0.0,32.0,32.0,0.1887174248695373,63.791848020628095,4235.150390625,,,,,
848,1,848.0,0.0,32.0,32.0,0.4230947494506836,64.23014996107668,4386.42041015625,,,,,
849,1,849.0,0.0,32.0,32.0,0.2254221737384796,65.0723590515554,4212.10302734375,,,,,
850,1,850.0,0.0,32.0,32.0,0.1665199697017669,63.278078101575375,4136.080078125,,,,,
851,1,851.0,0.0,32.0,32.0,0.0719325840473175,71.79918501060456,4698.25146484375,,,,,
852,1,852.0,0.0,32.0,32.0,0.2800215482711792,73.59497901052237,4734.25,,,,,
853,1,853.0,0.0,32.0,32.0,0.2022770643234253,69.73768502939492,4508.0693359375,,,,,
854,1,854.0,0.0,32.0,32.0,0.1335461735725402,69.02427808381617,4485.7744140625,,,,,
855,1,855.0,0.0,32.0,32.0,0.1004700064659118,67.16549105476588,4331.32958984375,,,,,
856,1,856.0,0.0,32.0,32.0,0.0730065107345581,64.67369699385017,4386.42041015625,,,,,
857,1,857.0,0.0,32.0,32.0,0.4648067951202392,66.89691892825067,4331.32958984375,,,,,
858,1,858.0,0.0,32.0,32.0,0.2032732218503952,70.15563501045108,4555.076171875,,,,,
859,1,859.0,0.0,32.0,32.0,0.1636435985565185,72.45461398269981,4734.25,,,,,
860,1,860.0,0.0,32.0,32.0,0.4621220827102661,71.71001494862139,4639.8251953125,,,,,
861,1,861.0,0.0,32.0,32.0,0.4086311459541321,68.89880902599543,4555.076171875,,,,,
862,1,862.0,0.0,32.0,32.0,0.1874374151229858,68.84285900741816,4485.7744140625,,,,,
863,1,863.0,0.0,32.0,32.0,0.2013923078775406,76.34786900598556,4808.83935546875,,,,,
864,1,864.0,0.0,32.0,32.0,0.3324052691459656,69.22038807533681,4622.13720703125,,,,,
865,1,865.0,0.0,32.0,32.0,0.0763063952326774,72.83466693479568,4734.25,,,,,
866,1,866.0,0.0,32.0,32.0,0.0662021934986114,71.51774503290653,4639.8251953125,,,,,
867,1,867.0,0.0,32.0,32.0,0.0971313118934631,67.58155906572938,4331.32958984375,,,,,
868,1,868.0,0.0,32.0,32.0,0.3470540642738342,69.02053498197347,4555.076171875,,,,,
869,1,869.0,0.0,32.0,32.0,0.1491320729255676,64.97175595723093,4307.3642578125,,,,,
870,1,870.0,0.0,32.0,32.0,0.1435662657022476,75.40746103040874,4794.64794921875,,,,,
871,1,871.0,0.0,32.0,32.0,0.1637013256549835,76.74273301381618,4794.64794921875,,,,,
872,1,872.0,0.0,32.0,32.0,0.223739817738533,67.11923703551292,4508.0693359375,,,,,
873,1,873.0,0.0,32.0,32.0,0.2293157279491424,77.28555798530579,4884.15185546875,,,,,
874,1,874.0,0.0,32.0,32.0,0.1515136063098907,66.02182204369456,4235.150390625,,,,,
875,1,875.0,0.0,32.0,32.0,0.084727257490158,76.74310298170894,4884.15185546875,,,,,
876,1,876.0,0.0,32.0,32.0,0.2760315537452698,57.10577999707312,3876.0302734375,,,,,
877,1,877.0,0.0,32.0,32.0,0.2759714424610138,64.53039508778602,4271.564453125,,,,,
878,1,878.0,0.0,32.0,32.0,0.364338755607605,68.63628199789673,4508.0693359375,,,,,
879,1,879.0,0.0,32.0,32.0,0.1223493069410324,65.02781494054943,4212.10302734375,,,,,
880,1,880.0,0.0,32.0,32.0,0.2861640453338623,67.1143279178068,4555.076171875,,,,,
881,1,881.0,0.0,32.0,32.0,0.2895373106002807,67.4417030531913,4410.056640625,,,,,
882,1,882.0,0.0,32.0,32.0,0.2482338696718216,78.14897992648184,4956.47900390625,,,,,
883,1,883.0,0.0,32.0,32.0,0.1388265788555145,66.56760605983436,4235.150390625,,,,,
884,1,884.0,0.0,32.0,32.0,0.2333720326423645,65.0939759798348,4235.150390625,,,,,
885,1,885.0,0.0,32.0,32.0,0.2175003588199615,69.47939691599458,4508.0693359375,,,,,
886,1,886.0,0.0,32.0,32.0,0.2484351694583892,64.75273601245135,4212.10302734375,,,,,
887,1,887.0,0.0,32.0,32.0,0.4631428718566894,68.90749698504806,4575.50634765625,,,,,
888,1,888.0,0.0,32.0,32.0,0.2609541714191437,63.57633403968066,4271.564453125,,,,,
889,1,889.0,0.0,32.0,32.0,0.1661508381366729,67.97398801427335,4433.376953125,,,,,
890,1,890.0,0.0,32.0,32.0,0.2084187865257263,64.77389798965305,4235.150390625,,,,,
891,1,891.0,0.0,32.0,32.0,0.1770781278610229,68.64951900206506,4508.0693359375,,,,,
892,1,892.0,0.0,32.0,32.0,0.1592279821634292,71.25129201449454,4639.8251953125,,,,,
893,1,893.0,0.0,32.0,32.0,0.3987864851951599,74.11537098232657,4764.27734375,,,,,
894,1,894.0,0.0,32.0,32.0,0.271694004535675,72.57731107529253,4639.8251953125,,,,,
895,1,895.0,0.0,32.0,32.0,0.1969841122627258,67.71084992215037,4485.7744140625,,,,,
896,1,896.0,0.0,32.0,32.0,0.1833634376525879,69.11465001758188,4639.8251953125,,,,,
897,1,897.0,0.0,32.0,32.0,0.2082970440387725,64.0199959743768,4307.3642578125,,,,,
898,1,898.0,0.0,32.0,32.0,0.1657397598028183,66.32508896291256,4410.056640625,,,,,
899,1,899.0,0.0,32.0,32.0,0.1773455590009689,70.00782806426287,4575.50634765625,,,,,
900,1,900.0,0.0,32.0,32.0,0.1715727746486663,67.673554061912,4410.056640625,,,,,
901,1,901.0,0.0,32.0,32.0,0.1441540867090225,69.1887519787997,4555.076171875,,,,,
902,1,902.0,0.0,32.0,32.0,0.1906535774469375,72.9793900391087,4734.25,,,,,
903,1,903.0,0.0,32.0,32.0,0.1090518310666084,62.0354840066284,4108.03271484375,,,,,
904,1,904.0,0.0,32.0,32.0,0.1118452921509742,64.17908798903227,4386.42041015625,,,,,
905,1,905.0,0.0,32.0,32.0,0.2154033333063125,64.18065296020359,4212.10302734375,,,,,
906,1,906.0,0.0,32.0,32.0,0.3840715289115906,70.71226404514164,4639.8251953125,,,,,
907,1,907.0,0.0,32.0,32.0,0.0646971836686134,69.59728500805795,4575.50634765625,,,,,
908,1,908.0,0.0,32.0,32.0,0.1870671659708023,76.07513095717877,4794.64794921875,,,,,
909,1,909.0,0.0,32.0,32.0,0.5208421945571899,68.73062101658434,4410.056640625,,,,,
910,1,910.0,0.0,32.0,32.0,0.1388459503650665,65.75320498086512,4386.42041015625,,,,,
911,1,911.0,0.0,32.0,32.0,0.0693682953715324,69.5657558972016,4508.0693359375,,,,,
912,1,912.0,0.0,32.0,32.0,0.240198865532875,68.97370505612344,4639.8251953125,,,,,
913,1,913.0,0.0,32.0,32.0,0.3230832815170288,60.756616992875934,4108.03271484375,,,,,
914,1,914.0,0.0,32.0,32.0,0.2415259182453155,66.96147203911096,4433.376953125,,,,,
915,1,915.0,0.0,32.0,32.0,0.1980766654014587,69.10496589262038,4508.0693359375,,,,,
916,1,916.0,0.0,32.0,32.0,0.2560374438762665,60.356509988196194,4063.82470703125,,,,,
917,1,917.0,0.0,32.0,32.0,0.0996052846312522,68.08918598107994,4508.0693359375,,,,,
918,1,918.0,0.0,32.0,32.0,0.2722063660621643,67.0782410306856,4331.32958984375,,,,,
919,1,919.0,0.0,32.0,32.0,0.0997665375471115,69.33982903137803,4575.50634765625,,,,,
920,1,920.0,0.0,32.0,32.0,0.1132689639925956,71.20012200903147,4764.27734375,,,,,
921,1,921.0,0.0,32.0,32.0,0.1284470707178115,67.28700397070497,4410.056640625,,,,,
922,1,922.0,0.0,32.0,32.0,0.3323511481285095,64.77306899614632,4235.150390625,,,,,
923,1,923.0,0.0,32.0,32.0,0.1444570273160934,77.94578396715224,4808.83935546875,,,,,
924,1,924.0,0.0,32.0,32.0,0.1253820061683654,66.9837100431323,4271.564453125,,,,,
925,1,925.0,0.0,32.0,32.0,0.0818421393632888,67.01848201919347,4386.42041015625,,,,,
926,1,926.0,0.0,32.0,32.0,0.2131051123142242,67.58934794925153,4433.376953125,,,,,
927,1,927.0,0.0,32.0,32.0,0.0644672662019729,60.18875900190324,4108.03271484375,,,,,
928,1,928.0,0.0,32.0,32.0,0.0621305778622627,60.82845793571323,4212.10302734375,,,,,
929,1,929.0,0.0,32.0,32.0,0.1426860690116882,69.90014004986733,4555.076171875,,,,,
930,1,930.0,0.0,32.0,32.0,0.2970291674137115,68.93471709918231,4508.0693359375,,,,,
931,1,931.0,0.0,32.0,32.0,0.0562158860266208,74.06772894319147,4764.27734375,,,,,
932,1,932.0,0.0,32.0,32.0,0.1259831190109253,64.66533290222287,4212.10302734375,,,,,
933,1,933.0,0.0,32.0,32.0,0.3082611560821533,77.02709396835417,4808.83935546875,,,,,
934,1,934.0,0.0,32.0,32.0,0.1656371057033538,77.29884295258671,4794.64794921875,,,,,
935,1,935.0,0.0,32.0,32.0,0.260483831167221,69.80028399266303,4575.50634765625,,,,,
936,1,936.0,0.0,32.0,32.0,0.4236232042312622,70.01122203655541,4734.25,,,,,
937,1,937.0,0.0,32.0,32.0,0.166890412569046,67.80000496655703,4386.42041015625,,,,,
938,1,938.0,0.0,32.0,32.0,0.2707744538784027,67.2758420696482,4433.376953125,,,,,
939,1,939.0,0.0,32.0,32.0,0.4922573268413543,69.38172597438097,4622.13720703125,,,,,
940,1,940.0,0.0,32.0,32.0,0.1851401478052139,72.79240898787975,4698.25146484375,,,,,
941,1,941.0,0.0,32.0,32.0,0.1787019520998001,77.31348602101207,4808.83935546875,,,,,
942,1,942.0,0.0,32.0,32.0,0.4672487378120422,70.63841493800282,4485.7744140625,,,,,
943,1,943.0,0.0,32.0,32.0,0.2812178432941437,68.3574810391292,4575.50634765625,,,,,
944,1,944.0,0.0,32.0,32.0,0.2315298318862915,75.5633250810206,4884.15185546875,,,,,
945,1,945.0,0.0,32.0,32.0,0.1552692353725433,65.24897599592805,4235.150390625,,,,,
946,1,946.0,0.0,32.0,32.0,0.2854912579059601,72.59404403157532,4698.25146484375,,,,,
947,1,947.0,0.0,32.0,32.0,0.242195576429367,74.05453000683337,4764.27734375,,,,,
948,1,948.0,0.0,32.0,32.0,0.2410476952791214,70.97246800549328,4622.13720703125,,,,,
949,1,949.0,0.0,32.0,32.0,0.138032779097557,65.72971201967448,4271.564453125,,,,,
950,1,950.0,0.0,32.0,32.0,0.2022687345743179,67.99049593973905,4410.056640625,,,,,
951,1,951.0,0.0,32.0,32.0,0.0676704943180084,69.14546398911625,4575.50634765625,,,,,
952,1,952.0,0.0,32.0,32.0,0.1189005076885223,65.62722101807594,4410.056640625,,,,,
953,1,953.0,0.0,32.0,32.0,0.0976088643074035,71.44334597978741,4734.25,,,,,
954,1,954.0,0.0,32.0,32.0,0.0978360027074813,64.29281097371131,4167.5205078125,,,,,
955,1,955.0,0.0,32.0,32.0,0.2844064235687256,63.79163404926658,4307.3642578125,,,,,
956,1,956.0,0.0,32.0,32.0,0.1674624979496002,71.5920589864254,4698.25146484375,,,,,
957,1,957.0,0.0,32.0,32.0,0.153858333826065,68.40742204803973,4410.056640625,,,,,
958,1,958.0,0.0,32.0,32.0,0.1979683488607406,60.447858995758,4108.03271484375,,,,,
959,1,959.0,0.0,32.0,32.0,0.3488992154598236,63.32456995733082,4212.10302734375,,,,,
960,1,960.0,0.0,32.0,32.0,0.2074285447597503,71.57582801301032,4764.27734375,,,,,
961,1,961.0,0.0,32.0,32.0,0.1886783689260482,68.13086592592299,4386.42041015625,,,,,
962,1,962.0,0.0,32.0,32.0,0.10507233440876,69.47344995569438,4555.076171875,,,,,
963,1,963.0,0.0,32.0,32.0,0.290496677160263,68.79163498524576,4575.50634765625,,,,,
964,1,964.0,0.0,32.0,32.0,0.0418936759233474,66.25833408907056,4271.564453125,,,,,
965,1,965.0,0.0,32.0,32.0,0.2108500450849533,63.56482009869069,4136.080078125,,,,,
966,1,966.0,0.0,32.0,32.0,0.1223049089312553,58.4657050203532,4002.4619140625,,,,,
967,1,967.0,0.0,32.0,32.0,0.1005948036909103,74.67587501741946,4794.64794921875,,,,,
968,1,968.0,0.0,32.0,32.0,0.046274110674858,58.441438945010304,4108.03271484375,,,,,
969,1,969.0,0.0,32.0,32.0,0.2149779796600341,72.74664589203894,4734.25,,,,,
970,1,970.0,0.0,32.0,32.0,0.206674262881279,71.83786609675735,4639.8251953125,,,,,
971,1,971.0,0.0,32.0,32.0,0.213613748550415,68.9738109940663,4508.0693359375,,,,,
972,1,972.0,0.0,32.0,32.0,0.0574450194835662,67.31183605734259,4331.32958984375,,,,,
973,1,973.0,0.0,32.0,32.0,0.2961638867855072,64.0724339755252,4212.10302734375,,,,,
974,1,974.0,0.0,32.0,32.0,0.2424733936786651,67.16743891593069,4433.376953125,,,,,
975,1,975.0,0.0,32.0,32.0,0.1043016985058784,69.46971698198467,4555.076171875,,,,,
976,1,976.0,0.0,32.0,32.0,0.0554444789886474,74.41878993995488,4956.47900390625,,,,,
977,1,977.0,0.0,32.0,32.0,0.0989055931568145,71.31135906092823,4555.076171875,,,,,
978,1,978.0,0.0,32.0,32.0,0.2320542335510254,63.39153496082872,4307.3642578125,,,,,
979,1,979.0,0.0,32.0,32.0,0.2514189183712005,69.65916603803635,4555.076171875,,,,,
980,1,980.0,0.0,32.0,32.0,0.1941125839948654,70.98530000075698,4622.13720703125,,,,,
981,1,981.0,0.0,32.0,32.0,0.0709376484155654,66.31707295309752,4271.564453125,,,,,
982,1,982.0,0.0,32.0,32.0,0.4322224259376526,66.67576904874295,4410.056640625,,,,,
983,1,983.0,0.0,32.0,32.0,0.0271910335868597,67.49257596675307,4410.056640625,,,,,
984,1,984.0,0.0,32.0,32.0,0.5510038733482361,66.80015800520778,4555.076171875,,,,,
985,1,985.0,0.0,32.0,32.0,0.0828234925866127,64.00892708916217,4167.5205078125,,,,,
986,1,986.0,0.0,32.0,32.0,0.0501990243792533,77.26014393847436,4808.83935546875,,,,,
987,1,987.0,0.0,32.0,32.0,0.3012786209583282,67.85386300180107,4386.42041015625,,,,,
988,1,988.0,0.0,32.0,32.0,0.0622493736445903,68.87567590456456,4485.7744140625,,,,,
989,1,989.0,0.0,32.0,32.0,0.2132296562194824,72.89161498192698,4764.27734375,,,,,
990,1,990.0,0.0,32.0,32.0,0.3623669147491455,77.0104129333049,4865.3291015625,,,,,
991,1,991.0,0.0,32.0,32.0,0.0632491931319236,72.08939199335873,4622.13720703125,,,,,
992,1,992.0,0.0,32.0,32.0,0.1841224282979965,65.97860297188163,4575.50634765625,,,,,
993,1,993.0,0.0,32.0,32.0,0.1796251833438873,69.99764405190945,4575.50634765625,,,,,
994,1,994.0,0.0,32.0,32.0,0.2019955068826675,72.47174193616956,4734.25,,,,,
995,1,995.0,0.0,32.0,32.0,0.1783055961132049,80.74873604346067,5123.66064453125,,,,,
996,1,996.0,0.0,32.0,32.0,0.2429929822683334,64.26037091296166,4167.5205078125,,,,,
997,1,997.0,0.0,32.0,32.0,0.2029684782028198,66.03897002059966,4386.42041015625,,,,,
998,1,998.0,0.0,32.0,32.0,0.2904241681098938,66.89961394295096,4386.42041015625,,,,,
999,1,999.0,0.0,32.0,32.0,0.1876220405101776,67.59111897554249,4410.056640625,,,,,
1000,1,1000.0,0.0,32.0,32.0,0.1195158213376998,76.92517596296966,5045.93505859375,,,,,
1001,1,1001.0,0.0,32.0,32.0,0.0928491950035095,68.01847601309419,4386.42041015625,,,,,
1002,1,1002.0,0.0,32.0,32.0,0.3518822789192199,77.09226803854108,4865.3291015625,,,,,
1003,1,1003.0,0.0,32.0,32.0,0.176357164978981,77.5764740537852,4808.83935546875,,,,,
1004,1,1004.0,0.0,32.0,32.0,0.1210729405283927,67.6581560401246,4331.32958984375,,,,,
1005,1,1005.0,0.0,32.0,32.0,0.2873678207397461,68.02753801457584,4485.7744140625,,,,,
1006,1,1006.0,0.0,32.0,32.0,0.2773444652557373,64.26495593041182,4212.10302734375,,,,,
1007,1,1007.0,0.0,32.0,32.0,0.1936633288860321,69.30596404708922,4639.8251953125,,,,,
1008,1,1008.0,0.0,32.0,32.0,0.243958443403244,66.73532701097429,4386.42041015625,,,,,
1009,1,1009.0,0.0,32.0,32.0,0.230703055858612,78.94629705697298,4915.869140625,,,,,
1010,1,1010.0,0.0,32.0,32.0,0.2379295974969864,64.1179271042347,4307.3642578125,,,,,
1011,1,1011.0,0.0,32.0,32.0,0.1201494112610817,66.36893993709236,4386.42041015625,,,,,
1012,1,1012.0,0.0,32.0,32.0,0.2380614876747131,63.112916075624526,4307.3642578125,,,,,
1013,1,1013.0,0.0,32.0,32.0,0.3076710700988769,78.55554192792624,5045.93505859375,,,,,
1014,1,1014.0,0.0,32.0,32.0,0.1516770422458648,69.65155398938805,4433.376953125,,,,,
1015,1,1015.0,0.0,32.0,32.0,0.1825877130031585,66.70056795701385,4555.076171875,,,,,
1016,1,1016.0,0.0,32.0,32.0,0.2586187720298767,67.36211595125496,4410.056640625,,,,,
1017,1,1017.0,0.0,32.0,32.0,0.2842728495597839,80.85712394677103,5045.93505859375,,,,,
1018,1,1018.0,0.0,32.0,32.0,0.2932371497154236,67.16912693809718,4271.564453125,,,,,
1019,1,1019.0,0.0,32.0,32.0,0.4355262219905853,75.52895904518664,4865.3291015625,,,,,
1020,1,1020.0,0.0,32.0,32.0,0.3214272558689117,72.16810795944184,4639.8251953125,,,,,
1021,1,1021.0,0.0,32.0,32.0,0.4093230664730072,167.51884995028377,4575.50634765625,,,,,
1022,1,1022.0,0.0,32.0,32.0,0.1128576472401619,54.215067997574806,4555.076171875,,,,,
1023,1,1023.0,0.0,32.0,32.0,0.1319782435894012,63.89476405456662,4485.7744140625,,,,,
1024,1,1024.0,0.0,32.0,32.0,0.1219289377331733,62.38805898465216,4271.564453125,,,,,
1025,1,1025.0,0.0,32.0,32.0,0.3039168119430542,67.6377440104261,4734.25,,,,,
1026,1,1026.0,0.0,32.0,32.0,0.0808077678084373,69.03430307283998,4622.13720703125,,,,,
1027,1,1027.0,0.0,32.0,32.0,0.0889512598514556,60.105368960648775,4108.03271484375,,,,,
1028,1,1028.0,0.0,32.0,32.0,0.166616141796112,69.34426201041788,4622.13720703125,,,,,
1029,1,1029.0,0.0,32.0,32.0,0.1336033046245575,65.3442720649764,4331.32958984375,,,,,
1030,1,1030.0,0.0,32.0,32.0,0.1839201599359512,62.98565003089607,4271.564453125,,,,,
1031,1,1031.0,0.0,32.0,32.0,0.3243598341941833,67.21791694872081,4433.376953125,,,,,
1032,1,1032.0,0.0,32.0,32.0,0.2653094530105591,68.12146201264113,4485.7744140625,,,,,
1033,1,1033.0,0.0,32.0,32.0,0.0840577781200409,70.19750599283725,4555.076171875,,,,,
1034,1,1034.0,0.0,32.0,32.0,0.3081877827644348,75.9776879567653,4508.0693359375,,,,,
1035,1,1035.0,0.0,32.0,32.0,0.1060118526220321,79.37965798191726,4575.50634765625,,,,,
1036,1,1036.0,0.0,32.0,32.0,0.1421749889850616,82.20456901472062,5123.66064453125,,,,,
1037,1,1037.0,0.0,32.0,32.0,0.0606540292501449,73.31691298168153,4915.869140625,,,,,
1038,1,1038.0,0.0,32.0,32.0,0.0726847574114799,70.05373400170356,4734.25,,,,,
1039,1,1039.0,0.0,32.0,32.0,0.0575405731797218,61.730179004371166,4307.3642578125,,,,,
1040,1,1040.0,0.0,32.0,32.0,0.0275460053235292,65.53626398090273,4410.056640625,,,,,
1041,1,1041.0,0.0,32.0,32.0,0.1596681177616119,68.33494093734771,4622.13720703125,,,,,
1042,1,1042.0,0.0,32.0,32.0,0.3217749297618866,74.91487090010196,4865.3291015625,,,,,
1043,1,1043.0,0.0,32.0,32.0,0.3632827997207641,67.9505430161953,4433.376953125,,,,,
1044,1,1044.0,0.0,32.0,32.0,0.2189681977033615,79.4302390422672,5015.54736328125,,,,,
1045,1,1045.0,0.0,32.0,32.0,0.1424252390861511,70.5783519661054,4794.64794921875,,,,,
1046,1,1046.0,0.0,32.0,32.0,0.1510977149009704,68.92549595795572,4433.376953125,,,,,
1047,1,1047.0,0.0,32.0,32.0,0.0400781705975532,85.50855703651905,5123.66064453125,,,,,
1048,1,1048.0,0.0,32.0,32.0,0.2406644970178604,75.96706901676953,4622.13720703125,,,,,
1049,1,1049.0,0.0,32.0,32.0,0.1682727485895156,67.44963093660772,4235.150390625,,,,,
1050,1,1050.0,0.0,32.0,32.0,0.0732544809579849,71.95786503143609,4698.25146484375,,,,,
1051,1,1051.0,0.0,32.0,32.0,0.2237472534179687,70.27061807457358,4622.13720703125,,,,,
1052,1,1052.0,0.0,32.0,32.0,0.4229583144187927,65.65235496964306,4575.50634765625,,,,,
1053,1,1053.0,0.0,32.0,32.0,0.0561715438961982,65.52715902216733,4386.42041015625,,,,,
1054,1,1054.0,0.0,32.0,32.0,0.0733499079942703,75.05075598601252,4884.15185546875,,,,,
1055,1,1055.0,0.0,32.0,32.0,0.3511242270469665,68.22675094008446,4508.0693359375,,,,,
1056,1,1056.0,0.0,32.0,32.0,0.3425340950489044,74.17916296981275,4794.64794921875,,,,,
1057,1,1057.0,0.0,32.0,32.0,0.1426796615123748,72.12881103623658,4639.8251953125,,,,,
1058,1,1058.0,0.0,32.0,32.0,0.0972873270511627,66.48745795246214,4386.42041015625,,,,,
1059,1,1059.0,0.0,32.0,32.0,0.0976123213768005,65.85936807096004,4271.564453125,,,,,
1060,1,1060.0,0.0,32.0,32.0,0.0715986937284469,65.84281101822853,4433.376953125,,,,,
1061,1,1061.0,0.0,32.0,32.0,0.1868717968463897,74.34306899085641,4622.13720703125,,,,,
1062,1,1062.0,0.0,32.0,32.0,0.3741634488105774,71.97660708334297,4271.564453125,,,,,
1063,1,1063.0,0.0,32.0,32.0,0.1508688628673553,69.15079802274704,4555.076171875,,,,,
1064,1,1064.0,0.0,32.0,32.0,0.1054647415876388,70.30376303009689,4508.0693359375,,,,,
1065,1,1065.0,0.0,32.0,32.0,0.1426668167114257,79.88103898242116,5045.93505859375,,,,,
1066,1,1066.0,0.0,32.0,32.0,0.2130900770425796,64.04689198825508,4136.080078125,,,,,
1067,1,1067.0,0.0,32.0,32.0,0.1633621752262115,66.93644390907139,4508.0693359375,,,,,
1068,1,1068.0,0.0,32.0,32.0,0.0946022421121597,65.60920493211597,4555.076171875,,,,,
1069,1,1069.0,0.0,32.0,32.0,0.2084997743368148,83.10312998946756,5331.34912109375,,,,,
1070,1,1070.0,0.0,32.0,32.0,0.1591031551361084,71.22135197278112,4639.8251953125,,,,,
1071,1,1071.0,0.0,32.0,32.0,0.0895849019289016,78.54324299842119,5015.54736328125,,,,,
1072,1,1072.0,0.0,32.0,32.0,0.1873262226581573,78.55403609573841,4915.869140625,,,,,
1073,1,1073.0,0.0,32.0,32.0,0.2281804382801056,69.9412280227989,4508.0693359375,,,,,
1074,1,1074.0,0.0,32.0,32.0,0.193346306681633,70.6946860300377,4555.076171875,,,,,
1075,1,1075.0,0.0,32.0,32.0,0.2938875555992126,75.35640394780785,4808.83935546875,,,,,
1076,1,1076.0,0.0,32.0,32.0,0.2203967720270156,68.93546006176621,4386.42041015625,,,,,
1077,1,1077.0,0.0,32.0,32.0,0.1614857017993927,64.45328891277313,4212.10302734375,,,,,
1078,1,1078.0,0.0,32.0,32.0,0.2565639615058899,68.11814999673516,4410.056640625,,,,,
1079,1,1079.0,0.0,32.0,32.0,0.1795098632574081,77.2183530498296,4985.5732421875,,,,,
1080,1,1080.0,0.0,32.0,32.0,0.1794602870941162,59.97396295424551,3990.52294921875,,,,,
1081,1,1081.0,0.0,32.0,32.0,0.2442732155323028,73.88243498280644,4794.64794921875,,,,,
1082,1,1082.0,0.0,32.0,32.0,0.4987217485904693,66.09990098513663,4386.42041015625,,,,,
1083,1,1083.0,0.0,32.0,32.0,0.3394964039325714,68.97542800288647,4764.27734375,,,,,
1084,1,1084.0,0.0,32.0,32.0,0.0742704048752784,63.72900598216802,4212.10302734375,,,,,
1085,1,1085.0,0.0,32.0,32.0,0.1402753740549087,67.49951303936541,4433.376953125,,,,,
1086,1,1086.0,0.0,32.0,32.0,0.2050220668315887,72.67785805743188,4698.25146484375,,,,,
1087,1,1087.0,0.0,32.0,32.0,0.1481413841247558,80.77757398132235,5015.54736328125,,,,,
1088,1,1088.0,0.0,32.0,32.0,0.3422893285751343,69.00145602412522,4386.42041015625,,,,,
1089,1,1089.0,0.0,32.0,32.0,0.0843493416905403,70.17395296134055,4575.50634765625,,,,,
1090,1,1090.0,0.0,32.0,32.0,0.0765329599380493,66.69670704286546,4271.564453125,,,,,
1091,1,1091.0,0.0,32.0,32.0,0.1935914754867553,67.02760490588844,4622.13720703125,,,,,
1092,1,1092.0,0.0,32.0,32.0,0.285231739282608,66.28828006796539,4271.564453125,,,,,
1093,1,1093.0,0.0,32.0,32.0,0.2934142351150512,66.81040907278657,4271.564453125,,,,,
1094,1,1094.0,0.0,32.0,32.0,0.1207611486315727,75.29703504405916,4915.869140625,,,,,
1095,1,1095.0,0.0,32.0,32.0,0.0651499927043914,70.39012503810227,4575.50634765625,,,,,
1096,1,1096.0,0.0,32.0,32.0,0.1603894829750061,69.87165496684611,4508.0693359375,,,,,
1097,1,1097.0,0.0,32.0,32.0,0.1647392660379409,66.07734295539558,4410.056640625,,,,,
1098,1,1098.0,0.0,32.0,32.0,0.1017930880188942,68.07944900356233,4575.50634765625,,,,,
1099,1,1099.0,0.0,32.0,32.0,0.3383237421512604,73.32516298629344,4985.5732421875,,,,,
1100,1,1100.0,0.0,32.0,32.0,0.1501904726028442,70.76366990804672,4575.50634765625,,,,,
1101,1,1101.0,0.0,32.0,32.0,0.2550195753574371,64.4061949569732,4167.5205078125,,,,,
1102,1,1102.0,0.0,32.0,32.0,0.2103591859340667,68.81473097018898,4485.7744140625,,,,,
1103,1,1103.0,0.0,32.0,32.0,0.3822970688343048,68.59856401570141,4433.376953125,,,,,
1104,1,1104.0,0.0,32.0,32.0,0.1303935796022415,74.21838399022818,4764.27734375,,,,,
1105,1,1105.0,0.0,32.0,32.0,0.2131126075983047,66.28584302961826,4235.150390625,,,,,
1106,1,1106.0,0.0,32.0,32.0,0.1267034411430359,72.50224601011723,4698.25146484375,,,,,
1107,1,1107.0,0.0,32.0,32.0,0.1789749264717102,69.09134006127715,4734.25,,,,,
1108,1,1108.0,0.0,32.0,32.0,0.1367366909980774,69.98157198540866,4575.50634765625,,,,,
1109,1,1109.0,0.0,32.0,32.0,0.4479474425315857,68.04566504433751,4433.376953125,,,,,
1110,1,1110.0,0.0,32.0,32.0,0.2190077304840088,67.31553096324205,4386.42041015625,,,,,
1111,1,1111.0,0.0,32.0,32.0,0.342158555984497,62.54750699736178,4167.5205078125,,,,,
1112,1,1112.0,0.0,32.0,32.0,0.0910230875015258,65.15151599887758,4386.42041015625,,,,,
1113,1,1113.0,0.0,32.0,32.0,0.1824180781841278,64.69261005986482,4235.150390625,,,,,
1114,1,1114.0,0.0,32.0,32.0,0.327065110206604,67.58078304119408,4271.564453125,,,,,
1115,1,1115.0,0.0,32.0,32.0,0.2353706210851669,60.08045701310039,4167.5205078125,,,,,
1116,1,1116.0,0.0,32.0,32.0,0.3928262293338775,72.40563491359353,4698.25146484375,,,,,
1117,1,1117.0,0.0,32.0,32.0,0.1780188977718353,73.51588900201023,4734.25,,,,,
1118,1,1118.0,0.0,32.0,32.0,0.1115217432379722,70.34422806464136,4508.0693359375,,,,,
1119,1,1119.0,0.0,32.0,32.0,0.2289553731679916,67.42870598100126,4433.376953125,,,,,
1120,1,1120.0,0.0,32.0,32.0,0.074045717716217,71.64196891244501,4639.8251953125,,,,,
1121,1,1121.0,0.0,32.0,32.0,0.3275164067745209,68.27410706318915,4485.7744140625,,,,,
1122,1,1122.0,0.0,32.0,32.0,0.1754043847322464,63.31876607146114,4136.080078125,,,,,
1123,1,1123.0,0.0,32.0,32.0,0.0855089500546455,64.49527002405375,4555.076171875,,,,,
1124,1,1124.0,0.0,32.0,32.0,0.323620080947876,63.94546793308109,4136.080078125,,,,,
1125,1,1125.0,0.0,32.0,32.0,0.2632948756217956,62.95249599497765,4307.3642578125,,,,,
1126,1,1126.0,0.0,32.0,32.0,0.2095704078674316,67.61492800433189,4508.0693359375,,,,,
1127,1,1127.0,0.0,32.0,32.0,0.171487495303154,62.9990209126845,4136.080078125,,,,,
1128,1,1128.0,0.0,32.0,32.0,0.0653036385774612,77.1060660481453,4956.47900390625,,,,,
1129,1,1129.0,0.0,32.0,32.0,0.1343461275100708,77.50623894389719,4865.3291015625,,,,,
1130,1,1130.0,0.0,32.0,32.0,0.3106401860713959,78.58649792615324,4985.5732421875,,,,,
1131,1,1131.0,0.0,32.0,32.0,0.1948074400424957,66.66632904671133,4410.056640625,,,,,
1132,1,1132.0,0.0,32.0,32.0,0.060707826167345,71.44281500950456,4639.8251953125,,,,,
1133,1,1133.0,0.0,32.0,32.0,0.0856997817754745,67.70041398704052,4433.376953125,,,,,
1134,1,1134.0,0.0,32.0,32.0,0.1227019429206848,75.71421703323722,4794.64794921875,,,,,
1135,1,1135.0,0.0,32.0,32.0,0.1733209937810897,66.99024292174727,4271.564453125,,,,,
1136,1,1136.0,0.0,32.0,32.0,0.2660471498966217,78.47723097074777,4915.869140625,,,,,
1137,1,1137.0,0.0,32.0,32.0,0.1650715619325637,68.84313200134784,4555.076171875,,,,,
1138,1,1138.0,0.0,32.0,32.0,0.1722328960895538,71.98152004275471,4622.13720703125,,,,,
1139,1,1139.0,0.0,32.0,32.0,0.0125957736745476,73.56515701394528,4884.15185546875,,,,,
1140,1,1140.0,0.0,32.0,32.0,0.4556308686733246,60.75001507997513,4108.03271484375,,,,,
1141,1,1141.0,0.0,32.0,32.0,0.2641640901565552,67.43692001327872,4575.50634765625,,,,,
1142,1,1142.0,0.0,32.0,32.0,0.1926649808883667,71.6850240714848,4639.8251953125,,,,,
1143,1,1143.0,0.0,32.0,32.0,0.1185516417026519,68.2322490029037,4433.376953125,,,,,
1144,1,1144.0,0.0,32.0,32.0,0.1558982133865356,73.63653497304767,4734.25,,,,,
1145,1,1145.0,0.0,32.0,32.0,0.2305151373147964,69.8802750557661,4575.50634765625,,,,,
1146,1,1146.0,0.0,32.0,32.0,0.2390240281820297,69.02509392239153,4485.7744140625,,,,,
1147,1,1147.0,0.0,32.0,32.0,0.1775922179222107,58.00835904665291,4108.03271484375,,,,,
1148,1,1148.0,0.0,32.0,32.0,0.0522915609180927,73.47538904286921,4764.27734375,,,,,
1149,1,1149.0,0.0,32.0,32.0,0.2705778777599334,69.43015300203115,4575.50634765625,,,,,
1150,1,1150.0,0.0,32.0,32.0,0.0861868262290954,71.13900606054813,4622.13720703125,,,,,
1151,1,1151.0,0.0,32.0,32.0,0.2153610736131668,68.15907300915569,4485.7744140625,,,,,
1152,1,1152.0,0.0,32.0,32.0,0.2484110593795776,67.35426699742675,4386.42041015625,,,,,
1153,1,1153.0,0.0,32.0,32.0,0.2451157122850418,64.26107103470713,4235.150390625,,,,,
1154,1,1154.0,0.0,32.0,32.0,0.1810355484485626,79.65471094939858,5015.54736328125,,,,,
1155,1,1155.0,0.0,32.0,32.0,0.3012105524539947,63.26940201688558,4271.564453125,,,,,
1156,1,1156.0,0.0,32.0,32.0,0.1052245199680328,68.5796879697591,4433.376953125,,,,,
1157,1,1157.0,0.0,32.0,32.0,0.1646585166454315,66.12866802606732,4331.32958984375,,,,,
1158,1,1158.0,0.0,32.0,32.0,0.3662965893745422,68.73542501125485,4508.0693359375,,,,,
1159,1,1159.0,0.0,32.0,32.0,0.2877155542373657,71.15103199612349,4622.13720703125,,,,,
1160,1,1160.0,0.0,32.0,32.0,0.1766231954097747,66.03089405689389,4271.564453125,,,,,
1161,1,1161.0,0.0,32.0,32.0,0.2280373275279998,68.09690408408642,4410.056640625,,,,,
1162,1,1162.0,0.0,32.0,32.0,0.1760803610086441,67.65306205488741,4433.376953125,,,,,
1163,1,1163.0,0.0,32.0,32.0,0.1813402473926544,68.64098203368485,4639.8251953125,,,,,
1164,1,1164.0,0.0,32.0,32.0,0.2228942960500717,71.05135393794626,4639.8251953125,,,,,
1165,1,1165.0,0.0,32.0,32.0,0.1269973665475845,76.99706801213324,4808.83935546875,,,,,
1166,1,1166.0,0.0,32.0,32.0,0.2178191542625427,66.81584694888443,4212.10302734375,,,,,
1167,1,1167.0,0.0,32.0,32.0,0.284210056066513,75.39933000225574,4808.83935546875,,,,,
1168,1,1168.0,0.0,32.0,32.0,0.3243661522865295,64.57832793239504,4307.3642578125,,,,,
1169,1,1169.0,0.0,32.0,32.0,0.1675243973731994,74.92661790456623,4794.64794921875,,,,,
1170,1,1170.0,0.0,32.0,32.0,0.4110637009143829,77.19913497567177,5015.54736328125,,,,,
1171,1,1171.0,0.0,32.0,32.0,0.2335878014564514,65.40263001807034,4212.10302734375,,,,,
1172,1,1172.0,0.0,32.0,32.0,0.3797031939029693,58.95739002153277,4063.82470703125,,,,,
1173,1,1173.0,0.0,32.0,32.0,0.1336330324411392,62.774316989816725,4167.5205078125,,,,,
1174,1,1174.0,0.0,32.0,32.0,0.2470739930868148,58.24318004306406,4045.24072265625,,,,,
1175,1,1175.0,0.0,32.0,32.0,0.1740531921386718,66.5857830317691,4271.564453125,,,,,
1176,1,1176.0,0.0,32.0,32.0,0.2047455012798309,68.41451209038496,4485.7744140625,,,,,
1177,1,1177.0,0.0,32.0,32.0,0.063030794262886,69.2860420094803,4485.7744140625,,,,,
1178,1,1178.0,0.0,32.0,32.0,0.0443915873765945,59.36615203972906,4136.080078125,,,,,
1179,1,1179.0,0.0,32.0,32.0,0.0680616870522499,64.09307906869799,4307.3642578125,,,,,
1180,1,1180.0,0.0,32.0,32.0,0.1768684089183807,67.3331159632653,4331.32958984375,,,,,
1181,1,1181.0,0.0,32.0,32.0,0.3900732696056366,73.47022404428571,4764.27734375,,,,,
1182,1,1182.0,0.0,32.0,32.0,0.2046644240617752,72.9831779608503,4734.25,,,,,
1183,1,1183.0,0.0,32.0,32.0,0.0903224647045135,67.74463492911309,4433.376953125,,,,,
1184,1,1184.0,0.0,32.0,32.0,0.1492595225572586,77.06721301656216,4956.47900390625,,,,,
1185,1,1185.0,0.0,32.0,32.0,0.2572906017303467,70.63745590858161,4555.076171875,,,,,
1186,1,1186.0,0.0,32.0,32.0,0.0768231675028801,63.52999003138393,4433.376953125,,,,,
1187,1,1187.0,0.0,32.0,32.0,0.0285376012325286,79.0196709567681,4915.869140625,,,,,
1188,1,1188.0,0.0,32.0,32.0,0.1997072696685791,68.49948700983077,4433.376953125,,,,,
1189,1,1189.0,0.0,32.0,32.0,0.360409140586853,74.04539699200541,4808.83935546875,,,,,
1190,1,1190.0,0.0,32.0,32.0,0.2201922833919525,64.17968799360096,4136.080078125,,,,,
1191,1,1191.0,0.0,32.0,32.0,0.4262305796146393,76.1734489351511,4808.83935546875,,,,,
1192,1,1192.0,0.0,32.0,32.0,0.0245746783912181,68.90537100844085,4331.32958984375,,,,,
1193,1,1193.0,0.0,32.0,32.0,0.4939249753952026,70.45239000581205,4622.13720703125,,,,,
1194,1,1194.0,0.0,32.0,32.0,0.4992629885673523,65.24096999783069,4508.0693359375,,,,,
1195,1,1195.0,0.0,32.0,32.0,0.2212790697813034,63.5967260459438,4167.5205078125,,,,,
1196,1,1196.0,0.0,32.0,32.0,0.1937413960695266,66.87147705815732,4331.32958984375,,,,,
1197,1,1197.0,0.0,32.0,32.0,0.1530226469039917,68.69800202548504,4485.7744140625,,,,,
1198,1,1198.0,0.0,32.0,32.0,0.0656130090355873,67.46320391539484,4386.42041015625,,,,,
1199,1,1199.0,0.0,32.0,32.0,0.2795999050140381,67.71983997896314,4386.42041015625,,,,,
1200,1,1200.0,0.0,32.0,32.0,0.2137856036424636,68.51935503073037,4575.50634765625,,,,,
1201,1,1201.0,0.0,32.0,32.0,0.1805981546640396,66.34328397922218,4271.564453125,,,,,
1202,1,1202.0,0.0,32.0,32.0,0.1067050769925117,63.29051300417632,4410.056640625,,,,,
1203,1,1203.0,0.0,32.0,32.0,0.3102445900440216,63.12980898655951,4167.5205078125,,,,,
1204,1,1204.0,0.0,32.0,32.0,0.0691434442996978,66.53590803034604,4331.32958984375,,,,,
1205,1,1205.0,0.0,32.0,32.0,0.1328445374965667,63.3757800096646,4136.080078125,,,,,
1206,1,1206.0,0.0,32.0,32.0,0.1259306073188781,71.27774495165795,4639.8251953125,,,,,
1207,1,1207.0,0.0,32.0,32.0,0.0681179910898208,67.87706003524363,4410.056640625,,,,,
1208,1,1208.0,0.0,32.0,32.0,0.129330039024353,71.2332489201799,4622.13720703125,,,,,
1209,1,1209.0,0.0,32.0,32.0,0.1229350268840789,71.36104302480817,4639.8251953125,,,,,
1210,1,1210.0,0.0,32.0,32.0,0.2040088176727295,70.14356798026711,4764.27734375,,,,,
1211,1,1211.0,0.0,32.0,32.0,0.2757502794265747,69.56891296431422,4485.7744140625,,,,,
1212,1,1212.0,0.0,32.0,32.0,0.0987707376480102,65.8652629936114,4271.564453125,,,,,
1213,1,1213.0,0.0,32.0,32.0,0.419096291065216,60.968647012487054,4108.03271484375,,,,,
1214,1,1214.0,0.0,32.0,32.0,0.1023859456181526,62.9396450240165,4307.3642578125,,,,,
1215,1,1215.0,0.0,32.0,32.0,0.0373844653367996,69.68461803626269,4555.076171875,,,,,
1216,1,1216.0,0.0,32.0,32.0,0.1986256390810012,68.21829196996987,4485.7744140625,,,,,
1217,1,1217.0,0.0,32.0,32.0,0.1779410392045974,63.70449101086706,4307.3642578125,,,,,
1218,1,1218.0,0.0,32.0,32.0,0.0573406219482421,59.572928003035486,4212.10302734375,,,,,
1219,1,1219.0,0.0,32.0,32.0,0.389601469039917,67.84196698572487,4575.50634765625,,,,,
1220,1,1220.0,0.0,32.0,32.0,0.0538088008761405,73.11491703148931,4698.25146484375,,,,,
1221,1,1221.0,0.0,32.0,32.0,0.4185848236083984,78.1324680428952,4915.869140625,,,,,
1222,1,1222.0,0.0,32.0,32.0,0.1627404987812042,60.75240205973387,4063.82470703125,,,,,
1223,1,1223.0,0.0,32.0,32.0,0.1891571879386901,65.05248695611954,4271.564453125,,,,,
1224,1,1224.0,0.0,32.0,32.0,0.0431455485522747,75.35381196066737,4884.15185546875,,,,,
1225,1,1225.0,0.0,32.0,32.0,0.1868848800659179,67.09441798739135,4212.10302734375,,,,,
1226,1,1226.0,0.0,32.0,32.0,0.0791973769664764,61.13607995212078,4307.3642578125,,,,,
1227,1,1227.0,0.0,32.0,32.0,0.3584076166152954,66.4509809575975,4410.056640625,,,,,
1228,1,1228.0,0.0,32.0,32.0,0.0361693799495697,69.92529495619237,4555.076171875,,,,,
1229,1,1229.0,0.0,32.0,32.0,0.2440135776996612,67.10073002614081,4271.564453125,,,,,
1230,1,1230.0,0.0,32.0,32.0,0.3152743577957153,74.19538695830852,4764.27734375,,,,,
1231,1,1231.0,0.0,32.0,32.0,0.0361283533275127,77.04895199276507,4865.3291015625,,,,,
1232,1,1232.0,0.0,32.0,32.0,0.1477900147438049,73.62666900735348,4698.25146484375,,,,,
1233,1,1233.0,0.0,32.0,32.0,0.0846452638506889,67.33058206737041,4410.056640625,,,,,
1234,1,1234.0,0.0,32.0,32.0,0.144105464220047,65.20448392257094,4508.0693359375,,,,,
1235,1,1235.0,0.0,32.0,32.0,0.1510859578847885,64.68795496039093,4235.150390625,,,,,
1236,1,1236.0,0.0,32.0,32.0,0.2546815276145935,70.18147700000554,4622.13720703125,,,,,
1237,1,1237.0,0.0,32.0,32.0,0.1614459306001663,72.64941895846277,4734.25,,,,,
1238,1,1238.0,0.0,32.0,32.0,0.1249885335564613,63.43249697238207,4307.3642578125,,,,,
1239,1,1239.0,0.0,32.0,32.0,0.1151540875434875,76.53764192946255,4794.64794921875,,,,,
1240,1,1240.0,0.0,32.0,32.0,0.1855038851499557,79.40088701434433,4915.869140625,,,,,
1241,1,1241.0,0.0,32.0,32.0,0.1990280151367187,68.44328599981964,4508.0693359375,,,,,
1242,1,1242.0,0.0,32.0,32.0,0.0902673602104187,68.03249497897923,4639.8251953125,,,,,
1243,1,1243.0,0.0,32.0,32.0,0.0397969409823417,72.91455799713731,4698.25146484375,,,,,
1244,1,1244.0,0.0,32.0,32.0,0.1796497553586959,69.31845005601645,4555.076171875,,,,,
1245,1,1245.0,0.0,32.0,32.0,0.2453202903270721,69.6897319285199,4485.7744140625,,,,,
1246,1,1246.0,0.0,32.0,32.0,0.2059758454561233,63.67186002898961,4307.3642578125,,,,,
1247,1,1247.0,0.0,32.0,32.0,0.0796511024236679,64.69367700628936,4271.564453125,,,,,
1248,1,1248.0,0.0,32.0,32.0,0.1705997288227081,69.74625389557332,4575.50634765625,,,,,
1249,1,1249.0,0.0,32.0,32.0,0.2036886662244796,67.1773370122537,4410.056640625,,,,,
1250,1,1250.0,0.0,32.0,32.0,0.066271498799324,63.0013489862904,4386.42041015625,,,,,
1251,1,1251.0,0.0,32.0,32.0,0.2912860512733459,68.53848102036864,4485.7744140625,,,,,
1252,1,1252.0,0.0,32.0,32.0,0.4460028111934662,70.3512909822166,4622.13720703125,,,,,
1253,1,1253.0,0.0,32.0,32.0,0.2172839790582656,68.44461604487151,4433.376953125,,,,,
1254,1,1254.0,0.0,32.0,32.0,0.0625279247760772,63.371561001986265,4136.080078125,,,,,
1255,1,1255.0,0.0,32.0,32.0,0.0556753538548946,70.25148905813694,4622.13720703125,,,,,
1256,1,1256.0,0.0,32.0,32.0,0.1774910241365432,67.06759193912148,4386.42041015625,,,,,
1257,1,1257.0,0.0,32.0,32.0,0.1996999531984329,69.34245792217553,4555.076171875,,,,,
1258,1,1258.0,0.0,32.0,32.0,0.1430123001337051,65.04337000660598,4508.0693359375,,,,,
1259,1,1259.0,0.0,32.0,32.0,0.1989049613475799,60.366067104041576,4108.03271484375,,,,,
1260,1,1260.0,0.0,32.0,32.0,0.2145960479974746,62.712938990443945,4136.080078125,,,,,
1261,1,1261.0,0.0,32.0,32.0,0.1880657523870468,70.52678801119328,4622.13720703125,,,,,
1262,1,1262.0,0.0,32.0,32.0,0.4004349708557129,69.10485797561705,4485.7744140625,,,,,
1263,1,1263.0,0.0,32.0,32.0,0.0330675691366195,67.22258299123496,4386.42041015625,,,,,
1264,1,1264.0,0.0,32.0,32.0,0.1500789672136306,67.20657297410071,4410.056640625,,,,,
1265,1,1265.0,0.0,32.0,32.0,0.1173617243766784,68.11009405646473,4485.7744140625,,,,,
1266,1,1266.0,0.0,32.0,32.0,0.078276440501213,64.6464480087161,4410.056640625,,,,,
1267,1,1267.0,0.0,32.0,32.0,0.1069167032837867,71.29054400138557,4639.8251953125,,,,,
1268,1,1268.0,0.0,32.0,32.0,0.1208031997084617,71.81385695002973,4639.8251953125,,,,,
1269,1,1269.0,0.0,32.0,32.0,0.1601794064044952,67.53581599332392,4433.376953125,,,,,
1270,1,1270.0,0.0,32.0,32.0,0.1999474167823791,72.25605088751763,4622.13720703125,,,,,
1271,1,1271.0,0.0,32.0,32.0,0.1228502690792083,66.37956807389855,4331.32958984375,,,,,
1272,1,1272.0,0.0,32.0,32.0,0.121484100818634,73.08697304688394,4698.25146484375,,,,,
1273,1,1273.0,0.0,32.0,32.0,0.2949036955833435,73.68960103485733,4764.27734375,,,,,
1274,1,1274.0,0.0,32.0,32.0,0.0853932648897171,72.69769301638007,4956.47900390625,,,,,
1275,1,1275.0,0.0,32.0,32.0,0.3043685555458069,70.31056005507708,4575.50634765625,,,,,
1276,1,1276.0,0.0,32.0,32.0,0.01041364017874,69.14753396995366,4575.50634765625,,,,,
1277,1,1277.0,0.0,32.0,32.0,0.0700002238154411,72.61341705452651,4698.25146484375,,,,,
1278,1,1278.0,0.0,32.0,32.0,0.1669800877571106,70.63201698474586,4622.13720703125,,,,,
1279,1,1279.0,0.0,32.0,32.0,0.4207934141159057,69.65463503729552,4575.50634765625,,,,,
1280,1,1280.0,0.0,32.0,32.0,0.0933463871479034,65.7292049145326,4271.564453125,,,,,
1281,1,1281.0,0.0,32.0,32.0,0.1326692402362823,66.62873399909586,4271.564453125,,,,,
1282,1,1282.0,0.0,32.0,32.0,0.1390944421291351,65.41329005267471,4555.076171875,,,,,
1283,1,1283.0,0.0,32.0,32.0,0.1173527389764785,68.11112503055483,4331.32958984375,,,,,
1284,1,1284.0,0.0,32.0,32.0,0.1268428862094879,69.05026303138584,4555.076171875,,,,,
1285,1,1285.0,0.0,32.0,32.0,0.2061371505260467,77.40779698360711,4808.83935546875,,,,,
1286,1,1286.0,0.0,32.0,32.0,0.080437496304512,60.92644692398608,4063.82470703125,,,,,
1287,1,1287.0,0.0,32.0,32.0,0.1822028309106826,68.31886898726225,4485.7744140625,,,,,
1288,1,1288.0,0.0,32.0,32.0,0.1944562494754791,65.8298209309578,4271.564453125,,,,,
1289,1,1289.0,0.0,32.0,32.0,0.1361471116542816,68.56307096313685,4508.0693359375,,,,,
1290,1,1290.0,0.0,32.0,32.0,0.2697977423667907,59.3628321075812,4136.080078125,,,,,
1291,1,1291.0,0.0,32.0,32.0,0.116516575217247,66.94008503109217,4331.32958984375,,,,,
1292,1,1292.0,0.0,32.0,32.0,0.1952520757913589,63.66320606321096,4307.3642578125,,,,,
1293,1,1293.0,0.0,32.0,32.0,0.2517005503177643,68.40309698600322,4575.50634765625,,,,,
1294,1,1294.0,0.0,32.0,32.0,0.1085852980613708,78.0397990019992,4956.47900390625,,,,,
1295,1,1295.0,0.0,32.0,32.0,0.1194792091846466,70.1867250027135,4575.50634765625,,,,,
1296,1,1296.0,0.0,32.0,32.0,0.1191923767328262,65.88439701590687,4331.32958984375,,,,,
1297,1,1297.0,0.0,32.0,32.0,0.2314947694540023,67.28996289893985,4331.32958984375,,,,,
1298,1,1298.0,0.0,32.0,32.0,0.1315673589706421,66.83877494651824,4622.13720703125,,,,,
1299,1,1299.0,0.0,32.0,32.0,0.0478652529418468,68.30509495921433,4575.50634765625,,,,,
1300,1,1300.0,0.0,32.0,32.0,0.2697945237159729,68.13326198607683,4410.056640625,,,,,
1301,1,1301.0,0.0,32.0,32.0,0.0529864579439163,70.9009220590815,4622.13720703125,,,,,
1302,1,1302.0,0.0,32.0,32.0,0.3113907277584076,70.88034192565829,4622.13720703125,,,,,
1303,1,1303.0,0.0,32.0,32.0,0.393620491027832,68.11552098952234,4433.376953125,,,,,
1304,1,1304.0,0.0,32.0,32.0,0.3542729318141937,72.10295903496444,4639.8251953125,,,,,
1305,1,1305.0,0.0,32.0,32.0,0.1850363314151764,69.55397198908031,4555.076171875,,,,,
1306,1,1306.0,0.0,32.0,32.0,0.1286633610725402,68.46881192177534,4698.25146484375,,,,,
1307,1,1307.0,0.0,32.0,32.0,0.3004745244979858,67.93865002691746,4410.056640625,,,,,
1308,1,1308.0,0.0,32.0,32.0,0.3965032994747162,68.73686204198748,4508.0693359375,,,,,
1309,1,1309.0,0.0,32.0,32.0,0.1125111430883407,78.10272905044258,4915.869140625,,,,,
1310,1,1310.0,0.0,32.0,32.0,0.4315357804298401,60.8165820594877,4108.03271484375,,,,,
1311,1,1311.0,0.0,32.0,32.0,0.3205032348632812,63.6279140599072,4212.10302734375,,,,,
1312,1,1312.0,0.0,32.0,32.0,0.3002744019031524,65.26843993924558,4235.150390625,,,,,
1313,1,1313.0,0.0,32.0,32.0,0.2249271869659423,71.40142400749028,4639.8251953125,,,,,
1314,1,1314.0,0.0,32.0,32.0,0.1211410537362098,62.3383519705385,4271.564453125,,,,,
1315,1,1315.0,0.0,32.0,32.0,0.073655754327774,71.95148698519915,4622.13720703125,,,,,
1316,1,1316.0,0.0,32.0,32.0,0.243759274482727,72.99537805374712,4734.25,,,,,
1317,1,1317.0,0.0,32.0,32.0,0.1599086374044418,77.1384909749031,4865.3291015625,,,,,
1318,1,1318.0,0.0,32.0,32.0,0.1469410210847854,68.24906205292791,4433.376953125,,,,,
1319,1,1319.0,0.0,32.0,32.0,0.1359117329120636,70.36767492536455,4622.13720703125,,,,,
1320,1,1320.0,0.0,32.0,32.0,0.1339745223522186,77.53357908222824,4956.47900390625,,,,,
1321,1,1321.0,0.0,32.0,32.0,0.3092629313468933,64.58315800409764,4433.376953125,,,,,
1322,1,1322.0,0.0,32.0,32.0,0.1946512460708618,70.46946603804827,4622.13720703125,,,,,
1323,1,1323.0,0.0,32.0,32.0,0.0890599936246872,82.99852104391903,5152.4375,,,,,
1324,1,1324.0,0.0,32.0,32.0,0.0610026977956295,74.24008299130946,4764.27734375,,,,,
1325,1,1325.0,0.0,32.0,32.0,0.1454207450151443,76.71660103369504,4865.3291015625,,,,,
1326,1,1326.0,0.0,32.0,32.0,0.3883056640625,68.56864504516125,4410.056640625,,,,,
1327,1,1327.0,0.0,32.0,32.0,0.1226173266768455,76.72515802551061,4884.15185546875,,,,,
1328,1,1328.0,0.0,32.0,32.0,0.3352711498737335,67.92902201414108,4622.13720703125,,,,,
1329,1,1329.0,0.0,32.0,32.0,0.4034675061702728,70.83441293798387,4639.8251953125,,,,,
1330,1,1330.0,0.0,32.0,32.0,0.1442553550004959,69.71247005276382,4555.076171875,,,,,
1331,1,1331.0,0.0,32.0,32.0,0.1547206491231918,75.98699606023729,4794.64794921875,,,,,
1332,1,1332.0,0.0,32.0,32.0,0.2850942313671112,69.54652408603579,4508.0693359375,,,,,
1333,1,1333.0,0.0,32.0,32.0,0.2812217175960541,78.5831700777635,4884.15185546875,,,,,
1334,1,1334.0,0.0,32.0,32.0,0.418292224407196,59.11346594803035,4002.4619140625,,,,,
1335,1,1335.0,0.0,32.0,32.0,0.4007419943809509,70.42811997234821,4622.13720703125,,,,,
1336,1,1336.0,0.0,32.0,32.0,0.2101207077503204,64.82491502538323,4575.50634765625,,,,,
1337,1,1337.0,0.0,32.0,32.0,0.1184917837381362,67.25986301898956,4331.32958984375,,,,,
1338,1,1338.0,0.0,32.0,32.0,0.0954778715968132,63.22998204268515,4307.3642578125,,,,,
1339,1,1339.0,0.0,32.0,32.0,0.1420014202594757,62.56112898699939,4136.080078125,,,,,
1340,1,1340.0,0.0,32.0,32.0,0.2133444249629974,67.35027895774692,4433.376953125,,,,,
1341,1,1341.0,0.0,32.0,32.0,0.0738251283764839,64.86586306709796,4212.10302734375,,,,,
1342,1,1342.0,0.0,32.0,32.0,0.2288623303174972,68.603674066253,4575.50634765625,,,,,
1343,1,1343.0,0.0,32.0,32.0,0.2885653078556061,68.94907797686756,4485.7744140625,,,,,
1344,1,1344.0,0.0,32.0,32.0,0.0961833894252777,62.98779009375721,4331.32958984375,,,,,
1345,1,1345.0,0.0,32.0,32.0,0.2641777694225311,63.27057199086994,4307.3642578125,,,,,
1346,1,1346.0,0.0,32.0,32.0,0.0531076230108737,67.95302801765501,4485.7744140625,,,,,
1347,1,1347.0,0.0,32.0,32.0,0.1111547872424125,77.24480796605349,4865.3291015625,,,,,
1348,1,1348.0,0.0,32.0,32.0,0.0273505933582782,66.17047102190554,4235.150390625,,,,,
1349,1,1349.0,0.0,32.0,32.0,0.0944452732801437,68.14181292429566,4485.7744140625,,,,,
1350,1,1350.0,0.0,32.0,32.0,0.4569945633411407,79.21476394403726,4985.5732421875,,,,,
1351,1,1351.0,0.0,32.0,32.0,0.1507602930068969,64.76117402780801,4307.3642578125,,,,,
1352,1,1352.0,0.0,32.0,32.0,0.2502616643905639,59.8687679739669,4167.5205078125,,,,,
1353,1,1353.0,0.0,32.0,32.0,0.1293528974056244,66.74905004911125,4433.376953125,,,,,
1354,1,1354.0,0.0,32.0,32.0,0.1483521461486816,68.56859696563333,4555.076171875,,,,,
1355,1,1355.0,0.0,32.0,32.0,0.2606177031993866,67.93024705257267,4410.056640625,,,,,
1356,1,1356.0,0.0,32.0,32.0,0.2075559496879577,71.26599492039531,4734.25,,,,,
1357,1,1357.0,0.0,32.0,32.0,0.3450061678886413,71.92319293972105,4622.13720703125,,,,,
1358,1,1358.0,0.0,32.0,32.0,0.0519197136163711,72.60012696497142,4734.25,,,,,
1359,1,1359.0,0.0,32.0,32.0,0.2372182607650756,75.66726603545249,4956.47900390625,,,,,
1360,1,1360.0,0.0,32.0,32.0,0.1028819233179092,67.14854307938367,4555.076171875,,,,,
1361,1,1361.0,0.0,32.0,32.0,0.2187308967113495,70.34563994966447,4555.076171875,,,,,
1362,1,1362.0,0.0,32.0,32.0,0.1880410015583038,72.30357604566962,4639.8251953125,,,,,
1363,1,1363.0,0.0,32.0,32.0,0.0850388780236244,68.66246403660625,4508.0693359375,,,,,
1364,1,1364.0,0.0,32.0,32.0,0.1801940947771072,67.3697319580242,4331.32958984375,,,,,
1365,1,1365.0,0.0,32.0,32.0,0.073906123638153,75.85051807109267,4794.64794921875,,,,,
1366,1,1366.0,0.0,32.0,32.0,0.1396988928318023,65.82419702317566,4235.150390625,,,,,
1367,1,1367.0,0.0,32.0,32.0,0.1843055337667465,66.96745997760445,4433.376953125,,,,,
1368,1,1368.0,0.0,32.0,32.0,0.3666257858276367,60.971615952439606,4235.150390625,,,,,
1369,1,1369.0,0.0,32.0,32.0,0.1113840192556381,75.7509000832215,4865.3291015625,,,,,
1370,1,1370.0,0.0,32.0,32.0,0.1025130525231361,70.33012597821653,4575.50634765625,,,,,
1371,1,1371.0,0.0,32.0,32.0,0.1992156505584716,64.11664199549705,4212.10302734375,,,,,
1372,1,1372.0,0.0,32.0,32.0,0.0603202879428863,63.2275550160557,4167.5205078125,,,,,
1373,1,1373.0,0.0,32.0,32.0,0.0655417293310165,63.84539999999106,4167.5205078125,,,,,
1374,1,1374.0,0.0,32.0,32.0,0.05973681807518,66.62597390823066,4331.32958984375,,,,,
1375,1,1375.0,0.0,32.0,32.0,0.156767189502716,67.4184940289706,4386.42041015625,,,,,
1376,1,1376.0,0.0,32.0,32.0,0.2309886515140533,64.39237191807479,4386.42041015625,,,,,
1377,1,1377.0,0.0,32.0,32.0,0.1121367812156677,72.55748903844506,4698.25146484375,,,,,
1378,1,1378.0,0.0,32.0,32.0,0.1191502884030342,78.12378904782236,4985.5732421875,,,,,
1379,1,1379.0,0.0,32.0,32.0,0.2340392917394638,68.84904706384987,4508.0693359375,,,,,
1380,1,1380.0,0.0,32.0,32.0,0.0908367335796356,66.48343394044787,4331.32958984375,,,,,
1381,1,1381.0,0.0,32.0,32.0,0.201274573802948,69.5008470211178,4555.076171875,,,,,
1382,1,1382.0,0.0,32.0,32.0,0.0777961760759353,65.90909895021468,4386.42041015625,,,,,
1383,1,1383.0,0.0,32.0,32.0,0.5662993788719177,79.22269497066736,5045.93505859375,,,,,
1384,1,1384.0,0.0,32.0,32.0,0.1386952996253967,68.72452795505524,4639.8251953125,,,,,
1385,1,1385.0,0.0,32.0,32.0,0.0189052671194076,72.21679098438472,4639.8251953125,,,,,
1386,1,1386.0,0.0,32.0,32.0,0.0603155046701431,59.781010961160064,4063.82470703125,,,,,
1387,1,1387.0,0.0,32.0,32.0,0.2800096869468689,70.84330602083355,4698.25146484375,,,,,
1388,1,1388.0,0.0,32.0,32.0,0.1268509924411773,65.30901393853128,4235.150390625,,,,,
1389,1,1389.0,0.0,32.0,32.0,0.1700920462608337,69.35745698865503,4555.076171875,,,,,
1390,1,1390.0,0.0,32.0,32.0,0.2427541315555572,69.97118494473398,4575.50634765625,,,,,
1391,1,1391.0,0.0,32.0,32.0,0.1903733015060424,76.3692200416699,4794.64794921875,,,,,
1392,1,1392.0,0.0,32.0,32.0,0.2282566130161285,74.04684100765735,4808.83935546875,,,,,
1393,1,1393.0,0.0,32.0,32.0,0.2125354260206222,64.42739500198513,4136.080078125,,,,,
1394,1,1394.0,0.0,32.0,32.0,0.2592911124229431,68.98160802666098,4555.076171875,,,,,
1395,1,1395.0,0.0,32.0,32.0,0.2917828857898712,68.9890020294115,4575.50634765625,,,,,
1396,1,1396.0,0.0,32.0,32.0,0.1267032921314239,69.10702399909496,4622.13720703125,,,,,
1397,1,1397.0,0.0,32.0,32.0,0.1891743242740631,64.37609496060759,4136.080078125,,,,,
1398,1,1398.0,0.0,32.0,32.0,0.1677374243736267,68.70306504424661,4485.7744140625,,,,,
1399,1,1399.0,0.0,32.0,32.0,0.276632696390152,63.10697598382831,4307.3642578125,,,,,
1400,1,1400.0,0.0,32.0,32.0,0.2216472029685974,64.44155192002654,4485.7744140625,,,,,
1401,1,1401.0,0.0,32.0,32.0,0.182291954755783,68.98963602725416,4508.0693359375,,,,,
1402,1,1402.0,0.0,32.0,32.0,0.2231562435626983,77.07735791336745,4865.3291015625,,,,,
1403,1,1403.0,0.0,32.0,32.0,0.0903314799070358,72.54700595512986,4639.8251953125,,,,,
1404,1,1404.0,0.0,32.0,32.0,0.0847286954522132,68.18639498669654,4485.7744140625,,,,,
1405,1,1405.0,0.0,32.0,32.0,0.0330076590180397,64.21329500153661,4212.10302734375,,,,,
1406,1,1406.0,0.0,32.0,32.0,0.0806399285793304,79.55502695403993,4985.5732421875,,,,,
1407,1,1407.0,0.0,32.0,32.0,0.273137480020523,69.63131902739406,4485.7744140625,,,,,
1408,1,1408.0,0.0,32.0,32.0,0.1406553536653518,63.0531229544431,4433.376953125,,,,,
1409,1,1409.0,0.0,32.0,32.0,0.4705547988414764,65.97106205299497,4271.564453125,,,,,
1410,1,1410.0,0.0,32.0,32.0,0.1289558261632919,68.15600802656263,4433.376953125,,,,,
1411,1,1411.0,0.0,32.0,32.0,0.1137404292821884,69.74920199718326,4555.076171875,,,,,
1412,1,1412.0,0.0,32.0,32.0,0.3231776058673858,69.83534002210945,4555.076171875,,,,,
1413,1,1413.0,0.0,32.0,32.0,0.1867535263299942,64.6085940534249,4235.150390625,,,,,
1414,1,1414.0,0.0,32.0,32.0,0.2358040660619735,83.0004729796201,5212.2392578125,,,,,
1415,1,1415.0,0.0,32.0,32.0,0.1274736523628235,83.82298797369003,5212.2392578125,,,,,
1416,1,1416.0,0.0,32.0,32.0,0.2032128721475601,63.72550199739635,4331.32958984375,,,,,
1417,1,1417.0,0.0,32.0,32.0,0.5349433422088623,66.60212995484471,4410.056640625,,,,,
1418,1,1418.0,0.0,32.0,32.0,0.0871079713106155,66.35333900339901,4212.10302734375,,,,,
1419,1,1419.0,0.0,32.0,32.0,0.245982363820076,63.04010399617255,4167.5205078125,,,,,
1420,1,1420.0,0.0,32.0,32.0,0.2128597348928451,68.47120099700987,4485.7744140625,,,,,
1421,1,1421.0,0.0,32.0,32.0,0.2208993434906005,67.00998404994607,4331.32958984375,,,,,
1422,1,1422.0,0.0,32.0,32.0,0.2646727859973907,77.36057403963059,5015.54736328125,,,,,
1423,1,1423.0,0.0,32.0,32.0,0.1787165701389312,74.1367299342528,4698.25146484375,,,,,
1424,1,1424.0,0.0,32.0,32.0,0.1722010970115661,65.79891603905708,4555.076171875,,,,,
1425,1,1425.0,0.0,32.0,32.0,0.107133150100708,76.92692999262363,4794.64794921875,,,,,
1426,1,1426.0,0.0,32.0,32.0,0.0830394104123115,68.904087995179,4485.7744140625,,,,,
1427,1,1427.0,0.0,32.0,32.0,0.1655119359493255,67.73707701358944,4485.7744140625,,,,,
1428,1,1428.0,0.0,32.0,32.0,0.2341584861278534,80.31450305134058,5015.54736328125,,,,,
1429,1,1429.0,0.0,32.0,32.0,0.0938413888216018,68.80959996487945,4410.056640625,,,,,
1430,1,1430.0,0.0,32.0,32.0,0.2663697600364685,68.60608304850757,4575.50634765625,,,,,
1431,1,1431.0,0.0,32.0,32.0,0.1671185195446014,73.09272000566125,4734.25,,,,,
1432,1,1432.0,0.0,32.0,32.0,0.2943111062049866,64.2343470826745,4508.0693359375,,,,,
1433,1,1433.0,0.0,32.0,32.0,0.1164185106754303,75.65091596916318,4884.15185546875,,,,,
1434,1,1434.0,0.0,32.0,32.0,0.2759535908699035,74.32658702600747,4698.25146484375,,,,,
1435,1,1435.0,0.0,32.0,32.0,0.1711127161979675,66.55919901095331,4331.32958984375,,,,,
1436,1,1436.0,0.0,32.0,32.0,0.1788515597581863,69.68198204413056,4485.7744140625,,,,,
1437,1,1437.0,0.0,32.0,32.0,0.0822599232196807,69.16060694493353,4555.076171875,,,,,
1438,1,1438.0,0.0,32.0,32.0,0.0448862574994564,70.05733205005527,4575.50634765625,,,,,
1439,1,1439.0,0.0,32.0,32.0,0.1233741492033004,69.43284394219518,4508.0693359375,,,,,
1440,1,1440.0,0.0,32.0,32.0,0.3252705037593841,64.24558802973479,4485.7744140625,,,,,
1441,1,1441.0,0.0,32.0,32.0,0.2983477413654327,64.38078498467803,4235.150390625,,,,,
1442,1,1442.0,0.0,32.0,32.0,0.1996819078922271,68.21369798853993,4433.376953125,,,,,
1443,1,1443.0,0.0,32.0,32.0,0.1372439414262771,64.50388208031654,4167.5205078125,,,,,
1444,1,1444.0,0.0,32.0,32.0,0.0923244953155517,58.58161300420761,4045.24072265625,,,,,
1445,1,1445.0,0.0,32.0,32.0,0.2063828557729721,68.6959819868207,4555.076171875,,,,,
1446,1,1446.0,0.0,32.0,32.0,0.2379331588745117,68.3144920039922,4485.7744140625,,,,,
1447,1,1447.0,0.0,32.0,32.0,0.0563051626086235,64.23998193349689,4212.10302734375,,,,,
1448,1,1448.0,0.0,32.0,32.0,0.2330130487680435,62.28815100621432,4331.32958984375,,,,,
1449,1,1449.0,0.0,32.0,32.0,0.0339627191424369,81.14037604536861,5123.66064453125,,,,,
1450,1,1450.0,0.0,32.0,32.0,0.5383197665214539,78.65571393631399,4794.64794921875,,,,,
1451,1,1451.0,0.0,32.0,32.0,0.1180149167776107,78.14204099122435,4808.83935546875,,,,,
1452,1,1452.0,0.0,32.0,32.0,0.2293244004249572,70.12469100300223,4508.0693359375,,,,,
1453,1,1453.0,0.0,32.0,32.0,0.1474539935588836,59.94196992833167,4063.82470703125,,,,,
1454,1,1454.0,0.0,32.0,32.0,0.1716323345899582,68.86851496528834,4555.076171875,,,,,
1455,1,1455.0,0.0,32.0,32.0,0.249969407916069,64.79452201165259,4555.076171875,,,,,
1456,1,1456.0,0.0,32.0,32.0,0.1841627657413482,76.628701062873,4956.47900390625,,,,,
1457,1,1457.0,0.0,32.0,32.0,0.3272868990898132,71.21494004968554,4575.50634765625,,,,,
1458,1,1458.0,0.0,32.0,32.0,0.1094513982534408,69.03391203377396,4575.50634765625,,,,,
1459,1,1459.0,0.0,32.0,32.0,0.0296364966779947,69.86537005286664,4508.0693359375,,,,,
1460,1,1460.0,0.0,32.0,32.0,0.4425001740455627,66.76333502400666,4410.056640625,,,,,
1461,1,1461.0,0.0,32.0,32.0,0.5474448800086975,62.72555701434612,4307.3642578125,,,,,
1462,1,1462.0,0.0,32.0,32.0,0.382573127746582,77.80638104304671,4884.15185546875,,,,,
1463,1,1463.0,0.0,32.0,32.0,0.2993969023227691,66.77429901901633,4555.076171875,,,,,
1464,1,1464.0,0.0,32.0,32.0,0.1153500750660896,76.97459997143596,4808.83935546875,,,,,
1465,1,1465.0,0.0,32.0,32.0,0.2406391948461532,66.55986397527158,4235.150390625,,,,,
1466,1,1466.0,0.0,32.0,32.0,0.1702241450548172,63.542969059199095,4307.3642578125,,,,,
1467,1,1467.0,0.0,32.0,32.0,0.1558566987514495,66.56439998187125,4331.32958984375,,,,,
1468,1,1468.0,0.0,32.0,32.0,0.0600479766726493,82.25355192553252,5152.4375,,,,,
1469,1,1469.0,0.0,32.0,32.0,0.1926475614309311,64.33031510096043,4167.5205078125,,,,,
1470,1,1470.0,0.0,32.0,32.0,0.1699165254831314,75.48405800480396,4808.83935546875,,,,,
1471,1,1471.0,0.0,32.0,32.0,0.4380070567131042,62.05607298761606,4235.150390625,,,,,
1472,1,1472.0,0.0,32.0,32.0,0.2443804293870926,78.36012402549386,4915.869140625,,,,,
1473,1,1473.0,0.0,32.0,32.0,0.3526798486709595,70.36418607458472,4575.50634765625,,,,,
1474,1,1474.0,0.0,32.0,32.0,0.0619236566126346,72.56793894339353,4734.25,,,,,
1475,1,1475.0,0.0,32.0,32.0,0.1213158220052719,68.7152500031516,4485.7744140625,,,,,
1476,1,1476.0,0.0,32.0,32.0,0.1866252124309539,72.84910790622234,4698.25146484375,,,,,
1477,1,1477.0,0.0,32.0,32.0,0.0534212589263916,68.0102730402723,4410.056640625,,,,,
1478,1,1478.0,0.0,32.0,32.0,0.2119760811328888,78.01566005218774,4884.15185546875,,,,,
1479,1,1479.0,0.0,32.0,32.0,0.304694652557373,59.82610490173101,4307.3642578125,,,,,
1480,1,1480.0,0.0,32.0,32.0,0.351919412612915,66.01649208460003,4386.42041015625,,,,,
1481,1,1481.0,0.0,32.0,32.0,0.1879225969314575,67.48096004594117,4410.056640625,,,,,
1482,1,1482.0,0.0,32.0,32.0,0.1639622747898101,72.76064099278301,4734.25,,,,,
1483,1,1483.0,0.0,32.0,32.0,0.2157182097434997,64.51452092733234,4167.5205078125,,,,,
1484,1,1484.0,0.0,32.0,32.0,0.2656567394733429,64.02862700633705,4212.10302734375,,,,,
1485,1,1485.0,0.0,32.0,32.0,0.397443413734436,68.66012990940362,4575.50634765625,,,,,
1486,1,1486.0,0.0,32.0,32.0,0.3272146582603454,64.92402695585042,4212.10302734375,,,,,
1487,1,1487.0,0.0,32.0,32.0,0.0873104780912399,60.58550905436277,4235.150390625,,,,,
1488,1,1488.0,0.0,32.0,32.0,0.2467151135206222,69.00950497947633,4485.7744140625,,,,,
1489,1,1489.0,0.0,32.0,32.0,0.1743416935205459,66.63832708727568,4331.32958984375,,,,,
1490,1,1490.0,0.0,32.0,32.0,0.1498450338840484,64.56174305640161,4307.3642578125,,,,,
1491,1,1491.0,0.0,32.0,32.0,0.0721764639019966,65.7491619931534,4271.564453125,,,,,
1492,1,1492.0,0.0,32.0,32.0,0.1685430407524109,60.02283492125571,4045.24072265625,,,,,
1493,1,1493.0,0.0,32.0,32.0,0.2571396231651306,67.41228199098259,4485.7744140625,,,,,
1494,1,1494.0,0.0,32.0,32.0,0.2241549789905548,60.33290398772806,4108.03271484375,,,,,
1495,1,1495.0,0.0,32.0,32.0,0.2748195230960846,58.3475980674848,4136.080078125,,,,,
1496,1,1496.0,0.0,32.0,32.0,0.0348154604434967,82.55115989595652,5105.0048828125,,,,,
1497,1,1497.0,0.0,32.0,32.0,0.2325222641229629,73.31933395471424,4698.25146484375,,,,,
1498,1,1498.0,0.0,32.0,32.0,0.2778914868831634,76.86192996334285,4865.3291015625,,,,,
1499,1,1499.0,0.0,32.0,32.0,0.3615655303001404,67.043895018287,4331.32958984375,,,,,
1500,1,1500.0,0.0,32.0,32.0,0.1621162444353103,72.8914620121941,4734.25,,,,,
1501,1,1501.0,0.0,32.0,32.0,0.0896229296922683,67.78289203066379,4433.376953125,,,,,
1502,1,1502.0,0.0,32.0,32.0,0.1530374139547348,71.91642990801483,4808.83935546875,,,,,
1503,1,1503.0,0.0,32.0,32.0,0.1347356438636779,72.92044290807098,4639.8251953125,,,,,
1504,1,1504.0,0.0,32.0,32.0,0.2126701772212982,59.67232410330325,4002.4619140625,,,,,
1505,1,1505.0,0.0,32.0,32.0,0.0657404884696006,65.56099106092006,4331.32958984375,,,,,
1506,1,1506.0,0.0,32.0,32.0,0.0514888763427734,77.86029705312103,4808.83935546875,,,,,
1507,1,1507.0,0.0,32.0,32.0,0.0369995236396789,70.30524499714375,4485.7744140625,,,,,
1508,1,1508.0,0.0,32.0,32.0,0.0484319552779197,80.97633102443069,5105.0048828125,,,,,
1509,1,1509.0,0.0,32.0,32.0,0.4159838855266571,64.7860849276185,4508.0693359375,,,,,
1510,1,1510.0,0.0,32.0,32.0,0.0821967422962188,77.22370605915785,4865.3291015625,,,,,
1511,1,1511.0,0.0,32.0,32.0,0.2427383512258529,67.87311099469662,4331.32958984375,,,,,
1512,1,1512.0,0.0,32.0,32.0,0.291447103023529,66.38586497865617,4386.42041015625,,,,,
1513,1,1513.0,0.0,32.0,32.0,0.0437193624675273,67.59867107030004,4508.0693359375,,,,,
1514,1,1514.0,0.0,32.0,32.0,0.1564454138278961,78.19759903941303,4985.5732421875,,,,,
1515,1,1515.0,0.0,32.0,32.0,0.1829980760812759,69.21652494929731,4433.376953125,,,,,
1516,1,1516.0,0.0,32.0,32.0,0.3346520364284515,72.12918798904866,4698.25146484375,,,,,
1517,1,1517.0,0.0,32.0,32.0,0.3511039018630981,64.93369699455798,4575.50634765625,,,,,
1518,1,1518.0,0.0,32.0,32.0,0.2536218166351318,67.81721895094961,4485.7744140625,,,,,
1519,1,1519.0,0.0,32.0,32.0,0.1176688224077224,70.44003996998072,4555.076171875,,,,,
1520,1,1520.0,0.0,32.0,32.0,0.0754798576235771,64.20044205151498,4167.5205078125,,,,,
1521,1,1521.0,0.0,32.0,32.0,0.0790473893284797,62.954908004030585,4307.3642578125,,,,,
1522,1,1522.0,0.0,32.0,32.0,0.2217043936252594,66.28353800624609,4271.564453125,,,,,
1523,1,1523.0,0.0,32.0,32.0,0.1378080695867538,69.0626559080556,4508.0693359375,,,,,
1524,1,1524.0,0.0,32.0,32.0,0.0968299955129623,78.68092099670321,4915.869140625,,,,,
1525,1,1525.0,0.0,32.0,32.0,0.1583335995674133,72.87556200753897,4865.3291015625,,,,,
1526,1,1526.0,0.0,32.0,32.0,0.1698045134544372,67.40012799855322,4386.42041015625,,,,,
1527,1,1527.0,0.0,32.0,32.0,0.1773491501808166,65.44817693065852,4271.564453125,,,,,
1528,1,1528.0,0.0,32.0,32.0,0.1580068916082382,71.67422596830875,4639.8251953125,,,,,
1529,1,1529.0,0.0,32.0,32.0,0.2833965420722961,76.20673405472189,4794.64794921875,,,,,
1530,1,1530.0,0.0,32.0,32.0,0.1472446918487548,71.42022391781211,4622.13720703125,,,,,
1531,1,1531.0,0.0,32.0,32.0,0.746423065662384,77.53886503633112,4884.15185546875,,,,,
1532,1,1532.0,0.0,32.0,32.0,0.1559117138385772,66.1755430046469,4575.50634765625,,,,,
1533,1,1533.0,0.0,32.0,32.0,0.1052429750561714,65.83644996862859,4271.564453125,,,,,
1534,1,1534.0,0.0,32.0,32.0,0.3490495681762695,68.70128901209682,4485.7744140625,,,,,
1535,1,1535.0,0.0,32.0,32.0,0.252930611371994,76.02534000761807,4865.3291015625,,,,,
1536,1,1536.0,0.0,32.0,32.0,0.198108285665512,76.80353196337819,4794.64794921875,,,,,
1537,1,1537.0,0.0,32.0,32.0,0.5738084316253662,65.51966804545373,4212.10302734375,,,,,
1538,1,1538.0,0.0,32.0,32.0,0.1516492962837219,75.92545996885747,4794.64794921875,,,,,
1539,1,1539.0,0.0,32.0,32.0,0.1389550119638443,74.01003094855696,4734.25,,,,,
1540,1,1540.0,0.0,32.0,32.0,0.2693270742893219,76.51064498350024,5045.93505859375,,,,,
1541,1,1541.0,0.0,32.0,32.0,0.1993492841720581,66.26153597608209,4386.42041015625,,,,,
1542,1,1542.0,0.0,32.0,32.0,0.2232875972986221,67.92201800271869,4485.7744140625,,,,,
1543,1,1543.0,0.0,32.0,32.0,0.1517736315727234,67.62927898671478,4433.376953125,,,,,
1544,1,1544.0,0.0,32.0,32.0,0.063705213367939,65.78081799671054,4271.564453125,,,,,
1545,1,1545.0,0.0,32.0,32.0,0.1950136721134185,67.11734808050096,4386.42041015625,,,,,
1546,1,1546.0,0.0,32.0,32.0,0.124937817454338,66.73587998375297,4331.32958984375,,,,,
1547,1,1547.0,0.0,32.0,32.0,0.1064168214797973,65.78194897156209,4271.564453125,,,,,
1548,1,1548.0,0.0,32.0,32.0,0.1209838986396789,55.12344499584288,3990.52294921875,,,,,
1549,1,1549.0,0.0,32.0,32.0,0.1254672706127166,67.43912003003061,4575.50634765625,,,,,
1550,1,1550.0,0.0,32.0,32.0,0.1856656968593597,77.81411497853696,4956.47900390625,,,,,
1551,1,1551.0,0.0,32.0,32.0,0.1626347750425338,71.16753200534731,4555.076171875,,,,,
1552,1,1552.0,0.0,32.0,32.0,0.0377833023667335,65.34096703398973,4235.150390625,,,,,
1553,1,1553.0,0.0,32.0,32.0,0.2248097956180572,66.55220501124859,4331.32958984375,,,,,
1554,1,1554.0,0.0,32.0,32.0,0.1813017576932907,67.18279491178691,4386.42041015625,,,,,
1555,1,1555.0,0.0,32.0,32.0,0.1879850625991821,73.42505606357008,4764.27734375,,,,,
1556,1,1556.0,0.0,32.0,32.0,0.103900209069252,68.6800730181858,4734.25,,,,,
1557,1,1557.0,0.0,32.0,32.0,0.1753847301006317,71.06394995935261,4622.13720703125,,,,,
1558,1,1558.0,0.0,32.0,32.0,0.2575486302375793,69.40074497833848,4555.076171875,,,,,
1559,1,1559.0,0.0,32.0,32.0,0.1475704759359359,70.68381796125323,4622.13720703125,,,,,
1560,1,1560.0,0.0,32.0,32.0,0.0894034504890441,69.27319301757962,4575.50634765625,,,,,
1561,1,1561.0,0.0,32.0,32.0,0.0916762053966522,76.68615994043648,4808.83935546875,,,,,
1562,1,1562.0,0.0,32.0,32.0,0.2778174877166748,68.08816699776798,4433.376953125,,,,,
1563,1,1563.0,0.0,32.0,32.0,0.1333025395870208,66.44630699884146,4331.32958984375,,,,,
1564,1,1564.0,0.0,32.0,32.0,0.0215040780603885,65.45957399066538,4575.50634765625,,,,,
1565,1,1565.0,0.0,32.0,32.0,0.1446575224399566,64.41227591130883,4212.10302734375,,,,,
1566,1,1566.0,0.0,32.0,32.0,0.3152519464492798,69.37500310596079,4485.7744140625,,,,,
1567,1,1567.0,0.0,32.0,32.0,0.3574196100234985,63.36717098020017,4307.3642578125,,,,,
1568,1,1568.0,0.0,32.0,32.0,0.2184587270021438,71.79338799323887,4734.25,,,,,
1569,1,1569.0,0.0,32.0,32.0,0.0357099249958992,65.25321409571916,4235.150390625,,,,,
1570,1,1570.0,0.0,32.0,32.0,0.1913063824176788,66.39690301381052,4433.376953125,,,,,
1571,1,1571.0,0.0,32.0,32.0,0.1322105228900909,63.23329801671207,4136.080078125,,,,,
1572,1,1572.0,0.0,32.0,32.0,0.1574475765228271,73.95677105523646,4956.47900390625,,,,,
1573,1,1573.0,0.0,32.0,32.0,0.1998038738965988,69.14492498617619,4485.7744140625,,,,,
1574,1,1574.0,0.0,32.0,32.0,0.1805528104305267,67.20306898932904,4433.376953125,,,,,
1575,1,1575.0,0.0,32.0,32.0,0.0672007799148559,78.46435997635126,4884.15185546875,,,,,
1576,1,1576.0,0.0,32.0,32.0,0.2061759382486343,84.60458891931921,5212.2392578125,,,,,
1577,1,1577.0,0.0,32.0,32.0,0.1107416078448295,71.98712008539587,4622.13720703125,,,,,
1578,1,1578.0,0.0,32.0,32.0,0.1046569049358367,70.48609596677125,4622.13720703125,,,,,
1579,1,1579.0,0.0,32.0,32.0,0.0477111227810382,61.39752804301679,4271.564453125,,,,,
1580,1,1580.0,0.0,32.0,32.0,0.3023644685745239,58.48550703376532,4002.4619140625,,,,,
1581,1,1581.0,0.0,32.0,32.0,0.1253239810466766,79.95438994839787,5123.66064453125,,,,,
1582,1,1582.0,0.0,32.0,32.0,0.212763026356697,69.05316503252834,4485.7744140625,,,,,
1583,1,1583.0,0.0,32.0,32.0,0.0624497532844543,59.64055401273072,4063.82470703125,,,,,
1584,1,1584.0,0.0,32.0,32.0,0.1985557377338409,80.19003295339644,5045.93505859375,,,,,
1585,1,1585.0,0.0,32.0,32.0,0.2021523863077163,82.10988203063607,5123.66064453125,,,,,
1586,1,1586.0,0.0,32.0,32.0,0.2277632057666778,64.66695398557931,4307.3642578125,,,,,
1587,1,1587.0,0.0,32.0,32.0,0.2602146565914154,65.37980597931892,4734.25,,,,,
1588,1,1588.0,0.0,32.0,32.0,0.0817227810621261,69.14266699459404,4555.076171875,,,,,
1589,1,1589.0,0.0,32.0,32.0,0.2154542505741119,68.40465404093266,4331.32958984375,,,,,
1590,1,1590.0,0.0,32.0,32.0,0.0597972124814987,64.32739901356399,4167.5205078125,,,,,
1591,1,1591.0,0.0,32.0,32.0,0.3925279378890991,63.61124804243445,4307.3642578125,,,,,
1592,1,1592.0,0.0,32.0,32.0,0.0893970429897308,68.02664208225906,4410.056640625,,,,,
1593,1,1593.0,0.0,32.0,32.0,0.2042984664440155,66.92895502783358,4433.376953125,,,,,
1594,1,1594.0,0.0,32.0,32.0,0.2832051217556,75.91910602059215,4794.64794921875,,,,,
1595,1,1595.0,0.0,32.0,32.0,0.2937495112419128,69.03016194701195,4734.25,,,,,
1596,1,1596.0,0.0,32.0,32.0,0.3242742419242859,67.97668698709458,4433.376953125,,,,,
1597,1,1597.0,0.0,32.0,32.0,0.0848814025521278,70.57202502619475,4622.13720703125,,,,,
1598,1,1598.0,0.0,32.0,32.0,0.1646485924720764,73.19024694152176,4764.27734375,,,,,
1599,1,1599.0,0.0,32.0,32.0,0.4741415381431579,70.07977494504303,4575.50634765625,,,,,
1600,1,1600.0,0.0,32.0,32.0,0.3034174144268036,77.83800805918872,4915.869140625,,,,,
1601,1,1601.0,0.0,32.0,32.0,0.1834312081336975,70.27998601552099,4622.13720703125,,,,,
1602,1,1602.0,0.0,32.0,32.0,0.2282751202583313,65.04800100810826,4575.50634765625,,,,,
1603,1,1603.0,0.0,32.0,32.0,0.1092056334018707,66.9395939912647,4386.42041015625,,,,,
1604,1,1604.0,0.0,32.0,32.0,0.2300706207752227,71.44322898238897,4639.8251953125,,,,,
1605,1,1605.0,0.0,32.0,32.0,0.2780354619026184,71.46892498712987,4622.13720703125,,,,,
1606,1,1606.0,0.0,32.0,32.0,0.152198389172554,63.82684805430472,4167.5205078125,,,,,
1607,1,1607.0,0.0,32.0,32.0,0.2008198350667953,72.0158900367096,4698.25146484375,,,,,
1608,1,1608.0,0.0,32.0,32.0,0.1034251004457473,70.16066799405962,4555.076171875,,,,,
1609,1,1609.0,0.0,32.0,32.0,0.4208967089653015,72.05778895877302,4639.8251953125,,,,,
1610,1,1610.0,0.0,32.0,32.0,0.2582314908504486,61.25459505710751,4212.10302734375,,,,,
1611,1,1611.0,0.0,32.0,32.0,0.3179008364677429,68.21307493373752,4485.7744140625,,,,,
1612,1,1612.0,0.0,32.0,32.0,0.1020063385367393,73.93135700840503,4734.25,,,,,
1613,1,1613.0,0.0,32.0,32.0,0.0945615321397781,76.81736501399428,4794.64794921875,,,,,
1614,1,1614.0,0.0,32.0,32.0,0.3008587956428528,75.82324102986604,4794.64794921875,,,,,
1615,1,1615.0,0.0,32.0,32.0,0.0370127037167549,68.88762197922915,4410.056640625,,,,,
1616,1,1616.0,0.0,32.0,32.0,0.3303481340408325,75.23912796750665,4865.3291015625,,,,,
1617,1,1617.0,0.0,32.0,32.0,0.1247274428606033,55.50683790352196,3990.52294921875,,,,,
1618,1,1618.0,0.0,32.0,32.0,0.1747621297836303,72.40302092395723,4764.27734375,,,,,
1619,1,1619.0,0.0,32.0,32.0,0.1136800572276115,64.61651402059942,4235.150390625,,,,,
1620,1,1620.0,0.0,32.0,32.0,0.117682822048664,65.7802791101858,4271.564453125,,,,,
1621,1,1621.0,0.0,32.0,32.0,0.0853486806154251,76.96641609072685,4956.47900390625,,,,,
1622,1,1622.0,0.0,32.0,32.0,0.1043825894594192,68.75184003729373,4386.42041015625,,,,,
1623,1,1623.0,0.0,32.0,32.0,0.1908477693796157,66.0242319572717,4271.564453125,,,,,
1624,1,1624.0,0.0,32.0,32.0,0.2059926688671112,78.38986790739,5045.93505859375,,,,,
1625,1,1625.0,0.0,32.0,32.0,0.4441319108009338,68.54089500848204,4639.8251953125,,,,,
1626,1,1626.0,0.0,32.0,32.0,0.1329549103975296,64.85270604025573,4235.150390625,,,,,
1627,1,1627.0,0.0,32.0,32.0,0.1776363849639892,67.2293750103563,4235.150390625,,,,,
1628,1,1628.0,0.0,32.0,32.0,0.166101336479187,62.78719508554786,4167.5205078125,,,,,
1629,1,1629.0,0.0,32.0,32.0,0.1340492069721222,62.65084608457983,4136.080078125,,,,,
1630,1,1630.0,0.0,32.0,32.0,0.1755633503198623,69.1574279917404,4485.7744140625,,,,,
1631,1,1631.0,0.0,32.0,32.0,0.2099338471889495,67.51715100836009,4331.32958984375,,,,,
1632,1,1632.0,0.0,32.0,32.0,0.1097510978579521,68.23299697134644,4485.7744140625,,,,,
1633,1,1633.0,0.0,32.0,32.0,0.138429969549179,59.84053504653275,4235.150390625,,,,,
1634,1,1634.0,0.0,32.0,32.0,0.2353987395763397,75.41562395635992,4794.64794921875,,,,,
1635,1,1635.0,0.0,32.0,32.0,0.1989226639270782,64.81185101438314,4167.5205078125,,,,,
1636,1,1636.0,0.0,32.0,32.0,0.0533374473452568,65.21593208890408,4235.150390625,,,,,
1637,1,1637.0,0.0,32.0,32.0,0.0659971460700035,64.23942605033517,4212.10302734375,,,,,
1638,1,1638.0,0.0,32.0,32.0,0.0891605243086814,68.09286505449563,4485.7744140625,,,,,
1639,1,1639.0,0.0,32.0,32.0,0.4189726710319519,62.28426995221525,4108.03271484375,,,,,
1640,1,1640.0,0.0,32.0,32.0,0.1956366598606109,57.375822914764285,3990.52294921875,,,,,
1641,1,1641.0,0.0,32.0,32.0,0.1440653204917907,70.35619509406388,4794.64794921875,,,,,
1642,1,1642.0,0.0,32.0,32.0,0.2456017285585403,70.74198394548148,4555.076171875,,,,,
1643,1,1643.0,0.0,32.0,32.0,0.064632773399353,68.40183096937835,4508.0693359375,,,,,
1644,1,1644.0,0.0,32.0,32.0,0.6003357172012329,62.63159995432943,4136.080078125,,,,,
1645,1,1645.0,0.0,32.0,32.0,0.285426914691925,72.52230099402368,4622.13720703125,,,,,
1646,1,1646.0,0.0,32.0,32.0,0.1702190339565277,60.45989505946636,4108.03271484375,,,,,
1647,1,1647.0,0.0,32.0,32.0,0.0250441897660493,76.29264809656888,4956.47900390625,,,,,
1648,1,1648.0,0.0,32.0,32.0,0.4115862250328064,64.80949698016047,4307.3642578125,,,,,
1649,1,1649.0,0.0,32.0,32.0,0.8368335366249084,71.38117193244398,4808.83935546875,,,,,
1650,1,1650.0,0.0,32.0,32.0,0.1046147644519805,60.89657708071172,4063.82470703125,,,,,
1651,1,1651.0,0.0,32.0,32.0,0.0142618408426642,69.15286602452397,4622.13720703125,,,,,
1652,1,1652.0,0.0,32.0,32.0,0.1032882109284401,64.50168904848397,4307.3642578125,,,,,
1653,1,1653.0,0.0,32.0,32.0,0.1278759986162185,68.68898100219667,4575.50634765625,,,,,
1654,1,1654.0,0.0,32.0,32.0,0.2152981758117675,69.49911394622177,4575.50634765625,,,,,
1655,1,1655.0,0.0,32.0,32.0,0.249591127038002,68.0351760238409,4410.056640625,,,,,
1656,1,1656.0,0.0,32.0,32.0,0.0353810489177703,60.40733098052442,4063.82470703125,,,,,
1657,1,1657.0,0.0,32.0,32.0,0.06844063103199,65.25879900436848,4622.13720703125,,,,,
1658,1,1658.0,0.0,32.0,32.0,0.2378649711608886,64.74580592475832,4235.150390625,,,,,
1659,1,1659.0,0.0,32.0,32.0,0.1973539739847183,73.77073797397316,4764.27734375,,,,,
1660,1,1660.0,0.0,32.0,32.0,0.3084467649459839,71.35231792926788,4622.13720703125,,,,,
1661,1,1661.0,0.0,32.0,32.0,0.112977497279644,72.6877860724926,4698.25146484375,,,,,
1662,1,1662.0,0.0,32.0,32.0,0.0213657282292842,76.93122792989016,4985.5732421875,,,,,
1663,1,1663.0,0.0,32.0,32.0,0.1252999305725097,68.77629598602653,4386.42041015625,,,,,
1664,1,1664.0,0.0,32.0,32.0,0.3272531628608703,62.996811931952834,4167.5205078125,,,,,
1665,1,1665.0,0.0,32.0,32.0,0.0681982859969139,61.720557045191526,4485.7744140625,,,,,
1666,1,1666.0,0.0,32.0,32.0,0.2379097044467926,60.28398801572621,4063.82470703125,,,,,
1667,1,1667.0,0.0,32.0,32.0,0.2982624769210815,68.3873089728877,4508.0693359375,,,,,
1668,1,1668.0,0.0,32.0,32.0,0.1542467176914215,82.59725896641612,5152.4375,,,,,
1669,1,1669.0,0.0,32.0,32.0,0.0872287452220916,78.85435794014484,4794.64794921875,,,,,
1670,1,1670.0,0.0,32.0,32.0,0.0930738002061843,73.47808999475092,4698.25146484375,,,,,
1671,1,1671.0,0.0,32.0,32.0,0.2192900329828262,63.89613100327552,4307.3642578125,,,,,
1672,1,1672.0,0.0,32.0,32.0,0.3496403992176056,62.632540008053184,4136.080078125,,,,,
1673,1,1673.0,0.0,32.0,32.0,0.1883887350559234,65.2282329974696,4622.13720703125,,,,,
1674,1,1674.0,0.0,32.0,32.0,0.0854501202702522,69.12702799309045,4575.50634765625,,,,,
1675,1,1675.0,0.0,32.0,32.0,0.1557506918907165,69.62994206696749,4555.076171875,,,,,
1676,1,1676.0,0.0,32.0,32.0,0.2752430438995361,72.10056204348803,4639.8251953125,,,,,
1677,1,1677.0,0.0,32.0,32.0,0.3653904497623443,78.50450603291392,4884.15185546875,,,,,
1678,1,1678.0,0.0,32.0,32.0,0.0587404407560825,77.2712790640071,4808.83935546875,,,,,
1679,1,1679.0,0.0,32.0,32.0,0.0322397798299789,69.5702499942854,4508.0693359375,,,,,
1680,1,1680.0,0.0,32.0,32.0,0.3957522809505462,62.26618494838476,4485.7744140625,,,,,
1681,1,1681.0,0.0,32.0,32.0,0.2531308829784393,65.29051694087684,4271.564453125,,,,,
1682,1,1682.0,0.0,32.0,32.0,0.1727391183376312,66.77795900031924,4433.376953125,,,,,
1683,1,1683.0,0.0,32.0,32.0,0.4008806645870209,72.54113501403481,4622.13720703125,,,,,
1684,1,1684.0,0.0,32.0,32.0,0.0753821060061454,79.77022498380393,4884.15185546875,,,,,
1685,1,1685.0,0.0,32.0,32.0,0.1545864790678024,77.02782505657524,4794.64794921875,,,,,
1686,1,1686.0,0.0,32.0,32.0,0.0618403702974319,67.04298092518002,4331.32958984375,,,,,
1687,1,1687.0,0.0,32.0,32.0,0.0676766484975814,68.77714407164603,4575.50634765625,,,,,
1688,1,1688.0,0.0,32.0,32.0,0.2141224443912506,61.92490202374756,4386.42041015625,,,,,
1689,1,1689.0,0.0,32.0,32.0,0.115986168384552,71.60334393847734,4639.8251953125,,,,,
1690,1,1690.0,0.0,32.0,32.0,0.0429315455257892,69.16517007630318,4555.076171875,,,,,
1691,1,1691.0,0.0,32.0,32.0,0.18203866481781,78.43439909629524,4956.47900390625,,,,,
1692,1,1692.0,0.0,32.0,32.0,0.1652480512857437,65.49161102157086,4307.3642578125,,,,,
1693,1,1693.0,0.0,32.0,32.0,0.3104494214057922,68.4419369790703,4555.076171875,,,,,
1694,1,1694.0,0.0,32.0,32.0,0.2358098030090332,72.53467000555247,4764.27734375,,,,,
1695,1,1695.0,0.0,32.0,32.0,0.1588226556777954,59.58548292983323,4063.82470703125,,,,,
1696,1,1696.0,0.0,32.0,32.0,0.0680441334843635,54.21065294649452,3990.52294921875,,,,,
1697,1,1697.0,0.0,32.0,32.0,0.1595503687858581,62.24613799713552,4307.3642578125,,,,,
1698,1,1698.0,0.0,32.0,32.0,0.0881860107183456,66.55312201473862,4386.42041015625,,,,,
1699,1,1699.0,0.0,32.0,32.0,0.187557965517044,69.56007098779082,4508.0693359375,,,,,
1700,1,1700.0,0.0,32.0,32.0,0.0369924530386924,71.68654492124915,4639.8251953125,,,,,
1701,1,1701.0,0.0,32.0,32.0,0.1983799338340759,63.714100047945976,4167.5205078125,,,,,
1702,1,1702.0,0.0,32.0,32.0,0.0576292015612125,66.96509593166411,4386.42041015625,,,,,
1703,1,1703.0,0.0,32.0,32.0,0.0746558010578155,78.92938598524779,5015.54736328125,,,,,
1704,1,1704.0,0.0,32.0,32.0,0.2222531884908676,59.80793200433254,4212.10302734375,,,,,
1705,1,1705.0,0.0,32.0,32.0,0.303969532251358,67.5385610666126,4410.056640625,,,,,
1706,1,1706.0,0.0,32.0,32.0,0.2092481702566146,67.91021896060556,4386.42041015625,,,,,
1707,1,1707.0,0.0,32.0,32.0,0.2413715124130249,66.2462420295924,4331.32958984375,,,,,
1708,1,1708.0,0.0,32.0,32.0,0.3972789645195007,72.01978203374892,4734.25,,,,,
1709,1,1709.0,0.0,32.0,32.0,0.2483603209257125,71.93205610383302,4639.8251953125,,,,,
1710,1,1710.0,0.0,32.0,32.0,0.2254635691642761,64.05336200259626,4212.10302734375,,,,,
1711,1,1711.0,0.0,32.0,32.0,0.2550087571144104,68.10197501908988,4485.7744140625,,,,,
1712,1,1712.0,0.0,32.0,32.0,0.0684269741177558,61.81797198951244,4271.564453125,,,,,
1713,1,1713.0,0.0,32.0,32.0,0.0336634069681167,73.66910798009485,4698.25146484375,,,,,
1714,1,1714.0,0.0,32.0,32.0,0.1540349423885345,78.31127499230206,4956.47900390625,,,,,
1715,1,1715.0,0.0,32.0,32.0,0.1381046324968338,69.569212035276,4508.0693359375,,,,,
1716,1,1716.0,0.0,32.0,32.0,0.1588936895132064,67.04725802410394,4386.42041015625,,,,,
1717,1,1717.0,0.0,32.0,32.0,0.1486084163188934,72.32868601568043,4698.25146484375,,,,,
1718,1,1718.0,0.0,32.0,32.0,0.0898657664656639,70.93865994829684,4622.13720703125,,,,,
1719,1,1719.0,0.0,32.0,32.0,0.3003371655941009,63.24036791920662,4307.3642578125,,,,,
1720,1,1720.0,0.0,32.0,32.0,0.0804405808448791,54.39283710438758,4063.82470703125,,,,,
1721,1,1721.0,0.0,32.0,32.0,0.2154388725757599,77.15055404696614,4884.15185546875,,,,,
1722,1,1722.0,0.0,32.0,32.0,0.2254773825407028,69.395283004269,4508.0693359375,,,,,
1723,1,1723.0,0.0,32.0,32.0,0.1523464620113372,69.06477804295719,4575.50634765625,,,,,
1724,1,1724.0,0.0,32.0,32.0,0.210653468966484,68.80501902196556,4555.076171875,,,,,
1725,1,1725.0,0.0,32.0,32.0,0.3039242327213287,74.58044099621475,4764.27734375,,,,,
1726,1,1726.0,0.0,32.0,32.0,0.383620023727417,75.69862203672528,4764.27734375,,,,,
1727,1,1727.0,0.0,32.0,32.0,0.0924058258533477,68.55194491799921,4508.0693359375,,,,,
1728,1,1728.0,0.0,32.0,32.0,0.4601654410362243,63.61913494765759,4555.076171875,,,,,
1729,1,1729.0,0.0,32.0,32.0,0.0908928140997886,78.12183105852455,4884.15185546875,,,,,
1730,1,1730.0,0.0,32.0,32.0,0.024995045736432,69.2176700104028,4508.0693359375,,,,,
1731,1,1731.0,0.0,32.0,32.0,0.5427160263061523,64.28647704888135,4212.10302734375,,,,,
1732,1,1732.0,0.0,32.0,32.0,0.2687692046165466,68.07672104332596,4410.056640625,,,,,
1733,1,1733.0,0.0,32.0,32.0,0.1192275583744049,63.54080501478165,4167.5205078125,,,,,
1734,1,1734.0,0.0,32.0,32.0,0.0749140977859497,67.97934300266206,4508.0693359375,,,,,
1735,1,1735.0,0.0,32.0,32.0,0.1543772518634796,77.13552995119244,4865.3291015625,,,,,
1736,1,1736.0,0.0,32.0,32.0,0.1949905604124069,64.52826596796513,4386.42041015625,,,,,
1737,1,1737.0,0.0,32.0,32.0,0.0546970702707767,74.77102894335985,4794.64794921875,,,,,
1738,1,1738.0,0.0,32.0,32.0,0.1166156902909278,69.5917010307312,4575.50634765625,,,,,
1739,1,1739.0,0.0,32.0,32.0,0.0835878774523735,68.97903396748006,4485.7744140625,,,,,
1740,1,1740.0,0.0,32.0,32.0,0.1072248294949531,78.29861505888402,4985.5732421875,,,,,
1741,1,1741.0,0.0,32.0,32.0,0.0396850556135177,78.16405897028744,4884.15185546875,,,,,
1742,1,1742.0,0.0,32.0,32.0,0.095675453543663,63.46870504785329,4307.3642578125,,,,,
1743,1,1743.0,0.0,32.0,32.0,0.0629276856780052,66.13508297596127,4331.32958984375,,,,,
1744,1,1744.0,0.0,32.0,32.0,0.191789835691452,58.32841689698398,4167.5205078125,,,,,
1745,1,1745.0,0.0,32.0,32.0,0.2185684442520141,66.6204309090972,4331.32958984375,,,,,
1746,1,1746.0,0.0,32.0,32.0,0.3972033858299255,64.09828993491828,4167.5205078125,,,,,
1747,1,1747.0,0.0,32.0,32.0,0.0424569100141525,65.23147400002927,4271.564453125,,,,,
1748,1,1748.0,0.0,32.0,32.0,0.3808143734931946,73.49031197372824,4764.27734375,,,,,
1749,1,1749.0,0.0,32.0,32.0,0.3980885744094848,67.16346798930317,4271.564453125,,,,,
1750,1,1750.0,0.0,32.0,32.0,0.2725957632064819,82.26297295186669,5152.4375,,,,,
1751,1,1751.0,0.0,32.0,32.0,0.1397802680730819,68.97430098615587,4386.42041015625,,,,,
1752,1,1752.0,0.0,32.0,32.0,0.166653960943222,62.26287398021668,4410.056640625,,,,,
1753,1,1753.0,0.0,32.0,32.0,0.0250131711363792,68.44645598903298,4508.0693359375,,,,,
1754,1,1754.0,0.0,32.0,32.0,0.2211429476737976,64.48165501933545,4136.080078125,,,,,
1755,1,1755.0,0.0,32.0,32.0,0.0935243517160415,64.05786599498242,4235.150390625,,,,,
1756,1,1756.0,0.0,32.0,32.0,0.5481330156326294,67.84374301787466,4485.7744140625,,,,,
1757,1,1757.0,0.0,32.0,32.0,0.1729340851306915,72.50473194289953,4734.25,,,,,
1758,1,1758.0,0.0,32.0,32.0,0.3084366619586944,66.38790399301797,4271.564453125,,,,,
1759,1,1759.0,0.0,32.0,32.0,0.5419875383377075,64.88680304028094,4235.150390625,,,,,
1760,1,1760.0,0.0,32.0,32.0,0.0527136847376823,66.18133105803281,4622.13720703125,,,,,
1761,1,1761.0,0.0,32.0,32.0,0.090623140335083,63.26908792834729,4167.5205078125,,,,,
1762,1,1762.0,0.0,32.0,32.0,0.3094349801540375,73.96008900832385,4698.25146484375,,,,,
1763,1,1763.0,0.0,32.0,32.0,0.1261294037103653,64.5444979891181,4235.150390625,,,,,
1764,1,1764.0,0.0,32.0,32.0,0.1664328724145889,76.44207694102079,4794.64794921875,,,,,
1765,1,1765.0,0.0,32.0,32.0,0.0397501215338707,70.08553901687264,4485.7744140625,,,,,
1766,1,1766.0,0.0,32.0,32.0,0.115883395075798,66.70446810312569,4386.42041015625,,,,,
1767,1,1767.0,0.0,32.0,32.0,0.217174082994461,69.08206501975656,4575.50634765625,,,,,
1768,1,1768.0,0.0,32.0,32.0,0.2630719542503357,61.40573089942336,4485.7744140625,,,,,
1769,1,1769.0,0.0,32.0,32.0,0.1622601747512817,57.60408996138722,3937.59423828125,,,,,
1770,1,1770.0,0.0,32.0,32.0,0.1567897200584411,64.19482105411589,4271.564453125,,,,,
1771,1,1771.0,0.0,32.0,32.0,0.2432335019111633,78.08777003083378,4915.869140625,,,,,
1772,1,1772.0,0.0,32.0,32.0,0.3207246661186218,65.89996803086251,4235.150390625,,,,,
1773,1,1773.0,0.0,32.0,32.0,0.2926655113697052,70.55405608844012,4622.13720703125,,,,,
1774,1,1774.0,0.0,32.0,32.0,0.3312275409698486,66.57720496878028,4331.32958984375,,,,,
1775,1,1775.0,0.0,32.0,32.0,0.2280873358249664,69.80560999363661,4622.13720703125,,,,,
1776,1,1776.0,0.0,32.0,32.0,0.3668755292892456,54.75021805614233,4045.24072265625,,,,,
1777,1,1777.0,0.0,32.0,32.0,0.1227567121386528,67.09218898322433,4485.7744140625,,,,,
1778,1,1778.0,0.0,32.0,32.0,0.2550550103187561,64.60687902290374,4212.10302734375,,,,,
1779,1,1779.0,0.0,32.0,32.0,0.1713667064905166,69.64633904863149,4575.50634765625,,,,,
1780,1,1780.0,0.0,32.0,32.0,0.164543867111206,72.89867999497801,4734.25,,,,,
1781,1,1781.0,0.0,32.0,32.0,0.3590123355388641,72.21845106687397,4622.13720703125,,,,,
1782,1,1782.0,0.0,32.0,32.0,0.1154344156384468,69.53800504561514,4508.0693359375,,,,,
1783,1,1783.0,0.0,32.0,32.0,0.2411864995956421,72.62460701167583,4764.27734375,,,,,
1784,1,1784.0,0.0,32.0,32.0,0.3129956722259521,63.01698100287467,4508.0693359375,,,,,
1785,1,1785.0,0.0,32.0,32.0,0.1056117564439773,67.00858601834625,4331.32958984375,,,,,
1786,1,1786.0,0.0,32.0,32.0,0.1828636676073074,67.04073795117438,4433.376953125,,,,,
1787,1,1787.0,0.0,32.0,32.0,0.2275841236114502,74.14886902552098,4764.27734375,,,,,
1788,1,1788.0,0.0,32.0,32.0,0.2473004907369613,66.86806306242943,4410.056640625,,,,,
1789,1,1789.0,0.0,32.0,32.0,0.0897391438484191,69.76743298582733,4575.50634765625,,,,,
1790,1,1790.0,0.0,32.0,32.0,0.1078569889068603,66.42222905065864,4331.32958984375,,,,,
1791,1,1791.0,0.0,32.0,32.0,0.1492834538221359,67.02876498457044,4410.056640625,,,,,
1792,1,1792.0,0.0,32.0,32.0,0.1057619154453277,63.78125608898699,4575.50634765625,,,,,
1793,1,1793.0,0.0,32.0,32.0,0.0697945430874824,68.19366803392768,4485.7744140625,,,,,
1794,1,1794.0,0.0,32.0,32.0,0.0905919149518013,68.30713304225355,4433.376953125,,,,,
1795,1,1795.0,0.0,32.0,32.0,0.0402718372642993,68.58938396908343,4433.376953125,,,,,
1796,1,1796.0,0.0,32.0,32.0,0.0956511124968528,69.01104899588972,4508.0693359375,,,,,
1797,1,1797.0,0.0,32.0,32.0,0.2424530833959579,72.97812891192734,4764.27734375,,,,,
1798,1,1798.0,0.0,32.0,32.0,0.3355655074119568,67.48607300687581,4331.32958984375,,,,,
1799,1,1799.0,0.0,32.0,32.0,0.1344607919454574,65.38991699926555,4271.564453125,,,,,
1800,1,1800.0,0.0,32.0,32.0,0.1822269856929779,67.4907990032807,4734.25,,,,,
1801,1,1801.0,0.0,32.0,32.0,0.4381272792816162,69.22446400858462,4575.50634765625,,,,,
1802,1,1802.0,0.0,32.0,32.0,0.0857240557670593,70.91806991957128,4622.13720703125,,,,,
1803,1,1803.0,0.0,32.0,32.0,0.0475418083369731,63.52064502425492,4307.3642578125,,,,,
1804,1,1804.0,0.0,32.0,32.0,0.1293378472328186,66.46458501927555,4410.056640625,,,,,
1805,1,1805.0,0.0,32.0,32.0,0.1164580360054969,64.69440890941769,4235.150390625,,,,,
1806,1,1806.0,0.0,32.0,32.0,0.2620068192481994,64.13731595966965,4167.5205078125,,,,,
1807,1,1807.0,0.0,32.0,32.0,0.1255799978971481,71.97416701819748,4698.25146484375,,,,,
1808,1,1808.0,0.0,32.0,32.0,0.0725718066096305,59.61666605435312,4167.5205078125,,,,,
1809,1,1809.0,0.0,32.0,32.0,0.6678937673568726,62.78995401225984,4136.080078125,,,,,
1810,1,1810.0,0.0,32.0,32.0,0.5127789378166199,72.2490509506315,4698.25146484375,,,,,
1811,1,1811.0,0.0,32.0,32.0,0.2505030632019043,68.52550699841231,4410.056640625,,,,,
1812,1,1812.0,0.0,32.0,32.0,0.2520835995674133,67.6824189722538,4433.376953125,,,,,
1813,1,1813.0,0.0,32.0,32.0,0.6504819989204407,73.2378150569275,4698.25146484375,,,,,
1814,1,1814.0,0.0,32.0,32.0,0.2306984066963195,80.07053099572659,5045.93505859375,,,,,
1815,1,1815.0,0.0,32.0,32.0,0.1356413960456848,69.59178601391613,4508.0693359375,,,,,
1816,1,1816.0,0.0,32.0,32.0,0.1840226054191589,66.63199898321182,4639.8251953125,,,,,
1817,1,1817.0,0.0,32.0,32.0,0.2259918749332428,68.66446207277477,4575.50634765625,,,,,
1818,1,1818.0,0.0,32.0,32.0,0.2150380909442901,76.14415895659477,4794.64794921875,,,,,
1819,1,1819.0,0.0,32.0,32.0,0.2556323111057281,68.79764690529555,4410.056640625,,,,,
1820,1,1820.0,0.0,32.0,32.0,0.2058083415031433,76.11317408736795,4808.83935546875,,,,,
1821,1,1821.0,0.0,32.0,32.0,0.1942657083272934,69.11619799211621,4485.7744140625,,,,,
1822,1,1822.0,0.0,32.0,32.0,0.2617415487766266,68.58614599332213,4575.50634765625,,,,,
1823,1,1823.0,0.0,32.0,32.0,0.1370459794998169,76.59808988682926,4865.3291015625,,,,,
1824,1,1824.0,0.0,32.0,32.0,0.1434971243143081,62.395759974606335,4271.564453125,,,,,
1825,1,1825.0,0.0,32.0,32.0,0.2570745646953583,66.38289196416736,4386.42041015625,,,,,
1826,1,1826.0,0.0,32.0,32.0,0.0629259571433067,70.79552998766303,4698.25146484375,,,,,
1827,1,1827.0,0.0,32.0,32.0,0.2147603780031204,68.49668000359088,4410.056640625,,,,,
1828,1,1828.0,0.0,32.0,32.0,0.2963665127754211,72.63874192722142,4639.8251953125,,,,,
1829,1,1829.0,0.0,32.0,32.0,0.2124149054288864,67.46097595896572,4433.376953125,,,,,
1830,1,1830.0,0.0,32.0,32.0,0.111628957092762,67.42975697852671,4433.376953125,,,,,
1831,1,1831.0,0.0,32.0,32.0,0.2200255244970321,77.23513001110405,4808.83935546875,,,,,
1832,1,1832.0,0.0,32.0,32.0,0.3116003274917602,65.40646799840033,4485.7744140625,,,,,
1833,1,1833.0,0.0,32.0,32.0,0.0943433195352554,66.08827994205058,4386.42041015625,,,,,
1834,1,1834.0,0.0,32.0,32.0,0.1297044157981872,78.55618500616401,4915.869140625,,,,,
1835,1,1835.0,0.0,32.0,32.0,0.1512387245893478,70.26235293596983,4555.076171875,,,,,
1836,1,1836.0,0.0,32.0,32.0,0.2248381227254867,69.24670201260597,4575.50634765625,,,,,
1837,1,1837.0,0.0,32.0,32.0,0.6472384929656982,69.41255694255233,4555.076171875,,,,,
1838,1,1838.0,0.0,32.0,32.0,0.3452102541923523,66.26580003648996,4271.564453125,,,,,
1839,1,1839.0,0.0,32.0,32.0,0.6644877791404724,71.34147908072919,4698.25146484375,,,,,
1840,1,1840.0,0.0,32.0,32.0,0.0819559097290039,57.78718600049615,4235.150390625,,,,,
1841,1,1841.0,0.0,32.0,32.0,0.2549647986888885,58.317607967182994,4045.24072265625,,,,,
1842,1,1842.0,0.0,32.0,32.0,0.5847281217575073,62.36875895410776,4136.080078125,,,,,
1843,1,1843.0,0.0,32.0,32.0,0.1042229235172271,73.47283803392202,4764.27734375,,,,,
1844,1,1844.0,0.0,32.0,32.0,0.2875603139400482,74.33727907482535,4698.25146484375,,,,,
1845,1,1845.0,0.0,32.0,32.0,0.3173419535160064,65.51042501814663,4235.150390625,,,,,
1846,1,1846.0,0.0,32.0,32.0,0.0460144765675067,67.46703397948295,4386.42041015625,,,,,
1847,1,1847.0,0.0,32.0,32.0,0.0952102094888687,69.5705700200051,4575.50634765625,,,,,
1848,1,1848.0,0.0,32.0,32.0,0.2168329060077667,58.68042795918882,4167.5205078125,,,,,
1849,1,1849.0,0.0,32.0,32.0,0.1736808866262436,63.33696597721428,4212.10302734375,,,,,
1850,1,1850.0,0.0,32.0,32.0,0.1701410710811615,67.5194039940834,4433.376953125,,,,,
1851,1,1851.0,0.0,32.0,32.0,0.1062876209616661,73.65846598986536,4734.25,,,,,
1852,1,1852.0,0.0,32.0,32.0,0.1381208002567291,67.98956298734993,4433.376953125,,,,,
1853,1,1853.0,0.0,32.0,32.0,0.069911390542984,67.36543902661651,4331.32958984375,,,,,
1854,1,1854.0,0.0,32.0,32.0,0.1902343034744262,67.69508006982505,4485.7744140625,,,,,
1855,1,1855.0,0.0,32.0,32.0,0.1003292128443718,67.80160102061927,4485.7744140625,,,,,
1856,1,1856.0,0.0,32.0,32.0,0.1298292279243469,63.064572983421385,4485.7744140625,,,,,
1857,1,1857.0,0.0,32.0,32.0,0.1477052867412567,66.60489703062922,4386.42041015625,,,,,
1858,1,1858.0,0.0,32.0,32.0,0.2455963790416717,68.02395801059902,4508.0693359375,,,,,
1859,1,1859.0,0.0,32.0,32.0,0.034376360476017,65.16423693392426,4167.5205078125,,,,,
1860,1,1860.0,0.0,32.0,32.0,0.0394953750073909,67.26024392992258,4386.42041015625,,,,,
1861,1,1861.0,0.0,32.0,32.0,0.1221750453114509,77.81176699791104,4956.47900390625,,,,,
1862,1,1862.0,0.0,32.0,32.0,0.0628756657242775,66.38489803299308,4235.150390625,,,,,
1863,1,1863.0,0.0,32.0,32.0,0.2017969787120819,68.79825610667467,4485.7744140625,,,,,
1864,1,1864.0,0.0,32.0,32.0,0.1563246846199035,71.18370500393212,4808.83935546875,,,,,
1865,1,1865.0,0.0,32.0,32.0,0.2894015312194824,68.5991239733994,4386.42041015625,,,,,
1866,1,1866.0,0.0,32.0,32.0,0.2137122601270675,64.95557504240423,4235.150390625,,,,,
1867,1,1867.0,0.0,32.0,32.0,0.1448574662208557,76.53000310529023,4808.83935546875,,,,,
1868,1,1868.0,0.0,32.0,32.0,0.2818259596824646,67.74136796593666,4386.42041015625,,,,,
1869,1,1869.0,0.0,32.0,32.0,0.3827903866767883,72.4479400087148,4698.25146484375,,,,,
1870,1,1870.0,0.0,32.0,32.0,0.1491731852293014,77.1482849959284,4956.47900390625,,,,,
1871,1,1871.0,0.0,32.0,32.0,0.0415340512990951,79.76611703634262,5283.18115234375,,,,,
1872,1,1872.0,0.0,32.0,32.0,0.2632566690444946,76.54439599718899,4794.64794921875,,,,,
1873,1,1873.0,0.0,32.0,32.0,0.2306360900402069,67.67647399101406,4386.42041015625,,,,,
1874,1,1874.0,0.0,32.0,32.0,0.3890984654426574,68.57170804869384,4485.7744140625,,,,,
1875,1,1875.0,0.0,32.0,32.0,0.3007017374038696,72.00358400586993,4622.13720703125,,,,,
1876,1,1876.0,0.0,32.0,32.0,0.1836446523666381,82.95005699619651,5152.4375,,,,,
1877,1,1877.0,0.0,32.0,32.0,0.1369770616292953,73.61357705667615,4734.25,,,,,
1878,1,1878.0,0.0,32.0,32.0,0.1814274489879608,62.39845708478242,4410.056640625,,,,,
1879,1,1879.0,0.0,32.0,32.0,0.1409642994403839,67.0906089944765,4410.056640625,,,,,
1880,1,1880.0,0.0,32.0,32.0,0.1277242302894592,76.84436102863401,4865.3291015625,,,,,
1881,1,1881.0,0.0,32.0,32.0,0.2485612779855728,66.84427498839796,4271.564453125,,,,,
1882,1,1882.0,0.0,32.0,32.0,0.069787248969078,66.76667497958988,4433.376953125,,,,,
1883,1,1883.0,0.0,32.0,32.0,0.1452757120132446,62.1107139158994,4136.080078125,,,,,
1884,1,1884.0,0.0,32.0,32.0,0.1760118454694748,81.90938003826886,5123.66064453125,,,,,
1885,1,1885.0,0.0,32.0,32.0,0.2539645731449127,79.05008096713573,4915.869140625,,,,,
1886,1,1886.0,0.0,32.0,32.0,0.2521732449531555,68.40135192032903,4698.25146484375,,,,,
1887,1,1887.0,0.0,32.0,32.0,0.103340744972229,72.35583697911352,4698.25146484375,,,,,
1888,1,1888.0,0.0,32.0,32.0,0.1608906686305999,68.78890097141266,4508.0693359375,,,,,
1889,1,1889.0,0.0,32.0,32.0,0.2686795592308044,67.5444460939616,4410.056640625,,,,,
1890,1,1890.0,0.0,32.0,32.0,0.1695635765790939,69.333236082457,4508.0693359375,,,,,
1891,1,1891.0,0.0,32.0,32.0,0.3286451697349548,73.19689600262791,4734.25,,,,,
1892,1,1892.0,0.0,32.0,32.0,0.3140097856521606,71.75458094570786,4639.8251953125,,,,,
1893,1,1893.0,0.0,32.0,32.0,0.3127486705780029,65.00697194132954,4235.150390625,,,,,
1894,1,1894.0,0.0,32.0,32.0,0.1612023413181305,62.20719590783119,4410.056640625,,,,,
1895,1,1895.0,0.0,32.0,32.0,0.2712120711803436,70.5772249493748,4622.13720703125,,,,,
1896,1,1896.0,0.0,32.0,32.0,0.1209947019815445,67.36644404008985,4410.056640625,,,,,
1897,1,1897.0,0.0,32.0,32.0,0.2312716394662857,63.656370039097965,4212.10302734375,,,,,
1898,1,1898.0,0.0,32.0,32.0,0.3304089903831482,66.14002597052604,4271.564453125,,,,,
1899,1,1899.0,0.0,32.0,32.0,0.3311779797077179,75.02235600259155,4764.27734375,,,,,
1900,1,1900.0,0.0,32.0,32.0,0.1056439653038978,72.13240303099155,4698.25146484375,,,,,
1901,1,1901.0,0.0,32.0,32.0,0.1115226596593856,71.34722406044602,4622.13720703125,,,,,
1902,1,1902.0,0.0,32.0,32.0,0.2285739332437515,61.51918903924525,4331.32958984375,,,,,
1903,1,1903.0,0.0,32.0,32.0,0.3496357202529907,69.83063998632133,4622.13720703125,,,,,
1904,1,1904.0,0.0,32.0,32.0,0.1113714203238487,65.1787118986249,4235.150390625,,,,,
1905,1,1905.0,0.0,32.0,32.0,0.3492509424686432,67.84154800698161,4386.42041015625,,,,,
1906,1,1906.0,0.0,32.0,32.0,0.0838777646422386,73.6010919790715,4764.27734375,,,,,
1907,1,1907.0,0.0,32.0,32.0,0.0631401017308235,71.26112002879381,4622.13720703125,,,,,
1908,1,1908.0,0.0,32.0,32.0,0.2020450681447982,69.14920802228153,4575.50634765625,,,,,
1909,1,1909.0,0.0,32.0,32.0,0.1277332752943039,69.44052595645189,4485.7744140625,,,,,
1910,1,1910.0,0.0,32.0,32.0,0.18239426612854,60.90417702216655,4331.32958984375,,,,,
1911,1,1911.0,0.0,32.0,32.0,0.2660015821456909,70.64821396488696,4639.8251953125,,,,,
1912,1,1912.0,0.0,32.0,32.0,0.2542419731616974,68.03110300097615,4410.056640625,,,,,
1913,1,1913.0,0.0,32.0,32.0,0.2193570882081985,64.02684701606631,4307.3642578125,,,,,
1914,1,1914.0,0.0,32.0,32.0,0.3984768092632293,62.010450987145305,4136.080078125,,,,,
1915,1,1915.0,0.0,32.0,32.0,0.130020797252655,66.31099397782236,4386.42041015625,,,,,
1916,1,1916.0,0.0,32.0,32.0,0.4352843165397644,68.55319801252335,4485.7744140625,,,,,
1917,1,1917.0,0.0,32.0,32.0,0.1264002472162246,64.00951696559787,4167.5205078125,,,,,
1918,1,1918.0,0.0,32.0,32.0,0.0963774770498275,66.6773000266403,4698.25146484375,,,,,
1919,1,1919.0,0.0,32.0,32.0,0.0457572266459465,68.65254405420274,4433.376953125,,,,,
1920,1,1920.0,0.0,32.0,32.0,0.3160499632358551,67.27062293794006,4331.32958984375,,,,,
1921,1,1921.0,0.0,32.0,32.0,0.3487937450408935,64.53430303372443,4212.10302734375,,,,,
1922,1,1922.0,0.0,32.0,32.0,0.1549384146928787,64.18760900851339,4167.5205078125,,,,,
1923,1,1923.0,0.0,32.0,32.0,0.2105747759342193,77.27978797629476,4884.15185546875,,,,,
1924,1,1924.0,0.0,32.0,32.0,0.038822766393423,65.26146410033107,4212.10302734375,,,,,
1925,1,1925.0,0.0,32.0,32.0,0.1337181478738784,77.19508500304073,4985.5732421875,,,,,
1926,1,1926.0,0.0,32.0,32.0,0.0438312403857708,56.1051219701767,4002.4619140625,,,,,
1927,1,1927.0,0.0,32.0,32.0,0.4753901958465576,62.29543196968734,4167.5205078125,,,,,
1928,1,1928.0,0.0,32.0,32.0,0.0907006710767746,70.65699296072125,4639.8251953125,,,,,
1929,1,1929.0,0.0,32.0,32.0,0.13326396048069,67.60779395699501,4331.32958984375,,,,,
1930,1,1930.0,0.0,32.0,32.0,0.5345898866653442,67.03374302014709,4410.056640625,,,,,
1931,1,1931.0,0.0,32.0,32.0,0.0770230144262313,63.87232197448611,4167.5205078125,,,,,
1932,1,1932.0,0.0,32.0,32.0,0.5160311460494995,64.55245893448591,4235.150390625,,,,,
1933,1,1933.0,0.0,32.0,32.0,0.0810763537883758,72.61542300693691,4698.25146484375,,,,,
1934,1,1934.0,0.0,32.0,32.0,0.0869352594017982,63.21304000448436,4433.376953125,,,,,
1935,1,1935.0,0.0,32.0,32.0,0.1872657537460327,76.80795795749873,4808.83935546875,,,,,
1936,1,1936.0,0.0,32.0,32.0,0.225363403558731,59.926530928350985,4045.24072265625,,,,,
1937,1,1937.0,0.0,32.0,32.0,0.1302078664302826,71.64341502357274,4734.25,,,,,
1938,1,1938.0,0.0,32.0,32.0,0.2953431308269501,77.61655107606202,5045.93505859375,,,,,
1939,1,1939.0,0.0,32.0,32.0,0.0827525407075882,71.0946919862181,4508.0693359375,,,,,
1940,1,1940.0,0.0,32.0,32.0,0.1394137293100357,69.52609296422452,4575.50634765625,,,,,
1941,1,1941.0,0.0,32.0,32.0,0.1944482624530792,67.05042603425682,4386.42041015625,,,,,
1942,1,1942.0,0.0,32.0,32.0,0.1039182692766189,71.2145270081237,4808.83935546875,,,,,
1943,1,1943.0,0.0,32.0,32.0,0.1050513237714767,73.32141604274511,4698.25146484375,,,,,
1944,1,1944.0,0.0,32.0,32.0,0.0480228513479232,69.63630393147469,4508.0693359375,,,,,
1945,1,1945.0,0.0,32.0,32.0,0.1063259094953537,68.59796505887061,4575.50634765625,,,,,
1946,1,1946.0,0.0,32.0,32.0,0.1330674588680267,68.26192897278816,4508.0693359375,,,,,
1947,1,1947.0,0.0,32.0,32.0,0.0957306548953056,69.9355760589242,4555.076171875,,,,,
1948,1,1948.0,0.0,32.0,32.0,0.1775227040052414,67.53358396235853,4410.056640625,,,,,
1949,1,1949.0,0.0,32.0,32.0,0.1062994301319122,66.54194195289165,4271.564453125,,,,,
1950,1,1950.0,0.0,32.0,32.0,0.2305905222892761,57.75971408002079,4307.3642578125,,,,,
1951,1,1951.0,0.0,32.0,32.0,0.1537878215312957,66.88527797814459,4485.7744140625,,,,,
1952,1,1952.0,0.0,32.0,32.0,0.0395201370120048,69.7951460024342,4508.0693359375,,,,,
1953,1,1953.0,0.0,32.0,32.0,0.171859860420227,68.73903598170727,4485.7744140625,,,,,
1954,1,1954.0,0.0,32.0,32.0,0.0444509983062744,71.68185198679566,4622.13720703125,,,,,
1955,1,1955.0,0.0,32.0,32.0,0.1999252438545227,66.8641539523378,4386.42041015625,,,,,
1956,1,1956.0,0.0,32.0,32.0,0.2636143267154693,62.97821400221437,4136.080078125,,,,,
1957,1,1957.0,0.0,32.0,32.0,0.3803271651268005,68.5317269526422,4433.376953125,,,,,
1958,1,1958.0,0.0,32.0,32.0,0.2019559741020202,61.544738011434674,4433.376953125,,,,,
1959,1,1959.0,0.0,32.0,32.0,0.3426538407802582,68.25980404391885,4410.056640625,,,,,
1960,1,1960.0,0.0,32.0,32.0,0.3626993894577026,76.4343059854582,4865.3291015625,,,,,
1961,1,1961.0,0.0,32.0,32.0,0.4005585312843323,64.85574203543365,4167.5205078125,,,,,
1962,1,1962.0,0.0,32.0,32.0,0.2037735432386398,64.92388795595616,4235.150390625,,,,,
1963,1,1963.0,0.0,32.0,32.0,0.1008680611848831,76.37880207039416,4865.3291015625,,,,,
1964,1,1964.0,0.0,32.0,32.0,0.1596102118492126,71.25765993259847,4485.7744140625,,,,,
1965,1,1965.0,0.0,32.0,32.0,0.174454778432846,66.96215097326785,4331.32958984375,,,,,
1966,1,1966.0,0.0,32.0,32.0,0.113962709903717,63.11573495622724,4555.076171875,,,,,
1967,1,1967.0,0.0,32.0,32.0,0.1272526383399963,77.55151705350727,4808.83935546875,,,,,
1968,1,1968.0,0.0,32.0,32.0,0.0729876905679702,73.6930479761213,4698.25146484375,,,,,
1969,1,1969.0,0.0,32.0,32.0,0.0535216592252254,66.21139997150749,4271.564453125,,,,,
1970,1,1970.0,0.0,32.0,32.0,0.0574387609958648,59.62354806251824,4063.82470703125,,,,,
1971,1,1971.0,0.0,32.0,32.0,0.179459661245346,67.05185992177576,4410.056640625,,,,,
1972,1,1972.0,0.0,32.0,32.0,0.1675210893154144,64.87997202202678,4212.10302734375,,,,,
1973,1,1973.0,0.0,32.0,32.0,0.186629056930542,64.03173110447824,4212.10302734375,,,,,
1974,1,1974.0,0.0,32.0,32.0,0.0715264901518821,63.23282700031996,4508.0693359375,,,,,
1975,1,1975.0,0.0,32.0,32.0,0.3967708647251129,64.55289898440242,4307.3642578125,,,,,
1976,1,1976.0,0.0,32.0,32.0,0.2187124192714691,75.336804962717,4794.64794921875,,,,,
1977,1,1977.0,0.0,32.0,32.0,0.2114952206611633,73.81079194601625,4734.25,,,,,
1978,1,1978.0,0.0,32.0,32.0,0.0550012215971946,66.44616392441094,4271.564453125,,,,,
1979,1,1979.0,0.0,32.0,32.0,0.1492868959903717,72.93015206232667,4698.25146484375,,,,,
1980,1,1980.0,0.0,32.0,32.0,0.1228951141238212,68.85300599969923,4575.50634765625,,,,,
1981,1,1981.0,0.0,32.0,32.0,0.1486921906471252,64.90672507788986,4212.10302734375,,,,,
1982,1,1982.0,0.0,32.0,32.0,0.1868117153644561,71.60565699450672,4915.869140625,,,,,
1983,1,1983.0,0.0,32.0,32.0,0.2420066893100738,74.69909498468041,4764.27734375,,,,,
1984,1,1984.0,0.0,32.0,32.0,0.1302996426820755,80.34182898700237,5105.0048828125,,,,,
1985,1,1985.0,0.0,32.0,32.0,0.0221525318920612,69.03012003749609,4410.056640625,,,,,
1986,1,1986.0,0.0,32.0,32.0,0.1281081289052963,77.02183909714222,4956.47900390625,,,,,
1987,1,1987.0,0.0,32.0,32.0,0.0749196633696556,64.74423792678863,4307.3642578125,,,,,
1988,1,1988.0,0.0,32.0,32.0,0.210171103477478,68.18657694384456,4575.50634765625,,,,,
1989,1,1989.0,0.0,32.0,32.0,0.1109059602022171,58.74225695151836,4167.5205078125,,,,,
1990,1,1990.0,0.0,32.0,32.0,0.330123096704483,68.51789099164307,4508.0693359375,,,,,
1991,1,1991.0,0.0,32.0,32.0,0.7109777927398682,78.08228803332895,4985.5732421875,,,,,
1992,1,1992.0,0.0,32.0,32.0,0.3472834229469299,70.33237896393985,4508.0693359375,,,,,
1993,1,1993.0,0.0,32.0,32.0,0.3268696069717407,62.90394300594926,4136.080078125,,,,,
1994,1,1994.0,0.0,32.0,32.0,0.2121394276618957,67.84517189953476,4575.50634765625,,,,,
1995,1,1995.0,0.0,32.0,32.0,0.2844101786613464,63.73851001262665,4167.5205078125,,,,,
1996,1,1996.0,0.0,32.0,32.0,0.2735634446144104,64.29027789272368,4212.10302734375,,,,,
1997,1,1997.0,0.0,32.0,32.0,0.1348890215158462,62.14061495848,4485.7744140625,,,,,
1998,1,1998.0,0.0,32.0,32.0,0.2517701387405395,78.35141092073172,4956.47900390625,,,,,
1999,1,1999.0,0.0,32.0,32.0,0.0428002215921878,69.10316902212799,4433.376953125,,,,,
2000,1,2000.0,0.0,32.0,32.0,0.2151903957128524,65.74639794416726,4235.150390625,,,,,
2001,1,2001.0,0.0,32.0,32.0,0.2436408400535583,64.89990698173642,4235.150390625,,,,,
2002,1,2002.0,0.0,32.0,32.0,0.1238347142934799,64.82905300799757,4235.150390625,,,,,
2003,1,2003.0,0.0,32.0,32.0,0.2826547026634216,67.94393993914127,4410.056640625,,,,,
2004,1,2004.0,0.0,32.0,32.0,0.3102970719337463,68.30669601913542,4485.7744140625,,,,,
2005,1,2005.0,0.0,32.0,32.0,0.2154325544834137,57.986747939139605,4167.5205078125,,,,,
2006,1,2006.0,0.0,32.0,32.0,0.0484250634908676,74.75480600260198,4764.27734375,,,,,
2007,1,2007.0,0.0,32.0,32.0,0.2225364446640014,73.9074379671365,4764.27734375,,,,,
2008,1,2008.0,0.0,32.0,32.0,0.0732399150729179,80.21292195189744,5015.54736328125,,,,,
2009,1,2009.0,0.0,32.0,32.0,0.1811233162879943,60.94821507576853,4108.03271484375,,,,,
2010,1,2010.0,0.0,32.0,32.0,0.2090716809034347,66.96075096260756,4508.0693359375,,,,,
2011,1,2011.0,0.0,32.0,32.0,0.2922607660293579,77.17471604701132,4956.47900390625,,,,,
2012,1,2012.0,0.0,32.0,32.0,0.186993658542633,72.45051895733923,4622.13720703125,,,,,
2013,1,2013.0,0.0,32.0,32.0,0.2544279098510742,68.341257981956,4764.27734375,,,,,
2014,1,2014.0,0.0,32.0,32.0,0.3568908274173736,68.51718691177666,4433.376953125,,,,,
2015,1,2015.0,0.0,32.0,32.0,0.6008661985397339,68.0572900455445,4485.7744140625,,,,,
2016,1,2016.0,0.0,32.0,32.0,0.3153226673603058,69.03783802408725,4485.7744140625,,,,,
2017,1,2017.0,0.0,32.0,32.0,0.0461287125945091,72.57172290701419,4698.25146484375,,,,,
2018,1,2018.0,0.0,32.0,32.0,0.030267521739006,64.37499599996954,4212.10302734375,,,,,
2019,1,2019.0,0.0,32.0,32.0,0.0254182163625955,68.68743698578328,4485.7744140625,,,,,
2020,1,2020.0,0.0,32.0,32.0,0.0885716676712036,69.3815880222246,4555.076171875,,,,,
2021,1,2021.0,0.0,32.0,32.0,0.1510375142097473,58.62817703746259,4307.3642578125,,,,,
2022,1,2022.0,0.0,32.0,32.0,0.3717171549797058,68.44561698380858,4555.076171875,,,,,
2023,1,2023.0,0.0,32.0,32.0,0.2693327069282532,59.85694192349911,4063.82470703125,,,,,
2024,1,2024.0,0.0,32.0,32.0,0.1634528785943985,68.36754200048745,4575.50634765625,,,,,
2025,1,2025.0,0.0,32.0,32.0,0.413495808839798,70.28614007867873,4555.076171875,,,,,
2026,1,2026.0,0.0,32.0,32.0,0.2049480229616165,78.17589200567454,4915.869140625,,,,,
2027,1,2027.0,0.0,32.0,32.0,0.1968559175729751,69.58957191091031,4508.0693359375,,,,,
2028,1,2028.0,0.0,32.0,32.0,0.0219868775457143,68.09732294641435,4433.376953125,,,,,
2029,1,2029.0,0.0,32.0,32.0,0.022660968825221,71.20935502462089,4956.47900390625,,,,,
2030,1,2030.0,0.0,32.0,32.0,0.1478187292814254,68.85649601463228,4410.056640625,,,,,
2031,1,2031.0,0.0,32.0,32.0,0.1942419111728668,68.73575004283339,4485.7744140625,,,,,
2032,1,2032.0,0.0,32.0,32.0,0.1154788732528686,68.46049998421222,4508.0693359375,,,,,
2033,1,2033.0,0.0,32.0,32.0,0.2921325266361236,71.77304103970528,4639.8251953125,,,,,
2034,1,2034.0,0.0,32.0,32.0,0.11337311565876,63.50733095314354,4307.3642578125,,,,,
2035,1,2035.0,0.0,32.0,32.0,0.0999967157840728,75.38763002958149,4865.3291015625,,,,,
2036,1,2036.0,0.0,32.0,32.0,0.0721087828278541,74.01975698303431,4734.25,,,,,
2037,1,2037.0,0.0,32.0,32.0,0.0661574527621269,66.71145500149578,4698.25146484375,,,,,
2038,1,2038.0,0.0,32.0,32.0,0.396340548992157,71.24489604029804,4639.8251953125,,,,,
2039,1,2039.0,0.0,32.0,32.0,0.1520120352506637,75.96491405274719,4794.64794921875,,,,,
2040,1,2040.0,0.0,32.0,32.0,0.2383784800767898,73.50639498326927,4734.25,,,,,
2041,1,2041.0,0.0,32.0,32.0,0.5064816474914551,75.99372998811305,4808.83935546875,,,,,
2042,1,2042.0,0.0,32.0,32.0,0.1337462812662124,69.39174700528383,4485.7744140625,,,,,
2043,1,2043.0,0.0,32.0,32.0,0.3293440043926239,77.11287401616573,4808.83935546875,,,,,
2044,1,2044.0,0.0,32.0,32.0,0.0670811980962753,67.34986300580204,4622.13720703125,,,,,
2045,1,2045.0,0.0,32.0,32.0,0.2896201908588409,67.95062299352139,4485.7744140625,,,,,
2046,1,2046.0,0.0,32.0,32.0,0.1215275302529335,69.17021097615361,4508.0693359375,,,,,
2047,1,2047.0,0.0,32.0,32.0,0.163874477148056,66.09644298441708,4386.42041015625,,,,,
2048,1,2048.0,0.0,32.0,32.0,0.1914949715137481,64.11401100922376,4212.10302734375,,,,,
2049,1,2049.0,0.0,32.0,32.0,0.3014130592346191,67.70934199448675,4331.32958984375,,,,,
2050,1,2050.0,0.0,32.0,32.0,0.1594300270080566,69.56718408036977,4555.076171875,,,,,
2051,1,2051.0,0.0,32.0,32.0,0.1442088782787323,80.56955598294735,5045.93505859375,,,,,
2052,1,2052.0,0.0,32.0,32.0,0.124801218509674,54.93956001009792,4063.82470703125,,,,,
2053,1,2053.0,0.0,32.0,32.0,0.1174599975347518,72.25084502715617,4734.25,,,,,
2054,1,2054.0,0.0,32.0,32.0,0.1187790036201477,63.55671398341656,4307.3642578125,,,,,
2055,1,2055.0,0.0,32.0,32.0,0.1199772208929061,62.83091497607529,4307.3642578125,,,,,
2056,1,2056.0,0.0,32.0,32.0,0.1976290494203567,72.44160596746951,4734.25,,,,,
2057,1,2057.0,0.0,32.0,32.0,0.0598088204860687,68.6844689771533,4433.376953125,,,,,
2058,1,2058.0,0.0,32.0,32.0,0.1108667477965354,67.28228100109845,4386.42041015625,,,,,
2059,1,2059.0,0.0,32.0,32.0,0.3582473695278168,66.58503809012473,4386.42041015625,,,,,
2060,1,2060.0,0.0,32.0,32.0,0.2246508449316024,62.02237808611244,4410.056640625,,,,,
2061,1,2061.0,0.0,32.0,32.0,0.3616545796394348,63.81033908110112,4212.10302734375,,,,,
2062,1,2062.0,0.0,32.0,32.0,0.2208292633295059,66.0235519753769,4386.42041015625,,,,,
2063,1,2063.0,0.0,32.0,32.0,0.0514879338443279,77.67730497289449,4956.47900390625,,,,,
2064,1,2064.0,0.0,32.0,32.0,0.1560477912425995,69.65360103640705,4575.50634765625,,,,,
2065,1,2065.0,0.0,32.0,32.0,0.2106496393680572,72.41094496566802,4639.8251953125,,,,,
2066,1,2066.0,0.0,32.0,32.0,0.0899017080664634,78.42981605790555,4985.5732421875,,,,,
2067,1,2067.0,0.0,32.0,32.0,0.2829002141952514,67.72298098076135,4386.42041015625,,,,,
2068,1,2068.0,0.0,32.0,32.0,0.1376112550497055,61.30763702094555,4410.056640625,,,,,
2069,1,2069.0,0.0,32.0,32.0,0.1910697519779205,66.83531496673822,4433.376953125,,,,,
2070,1,2070.0,0.0,32.0,32.0,0.0887291207909584,73.67337099276483,4698.25146484375,,,,,
2071,1,2071.0,0.0,32.0,32.0,0.2133550345897674,60.45972800347954,4108.03271484375,,,,,
2072,1,2072.0,0.0,32.0,32.0,0.2801961004734039,67.09590298123658,4433.376953125,,,,,
2073,1,2073.0,0.0,32.0,32.0,0.1473947167396545,61.13826599903405,4108.03271484375,,,,,
2074,1,2074.0,0.0,32.0,32.0,0.1392256021499633,77.93396303895861,4985.5732421875,,,,,
2075,1,2075.0,0.0,32.0,32.0,0.11881073564291,64.21076599508524,4307.3642578125,,,,,
2076,1,2076.0,0.0,32.0,32.0,0.1533902287483215,59.6761079505086,4433.376953125,,,,,
2077,1,2077.0,0.0,32.0,32.0,0.1291852295398712,72.90894107427448,4764.27734375,,,,,
2078,1,2078.0,0.0,32.0,32.0,0.1425949037075042,79.17787902988493,4915.869140625,,,,,
2079,1,2079.0,0.0,32.0,32.0,0.0981368198990821,69.65035304892808,4508.0693359375,,,,,
2080,1,2080.0,0.0,32.0,32.0,0.075335144996643,63.837590045295656,4167.5205078125,,,,,
2081,1,2081.0,0.0,32.0,32.0,0.2461004555225372,76.74057898111641,4794.64794921875,,,,,
2082,1,2082.0,0.0,32.0,32.0,0.0242105945944786,68.17767303436995,4386.42041015625,,,,,
2083,1,2083.0,0.0,32.0,32.0,0.2155900001525879,69.0732910297811,4575.50634765625,,,,,
2084,1,2084.0,0.0,32.0,32.0,0.1708643436431884,66.69329409487545,4764.27734375,,,,,
2085,1,2085.0,0.0,32.0,32.0,0.1056737974286079,70.11507800780237,4555.076171875,,,,,
2086,1,2086.0,0.0,32.0,32.0,0.222390815615654,67.12076906114817,4331.32958984375,,,,,
2087,1,2087.0,0.0,32.0,32.0,0.0532540045678615,64.17715095449239,4212.10302734375,,,,,
2088,1,2088.0,0.0,32.0,32.0,0.3984565436840057,60.337621020153165,4063.82470703125,,,,,
2089,1,2089.0,0.0,32.0,32.0,0.3084533810615539,64.26432100124657,4235.150390625,,,,,
2090,1,2090.0,0.0,32.0,32.0,0.0378302969038486,63.53336398024112,4167.5205078125,,,,,
2091,1,2091.0,0.0,32.0,32.0,0.0924696400761604,72.25098903290927,4734.25,,,,,
2092,1,2092.0,0.0,32.0,32.0,0.2077166587114334,77.10817700717598,5152.4375,,,,,
2093,1,2093.0,0.0,32.0,32.0,0.4357107281684875,65.07697491906583,4307.3642578125,,,,,
2094,1,2094.0,0.0,32.0,32.0,0.1808239072561264,66.29337789490819,4331.32958984375,,,,,
2095,1,2095.0,0.0,32.0,32.0,0.1492347419261932,67.3072140198201,4386.42041015625,,,,,
2096,1,2096.0,0.0,32.0,32.0,0.0889216959476471,79.26238107029349,5015.54736328125,,,,,
2097,1,2097.0,0.0,32.0,32.0,0.2810618281364441,63.46311804372817,4485.7744140625,,,,,
2098,1,2098.0,0.0,32.0,32.0,0.0250441972166299,73.45995295327157,4734.25,,,,,
2099,1,2099.0,0.0,32.0,32.0,0.3799784183502197,74.92820196785033,4764.27734375,,,,,
2100,1,2100.0,0.0,32.0,32.0,0.3374321460723877,64.59669698961079,4622.13720703125,,,,,
2101,1,2101.0,0.0,32.0,32.0,0.1514532268047332,64.0437570400536,4307.3642578125,,,,,
2102,1,2102.0,0.0,32.0,32.0,0.3206270933151245,70.5867059295997,4639.8251953125,,,,,
2103,1,2103.0,0.0,32.0,32.0,0.2317212522029876,71.6796760680154,4698.25146484375,,,,,
2104,1,2104.0,0.0,32.0,32.0,0.1384645253419876,64.38503891695291,4235.150390625,,,,,
2105,1,2105.0,0.0,21.0,21.0,0.4844923019409179,53.32690593786538,3573.396484375,,,,,
2105,1,,1.0,32.0,32.0,,53.32690593786538,3573.396484375,0.9357798165137616,0.1711175827575581,0.9613357288155726,0.116868714309981,0.025555912301811
