step,train/loss,train/gate0_triggered_blocks,train/gate0_considered_blocks,train/gate0_trigger_rate,train/pull_to_r_blocks,train/pull_to_R_blocks,train/pull_to_r_rate,train/pull_to_R_rate,train/alpha_pull_mean,train/single_vote_skipped_blocks,train/tau_N,train/tau_D,epoch,step_in_epoch,probe/is_eval,val/acc,val/loss,val/acc_r_only,val/loss_r_only,train/acc,train/loss_eval,gap/train_minus_val,train/acc_r_only,train/loss_r_only_eval,gap_r_only/train_minus_val_r_only
1,0.6744089424610138,27.0,74.0,0.36486486486486486,7.0,20.0,0.25925925925925924,0.7407407407407407,0.17627136132593135,0.0,0.6,0.0038053,1,1,0.0,,,,,,,,,,
2,0.7288329303264618,3.0,74.0,0.04054054054054054,1.0,2.0,0.3333333333333333,0.6666666666666666,0.1777768358326092,0.0,0.6,0.0038053,1,2,0.0,,,,,,,,,,
3,0.6774336248636246,18.0,74.0,0.24324324324324326,6.0,12.0,0.3333333333333333,0.6666666666666666,0.1746331476981943,0.0,0.6,0.0038053,1,3,0.0,,,,,,,,,,
4,0.6668677479028702,12.0,74.0,0.16216216216216217,3.0,9.0,0.25,0.75,0.1753542355709241,0.0,0.6,0.0038053,1,4,0.0,,,,,,,,,,
5,0.6823397874832153,19.0,74.0,0.25675675675675674,9.0,10.0,0.47368421052631576,0.5263157894736842,0.17325378523982649,0.0,0.6,0.0038053,1,5,0.0,,,,,,,,,,
6,0.6653144657611847,26.0,74.0,0.35135135135135137,9.0,17.0,0.34615384615384615,0.6538461538461539,0.17264938028274174,0.0,0.6,0.0038053,1,6,0.0,,,,,,,,,,
7,0.678438663482666,31.0,74.0,0.4189189189189189,12.0,19.0,0.3870967741935484,0.6129032258064516,0.1737422421376047,0.0,0.6,0.0038053,1,7,0.0,,,,,,,,,,
8,0.6862091571092606,29.0,74.0,0.3918918918918919,11.0,18.0,0.3793103448275862,0.6206896551724138,0.17314860279832597,0.0,0.6,0.0038053,1,8,0.0,,,,,,,,,,
9,0.7024956196546555,20.0,74.0,0.2702702702702703,5.0,15.0,0.25,0.75,0.1761292024465982,0.0,0.6,0.0038053,1,9,0.0,,,,,,,,,,
10,0.6573478281497955,25.0,74.0,0.33783783783783783,10.0,15.0,0.4,0.6,0.17303001171788326,0.0,0.6,0.0038053,1,10,0.0,,,,,,,,,,
11,0.6745039373636246,5.0,74.0,0.06756756756756757,0.0,5.0,0.0,1.0,0.18022076310473706,0.0,0.6,0.0038053,1,11,0.0,,,,,,,,,,
12,0.637331947684288,6.0,74.0,0.08108108108108109,2.0,4.0,0.3333333333333333,0.6666666666666666,0.17402005662261533,0.0,0.6,0.0038053,1,12,0.0,,,,,,,,,,
13,0.6513309180736542,24.0,74.0,0.32432432432432434,9.0,15.0,0.375,0.625,0.17533819020912433,0.0,0.6,0.0038053,1,13,0.0,,,,,,,,,,
14,0.681340217590332,11.0,74.0,0.14864864864864866,2.0,9.0,0.18181818181818182,0.8181818181818182,0.1761951230974551,0.0,0.6,0.0038053,1,14,0.0,,,,,,,,,,
15,0.6235261559486389,6.0,74.0,0.08108108108108109,3.0,3.0,0.5,0.5,0.17446370068692843,0.0,0.6,0.0038053,1,15,0.0,,,,,,,,,,
16,0.6538261324167252,22.0,74.0,0.2972972972972973,4.0,18.0,0.18181818181818182,0.8181818181818182,0.1766547477528229,0.0,0.6,0.0038053,1,16,0.0,,,,,,,,,,
17,0.6189859062433243,5.0,74.0,0.06756756756756757,1.0,4.0,0.2,0.8,0.18059468652604702,0.0,0.6,0.0038053,1,17,0.0,,,,,,,,,,
18,0.6482118368148804,1.0,74.0,0.013513513513513514,0.0,1.0,0.0,1.0,0.1797668493759915,0.0,0.6,0.0038053,1,18,0.0,,,,,,,,,,
19,0.6376989930868149,0.0,74.0,0.0,0.0,0.0,0.0,0.0,0.0,0.0,0.6,0.0038053,1,19,0.0,,,,,,,,,,
20,0.6669029891490936,5.0,74.0,0.06756756756756757,1.0,4.0,0.2,0.8,0.1748730784321274,0.0,0.6,0.0038053,1,20,0.0,,,,,,,,,,
21,0.6208241134881973,0.0,74.0,0.0,0.0,0.0,0.0,0.0,0.0,0.0,0.6,0.0038053,1,21,0.0,,,,,,,,,,
22,0.6932130455970764,0.0,74.0,0.0,0.0,0.0,0.0,0.0,0.0,0.0,0.6,0.0038053,1,22,0.0,,,,,,,,,,
23,0.6027723252773285,0.0,74.0,0.0,0.0,0.0,0.0,0.0,0.0,0.0,0.6,0.0038053,1,23,0.0,,,,,,,,,,
24,0.7100533992052078,0.0,74.0,0.0,0.0,0.0,0.0,0.0,0.0,0.0,0.6,0.0038053,1,24,0.0,,,,,,,,,,
25,0.6067338734865189,3.0,74.0,0.04054054054054054,0.0,3.0,0.0,1.0,0.18460570411286947,0.0,0.6,0.0038053,1,25,0.0,,,,,,,,,,
26,0.6390138417482376,0.0,74.0,0.0,0.0,0.0,0.0,0.0,0.0,0.0,0.6,0.0038053,1,26,0.0,,,,,,,,,,
27,0.5454870015382767,3.0,74.0,0.04054054054054054,1.0,2.0,0.3333333333333333,0.6666666666666666,0.17566124381020543,0.0,0.6,0.0038053,1,27,0.0,,,,,,,,,,
28,0.6074716001749039,0.0,74.0,0.0,0.0,0.0,0.0,0.0,0.0,0.0,0.6,0.0038053,1,28,0.0,,,,,,,,,,
29,0.7760490775108337,0.0,74.0,0.0,0.0,0.0,0.0,0.0,0.0,0.0,0.6,0.0038053,1,29,0.0,,,,,,,,,,
30,0.6717218905687332,0.0,74.0,0.0,0.0,0.0,0.0,0.0,0.0,0.0,0.6,0.0038053,1,30,0.0,,,,,,,,,,
31,0.5145981982350349,0.0,74.0,0.0,0.0,0.0,0.0,0.0,0.0,0.0,0.6,0.0038053,1,31,0.0,,,,,,,,,,
32,0.6185112372040749,0.0,74.0,0.0,0.0,0.0,0.0,0.0,0.0,0.0,0.6,0.0038053,1,32,0.0,,,,,,,,,,
33,0.6064178347587585,0.0,74.0,0.0,0.0,0.0,0.0,0.0,0.0,0.0,0.6,0.0038053,1,33,0.0,,,,,,,,,,
34,0.5956573784351349,0.0,74.0,0.0,0.0,0.0,0.0,0.0,0.0,0.0,0.6,0.0038053,1,34,0.0,,,,,,,,,,
35,0.6429341286420822,0.0,74.0,0.0,0.0,0.0,0.0,0.0,0.0,0.0,0.6,0.0038053,1,35,0.0,,,,,,,,,,
36,0.6169319227337837,0.0,74.0,0.0,0.0,0.0,0.0,0.0,0.0,0.0,0.6,0.0038053,1,36,0.0,,,,,,,,,,
37,0.7784709632396698,0.0,74.0,0.0,0.0,0.0,0.0,0.0,0.0,0.0,0.6,0.0038053,1,37,0.0,,,,,,,,,,
38,0.6242392957210541,0.0,74.0,0.0,0.0,0.0,0.0,0.0,0.0,0.0,0.6,0.0038053,1,38,0.0,,,,,,,,,,
39,0.6021961346268654,0.0,74.0,0.0,0.0,0.0,0.0,0.0,0.0,0.0,0.6,0.0038053,1,39,0.0,,,,,,,,,,
40,0.6133278086781502,0.0,74.0,0.0,0.0,0.0,0.0,0.0,0.0,0.0,0.6,0.0038053,1,40,0.0,,,,,,,,,,
41,0.7461865991353989,1.0,74.0,0.013513513513513514,0.0,1.0,0.0,1.0,0.1795133295492931,0.0,0.6,0.0038053,1,41,0.0,,,,,,,,,,
42,0.5967399626970291,0.0,74.0,0.0,0.0,0.0,0.0,0.0,0.0,0.0,0.6,0.0038053,1,42,0.0,,,,,,,,,,
43,0.6721518188714981,1.0,74.0,0.013513513513513514,0.0,1.0,0.0,1.0,0.17237020934114566,0.0,0.6,0.0038053,1,43,0.0,,,,,,,,,,
44,0.639598160982132,1.0,74.0,0.013513513513513514,0.0,1.0,0.0,1.0,0.1748181883899842,0.0,0.6,0.0038053,1,44,0.0,,,,,,,,,,
45,0.6147205531597137,1.0,74.0,0.013513513513513514,1.0,0.0,1.0,0.0,0.1620334191769029,0.0,0.6,0.0038053,1,45,0.0,,,,,,,,,,
46,0.581805557012558,0.0,74.0,0.0,0.0,0.0,0.0,0.0,0.0,0.0,0.6,0.0038053,1,46,0.0,,,,,,,,,,
47,0.5950112342834473,0.0,74.0,0.0,0.0,0.0,0.0,0.0,0.0,0.0,0.6,0.0038053,1,47,0.0,,,,,,,,,,
48,0.6675315499305725,0.0,74.0,0.0,0.0,0.0,0.0,0.0,0.0,0.0,0.6,0.0038053,1,48,0.0,,,,,,,,,,
49,0.42655373364686966,0.0,74.0,0.0,0.0,0.0,0.0,0.0,0.0,0.0,0.6,0.0038053,1,49,0.0,,,,,,,,,,
50,0.5681887269020081,0.0,74.0,0.0,0.0,0.0,0.0,0.0,0.0,0.0,0.6,0.0038053,1,50,0.0,,,,,,,,,,
51,0.5154922157526016,0.0,74.0,0.0,0.0,0.0,0.0,0.0,0.0,0.0,0.6,0.0038053,1,51,0.0,,,,,,,,,,
52,0.6748657450079918,0.0,74.0,0.0,0.0,0.0,0.0,0.0,0.0,0.0,0.6,0.0038053,1,52,0.0,,,,,,,,,,
53,0.6708343178033829,0.0,74.0,0.0,0.0,0.0,0.0,0.0,0.0,0.0,0.6,0.0038053,1,53,0.0,,,,,,,,,,
54,0.6306041181087494,0.0,74.0,0.0,0.0,0.0,0.0,0.0,0.0,0.0,0.6,0.0038053,1,54,0.0,,,,,,,,,,
55,0.7016588523983955,0.0,74.0,0.0,0.0,0.0,0.0,0.0,0.0,0.0,0.6,0.0038053,1,55,0.0,,,,,,,,,,
56,0.5989959016442299,0.0,74.0,0.0,0.0,0.0,0.0,0.0,0.0,0.0,0.6,0.0038053,1,56,0.0,,,,,,,,,,
57,0.6600642204284668,0.0,74.0,0.0,0.0,0.0,0.0,0.0,0.0,0.0,0.6,0.0038053,1,57,0.0,,,,,,,,,,
58,0.6271775960922241,0.0,74.0,0.0,0.0,0.0,0.0,0.0,0.0,0.0,0.6,0.0038053,1,58,0.0,,,,,,,,,,
59,0.584949679672718,0.0,74.0,0.0,0.0,0.0,0.0,0.0,0.0,0.0,0.6,0.0038053,1,59,0.0,,,,,,,,,,
60,0.6035304069519043,0.0,74.0,0.0,0.0,0.0,0.0,0.0,0.0,0.0,0.6,0.0038053,1,60,0.0,,,,,,,,,,
61,0.4776681065559387,0.0,74.0,0.0,0.0,0.0,0.0,0.0,0.0,0.0,0.6,0.0038053,1,61,0.0,,,,,,,,,,
62,0.4745737761259079,0.0,74.0,0.0,0.0,0.0,0.0,0.0,0.0,0.0,0.6,0.0038053,1,62,0.0,,,,,,,,,,
63,0.5631814077496529,0.0,74.0,0.0,0.0,0.0,0.0,0.0,0.0,0.0,0.6,0.0038053,1,63,0.0,,,,,,,,,,
64,0.7104522287845612,0.0,74.0,0.0,0.0,0.0,0.0,0.0,0.0,0.0,0.6,0.0038053,1,64,0.0,,,,,,,,,,
65,0.5936646312475204,0.0,74.0,0.0,0.0,0.0,0.0,0.0,0.0,0.0,0.6,0.0038053,1,65,0.0,,,,,,,,,,
66,0.4846997633576393,0.0,74.0,0.0,0.0,0.0,0.0,0.0,0.0,0.0,0.6,0.0038053,1,66,0.0,,,,,,,,,,
67,0.6106556877493858,0.0,74.0,0.0,0.0,0.0,0.0,0.0,0.0,0.0,0.6,0.0038053,1,67,0.0,,,,,,,,,,
68,0.49337970092892647,0.0,74.0,0.0,0.0,0.0,0.0,0.0,0.0,0.0,0.6,0.0038053,1,68,0.0,,,,,,,,,,
69,0.5826308205723763,0.0,74.0,0.0,0.0,0.0,0.0,0.0,0.0,0.0,0.6,0.0038053,1,69,0.0,,,,,,,,,,
70,0.5347749516367912,0.0,74.0,0.0,0.0,0.0,0.0,0.0,0.0,0.0,0.6,0.0038053,1,70,0.0,,,,,,,,,,
71,0.4686032831668854,0.0,74.0,0.0,0.0,0.0,0.0,0.0,0.0,0.0,0.6,0.0038053,1,71,0.0,,,,,,,,,,
72,0.5546452850103378,0.0,74.0,0.0,0.0,0.0,0.0,0.0,0.0,0.0,0.6,0.0038053,1,72,0.0,,,,,,,,,,
73,0.4915735274553299,0.0,74.0,0.0,0.0,0.0,0.0,0.0,0.0,0.0,0.6,0.0038053,1,73,0.0,,,,,,,,,,
74,0.5240308120846748,0.0,74.0,0.0,0.0,0.0,0.0,0.0,0.0,0.0,0.6,0.0038053,1,74,0.0,,,,,,,,,,
75,0.5302928313612938,0.0,74.0,0.0,0.0,0.0,0.0,0.0,0.0,0.0,0.6,0.0038053,1,75,0.0,,,,,,,,,,
76,0.5987357348203659,0.0,74.0,0.0,0.0,0.0,0.0,0.0,0.0,0.0,0.6,0.0038053,1,76,0.0,,,,,,,,,,
77,0.6947439759969711,0.0,74.0,0.0,0.0,0.0,0.0,0.0,0.0,0.0,0.6,0.0038053,1,77,0.0,,,,,,,,,,
78,0.6061472147703171,0.0,74.0,0.0,0.0,0.0,0.0,0.0,0.0,0.0,0.6,0.0038053,1,78,0.0,,,,,,,,,,
79,0.47632917761802673,0.0,74.0,0.0,0.0,0.0,0.0,0.0,0.0,0.0,0.6,0.0038053,1,79,0.0,,,,,,,,,,
80,0.6215136051177979,0.0,74.0,0.0,0.0,0.0,0.0,0.0,0.0,0.0,0.6,0.0038053,1,80,0.0,,,,,,,,,,
81,0.8667596951127052,0.0,74.0,0.0,0.0,0.0,0.0,0.0,0.0,0.0,0.6,0.0038053,1,81,0.0,,,,,,,,,,
82,0.4953094348311424,0.0,74.0,0.0,0.0,0.0,0.0,0.0,0.0,0.0,0.6,0.0038053,1,82,0.0,,,,,,,,,,
83,0.6861476078629494,0.0,74.0,0.0,0.0,0.0,0.0,0.0,0.0,0.0,0.6,0.0038053,1,83,0.0,,,,,,,,,,
84,0.46924369782209396,0.0,74.0,0.0,0.0,0.0,0.0,0.0,0.0,0.0,0.6,0.0038053,1,84,0.0,,,,,,,,,,
85,0.33406080305576324,0.0,74.0,0.0,0.0,0.0,0.0,0.0,0.0,0.0,0.6,0.0038053,1,85,0.0,,,,,,,,,,
86,0.28511422127485275,0.0,74.0,0.0,0.0,0.0,0.0,0.0,0.0,0.0,0.6,0.0038053,1,86,0.0,,,,,,,,,,
87,0.5129415392875671,0.0,74.0,0.0,0.0,0.0,0.0,0.0,0.0,0.0,0.6,0.0038053,1,87,0.0,,,,,,,,,,
88,0.40594710409641266,0.0,74.0,0.0,0.0,0.0,0.0,0.0,0.0,0.0,0.6,0.0038053,1,88,0.0,,,,,,,,,,
89,0.5957441553473473,0.0,74.0,0.0,0.0,0.0,0.0,0.0,0.0,0.0,0.6,0.0038053,1,89,0.0,,,,,,,,,,
90,0.5863272771239281,0.0,74.0,0.0,0.0,0.0,0.0,0.0,0.0,0.0,0.6,0.0038053,1,90,0.0,,,,,,,,,,
91,0.5388124510645866,0.0,74.0,0.0,0.0,0.0,0.0,0.0,0.0,0.0,0.6,0.0038053,1,91,0.0,,,,,,,,,,
92,0.6268796622753143,0.0,74.0,0.0,0.0,0.0,0.0,0.0,0.0,0.0,0.6,0.0038053,1,92,0.0,,,,,,,,,,
93,0.7217763066291809,0.0,74.0,0.0,0.0,0.0,0.0,0.0,0.0,0.0,0.6,0.0038053,1,93,0.0,,,,,,,,,,
94,0.6485896557569504,0.0,74.0,0.0,0.0,0.0,0.0,0.0,0.0,0.0,0.6,0.0038053,1,94,0.0,,,,,,,,,,
95,0.5742920190095901,0.0,74.0,0.0,0.0,0.0,0.0,0.0,0.0,0.0,0.6,0.0038053,1,95,0.0,,,,,,,,,,
96,0.5150088220834732,0.0,74.0,0.0,0.0,0.0,0.0,0.0,0.0,0.0,0.6,0.0038053,1,96,0.0,,,,,,,,,,
97,0.6299105435609818,0.0,74.0,0.0,0.0,0.0,0.0,0.0,0.0,0.0,0.6,0.0038053,1,97,0.0,,,,,,,,,,
98,0.464945949614048,0.0,74.0,0.0,0.0,0.0,0.0,0.0,0.0,0.0,0.6,0.0038053,1,98,0.0,,,,,,,,,,
99,0.6066754907369614,0.0,74.0,0.0,0.0,0.0,0.0,0.0,0.0,0.0,0.6,0.0038053,1,99,0.0,,,,,,,,,,
100,0.7803261131048203,0.0,74.0,0.0,0.0,0.0,0.0,0.0,0.0,0.0,0.6,0.0038053,1,100,0.0,,,,,,,,,,
101,0.6157675161957741,0.0,74.0,0.0,0.0,0.0,0.0,0.0,0.0,0.0,0.6,0.0038053,1,101,0.0,,,,,,,,,,
102,0.7377323657274246,0.0,74.0,0.0,0.0,0.0,0.0,0.0,0.0,0.0,0.6,0.0038053,1,102,0.0,,,,,,,,,,
103,0.6452772170305252,0.0,74.0,0.0,0.0,0.0,0.0,0.0,0.0,0.0,0.6,0.0038053,1,103,0.0,,,,,,,,,,
104,0.5203748792409897,0.0,74.0,0.0,0.0,0.0,0.0,0.0,0.0,0.0,0.6,0.0038053,1,104,0.0,,,,,,,,,,
105,0.5999222248792648,0.0,74.0,0.0,0.0,0.0,0.0,0.0,0.0,0.0,0.6,0.0038053,1,105,0.0,,,,,,,,,,
106,0.6227932870388031,0.0,74.0,0.0,0.0,0.0,0.0,0.0,0.0,0.0,0.6,0.0038053,1,106,0.0,,,,,,,,,,
107,0.7017849683761597,0.0,74.0,0.0,0.0,0.0,0.0,0.0,0.0,0.0,0.6,0.0038053,1,107,0.0,,,,,,,,,,
108,0.6420399695634842,0.0,74.0,0.0,0.0,0.0,0.0,0.0,0.0,0.0,0.6,0.0038053,1,108,0.0,,,,,,,,,,
109,0.5716808140277863,0.0,74.0,0.0,0.0,0.0,0.0,0.0,0.0,0.0,0.6,0.0038053,1,109,0.0,,,,,,,,,,
110,0.5537044703960419,0.0,74.0,0.0,0.0,0.0,0.0,0.0,0.0,0.0,0.6,0.0038053,1,110,0.0,,,,,,,,,,
111,0.4638354629278183,0.0,74.0,0.0,0.0,0.0,0.0,0.0,0.0,0.0,0.6,0.0038053,1,111,0.0,,,,,,,,,,
112,0.6611236929893494,0.0,74.0,0.0,0.0,0.0,0.0,0.0,0.0,0.0,0.6,0.0038053,1,112,0.0,,,,,,,,,,
113,0.6053581833839417,1.0,74.0,0.013513513513513514,0.0,1.0,0.0,1.0,0.17431134042980498,0.0,0.6,0.0038053,1,113,0.0,,,,,,,,,,
114,0.49144184589385986,0.0,74.0,0.0,0.0,0.0,0.0,0.0,0.0,0.0,0.6,0.0038053,1,114,0.0,,,,,,,,,,
115,0.4838305950164795,0.0,74.0,0.0,0.0,0.0,0.0,0.0,0.0,0.0,0.6,0.0038053,1,115,0.0,,,,,,,,,,
115,,,,,,,,,,,,,1,,1.0,0.6887254901960784,0.5085443235360659,0.6838235294117647,0.5018959366358243,0.6995637949836423,0.5225179884744727,0.010838304787563868,0.6927480916030534,0.5206098185933155,0.008924562191288676
116,0.6762968152761459,0.0,74.0,0.0,0.0,0.0,0.0,0.0,0.0,0.0,0.6,0.0038053,2,1,0.0,,,,,,,,,,
117,0.49001532793045044,0.0,74.0,0.0,0.0,0.0,0.0,0.0,0.0,0.0,0.6,0.0038053,2,2,0.0,,,,,,,,,,
118,0.5739379450678825,0.0,74.0,0.0,0.0,0.0,0.0,0.0,0.0,0.0,0.6,0.0038053,2,3,0.0,,,,,,,,,,
119,0.5449957251548767,1.0,74.0,0.013513513513513514,0.0,1.0,0.0,1.0,0.18452267212904283,0.0,0.6,0.0038053,2,4,0.0,,,,,,,,,,
120,0.5217482969164848,1.0,74.0,0.013513513513513514,0.0,1.0,0.0,1.0,0.19748374716833286,0.0,0.6,0.0038053,2,5,0.0,,,,,,,,,,
121,0.5603874996304512,0.0,74.0,0.0,0.0,0.0,0.0,0.0,0.0,0.0,0.6,0.0038053,2,6,0.0,,,,,,,,,,
122,0.5787677019834518,2.0,74.0,0.02702702702702703,0.0,2.0,0.0,1.0,0.17845938598457167,0.0,0.6,0.0038053,2,7,0.0,,,,,,,,,,
123,0.5109643638134003,0.0,74.0,0.0,0.0,0.0,0.0,0.0,0.0,0.0,0.6,0.0038053,2,8,0.0,,,,,,,,,,
124,0.46408531069755554,0.0,74.0,0.0,0.0,0.0,0.0,0.0,0.0,0.0,0.6,0.0038053,2,9,0.0,,,,,,,,,,
125,0.39073091745376587,0.0,74.0,0.0,0.0,0.0,0.0,0.0,0.0,0.0,0.6,0.0038053,2,10,0.0,,,,,,,,,,
126,0.4305421859025955,0.0,74.0,0.0,0.0,0.0,0.0,0.0,0.0,0.0,0.6,0.0038053,2,11,0.0,,,,,,,,,,
127,0.6078675538301468,0.0,74.0,0.0,0.0,0.0,0.0,0.0,0.0,0.0,0.6,0.0038053,2,12,0.0,,,,,,,,,,
128,0.43909426778554916,0.0,74.0,0.0,0.0,0.0,0.0,0.0,0.0,0.0,0.6,0.0038053,2,13,0.0,,,,,,,,,,
129,0.5663152486085892,0.0,74.0,0.0,0.0,0.0,0.0,0.0,0.0,0.0,0.6,0.0038053,2,14,0.0,,,,,,,,,,
130,0.6662538051605225,0.0,74.0,0.0,0.0,0.0,0.0,0.0,0.0,0.0,0.6,0.0038053,2,15,0.0,,,,,,,,,,
131,0.8099556416273117,0.0,74.0,0.0,0.0,0.0,0.0,0.0,0.0,0.0,0.6,0.0038053,2,16,0.0,,,,,,,,,,
132,0.4287138432264328,0.0,74.0,0.0,0.0,0.0,0.0,0.0,0.0,0.0,0.6,0.0038053,2,17,0.0,,,,,,,,,,
133,0.4356355592608452,0.0,74.0,0.0,0.0,0.0,0.0,0.0,0.0,0.0,0.6,0.0038053,2,18,0.0,,,,,,,,,,
134,0.46990523487329483,0.0,74.0,0.0,0.0,0.0,0.0,0.0,0.0,0.0,0.6,0.0038053,2,19,0.0,,,,,,,,,,
135,0.5987112410366535,0.0,74.0,0.0,0.0,0.0,0.0,0.0,0.0,0.0,0.6,0.0038053,2,20,0.0,,,,,,,,,,
136,0.5677773207426071,0.0,74.0,0.0,0.0,0.0,0.0,0.0,0.0,0.0,0.6,0.0038053,2,21,0.0,,,,,,,,,,
137,0.4052828177809715,2.0,74.0,0.02702702702702703,0.0,2.0,0.0,1.0,0.1807985597782443,0.0,0.6,0.0038053,2,22,0.0,,,,,,,,,,
138,0.7224443703889847,0.0,74.0,0.0,0.0,0.0,0.0,0.0,0.0,0.0,0.6,0.0038053,2,23,0.0,,,,,,,,,,
139,0.3780527859926224,0.0,74.0,0.0,0.0,0.0,0.0,0.0,0.0,0.0,0.6,0.0038053,2,24,0.0,,,,,,,,,,
140,0.6929737031459808,0.0,74.0,0.0,0.0,0.0,0.0,0.0,0.0,0.0,0.6,0.0038053,2,25,0.0,,,,,,,,,,
141,0.6062865629792213,0.0,74.0,0.0,0.0,0.0,0.0,0.0,0.0,0.0,0.6,0.0038053,2,26,0.0,,,,,,,,,,
142,0.5758625641465187,5.0,74.0,0.06756756756756757,1.0,4.0,0.2,0.8,0.1794732427707432,0.0,0.6,0.0038053,2,27,0.0,,,,,,,,,,
143,0.5477865412831306,5.0,74.0,0.06756756756756757,0.0,5.0,0.0,1.0,0.18038881724340022,0.0,0.6,0.0038053,2,28,0.0,,,,,,,,,,
144,0.5045923516154289,0.0,74.0,0.0,0.0,0.0,0.0,0.0,0.0,0.0,0.6,0.0038053,2,29,0.0,,,,,,,,,,
145,0.7009562402963638,2.0,74.0,0.02702702702702703,2.0,0.0,1.0,0.0,0.1636136635188783,0.0,0.6,0.0038053,2,30,0.0,,,,,,,,,,
146,0.49612125754356384,8.0,74.0,0.10810810810810811,1.0,7.0,0.125,0.875,0.17684216557216892,0.0,0.6,0.0038053,2,31,0.0,,,,,,,,,,
147,0.4708187207579613,4.0,74.0,0.05405405405405406,2.0,2.0,0.5,0.5,0.16569193184850362,0.0,0.6,0.0038053,2,32,0.0,,,,,,,,,,
148,0.5502287968993187,0.0,74.0,0.0,0.0,0.0,0.0,0.0,0.0,0.0,0.6,0.0038053,2,33,0.0,,,,,,,,,,
149,0.5302356630563736,2.0,74.0,0.02702702702702703,0.0,2.0,0.0,1.0,0.1811374478347888,0.0,0.6,0.0038053,2,34,0.0,,,,,,,,,,
150,0.5813166052103043,0.0,74.0,0.0,0.0,0.0,0.0,0.0,0.0,0.0,0.6,0.0038053,2,35,0.0,,,,,,,,,,
151,0.5771988704800606,0.0,74.0,0.0,0.0,0.0,0.0,0.0,0.0,0.0,0.6,0.0038053,2,36,0.0,,,,,,,,,,
152,0.5140374451875687,0.0,74.0,0.0,0.0,0.0,0.0,0.0,0.0,0.0,0.6,0.0038053,2,37,0.0,,,,,,,,,,
153,0.5561622232198715,1.0,74.0,0.013513513513513514,1.0,0.0,1.0,0.0,0.16896109558034886,0.0,0.6,0.0038053,2,38,0.0,,,,,,,,,,
154,0.5380213856697083,0.0,74.0,0.0,0.0,0.0,0.0,0.0,0.0,0.0,0.6,0.0038053,2,39,0.0,,,,,,,,,,
155,0.5568764582276344,0.0,74.0,0.0,0.0,0.0,0.0,0.0,0.0,0.0,0.6,0.0038053,2,40,0.0,,,,,,,,,,
156,0.4370936118066311,5.0,74.0,0.06756756756756757,2.0,3.0,0.4,0.6,0.17432521009199967,0.0,0.6,0.0038053,2,41,0.0,,,,,,,,,,
157,0.41426607221364975,1.0,74.0,0.013513513513513514,1.0,0.0,1.0,0.0,0.17069234485592352,0.0,0.6,0.0038053,2,42,0.0,,,,,,,,,,
158,0.5414764061570168,0.0,74.0,0.0,0.0,0.0,0.0,0.0,0.0,0.0,0.6,0.0038053,2,43,0.0,,,,,,,,,,
159,0.790530800819397,0.0,74.0,0.0,0.0,0.0,0.0,0.0,0.0,0.0,0.6,0.0038053,2,44,0.0,,,,,,,,,,
160,0.6074256896972656,0.0,74.0,0.0,0.0,0.0,0.0,0.0,0.0,0.0,0.6,0.0038053,2,45,0.0,,,,,,,,,,
161,0.49713990837335587,0.0,74.0,0.0,0.0,0.0,0.0,0.0,0.0,0.0,0.6,0.0038053,2,46,0.0,,,,,,,,,,
162,0.7591420114040375,1.0,74.0,0.013513513513513514,0.0,1.0,0.0,1.0,0.17212286218148617,0.0,0.6,0.0038053,2,47,0.0,,,,,,,,,,
163,0.4844707027077675,0.0,74.0,0.0,0.0,0.0,0.0,0.0,0.0,0.0,0.6,0.0038053,2,48,0.0,,,,,,,,,,
164,0.5573208332061768,2.0,74.0,0.02702702702702703,0.0,2.0,0.0,1.0,0.17419341057417054,0.0,0.6,0.0038053,2,49,0.0,,,,,,,,,,
165,0.511040523648262,3.0,74.0,0.04054054054054054,0.0,3.0,0.0,1.0,0.18079606981486362,0.0,0.6,0.0038053,2,50,0.0,,,,,,,,,,
166,0.43466195464134216,0.0,74.0,0.0,0.0,0.0,0.0,0.0,0.0,0.0,0.6,0.0038053,2,51,0.0,,,,,,,,,,
167,0.5846057385206223,0.0,74.0,0.0,0.0,0.0,0.0,0.0,0.0,0.0,0.6,0.0038053,2,52,0.0,,,,,,,,,,
168,0.3314064424484968,0.0,74.0,0.0,0.0,0.0,0.0,0.0,0.0,0.0,0.6,0.0038053,2,53,0.0,,,,,,,,,,
169,0.29116616398096085,0.0,74.0,0.0,0.0,0.0,0.0,0.0,0.0,0.0,0.6,0.0038053,2,54,0.0,,,,,,,,,,
170,0.4597344547510147,0.0,74.0,0.0,0.0,0.0,0.0,0.0,0.0,0.0,0.6,0.0038053,2,55,0.0,,,,,,,,,,
171,0.515826977789402,0.0,74.0,0.0,0.0,0.0,0.0,0.0,0.0,0.0,0.6,0.0038053,2,56,0.0,,,,,,,,,,
172,0.3789556883275509,0.0,74.0,0.0,0.0,0.0,0.0,0.0,0.0,0.0,0.6,0.0038053,2,57,0.0,,,,,,,,,,
173,0.6008505821228027,0.0,74.0,0.0,0.0,0.0,0.0,0.0,0.0,0.0,0.6,0.0038053,2,58,0.0,,,,,,,,,,
174,0.5497356504201889,0.0,74.0,0.0,0.0,0.0,0.0,0.0,0.0,0.0,0.6,0.0038053,2,59,0.0,,,,,,,,,,
175,0.4471864737570286,0.0,74.0,0.0,0.0,0.0,0.0,0.0,0.0,0.0,0.6,0.0038053,2,60,0.0,,,,,,,,,,
176,0.2848338931798935,0.0,74.0,0.0,0.0,0.0,0.0,0.0,0.0,0.0,0.6,0.0038053,2,61,0.0,,,,,,,,,,
177,0.36927200853824615,0.0,74.0,0.0,0.0,0.0,0.0,0.0,0.0,0.0,0.6,0.0038053,2,62,0.0,,,,,,,,,,
178,0.723863035440445,0.0,74.0,0.0,0.0,0.0,0.0,0.0,0.0,0.0,0.6,0.0038053,2,63,0.0,,,,,,,,,,
179,0.5871524438261986,0.0,74.0,0.0,0.0,0.0,0.0,0.0,0.0,0.0,0.6,0.0038053,2,64,0.0,,,,,,,,,,
180,0.4941207617521286,0.0,74.0,0.0,0.0,0.0,0.0,0.0,0.0,0.0,0.6,0.0038053,2,65,0.0,,,,,,,,,,
181,0.4035757780075073,0.0,74.0,0.0,0.0,0.0,0.0,0.0,0.0,0.0,0.6,0.0038053,2,66,0.0,,,,,,,,,,
182,0.5293246284127235,0.0,74.0,0.0,0.0,0.0,0.0,0.0,0.0,0.0,0.6,0.0038053,2,67,0.0,,,,,,,,,,
183,0.44086482003331184,2.0,74.0,0.02702702702702703,1.0,1.0,0.5,0.5,0.17360221070727458,0.0,0.6,0.0038053,2,68,0.0,,,,,,,,,,
184,0.4186360836029053,0.0,74.0,0.0,0.0,0.0,0.0,0.0,0.0,0.0,0.6,0.0038053,2,69,0.0,,,,,,,,,,
185,0.27194064296782017,3.0,74.0,0.04054054054054054,1.0,2.0,0.3333333333333333,0.6666666666666666,0.17481865590834397,0.0,0.6,0.0038053,2,70,0.0,,,,,,,,,,
186,0.46057815104722977,0.0,74.0,0.0,0.0,0.0,0.0,0.0,0.0,0.0,0.6,0.0038053,2,71,0.0,,,,,,,,,,
187,0.5361319556832314,0.0,74.0,0.0,0.0,0.0,0.0,0.0,0.0,0.0,0.6,0.0038053,2,72,0.0,,,,,,,,,,
188,0.5922519937157631,1.0,74.0,0.013513513513513514,0.0,1.0,0.0,1.0,0.17421962651807754,0.0,0.6,0.0038053,2,73,0.0,,,,,,,,,,
189,0.4098742604255676,0.0,74.0,0.0,0.0,0.0,0.0,0.0,0.0,0.0,0.6,0.0038053,2,74,0.0,,,,,,,,,,
190,0.5326282195746899,1.0,74.0,0.013513513513513514,1.0,0.0,1.0,0.0,0.1714578473294015,0.0,0.6,0.0038053,2,75,0.0,,,,,,,,,,
191,0.6080188304185867,4.0,74.0,0.05405405405405406,2.0,2.0,0.5,0.5,0.16990744181490874,0.0,0.6,0.0038053,2,76,0.0,,,,,,,,,,
192,0.6138264313340187,2.0,74.0,0.02702702702702703,0.0,2.0,0.0,1.0,0.17553755554215913,0.0,0.6,0.0038053,2,77,0.0,,,,,,,,,,
193,0.5294945985078812,3.0,74.0,0.04054054054054054,0.0,3.0,0.0,1.0,0.177427728952562,0.0,0.6,0.0038053,2,78,0.0,,,,,,,,,,
194,0.4221431836485863,4.0,74.0,0.05405405405405406,0.0,4.0,0.0,1.0,0.17997125067244665,0.0,0.6,0.0038053,2,79,0.0,,,,,,,,,,
195,0.4125661998987198,4.0,74.0,0.05405405405405406,2.0,2.0,0.5,0.5,0.1697934862841164,0.0,0.6,0.0038053,2,80,0.0,,,,,,,,,,
196,0.5374292433261871,4.0,74.0,0.05405405405405406,2.0,2.0,0.5,0.5,0.16851522900788463,0.0,0.6,0.0038053,2,81,0.0,,,,,,,,,,
197,0.4308480992913246,5.0,74.0,0.06756756756756757,1.0,4.0,0.2,0.8,0.17211376509213644,0.0,0.6,0.0038053,2,82,0.0,,,,,,,,,,
198,0.37491142749786377,5.0,74.0,0.06756756756756757,1.0,4.0,0.2,0.8,0.17765270518921367,0.0,0.6,0.0038053,2,83,0.0,,,,,,,,,,
199,0.37352830171585083,1.0,74.0,0.013513513513513514,0.0,1.0,0.0,1.0,0.17592207369176197,0.0,0.6,0.0038053,2,84,0.0,,,,,,,,,,
200,0.36411385983228683,3.0,74.0,0.04054054054054054,0.0,3.0,0.0,1.0,0.17991702573427423,0.0,0.6,0.0038053,2,85,0.0,,,,,,,,,,
201,0.5102997720241547,3.0,74.0,0.04054054054054054,0.0,3.0,0.0,1.0,0.18323053951919463,0.0,0.6,0.0038053,2,86,0.0,,,,,,,,,,
202,0.4031437039375305,3.0,74.0,0.04054054054054054,0.0,3.0,0.0,1.0,0.18996872413480811,0.0,0.6,0.0038053,2,87,0.0,,,,,,,,,,
203,0.42356035485863686,1.0,74.0,0.013513513513513514,0.0,1.0,0.0,1.0,0.17546271369064143,0.0,0.6,0.0038053,2,88,0.0,,,,,,,,,,
204,0.4448627457022667,1.0,74.0,0.013513513513513514,0.0,1.0,0.0,1.0,0.17383935439691595,0.0,0.6,0.0038053,2,89,0.0,,,,,,,,,,
205,0.44242212921380997,1.0,74.0,0.013513513513513514,0.0,1.0,0.0,1.0,0.17198458707328743,0.0,0.6,0.0038053,2,90,0.0,,,,,,,,,,
206,0.3539378046989441,3.0,74.0,0.04054054054054054,0.0,3.0,0.0,1.0,0.17680663484996115,0.0,0.6,0.0038053,2,91,0.0,,,,,,,,,,
207,0.3928113132715225,3.0,74.0,0.04054054054054054,2.0,1.0,0.6666666666666666,0.3333333333333333,0.16941208303319147,0.0,0.6,0.0038053,2,92,0.0,,,,,,,,,,
208,0.43069832026958466,3.0,74.0,0.04054054054054054,2.0,1.0,0.6666666666666666,0.3333333333333333,0.166300954300017,0.0,0.6,0.0038053,2,93,0.0,,,,,,,,,,
209,0.47049136459827423,2.0,74.0,0.02702702702702703,1.0,1.0,0.5,0.5,0.1662009310477396,0.0,0.6,0.0038053,2,94,0.0,,,,,,,,,,
210,0.33389776200056076,4.0,74.0,0.05405405405405406,0.0,4.0,0.0,1.0,0.1828309431779554,0.0,0.6,0.0038053,2,95,0.0,,,,,,,,,,
211,0.35645439475774765,1.0,74.0,0.013513513513513514,0.0,1.0,0.0,1.0,0.17657684588447786,0.0,0.6,0.0038053,2,96,0.0,,,,,,,,,,
212,0.8685784116387367,0.0,74.0,0.0,0.0,0.0,0.0,0.0,0.0,0.0,0.6,0.0038053,2,97,0.0,,,,,,,,,,
213,0.7616892606019974,1.0,74.0,0.013513513513513514,0.0,1.0,0.0,1.0,0.17539244824424338,0.0,0.6,0.0038053,2,98,0.0,,,,,,,,,,
214,0.5060731321573257,1.0,74.0,0.013513513513513514,0.0,1.0,0.0,1.0,0.17541216498398327,0.0,0.6,0.0038053,2,99,0.0,,,,,,,,,,
215,0.40141940861940384,4.0,74.0,0.05405405405405406,2.0,2.0,0.5,0.5,0.17425079623645942,0.0,0.6,0.0038053,2,100,0.0,,,,,,,,,,
216,0.5069902688264847,1.0,74.0,0.013513513513513514,0.0,1.0,0.0,1.0,0.17337685821557083,0.0,0.6,0.0038053,2,101,0.0,,,,,,,,,,
217,0.3399151936173439,5.0,74.0,0.06756756756756757,2.0,3.0,0.4,0.6,0.1649031269838282,0.0,0.6,0.0038053,2,102,0.0,,,,,,,,,,
218,0.39712822437286377,5.0,74.0,0.06756756756756757,3.0,2.0,0.6,0.4,0.16945221249423106,0.0,0.6,0.0038053,2,103,0.0,,,,,,,,,,
219,0.25989634543657303,5.0,74.0,0.06756756756756757,2.0,3.0,0.4,0.6,0.16935186225080617,0.0,0.6,0.0038053,2,104,0.0,,,,,,,,,,
220,0.40526751801371574,4.0,74.0,0.05405405405405406,2.0,2.0,0.5,0.5,0.16872914054268434,0.0,0.6,0.0038053,2,105,0.0,,,,,,,,,,
221,0.3501635752618313,4.0,74.0,0.05405405405405406,2.0,2.0,0.5,0.5,0.1678506308298972,0.0,0.6,0.0038053,2,106,0.0,,,,,,,,,,
222,0.36359382420778275,2.0,74.0,0.02702702702702703,1.0,1.0,0.5,0.5,0.1703927018153818,0.0,0.6,0.0038053,2,107,0.0,,,,,,,,,,
223,0.47421163879334927,4.0,74.0,0.05405405405405406,0.0,4.0,0.0,1.0,0.18004570849877546,0.0,0.6,0.0038053,2,108,0.0,,,,,,,,,,
224,0.44890862703323364,1.0,74.0,0.013513513513513514,0.0,1.0,0.0,1.0,0.1746800247420288,0.0,0.6,0.0038053,2,109,0.0,,,,,,,,,,
225,0.40125354193150997,2.0,74.0,0.02702702702702703,0.0,2.0,0.0,1.0,0.18343298674556305,0.0,0.6,0.0038053,2,110,0.0,,,,,,,,,,
226,0.6473243087530136,1.0,74.0,0.013513513513513514,0.0,1.0,0.0,1.0,0.17486258710764713,0.0,0.6,0.0038053,2,111,0.0,,,,,,,,,,
227,0.47009154222905636,1.0,74.0,0.013513513513513514,0.0,1.0,0.0,1.0,0.17766674377956265,0.0,0.6,0.0038053,2,112,0.0,,,,,,,,,,
228,0.28804880753159523,2.0,74.0,0.02702702702702703,0.0,2.0,0.0,1.0,0.17592374849464942,0.0,0.6,0.0038053,2,113,0.0,,,,,,,,,,
229,0.48708248883485794,0.0,74.0,0.0,0.0,0.0,0.0,0.0,0.0,0.0,0.6,0.0038053,2,114,0.0,,,,,,,,,,
230,0.475198245048523,4.0,74.0,0.05405405405405406,1.0,3.0,0.25,0.75,0.1716598936305101,0.0,0.6,0.0038053,2,115,0.0,,,,,,,,,,
230,,,,,,,,,,,,,2,,1.0,0.8382352941176471,0.4245990766928746,0.8382352941176471,0.4230275612611037,0.8546892039258451,0.39962324007697725,0.016453909808198053,0.8544165757906216,0.39929742489172065,0.0161812816729745
231,0.41192492097616196,0.0,74.0,0.0,0.0,0.0,0.0,0.0,0.0,0.0,0.6,0.0038053,3,1,0.0,,,,,,,,,,
232,0.40577588602900505,0.0,74.0,0.0,0.0,0.0,0.0,0.0,0.0,0.0,0.6,0.0038053,3,2,0.0,,,,,,,,,,
233,0.28323759138584137,2.0,74.0,0.02702702702702703,2.0,0.0,1.0,0.0,0.1686633098184421,0.0,0.6,0.0038053,3,3,0.0,,,,,,,,,,
234,0.4303838796913624,5.0,74.0,0.06756756756756757,1.0,4.0,0.2,0.8,0.17578582089716233,0.0,0.6,0.0038053,3,4,0.0,,,,,,,,,,
235,0.5230051875114441,4.0,74.0,0.05405405405405406,0.0,4.0,0.0,1.0,0.17763948196891083,0.0,0.6,0.0038053,3,5,0.0,,,,,,,,,,
236,0.5225247368216515,0.0,74.0,0.0,0.0,0.0,0.0,0.0,0.0,0.0,0.6,0.0038053,3,6,0.0,,,,,,,,,,
237,0.4977337196469307,6.0,74.0,0.08108108108108109,1.0,5.0,0.16666666666666666,0.8333333333333334,0.17645060749539285,0.0,0.6,0.0038053,3,7,0.0,,,,,,,,,,
238,0.5069152899086475,8.0,74.0,0.10810810810810811,1.0,7.0,0.125,0.875,0.17660185281937468,0.0,0.6,0.0038053,3,8,0.0,,,,,,,,,,
239,0.4994974732398987,3.0,74.0,0.04054054054054054,0.0,3.0,0.0,1.0,0.17660886036217419,0.0,0.6,0.0038053,3,9,0.0,,,,,,,,,,
240,0.5362732261419296,2.0,74.0,0.02702702702702703,0.0,2.0,0.0,1.0,0.17773623169111666,0.0,0.6,0.0038053,3,10,0.0,,,,,,,,,,
241,0.4171425551176071,0.0,74.0,0.0,0.0,0.0,0.0,0.0,0.0,0.0,0.6,0.0038053,3,11,0.0,,,,,,,,,,
242,0.495703861117363,8.0,74.0,0.10810810810810811,3.0,5.0,0.375,0.625,0.17523258031740802,0.0,0.6,0.0038053,3,12,0.0,,,,,,,,,,
243,0.4762094169855118,5.0,74.0,0.06756756756756757,1.0,4.0,0.2,0.8,0.18092200978837022,0.0,0.6,0.0038053,3,13,0.0,,,,,,,,,,
244,0.3232238292694092,8.0,74.0,0.10810810810810811,3.0,5.0,0.375,0.625,0.17683850398428314,0.0,0.6,0.0038053,3,14,0.0,,,,,,,,,,
245,0.3462006710469723,8.0,74.0,0.10810810810810811,1.0,7.0,0.125,0.875,0.17746534666150915,0.0,0.6,0.0038053,3,15,0.0,,,,,,,,,,
246,0.4390321671962738,6.0,74.0,0.08108108108108109,2.0,4.0,0.3333333333333333,0.6666666666666666,0.17528279972377084,0.0,0.6,0.0038053,3,16,0.0,,,,,,,,,,
247,0.41147396713495255,0.0,74.0,0.0,0.0,0.0,0.0,0.0,0.0,0.0,0.6,0.0038053,3,17,0.0,,,,,,,,,,
248,0.5471826195716858,1.0,74.0,0.013513513513513514,1.0,0.0,1.0,0.0,0.16592642124187576,0.0,0.6,0.0038053,3,18,0.0,,,,,,,,,,
249,0.6955376788973808,0.0,74.0,0.0,0.0,0.0,0.0,0.0,0.0,0.0,0.6,0.0038053,3,19,0.0,,,,,,,,,,
250,0.4413110688328743,0.0,74.0,0.0,0.0,0.0,0.0,0.0,0.0,0.0,0.6,0.0038053,3,20,0.0,,,,,,,,,,
251,0.3880296126008034,4.0,74.0,0.05405405405405406,1.0,3.0,0.25,0.75,0.18218795358727752,0.0,0.6,0.0038053,3,21,0.0,,,,,,,,,,
252,0.47317611426115036,1.0,74.0,0.013513513513513514,1.0,0.0,1.0,0.0,0.17021031766000924,0.0,0.6,0.0038053,3,22,0.0,,,,,,,,,,
253,0.5697860568761826,1.0,74.0,0.013513513513513514,0.0,1.0,0.0,1.0,0.1758073052864148,0.0,0.6,0.0038053,3,23,0.0,,,,,,,,,,
254,0.4360741376876831,2.0,74.0,0.02702702702702703,0.0,2.0,0.0,1.0,0.1981054086880069,0.0,0.6,0.0038053,3,24,0.0,,,,,,,,,,
255,0.30382030457258224,0.0,74.0,0.0,0.0,0.0,0.0,0.0,0.0,0.0,0.6,0.0038053,3,25,0.0,,,,,,,,,,
256,0.42479486018419266,5.0,74.0,0.06756756756756757,2.0,3.0,0.4,0.6,0.175305039883621,0.0,0.6,0.0038053,3,26,0.0,,,,,,,,,,
257,0.6298747360706329,3.0,74.0,0.04054054054054054,1.0,2.0,0.3333333333333333,0.6666666666666666,0.1807962195511449,0.0,0.6,0.0038053,3,27,0.0,,,,,,,,,,
258,0.3195214904844761,0.0,74.0,0.0,0.0,0.0,0.0,0.0,0.0,0.0,0.6,0.0038053,3,28,0.0,,,,,,,,,,
259,0.3203148618340492,4.0,74.0,0.05405405405405406,0.0,4.0,0.0,1.0,0.18601510218929393,0.0,0.6,0.0038053,3,29,0.0,,,,,,,,,,
260,0.3250899761915207,3.0,74.0,0.04054054054054054,1.0,2.0,0.3333333333333333,0.6666666666666666,0.17280582309182316,0.0,0.6,0.0038053,3,30,0.0,,,,,,,,,,
261,0.38310011848807335,5.0,74.0,0.06756756756756757,2.0,3.0,0.4,0.6,0.17086873565284416,0.0,0.6,0.0038053,3,31,0.0,,,,,,,,,,
262,0.49913232773542404,0.0,74.0,0.0,0.0,0.0,0.0,0.0,0.0,0.0,0.6,0.0038053,3,32,0.0,,,,,,,,,,
263,0.3381028473377228,5.0,74.0,0.06756756756756757,0.0,5.0,0.0,1.0,0.1837719024056393,0.0,0.6,0.0038053,3,33,0.0,,,,,,,,,,
264,0.4970523864030838,1.0,74.0,0.013513513513513514,0.0,1.0,0.0,1.0,0.17556466487780759,0.0,0.6,0.0038053,3,34,0.0,,,,,,,,,,
265,0.3709137588739395,0.0,74.0,0.0,0.0,0.0,0.0,0.0,0.0,0.0,0.6,0.0038053,3,35,0.0,,,,,,,,,,
266,0.3849024157971144,0.0,74.0,0.0,0.0,0.0,0.0,0.0,0.0,0.0,0.6,0.0038053,3,36,0.0,,,,,,,,,,
267,0.4567590691149235,0.0,74.0,0.0,0.0,0.0,0.0,0.0,0.0,0.0,0.6,0.0038053,3,37,0.0,,,,,,,,,,
268,0.9000305831432343,0.0,74.0,0.0,0.0,0.0,0.0,0.0,0.0,0.0,0.6,0.0038053,3,38,0.0,,,,,,,,,,
269,0.5405739657580853,0.0,74.0,0.0,0.0,0.0,0.0,0.0,0.0,0.0,0.6,0.0038053,3,39,0.0,,,,,,,,,,
270,0.6709277480840683,0.0,74.0,0.0,0.0,0.0,0.0,0.0,0.0,0.0,0.6,0.0038053,3,40,0.0,,,,,,,,,,
271,0.26425616443157196,2.0,74.0,0.02702702702702703,0.0,2.0,0.0,1.0,0.17837773013142483,0.0,0.6,0.0038053,3,41,0.0,,,,,,,,,,
272,0.4700978696346283,0.0,74.0,0.0,0.0,0.0,0.0,0.0,0.0,0.0,0.6,0.0038053,3,42,0.0,,,,,,,,,,
273,0.51823790371418,3.0,74.0,0.04054054054054054,1.0,2.0,0.3333333333333333,0.6666666666666666,0.16595948765129898,0.0,0.6,0.0038053,3,43,0.0,,,,,,,,,,
274,0.4113185629248619,2.0,74.0,0.02702702702702703,0.0,2.0,0.0,1.0,0.1808280644143732,0.0,0.6,0.0038053,3,44,0.0,,,,,,,,,,
275,0.40912411734461784,5.0,74.0,0.06756756756756757,1.0,4.0,0.2,0.8,0.1795585199207848,0.0,0.6,0.0038053,3,45,0.0,,,,,,,,,,
276,0.4637131094932556,2.0,74.0,0.02702702702702703,0.0,2.0,0.0,1.0,0.18385909630068567,0.0,0.6,0.0038053,3,46,0.0,,,,,,,,,,
277,0.4110310226678848,3.0,74.0,0.04054054054054054,2.0,1.0,0.6666666666666666,0.3333333333333333,0.16965839878654385,0.0,0.6,0.0038053,3,47,0.0,,,,,,,,,,
278,0.36492545157670975,4.0,74.0,0.05405405405405406,1.0,3.0,0.25,0.75,0.1852736992692377,0.0,0.6,0.0038053,3,48,0.0,,,,,,,,,,
279,0.33272725716233253,1.0,74.0,0.013513513513513514,0.0,1.0,0.0,1.0,0.172819595745337,0.0,0.6,0.0038053,3,49,0.0,,,,,,,,,,
280,0.39853085204958916,2.0,74.0,0.02702702702702703,0.0,2.0,0.0,1.0,0.17311909396702238,0.0,0.6,0.0038053,3,50,0.0,,,,,,,,,,
281,0.20277428068220615,3.0,74.0,0.04054054054054054,2.0,1.0,0.6666666666666666,0.3333333333333333,0.16969758730486884,0.0,0.6,0.0038053,3,51,0.0,,,,,,,,,,
282,0.49799079447984695,3.0,74.0,0.04054054054054054,3.0,0.0,1.0,0.0,0.16870694564347397,0.0,0.6,0.0038053,3,52,0.0,,,,,,,,,,
283,0.6037957072257996,3.0,74.0,0.04054054054054054,0.0,3.0,0.0,1.0,0.17716109477638342,0.0,0.6,0.0038053,3,53,0.0,,,,,,,,,,
284,0.49336516857147217,0.0,74.0,0.0,0.0,0.0,0.0,0.0,0.0,0.0,0.6,0.0038053,3,54,0.0,,,,,,,,,,
285,0.8816451728343964,0.0,74.0,0.0,0.0,0.0,0.0,0.0,0.0,0.0,0.6,0.0038053,3,55,0.0,,,,,,,,,,
286,0.3719048071652651,0.0,74.0,0.0,0.0,0.0,0.0,0.0,0.0,0.0,0.6,0.0038053,3,56,0.0,,,,,,,,,,
287,0.4642641544342041,1.0,74.0,0.013513513513513514,0.0,1.0,0.0,1.0,0.17404323801007682,0.0,0.6,0.0038053,3,57,0.0,,,,,,,,,,
288,0.6188795380294323,0.0,74.0,0.0,0.0,0.0,0.0,0.0,0.0,0.0,0.6,0.0038053,3,58,0.0,,,,,,,,,,
289,0.3713611364364624,4.0,74.0,0.05405405405405406,1.0,3.0,0.25,0.75,0.17489307943725343,0.0,0.6,0.0038053,3,59,0.0,,,,,,,,,,
290,0.2678292356431484,4.0,74.0,0.05405405405405406,1.0,3.0,0.25,0.75,0.17748530147537592,0.0,0.6,0.0038053,3,60,0.0,,,,,,,,,,
291,0.3916013762354851,8.0,74.0,0.10810810810810811,2.0,6.0,0.25,0.75,0.1733551600519836,0.0,0.6,0.0038053,3,61,0.0,,,,,,,,,,
292,0.351517416536808,4.0,74.0,0.05405405405405406,0.0,4.0,0.0,1.0,0.1803279692267064,0.0,0.6,0.0038053,3,62,0.0,,,,,,,,,,
293,0.37138764560222626,4.0,74.0,0.05405405405405406,1.0,3.0,0.25,0.75,0.18560589950563944,0.0,0.6,0.0038053,3,63,0.0,,,,,,,,,,
294,0.3426258824765682,3.0,74.0,0.04054054054054054,2.0,1.0,0.6666666666666666,0.3333333333333333,0.16319881493957272,0.0,0.6,0.0038053,3,64,0.0,,,,,,,,,,
295,0.22741004452109337,8.0,74.0,0.10810810810810811,3.0,5.0,0.375,0.625,0.17595061268606876,0.0,0.6,0.0038053,3,65,0.0,,,,,,,,,,
296,0.43896785750985146,0.0,74.0,0.0,0.0,0.0,0.0,0.0,0.0,0.0,0.6,0.0038053,3,66,0.0,,,,,,,,,,
297,0.3902885615825653,4.0,74.0,0.05405405405405406,0.0,4.0,0.0,1.0,0.17879704580147074,0.0,0.6,0.0038053,3,67,0.0,,,,,,,,,,
298,0.5219056233763695,1.0,74.0,0.013513513513513514,0.0,1.0,0.0,1.0,0.17538558480331431,0.0,0.6,0.0038053,3,68,0.0,,,,,,,,,,
299,0.1383048314601183,0.0,74.0,0.0,0.0,0.0,0.0,0.0,0.0,0.0,0.6,0.0038053,3,69,0.0,,,,,,,,,,
300,0.39624953269958496,4.0,74.0,0.05405405405405406,1.0,3.0,0.25,0.75,0.17443213072030347,0.0,0.6,0.0038053,3,70,0.0,,,,,,,,,,
301,0.8753957375884056,0.0,74.0,0.0,0.0,0.0,0.0,0.0,0.0,0.0,0.6,0.0038053,3,71,0.0,,,,,,,,,,
302,0.37679952196776867,4.0,74.0,0.05405405405405406,0.0,4.0,0.0,1.0,0.17584107658195064,0.0,0.6,0.0038053,3,72,0.0,,,,,,,,,,
303,0.7118673687800765,3.0,74.0,0.04054054054054054,0.0,3.0,0.0,1.0,0.1862284024906641,0.0,0.6,0.0038053,3,73,0.0,,,,,,,,,,
304,0.7461411077529192,0.0,74.0,0.0,0.0,0.0,0.0,0.0,0.0,0.0,0.6,0.0038053,3,74,0.0,,,,,,,,,,
305,0.7724582403898239,0.0,74.0,0.0,0.0,0.0,0.0,0.0,0.0,0.0,0.6,0.0038053,3,75,0.0,,,,,,,,,,
306,0.4659803844988346,0.0,74.0,0.0,0.0,0.0,0.0,0.0,0.0,0.0,0.6,0.0038053,3,76,0.0,,,,,,,,,,
307,0.41461448185145855,0.0,74.0,0.0,0.0,0.0,0.0,0.0,0.0,0.0,0.6,0.0038053,3,77,0.0,,,,,,,,,,
308,0.28992562368512154,1.0,74.0,0.013513513513513514,0.0,1.0,0.0,1.0,0.18133699258934824,0.0,0.6,0.0038053,3,78,0.0,,,,,,,,,,
309,0.5662435106933117,1.0,74.0,0.013513513513513514,0.0,1.0,0.0,1.0,0.1883274763167435,0.0,0.6,0.0038053,3,79,0.0,,,,,,,,,,
310,0.5236474201083183,2.0,74.0,0.02702702702702703,0.0,2.0,0.0,1.0,0.17851918257712907,0.0,0.6,0.0038053,3,80,0.0,,,,,,,,,,
311,0.5728202015161514,2.0,74.0,0.02702702702702703,1.0,1.0,0.5,0.5,0.16758502071572925,0.0,0.6,0.0038053,3,81,0.0,,,,,,,,,,
312,0.3847171403467655,2.0,74.0,0.02702702702702703,1.0,1.0,0.5,0.5,0.1699217713895474,0.0,0.6,0.0038053,3,82,0.0,,,,,,,,,,
313,0.5445971861481667,0.0,74.0,0.0,0.0,0.0,0.0,0.0,0.0,0.0,0.6,0.0038053,3,83,0.0,,,,,,,,,,
314,0.5009466409683228,2.0,74.0,0.02702702702702703,2.0,0.0,1.0,0.0,0.16845394286466336,0.0,0.6,0.0038053,3,84,0.0,,,,,,,,,,
315,0.5610190331935883,0.0,74.0,0.0,0.0,0.0,0.0,0.0,0.0,0.0,0.6,0.0038053,3,85,0.0,,,,,,,,,,
316,0.30365966260433197,0.0,74.0,0.0,0.0,0.0,0.0,0.0,0.0,0.0,0.6,0.0038053,3,86,0.0,,,,,,,,,,
317,0.4698463976383209,0.0,74.0,0.0,0.0,0.0,0.0,0.0,0.0,0.0,0.6,0.0038053,3,87,0.0,,,,,,,,,,
318,0.44363657385110855,0.0,74.0,0.0,0.0,0.0,0.0,0.0,0.0,0.0,0.6,0.0038053,3,88,0.0,,,,,,,,,,
319,0.23798028379678726,0.0,74.0,0.0,0.0,0.0,0.0,0.0,0.0,0.0,0.6,0.0038053,3,89,0.0,,,,,,,,,,
320,0.4115609750151634,0.0,74.0,0.0,0.0,0.0,0.0,0.0,0.0,0.0,0.6,0.0038053,3,90,0.0,,,,,,,,,,
321,0.28209908306598663,0.0,74.0,0.0,0.0,0.0,0.0,0.0,0.0,0.0,0.6,0.0038053,3,91,0.0,,,,,,,,,,
322,0.4068344943225384,0.0,74.0,0.0,0.0,0.0,0.0,0.0,0.0,0.0,0.6,0.0038053,3,92,0.0,,,,,,,,,,
323,0.48877713829278946,0.0,74.0,0.0,0.0,0.0,0.0,0.0,0.0,0.0,0.6,0.0038053,3,93,0.0,,,,,,,,,,
324,0.32407502084970474,0.0,74.0,0.0,0.0,0.0,0.0,0.0,0.0,0.0,0.6,0.0038053,3,94,0.0,,,,,,,,,,
325,0.536082923412323,0.0,74.0,0.0,0.0,0.0,0.0,0.0,0.0,0.0,0.6,0.0038053,3,95,0.0,,,,,,,,,,
326,0.3837054595351219,2.0,74.0,0.02702702702702703,1.0,1.0,0.5,0.5,0.16783488515242545,0.0,0.6,0.0038053,3,96,0.0,,,,,,,,,,
327,0.29045066982507706,5.0,74.0,0.06756756756756757,1.0,4.0,0.2,0.8,0.17192293197613145,0.0,0.6,0.0038053,3,97,0.0,,,,,,,,,,
328,0.2383347563445568,0.0,74.0,0.0,0.0,0.0,0.0,0.0,0.0,0.0,0.6,0.0038053,3,98,0.0,,,,,,,,,,
329,0.2997194528579712,1.0,74.0,0.013513513513513514,0.0,1.0,0.0,1.0,0.1807237887127088,0.0,0.6,0.0038053,3,99,0.0,,,,,,,,,,
330,0.24743614718317986,0.0,74.0,0.0,0.0,0.0,0.0,0.0,0.0,0.0,0.6,0.0038053,3,100,0.0,,,,,,,,,,
331,0.6177864521741867,0.0,74.0,0.0,0.0,0.0,0.0,0.0,0.0,0.0,0.6,0.0038053,3,101,0.0,,,,,,,,,,
332,0.29116901755332947,0.0,74.0,0.0,0.0,0.0,0.0,0.0,0.0,0.0,0.6,0.0038053,3,102,0.0,,,,,,,,,,
333,0.21276605129241943,2.0,74.0,0.02702702702702703,1.0,1.0,0.5,0.5,0.16937020595478675,0.0,0.6,0.0038053,3,103,0.0,,,,,,,,,,
334,0.3048601895570755,0.0,74.0,0.0,0.0,0.0,0.0,0.0,0.0,0.0,0.6,0.0038053,3,104,0.0,,,,,,,,,,
335,0.25731413066387177,0.0,74.0,0.0,0.0,0.0,0.0,0.0,0.0,0.0,0.6,0.0038053,3,105,0.0,,,,,,,,,,
336,0.3863721899688244,2.0,74.0,0.02702702702702703,1.0,1.0,0.5,0.5,0.17052861004500552,0.0,0.6,0.0038053,3,106,0.0,,,,,,,,,,
337,0.43884502351284027,0.0,74.0,0.0,0.0,0.0,0.0,0.0,0.0,0.0,0.6,0.0038053,3,107,0.0,,,,,,,,,,
338,0.3139534555375576,0.0,74.0,0.0,0.0,0.0,0.0,0.0,0.0,0.0,0.6,0.0038053,3,108,0.0,,,,,,,,,,
339,0.3587001785635948,4.0,74.0,0.05405405405405406,1.0,3.0,0.25,0.75,0.1701010019636378,0.0,0.6,0.0038053,3,109,0.0,,,,,,,,,,
340,0.3673925343900919,0.0,74.0,0.0,0.0,0.0,0.0,0.0,0.0,0.0,0.6,0.0038053,3,110,0.0,,,,,,,,,,
341,0.4130844399333,2.0,74.0,0.02702702702702703,1.0,1.0,0.5,0.5,0.1714357192823961,0.0,0.6,0.0038053,3,111,0.0,,,,,,,,,,
342,0.33912475407123566,2.0,74.0,0.02702702702702703,1.0,1.0,0.5,0.5,0.17722417025409204,0.0,0.6,0.0038053,3,112,0.0,,,,,,,,,,
343,0.4648280218243599,3.0,74.0,0.04054054054054054,1.0,2.0,0.3333333333333333,0.6666666666666666,0.17563943272527113,0.0,0.6,0.0038053,3,113,0.0,,,,,,,,,,
344,0.34381726384162903,2.0,74.0,0.02702702702702703,0.0,2.0,0.0,1.0,0.1768186403912918,0.0,0.6,0.0038053,3,114,0.0,,,,,,,,,,
345,0.5398114681243897,3.0,74.0,0.04054054054054054,0.0,3.0,0.0,1.0,0.17632384181103175,0.0,0.6,0.0038053,3,115,0.0,,,,,,,,,,
345,,,,,,,,,,,,,3,,1.0,0.8235294117647058,0.3686637603319608,0.821078431372549,0.3674821418065291,0.8571428571428571,0.3189897538527198,0.03361344537815125,0.8568702290076335,0.3198445410184238,0.035791797635084555
346,0.35369424894452095,2.0,74.0,0.02702702702702703,1.0,1.0,0.5,0.5,0.1730826483093051,0.0,0.6,0.0038053,4,1,0.0,,,,,,,,,,
347,0.21285758167505264,6.0,74.0,0.08108108108108109,1.0,5.0,0.16666666666666666,0.8333333333333334,0.18118965065893924,0.0,0.6,0.0038053,4,2,0.0,,,,,,,,,,
348,0.14082076773047447,8.0,74.0,0.10810810810810811,3.0,5.0,0.375,0.625,0.17277182618587503,0.0,0.6,0.0038053,4,3,0.0,,,,,,,,,,
349,0.5038339234888554,4.0,74.0,0.05405405405405406,2.0,2.0,0.5,0.5,0.17291472577503786,0.0,0.6,0.0038053,4,4,0.0,,,,,,,,,,
350,0.20332148671150208,5.0,74.0,0.06756756756756757,2.0,3.0,0.4,0.6,0.1711625350194391,0.0,0.6,0.0038053,4,5,0.0,,,,,,,,,,
351,0.30468848533928394,4.0,74.0,0.05405405405405406,1.0,3.0,0.25,0.75,0.18191741268603073,0.0,0.6,0.0038053,4,6,0.0,,,,,,,,,,
352,0.2624283377081156,5.0,74.0,0.06756756756756757,2.0,3.0,0.4,0.6,0.17537909973226146,0.0,0.6,0.0038053,4,7,0.0,,,,,,,,,,
353,0.32590293139219284,7.0,74.0,0.0945945945945946,1.0,6.0,0.14285714285714285,0.8571428571428571,0.17695941317804875,0.0,0.6,0.0038053,4,8,0.0,,,,,,,,,,
354,0.3286018017679453,2.0,74.0,0.02702702702702703,1.0,1.0,0.5,0.5,0.172528317083282,0.0,0.6,0.0038053,4,9,0.0,,,,,,,,,,
355,0.3351536747068167,2.0,74.0,0.02702702702702703,0.0,2.0,0.0,1.0,0.17632405400228313,0.0,0.6,0.0038053,4,10,0.0,,,,,,,,,,
356,0.35608731769025326,5.0,74.0,0.06756756756756757,1.0,4.0,0.2,0.8,0.17582636122104395,0.0,0.6,0.0038053,4,11,0.0,,,,,,,,,,
357,0.1777116023004055,4.0,74.0,0.05405405405405406,2.0,2.0,0.5,0.5,0.17414813846928207,0.0,0.6,0.0038053,4,12,0.0,,,,,,,,,,
358,0.6061322204768658,2.0,74.0,0.02702702702702703,0.0,2.0,0.0,1.0,0.17830013778379056,0.0,0.6,0.0038053,4,13,0.0,,,,,,,,,,
359,0.2938879020512104,4.0,74.0,0.05405405405405406,2.0,2.0,0.5,0.5,0.1772302751729492,0.0,0.6,0.0038053,4,14,0.0,,,,,,,,,,
360,0.34701646119356155,4.0,74.0,0.05405405405405406,1.0,3.0,0.25,0.75,0.1773724658798985,0.0,0.6,0.0038053,4,15,0.0,,,,,,,,,,
361,0.37111532036215067,3.0,74.0,0.04054054054054054,0.0,3.0,0.0,1.0,0.17972422414771808,0.0,0.6,0.0038053,4,16,0.0,,,,,,,,,,
362,0.2217766586691141,5.0,74.0,0.06756756756756757,1.0,4.0,0.2,0.8,0.17625247487160695,0.0,0.6,0.0038053,4,17,0.0,,,,,,,,,,
363,0.2865283936262131,2.0,74.0,0.02702702702702703,1.0,1.0,0.5,0.5,0.17134812085982032,0.0,0.6,0.0038053,4,18,0.0,,,,,,,,,,
364,0.2924162857234478,5.0,74.0,0.06756756756756757,1.0,4.0,0.2,0.8,0.1789922634703728,0.0,0.6,0.0038053,4,19,0.0,,,,,,,,,,
365,0.25554642640054226,4.0,74.0,0.05405405405405406,0.0,4.0,0.0,1.0,0.17748793560744133,0.0,0.6,0.0038053,4,20,0.0,,,,,,,,,,
366,0.1591430827975273,5.0,74.0,0.06756756756756757,2.0,3.0,0.4,0.6,0.17348148564134216,0.0,0.6,0.0038053,4,21,0.0,,,,,,,,,,
367,0.2981025241315365,4.0,74.0,0.05405405405405406,1.0,3.0,0.25,0.75,0.1720750637980747,0.0,0.6,0.0038053,4,22,0.0,,,,,,,,,,
368,0.42768657952547073,2.0,74.0,0.02702702702702703,1.0,1.0,0.5,0.5,0.17091939346629523,0.0,0.6,0.0038053,4,23,0.0,,,,,,,,,,
369,0.3870019167661667,3.0,74.0,0.04054054054054054,2.0,1.0,0.6666666666666666,0.3333333333333333,0.16395941385035553,0.0,0.6,0.0038053,4,24,0.0,,,,,,,,,,
370,0.1978091150522232,4.0,74.0,0.05405405405405406,0.0,4.0,0.0,1.0,0.18006689848297536,0.0,0.6,0.0038053,4,25,0.0,,,,,,,,,,
371,0.24998074024915695,3.0,74.0,0.04054054054054054,0.0,3.0,0.0,1.0,0.18382750334430242,0.0,0.6,0.0038053,4,26,0.0,,,,,,,,,,
372,0.456618495285511,2.0,74.0,0.02702702702702703,1.0,1.0,0.5,0.5,0.16203755117182952,0.0,0.6,0.0038053,4,27,0.0,,,,,,,,,,
373,0.5020376145839691,3.0,74.0,0.04054054054054054,1.0,2.0,0.3333333333333333,0.6666666666666666,0.17198764804225355,0.0,0.6,0.0038053,4,28,0.0,,,,,,,,,,
374,0.3412454016506672,4.0,74.0,0.05405405405405406,2.0,2.0,0.5,0.5,0.1670224788401308,0.0,0.6,0.0038053,4,29,0.0,,,,,,,,,,
375,0.325397752225399,5.0,74.0,0.06756756756756757,1.0,4.0,0.2,0.8,0.1825258691501334,0.0,0.6,0.0038053,4,30,0.0,,,,,,,,,,
376,0.22945338860154152,4.0,74.0,0.05405405405405406,2.0,2.0,0.5,0.5,0.1709350003858294,0.0,0.6,0.0038053,4,31,0.0,,,,,,,,,,
377,0.31475571542978287,4.0,74.0,0.05405405405405406,2.0,2.0,0.5,0.5,0.16941658056644293,0.0,0.6,0.0038053,4,32,0.0,,,,,,,,,,
378,0.3480180874466896,4.0,74.0,0.05405405405405406,2.0,2.0,0.5,0.5,0.16953675451591171,0.0,0.6,0.0038053,4,33,0.0,,,,,,,,,,
379,0.2701254319399595,5.0,74.0,0.06756756756756757,1.0,4.0,0.2,0.8,0.17605108082452708,0.0,0.6,0.0038053,4,34,0.0,,,,,,,,,,
380,0.27803043462336063,4.0,74.0,0.05405405405405406,2.0,2.0,0.5,0.5,0.1762152098968212,0.0,0.6,0.0038053,4,35,0.0,,,,,,,,,,
381,0.46569107845425606,4.0,74.0,0.05405405405405406,1.0,3.0,0.25,0.75,0.1762481521308234,0.0,0.6,0.0038053,4,36,0.0,,,,,,,,,,
382,0.20885949954390526,4.0,74.0,0.05405405405405406,1.0,3.0,0.25,0.75,0.17517919655842806,0.0,0.6,0.0038053,4,37,0.0,,,,,,,,,,
383,0.3887273743748665,4.0,74.0,0.05405405405405406,1.0,3.0,0.25,0.75,0.17275730212596868,0.0,0.6,0.0038053,4,38,0.0,,,,,,,,,,
384,0.28995166532695293,4.0,74.0,0.05405405405405406,1.0,3.0,0.25,0.75,0.17545569640334266,0.0,0.6,0.0038053,4,39,0.0,,,,,,,,,,
385,0.3926602154970169,2.0,74.0,0.02702702702702703,0.0,2.0,0.0,1.0,0.1756689752927092,0.0,0.6,0.0038053,4,40,0.0,,,,,,,,,,
386,0.24711588444188237,3.0,74.0,0.04054054054054054,1.0,2.0,0.3333333333333333,0.6666666666666666,0.16313993965577214,0.0,0.6,0.0038053,4,41,0.0,,,,,,,,,,
387,0.5856451019644737,2.0,74.0,0.02702702702702703,0.0,2.0,0.0,1.0,0.1832064441128966,0.0,0.6,0.0038053,4,42,0.0,,,,,,,,,,
388,0.21191987581551075,4.0,74.0,0.05405405405405406,0.0,4.0,0.0,1.0,0.17672979845203096,0.0,0.6,0.0038053,4,43,0.0,,,,,,,,,,
389,0.1478458158671856,6.0,74.0,0.08108108108108109,2.0,4.0,0.3333333333333333,0.6666666666666666,0.17268536469749107,0.0,0.6,0.0038053,4,44,0.0,,,,,,,,,,
390,0.3268010634928942,6.0,74.0,0.08108108108108109,1.0,5.0,0.16666666666666666,0.8333333333333334,0.17295276158491826,0.0,0.6,0.0038053,4,45,0.0,,,,,,,,,,
391,0.2731625847518444,4.0,74.0,0.05405405405405406,2.0,2.0,0.5,0.5,0.17078085365086446,0.0,0.6,0.0038053,4,46,0.0,,,,,,,,,,
392,0.14035152457654476,6.0,74.0,0.08108108108108109,1.0,5.0,0.16666666666666666,0.8333333333333334,0.17570401108262587,0.0,0.6,0.0038053,4,47,0.0,,,,,,,,,,
393,0.5972579568624496,4.0,74.0,0.05405405405405406,1.0,3.0,0.25,0.75,0.17232823486061943,0.0,0.6,0.0038053,4,48,0.0,,,,,,,,,,
394,0.3863430693745613,4.0,74.0,0.05405405405405406,1.0,3.0,0.25,0.75,0.17227643417170363,0.0,0.6,0.0038053,4,49,0.0,,,,,,,,,,
395,0.4490240849554539,5.0,74.0,0.06756756756756757,1.0,4.0,0.2,0.8,0.17610050457857623,0.0,0.6,0.0038053,4,50,0.0,,,,,,,,,,
396,0.27590318117290735,4.0,74.0,0.05405405405405406,1.0,3.0,0.25,0.75,0.17874718895016656,0.0,0.6,0.0038053,4,51,0.0,,,,,,,,,,
397,0.3382165990769863,5.0,74.0,0.06756756756756757,1.0,4.0,0.2,0.8,0.17217454487848444,0.0,0.6,0.0038053,4,52,0.0,,,,,,,,,,
398,0.310951036401093,4.0,74.0,0.05405405405405406,2.0,2.0,0.5,0.5,0.1749001609837673,0.0,0.6,0.0038053,4,53,0.0,,,,,,,,,,
399,0.3337756022810936,5.0,74.0,0.06756756756756757,0.0,5.0,0.0,1.0,0.1785142400056924,0.0,0.6,0.0038053,4,54,0.0,,,,,,,,,,
400,0.12464725319296122,6.0,74.0,0.08108108108108109,0.0,6.0,0.0,1.0,0.18377919948262564,0.0,0.6,0.0038053,4,55,0.0,,,,,,,,,,
401,0.22464194893836975,6.0,74.0,0.08108108108108109,2.0,4.0,0.3333333333333333,0.6666666666666666,0.17125796220075407,0.0,0.6,0.0038053,4,56,0.0,,,,,,,,,,
402,0.2747201472520828,6.0,74.0,0.08108108108108109,0.0,6.0,0.0,1.0,0.17906875057910007,0.0,0.6,0.0038053,4,57,0.0,,,,,,,,,,
403,0.20924287475645542,8.0,74.0,0.10810810810810811,2.0,6.0,0.25,0.75,0.17504843684803686,0.0,0.6,0.0038053,4,58,0.0,,,,,,,,,,
404,0.2343801986426115,4.0,74.0,0.05405405405405406,1.0,3.0,0.25,0.75,0.1712733194435922,0.0,0.6,0.0038053,4,59,0.0,,,,,,,,,,
405,0.2988213561475277,5.0,74.0,0.06756756756756757,1.0,4.0,0.2,0.8,0.17875325517400836,0.0,0.6,0.0038053,4,60,0.0,,,,,,,,,,
406,0.16029639542102814,6.0,74.0,0.08108108108108109,0.0,6.0,0.0,1.0,0.18116774926460297,0.0,0.6,0.0038053,4,61,0.0,,,,,,,,,,
407,0.3869833014905453,5.0,74.0,0.06756756756756757,0.0,5.0,0.0,1.0,0.17632312836149056,0.0,0.6,0.0038053,4,62,0.0,,,,,,,,,,
408,0.34014762099832296,3.0,74.0,0.04054054054054054,2.0,1.0,0.6666666666666666,0.3333333333333333,0.16212149118440253,0.0,0.6,0.0038053,4,63,0.0,,,,,,,,,,
409,0.20598597824573517,6.0,74.0,0.08108108108108109,2.0,4.0,0.3333333333333333,0.6666666666666666,0.18104317910236897,0.0,0.6,0.0038053,4,64,0.0,,,,,,,,,,
410,0.2997675724327564,5.0,74.0,0.06756756756756757,1.0,4.0,0.2,0.8,0.17936308109298862,0.0,0.6,0.0038053,4,65,0.0,,,,,,,,,,
411,0.35395248979330063,5.0,74.0,0.06756756756756757,1.0,4.0,0.2,0.8,0.17753606007180242,0.0,0.6,0.0038053,4,66,0.0,,,,,,,,,,
412,0.26069055311381817,4.0,74.0,0.05405405405405406,2.0,2.0,0.5,0.5,0.16919121936785267,0.0,0.6,0.0038053,4,67,0.0,,,,,,,,,,
413,0.49734871089458466,4.0,74.0,0.05405405405405406,0.0,4.0,0.0,1.0,0.18486254621794296,0.0,0.6,0.0038053,4,68,0.0,,,,,,,,,,
414,0.6594203114509583,3.0,74.0,0.04054054054054054,1.0,2.0,0.3333333333333333,0.6666666666666666,0.17869057832150761,0.0,0.6,0.0038053,4,69,0.0,,,,,,,,,,
415,0.22552422434091568,5.0,74.0,0.06756756756756757,1.0,4.0,0.2,0.8,0.18508955079371844,0.0,0.6,0.0038053,4,70,0.0,,,,,,,,,,
416,0.3498587664216757,4.0,74.0,0.05405405405405406,1.0,3.0,0.25,0.75,0.17569988246856263,0.0,0.6,0.0038053,4,71,0.0,,,,,,,,,,
417,0.4651070386171341,4.0,74.0,0.05405405405405406,2.0,2.0,0.5,0.5,0.16943395316308935,0.0,0.6,0.0038053,4,72,0.0,,,,,,,,,,
418,0.22242845594882965,5.0,74.0,0.06756756756756757,1.0,4.0,0.2,0.8,0.2004569883231621,0.0,0.6,0.0038053,4,73,0.0,,,,,,,,,,
419,0.296994561329484,5.0,74.0,0.06756756756756757,2.0,3.0,0.4,0.6,0.17789212752077607,0.0,0.6,0.0038053,4,74,0.0,,,,,,,,,,
420,0.2650754898786545,4.0,74.0,0.05405405405405406,2.0,2.0,0.5,0.5,0.16127144674832755,0.0,0.6,0.0038053,4,75,0.0,,,,,,,,,,
421,0.32037441805005074,5.0,74.0,0.06756756756756757,3.0,2.0,0.6,0.4,0.1611972054421129,0.0,0.6,0.0038053,4,76,0.0,,,,,,,,,,
422,0.2844156138598919,5.0,74.0,0.06756756756756757,0.0,5.0,0.0,1.0,0.17709262998434191,0.0,0.6,0.0038053,4,77,0.0,,,,,,,,,,
423,0.26156453415751457,6.0,74.0,0.08108108108108109,1.0,5.0,0.16666666666666666,0.8333333333333334,0.1717217190146779,0.0,0.6,0.0038053,4,78,0.0,,,,,,,,,,
424,0.37365832179784775,5.0,74.0,0.06756756756756757,2.0,3.0,0.4,0.6,0.16986723673854237,0.0,0.6,0.0038053,4,79,0.0,,,,,,,,,,
425,0.3260979428887367,4.0,74.0,0.05405405405405406,0.0,4.0,0.0,1.0,0.18032580251363645,0.0,0.6,0.0038053,4,80,0.0,,,,,,,,,,
426,0.1428329534828663,4.0,74.0,0.05405405405405406,1.0,3.0,0.25,0.75,0.17633351950802728,0.0,0.6,0.0038053,4,81,0.0,,,,,,,,,,
427,0.19539512693881989,5.0,74.0,0.06756756756756757,2.0,3.0,0.4,0.6,0.1751780968506752,0.0,0.6,0.0038053,4,82,0.0,,,,,,,,,,
428,0.4055943340063095,2.0,74.0,0.02702702702702703,1.0,1.0,0.5,0.5,0.17268663672987677,0.0,0.6,0.0038053,4,83,0.0,,,,,,,,,,
429,0.23691045865416527,4.0,74.0,0.05405405405405406,1.0,3.0,0.25,0.75,0.17197698487112148,0.0,0.6,0.0038053,4,84,0.0,,,,,,,,,,
430,0.674710288643837,4.0,74.0,0.05405405405405406,1.0,3.0,0.25,0.75,0.17067303155216124,0.0,0.6,0.0038053,4,85,0.0,,,,,,,,,,
431,0.2274735509417951,5.0,74.0,0.06756756756756757,1.0,4.0,0.2,0.8,0.1755999968970394,0.0,0.6,0.0038053,4,86,0.0,,,,,,,,,,
432,0.2572941929101944,5.0,74.0,0.06756756756756757,3.0,2.0,0.6,0.4,0.16227227274053496,0.0,0.6,0.0038053,4,87,0.0,,,,,,,,,,
433,0.23530622199177742,5.0,74.0,0.06756756756756757,3.0,2.0,0.6,0.4,0.17897671118330497,0.0,0.6,0.0038053,4,88,0.0,,,,,,,,,,
434,0.4777584206312895,1.0,74.0,0.013513513513513514,1.0,0.0,1.0,0.0,0.1691981828971124,0.0,0.6,0.0038053,4,89,0.0,,,,,,,,,,
435,0.17047291062772274,6.0,74.0,0.08108108108108109,1.0,5.0,0.16666666666666666,0.8333333333333334,0.17535896013150665,0.0,0.6,0.0038053,4,90,0.0,,,,,,,,,,
436,0.47156614903360605,3.0,74.0,0.04054054054054054,0.0,3.0,0.0,1.0,0.1758119060263231,0.0,0.6,0.0038053,4,91,0.0,,,,,,,,,,
437,0.5836815778166056,3.0,74.0,0.04054054054054054,1.0,2.0,0.3333333333333333,0.6666666666666666,0.17934875328360952,0.0,0.6,0.0038053,4,92,0.0,,,,,,,,,,
438,0.2717523742467165,3.0,74.0,0.04054054054054054,1.0,2.0,0.3333333333333333,0.6666666666666666,0.1849286316324188,0.0,0.6,0.0038053,4,93,0.0,,,,,,,,,,
439,0.6972117926925421,1.0,74.0,0.013513513513513514,0.0,1.0,0.0,1.0,0.1772510773254349,0.0,0.6,0.0038053,4,94,0.0,,,,,,,,,,
440,0.6408587545156479,2.0,74.0,0.02702702702702703,1.0,1.0,0.5,0.5,0.17354278033031106,0.0,0.6,0.0038053,4,95,0.0,,,,,,,,,,
441,0.382273867726326,3.0,74.0,0.04054054054054054,0.0,3.0,0.0,1.0,0.18582412036081553,0.0,0.6,0.0038053,4,96,0.0,,,,,,,,,,
442,0.14144608471542597,6.0,74.0,0.08108108108108109,0.0,6.0,0.0,1.0,0.18580005933908664,0.0,0.6,0.0038053,4,97,0.0,,,,,,,,,,
443,0.3734484054148197,3.0,74.0,0.04054054054054054,1.0,2.0,0.3333333333333333,0.6666666666666666,0.1769083090718657,0.0,0.6,0.0038053,4,98,0.0,,,,,,,,,,
444,0.2266080155968666,6.0,74.0,0.08108108108108109,0.0,6.0,0.0,1.0,0.17983059278371472,0.0,0.6,0.0038053,4,99,0.0,,,,,,,,,,
445,0.20679287239909172,5.0,74.0,0.06756756756756757,1.0,4.0,0.2,0.8,0.18138188172663347,0.0,0.6,0.0038053,4,100,0.0,,,,,,,,,,
446,0.31758786365389824,4.0,74.0,0.05405405405405406,2.0,2.0,0.5,0.5,0.1704364231960249,0.0,0.6,0.0038053,4,101,0.0,,,,,,,,,,
447,0.29444341734051704,5.0,74.0,0.06756756756756757,1.0,4.0,0.2,0.8,0.17868013041815684,0.0,0.6,0.0038053,4,102,0.0,,,,,,,,,,
448,0.24252518266439438,5.0,74.0,0.06756756756756757,2.0,3.0,0.4,0.6,0.1724776407995973,0.0,0.6,0.0038053,4,103,0.0,,,,,,,,,,
449,0.31858119554817677,4.0,74.0,0.05405405405405406,1.0,3.0,0.25,0.75,0.17389036714702885,0.0,0.6,0.0038053,4,104,0.0,,,,,,,,,,
450,0.13881694711744785,6.0,74.0,0.08108108108108109,2.0,4.0,0.3333333333333333,0.6666666666666666,0.1826436319592913,0.0,0.6,0.0038053,4,105,0.0,,,,,,,,,,
451,0.3194659613072872,3.0,74.0,0.04054054054054054,2.0,1.0,0.6666666666666666,0.3333333333333333,0.1683229859844084,0.0,0.6,0.0038053,4,106,0.0,,,,,,,,,,
452,0.3021013103425503,4.0,74.0,0.05405405405405406,0.0,4.0,0.0,1.0,0.1932187341504371,0.0,0.6,0.0038053,4,107,0.0,,,,,,,,,,
453,0.3188907355070114,3.0,74.0,0.04054054054054054,0.0,3.0,0.0,1.0,0.17432831231119628,0.0,0.6,0.0038053,4,108,0.0,,,,,,,,,,
454,0.33451540395617485,3.0,74.0,0.04054054054054054,2.0,1.0,0.6666666666666666,0.3333333333333333,0.1796389146205369,0.0,0.6,0.0038053,4,109,0.0,,,,,,,,,,
455,0.2861572988331318,3.0,74.0,0.04054054054054054,2.0,1.0,0.6666666666666666,0.3333333333333333,0.17090991608584025,0.0,0.6,0.0038053,4,110,0.0,,,,,,,,,,
456,0.14447471871972084,2.0,74.0,0.02702702702702703,0.0,2.0,0.0,1.0,0.18216323224754438,0.0,0.6,0.0038053,4,111,0.0,,,,,,,,,,
457,0.3358544819056988,2.0,74.0,0.02702702702702703,0.0,2.0,0.0,1.0,0.18063059078499774,0.0,0.6,0.0038053,4,112,0.0,,,,,,,,,,
458,0.43178119882941246,3.0,74.0,0.04054054054054054,1.0,2.0,0.3333333333333333,0.6666666666666666,0.17067952582142554,0.0,0.6,0.0038053,4,113,0.0,,,,,,,,,,
459,0.47324758395552635,0.0,74.0,0.0,0.0,0.0,0.0,0.0,0.0,0.0,0.6,0.0038053,4,114,0.0,,,,,,,,,,
460,0.10720061361789704,4.0,74.0,0.05405405405405406,0.0,4.0,0.0,1.0,0.17608799690837598,0.0,0.6,0.0038053,4,115,0.0,,,,,,,,,,
460,,,,,,,,,,,,,4,,1.0,0.8529411764705882,0.34060138578598315,0.8504901960784313,0.33638203602570754,0.9214830970556162,0.20522751493946365,0.06854192058502795,0.920937840785169,0.20423479789625043,0.0704476447067377
461,0.18491352163255215,5.0,74.0,0.06756756756756757,1.0,4.0,0.2,0.8,0.1738299530348803,0.0,0.6,0.0038053,5,1,0.0,,,,,,,,,,
462,0.46163592860102654,2.0,74.0,0.02702702702702703,1.0,1.0,0.5,0.5,0.16773437799608396,0.0,0.6,0.0038053,5,2,0.0,,,,,,,,,,
463,0.3596552573144436,3.0,74.0,0.04054054054054054,2.0,1.0,0.6666666666666666,0.3333333333333333,0.16829296542043204,0.0,0.6,0.0038053,5,3,0.0,,,,,,,,,,
464,0.18082695826888084,5.0,74.0,0.06756756756756757,3.0,2.0,0.6,0.4,0.1698359747170542,0.0,0.6,0.0038053,5,4,0.0,,,,,,,,,,
465,0.13835285231471062,5.0,74.0,0.06756756756756757,0.0,5.0,0.0,1.0,0.18518639932912812,0.0,0.6,0.0038053,5,5,0.0,,,,,,,,,,
466,0.10493979509919882,6.0,74.0,0.08108108108108109,2.0,4.0,0.3333333333333333,0.6666666666666666,0.17968364379168508,0.0,0.6,0.0038053,5,6,0.0,,,,,,,,,,
467,0.19350599218159914,6.0,74.0,0.08108108108108109,0.0,6.0,0.0,1.0,0.18599516337922786,0.0,0.6,0.0038053,5,7,0.0,,,,,,,,,,
468,0.1776995211839676,5.0,74.0,0.06756756756756757,2.0,3.0,0.4,0.6,0.17088926901901283,0.0,0.6,0.0038053,5,8,0.0,,,,,,,,,,
469,0.29050498828291893,4.0,74.0,0.05405405405405406,1.0,3.0,0.25,0.75,0.17420833528379584,0.0,0.6,0.0038053,5,9,0.0,,,,,,,,,,
470,0.3248343747109175,0.0,74.0,0.0,0.0,0.0,0.0,0.0,0.0,0.0,0.6,0.0038053,5,10,0.0,,,,,,,,,,
471,0.3705245181918144,2.0,74.0,0.02702702702702703,0.0,2.0,0.0,1.0,0.18065662064560167,0.0,0.6,0.0038053,5,11,0.0,,,,,,,,,,
472,0.19053738750517368,5.0,74.0,0.06756756756756757,2.0,3.0,0.4,0.6,0.18093237161129413,0.0,0.6,0.0038053,5,12,0.0,,,,,,,,,,
473,0.2222668444737792,3.0,74.0,0.04054054054054054,1.0,2.0,0.3333333333333333,0.6666666666666666,0.1778046497256441,0.0,0.6,0.0038053,5,13,0.0,,,,,,,,,,
474,0.04190840432420373,7.0,74.0,0.0945945945945946,3.0,4.0,0.42857142857142855,0.5714285714285714,0.18080436923810708,0.0,0.6,0.0038053,5,14,0.0,,,,,,,,,,
475,0.16228116862475872,4.0,74.0,0.05405405405405406,0.0,4.0,0.0,1.0,0.17552528778930912,0.0,0.6,0.0038053,5,15,0.0,,,,,,,,,,
476,0.348566148430109,2.0,74.0,0.02702702702702703,0.0,2.0,0.0,1.0,0.1798305452301922,0.0,0.6,0.0038053,5,16,0.0,,,,,,,,,,
477,0.19159500673413277,4.0,74.0,0.05405405405405406,2.0,2.0,0.5,0.5,0.17103856636126322,0.0,0.6,0.0038053,5,17,0.0,,,,,,,,,,
478,0.057033616583794355,6.0,74.0,0.08108108108108109,1.0,5.0,0.16666666666666666,0.8333333333333334,0.18357650449588167,0.0,0.6,0.0038053,5,18,0.0,,,,,,,,,,
479,0.268147099763155,5.0,74.0,0.06756756756756757,1.0,4.0,0.2,0.8,0.18049262276615888,0.0,0.6,0.0038053,5,19,0.0,,,,,,,,,,
480,0.3361673727631569,2.0,74.0,0.02702702702702703,1.0,1.0,0.5,0.5,0.17262411921811102,0.0,0.6,0.0038053,5,20,0.0,,,,,,,,,,
481,0.1031736247241497,5.0,74.0,0.06756756756756757,0.0,5.0,0.0,1.0,0.1817947597439392,0.0,0.6,0.0038053,5,21,0.0,,,,,,,,,,
482,0.2514236643910408,2.0,74.0,0.02702702702702703,1.0,1.0,0.5,0.5,0.1700538147232453,0.0,0.6,0.0038053,5,22,0.0,,,,,,,,,,
483,0.08424218185245991,4.0,74.0,0.05405405405405406,0.0,4.0,0.0,1.0,0.19014655217434534,0.0,0.6,0.0038053,5,23,0.0,,,,,,,,,,
484,0.09853347297757864,4.0,74.0,0.05405405405405406,0.0,4.0,0.0,1.0,0.18063720531584992,0.0,0.6,0.0038053,5,24,0.0,,,,,,,,,,
485,0.4407974211499095,2.0,74.0,0.02702702702702703,0.0,2.0,0.0,1.0,0.1827607952310084,0.0,0.6,0.0038053,5,25,0.0,,,,,,,,,,
486,0.3239717809483409,4.0,74.0,0.05405405405405406,2.0,2.0,0.5,0.5,0.16782634093157617,0.0,0.6,0.0038053,5,26,0.0,,,,,,,,,,
487,0.1092923954129219,4.0,74.0,0.05405405405405406,2.0,2.0,0.5,0.5,0.17181979137591824,0.0,0.6,0.0038053,5,27,0.0,,,,,,,,,,
488,0.13241085642948747,4.0,74.0,0.05405405405405406,1.0,3.0,0.25,0.75,0.17478188619403753,0.0,0.6,0.0038053,5,28,0.0,,,,,,,,,,
489,0.14041151059791446,2.0,74.0,0.02702702702702703,1.0,1.0,0.5,0.5,0.1700373504468454,0.0,0.6,0.0038053,5,29,0.0,,,,,,,,,,
490,0.5406826566904783,4.0,74.0,0.05405405405405406,0.0,4.0,0.0,1.0,0.1825185501277004,0.0,0.6,0.0038053,5,30,0.0,,,,,,,,,,
491,0.2570373956114054,4.0,74.0,0.05405405405405406,2.0,2.0,0.5,0.5,0.1778518568795232,0.0,0.6,0.0038053,5,31,0.0,,,,,,,,,,
492,0.3633244466036558,4.0,74.0,0.05405405405405406,1.0,3.0,0.25,0.75,0.17350995310829195,0.0,0.6,0.0038053,5,32,0.0,,,,,,,,,,
493,0.23417658731341362,6.0,74.0,0.08108108108108109,1.0,5.0,0.16666666666666666,0.8333333333333334,0.17846628919846866,0.0,0.6,0.0038053,5,33,0.0,,,,,,,,,,
494,0.08659646846354008,2.0,74.0,0.02702702702702703,0.0,2.0,0.0,1.0,0.18260831939280206,0.0,0.6,0.0038053,5,34,0.0,,,,,,,,,,
495,0.35723697766661644,5.0,74.0,0.06756756756756757,1.0,4.0,0.2,0.8,0.17997856594713235,0.0,0.6,0.0038053,5,35,0.0,,,,,,,,,,
496,0.31704607233405113,4.0,74.0,0.05405405405405406,2.0,2.0,0.5,0.5,0.17077826261416706,0.0,0.6,0.0038053,5,36,0.0,,,,,,,,,,
497,0.12198464199900627,4.0,74.0,0.05405405405405406,0.0,4.0,0.0,1.0,0.18803770188265473,0.0,0.6,0.0038053,5,37,0.0,,,,,,,,,,
498,0.24950076639652252,5.0,74.0,0.06756756756756757,0.0,5.0,0.0,1.0,0.18434350225639182,0.0,0.6,0.0038053,5,38,0.0,,,,,,,,,,
499,0.3172641173005104,3.0,74.0,0.04054054054054054,1.0,2.0,0.3333333333333333,0.6666666666666666,0.17204301246621512,0.0,0.6,0.0038053,5,39,0.0,,,,,,,,,,
500,0.06671251635998487,5.0,74.0,0.06756756756756757,0.0,5.0,0.0,1.0,0.19869144369662503,0.0,0.6,0.0038053,5,40,0.0,,,,,,,,,,
501,0.2817360684275627,3.0,74.0,0.04054054054054054,1.0,2.0,0.3333333333333333,0.6666666666666666,0.18122314006120485,0.0,0.6,0.0038053,5,41,0.0,,,,,,,,,,
502,0.2656704601831734,3.0,74.0,0.04054054054054054,1.0,2.0,0.3333333333333333,0.6666666666666666,0.17518425884112077,0.0,0.6,0.0038053,5,42,0.0,,,,,,,,,,
503,0.2211943892762065,5.0,74.0,0.06756756756756757,1.0,4.0,0.2,0.8,0.1870797173038315,0.0,0.6,0.0038053,5,43,0.0,,,,,,,,,,
504,0.21535499393939972,3.0,74.0,0.04054054054054054,1.0,2.0,0.3333333333333333,0.6666666666666666,0.19326113133646597,0.0,0.6,0.0038053,5,44,0.0,,,,,,,,,,
505,0.2519596852362156,3.0,74.0,0.04054054054054054,2.0,1.0,0.6666666666666666,0.3333333333333333,0.16364442456086511,0.0,0.6,0.0038053,5,45,0.0,,,,,,,,,,
506,0.09664175659418106,4.0,74.0,0.05405405405405406,0.0,4.0,0.0,1.0,0.17928154775736949,0.0,0.6,0.0038053,5,46,0.0,,,,,,,,,,
507,0.06933792168274522,3.0,74.0,0.04054054054054054,0.0,3.0,0.0,1.0,0.18586202880492406,0.0,0.6,0.0038053,5,47,0.0,,,,,,,,,,
508,0.3854190818965435,4.0,74.0,0.05405405405405406,0.0,4.0,0.0,1.0,0.17687851411201966,0.0,0.6,0.0038053,5,48,0.0,,,,,,,,,,
509,0.2672961186617613,3.0,74.0,0.04054054054054054,0.0,3.0,0.0,1.0,0.17535787387744506,0.0,0.6,0.0038053,5,49,0.0,,,,,,,,,,
510,0.2867421545088291,2.0,74.0,0.02702702702702703,0.0,2.0,0.0,1.0,0.18230405880457742,0.0,0.6,0.0038053,5,50,0.0,,,,,,,,,,
511,0.17950728256255388,4.0,74.0,0.05405405405405406,0.0,4.0,0.0,1.0,0.18198657601535945,0.0,0.6,0.0038053,5,51,0.0,,,,,,,,,,
512,0.19696085527539253,4.0,74.0,0.05405405405405406,1.0,3.0,0.25,0.75,0.1800236756359835,0.0,0.6,0.0038053,5,52,0.0,,,,,,,,,,
513,0.18101447075605392,3.0,74.0,0.04054054054054054,2.0,1.0,0.6666666666666666,0.3333333333333333,0.15421899015170798,0.0,0.6,0.0038053,5,53,0.0,,,,,,,,,,
514,0.1555230263620615,7.0,74.0,0.0945945945945946,3.0,4.0,0.42857142857142855,0.5714285714285714,0.170735989843964,0.0,0.6,0.0038053,5,54,0.0,,,,,,,,,,
515,0.0929519897326827,4.0,74.0,0.05405405405405406,0.0,4.0,0.0,1.0,0.18279778995250867,0.0,0.6,0.0038053,5,55,0.0,,,,,,,,,,
516,0.1668088659644127,5.0,74.0,0.06756756756756757,0.0,5.0,0.0,1.0,0.1882221759698015,0.0,0.6,0.0038053,5,56,0.0,,,,,,,,,,
517,0.13735118508338928,4.0,74.0,0.05405405405405406,0.0,4.0,0.0,1.0,0.1970599557771538,0.0,0.6,0.0038053,5,57,0.0,,,,,,,,,,
518,0.10330415517091751,7.0,74.0,0.0945945945945946,2.0,5.0,0.2857142857142857,0.7142857142857143,0.17412689342090001,0.0,0.6,0.0038053,5,58,0.0,,,,,,,,,,
519,0.18657501135021448,4.0,74.0,0.05405405405405406,0.0,4.0,0.0,1.0,0.18942047296753756,0.0,0.6,0.0038053,5,59,0.0,,,,,,,,,,
520,0.37456992641091347,5.0,74.0,0.06756756756756757,2.0,3.0,0.4,0.6,0.16917934078122165,0.0,0.6,0.0038053,5,60,0.0,,,,,,,,,,
521,0.2416642103344202,4.0,74.0,0.05405405405405406,1.0,3.0,0.25,0.75,0.1699506070913795,0.0,0.6,0.0038053,5,61,0.0,,,,,,,,,,
522,0.3252197839319706,4.0,74.0,0.05405405405405406,0.0,4.0,0.0,1.0,0.17829471844459335,0.0,0.6,0.0038053,5,62,0.0,,,,,,,,,,
523,0.20588107779622078,4.0,74.0,0.05405405405405406,0.0,4.0,0.0,1.0,0.17860486837012993,0.0,0.6,0.0038053,5,63,0.0,,,,,,,,,,
524,0.1727758552879095,5.0,74.0,0.06756756756756757,0.0,5.0,0.0,1.0,0.192852754694079,0.0,0.6,0.0038053,5,64,0.0,,,,,,,,,,
525,0.1228110771626234,4.0,74.0,0.05405405405405406,0.0,4.0,0.0,1.0,0.175996304493752,0.0,0.6,0.0038053,5,65,0.0,,,,,,,,,,
526,0.289660070091486,4.0,74.0,0.05405405405405406,2.0,2.0,0.5,0.5,0.17001356368791223,0.0,0.6,0.0038053,5,66,0.0,,,,,,,,,,
527,0.21493885852396488,5.0,74.0,0.06756756756756757,1.0,4.0,0.2,0.8,0.17200320570511723,0.0,0.6,0.0038053,5,67,0.0,,,,,,,,,,
528,0.07389185205101967,2.0,74.0,0.02702702702702703,0.0,2.0,0.0,1.0,0.17196808136507089,0.0,0.6,0.0038053,5,68,0.0,,,,,,,,,,
529,0.2967024799436331,4.0,74.0,0.05405405405405406,2.0,2.0,0.5,0.5,0.17211227428739415,0.0,0.6,0.0038053,5,69,0.0,,,,,,,,,,
530,0.2780917910858989,5.0,74.0,0.06756756756756757,1.0,4.0,0.2,0.8,0.17374629739002037,0.0,0.6,0.0038053,5,70,0.0,,,,,,,,,,
531,0.11816927138715982,4.0,74.0,0.05405405405405406,0.0,4.0,0.0,1.0,0.20020124003998682,0.0,0.6,0.0038053,5,71,0.0,,,,,,,,,,
532,0.25015725661069155,0.0,74.0,0.0,0.0,0.0,0.0,0.0,0.0,0.0,0.6,0.0038053,5,72,0.0,,,,,,,,,,
533,0.12329640239477158,4.0,74.0,0.05405405405405406,0.0,4.0,0.0,1.0,0.18268659130747514,0.0,0.6,0.0038053,5,73,0.0,,,,,,,,,,
534,0.16379617247730494,5.0,74.0,0.06756756756756757,2.0,3.0,0.4,0.6,0.1744856232203919,0.0,0.6,0.0038053,5,74,0.0,,,,,,,,,,
535,0.17488546296954155,4.0,74.0,0.05405405405405406,1.0,3.0,0.25,0.75,0.17624275994138555,0.0,0.6,0.0038053,5,75,0.0,,,,,,,,,,
536,0.17253640806302428,8.0,74.0,0.10810810810810811,1.0,7.0,0.125,0.875,0.18210121313592376,0.0,0.6,0.0038053,5,76,0.0,,,,,,,,,,
537,0.23604239150881767,7.0,74.0,0.0945945945945946,3.0,4.0,0.42857142857142855,0.5714285714285714,0.1742796317084643,0.0,0.6,0.0038053,5,77,0.0,,,,,,,,,,
538,0.12875462882220745,3.0,74.0,0.04054054054054054,1.0,2.0,0.3333333333333333,0.6666666666666666,0.1713201800329434,0.0,0.6,0.0038053,5,78,0.0,,,,,,,,,,
539,0.20964287081733346,6.0,74.0,0.08108108108108109,1.0,5.0,0.16666666666666666,0.8333333333333334,0.17662553733545752,0.0,0.6,0.0038053,5,79,0.0,,,,,,,,,,
540,0.14428415149450302,4.0,74.0,0.05405405405405406,1.0,3.0,0.25,0.75,0.17715734287899565,0.0,0.6,0.0038053,5,80,0.0,,,,,,,,,,
541,0.06031701434403658,4.0,74.0,0.05405405405405406,1.0,3.0,0.25,0.75,0.17399377933377255,0.0,0.6,0.0038053,5,81,0.0,,,,,,,,,,
542,0.06204813066869974,7.0,74.0,0.0945945945945946,2.0,5.0,0.2857142857142857,0.7142857142857143,0.17720923924792448,0.0,0.6,0.0038053,5,82,0.0,,,,,,,,,,
543,0.1559679377824068,5.0,74.0,0.06756756756756757,2.0,3.0,0.4,0.6,0.1651167388629476,0.0,0.6,0.0038053,5,83,0.0,,,,,,,,,,
544,0.4148681089282036,2.0,74.0,0.02702702702702703,0.0,2.0,0.0,1.0,0.1746845831158595,0.0,0.6,0.0038053,5,84,0.0,,,,,,,,,,
545,0.17512142471969128,3.0,74.0,0.04054054054054054,0.0,3.0,0.0,1.0,0.1913196204506631,0.0,0.6,0.0038053,5,85,0.0,,,,,,,,,,
546,0.3238000487908721,3.0,74.0,0.04054054054054054,1.0,2.0,0.3333333333333333,0.6666666666666666,0.17423488893403316,0.0,0.6,0.0038053,5,86,0.0,,,,,,,,,,
547,0.2079340424388647,1.0,74.0,0.013513513513513514,0.0,1.0,0.0,1.0,0.17489829632667317,0.0,0.6,0.0038053,5,87,0.0,,,,,,,,,,
548,0.04580857325345278,8.0,74.0,0.10810810810810811,3.0,5.0,0.375,0.625,0.1717357253259605,0.0,0.6,0.0038053,5,88,0.0,,,,,,,,,,
549,0.3997895624488592,1.0,74.0,0.013513513513513514,0.0,1.0,0.0,1.0,0.17386999098951192,0.0,0.6,0.0038053,5,89,0.0,,,,,,,,,,
550,0.22644450142979622,2.0,74.0,0.02702702702702703,1.0,1.0,0.5,0.5,0.15824532131570607,0.0,0.6,0.0038053,5,90,0.0,,,,,,,,,,
551,0.3827189626172185,2.0,74.0,0.02702702702702703,1.0,1.0,0.5,0.5,0.18241357739595454,0.0,0.6,0.0038053,5,91,0.0,,,,,,,,,,
552,0.11613056808710098,4.0,74.0,0.05405405405405406,0.0,4.0,0.0,1.0,0.17617247192096439,0.0,0.6,0.0038053,5,92,0.0,,,,,,,,,,
553,0.26805507577955723,4.0,74.0,0.05405405405405406,1.0,3.0,0.25,0.75,0.16379552404228634,0.0,0.6,0.0038053,5,93,0.0,,,,,,,,,,
554,0.21561308158561587,7.0,74.0,0.0945945945945946,2.0,5.0,0.2857142857142857,0.7142857142857143,0.17349115177645827,0.0,0.6,0.0038053,5,94,0.0,,,,,,,,,,
555,0.4268559701740742,4.0,74.0,0.05405405405405406,0.0,4.0,0.0,1.0,0.1799042405327624,0.0,0.6,0.0038053,5,95,0.0,,,,,,,,,,
556,0.23152328468859196,3.0,74.0,0.04054054054054054,0.0,3.0,0.0,1.0,0.17715184978328438,0.0,0.6,0.0038053,5,96,0.0,,,,,,,,,,
557,0.10582192242145538,6.0,74.0,0.08108108108108109,2.0,4.0,0.3333333333333333,0.6666666666666666,0.1707536748446895,0.0,0.6,0.0038053,5,97,0.0,,,,,,,,,,
558,0.11435217037796974,4.0,74.0,0.05405405405405406,1.0,3.0,0.25,0.75,0.1798422715084011,0.0,0.6,0.0038053,5,98,0.0,,,,,,,,,,
559,0.1554439663887024,4.0,74.0,0.05405405405405406,2.0,2.0,0.5,0.5,0.1651982395722213,0.0,0.6,0.0038053,5,99,0.0,,,,,,,,,,
560,0.3640154339373112,4.0,74.0,0.05405405405405406,1.0,3.0,0.25,0.75,0.17198717789782494,0.0,0.6,0.0038053,5,100,0.0,,,,,,,,,,
561,0.22248756512999535,2.0,74.0,0.02702702702702703,0.0,2.0,0.0,1.0,0.1782575603865609,0.0,0.6,0.0038053,5,101,0.0,,,,,,,,,,
562,0.12632302939891815,4.0,74.0,0.05405405405405406,0.0,4.0,0.0,1.0,0.18131082388419106,0.0,0.6,0.0038053,5,102,0.0,,,,,,,,,,
563,0.1830616919323802,2.0,74.0,0.02702702702702703,1.0,1.0,0.5,0.5,0.17301843733607997,0.0,0.6,0.0038053,5,103,0.0,,,,,,,,,,
564,0.13876431062817574,2.0,74.0,0.02702702702702703,1.0,1.0,0.5,0.5,0.17318486602285615,0.0,0.6,0.0038053,5,104,0.0,,,,,,,,,,
565,0.2864838819950819,4.0,74.0,0.05405405405405406,1.0,3.0,0.25,0.75,0.17600026805205612,0.0,0.6,0.0038053,5,105,0.0,,,,,,,,,,
566,0.23916322086006403,3.0,74.0,0.04054054054054054,0.0,3.0,0.0,1.0,0.17743226427603956,0.0,0.6,0.0038053,5,106,0.0,,,,,,,,,,
567,0.0638705650344491,6.0,74.0,0.08108108108108109,2.0,4.0,0.3333333333333333,0.6666666666666666,0.17382882321115845,0.0,0.6,0.0038053,5,107,0.0,,,,,,,,,,
568,0.1123839495703578,3.0,74.0,0.04054054054054054,1.0,2.0,0.3333333333333333,0.6666666666666666,0.17210499622155173,0.0,0.6,0.0038053,5,108,0.0,,,,,,,,,,
569,0.35219548270106316,4.0,74.0,0.05405405405405406,1.0,3.0,0.25,0.75,0.1747888773399554,0.0,0.6,0.0038053,5,109,0.0,,,,,,,,,,
570,0.2972395773977041,1.0,74.0,0.013513513513513514,0.0,1.0,0.0,1.0,0.1716951506582736,0.0,0.6,0.0038053,5,110,0.0,,,,,,,,,,
571,0.27063440764322877,4.0,74.0,0.05405405405405406,0.0,4.0,0.0,1.0,0.18281024134545493,0.0,0.6,0.0038053,5,111,0.0,,,,,,,,,,
572,0.15944182593375444,2.0,74.0,0.02702702702702703,0.0,2.0,0.0,1.0,0.18774659136995125,0.0,0.6,0.0038053,5,112,0.0,,,,,,,,,,
573,0.3050657124258578,5.0,74.0,0.06756756756756757,2.0,3.0,0.4,0.6,0.17893032340966084,0.0,0.6,0.0038053,5,113,0.0,,,,,,,,,,
574,0.1866904953494668,5.0,74.0,0.06756756756756757,2.0,3.0,0.4,0.6,0.1791661701996964,0.0,0.6,0.0038053,5,114,0.0,,,,,,,,,,
575,0.33643665313720705,2.0,74.0,0.02702702702702703,0.0,2.0,0.0,1.0,0.18190972756218332,0.0,0.6,0.0038053,5,115,0.0,,,,,,,,,,
575,,,,,,,,,,,,,5,,1.0,0.8774509803921569,0.3177249970344397,0.8774509803921569,0.31409876965559447,0.9623773173391494,0.12421550436512284,0.08492633694699259,0.9623773173391494,0.1260077089395212,0.08492633694699259
576,0.24108569510281086,2.0,74.0,0.02702702702702703,0.0,2.0,0.0,1.0,0.17434201007275302,0.0,0.6,0.0038053,6,1,0.0,,,,,,,,,,
577,0.1112818531692028,5.0,74.0,0.06756756756756757,1.0,4.0,0.2,0.8,0.18040493032457508,0.0,0.6,0.0038053,6,2,0.0,,,,,,,,,,
578,0.1481923428364098,3.0,74.0,0.04054054054054054,1.0,2.0,0.3333333333333333,0.6666666666666666,0.17995395191561428,0.0,0.6,0.0038053,6,3,0.0,,,,,,,,,,
579,0.08719052001833916,5.0,74.0,0.06756756756756757,2.0,3.0,0.4,0.6,0.16807224918201757,0.0,0.6,0.0038053,6,4,0.0,,,,,,,,,,
580,0.11091904155910015,4.0,74.0,0.05405405405405406,1.0,3.0,0.25,0.75,0.1784733398769751,0.0,0.6,0.0038053,6,5,0.0,,,,,,,,,,
581,0.0669545317068696,4.0,74.0,0.05405405405405406,1.0,3.0,0.25,0.75,0.18076968839378488,0.0,0.6,0.0038053,6,6,0.0,,,,,,,,,,
582,0.16216852888464928,2.0,74.0,0.02702702702702703,1.0,1.0,0.5,0.5,0.1752080180735734,0.0,0.6,0.0038053,6,7,0.0,,,,,,,,,,
583,0.11859859945252538,3.0,74.0,0.04054054054054054,1.0,2.0,0.3333333333333333,0.6666666666666666,0.1704855962598518,0.0,0.6,0.0038053,6,8,0.0,,,,,,,,,,
584,0.1846651453524828,4.0,74.0,0.05405405405405406,1.0,3.0,0.25,0.75,0.18182703191571525,0.0,0.6,0.0038053,6,9,0.0,,,,,,,,,,
585,0.045364134944975376,3.0,74.0,0.04054054054054054,0.0,3.0,0.0,1.0,0.20973524328580762,0.0,0.6,0.0038053,6,10,0.0,,,,,,,,,,
586,0.057008480885997415,4.0,74.0,0.05405405405405406,0.0,4.0,0.0,1.0,0.19146725200452594,0.0,0.6,0.0038053,6,11,0.0,,,,,,,,,,
587,0.06912422552704811,3.0,74.0,0.04054054054054054,1.0,2.0,0.3333333333333333,0.6666666666666666,0.20074234875737607,0.0,0.6,0.0038053,6,12,0.0,,,,,,,,,,
588,0.026034338865429163,7.0,74.0,0.0945945945945946,1.0,6.0,0.14285714285714285,0.8571428571428571,0.19398585329506773,0.0,0.6,0.0038053,6,13,0.0,,,,,,,,,,
589,0.17775154951959848,5.0,74.0,0.06756756756756757,1.0,4.0,0.2,0.8,0.1834137882185177,0.0,0.6,0.0038053,6,14,0.0,,,,,,,,,,
590,0.2063868883997202,5.0,74.0,0.06756756756756757,2.0,3.0,0.4,0.6,0.17291341641134458,0.0,0.6,0.0038053,6,15,0.0,,,,,,,,,,
591,0.27037360053509474,3.0,74.0,0.04054054054054054,0.0,3.0,0.0,1.0,0.18522547486919347,0.0,0.6,0.0038053,6,16,0.0,,,,,,,,,,
592,0.16752747306600213,8.0,74.0,0.10810810810810811,0.0,8.0,0.0,1.0,0.18312941504656197,0.0,0.6,0.0038053,6,17,0.0,,,,,,,,,,
593,0.228287304751575,2.0,74.0,0.02702702702702703,0.0,2.0,0.0,1.0,0.17578335483840077,0.0,0.6,0.0038053,6,18,0.0,,,,,,,,,,
594,0.20335824717767537,4.0,74.0,0.05405405405405406,0.0,4.0,0.0,1.0,0.1887048488170196,0.0,0.6,0.0038053,6,19,0.0,,,,,,,,,,
595,0.2048436771146953,4.0,74.0,0.05405405405405406,0.0,4.0,0.0,1.0,0.19190333850306862,0.0,0.6,0.0038053,6,20,0.0,,,,,,,,,,
596,0.0251881864387542,6.0,74.0,0.08108108108108109,2.0,4.0,0.3333333333333333,0.6666666666666666,0.1789188102326257,0.0,0.6,0.0038053,6,21,0.0,,,,,,,,,,
597,0.047003183513879776,4.0,74.0,0.05405405405405406,0.0,4.0,0.0,1.0,0.17687604593616288,0.0,0.6,0.0038053,6,22,0.0,,,,,,,,,,
598,0.1336326263844967,2.0,74.0,0.02702702702702703,1.0,1.0,0.5,0.5,0.1688214591530247,0.0,0.6,0.0038053,6,23,0.0,,,,,,,,,,
599,0.1298945862799883,4.0,74.0,0.05405405405405406,2.0,2.0,0.5,0.5,0.16461075242319068,0.0,0.6,0.0038053,6,24,0.0,,,,,,,,,,
600,0.3469872996211052,4.0,74.0,0.05405405405405406,1.0,3.0,0.25,0.75,0.17552832813569524,0.0,0.6,0.0038053,6,25,0.0,,,,,,,,,,
601,0.11236092960461974,4.0,74.0,0.05405405405405406,1.0,3.0,0.25,0.75,0.17593890991506625,0.0,0.6,0.0038053,6,26,0.0,,,,,,,,,,
602,0.05603931564837694,4.0,74.0,0.05405405405405406,1.0,3.0,0.25,0.75,0.1780849837366344,0.0,0.6,0.0038053,6,27,0.0,,,,,,,,,,
603,0.020453181583434343,11.0,74.0,0.14864864864864866,2.0,9.0,0.18181818181818182,0.8181818181818182,0.18177787189205755,0.0,0.6,0.0038053,6,28,0.0,,,,,,,,,,
604,0.027187889674678445,9.0,74.0,0.12162162162162163,2.0,7.0,0.2222222222222222,0.7777777777777778,0.18755861528282666,0.0,0.6,0.0038053,6,29,0.0,,,,,,,,,,
605,0.022829217836260796,10.0,74.0,0.13513513513513514,3.0,7.0,0.3,0.7,0.1844734330779194,0.0,0.6,0.0038053,6,30,0.0,,,,,,,,,,
606,0.19117986061610281,1.0,74.0,0.013513513513513514,0.0,1.0,0.0,1.0,0.17475041689509277,0.0,0.6,0.0038053,6,31,0.0,,,,,,,,,,
607,0.01946602715179324,13.0,74.0,0.17567567567567569,4.0,9.0,0.3076923076923077,0.6923076923076923,0.1897414443774838,0.0,0.6,0.0038053,6,32,0.0,,,,,,,,,,
608,0.01594120403751731,13.0,74.0,0.17567567567567569,3.0,10.0,0.23076923076923078,0.7692307692307693,0.18195785456730862,0.0,0.6,0.0038053,6,33,0.0,,,,,,,,,,
609,0.3326060799881816,5.0,74.0,0.06756756756756757,1.0,4.0,0.2,0.8,0.17588788727608656,0.0,0.6,0.0038053,6,34,0.0,,,,,,,,,,
610,0.048242717050015926,5.0,74.0,0.06756756756756757,1.0,4.0,0.2,0.8,0.17583550801599274,0.0,0.6,0.0038053,6,35,0.0,,,,,,,,,,
611,0.00912202405743301,63.0,74.0,0.8513513513513513,14.0,49.0,0.2222222222222222,0.7777777777777778,0.18107348494068304,0.0,0.6,0.0038053,6,36,0.0,,,,,,,,,,
612,0.17352854134514928,2.0,74.0,0.02702702702702703,0.0,2.0,0.0,1.0,0.18747808389095938,0.0,0.6,0.0038053,6,37,0.0,,,,,,,,,,
613,0.2107964272145182,0.0,74.0,0.0,0.0,0.0,0.0,0.0,0.0,0.0,0.6,0.0038053,6,38,0.0,,,,,,,,,,
614,0.23599788069259375,2.0,74.0,0.02702702702702703,1.0,1.0,0.5,0.5,0.17299258207987067,0.0,0.6,0.0038053,6,39,0.0,,,,,,,,,,
615,0.2705368004972115,4.0,74.0,0.05405405405405406,1.0,3.0,0.25,0.75,0.17644773822322535,0.0,0.6,0.0038053,6,40,0.0,,,,,,,,,,
616,0.14630142063833773,0.0,74.0,0.0,0.0,0.0,0.0,0.0,0.0,0.0,0.6,0.0038053,6,41,0.0,,,,,,,,,,
617,0.18879090959671885,2.0,74.0,0.02702702702702703,0.0,2.0,0.0,1.0,0.17785399672427277,0.0,0.6,0.0038053,6,42,0.0,,,,,,,,,,
618,0.2324741908814758,0.0,74.0,0.0,0.0,0.0,0.0,0.0,0.0,0.0,0.6,0.0038053,6,43,0.0,,,,,,,,,,
619,0.007182994857430458,53.0,74.0,0.7162162162162162,8.0,45.0,0.1509433962264151,0.8490566037735849,0.18462115538732898,0.0,0.6,0.0038053,6,44,0.0,,,,,,,,,,
620,0.07794645347166806,4.0,74.0,0.05405405405405406,0.0,4.0,0.0,1.0,0.1747501185567189,0.0,0.6,0.0038053,6,45,0.0,,,,,,,,,,
621,0.1540535792009905,9.0,74.0,0.12162162162162163,3.0,6.0,0.3333333333333333,0.6666666666666666,0.17411832014520673,0.0,0.6,0.0038053,6,46,0.0,,,,,,,,,,
622,0.15281572029925883,4.0,74.0,0.05405405405405406,0.0,4.0,0.0,1.0,0.18016405219284887,0.0,0.6,0.0038053,6,47,0.0,,,,,,,,,,
623,0.17037103790789843,6.0,74.0,0.08108108108108109,0.0,6.0,0.0,1.0,0.17918224396906376,0.0,0.6,0.0038053,6,48,0.0,,,,,,,,,,
624,0.3902254826389253,1.0,74.0,0.013513513513513514,0.0,1.0,0.0,1.0,0.17597514671526382,0.0,0.6,0.0038053,6,49,0.0,,,,,,,,,,
625,0.4183563645929098,1.0,74.0,0.013513513513513514,0.0,1.0,0.0,1.0,0.1746067270737729,0.0,0.6,0.0038053,6,50,0.0,,,,,,,,,,
626,0.34580256161279976,8.0,74.0,0.10810810810810811,1.0,7.0,0.125,0.875,0.17468252244115312,0.0,0.6,0.0038053,6,51,0.0,,,,,,,,,,
627,0.27306703093927354,0.0,74.0,0.0,0.0,0.0,0.0,0.0,0.0,0.0,0.6,0.0038053,6,52,0.0,,,,,,,,,,
628,0.01164856250397861,11.0,74.0,0.14864864864864866,0.0,11.0,0.0,1.0,0.17960262669689334,0.0,0.6,0.0038053,6,53,0.0,,,,,,,,,,
629,0.3448630543425679,1.0,74.0,0.013513513513513514,0.0,1.0,0.0,1.0,0.17457073868663978,0.0,0.6,0.0038053,6,54,0.0,,,,,,,,,,
630,0.13848091359250247,2.0,74.0,0.02702702702702703,0.0,2.0,0.0,1.0,0.17798814670195687,0.0,0.6,0.0038053,6,55,0.0,,,,,,,,,,
631,0.45747461169958115,3.0,74.0,0.04054054054054054,1.0,2.0,0.3333333333333333,0.6666666666666666,0.17171012644973663,0.0,0.6,0.0038053,6,56,0.0,,,,,,,,,,
632,0.7988598123192787,0.0,74.0,0.0,0.0,0.0,0.0,0.0,0.0,0.0,0.6,0.0038053,6,57,0.0,,,,,,,,,,
633,0.4516903292387724,4.0,74.0,0.05405405405405406,1.0,3.0,0.25,0.75,0.17311013673391396,0.0,0.6,0.0038053,6,58,0.0,,,,,,,,,,
634,0.561350520234555,0.0,74.0,0.0,0.0,0.0,0.0,0.0,0.0,0.0,0.6,0.0038053,6,59,0.0,,,,,,,,,,
635,0.366896856110543,2.0,74.0,0.02702702702702703,0.0,2.0,0.0,1.0,0.17872395220354415,0.0,0.6,0.0038053,6,60,0.0,,,,,,,,,,
636,0.1956073916517198,0.0,74.0,0.0,0.0,0.0,0.0,0.0,0.0,0.0,0.6,0.0038053,6,61,0.0,,,,,,,,,,
637,0.29516831738874316,0.0,74.0,0.0,0.0,0.0,0.0,0.0,0.0,0.0,0.6,0.0038053,6,62,0.0,,,,,,,,,,
638,0.12704680673778057,2.0,74.0,0.02702702702702703,1.0,1.0,0.5,0.5,0.17013906065921977,0.0,0.6,0.0038053,6,63,0.0,,,,,,,,,,
639,0.20055588148534298,2.0,74.0,0.02702702702702703,0.0,2.0,0.0,1.0,0.17544627738679433,0.0,0.6,0.0038053,6,64,0.0,,,,,,,,,,
640,0.13260027533397079,4.0,74.0,0.05405405405405406,1.0,3.0,0.25,0.75,0.17553838877964228,0.0,0.6,0.0038053,6,65,0.0,,,,,,,,,,
641,0.13175429124385118,9.0,74.0,0.12162162162162163,4.0,5.0,0.4444444444444444,0.5555555555555556,0.1694710185793885,0.0,0.6,0.0038053,6,66,0.0,,,,,,,,,,
642,0.10203510709106922,5.0,74.0,0.06756756756756757,2.0,3.0,0.4,0.6,0.17299513633333138,0.0,0.6,0.0038053,6,67,0.0,,,,,,,,,,
643,0.08133766427636147,4.0,74.0,0.05405405405405406,2.0,2.0,0.5,0.5,0.16348715582746715,0.0,0.6,0.0038053,6,68,0.0,,,,,,,,,,
644,0.04541063401848078,8.0,74.0,0.10810810810810811,3.0,5.0,0.375,0.625,0.17250771319259836,0.0,0.6,0.0038053,6,69,0.0,,,,,,,,,,
645,0.23093076050281525,3.0,74.0,0.04054054054054054,1.0,2.0,0.3333333333333333,0.6666666666666666,0.17073903110068214,0.0,0.6,0.0038053,6,70,0.0,,,,,,,,,,
646,0.04536543693393469,8.0,74.0,0.10810810810810811,2.0,6.0,0.25,0.75,0.17860069762439018,0.0,0.6,0.0038053,6,71,0.0,,,,,,,,,,
647,0.12688903929665685,5.0,74.0,0.06756756756756757,1.0,4.0,0.2,0.8,0.18547556076612864,0.0,0.6,0.0038053,6,72,0.0,,,,,,,,,,
648,0.10524083953350782,0.0,74.0,0.0,0.0,0.0,0.0,0.0,0.0,0.0,0.6,0.0038053,6,73,0.0,,,,,,,,,,
649,0.18033839482814074,4.0,74.0,0.05405405405405406,1.0,3.0,0.25,0.75,0.1734088410205537,0.0,0.6,0.0038053,6,74,0.0,,,,,,,,,,
650,0.24380706250667572,2.0,74.0,0.02702702702702703,0.0,2.0,0.0,1.0,0.17392592478626395,0.0,0.6,0.0038053,6,75,0.0,,,,,,,,,,
651,0.07597632892429829,2.0,74.0,0.02702702702702703,0.0,2.0,0.0,1.0,0.17562858545846202,0.0,0.6,0.0038053,6,76,0.0,,,,,,,,,,
652,0.19673166004940867,4.0,74.0,0.05405405405405406,1.0,3.0,0.25,0.75,0.1697025202545634,0.0,0.6,0.0038053,6,77,0.0,,,,,,,,,,
653,0.19746847078204155,5.0,74.0,0.06756756756756757,1.0,4.0,0.2,0.8,0.17810737816285555,0.0,0.6,0.0038053,6,78,0.0,,,,,,,,,,
654,0.22123731416650116,5.0,74.0,0.06756756756756757,0.0,5.0,0.0,1.0,0.17840630040615196,0.0,0.6,0.0038053,6,79,0.0,,,,,,,,,,
655,0.22615782916545868,6.0,74.0,0.08108108108108109,1.0,5.0,0.16666666666666666,0.8333333333333334,0.17306249862761067,0.0,0.6,0.0038053,6,80,0.0,,,,,,,,,,
656,0.29510756209492683,2.0,74.0,0.02702702702702703,1.0,1.0,0.5,0.5,0.16908269160351955,0.0,0.6,0.0038053,6,81,0.0,,,,,,,,,,
657,0.11439319793134928,1.0,74.0,0.013513513513513514,0.0,1.0,0.0,1.0,0.17150529485961213,0.0,0.6,0.0038053,6,82,0.0,,,,,,,,,,
658,0.10167902987450361,4.0,74.0,0.05405405405405406,0.0,4.0,0.0,1.0,0.1844480374725807,0.0,0.6,0.0038053,6,83,0.0,,,,,,,,,,
659,0.042546586599200964,3.0,74.0,0.04054054054054054,1.0,2.0,0.3333333333333333,0.6666666666666666,0.1714674990274273,0.0,0.6,0.0038053,6,84,0.0,,,,,,,,,,
660,0.1401052987203002,7.0,74.0,0.0945945945945946,2.0,5.0,0.2857142857142857,0.7142857142857143,0.18912185289123853,0.0,0.6,0.0038053,6,85,0.0,,,,,,,,,,
661,0.15480233915150166,2.0,74.0,0.02702702702702703,2.0,0.0,1.0,0.0,0.16524761883664646,0.0,0.6,0.0038053,6,86,0.0,,,,,,,,,,
662,0.024774938356131315,13.0,74.0,0.17567567567567569,2.0,11.0,0.15384615384615385,0.8461538461538461,0.18641712170465835,0.0,0.6,0.0038053,6,87,0.0,,,,,,,,,,
663,0.23509231070056558,3.0,74.0,0.04054054054054054,0.0,3.0,0.0,1.0,0.17928129185048602,0.0,0.6,0.0038053,6,88,0.0,,,,,,,,,,
664,0.1921310592442751,3.0,74.0,0.04054054054054054,0.0,3.0,0.0,1.0,0.18754793177587184,0.0,0.6,0.0038053,6,89,0.0,,,,,,,,,,
665,0.11595535185188055,3.0,74.0,0.04054054054054054,0.0,3.0,0.0,1.0,0.17769176979085843,0.0,0.6,0.0038053,6,90,0.0,,,,,,,,,,
666,0.044183023273944855,7.0,74.0,0.0945945945945946,1.0,6.0,0.14285714285714285,0.8571428571428571,0.1769596979364547,0.0,0.6,0.0038053,6,91,0.0,,,,,,,,,,
667,0.2586523103527725,2.0,74.0,0.02702702702702703,0.0,2.0,0.0,1.0,0.17730824183792315,0.0,0.6,0.0038053,6,92,0.0,,,,,,,,,,
668,0.20023956522345543,5.0,74.0,0.06756756756756757,0.0,5.0,0.0,1.0,0.1947934982387471,0.0,0.6,0.0038053,6,93,0.0,,,,,,,,,,
669,0.19814596604555845,2.0,74.0,0.02702702702702703,0.0,2.0,0.0,1.0,0.1823052984553098,0.0,0.6,0.0038053,6,94,0.0,,,,,,,,,,
670,0.32204012479633093,0.0,74.0,0.0,0.0,0.0,0.0,0.0,0.0,0.0,0.6,0.0038053,6,95,0.0,,,,,,,,,,
671,0.06021207990124822,5.0,74.0,0.06756756756756757,3.0,2.0,0.6,0.4,0.16636639788313762,0.0,0.6,0.0038053,6,96,0.0,,,,,,,,,,
672,0.15777088422328234,5.0,74.0,0.06756756756756757,1.0,4.0,0.2,0.8,0.17886302607823196,0.0,0.6,0.0038053,6,97,0.0,,,,,,,,,,
673,0.18966645607724786,8.0,74.0,0.10810810810810811,3.0,5.0,0.375,0.625,0.17371358587533994,0.0,0.6,0.0038053,6,98,0.0,,,,,,,,,,
674,0.03400305984541774,4.0,74.0,0.05405405405405406,0.0,4.0,0.0,1.0,0.19219652848450017,0.0,0.6,0.0038053,6,99,0.0,,,,,,,,,,
675,0.057870637625455856,2.0,74.0,0.02702702702702703,1.0,1.0,0.5,0.5,0.16098360612662466,0.0,0.6,0.0038053,6,100,0.0,,,,,,,,,,
676,0.09541819244623184,3.0,74.0,0.04054054054054054,1.0,2.0,0.3333333333333333,0.6666666666666666,0.17328966582735542,0.0,0.6,0.0038053,6,101,0.0,,,,,,,,,,
677,0.02420487068593502,11.0,74.0,0.14864864864864866,4.0,7.0,0.36363636363636365,0.6363636363636364,0.1787746576129643,0.0,0.6,0.0038053,6,102,0.0,,,,,,,,,,
678,0.2518986356444657,2.0,74.0,0.02702702702702703,0.0,2.0,0.0,1.0,0.1821646477437372,0.0,0.6,0.0038053,6,103,0.0,,,,,,,,,,
679,0.02605554461479187,8.0,74.0,0.10810810810810811,1.0,7.0,0.125,0.875,0.18440550623957522,0.0,0.6,0.0038053,6,104,0.0,,,,,,,,,,
680,0.056832873495295644,2.0,74.0,0.02702702702702703,0.0,2.0,0.0,1.0,0.1793642390553441,0.0,0.6,0.0038053,6,105,0.0,,,,,,,,,,
681,0.024319263291545212,4.0,74.0,0.05405405405405406,0.0,4.0,0.0,1.0,0.18223331662738396,0.0,0.6,0.0038053,6,106,0.0,,,,,,,,,,
682,0.06357276602648199,2.0,74.0,0.02702702702702703,1.0,1.0,0.5,0.5,0.17642847359370262,0.0,0.6,0.0038053,6,107,0.0,,,,,,,,,,
683,0.19670683378353715,6.0,74.0,0.08108108108108109,1.0,5.0,0.16666666666666666,0.8333333333333334,0.1748098262344707,0.0,0.6,0.0038053,6,108,0.0,,,,,,,,,,
684,0.027456537121906877,2.0,74.0,0.02702702702702703,0.0,2.0,0.0,1.0,0.17925541793062483,0.0,0.6,0.0038053,6,109,0.0,,,,,,,,,,
685,0.1648933372925967,21.0,74.0,0.28378378378378377,4.0,17.0,0.19047619047619047,0.8095238095238095,0.1792129256021854,0.0,0.6,0.0038053,6,110,0.0,,,,,,,,,,
686,0.2088186419568956,2.0,74.0,0.02702702702702703,1.0,1.0,0.5,0.5,0.1723329154197634,0.0,0.6,0.0038053,6,111,0.0,,,,,,,,,,
687,0.2920225616544485,12.0,74.0,0.16216216216216217,1.0,11.0,0.08333333333333333,0.9166666666666666,0.1827201711366981,0.0,0.6,0.0038053,6,112,0.0,,,,,,,,,,
688,0.23375779017806053,2.0,74.0,0.02702702702702703,0.0,2.0,0.0,1.0,0.17723968678050747,0.0,0.6,0.0038053,6,113,0.0,,,,,,,,,,
689,0.1979245194233954,5.0,74.0,0.06756756756756757,1.0,4.0,0.2,0.8,0.18104204571498786,0.0,0.6,0.0038053,6,114,0.0,,,,,,,,,,
690,0.028376758098602295,6.0,74.0,0.08108108108108109,0.0,6.0,0.0,1.0,0.18112981619952198,0.0,0.6,0.0038053,6,115,0.0,,,,,,,,,,
690,,,,,,,,,,,,,6,,1.0,0.8799019607843137,0.41618100840311784,0.8774509803921569,0.412828008715923,0.9795528898582334,0.07902825211539216,0.0996509290739197,0.9790076335877863,0.07876055884458448,0.10155665319562945
691,0.1547170258127153,36.0,74.0,0.4864864864864865,13.0,23.0,0.3611111111111111,0.6388888888888888,0.1756653080854199,0.0,0.6,0.0038053,7,1,0.0,,,,,,,,,,
692,0.4054081030189991,3.0,74.0,0.04054054054054054,0.0,3.0,0.0,1.0,0.1824715188212319,0.0,0.6,0.0038053,7,2,0.0,,,,,,,,,,
693,0.031359509099274874,8.0,74.0,0.10810810810810811,1.0,7.0,0.125,0.875,0.18702850118236972,0.0,0.6,0.0038053,7,3,0.0,,,,,,,,,,
694,0.028450907208025455,58.0,74.0,0.7837837837837838,13.0,45.0,0.22413793103448276,0.7758620689655172,0.17803607899297424,0.0,0.6,0.0038053,7,4,0.0,,,,,,,,,,
695,0.07156949210911989,4.0,74.0,0.05405405405405406,1.0,3.0,0.25,0.75,0.17672766400057519,0.0,0.6,0.0038053,7,5,0.0,,,,,,,,,,
696,0.04375788290053606,6.0,74.0,0.08108108108108109,0.0,6.0,0.0,1.0,0.18544209108394438,0.0,0.6,0.0038053,7,6,0.0,,,,,,,,,,
697,0.0572637002915144,4.0,74.0,0.05405405405405406,2.0,2.0,0.5,0.5,0.17692340999307055,0.0,0.6,0.0038053,7,7,0.0,,,,,,,,,,
698,0.03420890774577856,12.0,74.0,0.16216216216216217,3.0,9.0,0.25,0.75,0.1811637112054502,0.0,0.6,0.0038053,7,8,0.0,,,,,,,,,,
699,0.02744556264951825,20.0,74.0,0.2702702702702703,3.0,17.0,0.15,0.85,0.18154142873575096,0.0,0.6,0.0038053,7,9,0.0,,,,,,,,,,
700,0.17068320931866765,4.0,74.0,0.05405405405405406,2.0,2.0,0.5,0.5,0.16531616617571443,0.0,0.6,0.0038053,7,10,0.0,,,,,,,,,,
701,0.02050331747159362,49.0,74.0,0.6621621621621622,12.0,37.0,0.24489795918367346,0.7551020408163265,0.1787433305509162,0.0,0.6,0.0038053,7,11,0.0,,,,,,,,,,
702,0.01952237356454134,28.0,74.0,0.3783783783783784,7.0,21.0,0.25,0.75,0.18242017664220375,0.0,0.6,0.0038053,7,12,0.0,,,,,,,,,,
703,0.12414613272994757,4.0,74.0,0.05405405405405406,0.0,4.0,0.0,1.0,0.18072194518149207,0.0,0.6,0.0038053,7,13,0.0,,,,,,,,,,
704,0.09924121433869004,2.0,74.0,0.02702702702702703,0.0,2.0,0.0,1.0,0.17637166703001775,0.0,0.6,0.0038053,7,14,0.0,,,,,,,,,,
705,0.06656943843699992,3.0,74.0,0.04054054054054054,0.0,3.0,0.0,1.0,0.1814178112474536,0.0,0.6,0.0038053,7,15,0.0,,,,,,,,,,
706,0.1534243319183588,1.0,74.0,0.013513513513513514,0.0,1.0,0.0,1.0,0.1733129830246711,0.0,0.6,0.0038053,7,16,0.0,,,,,,,,,,
707,0.17022477462887764,1.0,74.0,0.013513513513513514,0.0,1.0,0.0,1.0,0.17325217333212936,0.0,0.6,0.0038053,7,17,0.0,,,,,,,,,,
708,0.008222967619076371,72.0,74.0,0.972972972972973,14.0,58.0,0.19444444444444445,0.8055555555555556,0.18281235421085254,0.0,0.6,0.0038053,7,18,0.0,,,,,,,,,,
709,0.2353181317448616,0.0,74.0,0.0,0.0,0.0,0.0,0.0,0.0,0.0,0.6,0.0038053,7,19,0.0,,,,,,,,,,
710,0.007249970221891999,66.0,74.0,0.8918918918918919,12.0,54.0,0.18181818181818182,0.8181818181818182,0.18249683917184614,0.0,0.6,0.0038053,7,20,0.0,,,,,,,,,,
711,0.006820832961238921,60.0,74.0,0.8108108108108109,15.0,45.0,0.25,0.75,0.17951369227772865,0.0,0.6,0.0038053,7,21,0.0,,,,,,,,,,
712,0.24381529726088047,3.0,74.0,0.04054054054054054,1.0,2.0,0.3333333333333333,0.6666666666666666,0.1736226790670973,0.0,0.6,0.0038053,7,22,0.0,,,,,,,,,,
713,0.3272527386434376,1.0,74.0,0.013513513513513514,0.0,1.0,0.0,1.0,0.17624907864825476,0.0,0.6,0.0038053,7,23,0.0,,,,,,,,,,
714,0.32796584139578044,11.0,74.0,0.14864864864864866,5.0,6.0,0.45454545454545453,0.5454545454545454,0.17285922675966295,0.0,0.6,0.0038053,7,24,0.0,,,,,,,,,,
715,0.35062492871657014,8.0,74.0,0.10810810810810811,1.0,7.0,0.125,0.875,0.177274651337992,0.0,0.6,0.0038053,7,25,0.0,,,,,,,,,,
716,0.1703244730597362,10.0,74.0,0.13513513513513514,2.0,8.0,0.2,0.8,0.17900195843735073,0.0,0.6,0.0038053,7,26,0.0,,,,,,,,,,
717,0.007172633777372539,65.0,74.0,0.8783783783783784,11.0,54.0,0.16923076923076924,0.8307692307692308,0.18046452157057635,0.0,0.6,0.0038053,7,27,0.0,,,,,,,,,,
718,0.15966197988018394,8.0,74.0,0.10810810810810811,2.0,6.0,0.25,0.75,0.17274138222520746,0.0,0.6,0.0038053,7,28,0.0,,,,,,,,,,
719,0.015116851078346372,7.0,74.0,0.0945945945945946,1.0,6.0,0.14285714285714285,0.8571428571428571,0.17807615997112589,0.0,0.6,0.0038053,7,29,0.0,,,,,,,,,,
720,0.01369002927094698,13.0,74.0,0.17567567567567569,2.0,11.0,0.15384615384615385,0.8461538461538461,0.190529326641416,0.0,0.6,0.0038053,7,30,0.0,,,,,,,,,,
721,0.08381195366382599,3.0,74.0,0.04054054054054054,1.0,2.0,0.3333333333333333,0.6666666666666666,0.17547616121690215,0.0,0.6,0.0038053,7,31,0.0,,,,,,,,,,
722,0.25041283783502877,0.0,74.0,0.0,0.0,0.0,0.0,0.0,0.0,0.0,0.6,0.0038053,7,32,0.0,,,,,,,,,,
723,0.01362489489838481,53.0,74.0,0.7162162162162162,8.0,45.0,0.1509433962264151,0.8490566037735849,0.18259846749190842,0.0,0.6,0.0038053,7,33,0.0,,,,,,,,,,
724,0.16917232051491737,6.0,74.0,0.08108108108108109,0.0,6.0,0.0,1.0,0.18293531648659297,0.0,0.6,0.0038053,7,34,0.0,,,,,,,,,,
725,0.014359557069838047,17.0,74.0,0.22972972972972974,4.0,13.0,0.23529411764705882,0.7647058823529411,0.18452193638877967,0.0,0.6,0.0038053,7,35,0.0,,,,,,,,,,
726,0.15620480990037322,0.0,74.0,0.0,0.0,0.0,0.0,0.0,0.0,0.0,0.6,0.0038053,7,36,0.0,,,,,,,,,,
727,0.1331979720853269,17.0,74.0,0.22972972972972974,2.0,15.0,0.11764705882352941,0.8823529411764706,0.18052916747186018,0.0,0.6,0.0038053,7,37,0.0,,,,,,,,,,
728,0.13762071868404746,6.0,74.0,0.08108108108108109,0.0,6.0,0.0,1.0,0.17832904482460823,0.0,0.6,0.0038053,7,38,0.0,,,,,,,,,,
729,0.11552916001528502,6.0,74.0,0.08108108108108109,1.0,5.0,0.16666666666666666,0.8333333333333334,0.18670810689857034,0.0,0.6,0.0038053,7,39,0.0,,,,,,,,,,
730,0.20064717368222773,5.0,74.0,0.06756756756756757,1.0,4.0,0.2,0.8,0.17567725415204577,0.0,0.6,0.0038053,7,40,0.0,,,,,,,,,,
731,0.045134329702705145,2.0,74.0,0.02702702702702703,1.0,1.0,0.5,0.5,0.1764467816710807,0.0,0.6,0.0038053,7,41,0.0,,,,,,,,,,
732,0.0754894376732409,4.0,74.0,0.05405405405405406,1.0,3.0,0.25,0.75,0.18164196852267644,0.0,0.6,0.0038053,7,42,0.0,,,,,,,,,,
733,0.16616106731817126,8.0,74.0,0.10810810810810811,1.0,7.0,0.125,0.875,0.17742425103854076,0.0,0.6,0.0038053,7,43,0.0,,,,,,,,,,
734,0.023601839551702142,15.0,74.0,0.20270270270270271,2.0,13.0,0.13333333333333333,0.8666666666666667,0.18166079165325824,0.0,0.6,0.0038053,7,44,0.0,,,,,,,,,,
735,0.030920568387955427,42.0,74.0,0.5675675675675675,12.0,30.0,0.2857142857142857,0.7142857142857143,0.17816852333790342,0.0,0.6,0.0038053,7,45,0.0,,,,,,,,,,
736,0.09240725357085466,2.0,74.0,0.02702702702702703,0.0,2.0,0.0,1.0,0.18280261374429524,0.0,0.6,0.0038053,7,46,0.0,,,,,,,,,,
737,0.061359007842838764,6.0,74.0,0.08108108108108109,0.0,6.0,0.0,1.0,0.18029538816982502,0.0,0.6,0.0038053,7,47,0.0,,,,,,,,,,
738,0.02168417745269835,63.0,74.0,0.8513513513513513,14.0,49.0,0.2222222222222222,0.7777777777777778,0.17936451032679102,0.0,0.6,0.0038053,7,48,0.0,,,,,,,,,,
739,0.09075056598521769,2.0,74.0,0.02702702702702703,0.0,2.0,0.0,1.0,0.1771892423283686,0.0,0.6,0.0038053,7,49,0.0,,,,,,,,,,
740,0.12895197863690555,12.0,74.0,0.16216216216216217,2.0,10.0,0.16666666666666666,0.8333333333333334,0.18213697503676127,0.0,0.6,0.0038053,7,50,0.0,,,,,,,,,,
741,0.0614981590770185,2.0,74.0,0.02702702702702703,0.0,2.0,0.0,1.0,0.18276660660194466,0.0,0.6,0.0038053,7,51,0.0,,,,,,,,,,
742,0.18165701208636165,8.0,74.0,0.10810810810810811,2.0,6.0,0.25,0.75,0.17180831692461165,0.0,0.6,0.0038053,7,52,0.0,,,,,,,,,,
743,0.1867406852543354,4.0,74.0,0.05405405405405406,0.0,4.0,0.0,1.0,0.1808861014327624,0.0,0.6,0.0038053,7,53,0.0,,,,,,,,,,
744,0.013852199888788164,25.0,74.0,0.33783783783783783,7.0,18.0,0.28,0.72,0.17941561303123751,0.0,0.6,0.0038053,7,54,0.0,,,,,,,,,,
745,0.09116234118118882,4.0,74.0,0.05405405405405406,1.0,3.0,0.25,0.75,0.18358833851714174,0.0,0.6,0.0038053,7,55,0.0,,,,,,,,,,
746,0.13313828594982624,10.0,74.0,0.13513513513513514,3.0,7.0,0.3,0.7,0.176261666929176,0.0,0.6,0.0038053,7,56,0.0,,,,,,,,,,
747,0.021613723831251264,13.0,74.0,0.17567567567567569,2.0,11.0,0.15384615384615385,0.8461538461538461,0.19142516332010662,0.0,0.6,0.0038053,7,57,0.0,,,,,,,,,,
748,0.18533468758687377,8.0,74.0,0.10810810810810811,0.0,8.0,0.0,1.0,0.1837291823777479,0.0,0.6,0.0038053,7,58,0.0,,,,,,,,,,
749,0.012876630295068026,55.0,74.0,0.7432432432432432,12.0,43.0,0.21818181818181817,0.7818181818181819,0.17987122830681143,0.0,0.6,0.0038053,7,59,0.0,,,,,,,,,,
750,0.13167560310103,15.0,74.0,0.20270270270270271,3.0,12.0,0.2,0.8,0.17929647427604498,0.0,0.6,0.0038053,7,60,0.0,,,,,,,,,,
751,0.013792437501251698,21.0,74.0,0.28378378378378377,2.0,19.0,0.09523809523809523,0.9047619047619048,0.1799687148190426,0.0,0.6,0.0038053,7,61,0.0,,,,,,,,,,
752,0.2334707430563867,1.0,74.0,0.013513513513513514,0.0,1.0,0.0,1.0,0.17816234075511328,0.0,0.6,0.0038053,7,62,0.0,,,,,,,,,,
753,0.13949015666730702,5.0,74.0,0.06756756756756757,1.0,4.0,0.2,0.8,0.17649786725781555,0.0,0.6,0.0038053,7,63,0.0,,,,,,,,,,
754,0.011485337046906352,59.0,74.0,0.7972972972972973,10.0,49.0,0.1694915254237288,0.8305084745762712,0.1818082983832085,0.0,0.6,0.0038053,7,64,0.0,,,,,,,,,,
755,0.011079614632762969,19.0,74.0,0.25675675675675674,2.0,17.0,0.10526315789473684,0.8947368421052632,0.18538254240898686,0.0,0.6,0.0038053,7,65,0.0,,,,,,,,,,
756,0.011827702284790576,10.0,74.0,0.13513513513513514,0.0,10.0,0.0,1.0,0.1841994135108172,0.0,0.6,0.0038053,7,66,0.0,,,,,,,,,,
757,0.12654269766062498,3.0,74.0,0.04054054054054054,2.0,1.0,0.6666666666666666,0.3333333333333333,0.17178378472745107,0.0,0.6,0.0038053,7,67,0.0,,,,,,,,,,
758,0.13552399235777557,9.0,74.0,0.12162162162162163,2.0,7.0,0.2222222222222222,0.7777777777777778,0.1796511642614996,0.0,0.6,0.0038053,7,68,0.0,,,,,,,,,,
759,0.010705150431022048,55.0,74.0,0.7432432432432432,13.0,42.0,0.23636363636363636,0.7636363636363637,0.17949526961159298,0.0,0.6,0.0038053,7,69,0.0,,,,,,,,,,
760,0.20308500458486378,2.0,74.0,0.02702702702702703,0.0,2.0,0.0,1.0,0.17909902956692397,0.0,0.6,0.0038053,7,70,0.0,,,,,,,,,,
761,0.12281013024039567,25.0,74.0,0.33783783783783783,2.0,23.0,0.08,0.92,0.17938581525086533,0.0,0.6,0.0038053,7,71,0.0,,,,,,,,,,
762,0.13543367292732,5.0,74.0,0.06756756756756757,2.0,3.0,0.4,0.6,0.1781652583504441,0.0,0.6,0.0038053,7,72,0.0,,,,,,,,,,
763,0.0561378188431263,2.0,74.0,0.02702702702702703,0.0,2.0,0.0,1.0,0.1774042441857051,0.0,0.6,0.0038053,7,73,0.0,,,,,,,,,,
764,0.00841669354122132,26.0,74.0,0.35135135135135137,1.0,25.0,0.038461538461538464,0.9615384615384616,0.18274670880978894,0.0,0.6,0.0038053,7,74,0.0,,,,,,,,,,
765,0.11590760329272598,5.0,74.0,0.06756756756756757,0.0,5.0,0.0,1.0,0.18527140176686752,0.0,0.6,0.0038053,7,75,0.0,,,,,,,,,,
766,0.05791709292680025,0.0,74.0,0.0,0.0,0.0,0.0,0.0,0.0,0.0,0.6,0.0038053,7,76,0.0,,,,,,,,,,
767,0.02017323672771454,5.0,74.0,0.06756756756756757,1.0,4.0,0.2,0.8,0.18533184204584918,0.0,0.6,0.0038053,7,77,0.0,,,,,,,,,,
768,0.014008801896125078,26.0,74.0,0.35135135135135137,2.0,24.0,0.07692307692307693,0.9230769230769231,0.18540614927841664,0.0,0.6,0.0038053,7,78,0.0,,,,,,,,,,
769,0.09056109911762178,5.0,74.0,0.06756756756756757,0.0,5.0,0.0,1.0,0.18513669727078735,0.0,0.6,0.0038053,7,79,0.0,,,,,,,,,,
770,0.33383956039324403,6.0,74.0,0.08108108108108109,1.0,5.0,0.16666666666666666,0.8333333333333334,0.17567213990068412,0.0,0.6,0.0038053,7,80,0.0,,,,,,,,,,
771,0.010878610657528043,68.0,74.0,0.918918918918919,15.0,53.0,0.22058823529411764,0.7794117647058824,0.18204788023378368,0.0,0.6,0.0038053,7,81,0.0,,,,,,,,,,
772,0.24604561435990036,1.0,74.0,0.013513513513513514,1.0,0.0,1.0,0.0,0.1714931048157608,0.0,0.6,0.0038053,7,82,0.0,,,,,,,,,,
773,0.057916860561817884,2.0,74.0,0.02702702702702703,0.0,2.0,0.0,1.0,0.18254292023185215,0.0,0.6,0.0038053,7,83,0.0,,,,,,,,,,
774,0.011988770216703415,31.0,74.0,0.4189189189189189,4.0,27.0,0.12903225806451613,0.8709677419354839,0.18638185305019436,0.0,0.6,0.0038053,7,84,0.0,,,,,,,,,,
775,0.013175865984521806,11.0,74.0,0.14864864864864866,0.0,11.0,0.0,1.0,0.1926057787474721,0.0,0.6,0.0038053,7,85,0.0,,,,,,,,,,
776,0.35997913125902414,6.0,74.0,0.08108108108108109,1.0,5.0,0.16666666666666666,0.8333333333333334,0.17870480295629856,0.0,0.6,0.0038053,7,86,0.0,,,,,,,,,,
777,0.00950791989453137,68.0,74.0,0.918918918918919,15.0,53.0,0.22058823529411764,0.7794117647058824,0.18318848414757327,0.0,0.6,0.0038053,7,87,0.0,,,,,,,,,,
778,0.058732892968691885,1.0,74.0,0.013513513513513514,0.0,1.0,0.0,1.0,0.19240719989171307,0.0,0.6,0.0038053,7,88,0.0,,,,,,,,,,
779,0.006579393986612558,28.0,74.0,0.3783783783783784,1.0,27.0,0.03571428571428571,0.9642857142857143,0.18370538261110858,0.0,0.6,0.0038053,7,89,0.0,,,,,,,,,,
780,0.008758068550378084,65.0,74.0,0.8783783783783784,11.0,54.0,0.16923076923076924,0.8307692307692308,0.18232802612880247,0.0,0.6,0.0038053,7,90,0.0,,,,,,,,,,
781,0.33018663234543055,2.0,74.0,0.02702702702702703,1.0,1.0,0.5,0.5,0.169024292077324,0.0,0.6,0.0038053,7,91,0.0,,,,,,,,,,
782,0.20410074945539236,20.0,74.0,0.2702702702702703,3.0,17.0,0.15,0.85,0.181407228193296,0.0,0.6,0.0038053,7,92,0.0,,,,,,,,,,
783,0.01625388371758163,9.0,74.0,0.12162162162162163,1.0,8.0,0.1111111111111111,0.8888888888888888,0.1826447954284439,0.0,0.6,0.0038053,7,93,0.0,,,,,,,,,,
784,0.3067809247877449,10.0,74.0,0.13513513513513514,0.0,10.0,0.0,1.0,0.1876435972859912,0.0,0.6,0.0038053,7,94,0.0,,,,,,,,,,
785,0.1728762096608989,0.0,74.0,0.0,0.0,0.0,0.0,0.0,0.0,0.0,0.6,0.0038053,7,95,0.0,,,,,,,,,,
786,0.007251369417645037,71.0,74.0,0.9594594594594594,7.0,64.0,0.09859154929577464,0.9014084507042254,0.1851317118364478,0.0,0.6,0.0038053,7,96,0.0,,,,,,,,,,
787,0.059896468301303685,2.0,74.0,0.02702702702702703,0.0,2.0,0.0,1.0,0.17436305142263653,0.0,0.6,0.0038053,7,97,0.0,,,,,,,,,,
788,0.013089207466691732,11.0,74.0,0.14864864864864866,0.0,11.0,0.0,1.0,0.19513212028686705,0.0,0.6,0.0038053,7,98,0.0,,,,,,,,,,
789,0.29332509846426547,10.0,74.0,0.13513513513513514,3.0,7.0,0.3,0.7,0.17415889408401175,0.0,0.6,0.0038053,7,99,0.0,,,,,,,,,,
790,0.1771380843129009,2.0,74.0,0.02702702702702703,0.0,2.0,0.0,1.0,0.18232126366272472,0.0,0.6,0.0038053,7,100,0.0,,,,,,,,,,
791,0.3881494819652289,0.0,74.0,0.0,0.0,0.0,0.0,0.0,0.0,0.0,0.6,0.0038053,7,101,0.0,,,,,,,,,,
792,0.048935802187770605,2.0,74.0,0.02702702702702703,0.0,2.0,0.0,1.0,0.17980559291913034,0.0,0.6,0.0038053,7,102,0.0,,,,,,,,,,
793,0.11397446785122156,5.0,74.0,0.06756756756756757,0.0,5.0,0.0,1.0,0.1817751070967617,0.0,0.6,0.0038053,7,103,0.0,,,,,,,,,,
794,0.014717624057084322,20.0,74.0,0.2702702702702703,5.0,15.0,0.25,0.75,0.18908129167652496,0.0,0.6,0.0038053,7,104,0.0,,,,,,,,,,
795,0.11112384684383869,9.0,74.0,0.12162162162162163,1.0,8.0,0.1111111111111111,0.8888888888888888,0.18313558077409942,0.0,0.6,0.0038053,7,105,0.0,,,,,,,,,,
796,0.10458590905182064,3.0,74.0,0.04054054054054054,0.0,3.0,0.0,1.0,0.18828189686892818,0.0,0.6,0.0038053,7,106,0.0,,,,,,,,,,
797,0.013074172427877784,66.0,74.0,0.8918918918918919,16.0,50.0,0.24242424242424243,0.7575757575757576,0.1795402424002469,0.0,0.6,0.0038053,7,107,0.0,,,,,,,,,,
798,0.15920094749890268,0.0,74.0,0.0,0.0,0.0,0.0,0.0,0.0,0.0,0.6,0.0038053,7,108,0.0,,,,,,,,,,
799,0.2638509119860828,7.0,74.0,0.0945945945945946,0.0,7.0,0.0,1.0,0.17696138812005077,0.0,0.6,0.0038053,7,109,0.0,,,,,,,,,,
800,0.10080698318779469,2.0,74.0,0.02702702702702703,0.0,2.0,0.0,1.0,0.17506098053542357,0.0,0.6,0.0038053,7,110,0.0,,,,,,,,,,
801,0.16113134985789657,9.0,74.0,0.12162162162162163,2.0,7.0,0.2222222222222222,0.7777777777777778,0.18572996087138927,0.0,0.6,0.0038053,7,111,0.0,,,,,,,,,,
802,0.020107213407754898,40.0,74.0,0.5405405405405406,9.0,31.0,0.225,0.775,0.17859815280858843,0.0,0.6,0.0038053,7,112,0.0,,,,,,,,,,
803,0.03188509587198496,3.0,74.0,0.04054054054054054,1.0,2.0,0.3333333333333333,0.6666666666666666,0.16881543394094956,0.0,0.6,0.0038053,7,113,0.0,,,,,,,,,,
804,0.2619165079668164,0.0,74.0,0.0,0.0,0.0,0.0,0.0,0.0,0.0,0.6,0.0038053,7,114,0.0,,,,,,,,,,
805,0.41343428045511244,6.0,74.0,0.08108108108108109,3.0,3.0,0.5,0.5,0.16945629967584433,0.0,0.6,0.0038053,7,115,0.0,,,,,,,,,,
805,,,,,,,,,,,,,7,,1.0,0.8651960784313726,0.5154061959340022,0.8676470588235294,0.5022131416660088,0.9860959651035986,0.06340857768512291,0.12089988667222606,0.9860959651035986,0.06261886106399091,0.11844890628006921
806,0.18625889159739017,5.0,74.0,0.06756756756756757,0.0,5.0,0.0,1.0,0.18824946512518909,0.0,0.6,0.0038053,8,1,0.0,,,,,,,,,,
807,0.01798862824216485,44.0,74.0,0.5945945945945946,12.0,32.0,0.2727272727272727,0.7272727272727273,0.17828895173693876,0.0,0.6,0.0038053,8,2,0.0,,,,,,,,,,
808,0.021745563484728336,13.0,74.0,0.17567567567567569,1.0,12.0,0.07692307692307693,0.9230769230769231,0.18341184867750837,0.0,0.6,0.0038053,8,3,0.0,,,,,,,,,,
809,0.024033764377236366,7.0,74.0,0.0945945945945946,1.0,6.0,0.14285714285714285,0.8571428571428571,0.18282683070709546,0.0,0.6,0.0038053,8,4,0.0,,,,,,,,,,
810,0.12400405202060938,2.0,74.0,0.02702702702702703,1.0,1.0,0.5,0.5,0.17256533812821367,0.0,0.6,0.0038053,8,5,0.0,,,,,,,,,,
811,0.013563522137701511,67.0,74.0,0.9054054054054054,13.0,54.0,0.19402985074626866,0.8059701492537313,0.18258269767963764,0.0,0.6,0.0038053,8,6,0.0,,,,,,,,,,
812,0.1291761822067201,8.0,74.0,0.10810810810810811,1.0,7.0,0.125,0.875,0.18125668933855063,0.0,0.6,0.0038053,8,7,0.0,,,,,,,,,,
813,0.01624572859145701,34.0,74.0,0.4594594594594595,12.0,22.0,0.35294117647058826,0.6470588235294118,0.18167854844536976,0.0,0.6,0.0038053,8,8,0.0,,,,,,,,,,
814,0.09835064457729459,3.0,74.0,0.04054054054054054,0.0,3.0,0.0,1.0,0.17781007388687464,0.0,0.6,0.0038053,8,9,0.0,,,,,,,,,,
815,0.01598744303919375,35.0,74.0,0.47297297297297297,7.0,28.0,0.2,0.8,0.1841071729139229,0.0,0.6,0.0038053,8,10,0.0,,,,,,,,,,
816,0.17689518886618316,28.0,74.0,0.3783783783783784,7.0,21.0,0.25,0.75,0.1836890693306639,0.0,0.6,0.0038053,8,11,0.0,,,,,,,,,,
817,0.013422404997982085,33.0,74.0,0.44594594594594594,6.0,27.0,0.18181818181818182,0.8181818181818182,0.18008045214384014,0.0,0.6,0.0038053,8,12,0.0,,,,,,,,,,
818,0.029400732833892107,6.0,74.0,0.08108108108108109,0.0,6.0,0.0,1.0,0.18366045839333844,0.0,0.6,0.0038053,8,13,0.0,,,,,,,,,,
819,0.1083460790105164,4.0,74.0,0.05405405405405406,0.0,4.0,0.0,1.0,0.19326026300403268,0.0,0.6,0.0038053,8,14,0.0,,,,,,,,,,
820,0.012612046208232641,34.0,74.0,0.4594594594594595,9.0,25.0,0.2647058823529412,0.7352941176470589,0.17799353997343492,0.0,0.6,0.0038053,8,15,0.0,,,,,,,,,,
821,0.1980103370733559,1.0,74.0,0.013513513513513514,1.0,0.0,1.0,0.0,0.16753329931479977,0.0,0.6,0.0038053,8,16,0.0,,,,,,,,,,
822,0.01612457842566073,12.0,74.0,0.16216216216216217,1.0,11.0,0.08333333333333333,0.9166666666666666,0.18821142508141156,0.0,0.6,0.0038053,8,17,0.0,,,,,,,,,,
823,0.17065646266564727,43.0,74.0,0.581081081081081,10.0,33.0,0.23255813953488372,0.7674418604651163,0.17982191395754182,0.0,0.6,0.0038053,8,18,0.0,,,,,,,,,,
824,0.099175427807495,6.0,74.0,0.08108108108108109,0.0,6.0,0.0,1.0,0.19500715990957507,0.0,0.6,0.0038053,8,19,0.0,,,,,,,,,,
825,0.17351389303803444,33.0,74.0,0.44594594594594594,8.0,25.0,0.24242424242424243,0.7575757575757576,0.1797268756337239,0.0,0.6,0.0038053,8,20,0.0,,,,,,,,,,
826,0.14231480262242258,9.0,74.0,0.12162162162162163,2.0,7.0,0.2222222222222222,0.7777777777777778,0.1875410309809212,0.0,0.6,0.0038053,8,21,0.0,,,,,,,,,,
827,0.015459930058568716,13.0,74.0,0.17567567567567569,2.0,11.0,0.15384615384615385,0.8461538461538461,0.18172774563101873,0.0,0.6,0.0038053,8,22,0.0,,,,,,,,,,
828,0.016489185392856598,11.0,74.0,0.14864864864864866,1.0,10.0,0.09090909090909091,0.9090909090909091,0.18861090517936335,0.0,0.6,0.0038053,8,23,0.0,,,,,,,,,,
829,0.2914758021943271,7.0,74.0,0.0945945945945946,1.0,6.0,0.14285714285714285,0.8571428571428571,0.17322612706703103,0.0,0.6,0.0038053,8,24,0.0,,,,,,,,,,
830,0.01183391478843987,58.0,74.0,0.7837837837837838,10.0,48.0,0.1724137931034483,0.8275862068965517,0.18144190141228947,0.0,0.6,0.0038053,8,25,0.0,,,,,,,,,,
831,0.1134583915118128,3.0,74.0,0.04054054054054054,0.0,3.0,0.0,1.0,0.18952644044973402,0.0,0.6,0.0038053,8,26,0.0,,,,,,,,,,
832,0.012391448952257633,28.0,74.0,0.3783783783783784,5.0,23.0,0.17857142857142858,0.8214285714285714,0.18127073959296439,0.0,0.6,0.0038053,8,27,0.0,,,,,,,,,,
833,0.012121772626414895,47.0,74.0,0.6351351351351351,6.0,41.0,0.1276595744680851,0.8723404255319149,0.18479410699569263,0.0,0.6,0.0038053,8,28,0.0,,,,,,,,,,
834,0.09335353458300233,2.0,74.0,0.02702702702702703,0.0,2.0,0.0,1.0,0.1804292721808438,0.0,0.6,0.0038053,8,29,0.0,,,,,,,,,,
835,0.07871605479158461,4.0,74.0,0.05405405405405406,0.0,4.0,0.0,1.0,0.18969452037450235,0.0,0.6,0.0038053,8,30,0.0,,,,,,,,,,
836,0.12973211100324988,5.0,74.0,0.06756756756756757,1.0,4.0,0.2,0.8,0.18088556573704806,0.0,0.6,0.0038053,8,31,0.0,,,,,,,,,,
837,0.011883091880008578,69.0,74.0,0.9324324324324325,11.0,58.0,0.15942028985507245,0.8405797101449275,0.18138688506857936,0.0,0.6,0.0038053,8,32,0.0,,,,,,,,,,
838,0.013895677402615547,13.0,74.0,0.17567567567567569,2.0,11.0,0.15384615384615385,0.8461538461538461,0.18595415359842254,0.0,0.6,0.0038053,8,33,0.0,,,,,,,,,,
839,0.012079942505806684,62.0,74.0,0.8378378378378378,17.0,45.0,0.27419354838709675,0.7258064516129032,0.17721368303695215,0.0,0.6,0.0038053,8,34,0.0,,,,,,,,,,
840,0.16083175921812654,12.0,74.0,0.16216216216216217,2.0,10.0,0.16666666666666666,0.8333333333333334,0.18246496284879976,0.0,0.6,0.0038053,8,35,0.0,,,,,,,,,,
841,0.07950214948505163,2.0,74.0,0.02702702702702703,0.0,2.0,0.0,1.0,0.18106727470705494,0.0,0.6,0.0038053,8,36,0.0,,,,,,,,,,
842,0.16423252178356051,14.0,74.0,0.1891891891891892,3.0,11.0,0.21428571428571427,0.7857142857142857,0.1808545495902227,0.0,0.6,0.0038053,8,37,0.0,,,,,,,,,,
843,0.011005406733602285,37.0,74.0,0.5,5.0,32.0,0.13513513513513514,0.8648648648648649,0.18152175462158723,0.0,0.6,0.0038053,8,38,0.0,,,,,,,,,,
844,0.013937242329120636,19.0,74.0,0.25675675675675674,4.0,15.0,0.21052631578947367,0.7894736842105263,0.18094975397568855,0.0,0.6,0.0038053,8,39,0.0,,,,,,,,,,
845,0.03371339803561568,3.0,74.0,0.04054054054054054,1.0,2.0,0.3333333333333333,0.6666666666666666,0.1700294857672212,0.0,0.6,0.0038053,8,40,0.0,,,,,,,,,,
846,0.009587729116901755,67.0,74.0,0.9054054054054054,5.0,62.0,0.07462686567164178,0.9253731343283582,0.18451454409616952,0.0,0.6,0.0038053,8,41,0.0,,,,,,,,,,
847,0.010259103961288929,33.0,74.0,0.44594594594594594,4.0,29.0,0.12121212121212122,0.8787878787878788,0.18862648805193688,0.0,0.6,0.0038053,8,42,0.0,,,,,,,,,,
848,0.3340692457277328,2.0,74.0,0.02702702702702703,0.0,2.0,0.0,1.0,0.17999421401061827,0.0,0.6,0.0038053,8,43,0.0,,,,,,,,,,
849,0.1154691765550524,2.0,74.0,0.02702702702702703,0.0,2.0,0.0,1.0,0.1724810557686661,0.0,0.6,0.0038053,8,44,0.0,,,,,,,,,,
850,0.15806101681664586,3.0,74.0,0.04054054054054054,0.0,3.0,0.0,1.0,0.18433948629133215,0.0,0.6,0.0038053,8,45,0.0,,,,,,,,,,
851,0.009685590397566557,42.0,74.0,0.5675675675675675,8.0,34.0,0.19047619047619047,0.8095238095238095,0.1843919525794616,0.0,0.6,0.0038053,8,46,0.0,,,,,,,,,,
852,0.38137274514883757,1.0,74.0,0.013513513513513514,0.0,1.0,0.0,1.0,0.17825438910765934,0.0,0.6,0.0038053,8,47,0.0,,,,,,,,,,
853,0.1431233580224216,7.0,74.0,0.0945945945945946,2.0,5.0,0.2857142857142857,0.7142857142857143,0.17542091880308708,0.0,0.6,0.0038053,8,48,0.0,,,,,,,,,,
854,0.00781524064950645,68.0,74.0,0.918918918918919,7.0,61.0,0.10294117647058823,0.8970588235294118,0.18249024174446732,0.0,0.6,0.0038053,8,49,0.0,,,,,,,,,,
855,0.08918574615381658,0.0,74.0,0.0,0.0,0.0,0.0,0.0,0.0,0.0,0.6,0.0038053,8,50,0.0,,,,,,,,,,
856,0.008047626353800297,38.0,74.0,0.5135135135135135,9.0,29.0,0.23684210526315788,0.7631578947368421,0.18125223589129558,0.0,0.6,0.0038053,8,51,0.0,,,,,,,,,,
857,0.00791236269287765,65.0,74.0,0.8783783783783784,13.0,52.0,0.2,0.8,0.1846002376418922,0.0,0.6,0.0038053,8,52,0.0,,,,,,,,,,
858,0.18327057489659637,12.0,74.0,0.16216216216216217,3.0,9.0,0.25,0.75,0.17595254874490177,0.0,0.6,0.0038053,8,53,0.0,,,,,,,,,,
859,0.008391228038817644,32.0,74.0,0.43243243243243246,6.0,26.0,0.1875,0.8125,0.185395755774263,0.0,0.6,0.0038053,8,54,0.0,,,,,,,,,,
860,0.00998425402212888,37.0,74.0,0.5,9.0,28.0,0.24324324324324326,0.7567567567567568,0.1852127094087717,0.0,0.6,0.0038053,8,55,0.0,,,,,,,,,,
861,0.007600666489452124,33.0,74.0,0.44594594594594594,4.0,29.0,0.12121212121212122,0.8787878787878788,0.1835141838099474,0.0,0.6,0.0038053,8,56,0.0,,,,,,,,,,
862,0.20636682829353958,4.0,74.0,0.05405405405405406,0.0,4.0,0.0,1.0,0.1790859189399384,0.0,0.6,0.0038053,8,57,0.0,,,,,,,,,,
863,0.008173753973096609,67.0,74.0,0.9054054054054054,10.0,57.0,0.14925373134328357,0.8507462686567164,0.18564544127960836,0.0,0.6,0.0038053,8,58,0.0,,,,,,,,,,
864,0.3130495420191437,9.0,74.0,0.12162162162162163,0.0,9.0,0.0,1.0,0.20832723080926333,0.0,0.6,0.0038053,8,59,0.0,,,,,,,,,,
865,0.008732620626688004,36.0,74.0,0.4864864864864865,7.0,29.0,0.19444444444444445,0.8055555555555556,0.1818766433018903,0.0,0.6,0.0038053,8,60,0.0,,,,,,,,,,
866,0.14472637372091413,8.0,74.0,0.10810810810810811,2.0,6.0,0.25,0.75,0.17351174965281194,0.0,0.6,0.0038053,8,61,0.0,,,,,,,,,,
867,0.1494211032986641,2.0,74.0,0.02702702702702703,0.0,2.0,0.0,1.0,0.17614279471552463,0.0,0.6,0.0038053,8,62,0.0,,,,,,,,,,
868,0.006498461123555899,72.0,74.0,0.972972972972973,5.0,67.0,0.06944444444444445,0.9305555555555556,0.18480239468413684,0.0,0.6,0.0038053,8,63,0.0,,,,,,,,,,
869,0.04014572442974895,4.0,74.0,0.05405405405405406,0.0,4.0,0.0,1.0,0.17973773047281844,0.0,0.6,0.0038053,8,64,0.0,,,,,,,,,,
870,0.008005175390280783,53.0,74.0,0.7162162162162162,6.0,47.0,0.11320754716981132,0.8867924528301887,0.18782310884865103,0.0,0.6,0.0038053,8,65,0.0,,,,,,,,,,
871,0.33145760116167367,6.0,74.0,0.08108108108108109,2.0,4.0,0.3333333333333333,0.6666666666666666,0.17359568430584507,0.0,0.6,0.0038053,8,66,0.0,,,,,,,,,,
872,0.10989294922910631,0.0,74.0,0.0,0.0,0.0,0.0,0.0,0.0,0.0,0.6,0.0038053,8,67,0.0,,,,,,,,,,
873,0.206993758212775,2.0,74.0,0.02702702702702703,0.0,2.0,0.0,1.0,0.176317946123681,0.0,0.6,0.0038053,8,68,0.0,,,,,,,,,,
874,0.007346955011598766,72.0,74.0,0.972972972972973,2.0,70.0,0.027777777777777776,0.9722222222222222,0.18635150341123347,0.0,0.6,0.0038053,8,69,0.0,,,,,,,,,,
875,0.13329933863133192,9.0,74.0,0.12162162162162163,2.0,7.0,0.2222222222222222,0.7777777777777778,0.1834389251984521,0.0,0.6,0.0038053,8,70,0.0,,,,,,,,,,
876,0.1428508290555328,8.0,74.0,0.10810810810810811,1.0,7.0,0.125,0.875,0.17509222304156757,0.0,0.6,0.0038053,8,71,0.0,,,,,,,,,,
877,0.009261879604309797,71.0,74.0,0.9594594594594594,12.0,59.0,0.16901408450704225,0.8309859154929577,0.18451631509606786,0.0,0.6,0.0038053,8,72,0.0,,,,,,,,,,
878,0.010055209742859006,62.0,74.0,0.8378378378378378,15.0,47.0,0.24193548387096775,0.7580645161290323,0.18436017229959248,0.0,0.6,0.0038053,8,73,0.0,,,,,,,,,,
879,0.11032846570014954,3.0,74.0,0.04054054054054054,0.0,3.0,0.0,1.0,0.19170803665122318,0.0,0.6,0.0038053,8,74,0.0,,,,,,,,,,
880,0.22900773934088647,4.0,74.0,0.05405405405405406,0.0,4.0,0.0,1.0,0.19038468750920579,0.0,0.6,0.0038053,8,75,0.0,,,,,,,,,,
881,0.008118175785057247,72.0,74.0,0.972972972972973,13.0,59.0,0.18055555555555555,0.8194444444444444,0.18581708829887272,0.0,0.6,0.0038053,8,76,0.0,,,,,,,,,,
882,0.030459619127213955,1.0,74.0,0.013513513513513514,0.0,1.0,0.0,1.0,0.1781117727834993,0.0,0.6,0.0038053,8,77,0.0,,,,,,,,,,
883,0.11247980897314847,2.0,74.0,0.02702702702702703,0.0,2.0,0.0,1.0,0.17487304210925392,0.0,0.6,0.0038053,8,78,0.0,,,,,,,,,,
884,0.008207742823287845,39.0,74.0,0.527027027027027,13.0,26.0,0.3333333333333333,0.6666666666666666,0.17855216788880895,0.0,0.6,0.0038053,8,79,0.0,,,,,,,,,,
885,0.017752571613527834,10.0,74.0,0.13513513513513514,0.0,10.0,0.0,1.0,0.20261759782519592,0.0,0.6,0.0038053,8,80,0.0,,,,,,,,,,
886,0.03327833954244852,0.0,74.0,0.0,0.0,0.0,0.0,0.0,0.0,0.0,0.6,0.0038053,8,81,0.0,,,,,,,,,,
887,0.009560190606862307,59.0,74.0,0.7972972972972973,11.0,48.0,0.1864406779661017,0.8135593220338984,0.18372837627968086,0.0,0.6,0.0038053,8,82,0.0,,,,,,,,,,
888,0.008662508334964514,34.0,74.0,0.4594594594594595,8.0,26.0,0.23529411764705882,0.7647058823529411,0.18640150755208895,0.0,0.6,0.0038053,8,83,0.0,,,,,,,,,,
889,0.010254002059809864,18.0,74.0,0.24324324324324326,0.0,18.0,0.0,1.0,0.1984711545449504,0.0,0.6,0.0038053,8,84,0.0,,,,,,,,,,
890,0.06466685805935413,0.0,74.0,0.0,0.0,0.0,0.0,0.0,0.0,0.0,0.6,0.0038053,8,85,0.0,,,,,,,,,,
891,0.1032818544190377,2.0,74.0,0.02702702702702703,0.0,2.0,0.0,1.0,0.19044523712469857,0.0,0.6,0.0038053,8,86,0.0,,,,,,,,,,
892,0.037056634901091456,4.0,74.0,0.05405405405405406,0.0,4.0,0.0,1.0,0.18696334796212272,0.0,0.6,0.0038053,8,87,0.0,,,,,,,,,,
893,0.016961882240138948,6.0,74.0,0.08108108108108109,0.0,6.0,0.0,1.0,0.18916564496936109,0.0,0.6,0.0038053,8,88,0.0,,,,,,,,,,
894,0.007864881888963282,41.0,74.0,0.5540540540540541,12.0,29.0,0.2926829268292683,0.7073170731707317,0.18012267726978162,0.0,0.6,0.0038053,8,89,0.0,,,,,,,,,,
895,0.26900167926214635,0.0,74.0,0.0,0.0,0.0,0.0,0.0,0.0,0.0,0.6,0.0038053,8,90,0.0,,,,,,,,,,
896,0.009244049550034106,39.0,74.0,0.527027027027027,13.0,26.0,0.3333333333333333,0.6666666666666666,0.17777940215020396,0.0,0.6,0.0038053,8,91,0.0,,,,,,,,,,
897,0.011446899501606822,1.0,74.0,0.013513513513513514,1.0,0.0,1.0,0.0,0.15985451812107845,0.0,0.6,0.0038053,8,92,0.0,,,,,,,,,,
898,0.04696949617937207,0.0,74.0,0.0,0.0,0.0,0.0,0.0,0.0,0.0,0.6,0.0038053,8,93,0.0,,,,,,,,,,
899,0.007354193716309965,26.0,74.0,0.35135135135135137,7.0,19.0,0.2692307692307692,0.7307692307692307,0.18128775238329498,0.0,0.6,0.0038053,8,94,0.0,,,,,,,,,,
900,0.13529000466223806,8.0,74.0,0.10810810810810811,1.0,7.0,0.125,0.875,0.18443949706517884,0.0,0.6,0.0038053,8,95,0.0,,,,,,,,,,
901,0.007680785725824535,40.0,74.0,0.5405405405405406,12.0,28.0,0.3,0.7,0.18109504769839396,0.0,0.6,0.0038053,8,96,0.0,,,,,,,,,,
902,0.18993867572862655,18.0,74.0,0.24324324324324326,4.0,14.0,0.2222222222222222,0.7777777777777778,0.17801267352154804,0.0,0.6,0.0038053,8,97,0.0,,,,,,,,,,
903,0.1798481117002666,6.0,74.0,0.08108108108108109,0.0,6.0,0.0,1.0,0.19028110797830008,0.0,0.6,0.0038053,8,98,0.0,,,,,,,,,,
904,0.013483527698554099,8.0,74.0,0.10810810810810811,0.0,8.0,0.0,1.0,0.19836420554794088,0.0,0.6,0.0038053,8,99,0.0,,,,,,,,,,
905,0.00789312634151429,29.0,74.0,0.3918918918918919,5.0,24.0,0.1724137931034483,0.8275862068965517,0.18482562435983438,0.0,0.6,0.0038053,8,100,0.0,,,,,,,,,,
906,0.3174097022274509,8.0,74.0,0.10810810810810811,0.0,8.0,0.0,1.0,0.17938874883824976,0.0,0.6,0.0038053,8,101,0.0,,,,,,,,,,
907,0.01609456934966147,12.0,74.0,0.16216216216216217,0.0,12.0,0.0,1.0,0.18283638967823598,0.0,0.6,0.0038053,8,102,0.0,,,,,,,,,,
908,0.007950215018354356,42.0,74.0,0.5675675675675675,7.0,35.0,0.16666666666666666,0.8333333333333334,0.18464756178712882,0.0,0.6,0.0038053,8,103,0.0,,,,,,,,,,
909,0.010845905402675271,30.0,74.0,0.40540540540540543,7.0,23.0,0.23333333333333334,0.7666666666666667,0.18912817859579537,0.0,0.6,0.0038053,8,104,0.0,,,,,,,,,,
910,0.1775556579232216,2.0,74.0,0.02702702702702703,1.0,1.0,0.5,0.5,0.17412918913754244,0.0,0.6,0.0038053,8,105,0.0,,,,,,,,,,
911,0.18205881235189736,57.0,74.0,0.7702702702702703,8.0,49.0,0.14035087719298245,0.8596491228070176,0.18126168576911716,0.0,0.6,0.0038053,8,106,0.0,,,,,,,,,,
912,0.07551461190450937,0.0,74.0,0.0,0.0,0.0,0.0,0.0,0.0,0.0,0.6,0.0038053,8,107,0.0,,,,,,,,,,
913,0.02982374024577439,0.0,74.0,0.0,0.0,0.0,0.0,0.0,0.0,0.0,0.6,0.0038053,8,108,0.0,,,,,,,,,,
914,0.008321955567225814,48.0,74.0,0.6486486486486487,11.0,37.0,0.22916666666666666,0.7708333333333334,0.1840714116152012,0.0,0.6,0.0038053,8,109,0.0,,,,,,,,,,
915,0.007586106541566551,22.0,74.0,0.2972972972972973,3.0,19.0,0.13636363636363635,0.8636363636363636,0.1931287383915904,0.0,0.6,0.0038053,8,110,0.0,,,,,,,,,,
916,0.10393751529045403,7.0,74.0,0.0945945945945946,0.0,7.0,0.0,1.0,0.19278026869617082,0.0,0.6,0.0038053,8,111,0.0,,,,,,,,,,
917,0.008420219994150102,26.0,74.0,0.35135135135135137,6.0,20.0,0.23076923076923078,0.7692307692307693,0.18222547443132195,0.0,0.6,0.0038053,8,112,0.0,,,,,,,,,,
918,0.008492596680298448,50.0,74.0,0.6756756756756757,8.0,42.0,0.16,0.84,0.18444320590367194,0.0,0.6,0.0038053,8,113,0.0,,,,,,,,,,
919,0.007066154154017568,72.0,74.0,0.972972972972973,12.0,60.0,0.16666666666666666,0.8333333333333334,0.18437587607143913,0.0,0.6,0.0038053,8,114,0.0,,,,,,,,,,
920,0.0075888985767960555,51.0,74.0,0.6891891891891891,15.0,36.0,0.29411764705882354,0.7058823529411765,0.18466568128718835,0.0,0.6,0.0038053,8,115,0.0,,,,,,,,,,
920,,,,,,,,,,,,,8,,1.0,0.8578431372549019,0.5878677207690018,0.8602941176470589,0.5752380960262738,0.9918211559432933,0.039422601416869006,0.13397801868839143,0.9918211559432933,0.039331569931591336,0.13152703829623447
921,0.0069216163828969,72.0,74.0,0.972972972972973,13.0,59.0,0.18055555555555555,0.8194444444444444,0.183570386302035,0.0,0.6,0.0038053,9,1,0.0,,,,,,,,,,
922,0.18077934498433024,52.0,74.0,0.7027027027027027,7.0,45.0,0.1346153846153846,0.8653846153846154,0.17802279688014117,0.0,0.6,0.0038053,9,2,0.0,,,,,,,,,,
923,0.0064099677838385105,63.0,74.0,0.8513513513513513,13.0,50.0,0.20634920634920634,0.7936507936507936,0.1797752358133679,0.0,0.6,0.0038053,9,3,0.0,,,,,,,,,,
924,0.007318890420719981,31.0,74.0,0.4189189189189189,1.0,30.0,0.03225806451612903,0.967741935483871,0.19110914091350176,0.0,0.6,0.0038053,9,4,0.0,,,,,,,,,,
925,0.007985123666003346,60.0,74.0,0.8108108108108109,14.0,46.0,0.23333333333333334,0.7666666666666667,0.18180289303297287,0.0,0.6,0.0038053,9,5,0.0,,,,,,,,,,
926,0.006440465454943478,67.0,74.0,0.9054054054054054,3.0,64.0,0.04477611940298507,0.9552238805970149,0.1891603706296496,0.0,0.6,0.0038053,9,6,0.0,,,,,,,,,,
927,0.0059089952846989036,72.0,74.0,0.972972972972973,10.0,62.0,0.1388888888888889,0.8611111111111112,0.19033701816107979,0.0,0.6,0.0038053,9,7,0.0,,,,,,,,,,
928,0.006465082871727645,72.0,74.0,0.972972972972973,20.0,52.0,0.2777777777777778,0.7222222222222222,0.1800628314224788,0.0,0.6,0.0038053,9,8,0.0,,,,,,,,,,
929,0.006383870146237314,72.0,74.0,0.972972972972973,11.0,61.0,0.1527777777777778,0.8472222222222222,0.1866509511064326,0.0,0.6,0.0038053,9,9,0.0,,,,,,,,,,
930,0.16036536335013807,6.0,74.0,0.08108108108108109,3.0,3.0,0.5,0.5,0.1754311435390131,0.0,0.6,0.0038053,9,10,0.0,,,,,,,,,,
931,0.00553758698515594,72.0,74.0,0.972972972972973,13.0,59.0,0.18055555555555555,0.8194444444444444,0.18768128210158452,0.0,0.6,0.0038053,9,11,0.0,,,,,,,,,,
932,0.006105137639679015,64.0,74.0,0.8648648648648649,14.0,50.0,0.21875,0.78125,0.17990777075061584,0.0,0.6,0.0038053,9,12,0.0,,,,,,,,,,
933,0.005206089350394905,72.0,74.0,0.972972972972973,8.0,64.0,0.1111111111111111,0.8888888888888888,0.18948719521109536,0.0,0.6,0.0038053,9,13,0.0,,,,,,,,,,
934,0.004702665260992944,72.0,74.0,0.972972972972973,7.0,65.0,0.09722222222222222,0.9027777777777778,0.18601228406287298,0.0,0.6,0.0038053,9,14,0.0,,,,,,,,,,
935,0.0049209174467250705,72.0,74.0,0.972972972972973,11.0,61.0,0.1527777777777778,0.8472222222222222,0.18672492981238648,0.0,0.6,0.0038053,9,15,0.0,,,,,,,,,,
936,0.0050764442421495914,72.0,74.0,0.972972972972973,9.0,63.0,0.125,0.875,0.1903784053015252,0.0,0.6,0.0038053,9,16,0.0,,,,,,,,,,
937,0.11817814491223544,2.0,74.0,0.02702702702702703,1.0,1.0,0.5,0.5,0.1744909522738734,0.0,0.6,0.0038053,9,17,0.0,,,,,,,,,,
938,0.004807139630429447,72.0,74.0,0.972972972972973,12.0,60.0,0.16666666666666666,0.8333333333333334,0.18772164001600616,0.0,0.6,0.0038053,9,18,0.0,,,,,,,,,,
939,0.1497709492687136,0.0,74.0,0.0,0.0,0.0,0.0,0.0,0.0,0.0,0.6,0.0038053,9,19,0.0,,,,,,,,,,
940,0.12258313229540363,2.0,74.0,0.02702702702702703,0.0,2.0,0.0,1.0,0.17988611304695626,0.0,0.6,0.0038053,9,20,0.0,,,,,,,,,,
941,0.007130003999918699,21.0,74.0,0.28378378378378377,1.0,20.0,0.047619047619047616,0.9523809523809523,0.18914352726244898,0.0,0.6,0.0038053,9,21,0.0,,,,,,,,,,
942,0.004285226576030254,72.0,74.0,0.972972972972973,15.0,57.0,0.20833333333333334,0.7916666666666666,0.18556663748576638,0.0,0.6,0.0038053,9,22,0.0,,,,,,,,,,
943,0.0042449269676581025,72.0,74.0,0.972972972972973,10.0,62.0,0.1388888888888889,0.8611111111111112,0.19008904357844295,0.0,0.6,0.0038053,9,23,0.0,,,,,,,,,,
944,0.11629198351874948,4.0,74.0,0.05405405405405406,1.0,3.0,0.25,0.75,0.1744336554205081,0.0,0.6,0.0038053,9,24,0.0,,,,,,,,,,
945,0.004165212973020971,34.0,74.0,0.4594594594594595,2.0,32.0,0.058823529411764705,0.9411764705882353,0.19187530800235947,0.0,0.6,0.0038053,9,25,0.0,,,,,,,,,,
946,0.0038304103072732687,72.0,74.0,0.972972972972973,7.0,65.0,0.09722222222222222,0.9027777777777778,0.19038528409458735,0.0,0.6,0.0038053,9,26,0.0,,,,,,,,,,
947,0.004206734069157392,72.0,74.0,0.972972972972973,8.0,64.0,0.1111111111111111,0.8888888888888888,0.19155072970105577,0.0,0.6,0.0038053,9,27,0.0,,,,,,,,,,
948,0.004142828052863479,72.0,74.0,0.972972972972973,3.0,69.0,0.041666666666666664,0.9583333333333334,0.19416396265085614,0.0,0.6,0.0038053,9,28,0.0,,,,,,,,,,
949,0.003840549907181412,72.0,74.0,0.972972972972973,16.0,56.0,0.2222222222222222,0.7777777777777778,0.179714214815828,0.0,0.6,0.0038053,9,29,0.0,,,,,,,,,,
950,0.18577013711910695,52.0,74.0,0.7027027027027027,6.0,46.0,0.11538461538461539,0.8846153846153846,0.1815630960452635,0.0,0.6,0.0038053,9,30,0.0,,,,,,,,,,
951,0.004148926993366331,67.0,74.0,0.9054054054054054,6.0,61.0,0.08955223880597014,0.9104477611940298,0.18679072785474315,0.0,0.6,0.0038053,9,31,0.0,,,,,,,,,,
952,0.3395100908819586,6.0,74.0,0.08108108108108109,0.0,6.0,0.0,1.0,0.18371323000019454,0.0,0.6,0.0038053,9,32,0.0,,,,,,,,,,
953,0.004206922021694481,62.0,74.0,0.8378378378378378,13.0,49.0,0.20967741935483872,0.7903225806451613,0.17893231450578098,0.0,0.6,0.0038053,9,33,0.0,,,,,,,,,,
954,0.003855399612803012,72.0,74.0,0.972972972972973,9.0,63.0,0.125,0.875,0.1876913392690663,0.0,0.6,0.0038053,9,34,0.0,,,,,,,,,,
955,0.005459074454847723,14.0,74.0,0.1891891891891892,5.0,9.0,0.35714285714285715,0.6428571428571429,0.18440454520667782,0.0,0.6,0.0038053,9,35,0.0,,,,,,,,,,
956,0.005060325376689434,25.0,74.0,0.33783783783783783,1.0,24.0,0.04,0.96,0.1942929833175736,0.0,0.6,0.0038053,9,36,0.0,,,,,,,,,,
957,0.003995627746917307,63.0,74.0,0.8513513513513513,3.0,60.0,0.047619047619047616,0.9523809523809523,0.1868812117280002,0.0,0.6,0.0038053,9,37,0.0,,,,,,,,,,
958,0.2902410611277446,2.0,74.0,0.02702702702702703,0.0,2.0,0.0,1.0,0.17995732244796936,0.0,0.6,0.0038053,9,38,0.0,,,,,,,,,,
959,0.004947471898049116,23.0,74.0,0.3108108108108108,1.0,22.0,0.043478260869565216,0.9565217391304348,0.18991018321254446,0.0,0.6,0.0038053,9,39,0.0,,,,,,,,,,
960,0.09635965310735628,0.0,74.0,0.0,0.0,0.0,0.0,0.0,0.0,0.0,0.6,0.0038053,9,40,0.0,,,,,,,,,,
961,0.004034541081637144,63.0,74.0,0.8513513513513513,7.0,56.0,0.1111111111111111,0.8888888888888888,0.18103708088300788,0.0,0.6,0.0038053,9,41,0.0,,,,,,,,,,
962,0.005426086485385895,28.0,74.0,0.3783783783783784,5.0,23.0,0.17857142857142858,0.8214285714285714,0.18649490820519413,0.0,0.6,0.0038053,9,42,0.0,,,,,,,,,,
963,0.0037201240193098783,72.0,74.0,0.972972972972973,6.0,66.0,0.08333333333333333,0.9166666666666666,0.18835205571743388,0.0,0.6,0.0038053,9,43,0.0,,,,,,,,,,
964,0.16124929871875793,5.0,74.0,0.06756756756756757,1.0,4.0,0.2,0.8,0.1790874723158267,0.0,0.6,0.0038053,9,44,0.0,,,,,,,,,,
965,0.0032670407090336084,72.0,74.0,0.972972972972973,7.0,65.0,0.09722222222222222,0.9027777777777778,0.19057370689340158,0.0,0.6,0.0038053,9,45,0.0,,,,,,,,,,
966,0.0041832021670416,33.0,74.0,0.44594594594594594,3.0,30.0,0.09090909090909091,0.9090909090909091,0.19220736760076462,0.0,0.6,0.0038053,9,46,0.0,,,,,,,,,,
967,0.003791261464357376,70.0,74.0,0.9459459459459459,13.0,57.0,0.18571428571428572,0.8142857142857143,0.18560933735583923,0.0,0.6,0.0038053,9,47,0.0,,,,,,,,,,
968,0.1840222306200303,54.0,74.0,0.7297297297297297,5.0,49.0,0.09259259259259259,0.9074074074074074,0.17931904407747545,0.0,0.6,0.0038053,9,48,0.0,,,,,,,,,,
969,0.2550834458670579,0.0,74.0,0.0,0.0,0.0,0.0,0.0,0.0,0.0,0.6,0.0038053,9,49,0.0,,,,,,,,,,
970,0.20112472824985161,4.0,74.0,0.05405405405405406,0.0,4.0,0.0,1.0,0.17884815241379542,0.0,0.6,0.0038053,9,50,0.0,,,,,,,,,,
971,0.0035771005204878747,72.0,74.0,0.972972972972973,10.0,62.0,0.1388888888888889,0.8611111111111112,0.1889760487288991,0.0,0.6,0.0038053,9,51,0.0,,,,,,,,,,
972,0.16630309080937877,10.0,74.0,0.13513513513513514,3.0,7.0,0.3,0.7,0.17612763673265922,0.0,0.6,0.0038053,9,52,0.0,,,,,,,,,,
973,0.003854623413644731,65.0,74.0,0.8783783783783784,15.0,50.0,0.23076923076923078,0.7692307692307693,0.1860857906021812,0.0,0.6,0.0038053,9,53,0.0,,,,,,,,,,
974,0.3324838920379989,8.0,74.0,0.10810810810810811,2.0,6.0,0.25,0.75,0.1763146672967075,0.0,0.6,0.0038053,9,54,0.0,,,,,,,,,,
975,0.0039026804734021425,72.0,74.0,0.972972972972973,8.0,64.0,0.1111111111111111,0.8888888888888888,0.18874159432310378,0.0,0.6,0.0038053,9,55,0.0,,,,,,,,,,
976,0.18915091134840623,8.0,74.0,0.10810810810810811,2.0,6.0,0.25,0.75,0.17538846866349803,0.0,0.6,0.0038053,9,56,0.0,,,,,,,,,,
977,0.20708369836211205,3.0,74.0,0.04054054054054054,0.0,3.0,0.0,1.0,0.18298804440179048,0.0,0.6,0.0038053,9,57,0.0,,,,,,,,,,
978,0.13615797035163268,4.0,74.0,0.05405405405405406,2.0,2.0,0.5,0.5,0.17337312838218932,0.0,0.6,0.0038053,9,58,0.0,,,,,,,,,,
979,0.39750187983736396,1.0,74.0,0.013513513513513514,0.0,1.0,0.0,1.0,0.1735863948375326,0.0,0.6,0.0038053,9,59,0.0,,,,,,,,,,
980,0.12395933625521138,2.0,74.0,0.02702702702702703,1.0,1.0,0.5,0.5,0.1733435984035226,0.0,0.6,0.0038053,9,60,0.0,,,,,,,,,,
981,0.13809385243803263,4.0,74.0,0.05405405405405406,1.0,3.0,0.25,0.75,0.17846556714151102,0.0,0.6,0.0038053,9,61,0.0,,,,,,,,,,
982,0.006795049645006657,16.0,74.0,0.21621621621621623,2.0,14.0,0.125,0.875,0.19396588616862268,0.0,0.6,0.0038053,9,62,0.0,,,,,,,,,,
983,0.11090702493675053,6.0,74.0,0.08108108108108109,0.0,6.0,0.0,1.0,0.17911722831083302,0.0,0.6,0.0038053,9,63,0.0,,,,,,,,,,
984,0.005999455461278558,31.0,74.0,0.4189189189189189,4.0,27.0,0.12903225806451613,0.8709677419354839,0.18511696487453896,0.0,0.6,0.0038053,9,64,0.0,,,,,,,,,,
985,0.03477313427720219,0.0,74.0,0.0,0.0,0.0,0.0,0.0,0.0,0.0,0.6,0.0038053,9,65,0.0,,,,,,,,,,
986,0.007027389598079026,39.0,74.0,0.527027027027027,4.0,35.0,0.10256410256410256,0.8974358974358975,0.18833340662289472,0.0,0.6,0.0038053,9,66,0.0,,,,,,,,,,
987,0.12845022918190807,3.0,74.0,0.04054054054054054,0.0,3.0,0.0,1.0,0.18281870102815442,0.0,0.6,0.0038053,9,67,0.0,,,,,,,,,,
988,0.011609304929152131,9.0,74.0,0.12162162162162163,2.0,7.0,0.2222222222222222,0.7777777777777778,0.18572376207768634,0.0,0.6,0.0038053,9,68,0.0,,,,,,,,,,
989,0.006194812245666981,56.0,74.0,0.7567567567567568,13.0,43.0,0.23214285714285715,0.7678571428571429,0.18320027759530463,0.0,0.6,0.0038053,9,69,0.0,,,,,,,,,,
990,0.010899420361965895,12.0,74.0,0.16216216216216217,2.0,10.0,0.16666666666666666,0.8333333333333334,0.19211757573460075,0.0,0.6,0.0038053,9,70,0.0,,,,,,,,,,
991,0.0067623809445649385,42.0,74.0,0.5675675675675675,8.0,34.0,0.19047619047619047,0.8095238095238095,0.1862991912223572,0.0,0.6,0.0038053,9,71,0.0,,,,,,,,,,
992,0.006092656753025949,36.0,74.0,0.4864864864864865,7.0,29.0,0.19444444444444445,0.8055555555555556,0.18600312753282988,0.0,0.6,0.0038053,9,72,0.0,,,,,,,,,,
993,0.04015835816971958,2.0,74.0,0.02702702702702703,0.0,2.0,0.0,1.0,0.1843969068754763,0.0,0.6,0.0038053,9,73,0.0,,,,,,,,,,
994,0.015899440390057862,7.0,74.0,0.0945945945945946,0.0,7.0,0.0,1.0,0.187129978268355,0.0,0.6,0.0038053,9,74,0.0,,,,,,,,,,
995,0.16818894678726792,11.0,74.0,0.14864864864864866,0.0,11.0,0.0,1.0,0.19626041159340588,0.0,0.6,0.0038053,9,75,0.0,,,,,,,,,,
996,0.02322977874428034,5.0,74.0,0.06756756756756757,0.0,5.0,0.0,1.0,0.19261326313263455,0.0,0.6,0.0038053,9,76,0.0,,,,,,,,,,
997,0.006164403515867889,48.0,74.0,0.6486486486486487,13.0,35.0,0.2708333333333333,0.7291666666666666,0.18609239850220147,0.0,0.6,0.0038053,9,77,0.0,,,,,,,,,,
998,0.006084575201384723,49.0,74.0,0.6621621621621622,12.0,37.0,0.24489795918367346,0.7551020408163265,0.1851133594610988,0.0,0.6,0.0038053,9,78,0.0,,,,,,,,,,
999,0.011354519287124276,13.0,74.0,0.17567567567567569,3.0,10.0,0.23076923076923078,0.7692307692307693,0.18535582115354188,0.0,0.6,0.0038053,9,79,0.0,,,,,,,,,,
1000,0.0066244908375665545,46.0,74.0,0.6216216216216216,10.0,36.0,0.21739130434782608,0.782608695652174,0.18425046301707543,0.0,0.6,0.0038053,9,80,0.0,,,,,,,,,,
1001,0.0047729648649692535,72.0,74.0,0.972972972972973,11.0,61.0,0.1527777777777778,0.8472222222222222,0.18302942808136546,0.0,0.6,0.0038053,9,81,0.0,,,,,,,,,,
1002,0.005484613007865846,29.0,74.0,0.3918918918918919,5.0,24.0,0.1724137931034483,0.8275862068965517,0.1838613536209996,0.0,0.6,0.0038053,9,82,0.0,,,,,,,,,,
1003,0.005594559945166111,61.0,74.0,0.8243243243243243,12.0,49.0,0.19672131147540983,0.8032786885245902,0.1809534966601748,0.0,0.6,0.0038053,9,83,0.0,,,,,,,,,,
1004,0.004821084963623434,61.0,74.0,0.8243243243243243,9.0,52.0,0.14754098360655737,0.8524590163934426,0.18265594599702628,0.0,0.6,0.0038053,9,84,0.0,,,,,,,,,,
1005,0.12163636379409581,5.0,74.0,0.06756756756756757,0.0,5.0,0.0,1.0,0.18750688315147596,0.0,0.6,0.0038053,9,85,0.0,,,,,,,,,,
1006,0.2363945860415697,4.0,74.0,0.05405405405405406,2.0,2.0,0.5,0.5,0.16973154353070263,0.0,0.6,0.0038053,9,86,0.0,,,,,,,,,,
1007,0.07455279922578484,5.0,74.0,0.06756756756756757,0.0,5.0,0.0,1.0,0.18219522356821036,0.0,0.6,0.0038053,9,87,0.0,,,,,,,,,,
1008,0.00457749969791621,69.0,74.0,0.9324324324324325,5.0,64.0,0.07246376811594203,0.927536231884058,0.18489138553964282,0.0,0.6,0.0038053,9,88,0.0,,,,,,,,,,
1009,0.004397591459564865,72.0,74.0,0.972972972972973,9.0,63.0,0.125,0.875,0.18657552592074247,0.0,0.6,0.0038053,9,89,0.0,,,,,,,,,,
1010,0.010260043549351394,3.0,74.0,0.04054054054054054,0.0,3.0,0.0,1.0,0.20382223040312877,0.0,0.6,0.0038053,9,90,0.0,,,,,,,,,,
1011,0.00639338931068778,25.0,74.0,0.33783783783783783,2.0,23.0,0.08,0.92,0.18847657053652678,0.0,0.6,0.0038053,9,91,0.0,,,,,,,,,,
1012,0.004294495738577098,72.0,74.0,0.972972972972973,11.0,61.0,0.1527777777777778,0.8472222222222222,0.18253002199890478,0.0,0.6,0.0038053,9,92,0.0,,,,,,,,,,
1013,0.0050141781102865934,36.0,74.0,0.4864864864864865,1.0,35.0,0.027777777777777776,0.9722222222222222,0.1909394438275826,0.0,0.6,0.0038053,9,93,0.0,,,,,,,,,,
1014,0.0061946496134623885,25.0,74.0,0.33783783783783783,5.0,20.0,0.2,0.8,0.1838168202828679,0.0,0.6,0.0038053,9,94,0.0,,,,,,,,,,
1015,0.004445038561243564,61.0,74.0,0.8243243243243243,11.0,50.0,0.18032786885245902,0.819672131147541,0.18652797651143402,0.0,0.6,0.0038053,9,95,0.0,,,,,,,,,,
1016,0.006399695295840502,31.0,74.0,0.4189189189189189,2.0,29.0,0.06451612903225806,0.9354838709677419,0.1950983449085264,0.0,0.6,0.0038053,9,96,0.0,,,,,,,,,,
1017,0.004221042268909514,67.0,74.0,0.9054054054054054,13.0,54.0,0.19402985074626866,0.8059701492537313,0.1790779842768412,0.0,0.6,0.0038053,9,97,0.0,,,,,,,,,,
1018,0.15950924495700747,8.0,74.0,0.10810810810810811,2.0,6.0,0.25,0.75,0.17743739210769557,0.0,0.6,0.0038053,9,98,0.0,,,,,,,,,,
1019,0.004361279774457216,72.0,74.0,0.972972972972973,8.0,64.0,0.1111111111111111,0.8888888888888888,0.1875968081685411,0.0,0.6,0.0038053,9,99,0.0,,,,,,,,,,
1020,0.022453152167145163,0.0,74.0,0.0,0.0,0.0,0.0,0.0,0.0,0.0,0.6,0.0038053,9,100,0.0,,,,,,,,,,
1021,0.004410354013089091,49.0,74.0,0.6621621621621622,11.0,38.0,0.22448979591836735,0.7755102040816326,0.18403767357527037,0.0,0.6,0.0038053,9,101,0.0,,,,,,,,,,
1022,0.011141572962515056,5.0,74.0,0.06756756756756757,1.0,4.0,0.2,0.8,0.19566866465524674,0.0,0.6,0.0038053,9,102,0.0,,,,,,,,,,
1023,0.003567933279555291,72.0,74.0,0.972972972972973,4.0,68.0,0.05555555555555555,0.9444444444444444,0.19142578967746263,0.0,0.6,0.0038053,9,103,0.0,,,,,,,,,,
1024,0.004270384320989251,69.0,74.0,0.9324324324324325,10.0,59.0,0.14492753623188406,0.855072463768116,0.18188883419136548,0.0,0.6,0.0038053,9,104,0.0,,,,,,,,,,
1025,0.026561853592284024,2.0,74.0,0.02702702702702703,0.0,2.0,0.0,1.0,0.17524135537560806,0.0,0.6,0.0038053,9,105,0.0,,,,,,,,,,
1026,0.004151543718762696,63.0,74.0,0.8513513513513513,12.0,51.0,0.19047619047619047,0.8095238095238095,0.18762405262049928,0.0,0.6,0.0038053,9,106,0.0,,,,,,,,,,
1027,0.004246118187438697,66.0,74.0,0.8918918918918919,8.0,58.0,0.12121212121212122,0.8787878787878788,0.18824181978035742,0.0,0.6,0.0038053,9,107,0.0,,,,,,,,,,
1028,0.004662930150516331,29.0,74.0,0.3918918918918919,6.0,23.0,0.20689655172413793,0.7931034482758621,0.1815362818117023,0.0,0.6,0.0038053,9,108,0.0,,,,,,,,,,
1029,0.0034790161880664527,72.0,74.0,0.972972972972973,17.0,55.0,0.2361111111111111,0.7638888888888888,0.18368135707497413,0.0,0.6,0.0038053,9,109,0.0,,,,,,,,,,
1030,0.003974898019805551,72.0,74.0,0.972972972972973,16.0,56.0,0.2222222222222222,0.7777777777777778,0.1859844703170569,0.0,0.6,0.0038053,9,110,0.0,,,,,,,,,,
1031,0.18004749377723783,6.0,74.0,0.08108108108108109,1.0,5.0,0.16666666666666666,0.8333333333333334,0.1763575059728074,0.0,0.6,0.0038053,9,111,0.0,,,,,,,,,,
1032,0.27875092008616775,2.0,74.0,0.02702702702702703,0.0,2.0,0.0,1.0,0.17511933741183078,0.0,0.6,0.0038053,9,112,0.0,,,,,,,,,,
1033,0.16933124617207795,6.0,74.0,0.08108108108108109,1.0,5.0,0.16666666666666666,0.8333333333333334,0.19399001155074172,0.0,0.6,0.0038053,9,113,0.0,,,,,,,,,,
1034,0.003704841888975352,64.0,74.0,0.8648648648648649,10.0,54.0,0.15625,0.84375,0.18339878113108987,0.0,0.6,0.0038053,9,114,0.0,,,,,,,,,,
1035,0.12498609498143196,0.0,74.0,0.0,0.0,0.0,0.0,0.0,0.0,0.0,0.6,0.0038053,9,115,0.0,,,,,,,,,,
1035,,,,,,,,,,,,,9,,1.0,0.8700980392156863,0.636189362177482,0.8676470588235294,0.6223008185625076,0.9956379498364231,0.025422457963957087,0.12553991062073677,0.9956379498364231,0.025259738775861004,0.12799089101289363
1036,0.004605457012075931,27.0,74.0,0.36486486486486486,1.0,26.0,0.037037037037037035,0.9629629629629629,0.20231260867487702,0.0,0.6,0.0038053,10,1,0.0,,,,,,,,,,
1037,0.15135648712748662,2.0,74.0,0.02702702702702703,1.0,1.0,0.5,0.5,0.16862778229643993,0.0,0.6,0.0038053,10,2,0.0,,,,,,,,,,
1038,0.004118564655072987,63.0,74.0,0.8513513513513513,10.0,53.0,0.15873015873015872,0.8412698412698413,0.18854787643454357,0.0,0.6,0.0038053,10,3,0.0,,,,,,,,,,
1039,0.1608045687316917,7.0,74.0,0.0945945945945946,2.0,5.0,0.2857142857142857,0.7142857142857143,0.17695404060103664,0.0,0.6,0.0038053,10,4,0.0,,,,,,,,,,
1040,0.0043112547136843204,37.0,74.0,0.5,6.0,31.0,0.16216216216216217,0.8378378378378378,0.18299601378381397,0.0,0.6,0.0038053,10,5,0.0,,,,,,,,,,
1041,0.0037853456451557577,65.0,74.0,0.8783783783783784,14.0,51.0,0.2153846153846154,0.7846153846153846,0.18482279737796015,0.0,0.6,0.0038053,10,6,0.0,,,,,,,,,,
1042,0.004177568654995412,51.0,74.0,0.6891891891891891,5.0,46.0,0.09803921568627451,0.9019607843137255,0.18643707759319328,0.0,0.6,0.0038053,10,7,0.0,,,,,,,,,,
1043,0.0060054248897358775,31.0,74.0,0.4189189189189189,5.0,26.0,0.16129032258064516,0.8387096774193549,0.18535935993478564,0.0,0.6,0.0038053,10,8,0.0,,,,,,,,,,
1044,0.10087352769915015,4.0,74.0,0.05405405405405406,0.0,4.0,0.0,1.0,0.1783994914801045,0.0,0.6,0.0038053,10,9,0.0,,,,,,,,,,
1045,0.008350573247298598,1.0,74.0,0.013513513513513514,0.0,1.0,0.0,1.0,0.17566285412407526,0.0,0.6,0.0038053,10,10,0.0,,,,,,,,,,
1046,0.0028008843655698,72.0,74.0,0.972972972972973,7.0,65.0,0.09722222222222222,0.9027777777777778,0.1907205227066867,0.0,0.6,0.0038053,10,11,0.0,,,,,,,,,,
1047,0.003104465897195041,72.0,74.0,0.972972972972973,6.0,66.0,0.08333333333333333,0.9166666666666666,0.19108891742744216,0.0,0.6,0.0038053,10,12,0.0,,,,,,,,,,
1048,0.24926700280047953,4.0,74.0,0.05405405405405406,2.0,2.0,0.5,0.5,0.17381106901366858,0.0,0.6,0.0038053,10,13,0.0,,,,,,,,,,
1049,0.02001705125439912,5.0,74.0,0.06756756756756757,0.0,5.0,0.0,1.0,0.17706328122961762,0.0,0.6,0.0038053,10,14,0.0,,,,,,,,,,
1050,0.0031135586905293167,56.0,74.0,0.7567567567567568,9.0,47.0,0.16071428571428573,0.8392857142857143,0.1876153669881084,0.0,0.6,0.0038053,10,15,0.0,,,,,,,,,,
1051,0.0032434206223115325,72.0,74.0,0.972972972972973,13.0,59.0,0.18055555555555555,0.8194444444444444,0.1885927336224056,0.0,0.6,0.0038053,10,16,0.0,,,,,,,,,,
1052,0.00406217691488564,50.0,74.0,0.6756756756756757,4.0,46.0,0.08,0.92,0.1871266609331445,0.0,0.6,0.0038053,10,17,0.0,,,,,,,,,,
1053,0.2184340925887227,1.0,74.0,0.013513513513513514,1.0,0.0,1.0,0.0,0.1708786158079982,0.0,0.6,0.0038053,10,18,0.0,,,,,,,,,,
1054,0.002830279467161745,69.0,74.0,0.9324324324324325,8.0,61.0,0.11594202898550725,0.8840579710144928,0.19170198437141267,0.0,0.6,0.0038053,10,19,0.0,,,,,,,,,,
1055,0.0031605660915374756,55.0,74.0,0.7432432432432432,10.0,45.0,0.18181818181818182,0.8181818181818182,0.18618475109980087,0.0,0.6,0.0038053,10,20,0.0,,,,,,,,,,
1056,0.003020171483512968,72.0,74.0,0.972972972972973,7.0,65.0,0.09722222222222222,0.9027777777777778,0.1932067257842477,0.0,0.6,0.0038053,10,21,0.0,,,,,,,,,,
1057,0.0028778392588719726,72.0,74.0,0.972972972972973,2.0,70.0,0.027777777777777776,0.9722222222222222,0.2021884194591208,0.0,0.6,0.0038053,10,22,0.0,,,,,,,,,,
1058,0.003487585112452507,65.0,74.0,0.8783783783783784,8.0,57.0,0.12307692307692308,0.8769230769230769,0.18356947177655517,0.0,0.6,0.0038053,10,23,0.0,,,,,,,,,,
1059,0.0047876713797450066,25.0,74.0,0.33783783783783783,0.0,25.0,0.0,1.0,0.19242043547689014,0.0,0.6,0.0038053,10,24,0.0,,,,,,,,,,
1060,0.014092347817495465,2.0,74.0,0.02702702702702703,0.0,2.0,0.0,1.0,0.17537690242006326,0.0,0.6,0.0038053,10,25,0.0,,,,,,,,,,
1061,0.0026316529838368297,72.0,74.0,0.972972972972973,4.0,68.0,0.05555555555555555,0.9444444444444444,0.19801621766549912,0.0,0.6,0.0038053,10,26,0.0,,,,,,,,,,
1062,0.183441330678761,15.0,74.0,0.20270270270270271,6.0,9.0,0.4,0.6,0.1744401700585194,0.0,0.6,0.0038053,10,27,0.0,,,,,,,,,,
1063,0.009668490383774042,11.0,74.0,0.14864864864864866,2.0,9.0,0.18181818181818182,0.8181818181818182,0.193648727674848,0.0,0.6,0.0038053,10,28,0.0,,,,,,,,,,
1064,0.004055130761116743,17.0,74.0,0.22972972972972974,3.0,14.0,0.17647058823529413,0.8235294117647058,0.1862322187582453,0.0,0.6,0.0038053,10,29,0.0,,,,,,,,,,
1065,0.0028827349888160825,72.0,74.0,0.972972972972973,17.0,55.0,0.2361111111111111,0.7638888888888888,0.18435408926782745,0.0,0.6,0.0038053,10,30,0.0,,,,,,,,,,
1066,0.003605397476349026,69.0,74.0,0.9324324324324325,14.0,55.0,0.2028985507246377,0.7971014492753623,0.1815135158773112,0.0,0.6,0.0038053,10,31,0.0,,,,,,,,,,
1067,0.13429203676059842,5.0,74.0,0.06756756756756757,0.0,5.0,0.0,1.0,0.17815349328283642,0.0,0.6,0.0038053,10,32,0.0,,,,,,,,,,
1068,0.19825384306022897,12.0,74.0,0.16216216216216217,0.0,12.0,0.0,1.0,0.18636000266017413,0.0,0.6,0.0038053,10,33,0.0,,,,,,,,,,
1069,0.0027204997604712844,72.0,74.0,0.972972972972973,12.0,60.0,0.16666666666666666,0.8333333333333334,0.18776848295239912,0.0,0.6,0.0038053,10,34,0.0,,,,,,,,,,
1070,0.007297601317986846,11.0,74.0,0.14864864864864866,2.0,9.0,0.18181818181818182,0.8181818181818182,0.18856493035446062,0.0,0.6,0.0038053,10,35,0.0,,,,,,,,,,
1071,0.0033576097921468318,66.0,74.0,0.8918918918918919,9.0,57.0,0.13636363636363635,0.8636363636363636,0.18871546032203956,0.0,0.6,0.0038053,10,36,0.0,,,,,,,,,,
1072,0.002620939165353775,72.0,74.0,0.972972972972973,7.0,65.0,0.09722222222222222,0.9027777777777778,0.19537100162073948,0.0,0.6,0.0038053,10,37,0.0,,,,,,,,,,
1073,0.0028584019746631384,72.0,74.0,0.972972972972973,6.0,66.0,0.08333333333333333,0.9166666666666666,0.19216718813987985,0.0,0.6,0.0038053,10,38,0.0,,,,,,,,,,
1074,0.003063523967284709,72.0,74.0,0.972972972972973,11.0,61.0,0.1527777777777778,0.8472222222222222,0.19008893127991325,0.0,0.6,0.0038053,10,39,0.0,,,,,,,,,,
1075,0.003664573421701789,57.0,74.0,0.7702702702702703,16.0,41.0,0.2807017543859649,0.7192982456140351,0.1829601419295867,0.0,0.6,0.0038053,10,40,0.0,,,,,,,,,,
1076,0.007033469795715064,18.0,74.0,0.24324324324324326,0.0,18.0,0.0,1.0,0.20094441291796677,0.0,0.6,0.0038053,10,41,0.0,,,,,,,,,,
1077,0.05145837308373302,2.0,74.0,0.02702702702702703,0.0,2.0,0.0,1.0,0.17662259130033697,0.0,0.6,0.0038053,10,42,0.0,,,,,,,,,,
1078,0.005680448783095926,21.0,74.0,0.28378378378378377,4.0,17.0,0.19047619047619047,0.8095238095238095,0.1949935513037353,0.0,0.6,0.0038053,10,43,0.0,,,,,,,,,,
1079,0.0031614999752491713,72.0,74.0,0.972972972972973,5.0,67.0,0.06944444444444445,0.9305555555555556,0.19197849090041752,0.0,0.6,0.0038053,10,44,0.0,,,,,,,,,,
1080,0.1628262391895987,5.0,74.0,0.06756756756756757,2.0,3.0,0.4,0.6,0.17541018131098363,0.0,0.6,0.0038053,10,45,0.0,,,,,,,,,,
1081,0.004078046709764749,40.0,74.0,0.5405405405405406,3.0,37.0,0.075,0.925,0.1912586397578128,0.0,0.6,0.0038053,10,46,0.0,,,,,,,,,,
1082,0.002824911498464644,72.0,74.0,0.972972972972973,13.0,59.0,0.18055555555555555,0.8194444444444444,0.18859854258955944,0.0,0.6,0.0038053,10,47,0.0,,,,,,,,,,
1083,0.005042128846980631,24.0,74.0,0.32432432432432434,4.0,20.0,0.16666666666666666,0.8333333333333334,0.18797849078968085,0.0,0.6,0.0038053,10,48,0.0,,,,,,,,,,
1084,0.002722604724112898,72.0,74.0,0.972972972972973,17.0,55.0,0.2361111111111111,0.7638888888888888,0.1877904935790349,0.0,0.6,0.0038053,10,49,0.0,,,,,,,,,,
1085,0.00261470495024696,72.0,74.0,0.972972972972973,10.0,62.0,0.1388888888888889,0.8611111111111112,0.18973271983124476,0.0,0.6,0.0038053,10,50,0.0,,,,,,,,,,
1086,0.14188956713769585,0.0,74.0,0.0,0.0,0.0,0.0,0.0,0.0,0.0,0.6,0.0038053,10,51,0.0,,,,,,,,,,
1087,0.003312415152322501,72.0,74.0,0.972972972972973,10.0,62.0,0.1388888888888889,0.8611111111111112,0.18962386537536408,0.0,0.6,0.0038053,10,52,0.0,,,,,,,,,,
1088,0.003061030642129481,64.0,74.0,0.8648648648648649,7.0,57.0,0.109375,0.890625,0.1856997147291767,0.0,0.6,0.0038053,10,53,0.0,,,,,,,,,,
1089,0.008195967820938677,11.0,74.0,0.14864864864864866,0.0,11.0,0.0,1.0,0.1949779394026822,0.0,0.6,0.0038053,10,54,0.0,,,,,,,,,,
1090,0.0025856505380943418,72.0,74.0,0.972972972972973,14.0,58.0,0.19444444444444445,0.8055555555555556,0.1908178564422739,0.0,0.6,0.0038053,10,55,0.0,,,,,,,,,,
1091,0.04381117521552369,0.0,74.0,0.0,0.0,0.0,0.0,0.0,0.0,0.0,0.6,0.0038053,10,56,0.0,,,,,,,,,,
1092,0.004014255362562835,29.0,74.0,0.3918918918918919,3.0,26.0,0.10344827586206896,0.896551724137931,0.19207458776089315,0.0,0.6,0.0038053,10,57,0.0,,,,,,,,,,
1093,0.0030622160411439836,72.0,74.0,0.972972972972973,18.0,54.0,0.25,0.75,0.18100552902408776,0.0,0.6,0.0038053,10,58,0.0,,,,,,,,,,
1094,0.1969411819591187,24.0,74.0,0.32432432432432434,3.0,21.0,0.125,0.875,0.18275303363971993,0.0,0.6,0.0038053,10,59,0.0,,,,,,,,,,
1095,0.0036681772908195853,34.0,74.0,0.4594594594594595,3.0,31.0,0.08823529411764706,0.9117647058823529,0.1883612337061831,0.0,0.6,0.0038053,10,60,0.0,,,,,,,,,,
1096,0.0035555612994357944,63.0,74.0,0.8513513513513513,15.0,48.0,0.23809523809523808,0.7619047619047619,0.1823890671304829,0.0,0.6,0.0038053,10,61,0.0,,,,,,,,,,
1097,0.0025079178158193827,72.0,74.0,0.972972972972973,13.0,59.0,0.18055555555555555,0.8194444444444444,0.19043531752223844,0.0,0.6,0.0038053,10,62,0.0,,,,,,,,,,
1098,0.0029761038022115827,72.0,74.0,0.972972972972973,4.0,68.0,0.05555555555555555,0.9444444444444444,0.19435297348347727,0.0,0.6,0.0038053,10,63,0.0,,,,,,,,,,
1099,0.1255370313883759,3.0,74.0,0.04054054054054054,0.0,3.0,0.0,1.0,0.17508557507361092,0.0,0.6,0.0038053,10,64,0.0,,,,,,,,,,
1100,0.0029997852398082614,72.0,74.0,0.972972972972973,10.0,62.0,0.1388888888888889,0.8611111111111112,0.18291378061374297,0.0,0.6,0.0038053,10,65,0.0,,,,,,,,,,
1101,0.002663500956259668,72.0,74.0,0.972972972972973,7.0,65.0,0.09722222222222222,0.9027777777777778,0.19012081456413682,0.0,0.6,0.0038053,10,66,0.0,,,,,,,,,,
1102,0.004455765709280968,24.0,74.0,0.32432432432432434,0.0,24.0,0.0,1.0,0.19544903257406987,0.0,0.6,0.0038053,10,67,0.0,,,,,,,,,,
1103,0.002293637953698635,72.0,74.0,0.972972972972973,1.0,71.0,0.013888888888888888,0.9861111111111112,0.20489271469801834,0.0,0.6,0.0038053,10,68,0.0,,,,,,,,,,
1104,0.0031069404794834554,72.0,74.0,0.972972972972973,3.0,69.0,0.041666666666666664,0.9583333333333334,0.18910594049717175,0.0,0.6,0.0038053,10,69,0.0,,,,,,,,,,
1105,0.1868684614310041,5.0,74.0,0.06756756756756757,0.0,5.0,0.0,1.0,0.17794484458374785,0.0,0.6,0.0038053,10,70,0.0,,,,,,,,,,
1106,0.0027547230129130185,71.0,74.0,0.9594594594594594,7.0,64.0,0.09859154929577464,0.9014084507042254,0.18763228813350397,0.0,0.6,0.0038053,10,71,0.0,,,,,,,,,,
1107,0.002957008429802954,72.0,74.0,0.972972972972973,10.0,62.0,0.1388888888888889,0.8611111111111112,0.19104473894437415,0.0,0.6,0.0038053,10,72,0.0,,,,,,,,,,
1108,0.002504719188436866,72.0,74.0,0.972972972972973,10.0,62.0,0.1388888888888889,0.8611111111111112,0.19035317287599984,0.0,0.6,0.0038053,10,73,0.0,,,,,,,,,,
1109,0.19656555581605062,15.0,74.0,0.20270270270270271,4.0,11.0,0.26666666666666666,0.7333333333333333,0.17477421361252599,0.0,0.6,0.0038053,10,74,0.0,,,,,,,,,,
1110,0.0029278788715600967,72.0,74.0,0.972972972972973,14.0,58.0,0.19444444444444445,0.8055555555555556,0.18748522608875706,0.0,0.6,0.0038053,10,75,0.0,,,,,,,,,,
1111,0.10364688781555742,2.0,74.0,0.02702702702702703,1.0,1.0,0.5,0.5,0.17030745523123858,0.0,0.6,0.0038053,10,76,0.0,,,,,,,,,,
1112,0.0026151987840421498,72.0,74.0,0.972972972972973,16.0,56.0,0.2222222222222222,0.7777777777777778,0.18744470448488296,0.0,0.6,0.0038053,10,77,0.0,,,,,,,,,,
1113,0.002899843151681125,71.0,74.0,0.9594594594594594,4.0,67.0,0.056338028169014086,0.9436619718309859,0.18664554941843634,0.0,0.6,0.0038053,10,78,0.0,,,,,,,,,,
1114,0.002894470118917525,72.0,74.0,0.972972972972973,8.0,64.0,0.1111111111111111,0.8888888888888888,0.1886575896023593,0.0,0.6,0.0038053,10,79,0.0,,,,,,,,,,
1115,0.19297421403462067,58.0,74.0,0.7837837837837838,13.0,45.0,0.22413793103448276,0.7758620689655172,0.17568545930820093,0.0,0.6,0.0038053,10,80,0.0,,,,,,,,,,
1116,0.0030581893515773118,72.0,74.0,0.972972972972973,8.0,64.0,0.1111111111111111,0.8888888888888888,0.1917636638805558,0.0,0.6,0.0038053,10,81,0.0,,,,,,,,,,
1117,0.002413211448583752,72.0,74.0,0.972972972972973,5.0,67.0,0.06944444444444445,0.9305555555555556,0.1985626776777874,0.0,0.6,0.0038053,10,82,0.0,,,,,,,,,,
1118,0.002419923257548362,72.0,74.0,0.972972972972973,2.0,70.0,0.027777777777777776,0.9722222222222222,0.20994442580594724,0.0,0.6,0.0038053,10,83,0.0,,,,,,,,,,
1119,0.1946205705171451,20.0,74.0,0.2702702702702703,4.0,16.0,0.2,0.8,0.17939619039596016,0.0,0.6,0.0038053,10,84,0.0,,,,,,,,,,
1120,0.0031218627118505538,72.0,74.0,0.972972972972973,15.0,57.0,0.20833333333333334,0.7916666666666666,0.18383744459933835,0.0,0.6,0.0038053,10,85,0.0,,,,,,,,,,
1121,0.002970768604427576,51.0,74.0,0.6891891891891891,12.0,39.0,0.23529411764705882,0.7647058823529411,0.18366771585051955,0.0,0.6,0.0038053,10,86,0.0,,,,,,,,,,
1122,0.03561911574797705,2.0,74.0,0.02702702702702703,1.0,1.0,0.5,0.5,0.17221660381165455,0.0,0.6,0.0038053,10,87,0.0,,,,,,,,,,
1123,0.003087343997322023,61.0,74.0,0.8243243243243243,10.0,51.0,0.16393442622950818,0.8360655737704918,0.1858532681526273,0.0,0.6,0.0038053,10,88,0.0,,,,,,,,,,
1124,0.0033813113695941865,66.0,74.0,0.8918918918918919,9.0,57.0,0.13636363636363635,0.8636363636363636,0.18773801121832093,0.0,0.6,0.0038053,10,89,0.0,,,,,,,,,,
1125,0.0031009840313345194,72.0,74.0,0.972972972972973,3.0,69.0,0.041666666666666664,0.9583333333333334,0.19822446655085285,0.0,0.6,0.0038053,10,90,0.0,,,,,,,,,,
1126,0.05443427216960117,0.0,74.0,0.0,0.0,0.0,0.0,0.0,0.0,0.0,0.6,0.0038053,10,91,0.0,,,,,,,,,,
1127,0.0027567825745791197,72.0,74.0,0.972972972972973,13.0,59.0,0.18055555555555555,0.8194444444444444,0.18547448839215164,0.0,0.6,0.0038053,10,92,0.0,,,,,,,,,,
1128,0.003133831894956529,36.0,74.0,0.4864864864864865,4.0,32.0,0.1111111111111111,0.8888888888888888,0.19806920115725235,0.0,0.6,0.0038053,10,93,0.0,,,,,,,,,,
1129,0.16765928571112454,2.0,74.0,0.02702702702702703,0.0,2.0,0.0,1.0,0.17626863029647039,0.0,0.6,0.0038053,10,94,0.0,,,,,,,,,,
1130,0.0032885734690353274,53.0,74.0,0.7162162162162162,13.0,40.0,0.24528301886792453,0.7547169811320755,0.18273329434083524,0.0,0.6,0.0038053,10,95,0.0,,,,,,,,,,
1131,0.0053909566486254334,16.0,74.0,0.21621621621621623,2.0,14.0,0.125,0.875,0.18955784271671636,0.0,0.6,0.0038053,10,96,0.0,,,,,,,,,,
1132,0.003584137128200382,33.0,74.0,0.44594594594594594,4.0,29.0,0.12121212121212122,0.8787878787878788,0.1889639531458882,0.0,0.6,0.0038053,10,97,0.0,,,,,,,,,,
1133,0.0031220606761053205,72.0,74.0,0.972972972972973,11.0,61.0,0.1527777777777778,0.8472222222222222,0.18602351124321337,0.0,0.6,0.0038053,10,98,0.0,,,,,,,,,,
1134,0.002887318201828748,72.0,74.0,0.972972972972973,9.0,63.0,0.125,0.875,0.18770794230596333,0.0,0.6,0.0038053,10,99,0.0,,,,,,,,,,
1135,0.00273605075199157,72.0,74.0,0.972972972972973,9.0,63.0,0.125,0.875,0.18651066034327946,0.0,0.6,0.0038053,10,100,0.0,,,,,,,,,,
1136,0.002902533276937902,72.0,74.0,0.972972972972973,5.0,67.0,0.06944444444444445,0.9305555555555556,0.1908526706466776,0.0,0.6,0.0038053,10,101,0.0,,,,,,,,,,
1137,0.0028662948170676827,72.0,74.0,0.972972972972973,7.0,65.0,0.09722222222222222,0.9027777777777778,0.19129784488828364,0.0,0.6,0.0038053,10,102,0.0,,,,,,,,,,
1138,0.00289704225724563,65.0,74.0,0.8783783783783784,14.0,51.0,0.2153846153846154,0.7846153846153846,0.18314577777782087,0.0,0.6,0.0038053,10,103,0.0,,,,,,,,,,
1139,0.0027716150507330894,72.0,74.0,0.972972972972973,6.0,66.0,0.08333333333333333,0.9166666666666666,0.19681967253403196,0.0,0.6,0.0038053,10,104,0.0,,,,,,,,,,
1140,0.3623589384369552,5.0,74.0,0.06756756756756757,0.0,5.0,0.0,1.0,0.17955871434471388,0.0,0.6,0.0038053,10,105,0.0,,,,,,,,,,
1141,0.003419969871174544,24.0,74.0,0.32432432432432434,2.0,22.0,0.08333333333333333,0.9166666666666666,0.19681961760268316,0.0,0.6,0.0038053,10,106,0.0,,,,,,,,,,
1142,0.154580422968138,5.0,74.0,0.06756756756756757,1.0,4.0,0.2,0.8,0.17246141668377418,0.0,0.6,0.0038053,10,107,0.0,,,,,,,,,,
1143,0.15796030830824748,0.0,74.0,0.0,0.0,0.0,0.0,0.0,0.0,0.0,0.6,0.0038053,10,108,0.0,,,,,,,,,,
1144,0.0029090007301419973,72.0,74.0,0.972972972972973,8.0,64.0,0.1111111111111111,0.8888888888888888,0.18691827466230218,0.0,0.6,0.0038053,10,109,0.0,,,,,,,,,,
1145,0.19177683722227812,29.0,74.0,0.3918918918918919,9.0,20.0,0.3103448275862069,0.6896551724137931,0.1757519597799283,0.0,0.6,0.0038053,10,110,0.0,,,,,,,,,,
1146,0.0033744197571650147,66.0,74.0,0.8918918918918919,13.0,53.0,0.19696969696969696,0.803030303030303,0.1815873821225802,0.0,0.6,0.0038053,10,111,0.0,,,,,,,,,,
1147,0.0035559856332838535,69.0,74.0,0.9324324324324325,12.0,57.0,0.17391304347826086,0.8260869565217391,0.18440920831237995,0.0,0.6,0.0038053,10,112,0.0,,,,,,,,,,
1148,0.002962594968266785,72.0,74.0,0.972972972972973,7.0,65.0,0.09722222222222222,0.9027777777777778,0.19130835426747542,0.0,0.6,0.0038053,10,113,0.0,,,,,,,,,,
1149,0.10841859388165176,0.0,74.0,0.0,0.0,0.0,0.0,0.0,0.0,0.0,0.6,0.0038053,10,114,0.0,,,,,,,,,,
1150,0.0029273318592458963,63.0,74.0,0.8513513513513513,7.0,56.0,0.1111111111111111,0.8888888888888888,0.19192096330260228,0.0,0.6,0.0038053,10,115,0.0,,,,,,,,,,
1150,,,,,,,,,,,,,10,,1.0,0.8700980392156863,0.681772387944735,0.8700980392156863,0.6712654221516389,0.9961832061068703,0.022319135052637884,0.126085166891184,0.9961832061068703,0.022243084568206384,0.126085166891184
