step,epoch,step_in_epoch,probe/is_eval,sys/effective_batch_size,sys/device_batch_size,train/loss,sys/time_per_step_ms,sys/peak_memory_mb,val/acc,val/loss,train/acc,train/loss_eval,gap/train_minus_val
1,1,1.0,0.0,32.0,32.0,0.6773042678833008,425.82903790753335,2955.83349609375,,,,,
2,1,2.0,0.0,32.0,32.0,0.7125741243362427,106.3245830591768,4384.61376953125,,,,,
3,1,3.0,0.0,32.0,32.0,0.6728531122207642,59.24817908089608,4258.45361328125,,,,,
4,1,4.0,0.0,32.0,32.0,0.6639133095741272,104.40783901140094,4047.14111328125,,,,,
5,1,5.0,0.0,32.0,32.0,0.6678115725517273,174.63566199876368,4513.66650390625,,,,,
6,1,6.0,0.0,32.0,32.0,0.6722980737686157,57.76836595032364,4345.8486328125,,,,,
7,1,7.0,0.0,32.0,32.0,0.6878826022148132,53.8450600579381,4078.7119140625,,,,,
8,1,8.0,0.0,32.0,32.0,0.6662395000457764,63.78535192925483,4685.30810546875,,,,,
9,1,9.0,0.0,32.0,32.0,0.6842455863952637,61.990662943571806,4480.384765625,,,,,
10,1,10.0,0.0,32.0,32.0,0.6450364589691162,58.3431669510901,4315.00048828125,,,,,
11,1,11.0,0.0,32.0,32.0,0.6679864525794983,61.31901289336383,4544.76806640625,,,,,
12,1,12.0,0.0,32.0,32.0,0.7133020162582397,56.355447974056005,4047.14111328125,,,,,
13,1,13.0,0.0,32.0,32.0,0.6741011142730713,56.7484189523384,4096.28125,,,,,
14,1,14.0,0.0,32.0,32.0,0.709071159362793,54.41420502029359,4078.7119140625,,,,,
15,1,15.0,0.0,32.0,32.0,0.6616965532302856,65.7073319889605,4685.30810546875,,,,,
16,1,16.0,0.0,32.0,32.0,0.6529322862625122,61.92853406537324,4047.14111328125,,,,,
17,1,17.0,0.0,32.0,32.0,0.683275580406189,70.73224196210504,4633.79638671875,,,,,
18,1,18.0,0.0,32.0,32.0,0.7110929489135742,73.20509699638933,4283.34423828125,,,,,
19,1,19.0,0.0,32.0,32.0,0.719048261642456,78.03963997866958,4258.45361328125,,,,,
20,1,20.0,0.0,32.0,32.0,0.7126174569129944,71.0306860273704,4179.09716796875,,,,,
21,1,21.0,0.0,32.0,32.0,0.7544525265693665,64.63115802034736,4150.3505859375,,,,,
22,1,22.0,0.0,32.0,32.0,0.6845795512199402,63.67306597530842,4384.43359375,,,,,
23,1,23.0,0.0,32.0,32.0,0.7134358882904053,60.82728202454746,4315.00048828125,,,,,
24,1,24.0,0.0,32.0,32.0,0.7408357858657837,58.936181012541056,4258.45361328125,,,,,
25,1,25.0,0.0,32.0,32.0,0.7271096706390381,58.96845401730389,4315.00048828125,,,,,
26,1,26.0,0.0,32.0,32.0,0.6806027889251709,58.386274962686,4213.84423828125,,,,,
27,1,27.0,0.0,32.0,32.0,0.697773814201355,57.98770999535918,4013.5908203125,,,,,
28,1,28.0,0.0,32.0,32.0,0.7063994407653809,57.88272002246231,4179.09716796875,,,,,
29,1,29.0,0.0,32.0,32.0,0.7218492031097412,56.1277570668608,3995.3720703125,,,,,
30,1,30.0,0.0,32.0,32.0,0.7111194133758545,62.5045970082283,4480.384765625,,,,,
31,1,31.0,0.0,32.0,32.0,0.6726411581039429,56.253493996337056,3676.35888671875,,,,,
32,1,32.0,0.0,32.0,32.0,0.6752607822418213,60.0228919647634,4283.34423828125,,,,,
33,1,33.0,0.0,32.0,32.0,0.6596620082855225,67.6200850866735,4258.45361328125,,,,,
34,1,34.0,0.0,32.0,32.0,0.6793447732925415,64.76292700972408,4078.7119140625,,,,,
35,1,35.0,0.0,32.0,32.0,0.7165286540985107,69.96435206383467,4315.00048828125,,,,,
36,1,36.0,0.0,32.0,32.0,0.6737825870513916,71.84186403173953,4513.66650390625,,,,,
37,1,37.0,0.0,32.0,32.0,0.7064480781555176,73.05314601399004,4729.970703125,,,,,
38,1,38.0,0.0,32.0,32.0,0.7030896544456482,59.50994999147952,4078.7119140625,,,,,
39,1,39.0,0.0,32.0,32.0,0.6964977979660034,66.96919398382306,4685.30810546875,,,,,
40,1,40.0,0.0,32.0,32.0,0.6706932783126831,60.408622957766056,4213.84423828125,,,,,
41,1,41.0,0.0,32.0,32.0,0.677191972732544,58.82413196377456,4213.84423828125,,,,,
42,1,42.0,0.0,32.0,32.0,0.6867828369140625,56.055707042105496,3915.1640625,,,,,
43,1,43.0,0.0,32.0,32.0,0.678866446018219,61.89327710308135,4544.76806640625,,,,,
44,1,44.0,0.0,32.0,32.0,0.704048752784729,60.88473205454648,4315.00048828125,,,,,
45,1,45.0,0.0,32.0,32.0,0.6870906352996826,68.42905899975449,4685.30810546875,,,,,
46,1,46.0,0.0,32.0,32.0,0.6949285268783569,65.49108505714685,4544.76806640625,,,,,
47,1,47.0,0.0,32.0,32.0,0.6747264862060547,69.52479598112404,4658.4052734375,,,,,
48,1,48.0,0.0,32.0,32.0,0.6644952297210693,79.18467896524817,4891.20068359375,,,,,
49,1,49.0,0.0,32.0,32.0,0.6760362982749939,66.05649390257895,4150.3505859375,,,,,
50,1,50.0,0.0,32.0,32.0,0.7024455666542053,67.41637992672622,4315.00048828125,,,,,
51,1,51.0,0.0,32.0,32.0,0.7103046774864197,63.547638012096286,4013.5908203125,,,,,
52,1,52.0,0.0,32.0,32.0,0.6697927713394165,63.80456394981593,4213.84423828125,,,,,
53,1,53.0,0.0,32.0,32.0,0.6769706010818481,66.98366103228182,4480.384765625,,,,,
54,1,54.0,0.0,32.0,32.0,0.687375009059906,61.82871595956385,4150.3505859375,,,,,
55,1,55.0,0.0,32.0,32.0,0.678566575050354,54.55922998953611,3887.11962890625,,,,,
56,1,56.0,0.0,32.0,32.0,0.6746664047241211,56.92290293518454,4013.5908203125,,,,,
57,1,57.0,0.0,32.0,32.0,0.6928319931030273,58.17035702057183,4096.28125,,,,,
58,1,58.0,0.0,32.0,32.0,0.6900103092193604,60.20221300423145,4283.34423828125,,,,,
59,1,59.0,0.0,32.0,32.0,0.7102290391921997,56.15557904820889,4078.7119140625,,,,,
60,1,60.0,0.0,32.0,32.0,0.651816725730896,59.07448590733111,4258.45361328125,,,,,
61,1,61.0,0.0,32.0,32.0,0.6652625203132629,53.54996607638896,3834.9580078125,,,,,
62,1,62.0,0.0,32.0,32.0,0.6493452787399292,62.81628098804504,4480.384765625,,,,,
63,1,63.0,0.0,32.0,32.0,0.7155827283859253,69.76627290714532,4567.0,,,,,
64,1,64.0,0.0,32.0,32.0,0.6871657967567444,69.43633896298707,4401.24365234375,,,,,
65,1,65.0,0.0,32.0,32.0,0.6540502905845642,64.90886199753731,4179.09716796875,,,,,
66,1,66.0,0.0,32.0,32.0,0.6380105018615723,65.18109503667802,4213.84423828125,,,,,
67,1,67.0,0.0,32.0,32.0,0.7268909811973572,73.59011098742485,4729.970703125,,,,,
68,1,68.0,0.0,32.0,32.0,0.7201929092407227,64.53535810578614,4179.09716796875,,,,,
69,1,69.0,0.0,32.0,32.0,0.7037637233734131,66.58442097250372,4480.384765625,,,,,
70,1,70.0,0.0,32.0,32.0,0.6234835386276245,62.95801303349435,4283.34423828125,,,,,
71,1,71.0,0.0,32.0,32.0,0.6620618104934692,67.41255696397275,4633.79638671875,,,,,
72,1,72.0,0.0,32.0,32.0,0.7168264389038086,64.80933097191155,4384.43359375,,,,,
73,1,73.0,0.0,32.0,32.0,0.7196462154388428,60.98826008383185,4283.34423828125,,,,,
74,1,74.0,0.0,32.0,32.0,0.6922570466995239,59.85398404300213,4179.09716796875,,,,,
75,1,75.0,0.0,32.0,32.0,0.6898633241653442,70.37403306458145,4812.3349609375,,,,,
76,1,76.0,0.0,32.0,32.0,0.667477011680603,64.48284303769469,4513.66650390625,,,,,
77,1,77.0,0.0,32.0,32.0,0.701269268989563,62.56014108657837,4258.45361328125,,,,,
78,1,78.0,0.0,32.0,32.0,0.7042983770370483,59.878588072024286,3995.3720703125,,,,,
79,1,79.0,0.0,32.0,32.0,0.692126989364624,61.74252100754529,4047.14111328125,,,,,
80,1,80.0,0.0,32.0,32.0,0.6978892087936401,60.96092099323869,3995.3720703125,,,,,
81,1,81.0,0.0,32.0,32.0,0.7131479978561401,63.36177000775933,4179.09716796875,,,,,
82,1,82.0,0.0,32.0,32.0,0.6746357679367065,64.19938104227185,4283.34423828125,,,,,
83,1,83.0,0.0,32.0,32.0,0.6632801294326782,68.70186794549227,4401.24365234375,,,,,
84,1,84.0,0.0,32.0,32.0,0.6500016450881958,63.18421999458224,4150.3505859375,,,,,
85,1,85.0,0.0,32.0,32.0,0.6685187220573425,62.32047697994858,4345.8486328125,,,,,
86,1,86.0,0.0,32.0,32.0,0.6897684335708618,62.98720207996666,4345.8486328125,,,,,
87,1,87.0,0.0,32.0,32.0,0.6853822469711304,63.9283909695223,4315.00048828125,,,,,
88,1,88.0,0.0,32.0,32.0,0.6662307977676392,69.9840160086751,4685.30810546875,,,,,
89,1,89.0,0.0,32.0,32.0,0.6719555258750916,60.46186003368348,4150.3505859375,,,,,
90,1,90.0,0.0,32.0,32.0,0.6838295459747314,60.62470702454448,4283.34423828125,,,,,
91,1,91.0,0.0,32.0,32.0,0.6515137553215027,59.4393250066787,4047.14111328125,,,,,
92,1,92.0,0.0,32.0,32.0,0.655066967010498,54.34185301419348,3887.11962890625,,,,,
93,1,93.0,0.0,32.0,32.0,0.6650642156600952,60.66392106004059,4213.84423828125,,,,,
94,1,94.0,0.0,32.0,32.0,0.6620927453041077,61.00223201792687,4047.14111328125,,,,,
95,1,95.0,0.0,32.0,32.0,0.6460517644882202,60.19087205640972,4013.5908203125,,,,,
96,1,96.0,0.0,32.0,32.0,0.6445528268814087,59.65767696034163,3947.388671875,,,,,
97,1,97.0,0.0,32.0,32.0,0.6687131524085999,59.8742050351575,3947.388671875,,,,,
98,1,98.0,0.0,32.0,32.0,0.6419552564620972,59.9870519945398,3947.388671875,,,,,
99,1,99.0,0.0,32.0,32.0,0.6249334216117859,68.07560997549444,4544.76806640625,,,,,
100,1,100.0,0.0,32.0,32.0,0.649695873260498,62.20803002361208,4047.14111328125,,,,,
101,1,101.0,0.0,32.0,32.0,0.5940954685211182,63.79934004507959,4258.45361328125,,,,,
102,1,102.0,0.0,32.0,32.0,0.5941095352172852,62.134571955539286,4213.84423828125,,,,,
103,1,103.0,0.0,32.0,32.0,0.5715534687042236,61.39703595545143,4096.28125,,,,,
104,1,104.0,0.0,32.0,32.0,0.6054146885871887,64.58684208337218,4513.66650390625,,,,,
105,1,105.0,0.0,32.0,32.0,0.5689210295677185,68.66915000136942,4633.79638671875,,,,,
106,1,106.0,0.0,32.0,32.0,0.5928986072540283,73.15086910966784,4812.3349609375,,,,,
107,1,107.0,0.0,32.0,32.0,0.5618305802345276,59.05197106767446,4013.5908203125,,,,,
108,1,108.0,0.0,32.0,32.0,0.5667614340782166,64.19820198789239,4401.24365234375,,,,,
109,1,109.0,0.0,32.0,32.0,0.5415627956390381,63.70228703599423,4315.00048828125,,,,,
110,1,110.0,0.0,32.0,32.0,0.5742059946060181,71.03337300941348,4729.970703125,,,,,
111,1,111.0,0.0,32.0,32.0,0.5393105745315552,62.37959396094084,4150.3505859375,,,,,
112,1,112.0,0.0,32.0,32.0,0.4855193793773651,63.67965007666498,4283.34423828125,,,,,
113,1,113.0,0.0,32.0,32.0,0.398734986782074,61.34431203827262,4013.5908203125,,,,,
114,1,114.0,0.0,32.0,32.0,0.4951848983764648,63.08683706447482,4213.84423828125,,,,,
115,1,115.0,0.0,32.0,32.0,0.4769330024719238,67.0099250273779,4544.76806640625,,,,,
116,1,116.0,0.0,32.0,32.0,0.4741511344909668,66.57040200661868,4401.24365234375,,,,,
117,1,117.0,0.0,32.0,32.0,0.4116582870483398,59.786377009004354,4078.7119140625,,,,,
118,1,118.0,0.0,32.0,32.0,0.3684902191162109,60.52350206300616,4150.3505859375,,,,,
119,1,119.0,0.0,32.0,32.0,0.4037783443927765,62.24557594396174,4258.45361328125,,,,,
120,1,120.0,0.0,32.0,32.0,0.5791101455688477,69.1515919752419,4658.4052734375,,,,,
121,1,121.0,0.0,32.0,32.0,0.4758120775222778,58.87100601103157,3947.388671875,,,,,
122,1,122.0,0.0,32.0,32.0,0.4575497210025787,60.63055200502277,4213.84423828125,,,,,
123,1,123.0,0.0,32.0,32.0,0.5444080829620361,57.76212003547698,4078.7119140625,,,,,
124,1,124.0,0.0,32.0,32.0,0.47536501288414,61.15299102384597,4345.8486328125,,,,,
125,1,125.0,0.0,32.0,32.0,0.5571944713592529,73.55984102468938,4812.3349609375,,,,,
126,1,126.0,0.0,32.0,32.0,0.3487582802772522,66.43834698479623,4513.66650390625,,,,,
127,1,127.0,0.0,32.0,32.0,0.5490493774414062,60.16436603385955,3995.3720703125,,,,,
128,1,128.0,0.0,32.0,32.0,0.3842345476150512,66.57872896175832,4480.384765625,,,,,
129,1,129.0,0.0,32.0,32.0,0.3019360601902008,67.01817398425192,4401.24365234375,,,,,
130,1,130.0,0.0,32.0,32.0,0.473902553319931,63.78152105025947,4345.8486328125,,,,,
131,1,131.0,0.0,32.0,32.0,0.3585960268974304,62.82811204437167,4213.84423828125,,,,,
132,1,132.0,0.0,32.0,32.0,0.4355707168579101,71.33211090695113,4580.71630859375,,,,,
133,1,133.0,0.0,32.0,32.0,0.3802822232246399,65.72578789200634,4384.43359375,,,,,
134,1,134.0,0.0,32.0,32.0,0.346804141998291,63.9968829927966,4315.00048828125,,,,,
135,1,135.0,0.0,32.0,32.0,0.4076836705207824,69.54085303004831,4633.79638671875,,,,,
136,1,136.0,0.0,32.0,32.0,0.4917974770069122,63.41325503308326,4315.00048828125,,,,,
137,1,137.0,0.0,32.0,32.0,0.4143425822257995,70.09215897414833,4729.970703125,,,,,
138,1,138.0,0.0,32.0,32.0,0.3040919601917267,58.97430202458054,4078.7119140625,,,,,
139,1,139.0,0.0,32.0,32.0,0.2701481282711029,60.52480207290501,4179.09716796875,,,,,
140,1,140.0,0.0,32.0,32.0,0.4139145016670227,62.79341399203986,4283.34423828125,,,,,
141,1,141.0,0.0,32.0,32.0,0.2678528130054474,65.66954904701561,4345.8486328125,,,,,
142,1,142.0,0.0,32.0,32.0,0.4203789830207824,64.57858998328447,4384.43359375,,,,,
143,1,143.0,0.0,32.0,32.0,0.2455871254205703,62.08209809847176,4096.28125,,,,,
144,1,144.0,0.0,32.0,32.0,0.1870388835668563,63.61514492891729,4179.09716796875,,,,,
145,1,145.0,0.0,32.0,32.0,0.1340465396642685,55.876672035083175,3794.548828125,,,,,
146,1,146.0,0.0,32.0,32.0,0.4492290019989013,53.55782597325742,3834.9580078125,,,,,
147,1,147.0,0.0,32.0,32.0,0.223321333527565,65.52608497440815,4544.76806640625,,,,,
148,1,148.0,0.0,32.0,32.0,0.2197249978780746,59.84086904209107,3947.388671875,,,,,
149,1,149.0,0.0,32.0,32.0,0.204794779419899,62.577642034739256,4179.09716796875,,,,,
150,1,150.0,0.0,32.0,32.0,0.1628285050392151,65.92075200751424,4513.66650390625,,,,,
151,1,151.0,0.0,32.0,32.0,0.1370324343442917,61.97188701480627,4213.84423828125,,,,,
152,1,152.0,0.0,32.0,32.0,0.2905836701393127,76.06412307359278,4924.3115234375,,,,,
153,1,153.0,0.0,32.0,32.0,0.3971062302589416,59.55726595129818,3947.388671875,,,,,
154,1,154.0,0.0,32.0,32.0,0.1154541447758674,61.71361298765987,4345.8486328125,,,,,
155,1,155.0,0.0,32.0,32.0,0.2442694753408432,63.15024406649172,4258.45361328125,,,,,
156,1,156.0,0.0,32.0,32.0,0.1354407668113708,62.038031057454646,4283.34423828125,,,,,
157,1,157.0,0.0,32.0,32.0,0.1153563931584358,61.71246198937297,4096.28125,,,,,
158,1,158.0,0.0,32.0,32.0,0.1783262491226196,66.5773960063234,4513.66650390625,,,,,
159,1,159.0,0.0,32.0,32.0,0.270032525062561,63.91445396002382,4345.8486328125,,,,,
160,1,160.0,0.0,32.0,32.0,0.2917023599147796,66.4868779713288,4513.66650390625,,,,,
161,1,161.0,0.0,32.0,32.0,0.4203833341598511,65.61882398091257,4384.43359375,,,,,
162,1,162.0,0.0,32.0,32.0,0.2023990750312805,63.07755899615586,4096.28125,,,,,
163,1,163.0,0.0,32.0,32.0,0.2543412446975708,66.24818698037416,4544.76806640625,,,,,
164,1,164.0,0.0,32.0,32.0,0.3860760927200317,63.42173903249204,4315.00048828125,,,,,
165,1,165.0,0.0,32.0,32.0,0.3573803901672363,65.2184949722141,4384.43359375,,,,,
166,1,166.0,0.0,32.0,32.0,0.1483311206102371,74.26284102257341,4787.39599609375,,,,,
167,1,167.0,0.0,32.0,32.0,0.2770022749900818,70.23419404868037,4685.30810546875,,,,,
168,1,168.0,0.0,32.0,32.0,0.3300889134407043,66.91203906666487,4544.76806640625,,,,,
169,1,169.0,0.0,32.0,32.0,0.180662915110588,55.60478498227894,3887.11962890625,,,,,
170,1,170.0,0.0,32.0,32.0,0.2235457450151443,55.58408296201378,3781.083984375,,,,,
171,1,171.0,0.0,32.0,32.0,0.2023426592350006,59.11138909868896,4096.28125,,,,,
172,1,172.0,0.0,32.0,32.0,0.1476060450077057,75.0446729362011,4924.3115234375,,,,,
173,1,173.0,0.0,32.0,32.0,0.1227638348937034,78.87157297227532,4997.24267578125,,,,,
174,1,174.0,0.0,32.0,32.0,0.1897651851177215,63.91266197897494,4258.45361328125,,,,,
175,1,175.0,0.0,32.0,32.0,0.1373275369405746,63.587300945073366,4315.00048828125,,,,,
176,1,176.0,0.0,32.0,32.0,0.1335083842277526,66.23669096734375,4480.384765625,,,,,
177,1,177.0,0.0,32.0,32.0,0.2822186350822449,65.02153002656996,4384.43359375,,,,,
178,1,178.0,0.0,32.0,32.0,0.2277373969554901,64.02485293801874,4283.34423828125,,,,,
179,1,179.0,0.0,32.0,32.0,0.5101009607315063,61.10801605973393,4013.5908203125,,,,,
180,1,180.0,0.0,32.0,32.0,0.3741868138313293,59.6777789760381,4047.14111328125,,,,,
181,1,181.0,0.0,32.0,32.0,0.213942065834999,59.45686099585146,4013.5908203125,,,,,
182,1,182.0,0.0,32.0,32.0,0.1355787217617035,59.1907559428364,4013.5908203125,,,,,
183,1,183.0,0.0,32.0,32.0,0.139929860830307,66.72268093097955,4544.76806640625,,,,,
184,1,184.0,0.0,32.0,32.0,0.2748935222625732,73.7650019582361,4812.3349609375,,,,,
185,1,185.0,0.0,32.0,32.0,0.2734968066215515,63.22287500370294,4283.34423828125,,,,,
186,1,186.0,0.0,32.0,32.0,0.1684553623199463,63.830861006863415,4384.43359375,,,,,
187,1,187.0,0.0,32.0,32.0,0.2049431502819061,69.97957802377641,4633.79638671875,,,,,
188,1,188.0,0.0,32.0,32.0,0.4510277509689331,56.66816292796284,3850.9638671875,,,,,
189,1,189.0,0.0,32.0,32.0,0.4396102726459503,64.41402400378138,4384.43359375,,,,,
190,1,190.0,0.0,32.0,32.0,0.1908604651689529,63.54861194267869,4345.8486328125,,,,,
191,1,191.0,0.0,32.0,32.0,0.2594176828861236,64.55349898897111,4384.43359375,,,,,
192,1,192.0,0.0,32.0,32.0,0.1867278069257736,69.76622599177063,4580.71630859375,,,,,
193,1,193.0,0.0,32.0,32.0,0.2302910834550857,63.32988105714321,4096.28125,,,,,
194,1,194.0,0.0,32.0,32.0,0.1143166944384574,76.46130002103746,5026.82568359375,,,,,
195,1,195.0,0.0,32.0,32.0,0.2316726297140121,59.8155859624967,4078.7119140625,,,,,
196,1,196.0,0.0,32.0,32.0,0.1803500056266784,62.72228399757296,4401.24365234375,,,,,
197,1,197.0,0.0,32.0,32.0,0.1123363226652145,64.97462303377688,4401.24365234375,,,,,
198,1,198.0,0.0,32.0,32.0,0.1923076212406158,70.07499504834414,4685.30810546875,,,,,
199,1,199.0,0.0,32.0,32.0,0.1518960893154144,63.05005599278957,4179.09716796875,,,,,
200,1,200.0,0.0,32.0,32.0,0.0995009467005729,60.857000993564725,4096.28125,,,,,
201,1,201.0,0.0,32.0,32.0,0.3744953572750091,72.62650493066758,4812.3349609375,,,,,
202,1,202.0,0.0,32.0,32.0,0.2597868144512176,69.96049999725074,4567.0,,,,,
203,1,203.0,0.0,32.0,32.0,0.2721122205257416,76.59810991026461,4924.3115234375,,,,,
204,1,204.0,0.0,32.0,32.0,0.0968430414795875,64.18385601136833,4345.8486328125,,,,,
205,1,205.0,0.0,32.0,32.0,0.3916546106338501,65.1895689079538,4401.24365234375,,,,,
206,1,206.0,0.0,32.0,32.0,0.2810457348823547,58.43601992819458,4078.7119140625,,,,,
207,1,207.0,0.0,32.0,32.0,0.3243326544761657,63.05332691408694,4283.34423828125,,,,,
208,1,208.0,0.0,32.0,32.0,0.2549401223659515,59.629602008499205,4078.7119140625,,,,,
209,1,209.0,0.0,32.0,32.0,0.0688607767224311,66.97714608162642,4544.76806640625,,,,,
210,1,210.0,0.0,32.0,32.0,0.1774892956018448,62.110529048368335,4213.84423828125,,,,,
211,1,211.0,0.0,32.0,32.0,0.2183507233858108,62.47023597825319,4345.8486328125,,,,,
212,1,212.0,0.0,32.0,32.0,0.2162619233131408,67.77554389555007,4567.0,,,,,
213,1,213.0,0.0,32.0,32.0,0.0913094654679298,68.52804101072252,4544.76806640625,,,,,
214,1,214.0,0.0,32.0,32.0,0.341205894947052,61.758321011438966,4096.28125,,,,,
215,1,215.0,0.0,32.0,32.0,0.1592917740345001,60.61985203996301,4150.3505859375,,,,,
216,1,216.0,0.0,32.0,32.0,0.0441767498850822,62.78218899387866,4258.45361328125,,,,,
217,1,217.0,0.0,32.0,32.0,0.1588294357061386,66.27161405049264,4401.24365234375,,,,,
218,1,218.0,0.0,32.0,32.0,0.1403911113739013,61.75673706457019,4150.3505859375,,,,,
219,1,219.0,0.0,32.0,32.0,0.0797725617885589,68.87581199407578,4580.71630859375,,,,,
220,1,220.0,0.0,32.0,32.0,0.2209461331367492,62.02306796330959,4213.84423828125,,,,,
221,1,221.0,0.0,32.0,32.0,0.2367597222328186,58.991680038161576,4078.7119140625,,,,,
222,1,222.0,0.0,32.0,32.0,0.3958733975887298,65.33065403345972,4401.24365234375,,,,,
223,1,223.0,0.0,32.0,32.0,0.089598037302494,62.19000706914812,4150.3505859375,,,,,
224,1,224.0,0.0,32.0,32.0,0.1788267940282821,69.98911302071065,4685.30810546875,,,,,
225,1,225.0,0.0,32.0,32.0,0.2011907994747162,65.28324203100055,4315.00048828125,,,,,
226,1,226.0,0.0,32.0,32.0,0.3461454808712005,62.73761298507452,4345.8486328125,,,,,
227,1,227.0,0.0,32.0,32.0,0.1315162777900695,73.23453400749713,4812.3349609375,,,,,
228,1,228.0,0.0,32.0,32.0,0.5216612815856934,62.50562996137887,4213.84423828125,,,,,
229,1,229.0,0.0,32.0,32.0,0.1847164630889892,73.9515459863469,4891.20068359375,,,,,
230,1,230.0,0.0,32.0,32.0,0.3429105579853058,75.20333502907306,4866.47705078125,,,,,
231,1,231.0,0.0,32.0,32.0,0.2601200938224792,62.36737093422562,4179.09716796875,,,,,
232,1,232.0,0.0,32.0,32.0,0.2773052453994751,59.45487099234015,3947.388671875,,,,,
233,1,233.0,0.0,32.0,32.0,0.1017141863703727,62.48063396196813,4283.34423828125,,,,,
234,1,234.0,0.0,32.0,32.0,0.2675345540046692,64.21718199271709,4096.28125,,,,,
235,1,235.0,0.0,32.0,32.0,0.1873498558998108,69.58128104452044,4544.76806640625,,,,,
236,1,236.0,0.0,32.0,32.0,0.2925751209259033,63.54447908233851,4384.43359375,,,,,
237,1,237.0,0.0,32.0,32.0,0.4713059365749359,69.3880869075656,4567.0,,,,,
238,1,238.0,0.0,32.0,32.0,0.0677327588200569,61.7850620765239,4047.14111328125,,,,,
239,1,239.0,0.0,32.0,32.0,0.1213100850582122,65.63335203099996,4480.384765625,,,,,
240,1,240.0,0.0,32.0,32.0,0.0535779260098934,64.03890601359308,4345.8486328125,,,,,
241,1,241.0,0.0,32.0,32.0,0.0432580411434173,66.41214003320783,4513.66650390625,,,,,
242,1,242.0,0.0,32.0,32.0,0.2147730141878128,59.01065503712744,3915.1640625,,,,,
243,1,243.0,0.0,32.0,32.0,0.0639729797840118,64.30394295603037,4401.24365234375,,,,,
244,1,244.0,0.0,32.0,32.0,0.2568574249744415,74.43625805899501,4812.3349609375,,,,,
245,1,245.0,0.0,32.0,32.0,0.3045999109745025,64.359714044258,4096.28125,,,,,
246,1,246.0,0.0,32.0,32.0,0.3496981263160705,69.2846329184249,4729.970703125,,,,,
247,1,247.0,0.0,32.0,32.0,0.2214163988828659,65.63826301135123,4315.00048828125,,,,,
248,1,248.0,0.0,32.0,32.0,0.1209626048803329,64.04287205077708,4258.45361328125,,,,,
249,1,249.0,0.0,32.0,32.0,0.2317632138729095,71.90467102918774,4685.30810546875,,,,,
250,1,250.0,0.0,32.0,32.0,0.2203016579151153,66.52613589540124,4513.66650390625,,,,,
251,1,251.0,0.0,32.0,32.0,0.1921340227127075,67.70293693989515,4544.76806640625,,,,,
252,1,252.0,0.0,32.0,32.0,0.2159251123666763,64.14167897310108,4096.28125,,,,,
253,1,253.0,0.0,32.0,32.0,0.3008406460285187,63.24259901884943,4283.34423828125,,,,,
254,1,254.0,0.0,32.0,32.0,0.4186893999576568,67.52964504994452,4480.384765625,,,,,
255,1,255.0,0.0,32.0,32.0,0.2997878193855285,65.35483594052494,4179.09716796875,,,,,
256,1,256.0,0.0,32.0,32.0,0.1074901223182678,63.85582790244371,4150.3505859375,,,,,
257,1,257.0,0.0,32.0,32.0,0.3769592046737671,66.139469970949,4401.24365234375,,,,,
258,1,258.0,0.0,32.0,32.0,0.0989409238100051,69.14238107856363,4567.0,,,,,
259,1,259.0,0.0,32.0,32.0,0.1225898265838623,65.39818900637329,4283.34423828125,,,,,
260,1,260.0,0.0,32.0,32.0,0.4324091970920563,61.87657208647579,4179.09716796875,,,,,
261,1,261.0,0.0,32.0,32.0,0.2900645732879638,64.60981105919927,4315.00048828125,,,,,
262,1,262.0,0.0,32.0,32.0,0.2234241515398025,64.23501903191209,4345.8486328125,,,,,
263,1,263.0,0.0,32.0,32.0,0.1561072766780853,66.63918995764107,4480.384765625,,,,,
264,1,264.0,0.0,32.0,32.0,0.1638005673885345,62.4166039051488,4078.7119140625,,,,,
265,1,265.0,0.0,32.0,32.0,0.1441519558429718,63.51411493960768,3995.3720703125,,,,,
266,1,266.0,0.0,32.0,32.0,0.1648319810628891,75.84189099725336,4401.24365234375,,,,,
267,1,267.0,0.0,32.0,32.0,0.1860416531562805,63.61749302595854,4315.00048828125,,,,,
268,1,268.0,0.0,32.0,32.0,0.0886106342077255,64.30136505514383,4283.34423828125,,,,,
269,1,269.0,0.0,32.0,32.0,0.262600839138031,67.34564295038581,4513.66650390625,,,,,
270,1,270.0,0.0,32.0,32.0,0.0490915477275848,63.87203501071781,4047.14111328125,,,,,
271,1,271.0,0.0,32.0,32.0,0.1351556032896042,62.91436206083745,4013.5908203125,,,,,
272,1,272.0,0.0,32.0,32.0,0.071800984442234,66.8043380137533,4401.24365234375,,,,,
273,1,273.0,0.0,32.0,32.0,0.292693018913269,61.77199399098754,3915.1640625,,,,,
274,1,274.0,0.0,32.0,32.0,0.1786001771688461,64.72894502803683,4480.384765625,,,,,
275,1,275.0,0.0,32.0,32.0,0.3569784760475158,73.21809604763985,4658.4052734375,,,,,
276,1,276.0,0.0,32.0,32.0,0.1604914367198944,66.41436007339507,4513.66650390625,,,,,
277,1,277.0,0.0,32.0,32.0,0.1897805631160736,64.29752195253968,4345.8486328125,,,,,
278,1,278.0,0.0,32.0,32.0,0.1628824174404144,66.38864206615835,4345.8486328125,,,,,
279,1,279.0,0.0,32.0,32.0,0.1784589290618896,67.40550801623613,4513.66650390625,,,,,
280,1,280.0,0.0,32.0,32.0,0.0591342076659202,62.16056004632264,3887.11962890625,,,,,
281,1,281.0,0.0,32.0,32.0,0.1124892830848693,63.00150393508375,4213.84423828125,,,,,
282,1,282.0,0.0,32.0,32.0,0.2561196088790893,72.26898602675647,4580.71630859375,,,,,
283,1,283.0,0.0,32.0,32.0,0.1173492074012756,65.97980693913996,4283.34423828125,,,,,
284,1,284.0,0.0,32.0,32.0,0.1068300381302833,63.76509799156338,4179.09716796875,,,,,
285,1,285.0,0.0,32.0,32.0,0.1495778858661651,62.78448295779526,4096.28125,,,,,
286,1,286.0,0.0,32.0,32.0,0.2463066130876541,76.52082305867225,4977.47705078125,,,,,
287,1,287.0,0.0,32.0,32.0,0.2853024005889892,76.81636000052094,4787.39599609375,,,,,
288,1,288.0,0.0,32.0,32.0,0.1896140575408935,66.77163601852953,4513.66650390625,,,,,
289,1,289.0,0.0,32.0,32.0,0.2005475759506225,70.52243698854,4658.4052734375,,,,,
290,1,290.0,0.0,32.0,32.0,0.2301607877016067,65.05512609146535,4345.8486328125,,,,,
291,1,291.0,0.0,32.0,32.0,0.0660929977893829,63.60645894892514,4179.09716796875,,,,,
292,1,292.0,0.0,32.0,32.0,0.2351252734661102,66.06902100611478,4513.66650390625,,,,,
293,1,293.0,0.0,32.0,32.0,0.1833330392837524,72.31587904971093,4580.71630859375,,,,,
294,1,294.0,0.0,32.0,32.0,0.2716246843338012,67.25646706763655,4315.00048828125,,,,,
295,1,295.0,0.0,32.0,32.0,0.4188213348388672,65.05902798380703,4179.09716796875,,,,,
296,1,296.0,0.0,32.0,32.0,0.3207254111766815,66.15844601765275,4544.76806640625,,,,,
297,1,297.0,0.0,32.0,32.0,0.0924658551812172,61.44528102595359,4078.7119140625,,,,,
298,1,298.0,0.0,32.0,32.0,0.496928870677948,62.62352201156318,4047.14111328125,,,,,
299,1,299.0,0.0,32.0,32.0,0.1595235466957092,65.14840491581708,4047.14111328125,,,,,
300,1,300.0,0.0,32.0,32.0,0.0670753195881843,65.0762440636754,4384.43359375,,,,,
301,1,301.0,0.0,32.0,32.0,0.2682632207870483,61.68987299315632,3947.388671875,,,,,
302,1,302.0,0.0,32.0,32.0,0.0941138565540313,64.45114698726684,4513.66650390625,,,,,
303,1,303.0,0.0,32.0,32.0,0.2437341660261154,61.87025993131101,3947.388671875,,,,,
304,1,304.0,0.0,32.0,32.0,0.4232767224311828,62.8058590227738,4047.14111328125,,,,,
305,1,305.0,0.0,32.0,32.0,0.0987069830298423,67.14234000537544,4480.384765625,,,,,
306,1,306.0,0.0,32.0,32.0,0.3901185691356659,62.07643204834312,3947.388671875,,,,,
307,1,307.0,0.0,32.0,32.0,0.1755340695381164,62.3115039197728,4283.34423828125,,,,,
308,1,308.0,0.0,32.0,32.0,0.0778152719140052,58.334756991826,3887.11962890625,,,,,
309,1,309.0,0.0,32.0,32.0,0.1420198678970337,68.85202997364104,4633.79638671875,,,,,
310,1,310.0,0.0,32.0,32.0,0.1870390176773071,64.29861998185515,4078.7119140625,,,,,
311,1,311.0,0.0,32.0,32.0,0.0472840964794158,65.61248400248587,4213.84423828125,,,,,
312,1,312.0,0.0,32.0,32.0,0.3034662902355194,59.62406599428505,4078.7119140625,,,,,
313,1,313.0,0.0,32.0,32.0,0.393898069858551,67.9835060145706,4633.79638671875,,,,,
314,1,314.0,0.0,32.0,32.0,0.1084919720888137,63.19782300852239,4013.5908203125,,,,,
315,1,315.0,0.0,32.0,32.0,0.1844769418239593,63.19305091165006,4283.34423828125,,,,,
316,1,316.0,0.0,32.0,32.0,0.164561241865158,60.48653903417289,4150.3505859375,,,,,
317,1,317.0,0.0,32.0,32.0,0.1629199385643005,55.50219491124153,3652.66943359375,,,,,
318,1,318.0,0.0,32.0,32.0,0.6064081788063049,60.53786806296557,4258.45361328125,,,,,
319,1,319.0,0.0,32.0,32.0,0.1958370953798294,69.34977509081364,4580.71630859375,,,,,
320,1,320.0,0.0,32.0,32.0,0.2060142457485199,64.28521499037743,4213.84423828125,,,,,
321,1,321.0,0.0,32.0,32.0,0.1068382039666175,70.56393602397293,4685.30810546875,,,,,
322,1,322.0,0.0,32.0,32.0,0.1931153982877731,63.52166598662734,4096.28125,,,,,
323,1,323.0,0.0,32.0,32.0,0.0356298759579658,67.65292200725526,4480.384765625,,,,,
324,1,324.0,0.0,32.0,32.0,0.4053626656532287,66.27164303790778,4544.76806640625,,,,,
325,1,325.0,0.0,32.0,32.0,0.3495610952377319,65.93334802892059,4315.00048828125,,,,,
326,1,326.0,0.0,32.0,32.0,0.14270880818367,67.08830303978175,4283.34423828125,,,,,
327,1,327.0,0.0,32.0,32.0,0.1830875724554062,76.38159091584384,4078.7119140625,,,,,
328,1,328.0,0.0,32.0,32.0,0.0494339987635612,68.04713199380785,4658.4052734375,,,,,
329,1,329.0,0.0,32.0,32.0,0.147594153881073,70.83416904788464,3947.388671875,,,,,
330,1,330.0,0.0,32.0,32.0,0.2399810999631881,69.40262799616903,4283.34423828125,,,,,
331,1,331.0,0.0,32.0,32.0,0.1619064509868621,68.93914903048426,4150.3505859375,,,,,
332,1,332.0,0.0,32.0,32.0,0.0920764952898025,65.76099107041955,4078.7119140625,,,,,
333,1,333.0,0.0,32.0,32.0,0.2711533904075622,65.87752199266106,4150.3505859375,,,,,
334,1,334.0,0.0,32.0,32.0,0.3548406958580017,67.72116594947875,4213.84423828125,,,,,
335,1,335.0,0.0,32.0,32.0,0.3454872965812683,68.36920802015811,3995.3720703125,,,,,
336,1,336.0,0.0,32.0,32.0,0.0462026894092559,63.93251894041896,3781.083984375,,,,,
337,1,337.0,0.0,32.0,32.0,0.2268190532922744,66.92549795843661,3995.3720703125,,,,,
338,1,338.0,0.0,32.0,32.0,0.322969377040863,69.13720699958503,4401.24365234375,,,,,
339,1,339.0,0.0,32.0,32.0,0.4536653161048889,76.55442401301116,4685.30810546875,,,,,
340,1,340.0,0.0,32.0,32.0,0.2178688496351242,73.57053295709193,4633.79638671875,,,,,
341,1,341.0,0.0,32.0,32.0,0.3440482914447784,66.13483501132578,4384.43359375,,,,,
342,1,342.0,0.0,32.0,32.0,0.3765509724617004,65.76928298454732,4258.45361328125,,,,,
343,1,343.0,0.0,32.0,32.0,0.2666486799716949,67.9781980579719,4013.5908203125,,,,,
344,1,344.0,0.0,32.0,32.0,0.2631741166114807,66.43053400330245,4513.66650390625,,,,,
345,1,345.0,0.0,32.0,32.0,0.0592398196458816,70.71026600897312,4580.71630859375,,,,,
346,1,346.0,0.0,32.0,32.0,0.1713879108428955,68.4059769846499,4096.28125,,,,,
347,1,347.0,0.0,32.0,32.0,0.1807270348072052,60.21017499733716,3887.11962890625,,,,,
348,1,348.0,0.0,32.0,32.0,0.0731474459171295,62.5378139084205,4315.00048828125,,,,,
349,1,349.0,0.0,32.0,32.0,0.1469088494777679,70.42033097241074,4567.0,,,,,
350,1,350.0,0.0,32.0,32.0,0.1345893442630767,64.5017959177494,3915.1640625,,,,,
351,1,351.0,0.0,32.0,32.0,0.2399745881557464,74.36556403990835,4812.3349609375,,,,,
352,1,352.0,0.0,32.0,32.0,0.0848270058631897,62.91921506635845,4213.84423828125,,,,,
353,1,353.0,0.0,32.0,32.0,0.1862501502037048,62.12340795900673,3915.1640625,,,,,
354,1,354.0,0.0,32.0,32.0,0.3357221186161041,76.3339139521122,4977.47705078125,,,,,
355,1,355.0,0.0,32.0,32.0,0.5477507710456848,64.21016401145607,4258.45361328125,,,,,
356,1,356.0,0.0,32.0,32.0,0.2124826461076736,63.608205993659794,4047.14111328125,,,,,
357,1,357.0,0.0,32.0,32.0,0.2978469133377075,64.66365198139101,4345.8486328125,,,,,
358,1,358.0,0.0,32.0,32.0,0.1887635737657547,65.47825795132667,4384.43359375,,,,,
359,1,359.0,0.0,32.0,32.0,0.2225976586341858,60.01096195541322,3850.9638671875,,,,,
360,1,360.0,0.0,32.0,32.0,0.3530859351158142,66.15979701746255,4480.384765625,,,,,
361,1,361.0,0.0,32.0,32.0,0.150007426738739,63.0331999855116,3915.1640625,,,,,
362,1,362.0,0.0,32.0,32.0,0.0889858976006507,58.09435399714857,3915.1640625,,,,,
363,1,363.0,0.0,32.0,32.0,0.26334148645401,60.5870500439778,4013.5908203125,,,,,
364,1,364.0,0.0,32.0,32.0,0.296751320362091,59.83912595547736,3915.1640625,,,,,
365,1,365.0,0.0,32.0,32.0,0.6955132484436035,67.69596901722252,4633.79638671875,,,,,
366,1,366.0,0.0,32.0,32.0,0.3968203365802765,62.5881829764694,3995.3720703125,,,,,
367,1,367.0,0.0,32.0,32.0,0.2085602581501007,65.16351399477571,4315.00048828125,,,,,
368,1,368.0,0.0,32.0,32.0,0.1570321321487426,66.15824799519032,4480.384765625,,,,,
369,1,369.0,0.0,32.0,32.0,0.2212193608283996,73.76222405582666,4812.3349609375,,,,,
370,1,370.0,0.0,32.0,32.0,0.1988272964954376,63.97644896060228,4047.14111328125,,,,,
371,1,371.0,0.0,32.0,32.0,0.1704297065734863,62.0105069829151,4213.84423828125,,,,,
372,1,372.0,0.0,32.0,32.0,0.2014360129833221,73.51747003849596,4866.47705078125,,,,,
373,1,373.0,0.0,32.0,32.0,0.2368800193071365,58.88553289696574,3850.9638671875,,,,,
374,1,374.0,0.0,32.0,32.0,0.2263907790184021,64.32566395960748,4384.43359375,,,,,
375,1,375.0,0.0,32.0,32.0,0.3326239883899688,65.30408898834139,4315.00048828125,,,,,
376,1,376.0,0.0,32.0,32.0,0.1731529831886291,73.08225298766047,4567.0,,,,,
377,1,377.0,0.0,32.0,32.0,0.2791110873222351,63.82518005557358,4345.8486328125,,,,,
378,1,378.0,0.0,32.0,32.0,0.1058343201875686,64.0538630541414,4315.00048828125,,,,,
379,1,379.0,0.0,32.0,32.0,0.2712660729885101,67.60871305596083,4513.66650390625,,,,,
380,1,380.0,0.0,32.0,32.0,0.1918458789587021,60.43882993981242,3995.3720703125,,,,,
381,1,381.0,0.0,32.0,32.0,0.2119770646095276,64.1906630480662,4384.43359375,,,,,
382,1,382.0,0.0,32.0,32.0,0.1040844470262527,68.9648570260033,4567.0,,,,,
383,1,383.0,0.0,32.0,32.0,0.0926647782325744,65.23024791385978,4345.8486328125,,,,,
384,1,384.0,0.0,32.0,32.0,0.0977552011609077,62.396234017796814,4096.28125,,,,,
385,1,385.0,0.0,32.0,32.0,0.180473506450653,58.45881102140993,4078.7119140625,,,,,
386,1,386.0,0.0,32.0,32.0,0.504717230796814,74.52255696989596,4866.47705078125,,,,,
387,1,387.0,0.0,32.0,32.0,0.1361867785453796,70.64573001116514,4633.79638671875,,,,,
388,1,388.0,0.0,32.0,32.0,0.1846742928028106,67.20829207915813,4544.76806640625,,,,,
389,1,389.0,0.0,32.0,32.0,0.1876329183578491,63.97541705518961,4213.84423828125,,,,,
390,1,390.0,0.0,32.0,32.0,0.1749816834926605,66.32730609271675,4480.384765625,,,,,
391,1,391.0,0.0,32.0,32.0,0.1841862052679062,62.4107780167833,4150.3505859375,,,,,
392,1,392.0,0.0,32.0,32.0,0.3099592924118042,62.955052009783685,4258.45361328125,,,,,
393,1,393.0,0.0,32.0,32.0,0.1916535049676895,67.24346498958766,4480.384765625,,,,,
394,1,394.0,0.0,32.0,32.0,0.2948043346405029,61.53010402340442,4013.5908203125,,,,,
395,1,395.0,0.0,32.0,32.0,0.199396938085556,63.04652604740113,4315.00048828125,,,,,
396,1,396.0,0.0,32.0,32.0,0.075129859149456,59.22784295398742,4078.7119140625,,,,,
397,1,397.0,0.0,32.0,32.0,0.1500562131404876,63.75818501692265,4384.43359375,,,,,
398,1,398.0,0.0,32.0,32.0,0.4858181774616241,63.15444700885564,4047.14111328125,,,,,
399,1,399.0,0.0,32.0,32.0,0.026221290230751,59.69894700683653,4078.7119140625,,,,,
400,1,400.0,0.0,32.0,32.0,0.0488571673631668,61.5956720430404,4047.14111328125,,,,,
401,1,401.0,0.0,32.0,32.0,0.5050997734069824,58.87099099345505,4078.7119140625,,,,,
402,1,402.0,0.0,32.0,32.0,0.0543687082827091,70.2520189806819,4685.30810546875,,,,,
403,1,403.0,0.0,32.0,32.0,0.0337141416966915,65.44640101492405,4283.34423828125,,,,,
404,1,404.0,0.0,32.0,32.0,0.340514063835144,63.18089505657554,4258.45361328125,,,,,
405,1,405.0,0.0,32.0,32.0,0.2405326068401336,70.73936599772424,4685.30810546875,,,,,
406,1,406.0,0.0,32.0,32.0,0.1361571848392486,62.991291051730514,4013.5908203125,,,,,
407,1,407.0,0.0,32.0,32.0,0.2876767218112945,75.02665498759598,4891.20068359375,,,,,
408,1,408.0,0.0,32.0,32.0,0.2868719696998596,64.067502040416,4258.45361328125,,,,,
409,1,409.0,0.0,32.0,32.0,0.0700713545083999,67.22209497820586,4513.66650390625,,,,,
410,1,410.0,0.0,32.0,32.0,0.0798400416970253,66.57424406148493,4480.384765625,,,,,
411,1,411.0,0.0,32.0,32.0,0.1747649163007736,61.04639102704823,4013.5908203125,,,,,
412,1,412.0,0.0,32.0,32.0,0.3967505395412445,61.57638598233461,4258.45361328125,,,,,
413,1,413.0,0.0,32.0,32.0,0.1416771411895752,60.56306196842343,3995.3720703125,,,,,
414,1,414.0,0.0,32.0,32.0,0.2837458252906799,60.37008692510426,3947.388671875,,,,,
415,1,415.0,0.0,32.0,32.0,0.3011876940727234,65.21007197443396,4544.76806640625,,,,,
416,1,416.0,0.0,32.0,32.0,0.1884066015481948,61.3863350590691,4013.5908203125,,,,,
417,1,417.0,0.0,32.0,32.0,0.0600702762603759,65.72333909571171,4384.43359375,,,,,
418,1,418.0,0.0,32.0,32.0,0.1677514612674713,55.18364405725151,3794.548828125,,,,,
419,1,419.0,0.0,32.0,32.0,0.1916661858558654,70.64700103364885,4729.970703125,,,,,
420,1,420.0,0.0,32.0,32.0,0.1348853111267089,59.76917198859155,4078.7119140625,,,,,
421,1,421.0,0.0,32.0,32.0,0.1742886304855346,63.84951900690794,4315.00048828125,,,,,
422,1,422.0,0.0,32.0,32.0,0.2946842908859253,62.38121702335775,4150.3505859375,,,,,
423,1,423.0,0.0,32.0,32.0,0.2077776938676834,71.46033900789917,4754.23046875,,,,,
424,1,424.0,0.0,32.0,32.0,0.2406017780303955,61.961162951774895,4047.14111328125,,,,,
425,1,425.0,0.0,32.0,32.0,0.184517353773117,62.89793096948415,4179.09716796875,,,,,
426,1,426.0,0.0,32.0,32.0,0.2858165204524994,62.89087899494916,4283.34423828125,,,,,
427,1,427.0,0.0,32.0,32.0,0.2947406768798828,61.91325001418591,4150.3505859375,,,,,
428,1,428.0,0.0,32.0,32.0,0.1946053653955459,64.58603101782501,4480.384765625,,,,,
429,1,429.0,0.0,32.0,32.0,0.1484462320804596,61.48819101508707,4047.14111328125,,,,,
430,1,430.0,0.0,32.0,32.0,0.0943726003170013,55.51853391807526,3850.9638671875,,,,,
431,1,431.0,0.0,32.0,32.0,0.2119368314743042,60.06227200850845,4096.28125,,,,,
432,1,432.0,0.0,32.0,32.0,0.1588162183761596,59.87113597802818,4078.7119140625,,,,,
433,1,433.0,0.0,32.0,32.0,0.1815629303455352,61.23921403195709,4213.84423828125,,,,,
434,1,434.0,0.0,32.0,32.0,0.2862667739391327,59.35909308027476,3947.388671875,,,,,
435,1,435.0,0.0,32.0,32.0,0.212197259068489,61.766360071487725,4047.14111328125,,,,,
436,1,436.0,0.0,32.0,32.0,0.1299127042293548,70.54584205616266,4580.71630859375,,,,,
437,1,437.0,0.0,32.0,32.0,0.185272678732872,63.34099394734949,4258.45361328125,,,,,
438,1,438.0,0.0,32.0,32.0,0.163875475525856,66.42548902891576,4480.384765625,,,,,
439,1,439.0,0.0,32.0,32.0,0.1081918030977249,60.78747904393822,4013.5908203125,,,,,
440,1,440.0,0.0,32.0,32.0,0.2000374346971511,59.226479032076895,3947.388671875,,,,,
441,1,441.0,0.0,32.0,32.0,0.1313414573669433,66.7245100485161,4480.384765625,,,,,
442,1,442.0,0.0,32.0,32.0,0.2820512950420379,69.42210404668003,4580.71630859375,,,,,
443,1,443.0,0.0,32.0,32.0,0.3449662923812866,69.19123092666268,4544.76806640625,,,,,
444,1,444.0,0.0,32.0,32.0,0.1992877721786499,62.82605999149382,4179.09716796875,,,,,
445,1,445.0,0.0,32.0,32.0,0.0657342672348022,58.57989401556552,4384.43359375,,,,,
446,1,446.0,0.0,32.0,32.0,0.1963061690330505,70.99118700716645,4685.30810546875,,,,,
447,1,447.0,0.0,32.0,32.0,0.2517597377300262,63.37218498811126,4179.09716796875,,,,,
448,1,448.0,0.0,32.0,32.0,0.0884953886270523,62.2828199993819,4213.84423828125,,,,,
449,1,449.0,0.0,32.0,32.0,0.1107389256358146,63.2950650760904,4283.34423828125,,,,,
450,1,450.0,0.0,32.0,32.0,0.0890334099531173,62.2375599341467,4047.14111328125,,,,,
451,1,451.0,0.0,32.0,32.0,0.2465434521436691,62.88200290873647,4179.09716796875,,,,,
452,1,452.0,0.0,32.0,32.0,0.2151572406291961,64.02345607057214,4258.45361328125,,,,,
453,1,453.0,0.0,32.0,32.0,0.1282865405082702,65.3450769605115,4513.66650390625,,,,,
454,1,454.0,0.0,32.0,32.0,0.2057844251394271,61.80627807043493,4150.3505859375,,,,,
455,1,455.0,0.0,32.0,32.0,0.237501174211502,70.2678709058091,4685.30810546875,,,,,
456,1,456.0,0.0,32.0,32.0,0.3175615072250366,64.0785259893164,4258.45361328125,,,,,
457,1,457.0,0.0,32.0,32.0,0.1879651993513107,66.83182308916003,4544.76806640625,,,,,
458,1,458.0,0.0,32.0,32.0,0.4964959621429443,59.59527497179806,3915.1640625,,,,,
459,1,459.0,0.0,32.0,32.0,0.1289790272712707,61.90636393148452,4150.3505859375,,,,,
460,1,460.0,0.0,32.0,32.0,0.3840063810348511,59.77473896928132,4013.5908203125,,,,,
461,1,461.0,0.0,32.0,32.0,0.1922561228275299,61.010529985651374,4213.84423828125,,,,,
462,1,462.0,0.0,32.0,32.0,0.2998603582382202,69.62735997512937,4580.71630859375,,,,,
463,1,463.0,0.0,32.0,32.0,0.2319191396236419,64.33677801396698,4283.34423828125,,,,,
464,1,464.0,0.0,32.0,32.0,0.186787262558937,77.56712101399899,4977.47705078125,,,,,
465,1,465.0,0.0,32.0,32.0,0.179716944694519,64.08512103371322,4258.45361328125,,,,,
466,1,466.0,0.0,32.0,32.0,0.2492249906063079,63.31163493450731,4283.34423828125,,,,,
467,1,467.0,0.0,32.0,32.0,0.2213264852762222,60.580051969736814,4078.7119140625,,,,,
468,1,468.0,0.0,32.0,32.0,0.2648845314979553,74.39223793335259,4866.47705078125,,,,,
469,1,469.0,0.0,32.0,32.0,0.1958335638046264,62.05360393505544,4258.45361328125,,,,,
470,1,470.0,0.0,32.0,32.0,0.1527601480484008,62.36716895364225,4150.3505859375,,,,,
471,1,471.0,0.0,32.0,32.0,0.263082206249237,64.88309800624847,4384.43359375,,,,,
472,1,472.0,0.0,32.0,32.0,0.1847084313631057,60.33846898935735,3995.3720703125,,,,,
473,1,473.0,0.0,32.0,32.0,0.2285678833723068,66.36519194580615,4544.76806640625,,,,,
474,1,474.0,0.0,32.0,32.0,0.2734600901603699,64.26731299143285,4315.00048828125,,,,,
475,1,475.0,0.0,32.0,32.0,0.1151579618453979,66.44219998270273,4401.24365234375,,,,,
476,1,476.0,0.0,32.0,32.0,0.1735678762197494,59.01476088911295,3915.1640625,,,,,
477,1,477.0,0.0,32.0,32.0,0.1136312931776046,68.25733894947916,4729.970703125,,,,,
478,1,478.0,0.0,32.0,32.0,0.3011513352394104,64.54098701942712,4345.8486328125,,,,,
479,1,479.0,0.0,32.0,32.0,0.1260367482900619,64.53947897534817,4258.45361328125,,,,,
480,1,480.0,0.0,32.0,32.0,0.0815195143222808,73.51993105839938,4787.39599609375,,,,,
481,1,481.0,0.0,32.0,32.0,0.1718934774398803,66.82399997953326,4401.24365234375,,,,,
482,1,482.0,0.0,32.0,32.0,0.1407127678394317,55.87134906090796,3887.11962890625,,,,,
483,1,483.0,0.0,32.0,32.0,0.3017007112503052,61.35800608899444,4150.3505859375,,,,,
484,1,484.0,0.0,32.0,32.0,0.0929841771721839,66.22118398081511,4513.66650390625,,,,,
485,1,485.0,0.0,32.0,32.0,0.1625919044017791,61.855757026933134,4179.09716796875,,,,,
486,1,486.0,0.0,32.0,32.0,0.2745594382286072,65.32954797148705,4384.43359375,,,,,
487,1,487.0,0.0,32.0,32.0,0.0888727754354476,59.846753953024745,3995.3720703125,,,,,
488,1,488.0,0.0,32.0,32.0,0.2482013702392578,63.27312998473644,4345.8486328125,,,,,
489,1,489.0,0.0,32.0,32.0,0.135958194732666,55.10631401557475,3834.9580078125,,,,,
490,1,490.0,0.0,32.0,32.0,0.254474014043808,64.71324199810624,4401.24365234375,,,,,
491,1,491.0,0.0,32.0,32.0,0.3209759891033172,60.35257794428617,4013.5908203125,,,,,
492,1,492.0,0.0,32.0,32.0,0.2379785925149917,61.73859699629247,4179.09716796875,,,,,
493,1,493.0,0.0,32.0,32.0,0.1597998738288879,58.86828002985567,3915.1640625,,,,,
494,1,494.0,0.0,32.0,32.0,0.0765687376260757,69.87635104451329,4754.23046875,,,,,
495,1,495.0,0.0,32.0,32.0,0.094984084367752,63.75379499513656,4179.09716796875,,,,,
496,1,496.0,0.0,32.0,32.0,0.1039570569992065,66.03716209065169,4480.384765625,,,,,
497,1,497.0,0.0,32.0,32.0,0.5177285671234131,64.02287795208395,4283.34423828125,,,,,
498,1,498.0,0.0,32.0,32.0,0.3266079425811767,59.04066993389279,3915.1640625,,,,,
499,1,499.0,0.0,32.0,32.0,0.0738082081079483,69.12296998780221,4633.79638671875,,,,,
500,1,500.0,0.0,32.0,32.0,0.1118196919560432,63.36323695722968,4047.14111328125,,,,,
501,1,501.0,0.0,32.0,32.0,0.1067902147769928,61.678382102400064,4150.3505859375,,,,,
502,1,502.0,0.0,32.0,32.0,0.0801017731428146,64.79641294572502,4544.76806640625,,,,,
503,1,503.0,0.0,32.0,32.0,0.2856955528259277,68.02557699847966,4480.384765625,,,,,
504,1,504.0,0.0,32.0,32.0,0.2319256365299224,69.48034500237554,4633.79638671875,,,,,
505,1,505.0,0.0,32.0,32.0,0.2300479561090469,62.13998096063733,4047.14111328125,,,,,
506,1,506.0,0.0,32.0,32.0,0.2197054326534271,64.57159807905555,4384.43359375,,,,,
507,1,507.0,0.0,32.0,32.0,0.0952014401555061,64.67075808905065,4345.8486328125,,,,,
508,1,508.0,0.0,32.0,32.0,0.1974743902683258,67.1268169535324,4544.76806640625,,,,,
509,1,509.0,0.0,32.0,32.0,0.5017723441123962,63.16975399386138,4283.34423828125,,,,,
510,1,510.0,0.0,32.0,32.0,0.0983118414878845,63.0868460284546,4315.00048828125,,,,,
511,1,511.0,0.0,32.0,32.0,0.1817797571420669,60.73231401387602,4078.7119140625,,,,,
512,1,512.0,0.0,32.0,32.0,0.1090048402547836,62.86022800486535,4213.84423828125,,,,,
513,1,513.0,0.0,32.0,32.0,0.1884357184171676,55.6265750201419,3850.9638671875,,,,,
514,1,514.0,0.0,32.0,32.0,0.0860720425844192,54.96988201048225,3887.11962890625,,,,,
515,1,515.0,0.0,32.0,32.0,0.1493691951036453,63.19707096554339,4315.00048828125,,,,,
516,1,516.0,0.0,32.0,32.0,0.1379236429929733,67.23594898357987,4480.384765625,,,,,
517,1,517.0,0.0,32.0,32.0,0.0537013411521911,59.43553999532014,4078.7119140625,,,,,
518,1,518.0,0.0,32.0,32.0,0.1883813589811325,61.61624996457249,4213.84423828125,,,,,
519,1,519.0,0.0,32.0,32.0,0.3370614349842071,62.35326395835728,4315.00048828125,,,,,
520,1,520.0,0.0,32.0,32.0,0.2210117429494857,65.28827105648816,4384.43359375,,,,,
521,1,521.0,0.0,32.0,32.0,0.0407205633819103,61.83383800089359,4096.28125,,,,,
522,1,522.0,0.0,32.0,32.0,0.1432615220546722,62.323146034032106,4096.28125,,,,,
523,1,523.0,0.0,32.0,32.0,0.1924216151237487,61.592968995682895,4096.28125,,,,,
524,1,524.0,0.0,32.0,32.0,0.0311938691884279,64.96431794948876,4384.43359375,,,,,
525,1,525.0,0.0,32.0,32.0,0.168394386768341,69.91211604326963,4567.0,,,,,
526,1,526.0,0.0,32.0,32.0,0.2822290360927582,60.94645208213478,3995.3720703125,,,,,
527,1,527.0,0.0,32.0,32.0,0.5939186811447144,56.41363700851798,4150.3505859375,,,,,
528,1,528.0,0.0,32.0,32.0,0.2142618000507354,63.1905619520694,4258.45361328125,,,,,
529,1,529.0,0.0,32.0,32.0,0.0923336967825889,54.87080093007535,3794.548828125,,,,,
530,1,530.0,0.0,32.0,32.0,0.2030775845050811,62.194884987548,4283.34423828125,,,,,
531,1,531.0,0.0,32.0,32.0,0.2460137605667114,58.94062202423811,3915.1640625,,,,,
532,1,532.0,0.0,32.0,32.0,0.1507903635501861,59.838725021108985,4013.5908203125,,,,,
533,1,533.0,0.0,32.0,32.0,0.0729368478059768,70.97088394220918,4729.970703125,,,,,
534,1,534.0,0.0,32.0,32.0,0.2128102779388427,61.31301401183009,3995.3720703125,,,,,
535,1,535.0,0.0,32.0,32.0,0.0781074166297912,59.560947003774345,3995.3720703125,,,,,
536,1,536.0,0.0,32.0,32.0,0.1849753558635711,69.50019404757768,4729.970703125,,,,,
537,1,537.0,0.0,32.0,32.0,0.1897080391645431,60.07076904643327,4078.7119140625,,,,,
538,1,538.0,0.0,32.0,32.0,0.2724813818931579,71.0401029791683,4754.23046875,,,,,
539,1,539.0,0.0,32.0,32.0,0.2467038035392761,59.753242996521294,3947.388671875,,,,,
540,1,540.0,0.0,32.0,32.0,0.0382714942097663,65.67427003756166,4480.384765625,,,,,
541,1,541.0,0.0,32.0,32.0,0.2483152598142624,71.87731598969549,4658.4052734375,,,,,
542,1,542.0,0.0,32.0,32.0,0.1758297830820083,65.55730302352458,4345.8486328125,,,,,
543,1,543.0,0.0,32.0,32.0,0.1121416985988617,71.00876502227038,4685.30810546875,,,,,
544,1,544.0,0.0,32.0,32.0,0.1187691837549209,58.044974924996495,4078.7119140625,,,,,
545,1,545.0,0.0,32.0,32.0,0.2697300314903259,64.3253269372508,4384.43359375,,,,,
546,1,546.0,0.0,32.0,32.0,0.1678316295146942,61.64457695558667,4047.14111328125,,,,,
547,1,547.0,0.0,32.0,32.0,0.214481770992279,62.49628099612892,4150.3505859375,,,,,
548,1,548.0,0.0,32.0,32.0,0.1248436868190765,64.89521800540388,4258.45361328125,,,,,
549,1,549.0,0.0,32.0,32.0,0.1227237656712532,63.46672109793872,4315.00048828125,,,,,
550,1,550.0,0.0,32.0,32.0,0.1691700369119644,70.46632200945169,4658.4052734375,,,,,
551,1,551.0,0.0,32.0,32.0,0.1403104662895202,56.79070099722594,3850.9638671875,,,,,
552,1,552.0,0.0,32.0,32.0,0.1619578748941421,56.415027007460594,3947.388671875,,,,,
553,1,553.0,0.0,32.0,32.0,0.0616165809333324,63.36226698476821,4258.45361328125,,,,,
554,1,554.0,0.0,32.0,32.0,0.3267330527305603,63.27044102363288,4258.45361328125,,,,,
555,1,555.0,0.0,32.0,32.0,0.0802780240774154,64.10587893333286,4315.00048828125,,,,,
556,1,556.0,0.0,32.0,32.0,0.067479521036148,63.27309599146247,4213.84423828125,,,,,
557,1,557.0,0.0,32.0,32.0,0.2006783038377761,70.09801594540477,4580.71630859375,,,,,
558,1,558.0,0.0,32.0,32.0,0.3991318345069885,57.49857309274376,3887.11962890625,,,,,
559,1,559.0,0.0,32.0,32.0,0.2094296962022781,71.41647802200168,4729.970703125,,,,,
560,1,560.0,0.0,32.0,32.0,0.1466098725795745,62.58088699541986,4258.45361328125,,,,,
561,1,561.0,0.0,32.0,32.0,0.1719420999288559,63.725652056746185,4258.45361328125,,,,,
562,1,562.0,0.0,32.0,32.0,0.0511233508586883,64.27672505378723,4315.00048828125,,,,,
563,1,563.0,0.0,32.0,32.0,0.3599327802658081,71.32030196953565,4729.970703125,,,,,
564,1,564.0,0.0,32.0,32.0,0.18524731695652,67.09931697696447,4513.66650390625,,,,,
565,1,565.0,0.0,32.0,32.0,0.1813250333070755,57.3381669819355,3834.9580078125,,,,,
566,1,566.0,0.0,32.0,32.0,0.3427204489707947,61.05148501228541,4213.84423828125,,,,,
567,1,567.0,0.0,32.0,32.0,0.1296862810850143,62.94504797551781,4283.34423828125,,,,,
568,1,568.0,0.0,32.0,32.0,0.0644382163882255,58.66252793930471,3995.3720703125,,,,,
569,1,569.0,0.0,32.0,32.0,0.2800578773021698,60.841688071377575,4047.14111328125,,,,,
570,1,570.0,0.0,32.0,32.0,0.2309846729040146,61.35997409000993,4096.28125,,,,,
571,1,571.0,0.0,32.0,32.0,0.2843275368213653,59.541622060351074,4013.5908203125,,,,,
572,1,572.0,0.0,32.0,32.0,0.2069032788276672,59.56255400087685,3915.1640625,,,,,
573,1,573.0,0.0,32.0,32.0,0.2183155715465545,63.24427796062082,4179.09716796875,,,,,
574,1,574.0,0.0,32.0,32.0,0.0690327435731887,63.91371297650039,4258.45361328125,,,,,
575,1,575.0,0.0,32.0,32.0,0.0470019802451133,66.31218502297997,4384.43359375,,,,,
576,1,576.0,0.0,32.0,32.0,0.0766571089625358,66.06350501533598,4401.24365234375,,,,,
577,1,577.0,0.0,32.0,32.0,0.2587247192859649,60.44350401498377,4096.28125,,,,,
578,1,578.0,0.0,32.0,32.0,0.0552473068237304,77.15104706585407,4924.3115234375,,,,,
579,1,579.0,0.0,32.0,32.0,0.0613471679389476,62.0342050679028,4013.5908203125,,,,,
580,1,580.0,0.0,32.0,32.0,0.3124251961708069,63.55786009225994,4345.8486328125,,,,,
581,1,581.0,0.0,32.0,32.0,0.219056099653244,55.23048702161759,3781.083984375,,,,,
582,1,582.0,0.0,32.0,32.0,0.1430335938930511,57.338532991707325,3915.1640625,,,,,
583,1,583.0,0.0,32.0,32.0,0.6784335970878601,58.57848294544965,4078.7119140625,,,,,
584,1,584.0,0.0,32.0,32.0,0.2662016749382019,60.95362699124962,4179.09716796875,,,,,
585,1,585.0,0.0,32.0,32.0,0.301078200340271,61.52173597365618,4096.28125,,,,,
586,1,586.0,0.0,32.0,32.0,0.3060717582702636,57.924890075810254,3947.388671875,,,,,
587,1,587.0,0.0,32.0,32.0,0.1115079373121261,64.03189094271511,4401.24365234375,,,,,
588,1,588.0,0.0,32.0,32.0,0.3770948648452759,73.77600600011647,4729.970703125,,,,,
589,1,589.0,0.0,32.0,32.0,0.2284019291400909,70.44633605983108,4567.0,,,,,
590,1,590.0,0.0,32.0,32.0,0.1552766412496566,56.39354605227709,3834.9580078125,,,,,
591,1,591.0,0.0,32.0,32.0,0.3288348913192749,62.47714697383344,4179.09716796875,,,,,
592,1,592.0,0.0,32.0,32.0,0.2985375821590423,62.05031997524202,4096.28125,,,,,
593,1,593.0,0.0,32.0,32.0,0.2922641336917877,61.76177295856178,4150.3505859375,,,,,
594,1,594.0,0.0,32.0,32.0,0.1896699666976928,65.1980210095644,4544.76806640625,,,,,
595,1,595.0,0.0,32.0,32.0,0.1050270944833755,64.20616107061505,4283.34423828125,,,,,
596,1,596.0,0.0,32.0,32.0,0.2092149406671524,61.16857402957976,3915.1640625,,,,,
597,1,597.0,0.0,32.0,32.0,0.479758471250534,69.79824602603912,4633.79638671875,,,,,
598,1,598.0,0.0,32.0,32.0,0.467389166355133,70.34404203295708,4633.79638671875,,,,,
599,1,599.0,0.0,32.0,32.0,0.319829910993576,64.28626598790288,4096.28125,,,,,
600,1,600.0,0.0,32.0,32.0,0.2272078543901443,63.2181940600276,4345.8486328125,,,,,
601,1,601.0,0.0,32.0,32.0,0.3892364501953125,61.0672989860177,4013.5908203125,,,,,
602,1,602.0,0.0,32.0,32.0,0.2019955515861511,59.63073996827006,4096.28125,,,,,
603,1,603.0,0.0,32.0,32.0,0.1479711234569549,57.7422030037269,3794.548828125,,,,,
604,1,604.0,0.0,32.0,32.0,0.2606033086776733,70.33750100526959,4729.970703125,,,,,
605,1,605.0,0.0,32.0,32.0,0.3485033810138702,66.7655139695853,4258.45361328125,,,,,
606,1,606.0,0.0,32.0,32.0,0.1773338168859481,70.3902100212872,4633.79638671875,,,,,
607,1,607.0,0.0,32.0,32.0,0.1572075486183166,63.07034904602915,4047.14111328125,,,,,
608,1,608.0,0.0,32.0,32.0,0.3588849306106567,66.94779905956239,4480.384765625,,,,,
609,1,609.0,0.0,32.0,32.0,0.2571384310722351,60.74621400330216,3794.548828125,,,,,
610,1,610.0,0.0,32.0,32.0,0.182471826672554,63.88249306473881,4513.66650390625,,,,,
611,1,611.0,0.0,32.0,32.0,0.3202032744884491,69.43360704462975,4685.30810546875,,,,,
612,1,612.0,0.0,32.0,32.0,0.1571586281061172,71.03850890416652,4345.8486328125,,,,,
613,1,613.0,0.0,32.0,32.0,0.0452277138829231,71.5712170349434,4384.43359375,,,,,
614,1,614.0,0.0,32.0,32.0,0.2831888794898987,61.78260699380189,4345.8486328125,,,,,
615,1,615.0,0.0,32.0,32.0,0.1593230366706848,62.614497961476445,4213.84423828125,,,,,
616,1,616.0,0.0,32.0,32.0,0.0882687196135521,60.77420501969755,4013.5908203125,,,,,
617,1,617.0,0.0,32.0,32.0,0.0620410777628421,60.95357798039913,3995.3720703125,,,,,
618,1,618.0,0.0,32.0,32.0,0.2032298147678375,70.30631497036666,4685.30810546875,,,,,
619,1,619.0,0.0,32.0,32.0,0.104165181517601,74.5953000150621,4787.39599609375,,,,,
620,1,620.0,0.0,32.0,32.0,0.0529833920300006,62.33674997929484,3947.388671875,,,,,
621,1,621.0,0.0,32.0,32.0,0.1515816450119018,65.73647598270327,4401.24365234375,,,,,
622,1,622.0,0.0,32.0,32.0,0.2539510726928711,64.82793693430722,4258.45361328125,,,,,
623,1,623.0,0.0,32.0,32.0,0.0994706451892852,72.3650879226625,4150.3505859375,,,,,
624,1,624.0,0.0,32.0,32.0,0.3757008612155914,69.2874020896852,3834.9580078125,,,,,
625,1,625.0,0.0,32.0,32.0,0.0497769191861152,58.15288401208818,4315.00048828125,,,,,
626,1,626.0,0.0,32.0,32.0,0.1526779383420944,62.385555007494986,4179.09716796875,,,,,
627,1,627.0,0.0,32.0,32.0,0.3003495335578918,64.52884094323963,4213.84423828125,,,,,
628,1,628.0,0.0,32.0,32.0,0.4792660474777221,64.86096396110952,4315.00048828125,,,,,
629,1,629.0,0.0,32.0,32.0,0.3713400959968567,70.74860902503133,4580.71630859375,,,,,
630,1,630.0,0.0,32.0,32.0,0.1770396828651428,65.74158009607345,4283.34423828125,,,,,
631,1,631.0,0.0,32.0,32.0,0.1764182597398758,70.76591590885073,4729.970703125,,,,,
632,1,632.0,0.0,32.0,32.0,0.2808695435523987,67.96003098133951,4401.24365234375,,,,,
633,1,633.0,0.0,32.0,32.0,0.3794062733650207,64.98321401886642,4345.8486328125,,,,,
634,1,634.0,0.0,32.0,32.0,0.1563139706850052,64.302999060601,4384.43359375,,,,,
635,1,635.0,0.0,32.0,32.0,0.3435878157615661,60.69640000350773,3700.8271484375,,,,,
636,1,636.0,0.0,32.0,32.0,0.1959540247917175,62.19577195588499,4283.34423828125,,,,,
637,1,637.0,0.0,32.0,32.0,0.2820429801940918,61.92221201490611,4078.7119140625,,,,,
638,1,638.0,0.0,32.0,32.0,0.3542044460773468,63.076163991354406,4179.09716796875,,,,,
639,1,639.0,0.0,32.0,32.0,0.092030681669712,65.49944705329835,4401.24365234375,,,,,
640,1,640.0,0.0,32.0,32.0,0.1108824089169502,74.99921508133411,4812.3349609375,,,,,
641,1,641.0,0.0,32.0,32.0,0.2549019455909729,65.36163296550512,4258.45361328125,,,,,
642,1,642.0,0.0,32.0,32.0,0.2319263517856598,63.5069269919768,4345.8486328125,,,,,
643,1,643.0,0.0,32.0,32.0,0.3381102085113525,71.86026498675346,4658.4052734375,,,,,
644,1,644.0,0.0,32.0,32.0,0.1206116825342178,65.10917702689767,4345.8486328125,,,,,
645,1,645.0,0.0,32.0,32.0,0.1350855529308319,69.18300001416355,4544.76806640625,,,,,
646,1,646.0,0.0,32.0,32.0,0.2891034483909607,65.83751703146845,4345.8486328125,,,,,
647,1,647.0,0.0,32.0,32.0,0.1459707617759704,70.34209801349789,4658.4052734375,,,,,
648,1,648.0,0.0,32.0,32.0,0.0735072642564773,73.8734700717032,4754.23046875,,,,,
649,1,649.0,0.0,32.0,32.0,0.3119836747646332,59.36882609967142,3652.66943359375,,,,,
650,1,650.0,0.0,32.0,32.0,0.2512829303741455,66.62444805260748,4685.30810546875,,,,,
651,1,651.0,0.0,32.0,32.0,0.3303449749946594,66.46737398114055,4283.34423828125,,,,,
652,1,652.0,0.0,32.0,32.0,0.0753549039363861,65.48605905845761,4384.43359375,,,,,
653,1,653.0,0.0,32.0,32.0,0.0957223773002624,64.988604048267,4258.45361328125,,,,,
654,1,654.0,0.0,32.0,32.0,0.2673721015453338,62.32921197079122,4047.14111328125,,,,,
655,1,655.0,0.0,32.0,32.0,0.3681709766387939,63.20144410710782,4258.45361328125,,,,,
656,1,656.0,0.0,32.0,32.0,0.2115316987037658,64.7156739141792,4345.8486328125,,,,,
657,1,657.0,0.0,32.0,32.0,0.3227741122245788,64.66987694147974,4096.28125,,,,,
658,1,658.0,0.0,32.0,32.0,0.2727528214454651,61.2038669642061,4179.09716796875,,,,,
659,1,659.0,0.0,32.0,32.0,0.4860308766365051,57.14728299062699,3850.9638671875,,,,,
660,1,660.0,0.0,32.0,32.0,0.2373870313167572,65.03241299651563,4384.43359375,,,,,
661,1,661.0,0.0,32.0,32.0,0.2069377601146698,62.682798015885055,4213.84423828125,,,,,
662,1,662.0,0.0,32.0,32.0,0.1821439415216446,64.3731530290097,4213.84423828125,,,,,
663,1,663.0,0.0,32.0,32.0,0.1204802617430687,59.15832309983671,3915.1640625,,,,,
664,1,664.0,0.0,32.0,32.0,0.377467930316925,61.33119901642203,4047.14111328125,,,,,
665,1,665.0,0.0,32.0,32.0,0.2240469604730606,67.8677479736507,4401.24365234375,,,,,
666,1,666.0,0.0,32.0,32.0,0.1695657968521118,61.41878990456462,4150.3505859375,,,,,
667,1,667.0,0.0,32.0,32.0,0.1411096751689911,64.907974912785,4384.43359375,,,,,
668,1,668.0,0.0,32.0,32.0,0.1704880893230438,67.70310399588197,4513.66650390625,,,,,
669,1,669.0,0.0,32.0,32.0,0.0881117731332779,64.72848006524146,4150.3505859375,,,,,
670,1,670.0,0.0,32.0,32.0,0.150497168302536,73.62633792217821,4685.30810546875,,,,,
671,1,671.0,0.0,32.0,32.0,0.1124173253774643,74.95835307054222,4787.39599609375,,,,,
672,1,672.0,0.0,32.0,32.0,0.1640916168689727,65.93019096180797,4283.34423828125,,,,,
673,1,673.0,0.0,32.0,32.0,0.546984076499939,62.7981370780617,4150.3505859375,,,,,
674,1,674.0,0.0,32.0,32.0,0.2325503230094909,57.955553056672215,3995.3720703125,,,,,
675,1,675.0,0.0,32.0,32.0,0.1912118792533874,66.43211899790913,4544.76806640625,,,,,
676,1,676.0,0.0,32.0,32.0,0.2208529263734817,67.17380101326853,4401.24365234375,,,,,
677,1,677.0,0.0,32.0,32.0,0.2915971875190735,62.38724791910499,3995.3720703125,,,,,
678,1,678.0,0.0,32.0,32.0,0.1585287898778915,59.84236905351281,3834.9580078125,,,,,
679,1,679.0,0.0,32.0,32.0,0.1491699367761612,61.550392070785165,4283.34423828125,,,,,
680,1,680.0,0.0,32.0,32.0,0.1358599662780761,70.65025996416807,4567.0,,,,,
681,1,681.0,0.0,32.0,32.0,0.0613477081060409,60.635536909103394,3915.1640625,,,,,
682,1,682.0,0.0,32.0,32.0,0.1481644213199615,61.45484000444412,4283.34423828125,,,,,
683,1,683.0,0.0,32.0,32.0,0.0921705216169357,63.72994103003293,4150.3505859375,,,,,
684,1,684.0,0.0,32.0,32.0,0.1903327405452728,66.30341603886336,4401.24365234375,,,,,
685,1,685.0,0.0,32.0,32.0,0.1681052297353744,60.0380819523707,3947.388671875,,,,,
686,1,686.0,0.0,32.0,32.0,0.0926711037755012,67.25348101463169,4480.384765625,,,,,
687,1,687.0,0.0,32.0,32.0,0.3819109499454498,77.9293889645487,4891.20068359375,,,,,
688,1,688.0,0.0,32.0,32.0,0.3036986887454986,64.2780129564926,4096.28125,,,,,
689,1,689.0,0.0,32.0,32.0,0.0237147398293018,69.09418595023453,4580.71630859375,,,,,
690,1,690.0,0.0,32.0,32.0,0.2031994462013244,68.06420895736665,4567.0,,,,,
691,1,691.0,0.0,32.0,32.0,0.5871167182922363,65.68755093030632,4283.34423828125,,,,,
692,1,692.0,0.0,32.0,32.0,0.2301668226718902,59.14853198919445,3887.11962890625,,,,,
693,1,693.0,0.0,32.0,32.0,0.1331428289413452,62.73613905068487,4315.00048828125,,,,,
694,1,694.0,0.0,32.0,32.0,0.1741534322500229,66.37928704731166,4384.43359375,,,,,
695,1,695.0,0.0,32.0,32.0,0.1750992089509964,64.45118400733918,4096.28125,,,,,
696,1,696.0,0.0,32.0,32.0,0.0384037792682647,62.455161940306425,4096.28125,,,,,
697,1,697.0,0.0,32.0,32.0,0.2272291183471679,66.82819698471576,4480.384765625,,,,,
698,1,698.0,0.0,32.0,32.0,0.2365624606609344,61.980992089957,4213.84423828125,,,,,
699,1,699.0,0.0,32.0,32.0,0.3195032179355621,60.926051111891866,4013.5908203125,,,,,
700,1,700.0,0.0,32.0,32.0,0.1819303929805755,71.2625669548288,4580.71630859375,,,,,
701,1,701.0,0.0,32.0,32.0,0.1711952835321426,59.68292092438787,3781.083984375,,,,,
702,1,702.0,0.0,32.0,32.0,0.4925563931465149,58.07302694302052,3995.3720703125,,,,,
703,1,703.0,0.0,32.0,32.0,0.0803059339523315,61.56240007840097,4150.3505859375,,,,,
704,1,704.0,0.0,32.0,32.0,0.1275428682565689,63.997674034908414,4283.34423828125,,,,,
705,1,705.0,0.0,32.0,32.0,0.0934988483786583,63.47786693368107,4283.34423828125,,,,,
706,1,706.0,0.0,32.0,32.0,0.2921386063098907,65.63087599352002,4401.24365234375,,,,,
707,1,707.0,0.0,32.0,32.0,0.4523987174034118,60.56962697766721,3947.388671875,,,,,
708,1,708.0,0.0,32.0,32.0,0.0605712346732616,69.22024500090629,4633.79638671875,,,,,
709,1,709.0,0.0,32.0,32.0,0.202946126461029,66.37789495289326,4345.8486328125,,,,,
710,1,710.0,0.0,32.0,32.0,0.2412315309047699,59.17032703291625,3624.2412109375,,,,,
711,1,711.0,0.0,32.0,32.0,0.1593546271324157,55.531722959131,3794.548828125,,,,,
712,1,712.0,0.0,32.0,32.0,0.1361340284347534,64.62719303090125,4480.384765625,,,,,
713,1,713.0,0.0,32.0,32.0,0.2028672099113464,68.33236804232001,4544.76806640625,,,,,
714,1,714.0,0.0,32.0,32.0,0.2577144205570221,61.997525044716895,4179.09716796875,,,,,
715,1,715.0,0.0,32.0,32.0,0.2348848432302475,65.00417704228312,4258.45361328125,,,,,
716,1,716.0,0.0,32.0,32.0,0.1083797290921211,71.55155797954649,4580.71630859375,,,,,
717,1,717.0,0.0,32.0,32.0,0.1636080890893936,65.55919605307281,4283.34423828125,,,,,
718,1,718.0,0.0,32.0,32.0,0.1500683724880218,59.48578706011176,3915.1640625,,,,,
719,1,719.0,0.0,32.0,32.0,0.2585988938808441,61.340846004895866,4150.3505859375,,,,,
720,1,720.0,0.0,32.0,32.0,0.2093075811862945,64.12844394799322,4213.84423828125,,,,,
721,1,721.0,0.0,32.0,32.0,0.1392025500535965,71.69201096985489,4658.4052734375,,,,,
722,1,722.0,0.0,32.0,32.0,0.293096661567688,69.27064503543079,4580.71630859375,,,,,
723,1,723.0,0.0,32.0,32.0,0.1086736544966697,80.04831499420106,5088.5791015625,,,,,
724,1,724.0,0.0,32.0,32.0,0.0953174829483032,69.88096295390278,4544.76806640625,,,,,
725,1,725.0,0.0,32.0,32.0,0.0660843178629875,63.900094013661146,4150.3505859375,,,,,
726,1,726.0,0.0,32.0,32.0,0.1289855390787124,59.30048192385584,4078.7119140625,,,,,
727,1,727.0,0.0,32.0,32.0,0.1473430693149566,59.58800890948624,4013.5908203125,,,,,
728,1,728.0,0.0,32.0,32.0,0.238936573266983,60.08255097549409,3947.388671875,,,,,
729,1,729.0,0.0,32.0,32.0,0.271785169839859,61.89715303480625,4096.28125,,,,,
730,1,730.0,0.0,32.0,32.0,0.0831174701452255,61.68740906286985,4179.09716796875,,,,,
731,1,731.0,0.0,32.0,32.0,0.3239075243473053,63.72743402607739,4345.8486328125,,,,,
732,1,732.0,0.0,32.0,32.0,0.4418437480926513,65.10594801511616,4315.00048828125,,,,,
733,1,733.0,0.0,32.0,32.0,0.257904976606369,61.92428199574351,4013.5908203125,,,,,
734,1,734.0,0.0,32.0,32.0,0.1644037663936615,63.45203495584428,4096.28125,,,,,
735,1,735.0,0.0,32.0,32.0,0.1819688975811004,64.89760603290051,4315.00048828125,,,,,
736,1,736.0,0.0,32.0,32.0,0.0349962562322616,60.54852600209415,4078.7119140625,,,,,
737,1,737.0,0.0,32.0,32.0,0.1522045880556106,59.669522917829454,4013.5908203125,,,,,
738,1,738.0,0.0,32.0,32.0,0.1614673733711242,60.63378602266312,4150.3505859375,,,,,
739,1,739.0,0.0,32.0,32.0,0.1540646404027938,64.86226199194789,4283.34423828125,,,,,
740,1,740.0,0.0,32.0,32.0,0.0614909306168556,63.31075495108962,4047.14111328125,,,,,
741,1,741.0,0.0,32.0,32.0,0.0430626645684242,63.667862908914685,4150.3505859375,,,,,
742,1,742.0,0.0,32.0,32.0,0.467223584651947,73.64900002721697,4787.39599609375,,,,,
743,1,743.0,0.0,32.0,32.0,0.445789486169815,64.15402900893241,4096.28125,,,,,
744,1,744.0,0.0,32.0,32.0,0.1776365786790847,60.1037930464372,3995.3720703125,,,,,
745,1,745.0,0.0,32.0,32.0,0.7723578810691833,66.03383494075388,4401.24365234375,,,,,
746,1,746.0,0.0,32.0,32.0,0.1100700721144676,68.59953503590077,4658.4052734375,,,,,
747,1,747.0,0.0,32.0,32.0,0.0741427093744278,62.05634598154575,3947.388671875,,,,,
748,1,748.0,0.0,32.0,32.0,0.216581180691719,66.09548896085471,4513.66650390625,,,,,
749,1,749.0,0.0,32.0,32.0,0.408854067325592,61.692917020991445,4013.5908203125,,,,,
750,1,750.0,0.0,32.0,32.0,0.3877414464950561,64.80787589680403,4283.34423828125,,,,,
751,1,751.0,0.0,32.0,32.0,0.2007765173912048,72.11723597720265,4658.4052734375,,,,,
752,1,752.0,0.0,32.0,32.0,0.1815904080867767,64.54565608873963,4179.09716796875,,,,,
753,1,753.0,0.0,32.0,32.0,0.0666438117623329,60.45931996777654,3995.3720703125,,,,,
754,1,754.0,0.0,32.0,32.0,0.2159251272678375,62.4957469990477,4258.45361328125,,,,,
755,1,755.0,0.0,32.0,32.0,0.0695243328809738,65.116400946863,4283.34423828125,,,,,
756,1,756.0,0.0,32.0,32.0,0.2325596958398819,64.89748507738113,4345.8486328125,,,,,
757,1,757.0,0.0,32.0,32.0,0.277742475271225,63.17627395037562,4179.09716796875,,,,,
758,1,758.0,0.0,32.0,32.0,0.2300595045089721,60.70115393958986,4078.7119140625,,,,,
759,1,759.0,0.0,32.0,32.0,0.0467878319323062,57.387374923564494,3887.11962890625,,,,,
760,1,760.0,0.0,32.0,32.0,0.3907773494720459,57.81174101866782,4078.7119140625,,,,,
761,1,761.0,0.0,32.0,32.0,0.199682131409645,63.850364997051656,4315.00048828125,,,,,
762,1,762.0,0.0,32.0,32.0,0.0327139943838119,68.7672549393028,4480.384765625,,,,,
763,1,763.0,0.0,32.0,32.0,0.2912486791610718,69.72631195094436,4754.23046875,,,,,
764,1,764.0,0.0,32.0,32.0,0.1379208862781524,64.31609694845974,4096.28125,,,,,
765,1,765.0,0.0,32.0,32.0,0.129667192697525,71.15141092799604,4658.4052734375,,,,,
766,1,766.0,0.0,32.0,32.0,0.1347502917051315,64.54044405836612,4258.45361328125,,,,,
767,1,767.0,0.0,32.0,32.0,0.2266228348016739,60.87480706628412,4078.7119140625,,,,,
768,1,768.0,0.0,32.0,32.0,0.2037084996700287,69.5058899000287,4580.71630859375,,,,,
769,1,769.0,0.0,32.0,32.0,0.1858672201633453,63.94552893470973,4150.3505859375,,,,,
770,1,770.0,0.0,32.0,32.0,0.1554698497056961,67.56107497494668,4544.76806640625,,,,,
771,1,771.0,0.0,32.0,32.0,0.1113429814577102,68.43205797486007,4567.0,,,,,
772,1,772.0,0.0,32.0,32.0,0.1649154126644134,65.50136208534241,4258.45361328125,,,,,
773,1,773.0,0.0,32.0,32.0,0.2229977399110794,75.25503798387945,4812.3349609375,,,,,
774,1,774.0,0.0,32.0,32.0,0.2085618078708648,61.55536801088601,3947.388671875,,,,,
775,1,775.0,0.0,32.0,32.0,0.1568968296051025,68.98916198406368,4567.0,,,,,
776,1,776.0,0.0,32.0,32.0,0.0916452631354332,63.97681590169668,4096.28125,,,,,
777,1,777.0,0.0,32.0,32.0,0.093746043741703,67.13666999712586,4544.76806640625,,,,,
778,1,778.0,0.0,32.0,32.0,0.1645587235689163,61.04496098123491,4078.7119140625,,,,,
779,1,779.0,0.0,32.0,32.0,0.3580724895000458,65.2152489637956,4544.76806640625,,,,,
780,1,780.0,0.0,32.0,32.0,0.2821733653545379,71.59043301362544,4580.71630859375,,,,,
781,1,781.0,0.0,32.0,32.0,0.2218534499406814,61.78435299079865,4078.7119140625,,,,,
782,1,782.0,0.0,32.0,32.0,0.04130320250988,67.14517797809094,4513.66650390625,,,,,
783,1,783.0,0.0,32.0,32.0,0.1397913992404937,62.80513200908899,4213.84423828125,,,,,
784,1,784.0,0.0,32.0,32.0,0.1987405866384506,66.68905599508435,4513.66650390625,,,,,
785,1,785.0,0.0,32.0,32.0,0.1381562352180481,63.935891026631,4150.3505859375,,,,,
786,1,786.0,0.0,32.0,32.0,0.3351772129535675,60.9590430976823,4013.5908203125,,,,,
787,1,787.0,0.0,32.0,32.0,0.17259581387043,59.63086697738618,4047.14111328125,,,,,
788,1,788.0,0.0,32.0,32.0,0.3011693358421325,59.90637501236051,3915.1640625,,,,,
789,1,789.0,0.0,32.0,32.0,0.1473978906869888,61.62192497868091,4179.09716796875,,,,,
790,1,790.0,0.0,32.0,32.0,0.282269537448883,71.3439229875803,4658.4052734375,,,,,
791,1,791.0,0.0,32.0,32.0,0.1994951069355011,69.13740700110793,4513.66650390625,,,,,
792,1,792.0,0.0,32.0,32.0,0.1121513098478317,65.11233898345381,4315.00048828125,,,,,
793,1,793.0,0.0,32.0,32.0,0.3435265719890594,63.69291502051056,4345.8486328125,,,,,
794,1,794.0,0.0,32.0,32.0,0.0958836078643798,72.15353508945554,4580.71630859375,,,,,
795,1,795.0,0.0,32.0,32.0,0.0704026520252227,64.15881298016757,4315.00048828125,,,,,
796,1,796.0,0.0,32.0,32.0,0.1374118030071258,63.81180905736983,4213.84423828125,,,,,
797,1,797.0,0.0,32.0,32.0,0.4157730638980865,76.47250895388424,4866.47705078125,,,,,
798,1,798.0,0.0,32.0,32.0,0.1710076630115509,72.24913500249386,4658.4052734375,,,,,
799,1,799.0,0.0,32.0,32.0,0.0159094519913196,64.99919400084764,4283.34423828125,,,,,
800,1,800.0,0.0,32.0,32.0,0.3090806007385254,69.20053204521537,4633.79638671875,,,,,
801,1,801.0,0.0,32.0,32.0,0.1576948761940002,66.01230695378035,4283.34423828125,,,,,
802,1,802.0,0.0,32.0,32.0,0.3572967648506164,66.60910102073103,4480.384765625,,,,,
803,1,803.0,0.0,32.0,32.0,0.1708790957927703,73.79428506828845,4891.20068359375,,,,,
804,1,804.0,0.0,32.0,32.0,0.3723978102207184,64.35909098945558,4096.28125,,,,,
805,1,805.0,0.0,32.0,32.0,0.1225065141916275,60.2428080746904,4013.5908203125,,,,,
806,1,806.0,0.0,32.0,32.0,0.0929530933499336,63.95563599653542,4179.09716796875,,,,,
807,1,807.0,0.0,32.0,32.0,0.2533750534057617,59.947564965114,3995.3720703125,,,,,
808,1,808.0,0.0,32.0,32.0,0.0834379717707634,64.65443293564022,4345.8486328125,,,,,
809,1,809.0,0.0,32.0,32.0,0.2317940592765808,59.292834950611,3794.548828125,,,,,
810,1,810.0,0.0,32.0,32.0,0.2260633111000061,61.636661062948406,4258.45361328125,,,,,
811,1,811.0,0.0,32.0,32.0,0.1406649649143219,58.57997003477067,4013.5908203125,,,,,
812,1,812.0,0.0,32.0,32.0,0.2156255841255188,60.96069002524018,3995.3720703125,,,,,
813,1,813.0,0.0,32.0,32.0,0.0923456251621246,63.21000098250806,4150.3505859375,,,,,
814,1,814.0,0.0,32.0,32.0,0.2923604249954223,63.55008203536272,4179.09716796875,,,,,
815,1,815.0,0.0,32.0,32.0,0.0872861295938491,65.28300605714321,4283.34423828125,,,,,
816,1,816.0,0.0,32.0,32.0,0.1928437948226928,63.17135295830667,4213.84423828125,,,,,
817,1,817.0,0.0,32.0,32.0,0.3222455382347107,61.20344495866448,4013.5908203125,,,,,
818,1,818.0,0.0,32.0,32.0,0.1388096660375595,60.10001990944147,4013.5908203125,,,,,
819,1,819.0,0.0,32.0,32.0,0.0824900493025779,64.0409680781886,4345.8486328125,,,,,
820,1,820.0,0.0,32.0,32.0,0.2574829757213592,55.92188495211303,3834.9580078125,,,,,
821,1,821.0,0.0,32.0,32.0,0.2803472876548767,72.34566507395357,4812.3349609375,,,,,
822,1,822.0,0.0,32.0,32.0,0.0491052381694316,67.30818806681782,4401.24365234375,,,,,
823,1,823.0,0.0,32.0,32.0,0.1443793475627899,63.412752002477646,4096.28125,,,,,
824,1,824.0,0.0,32.0,32.0,0.1989850848913192,68.80339805502445,4544.76806640625,,,,,
825,1,825.0,0.0,32.0,32.0,0.1136722043156623,65.20116596948355,4258.45361328125,,,,,
826,1,826.0,0.0,32.0,32.0,0.0988306403160095,60.88099500630051,4013.5908203125,,,,,
827,1,827.0,0.0,32.0,32.0,0.0367328487336635,69.08208900131285,4567.0,,,,,
828,1,828.0,0.0,32.0,32.0,0.0340170860290527,65.31387299764901,4401.24365234375,,,,,
829,1,829.0,0.0,32.0,32.0,0.0959189236164093,67.52852199133486,4480.384765625,,,,,
830,1,830.0,0.0,32.0,32.0,0.4173785746097564,76.97751792147756,4891.20068359375,,,,,
831,1,831.0,0.0,32.0,32.0,0.2569310069084167,67.1640729997307,4315.00048828125,,,,,
832,1,832.0,0.0,32.0,32.0,0.3840857148170471,65.05954300519079,4384.43359375,,,,,
833,1,833.0,0.0,32.0,32.0,0.2446769773960113,63.71747294906527,4213.84423828125,,,,,
834,1,834.0,0.0,32.0,32.0,0.0860849767923355,64.58588701207191,4283.34423828125,,,,,
835,1,835.0,0.0,32.0,32.0,0.1945212334394455,60.07554102689028,3995.3720703125,,,,,
836,1,836.0,0.0,32.0,32.0,0.237819954752922,64.24426601734012,4401.24365234375,,,,,
837,1,837.0,0.0,32.0,32.0,0.2156946361064911,67.70146999042481,4480.384765625,,,,,
838,1,838.0,0.0,32.0,32.0,0.1491353660821914,67.21644802019,4480.384765625,,,,,
839,1,839.0,0.0,32.0,32.0,0.1919922828674316,66.44386902917176,4315.00048828125,,,,,
840,1,840.0,0.0,32.0,32.0,0.2460496723651886,57.53112409729511,3834.9580078125,,,,,
841,1,841.0,0.0,32.0,32.0,0.1079127341508865,62.22446006722748,4283.34423828125,,,,,
842,1,842.0,0.0,32.0,32.0,0.2065501809120178,67.21749703865498,4480.384765625,,,,,
843,1,843.0,0.0,32.0,32.0,0.2275032699108123,68.14741704147309,4480.384765625,,,,,
844,1,844.0,0.0,32.0,32.0,0.2315708994865417,59.747323975898325,4150.3505859375,,,,,
845,1,845.0,0.0,32.0,32.0,0.2317993193864822,58.5664629470557,3794.548828125,,,,,
846,1,846.0,0.0,32.0,32.0,0.4286209940910339,68.2836570776999,4580.71630859375,,,,,
847,1,847.0,0.0,32.0,32.0,0.1519234031438827,66.50057598017156,4258.45361328125,,,,,
848,1,848.0,0.0,32.0,32.0,0.2475415468215942,62.82583996653557,4096.28125,,,,,
849,1,849.0,0.0,32.0,32.0,0.2663348317146301,57.38900206051767,3834.9580078125,,,,,
850,1,850.0,0.0,32.0,32.0,0.3027607202529907,60.21248106844723,4258.45361328125,,,,,
851,1,851.0,0.0,32.0,32.0,0.3080095946788788,67.13658291846514,4480.384765625,,,,,
852,1,852.0,0.0,32.0,32.0,0.1439505219459533,61.94525200407952,4258.45361328125,,,,,
853,1,853.0,0.0,32.0,32.0,0.2125860303640365,63.893790007568896,4179.09716796875,,,,,
854,1,854.0,0.0,32.0,32.0,0.2177163660526275,71.05888705700636,4567.0,,,,,
855,1,855.0,0.0,32.0,32.0,0.3414169251918793,63.21774795651436,4150.3505859375,,,,,
856,1,856.0,0.0,32.0,32.0,0.2291475236415863,61.965158907696605,4047.14111328125,,,,,
857,1,857.0,0.0,32.0,32.0,0.2619279325008392,64.7897890303284,4315.00048828125,,,,,
858,1,858.0,0.0,32.0,32.0,0.3249157667160034,63.643345958553255,4096.28125,,,,,
859,1,859.0,0.0,32.0,32.0,0.2605161368846893,66.92406698130071,4513.66650390625,,,,,
860,1,860.0,0.0,32.0,32.0,0.1111822426319122,58.47160203848034,3947.388671875,,,,,
861,1,861.0,0.0,32.0,32.0,0.4701541364192962,72.44979497045279,4729.970703125,,,,,
862,1,862.0,0.0,32.0,32.0,0.247750923037529,64.52470493968576,4096.28125,,,,,
863,1,863.0,0.0,32.0,32.0,0.1581528782844543,63.29182500485331,4258.45361328125,,,,,
864,1,864.0,0.0,32.0,32.0,0.2794182896614074,60.51146297249943,4013.5908203125,,,,,
865,1,865.0,0.0,32.0,32.0,0.2264914661645889,60.21838798187673,3995.3720703125,,,,,
866,1,866.0,0.0,32.0,32.0,0.2361612319946289,77.93814199976623,4924.3115234375,,,,,
867,1,867.0,0.0,32.0,32.0,0.1907584369182586,64.6200249902904,4179.09716796875,,,,,
868,1,868.0,0.0,32.0,32.0,0.1194213181734085,59.79821702931076,4047.14111328125,,,,,
869,1,869.0,0.0,32.0,32.0,0.2148066759109497,67.17190507333726,4384.43359375,,,,,
870,1,870.0,0.0,32.0,32.0,0.2580751180648803,57.91064794175327,3850.9638671875,,,,,
871,1,871.0,0.0,32.0,32.0,0.221701443195343,60.078762006014585,4150.3505859375,,,,,
872,1,872.0,0.0,32.0,32.0,0.3095735609531402,73.68300494272262,4812.3349609375,,,,,
873,1,873.0,0.0,32.0,32.0,0.1550173014402389,62.46090598870069,4078.7119140625,,,,,
874,1,874.0,0.0,32.0,32.0,0.3552488088607788,56.65572604630143,3834.9580078125,,,,,
875,1,875.0,0.0,32.0,32.0,0.5709584355354309,59.15464402642101,4013.5908203125,,,,,
876,1,876.0,0.0,32.0,32.0,0.2363660335540771,67.47477792669088,4401.24365234375,,,,,
877,1,877.0,0.0,32.0,32.0,0.1600532084703445,58.65474999882281,3995.3720703125,,,,,
878,1,878.0,0.0,32.0,32.0,0.1433082222938537,69.24656394403428,4633.79638671875,,,,,
879,1,879.0,0.0,32.0,32.0,0.3561109006404876,65.6336909160018,4315.00048828125,,,,,
880,1,880.0,0.0,32.0,32.0,0.1695880144834518,68.03512899205089,4544.76806640625,,,,,
881,1,881.0,0.0,32.0,32.0,0.2340774238109588,67.67092098016292,4401.24365234375,,,,,
882,1,882.0,0.0,32.0,32.0,0.218875452876091,72.68447591923177,4729.970703125,,,,,
883,1,883.0,0.0,32.0,32.0,0.2444389015436172,68.50543606560677,4480.384765625,,,,,
884,1,884.0,0.0,32.0,32.0,0.1013412699103355,70.31418394763023,4567.0,,,,,
885,1,885.0,0.0,32.0,32.0,0.2248159348964691,67.84691393841058,4567.0,,,,,
886,1,886.0,0.0,32.0,32.0,0.1795284152030944,71.56275294255465,4580.71630859375,,,,,
887,1,887.0,0.0,32.0,32.0,0.0810193717479705,64.59251698106527,4213.84423828125,,,,,
888,1,888.0,0.0,32.0,32.0,0.1777180731296539,60.82150095608085,4078.7119140625,,,,,
889,1,889.0,0.0,32.0,32.0,0.103090800344944,65.40487392339855,4401.24365234375,,,,,
890,1,890.0,0.0,32.0,32.0,0.2849559187889099,58.67893109098077,3834.9580078125,,,,,
891,1,891.0,0.0,32.0,32.0,0.1040847674012184,61.55689805746079,4258.45361328125,,,,,
892,1,892.0,0.0,32.0,32.0,0.175511434674263,63.679399085231125,4345.8486328125,,,,,
893,1,893.0,0.0,32.0,32.0,0.4825321435928345,69.72733198199421,4685.30810546875,,,,,
894,1,894.0,0.0,32.0,32.0,0.6418040990829468,65.2675429591909,4345.8486328125,,,,,
895,1,895.0,0.0,32.0,32.0,0.2147685587406158,65.53778098896146,4384.43359375,,,,,
896,1,896.0,0.0,32.0,32.0,0.2042166441679,69.23660403117537,4544.76806640625,,,,,
897,1,897.0,0.0,32.0,32.0,0.1620805412530899,72.42656394373626,4729.970703125,,,,,
898,1,898.0,0.0,32.0,32.0,0.0925415307283401,61.42836099024862,4078.7119140625,,,,,
899,1,899.0,0.0,32.0,32.0,0.1478927433490753,63.76297399401665,4315.00048828125,,,,,
900,1,900.0,0.0,32.0,32.0,0.1910018771886825,60.83640700671822,3995.3720703125,,,,,
901,1,901.0,0.0,32.0,32.0,0.4399580061435699,57.24648607429117,3947.388671875,,,,,
902,1,902.0,0.0,32.0,32.0,0.0699403136968612,64.7449039388448,4315.00048828125,,,,,
903,1,903.0,0.0,32.0,32.0,0.3382072448730469,60.85030210670084,3995.3720703125,,,,,
904,1,904.0,0.0,32.0,32.0,0.0435120500624179,64.99512388836592,4345.8486328125,,,,,
905,1,905.0,0.0,32.0,32.0,0.1333350539207458,63.546898076310754,4179.09716796875,,,,,
906,1,906.0,0.0,32.0,32.0,0.3379542827606201,70.17626601736993,4580.71630859375,,,,,
907,1,907.0,0.0,32.0,32.0,0.2296547293663025,59.20818098820746,3834.9580078125,,,,,
908,1,908.0,0.0,32.0,32.0,0.2414314746856689,60.74018601793796,4258.45361328125,,,,,
909,1,909.0,0.0,32.0,32.0,0.2819458246231079,57.93892091605812,4078.7119140625,,,,,
910,1,910.0,0.0,32.0,32.0,0.257109522819519,62.71003803703934,4179.09716796875,,,,,
911,1,911.0,0.0,32.0,32.0,0.0251245908439159,68.49598500411958,4513.66650390625,,,,,
912,1,912.0,0.0,32.0,32.0,0.1100446879863739,66.14427093882114,4179.09716796875,,,,,
913,1,913.0,0.0,32.0,32.0,0.3112695813179016,64.66941896360368,4283.34423828125,,,,,
914,1,914.0,0.0,32.0,32.0,0.358253002166748,62.03460006508976,4096.28125,,,,,
915,1,915.0,0.0,32.0,32.0,0.0808199569582939,68.15572595223784,4544.76806640625,,,,,
916,1,916.0,0.0,32.0,32.0,0.2103161364793777,59.99853601679206,3915.1640625,,,,,
917,1,917.0,0.0,32.0,32.0,0.1071141585707664,72.61001295410097,4891.20068359375,,,,,
918,1,918.0,0.0,32.0,32.0,0.272327184677124,63.45823500305414,4047.14111328125,,,,,
919,1,919.0,0.0,32.0,32.0,0.1650451123714447,60.96105696633458,4047.14111328125,,,,,
920,1,920.0,0.0,32.0,32.0,0.2333386987447738,61.93517101928592,4047.14111328125,,,,,
921,1,921.0,0.0,32.0,32.0,0.2016324698925018,63.88599600177258,4213.84423828125,,,,,
922,1,922.0,0.0,32.0,32.0,0.3175813555717468,65.4933680780232,4384.43359375,,,,,
923,1,923.0,0.0,32.0,32.0,0.077813521027565,69.96583298314363,4567.0,,,,,
924,1,924.0,0.0,32.0,32.0,0.0865093767642974,62.03117303084582,3995.3720703125,,,,,
925,1,925.0,0.0,32.0,32.0,0.2783246040344238,59.953482006676495,4150.3505859375,,,,,
926,1,926.0,0.0,32.0,32.0,0.1156633347272872,67.22973298747092,4384.43359375,,,,,
927,1,927.0,0.0,32.0,32.0,0.3968877792358398,58.14717500470579,3781.083984375,,,,,
928,1,928.0,0.0,32.0,32.0,0.0923209637403488,64.51063207350671,4384.43359375,,,,,
929,1,929.0,0.0,32.0,32.0,0.2350232303142547,66.8254429474473,4401.24365234375,,,,,
930,1,930.0,0.0,32.0,32.0,0.0558342598378658,65.59988704975694,4315.00048828125,,,,,
931,1,931.0,0.0,32.0,32.0,0.0377302467823028,64.96530899312347,4315.00048828125,,,,,
932,1,932.0,0.0,32.0,32.0,0.3645386397838592,64.95602999348193,4283.34423828125,,,,,
933,1,933.0,0.0,32.0,32.0,0.1660580784082412,60.512429918162525,4213.84423828125,,,,,
934,1,934.0,0.0,32.0,32.0,0.1867103427648544,60.6516789412126,4013.5908203125,,,,,
935,1,935.0,0.0,32.0,32.0,0.4248411953449249,77.93294207658619,4977.47705078125,,,,,
936,1,936.0,0.0,32.0,32.0,0.2295576333999633,71.45545294042677,4633.79638671875,,,,,
937,1,937.0,0.0,32.0,32.0,0.413267433643341,63.11503692995757,4047.14111328125,,,,,
938,1,938.0,0.0,32.0,32.0,0.3024792969226837,59.79356693569571,3947.388671875,,,,,
939,1,939.0,0.0,32.0,32.0,0.0798316597938537,62.819661921821535,4258.45361328125,,,,,
940,1,940.0,0.0,32.0,32.0,0.3764313459396362,67.83694599289447,4480.384765625,,,,,
941,1,941.0,0.0,32.0,32.0,0.3703221976757049,60.76030700933188,4013.5908203125,,,,,
942,1,942.0,0.0,32.0,32.0,0.2658669352531433,58.1467259908095,3850.9638671875,,,,,
943,1,943.0,0.0,32.0,32.0,0.2611850798130035,58.10346500948072,3915.1640625,,,,,
944,1,944.0,0.0,32.0,32.0,0.7104042768478394,70.2541220234707,4580.71630859375,,,,,
945,1,945.0,0.0,32.0,32.0,0.1777936220169067,65.42075693141669,4258.45361328125,,,,,
946,1,946.0,0.0,32.0,32.0,0.1582631766796112,65.02527592238039,4283.34423828125,,,,,
947,1,947.0,0.0,32.0,32.0,0.1464111506938934,64.24941902514547,4258.45361328125,,,,,
948,1,948.0,0.0,32.0,32.0,0.1499800533056259,66.71742396429181,4384.43359375,,,,,
949,1,949.0,0.0,32.0,32.0,0.2131266742944717,60.348795959725976,4283.34423828125,,,,,
950,1,950.0,0.0,32.0,32.0,0.3509846925735473,72.6557580055669,4685.30810546875,,,,,
951,1,951.0,0.0,32.0,32.0,0.2939664423465729,68.43650806695223,4480.384765625,,,,,
952,1,952.0,0.0,32.0,32.0,0.4977265298366546,62.41106998641044,4047.14111328125,,,,,
953,1,953.0,0.0,32.0,32.0,0.1367287188768386,69.57947299815714,4580.71630859375,,,,,
954,1,954.0,0.0,32.0,32.0,0.2379323840141296,64.13617799989879,4213.84423828125,,,,,
955,1,955.0,0.0,32.0,32.0,0.3111518621444702,71.65051903575659,4658.4052734375,,,,,
956,1,956.0,0.0,32.0,32.0,0.3336268067359924,63.48302203696221,4078.7119140625,,,,,
957,1,957.0,0.0,32.0,32.0,0.1663896143436432,58.95739002153277,4315.00048828125,,,,,
958,1,958.0,0.0,32.0,32.0,0.5341199636459351,65.11502794455737,4283.34423828125,,,,,
959,1,959.0,0.0,32.0,32.0,0.1377105861902237,58.28933790326119,3794.548828125,,,,,
960,1,960.0,0.0,32.0,32.0,0.065156489610672,68.03152000065893,4567.0,,,,,
961,1,961.0,0.0,32.0,32.0,0.1665966063737869,65.15701906755567,4258.45361328125,,,,,
962,1,962.0,0.0,32.0,32.0,0.1784568130970001,64.05101995915174,4258.45361328125,,,,,
963,1,963.0,0.0,32.0,32.0,0.331654280424118,61.825135024264455,4047.14111328125,,,,,
964,1,964.0,0.0,32.0,32.0,0.446909099817276,65.27851393911988,4283.34423828125,,,,,
965,1,965.0,0.0,32.0,32.0,0.0430894941091537,60.589718981646,4096.28125,,,,,
966,1,966.0,0.0,32.0,32.0,0.1811531782150268,65.50554605200887,4401.24365234375,,,,,
967,1,967.0,0.0,32.0,32.0,0.1056076064705848,58.50379902403802,3887.11962890625,,,,,
968,1,968.0,0.0,32.0,32.0,0.3117844760417938,60.39326300378889,4096.28125,,,,,
969,1,969.0,0.0,32.0,32.0,0.217101901769638,59.48024999815971,4078.7119140625,,,,,
970,1,970.0,0.0,32.0,32.0,0.0413754805922508,58.81593690719456,4078.7119140625,,,,,
971,1,971.0,0.0,32.0,32.0,0.2665806114673614,76.09464193228632,4977.47705078125,,,,,
972,1,972.0,0.0,32.0,32.0,0.1660568714141845,69.49586805421859,4544.76806640625,,,,,
973,1,973.0,0.0,32.0,32.0,0.2880182862281799,62.1240750188008,4213.84423828125,,,,,
974,1,974.0,0.0,32.0,32.0,0.4819496572017669,63.17888596095145,4179.09716796875,,,,,
975,1,975.0,0.0,32.0,32.0,0.2022894620895385,67.49526201747358,4480.384765625,,,,,
976,1,976.0,0.0,32.0,32.0,0.2449078261852264,59.70680993050337,3915.1640625,,,,,
977,1,977.0,0.0,32.0,32.0,0.1635063886642456,59.28384803701192,4078.7119140625,,,,,
978,1,978.0,0.0,32.0,32.0,0.2025762498378753,56.708754040300846,3887.11962890625,,,,,
979,1,979.0,0.0,32.0,32.0,0.1937591582536697,61.36123195756227,4150.3505859375,,,,,
980,1,980.0,0.0,32.0,32.0,0.0677431970834732,66.76428101491183,4401.24365234375,,,,,
981,1,981.0,0.0,32.0,32.0,0.0917122811079025,66.5197279304266,4315.00048828125,,,,,
982,1,982.0,0.0,32.0,32.0,0.178985059261322,62.51778302248567,4315.00048828125,,,,,
983,1,983.0,0.0,32.0,32.0,0.1427871435880661,72.41549401078373,4754.23046875,,,,,
984,1,984.0,0.0,32.0,32.0,0.1101401001214981,65.61211799271405,4345.8486328125,,,,,
985,1,985.0,0.0,32.0,32.0,0.1463713645935058,63.39722801931202,4283.34423828125,,,,,
986,1,986.0,0.0,32.0,32.0,0.2399649024009704,62.84345407038927,4096.28125,,,,,
987,1,987.0,0.0,32.0,32.0,0.0772852376103401,62.34942493028939,4047.14111328125,,,,,
988,1,988.0,0.0,32.0,32.0,0.1062918752431869,64.88498894032091,4150.3505859375,,,,,
989,1,989.0,0.0,32.0,32.0,0.3254335522651672,64.22176701016724,4179.09716796875,,,,,
990,1,990.0,0.0,32.0,32.0,0.1712043285369873,60.32908789347857,4179.09716796875,,,,,
991,1,991.0,0.0,32.0,32.0,0.1127361729741096,70.87408495135605,4580.71630859375,,,,,
992,1,992.0,0.0,32.0,32.0,0.1411127597093582,63.7288719881326,4179.09716796875,,,,,
993,1,993.0,0.0,32.0,32.0,0.0750186666846275,62.78221297543496,4179.09716796875,,,,,
994,1,994.0,0.0,32.0,32.0,0.1257762908935547,64.428731915541,4315.00048828125,,,,,
995,1,995.0,0.0,32.0,32.0,0.2006417065858841,68.26517696026713,4513.66650390625,,,,,
996,1,996.0,0.0,32.0,32.0,0.4915152788162231,65.6110179843381,4283.34423828125,,,,,
997,1,997.0,0.0,32.0,32.0,0.1837992966175079,59.390107984654605,3947.388671875,,,,,
998,1,998.0,0.0,32.0,32.0,0.1648043692111969,67.07643205299973,4580.71630859375,,,,,
999,1,999.0,0.0,32.0,32.0,0.1512384116649627,63.09382698964328,4013.5908203125,,,,,
1000,1,1000.0,0.0,32.0,32.0,0.122362345457077,57.79149092268199,3834.9580078125,,,,,
1001,1,1001.0,0.0,32.0,32.0,0.2625192999839782,61.95474893320352,4213.84423828125,,,,,
1002,1,1002.0,0.0,32.0,32.0,0.1109907627105712,66.71041192021221,4401.24365234375,,,,,
1003,1,1003.0,0.0,32.0,32.0,0.1480902582406997,61.126300948672,3947.388671875,,,,,
1004,1,1004.0,0.0,32.0,32.0,0.2466196566820144,65.00307493843138,4315.00048828125,,,,,
1005,1,1005.0,0.0,32.0,32.0,0.2894057929515838,64.61633206345141,4283.34423828125,,,,,
1006,1,1006.0,0.0,32.0,32.0,0.1546960771083831,62.07883206661791,4283.34423828125,,,,,
1007,1,1007.0,0.0,32.0,32.0,0.2935981750488281,63.40065400581807,4179.09716796875,,,,,
1008,1,1008.0,0.0,32.0,32.0,0.1926167011260986,61.38929398730397,3995.3720703125,,,,,
1009,1,1009.0,0.0,32.0,32.0,0.3057440519332886,66.5905709611252,4513.66650390625,,,,,
1010,1,1010.0,0.0,32.0,32.0,0.2604406774044037,63.12711106147617,4047.14111328125,,,,,
1011,1,1011.0,0.0,32.0,32.0,0.3027147054672241,70.06126898340881,4567.0,,,,,
1012,1,1012.0,0.0,32.0,32.0,0.3463457822799682,61.89533497672528,3995.3720703125,,,,,
1013,1,1013.0,0.0,32.0,32.0,0.1289519667625427,60.8846100512892,4013.5908203125,,,,,
1014,1,1014.0,0.0,32.0,32.0,0.1807421445846557,60.90616900473833,4150.3505859375,,,,,
1015,1,1015.0,0.0,32.0,32.0,0.1590712070465088,63.791424036026,4179.09716796875,,,,,
1016,1,1016.0,0.0,32.0,32.0,0.3142843842506408,62.460745917633176,4047.14111328125,,,,,
1017,1,1017.0,0.0,32.0,32.0,0.2099255323410034,59.44005702622235,3915.1640625,,,,,
1018,1,1018.0,0.0,32.0,32.0,0.2018448114395141,69.4817960029468,4580.71630859375,,,,,
1019,1,1019.0,0.0,32.0,32.0,0.1009508892893791,74.55879496410489,4729.970703125,,,,,
1020,1,1020.0,0.0,32.0,32.0,0.2905063033103943,70.21484605502337,4513.66650390625,,,,,
1021,1,1021.0,0.0,32.0,32.0,0.1890874356031417,60.62662205658853,3995.3720703125,,,,,
1022,1,1022.0,0.0,32.0,32.0,0.1397905945777893,54.919174988754094,3850.9638671875,,,,,
1023,1,1023.0,0.0,32.0,32.0,0.3338496088981628,63.55330802034587,4384.43359375,,,,,
1024,1,1024.0,0.0,32.0,32.0,0.238834410905838,71.27756404224783,4685.30810546875,,,,,
1025,1,1025.0,0.0,32.0,32.0,0.3428686261177063,61.56713794916868,4013.5908203125,,,,,
1026,1,1026.0,0.0,32.0,32.0,0.1189697086811065,64.40261995885521,4179.09716796875,,,,,
1027,1,1027.0,0.0,32.0,32.0,0.1368904858827591,66.9939819490537,4544.76806640625,,,,,
1028,1,1028.0,0.0,32.0,32.0,0.1869472861289978,65.09495805948973,4283.34423828125,,,,,
1029,1,1029.0,0.0,32.0,32.0,0.180056631565094,73.12469999305904,4729.970703125,,,,,
1030,1,1030.0,0.0,32.0,32.0,0.1874994784593582,61.31980603095144,4179.09716796875,,,,,
1031,1,1031.0,0.0,32.0,32.0,0.0956447347998619,64.83941990882158,4315.00048828125,,,,,
1032,1,1032.0,0.0,32.0,32.0,0.1816374510526657,60.47946703620255,4078.7119140625,,,,,
1033,1,1033.0,0.0,32.0,32.0,0.3809901475906372,159.3702440150082,4013.5908203125,,,,,
1034,1,1034.0,0.0,32.0,32.0,0.232865959405899,58.011975954286754,4401.24365234375,,,,,
1035,1,1035.0,0.0,32.0,32.0,0.0779023021459579,58.14875499345362,4213.84423828125,,,,,
1036,1,1036.0,0.0,32.0,32.0,0.0828056558966636,59.63236803654581,4283.34423828125,,,,,
1037,1,1037.0,0.0,32.0,32.0,0.277734637260437,63.62366606481373,4729.970703125,,,,,
1038,1,1038.0,0.0,32.0,32.0,0.1464421451091766,64.03486104682088,4401.24365234375,,,,,
1039,1,1039.0,0.0,32.0,32.0,0.1106445863842964,60.3991630487144,4258.45361328125,,,,,
1040,1,1040.0,0.0,32.0,32.0,0.2699154615402221,61.56081100925803,4258.45361328125,,,,,
1041,1,1041.0,0.0,32.0,32.0,0.0361051559448242,61.57004099804908,4179.09716796875,,,,,
1042,1,1042.0,0.0,32.0,32.0,0.0302079003304243,70.7792469765991,4685.30810546875,,,,,
1043,1,1043.0,0.0,32.0,32.0,0.1816376894712448,61.56217493116856,3915.1640625,,,,,
1044,1,1044.0,0.0,32.0,32.0,0.2149227857589721,69.25797101575881,4580.71630859375,,,,,
1045,1,1045.0,0.0,32.0,32.0,0.228613406419754,64.30380698293447,4384.43359375,,,,,
1046,1,1046.0,0.0,32.0,32.0,0.0713645219802856,65.02156401984394,3995.3720703125,,,,,
1047,1,1047.0,0.0,32.0,32.0,0.6421783566474915,68.28192295506597,3887.11962890625,,,,,
1048,1,1048.0,0.0,32.0,32.0,0.399935245513916,74.40465304534882,4401.24365234375,,,,,
1049,1,1049.0,0.0,32.0,32.0,0.2890735268592834,61.04743795003742,3915.1640625,,,,,
1050,1,1050.0,0.0,32.0,32.0,0.1000444144010543,58.61525307409465,3947.388671875,,,,,
1051,1,1051.0,0.0,32.0,32.0,0.297382652759552,62.71607591770589,4384.43359375,,,,,
1052,1,1052.0,0.0,32.0,32.0,0.1550867408514022,65.57846604846418,4513.66650390625,,,,,
1053,1,1053.0,0.0,32.0,32.0,0.1764509677886963,59.96680399402976,4401.24365234375,,,,,
1054,1,1054.0,0.0,32.0,32.0,0.0699242576956749,60.90534699615091,4179.09716796875,,,,,
1055,1,1055.0,0.0,32.0,32.0,0.0251041576266288,66.89516396727413,4580.71630859375,,,,,
1056,1,1056.0,0.0,32.0,32.0,0.2015374898910522,63.82181204389781,4258.45361328125,,,,,
1057,1,1057.0,0.0,32.0,32.0,0.4240550398826599,62.35754699446261,4179.09716796875,,,,,
1058,1,1058.0,0.0,32.0,32.0,0.3966594636440277,62.66394804697484,4150.3505859375,,,,,
1059,1,1059.0,0.0,32.0,32.0,0.2277944087982177,62.82452901359648,4179.09716796875,,,,,
1060,1,1060.0,0.0,32.0,32.0,0.19085693359375,66.4078239351511,4345.8486328125,,,,,
1061,1,1061.0,0.0,32.0,32.0,0.1141954287886619,68.85191600304097,4580.71630859375,,,,,
1062,1,1062.0,0.0,32.0,32.0,0.1366784572601318,68.76804702915251,4013.5908203125,,,,,
1063,1,1063.0,0.0,32.0,32.0,0.0700726360082626,67.54480698145926,4096.28125,,,,,
1064,1,1064.0,0.0,32.0,32.0,0.2050779610872268,65.73444500099868,4179.09716796875,,,,,
1065,1,1065.0,0.0,32.0,32.0,0.3565652668476105,75.10569400619715,4866.47705078125,,,,,
1066,1,1066.0,0.0,32.0,32.0,0.098656952381134,68.04043904412538,4544.76806640625,,,,,
1067,1,1067.0,0.0,32.0,32.0,0.1427808105945587,60.25500397663564,4013.5908203125,,,,,
1068,1,1068.0,0.0,32.0,32.0,0.1523266434669494,61.99212605133653,4258.45361328125,,,,,
1069,1,1069.0,0.0,32.0,32.0,0.0602912083268165,59.489852050319314,4179.09716796875,,,,,
1070,1,1070.0,0.0,32.0,32.0,0.1981080919504165,64.13402501493692,4401.24365234375,,,,,
1071,1,1071.0,0.0,32.0,32.0,0.2574032247066498,60.56669401004911,4047.14111328125,,,,,
1072,1,1072.0,0.0,32.0,32.0,0.359443336725235,58.44181403517723,3915.1640625,,,,,
1073,1,1073.0,0.0,32.0,32.0,0.4692410230636596,75.76652802526951,4977.47705078125,,,,,
1074,1,1074.0,0.0,32.0,32.0,0.2619653344154358,68.08630703017116,4384.43359375,,,,,
1075,1,1075.0,0.0,32.0,32.0,0.1670229434967041,65.57518395129591,4345.8486328125,,,,,
1076,1,1076.0,0.0,32.0,32.0,0.0775476619601249,67.3781770747155,4345.8486328125,,,,,
1077,1,1077.0,0.0,32.0,32.0,0.2886263132095337,66.71806692611426,4258.45361328125,,,,,
1078,1,1078.0,0.0,32.0,32.0,0.2637799382209778,66.62150693591684,4315.00048828125,,,,,
1079,1,1079.0,0.0,32.0,32.0,0.3089246749877929,66.02638307958841,4258.45361328125,,,,,
1080,1,1080.0,0.0,32.0,32.0,0.2732281982898712,61.84241408482194,3995.3720703125,,,,,
1081,1,1081.0,0.0,32.0,32.0,0.2201202809810638,64.01765602640808,4345.8486328125,,,,,
1082,1,1082.0,0.0,32.0,32.0,0.1810315996408462,61.733479029498994,4150.3505859375,,,,,
1083,1,1083.0,0.0,32.0,32.0,0.1858102977275848,69.6394870756194,4754.23046875,,,,,
1084,1,1084.0,0.0,32.0,32.0,0.094814732670784,62.88319395389408,4078.7119140625,,,,,
1085,1,1085.0,0.0,32.0,32.0,0.2355304956436157,61.88059691339731,4544.76806640625,,,,,
1086,1,1086.0,0.0,32.0,32.0,0.2336828112602234,64.72534104250371,4384.43359375,,,,,
1087,1,1087.0,0.0,32.0,32.0,0.0841042175889015,63.629910931922495,4345.8486328125,,,,,
1088,1,1088.0,0.0,32.0,32.0,0.1162242293357849,67.47212493792176,4384.43359375,,,,,
1089,1,1089.0,0.0,32.0,32.0,0.1726633310317993,64.01610397733748,4258.45361328125,,,,,
1090,1,1090.0,0.0,32.0,32.0,0.2965540587902069,59.94330998510122,3915.1640625,,,,,
1091,1,1091.0,0.0,32.0,32.0,0.1262322068214416,71.38463598676026,4633.79638671875,,,,,
1092,1,1092.0,0.0,32.0,32.0,0.3625568151473999,67.45227903593332,4096.28125,,,,,
1093,1,1093.0,0.0,32.0,32.0,0.5046364665031433,58.5155530134216,3947.388671875,,,,,
1094,1,1094.0,0.0,32.0,32.0,0.2458658665418625,63.49559198133648,4150.3505859375,,,,,
1095,1,1095.0,0.0,32.0,32.0,0.1863753795623779,63.4481708984822,4179.09716796875,,,,,
1096,1,1096.0,0.0,32.0,32.0,0.3028572201728821,61.06751109473407,4078.7119140625,,,,,
1097,1,1097.0,0.0,32.0,32.0,0.1305722594261169,61.31644197739661,4150.3505859375,,,,,
1098,1,1098.0,0.0,32.0,32.0,0.4289771020412445,57.35946004278958,3887.11962890625,,,,,
1099,1,1099.0,0.0,32.0,32.0,0.3433020114898681,61.59975996706635,4283.34423828125,,,,,
1100,1,1100.0,0.0,32.0,32.0,0.1262220442295074,66.29127403721213,4513.66650390625,,,,,
1101,1,1101.0,0.0,32.0,32.0,0.2654664218425751,60.19811995793134,4078.7119140625,,,,,
1102,1,1102.0,0.0,32.0,32.0,0.2716781497001648,64.0944599872455,4658.4052734375,,,,,
1103,1,1103.0,0.0,32.0,32.0,0.3418917655944824,65.10766001883894,4258.45361328125,,,,,
1104,1,1104.0,0.0,32.0,32.0,0.257235050201416,61.66308792307973,3995.3720703125,,,,,
1105,1,1105.0,0.0,32.0,32.0,0.1937908232212066,59.08974900376052,3676.35888671875,,,,,
1106,1,1106.0,0.0,32.0,32.0,0.2672154903411865,61.88836309593171,4345.8486328125,,,,,
1107,1,1107.0,0.0,32.0,32.0,0.2364806830883026,66.56792608555406,4283.34423828125,,,,,
1108,1,1108.0,0.0,32.0,32.0,0.4388260841369629,69.87081898842007,4544.76806640625,,,,,
1109,1,1109.0,0.0,32.0,32.0,0.2451551854610443,67.32819695025682,4315.00048828125,,,,,
1110,1,1110.0,0.0,32.0,32.0,0.1104426681995391,65.84755098447204,4544.76806640625,,,,,
1111,1,1111.0,0.0,32.0,32.0,0.1474655270576477,65.25338406208903,4213.84423828125,,,,,
1112,1,1112.0,0.0,32.0,32.0,0.0796916335821151,65.81528799142689,4315.00048828125,,,,,
1113,1,1113.0,0.0,32.0,32.0,0.1440316289663314,70.48803009092808,4685.30810546875,,,,,
1114,1,1114.0,0.0,32.0,32.0,0.1732901930809021,62.053409055806696,3995.3720703125,,,,,
1115,1,1115.0,0.0,32.0,32.0,0.0285605639219284,58.657133020460606,3995.3720703125,,,,,
1116,1,1116.0,0.0,32.0,32.0,0.0215635783970356,63.10282193589956,4283.34423828125,,,,,
1117,1,1117.0,0.0,32.0,32.0,0.2438512146472931,63.30416991841048,4258.45361328125,,,,,
1118,1,1118.0,0.0,32.0,32.0,0.0107920216396451,62.868799082934856,4480.384765625,,,,,
1119,1,1119.0,0.0,32.0,32.0,0.3793464303016662,73.2802040874958,4658.4052734375,,,,,
1120,1,1120.0,0.0,32.0,32.0,0.0034463298507034,71.88943109940737,4685.30810546875,,,,,
1121,1,1121.0,0.0,32.0,32.0,0.4508388340473175,62.13224295061082,3915.1640625,,,,,
1122,1,1122.0,0.0,32.0,32.0,0.2035944461822509,62.60910502169281,4150.3505859375,,,,,
1123,1,1123.0,0.0,32.0,32.0,0.2376552820205688,72.50948902219534,4729.970703125,,,,,
1124,1,1124.0,0.0,32.0,32.0,0.0675278455018997,62.07329803146422,3915.1640625,,,,,
1125,1,1125.0,0.0,32.0,32.0,0.0149899832904338,58.30622604116797,3700.8271484375,,,,,
1126,1,1126.0,0.0,32.0,32.0,0.0166229251772165,59.70609502401203,4283.34423828125,,,,,
1127,1,1127.0,0.0,32.0,32.0,0.1676044911146164,62.5829549971968,4150.3505859375,,,,,
1128,1,1128.0,0.0,32.0,32.0,0.2158580124378204,69.8441609274596,4633.79638671875,,,,,
1129,1,1129.0,0.0,32.0,32.0,0.291704773902893,59.28768799640238,3850.9638671875,,,,,
1130,1,1130.0,0.0,32.0,32.0,0.3644916713237762,64.64650598354638,4315.00048828125,,,,,
1131,1,1131.0,0.0,32.0,32.0,0.2077042460441589,62.783129047602415,4213.84423828125,,,,,
1132,1,1132.0,0.0,32.0,32.0,0.4326268434524536,61.82892597280443,4213.84423828125,,,,,
1133,1,1133.0,0.0,32.0,32.0,0.3973895311355591,66.55390991363674,4480.384765625,,,,,
1134,1,1134.0,0.0,32.0,32.0,0.3088725209236145,55.51920901052654,3624.2412109375,,,,,
1135,1,1135.0,0.0,32.0,32.0,0.3643285632133484,60.59692404232919,4283.34423828125,,,,,
1136,1,1136.0,0.0,32.0,32.0,0.189732939004898,71.54951000120491,4580.71630859375,,,,,
1137,1,1137.0,0.0,32.0,32.0,0.3239259421825409,67.00670102145523,4315.00048828125,,,,,
1138,1,1138.0,0.0,32.0,32.0,0.1109460815787315,67.73958506528288,4384.43359375,,,,,
1139,1,1139.0,0.0,32.0,32.0,0.2874020934104919,68.4163870755583,4384.43359375,,,,,
1140,1,1140.0,0.0,32.0,32.0,0.2899409830570221,60.00753806438297,4078.7119140625,,,,,
1141,1,1141.0,0.0,32.0,32.0,0.2044256627559662,69.09538595937192,4567.0,,,,,
1142,1,1142.0,0.0,32.0,32.0,0.4840085804462433,61.02280097547919,4047.14111328125,,,,,
1143,1,1143.0,0.0,32.0,32.0,0.3914433717727661,59.56655007321388,3915.1640625,,,,,
1144,1,1144.0,0.0,32.0,32.0,0.3213605284690857,63.061160035431385,4258.45361328125,,,,,
1145,1,1145.0,0.0,32.0,32.0,0.2452678233385086,62.86246201489121,4150.3505859375,,,,,
1146,1,1146.0,0.0,32.0,32.0,0.312721699476242,62.9839301109314,4283.34423828125,,,,,
1147,1,1147.0,0.0,32.0,32.0,0.3680263459682464,61.63226498756558,4047.14111328125,,,,,
1148,1,1148.0,0.0,32.0,32.0,0.2047178447246551,76.69365196488798,4891.20068359375,,,,,
1149,1,1149.0,0.0,32.0,32.0,0.1355863362550735,63.56811104342341,4150.3505859375,,,,,
1150,1,1150.0,0.0,32.0,32.0,0.2378009855747223,72.38817703910172,4866.47705078125,,,,,
1151,1,1151.0,0.0,32.0,32.0,0.1919019967317581,63.00237402319908,4047.14111328125,,,,,
1152,1,1152.0,0.0,32.0,32.0,0.170905590057373,62.67286208458245,4150.3505859375,,,,,
1153,1,1153.0,0.0,32.0,32.0,0.389700174331665,71.41513505484909,4685.30810546875,,,,,
1154,1,1154.0,0.0,32.0,32.0,0.3064626455307007,62.433870043605566,4078.7119140625,,,,,
1155,1,1155.0,0.0,32.0,32.0,0.1891686618328094,59.361524996347725,4078.7119140625,,,,,
1156,1,1156.0,0.0,32.0,32.0,0.1431957781314849,71.38951809611171,4729.970703125,,,,,
1157,1,1157.0,0.0,32.0,32.0,0.226265549659729,65.82519900985062,4345.8486328125,,,,,
1158,1,1158.0,0.0,32.0,32.0,0.2032245099544525,66.66804000269622,4567.0,,,,,
1159,1,1159.0,0.0,32.0,32.0,0.2287983000278473,65.86480897385627,4283.34423828125,,,,,
1160,1,1160.0,0.0,32.0,32.0,0.2029304951429367,66.18263002019376,4401.24365234375,,,,,
1161,1,1161.0,0.0,32.0,32.0,0.2237051129341125,60.24989206343889,3915.1640625,,,,,
1162,1,1162.0,0.0,32.0,32.0,0.1511867940425872,65.51195995416492,4480.384765625,,,,,
1163,1,1163.0,0.0,32.0,32.0,0.373851478099823,64.84952196478844,4213.84423828125,,,,,
1164,1,1164.0,0.0,32.0,32.0,0.6100213527679443,59.379022917710245,4078.7119140625,,,,,
1165,1,1165.0,0.0,32.0,32.0,0.6177997589111328,62.97330802772194,4179.09716796875,,,,,
1166,1,1166.0,0.0,32.0,32.0,0.3964685201644897,66.81588105857372,4658.4052734375,,,,,
1167,1,1167.0,0.0,32.0,32.0,0.3230085670948028,59.229739010334015,3781.083984375,,,,,
1168,1,1168.0,0.0,32.0,32.0,0.1465795040130615,60.43175701051951,4096.28125,,,,,
1169,1,1169.0,0.0,32.0,32.0,0.3276337087154388,67.25371303036809,4384.43359375,,,,,
1170,1,1170.0,0.0,32.0,32.0,0.1818571835756302,73.77256802283227,4787.39599609375,,,,,
1171,1,1171.0,0.0,32.0,32.0,0.1953438222408294,66.63621996995062,4283.34423828125,,,,,
1172,1,1172.0,0.0,32.0,32.0,0.184582382440567,64.43108501844108,4283.34423828125,,,,,
1173,1,1173.0,0.0,32.0,32.0,0.1058294028043747,63.92678804695606,4213.84423828125,,,,,
1174,1,1174.0,0.0,32.0,32.0,0.3032962381839752,63.3626610506326,4384.43359375,,,,,
1175,1,1175.0,0.0,32.0,32.0,0.0936801508069038,60.7498490717262,4078.7119140625,,,,,
1176,1,1176.0,0.0,32.0,32.0,0.2442051768302917,59.34291402809322,4013.5908203125,,,,,
1177,1,1177.0,0.0,32.0,32.0,0.1284154951572418,62.85607907921076,4150.3505859375,,,,,
1178,1,1178.0,0.0,32.0,32.0,0.2162567675113678,63.2633559871465,4179.09716796875,,,,,
1179,1,1179.0,0.0,32.0,32.0,0.1850619912147522,64.40611998550594,4315.00048828125,,,,,
1180,1,1180.0,0.0,32.0,32.0,0.1337796449661255,65.4212610097602,4315.00048828125,,,,,
1181,1,1181.0,0.0,32.0,32.0,0.215353175997734,67.54356599412858,4401.24365234375,,,,,
1182,1,1182.0,0.0,32.0,32.0,0.2974128127098083,58.24717495124787,4013.5908203125,,,,,
1183,1,1183.0,0.0,32.0,32.0,0.2450541853904724,64.80443198233843,4384.43359375,,,,,
1184,1,1184.0,0.0,32.0,32.0,0.1789697706699371,61.68146699201316,3995.3720703125,,,,,
1185,1,1185.0,0.0,32.0,32.0,0.2645677626132965,65.02643506973982,4283.34423828125,,,,,
1186,1,1186.0,0.0,32.0,32.0,0.1371791362762451,66.85057794675231,4384.43359375,,,,,
1187,1,1187.0,0.0,32.0,32.0,0.2091637849807739,66.53618009295315,4384.43359375,,,,,
1188,1,1188.0,0.0,32.0,32.0,0.3299914002418518,63.63160791806877,4150.3505859375,,,,,
1189,1,1189.0,0.0,32.0,32.0,0.3472951054573059,72.0971500268206,4685.30810546875,,,,,
1190,1,1190.0,0.0,32.0,32.0,0.1705223321914672,74.56665299832821,4866.47705078125,,,,,
1191,1,1191.0,0.0,32.0,32.0,0.2910486459732055,64.89105301443487,4345.8486328125,,,,,
1192,1,1192.0,0.0,32.0,32.0,0.1567044556140899,61.78627803456038,4150.3505859375,,,,,
1193,1,1193.0,0.0,32.0,32.0,0.1226521804928779,66.98751903604716,4480.384765625,,,,,
1194,1,1194.0,0.0,32.0,32.0,0.0954218953847885,66.48836703971028,4401.24365234375,,,,,
1195,1,1195.0,0.0,32.0,32.0,0.1572320461273193,60.831615002825856,4013.5908203125,,,,,
1196,1,1196.0,0.0,32.0,32.0,0.4428748786449432,68.46571899950504,4544.76806640625,,,,,
1197,1,1197.0,0.0,32.0,32.0,0.0772961676120758,61.45815900526941,4078.7119140625,,,,,
1198,1,1198.0,0.0,32.0,32.0,0.2021146416664123,55.20175490528345,4078.7119140625,,,,,
1199,1,1199.0,0.0,32.0,32.0,0.1611039489507675,61.85072497464717,4213.84423828125,,,,,
1200,1,1200.0,0.0,32.0,32.0,0.431682288646698,70.21407899446785,4567.0,,,,,
1201,1,1201.0,0.0,32.0,32.0,0.249555692076683,63.17327008582652,3995.3720703125,,,,,
1202,1,1202.0,0.0,32.0,32.0,0.1226993203163147,64.29946306161582,4345.8486328125,,,,,
1203,1,1203.0,0.0,32.0,32.0,0.1601986438035965,68.42331902589649,4513.66650390625,,,,,
1204,1,1204.0,0.0,32.0,32.0,0.1910800635814666,62.89829791057855,4078.7119140625,,,,,
1205,1,1205.0,0.0,32.0,32.0,0.2370412051677703,62.38051899708808,4179.09716796875,,,,,
1206,1,1206.0,0.0,32.0,32.0,0.0864176005125045,62.09381599910557,4283.34423828125,,,,,
1207,1,1207.0,0.0,32.0,32.0,0.2599284052848816,63.9422939857468,4258.45361328125,,,,,
1208,1,1208.0,0.0,32.0,32.0,0.2083939760923385,61.62529706489295,3995.3720703125,,,,,
1209,1,1209.0,0.0,32.0,32.0,0.0729743838310241,61.717014061287045,4150.3505859375,,,,,
1210,1,1210.0,0.0,32.0,32.0,0.1411595046520233,64.6161159966141,4345.8486328125,,,,,
1211,1,1211.0,0.0,32.0,32.0,0.3218456208705902,72.4281370639801,4580.71630859375,,,,,
1212,1,1212.0,0.0,32.0,32.0,0.3078959584236145,66.4058430120349,4345.8486328125,,,,,
1213,1,1213.0,0.0,32.0,32.0,0.3022919595241546,60.84134802222252,3995.3720703125,,,,,
1214,1,1214.0,0.0,32.0,32.0,0.2127370089292526,58.57634998392314,4047.14111328125,,,,,
1215,1,1215.0,0.0,32.0,32.0,0.152234673500061,60.81062299199402,4078.7119140625,,,,,
1216,1,1216.0,0.0,32.0,32.0,0.2591258585453033,57.38257500343025,3887.11962890625,,,,,
1217,1,1217.0,0.0,32.0,32.0,0.2301057279109954,66.51587598025799,4513.66650390625,,,,,
1218,1,1218.0,0.0,32.0,32.0,0.1618995517492294,61.92291795741767,4013.5908203125,,,,,
1219,1,1219.0,0.0,32.0,32.0,0.2363640069961547,58.35734400898218,3887.11962890625,,,,,
1220,1,1220.0,0.0,32.0,32.0,0.2198845595121383,65.36141701508313,4513.66650390625,,,,,
1221,1,1221.0,0.0,32.0,32.0,0.355860561132431,69.08218702301383,4544.76806640625,,,,,
1222,1,1222.0,0.0,32.0,32.0,0.2460255473852157,59.29791007656604,4283.34423828125,,,,,
1223,1,1223.0,0.0,32.0,32.0,0.1808096170425415,63.740158919245005,4258.45361328125,,,,,
1224,1,1224.0,0.0,32.0,32.0,0.1892803311347961,69.98326303437352,4567.0,,,,,
1225,1,1225.0,0.0,32.0,32.0,0.247526079416275,66.76082499325275,4315.00048828125,,,,,
1226,1,1226.0,0.0,32.0,32.0,0.2099310159683227,60.79391797538847,3947.388671875,,,,,
1227,1,1227.0,0.0,32.0,32.0,0.2523159980773926,65.44070900417864,4401.24365234375,,,,,
1228,1,1228.0,0.0,32.0,32.0,0.1483176350593567,66.32810004521161,4315.00048828125,,,,,
1229,1,1229.0,0.0,32.0,32.0,0.1418403089046478,67.74642993696034,4513.66650390625,,,,,
1230,1,1230.0,0.0,32.0,32.0,0.3198040723800659,61.27174606081098,4283.34423828125,,,,,
1231,1,1231.0,0.0,32.0,32.0,0.0862560421228408,63.69912996888161,4179.09716796875,,,,,
1232,1,1232.0,0.0,32.0,32.0,0.1784414947032928,64.75219700951129,4179.09716796875,,,,,
1233,1,1233.0,0.0,32.0,32.0,0.2989861667156219,64.72460308577865,4315.00048828125,,,,,
1234,1,1234.0,0.0,32.0,32.0,0.2648752629756927,66.00088602863252,4401.24365234375,,,,,
1235,1,1235.0,0.0,32.0,32.0,0.1507537961006164,76.43405301496387,4891.20068359375,,,,,
1236,1,1236.0,0.0,32.0,32.0,0.1940793991088867,64.72846295218915,4150.3505859375,,,,,
1237,1,1237.0,0.0,32.0,32.0,0.1419068425893783,70.12364908587188,4580.71630859375,,,,,
1238,1,1238.0,0.0,32.0,32.0,0.2432586252689361,59.72560099326074,4150.3505859375,,,,,
1239,1,1239.0,0.0,32.0,32.0,0.1432700306177139,63.75375809147954,4283.34423828125,,,,,
1240,1,1240.0,0.0,32.0,32.0,0.3033397793769836,64.05448797158897,4096.28125,,,,,
1241,1,1241.0,0.0,32.0,32.0,0.2624796628952026,59.78553101886064,4078.7119140625,,,,,
1242,1,1242.0,0.0,32.0,32.0,0.1600385159254074,60.58906100224704,4150.3505859375,,,,,
1243,1,1243.0,0.0,32.0,32.0,0.1307094991207122,70.23193605709821,4567.0,,,,,
1244,1,1244.0,0.0,32.0,32.0,0.0587069615721702,61.39473500661552,3915.1640625,,,,,
1245,1,1245.0,0.0,32.0,32.0,0.1215840578079223,60.5297579895705,4013.5908203125,,,,,
1246,1,1246.0,0.0,32.0,32.0,0.1362676322460174,68.14863893669099,4567.0,,,,,
1247,1,1247.0,0.0,32.0,32.0,0.1888092011213302,65.02255809027702,4179.09716796875,,,,,
1248,1,1248.0,0.0,32.0,32.0,0.0489333644509315,69.25777206197381,4580.71630859375,,,,,
1249,1,1249.0,0.0,32.0,32.0,0.2163235992193222,66.11251004505903,4258.45361328125,,,,,
1250,1,1250.0,0.0,32.0,32.0,0.3300060033798218,65.06939500104636,4315.00048828125,,,,,
1251,1,1251.0,0.0,32.0,32.0,0.3003835380077362,77.64295593369752,4924.3115234375,,,,,
1252,1,1252.0,0.0,32.0,32.0,0.0660485923290252,76.57330099027604,4891.20068359375,,,,,
1253,1,1253.0,0.0,32.0,32.0,0.3755735158920288,65.25258300825953,4315.00048828125,,,,,
1254,1,1254.0,0.0,32.0,32.0,0.2947037816047668,58.29499394167215,4013.5908203125,,,,,
1255,1,1255.0,0.0,32.0,32.0,0.1593954414129257,63.703094027005136,4179.09716796875,,,,,
1256,1,1256.0,0.0,32.0,32.0,0.0719573646783828,68.48209595773369,4544.76806640625,,,,,
1257,1,1257.0,0.0,32.0,32.0,0.2578182518482208,61.50501396041364,4078.7119140625,,,,,
1258,1,1258.0,0.0,32.0,32.0,0.0390167906880378,58.65769705269486,3947.388671875,,,,,
1259,1,1259.0,0.0,32.0,32.0,0.0323463603854179,68.00598499830812,4567.0,,,,,
1260,1,1260.0,0.0,32.0,32.0,0.1949440836906433,64.63784002698958,4150.3505859375,,,,,
1261,1,1261.0,0.0,32.0,32.0,0.5226556658744812,64.0131930122152,4258.45361328125,,,,,
1262,1,1262.0,0.0,32.0,32.0,0.1681971848011016,56.8362440681085,3947.388671875,,,,,
1263,1,1263.0,0.0,32.0,32.0,0.4347277581691742,64.09201200585812,4315.00048828125,,,,,
1264,1,1264.0,0.0,32.0,32.0,0.622505784034729,67.47595802880824,4513.66650390625,,,,,
1265,1,1265.0,0.0,32.0,32.0,0.3571217656135559,65.0788591010496,4213.84423828125,,,,,
1266,1,1266.0,0.0,32.0,32.0,0.22962087392807,61.04147504083812,3995.3720703125,,,,,
1267,1,1267.0,0.0,32.0,32.0,0.1598556339740753,64.7780189756304,4315.00048828125,,,,,
1268,1,1268.0,0.0,32.0,32.0,0.168567344546318,65.35124906804413,4315.00048828125,,,,,
1269,1,1269.0,0.0,32.0,32.0,0.2832974791526794,67.47502996586263,4315.00048828125,,,,,
1270,1,1270.0,0.0,32.0,32.0,0.2548580765724182,60.16212794929743,4345.8486328125,,,,,
1271,1,1271.0,0.0,32.0,32.0,0.4620816707611084,70.1075050747022,4567.0,,,,,
1272,1,1272.0,0.0,32.0,32.0,0.1738753318786621,65.0231339968741,4150.3505859375,,,,,
1273,1,1273.0,0.0,32.0,32.0,0.3548516929149627,64.33454202488065,4315.00048828125,,,,,
1274,1,1274.0,0.0,32.0,32.0,0.1253098249435424,62.9996390780434,4213.84423828125,,,,,
1275,1,1275.0,0.0,32.0,32.0,0.2311234772205352,71.11666398122907,4580.71630859375,,,,,
1276,1,1276.0,0.0,32.0,32.0,0.2268307358026504,65.94867608509958,4283.34423828125,,,,,
1277,1,1277.0,0.0,32.0,32.0,0.3059443831443786,61.03549699764699,4013.5908203125,,,,,
1278,1,1278.0,0.0,32.0,32.0,0.1452211290597915,68.45912791322917,4729.970703125,,,,,
1279,1,1279.0,0.0,32.0,32.0,0.2985648512840271,67.52587098162621,4384.43359375,,,,,
1280,1,1280.0,0.0,32.0,32.0,0.4397324323654175,64.43052494432777,4283.34423828125,,,,,
1281,1,1281.0,0.0,32.0,32.0,0.2667179703712463,61.55766895972192,4013.5908203125,,,,,
1282,1,1282.0,0.0,32.0,32.0,0.125548705458641,72.65843299683183,4729.970703125,,,,,
1283,1,1283.0,0.0,32.0,32.0,0.2432484924793243,65.30351901892573,4283.34423828125,,,,,
1284,1,1284.0,0.0,32.0,32.0,0.1446349024772644,66.24480290338397,4345.8486328125,,,,,
1285,1,1285.0,0.0,32.0,32.0,0.1512962430715561,61.40571495052427,3995.3720703125,,,,,
1286,1,1286.0,0.0,32.0,32.0,0.1439889818429947,58.06944705545902,4013.5908203125,,,,,
1287,1,1287.0,0.0,32.0,32.0,0.1286525726318359,63.44103603623808,4283.34423828125,,,,,
1288,1,1288.0,0.0,32.0,32.0,0.3597050309181213,65.82774897105992,4384.43359375,,,,,
1289,1,1289.0,0.0,32.0,32.0,0.2005980014801025,71.4376299874857,4633.79638671875,,,,,
1290,1,1290.0,0.0,32.0,32.0,0.4007616937160492,65.0610770098865,4179.09716796875,,,,,
1291,1,1291.0,0.0,32.0,32.0,0.1941820681095123,64.19273593928665,4283.34423828125,,,,,
1292,1,1292.0,0.0,32.0,32.0,0.1549828648567199,63.3095899829641,4150.3505859375,,,,,
1293,1,1293.0,0.0,32.0,32.0,0.0376631803810596,64.24837291706353,4258.45361328125,,,,,
1294,1,1294.0,0.0,32.0,32.0,0.1795287877321243,61.65495398454368,4345.8486328125,,,,,
1295,1,1295.0,0.0,32.0,32.0,0.1746669709682464,64.75131993647665,4283.34423828125,,,,,
1296,1,1296.0,0.0,32.0,32.0,0.5177736282348633,67.80372897628695,4544.76806640625,,,,,
1297,1,1297.0,0.0,32.0,32.0,0.1366243809461593,68.96618800237775,4544.76806640625,,,,,
1298,1,1298.0,0.0,32.0,32.0,0.2595047950744629,66.07407389674336,4258.45361328125,,,,,
1299,1,1299.0,0.0,32.0,32.0,0.0654843747615814,67.55712605081499,4513.66650390625,,,,,
1300,1,1300.0,0.0,32.0,32.0,0.3668620586395263,65.79153100028634,4315.00048828125,,,,,
1301,1,1301.0,0.0,32.0,32.0,0.1170774176716804,60.95975695643574,4013.5908203125,,,,,
1302,1,1302.0,0.0,32.0,32.0,0.1785622835159301,59.84064692165703,4179.09716796875,,,,,
1303,1,1303.0,0.0,32.0,32.0,0.2305458486080169,63.534127082675695,4096.28125,,,,,
1304,1,1304.0,0.0,32.0,32.0,0.1497493237257003,65.99859392736107,4401.24365234375,,,,,
1305,1,1305.0,0.0,32.0,32.0,0.2154276371002197,63.07279597967863,4150.3505859375,,,,,
1306,1,1306.0,0.0,32.0,32.0,0.0741682052612304,65.09622500743717,4315.00048828125,,,,,
1307,1,1307.0,0.0,32.0,32.0,0.149572342634201,65.38152997381985,4283.34423828125,,,,,
1308,1,1308.0,0.0,32.0,32.0,0.3177365660667419,61.36682699434459,3995.3720703125,,,,,
1309,1,1309.0,0.0,32.0,32.0,0.1880230009555816,62.41040292661637,4213.84423828125,,,,,
1310,1,1310.0,0.0,32.0,32.0,0.0532310158014297,56.95867992471904,4013.5908203125,,,,,
1311,1,1311.0,0.0,32.0,32.0,0.145585298538208,65.14028704259545,4315.00048828125,,,,,
1312,1,1312.0,0.0,32.0,32.0,0.3215999603271484,64.23234101384878,4179.09716796875,,,,,
1313,1,1313.0,0.0,32.0,32.0,0.1790925860404968,61.96469801943749,4013.5908203125,,,,,
1314,1,1314.0,0.0,32.0,32.0,0.0597848258912563,61.41350895632058,3995.3720703125,,,,,
1315,1,1315.0,0.0,32.0,32.0,0.0927211493253707,66.4957920089364,4401.24365234375,,,,,
1316,1,1316.0,0.0,32.0,32.0,0.1571960747241974,63.74439608771354,4179.09716796875,,,,,
1317,1,1317.0,0.0,32.0,32.0,0.1496958583593368,71.43041002564132,4633.79638671875,,,,,
1318,1,1318.0,0.0,32.0,32.0,0.2089452296495437,62.259517959319055,4345.8486328125,,,,,
1319,1,1319.0,0.0,32.0,32.0,0.1980183720588684,63.73119296040386,4179.09716796875,,,,,
1320,1,1320.0,0.0,32.0,32.0,0.3043980896472931,64.97149600181729,4258.45361328125,,,,,
1321,1,1321.0,0.0,32.0,32.0,0.0806552693247795,68.82271589711308,4480.384765625,,,,,
1322,1,1322.0,0.0,32.0,32.0,0.1174945086240768,70.05420094355941,4567.0,,,,,
1323,1,1323.0,0.0,32.0,32.0,0.1980137825012207,66.19712093379349,4315.00048828125,,,,,
1324,1,1324.0,0.0,32.0,32.0,0.0938089191913604,61.75512995105237,4047.14111328125,,,,,
1325,1,1325.0,0.0,32.0,32.0,0.1835270375013351,63.97997902240604,4345.8486328125,,,,,
1326,1,1326.0,0.0,32.0,32.0,0.1462079584598541,62.89776402991265,4384.43359375,,,,,
1327,1,1327.0,0.0,32.0,32.0,0.1499657034873962,72.43219797965139,4658.4052734375,,,,,
1328,1,1328.0,0.0,32.0,32.0,0.4470678865909576,70.88419503998011,4567.0,,,,,
1329,1,1329.0,0.0,32.0,32.0,0.0899970978498458,63.20324190892279,4047.14111328125,,,,,
1330,1,1330.0,0.0,32.0,32.0,0.5831770896911621,65.42384694330394,4315.00048828125,,,,,
1331,1,1331.0,0.0,32.0,32.0,0.1426254510879516,58.86074993759394,3850.9638671875,,,,,
1332,1,1332.0,0.0,32.0,32.0,0.2898371815681457,58.52207902353257,3995.3720703125,,,,,
1333,1,1333.0,0.0,32.0,32.0,0.2898555696010589,71.2790871039033,4658.4052734375,,,,,
1334,1,1334.0,0.0,32.0,32.0,0.1472919583320617,63.10425000265241,4384.43359375,,,,,
1335,1,1335.0,0.0,32.0,32.0,0.1669642031192779,69.86793503165245,4567.0,,,,,
1336,1,1336.0,0.0,32.0,32.0,0.3906536996364593,69.03034599963576,4401.24365234375,,,,,
1337,1,1337.0,0.0,32.0,32.0,0.1145588755607605,66.22441206127405,4315.00048828125,,,,,
1338,1,1338.0,0.0,32.0,32.0,0.228471428155899,60.68644404876977,3887.11962890625,,,,,
1339,1,1339.0,0.0,32.0,32.0,0.1514973044395446,68.34861892275512,4580.71630859375,,,,,
1340,1,1340.0,0.0,32.0,32.0,0.196127563714981,64.44047391414642,4213.84423828125,,,,,
1341,1,1341.0,0.0,32.0,32.0,0.1903911232948303,66.86891394201666,4513.66650390625,,,,,
1342,1,1342.0,0.0,32.0,32.0,0.1887934058904647,62.245957902632654,4283.34423828125,,,,,
1343,1,1343.0,0.0,32.0,32.0,0.2205803096294403,63.19071096368134,4150.3505859375,,,,,
1344,1,1344.0,0.0,32.0,32.0,0.1701814085245132,66.17163808550686,4384.43359375,,,,,
1345,1,1345.0,0.0,32.0,32.0,0.1167183816432952,65.76825201045722,4345.8486328125,,,,,
1346,1,1346.0,0.0,32.0,32.0,0.1834258288145065,67.70641903858632,4513.66650390625,,,,,
1347,1,1347.0,0.0,32.0,32.0,0.0639721304178237,65.62461005523801,4315.00048828125,,,,,
1348,1,1348.0,0.0,32.0,32.0,0.0890999361872673,60.6508000055328,4013.5908203125,,,,,
1349,1,1349.0,0.0,32.0,32.0,0.0209209136664867,58.45073494128883,3887.11962890625,,,,,
1350,1,1350.0,0.0,32.0,32.0,0.2232044637203216,57.91974696330726,4150.3505859375,,,,,
1351,1,1351.0,0.0,32.0,32.0,0.2990064322948456,59.06445602886379,3887.11962890625,,,,,
1352,1,1352.0,0.0,32.0,32.0,0.4631509780883789,62.815331970341504,4283.34423828125,,,,,
1353,1,1353.0,0.0,32.0,32.0,0.1729688644409179,64.1001749318093,4096.28125,,,,,
1354,1,1354.0,0.0,32.0,32.0,0.2201703190803527,63.61106794793159,4213.84423828125,,,,,
1355,1,1355.0,0.0,32.0,32.0,0.1545551568269729,57.92620696593076,3834.9580078125,,,,,
1356,1,1356.0,0.0,32.0,32.0,0.3893685340881347,57.80256702564657,3887.11962890625,,,,,
1357,1,1357.0,0.0,32.0,32.0,0.2548838555812835,69.99095203354955,4754.23046875,,,,,
1358,1,1358.0,0.0,32.0,32.0,0.1313912272453308,66.04551791679114,4315.00048828125,,,,,
1359,1,1359.0,0.0,32.0,32.0,0.0311376955360174,57.93911300133914,4013.5908203125,,,,,
1360,1,1360.0,0.0,32.0,32.0,0.1105004623532295,73.93996603786945,4787.39599609375,,,,,
1361,1,1361.0,0.0,32.0,32.0,0.0617104060947895,63.96946404129267,4150.3505859375,,,,,
1362,1,1362.0,0.0,32.0,32.0,0.0536831691861152,68.30723106395453,4544.76806640625,,,,,
1363,1,1363.0,0.0,32.0,32.0,0.0990939736366272,65.59039209969342,4315.00048828125,,,,,
1364,1,1364.0,0.0,32.0,32.0,0.1548980474472046,60.18685095477849,3995.3720703125,,,,,
1365,1,1365.0,0.0,32.0,32.0,0.1411478072404861,68.9091479871422,4480.384765625,,,,,
1366,1,1366.0,0.0,32.0,32.0,0.2459003031253814,70.23054803721607,4658.4052734375,,,,,
1367,1,1367.0,0.0,32.0,32.0,0.1458713263273239,57.7619910473004,3915.1640625,,,,,
1368,1,1368.0,0.0,32.0,32.0,0.0930089652538299,64.95606200769544,4283.34423828125,,,,,
1369,1,1369.0,0.0,32.0,32.0,0.4098815321922302,65.22954802494496,4283.34423828125,,,,,
1370,1,1370.0,0.0,32.0,32.0,0.185230553150177,63.147644978016615,4213.84423828125,,,,,
1371,1,1371.0,0.0,32.0,32.0,0.023124111816287,70.51708293147385,4658.4052734375,,,,,
1372,1,1372.0,0.0,32.0,32.0,0.5273599624633789,69.03106102254242,4544.76806640625,,,,,
1373,1,1373.0,0.0,32.0,32.0,0.1666512191295623,60.56950392667204,3887.11962890625,,,,,
1374,1,1374.0,0.0,32.0,32.0,0.0602595806121826,59.37327502761036,4047.14111328125,,,,,
1375,1,1375.0,0.0,32.0,32.0,0.2843395471572876,59.423463069833815,4179.09716796875,,,,,
1376,1,1376.0,0.0,32.0,32.0,0.1187099292874336,66.70349196065217,4315.00048828125,,,,,
1377,1,1377.0,0.0,32.0,32.0,0.1620178520679474,67.27492494974285,4401.24365234375,,,,,
1378,1,1378.0,0.0,32.0,32.0,0.2571449279785156,63.15431394614279,4179.09716796875,,,,,
1379,1,1379.0,0.0,32.0,32.0,0.145757794380188,60.69245201069862,3995.3720703125,,,,,
1380,1,1380.0,0.0,32.0,32.0,0.3562483489513397,60.569016030058265,3947.388671875,,,,,
1381,1,1381.0,0.0,32.0,32.0,0.2692420780658722,63.75552504323423,4150.3505859375,,,,,
1382,1,1382.0,0.0,32.0,32.0,0.1827491521835327,63.28872998710722,4047.14111328125,,,,,
1383,1,1383.0,0.0,32.0,32.0,0.1098030060529708,59.92768902797252,4283.34423828125,,,,,
1384,1,1384.0,0.0,32.0,32.0,0.0925844609737396,64.97149693313986,4283.34423828125,,,,,
1385,1,1385.0,0.0,32.0,32.0,0.0337528102099895,64.77578997146338,4345.8486328125,,,,,
1386,1,1386.0,0.0,32.0,32.0,0.1813923865556717,70.70967007894069,4567.0,,,,,
1387,1,1387.0,0.0,32.0,32.0,0.5139271020889282,64.59004990756512,4096.28125,,,,,
1388,1,1388.0,0.0,32.0,32.0,0.2735659182071686,67.119280109182,4513.66650390625,,,,,
1389,1,1389.0,0.0,32.0,32.0,0.1642938256263733,63.19047196302563,4096.28125,,,,,
1390,1,1390.0,0.0,32.0,32.0,0.2032075375318527,62.651390908285975,4213.84423828125,,,,,
1391,1,1391.0,0.0,32.0,32.0,0.0967429429292678,60.51113491412252,4345.8486328125,,,,,
1392,1,1392.0,0.0,32.0,32.0,0.2470817565917968,69.2402709973976,4544.76806640625,,,,,
1393,1,1393.0,0.0,32.0,32.0,0.039081759750843,59.344325913116336,3676.35888671875,,,,,
1394,1,1394.0,0.0,32.0,32.0,0.188671201467514,61.2239979673177,4258.45361328125,,,,,
1395,1,1395.0,0.0,32.0,32.0,0.2762033641338348,68.26703494880348,4567.0,,,,,
1396,1,1396.0,0.0,32.0,32.0,0.2879639565944671,65.41020097211003,4213.84423828125,,,,,
1397,1,1397.0,0.0,32.0,32.0,0.2303442358970642,66.78772997111082,4384.43359375,,,,,
1398,1,1398.0,0.0,32.0,32.0,0.4166849255561828,61.2919710110873,4078.7119140625,,,,,
1399,1,1399.0,0.0,32.0,32.0,0.2056809961795807,57.0945719955489,4213.84423828125,,,,,
1400,1,1400.0,0.0,32.0,32.0,0.1858251690864563,60.97786605823785,3995.3720703125,,,,,
1401,1,1401.0,0.0,32.0,32.0,0.1456845849752426,58.60163504257798,3850.9638671875,,,,,
1402,1,1402.0,0.0,32.0,32.0,0.2611287534236908,61.07071600854397,4150.3505859375,,,,,
1403,1,1403.0,0.0,32.0,32.0,0.4395073354244232,70.87956101167947,4658.4052734375,,,,,
1404,1,1404.0,0.0,32.0,32.0,0.3759325742721557,61.569890938699245,3915.1640625,,,,,
1405,1,1405.0,0.0,32.0,32.0,0.2098490893840789,61.70099088922143,4096.28125,,,,,
1406,1,1406.0,0.0,32.0,32.0,0.1875962913036346,62.40431999322027,4150.3505859375,,,,,
1407,1,1407.0,0.0,32.0,32.0,0.0916586965322494,70.21010597236454,4567.0,,,,,
1408,1,1408.0,0.0,32.0,32.0,0.320379227399826,63.294505001977086,4315.00048828125,,,,,
1409,1,1409.0,0.0,32.0,32.0,0.254861831665039,63.572296989150345,4315.00048828125,,,,,
1410,1,1410.0,0.0,32.0,32.0,0.1906906366348266,71.29786896985024,4658.4052734375,,,,,
1411,1,1411.0,0.0,32.0,32.0,0.225972905755043,64.66652802191675,4096.28125,,,,,
1412,1,1412.0,0.0,32.0,32.0,0.2200525850057602,66.99153408408165,4480.384765625,,,,,
1413,1,1413.0,0.0,32.0,32.0,0.1787922978401184,64.34342404827476,4179.09716796875,,,,,
1414,1,1414.0,0.0,32.0,32.0,0.0682462826371193,65.64688694197685,4283.34423828125,,,,,
1415,1,1415.0,0.0,32.0,32.0,0.2195280045270919,60.62196206767112,4078.7119140625,,,,,
1416,1,1416.0,0.0,32.0,32.0,0.0370298326015472,55.877148057334125,4047.14111328125,,,,,
1417,1,1417.0,0.0,32.0,32.0,0.2266222685575485,69.60918195545673,4633.79638671875,,,,,
1418,1,1418.0,0.0,32.0,32.0,0.159651830792427,69.31173801422119,4513.66650390625,,,,,
1419,1,1419.0,0.0,32.0,32.0,0.1945564299821853,63.19707399234176,4047.14111328125,,,,,
1420,1,1420.0,0.0,32.0,32.0,0.3198713064193725,67.33946909662336,4544.76806640625,,,,,
1421,1,1421.0,0.0,32.0,32.0,0.1528687477111816,67.85397802013904,4384.43359375,,,,,
1422,1,1422.0,0.0,32.0,32.0,0.0232947580516338,70.31781610567123,4567.0,,,,,
1423,1,1423.0,0.0,32.0,32.0,0.3571178913116455,75.43481804896146,4787.39599609375,,,,,
1424,1,1424.0,0.0,32.0,32.0,0.4091619253158569,61.41563900746405,4345.8486328125,,,,,
1425,1,1425.0,0.0,32.0,32.0,0.386724442243576,66.65215501561761,4258.45361328125,,,,,
1426,1,1426.0,0.0,32.0,32.0,0.3750696778297424,62.41020397283137,4213.84423828125,,,,,
1427,1,1427.0,0.0,32.0,32.0,0.04021717607975,63.055909937247634,4096.28125,,,,,
1428,1,1428.0,0.0,32.0,32.0,0.1577552258968353,62.52300308551639,4150.3505859375,,,,,
1429,1,1429.0,0.0,32.0,32.0,0.2992860674858093,74.55035496968776,4787.39599609375,,,,,
1430,1,1430.0,0.0,32.0,32.0,0.1720538437366485,70.56993001606315,4633.79638671875,,,,,
1431,1,1431.0,0.0,32.0,32.0,0.2724427878856659,69.14027198217809,4480.384765625,,,,,
1432,1,1432.0,0.0,32.0,32.0,0.1500971317291259,73.37129698134959,4924.3115234375,,,,,
1433,1,1433.0,0.0,32.0,32.0,0.3895556330680847,65.06666890345514,4283.34423828125,,,,,
1434,1,1434.0,0.0,32.0,32.0,0.351188600063324,74.43897903431207,4787.39599609375,,,,,
1435,1,1435.0,0.0,32.0,32.0,0.1315577328205108,67.54332792479545,4401.24365234375,,,,,
1436,1,1436.0,0.0,32.0,32.0,0.2380224764347076,62.03197909053415,4013.5908203125,,,,,
1437,1,1437.0,0.0,32.0,32.0,0.1035206466913223,64.14223101455718,4179.09716796875,,,,,
1438,1,1438.0,0.0,32.0,32.0,0.1838539987802505,65.32819999847561,4283.34423828125,,,,,
1439,1,1439.0,0.0,32.0,32.0,0.2189445197582245,67.44032492861152,4513.66650390625,,,,,
1440,1,1440.0,0.0,32.0,32.0,0.1124616786837577,65.87943295016885,4567.0,,,,,
1441,1,1441.0,0.0,32.0,32.0,0.2732098996639251,64.58229594863951,4096.28125,,,,,
1442,1,1442.0,0.0,32.0,32.0,0.082134410738945,64.70083305612206,4283.34423828125,,,,,
1443,1,1443.0,0.0,32.0,32.0,0.1015510112047195,64.23727108631283,4258.45361328125,,,,,
1444,1,1444.0,0.0,32.0,32.0,0.0519211813807487,65.41782105341554,4283.34423828125,,,,,
1445,1,1445.0,0.0,32.0,32.0,0.1489099264144897,74.88483400084078,4787.39599609375,,,,,
1446,1,1446.0,0.0,32.0,32.0,0.186295211315155,65.06238202564418,4179.09716796875,,,,,
1447,1,1447.0,0.0,32.0,32.0,0.1795284152030944,67.5300289876759,4544.76806640625,,,,,
1448,1,1448.0,0.0,32.0,32.0,0.1778205037117004,63.48348897881806,4513.66650390625,,,,,
1449,1,1449.0,0.0,32.0,32.0,0.0502021126449108,65.30802592169493,4258.45361328125,,,,,
1450,1,1450.0,0.0,32.0,32.0,0.3223286271095276,66.7466699378565,4384.43359375,,,,,
1451,1,1451.0,0.0,32.0,32.0,0.1227442473173141,68.00658407155424,4513.66650390625,,,,,
1452,1,1452.0,0.0,32.0,32.0,0.197608545422554,67.07819900475442,4384.43359375,,,,,
1453,1,1453.0,0.0,32.0,32.0,0.0671785101294517,69.98464104253799,4633.79638671875,,,,,
1454,1,1454.0,0.0,32.0,32.0,0.2867922484874725,64.75174601655453,4096.28125,,,,,
1455,1,1455.0,0.0,32.0,32.0,0.1064105629920959,59.936556965112686,4078.7119140625,,,,,
1456,1,1456.0,0.0,32.0,32.0,0.1843218207359314,57.186500052921474,4179.09716796875,,,,,
1457,1,1457.0,0.0,32.0,32.0,0.2149474024772644,64.11083007697016,4345.8486328125,,,,,
1458,1,1458.0,0.0,32.0,32.0,0.0844137817621231,61.220343108288944,4013.5908203125,,,,,
1459,1,1459.0,0.0,32.0,32.0,0.3524144887924194,64.56580001395196,4213.84423828125,,,,,
1460,1,1460.0,0.0,32.0,32.0,0.0638750940561294,61.55661807861179,4013.5908203125,,,,,
1461,1,1461.0,0.0,32.0,32.0,0.1020602658390998,66.58978597261012,4345.8486328125,,,,,
1462,1,1462.0,0.0,32.0,32.0,0.2912292182445526,71.44188706297427,4580.71630859375,,,,,
1463,1,1463.0,0.0,32.0,32.0,0.1761365681886673,59.27634600084275,3794.548828125,,,,,
1464,1,1464.0,0.0,32.0,32.0,0.1387473940849304,63.31809191033244,4567.0,,,,,
1465,1,1465.0,0.0,32.0,32.0,0.2479342222213745,78.5983030218631,4997.24267578125,,,,,
1466,1,1466.0,0.0,32.0,32.0,0.2597798705101013,64.89950208924711,4213.84423828125,,,,,
1467,1,1467.0,0.0,32.0,32.0,0.2949048578739166,63.11200896743685,4179.09716796875,,,,,
1468,1,1468.0,0.0,32.0,32.0,0.113459900021553,70.21555700339377,4567.0,,,,,
1469,1,1469.0,0.0,32.0,32.0,0.4876408576965332,69.32810100261122,4544.76806640625,,,,,
1470,1,1470.0,0.0,32.0,32.0,0.1651006191968917,63.77591600175947,4213.84423828125,,,,,
1471,1,1471.0,0.0,32.0,32.0,0.1821599304676056,58.02034505177289,3834.9580078125,,,,,
1472,1,1472.0,0.0,32.0,32.0,0.2962662875652313,64.59474703297019,4685.30810546875,,,,,
1473,1,1473.0,0.0,32.0,32.0,0.358052134513855,66.75350700970739,4315.00048828125,,,,,
1474,1,1474.0,0.0,32.0,32.0,0.1157208681106567,63.78738803323358,4213.84423828125,,,,,
1475,1,1475.0,0.0,32.0,32.0,0.3083791732788086,65.401099040173,4345.8486328125,,,,,
1476,1,1476.0,0.0,32.0,32.0,0.1704547107219696,66.87493494246155,4345.8486328125,,,,,
1477,1,1477.0,0.0,32.0,32.0,0.1224318295717239,62.32190097216517,4096.28125,,,,,
1478,1,1478.0,0.0,32.0,32.0,0.2852821350097656,64.01155004277825,4345.8486328125,,,,,
1479,1,1479.0,0.0,32.0,32.0,0.0999166145920753,63.445645035244524,4096.28125,,,,,
1480,1,1480.0,0.0,32.0,32.0,0.3641806244850158,56.34480994194746,4078.7119140625,,,,,
1481,1,1481.0,0.0,32.0,32.0,0.2057955265045166,62.88913800381124,4150.3505859375,,,,,
1482,1,1482.0,0.0,32.0,32.0,0.1525860428810119,59.207728947512805,4078.7119140625,,,,,
1483,1,1483.0,0.0,32.0,32.0,0.3158970475196838,63.57783800922334,4345.8486328125,,,,,
1484,1,1484.0,0.0,32.0,32.0,0.1314834654331207,63.63791297189891,4096.28125,,,,,
1485,1,1485.0,0.0,32.0,32.0,0.3285868763923645,58.12476307619363,3834.9580078125,,,,,
1486,1,1486.0,0.0,32.0,32.0,0.288496196269989,58.64778801333159,3995.3720703125,,,,,
1487,1,1487.0,0.0,32.0,32.0,0.0903721377253532,62.586304964497685,4213.84423828125,,,,,
1488,1,1488.0,0.0,32.0,32.0,0.0578413307666778,71.35755906347185,4658.4052734375,,,,,
1489,1,1489.0,0.0,32.0,32.0,0.2240486294031143,66.76948897074908,4633.79638671875,,,,,
1490,1,1490.0,0.0,32.0,32.0,0.122058093547821,66.13515794742852,4283.34423828125,,,,,
1491,1,1491.0,0.0,32.0,32.0,0.0892871171236038,67.99674895592034,4401.24365234375,,,,,
1492,1,1492.0,0.0,32.0,32.0,0.4488035440444946,74.69996600411832,4787.39599609375,,,,,
1493,1,1493.0,0.0,32.0,32.0,0.2918320596218109,65.51906501408666,4283.34423828125,,,,,
1494,1,1494.0,0.0,32.0,32.0,0.211361825466156,63.316364074125886,4213.84423828125,,,,,
1495,1,1495.0,0.0,32.0,32.0,0.8227556943893433,74.47761599905789,4787.39599609375,,,,,
1496,1,1496.0,0.0,32.0,32.0,0.4229032397270202,65.42445498052984,4096.28125,,,,,
1497,1,1497.0,0.0,32.0,32.0,0.08274707198143,57.307361043058336,4047.14111328125,,,,,
1498,1,1498.0,0.0,32.0,32.0,0.2975817918777466,65.43850502930582,4258.45361328125,,,,,
1499,1,1499.0,0.0,32.0,32.0,0.2482199370861053,64.6867350442335,4258.45361328125,,,,,
1500,1,1500.0,0.0,32.0,32.0,0.2586146295070648,62.52096209209412,4150.3505859375,,,,,
1501,1,1501.0,0.0,32.0,32.0,0.2209993600845337,67.95291998423636,4567.0,,,,,
1502,1,1502.0,0.0,32.0,32.0,0.4371303915977478,64.31340600829571,4047.14111328125,,,,,
1503,1,1503.0,0.0,32.0,32.0,0.2145599126815796,59.89198596216738,4078.7119140625,,,,,
1504,1,1504.0,0.0,32.0,32.0,0.1853310465812683,63.2313130190596,4345.8486328125,,,,,
1505,1,1505.0,0.0,32.0,32.0,0.2373932600021362,61.490189051255584,4315.00048828125,,,,,
1506,1,1506.0,0.0,32.0,32.0,0.3023950159549713,65.15437900088727,4345.8486328125,,,,,
1507,1,1507.0,0.0,32.0,32.0,0.1628107726573944,68.8868819270283,4513.66650390625,,,,,
1508,1,1508.0,0.0,32.0,32.0,0.1927184611558914,67.37574201542884,4401.24365234375,,,,,
1509,1,1509.0,0.0,32.0,32.0,0.2284385561943054,65.18479692749679,4345.8486328125,,,,,
1510,1,1510.0,0.0,32.0,32.0,0.1540051102638244,66.35676498990506,4258.45361328125,,,,,
1511,1,1511.0,0.0,32.0,32.0,0.2215316444635391,61.26347393728793,3995.3720703125,,,,,
1512,1,1512.0,0.0,32.0,32.0,0.1775933355093002,63.69805103167892,4345.8486328125,,,,,
1513,1,1513.0,0.0,32.0,32.0,0.0623309500515461,60.598882031627,4258.45361328125,,,,,
1514,1,1514.0,0.0,32.0,32.0,0.0531504414975643,59.619342093355954,3915.1640625,,,,,
1515,1,1515.0,0.0,32.0,32.0,0.1272750496864318,64.24569501541555,4283.34423828125,,,,,
1516,1,1516.0,0.0,32.0,32.0,0.0430085659027099,60.84773107431829,4078.7119140625,,,,,
1517,1,1517.0,0.0,32.0,32.0,0.0983111783862114,58.74766793567687,4078.7119140625,,,,,
1518,1,1518.0,0.0,32.0,32.0,0.039638627320528,63.95772902760655,4315.00048828125,,,,,
1519,1,1519.0,0.0,32.0,32.0,0.3407666981220245,61.079581966623664,4013.5908203125,,,,,
1520,1,1520.0,0.0,32.0,32.0,0.1368760466575622,58.45080094877631,3700.8271484375,,,,,
1521,1,1521.0,0.0,32.0,32.0,0.2078092694282531,58.83499700576067,4013.5908203125,,,,,
1522,1,1522.0,0.0,32.0,32.0,0.3115193843841553,61.955426004715264,4480.384765625,,,,,
1523,1,1523.0,0.0,32.0,32.0,0.0439055822789669,65.27185195591301,4283.34423828125,,,,,
1524,1,1524.0,0.0,32.0,32.0,0.1999827325344085,66.65331497788429,4345.8486328125,,,,,
1525,1,1525.0,0.0,32.0,32.0,0.0146083962172269,67.94590095523745,4401.24365234375,,,,,
1526,1,1526.0,0.0,32.0,32.0,0.356433093547821,65.70194195955992,4315.00048828125,,,,,
1527,1,1527.0,0.0,32.0,32.0,0.3262462615966797,65.39930799044669,4258.45361328125,,,,,
1528,1,1528.0,0.0,32.0,32.0,0.184943288564682,70.42184995952994,4567.0,,,,,
1529,1,1529.0,0.0,32.0,32.0,0.4221649765968323,63.22243099566549,4078.7119140625,,,,,
1530,1,1530.0,0.0,32.0,32.0,0.2045967876911163,61.70259695500136,4480.384765625,,,,,
1531,1,1531.0,0.0,32.0,32.0,0.2061266899108886,70.0349910184741,4567.0,,,,,
1532,1,1532.0,0.0,32.0,32.0,0.1675603687763214,64.27082291338593,4096.28125,,,,,
1533,1,1533.0,0.0,32.0,32.0,0.4342066049575805,71.70434901490808,4729.970703125,,,,,
1534,1,1534.0,0.0,32.0,32.0,0.5437171459197998,64.27597999572754,4213.84423828125,,,,,
1535,1,1535.0,0.0,32.0,32.0,0.3234887719154358,63.9508799649775,4179.09716796875,,,,,
1536,1,1536.0,0.0,32.0,32.0,0.4526054859161377,66.98175496421754,4480.384765625,,,,,
1537,1,1537.0,0.0,32.0,32.0,0.2004298567771911,67.7253759931773,4480.384765625,,,,,
1538,1,1538.0,0.0,32.0,32.0,0.203756183385849,61.67608394753188,4096.28125,,,,,
1539,1,1539.0,0.0,32.0,32.0,0.1602375507354736,63.98031604476273,4283.34423828125,,,,,
1540,1,1540.0,0.0,32.0,32.0,0.0441363453865051,60.79091702122241,4078.7119140625,,,,,
1541,1,1541.0,0.0,32.0,32.0,0.3281418085098266,69.50485403649509,4658.4052734375,,,,,
1542,1,1542.0,0.0,32.0,32.0,0.1692595183849334,70.16723894048482,4544.76806640625,,,,,
1543,1,1543.0,0.0,32.0,32.0,0.2601796984672546,60.58062100782991,3915.1640625,,,,,
1544,1,1544.0,0.0,32.0,32.0,0.1937978565692901,62.87112599238753,4213.84423828125,,,,,
1545,1,1545.0,0.0,32.0,32.0,0.346157431602478,70.30437793582678,4567.0,,,,,
1546,1,1546.0,0.0,32.0,32.0,0.1037319749593734,58.20223898626864,3947.388671875,,,,,
1547,1,1547.0,0.0,32.0,32.0,0.2048006802797317,68.62699706107378,4580.71630859375,,,,,
1548,1,1548.0,0.0,32.0,32.0,0.310922771692276,63.6073820060119,4047.14111328125,,,,,
1549,1,1549.0,0.0,32.0,32.0,0.1145061999559402,58.66541597060859,3834.9580078125,,,,,
1550,1,1550.0,0.0,32.0,32.0,0.14248588681221,64.85687906388193,4480.384765625,,,,,
1551,1,1551.0,0.0,32.0,32.0,0.1658733934164047,61.19877193123102,4078.7119140625,,,,,
1552,1,1552.0,0.0,32.0,32.0,0.1473527550697326,65.80655905418098,4401.24365234375,,,,,
1553,1,1553.0,0.0,32.0,32.0,0.206902801990509,61.62887893151492,3995.3720703125,,,,,
1554,1,1554.0,0.0,32.0,32.0,0.257619559764862,63.340425956994295,4480.384765625,,,,,
1555,1,1555.0,0.0,32.0,32.0,0.3753148913383484,65.85058500058949,4345.8486328125,,,,,
1556,1,1556.0,0.0,32.0,32.0,0.1795448660850525,63.26836091466248,4213.84423828125,,,,,
1557,1,1557.0,0.0,32.0,32.0,0.1691827774047851,58.25287895277143,3834.9580078125,,,,,
1558,1,1558.0,0.0,32.0,32.0,0.3349519670009613,61.4434180315584,4213.84423828125,,,,,
1559,1,1559.0,0.0,32.0,32.0,0.0790504366159439,62.477838015183806,4150.3505859375,,,,,
1560,1,1560.0,0.0,32.0,32.0,0.0618340820074081,64.51692502014339,4258.45361328125,,,,,
1561,1,1561.0,0.0,32.0,32.0,0.1052222624421119,64.04860503971577,4150.3505859375,,,,,
1562,1,1562.0,0.0,32.0,32.0,0.2362451553344726,63.00056295003742,4544.76806640625,,,,,
1563,1,1563.0,0.0,32.0,32.0,0.2928669452667236,63.16291401162744,4047.14111328125,,,,,
1564,1,1564.0,0.0,32.0,32.0,0.3264237642288208,62.12491204496473,4013.5908203125,,,,,
1565,1,1565.0,0.0,32.0,32.0,0.1582204699516296,64.02574805542827,4213.84423828125,,,,,
1566,1,1566.0,0.0,32.0,32.0,0.1406202316284179,73.23528209235519,4754.23046875,,,,,
1567,1,1567.0,0.0,32.0,32.0,0.0984665229916572,67.89499602746218,4384.43359375,,,,,
1568,1,1568.0,0.0,32.0,32.0,0.1340159922838211,63.26378893572837,4150.3505859375,,,,,
1569,1,1569.0,0.0,32.0,32.0,0.1812193691730499,60.9367520082742,3995.3720703125,,,,,
1570,1,1570.0,0.0,32.0,32.0,0.0482878796756267,55.920568061992526,3995.3720703125,,,,,
1571,1,1571.0,0.0,32.0,32.0,0.3844950497150421,61.07053894083947,3995.3720703125,,,,,
1572,1,1572.0,0.0,32.0,32.0,0.2319790869951248,63.79474501591176,4213.84423828125,,,,,
1573,1,1573.0,0.0,32.0,32.0,0.2098244875669479,70.21793199237436,4567.0,,,,,
1574,1,1574.0,0.0,32.0,32.0,0.2003000378608703,70.32326189801097,4567.0,,,,,
1575,1,1575.0,0.0,32.0,32.0,0.2364972829818725,76.62936300039291,4787.39599609375,,,,,
1576,1,1576.0,0.0,32.0,32.0,0.0264030024409294,65.42493693996221,4258.45361328125,,,,,
1577,1,1577.0,0.0,32.0,32.0,0.0422581806778907,65.64261892344803,4258.45361328125,,,,,
1578,1,1578.0,0.0,32.0,32.0,0.2542360723018646,57.22781899385154,4047.14111328125,,,,,
1579,1,1579.0,0.0,32.0,32.0,0.1759513765573501,70.10573800653219,4658.4052734375,,,,,
1580,1,1580.0,0.0,32.0,32.0,0.2903014421463012,60.79361401498318,3915.1640625,,,,,
1581,1,1581.0,0.0,32.0,32.0,0.048938862979412,68.02740902639925,4401.24365234375,,,,,
1582,1,1582.0,0.0,32.0,32.0,0.0732206106185913,60.555279022082686,3915.1640625,,,,,
1583,1,1583.0,0.0,32.0,32.0,0.307623028755188,66.02336897049099,4480.384765625,,,,,
1584,1,1584.0,0.0,32.0,32.0,0.0504053905606269,58.19457897450775,3781.083984375,,,,,
1585,1,1585.0,0.0,32.0,32.0,0.2410695999860763,62.52528808545321,4315.00048828125,,,,,
1586,1,1586.0,0.0,32.0,32.0,0.409503698348999,59.42275107372552,4213.84423828125,,,,,
1587,1,1587.0,0.0,32.0,32.0,0.1764559149742126,63.68632602971047,4150.3505859375,,,,,
1588,1,1588.0,0.0,32.0,32.0,0.2941066026687622,62.13205005042255,4047.14111328125,,,,,
1589,1,1589.0,0.0,32.0,32.0,0.1304775923490524,66.32627500221133,4384.43359375,,,,,
1590,1,1590.0,0.0,32.0,32.0,0.1754167377948761,61.9220290100202,4013.5908203125,,,,,
1591,1,1591.0,0.0,32.0,32.0,0.2907638549804687,64.31166199035943,4345.8486328125,,,,,
1592,1,1592.0,0.0,32.0,32.0,0.0595298483967781,66.696199006401,4345.8486328125,,,,,
1593,1,1593.0,0.0,32.0,32.0,0.1276638209819793,60.22474891506136,4078.7119140625,,,,,
1594,1,1594.0,0.0,32.0,32.0,0.064323678612709,54.563042940571904,3995.3720703125,,,,,
1595,1,1595.0,0.0,32.0,32.0,0.362841784954071,64.55636094324291,4315.00048828125,,,,,
1596,1,1596.0,0.0,32.0,32.0,0.2596311569213867,65.32299797981977,4258.45361328125,,,,,
1597,1,1597.0,0.0,32.0,32.0,0.0683879405260086,64.92657400667667,4258.45361328125,,,,,
1598,1,1598.0,0.0,32.0,32.0,0.1942006200551986,58.82992409169674,3624.2412109375,,,,,
1599,1,1599.0,0.0,32.0,32.0,0.2473240792751312,64.96816291473806,4480.384765625,,,,,
1600,1,1600.0,0.0,32.0,32.0,0.2451582849025726,64.93898399639875,4283.34423828125,,,,,
1601,1,1601.0,0.0,32.0,32.0,0.2099795639514923,62.30011500883848,4096.28125,,,,,
1602,1,1602.0,0.0,32.0,32.0,0.1250995248556137,55.35237200092524,3947.388671875,,,,,
1603,1,1603.0,0.0,32.0,32.0,0.0568853206932544,63.74845595564693,4258.45361328125,,,,,
1604,1,1604.0,0.0,32.0,32.0,0.3467916250228882,69.1109859617427,4513.66650390625,,,,,
1605,1,1605.0,0.0,32.0,32.0,0.3184050023555755,59.1222729999572,3794.548828125,,,,,
1606,1,1606.0,0.0,32.0,32.0,0.3335371613502502,61.59514596220106,4258.45361328125,,,,,
1607,1,1607.0,0.0,32.0,32.0,0.1441573500633239,66.60376791842282,4013.5908203125,,,,,
1608,1,1608.0,0.0,32.0,32.0,0.2092236280441284,71.61366695072502,4580.71630859375,,,,,
1609,1,1609.0,0.0,32.0,32.0,0.0411455705761909,61.09477300196886,4013.5908203125,,,,,
1610,1,1610.0,0.0,32.0,32.0,0.3118691742420196,56.22658098582178,4013.5908203125,,,,,
1611,1,1611.0,0.0,32.0,32.0,0.0698511078953743,59.87820297013968,4078.7119140625,,,,,
1612,1,1612.0,0.0,32.0,32.0,0.1863179802894592,59.07622200902552,3915.1640625,,,,,
1613,1,1613.0,0.0,32.0,32.0,0.2448122799396515,65.15188806224614,4315.00048828125,,,,,
1614,1,1614.0,0.0,32.0,32.0,0.2425217032432556,72.28607404977083,4658.4052734375,,,,,
1615,1,1615.0,0.0,32.0,32.0,0.6238994598388672,67.91266403160989,4513.66650390625,,,,,
1616,1,1616.0,0.0,32.0,32.0,0.3040870130062103,65.11760095600039,4283.34423828125,,,,,
1617,1,1617.0,0.0,32.0,32.0,0.0290074236690998,64.06851997599006,4179.09716796875,,,,,
1618,1,1618.0,0.0,32.0,32.0,0.316891461610794,61.48751999717206,4384.43359375,,,,,
1619,1,1619.0,0.0,32.0,32.0,0.0502050705254077,67.81796307768673,4480.384765625,,,,,
1620,1,1620.0,0.0,32.0,32.0,0.0901493281126022,62.12706200312823,4078.7119140625,,,,,
1621,1,1621.0,0.0,32.0,32.0,0.280694305896759,59.54587901942432,3850.9638671875,,,,,
1622,1,1622.0,0.0,32.0,32.0,0.1953731179237365,70.02496195491403,4754.23046875,,,,,
1623,1,1623.0,0.0,32.0,32.0,0.0458413697779178,71.27390499226749,4580.71630859375,,,,,
1624,1,1624.0,0.0,32.0,32.0,0.2579088807106018,69.3144389661029,4544.76806640625,,,,,
1625,1,1625.0,0.0,32.0,32.0,0.3892773687839508,72.67428003251553,4754.23046875,,,,,
1626,1,1626.0,0.0,32.0,32.0,0.0576068274676799,73.40767001733184,5026.82568359375,,,,,
1627,1,1627.0,0.0,32.0,32.0,0.1349283754825592,69.18501702602953,4544.76806640625,,,,,
1628,1,1628.0,0.0,32.0,32.0,0.2056250125169754,63.69678897317499,4150.3505859375,,,,,
1629,1,1629.0,0.0,32.0,32.0,0.1637356132268905,62.35617108177394,4047.14111328125,,,,,
1630,1,1630.0,0.0,32.0,32.0,0.1143830195069313,63.284327974542975,4150.3505859375,,,,,
1631,1,1631.0,0.0,32.0,32.0,0.3396960496902466,70.15475607477129,4580.71630859375,,,,,
1632,1,1632.0,0.0,32.0,32.0,0.0554985404014587,61.51786004193127,4078.7119140625,,,,,
1633,1,1633.0,0.0,32.0,32.0,0.0976974964141845,58.89337591361255,4078.7119140625,,,,,
1634,1,1634.0,0.0,32.0,32.0,0.2183809280395507,62.52324290107936,4513.66650390625,,,,,
1635,1,1635.0,0.0,32.0,32.0,0.202772244811058,61.383956926874816,4078.7119140625,,,,,
1636,1,1636.0,0.0,32.0,32.0,0.0383211597800254,61.79892900399864,4213.84423828125,,,,,
1637,1,1637.0,0.0,32.0,32.0,0.0334028378129005,63.2380039896816,4179.09716796875,,,,,
1638,1,1638.0,0.0,32.0,32.0,0.6636301875114441,59.99743891879916,4078.7119140625,,,,,
1639,1,1639.0,0.0,32.0,32.0,0.0662186667323112,58.7886479916051,4078.7119140625,,,,,
1640,1,1640.0,0.0,32.0,32.0,0.2444709241390228,63.3096219971776,4283.34423828125,,,,,
1641,1,1641.0,0.0,32.0,32.0,0.0496711432933807,64.59806498605758,4283.34423828125,,,,,
1642,1,1642.0,0.0,32.0,32.0,0.1174585297703743,61.94747402332723,4078.7119140625,,,,,
1643,1,1643.0,0.0,32.0,32.0,0.0893246084451675,52.39768803585321,3887.11962890625,,,,,
1644,1,1644.0,0.0,32.0,32.0,0.4117684960365295,63.025646028108895,4258.45361328125,,,,,
1645,1,1645.0,0.0,32.0,32.0,0.1517647355794906,64.94987790938467,4258.45361328125,,,,,
1646,1,1646.0,0.0,32.0,32.0,0.0757649391889572,64.1482740174979,4283.34423828125,,,,,
1647,1,1647.0,0.0,32.0,32.0,0.1209743469953537,62.42066994309425,4213.84423828125,,,,,
1648,1,1648.0,0.0,32.0,32.0,0.3282049596309662,70.25408104527742,4567.0,,,,,
1649,1,1649.0,0.0,32.0,32.0,0.0709680020809173,59.284511022269726,3850.9638671875,,,,,
1650,1,1650.0,0.0,32.0,32.0,0.053436666727066,62.63544398825616,4213.84423828125,,,,,
1651,1,1651.0,0.0,32.0,32.0,0.1666562855243683,59.02844900265336,4283.34423828125,,,,,
1652,1,1652.0,0.0,32.0,32.0,0.0872949361801147,64.8506679572165,4315.00048828125,,,,,
1653,1,1653.0,0.0,32.0,32.0,0.3019715845584869,66.92128803115338,4315.00048828125,,,,,
1654,1,1654.0,0.0,32.0,32.0,0.1971210241317749,62.85126495640725,4150.3505859375,,,,,
1655,1,1655.0,0.0,32.0,32.0,0.2101778239011764,59.78185101412237,4078.7119140625,,,,,
1656,1,1656.0,0.0,32.0,32.0,0.1496189087629318,65.44586003292352,4513.66650390625,,,,,
1657,1,1657.0,0.0,32.0,32.0,0.0819315761327743,73.7605249742046,4754.23046875,,,,,
1658,1,1658.0,0.0,32.0,32.0,0.1592427194118499,59.85543900169432,3887.11962890625,,,,,
1659,1,1659.0,0.0,32.0,32.0,0.1748226284980774,59.44771901704371,4384.43359375,,,,,
1660,1,1660.0,0.0,32.0,32.0,0.1409419924020767,61.12513295374811,4013.5908203125,,,,,
1661,1,1661.0,0.0,32.0,32.0,0.2436215579509735,66.47814193274826,4384.43359375,,,,,
1662,1,1662.0,0.0,32.0,32.0,0.1718494147062301,71.06569001916796,4567.0,,,,,
1663,1,1663.0,0.0,32.0,32.0,0.0804102718830108,64.08320809714496,4047.14111328125,,,,,
1664,1,1664.0,0.0,32.0,32.0,0.2881238460540771,65.3016729047522,4345.8486328125,,,,,
1665,1,1665.0,0.0,32.0,32.0,0.0307647064328193,64.79869794566184,4179.09716796875,,,,,
1666,1,1666.0,0.0,32.0,32.0,0.0586401708424091,64.40994294825941,4345.8486328125,,,,,
1667,1,1667.0,0.0,32.0,32.0,0.0161274708807468,58.79184394143522,4213.84423828125,,,,,
1668,1,1668.0,0.0,32.0,32.0,0.1289426386356353,60.42578199412674,4078.7119140625,,,,,
1669,1,1669.0,0.0,32.0,32.0,0.1354151666164398,69.30313189513981,4633.79638671875,,,,,
1670,1,1670.0,0.0,32.0,32.0,0.5160877108573914,64.7254450013861,4213.84423828125,,,,,
1671,1,1671.0,0.0,32.0,32.0,0.0572158992290496,72.0562570495531,4729.970703125,,,,,
1672,1,1672.0,0.0,32.0,32.0,0.2668945789337158,68.54797492269427,4401.24365234375,,,,,
1673,1,1673.0,0.0,32.0,32.0,0.3198541700839996,63.74763906933367,4213.84423828125,,,,,
1674,1,1674.0,0.0,32.0,32.0,0.3079743981361389,65.3023860650137,4384.43359375,,,,,
1675,1,1675.0,0.0,32.0,32.0,0.5595091581344604,60.57724601123482,4258.45361328125,,,,,
1676,1,1676.0,0.0,32.0,32.0,0.0215785466134548,72.55701592657715,4754.23046875,,,,,
1677,1,1677.0,0.0,32.0,32.0,0.1521034240722656,66.44592597149312,4213.84423828125,,,,,
1678,1,1678.0,0.0,32.0,32.0,0.5760945081710815,65.35083905328065,4345.8486328125,,,,,
1679,1,1679.0,0.0,32.0,32.0,0.1518836021423339,62.70713801495731,4096.28125,,,,,
1680,1,1680.0,0.0,32.0,32.0,0.2686983346939087,63.43306507915258,4179.09716796875,,,,,
1681,1,1681.0,0.0,32.0,32.0,0.2625471949577331,64.60375001188368,4179.09716796875,,,,,
1682,1,1682.0,0.0,32.0,32.0,0.1280402094125747,67.01081106439233,4480.384765625,,,,,
1683,1,1683.0,0.0,32.0,32.0,0.0537658296525478,55.53465301636607,4078.7119140625,,,,,
1684,1,1684.0,0.0,32.0,32.0,0.0776179730892181,62.96107603702694,4345.8486328125,,,,,
1685,1,1685.0,0.0,32.0,32.0,0.3158661723136902,66.76940701436251,4384.43359375,,,,,
1686,1,1686.0,0.0,32.0,32.0,0.2460131347179412,64.91173303220421,4096.28125,,,,,
1687,1,1687.0,0.0,32.0,32.0,0.4991616010665893,61.57572299707681,4047.14111328125,,,,,
1688,1,1688.0,0.0,32.0,32.0,0.2324104756116867,66.32427405565977,4401.24365234375,,,,,
1689,1,1689.0,0.0,32.0,32.0,0.0510714314877986,61.05375103652477,3995.3720703125,,,,,
1690,1,1690.0,0.0,32.0,32.0,0.423020988702774,70.61805599369109,4567.0,,,,,
1691,1,1691.0,0.0,32.0,32.0,0.4658238887786865,59.59107994567603,4047.14111328125,,,,,
1692,1,1692.0,0.0,32.0,32.0,0.1217399910092353,66.3127179723233,4384.43359375,,,,,
1693,1,1693.0,0.0,32.0,32.0,0.059103287756443,67.43451894726604,4384.43359375,,,,,
1694,1,1694.0,0.0,32.0,32.0,0.3027196824550628,58.56893805321306,3887.11962890625,,,,,
1695,1,1695.0,0.0,32.0,32.0,0.113877348601818,58.649459038861096,3947.388671875,,,,,
1696,1,1696.0,0.0,32.0,32.0,0.1240085810422897,62.22593795973808,4047.14111328125,,,,,
1697,1,1697.0,0.0,32.0,32.0,0.1350285410881042,66.96413992904127,4480.384765625,,,,,
1698,1,1698.0,0.0,32.0,32.0,0.0728105306625366,70.88600692804903,4580.71630859375,,,,,
1699,1,1699.0,0.0,32.0,32.0,0.0698618441820144,64.10203303676099,4544.76806640625,,,,,
1700,1,1700.0,0.0,32.0,32.0,0.2888811230659485,61.12907896749675,3995.3720703125,,,,,
1701,1,1701.0,0.0,32.0,32.0,0.3404724299907684,64.26475499756634,4345.8486328125,,,,,
1702,1,1702.0,0.0,32.0,32.0,0.148157000541687,62.816148973070085,4013.5908203125,,,,,
1703,1,1703.0,0.0,32.0,32.0,0.0898319855332374,66.88812805805355,4513.66650390625,,,,,
1704,1,1704.0,0.0,32.0,32.0,0.0293698292225599,62.923490069806576,4150.3505859375,,,,,
1705,1,1705.0,0.0,32.0,32.0,0.1318036168813705,59.91031997837126,3947.388671875,,,,,
1706,1,1706.0,0.0,32.0,32.0,0.2348571270704269,66.62927404977381,4401.24365234375,,,,,
1707,1,1707.0,0.0,32.0,32.0,0.3795356750488281,62.72337504196912,4384.43359375,,,,,
1708,1,1708.0,0.0,32.0,32.0,0.1142565608024597,76.34741195943207,4891.20068359375,,,,,
1709,1,1709.0,0.0,32.0,32.0,0.1655913293361663,66.32153503596783,4315.00048828125,,,,,
1710,1,1710.0,0.0,32.0,32.0,0.4104431569576263,63.34422098007053,4213.84423828125,,,,,
1711,1,1711.0,0.0,32.0,32.0,0.2708867192268371,64.74244897253811,4345.8486328125,,,,,
1712,1,1712.0,0.0,32.0,32.0,0.6363322138786316,68.46161896828562,4544.76806640625,,,,,
1713,1,1713.0,0.0,32.0,32.0,0.0575074590742588,62.86297691985965,4096.28125,,,,,
1714,1,1714.0,0.0,32.0,32.0,0.2272991836071014,62.54672002978623,4150.3505859375,,,,,
1715,1,1715.0,0.0,32.0,32.0,0.0547875091433525,58.033431065268815,4179.09716796875,,,,,
1716,1,1716.0,0.0,32.0,32.0,0.1217091158032417,70.14800899196416,4567.0,,,,,
1717,1,1717.0,0.0,32.0,32.0,0.3589638769626617,59.468483086675406,3652.66943359375,,,,,
1718,1,1718.0,0.0,32.0,32.0,0.3974685668945312,61.721466947346926,4345.8486328125,,,,,
1719,1,1719.0,0.0,32.0,32.0,0.3364302217960357,65.24393800646067,4315.00048828125,,,,,
1720,1,1720.0,0.0,32.0,32.0,0.4093443751335144,63.75728000421077,4213.84423828125,,,,,
1721,1,1721.0,0.0,32.0,32.0,0.298472911119461,60.19198603462428,3915.1640625,,,,,
1722,1,1722.0,0.0,32.0,32.0,0.1957291811704635,59.31136501021683,4078.7119140625,,,,,
1723,1,1723.0,0.0,32.0,32.0,0.1446334719657898,61.38818489853293,4513.66650390625,,,,,
1724,1,1724.0,0.0,32.0,32.0,0.3160828649997711,63.07815294712782,4096.28125,,,,,
1725,1,1725.0,0.0,32.0,32.0,0.1854679882526397,66.94425200112164,4544.76806640625,,,,,
1726,1,1726.0,0.0,32.0,32.0,0.0907689854502677,65.08255389053375,4150.3505859375,,,,,
1727,1,1727.0,0.0,32.0,32.0,0.2048110216856002,64.78687596973032,4315.00048828125,,,,,
1728,1,1728.0,0.0,32.0,32.0,0.2655612826347351,64.82816592324525,4345.8486328125,,,,,
1729,1,1729.0,0.0,32.0,32.0,0.2325441539287567,67.08823004737496,4513.66650390625,,,,,
1730,1,1730.0,0.0,32.0,32.0,0.2122605443000793,71.39631791505963,4580.71630859375,,,,,
1731,1,1731.0,0.0,32.0,32.0,0.4815194308757782,54.08303602598608,3887.11962890625,,,,,
1732,1,1732.0,0.0,32.0,32.0,0.1637899279594421,61.34157907217741,4213.84423828125,,,,,
1733,1,1733.0,0.0,32.0,32.0,0.2688634693622589,61.32890097796917,4013.5908203125,,,,,
1734,1,1734.0,0.0,32.0,32.0,0.2533026933670044,65.09510206524283,4283.34423828125,,,,,
1735,1,1735.0,0.0,32.0,32.0,0.0882294625043869,65.17882097978145,4345.8486328125,,,,,
1736,1,1736.0,0.0,32.0,32.0,0.1274446249008178,60.78562699258328,3947.388671875,,,,,
1737,1,1737.0,0.0,32.0,32.0,0.178207665681839,63.56527504976839,4283.34423828125,,,,,
1738,1,1738.0,0.0,32.0,32.0,0.2452943623065948,64.66240505687892,4283.34423828125,,,,,
1739,1,1739.0,0.0,32.0,32.0,0.1805540323257446,68.60168697312474,4544.76806640625,,,,,
1740,1,1740.0,0.0,32.0,32.0,0.1157384365797042,62.44124996010214,4401.24365234375,,,,,
1741,1,1741.0,0.0,32.0,32.0,0.0443839356303215,70.5850679660216,4580.71630859375,,,,,
1742,1,1742.0,0.0,32.0,32.0,0.3036090135574341,63.046987052075565,4013.5908203125,,,,,
1743,1,1743.0,0.0,32.0,32.0,0.0872589945793151,69.3406380014494,4633.79638671875,,,,,
1744,1,1744.0,0.0,32.0,32.0,0.1331713497638702,79.07849701587111,4924.3115234375,,,,,
1745,1,1745.0,0.0,32.0,32.0,0.273577332496643,62.27883300743997,4078.7119140625,,,,,
1746,1,1746.0,0.0,32.0,32.0,0.2597945034503937,59.07900107558817,3995.3720703125,,,,,
1747,1,1747.0,0.0,32.0,32.0,0.2283985018730163,66.29131699446589,4384.43359375,,,,,
1748,1,1748.0,0.0,32.0,32.0,0.1323109120130539,58.38622699957341,4213.84423828125,,,,,
1749,1,1749.0,0.0,32.0,32.0,0.241038903594017,59.895472950302064,4078.7119140625,,,,,
1750,1,1750.0,0.0,32.0,32.0,0.3209975957870483,62.122034025378525,4213.84423828125,,,,,
1751,1,1751.0,0.0,32.0,32.0,0.0261518526822328,57.80320498161018,3781.083984375,,,,,
1752,1,1752.0,0.0,32.0,32.0,0.0254256762564182,68.43496102374047,4658.4052734375,,,,,
1753,1,1753.0,0.0,32.0,32.0,0.0523206777870655,67.34415306709707,4315.00048828125,,,,,
1754,1,1754.0,0.0,32.0,32.0,0.0854433178901672,68.59107501804829,4544.76806640625,,,,,
1755,1,1755.0,0.0,32.0,32.0,0.0686092525720596,58.35521197877824,3887.11962890625,,,,,
1756,1,1756.0,0.0,32.0,32.0,0.2048868834972381,55.2640319801867,4047.14111328125,,,,,
1757,1,1757.0,0.0,32.0,32.0,0.1221222877502441,63.978288089856505,4345.8486328125,,,,,
1758,1,1758.0,0.0,32.0,32.0,0.0819930881261825,65.85311191156507,4258.45361328125,,,,,
1759,1,1759.0,0.0,32.0,32.0,0.3750331699848175,63.7919349828735,4150.3505859375,,,,,
1760,1,1760.0,0.0,32.0,32.0,0.2725133895874023,70.04076009616256,4633.79638671875,,,,,
1761,1,1761.0,0.0,32.0,32.0,0.403175413608551,64.7655240027234,4150.3505859375,,,,,
1762,1,1762.0,0.0,32.0,32.0,0.0535727962851524,69.36049996875226,4567.0,,,,,
1763,1,1763.0,0.0,32.0,32.0,0.0192258488386869,64.06384008005261,4096.28125,,,,,
1764,1,1764.0,0.0,32.0,32.0,0.0722747892141342,59.930108953267336,4315.00048828125,,,,,
1765,1,1765.0,0.0,32.0,32.0,0.2734533548355102,61.75018905196339,3995.3720703125,,,,,
1766,1,1766.0,0.0,32.0,32.0,0.1113975197076797,61.88841094262898,4213.84423828125,,,,,
1767,1,1767.0,0.0,32.0,32.0,0.1763350665569305,64.15112991817296,4283.34423828125,,,,,
1768,1,1768.0,0.0,32.0,32.0,0.2822104394435882,60.34922890830785,4078.7119140625,,,,,
1769,1,1769.0,0.0,32.0,32.0,0.1079674661159515,65.79678400885314,4401.24365234375,,,,,
1770,1,1770.0,0.0,32.0,32.0,0.0887553095817565,74.02321195695549,4729.970703125,,,,,
1771,1,1771.0,0.0,32.0,32.0,0.2986675202846527,67.97894893679768,4513.66650390625,,,,,
1772,1,1772.0,0.0,32.0,32.0,0.0947592705488205,52.533423993736506,3834.9580078125,,,,,
1773,1,1773.0,0.0,32.0,32.0,0.1438278555870056,67.64310598373413,4544.76806640625,,,,,
1774,1,1774.0,0.0,32.0,32.0,0.1516759544610977,74.0123160649091,4787.39599609375,,,,,
1775,1,1775.0,0.0,32.0,32.0,0.3408642709255218,61.96958990767598,4078.7119140625,,,,,
1776,1,1776.0,0.0,32.0,32.0,0.4104556143283844,61.32188008632511,4096.28125,,,,,
1777,1,1777.0,0.0,32.0,32.0,0.1916331350803375,61.48186104837805,4047.14111328125,,,,,
1778,1,1778.0,0.0,32.0,32.0,0.2304620146751403,66.12583005335182,4384.43359375,,,,,
1779,1,1779.0,0.0,32.0,32.0,0.079747200012207,59.63896994944662,3915.1640625,,,,,
1780,1,1780.0,0.0,32.0,32.0,0.0778169780969619,65.15193404629827,4580.71630859375,,,,,
1781,1,1781.0,0.0,32.0,32.0,0.2390539348125457,66.70768908225,4315.00048828125,,,,,
1782,1,1782.0,0.0,32.0,32.0,0.1025077700614929,65.5629449756816,4315.00048828125,,,,,
1783,1,1783.0,0.0,32.0,32.0,0.1336122006177902,69.88415797241032,4567.0,,,,,
1784,1,1784.0,0.0,32.0,32.0,0.288798451423645,63.388393027707934,4013.5908203125,,,,,
1785,1,1785.0,0.0,32.0,32.0,0.1940290927886963,67.58694001473486,4544.76806640625,,,,,
1786,1,1786.0,0.0,32.0,32.0,0.1355737298727035,62.02071602456272,4078.7119140625,,,,,
1787,1,1787.0,0.0,32.0,32.0,0.3899608254432678,66.17785303387791,4480.384765625,,,,,
1788,1,1788.0,0.0,32.0,32.0,0.1717496514320373,59.50981692876667,4345.8486328125,,,,,
1789,1,1789.0,0.0,32.0,32.0,0.3565326929092407,65.22106798365712,4345.8486328125,,,,,
1790,1,1790.0,0.0,32.0,32.0,0.3403901755809784,63.319587032310665,4047.14111328125,,,,,
1791,1,1791.0,0.0,32.0,32.0,0.1239611655473709,65.90111507102847,4315.00048828125,,,,,
1792,1,1792.0,0.0,32.0,32.0,0.2109818160533905,64.28634794428945,4258.45361328125,,,,,
1793,1,1793.0,0.0,32.0,32.0,0.2990434169769287,63.625473994761705,4345.8486328125,,,,,
1794,1,1794.0,0.0,32.0,32.0,0.2703715562820434,72.20004103146493,4580.71630859375,,,,,
1795,1,1795.0,0.0,32.0,32.0,0.1502769887447357,65.80327800475061,4258.45361328125,,,,,
1796,1,1796.0,0.0,32.0,32.0,0.109575867652893,53.95258602220565,4078.7119140625,,,,,
1797,1,1797.0,0.0,32.0,32.0,0.1865851879119873,62.74119496811181,4258.45361328125,,,,,
1798,1,1798.0,0.0,32.0,32.0,0.0609505102038383,63.58267401810736,4047.14111328125,,,,,
1799,1,1799.0,0.0,32.0,32.0,0.2007049620151519,60.89028005953878,4078.7119140625,,,,,
1800,1,1800.0,0.0,32.0,32.0,0.1842926740646362,66.1899340339005,4401.24365234375,,,,,
1801,1,1801.0,0.0,32.0,32.0,0.1307703852653503,64.09608596004546,4283.34423828125,,,,,
1802,1,1802.0,0.0,32.0,32.0,0.3915270566940307,59.74313907790929,4078.7119140625,,,,,
1803,1,1803.0,0.0,32.0,32.0,0.0774789825081825,59.67570003122091,4013.5908203125,,,,,
1804,1,1804.0,0.0,32.0,32.0,0.137280061841011,68.16869298927486,4544.76806640625,,,,,
1805,1,1805.0,0.0,32.0,32.0,0.3811701536178589,61.03434402029961,4345.8486328125,,,,,
1806,1,1806.0,0.0,32.0,32.0,0.0671941339969635,61.079473001882434,3947.388671875,,,,,
1807,1,1807.0,0.0,32.0,32.0,0.0840049386024475,65.93149504624307,4480.384765625,,,,,
1808,1,1808.0,0.0,32.0,32.0,0.1474025696516037,71.60184800159186,4658.4052734375,,,,,
1809,1,1809.0,0.0,32.0,32.0,0.1397371441125869,70.57807699311525,4633.79638671875,,,,,
1810,1,1810.0,0.0,32.0,32.0,0.0782453864812851,67.42555892560631,4345.8486328125,,,,,
1811,1,1811.0,0.0,32.0,32.0,0.0743132978677749,67.02655192930251,4480.384765625,,,,,
1812,1,1812.0,0.0,32.0,32.0,0.0597089231014251,64.92020795121789,4345.8486328125,,,,,
1813,1,1813.0,0.0,32.0,32.0,0.3217251896858215,59.37365198042244,4179.09716796875,,,,,
1814,1,1814.0,0.0,32.0,32.0,0.2652300596237182,72.74764904286712,4754.23046875,,,,,
1815,1,1815.0,0.0,32.0,32.0,0.2852794229984283,73.16711300518364,4580.71630859375,,,,,
1816,1,1816.0,0.0,32.0,32.0,0.2191917300224304,65.51490293350071,4283.34423828125,,,,,
1817,1,1817.0,0.0,32.0,32.0,0.1658243536949157,62.38178792409599,4150.3505859375,,,,,
1818,1,1818.0,0.0,32.0,32.0,0.2156655937433242,65.97024004440755,4384.43359375,,,,,
1819,1,1819.0,0.0,32.0,32.0,0.3983740508556366,61.27917498815805,4078.7119140625,,,,,
1820,1,1820.0,0.0,32.0,32.0,0.3874114751815796,56.823048973456025,3850.9638671875,,,,,
1821,1,1821.0,0.0,32.0,32.0,0.2263668924570083,58.31368290819228,4401.24365234375,,,,,
1822,1,1822.0,0.0,32.0,32.0,0.0958353504538536,65.61908905860037,4384.43359375,,,,,
1823,1,1823.0,0.0,32.0,32.0,0.0505010262131691,63.59211902599782,4213.84423828125,,,,,
1824,1,1824.0,0.0,32.0,32.0,0.1676519513130188,74.33893100824207,4754.23046875,,,,,
1825,1,1825.0,0.0,32.0,32.0,0.1180934384465217,73.3497750479728,4729.970703125,,,,,
1826,1,1826.0,0.0,32.0,32.0,0.1019571721553802,63.32199403550476,4213.84423828125,,,,,
1827,1,1827.0,0.0,32.0,32.0,0.0663351565599441,66.63812499027699,4401.24365234375,,,,,
1828,1,1828.0,0.0,32.0,32.0,0.13381889462471,67.00416910462081,4401.24365234375,,,,,
1829,1,1829.0,0.0,32.0,32.0,0.0599905401468277,65.39615499787033,4633.79638671875,,,,,
1830,1,1830.0,0.0,32.0,32.0,0.2770421206951141,69.74113406613469,4513.66650390625,,,,,
1831,1,1831.0,0.0,32.0,32.0,0.1095542758703231,63.4182799840346,4150.3505859375,,,,,
1832,1,1832.0,0.0,32.0,32.0,0.203196108341217,66.74001691862941,4513.66650390625,,,,,
1833,1,1833.0,0.0,32.0,32.0,0.0471088290214538,61.537069035694,3947.388671875,,,,,
1834,1,1834.0,0.0,32.0,32.0,0.0252284184098243,64.79711306747049,4315.00048828125,,,,,
1835,1,1835.0,0.0,32.0,32.0,0.156845822930336,63.37269593495876,4179.09716796875,,,,,
1836,1,1836.0,0.0,32.0,32.0,0.2353331744670868,62.361860065720975,4096.28125,,,,,
1837,1,1837.0,0.0,32.0,32.0,0.129387080669403,65.17793401144445,4754.23046875,,,,,
1838,1,1838.0,0.0,32.0,32.0,0.0871087089180946,62.34014197252691,4078.7119140625,,,,,
1839,1,1839.0,0.0,32.0,32.0,0.0888564810156822,71.15611899644136,4729.970703125,,,,,
1840,1,1840.0,0.0,32.0,32.0,0.1193278729915618,64.34224604163319,4213.84423828125,,,,,
1841,1,1841.0,0.0,32.0,32.0,0.2787426114082336,59.62199904024601,4078.7119140625,,,,,
1842,1,1842.0,0.0,32.0,32.0,0.1217466667294502,59.43706992547959,3995.3720703125,,,,,
1843,1,1843.0,0.0,32.0,32.0,0.070533201098442,62.31614900752902,4013.5908203125,,,,,
1844,1,1844.0,0.0,32.0,32.0,0.1668166667222976,67.8994219051674,4513.66650390625,,,,,
1845,1,1845.0,0.0,32.0,32.0,0.1189828887581825,72.67394801601768,4924.3115234375,,,,,
1846,1,1846.0,0.0,32.0,32.0,0.2770232856273651,67.15122098103166,4384.43359375,,,,,
1847,1,1847.0,0.0,32.0,32.0,0.0744114369153976,65.65474101807922,4315.00048828125,,,,,
1848,1,1848.0,0.0,32.0,32.0,0.1961023807525634,64.59681305568665,4213.84423828125,,,,,
1849,1,1849.0,0.0,32.0,32.0,0.1478497385978698,72.02118902932853,4754.23046875,,,,,
1850,1,1850.0,0.0,32.0,32.0,0.3636488318443298,63.41089098714292,4047.14111328125,,,,,
1851,1,1851.0,0.0,32.0,32.0,0.1082911491394043,59.02715993579477,3915.1640625,,,,,
1852,1,1852.0,0.0,32.0,32.0,0.1479619443416595,62.88138905074448,4179.09716796875,,,,,
1853,1,1853.0,0.0,32.0,32.0,0.3313971757888794,66.06078904587775,4729.970703125,,,,,
1854,1,1854.0,0.0,32.0,32.0,0.068057119846344,64.50311199296266,4096.28125,,,,,
1855,1,1855.0,0.0,32.0,32.0,0.2673798501491546,65.2936069527641,4315.00048828125,,,,,
1856,1,1856.0,0.0,32.0,32.0,0.1897991746664047,60.12317701242864,4078.7119140625,,,,,
1857,1,1857.0,0.0,32.0,32.0,0.1318465620279312,61.78125005681068,4283.34423828125,,,,,
1858,1,1858.0,0.0,32.0,32.0,0.1667061746120453,65.48640294931829,4315.00048828125,,,,,
1859,1,1859.0,0.0,32.0,32.0,0.1647760868072509,60.803586966358125,4078.7119140625,,,,,
1860,1,1860.0,0.0,32.0,32.0,0.0891022384166717,64.32167591992766,4315.00048828125,,,,,
1861,1,1861.0,0.0,32.0,32.0,0.122356504201889,59.385981992818415,4213.84423828125,,,,,
1862,1,1862.0,0.0,32.0,32.0,0.168205589056015,61.71863398049027,4013.5908203125,,,,,
1863,1,1863.0,0.0,32.0,32.0,0.2212242931127548,66.90315005835146,4480.384765625,,,,,
1864,1,1864.0,0.0,32.0,32.0,0.4672701954841614,63.80962603725493,4150.3505859375,,,,,
1865,1,1865.0,0.0,32.0,32.0,0.2100703716278076,70.54559700191021,4633.79638671875,,,,,
1866,1,1866.0,0.0,32.0,32.0,0.3732994794845581,67.16391304507852,4384.43359375,,,,,
1867,1,1867.0,0.0,32.0,32.0,0.1399092674255371,67.09817005321383,4401.24365234375,,,,,
1868,1,1868.0,0.0,32.0,32.0,0.1332699507474899,64.9973739637062,4283.34423828125,,,,,
1869,1,1869.0,0.0,32.0,32.0,0.2145297229290008,58.851465000770986,4345.8486328125,,,,,
1870,1,1870.0,0.0,32.0,32.0,0.2124565243721008,61.45538098644465,4013.5908203125,,,,,
1871,1,1871.0,0.0,32.0,32.0,0.3218022584915161,76.0494110872969,4891.20068359375,,,,,
1872,1,1872.0,0.0,32.0,32.0,0.2071903347969055,74.92005405947566,4729.970703125,,,,,
1873,1,1873.0,0.0,32.0,32.0,0.1536006778478622,63.73597402125597,4345.8486328125,,,,,
1874,1,1874.0,0.0,32.0,32.0,0.1718693673610687,58.46535600721836,3794.548828125,,,,,
1875,1,1875.0,0.0,32.0,32.0,0.0813269689679145,64.98994305729866,4513.66650390625,,,,,
1876,1,1876.0,0.0,32.0,32.0,0.2550772726535797,58.79104288760573,3850.9638671875,,,,,
1877,1,1877.0,0.0,32.0,32.0,0.1470698416233062,60.62704301439226,4480.384765625,,,,,
1878,1,1878.0,0.0,32.0,32.0,0.0606753453612327,63.578843022696674,4150.3505859375,,,,,
1879,1,1879.0,0.0,32.0,32.0,0.0983740463852882,63.92654497176409,4179.09716796875,,,,,
1880,1,1880.0,0.0,32.0,32.0,0.5441418886184692,60.59216090943664,3995.3720703125,,,,,
1881,1,1881.0,0.0,32.0,32.0,0.1266968995332718,63.938541105017066,4283.34423828125,,,,,
1882,1,1882.0,0.0,32.0,32.0,0.2309232354164123,68.77999391872436,4544.76806640625,,,,,
1883,1,1883.0,0.0,32.0,32.0,0.1336519420146942,58.42579796444625,3850.9638671875,,,,,
1884,1,1884.0,0.0,32.0,32.0,0.2579213380813598,65.9573080483824,4513.66650390625,,,,,
1885,1,1885.0,0.0,32.0,32.0,0.1374405175447464,62.51217797398567,4480.384765625,,,,,
1886,1,1886.0,0.0,32.0,32.0,0.2139254510402679,69.36431000940502,4544.76806640625,,,,,
1887,1,1887.0,0.0,32.0,32.0,0.2155493646860122,61.75836303737015,3995.3720703125,,,,,
1888,1,1888.0,0.0,32.0,32.0,0.3081741333007812,63.33301402628422,4258.45361328125,,,,,
1889,1,1889.0,0.0,32.0,32.0,0.1469221115112304,64.19309007469565,4283.34423828125,,,,,
1890,1,1890.0,0.0,32.0,32.0,0.2013777643442154,60.51595997996628,3915.1640625,,,,,
1891,1,1891.0,0.0,32.0,32.0,0.5359634757041931,73.4988619806245,4754.23046875,,,,,
1892,1,1892.0,0.0,32.0,32.0,0.3508204817771911,70.4146430362016,4544.76806640625,,,,,
1893,1,1893.0,0.0,32.0,32.0,0.164299190044403,59.81199000962079,4258.45361328125,,,,,
1894,1,1894.0,0.0,32.0,32.0,0.1471484303474426,66.74983107950538,4513.66650390625,,,,,
1895,1,1895.0,0.0,32.0,32.0,0.3505459427833557,60.705352923832834,3834.9580078125,,,,,
1896,1,1896.0,0.0,32.0,32.0,0.2242360413074493,64.57056396175176,4480.384765625,,,,,
1897,1,1897.0,0.0,32.0,32.0,0.1476763486862182,59.13239601068199,3887.11962890625,,,,,
1898,1,1898.0,0.0,32.0,32.0,0.1244005188345909,64.2371530411765,4345.8486328125,,,,,
1899,1,1899.0,0.0,32.0,32.0,0.1495709717273712,70.68642799276859,4633.79638671875,,,,,
1900,1,1900.0,0.0,32.0,32.0,0.2434641271829605,64.70758409705013,4213.84423828125,,,,,
1901,1,1901.0,0.0,32.0,32.0,0.1977314352989196,64.27692505531013,4633.79638671875,,,,,
1902,1,1902.0,0.0,32.0,32.0,0.0809714645147323,67.93001899495721,4513.66650390625,,,,,
1903,1,1903.0,0.0,32.0,32.0,0.0913355723023414,60.85435010027141,4078.7119140625,,,,,
1904,1,1904.0,0.0,32.0,32.0,0.236712634563446,61.06889701914042,4150.3505859375,,,,,
1905,1,1905.0,0.0,32.0,32.0,0.2902460992336273,70.85313694551587,4658.4052734375,,,,,
1906,1,1906.0,0.0,32.0,32.0,0.1633888483047485,61.627911985851824,4078.7119140625,,,,,
1907,1,1907.0,0.0,32.0,32.0,0.4110285937786102,74.16357402689755,4891.20068359375,,,,,
1908,1,1908.0,0.0,32.0,32.0,0.3301957547664642,64.97798790223897,4179.09716796875,,,,,
1909,1,1909.0,0.0,32.0,32.0,0.2930864095687866,70.13968797400594,4866.47705078125,,,,,
1910,1,1910.0,0.0,32.0,32.0,0.0297269895672798,64.68562898226082,4179.09716796875,,,,,
1911,1,1911.0,0.0,32.0,32.0,0.1277760863304138,57.83831106964499,3850.9638671875,,,,,
1912,1,1912.0,0.0,32.0,32.0,0.2201459556818008,62.65541503671557,4283.34423828125,,,,,
1913,1,1913.0,0.0,32.0,32.0,0.6221280694007874,64.13378799334168,4150.3505859375,,,,,
1914,1,1914.0,0.0,32.0,32.0,0.3504474759101867,67.1235719928518,4401.24365234375,,,,,
1915,1,1915.0,0.0,32.0,32.0,0.0330483950674533,64.83424792531878,4315.00048828125,,,,,
1916,1,1916.0,0.0,32.0,32.0,0.1424068063497543,69.44394006859511,4567.0,,,,,
1917,1,1917.0,0.0,32.0,32.0,0.2698525190353393,72.82918400596827,4924.3115234375,,,,,
1918,1,1918.0,0.0,32.0,32.0,0.0434814468026161,64.79519209824502,4150.3505859375,,,,,
1919,1,1919.0,0.0,32.0,32.0,0.1184987500309944,61.18187599349767,4047.14111328125,,,,,
1920,1,1920.0,0.0,32.0,32.0,0.129392609000206,61.69269199017435,4047.14111328125,,,,,
1921,1,1921.0,0.0,32.0,32.0,0.1555308699607849,62.954259919933975,4150.3505859375,,,,,
1922,1,1922.0,0.0,32.0,32.0,0.1282469779253006,62.70001991651952,4096.28125,,,,,
1923,1,1923.0,0.0,32.0,32.0,0.2165277749300003,67.52905494067818,4513.66650390625,,,,,
1924,1,1924.0,0.0,32.0,32.0,0.1941938996315002,63.21567005943507,4047.14111328125,,,,,
1925,1,1925.0,0.0,32.0,32.0,0.2979681491851806,56.67561001610011,4096.28125,,,,,
1926,1,1926.0,0.0,32.0,32.0,0.152760162949562,67.3917670501396,4480.384765625,,,,,
1927,1,1927.0,0.0,32.0,32.0,0.0902449488639831,73.98690504487604,4812.3349609375,,,,,
1928,1,1928.0,0.0,32.0,32.0,0.1519908607006073,65.12390193529427,4213.84423828125,,,,,
1929,1,1929.0,0.0,32.0,32.0,0.099101185798645,65.18570892512798,4213.84423828125,,,,,
1930,1,1930.0,0.0,32.0,32.0,0.1365215182304382,67.610272904858,4544.76806640625,,,,,
1931,1,1931.0,0.0,32.0,32.0,0.1093089878559112,60.61705597676337,4078.7119140625,,,,,
1932,1,1932.0,0.0,32.0,32.0,0.1875266432762146,61.27940106671304,4047.14111328125,,,,,
1933,1,1933.0,0.0,32.0,32.0,0.0891461670398712,57.81880498398096,4213.84423828125,,,,,
1934,1,1934.0,0.0,32.0,32.0,0.2215672731399536,63.32213699351996,4150.3505859375,,,,,
1935,1,1935.0,0.0,32.0,32.0,0.2511141300201416,73.16421391442418,4754.23046875,,,,,
1936,1,1936.0,0.0,32.0,32.0,0.0918403565883636,67.95607693493366,4480.384765625,,,,,
1937,1,1937.0,0.0,32.0,32.0,0.0447198413312435,58.65217000246048,3834.9580078125,,,,,
1938,1,1938.0,0.0,32.0,32.0,0.1311058402061462,61.56436598394066,4096.28125,,,,,
1939,1,1939.0,0.0,32.0,32.0,0.3394784331321716,62.58877692744136,4213.84423828125,,,,,
1940,1,1940.0,0.0,32.0,32.0,0.3478156924247741,63.85490100365132,4258.45361328125,,,,,
1941,1,1941.0,0.0,32.0,32.0,0.3601831793785095,53.48786793183535,4078.7119140625,,,,,
1942,1,1942.0,0.0,32.0,32.0,0.2990330457687378,56.935201049782336,3850.9638671875,,,,,
1943,1,1943.0,0.0,32.0,32.0,0.1215825676918029,61.60576397087425,4213.84423828125,,,,,
1944,1,1944.0,0.0,32.0,32.0,0.2327139675617218,64.64833696372807,4345.8486328125,,,,,
1945,1,1945.0,0.0,32.0,32.0,0.0580216869711875,63.915536971762776,4096.28125,,,,,
1946,1,1946.0,0.0,32.0,32.0,0.0778051018714904,68.56489006895572,4480.384765625,,,,,
1947,1,1947.0,0.0,32.0,32.0,0.121869072318077,72.46019097510725,4729.970703125,,,,,
1948,1,1948.0,0.0,32.0,32.0,0.2447893768548965,66.56376307364553,4315.00048828125,,,,,
1949,1,1949.0,0.0,32.0,32.0,0.1515888571739196,60.346105019561946,4384.43359375,,,,,
1950,1,1950.0,0.0,32.0,32.0,0.2174425721168518,62.93085298966616,4150.3505859375,,,,,
1951,1,1951.0,0.0,32.0,32.0,0.0616457164287567,63.56196291744709,4213.84423828125,,,,,
1952,1,1952.0,0.0,32.0,32.0,0.3343805074691772,64.33595903217793,4150.3505859375,,,,,
1953,1,1953.0,0.0,32.0,32.0,0.2218221724033355,63.64967289846391,4258.45361328125,,,,,
1954,1,1954.0,0.0,32.0,32.0,0.2601227164268493,65.02734799869359,4315.00048828125,,,,,
1955,1,1955.0,0.0,32.0,32.0,0.064995601773262,64.41967794671655,4315.00048828125,,,,,
1956,1,1956.0,0.0,32.0,32.0,0.2613440454006195,65.11716905515641,4213.84423828125,,,,,
1957,1,1957.0,0.0,32.0,32.0,0.0773800015449523,62.15184694156051,4567.0,,,,,
1958,1,1958.0,0.0,32.0,32.0,0.0920965299010276,64.30568802170455,4179.09716796875,,,,,
1959,1,1959.0,0.0,32.0,32.0,0.0785034298896789,64.04035701416433,4258.45361328125,,,,,
1960,1,1960.0,0.0,32.0,32.0,0.05579774081707,67.86603503860533,4480.384765625,,,,,
1961,1,1961.0,0.0,32.0,32.0,0.127617061138153,71.1446600034833,4658.4052734375,,,,,
1962,1,1962.0,0.0,32.0,32.0,0.1995317339897155,66.8150041019544,4315.00048828125,,,,,
1963,1,1963.0,0.0,32.0,32.0,0.4081340432167053,74.55493696033955,4812.3349609375,,,,,
1964,1,1964.0,0.0,32.0,32.0,0.0154258422553539,68.10874794609845,4513.66650390625,,,,,
1965,1,1965.0,0.0,32.0,32.0,0.0128253791481256,65.15250797383487,4658.4052734375,,,,,
1966,1,1966.0,0.0,32.0,32.0,0.3177349865436554,66.56623003073037,4345.8486328125,,,,,
1967,1,1967.0,0.0,32.0,32.0,0.0304231718182563,64.99726499896497,4345.8486328125,,,,,
1968,1,1968.0,0.0,32.0,32.0,0.0624619200825691,64.15380106773227,4283.34423828125,,,,,
1969,1,1969.0,0.0,32.0,32.0,0.1536606252193451,69.35236405115575,4544.76806640625,,,,,
1970,1,1970.0,0.0,32.0,32.0,0.3682399988174438,72.55619997158647,4729.970703125,,,,,
1971,1,1971.0,0.0,32.0,32.0,0.0218303650617599,66.19266897905618,4315.00048828125,,,,,
1972,1,1972.0,0.0,32.0,32.0,0.5280402302742004,66.32720492780209,4384.43359375,,,,,
1973,1,1973.0,0.0,32.0,32.0,0.1127604842185974,55.36652798764408,3995.3720703125,,,,,
1974,1,1974.0,0.0,32.0,32.0,0.0146640008315444,63.199583906680346,4179.09716796875,,,,,
1975,1,1975.0,0.0,32.0,32.0,0.0775996670126915,75.39381505921483,4812.3349609375,,,,,
1976,1,1976.0,0.0,32.0,32.0,0.3889143764972687,63.44049097970128,4047.14111328125,,,,,
1977,1,1977.0,0.0,32.0,32.0,0.3344951570034027,65.43814507313073,4345.8486328125,,,,,
1978,1,1978.0,0.0,32.0,32.0,0.3264180421829223,72.51617591828108,4754.23046875,,,,,
1979,1,1979.0,0.0,32.0,32.0,0.3064352571964264,62.19473900273442,4013.5908203125,,,,,
1980,1,1980.0,0.0,32.0,32.0,0.4702016413211822,62.257197918370366,4047.14111328125,,,,,
1981,1,1981.0,0.0,32.0,32.0,0.1579427719116211,57.99776595085859,4258.45361328125,,,,,
1982,1,1982.0,0.0,32.0,32.0,0.3088508248329162,62.6277340343222,4150.3505859375,,,,,
1983,1,1983.0,0.0,32.0,32.0,0.0093452595174312,62.382633914239705,4096.28125,,,,,
1984,1,1984.0,0.0,32.0,32.0,0.3564842343330383,63.71345394290984,4283.34423828125,,,,,
1985,1,1985.0,0.0,32.0,32.0,0.1466004550457,77.29333604220301,4891.20068359375,,,,,
1986,1,1986.0,0.0,32.0,32.0,0.501341700553894,64.10932401195168,4047.14111328125,,,,,
1987,1,1987.0,0.0,32.0,32.0,0.2017721682786941,64.44581702817231,4258.45361328125,,,,,
1988,1,1988.0,0.0,32.0,32.0,0.2692808806896209,64.4385579507798,4283.34423828125,,,,,
1989,1,1989.0,0.0,32.0,32.0,0.41143798828125,61.36295094620437,4401.24365234375,,,,,
1990,1,1990.0,0.0,32.0,32.0,0.281170904636383,63.32846509758383,4213.84423828125,,,,,
1991,1,1991.0,0.0,32.0,32.0,0.0659530535340309,61.83595699258149,4013.5908203125,,,,,
1992,1,1992.0,0.0,32.0,32.0,0.2624813914299011,69.35982790309936,4544.76806640625,,,,,
1993,1,1993.0,0.0,32.0,32.0,0.0920145362615585,80.667664995417,5049.10595703125,,,,,
1994,1,1994.0,0.0,32.0,32.0,0.0882164239883422,66.11898296978325,4258.45361328125,,,,,
1995,1,1995.0,0.0,32.0,32.0,0.3414339423179626,67.9080740083009,4513.66650390625,,,,,
1996,1,1996.0,0.0,32.0,32.0,0.2572784125804901,71.56977208796889,4685.30810546875,,,,,
1997,1,1997.0,0.0,32.0,32.0,0.3178668618202209,55.84056291263551,3947.388671875,,,,,
1998,1,1998.0,0.0,32.0,32.0,0.1687144190073013,63.69511992670596,4179.09716796875,,,,,
1999,1,1999.0,0.0,32.0,32.0,0.1949127167463302,60.91669702436775,3947.388671875,,,,,
2000,1,2000.0,0.0,32.0,32.0,0.2414312660694122,63.75811097677797,4258.45361328125,,,,,
2001,1,2001.0,0.0,32.0,32.0,0.1803552508354187,63.51516197901219,4283.34423828125,,,,,
2002,1,2002.0,0.0,32.0,32.0,0.175682857632637,69.49410797096789,4258.45361328125,,,,,
2003,1,2003.0,0.0,32.0,32.0,0.3226688504219055,58.18287399597466,3834.9580078125,,,,,
2004,1,2004.0,0.0,32.0,32.0,0.1415472477674484,65.4123550048098,4480.384765625,,,,,
2005,1,2005.0,0.0,32.0,32.0,0.1128199025988578,59.43640507757664,4345.8486328125,,,,,
2006,1,2006.0,0.0,32.0,32.0,0.1098727881908416,63.627991010434926,4096.28125,,,,,
2007,1,2007.0,0.0,32.0,32.0,0.1412848383188247,64.53992903698236,4213.84423828125,,,,,
2008,1,2008.0,0.0,32.0,32.0,0.0749724581837654,64.98035392723978,4213.84423828125,,,,,
2009,1,2009.0,0.0,32.0,32.0,0.0794079303741455,66.91862805746496,4480.384765625,,,,,
2010,1,2010.0,0.0,32.0,32.0,0.3781329989433288,64.50015597511083,4258.45361328125,,,,,
2011,1,2011.0,0.0,32.0,32.0,0.38620725274086,68.08825896587223,4401.24365234375,,,,,
2012,1,2012.0,0.0,32.0,32.0,0.0969102904200553,60.58428308460861,4078.7119140625,,,,,
2013,1,2013.0,0.0,32.0,32.0,0.6315568685531616,52.04719095490873,3915.1640625,,,,,
2014,1,2014.0,0.0,32.0,32.0,0.2534612417221069,63.46357997972518,4345.8486328125,,,,,
2015,1,2015.0,0.0,32.0,32.0,0.2085946947336197,63.92374890856445,4150.3505859375,,,,,
2016,1,2016.0,0.0,32.0,32.0,0.0329816415905952,65.8632320119068,4401.24365234375,,,,,
2017,1,2017.0,0.0,32.0,32.0,0.0404226817190647,65.93182601500303,4258.45361328125,,,,,
2018,1,2018.0,0.0,32.0,32.0,0.1305955201387405,62.78089398983866,4096.28125,,,,,
2019,1,2019.0,0.0,32.0,32.0,0.3320580422878265,75.07464906666428,4866.47705078125,,,,,
2020,1,2020.0,0.0,32.0,32.0,0.0304273590445518,78.09260801877826,4924.3115234375,,,,,
2021,1,2021.0,0.0,32.0,32.0,0.0174806788563728,61.92741496488452,4513.66650390625,,,,,
2022,1,2022.0,0.0,32.0,32.0,0.3209278583526611,61.66429608128965,3995.3720703125,,,,,
2023,1,2023.0,0.0,32.0,32.0,0.328683078289032,71.59311708528548,4658.4052734375,,,,,
2024,1,2024.0,0.0,32.0,32.0,0.271073430776596,63.605459057725966,4013.5908203125,,,,,
2025,1,2025.0,0.0,32.0,32.0,0.1970633417367935,60.47316000331193,3947.388671875,,,,,
2026,1,2026.0,0.0,32.0,32.0,0.1001184433698654,59.88903401885182,3915.1640625,,,,,
2027,1,2027.0,0.0,32.0,32.0,0.0599604770541191,59.81166788842529,4078.7119140625,,,,,
2028,1,2028.0,0.0,32.0,32.0,0.1539272218942642,69.1329890396446,4580.71630859375,,,,,
2029,1,2029.0,0.0,32.0,32.0,0.2868961691856384,62.054296024143696,4384.43359375,,,,,
2030,1,2030.0,0.0,32.0,32.0,0.4262800216674804,69.81158803682774,4567.0,,,,,
2031,1,2031.0,0.0,32.0,32.0,0.3868343830108642,66.04612001683563,4150.3505859375,,,,,
2032,1,2032.0,0.0,32.0,32.0,0.1049729883670806,63.32676904276013,4150.3505859375,,,,,
2033,1,2033.0,0.0,32.0,32.0,0.329334020614624,59.104378102347255,4078.7119140625,,,,,
2034,1,2034.0,0.0,32.0,32.0,0.2590933740139007,60.387862962670624,4096.28125,,,,,
2035,1,2035.0,0.0,32.0,32.0,0.1241795644164085,58.16099094226957,3887.11962890625,,,,,
2036,1,2036.0,0.0,32.0,32.0,0.1824141144752502,63.82110202684999,4315.00048828125,,,,,
2037,1,2037.0,0.0,32.0,32.0,0.0776100605726242,59.31647098623216,4345.8486328125,,,,,
2038,1,2038.0,0.0,32.0,32.0,0.2280551195144653,60.77791296411306,3947.388671875,,,,,
2039,1,2039.0,0.0,32.0,32.0,0.210526168346405,68.67926998529583,4480.384765625,,,,,
2040,1,2040.0,0.0,32.0,32.0,0.0924333482980728,68.71651310939342,4513.66650390625,,,,,
2041,1,2041.0,0.0,32.0,32.0,0.1476402580738067,75.01123892143369,4787.39599609375,,,,,
2042,1,2042.0,0.0,32.0,32.0,0.1755459904670715,72.18758098315448,4729.970703125,,,,,
2043,1,2043.0,0.0,32.0,32.0,0.0769619047641754,72.57674005813897,4658.4052734375,,,,,
2044,1,2044.0,0.0,32.0,32.0,0.2660429775714874,59.45768905803561,3887.11962890625,,,,,
2045,1,2045.0,0.0,32.0,32.0,0.487173467874527,55.14010204933584,4213.84423828125,,,,,
2046,1,2046.0,0.0,32.0,32.0,0.0849311053752899,61.03751598857343,3947.388671875,,,,,
2047,1,2047.0,0.0,32.0,32.0,0.0338886864483356,66.86259992420673,4384.43359375,,,,,
2048,1,2048.0,0.0,32.0,32.0,0.2188630998134613,67.55129399243742,4480.384765625,,,,,
2049,1,2049.0,0.0,32.0,32.0,0.1703789234161377,63.25604801531881,4150.3505859375,,,,,
2050,1,2050.0,0.0,32.0,32.0,0.1720117032527923,77.85789493937045,4924.3115234375,,,,,
2051,1,2051.0,0.0,32.0,32.0,0.160750150680542,72.74716102983803,4580.71630859375,,,,,
2052,1,2052.0,0.0,32.0,32.0,0.21575528383255,66.73008506186306,4401.24365234375,,,,,
2053,1,2053.0,0.0,32.0,32.0,0.1443925350904464,57.21266590990126,4179.09716796875,,,,,
2054,1,2054.0,0.0,32.0,32.0,0.1913641542196273,67.08751001860946,4345.8486328125,,,,,
2055,1,2055.0,0.0,32.0,32.0,0.2914930582046509,63.44567995984107,4013.5908203125,,,,,
2056,1,2056.0,0.0,32.0,32.0,0.1910537183284759,59.38985606189817,3947.388671875,,,,,
2057,1,2057.0,0.0,32.0,32.0,0.0982115268707275,60.077708098106086,4013.5908203125,,,,,
2058,1,2058.0,0.0,32.0,32.0,0.1146779507398605,65.17604598775506,4283.34423828125,,,,,
2059,1,2059.0,0.0,32.0,32.0,0.2935856878757477,64.08592604566365,4258.45361328125,,,,,
2060,1,2060.0,0.0,32.0,32.0,0.2312055975198745,68.00057692453265,4401.24365234375,,,,,
2061,1,2061.0,0.0,32.0,32.0,0.2231594175100326,63.6790560092777,4633.79638671875,,,,,
2062,1,2062.0,0.0,32.0,32.0,0.0621710941195488,65.1348209939897,4150.3505859375,,,,,
2063,1,2063.0,0.0,32.0,32.0,0.2262752652168274,59.436333016492426,3915.1640625,,,,,
2064,1,2064.0,0.0,32.0,32.0,0.1229789406061172,63.04819800425321,4213.84423828125,,,,,
2065,1,2065.0,0.0,32.0,32.0,0.1304967701435089,66.8233260512352,4513.66650390625,,,,,
2066,1,2066.0,0.0,32.0,32.0,0.2070185542106628,63.98357904981822,4213.84423828125,,,,,
2067,1,2067.0,0.0,32.0,32.0,0.0478313453495502,61.05321203358472,3915.1640625,,,,,
2068,1,2068.0,0.0,32.0,32.0,0.1472366452217102,62.98128701746464,4179.09716796875,,,,,
2069,1,2069.0,0.0,32.0,32.0,0.0573527477681636,63.9565410092473,4567.0,,,,,
2070,1,2070.0,0.0,32.0,32.0,0.3303802013397217,65.63797197304666,4258.45361328125,,,,,
2071,1,2071.0,0.0,32.0,32.0,0.3069643676280975,66.20260095223784,4315.00048828125,,,,,
2072,1,2072.0,0.0,32.0,32.0,0.2367205768823623,69.95395198464394,4633.79638671875,,,,,
2073,1,2073.0,0.0,32.0,32.0,0.1223904117941856,72.46501394547522,4685.30810546875,,,,,
2074,1,2074.0,0.0,32.0,32.0,0.1798097193241119,64.43235103506595,4096.28125,,,,,
2075,1,2075.0,0.0,32.0,32.0,0.5924535989761353,63.028612989000976,4096.28125,,,,,
2076,1,2076.0,0.0,32.0,32.0,0.293695718050003,64.82808198779821,4283.34423828125,,,,,
2077,1,2077.0,0.0,32.0,32.0,0.0224134251475334,63.300620997324586,4633.79638671875,,,,,
2078,1,2078.0,0.0,32.0,32.0,0.0637611150741577,66.34161504916847,4315.00048828125,,,,,
2079,1,2079.0,0.0,32.0,32.0,0.0673646405339241,64.26259502768517,4213.84423828125,,,,,
2080,1,2080.0,0.0,32.0,32.0,0.2184882909059524,60.66544400528073,3947.388671875,,,,,
2081,1,2081.0,0.0,32.0,32.0,0.4506049752235412,67.53915594890714,4544.76806640625,,,,,
2082,1,2082.0,0.0,32.0,32.0,0.4431347250938415,61.04806694202125,4078.7119140625,,,,,
2083,1,2083.0,0.0,32.0,32.0,0.0766006112098693,60.96570403315127,4150.3505859375,,,,,
2084,1,2084.0,0.0,32.0,32.0,0.2314815372228622,63.63783695269376,4179.09716796875,,,,,
2085,1,2085.0,0.0,32.0,32.0,0.1859196275472641,56.18488392792642,4179.09716796875,,,,,
2086,1,2086.0,0.0,32.0,32.0,0.2095211744308471,70.4625309444964,4567.0,,,,,
2087,1,2087.0,0.0,32.0,32.0,0.348491907119751,71.31643104366958,4567.0,,,,,
2088,1,2088.0,0.0,32.0,32.0,0.2825345396995544,66.04136596433818,4258.45361328125,,,,,
2089,1,2089.0,0.0,32.0,32.0,0.2045079916715622,62.44118104223162,4150.3505859375,,,,,
2090,1,2090.0,0.0,32.0,32.0,0.2354976385831833,66.67538697365671,4480.384765625,,,,,
2091,1,2091.0,0.0,32.0,32.0,0.0693387538194656,65.67686598282307,4258.45361328125,,,,,
2092,1,2092.0,0.0,32.0,32.0,0.1028499603271484,67.5249210326001,4480.384765625,,,,,
2093,1,2093.0,0.0,32.0,32.0,0.2234481573104858,58.50961699616164,4283.34423828125,,,,,
2094,1,2094.0,0.0,32.0,32.0,0.2331391274929046,72.46145897079259,4685.30810546875,,,,,
2095,1,2095.0,0.0,32.0,32.0,0.1365144103765487,76.37193403206766,4891.20068359375,,,,,
2096,1,2096.0,0.0,32.0,32.0,0.1394900977611541,65.7967219594866,4345.8486328125,,,,,
2097,1,2097.0,0.0,32.0,32.0,0.156579852104187,61.8214049609378,4513.66650390625,,,,,
2098,1,2098.0,0.0,32.0,32.0,0.1363213509321212,66.7162979952991,4345.8486328125,,,,,
2099,1,2099.0,0.0,32.0,32.0,0.3149183988571167,66.4086960023269,4384.43359375,,,,,
2100,1,2100.0,0.0,32.0,32.0,0.3339344263076782,67.68367299810052,4513.66650390625,,,,,
2101,1,2101.0,0.0,32.0,32.0,0.1229956299066543,60.31251198146492,4345.8486328125,,,,,
2102,1,2102.0,0.0,32.0,32.0,0.1842988729476928,66.28006091341376,4401.24365234375,,,,,
2103,1,2103.0,0.0,32.0,32.0,0.0833630710840225,63.24946996755898,4047.14111328125,,,,,
2104,1,2104.0,0.0,32.0,32.0,0.0948013514280319,67.77832400985062,4480.384765625,,,,,
2105,1,2105.0,0.0,21.0,21.0,0.088417649269104,59.8340630531311,3490.87109375,,,,,
2105,1,,1.0,32.0,32.0,,59.8340630531311,3490.87109375,0.9346330275229358,0.1969097787514329,0.9608308957816746,0.1216152112338152,0.0261978682587388
