step,train/loss,train/gate0_triggered_blocks,train/gate0_considered_blocks,train/gate0_trigger_rate,train/pull_to_r_blocks,train/pull_to_R_blocks,train/pull_to_r_rate,train/pull_to_R_rate,train/alpha_pull_mean,train/single_vote_skipped_blocks,train/tau_N,train/tau_D,epoch,step_in_epoch,probe/is_eval,val/acc,val/loss,val/acc_r_only,val/loss_r_only,train/acc,train/loss_eval,gap/train_minus_val,train/acc_r_only,train/loss_r_only_eval,gap_r_only/train_minus_val_r_only
1,0.6503038704395294,47.0,74.0,0.6351351351351351,13.0,34.0,0.2765957446808511,0.723404255319149,0.1758673453629257,0.0,0.6,0.0038053,1,1,0.0,,,,,,,,,,
2,0.6078669279813766,42.0,74.0,0.5675675675675675,14.0,28.0,0.3333333333333333,0.6666666666666666,0.17422400290818968,0.0,0.6,0.0038053,1,2,0.0,,,,,,,,,,
3,0.6857552528381348,45.0,74.0,0.6081081081081081,13.0,32.0,0.28888888888888886,0.7111111111111111,0.1744657757338991,0.0,0.6,0.0038053,1,3,0.0,,,,,,,,,,
4,0.5970132201910019,55.0,74.0,0.7432432432432432,17.0,38.0,0.3090909090909091,0.6909090909090909,0.17596295651434038,0.0,0.6,0.0038053,1,4,0.0,,,,,,,,,,
5,0.6205143332481384,53.0,74.0,0.7162162162162162,12.0,41.0,0.22641509433962265,0.7735849056603774,0.17714592470515694,0.0,0.6,0.0038053,1,5,0.0,,,,,,,,,,
6,0.6498912274837494,44.0,74.0,0.5945945945945946,9.0,35.0,0.20454545454545456,0.7954545454545454,0.17584658629540134,0.0,0.6,0.0038053,1,6,0.0,,,,,,,,,,
7,0.6146866232156754,48.0,74.0,0.6486486486486487,10.0,38.0,0.20833333333333334,0.7916666666666666,0.17365777667328522,0.0,0.6,0.0038053,1,7,0.0,,,,,,,,,,
8,0.6600008606910706,48.0,74.0,0.6486486486486487,9.0,39.0,0.1875,0.8125,0.1746908720953505,0.0,0.6,0.0038053,1,8,0.0,,,,,,,,,,
9,0.6233091056346893,52.0,74.0,0.7027027027027027,14.0,38.0,0.2692307692307692,0.7307692307692307,0.17385726092753992,0.0,0.6,0.0038053,1,9,0.0,,,,,,,,,,
10,0.6275763511657715,48.0,74.0,0.6486486486486487,9.0,39.0,0.1875,0.8125,0.17527063463844858,0.0,0.6,0.0038053,1,10,0.0,,,,,,,,,,
11,0.5645331144332886,47.0,74.0,0.6351351351351351,22.0,25.0,0.46808510638297873,0.5319148936170213,0.17278545994247055,0.0,0.6,0.0038053,1,11,0.0,,,,,,,,,,
12,0.602033406496048,0.0,74.0,0.0,0.0,0.0,0.0,0.0,0.0,0.0,0.6,0.0038053,1,12,0.0,,,,,,,,,,
13,0.6631420627236366,43.0,74.0,0.581081081081081,8.0,35.0,0.18604651162790697,0.813953488372093,0.17658555439364182,0.0,0.6,0.0038053,1,13,0.0,,,,,,,,,,
14,0.6665562242269516,45.0,74.0,0.6081081081081081,10.0,35.0,0.2222222222222222,0.7777777777777778,0.17491381173587905,0.0,0.6,0.0038053,1,14,0.0,,,,,,,,,,
15,0.6119357049465179,44.0,74.0,0.5945945945945946,12.0,32.0,0.2727272727272727,0.7272727272727273,0.17579246081829675,0.0,0.6,0.0038053,1,15,0.0,,,,,,,,,,
16,0.7571214735507965,44.0,74.0,0.5945945945945946,14.0,30.0,0.3181818181818182,0.6818181818181818,0.1741985616232209,0.0,0.6,0.0038053,1,16,0.0,,,,,,,,,,
17,0.7219947129487991,45.0,74.0,0.6081081081081081,13.0,32.0,0.28888888888888886,0.7111111111111111,0.17491886428305137,0.0,0.6,0.0038053,1,17,0.0,,,,,,,,,,
18,0.5712368041276932,42.0,74.0,0.5675675675675675,13.0,29.0,0.30952380952380953,0.6904761904761905,0.17621488329989118,0.0,0.6,0.0038053,1,18,0.0,,,,,,,,,,
19,0.6030595302581787,44.0,74.0,0.5945945945945946,12.0,32.0,0.2727272727272727,0.7272727272727273,0.1744223218324391,0.0,0.6,0.0038053,1,19,0.0,,,,,,,,,,
20,0.733613982796669,45.0,74.0,0.6081081081081081,10.0,35.0,0.2222222222222222,0.7777777777777778,0.17459916570375394,0.0,0.6,0.0038053,1,20,0.0,,,,,,,,,,
21,0.625893846154213,46.0,74.0,0.6216216216216216,17.0,29.0,0.3695652173913043,0.6304347826086957,0.17492656722033023,0.0,0.6,0.0038053,1,21,0.0,,,,,,,,,,
22,0.6155089139938354,44.0,74.0,0.5945945945945946,9.0,35.0,0.20454545454545456,0.7954545454545454,0.17617708415182667,0.0,0.6,0.0038053,1,22,0.0,,,,,,,,,,
23,0.6424725204706192,44.0,74.0,0.5945945945945946,11.0,33.0,0.25,0.75,0.17478386019348677,0.0,0.6,0.0038053,1,23,0.0,,,,,,,,,,
24,0.6358421444892883,44.0,74.0,0.5945945945945946,13.0,31.0,0.29545454545454547,0.7045454545454546,0.17537057970856654,0.0,0.6,0.0038053,1,24,0.0,,,,,,,,,,
25,0.6184366643428802,30.0,74.0,0.40540540540540543,6.0,24.0,0.2,0.8,0.17742605764272418,0.0,0.6,0.0038053,1,25,0.0,,,,,,,,,,
26,0.5998623818159103,43.0,74.0,0.581081081081081,10.0,33.0,0.23255813953488372,0.7674418604651163,0.17355610818080724,0.0,0.6,0.0038053,1,26,0.0,,,,,,,,,,
27,0.6177734583616257,43.0,74.0,0.581081081081081,12.0,31.0,0.27906976744186046,0.7209302325581395,0.17651748510186513,0.0,0.6,0.0038053,1,27,0.0,,,,,,,,,,
28,0.6012516096234322,34.0,74.0,0.4594594594594595,6.0,28.0,0.17647058823529413,0.8235294117647058,0.17723314186478611,0.0,0.6,0.0038053,1,28,0.0,,,,,,,,,,
29,0.6508841514587402,40.0,74.0,0.5405405405405406,11.0,29.0,0.275,0.725,0.17359061198716702,0.0,0.6,0.0038053,1,29,0.0,,,,,,,,,,
30,0.644424095749855,41.0,74.0,0.5540540540540541,10.0,31.0,0.24390243902439024,0.7560975609756098,0.17642434085990522,0.0,0.6,0.0038053,1,30,0.0,,,,,,,,,,
31,0.5344171226024628,32.0,74.0,0.43243243243243246,9.0,23.0,0.28125,0.71875,0.17431104318980517,0.0,0.6,0.0038053,1,31,0.0,,,,,,,,,,
32,0.6070020496845245,32.0,74.0,0.43243243243243246,6.0,26.0,0.1875,0.8125,0.17611358693601428,0.0,0.6,0.0038053,1,32,0.0,,,,,,,,,,
33,0.4924679324030876,27.0,74.0,0.36486486486486486,5.0,22.0,0.18518518518518517,0.8148148148148148,0.17705452033684185,0.0,0.6,0.0038053,1,33,0.0,,,,,,,,,,
34,0.6308363974094391,27.0,74.0,0.36486486486486486,8.0,19.0,0.2962962962962963,0.7037037037037037,0.17405763277395186,0.0,0.6,0.0038053,1,34,0.0,,,,,,,,,,
35,0.586639791727066,29.0,74.0,0.3918918918918919,8.0,21.0,0.27586206896551724,0.7241379310344828,0.17427440580708248,0.0,0.6,0.0038053,1,35,0.0,,,,,,,,,,
36,0.6648835837841034,23.0,74.0,0.3108108108108108,6.0,17.0,0.2608695652173913,0.7391304347826086,0.17467031970618704,0.0,0.6,0.0038053,1,36,0.0,,,,,,,,,,
37,0.6343877762556076,11.0,74.0,0.14864864864864866,1.0,10.0,0.09090909090909091,0.9090909090909091,0.17686159213323488,0.0,0.6,0.0038053,1,37,0.0,,,,,,,,,,
38,0.7016754746437073,14.0,74.0,0.1891891891891892,2.0,12.0,0.14285714285714285,0.8571428571428571,0.17722365389065803,0.0,0.6,0.0038053,1,38,0.0,,,,,,,,,,
39,0.6334050223231316,21.0,74.0,0.28378378378378377,6.0,15.0,0.2857142857142857,0.7142857142857143,0.1748662422402526,0.0,0.6,0.0038053,1,39,0.0,,,,,,,,,,
40,0.7065838277339935,9.0,74.0,0.12162162162162163,5.0,4.0,0.5555555555555556,0.4444444444444444,0.17102151590147965,0.0,0.6,0.0038053,1,40,0.0,,,,,,,,,,
41,0.588027760386467,11.0,74.0,0.14864864864864866,4.0,7.0,0.36363636363636365,0.6363636363636364,0.17450001803028628,0.0,0.6,0.0038053,1,41,0.0,,,,,,,,,,
42,0.7089151293039322,6.0,74.0,0.08108108108108109,0.0,6.0,0.0,1.0,0.17504365329897942,0.0,0.6,0.0038053,1,42,0.0,,,,,,,,,,
43,0.7740356028079987,0.0,74.0,0.0,0.0,0.0,0.0,0.0,0.0,0.0,0.6,0.0038053,1,43,0.0,,,,,,,,,,
44,0.640574723482132,0.0,74.0,0.0,0.0,0.0,0.0,0.0,0.0,0.0,0.6,0.0038053,1,44,0.0,,,,,,,,,,
45,0.6429894417524338,0.0,74.0,0.0,0.0,0.0,0.0,0.0,0.0,0.0,0.6,0.0038053,1,45,0.0,,,,,,,,,,
46,0.6335092037916183,0.0,74.0,0.0,0.0,0.0,0.0,0.0,0.0,0.0,0.6,0.0038053,1,46,0.0,,,,,,,,,,
47,0.5793437361717224,0.0,74.0,0.0,0.0,0.0,0.0,0.0,0.0,0.0,0.6,0.0038053,1,47,0.0,,,,,,,,,,
48,0.6224671602249146,0.0,74.0,0.0,0.0,0.0,0.0,0.0,0.0,0.0,0.6,0.0038053,1,48,0.0,,,,,,,,,,
49,0.6620653122663498,0.0,74.0,0.0,0.0,0.0,0.0,0.0,0.0,0.0,0.6,0.0038053,1,49,0.0,,,,,,,,,,
50,0.6172762513160706,0.0,74.0,0.0,0.0,0.0,0.0,0.0,0.0,0.0,0.6,0.0038053,1,50,0.0,,,,,,,,,,
51,0.7418540567159653,0.0,74.0,0.0,0.0,0.0,0.0,0.0,0.0,0.0,0.6,0.0038053,1,51,0.0,,,,,,,,,,
52,0.5699860006570816,0.0,74.0,0.0,0.0,0.0,0.0,0.0,0.0,0.0,0.6,0.0038053,1,52,0.0,,,,,,,,,,
53,0.5918609648942947,0.0,74.0,0.0,0.0,0.0,0.0,0.0,0.0,0.0,0.6,0.0038053,1,53,0.0,,,,,,,,,,
54,0.6044545322656631,0.0,74.0,0.0,0.0,0.0,0.0,0.0,0.0,0.0,0.6,0.0038053,1,54,0.0,,,,,,,,,,
55,0.5336589068174362,0.0,74.0,0.0,0.0,0.0,0.0,0.0,0.0,0.0,0.6,0.0038053,1,55,0.0,,,,,,,,,,
56,0.5085460618138313,0.0,74.0,0.0,0.0,0.0,0.0,0.0,0.0,0.0,0.6,0.0038053,1,56,0.0,,,,,,,,,,
57,0.6676857173442841,0.0,74.0,0.0,0.0,0.0,0.0,0.0,0.0,0.0,0.6,0.0038053,1,57,0.0,,,,,,,,,,
58,0.5075905993580818,0.0,74.0,0.0,0.0,0.0,0.0,0.0,0.0,0.0,0.6,0.0038053,1,58,0.0,,,,,,,,,,
59,0.6213106960058212,0.0,74.0,0.0,0.0,0.0,0.0,0.0,0.0,0.0,0.6,0.0038053,1,59,0.0,,,,,,,,,,
60,0.5837427452206612,0.0,74.0,0.0,0.0,0.0,0.0,0.0,0.0,0.0,0.6,0.0038053,1,60,0.0,,,,,,,,,,
61,0.516070045530796,0.0,74.0,0.0,0.0,0.0,0.0,0.0,0.0,0.0,0.6,0.0038053,1,61,0.0,,,,,,,,,,
62,0.5728912353515625,0.0,74.0,0.0,0.0,0.0,0.0,0.0,0.0,0.0,0.6,0.0038053,1,62,0.0,,,,,,,,,,
63,0.5444914400577545,0.0,74.0,0.0,0.0,0.0,0.0,0.0,0.0,0.0,0.6,0.0038053,1,63,0.0,,,,,,,,,,
64,0.6087393015623093,0.0,74.0,0.0,0.0,0.0,0.0,0.0,0.0,0.0,0.6,0.0038053,1,64,0.0,,,,,,,,,,
65,0.6051812171936035,0.0,74.0,0.0,0.0,0.0,0.0,0.0,0.0,0.0,0.6,0.0038053,1,65,0.0,,,,,,,,,,
66,0.5903735235333443,0.0,74.0,0.0,0.0,0.0,0.0,0.0,0.0,0.0,0.6,0.0038053,1,66,0.0,,,,,,,,,,
67,0.6530631184577942,0.0,74.0,0.0,0.0,0.0,0.0,0.0,0.0,0.0,0.6,0.0038053,1,67,0.0,,,,,,,,,,
68,0.5963793843984604,0.0,74.0,0.0,0.0,0.0,0.0,0.0,0.0,0.0,0.6,0.0038053,1,68,0.0,,,,,,,,,,
69,0.5817810520529747,0.0,74.0,0.0,0.0,0.0,0.0,0.0,0.0,0.0,0.6,0.0038053,1,69,0.0,,,,,,,,,,
70,0.6213674694299698,0.0,74.0,0.0,0.0,0.0,0.0,0.0,0.0,0.0,0.6,0.0038053,1,70,0.0,,,,,,,,,,
71,0.5731508061289787,0.0,74.0,0.0,0.0,0.0,0.0,0.0,0.0,0.0,0.6,0.0038053,1,71,0.0,,,,,,,,,,
72,0.5734757035970688,0.0,74.0,0.0,0.0,0.0,0.0,0.0,0.0,0.0,0.6,0.0038053,1,72,0.0,,,,,,,,,,
73,0.5315493047237396,0.0,74.0,0.0,0.0,0.0,0.0,0.0,0.0,0.0,0.6,0.0038053,1,73,0.0,,,,,,,,,,
74,0.6954392194747925,0.0,74.0,0.0,0.0,0.0,0.0,0.0,0.0,0.0,0.6,0.0038053,1,74,0.0,,,,,,,,,,
75,0.6488421112298965,0.0,74.0,0.0,0.0,0.0,0.0,0.0,0.0,0.0,0.6,0.0038053,1,75,0.0,,,,,,,,,,
76,0.6170802116394043,0.0,74.0,0.0,0.0,0.0,0.0,0.0,0.0,0.0,0.6,0.0038053,1,76,0.0,,,,,,,,,,
77,0.5609639957547188,0.0,74.0,0.0,0.0,0.0,0.0,0.0,0.0,0.0,0.6,0.0038053,1,77,0.0,,,,,,,,,,
78,0.513605073094368,0.0,74.0,0.0,0.0,0.0,0.0,0.0,0.0,0.0,0.6,0.0038053,1,78,0.0,,,,,,,,,,
79,0.5757595896720886,0.0,74.0,0.0,0.0,0.0,0.0,0.0,0.0,0.0,0.6,0.0038053,1,79,0.0,,,,,,,,,,
80,0.6538242548704147,0.0,74.0,0.0,0.0,0.0,0.0,0.0,0.0,0.0,0.6,0.0038053,1,80,0.0,,,,,,,,,,
81,0.45917659997940063,0.0,74.0,0.0,0.0,0.0,0.0,0.0,0.0,0.0,0.6,0.0038053,1,81,0.0,,,,,,,,,,
82,0.5297791212797165,0.0,74.0,0.0,0.0,0.0,0.0,0.0,0.0,0.0,0.6,0.0038053,1,82,0.0,,,,,,,,,,
83,0.5316577181220055,0.0,74.0,0.0,0.0,0.0,0.0,0.0,0.0,0.0,0.6,0.0038053,1,83,0.0,,,,,,,,,,
84,0.5729864686727524,0.0,74.0,0.0,0.0,0.0,0.0,0.0,0.0,0.0,0.6,0.0038053,1,84,0.0,,,,,,,,,,
85,0.5480539351701736,0.0,74.0,0.0,0.0,0.0,0.0,0.0,0.0,0.0,0.6,0.0038053,1,85,0.0,,,,,,,,,,
86,0.5016647502779961,0.0,74.0,0.0,0.0,0.0,0.0,0.0,0.0,0.0,0.6,0.0038053,1,86,0.0,,,,,,,,,,
87,0.6911541521549225,0.0,74.0,0.0,0.0,0.0,0.0,0.0,0.0,0.0,0.6,0.0038053,1,87,0.0,,,,,,,,,,
88,0.5015260353684425,0.0,74.0,0.0,0.0,0.0,0.0,0.0,0.0,0.0,0.6,0.0038053,1,88,0.0,,,,,,,,,,
89,0.6240619719028473,0.0,74.0,0.0,0.0,0.0,0.0,0.0,0.0,0.0,0.6,0.0038053,1,89,0.0,,,,,,,,,,
90,0.4983164370059967,0.0,74.0,0.0,0.0,0.0,0.0,0.0,0.0,0.0,0.6,0.0038053,1,90,0.0,,,,,,,,,,
91,0.552166260778904,0.0,74.0,0.0,0.0,0.0,0.0,0.0,0.0,0.0,0.6,0.0038053,1,91,0.0,,,,,,,,,,
92,0.576243944466114,0.0,74.0,0.0,0.0,0.0,0.0,0.0,0.0,0.0,0.6,0.0038053,1,92,0.0,,,,,,,,,,
93,0.44775309413671494,0.0,74.0,0.0,0.0,0.0,0.0,0.0,0.0,0.0,0.6,0.0038053,1,93,0.0,,,,,,,,,,
94,0.5352626442909241,0.0,74.0,0.0,0.0,0.0,0.0,0.0,0.0,0.0,0.6,0.0038053,1,94,0.0,,,,,,,,,,
95,0.5708577707409859,0.0,74.0,0.0,0.0,0.0,0.0,0.0,0.0,0.0,0.6,0.0038053,1,95,0.0,,,,,,,,,,
96,0.4818147271871567,0.0,74.0,0.0,0.0,0.0,0.0,0.0,0.0,0.0,0.6,0.0038053,1,96,0.0,,,,,,,,,,
97,0.4228303134441376,0.0,74.0,0.0,0.0,0.0,0.0,0.0,0.0,0.0,0.6,0.0038053,1,97,0.0,,,,,,,,,,
98,0.3728228285908699,0.0,74.0,0.0,0.0,0.0,0.0,0.0,0.0,0.0,0.6,0.0038053,1,98,0.0,,,,,,,,,,
99,0.4902166426181793,0.0,74.0,0.0,0.0,0.0,0.0,0.0,0.0,0.0,0.6,0.0038053,1,99,0.0,,,,,,,,,,
100,0.4782867729663849,0.0,74.0,0.0,0.0,0.0,0.0,0.0,0.0,0.0,0.6,0.0038053,1,100,0.0,,,,,,,,,,
101,0.3938080742955208,0.0,74.0,0.0,0.0,0.0,0.0,0.0,0.0,0.0,0.6,0.0038053,1,101,0.0,,,,,,,,,,
102,0.6972978115081787,0.0,74.0,0.0,0.0,0.0,0.0,0.0,0.0,0.0,0.6,0.0038053,1,102,0.0,,,,,,,,,,
103,0.39194026589393616,0.0,74.0,0.0,0.0,0.0,0.0,0.0,0.0,0.0,0.6,0.0038053,1,103,0.0,,,,,,,,,,
104,0.40142902731895447,0.0,74.0,0.0,0.0,0.0,0.0,0.0,0.0,0.0,0.6,0.0038053,1,104,0.0,,,,,,,,,,
105,0.47269586473703384,0.0,74.0,0.0,0.0,0.0,0.0,0.0,0.0,0.0,0.6,0.0038053,1,105,0.0,,,,,,,,,,
106,0.5798130333423615,0.0,74.0,0.0,0.0,0.0,0.0,0.0,0.0,0.0,0.6,0.0038053,1,106,0.0,,,,,,,,,,
107,0.39176445454359055,0.0,74.0,0.0,0.0,0.0,0.0,0.0,0.0,0.0,0.6,0.0038053,1,107,0.0,,,,,,,,,,
108,0.4591369479894638,0.0,74.0,0.0,0.0,0.0,0.0,0.0,0.0,0.0,0.6,0.0038053,1,108,0.0,,,,,,,,,,
109,0.3667134456336498,0.0,74.0,0.0,0.0,0.0,0.0,0.0,0.0,0.0,0.6,0.0038053,1,109,0.0,,,,,,,,,,
110,0.5946198739111423,0.0,74.0,0.0,0.0,0.0,0.0,0.0,0.0,0.0,0.6,0.0038053,1,110,0.0,,,,,,,,,,
111,0.4085342660546303,0.0,74.0,0.0,0.0,0.0,0.0,0.0,0.0,0.0,0.6,0.0038053,1,111,0.0,,,,,,,,,,
112,0.6110443696379662,0.0,74.0,0.0,0.0,0.0,0.0,0.0,0.0,0.0,0.6,0.0038053,1,112,0.0,,,,,,,,,,
113,0.4896923154592514,0.0,74.0,0.0,0.0,0.0,0.0,0.0,0.0,0.0,0.6,0.0038053,1,113,0.0,,,,,,,,,,
114,0.4822688698768616,0.0,74.0,0.0,0.0,0.0,0.0,0.0,0.0,0.0,0.6,0.0038053,1,114,0.0,,,,,,,,,,
115,0.5026476263999939,0.0,74.0,0.0,0.0,0.0,0.0,0.0,0.0,0.0,0.6,0.0038053,1,115,0.0,,,,,,,,,,
115,,,,,,,,,,,,,1,,1.0,0.8112745098039216,0.42857513519433826,0.803921568627451,0.4318625285075261,0.8402399127589967,0.37994939373887104,0.028965402955075104,0.8380588876772083,0.38131516666516013,0.03413731904975725
116,0.28829216212034225,0.0,74.0,0.0,0.0,0.0,0.0,0.0,0.0,0.0,0.6,0.0038053,2,1,0.0,,,,,,,,,,
117,0.39228784292936325,0.0,74.0,0.0,0.0,0.0,0.0,0.0,0.0,0.0,0.6,0.0038053,2,2,0.0,,,,,,,,,,
118,0.25712138786911964,0.0,74.0,0.0,0.0,0.0,0.0,0.0,0.0,0.0,0.6,0.0038053,2,3,0.0,,,,,,,,,,
119,0.37846681103110313,0.0,74.0,0.0,0.0,0.0,0.0,0.0,0.0,0.0,0.6,0.0038053,2,4,0.0,,,,,,,,,,
120,0.36805199831724167,0.0,74.0,0.0,0.0,0.0,0.0,0.0,0.0,0.0,0.6,0.0038053,2,5,0.0,,,,,,,,,,
121,0.39471372961997986,0.0,74.0,0.0,0.0,0.0,0.0,0.0,0.0,0.0,0.6,0.0038053,2,6,0.0,,,,,,,,,,
122,0.24676567688584328,0.0,74.0,0.0,0.0,0.0,0.0,0.0,0.0,0.0,0.6,0.0038053,2,7,0.0,,,,,,,,,,
123,0.38757041841745377,0.0,74.0,0.0,0.0,0.0,0.0,0.0,0.0,0.0,0.6,0.0038053,2,8,0.0,,,,,,,,,,
124,0.294394176453352,0.0,74.0,0.0,0.0,0.0,0.0,0.0,0.0,0.0,0.6,0.0038053,2,9,0.0,,,,,,,,,,
125,0.32059743627905846,0.0,74.0,0.0,0.0,0.0,0.0,0.0,0.0,0.0,0.6,0.0038053,2,10,0.0,,,,,,,,,,
126,0.389726459980011,0.0,74.0,0.0,0.0,0.0,0.0,0.0,0.0,0.0,0.6,0.0038053,2,11,0.0,,,,,,,,,,
127,0.4213448576629162,0.0,74.0,0.0,0.0,0.0,0.0,0.0,0.0,0.0,0.6,0.0038053,2,12,0.0,,,,,,,,,,
128,0.5003476180136204,0.0,74.0,0.0,0.0,0.0,0.0,0.0,0.0,0.0,0.6,0.0038053,2,13,0.0,,,,,,,,,,
129,0.347152516245842,0.0,74.0,0.0,0.0,0.0,0.0,0.0,0.0,0.0,0.6,0.0038053,2,14,0.0,,,,,,,,,,
130,0.42215216904878616,0.0,74.0,0.0,0.0,0.0,0.0,0.0,0.0,0.0,0.6,0.0038053,2,15,0.0,,,,,,,,,,
131,0.4522513225674629,0.0,74.0,0.0,0.0,0.0,0.0,0.0,0.0,0.0,0.6,0.0038053,2,16,0.0,,,,,,,,,,
132,0.30636314675211906,0.0,74.0,0.0,0.0,0.0,0.0,0.0,0.0,0.0,0.6,0.0038053,2,17,0.0,,,,,,,,,,
133,0.2535133622586727,0.0,74.0,0.0,0.0,0.0,0.0,0.0,0.0,0.0,0.6,0.0038053,2,18,0.0,,,,,,,,,,
134,0.689971923828125,0.0,74.0,0.0,0.0,0.0,0.0,0.0,0.0,0.0,0.6,0.0038053,2,19,0.0,,,,,,,,,,
135,0.4893838167190552,0.0,74.0,0.0,0.0,0.0,0.0,0.0,0.0,0.0,0.6,0.0038053,2,20,0.0,,,,,,,,,,
136,0.48955458030104637,0.0,74.0,0.0,0.0,0.0,0.0,0.0,0.0,0.0,0.6,0.0038053,2,21,0.0,,,,,,,,,,
137,0.4322145152837038,0.0,74.0,0.0,0.0,0.0,0.0,0.0,0.0,0.0,0.6,0.0038053,2,22,0.0,,,,,,,,,,
138,0.28883347287774086,0.0,74.0,0.0,0.0,0.0,0.0,0.0,0.0,0.0,0.6,0.0038053,2,23,0.0,,,,,,,,,,
139,0.41903556138277054,0.0,74.0,0.0,0.0,0.0,0.0,0.0,0.0,0.0,0.6,0.0038053,2,24,0.0,,,,,,,,,,
140,0.2753513380885124,0.0,74.0,0.0,0.0,0.0,0.0,0.0,0.0,0.0,0.6,0.0038053,2,25,0.0,,,,,,,,,,
141,0.4967474527657032,0.0,74.0,0.0,0.0,0.0,0.0,0.0,0.0,0.0,0.6,0.0038053,2,26,0.0,,,,,,,,,,
142,0.3079547770321369,0.0,74.0,0.0,0.0,0.0,0.0,0.0,0.0,0.0,0.6,0.0038053,2,27,0.0,,,,,,,,,,
143,0.32722049579024315,0.0,74.0,0.0,0.0,0.0,0.0,0.0,0.0,0.0,0.6,0.0038053,2,28,0.0,,,,,,,,,,
144,0.37213045358657837,0.0,74.0,0.0,0.0,0.0,0.0,0.0,0.0,0.0,0.6,0.0038053,2,29,0.0,,,,,,,,,,
145,0.3567666709423065,0.0,74.0,0.0,0.0,0.0,0.0,0.0,0.0,0.0,0.6,0.0038053,2,30,0.0,,,,,,,,,,
146,0.3124823309481144,0.0,74.0,0.0,0.0,0.0,0.0,0.0,0.0,0.0,0.6,0.0038053,2,31,0.0,,,,,,,,,,
147,0.44951892644166946,0.0,74.0,0.0,0.0,0.0,0.0,0.0,0.0,0.0,0.6,0.0038053,2,32,0.0,,,,,,,,,,
148,0.4679644703865051,0.0,74.0,0.0,0.0,0.0,0.0,0.0,0.0,0.0,0.6,0.0038053,2,33,0.0,,,,,,,,,,
149,0.5161196179687977,0.0,74.0,0.0,0.0,0.0,0.0,0.0,0.0,0.0,0.6,0.0038053,2,34,0.0,,,,,,,,,,
150,0.478567935526371,0.0,74.0,0.0,0.0,0.0,0.0,0.0,0.0,0.0,0.6,0.0038053,2,35,0.0,,,,,,,,,,
151,0.3313489854335785,0.0,74.0,0.0,0.0,0.0,0.0,0.0,0.0,0.0,0.6,0.0038053,2,36,0.0,,,,,,,,,,
152,0.34235680103302,0.0,74.0,0.0,0.0,0.0,0.0,0.0,0.0,0.0,0.6,0.0038053,2,37,0.0,,,,,,,,,,
153,0.26662565022706985,0.0,74.0,0.0,0.0,0.0,0.0,0.0,0.0,0.0,0.6,0.0038053,2,38,0.0,,,,,,,,,,
154,0.3462309315800667,0.0,74.0,0.0,0.0,0.0,0.0,0.0,0.0,0.0,0.6,0.0038053,2,39,0.0,,,,,,,,,,
155,0.35055001080036163,0.0,74.0,0.0,0.0,0.0,0.0,0.0,0.0,0.0,0.6,0.0038053,2,40,0.0,,,,,,,,,,
156,0.32653655484318733,0.0,74.0,0.0,0.0,0.0,0.0,0.0,0.0,0.0,0.6,0.0038053,2,41,0.0,,,,,,,,,,
157,0.46612850576639175,0.0,74.0,0.0,0.0,0.0,0.0,0.0,0.0,0.0,0.6,0.0038053,2,42,0.0,,,,,,,,,,
158,0.28914808854460716,0.0,74.0,0.0,0.0,0.0,0.0,0.0,0.0,0.0,0.6,0.0038053,2,43,0.0,,,,,,,,,,
159,0.3863306790590286,0.0,74.0,0.0,0.0,0.0,0.0,0.0,0.0,0.0,0.6,0.0038053,2,44,0.0,,,,,,,,,,
160,0.33572423085570335,0.0,74.0,0.0,0.0,0.0,0.0,0.0,0.0,0.0,0.6,0.0038053,2,45,0.0,,,,,,,,,,
161,0.3954894058406353,0.0,74.0,0.0,0.0,0.0,0.0,0.0,0.0,0.0,0.6,0.0038053,2,46,0.0,,,,,,,,,,
162,0.39452918991446495,0.0,74.0,0.0,0.0,0.0,0.0,0.0,0.0,0.0,0.6,0.0038053,2,47,0.0,,,,,,,,,,
163,0.2568440195173025,0.0,74.0,0.0,0.0,0.0,0.0,0.0,0.0,0.0,0.6,0.0038053,2,48,0.0,,,,,,,,,,
164,0.4086526334285736,0.0,74.0,0.0,0.0,0.0,0.0,0.0,0.0,0.0,0.6,0.0038053,2,49,0.0,,,,,,,,,,
165,0.38235949352383614,0.0,74.0,0.0,0.0,0.0,0.0,0.0,0.0,0.0,0.6,0.0038053,2,50,0.0,,,,,,,,,,
166,0.21955745667219162,0.0,74.0,0.0,0.0,0.0,0.0,0.0,0.0,0.0,0.6,0.0038053,2,51,0.0,,,,,,,,,,
167,0.292634092271328,0.0,74.0,0.0,0.0,0.0,0.0,0.0,0.0,0.0,0.6,0.0038053,2,52,0.0,,,,,,,,,,
168,0.5123503543436527,0.0,74.0,0.0,0.0,0.0,0.0,0.0,0.0,0.0,0.6,0.0038053,2,53,0.0,,,,,,,,,,
169,0.32028716802597046,0.0,74.0,0.0,0.0,0.0,0.0,0.0,0.0,0.0,0.6,0.0038053,2,54,0.0,,,,,,,,,,
170,0.3279467523097992,0.0,74.0,0.0,0.0,0.0,0.0,0.0,0.0,0.0,0.6,0.0038053,2,55,0.0,,,,,,,,,,
171,0.3313590809702873,0.0,74.0,0.0,0.0,0.0,0.0,0.0,0.0,0.0,0.6,0.0038053,2,56,0.0,,,,,,,,,,
172,0.49621735885739326,0.0,74.0,0.0,0.0,0.0,0.0,0.0,0.0,0.0,0.6,0.0038053,2,57,0.0,,,,,,,,,,
173,0.23808178305625916,0.0,74.0,0.0,0.0,0.0,0.0,0.0,0.0,0.0,0.6,0.0038053,2,58,0.0,,,,,,,,,,
174,0.5480422303080559,0.0,74.0,0.0,0.0,0.0,0.0,0.0,0.0,0.0,0.6,0.0038053,2,59,0.0,,,,,,,,,,
175,0.167681397870183,0.0,74.0,0.0,0.0,0.0,0.0,0.0,0.0,0.0,0.6,0.0038053,2,60,0.0,,,,,,,,,,
176,0.33007327280938625,0.0,74.0,0.0,0.0,0.0,0.0,0.0,0.0,0.0,0.6,0.0038053,2,61,0.0,,,,,,,,,,
177,0.19459617137908936,0.0,74.0,0.0,0.0,0.0,0.0,0.0,0.0,0.0,0.6,0.0038053,2,62,0.0,,,,,,,,,,
178,0.42106130719184875,0.0,74.0,0.0,0.0,0.0,0.0,0.0,0.0,0.0,0.6,0.0038053,2,63,0.0,,,,,,,,,,
179,0.3116333596408367,0.0,74.0,0.0,0.0,0.0,0.0,0.0,0.0,0.0,0.6,0.0038053,2,64,0.0,,,,,,,,,,
180,0.3656180538237095,0.0,74.0,0.0,0.0,0.0,0.0,0.0,0.0,0.0,0.6,0.0038053,2,65,0.0,,,,,,,,,,
181,0.23058012686669827,0.0,74.0,0.0,0.0,0.0,0.0,0.0,0.0,0.0,0.6,0.0038053,2,66,0.0,,,,,,,,,,
182,0.38893809355795383,0.0,74.0,0.0,0.0,0.0,0.0,0.0,0.0,0.0,0.6,0.0038053,2,67,0.0,,,,,,,,,,
183,0.2805584482848644,0.0,74.0,0.0,0.0,0.0,0.0,0.0,0.0,0.0,0.6,0.0038053,2,68,0.0,,,,,,,,,,
184,0.24085254222154617,0.0,74.0,0.0,0.0,0.0,0.0,0.0,0.0,0.0,0.6,0.0038053,2,69,0.0,,,,,,,,,,
185,0.2761242911219597,0.0,74.0,0.0,0.0,0.0,0.0,0.0,0.0,0.0,0.6,0.0038053,2,70,0.0,,,,,,,,,,
186,0.4998021349310875,0.0,74.0,0.0,0.0,0.0,0.0,0.0,0.0,0.0,0.6,0.0038053,2,71,0.0,,,,,,,,,,
187,0.3343987464904785,0.0,74.0,0.0,0.0,0.0,0.0,0.0,0.0,0.0,0.6,0.0038053,2,72,0.0,,,,,,,,,,
188,0.4755113013088703,0.0,74.0,0.0,0.0,0.0,0.0,0.0,0.0,0.0,0.6,0.0038053,2,73,0.0,,,,,,,,,,
189,0.3213731963187456,0.0,74.0,0.0,0.0,0.0,0.0,0.0,0.0,0.0,0.6,0.0038053,2,74,0.0,,,,,,,,,,
190,0.20595804788172245,0.0,74.0,0.0,0.0,0.0,0.0,0.0,0.0,0.0,0.6,0.0038053,2,75,0.0,,,,,,,,,,
191,0.44486767053604126,0.0,74.0,0.0,0.0,0.0,0.0,0.0,0.0,0.0,0.6,0.0038053,2,76,0.0,,,,,,,,,,
192,0.31039461493492126,0.0,74.0,0.0,0.0,0.0,0.0,0.0,0.0,0.0,0.6,0.0038053,2,77,0.0,,,,,,,,,,
193,0.33012809231877327,0.0,74.0,0.0,0.0,0.0,0.0,0.0,0.0,0.0,0.6,0.0038053,2,78,0.0,,,,,,,,,,
194,0.3678996078670025,0.0,74.0,0.0,0.0,0.0,0.0,0.0,0.0,0.0,0.6,0.0038053,2,79,0.0,,,,,,,,,,
195,0.1882627848535776,0.0,74.0,0.0,0.0,0.0,0.0,0.0,0.0,0.0,0.6,0.0038053,2,80,0.0,,,,,,,,,,
196,0.16851938515901566,0.0,74.0,0.0,0.0,0.0,0.0,0.0,0.0,0.0,0.6,0.0038053,2,81,0.0,,,,,,,,,,
197,0.48214907944202423,0.0,74.0,0.0,0.0,0.0,0.0,0.0,0.0,0.0,0.6,0.0038053,2,82,0.0,,,,,,,,,,
198,0.5395879931747913,0.0,74.0,0.0,0.0,0.0,0.0,0.0,0.0,0.0,0.6,0.0038053,2,83,0.0,,,,,,,,,,
199,0.3166170045733452,0.0,74.0,0.0,0.0,0.0,0.0,0.0,0.0,0.0,0.6,0.0038053,2,84,0.0,,,,,,,,,,
200,0.24570916965603828,0.0,74.0,0.0,0.0,0.0,0.0,0.0,0.0,0.0,0.6,0.0038053,2,85,0.0,,,,,,,,,,
201,0.2872445210814476,0.0,74.0,0.0,0.0,0.0,0.0,0.0,0.0,0.0,0.6,0.0038053,2,86,0.0,,,,,,,,,,
202,0.3069508522748947,0.0,74.0,0.0,0.0,0.0,0.0,0.0,0.0,0.0,0.6,0.0038053,2,87,0.0,,,,,,,,,,
203,0.16522325854748487,0.0,74.0,0.0,0.0,0.0,0.0,0.0,0.0,0.0,0.6,0.0038053,2,88,0.0,,,,,,,,,,
204,0.6593990549445152,0.0,74.0,0.0,0.0,0.0,0.0,0.0,0.0,0.0,0.6,0.0038053,2,89,0.0,,,,,,,,,,
205,0.484533928334713,0.0,74.0,0.0,0.0,0.0,0.0,0.0,0.0,0.0,0.6,0.0038053,2,90,0.0,,,,,,,,,,
206,0.2944697104394436,0.0,74.0,0.0,0.0,0.0,0.0,0.0,0.0,0.0,0.6,0.0038053,2,91,0.0,,,,,,,,,,
207,0.4216407723724842,0.0,74.0,0.0,0.0,0.0,0.0,0.0,0.0,0.0,0.6,0.0038053,2,92,0.0,,,,,,,,,,
208,0.27487611025571823,0.0,74.0,0.0,0.0,0.0,0.0,0.0,0.0,0.0,0.6,0.0038053,2,93,0.0,,,,,,,,,,
209,0.29455436021089554,0.0,74.0,0.0,0.0,0.0,0.0,0.0,0.0,0.0,0.6,0.0038053,2,94,0.0,,,,,,,,,,
210,0.16824213415384293,0.0,74.0,0.0,0.0,0.0,0.0,0.0,0.0,0.0,0.6,0.0038053,2,95,0.0,,,,,,,,,,
211,0.28981032595038414,0.0,74.0,0.0,0.0,0.0,0.0,0.0,0.0,0.0,0.6,0.0038053,2,96,0.0,,,,,,,,,,
212,0.3592098243534565,0.0,74.0,0.0,0.0,0.0,0.0,0.0,0.0,0.0,0.6,0.0038053,2,97,0.0,,,,,,,,,,
213,0.2570826895534992,0.0,74.0,0.0,0.0,0.0,0.0,0.0,0.0,0.0,0.6,0.0038053,2,98,0.0,,,,,,,,,,
214,0.33410230092704296,0.0,74.0,0.0,0.0,0.0,0.0,0.0,0.0,0.0,0.6,0.0038053,2,99,0.0,,,,,,,,,,
215,0.3753994219005108,0.0,74.0,0.0,0.0,0.0,0.0,0.0,0.0,0.0,0.6,0.0038053,2,100,0.0,,,,,,,,,,
216,0.27543870359659195,0.0,74.0,0.0,0.0,0.0,0.0,0.0,0.0,0.0,0.6,0.0038053,2,101,0.0,,,,,,,,,,
217,0.5436003878712654,0.0,74.0,0.0,0.0,0.0,0.0,0.0,0.0,0.0,0.6,0.0038053,2,102,0.0,,,,,,,,,,
218,0.39652349799871445,0.0,74.0,0.0,0.0,0.0,0.0,0.0,0.0,0.0,0.6,0.0038053,2,103,0.0,,,,,,,,,,
219,0.3856578767299652,0.0,74.0,0.0,0.0,0.0,0.0,0.0,0.0,0.0,0.6,0.0038053,2,104,0.0,,,,,,,,,,
220,0.43118397891521454,0.0,74.0,0.0,0.0,0.0,0.0,0.0,0.0,0.0,0.6,0.0038053,2,105,0.0,,,,,,,,,,
221,0.36471521854400635,0.0,74.0,0.0,0.0,0.0,0.0,0.0,0.0,0.0,0.6,0.0038053,2,106,0.0,,,,,,,,,,
222,0.28921885788440704,0.0,74.0,0.0,0.0,0.0,0.0,0.0,0.0,0.0,0.6,0.0038053,2,107,0.0,,,,,,,,,,
223,0.3359128274023533,0.0,74.0,0.0,0.0,0.0,0.0,0.0,0.0,0.0,0.6,0.0038053,2,108,0.0,,,,,,,,,,
224,0.26207245141267776,0.0,74.0,0.0,0.0,0.0,0.0,0.0,0.0,0.0,0.6,0.0038053,2,109,0.0,,,,,,,,,,
225,0.2670123837888241,0.0,74.0,0.0,0.0,0.0,0.0,0.0,0.0,0.0,0.6,0.0038053,2,110,0.0,,,,,,,,,,
226,0.4855511635541916,0.0,74.0,0.0,0.0,0.0,0.0,0.0,0.0,0.0,0.6,0.0038053,2,111,0.0,,,,,,,,,,
227,0.41257239133119583,0.0,74.0,0.0,0.0,0.0,0.0,0.0,0.0,0.0,0.6,0.0038053,2,112,0.0,,,,,,,,,,
228,0.28837013244628906,0.0,74.0,0.0,0.0,0.0,0.0,0.0,0.0,0.0,0.6,0.0038053,2,113,0.0,,,,,,,,,,
229,0.17010275274515152,0.0,74.0,0.0,0.0,0.0,0.0,0.0,0.0,0.0,0.6,0.0038053,2,114,0.0,,,,,,,,,,
230,0.3825161099433899,0.0,74.0,0.0,0.0,0.0,0.0,0.0,0.0,0.0,0.6,0.0038053,2,115,0.0,,,,,,,,,,
230,,,,,,,,,,,,,2,,1.0,0.8406862745098039,0.35637173973597014,0.8259803921568627,0.36052243411540985,0.9629225736095965,0.15689225507819135,0.12223629909979261,0.9618320610687023,0.1611172054124915,0.13585166891183964
231,0.15608114190399647,0.0,74.0,0.0,0.0,0.0,0.0,0.0,0.0,0.0,0.6,0.0038053,3,1,0.0,,,,,,,,,,
232,0.11840398982167244,0.0,74.0,0.0,0.0,0.0,0.0,0.0,0.0,0.0,0.6,0.0038053,3,2,0.0,,,,,,,,,,
233,0.21318744868040085,0.0,74.0,0.0,0.0,0.0,0.0,0.0,0.0,0.0,0.6,0.0038053,3,3,0.0,,,,,,,,,,
234,0.155978012830019,0.0,74.0,0.0,0.0,0.0,0.0,0.0,0.0,0.0,0.6,0.0038053,3,4,0.0,,,,,,,,,,
235,0.08864763472229242,0.0,74.0,0.0,0.0,0.0,0.0,0.0,0.0,0.0,0.6,0.0038053,3,5,0.0,,,,,,,,,,
236,0.1952938511967659,0.0,74.0,0.0,0.0,0.0,0.0,0.0,0.0,0.0,0.6,0.0038053,3,6,0.0,,,,,,,,,,
237,0.3463337570428848,0.0,74.0,0.0,0.0,0.0,0.0,0.0,0.0,0.0,0.6,0.0038053,3,7,0.0,,,,,,,,,,
238,0.2633507903665304,0.0,74.0,0.0,0.0,0.0,0.0,0.0,0.0,0.0,0.6,0.0038053,3,8,0.0,,,,,,,,,,
239,0.06079527176916599,0.0,74.0,0.0,0.0,0.0,0.0,0.0,0.0,0.0,0.6,0.0038053,3,9,0.0,,,,,,,,,,
240,0.07654386851936579,0.0,74.0,0.0,0.0,0.0,0.0,0.0,0.0,0.0,0.6,0.0038053,3,10,0.0,,,,,,,,,,
241,0.05859666084870696,0.0,74.0,0.0,0.0,0.0,0.0,0.0,0.0,0.0,0.6,0.0038053,3,11,0.0,,,,,,,,,,
242,0.13367959856987,0.0,74.0,0.0,0.0,0.0,0.0,0.0,0.0,0.0,0.6,0.0038053,3,12,0.0,,,,,,,,,,
243,0.17088847048580647,0.0,74.0,0.0,0.0,0.0,0.0,0.0,0.0,0.0,0.6,0.0038053,3,13,0.0,,,,,,,,,,
244,0.1435501091182232,0.0,74.0,0.0,0.0,0.0,0.0,0.0,0.0,0.0,0.6,0.0038053,3,14,0.0,,,,,,,,,,
245,0.13753208704292774,0.0,74.0,0.0,0.0,0.0,0.0,0.0,0.0,0.0,0.6,0.0038053,3,15,0.0,,,,,,,,,,
246,0.18698924034833908,0.0,74.0,0.0,0.0,0.0,0.0,0.0,0.0,0.0,0.6,0.0038053,3,16,0.0,,,,,,,,,,
247,0.2079915516078472,0.0,74.0,0.0,0.0,0.0,0.0,0.0,0.0,0.0,0.6,0.0038053,3,17,0.0,,,,,,,,,,
248,0.0838241744786501,0.0,74.0,0.0,0.0,0.0,0.0,0.0,0.0,0.0,0.6,0.0038053,3,18,0.0,,,,,,,,,,
249,0.19546504598110914,0.0,74.0,0.0,0.0,0.0,0.0,0.0,0.0,0.0,0.6,0.0038053,3,19,0.0,,,,,,,,,,
250,0.1827916707843542,0.0,74.0,0.0,0.0,0.0,0.0,0.0,0.0,0.0,0.6,0.0038053,3,20,0.0,,,,,,,,,,
251,0.15656396187841892,0.0,74.0,0.0,0.0,0.0,0.0,0.0,0.0,0.0,0.6,0.0038053,3,21,0.0,,,,,,,,,,
252,0.23578507034108043,0.0,74.0,0.0,0.0,0.0,0.0,0.0,0.0,0.0,0.6,0.0038053,3,22,0.0,,,,,,,,,,
253,0.05839973781257868,0.0,74.0,0.0,0.0,0.0,0.0,0.0,0.0,0.0,0.6,0.0038053,3,23,0.0,,,,,,,,,,
254,0.11712138168513775,0.0,74.0,0.0,0.0,0.0,0.0,0.0,0.0,0.0,0.6,0.0038053,3,24,0.0,,,,,,,,,,
255,0.04360319580882788,0.0,74.0,0.0,0.0,0.0,0.0,0.0,0.0,0.0,0.6,0.0038053,3,25,0.0,,,,,,,,,,
256,0.17001785151660442,0.0,74.0,0.0,0.0,0.0,0.0,0.0,0.0,0.0,0.6,0.0038053,3,26,0.0,,,,,,,,,,
257,0.1908092312514782,0.0,74.0,0.0,0.0,0.0,0.0,0.0,0.0,0.0,0.6,0.0038053,3,27,0.0,,,,,,,,,,
258,0.09019245021045208,0.0,74.0,0.0,0.0,0.0,0.0,0.0,0.0,0.0,0.6,0.0038053,3,28,0.0,,,,,,,,,,
259,0.13974658586084843,0.0,74.0,0.0,0.0,0.0,0.0,0.0,0.0,0.0,0.6,0.0038053,3,29,0.0,,,,,,,,,,
260,0.22169672138988972,0.0,74.0,0.0,0.0,0.0,0.0,0.0,0.0,0.0,0.6,0.0038053,3,30,0.0,,,,,,,,,,
261,0.23228976409882307,0.0,74.0,0.0,0.0,0.0,0.0,0.0,0.0,0.0,0.6,0.0038053,3,31,0.0,,,,,,,,,,
262,0.05734248971566558,0.0,74.0,0.0,0.0,0.0,0.0,0.0,0.0,0.0,0.6,0.0038053,3,32,0.0,,,,,,,,,,
263,0.21665838221088052,0.0,74.0,0.0,0.0,0.0,0.0,0.0,0.0,0.0,0.6,0.0038053,3,33,0.0,,,,,,,,,,
264,0.1872926950454712,0.0,74.0,0.0,0.0,0.0,0.0,0.0,0.0,0.0,0.6,0.0038053,3,34,0.0,,,,,,,,,,
265,0.048849016427993774,0.0,74.0,0.0,0.0,0.0,0.0,0.0,0.0,0.0,0.6,0.0038053,3,35,0.0,,,,,,,,,,
266,0.1703142849728465,0.0,74.0,0.0,0.0,0.0,0.0,0.0,0.0,0.0,0.6,0.0038053,3,36,0.0,,,,,,,,,,
267,0.21709850803017616,0.0,74.0,0.0,0.0,0.0,0.0,0.0,0.0,0.0,0.6,0.0038053,3,37,0.0,,,,,,,,,,
268,0.14894177671521902,0.0,74.0,0.0,0.0,0.0,0.0,0.0,0.0,0.0,0.6,0.0038053,3,38,0.0,,,,,,,,,,
269,0.07793058082461357,0.0,74.0,0.0,0.0,0.0,0.0,0.0,0.0,0.0,0.6,0.0038053,3,39,0.0,,,,,,,,,,
270,0.35395098966546357,0.0,74.0,0.0,0.0,0.0,0.0,0.0,0.0,0.0,0.6,0.0038053,3,40,0.0,,,,,,,,,,
271,0.12224101833999157,0.0,74.0,0.0,0.0,0.0,0.0,0.0,0.0,0.0,0.6,0.0038053,3,41,0.0,,,,,,,,,,
272,0.3476849654689431,0.0,74.0,0.0,0.0,0.0,0.0,0.0,0.0,0.0,0.6,0.0038053,3,42,0.0,,,,,,,,,,
273,0.1475808545947075,0.0,74.0,0.0,0.0,0.0,0.0,0.0,0.0,0.0,0.6,0.0038053,3,43,0.0,,,,,,,,,,
274,0.1953908670693636,0.0,74.0,0.0,0.0,0.0,0.0,0.0,0.0,0.0,0.6,0.0038053,3,44,0.0,,,,,,,,,,
275,0.0595187246799469,0.0,74.0,0.0,0.0,0.0,0.0,0.0,0.0,0.0,0.6,0.0038053,3,45,0.0,,,,,,,,,,
276,0.08182579185813665,0.0,74.0,0.0,0.0,0.0,0.0,0.0,0.0,0.0,0.6,0.0038053,3,46,0.0,,,,,,,,,,
277,0.21053729113191366,0.0,74.0,0.0,0.0,0.0,0.0,0.0,0.0,0.0,0.6,0.0038053,3,47,0.0,,,,,,,,,,
278,0.10105053149163723,0.0,74.0,0.0,0.0,0.0,0.0,0.0,0.0,0.0,0.6,0.0038053,3,48,0.0,,,,,,,,,,
279,0.15540921315550804,0.0,74.0,0.0,0.0,0.0,0.0,0.0,0.0,0.0,0.6,0.0038053,3,49,0.0,,,,,,,,,,
280,0.15153080970048904,0.0,74.0,0.0,0.0,0.0,0.0,0.0,0.0,0.0,0.6,0.0038053,3,50,0.0,,,,,,,,,,
281,0.07066675089299679,0.0,74.0,0.0,0.0,0.0,0.0,0.0,0.0,0.0,0.6,0.0038053,3,51,0.0,,,,,,,,,,
282,0.12537044053897262,0.0,74.0,0.0,0.0,0.0,0.0,0.0,0.0,0.0,0.6,0.0038053,3,52,0.0,,,,,,,,,,
283,0.26714100129902363,0.0,74.0,0.0,0.0,0.0,0.0,0.0,0.0,0.0,0.6,0.0038053,3,53,0.0,,,,,,,,,,
284,0.11900047399103642,0.0,74.0,0.0,0.0,0.0,0.0,0.0,0.0,0.0,0.6,0.0038053,3,54,0.0,,,,,,,,,,
285,0.0840633874759078,0.0,74.0,0.0,0.0,0.0,0.0,0.0,0.0,0.0,0.6,0.0038053,3,55,0.0,,,,,,,,,,
286,0.10790070099756122,0.0,74.0,0.0,0.0,0.0,0.0,0.0,0.0,0.0,0.6,0.0038053,3,56,0.0,,,,,,,,,,
287,0.08942421665415168,0.0,74.0,0.0,0.0,0.0,0.0,0.0,0.0,0.0,0.6,0.0038053,3,57,0.0,,,,,,,,,,
288,0.27001483319327235,0.0,74.0,0.0,0.0,0.0,0.0,0.0,0.0,0.0,0.6,0.0038053,3,58,0.0,,,,,,,,,,
289,0.15631310804747045,0.0,74.0,0.0,0.0,0.0,0.0,0.0,0.0,0.0,0.6,0.0038053,3,59,0.0,,,,,,,,,,
290,0.340946557931602,0.0,74.0,0.0,0.0,0.0,0.0,0.0,0.0,0.0,0.6,0.0038053,3,60,0.0,,,,,,,,,,
291,0.1882262583822012,0.0,74.0,0.0,0.0,0.0,0.0,0.0,0.0,0.0,0.6,0.0038053,3,61,0.0,,,,,,,,,,
292,0.11022795317694545,0.0,74.0,0.0,0.0,0.0,0.0,0.0,0.0,0.0,0.6,0.0038053,3,62,0.0,,,,,,,,,,
293,0.14016217458993196,0.0,74.0,0.0,0.0,0.0,0.0,0.0,0.0,0.0,0.6,0.0038053,3,63,0.0,,,,,,,,,,
294,0.034747577738016844,0.0,74.0,0.0,0.0,0.0,0.0,0.0,0.0,0.0,0.6,0.0038053,3,64,0.0,,,,,,,,,,
295,0.0472883265465498,0.0,74.0,0.0,0.0,0.0,0.0,0.0,0.0,0.0,0.6,0.0038053,3,65,0.0,,,,,,,,,,
296,0.20500040985643864,0.0,74.0,0.0,0.0,0.0,0.0,0.0,0.0,0.0,0.6,0.0038053,3,66,0.0,,,,,,,,,,
297,0.09415278164669871,0.0,74.0,0.0,0.0,0.0,0.0,0.0,0.0,0.0,0.6,0.0038053,3,67,0.0,,,,,,,,,,
298,0.19677105825394392,0.0,74.0,0.0,0.0,0.0,0.0,0.0,0.0,0.0,0.6,0.0038053,3,68,0.0,,,,,,,,,,
299,0.12712671328336,0.0,74.0,0.0,0.0,0.0,0.0,0.0,0.0,0.0,0.6,0.0038053,3,69,0.0,,,,,,,,,,
300,0.08364011999219656,0.0,74.0,0.0,0.0,0.0,0.0,0.0,0.0,0.0,0.6,0.0038053,3,70,0.0,,,,,,,,,,
301,0.22007429227232933,0.0,74.0,0.0,0.0,0.0,0.0,0.0,0.0,0.0,0.6,0.0038053,3,71,0.0,,,,,,,,,,
302,0.25722079165279865,0.0,74.0,0.0,0.0,0.0,0.0,0.0,0.0,0.0,0.6,0.0038053,3,72,0.0,,,,,,,,,,
303,0.13225469924509525,0.0,74.0,0.0,0.0,0.0,0.0,0.0,0.0,0.0,0.6,0.0038053,3,73,0.0,,,,,,,,,,
304,0.21763112023472786,0.0,74.0,0.0,0.0,0.0,0.0,0.0,0.0,0.0,0.6,0.0038053,3,74,0.0,,,,,,,,,,
305,0.2096721911802888,0.0,74.0,0.0,0.0,0.0,0.0,0.0,0.0,0.0,0.6,0.0038053,3,75,0.0,,,,,,,,,,
306,0.04775271052494645,0.0,74.0,0.0,0.0,0.0,0.0,0.0,0.0,0.0,0.6,0.0038053,3,76,0.0,,,,,,,,,,
307,0.2946017272770405,0.0,74.0,0.0,0.0,0.0,0.0,0.0,0.0,0.0,0.6,0.0038053,3,77,0.0,,,,,,,,,,
308,0.19420396769419312,0.0,74.0,0.0,0.0,0.0,0.0,0.0,0.0,0.0,0.6,0.0038053,3,78,0.0,,,,,,,,,,
309,0.027776698116213083,0.0,74.0,0.0,0.0,0.0,0.0,0.0,0.0,0.0,0.6,0.0038053,3,79,0.0,,,,,,,,,,
310,0.06878026016056538,0.0,74.0,0.0,0.0,0.0,0.0,0.0,0.0,0.0,0.6,0.0038053,3,80,0.0,,,,,,,,,,
311,0.22247249074280262,0.0,74.0,0.0,0.0,0.0,0.0,0.0,0.0,0.0,0.6,0.0038053,3,81,0.0,,,,,,,,,,
312,0.02008162229321897,0.0,74.0,0.0,0.0,0.0,0.0,0.0,0.0,0.0,0.6,0.0038053,3,82,0.0,,,,,,,,,,
313,0.0344301862642169,0.0,74.0,0.0,0.0,0.0,0.0,0.0,0.0,0.0,0.6,0.0038053,3,83,0.0,,,,,,,,,,
314,0.14920958317816257,0.0,74.0,0.0,0.0,0.0,0.0,0.0,0.0,0.0,0.6,0.0038053,3,84,0.0,,,,,,,,,,
315,0.10891313292086124,0.0,74.0,0.0,0.0,0.0,0.0,0.0,0.0,0.0,0.6,0.0038053,3,85,0.0,,,,,,,,,,
316,0.1293563679791987,0.0,74.0,0.0,0.0,0.0,0.0,0.0,0.0,0.0,0.6,0.0038053,3,86,0.0,,,,,,,,,,
317,0.05678235832601786,0.0,74.0,0.0,0.0,0.0,0.0,0.0,0.0,0.0,0.6,0.0038053,3,87,0.0,,,,,,,,,,
318,0.1320523750036955,0.0,74.0,0.0,0.0,0.0,0.0,0.0,0.0,0.0,0.6,0.0038053,3,88,0.0,,,,,,,,,,
319,0.2364204777404666,0.0,74.0,0.0,0.0,0.0,0.0,0.0,0.0,0.0,0.6,0.0038053,3,89,0.0,,,,,,,,,,
320,0.1566997873596847,0.0,74.0,0.0,0.0,0.0,0.0,0.0,0.0,0.0,0.6,0.0038053,3,90,0.0,,,,,,,,,,
321,0.10903282882645726,0.0,74.0,0.0,0.0,0.0,0.0,0.0,0.0,0.0,0.6,0.0038053,3,91,0.0,,,,,,,,,,
322,0.09273435873910785,0.0,74.0,0.0,0.0,0.0,0.0,0.0,0.0,0.0,0.6,0.0038053,3,92,0.0,,,,,,,,,,
323,0.31623108172789216,0.0,74.0,0.0,0.0,0.0,0.0,0.0,0.0,0.0,0.6,0.0038053,3,93,0.0,,,,,,,,,,
324,0.11303006717935205,0.0,74.0,0.0,0.0,0.0,0.0,0.0,0.0,0.0,0.6,0.0038053,3,94,0.0,,,,,,,,,,
325,0.08120696200057864,0.0,74.0,0.0,0.0,0.0,0.0,0.0,0.0,0.0,0.6,0.0038053,3,95,0.0,,,,,,,,,,
326,0.12685404694639146,0.0,74.0,0.0,0.0,0.0,0.0,0.0,0.0,0.0,0.6,0.0038053,3,96,0.0,,,,,,,,,,
327,0.3011538879945874,0.0,74.0,0.0,0.0,0.0,0.0,0.0,0.0,0.0,0.6,0.0038053,3,97,0.0,,,,,,,,,,
328,0.024302623933181167,0.0,74.0,0.0,0.0,0.0,0.0,0.0,0.0,0.0,0.6,0.0038053,3,98,0.0,,,,,,,,,,
329,0.3792210714891553,0.0,74.0,0.0,0.0,0.0,0.0,0.0,0.0,0.0,0.6,0.0038053,3,99,0.0,,,,,,,,,,
330,0.23109486466273665,0.0,74.0,0.0,0.0,0.0,0.0,0.0,0.0,0.0,0.6,0.0038053,3,100,0.0,,,,,,,,,,
331,0.3020224506035447,0.0,74.0,0.0,0.0,0.0,0.0,0.0,0.0,0.0,0.6,0.0038053,3,101,0.0,,,,,,,,,,
332,0.052275652065873146,0.0,74.0,0.0,0.0,0.0,0.0,0.0,0.0,0.0,0.6,0.0038053,3,102,0.0,,,,,,,,,,
333,0.04243515897542238,0.0,74.0,0.0,0.0,0.0,0.0,0.0,0.0,0.0,0.6,0.0038053,3,103,0.0,,,,,,,,,,
334,0.1523876585997641,0.0,74.0,0.0,0.0,0.0,0.0,0.0,0.0,0.0,0.6,0.0038053,3,104,0.0,,,,,,,,,,
335,0.11333776055835187,0.0,74.0,0.0,0.0,0.0,0.0,0.0,0.0,0.0,0.6,0.0038053,3,105,0.0,,,,,,,,,,
336,0.22605175571516156,0.0,74.0,0.0,0.0,0.0,0.0,0.0,0.0,0.0,0.6,0.0038053,3,106,0.0,,,,,,,,,,
337,0.20719490479677916,0.0,74.0,0.0,0.0,0.0,0.0,0.0,0.0,0.0,0.6,0.0038053,3,107,0.0,,,,,,,,,,
338,0.1030114945024252,0.0,74.0,0.0,0.0,0.0,0.0,0.0,0.0,0.0,0.6,0.0038053,3,108,0.0,,,,,,,,,,
339,0.024640003219246864,0.0,74.0,0.0,0.0,0.0,0.0,0.0,0.0,0.0,0.6,0.0038053,3,109,0.0,,,,,,,,,,
340,0.057723545702174306,0.0,74.0,0.0,0.0,0.0,0.0,0.0,0.0,0.0,0.6,0.0038053,3,110,0.0,,,,,,,,,,
341,0.15071293711662292,0.0,74.0,0.0,0.0,0.0,0.0,0.0,0.0,0.0,0.6,0.0038053,3,111,0.0,,,,,,,,,,
342,0.1458147168159485,0.0,74.0,0.0,0.0,0.0,0.0,0.0,0.0,0.0,0.6,0.0038053,3,112,0.0,,,,,,,,,,
343,0.11760488012805581,0.0,74.0,0.0,0.0,0.0,0.0,0.0,0.0,0.0,0.6,0.0038053,3,113,0.0,,,,,,,,,,
344,0.03476969082839787,0.0,74.0,0.0,0.0,0.0,0.0,0.0,0.0,0.0,0.6,0.0038053,3,114,0.0,,,,,,,,,,
345,0.3508042722940445,0.0,74.0,0.0,0.0,0.0,0.0,0.0,0.0,0.0,0.6,0.0038053,3,115,0.0,,,,,,,,,,
345,,,,,,,,,,,,,3,,1.0,0.8333333333333334,0.5407135108342538,0.8308823529411765,0.541925868162742,0.9874591057797165,0.05258707417094189,0.15412577244638315,0.9860959651035986,0.055539077836210315,0.15521361216242213
346,0.024279267992824316,0.0,74.0,0.0,0.0,0.0,0.0,0.0,0.0,0.0,0.6,0.0038053,4,1,0.0,,,,,,,,,,
347,0.13823524850886315,0.0,74.0,0.0,0.0,0.0,0.0,0.0,0.0,0.0,0.6,0.0038053,4,2,0.0,,,,,,,,,,
348,0.20150471711531281,0.0,74.0,0.0,0.0,0.0,0.0,0.0,0.0,0.0,0.6,0.0038053,4,3,0.0,,,,,,,,,,
349,0.014481973368674517,32.0,74.0,0.43243243243243246,13.0,19.0,0.40625,0.59375,0.17326831448492402,0.0,0.6,0.0038053,4,4,0.0,,,,,,,,,,
350,0.023266261909157038,0.0,74.0,0.0,0.0,0.0,0.0,0.0,0.0,0.0,0.6,0.0038053,4,5,0.0,,,,,,,,,,
351,0.020290757063776255,0.0,74.0,0.0,0.0,0.0,0.0,0.0,0.0,0.0,0.6,0.0038053,4,6,0.0,,,,,,,,,,
352,0.01791222207248211,0.0,74.0,0.0,0.0,0.0,0.0,0.0,0.0,0.0,0.6,0.0038053,4,7,0.0,,,,,,,,,,
353,0.13968077767640352,0.0,74.0,0.0,0.0,0.0,0.0,0.0,0.0,0.0,0.6,0.0038053,4,8,0.0,,,,,,,,,,
354,0.016964641748927534,0.0,74.0,0.0,0.0,0.0,0.0,0.0,0.0,0.0,0.6,0.0038053,4,9,0.0,,,,,,,,,,
355,0.017483099247328937,0.0,74.0,0.0,0.0,0.0,0.0,0.0,0.0,0.0,0.6,0.0038053,4,10,0.0,,,,,,,,,,
356,0.023314791615121067,0.0,74.0,0.0,0.0,0.0,0.0,0.0,0.0,0.0,0.6,0.0038053,4,11,0.0,,,,,,,,,,
357,0.015171834034845233,0.0,74.0,0.0,0.0,0.0,0.0,0.0,0.0,0.0,0.6,0.0038053,4,12,0.0,,,,,,,,,,
358,0.01348738675005734,0.0,74.0,0.0,0.0,0.0,0.0,0.0,0.0,0.0,0.6,0.0038053,4,13,0.0,,,,,,,,,,
359,0.15901852492243052,0.0,74.0,0.0,0.0,0.0,0.0,0.0,0.0,0.0,0.6,0.0038053,4,14,0.0,,,,,,,,,,
360,0.16046651266515255,0.0,74.0,0.0,0.0,0.0,0.0,0.0,0.0,0.0,0.6,0.0038053,4,15,0.0,,,,,,,,,,
361,0.012175358948297799,0.0,74.0,0.0,0.0,0.0,0.0,0.0,0.0,0.0,0.6,0.0038053,4,16,0.0,,,,,,,,,,
362,0.027307968004606664,0.0,74.0,0.0,0.0,0.0,0.0,0.0,0.0,0.0,0.6,0.0038053,4,17,0.0,,,,,,,,,,
363,0.14254591742064804,0.0,74.0,0.0,0.0,0.0,0.0,0.0,0.0,0.0,0.6,0.0038053,4,18,0.0,,,,,,,,,,
364,0.11581762321293354,0.0,74.0,0.0,0.0,0.0,0.0,0.0,0.0,0.0,0.6,0.0038053,4,19,0.0,,,,,,,,,,
365,0.009645016980357468,3.0,74.0,0.04054054054054054,2.0,1.0,0.6666666666666666,0.3333333333333333,0.14884045913983182,0.0,0.6,0.0038053,4,20,0.0,,,,,,,,,,
366,0.09781188564375043,0.0,74.0,0.0,0.0,0.0,0.0,0.0,0.0,0.0,0.6,0.0038053,4,21,0.0,,,,,,,,,,
367,0.0268980055116117,0.0,74.0,0.0,0.0,0.0,0.0,0.0,0.0,0.0,0.6,0.0038053,4,22,0.0,,,,,,,,,,
368,0.01873070141300559,0.0,74.0,0.0,0.0,0.0,0.0,0.0,0.0,0.0,0.6,0.0038053,4,23,0.0,,,,,,,,,,
369,0.015096336137503386,0.0,74.0,0.0,0.0,0.0,0.0,0.0,0.0,0.0,0.6,0.0038053,4,24,0.0,,,,,,,,,,
370,0.008943117165472358,1.0,74.0,0.013513513513513514,1.0,0.0,1.0,0.0,0.1484576071275143,0.0,0.6,0.0038053,4,25,0.0,,,,,,,,,,
371,0.0064484484028071165,63.0,74.0,0.8513513513513513,20.0,43.0,0.31746031746031744,0.6825396825396826,0.17238563706554763,0.0,0.6,0.0038053,4,26,0.0,,,,,,,,,,
372,0.18931276141665876,0.0,74.0,0.0,0.0,0.0,0.0,0.0,0.0,0.0,0.6,0.0038053,4,27,0.0,,,,,,,,,,
373,0.04331225872738287,0.0,74.0,0.0,0.0,0.0,0.0,0.0,0.0,0.0,0.6,0.0038053,4,28,0.0,,,,,,,,,,
374,0.2965238243341446,0.0,74.0,0.0,0.0,0.0,0.0,0.0,0.0,0.0,0.6,0.0038053,4,29,0.0,,,,,,,,,,
375,0.006753862369805574,30.0,74.0,0.40540540540540543,8.0,22.0,0.26666666666666666,0.7333333333333333,0.17773904591246245,0.0,0.6,0.0038053,4,30,0.0,,,,,,,,,,
376,0.037565509788692,0.0,74.0,0.0,0.0,0.0,0.0,0.0,0.0,0.0,0.6,0.0038053,4,31,0.0,,,,,,,,,,
377,0.031123520922847092,0.0,74.0,0.0,0.0,0.0,0.0,0.0,0.0,0.0,0.6,0.0038053,4,32,0.0,,,,,,,,,,
378,0.06666810112074018,0.0,74.0,0.0,0.0,0.0,0.0,0.0,0.0,0.0,0.6,0.0038053,4,33,0.0,,,,,,,,,,
379,0.00890588213223964,32.0,74.0,0.43243243243243246,6.0,26.0,0.1875,0.8125,0.17958455534224108,0.0,0.6,0.0038053,4,34,0.0,,,,,,,,,,
380,0.1279742568731308,0.0,74.0,0.0,0.0,0.0,0.0,0.0,0.0,0.0,0.6,0.0038053,4,35,0.0,,,,,,,,,,
381,0.1594303275924176,0.0,74.0,0.0,0.0,0.0,0.0,0.0,0.0,0.0,0.6,0.0038053,4,36,0.0,,,,,,,,,,
382,0.010917748557403684,0.0,74.0,0.0,0.0,0.0,0.0,0.0,0.0,0.0,0.6,0.0038053,4,37,0.0,,,,,,,,,,
383,0.06145418563392013,0.0,74.0,0.0,0.0,0.0,0.0,0.0,0.0,0.0,0.6,0.0038053,4,38,0.0,,,,,,,,,,
384,0.01128497184254229,0.0,74.0,0.0,0.0,0.0,0.0,0.0,0.0,0.0,0.6,0.0038053,4,39,0.0,,,,,,,,,,
385,0.030189373064786196,0.0,74.0,0.0,0.0,0.0,0.0,0.0,0.0,0.0,0.6,0.0038053,4,40,0.0,,,,,,,,,,
386,0.00904197699856013,3.0,74.0,0.04054054054054054,0.0,3.0,0.0,1.0,0.17575211106230637,0.0,0.6,0.0038053,4,41,0.0,,,,,,,,,,
387,0.011100920964963734,0.0,74.0,0.0,0.0,0.0,0.0,0.0,0.0,0.0,0.6,0.0038053,4,42,0.0,,,,,,,,,,
388,0.06915691145695746,0.0,74.0,0.0,0.0,0.0,0.0,0.0,0.0,0.0,0.6,0.0038053,4,43,0.0,,,,,,,,,,
389,0.16138484503608197,0.0,74.0,0.0,0.0,0.0,0.0,0.0,0.0,0.0,0.6,0.0038053,4,44,0.0,,,,,,,,,,
390,0.008162829210050404,1.0,74.0,0.013513513513513514,0.0,1.0,0.0,1.0,0.18211289243560255,0.0,0.6,0.0038053,4,45,0.0,,,,,,,,,,
391,0.02032578899525106,0.0,74.0,0.0,0.0,0.0,0.0,0.0,0.0,0.0,0.6,0.0038053,4,46,0.0,,,,,,,,,,
392,0.07135478977579623,0.0,74.0,0.0,0.0,0.0,0.0,0.0,0.0,0.0,0.6,0.0038053,4,47,0.0,,,,,,,,,,
393,0.1593324071727693,0.0,74.0,0.0,0.0,0.0,0.0,0.0,0.0,0.0,0.6,0.0038053,4,48,0.0,,,,,,,,,,
394,0.02696218155324459,0.0,74.0,0.0,0.0,0.0,0.0,0.0,0.0,0.0,0.6,0.0038053,4,49,0.0,,,,,,,,,,
395,0.05481612274888903,0.0,74.0,0.0,0.0,0.0,0.0,0.0,0.0,0.0,0.6,0.0038053,4,50,0.0,,,,,,,,,,
396,0.010358095169067383,0.0,74.0,0.0,0.0,0.0,0.0,0.0,0.0,0.0,0.6,0.0038053,4,51,0.0,,,,,,,,,,
397,0.15441257529892027,0.0,74.0,0.0,0.0,0.0,0.0,0.0,0.0,0.0,0.6,0.0038053,4,52,0.0,,,,,,,,,,
398,0.010177793446928263,0.0,74.0,0.0,0.0,0.0,0.0,0.0,0.0,0.0,0.6,0.0038053,4,53,0.0,,,,,,,,,,
399,0.06127210194244981,0.0,74.0,0.0,0.0,0.0,0.0,0.0,0.0,0.0,0.6,0.0038053,4,54,0.0,,,,,,,,,,
400,0.006055908161215484,0.0,74.0,0.0,0.0,0.0,0.0,0.0,0.0,0.0,0.6,0.0038053,4,55,0.0,,,,,,,,,,
401,0.01584822207223624,0.0,74.0,0.0,0.0,0.0,0.0,0.0,0.0,0.0,0.6,0.0038053,4,56,0.0,,,,,,,,,,
402,0.004043370601721108,65.0,74.0,0.8783783783783784,16.0,49.0,0.24615384615384617,0.7538461538461538,0.17449654855864571,0.0,0.6,0.0038053,4,57,0.0,,,,,,,,,,
403,0.22845115012023598,0.0,74.0,0.0,0.0,0.0,0.0,0.0,0.0,0.0,0.6,0.0038053,4,58,0.0,,,,,,,,,,
404,0.0058099383022636175,13.0,74.0,0.17567567567567569,5.0,8.0,0.38461538461538464,0.6153846153846154,0.16376868688639817,0.0,0.6,0.0038053,4,59,0.0,,,,,,,,,,
405,0.053277081227861345,0.0,74.0,0.0,0.0,0.0,0.0,0.0,0.0,0.0,0.6,0.0038053,4,60,0.0,,,,,,,,,,
406,0.02646661299513653,0.0,74.0,0.0,0.0,0.0,0.0,0.0,0.0,0.0,0.6,0.0038053,4,61,0.0,,,,,,,,,,
407,0.07943917228840292,0.0,74.0,0.0,0.0,0.0,0.0,0.0,0.0,0.0,0.6,0.0038053,4,62,0.0,,,,,,,,,,
408,0.09383616806007922,0.0,74.0,0.0,0.0,0.0,0.0,0.0,0.0,0.0,0.6,0.0038053,4,63,0.0,,,,,,,,,,
409,0.11146403290331364,0.0,74.0,0.0,0.0,0.0,0.0,0.0,0.0,0.0,0.6,0.0038053,4,64,0.0,,,,,,,,,,
410,0.1412166318623349,0.0,74.0,0.0,0.0,0.0,0.0,0.0,0.0,0.0,0.6,0.0038053,4,65,0.0,,,,,,,,,,
411,0.11913023615488783,0.0,74.0,0.0,0.0,0.0,0.0,0.0,0.0,0.0,0.6,0.0038053,4,66,0.0,,,,,,,,,,
412,0.188063423614949,0.0,74.0,0.0,0.0,0.0,0.0,0.0,0.0,0.0,0.6,0.0038053,4,67,0.0,,,,,,,,,,
413,0.012464080238714814,0.0,74.0,0.0,0.0,0.0,0.0,0.0,0.0,0.0,0.6,0.0038053,4,68,0.0,,,,,,,,,,
414,0.013243957189843059,0.0,74.0,0.0,0.0,0.0,0.0,0.0,0.0,0.0,0.6,0.0038053,4,69,0.0,,,,,,,,,,
415,0.20154423592612147,0.0,74.0,0.0,0.0,0.0,0.0,0.0,0.0,0.0,0.6,0.0038053,4,70,0.0,,,,,,,,,,
416,0.007958210771903396,0.0,74.0,0.0,0.0,0.0,0.0,0.0,0.0,0.0,0.6,0.0038053,4,71,0.0,,,,,,,,,,
417,0.016572769032791257,0.0,74.0,0.0,0.0,0.0,0.0,0.0,0.0,0.0,0.6,0.0038053,4,72,0.0,,,,,,,,,,
418,0.023376815544907004,0.0,74.0,0.0,0.0,0.0,0.0,0.0,0.0,0.0,0.6,0.0038053,4,73,0.0,,,,,,,,,,
419,0.11229598522186279,0.0,74.0,0.0,0.0,0.0,0.0,0.0,0.0,0.0,0.6,0.0038053,4,74,0.0,,,,,,,,,,
420,0.004037865030113608,32.0,74.0,0.43243243243243246,9.0,23.0,0.28125,0.71875,0.1767499150251395,0.0,0.6,0.0038053,4,75,0.0,,,,,,,,,,
421,0.16904171789065003,0.0,74.0,0.0,0.0,0.0,0.0,0.0,0.0,0.0,0.6,0.0038053,4,76,0.0,,,,,,,,,,
422,0.012172093382105231,0.0,74.0,0.0,0.0,0.0,0.0,0.0,0.0,0.0,0.6,0.0038053,4,77,0.0,,,,,,,,,,
423,0.06347247923258692,0.0,74.0,0.0,0.0,0.0,0.0,0.0,0.0,0.0,0.6,0.0038053,4,78,0.0,,,,,,,,,,
424,0.024417405482381582,0.0,74.0,0.0,0.0,0.0,0.0,0.0,0.0,0.0,0.6,0.0038053,4,79,0.0,,,,,,,,,,
425,0.17687317787203938,0.0,74.0,0.0,0.0,0.0,0.0,0.0,0.0,0.0,0.6,0.0038053,4,80,0.0,,,,,,,,,,
426,0.1655196282081306,0.0,74.0,0.0,0.0,0.0,0.0,0.0,0.0,0.0,0.6,0.0038053,4,81,0.0,,,,,,,,,,
427,0.18121535028330982,0.0,74.0,0.0,0.0,0.0,0.0,0.0,0.0,0.0,0.6,0.0038053,4,82,0.0,,,,,,,,,,
428,0.015329788206145167,0.0,74.0,0.0,0.0,0.0,0.0,0.0,0.0,0.0,0.6,0.0038053,4,83,0.0,,,,,,,,,,
429,0.005873448448255658,9.0,74.0,0.12162162162162163,3.0,6.0,0.3333333333333333,0.6666666666666666,0.1801048388000842,0.0,0.6,0.0038053,4,84,0.0,,,,,,,,,,
430,0.1705917336512357,0.0,74.0,0.0,0.0,0.0,0.0,0.0,0.0,0.0,0.6,0.0038053,4,85,0.0,,,,,,,,,,
431,0.21691147051751614,0.0,74.0,0.0,0.0,0.0,0.0,0.0,0.0,0.0,0.6,0.0038053,4,86,0.0,,,,,,,,,,
432,0.008177719078958035,0.0,74.0,0.0,0.0,0.0,0.0,0.0,0.0,0.0,0.6,0.0038053,4,87,0.0,,,,,,,,,,
433,0.058208219008520246,0.0,74.0,0.0,0.0,0.0,0.0,0.0,0.0,0.0,0.6,0.0038053,4,88,0.0,,,,,,,,,,
434,0.1347838983638212,0.0,74.0,0.0,0.0,0.0,0.0,0.0,0.0,0.0,0.6,0.0038053,4,89,0.0,,,,,,,,,,
435,0.003854596463497728,65.0,74.0,0.8783783783783784,17.0,48.0,0.26153846153846155,0.7384615384615385,0.1749433412023053,0.0,0.6,0.0038053,4,90,0.0,,,,,,,,,,
436,0.014274644199758768,0.0,74.0,0.0,0.0,0.0,0.0,0.0,0.0,0.0,0.6,0.0038053,4,91,0.0,,,,,,,,,,
437,0.17160668119322509,0.0,74.0,0.0,0.0,0.0,0.0,0.0,0.0,0.0,0.6,0.0038053,4,92,0.0,,,,,,,,,,
438,0.10409550799522549,0.0,74.0,0.0,0.0,0.0,0.0,0.0,0.0,0.0,0.6,0.0038053,4,93,0.0,,,,,,,,,,
439,0.12062979763140902,0.0,74.0,0.0,0.0,0.0,0.0,0.0,0.0,0.0,0.6,0.0038053,4,94,0.0,,,,,,,,,,
440,0.01169249991653487,0.0,74.0,0.0,0.0,0.0,0.0,0.0,0.0,0.0,0.6,0.0038053,4,95,0.0,,,,,,,,,,
441,0.26432006002869457,0.0,74.0,0.0,0.0,0.0,0.0,0.0,0.0,0.0,0.6,0.0038053,4,96,0.0,,,,,,,,,,
442,0.19375702552497387,0.0,74.0,0.0,0.0,0.0,0.0,0.0,0.0,0.0,0.6,0.0038053,4,97,0.0,,,,,,,,,,
443,0.0052825542516075075,34.0,74.0,0.4594594594594595,11.0,23.0,0.3235294117647059,0.6764705882352942,0.1728094852557929,0.0,0.6,0.0038053,4,98,0.0,,,,,,,,,,
444,0.03410946996882558,0.0,74.0,0.0,0.0,0.0,0.0,0.0,0.0,0.0,0.6,0.0038053,4,99,0.0,,,,,,,,,,
445,0.07298002869356424,0.0,74.0,0.0,0.0,0.0,0.0,0.0,0.0,0.0,0.6,0.0038053,4,100,0.0,,,,,,,,,,
446,0.14901867660228163,0.0,74.0,0.0,0.0,0.0,0.0,0.0,0.0,0.0,0.6,0.0038053,4,101,0.0,,,,,,,,,,
447,0.008221984491683543,0.0,74.0,0.0,0.0,0.0,0.0,0.0,0.0,0.0,0.6,0.0038053,4,102,0.0,,,,,,,,,,
448,0.017064585525076836,0.0,74.0,0.0,0.0,0.0,0.0,0.0,0.0,0.0,0.6,0.0038053,4,103,0.0,,,,,,,,,,
449,0.0045936788665130734,63.0,74.0,0.8513513513513513,18.0,45.0,0.2857142857142857,0.7142857142857143,0.17362929167517818,0.0,0.6,0.0038053,4,104,0.0,,,,,,,,,,
450,0.29002594016492367,0.0,74.0,0.0,0.0,0.0,0.0,0.0,0.0,0.0,0.6,0.0038053,4,105,0.0,,,,,,,,,,
451,0.0035595420049503446,66.0,74.0,0.8918918918918919,21.0,45.0,0.3181818181818182,0.6818181818181818,0.17612594223614456,0.0,0.6,0.0038053,4,106,0.0,,,,,,,,,,
452,0.2698083214927465,0.0,74.0,0.0,0.0,0.0,0.0,0.0,0.0,0.0,0.6,0.0038053,4,107,0.0,,,,,,,,,,
453,0.008027291507460177,0.0,74.0,0.0,0.0,0.0,0.0,0.0,0.0,0.0,0.6,0.0038053,4,108,0.0,,,,,,,,,,
454,0.005573469679802656,23.0,74.0,0.3108108108108108,9.0,14.0,0.391304347826087,0.6086956521739131,0.16968210790630794,0.0,0.6,0.0038053,4,109,0.0,,,,,,,,,,
455,0.13269122585188597,0.0,74.0,0.0,0.0,0.0,0.0,0.0,0.0,0.0,0.6,0.0038053,4,110,0.0,,,,,,,,,,
456,0.02523927402216941,0.0,74.0,0.0,0.0,0.0,0.0,0.0,0.0,0.0,0.6,0.0038053,4,111,0.0,,,,,,,,,,
457,0.0073700041975826025,1.0,74.0,0.013513513513513514,0.0,1.0,0.0,1.0,0.194565187501437,0.0,0.6,0.0038053,4,112,0.0,,,,,,,,,,
458,0.07957704225555062,0.0,74.0,0.0,0.0,0.0,0.0,0.0,0.0,0.0,0.6,0.0038053,4,113,0.0,,,,,,,,,,
459,0.050019601942040026,0.0,74.0,0.0,0.0,0.0,0.0,0.0,0.0,0.0,0.6,0.0038053,4,114,0.0,,,,,,,,,,
460,0.047832471411675216,0.0,74.0,0.0,0.0,0.0,0.0,0.0,0.0,0.0,0.6,0.0038053,4,115,0.0,,,,,,,,,,
460,,,,,,,,,,,,,4,,1.0,0.8529411764705882,0.6153260200069501,0.8480392156862745,0.5964730811806825,0.9956379498364231,0.018665720856465076,0.14269677336583486,0.9953653217011995,0.01945631556091425,0.14732610601492502
461,0.06076312903314829,0.0,74.0,0.0,0.0,0.0,0.0,0.0,0.0,0.0,0.6,0.0038053,5,1,0.0,,,,,,,,,,
462,0.0029339861357584596,71.0,74.0,0.9594594594594594,21.0,50.0,0.29577464788732394,0.704225352112676,0.1774031369973202,0.0,0.6,0.0038053,5,2,0.0,,,,,,,,,,
463,0.006250030244700611,0.0,74.0,0.0,0.0,0.0,0.0,0.0,0.0,0.0,0.6,0.0038053,5,3,0.0,,,,,,,,,,
464,0.0038872910663485527,47.0,74.0,0.6351351351351351,15.0,32.0,0.3191489361702128,0.6808510638297872,0.17521017648218778,0.0,0.6,0.0038053,5,4,0.0,,,,,,,,,,
465,0.007094880566000938,0.0,74.0,0.0,0.0,0.0,0.0,0.0,0.0,0.0,0.6,0.0038053,5,5,0.0,,,,,,,,,,
466,0.011759800836443901,0.0,74.0,0.0,0.0,0.0,0.0,0.0,0.0,0.0,0.6,0.0038053,5,6,0.0,,,,,,,,,,
467,0.1252341099898331,0.0,74.0,0.0,0.0,0.0,0.0,0.0,0.0,0.0,0.6,0.0038053,5,7,0.0,,,,,,,,,,
468,0.00952898059040308,0.0,74.0,0.0,0.0,0.0,0.0,0.0,0.0,0.0,0.6,0.0038053,5,8,0.0,,,,,,,,,,
469,0.004542445240076631,14.0,74.0,0.1891891891891892,2.0,12.0,0.14285714285714285,0.8571428571428571,0.17232409625063091,0.0,0.6,0.0038053,5,9,0.0,,,,,,,,,,
470,0.00475202890811488,55.0,74.0,0.7432432432432432,28.0,27.0,0.509090909090909,0.4909090909090909,0.17073378683573642,0.0,0.6,0.0038053,5,10,0.0,,,,,,,,,,
471,0.019238926004618406,0.0,74.0,0.0,0.0,0.0,0.0,0.0,0.0,0.0,0.6,0.0038053,5,11,0.0,,,,,,,,,,
472,0.018786947417538613,0.0,74.0,0.0,0.0,0.0,0.0,0.0,0.0,0.0,0.6,0.0038053,5,12,0.0,,,,,,,,,,
473,0.05067319079535082,0.0,74.0,0.0,0.0,0.0,0.0,0.0,0.0,0.0,0.6,0.0038053,5,13,0.0,,,,,,,,,,
474,0.0032743640476837754,72.0,74.0,0.972972972972973,26.0,46.0,0.3611111111111111,0.6388888888888888,0.174196974248552,0.0,0.6,0.0038053,5,14,0.0,,,,,,,,,,
475,0.013052103284280747,0.0,74.0,0.0,0.0,0.0,0.0,0.0,0.0,0.0,0.6,0.0038053,5,15,0.0,,,,,,,,,,
476,0.004336658515967429,41.0,74.0,0.5540540540540541,12.0,29.0,0.2926829268292683,0.7073170731707317,0.17474520879525346,0.0,0.6,0.0038053,5,16,0.0,,,,,,,,,,
477,0.00536227086558938,1.0,74.0,0.013513513513513514,1.0,0.0,1.0,0.0,0.0892283631691049,0.0,0.6,0.0038053,5,17,0.0,,,,,,,,,,
478,0.0054932908387854695,0.0,74.0,0.0,0.0,0.0,0.0,0.0,0.0,0.0,0.6,0.0038053,5,18,0.0,,,,,,,,,,
479,0.014985088666435331,0.0,74.0,0.0,0.0,0.0,0.0,0.0,0.0,0.0,0.6,0.0038053,5,19,0.0,,,,,,,,,,
480,0.0036689297412522137,50.0,74.0,0.6756756756756757,16.0,34.0,0.32,0.68,0.17267343393314852,0.0,0.6,0.0038053,5,20,0.0,,,,,,,,,,
481,0.008005778538063169,0.0,74.0,0.0,0.0,0.0,0.0,0.0,0.0,0.0,0.6,0.0038053,5,21,0.0,,,,,,,,,,
482,0.003488640009891242,66.0,74.0,0.8918918918918919,18.0,48.0,0.2727272727272727,0.7272727272727273,0.1763001905987353,0.0,0.6,0.0038053,5,22,0.0,,,,,,,,,,
483,0.002778277761535719,72.0,74.0,0.972972972972973,28.0,44.0,0.3888888888888889,0.6111111111111112,0.17373921791451524,0.0,0.6,0.0038053,5,23,0.0,,,,,,,,,,
484,0.003894076799042523,2.0,74.0,0.02702702702702703,1.0,1.0,0.5,0.5,0.1479823059811828,0.0,0.6,0.0038053,5,24,0.0,,,,,,,,,,
485,0.004036765662021935,4.0,74.0,0.05405405405405406,2.0,2.0,0.5,0.5,0.15509289103638535,0.0,0.6,0.0038053,5,25,0.0,,,,,,,,,,
486,0.002906808687839657,65.0,74.0,0.8783783783783784,16.0,49.0,0.24615384615384617,0.7538461538461538,0.17443482127971888,0.0,0.6,0.0038053,5,26,0.0,,,,,,,,,,
487,0.006503809476271272,1.0,74.0,0.013513513513513514,1.0,0.0,1.0,0.0,0.1406294298410203,0.0,0.6,0.0038053,5,27,0.0,,,,,,,,,,
488,0.0028743355651386082,64.0,74.0,0.8648648648648649,24.0,40.0,0.375,0.625,0.1736146355676077,0.0,0.6,0.0038053,5,28,0.0,,,,,,,,,,
489,0.009934906556736678,0.0,74.0,0.0,0.0,0.0,0.0,0.0,0.0,0.0,0.6,0.0038053,5,29,0.0,,,,,,,,,,
490,0.003013473644386977,49.0,74.0,0.6621621621621622,13.0,36.0,0.2653061224489796,0.7346938775510204,0.17534674583187157,0.0,0.6,0.0038053,5,30,0.0,,,,,,,,,,
491,0.0023158043331932276,72.0,74.0,0.972972972972973,17.0,55.0,0.2361111111111111,0.7638888888888888,0.17606826815561802,0.0,0.6,0.0038053,5,31,0.0,,,,,,,,,,
492,0.005915505287703127,0.0,74.0,0.0,0.0,0.0,0.0,0.0,0.0,0.0,0.6,0.0038053,5,32,0.0,,,,,,,,,,
493,0.03916157654020935,0.0,74.0,0.0,0.0,0.0,0.0,0.0,0.0,0.0,0.6,0.0038053,5,33,0.0,,,,,,,,,,
494,0.0030638228927273303,4.0,74.0,0.05405405405405406,1.0,3.0,0.25,0.75,0.16965415971058045,0.0,0.6,0.0038053,5,34,0.0,,,,,,,,,,
495,0.0036362545215524733,2.0,74.0,0.02702702702702703,2.0,0.0,1.0,0.0,0.1362299769507915,0.0,0.6,0.0038053,5,35,0.0,,,,,,,,,,
496,0.001878330163890496,72.0,74.0,0.972972972972973,16.0,56.0,0.2222222222222222,0.7777777777777778,0.17431229659060404,0.0,0.6,0.0038053,5,36,0.0,,,,,,,,,,
497,0.0016789451765362173,72.0,74.0,0.972972972972973,18.0,54.0,0.25,0.75,0.17450784456059745,0.0,0.6,0.0038053,5,37,0.0,,,,,,,,,,
498,0.10115242330357432,0.0,74.0,0.0,0.0,0.0,0.0,0.0,0.0,0.0,0.6,0.0038053,5,38,0.0,,,,,,,,,,
499,0.2301265820278786,0.0,74.0,0.0,0.0,0.0,0.0,0.0,0.0,0.0,0.6,0.0038053,5,39,0.0,,,,,,,,,,
500,0.012854989588959143,0.0,74.0,0.0,0.0,0.0,0.0,0.0,0.0,0.0,0.6,0.0038053,5,40,0.0,,,,,,,,,,
501,0.0027095858240500093,70.0,74.0,0.9459459459459459,29.0,41.0,0.4142857142857143,0.5857142857142857,0.17389184402758953,0.0,0.6,0.0038053,5,41,0.0,,,,,,,,,,
502,0.007152592239435762,0.0,74.0,0.0,0.0,0.0,0.0,0.0,0.0,0.0,0.6,0.0038053,5,42,0.0,,,,,,,,,,
503,0.08745555402128957,0.0,74.0,0.0,0.0,0.0,0.0,0.0,0.0,0.0,0.6,0.0038053,5,43,0.0,,,,,,,,,,
504,0.011574451084015891,0.0,74.0,0.0,0.0,0.0,0.0,0.0,0.0,0.0,0.6,0.0038053,5,44,0.0,,,,,,,,,,
505,0.0024511966621503234,72.0,74.0,0.972972972972973,24.0,48.0,0.3333333333333333,0.6666666666666666,0.17393036104902426,0.0,0.6,0.0038053,5,45,0.0,,,,,,,,,,
506,0.21589347947156057,0.0,74.0,0.0,0.0,0.0,0.0,0.0,0.0,0.0,0.6,0.0038053,5,46,0.0,,,,,,,,,,
507,0.15970058733364567,0.0,74.0,0.0,0.0,0.0,0.0,0.0,0.0,0.0,0.6,0.0038053,5,47,0.0,,,,,,,,,,
508,0.0014845315308775753,72.0,74.0,0.972972972972973,15.0,57.0,0.20833333333333334,0.7916666666666666,0.17518157346200944,0.0,0.6,0.0038053,5,48,0.0,,,,,,,,,,
509,0.0035546314320527017,31.0,74.0,0.4189189189189189,8.0,23.0,0.25806451612903225,0.7419354838709677,0.1779367186536309,0.0,0.6,0.0038053,5,49,0.0,,,,,,,,,,
510,0.0015067816420923918,72.0,74.0,0.972972972972973,7.0,65.0,0.09722222222222222,0.9027777777777778,0.17945613575110891,0.0,0.6,0.0038053,5,50,0.0,,,,,,,,,,
511,0.003946555079892278,1.0,74.0,0.013513513513513514,0.0,1.0,0.0,1.0,0.21910368793090682,0.0,0.6,0.0038053,5,51,0.0,,,,,,,,,,
512,0.006057492399122566,0.0,74.0,0.0,0.0,0.0,0.0,0.0,0.0,0.0,0.6,0.0038053,5,52,0.0,,,,,,,,,,
513,0.002495437569450587,41.0,74.0,0.5540540540540541,17.0,24.0,0.4146341463414634,0.5853658536585366,0.17432196641876102,0.0,0.6,0.0038053,5,53,0.0,,,,,,,,,,
514,0.005609509797068313,0.0,74.0,0.0,0.0,0.0,0.0,0.0,0.0,0.0,0.6,0.0038053,5,54,0.0,,,,,,,,,,
515,0.0024178619496524334,67.0,74.0,0.9054054054054054,25.0,42.0,0.373134328358209,0.6268656716417911,0.1727837195395627,0.0,0.6,0.0038053,5,55,0.0,,,,,,,,,,
516,0.004228202509693801,1.0,74.0,0.013513513513513514,1.0,0.0,1.0,0.0,0.1288008477572559,0.0,0.6,0.0038053,5,56,0.0,,,,,,,,,,
517,0.001785867236321792,72.0,74.0,0.972972972972973,21.0,51.0,0.2916666666666667,0.7083333333333334,0.17467196216884734,0.0,0.6,0.0038053,5,57,0.0,,,,,,,,,,
518,0.002743558259680867,38.0,74.0,0.5135135135135135,12.0,26.0,0.3157894736842105,0.6842105263157895,0.17240714481383104,0.0,0.6,0.0038053,5,58,0.0,,,,,,,,,,
519,0.00293485022848472,49.0,74.0,0.6621621621621622,16.0,33.0,0.32653061224489793,0.673469387755102,0.17357862159238957,0.0,0.6,0.0038053,5,59,0.0,,,,,,,,,,
520,0.12321271206019446,0.0,74.0,0.0,0.0,0.0,0.0,0.0,0.0,0.0,0.6,0.0038053,5,60,0.0,,,,,,,,,,
521,0.03243342414498329,0.0,74.0,0.0,0.0,0.0,0.0,0.0,0.0,0.0,0.6,0.0038053,5,61,0.0,,,,,,,,,,
522,0.00301048147957772,9.0,74.0,0.12162162162162163,2.0,7.0,0.2222222222222222,0.7777777777777778,0.17015315738850745,0.0,0.6,0.0038053,5,62,0.0,,,,,,,,,,
523,0.010436575161293149,0.0,74.0,0.0,0.0,0.0,0.0,0.0,0.0,0.0,0.6,0.0038053,5,63,0.0,,,,,,,,,,
524,0.0022168651339598,72.0,74.0,0.972972972972973,26.0,46.0,0.3611111111111111,0.6388888888888888,0.17310551672568245,0.0,0.6,0.0038053,5,64,0.0,,,,,,,,,,
525,0.0013683540892088786,71.0,74.0,0.9594594594594594,18.0,53.0,0.2535211267605634,0.7464788732394366,0.17423739106882705,0.0,0.6,0.0038053,5,65,0.0,,,,,,,,,,
526,0.0018748608999885619,72.0,74.0,0.972972972972973,22.0,50.0,0.3055555555555556,0.6944444444444444,0.17435810659697637,0.0,0.6,0.0038053,5,66,0.0,,,,,,,,,,
527,0.0033790257293730974,1.0,74.0,0.013513513513513514,1.0,0.0,1.0,0.0,0.15531109362050263,0.0,0.6,0.0038053,5,67,0.0,,,,,,,,,,
528,0.09286620852071792,0.0,74.0,0.0,0.0,0.0,0.0,0.0,0.0,0.0,0.6,0.0038053,5,68,0.0,,,,,,,,,,
529,0.0012932066310895607,72.0,74.0,0.972972972972973,3.0,69.0,0.041666666666666664,0.9583333333333334,0.18265294445017213,0.0,0.6,0.0038053,5,69,0.0,,,,,,,,,,
530,0.0021375704382080585,72.0,74.0,0.972972972972973,15.0,57.0,0.20833333333333334,0.7916666666666666,0.17435019411269737,0.0,0.6,0.0038053,5,70,0.0,,,,,,,,,,
531,0.006032512406818569,0.0,74.0,0.0,0.0,0.0,0.0,0.0,0.0,0.0,0.6,0.0038053,5,71,0.0,,,,,,,,,,
532,0.16610301961190999,0.0,74.0,0.0,0.0,0.0,0.0,0.0,0.0,0.0,0.6,0.0038053,5,72,0.0,,,,,,,,,,
533,0.16711530165048316,0.0,74.0,0.0,0.0,0.0,0.0,0.0,0.0,0.0,0.6,0.0038053,5,73,0.0,,,,,,,,,,
534,0.004118875658605248,0.0,74.0,0.0,0.0,0.0,0.0,0.0,0.0,0.0,0.6,0.0038053,5,74,0.0,,,,,,,,,,
535,0.002068025729386136,62.0,74.0,0.8378378378378378,21.0,41.0,0.3387096774193548,0.6612903225806451,0.17524250770811883,0.0,0.6,0.0038053,5,75,0.0,,,,,,,,,,
536,0.07015948608750477,0.0,74.0,0.0,0.0,0.0,0.0,0.0,0.0,0.0,0.6,0.0038053,5,76,0.0,,,,,,,,,,
537,0.002808543242281303,1.0,74.0,0.013513513513513514,1.0,0.0,1.0,0.0,0.16503863053047155,0.0,0.6,0.0038053,5,77,0.0,,,,,,,,,,
538,0.09041360524133779,0.0,74.0,0.0,0.0,0.0,0.0,0.0,0.0,0.0,0.6,0.0038053,5,78,0.0,,,,,,,,,,
539,0.001469553608330898,72.0,74.0,0.972972972972973,14.0,58.0,0.19444444444444445,0.8055555555555556,0.18049299429816776,0.0,0.6,0.0038053,5,79,0.0,,,,,,,,,,
540,0.06956531264586374,0.0,74.0,0.0,0.0,0.0,0.0,0.0,0.0,0.0,0.6,0.0038053,5,80,0.0,,,,,,,,,,
541,0.0013639324461109936,72.0,74.0,0.972972972972973,17.0,55.0,0.2361111111111111,0.7638888888888888,0.1758588134537572,0.0,0.6,0.0038053,5,81,0.0,,,,,,,,,,
542,0.0017712753324303776,72.0,74.0,0.972972972972973,17.0,55.0,0.2361111111111111,0.7638888888888888,0.17510389414496974,0.0,0.6,0.0038053,5,82,0.0,,,,,,,,,,
543,0.14889980969019234,0.0,74.0,0.0,0.0,0.0,0.0,0.0,0.0,0.0,0.6,0.0038053,5,83,0.0,,,,,,,,,,
544,0.0026903318939730525,42.0,74.0,0.5675675675675675,11.0,31.0,0.2619047619047619,0.7380952380952381,0.17475202079309612,0.0,0.6,0.0038053,5,84,0.0,,,,,,,,,,
545,0.0018013021617662162,71.0,74.0,0.9594594594594594,27.0,44.0,0.38028169014084506,0.6197183098591549,0.17351493423633857,0.0,0.6,0.0038053,5,85,0.0,,,,,,,,,,
546,0.0025066510715987533,53.0,74.0,0.7162162162162162,18.0,35.0,0.33962264150943394,0.660377358490566,0.17589988430703402,0.0,0.6,0.0038053,5,86,0.0,,,,,,,,,,
547,0.0037996018363628536,1.0,74.0,0.013513513513513514,1.0,0.0,1.0,0.0,0.1446835924109508,0.0,0.6,0.0038053,5,87,0.0,,,,,,,,,,
548,0.0029219157877378166,2.0,74.0,0.02702702702702703,1.0,1.0,0.5,0.5,0.16044102252222925,0.0,0.6,0.0038053,5,88,0.0,,,,,,,,,,
549,0.15020732008269988,0.0,74.0,0.0,0.0,0.0,0.0,0.0,0.0,0.0,0.6,0.0038053,5,89,0.0,,,,,,,,,,
550,0.017526320763863623,0.0,74.0,0.0,0.0,0.0,0.0,0.0,0.0,0.0,0.6,0.0038053,5,90,0.0,,,,,,,,,,
551,0.002096870681270957,63.0,74.0,0.8513513513513513,16.0,47.0,0.25396825396825395,0.746031746031746,0.1736274761152386,0.0,0.6,0.0038053,5,91,0.0,,,,,,,,,,
552,0.0069786536623723805,0.0,74.0,0.0,0.0,0.0,0.0,0.0,0.0,0.0,0.6,0.0038053,5,92,0.0,,,,,,,,,,
553,0.002297615457791835,64.0,74.0,0.8648648648648649,21.0,43.0,0.328125,0.671875,0.1746954982564836,0.0,0.6,0.0038053,5,93,0.0,,,,,,,,,,
554,0.12154770927736536,0.0,74.0,0.0,0.0,0.0,0.0,0.0,0.0,0.0,0.6,0.0038053,5,94,0.0,,,,,,,,,,
555,0.1547558596066665,0.0,74.0,0.0,0.0,0.0,0.0,0.0,0.0,0.0,0.6,0.0038053,5,95,0.0,,,,,,,,,,
556,0.015117559960344806,0.0,74.0,0.0,0.0,0.0,0.0,0.0,0.0,0.0,0.6,0.0038053,5,96,0.0,,,,,,,,,,
557,0.002252022735774517,69.0,74.0,0.9324324324324325,24.0,45.0,0.34782608695652173,0.6521739130434783,0.1757514510874568,0.0,0.6,0.0038053,5,97,0.0,,,,,,,,,,
558,0.08963173179654405,0.0,74.0,0.0,0.0,0.0,0.0,0.0,0.0,0.0,0.6,0.0038053,5,98,0.0,,,,,,,,,,
559,0.001464505447074771,66.0,74.0,0.8918918918918919,16.0,50.0,0.24242424242424243,0.7575757575757576,0.17785944771124612,0.0,0.6,0.0038053,5,99,0.0,,,,,,,,,,
560,0.11410116229671985,0.0,74.0,0.0,0.0,0.0,0.0,0.0,0.0,0.0,0.6,0.0038053,5,100,0.0,,,,,,,,,,
561,0.0029260434093885124,16.0,74.0,0.21621621621621623,5.0,11.0,0.3125,0.6875,0.17254248105605655,0.0,0.6,0.0038053,5,101,0.0,,,,,,,,,,
562,0.13065787646337412,0.0,74.0,0.0,0.0,0.0,0.0,0.0,0.0,0.0,0.6,0.0038053,5,102,0.0,,,,,,,,,,
563,0.004280968219973147,1.0,74.0,0.013513513513513514,1.0,0.0,1.0,0.0,0.1477692921765775,0.0,0.6,0.0038053,5,103,0.0,,,,,,,,,,
564,0.0017510477919131517,72.0,74.0,0.972972972972973,16.0,56.0,0.2222222222222222,0.7777777777777778,0.17510914136505956,0.0,0.6,0.0038053,5,104,0.0,,,,,,,,,,
565,0.06526953057618812,0.0,74.0,0.0,0.0,0.0,0.0,0.0,0.0,0.0,0.6,0.0038053,5,105,0.0,,,,,,,,,,
566,0.0017593287047930062,72.0,74.0,0.972972972972973,15.0,57.0,0.20833333333333334,0.7916666666666666,0.17459815458939276,0.0,0.6,0.0038053,5,106,0.0,,,,,,,,,,
567,0.0017907764704432338,34.0,74.0,0.4594594594594595,9.0,25.0,0.2647058823529412,0.7352941176470589,0.17619941156270316,0.0,0.6,0.0038053,5,107,0.0,,,,,,,,,,
568,0.0023549155448563397,35.0,74.0,0.47297297297297297,8.0,27.0,0.22857142857142856,0.7714285714285715,0.17468584276025353,0.0,0.6,0.0038053,5,108,0.0,,,,,,,,,,
569,0.13834336842410266,0.0,74.0,0.0,0.0,0.0,0.0,0.0,0.0,0.0,0.6,0.0038053,5,109,0.0,,,,,,,,,,
570,0.0025572243030183017,52.0,74.0,0.7027027027027027,12.0,40.0,0.23076923076923078,0.7692307692307693,0.17347738627896614,0.0,0.6,0.0038053,5,110,0.0,,,,,,,,,,
571,0.0022677259403280914,46.0,74.0,0.6216216216216216,10.0,36.0,0.21739130434782608,0.782608695652174,0.17716072365293983,0.0,0.6,0.0038053,5,111,0.0,,,,,,,,,,
572,0.008152216498274356,0.0,74.0,0.0,0.0,0.0,0.0,0.0,0.0,0.0,0.6,0.0038053,5,112,0.0,,,,,,,,,,
573,0.0031682025000918657,38.0,74.0,0.5135135135135135,10.0,28.0,0.2631578947368421,0.7368421052631579,0.17409841654029526,0.0,0.6,0.0038053,5,113,0.0,,,,,,,,,,
574,0.0031261906842701137,0.0,74.0,0.0,0.0,0.0,0.0,0.0,0.0,0.0,0.6,0.0038053,5,114,0.0,,,,,,,,,,
575,0.002230775635689497,35.0,74.0,0.47297297297297297,14.0,21.0,0.4,0.6,0.17150080330491965,0.0,0.6,0.0038053,5,115,0.0,,,,,,,,,,
575,,,,,,,,,,,,,5,,1.0,0.8578431372549019,0.6569229112221644,0.8553921568627451,0.6347734022599,0.9986368593238822,0.005501031999111824,0.14079372206898033,0.9986368593238822,0.0059198634607879365,0.14324470246113719
576,0.002619113161927089,29.0,74.0,0.3918918918918919,3.0,26.0,0.10344827586206896,0.896551724137931,0.1765513070997253,0.0,0.6,0.0038053,6,1,0.0,,,,,,,,,,
577,0.07563361371285282,0.0,74.0,0.0,0.0,0.0,0.0,0.0,0.0,0.0,0.6,0.0038053,6,2,0.0,,,,,,,,,,
578,0.0018892925581894815,72.0,74.0,0.972972972972973,17.0,55.0,0.2361111111111111,0.7638888888888888,0.17333153812851954,0.0,0.6,0.0038053,6,3,0.0,,,,,,,,,,
579,0.002487727702828124,56.0,74.0,0.7567567567567568,19.0,37.0,0.3392857142857143,0.6607142857142857,0.1733374993838354,0.0,0.6,0.0038053,6,4,0.0,,,,,,,,,,
580,0.005086133751319721,0.0,74.0,0.0,0.0,0.0,0.0,0.0,0.0,0.0,0.6,0.0038053,6,5,0.0,,,,,,,,,,
581,0.0024367179721593857,52.0,74.0,0.7027027027027027,9.0,43.0,0.17307692307692307,0.8269230769230769,0.17522432440504307,0.0,0.6,0.0038053,6,6,0.0,,,,,,,,,,
582,0.0031008412479422987,35.0,74.0,0.47297297297297297,11.0,24.0,0.3142857142857143,0.6857142857142857,0.17940510148514885,0.0,0.6,0.0038053,6,7,0.0,,,,,,,,,,
583,0.002124683349393308,55.0,74.0,0.7432432432432432,9.0,46.0,0.16363636363636364,0.8363636363636363,0.17569872221581623,0.0,0.6,0.0038053,6,8,0.0,,,,,,,,,,
584,0.0011507501039886847,72.0,74.0,0.972972972972973,6.0,66.0,0.08333333333333333,0.9166666666666666,0.17917806086396715,0.0,0.6,0.0038053,6,9,0.0,,,,,,,,,,
585,0.001697851053904742,71.0,74.0,0.9594594594594594,24.0,47.0,0.3380281690140845,0.6619718309859155,0.1732206329486341,0.0,0.6,0.0038053,6,10,0.0,,,,,,,,,,
586,0.01166695641586557,0.0,74.0,0.0,0.0,0.0,0.0,0.0,0.0,0.0,0.6,0.0038053,6,11,0.0,,,,,,,,,,
587,0.0018865884048864245,72.0,74.0,0.972972972972973,25.0,47.0,0.3472222222222222,0.6527777777777778,0.17426891763408825,0.0,0.6,0.0038053,6,12,0.0,,,,,,,,,,
588,0.005510110117029399,0.0,74.0,0.0,0.0,0.0,0.0,0.0,0.0,0.0,0.6,0.0038053,6,13,0.0,,,,,,,,,,
589,0.0022462718770839274,72.0,74.0,0.972972972972973,22.0,50.0,0.3055555555555556,0.6944444444444444,0.1745778790961402,0.0,0.6,0.0038053,6,14,0.0,,,,,,,,,,
590,0.07602178672095761,0.0,74.0,0.0,0.0,0.0,0.0,0.0,0.0,0.0,0.6,0.0038053,6,15,0.0,,,,,,,,,,
591,0.0025929472176358104,69.0,74.0,0.9324324324324325,22.0,47.0,0.3188405797101449,0.6811594202898551,0.17570552274406764,0.0,0.6,0.0038053,6,16,0.0,,,,,,,,,,
592,0.001265680359210819,46.0,74.0,0.6216216216216216,12.0,34.0,0.2608695652173913,0.7391304347826086,0.17459883150986966,0.0,0.6,0.0038053,6,17,0.0,,,,,,,,,,
593,0.001589158913702704,72.0,74.0,0.972972972972973,13.0,59.0,0.18055555555555555,0.8194444444444444,0.1757242756573018,0.0,0.6,0.0038053,6,18,0.0,,,,,,,,,,
594,0.0012076311249984428,72.0,74.0,0.972972972972973,21.0,51.0,0.2916666666666667,0.7083333333333334,0.17788997529677333,0.0,0.6,0.0038053,6,19,0.0,,,,,,,,,,
595,0.001212753981235437,72.0,74.0,0.972972972972973,10.0,62.0,0.1388888888888889,0.8611111111111112,0.1801760181443746,0.0,0.6,0.0038053,6,20,0.0,,,,,,,,,,
596,0.002724530640989542,42.0,74.0,0.5675675675675675,13.0,29.0,0.30952380952380953,0.6904761904761905,0.17420543731897048,0.0,0.6,0.0038053,6,21,0.0,,,,,,,,,,
597,0.0016822561883600429,72.0,74.0,0.972972972972973,21.0,51.0,0.2916666666666667,0.7083333333333334,0.1743992334273442,0.0,0.6,0.0038053,6,22,0.0,,,,,,,,,,
598,0.023473298962926492,0.0,74.0,0.0,0.0,0.0,0.0,0.0,0.0,0.0,0.6,0.0038053,6,23,0.0,,,,,,,,,,
599,0.0011019911617040634,72.0,74.0,0.972972972972973,9.0,63.0,0.125,0.875,0.17765766334019145,0.0,0.6,0.0038053,6,24,0.0,,,,,,,,,,
600,0.0019273365614935756,58.0,74.0,0.7837837837837838,10.0,48.0,0.1724137931034483,0.8275862068965517,0.17457786262050207,0.0,0.6,0.0038053,6,25,0.0,,,,,,,,,,
601,0.0012542524782475084,72.0,74.0,0.972972972972973,12.0,60.0,0.16666666666666666,0.8333333333333334,0.17523314758915484,0.0,0.6,0.0038053,6,26,0.0,,,,,,,,,,
602,0.0012383346766000614,72.0,74.0,0.972972972972973,23.0,49.0,0.3194444444444444,0.6805555555555556,0.17366732980837804,0.0,0.6,0.0038053,6,27,0.0,,,,,,,,,,
603,0.001809378038160503,69.0,74.0,0.9324324324324325,12.0,57.0,0.17391304347826086,0.8260869565217391,0.17485704444835587,0.0,0.6,0.0038053,6,28,0.0,,,,,,,,,,
604,0.04946134498459287,0.0,74.0,0.0,0.0,0.0,0.0,0.0,0.0,0.0,0.6,0.0038053,6,29,0.0,,,,,,,,,,
605,0.0016731204086681828,58.0,74.0,0.7837837837837838,17.0,41.0,0.29310344827586204,0.7068965517241379,0.177635913530121,0.0,0.6,0.0038053,6,30,0.0,,,,,,,,,,
606,0.001502720988355577,57.0,74.0,0.7702702702702703,15.0,42.0,0.2631578947368421,0.7368421052631579,0.176481021701543,0.0,0.6,0.0038053,6,31,0.0,,,,,,,,,,
607,0.1696929096360691,0.0,74.0,0.0,0.0,0.0,0.0,0.0,0.0,0.0,0.6,0.0038053,6,32,0.0,,,,,,,,,,
608,0.001660047535551712,48.0,74.0,0.6486486486486487,12.0,36.0,0.25,0.75,0.1757268931999428,0.0,0.6,0.0038053,6,33,0.0,,,,,,,,,,
609,0.08529903102316894,0.0,74.0,0.0,0.0,0.0,0.0,0.0,0.0,0.0,0.6,0.0038053,6,34,0.0,,,,,,,,,,
610,0.00130910481675528,72.0,74.0,0.972972972972973,15.0,57.0,0.20833333333333334,0.7916666666666666,0.17542617810225075,0.0,0.6,0.0038053,6,35,0.0,,,,,,,,,,
611,0.0017048950248863548,72.0,74.0,0.972972972972973,18.0,54.0,0.25,0.75,0.17531610989639343,0.0,0.6,0.0038053,6,36,0.0,,,,,,,,,,
612,0.0012204415252199396,72.0,74.0,0.972972972972973,3.0,69.0,0.041666666666666664,0.9583333333333334,0.18224399827257315,0.0,0.6,0.0038053,6,37,0.0,,,,,,,,,,
613,0.0007567381617263891,72.0,74.0,0.972972972972973,2.0,70.0,0.027777777777777776,0.9722222222222222,0.18599157336348193,0.0,0.6,0.0038053,6,38,0.0,,,,,,,,,,
614,0.0009783474233699962,72.0,74.0,0.972972972972973,13.0,59.0,0.18055555555555555,0.8194444444444444,0.17757729034662517,0.0,0.6,0.0038053,6,39,0.0,,,,,,,,,,
615,0.003230176749639213,7.0,74.0,0.0945945945945946,2.0,5.0,0.2857142857142857,0.7142857142857143,0.17111506171547988,0.0,0.6,0.0038053,6,40,0.0,,,,,,,,,,
616,0.0014616281841881573,72.0,74.0,0.972972972972973,29.0,43.0,0.4027777777777778,0.5972222222222222,0.17235408175986372,0.0,0.6,0.0038053,6,41,0.0,,,,,,,,,,
617,0.0011125306627945974,72.0,74.0,0.972972972972973,25.0,47.0,0.3472222222222222,0.6527777777777778,0.1730335649945486,0.0,0.6,0.0038053,6,42,0.0,,,,,,,,,,
618,0.0014998202677816153,72.0,74.0,0.972972972972973,22.0,50.0,0.3055555555555556,0.6944444444444444,0.17412064201138935,0.0,0.6,0.0038053,6,43,0.0,,,,,,,,,,
619,0.003752635049750097,2.0,74.0,0.02702702702702703,1.0,1.0,0.5,0.5,0.15647097795222814,0.0,0.6,0.0038053,6,44,0.0,,,,,,,,,,
620,0.0011385600082576275,72.0,74.0,0.972972972972973,22.0,50.0,0.3055555555555556,0.6944444444444444,0.17462492784189543,0.0,0.6,0.0038053,6,45,0.0,,,,,,,,,,
621,0.0015450793725904077,63.0,74.0,0.8513513513513513,14.0,49.0,0.2222222222222222,0.7777777777777778,0.1764927942886356,0.0,0.6,0.0038053,6,46,0.0,,,,,,,,,,
622,0.02141394853242673,0.0,74.0,0.0,0.0,0.0,0.0,0.0,0.0,0.0,0.6,0.0038053,6,47,0.0,,,,,,,,,,
623,0.001311240514041856,72.0,74.0,0.972972972972973,17.0,55.0,0.2361111111111111,0.7638888888888888,0.17611671447548508,0.0,0.6,0.0038053,6,48,0.0,,,,,,,,,,
624,0.001312457665335387,66.0,74.0,0.8918918918918919,20.0,46.0,0.30303030303030304,0.696969696969697,0.17477386914022017,0.0,0.6,0.0038053,6,49,0.0,,,,,,,,,,
625,0.0015147608064580709,37.0,74.0,0.5,9.0,28.0,0.24324324324324326,0.7567567567567568,0.17686943913360897,0.0,0.6,0.0038053,6,50,0.0,,,,,,,,,,
626,0.0968874711979879,0.0,74.0,0.0,0.0,0.0,0.0,0.0,0.0,0.0,0.6,0.0038053,6,51,0.0,,,,,,,,,,
627,0.0040862921450752765,0.0,74.0,0.0,0.0,0.0,0.0,0.0,0.0,0.0,0.6,0.0038053,6,52,0.0,,,,,,,,,,
628,0.001227207263582386,40.0,74.0,0.5405405405405406,3.0,37.0,0.075,0.925,0.1792361013956209,0.0,0.6,0.0038053,6,53,0.0,,,,,,,,,,
629,0.005711432488169521,0.0,74.0,0.0,0.0,0.0,0.0,0.0,0.0,0.0,0.6,0.0038053,6,54,0.0,,,,,,,,,,
630,0.0011699641327140853,72.0,74.0,0.972972972972973,18.0,54.0,0.25,0.75,0.17476228877019973,0.0,0.6,0.0038053,6,55,0.0,,,,,,,,,,
631,0.0077247516746865585,0.0,74.0,0.0,0.0,0.0,0.0,0.0,0.0,0.0,0.6,0.0038053,6,56,0.0,,,,,,,,,,
632,0.0026425055984873325,1.0,74.0,0.013513513513513514,0.0,1.0,0.0,1.0,0.18699089092500426,0.0,0.6,0.0038053,6,57,0.0,,,,,,,,,,
633,0.0012858133995905519,33.0,74.0,0.44594594594594594,11.0,22.0,0.3333333333333333,0.6666666666666666,0.1759460560488977,0.0,0.6,0.0038053,6,58,0.0,,,,,,,,,,
634,0.0008096788224065676,72.0,74.0,0.972972972972973,26.0,46.0,0.3611111111111111,0.6388888888888888,0.1745052174460083,0.0,0.6,0.0038053,6,59,0.0,,,,,,,,,,
635,0.0007593072004965506,72.0,74.0,0.972972972972973,18.0,54.0,0.25,0.75,0.17688169923076663,0.0,0.6,0.0038053,6,60,0.0,,,,,,,,,,
636,0.0008528016769560054,72.0,74.0,0.972972972972973,32.0,40.0,0.4444444444444444,0.5555555555555556,0.17333142616962205,0.0,0.6,0.0038053,6,61,0.0,,,,,,,,,,
637,0.04076581957633607,0.0,74.0,0.0,0.0,0.0,0.0,0.0,0.0,0.0,0.6,0.0038053,6,62,0.0,,,,,,,,,,
638,0.0011447692959336564,68.0,74.0,0.918918918918919,15.0,53.0,0.22058823529411764,0.7794117647058824,0.17789214664803593,0.0,0.6,0.0038053,6,63,0.0,,,,,,,,,,
639,0.0014369246346177533,65.0,74.0,0.8783783783783784,18.0,47.0,0.27692307692307694,0.7230769230769231,0.17814170796893872,0.0,0.6,0.0038053,6,64,0.0,,,,,,,,,,
640,0.27481712424196303,0.0,74.0,0.0,0.0,0.0,0.0,0.0,0.0,0.0,0.6,0.0038053,6,65,0.0,,,,,,,,,,
641,0.0009435380779905245,72.0,74.0,0.972972972972973,7.0,65.0,0.09722222222222222,0.9027777777777778,0.17604640578196967,0.0,0.6,0.0038053,6,66,0.0,,,,,,,,,,
642,0.0010386474314145744,70.0,74.0,0.9459459459459459,7.0,63.0,0.1,0.9,0.1764832803939235,0.0,0.6,0.0038053,6,67,0.0,,,,,,,,,,
643,0.001286137689021416,72.0,74.0,0.972972972972973,16.0,56.0,0.2222222222222222,0.7777777777777778,0.1731610795400115,0.0,0.6,0.0038053,6,68,0.0,,,,,,,,,,
644,0.001322341340710409,54.0,74.0,0.7297297297297297,8.0,46.0,0.14814814814814814,0.8518518518518519,0.17614691639032698,0.0,0.6,0.0038053,6,69,0.0,,,,,,,,,,
645,0.0011957242677453905,72.0,74.0,0.972972972972973,15.0,57.0,0.20833333333333334,0.7916666666666666,0.17582086133737618,0.0,0.6,0.0038053,6,70,0.0,,,,,,,,,,
646,0.07700295967515558,0.0,74.0,0.0,0.0,0.0,0.0,0.0,0.0,0.0,0.6,0.0038053,6,71,0.0,,,,,,,,,,
647,0.004716780458693393,0.0,74.0,0.0,0.0,0.0,0.0,0.0,0.0,0.0,0.6,0.0038053,6,72,0.0,,,,,,,,,,
648,0.0008238400623667985,72.0,74.0,0.972972972972973,3.0,69.0,0.041666666666666664,0.9583333333333334,0.18645170790319174,0.0,0.6,0.0038053,6,73,0.0,,,,,,,,,,
649,0.001026285026455298,54.0,74.0,0.7297297297297297,15.0,39.0,0.2777777777777778,0.7222222222222222,0.1756468133323329,0.0,0.6,0.0038053,6,74,0.0,,,,,,,,,,
650,0.0016796127601992339,2.0,74.0,0.02702702702702703,0.0,2.0,0.0,1.0,0.18065081570283936,0.0,0.6,0.0038053,6,75,0.0,,,,,,,,,,
651,0.005479053012095392,0.0,74.0,0.0,0.0,0.0,0.0,0.0,0.0,0.0,0.6,0.0038053,6,76,0.0,,,,,,,,,,
652,0.006387269953847863,0.0,74.0,0.0,0.0,0.0,0.0,0.0,0.0,0.0,0.6,0.0038053,6,77,0.0,,,,,,,,,,
653,0.002026593007030897,41.0,74.0,0.5540540540540541,8.0,33.0,0.1951219512195122,0.8048780487804879,0.17750516391567503,0.0,0.6,0.0038053,6,78,0.0,,,,,,,,,,
654,0.0008925747533794492,72.0,74.0,0.972972972972973,12.0,60.0,0.16666666666666666,0.8333333333333334,0.17877429409555368,0.0,0.6,0.0038053,6,79,0.0,,,,,,,,,,
655,0.0010336717969039455,72.0,74.0,0.972972972972973,14.0,58.0,0.19444444444444445,0.8055555555555556,0.1789778459651133,0.0,0.6,0.0038053,6,80,0.0,,,,,,,,,,
656,0.0009075081907212734,72.0,74.0,0.972972972972973,13.0,59.0,0.18055555555555555,0.8194444444444444,0.17781518672971422,0.0,0.6,0.0038053,6,81,0.0,,,,,,,,,,
657,0.0010268214100506157,72.0,74.0,0.972972972972973,12.0,60.0,0.16666666666666666,0.8333333333333334,0.18058273160939634,0.0,0.6,0.0038053,6,82,0.0,,,,,,,,,,
658,0.002950975700514391,0.0,74.0,0.0,0.0,0.0,0.0,0.0,0.0,0.0,0.6,0.0038053,6,83,0.0,,,,,,,,,,
659,0.0005407908902270719,73.0,74.0,0.9864864864864865,19.0,54.0,0.2602739726027397,0.7397260273972602,0.1768783892641868,0.0,0.6,0.0038053,6,84,0.0,,,,,,,,,,
660,0.10189920349512249,0.0,74.0,0.0,0.0,0.0,0.0,0.0,0.0,0.0,0.6,0.0038053,6,85,0.0,,,,,,,,,,
661,0.0013493032020051032,72.0,74.0,0.972972972972973,25.0,47.0,0.3472222222222222,0.6527777777777778,0.17410373230350704,0.0,0.6,0.0038053,6,86,0.0,,,,,,,,,,
662,0.0014178137062117457,9.0,74.0,0.12162162162162163,4.0,5.0,0.4444444444444444,0.5555555555555556,0.17566825360857424,0.0,0.6,0.0038053,6,87,0.0,,,,,,,,,,
663,0.005397374116000719,0.0,74.0,0.0,0.0,0.0,0.0,0.0,0.0,0.0,0.6,0.0038053,6,88,0.0,,,,,,,,,,
664,0.18428424224839546,0.0,74.0,0.0,0.0,0.0,0.0,0.0,0.0,0.0,0.6,0.0038053,6,89,0.0,,,,,,,,,,
665,0.0010016784799518064,72.0,74.0,0.972972972972973,50.0,22.0,0.6944444444444444,0.3055555555555556,0.1683257006231285,0.0,0.6,0.0038053,6,90,0.0,,,,,,,,,,
666,0.0011244894994888455,50.0,74.0,0.6756756756756757,5.0,45.0,0.1,0.9,0.18500710809286414,0.0,0.6,0.0038053,6,91,0.0,,,,,,,,,,
667,0.14953029053867795,0.0,74.0,0.0,0.0,0.0,0.0,0.0,0.0,0.0,0.6,0.0038053,6,92,0.0,,,,,,,,,,
668,0.002741007207077928,0.0,74.0,0.0,0.0,0.0,0.0,0.0,0.0,0.0,0.6,0.0038053,6,93,0.0,,,,,,,,,,
669,0.0032093186455313116,1.0,74.0,0.013513513513513514,0.0,1.0,0.0,1.0,0.19946209142046248,0.0,0.6,0.0038053,6,94,0.0,,,,,,,,,,
670,0.002111447713105008,2.0,74.0,0.02702702702702703,1.0,1.0,0.5,0.5,0.15414107581513847,0.0,0.6,0.0038053,6,95,0.0,,,,,,,,,,
671,0.0011241862957831472,71.0,74.0,0.9594594594594594,19.0,52.0,0.2676056338028169,0.7323943661971831,0.17356841518689764,0.0,0.6,0.0038053,6,96,0.0,,,,,,,,,,
672,0.0008311579877045006,72.0,74.0,0.972972972972973,18.0,54.0,0.25,0.75,0.17522450589311286,0.0,0.6,0.0038053,6,97,0.0,,,,,,,,,,
673,0.20184856526611838,0.0,74.0,0.0,0.0,0.0,0.0,0.0,0.0,0.0,0.6,0.0038053,6,98,0.0,,,,,,,,,,
674,0.0008415323682129383,72.0,74.0,0.972972972972973,11.0,61.0,0.1527777777777778,0.8472222222222222,0.1765164652300901,0.0,0.6,0.0038053,6,99,0.0,,,,,,,,,,
675,0.0007438719039782882,64.0,74.0,0.8648648648648649,12.0,52.0,0.1875,0.8125,0.18693483406940195,0.0,0.6,0.0038053,6,100,0.0,,,,,,,,,,
676,0.09341298849903978,0.0,74.0,0.0,0.0,0.0,0.0,0.0,0.0,0.0,0.6,0.0038053,6,101,0.0,,,,,,,,,,
677,0.19239478524104925,0.0,74.0,0.0,0.0,0.0,0.0,0.0,0.0,0.0,0.6,0.0038053,6,102,0.0,,,,,,,,,,
678,0.0009444253446417861,36.0,74.0,0.4864864864864865,8.0,28.0,0.2222222222222222,0.7777777777777778,0.18137293201560634,0.0,0.6,0.0038053,6,103,0.0,,,,,,,,,,
679,0.0007751528610242531,72.0,74.0,0.972972972972973,8.0,64.0,0.1111111111111111,0.8888888888888888,0.1831924656391978,0.0,0.6,0.0038053,6,104,0.0,,,,,,,,,,
680,0.0014351645659189671,40.0,74.0,0.5405405405405406,19.0,21.0,0.475,0.525,0.1715755555311495,0.0,0.6,0.0038053,6,105,0.0,,,,,,,,,,
681,0.12815630262775812,0.0,74.0,0.0,0.0,0.0,0.0,0.0,0.0,0.0,0.6,0.0038053,6,106,0.0,,,,,,,,,,
682,0.001412709680153057,49.0,74.0,0.6621621621621622,8.0,41.0,0.16326530612244897,0.8367346938775511,0.17801356093420775,0.0,0.6,0.0038053,6,107,0.0,,,,,,,,,,
683,0.12704437092179433,0.0,74.0,0.0,0.0,0.0,0.0,0.0,0.0,0.0,0.6,0.0038053,6,108,0.0,,,,,,,,,,
684,0.001985801412956789,0.0,74.0,0.0,0.0,0.0,0.0,0.0,0.0,0.0,0.6,0.0038053,6,109,0.0,,,,,,,,,,
685,0.0009770882898010314,71.0,74.0,0.9594594594594594,21.0,50.0,0.29577464788732394,0.704225352112676,0.1745107648249947,0.0,0.6,0.0038053,6,110,0.0,,,,,,,,,,
686,0.02599265160097275,0.0,74.0,0.0,0.0,0.0,0.0,0.0,0.0,0.0,0.6,0.0038053,6,111,0.0,,,,,,,,,,
687,0.1906352568330476,0.0,74.0,0.0,0.0,0.0,0.0,0.0,0.0,0.0,0.6,0.0038053,6,112,0.0,,,,,,,,,,
688,0.0010710742062656209,54.0,74.0,0.7297297297297297,9.0,45.0,0.16666666666666666,0.8333333333333334,0.17611576000136367,0.0,0.6,0.0038053,6,113,0.0,,,,,,,,,,
689,0.0005937205860391259,73.0,74.0,0.9864864864864865,3.0,70.0,0.0410958904109589,0.958904109589041,0.1783267115520328,0.0,0.6,0.0038053,6,114,0.0,,,,,,,,,,
690,0.0008603549096733332,70.0,74.0,0.9459459459459459,24.0,46.0,0.34285714285714286,0.6571428571428571,0.1769601615778785,0.0,0.6,0.0038053,6,115,0.0,,,,,,,,,,
690,,,,,,,,,,,,,6,,1.0,0.8382352941176471,0.8358742783849056,0.8406862745098039,0.8051403216444529,0.9989094874591058,0.0035183084164442414,0.16067419334145872,0.9986368593238822,0.0038202554837841055,0.1579505848140783
691,0.0007137862121453509,72.0,74.0,0.972972972972973,9.0,63.0,0.125,0.875,0.18029752065456983,0.0,0.6,0.0038053,7,1,0.0,,,,,,,,,,
692,0.0005408303622971289,73.0,74.0,0.9864864864864865,4.0,69.0,0.0547945205479452,0.9452054794520548,0.18127782113798996,0.0,0.6,0.0038053,7,2,0.0,,,,,,,,,,
693,0.0008355337558896281,72.0,74.0,0.972972972972973,15.0,57.0,0.20833333333333334,0.7916666666666666,0.17633989270075706,0.0,0.6,0.0038053,7,3,0.0,,,,,,,,,,
694,0.0015869536437094212,60.0,74.0,0.8108108108108109,21.0,39.0,0.35,0.65,0.173324130951459,0.0,0.6,0.0038053,7,4,0.0,,,,,,,,,,
695,0.0007506114925490692,72.0,74.0,0.972972972972973,10.0,62.0,0.1388888888888889,0.8611111111111112,0.18254005168313236,0.0,0.6,0.0038053,7,5,0.0,,,,,,,,,,
696,0.0024885295497369952,1.0,74.0,0.013513513513513514,1.0,0.0,1.0,0.0,0.13307656611518434,0.0,0.6,0.0038053,7,6,0.0,,,,,,,,,,
697,0.000983407582680229,60.0,74.0,0.8108108108108109,18.0,42.0,0.3,0.7,0.17510959544514665,0.0,0.6,0.0038053,7,7,0.0,,,,,,,,,,
698,0.0009904672187985852,54.0,74.0,0.7297297297297297,9.0,45.0,0.16666666666666666,0.8333333333333334,0.1792867680728431,0.0,0.6,0.0038053,7,8,0.0,,,,,,,,,,
699,0.0008550734055461362,72.0,74.0,0.972972972972973,6.0,66.0,0.08333333333333333,0.9166666666666666,0.18100597376702676,0.0,0.6,0.0038053,7,9,0.0,,,,,,,,,,
700,0.0008273101993836462,72.0,74.0,0.972972972972973,17.0,55.0,0.2361111111111111,0.7638888888888888,0.18002344227921777,0.0,0.6,0.0038053,7,10,0.0,,,,,,,,,,
701,0.0012878553388873115,64.0,74.0,0.8648648648648649,15.0,49.0,0.234375,0.765625,0.174435986573383,0.0,0.6,0.0038053,7,11,0.0,,,,,,,,,,
702,0.0011534673249116167,72.0,74.0,0.972972972972973,14.0,58.0,0.19444444444444445,0.8055555555555556,0.1784680922220485,0.0,0.6,0.0038053,7,12,0.0,,,,,,,,,,
703,0.0007525758701376617,72.0,74.0,0.972972972972973,5.0,67.0,0.06944444444444445,0.9305555555555556,0.1791755241403949,0.0,0.6,0.0038053,7,13,0.0,,,,,,,,,,
704,0.0008752603607717901,62.0,74.0,0.8378378378378378,18.0,44.0,0.2903225806451613,0.7096774193548387,0.17483940713045715,0.0,0.6,0.0038053,7,14,0.0,,,,,,,,,,
705,0.0013464457297232002,1.0,74.0,0.013513513513513514,1.0,0.0,1.0,0.0,0.14386092588430865,0.0,0.6,0.0038053,7,15,0.0,,,,,,,,,,
706,0.018819518212694675,0.0,74.0,0.0,0.0,0.0,0.0,0.0,0.0,0.0,0.6,0.0038053,7,16,0.0,,,,,,,,,,
707,0.0029596335807582363,0.0,74.0,0.0,0.0,0.0,0.0,0.0,0.0,0.0,0.6,0.0038053,7,17,0.0,,,,,,,,,,
708,0.10170758786262013,0.0,74.0,0.0,0.0,0.0,0.0,0.0,0.0,0.0,0.6,0.0038053,7,18,0.0,,,,,,,,,,
709,0.0007558111101388931,72.0,74.0,0.972972972972973,17.0,55.0,0.2361111111111111,0.7638888888888888,0.17718418082674592,0.0,0.6,0.0038053,7,19,0.0,,,,,,,,,,
710,0.09660905618511606,0.0,74.0,0.0,0.0,0.0,0.0,0.0,0.0,0.0,0.6,0.0038053,7,20,0.0,,,,,,,,,,
711,0.0012216377072036266,56.0,74.0,0.7567567567567568,7.0,49.0,0.125,0.875,0.1763713645852513,0.0,0.6,0.0038053,7,21,0.0,,,,,,,,,,
712,0.000993166322587058,71.0,74.0,0.9594594594594594,11.0,60.0,0.15492957746478872,0.8450704225352113,0.17841970855518577,0.0,0.6,0.0038053,7,22,0.0,,,,,,,,,,
713,0.001084484756574966,72.0,74.0,0.972972972972973,20.0,52.0,0.2777777777777778,0.7222222222222222,0.17470283730178993,0.0,0.6,0.0038053,7,23,0.0,,,,,,,,,,
714,0.0006832616199972108,72.0,74.0,0.972972972972973,24.0,48.0,0.3333333333333333,0.6666666666666666,0.174807475402469,0.0,0.6,0.0038053,7,24,0.0,,,,,,,,,,
715,0.04280556227604393,0.0,74.0,0.0,0.0,0.0,0.0,0.0,0.0,0.0,0.6,0.0038053,7,25,0.0,,,,,,,,,,
716,0.0010203789570368826,72.0,74.0,0.972972972972973,7.0,65.0,0.09722222222222222,0.9027777777777778,0.1798848423911314,0.0,0.6,0.0038053,7,26,0.0,,,,,,,,,,
717,0.0007087010599207133,72.0,74.0,0.972972972972973,20.0,52.0,0.2777777777777778,0.7222222222222222,0.17546164301958875,0.0,0.6,0.0038053,7,27,0.0,,,,,,,,,,
718,0.0007864872604841366,72.0,74.0,0.972972972972973,7.0,65.0,0.09722222222222222,0.9027777777777778,0.1808384827728439,0.0,0.6,0.0038053,7,28,0.0,,,,,,,,,,
719,0.000719539646524936,72.0,74.0,0.972972972972973,17.0,55.0,0.2361111111111111,0.7638888888888888,0.17710028255071808,0.0,0.6,0.0038053,7,29,0.0,,,,,,,,,,
720,0.00205809879116714,25.0,74.0,0.33783783783783783,11.0,14.0,0.44,0.56,0.17205163535343285,0.0,0.6,0.0038053,7,30,0.0,,,,,,,,,,
721,0.0007445080118486658,72.0,74.0,0.972972972972973,8.0,64.0,0.1111111111111111,0.8888888888888888,0.1775224000706722,0.0,0.6,0.0038053,7,31,0.0,,,,,,,,,,
722,0.0007273362716659904,72.0,74.0,0.972972972972973,11.0,61.0,0.1527777777777778,0.8472222222222222,0.18201360321380997,0.0,0.6,0.0038053,7,32,0.0,,,,,,,,,,
723,0.0009432439546799287,72.0,74.0,0.972972972972973,23.0,49.0,0.3194444444444444,0.6805555555555556,0.174583345185637,0.0,0.6,0.0038053,7,33,0.0,,,,,,,,,,
724,0.000801577654783614,72.0,74.0,0.972972972972973,15.0,57.0,0.20833333333333334,0.7916666666666666,0.17830653740878277,0.0,0.6,0.0038053,7,34,0.0,,,,,,,,,,
725,0.0036546803603414446,0.0,74.0,0.0,0.0,0.0,0.0,0.0,0.0,0.0,0.6,0.0038053,7,35,0.0,,,,,,,,,,
726,0.0007151814643293619,72.0,74.0,0.972972972972973,6.0,66.0,0.08333333333333333,0.9166666666666666,0.18126064900272745,0.0,0.6,0.0038053,7,36,0.0,,,,,,,,,,
727,0.000859527186548803,72.0,74.0,0.972972972972973,21.0,51.0,0.2916666666666667,0.7083333333333334,0.17580375247787103,0.0,0.6,0.0038053,7,37,0.0,,,,,,,,,,
728,0.0006044234542059712,72.0,74.0,0.972972972972973,5.0,67.0,0.06944444444444445,0.9305555555555556,0.18869182756839065,0.0,0.6,0.0038053,7,38,0.0,,,,,,,,,,
729,0.0007744926551822573,72.0,74.0,0.972972972972973,17.0,55.0,0.2361111111111111,0.7638888888888888,0.17655706842331434,0.0,0.6,0.0038053,7,39,0.0,,,,,,,,,,
730,0.0006245903059607372,72.0,74.0,0.972972972972973,0.0,72.0,0.0,1.0,0.19424237538751607,0.0,0.6,0.0038053,7,40,0.0,,,,,,,,,,
731,0.0006067267677281052,72.0,74.0,0.972972972972973,13.0,59.0,0.18055555555555555,0.8194444444444444,0.18478137093301983,0.0,0.6,0.0038053,7,41,0.0,,,,,,,,,,
732,0.10325721667322796,0.0,74.0,0.0,0.0,0.0,0.0,0.0,0.0,0.0,0.6,0.0038053,7,42,0.0,,,,,,,,,,
733,0.0009993064595619217,65.0,74.0,0.8783783783783784,5.0,60.0,0.07692307692307693,0.9230769230769231,0.18307841294784924,0.0,0.6,0.0038053,7,43,0.0,,,,,,,,,,
734,0.001137691826443188,48.0,74.0,0.6486486486486487,13.0,35.0,0.2708333333333333,0.7291666666666666,0.1798068456683619,0.0,0.6,0.0038053,7,44,0.0,,,,,,,,,,
735,0.0009211088472511619,72.0,74.0,0.972972972972973,17.0,55.0,0.2361111111111111,0.7638888888888888,0.17664009718219814,0.0,0.6,0.0038053,7,45,0.0,,,,,,,,,,
736,0.0076174472633283585,0.0,74.0,0.0,0.0,0.0,0.0,0.0,0.0,0.0,0.6,0.0038053,7,46,0.0,,,,,,,,,,
737,0.001265464845346287,72.0,74.0,0.972972972972973,15.0,57.0,0.20833333333333334,0.7916666666666666,0.1749055866341334,0.0,0.6,0.0038053,7,47,0.0,,,,,,,,,,
738,0.0009148892277153209,72.0,74.0,0.972972972972973,13.0,59.0,0.18055555555555555,0.8194444444444444,0.17766245219178212,0.0,0.6,0.0038053,7,48,0.0,,,,,,,,,,
739,0.0005693403800250962,73.0,74.0,0.9864864864864865,1.0,72.0,0.0136986301369863,0.9863013698630136,0.18642803540795924,0.0,0.6,0.0038053,7,49,0.0,,,,,,,,,,
740,0.0007792530377628282,72.0,74.0,0.972972972972973,18.0,54.0,0.25,0.75,0.17475892190361145,0.0,0.6,0.0038053,7,50,0.0,,,,,,,,,,
741,0.0007941348012536764,71.0,74.0,0.9594594594594594,6.0,65.0,0.08450704225352113,0.9154929577464789,0.1830194003131079,0.0,0.6,0.0038053,7,51,0.0,,,,,,,,,,
742,0.0010714929667301476,71.0,74.0,0.9594594594594594,23.0,48.0,0.323943661971831,0.676056338028169,0.1734637185994342,0.0,0.6,0.0038053,7,52,0.0,,,,,,,,,,
743,0.0007900836208136752,72.0,74.0,0.972972972972973,8.0,64.0,0.1111111111111111,0.8888888888888888,0.1767989081505626,0.0,0.6,0.0038053,7,53,0.0,,,,,,,,,,
744,0.0010848713063751347,65.0,74.0,0.8783783783783784,14.0,51.0,0.2153846153846154,0.7846153846153846,0.17516653239920332,0.0,0.6,0.0038053,7,54,0.0,,,,,,,,,,
745,0.0013668577303178608,5.0,74.0,0.06756756756756757,0.0,5.0,0.0,1.0,0.19810270936187296,0.0,0.6,0.0038053,7,55,0.0,,,,,,,,,,
746,0.0006706101266900077,72.0,74.0,0.972972972972973,14.0,58.0,0.19444444444444445,0.8055555555555556,0.17688069634746767,0.0,0.6,0.0038053,7,56,0.0,,,,,,,,,,
747,0.0056044950761133805,0.0,74.0,0.0,0.0,0.0,0.0,0.0,0.0,0.0,0.6,0.0038053,7,57,0.0,,,,,,,,,,
748,0.0006245223485166207,65.0,74.0,0.8783783783783784,8.0,57.0,0.12307692307692308,0.8769230769230769,0.17899133423598837,0.0,0.6,0.0038053,7,58,0.0,,,,,,,,,,
749,0.0006491766398539767,72.0,74.0,0.972972972972973,2.0,70.0,0.027777777777777776,0.9722222222222222,0.18220565473419872,0.0,0.6,0.0038053,7,59,0.0,,,,,,,,,,
750,0.0008672251497046091,72.0,74.0,0.972972972972973,19.0,53.0,0.2638888888888889,0.7361111111111112,0.17789584502697545,0.0,0.6,0.0038053,7,60,0.0,,,,,,,,,,
751,0.00065162838291144,39.0,74.0,0.527027027027027,8.0,31.0,0.20512820512820512,0.7948717948717948,0.17968311441166593,0.0,0.6,0.0038053,7,61,0.0,,,,,,,,,,
752,0.0009288073633797467,72.0,74.0,0.972972972972973,16.0,56.0,0.2222222222222222,0.7777777777777778,0.1748033768873338,0.0,0.6,0.0038053,7,62,0.0,,,,,,,,,,
753,0.0014536446833517402,35.0,74.0,0.47297297297297297,7.0,28.0,0.2,0.8,0.1766121794210281,0.0,0.6,0.0038053,7,63,0.0,,,,,,,,,,
754,0.0005645783239742741,73.0,74.0,0.9864864864864865,23.0,50.0,0.3150684931506849,0.684931506849315,0.17677429055796437,0.0,0.6,0.0038053,7,64,0.0,,,,,,,,,,
755,0.0007291669462574646,72.0,74.0,0.972972972972973,14.0,58.0,0.19444444444444445,0.8055555555555556,0.17839146338515366,0.0,0.6,0.0038053,7,65,0.0,,,,,,,,,,
756,0.0008120747297652997,56.0,74.0,0.7567567567567568,15.0,41.0,0.26785714285714285,0.7321428571428571,0.17720683692548533,0.0,0.6,0.0038053,7,66,0.0,,,,,,,,,,
757,0.0006612687575398013,72.0,74.0,0.972972972972973,14.0,58.0,0.19444444444444445,0.8055555555555556,0.17890924780910597,0.0,0.6,0.0038053,7,67,0.0,,,,,,,,,,
758,0.0007742896705167368,72.0,74.0,0.972972972972973,12.0,60.0,0.16666666666666666,0.8333333333333334,0.17778628181461434,0.0,0.6,0.0038053,7,68,0.0,,,,,,,,,,
759,0.0009504988847766072,66.0,74.0,0.8918918918918919,16.0,50.0,0.24242424242424243,0.7575757575757576,0.17432899664871238,0.0,0.6,0.0038053,7,69,0.0,,,,,,,,,,
760,0.0007686023891437799,72.0,74.0,0.972972972972973,5.0,67.0,0.06944444444444445,0.9305555555555556,0.18471259747188096,0.0,0.6,0.0038053,7,70,0.0,,,,,,,,,,
761,0.0018812605703715235,35.0,74.0,0.47297297297297297,7.0,28.0,0.2,0.8,0.17825367344978416,0.0,0.6,0.0038053,7,71,0.0,,,,,,,,,,
762,0.0008845962584018707,72.0,74.0,0.972972972972973,13.0,59.0,0.18055555555555555,0.8194444444444444,0.17570270743446337,0.0,0.6,0.0038053,7,72,0.0,,,,,,,,,,
763,0.0009594487928552553,58.0,74.0,0.7837837837837838,13.0,45.0,0.22413793103448276,0.7758620689655172,0.17380135564905294,0.0,0.6,0.0038053,7,73,0.0,,,,,,,,,,
764,0.0009428945486433804,72.0,74.0,0.972972972972973,17.0,55.0,0.2361111111111111,0.7638888888888888,0.1738095439716165,0.0,0.6,0.0038053,7,74,0.0,,,,,,,,,,
765,0.0008263990312116221,72.0,74.0,0.972972972972973,21.0,51.0,0.2916666666666667,0.7083333333333334,0.17377807014138963,0.0,0.6,0.0038053,7,75,0.0,,,,,,,,,,
766,0.1102698100003181,0.0,74.0,0.0,0.0,0.0,0.0,0.0,0.0,0.0,0.6,0.0038053,7,76,0.0,,,,,,,,,,
767,0.00039583598845638335,73.0,74.0,0.9864864864864865,1.0,72.0,0.0136986301369863,0.9863013698630136,0.18902865476059227,0.0,0.6,0.0038053,7,77,0.0,,,,,,,,,,
768,0.13942130812210962,0.0,74.0,0.0,0.0,0.0,0.0,0.0,0.0,0.0,0.6,0.0038053,7,78,0.0,,,,,,,,,,
769,0.001263104277313687,24.0,74.0,0.32432432432432434,10.0,14.0,0.4166666666666667,0.5833333333333334,0.17801792810410044,0.0,0.6,0.0038053,7,79,0.0,,,,,,,,,,
770,0.002576114704424981,0.0,74.0,0.0,0.0,0.0,0.0,0.0,0.0,0.0,0.6,0.0038053,7,80,0.0,,,,,,,,,,
771,0.0007600109238410369,72.0,74.0,0.972972972972973,12.0,60.0,0.16666666666666666,0.8333333333333334,0.17710240260200927,0.0,0.6,0.0038053,7,81,0.0,,,,,,,,,,
772,0.06676763085852144,0.0,74.0,0.0,0.0,0.0,0.0,0.0,0.0,0.0,0.6,0.0038053,7,82,0.0,,,,,,,,,,
773,0.0007562392056570388,72.0,74.0,0.972972972972973,33.0,39.0,0.4583333333333333,0.5416666666666666,0.17204965190976432,0.0,0.6,0.0038053,7,83,0.0,,,,,,,,,,
774,0.0008134809468174353,72.0,74.0,0.972972972972973,9.0,63.0,0.125,0.875,0.1810881484838087,0.0,0.6,0.0038053,7,84,0.0,,,,,,,,,,
775,0.0006971644033910707,72.0,74.0,0.972972972972973,14.0,58.0,0.19444444444444445,0.8055555555555556,0.18122550853775762,0.0,0.6,0.0038053,7,85,0.0,,,,,,,,,,
776,0.0008343321715074126,72.0,74.0,0.972972972972973,32.0,40.0,0.4444444444444444,0.5555555555555556,0.17196036248035204,0.0,0.6,0.0038053,7,86,0.0,,,,,,,,,,
777,0.0014172797673381865,25.0,74.0,0.33783783783783783,7.0,18.0,0.28,0.72,0.17680689377951594,0.0,0.6,0.0038053,7,87,0.0,,,,,,,,,,
778,0.0008543012736481614,63.0,74.0,0.8513513513513513,32.0,31.0,0.5079365079365079,0.49206349206349204,0.1713392114704612,0.0,0.6,0.0038053,7,88,0.0,,,,,,,,,,
779,0.00970161982695572,0.0,74.0,0.0,0.0,0.0,0.0,0.0,0.0,0.0,0.6,0.0038053,7,89,0.0,,,,,,,,,,
780,0.0010689242189982906,72.0,74.0,0.972972972972973,20.0,52.0,0.2777777777777778,0.7222222222222222,0.17470414856066305,0.0,0.6,0.0038053,7,90,0.0,,,,,,,,,,
781,0.0009694783802842721,55.0,74.0,0.7432432432432432,16.0,39.0,0.2909090909090909,0.7090909090909091,0.17603490145231804,0.0,0.6,0.0038053,7,91,0.0,,,,,,,,,,
782,0.0006651932053500786,72.0,74.0,0.972972972972973,18.0,54.0,0.25,0.75,0.1794712194046106,0.0,0.6,0.0038053,7,92,0.0,,,,,,,,,,
783,0.0022786186018493026,0.0,74.0,0.0,0.0,0.0,0.0,0.0,0.0,0.0,0.6,0.0038053,7,93,0.0,,,,,,,,,,
784,0.0007124098192434758,72.0,74.0,0.972972972972973,24.0,48.0,0.3333333333333333,0.6666666666666666,0.17472175311412205,0.0,0.6,0.0038053,7,94,0.0,,,,,,,,,,
785,0.0006040502703399397,73.0,74.0,0.9864864864864865,26.0,47.0,0.3561643835616438,0.6438356164383562,0.17282149028260618,0.0,0.6,0.0038053,7,95,0.0,,,,,,,,,,
786,0.0019227099619456567,1.0,74.0,0.013513513513513514,0.0,1.0,0.0,1.0,0.1776364805103834,0.0,0.6,0.0038053,7,96,0.0,,,,,,,,,,
787,0.003201240011549089,0.0,74.0,0.0,0.0,0.0,0.0,0.0,0.0,0.0,0.6,0.0038053,7,97,0.0,,,,,,,,,,
788,0.0024492269367328845,0.0,74.0,0.0,0.0,0.0,0.0,0.0,0.0,0.0,0.6,0.0038053,7,98,0.0,,,,,,,,,,
789,0.0007781069580232725,72.0,74.0,0.972972972972973,19.0,53.0,0.2638888888888889,0.7361111111111112,0.17458114532616226,0.0,0.6,0.0038053,7,99,0.0,,,,,,,,,,
790,0.0005698635359294713,73.0,74.0,0.9864864864864865,8.0,65.0,0.1095890410958904,0.8904109589041096,0.18000882565071277,0.0,0.6,0.0038053,7,100,0.0,,,,,,,,,,
791,0.0005377224078984,73.0,74.0,0.9864864864864865,45.0,28.0,0.6164383561643836,0.3835616438356164,0.17199479700629805,0.0,0.6,0.0038053,7,101,0.0,,,,,,,,,,
792,0.000852486802614294,69.0,74.0,0.9324324324324325,9.0,60.0,0.13043478260869565,0.8695652173913043,0.19004704417749718,0.0,0.6,0.0038053,7,102,0.0,,,,,,,,,,
793,0.0010055538296001032,62.0,74.0,0.8378378378378378,27.0,35.0,0.43548387096774194,0.5645161290322581,0.17089442698692459,0.0,0.6,0.0038053,7,103,0.0,,,,,,,,,,
794,0.0006238016067072749,72.0,74.0,0.972972972972973,11.0,61.0,0.1527777777777778,0.8472222222222222,0.17743785738522974,0.0,0.6,0.0038053,7,104,0.0,,,,,,,,,,
795,0.014098428990109824,0.0,74.0,0.0,0.0,0.0,0.0,0.0,0.0,0.0,0.6,0.0038053,7,105,0.0,,,,,,,,,,
796,0.0007304760947590694,46.0,74.0,0.6216216216216216,13.0,33.0,0.2826086956521739,0.717391304347826,0.17770088235021825,0.0,0.6,0.0038053,7,106,0.0,,,,,,,,,,
797,0.0005264311184873804,73.0,74.0,0.9864864864864865,10.0,63.0,0.136986301369863,0.863013698630137,0.18578072107389917,0.0,0.6,0.0038053,7,107,0.0,,,,,,,,,,
798,0.0010535135807003826,67.0,74.0,0.9054054054054054,7.0,60.0,0.1044776119402985,0.8955223880597015,0.17807953721648984,0.0,0.6,0.0038053,7,108,0.0,,,,,,,,,,
799,0.019379542405658867,0.0,74.0,0.0,0.0,0.0,0.0,0.0,0.0,0.0,0.6,0.0038053,7,109,0.0,,,,,,,,,,
800,0.0005587074701907113,73.0,74.0,0.9864864864864865,22.0,51.0,0.3013698630136986,0.6986301369863014,0.17404097693274473,0.0,0.6,0.0038053,7,110,0.0,,,,,,,,,,
801,0.0005647902944474481,73.0,74.0,0.9864864864864865,16.0,57.0,0.2191780821917808,0.7808219178082192,0.1756594816731713,0.0,0.6,0.0038053,7,111,0.0,,,,,,,,,,
802,0.0006678541249129921,72.0,74.0,0.972972972972973,7.0,65.0,0.09722222222222222,0.9027777777777778,0.17904375875183426,0.0,0.6,0.0038053,7,112,0.0,,,,,,,,,,
803,0.0006272849859669805,73.0,74.0,0.9864864864864865,19.0,54.0,0.2602739726027397,0.7397260273972602,0.176013622841558,0.0,0.6,0.0038053,7,113,0.0,,,,,,,,,,
804,0.057658016339701135,0.0,74.0,0.0,0.0,0.0,0.0,0.0,0.0,0.0,0.6,0.0038053,7,114,0.0,,,,,,,,,,
805,0.00042502001160755755,73.0,74.0,0.9864864864864865,21.0,52.0,0.2876712328767123,0.7123287671232876,0.17452770688475847,0.0,0.6,0.0038053,7,115,0.0,,,,,,,,,,
805,,,,,,,,,,,,,7,,1.0,0.8504901960784313,0.8871055520497836,0.8480392156862745,0.8471376483257,0.9994547437295529,0.002901510529614904,0.14896454765112155,0.9994547437295529,0.003020003098366863,0.1514155280432784
806,0.0005505182198248804,73.0,74.0,0.9864864864864865,16.0,57.0,0.2191780821917808,0.7808219178082192,0.177217100207095,0.0,0.6,0.0038053,8,1,0.0,,,,,,,,,,
807,0.13714345823973417,0.0,74.0,0.0,0.0,0.0,0.0,0.0,0.0,0.0,0.6,0.0038053,8,2,0.0,,,,,,,,,,
808,0.020434789490536787,0.0,74.0,0.0,0.0,0.0,0.0,0.0,0.0,0.0,0.6,0.0038053,8,3,0.0,,,,,,,,,,
809,0.0006492789543699473,72.0,74.0,0.972972972972973,18.0,54.0,0.25,0.75,0.17551146264317208,0.0,0.6,0.0038053,8,4,0.0,,,,,,,,,,
810,0.00043140550405951217,73.0,74.0,0.9864864864864865,18.0,55.0,0.2465753424657534,0.7534246575342466,0.17606187744939963,0.0,0.6,0.0038053,8,5,0.0,,,,,,,,,,
811,0.0007610103493789211,66.0,74.0,0.8918918918918919,30.0,36.0,0.45454545454545453,0.5454545454545454,0.17112185114170658,0.0,0.6,0.0038053,8,6,0.0,,,,,,,,,,
812,0.0016654439532430843,1.0,74.0,0.013513513513513514,1.0,0.0,1.0,0.0,0.11968067182112747,0.0,0.6,0.0038053,8,7,0.0,,,,,,,,,,
813,0.0005793365053250454,72.0,74.0,0.972972972972973,14.0,58.0,0.19444444444444445,0.8055555555555556,0.17525584848953626,0.0,0.6,0.0038053,8,8,0.0,,,,,,,,,,
814,0.00042216024303343147,73.0,74.0,0.9864864864864865,3.0,70.0,0.0410958904109589,0.958904109589041,0.18558668452869972,0.0,0.6,0.0038053,8,9,0.0,,,,,,,,,,
815,0.0005442586552817374,73.0,74.0,0.9864864864864865,11.0,62.0,0.1506849315068493,0.8493150684931506,0.17849752501932117,0.0,0.6,0.0038053,8,10,0.0,,,,,,,,,,
816,0.0008490321706631221,72.0,74.0,0.972972972972973,28.0,44.0,0.3888888888888889,0.6111111111111112,0.17479012943572944,0.0,0.6,0.0038053,8,11,0.0,,,,,,,,,,
817,0.0006013031088514253,73.0,74.0,0.9864864864864865,14.0,59.0,0.1917808219178082,0.8082191780821918,0.1793260998469579,0.0,0.6,0.0038053,8,12,0.0,,,,,,,,,,
818,0.0005052014748798683,73.0,74.0,0.9864864864864865,4.0,69.0,0.0547945205479452,0.9452054794520548,0.18754007331787265,0.0,0.6,0.0038053,8,13,0.0,,,,,,,,,,
819,0.0006521955947391689,72.0,74.0,0.972972972972973,23.0,49.0,0.3194444444444444,0.6805555555555556,0.17546635696193202,0.0,0.6,0.0038053,8,14,0.0,,,,,,,,,,
820,0.0004919841594528407,73.0,74.0,0.9864864864864865,3.0,70.0,0.0410958904109589,0.958904109589041,0.1821302610675012,0.0,0.6,0.0038053,8,15,0.0,,,,,,,,,,
821,0.00043689957237802446,73.0,74.0,0.9864864864864865,5.0,68.0,0.0684931506849315,0.9315068493150684,0.17798287352064623,0.0,0.6,0.0038053,8,16,0.0,,,,,,,,,,
822,0.0007564524348708801,72.0,74.0,0.972972972972973,19.0,53.0,0.2638888888888889,0.7361111111111112,0.17527482153453383,0.0,0.6,0.0038053,8,17,0.0,,,,,,,,,,
823,0.0037936666485620663,0.0,74.0,0.0,0.0,0.0,0.0,0.0,0.0,0.0,0.6,0.0038053,8,18,0.0,,,,,,,,,,
824,0.0010056079627247527,72.0,74.0,0.972972972972973,20.0,52.0,0.2777777777777778,0.7222222222222222,0.17493840694008186,0.0,0.6,0.0038053,8,19,0.0,,,,,,,,,,
825,0.0006099788079154678,73.0,74.0,0.9864864864864865,7.0,66.0,0.0958904109589041,0.9041095890410958,0.1800837965062195,0.0,0.6,0.0038053,8,20,0.0,,,,,,,,,,
826,0.0004913144075544551,73.0,74.0,0.9864864864864865,9.0,64.0,0.1232876712328767,0.8767123287671232,0.17837065213157402,0.0,0.6,0.0038053,8,21,0.0,,,,,,,,,,
827,0.0004659724436351098,73.0,74.0,0.9864864864864865,12.0,61.0,0.1643835616438356,0.8356164383561644,0.1774942852104565,0.0,0.6,0.0038053,8,22,0.0,,,,,,,,,,
828,0.0006472067616414279,72.0,74.0,0.972972972972973,26.0,46.0,0.3611111111111111,0.6388888888888888,0.17374961907445063,0.0,0.6,0.0038053,8,23,0.0,,,,,,,,,,
829,0.00081272677925881,72.0,74.0,0.972972972972973,19.0,53.0,0.2638888888888889,0.7361111111111112,0.17451653527039454,0.0,0.6,0.0038053,8,24,0.0,,,,,,,,,,
830,0.0006019666398060508,73.0,74.0,0.9864864864864865,10.0,63.0,0.136986301369863,0.863013698630137,0.1784252941625834,0.0,0.6,0.0038053,8,25,0.0,,,,,,,,,,
831,0.0006080812163418159,73.0,74.0,0.9864864864864865,15.0,58.0,0.2054794520547945,0.7945205479452054,0.1790194407651837,0.0,0.6,0.0038053,8,26,0.0,,,,,,,,,,
832,0.0004432677014847286,73.0,74.0,0.9864864864864865,15.0,58.0,0.2054794520547945,0.7945205479452054,0.17704691388183935,0.0,0.6,0.0038053,8,27,0.0,,,,,,,,,,
833,0.0018203580330009572,0.0,74.0,0.0,0.0,0.0,0.0,0.0,0.0,0.0,0.6,0.0038053,8,28,0.0,,,,,,,,,,
834,0.0010511528380447999,51.0,74.0,0.6891891891891891,10.0,41.0,0.19607843137254902,0.803921568627451,0.1759783315995799,0.0,0.6,0.0038053,8,29,0.0,,,,,,,,,,
835,0.0006449095671996474,72.0,74.0,0.972972972972973,10.0,62.0,0.1388888888888889,0.8611111111111112,0.17716151764829283,0.0,0.6,0.0038053,8,30,0.0,,,,,,,,,,
836,0.000764178330427967,71.0,74.0,0.9594594594594594,12.0,59.0,0.16901408450704225,0.8309859154929577,0.18325693775795626,0.0,0.6,0.0038053,8,31,0.0,,,,,,,,,,
837,0.0009577411037753336,47.0,74.0,0.6351351351351351,13.0,34.0,0.2765957446808511,0.723404255319149,0.18097047593899693,0.0,0.6,0.0038053,8,32,0.0,,,,,,,,,,
838,0.0004704925013356842,73.0,74.0,0.9864864864864865,5.0,68.0,0.0684931506849315,0.9315068493150684,0.18629684980613087,0.0,0.6,0.0038053,8,33,0.0,,,,,,,,,,
839,0.0003908379003405571,73.0,74.0,0.9864864864864865,2.0,71.0,0.0273972602739726,0.9726027397260274,0.18898274128324113,0.0,0.6,0.0038053,8,34,0.0,,,,,,,,,,
840,0.000609548544161953,72.0,74.0,0.972972972972973,5.0,67.0,0.06944444444444445,0.9305555555555556,0.1853579075174531,0.0,0.6,0.0038053,8,35,0.0,,,,,,,,,,
841,0.00048685264482628554,73.0,74.0,0.9864864864864865,13.0,60.0,0.1780821917808219,0.821917808219178,0.17826600266739598,0.0,0.6,0.0038053,8,36,0.0,,,,,,,,,,
842,0.0035528464723029174,2.0,74.0,0.02702702702702703,1.0,1.0,0.5,0.5,0.17431318145624564,0.0,0.6,0.0038053,8,37,0.0,,,,,,,,,,
843,0.00037351205537561327,73.0,74.0,0.9864864864864865,1.0,72.0,0.0136986301369863,0.9863013698630136,0.1904309029318621,0.0,0.6,0.0038053,8,38,0.0,,,,,,,,,,
844,0.0007381090472335927,65.0,74.0,0.8783783783783784,16.0,49.0,0.24615384615384617,0.7538461538461538,0.17551619001619026,0.0,0.6,0.0038053,8,39,0.0,,,,,,,,,,
845,0.00039401713002007455,73.0,74.0,0.9864864864864865,6.0,67.0,0.0821917808219178,0.9178082191780822,0.18473358994905562,0.0,0.6,0.0038053,8,40,0.0,,,,,,,,,,
846,0.008698998932231916,0.0,74.0,0.0,0.0,0.0,0.0,0.0,0.0,0.0,0.6,0.0038053,8,41,0.0,,,,,,,,,,
847,0.0013845809080521576,71.0,74.0,0.9594594594594594,9.0,62.0,0.1267605633802817,0.8732394366197183,0.1768257257065111,0.0,0.6,0.0038053,8,42,0.0,,,,,,,,,,
848,0.0008239266026066616,72.0,74.0,0.972972972972973,25.0,47.0,0.3472222222222222,0.6527777777777778,0.1746926574507541,0.0,0.6,0.0038053,8,43,0.0,,,,,,,,,,
849,0.0010019939290941693,8.0,74.0,0.10810810810810811,2.0,6.0,0.25,0.75,0.17931507902740518,0.0,0.6,0.0038053,8,44,0.0,,,,,,,,,,
850,0.0006314152778941207,72.0,74.0,0.972972972972973,11.0,61.0,0.1527777777777778,0.8472222222222222,0.179782128353492,0.0,0.6,0.0038053,8,45,0.0,,,,,,,,,,
851,0.0025873117556329817,2.0,74.0,0.02702702702702703,1.0,1.0,0.5,0.5,0.15806731426659676,0.0,0.6,0.0038053,8,46,0.0,,,,,,,,,,
852,0.0005139021304785274,73.0,74.0,0.9864864864864865,12.0,61.0,0.1643835616438356,0.8356164383561644,0.17960030737177493,0.0,0.6,0.0038053,8,47,0.0,,,,,,,,,,
853,0.0663831855126773,0.0,74.0,0.0,0.0,0.0,0.0,0.0,0.0,0.0,0.6,0.0038053,8,48,0.0,,,,,,,,,,
854,0.0007102112213033251,49.0,74.0,0.6621621621621622,1.0,48.0,0.02040816326530612,0.9795918367346939,0.1867744342930662,0.0,0.6,0.0038053,8,49,0.0,,,,,,,,,,
855,0.0005407419230323285,73.0,74.0,0.9864864864864865,10.0,63.0,0.136986301369863,0.863013698630137,0.17932698139747144,0.0,0.6,0.0038053,8,50,0.0,,,,,,,,,,
856,0.001374705352645833,2.0,74.0,0.02702702702702703,0.0,2.0,0.0,1.0,0.18120863349909105,0.0,0.6,0.0038053,8,51,0.0,,,,,,,,,,
857,0.0040048638911684975,0.0,74.0,0.0,0.0,0.0,0.0,0.0,0.0,0.0,0.6,0.0038053,8,52,0.0,,,,,,,,,,
858,0.001100405839679297,3.0,74.0,0.04054054054054054,0.0,3.0,0.0,1.0,0.19695212045072494,0.0,0.6,0.0038053,8,53,0.0,,,,,,,,,,
859,0.0004683178340201266,73.0,74.0,0.9864864864864865,22.0,51.0,0.3013698630136986,0.6986301369863014,0.1749800502056723,0.0,0.6,0.0038053,8,54,0.0,,,,,,,,,,
860,0.0004200699695502408,73.0,74.0,0.9864864864864865,31.0,42.0,0.4246575342465753,0.5753424657534246,0.17281294175239115,0.0,0.6,0.0038053,8,55,0.0,,,,,,,,,,
861,0.21029880937567214,0.0,74.0,0.0,0.0,0.0,0.0,0.0,0.0,0.0,0.6,0.0038053,8,56,0.0,,,,,,,,,,
862,0.00042059254337800667,73.0,74.0,0.9864864864864865,1.0,72.0,0.0136986301369863,0.9863013698630136,0.19374882946525152,0.0,0.6,0.0038053,8,57,0.0,,,,,,,,,,
863,0.0009751497127581388,64.0,74.0,0.8648648648648649,13.0,51.0,0.203125,0.796875,0.1741755104313212,0.0,0.6,0.0038053,8,58,0.0,,,,,,,,,,
864,0.017180893584736623,0.0,74.0,0.0,0.0,0.0,0.0,0.0,0.0,0.0,0.6,0.0038053,8,59,0.0,,,,,,,,,,
865,0.0006890602162457071,72.0,74.0,0.972972972972973,8.0,64.0,0.1111111111111111,0.8888888888888888,0.17928689833912073,0.0,0.6,0.0038053,8,60,0.0,,,,,,,,,,
866,0.0005801690786029212,73.0,74.0,0.9864864864864865,5.0,68.0,0.0684931506849315,0.9315068493150684,0.19105394839115108,0.0,0.6,0.0038053,8,61,0.0,,,,,,,,,,
867,0.00045173914259066805,73.0,74.0,0.9864864864864865,1.0,72.0,0.0136986301369863,0.9863013698630136,0.18548505521215228,0.0,0.6,0.0038053,8,62,0.0,,,,,,,,,,
868,0.0005309100306476466,73.0,74.0,0.9864864864864865,28.0,45.0,0.3835616438356164,0.6164383561643836,0.17595509210903676,0.0,0.6,0.0038053,8,63,0.0,,,,,,,,,,
869,0.0004589054951793514,73.0,74.0,0.9864864864864865,14.0,59.0,0.1917808219178082,0.8082191780821918,0.17735082440771446,0.0,0.6,0.0038053,8,64,0.0,,,,,,,,,,
870,0.0006605746748391539,72.0,74.0,0.972972972972973,17.0,55.0,0.2361111111111111,0.7638888888888888,0.17552083843752359,0.0,0.6,0.0038053,8,65,0.0,,,,,,,,,,
871,0.0010600009554764256,70.0,74.0,0.9459459459459459,7.0,63.0,0.1,0.9,0.1880091036708152,0.0,0.6,0.0038053,8,66,0.0,,,,,,,,,,
872,0.0004155897258897312,73.0,74.0,0.9864864864864865,22.0,51.0,0.3013698630136986,0.6986301369863014,0.1786616311147334,0.0,0.6,0.0038053,8,67,0.0,,,,,,,,,,
873,0.0007080491195665672,65.0,74.0,0.8783783783783784,11.0,54.0,0.16923076923076924,0.8307692307692308,0.17897806102254807,0.0,0.6,0.0038053,8,68,0.0,,,,,,,,,,
874,0.0005221094834269024,73.0,74.0,0.9864864864864865,4.0,69.0,0.0547945205479452,0.9452054794520548,0.18240926800911217,0.0,0.6,0.0038053,8,69,0.0,,,,,,,,,,
875,0.0005838806682731956,73.0,74.0,0.9864864864864865,18.0,55.0,0.2465753424657534,0.7534246575342466,0.1803054118634485,0.0,0.6,0.0038053,8,70,0.0,,,,,,,,,,
876,0.0006473938701674342,71.0,74.0,0.9594594594594594,13.0,58.0,0.18309859154929578,0.8169014084507042,0.18094197410681986,0.0,0.6,0.0038053,8,71,0.0,,,,,,,,,,
877,0.0005956804161542095,73.0,74.0,0.9864864864864865,15.0,58.0,0.2054794520547945,0.7945205479452054,0.17875505953324775,0.0,0.6,0.0038053,8,72,0.0,,,,,,,,,,
878,0.0006456595801864751,72.0,74.0,0.972972972972973,3.0,69.0,0.041666666666666664,0.9583333333333334,0.18208103752979637,0.0,0.6,0.0038053,8,73,0.0,,,,,,,,,,
879,0.0003365205047884956,73.0,74.0,0.9864864864864865,0.0,73.0,0.0,1.0,0.19749676041853553,0.0,0.6,0.0038053,8,74,0.0,,,,,,,,,,
880,0.00030950298241805285,73.0,74.0,0.9864864864864865,0.0,73.0,0.0,1.0,0.20017860368298115,0.0,0.6,0.0038053,8,75,0.0,,,,,,,,,,
881,0.00039346967241726816,73.0,74.0,0.9864864864864865,1.0,72.0,0.0136986301369863,0.9863013698630136,0.19708140856155826,0.0,0.6,0.0038053,8,76,0.0,,,,,,,,,,
882,0.0004789052181877196,73.0,74.0,0.9864864864864865,7.0,66.0,0.0958904109589041,0.9041095890410958,0.18105786476320918,0.0,0.6,0.0038053,8,77,0.0,,,,,,,,,,
883,0.0006686221531708725,69.0,74.0,0.9324324324324325,20.0,49.0,0.2898550724637681,0.7101449275362319,0.1780908618386233,0.0,0.6,0.0038053,8,78,0.0,,,,,,,,,,
884,0.000590935509535484,72.0,74.0,0.972972972972973,9.0,63.0,0.125,0.875,0.18049725068811848,0.0,0.6,0.0038053,8,79,0.0,,,,,,,,,,
885,0.00039515118987765163,73.0,74.0,0.9864864864864865,1.0,72.0,0.0136986301369863,0.9863013698630136,0.19602331962371883,0.0,0.6,0.0038053,8,80,0.0,,,,,,,,,,
886,0.14629377499659313,0.0,74.0,0.0,0.0,0.0,0.0,0.0,0.0,0.0,0.6,0.0038053,8,81,0.0,,,,,,,,,,
887,0.0004893325894954614,73.0,74.0,0.9864864864864865,9.0,64.0,0.1232876712328767,0.8767123287671232,0.18445492734254124,0.0,0.6,0.0038053,8,82,0.0,,,,,,,,,,
888,0.0008250906394096091,69.0,74.0,0.9324324324324325,12.0,57.0,0.17391304347826086,0.8260869565217391,0.17707307623971302,0.0,0.6,0.0038053,8,83,0.0,,,,,,,,,,
889,0.0005810094880871475,73.0,74.0,0.9864864864864865,27.0,46.0,0.3698630136986301,0.6301369863013698,0.17475530844930745,0.0,0.6,0.0038053,8,84,0.0,,,,,,,,,,
890,0.000600561426836066,73.0,74.0,0.9864864864864865,15.0,58.0,0.2054794520547945,0.7945205479452054,0.1768133840754785,0.0,0.6,0.0038053,8,85,0.0,,,,,,,,,,
891,0.00040437435382045805,73.0,74.0,0.9864864864864865,9.0,64.0,0.1232876712328767,0.8767123287671232,0.1810649403375275,0.0,0.6,0.0038053,8,86,0.0,,,,,,,,,,
892,0.0007305801154871006,4.0,74.0,0.05405405405405406,0.0,4.0,0.0,1.0,0.19716424003055172,0.0,0.6,0.0038053,8,87,0.0,,,,,,,,,,
893,0.00042946137546095997,73.0,74.0,0.9864864864864865,2.0,71.0,0.0273972602739726,0.9726027397260274,0.19462490597905377,0.0,0.6,0.0038053,8,88,0.0,,,,,,,,,,
894,0.00045050561311654747,73.0,74.0,0.9864864864864865,2.0,71.0,0.0273972602739726,0.9726027397260274,0.18262758380122057,0.0,0.6,0.0038053,8,89,0.0,,,,,,,,,,
895,0.0005768884147983044,72.0,74.0,0.972972972972973,5.0,67.0,0.06944444444444445,0.9305555555555556,0.18313048168720653,0.0,0.6,0.0038053,8,90,0.0,,,,,,,,,,
896,0.00046685611596331,73.0,74.0,0.9864864864864865,2.0,71.0,0.0273972602739726,0.9726027397260274,0.1877192078799726,0.0,0.6,0.0038053,8,91,0.0,,,,,,,,,,
897,0.0005994944658596069,72.0,74.0,0.972972972972973,10.0,62.0,0.1388888888888889,0.8611111111111112,0.17716934941352716,0.0,0.6,0.0038053,8,92,0.0,,,,,,,,,,
898,0.00046854525862727314,73.0,74.0,0.9864864864864865,13.0,60.0,0.1780821917808219,0.821917808219178,0.17993301872392448,0.0,0.6,0.0038053,8,93,0.0,,,,,,,,,,
899,0.0004844334689551033,73.0,74.0,0.9864864864864865,2.0,71.0,0.0273972602739726,0.9726027397260274,0.18463016774977362,0.0,0.6,0.0038053,8,94,0.0,,,,,,,,,,
900,0.0004700300851254724,73.0,74.0,0.9864864864864865,0.0,73.0,0.0,1.0,0.1880934616383574,0.0,0.6,0.0038053,8,95,0.0,,,,,,,,,,
901,0.0003885062033077702,73.0,74.0,0.9864864864864865,7.0,66.0,0.0958904109589041,0.9041095890410958,0.18425962634055823,0.0,0.6,0.0038053,8,96,0.0,,,,,,,,,,
902,0.0008235197819885798,72.0,74.0,0.972972972972973,21.0,51.0,0.2916666666666667,0.7083333333333334,0.17532222100178452,0.0,0.6,0.0038053,8,97,0.0,,,,,,,,,,
903,0.00043582552461884916,73.0,74.0,0.9864864864864865,8.0,65.0,0.1095890410958904,0.8904109589041096,0.1865459811155525,0.0,0.6,0.0038053,8,98,0.0,,,,,,,,,,
904,0.0005866720312042162,72.0,74.0,0.972972972972973,9.0,63.0,0.125,0.875,0.17967299482362212,0.0,0.6,0.0038053,8,99,0.0,,,,,,,,,,
905,0.0003870869113598019,73.0,74.0,0.9864864864864865,1.0,72.0,0.0136986301369863,0.9863013698630136,0.19913801309739532,0.0,0.6,0.0038053,8,100,0.0,,,,,,,,,,
906,0.0004502827941905707,73.0,74.0,0.9864864864864865,1.0,72.0,0.0136986301369863,0.9863013698630136,0.18745232551077717,0.0,0.6,0.0038053,8,101,0.0,,,,,,,,,,
907,0.0004259387860656716,73.0,74.0,0.9864864864864865,4.0,69.0,0.0547945205479452,0.9452054794520548,0.17953778879642743,0.0,0.6,0.0038053,8,102,0.0,,,,,,,,,,
908,0.0005895640460948925,73.0,74.0,0.9864864864864865,36.0,37.0,0.4931506849315068,0.5068493150684932,0.1713631531253198,0.0,0.6,0.0038053,8,103,0.0,,,,,,,,,,
909,0.00041695046093082055,73.0,74.0,0.9864864864864865,7.0,66.0,0.0958904109589041,0.9041095890410958,0.17717711106899312,0.0,0.6,0.0038053,8,104,0.0,,,,,,,,,,
910,0.0005089496153232176,73.0,74.0,0.9864864864864865,1.0,72.0,0.0136986301369863,0.9863013698630136,0.1867112231457268,0.0,0.6,0.0038053,8,105,0.0,,,,,,,,,,
911,0.00048161918675759807,73.0,74.0,0.9864864864864865,1.0,72.0,0.0136986301369863,0.9863013698630136,0.19110108392597017,0.0,0.6,0.0038053,8,106,0.0,,,,,,,,,,
912,0.00044312522368272766,73.0,74.0,0.9864864864864865,3.0,70.0,0.0410958904109589,0.958904109589041,0.18392225847156307,0.0,0.6,0.0038053,8,107,0.0,,,,,,,,,,
913,0.04667345390771516,0.0,74.0,0.0,0.0,0.0,0.0,0.0,0.0,0.0,0.6,0.0038053,8,108,0.0,,,,,,,,,,
914,0.0007863656646804884,71.0,74.0,0.9594594594594594,15.0,56.0,0.2112676056338028,0.7887323943661971,0.1743376060498276,0.0,0.6,0.0038053,8,109,0.0,,,,,,,,,,
915,0.0004675775853684172,73.0,74.0,0.9864864864864865,15.0,58.0,0.2054794520547945,0.7945205479452054,0.17703426419152488,0.0,0.6,0.0038053,8,110,0.0,,,,,,,,,,
916,0.0003713120677275583,73.0,74.0,0.9864864864864865,8.0,65.0,0.1095890410958904,0.8904109589041096,0.1797812340975181,0.0,0.6,0.0038053,8,111,0.0,,,,,,,,,,
917,0.00044636660459218547,73.0,74.0,0.9864864864864865,6.0,67.0,0.0821917808219178,0.9178082191780822,0.18646838278175548,0.0,0.6,0.0038053,8,112,0.0,,,,,,,,,,
918,0.000536561812623404,73.0,74.0,0.9864864864864865,6.0,67.0,0.0821917808219178,0.9178082191780822,0.18290711014203892,0.0,0.6,0.0038053,8,113,0.0,,,,,,,,,,
919,0.0006114677016739734,73.0,74.0,0.9864864864864865,10.0,63.0,0.136986301369863,0.863013698630137,0.17900194400383365,0.0,0.6,0.0038053,8,114,0.0,,,,,,,,,,
920,0.0005936210043728352,72.0,74.0,0.972972972972973,17.0,55.0,0.2361111111111111,0.7638888888888888,0.17894772013705834,0.0,0.6,0.0038053,8,115,0.0,,,,,,,,,,
920,,,,,,,,,,,,,8,,1.0,0.8406862745098039,0.8938166671074353,0.8406862745098039,0.8500434240469565,0.9989094874591058,0.002748550058965085,0.15822321294930186,0.9989094874591058,0.002794078109107669,0.15822321294930186
921,0.0004981456950190477,73.0,74.0,0.9864864864864865,3.0,70.0,0.0410958904109589,0.958904109589041,0.18461406955252438,0.0,0.6,0.0038053,9,1,0.0,,,,,,,,,,
922,0.0006003516391501762,73.0,74.0,0.9864864864864865,7.0,66.0,0.0958904109589041,0.9041095890410958,0.1855590624483343,0.0,0.6,0.0038053,9,2,0.0,,,,,,,,,,
923,0.00045720596972387284,73.0,74.0,0.9864864864864865,3.0,70.0,0.0410958904109589,0.958904109589041,0.18661505599455247,0.0,0.6,0.0038053,9,3,0.0,,,,,,,,,,
924,0.0008006502321222797,72.0,74.0,0.972972972972973,12.0,60.0,0.16666666666666666,0.8333333333333334,0.1805308065365967,0.0,0.6,0.0038053,9,4,0.0,,,,,,,,,,
925,0.0004039293016830925,73.0,74.0,0.9864864864864865,27.0,46.0,0.3698630136986301,0.6301369863013698,0.1747202036739505,0.0,0.6,0.0038053,9,5,0.0,,,,,,,,,,
926,0.017081527523259865,0.0,74.0,0.0,0.0,0.0,0.0,0.0,0.0,0.0,0.6,0.0038053,9,6,0.0,,,,,,,,,,
927,0.0003260257144575007,73.0,74.0,0.9864864864864865,0.0,73.0,0.0,1.0,0.18979218614299798,0.0,0.6,0.0038053,9,7,0.0,,,,,,,,,,
928,0.00038569048047065735,73.0,74.0,0.9864864864864865,3.0,70.0,0.0410958904109589,0.958904109589041,0.18985939695040835,0.0,0.6,0.0038053,9,8,0.0,,,,,,,,,,
929,0.00044632863864535466,73.0,74.0,0.9864864864864865,2.0,71.0,0.0273972602739726,0.9726027397260274,0.18137544373947884,0.0,0.6,0.0038053,9,9,0.0,,,,,,,,,,
930,0.0010692585638025776,37.0,74.0,0.5,8.0,29.0,0.21621621621621623,0.7837837837837838,0.1773611602680983,0.0,0.6,0.0038053,9,10,0.0,,,,,,,,,,
931,0.0005996742256684229,73.0,74.0,0.9864864864864865,24.0,49.0,0.3287671232876712,0.6712328767123288,0.1757556374255101,0.0,0.6,0.0038053,9,11,0.0,,,,,,,,,,
932,0.0004349930604803376,73.0,74.0,0.9864864864864865,16.0,57.0,0.2191780821917808,0.7808219178082192,0.1794133698248279,0.0,0.6,0.0038053,9,12,0.0,,,,,,,,,,
933,0.0002879361345549114,73.0,74.0,0.9864864864864865,0.0,73.0,0.0,1.0,0.1893869169326454,0.0,0.6,0.0038053,9,13,0.0,,,,,,,,,,
934,0.0003018178540514782,73.0,74.0,0.9864864864864865,0.0,73.0,0.0,1.0,0.19492800598222995,0.0,0.6,0.0038053,9,14,0.0,,,,,,,,,,
935,0.0003681099697132595,73.0,74.0,0.9864864864864865,10.0,63.0,0.136986301369863,0.863013698630137,0.18290932926139472,0.0,0.6,0.0038053,9,15,0.0,,,,,,,,,,
936,0.0021699920325772837,2.0,74.0,0.02702702702702703,1.0,1.0,0.5,0.5,0.17227027071662132,0.0,0.6,0.0038053,9,16,0.0,,,,,,,,,,
937,0.0003855888753605541,73.0,74.0,0.9864864864864865,1.0,72.0,0.0136986301369863,0.9863013698630136,0.18384847125321357,0.0,0.6,0.0038053,9,17,0.0,,,,,,,,,,
938,0.00039578175710630603,73.0,74.0,0.9864864864864865,3.0,70.0,0.0410958904109589,0.958904109589041,0.18364662540801713,0.0,0.6,0.0038053,9,18,0.0,,,,,,,,,,
939,0.0006909789590281434,73.0,74.0,0.9864864864864865,25.0,48.0,0.3424657534246575,0.6575342465753424,0.1734792107450705,0.0,0.6,0.0038053,9,19,0.0,,,,,,,,,,
940,0.00039606878272024915,73.0,74.0,0.9864864864864865,8.0,65.0,0.1095890410958904,0.8904109589041096,0.1803496252603178,0.0,0.6,0.0038053,9,20,0.0,,,,,,,,,,
941,0.0004718123163911514,73.0,74.0,0.9864864864864865,2.0,71.0,0.0273972602739726,0.9726027397260274,0.1842595541646566,0.0,0.6,0.0038053,9,21,0.0,,,,,,,,,,
942,0.0008210737141780555,72.0,74.0,0.972972972972973,7.0,65.0,0.09722222222222222,0.9027777777777778,0.17943782008322234,0.0,0.6,0.0038053,9,22,0.0,,,,,,,,,,
943,0.0004877000392298214,73.0,74.0,0.9864864864864865,5.0,68.0,0.0684931506849315,0.9315068493150684,0.18532954751797673,0.0,0.6,0.0038053,9,23,0.0,,,,,,,,,,
944,0.024150370070856297,0.0,74.0,0.0,0.0,0.0,0.0,0.0,0.0,0.0,0.6,0.0038053,9,24,0.0,,,,,,,,,,
945,0.001112552621634677,72.0,74.0,0.972972972972973,30.0,42.0,0.4166666666666667,0.5833333333333334,0.17213957561646698,0.0,0.6,0.0038053,9,25,0.0,,,,,,,,,,
946,0.046394144414080074,0.0,74.0,0.0,0.0,0.0,0.0,0.0,0.0,0.0,0.6,0.0038053,9,26,0.0,,,,,,,,,,
947,0.00037055435677757487,73.0,74.0,0.9864864864864865,7.0,66.0,0.0958904109589041,0.9041095890410958,0.18291934041693297,0.0,0.6,0.0038053,9,27,0.0,,,,,,,,,,
948,0.0007203435088740662,60.0,74.0,0.8108108108108109,9.0,51.0,0.15,0.85,0.17745696124154384,0.0,0.6,0.0038053,9,28,0.0,,,,,,,,,,
949,0.00039858196396380663,73.0,74.0,0.9864864864864865,16.0,57.0,0.2191780821917808,0.7808219178082192,0.1787181208015764,0.0,0.6,0.0038053,9,29,0.0,,,,,,,,,,
950,0.0006417755139409564,72.0,74.0,0.972972972972973,21.0,51.0,0.2916666666666667,0.7083333333333334,0.17496248715740084,0.0,0.6,0.0038053,9,30,0.0,,,,,,,,,,
951,0.00037341889401432127,73.0,74.0,0.9864864864864865,9.0,64.0,0.1232876712328767,0.8767123287671232,0.18583946690157097,0.0,0.6,0.0038053,9,31,0.0,,,,,,,,,,
952,0.0003922531286661979,73.0,74.0,0.9864864864864865,14.0,59.0,0.1917808219178082,0.8082191780821918,0.1770824397771854,0.0,0.6,0.0038053,9,32,0.0,,,,,,,,,,
953,0.00032687827479094267,73.0,74.0,0.9864864864864865,31.0,42.0,0.4246575342465753,0.5753424657534246,0.1775344496928517,0.0,0.6,0.0038053,9,33,0.0,,,,,,,,,,
954,0.0004515795881161466,73.0,74.0,0.9864864864864865,11.0,62.0,0.1506849315068493,0.8493150684931506,0.1783005622271729,0.0,0.6,0.0038053,9,34,0.0,,,,,,,,,,
955,0.0003153737125103362,73.0,74.0,0.9864864864864865,13.0,60.0,0.1780821917808219,0.821917808219178,0.1786620822303987,0.0,0.6,0.0038053,9,35,0.0,,,,,,,,,,
956,0.1004528712364845,0.0,74.0,0.0,0.0,0.0,0.0,0.0,0.0,0.0,0.6,0.0038053,9,36,0.0,,,,,,,,,,
957,0.0006122604390839115,72.0,74.0,0.972972972972973,16.0,56.0,0.2222222222222222,0.7777777777777778,0.1764436934223614,0.0,0.6,0.0038053,9,37,0.0,,,,,,,,,,
958,0.01809062726533739,0.0,74.0,0.0,0.0,0.0,0.0,0.0,0.0,0.0,0.6,0.0038053,9,38,0.0,,,,,,,,,,
959,0.00024050679348874837,73.0,74.0,0.9864864864864865,12.0,61.0,0.1643835616438356,0.8356164383561644,0.18218316316385666,0.0,0.6,0.0038053,9,39,0.0,,,,,,,,,,
960,0.00036363056278787553,73.0,74.0,0.9864864864864865,3.0,70.0,0.0410958904109589,0.958904109589041,0.1843707166348608,0.0,0.6,0.0038053,9,40,0.0,,,,,,,,,,
961,0.0006591520359506831,62.0,74.0,0.8378378378378378,13.0,49.0,0.20967741935483872,0.7903225806451613,0.17892498615733204,0.0,0.6,0.0038053,9,41,0.0,,,,,,,,,,
962,0.0003623109769250732,73.0,74.0,0.9864864864864865,8.0,65.0,0.1095890410958904,0.8904109589041096,0.1833498326991994,0.0,0.6,0.0038053,9,42,0.0,,,,,,,,,,
963,0.0005148800082679372,58.0,74.0,0.7837837837837838,8.0,50.0,0.13793103448275862,0.8620689655172413,0.18186001994880818,0.0,0.6,0.0038053,9,43,0.0,,,,,,,,,,
964,0.00037344700103858486,73.0,74.0,0.9864864864864865,3.0,70.0,0.0410958904109589,0.958904109589041,0.18783790436028203,0.0,0.6,0.0038053,9,44,0.0,,,,,,,,,,
965,0.0006759331154171377,73.0,74.0,0.9864864864864865,20.0,53.0,0.273972602739726,0.726027397260274,0.17594903063091005,0.0,0.6,0.0038053,9,45,0.0,,,,,,,,,,
966,0.00038036513433326036,73.0,74.0,0.9864864864864865,1.0,72.0,0.0136986301369863,0.9863013698630136,0.18887705194807589,0.0,0.6,0.0038053,9,46,0.0,,,,,,,,,,
967,0.0003894193941960111,73.0,74.0,0.9864864864864865,4.0,69.0,0.0547945205479452,0.9452054794520548,0.18613858312169904,0.0,0.6,0.0038053,9,47,0.0,,,,,,,,,,
968,0.0006387278262991458,63.0,74.0,0.8513513513513513,3.0,60.0,0.047619047619047616,0.9523809523809523,0.18559149973531236,0.0,0.6,0.0038053,9,48,0.0,,,,,,,,,,
969,0.0006676032426184975,1.0,74.0,0.013513513513513514,0.0,1.0,0.0,1.0,0.22650582564489144,0.0,0.6,0.0038053,9,49,0.0,,,,,,,,,,
970,0.00044107079156674445,73.0,74.0,0.9864864864864865,23.0,50.0,0.3150684931506849,0.684931506849315,0.17412784307111095,0.0,0.6,0.0038053,9,50,0.0,,,,,,,,,,
971,0.0003354105501784943,73.0,74.0,0.9864864864864865,25.0,48.0,0.3424657534246575,0.6575342465753424,0.17670587678964578,0.0,0.6,0.0038053,9,51,0.0,,,,,,,,,,
972,0.0005185405243537389,73.0,74.0,0.9864864864864865,14.0,59.0,0.1917808219178082,0.8082191780821918,0.17583500161011018,0.0,0.6,0.0038053,9,52,0.0,,,,,,,,,,
973,0.00034993392910109833,73.0,74.0,0.9864864864864865,7.0,66.0,0.0958904109589041,0.9041095890410958,0.18245338813776932,0.0,0.6,0.0038053,9,53,0.0,,,,,,,,,,
974,0.0005357486661523581,73.0,74.0,0.9864864864864865,10.0,63.0,0.136986301369863,0.863013698630137,0.18062972749304448,0.0,0.6,0.0038053,9,54,0.0,,,,,,,,,,
975,0.0005844844854436815,73.0,74.0,0.9864864864864865,8.0,65.0,0.1095890410958904,0.8904109589041096,0.17904464661829333,0.0,0.6,0.0038053,9,55,0.0,,,,,,,,,,
976,0.0021101840975461528,0.0,74.0,0.0,0.0,0.0,0.0,0.0,0.0,0.0,0.6,0.0038053,9,56,0.0,,,,,,,,,,
977,0.0004511399456532672,73.0,74.0,0.9864864864864865,3.0,70.0,0.0410958904109589,0.958904109589041,0.19113383363060082,0.0,0.6,0.0038053,9,57,0.0,,,,,,,,,,
978,0.00041414552106289193,73.0,74.0,0.9864864864864865,20.0,53.0,0.273972602739726,0.726027397260274,0.1740956952743905,0.0,0.6,0.0038053,9,58,0.0,,,,,,,,,,
979,0.00036512336373561993,73.0,74.0,0.9864864864864865,5.0,68.0,0.0684931506849315,0.9315068493150684,0.1845555725342446,0.0,0.6,0.0038053,9,59,0.0,,,,,,,,,,
980,0.00040089699177769944,73.0,74.0,0.9864864864864865,4.0,69.0,0.0547945205479452,0.9452054794520548,0.18412458153642539,0.0,0.6,0.0038053,9,60,0.0,,,,,,,,,,
981,0.00028614063558052294,73.0,74.0,0.9864864864864865,0.0,73.0,0.0,1.0,0.19110127292801543,0.0,0.6,0.0038053,9,61,0.0,,,,,,,,,,
982,0.0003357198293088004,73.0,74.0,0.9864864864864865,0.0,73.0,0.0,1.0,0.1899530949591783,0.0,0.6,0.0038053,9,62,0.0,,,,,,,,,,
983,0.0003273868205724284,73.0,74.0,0.9864864864864865,1.0,72.0,0.0136986301369863,0.9863013698630136,0.18639378119120117,0.0,0.6,0.0038053,9,63,0.0,,,,,,,,,,
984,0.00038568652962567285,73.0,74.0,0.9864864864864865,7.0,66.0,0.0958904109589041,0.9041095890410958,0.1797514820250131,0.0,0.6,0.0038053,9,64,0.0,,,,,,,,,,
985,0.00027382487678551115,73.0,74.0,0.9864864864864865,2.0,71.0,0.0273972602739726,0.9726027397260274,0.1898034751513925,0.0,0.6,0.0038053,9,65,0.0,,,,,,,,,,
986,0.0003952004262828268,73.0,74.0,0.9864864864864865,1.0,72.0,0.0136986301369863,0.9863013698630136,0.19306933391407152,0.0,0.6,0.0038053,9,66,0.0,,,,,,,,,,
987,0.0002764403361652512,73.0,74.0,0.9864864864864865,0.0,73.0,0.0,1.0,0.18956486443709308,0.0,0.6,0.0038053,9,67,0.0,,,,,,,,,,
988,0.00043784720764961094,73.0,74.0,0.9864864864864865,8.0,65.0,0.1095890410958904,0.8904109589041096,0.1814254357311683,0.0,0.6,0.0038053,9,68,0.0,,,,,,,,,,
989,0.00045290769048733637,73.0,74.0,0.9864864864864865,2.0,71.0,0.0273972602739726,0.9726027397260274,0.18510852514800938,0.0,0.6,0.0038053,9,69,0.0,,,,,,,,,,
990,0.00028661803662544116,73.0,74.0,0.9864864864864865,3.0,70.0,0.0410958904109589,0.958904109589041,0.1852030206790688,0.0,0.6,0.0038053,9,70,0.0,,,,,,,,,,
991,0.0004235112646711059,73.0,74.0,0.9864864864864865,20.0,53.0,0.273972602739726,0.726027397260274,0.17492812006868333,0.0,0.6,0.0038053,9,71,0.0,,,,,,,,,,
992,0.00033483228617114946,73.0,74.0,0.9864864864864865,1.0,72.0,0.0136986301369863,0.9863013698630136,0.18528750455417534,0.0,0.6,0.0038053,9,72,0.0,,,,,,,,,,
993,0.00023366349341813475,73.0,74.0,0.9864864864864865,0.0,73.0,0.0,1.0,0.20653900060700048,0.0,0.6,0.0038053,9,73,0.0,,,,,,,,,,
994,0.0005689199751941487,73.0,74.0,0.9864864864864865,21.0,52.0,0.2876712328767123,0.7123287671232876,0.17498541354549882,0.0,0.6,0.0038053,9,74,0.0,,,,,,,,,,
995,0.0005453711273730733,73.0,74.0,0.9864864864864865,23.0,50.0,0.3150684931506849,0.684931506849315,0.17567514422786407,0.0,0.6,0.0038053,9,75,0.0,,,,,,,,,,
996,0.00035385689989198,73.0,74.0,0.9864864864864865,1.0,72.0,0.0136986301369863,0.9863013698630136,0.1908212720301501,0.0,0.6,0.0038053,9,76,0.0,,,,,,,,,,
997,0.00047050694411154836,73.0,74.0,0.9864864864864865,0.0,73.0,0.0,1.0,0.18825680053001875,0.0,0.6,0.0038053,9,77,0.0,,,,,,,,,,
998,0.00032087027648231015,73.0,74.0,0.9864864864864865,5.0,68.0,0.0684931506849315,0.9315068493150684,0.18337426567928083,0.0,0.6,0.0038053,9,78,0.0,,,,,,,,,,
999,0.0006625502282986417,68.0,74.0,0.918918918918919,29.0,39.0,0.4264705882352941,0.5735294117647058,0.17392753040607584,0.0,0.6,0.0038053,9,79,0.0,,,,,,,,,,
1000,0.0003823045626631938,73.0,74.0,0.9864864864864865,15.0,58.0,0.2054794520547945,0.7945205479452054,0.17868225368035487,0.0,0.6,0.0038053,9,80,0.0,,,,,,,,,,
1001,0.0002911702322307974,73.0,74.0,0.9864864864864865,11.0,62.0,0.1506849315068493,0.8493150684931506,0.17953924917325018,0.0,0.6,0.0038053,9,81,0.0,,,,,,,,,,
1002,0.00033497079857625067,73.0,74.0,0.9864864864864865,25.0,48.0,0.3424657534246575,0.6575342465753424,0.17441469536154242,0.0,0.6,0.0038053,9,82,0.0,,,,,,,,,,
1003,0.0004385058637126349,66.0,74.0,0.8918918918918919,3.0,63.0,0.045454545454545456,0.9545454545454546,0.18797006290168988,0.0,0.6,0.0038053,9,83,0.0,,,,,,,,,,
1004,0.00033329135476378724,73.0,74.0,0.9864864864864865,17.0,56.0,0.2328767123287671,0.7671232876712328,0.17879325802207077,0.0,0.6,0.0038053,9,84,0.0,,,,,,,,,,
1005,0.0005370372673496604,73.0,74.0,0.9864864864864865,4.0,69.0,0.0547945205479452,0.9452054794520548,0.18240532189984743,0.0,0.6,0.0038053,9,85,0.0,,,,,,,,,,
1006,0.00037290948966983706,73.0,74.0,0.9864864864864865,2.0,71.0,0.0273972602739726,0.9726027397260274,0.19153866891473686,0.0,0.6,0.0038053,9,86,0.0,,,,,,,,,,
1007,0.0002512940627639182,73.0,74.0,0.9864864864864865,15.0,58.0,0.2054794520547945,0.7945205479452054,0.17841322303674187,0.0,0.6,0.0038053,9,87,0.0,,,,,,,,,,
1008,0.0004900246567558497,73.0,74.0,0.9864864864864865,9.0,64.0,0.1232876712328767,0.8767123287671232,0.17700250197275152,0.0,0.6,0.0038053,9,88,0.0,,,,,,,,,,
1009,0.00034701855474850163,73.0,74.0,0.9864864864864865,3.0,70.0,0.0410958904109589,0.958904109589041,0.1838419530916798,0.0,0.6,0.0038053,9,89,0.0,,,,,,,,,,
1010,0.004605340734997299,0.0,74.0,0.0,0.0,0.0,0.0,0.0,0.0,0.0,0.6,0.0038053,9,90,0.0,,,,,,,,,,
1011,0.00034008544753305614,73.0,74.0,0.9864864864864865,1.0,72.0,0.0136986301369863,0.9863013698630136,0.1854427691575941,0.0,0.6,0.0038053,9,91,0.0,,,,,,,,,,
1012,0.000569658848689869,58.0,74.0,0.7837837837837838,10.0,48.0,0.1724137931034483,0.8275862068965517,0.17914038726910625,0.0,0.6,0.0038053,9,92,0.0,,,,,,,,,,
1013,0.0006123815692262724,53.0,74.0,0.7162162162162162,12.0,41.0,0.22641509433962265,0.7735849056603774,0.177417143909045,0.0,0.6,0.0038053,9,93,0.0,,,,,,,,,,
1014,0.000405606726417318,73.0,74.0,0.9864864864864865,24.0,49.0,0.3287671232876712,0.6712328767123288,0.17322595105888347,0.0,0.6,0.0038053,9,94,0.0,,,,,,,,,,
1015,0.00032967462902888656,73.0,74.0,0.9864864864864865,0.0,73.0,0.0,1.0,0.18708659271565992,0.0,0.6,0.0038053,9,95,0.0,,,,,,,,,,
1016,0.00026748586606117897,73.0,74.0,0.9864864864864865,12.0,61.0,0.1643835616438356,0.8356164383561644,0.18155659835153545,0.0,0.6,0.0038053,9,96,0.0,,,,,,,,,,
1017,0.0012742955368594266,47.0,74.0,0.6351351351351351,1.0,46.0,0.02127659574468085,0.9787234042553191,0.185507431647598,0.0,0.6,0.0038053,9,97,0.0,,,,,,,,,,
1018,0.00028993087107664905,73.0,74.0,0.9864864864864865,0.0,73.0,0.0,1.0,0.18987645878468432,0.0,0.6,0.0038053,9,98,0.0,,,,,,,,,,
1019,0.0003089322417508811,73.0,74.0,0.9864864864864865,15.0,58.0,0.2054794520547945,0.7945205479452054,0.17555700503310387,0.0,0.6,0.0038053,9,99,0.0,,,,,,,,,,
1020,0.0003475334306131117,73.0,74.0,0.9864864864864865,4.0,69.0,0.0547945205479452,0.9452054794520548,0.18262223720831575,0.0,0.6,0.0038053,9,100,0.0,,,,,,,,,,
1021,0.00044085732952225953,73.0,74.0,0.9864864864864865,16.0,57.0,0.2191780821917808,0.7808219178082192,0.17885482062126792,0.0,0.6,0.0038053,9,101,0.0,,,,,,,,,,
1022,0.0003391448553884402,73.0,74.0,0.9864864864864865,16.0,57.0,0.2191780821917808,0.7808219178082192,0.18106469378298198,0.0,0.6,0.0038053,9,102,0.0,,,,,,,,,,
1023,0.00035345966898603365,73.0,74.0,0.9864864864864865,50.0,23.0,0.684931506849315,0.3150684931506849,0.17009131275615555,0.0,0.6,0.0038053,9,103,0.0,,,,,,,,,,
1024,0.00046367417235160246,73.0,74.0,0.9864864864864865,3.0,70.0,0.0410958904109589,0.958904109589041,0.18227069030001378,0.0,0.6,0.0038053,9,104,0.0,,,,,,,,,,
1025,0.0006056665806681849,72.0,74.0,0.972972972972973,20.0,52.0,0.2777777777777778,0.7222222222222222,0.17635272586446896,0.0,0.6,0.0038053,9,105,0.0,,,,,,,,,,
1026,0.0003847238258458674,73.0,74.0,0.9864864864864865,31.0,42.0,0.4246575342465753,0.5753424657534246,0.17590018793617437,0.0,0.6,0.0038053,9,106,0.0,,,,,,,,,,
1027,0.0002936797136499081,73.0,74.0,0.9864864864864865,18.0,55.0,0.2465753424657534,0.7534246575342466,0.17950891198748276,0.0,0.6,0.0038053,9,107,0.0,,,,,,,,,,
1028,0.0005017975927330554,73.0,74.0,0.9864864864864865,25.0,48.0,0.3424657534246575,0.6575342465753424,0.17536993606777884,0.0,0.6,0.0038053,9,108,0.0,,,,,,,,,,
1029,0.0002589621362858452,73.0,74.0,0.9864864864864865,2.0,71.0,0.0273972602739726,0.9726027397260274,0.18317021875429956,0.0,0.6,0.0038053,9,109,0.0,,,,,,,,,,
1030,0.00039251058478839695,73.0,74.0,0.9864864864864865,10.0,63.0,0.136986301369863,0.863013698630137,0.17645314120697186,0.0,0.6,0.0038053,9,110,0.0,,,,,,,,,,
1031,0.0003049679653486237,73.0,74.0,0.9864864864864865,0.0,73.0,0.0,1.0,0.19303294538906654,0.0,0.6,0.0038053,9,111,0.0,,,,,,,,,,
1032,0.0004985802443115972,61.0,74.0,0.8243243243243243,4.0,57.0,0.06557377049180328,0.9344262295081968,0.18130840615679256,0.0,0.6,0.0038053,9,112,0.0,,,,,,,,,,
1033,0.0005093730142107233,73.0,74.0,0.9864864864864865,6.0,67.0,0.0821917808219178,0.9178082191780822,0.18058398618430554,0.0,0.6,0.0038053,9,113,0.0,,,,,,,,,,
1034,0.0002701220982999075,73.0,74.0,0.9864864864864865,2.0,71.0,0.0273972602739726,0.9726027397260274,0.18593982467993134,0.0,0.6,0.0038053,9,114,0.0,,,,,,,,,,
1035,0.0003527560125803575,73.0,74.0,0.9864864864864865,41.0,32.0,0.5616438356164384,0.4383561643835616,0.1712835918162744,0.0,0.6,0.0038053,9,115,0.0,,,,,,,,,,
1035,,,,,,,,,,,,,9,,1.0,0.8406862745098039,0.9271008590093026,0.8406862745098039,0.8803473401528138,0.9997273718647764,0.0007271642242457069,0.15904109735497252,0.9997273718647764,0.0009286271337338764,0.15904109735497252
1036,0.00023302754561882466,73.0,74.0,0.9864864864864865,21.0,52.0,0.2876712328767123,0.7123287671232876,0.17845631049711327,0.0,0.6,0.0038053,10,1,0.0,,,,,,,,,,
1037,0.0004686010506702587,73.0,74.0,0.9864864864864865,16.0,57.0,0.2191780821917808,0.7808219178082192,0.17696159672375927,0.0,0.6,0.0038053,10,2,0.0,,,,,,,,,,
1038,0.0007593456139147747,13.0,74.0,0.17567567567567569,6.0,7.0,0.46153846153846156,0.5384615384615384,0.17399072680281177,0.0,0.6,0.0038053,10,3,0.0,,,,,,,,,,
1039,0.0003893729444826022,73.0,74.0,0.9864864864864865,14.0,59.0,0.1917808219178082,0.8082191780821918,0.17872544476748908,0.0,0.6,0.0038053,10,4,0.0,,,,,,,,,,
1040,0.0002971132198581472,73.0,74.0,0.9864864864864865,16.0,57.0,0.2191780821917808,0.7808219178082192,0.17863795006800842,0.0,0.6,0.0038053,10,5,0.0,,,,,,,,,,
1041,0.00039452987402910367,73.0,74.0,0.9864864864864865,6.0,67.0,0.0821917808219178,0.9178082191780822,0.179817574254724,0.0,0.6,0.0038053,10,6,0.0,,,,,,,,,,
1042,0.0002838714972313028,73.0,74.0,0.9864864864864865,1.0,72.0,0.0136986301369863,0.9863013698630136,0.18541170491802036,0.0,0.6,0.0038053,10,7,0.0,,,,,,,,,,
1043,0.00035237023257650435,73.0,74.0,0.9864864864864865,6.0,67.0,0.0821917808219178,0.9178082191780822,0.18627664902591218,0.0,0.6,0.0038053,10,8,0.0,,,,,,,,,,
1044,0.00047078200441319495,73.0,74.0,0.9864864864864865,25.0,48.0,0.3424657534246575,0.6575342465753424,0.17419978183605483,0.0,0.6,0.0038053,10,9,0.0,,,,,,,,,,
1045,0.0005439473825390451,68.0,74.0,0.918918918918919,26.0,42.0,0.38235294117647056,0.6176470588235294,0.17247542991317377,0.0,0.6,0.0038053,10,10,0.0,,,,,,,,,,
1046,0.0005096743188914843,73.0,74.0,0.9864864864864865,8.0,65.0,0.1095890410958904,0.8904109589041096,0.17715338466885452,0.0,0.6,0.0038053,10,11,0.0,,,,,,,,,,
1047,0.0003132792771793902,73.0,74.0,0.9864864864864865,1.0,72.0,0.0136986301369863,0.9863013698630136,0.18654435245705447,0.0,0.6,0.0038053,10,12,0.0,,,,,,,,,,
1048,0.0572462315831217,0.0,74.0,0.0,0.0,0.0,0.0,0.0,0.0,0.0,0.6,0.0038053,10,13,0.0,,,,,,,,,,
1049,0.0012268555074115284,1.0,74.0,0.013513513513513514,1.0,0.0,1.0,0.0,0.15268495161108375,0.0,0.6,0.0038053,10,14,0.0,,,,,,,,,,
1050,0.00029628039555973373,73.0,74.0,0.9864864864864865,1.0,72.0,0.0136986301369863,0.9863013698630136,0.183940996899739,0.0,0.6,0.0038053,10,15,0.0,,,,,,,,,,
1051,0.000508222532516811,73.0,74.0,0.9864864864864865,14.0,59.0,0.1917808219178082,0.8082191780821918,0.17891191861584627,0.0,0.6,0.0038053,10,16,0.0,,,,,,,,,,
1052,0.00035235218092566356,73.0,74.0,0.9864864864864865,21.0,52.0,0.2876712328767123,0.7123287671232876,0.17639025027440586,0.0,0.6,0.0038053,10,17,0.0,,,,,,,,,,
1053,0.00041509682705509476,73.0,74.0,0.9864864864864865,0.0,73.0,0.0,1.0,0.18419275631724574,0.0,0.6,0.0038053,10,18,0.0,,,,,,,,,,
1054,0.03377414966962533,0.0,74.0,0.0,0.0,0.0,0.0,0.0,0.0,0.0,0.6,0.0038053,10,19,0.0,,,,,,,,,,
1055,0.0002782271694741212,73.0,74.0,0.9864864864864865,2.0,71.0,0.0273972602739726,0.9726027397260274,0.18517179569961018,0.0,0.6,0.0038053,10,20,0.0,,,,,,,,,,
1056,0.0002947140237665735,73.0,74.0,0.9864864864864865,5.0,68.0,0.0684931506849315,0.9315068493150684,0.18384097072852482,0.0,0.6,0.0038053,10,21,0.0,,,,,,,,,,
1057,0.0003553103088052012,73.0,74.0,0.9864864864864865,6.0,67.0,0.0821917808219178,0.9178082191780822,0.1841343850861082,0.0,0.6,0.0038053,10,22,0.0,,,,,,,,,,
1058,0.026067014347063377,0.0,74.0,0.0,0.0,0.0,0.0,0.0,0.0,0.0,0.6,0.0038053,10,23,0.0,,,,,,,,,,
1059,0.0003907791033270769,73.0,74.0,0.9864864864864865,4.0,69.0,0.0547945205479452,0.9452054794520548,0.18081754969928499,0.0,0.6,0.0038053,10,24,0.0,,,,,,,,,,
1060,0.00033675194208626635,73.0,74.0,0.9864864864864865,18.0,55.0,0.2465753424657534,0.7534246575342466,0.18186127899132976,0.0,0.6,0.0038053,10,25,0.0,,,,,,,,,,
1061,0.0003878495263052173,73.0,74.0,0.9864864864864865,14.0,59.0,0.1917808219178082,0.8082191780821918,0.1764598067857971,0.0,0.6,0.0038053,10,26,0.0,,,,,,,,,,
1062,0.0003305511454527732,73.0,74.0,0.9864864864864865,2.0,71.0,0.0273972602739726,0.9726027397260274,0.1883612750800906,0.0,0.6,0.0038053,10,27,0.0,,,,,,,,,,
1063,0.00023272675753105432,73.0,74.0,0.9864864864864865,0.0,73.0,0.0,1.0,0.19826278554596555,0.0,0.6,0.0038053,10,28,0.0,,,,,,,,,,
1064,0.0003546003208612092,73.0,74.0,0.9864864864864865,1.0,72.0,0.0136986301369863,0.9863013698630136,0.18657567621868273,0.0,0.6,0.0038053,10,29,0.0,,,,,,,,,,
1065,0.0003193989032297395,73.0,74.0,0.9864864864864865,20.0,53.0,0.273972602739726,0.726027397260274,0.178464519574955,0.0,0.6,0.0038053,10,30,0.0,,,,,,,,,,
1066,0.0005093942017992958,73.0,74.0,0.9864864864864865,23.0,50.0,0.3150684931506849,0.684931506849315,0.17391380119552355,0.0,0.6,0.0038053,10,31,0.0,,,,,,,,,,
1067,0.0003874306858051568,73.0,74.0,0.9864864864864865,24.0,49.0,0.3287671232876712,0.6712328767123288,0.17295312108807928,0.0,0.6,0.0038053,10,32,0.0,,,,,,,,,,
1068,0.0005269200410111807,73.0,74.0,0.9864864864864865,7.0,66.0,0.0958904109589041,0.9041095890410958,0.17840005266530548,0.0,0.6,0.0038053,10,33,0.0,,,,,,,,,,
1069,0.001317961941822432,1.0,74.0,0.013513513513513514,0.0,1.0,0.0,1.0,0.2269394066164642,0.0,0.6,0.0038053,10,34,0.0,,,,,,,,,,
1070,0.0003302307959529571,73.0,74.0,0.9864864864864865,20.0,53.0,0.273972602739726,0.726027397260274,0.17976684299220766,0.0,0.6,0.0038053,10,35,0.0,,,,,,,,,,
1071,0.0003118677777820267,73.0,74.0,0.9864864864864865,1.0,72.0,0.0136986301369863,0.9863013698630136,0.18280213391021025,0.0,0.6,0.0038053,10,36,0.0,,,,,,,,,,
1072,0.0005587769483099692,73.0,74.0,0.9864864864864865,11.0,62.0,0.1506849315068493,0.8493150684931506,0.1768939294868733,0.0,0.6,0.0038053,10,37,0.0,,,,,,,,,,
1073,0.00031275381115847267,73.0,74.0,0.9864864864864865,6.0,67.0,0.0821917808219178,0.9178082191780822,0.18238278038662392,0.0,0.6,0.0038053,10,38,0.0,,,,,,,,,,
1074,0.0003100439098489005,71.0,74.0,0.9594594594594594,21.0,50.0,0.29577464788732394,0.704225352112676,0.17596368910690252,0.0,0.6,0.0038053,10,39,0.0,,,,,,,,,,
1075,0.00029285818527569063,73.0,74.0,0.9864864864864865,2.0,71.0,0.0273972602739726,0.9726027397260274,0.18574905905302144,0.0,0.6,0.0038053,10,40,0.0,,,,,,,,,,
1076,0.00043825919419759884,73.0,74.0,0.9864864864864865,32.0,41.0,0.4383561643835616,0.5616438356164384,0.1713226856611716,0.0,0.6,0.0038053,10,41,0.0,,,,,,,,,,
1077,0.0005462654808070511,60.0,74.0,0.8108108108108109,18.0,42.0,0.3,0.7,0.17852153798471845,0.0,0.6,0.0038053,10,42,0.0,,,,,,,,,,
1078,0.00030815074933343567,73.0,74.0,0.9864864864864865,10.0,63.0,0.136986301369863,0.863013698630137,0.1869616966724155,0.0,0.6,0.0038053,10,43,0.0,,,,,,,,,,
1079,0.00037343549774959683,73.0,74.0,0.9864864864864865,6.0,67.0,0.0821917808219178,0.9178082191780822,0.181761045272052,0.0,0.6,0.0038053,10,44,0.0,,,,,,,,,,
1080,0.0004898770130239427,73.0,74.0,0.9864864864864865,13.0,60.0,0.1780821917808219,0.821917808219178,0.17856174158403337,0.0,0.6,0.0038053,10,45,0.0,,,,,,,,,,
1081,0.000285317211819347,73.0,74.0,0.9864864864864865,1.0,72.0,0.0136986301369863,0.9863013698630136,0.18849794292274713,0.0,0.6,0.0038053,10,46,0.0,,,,,,,,,,
1082,0.0004757287897518836,59.0,74.0,0.7972972972972973,21.0,38.0,0.3559322033898305,0.6440677966101694,0.17283132843134477,0.0,0.6,0.0038053,10,47,0.0,,,,,,,,,,
1083,0.00027747747299144976,73.0,74.0,0.9864864864864865,15.0,58.0,0.2054794520547945,0.7945205479452054,0.18514931757195652,0.0,0.6,0.0038053,10,48,0.0,,,,,,,,,,
1084,0.0003774651777348481,73.0,74.0,0.9864864864864865,7.0,66.0,0.0958904109589041,0.9041095890410958,0.18140554454204044,0.0,0.6,0.0038053,10,49,0.0,,,,,,,,,,
1085,0.00033475672535132617,73.0,74.0,0.9864864864864865,1.0,72.0,0.0136986301369863,0.9863013698630136,0.20010930988077563,0.0,0.6,0.0038053,10,50,0.0,,,,,,,,,,
1086,0.00030158862500684336,73.0,74.0,0.9864864864864865,10.0,63.0,0.136986301369863,0.863013698630137,0.1851152997558285,0.0,0.6,0.0038053,10,51,0.0,,,,,,,,,,
1087,0.0002430438034934923,73.0,74.0,0.9864864864864865,0.0,73.0,0.0,1.0,0.19456975973565308,0.0,0.6,0.0038053,10,52,0.0,,,,,,,,,,
1088,0.000339491234626621,73.0,74.0,0.9864864864864865,2.0,71.0,0.0273972602739726,0.9726027397260274,0.1842068577206343,0.0,0.6,0.0038053,10,53,0.0,,,,,,,,,,
1089,0.0003924148877558764,73.0,74.0,0.9864864864864865,4.0,69.0,0.0547945205479452,0.9452054794520548,0.18702746429186676,0.0,0.6,0.0038053,10,54,0.0,,,,,,,,,,
1090,0.0002807790515362285,73.0,74.0,0.9864864864864865,3.0,70.0,0.0410958904109589,0.958904109589041,0.18717189055725167,0.0,0.6,0.0038053,10,55,0.0,,,,,,,,,,
1091,0.00032942442339845,73.0,74.0,0.9864864864864865,2.0,71.0,0.0273972602739726,0.9726027397260274,0.18755787844170804,0.0,0.6,0.0038053,10,56,0.0,,,,,,,,,,
1092,0.0002718575233302545,73.0,74.0,0.9864864864864865,1.0,72.0,0.0136986301369863,0.9863013698630136,0.18609429067609437,0.0,0.6,0.0038053,10,57,0.0,,,,,,,,,,
1093,0.00044783077464671806,73.0,74.0,0.9864864864864865,1.0,72.0,0.0136986301369863,0.9863013698630136,0.1901483867219908,0.0,0.6,0.0038053,10,58,0.0,,,,,,,,,,
1094,0.0004101669619558379,73.0,74.0,0.9864864864864865,11.0,62.0,0.1506849315068493,0.8493150684931506,0.1780592104819528,0.0,0.6,0.0038053,10,59,0.0,,,,,,,,,,
1095,0.002694527865969576,0.0,74.0,0.0,0.0,0.0,0.0,0.0,0.0,0.0,0.6,0.0038053,10,60,0.0,,,,,,,,,,
1096,0.00030011048511369154,73.0,74.0,0.9864864864864865,15.0,58.0,0.2054794520547945,0.7945205479452054,0.1764376385606847,0.0,0.6,0.0038053,10,61,0.0,,,,,,,,,,
1097,0.00037963534123264253,73.0,74.0,0.9864864864864865,8.0,65.0,0.1095890410958904,0.8904109589041096,0.17842342927166138,0.0,0.6,0.0038053,10,62,0.0,,,,,,,,,,
1098,0.00030349243752425537,73.0,74.0,0.9864864864864865,21.0,52.0,0.2876712328767123,0.7123287671232876,0.17997430583154053,0.0,0.6,0.0038053,10,63,0.0,,,,,,,,,,
1099,0.00038480566581711173,73.0,74.0,0.9864864864864865,3.0,70.0,0.0410958904109589,0.958904109589041,0.1843885606657541,0.0,0.6,0.0038053,10,64,0.0,,,,,,,,,,
1100,0.00028110133280279115,73.0,74.0,0.9864864864864865,8.0,65.0,0.1095890410958904,0.8904109589041096,0.18137080963324403,0.0,0.6,0.0038053,10,65,0.0,,,,,,,,,,
1101,0.0003298908268334344,73.0,74.0,0.9864864864864865,9.0,64.0,0.1232876712328767,0.8767123287671232,0.18362321549421257,0.0,0.6,0.0038053,10,66,0.0,,,,,,,,,,
1102,0.00033480615820735693,73.0,74.0,0.9864864864864865,22.0,51.0,0.3013698630136986,0.6986301369863014,0.1741301899344117,0.0,0.6,0.0038053,10,67,0.0,,,,,,,,,,
1103,0.0002595754158392083,73.0,74.0,0.9864864864864865,0.0,73.0,0.0,1.0,0.18929497454186014,0.0,0.6,0.0038053,10,68,0.0,,,,,,,,,,
1104,0.00044164226710563526,73.0,74.0,0.9864864864864865,7.0,66.0,0.0958904109589041,0.9041095890410958,0.18804689210706085,0.0,0.6,0.0038053,10,69,0.0,,,,,,,,,,
1105,0.004266599717084318,2.0,74.0,0.02702702702702703,1.0,1.0,0.5,0.5,0.16802766601974425,0.0,0.6,0.0038053,10,70,0.0,,,,,,,,,,
1106,0.0003888120591000188,73.0,74.0,0.9864864864864865,20.0,53.0,0.273972602739726,0.726027397260274,0.17413153858843985,0.0,0.6,0.0038053,10,71,0.0,,,,,,,,,,
1107,0.000281706583336927,73.0,74.0,0.9864864864864865,5.0,68.0,0.0684931506849315,0.9315068493150684,0.18473114095214507,0.0,0.6,0.0038053,10,72,0.0,,,,,,,,,,
1108,0.00021075444237794727,73.0,74.0,0.9864864864864865,0.0,73.0,0.0,1.0,0.19109141335085786,0.0,0.6,0.0038053,10,73,0.0,,,,,,,,,,
1109,0.0007504353416152298,53.0,74.0,0.7162162162162162,2.0,51.0,0.03773584905660377,0.9622641509433962,0.1816744411977388,0.0,0.6,0.0038053,10,74,0.0,,,,,,,,,,
1110,0.00030142373725539073,73.0,74.0,0.9864864864864865,35.0,38.0,0.4794520547945205,0.5205479452054794,0.1736712105066072,0.0,0.6,0.0038053,10,75,0.0,,,,,,,,,,
1111,0.05343591848941287,0.0,74.0,0.0,0.0,0.0,0.0,0.0,0.0,0.0,0.6,0.0038053,10,76,0.0,,,,,,,,,,
1112,0.00048443991181557067,73.0,74.0,0.9864864864864865,12.0,61.0,0.1643835616438356,0.8356164383561644,0.17849030597854781,0.0,0.6,0.0038053,10,77,0.0,,,,,,,,,,
1113,0.00047731924132676795,73.0,74.0,0.9864864864864865,7.0,66.0,0.0958904109589041,0.9041095890410958,0.17742720207488985,0.0,0.6,0.0038053,10,78,0.0,,,,,,,,,,
1114,0.0003520535319694318,73.0,74.0,0.9864864864864865,1.0,72.0,0.0136986301369863,0.9863013698630136,0.19512737915179174,0.0,0.6,0.0038053,10,79,0.0,,,,,,,,,,
1115,0.00031812793895369396,73.0,74.0,0.9864864864864865,4.0,69.0,0.0547945205479452,0.9452054794520548,0.182505442737975,0.0,0.6,0.0038053,10,80,0.0,,,,,,,,,,
1116,0.00039878192910691723,73.0,74.0,0.9864864864864865,3.0,70.0,0.0410958904109589,0.958904109589041,0.1858462909015859,0.0,0.6,0.0038053,10,81,0.0,,,,,,,,,,
1117,0.015653199516236782,0.0,74.0,0.0,0.0,0.0,0.0,0.0,0.0,0.0,0.6,0.0038053,10,82,0.0,,,,,,,,,,
1118,0.00027981957828160375,73.0,74.0,0.9864864864864865,0.0,73.0,0.0,1.0,0.19015662075011555,0.0,0.6,0.0038053,10,83,0.0,,,,,,,,,,
1119,0.0017952738053281792,8.0,74.0,0.10810810810810811,2.0,6.0,0.25,0.75,0.17436805075573403,0.0,0.6,0.0038053,10,84,0.0,,,,,,,,,,
1120,0.0005114396190037951,66.0,74.0,0.8918918918918919,20.0,46.0,0.30303030303030304,0.696969696969697,0.1748285478707963,0.0,0.6,0.0038053,10,85,0.0,,,,,,,,,,
1121,0.0009838287405727897,61.0,74.0,0.8243243243243243,4.0,57.0,0.06557377049180328,0.9344262295081968,0.18395159246734444,0.0,0.6,0.0038053,10,86,0.0,,,,,,,,,,
1122,0.00033465642627561465,73.0,74.0,0.9864864864864865,0.0,73.0,0.0,1.0,0.1922252781483241,0.0,0.6,0.0038053,10,87,0.0,,,,,,,,,,
1123,0.00029617821564897895,73.0,74.0,0.9864864864864865,5.0,68.0,0.0684931506849315,0.9315068493150684,0.1858182693054992,0.0,0.6,0.0038053,10,88,0.0,,,,,,,,,,
1124,0.00033177033401443623,73.0,74.0,0.9864864864864865,14.0,59.0,0.1917808219178082,0.8082191780821918,0.1761871688459124,0.0,0.6,0.0038053,10,89,0.0,,,,,,,,,,
1125,0.00044095557677792385,73.0,74.0,0.9864864864864865,25.0,48.0,0.3424657534246575,0.6575342465753424,0.17359888697357115,0.0,0.6,0.0038053,10,90,0.0,,,,,,,,,,
1126,0.08364385909953853,0.0,74.0,0.0,0.0,0.0,0.0,0.0,0.0,0.0,0.6,0.0038053,10,91,0.0,,,,,,,,,,
1127,0.00021874436424695887,73.0,74.0,0.9864864864864865,0.0,73.0,0.0,1.0,0.19578066314375986,0.0,0.6,0.0038053,10,92,0.0,,,,,,,,,,
1128,0.0004274470265954733,57.0,74.0,0.7702702702702703,0.0,57.0,0.0,1.0,0.18462267643546437,0.0,0.6,0.0038053,10,93,0.0,,,,,,,,,,
1129,0.00036662206548498943,73.0,74.0,0.9864864864864865,8.0,65.0,0.1095890410958904,0.8904109589041096,0.1801912289670474,0.0,0.6,0.0038053,10,94,0.0,,,,,,,,,,
1130,0.00031929741089697927,73.0,74.0,0.9864864864864865,17.0,56.0,0.2328767123287671,0.7671232876712328,0.17563749830649653,0.0,0.6,0.0038053,10,95,0.0,,,,,,,,,,
1131,0.0003396045503905043,73.0,74.0,0.9864864864864865,0.0,73.0,0.0,1.0,0.1924626917119332,0.0,0.6,0.0038053,10,96,0.0,,,,,,,,,,
1132,0.0012144265856477432,3.0,74.0,0.04054054054054054,0.0,3.0,0.0,1.0,0.2033162546204714,0.0,0.6,0.0038053,10,97,0.0,,,,,,,,,,
1133,0.0003090336322202347,73.0,74.0,0.9864864864864865,10.0,63.0,0.136986301369863,0.863013698630137,0.17771746024851445,0.0,0.6,0.0038053,10,98,0.0,,,,,,,,,,
1134,0.00028390435909386724,73.0,74.0,0.9864864864864865,4.0,69.0,0.0547945205479452,0.9452054794520548,0.18426531457010822,0.0,0.6,0.0038053,10,99,0.0,,,,,,,,,,
1135,0.0003194690689269919,73.0,74.0,0.9864864864864865,6.0,67.0,0.0821917808219178,0.9178082191780822,0.1807967876866237,0.0,0.6,0.0038053,10,100,0.0,,,,,,,,,,
1136,0.00039426727380487137,73.0,74.0,0.9864864864864865,48.0,25.0,0.6575342465753424,0.3424657534246575,0.16909384213564937,0.0,0.6,0.0038053,10,101,0.0,,,,,,,,,,
1137,0.0004956475750077516,72.0,74.0,0.972972972972973,2.0,70.0,0.027777777777777776,0.9722222222222222,0.1852148648632762,0.0,0.6,0.0038053,10,102,0.0,,,,,,,,,,
1138,0.0003265823979745619,73.0,74.0,0.9864864864864865,23.0,50.0,0.3150684931506849,0.684931506849315,0.17469933665576703,0.0,0.6,0.0038053,10,103,0.0,,,,,,,,,,
1139,0.0003340725670568645,73.0,74.0,0.9864864864864865,6.0,67.0,0.0821917808219178,0.9178082191780822,0.17961436376005754,0.0,0.6,0.0038053,10,104,0.0,,,,,,,,,,
1140,0.0004734457761514932,73.0,74.0,0.9864864864864865,14.0,59.0,0.1917808219178082,0.8082191780821918,0.17676912315409044,0.0,0.6,0.0038053,10,105,0.0,,,,,,,,,,
1141,0.00032883275707717985,73.0,74.0,0.9864864864864865,4.0,69.0,0.0547945205479452,0.9452054794520548,0.18139994213118663,0.0,0.6,0.0038053,10,106,0.0,,,,,,,,,,
1142,0.00040074303979054093,73.0,74.0,0.9864864864864865,22.0,51.0,0.3013698630136986,0.6986301369863014,0.1753867432375674,0.0,0.6,0.0038053,10,107,0.0,,,,,,,,,,
1143,0.00028832592579419725,73.0,74.0,0.9864864864864865,4.0,69.0,0.0547945205479452,0.9452054794520548,0.18802628296633067,0.0,0.6,0.0038053,10,108,0.0,,,,,,,,,,
1144,0.00028251483308849856,73.0,74.0,0.9864864864864865,0.0,73.0,0.0,1.0,0.1836283213000709,0.0,0.6,0.0038053,10,109,0.0,,,,,,,,,,
1145,0.0002670794892765116,73.0,74.0,0.9864864864864865,3.0,70.0,0.0410958904109589,0.958904109589041,0.19194307925581328,0.0,0.6,0.0038053,10,110,0.0,,,,,,,,,,
1146,0.0022374271393346135,0.0,74.0,0.0,0.0,0.0,0.0,0.0,0.0,0.0,0.6,0.0038053,10,111,0.0,,,,,,,,,,
1147,0.0011264389831922017,3.0,74.0,0.04054054054054054,0.0,3.0,0.0,1.0,0.1833854210433048,0.0,0.6,0.0038053,10,112,0.0,,,,,,,,,,
1148,0.0003115290201094467,73.0,74.0,0.9864864864864865,21.0,52.0,0.2876712328767123,0.7123287671232876,0.1773035442542125,0.0,0.6,0.0038053,10,113,0.0,,,,,,,,,,
1149,0.000371662070392631,73.0,74.0,0.9864864864864865,5.0,68.0,0.0684931506849315,0.9315068493150684,0.1833837091190511,0.0,0.6,0.0038053,10,114,0.0,,,,,,,,,,
1150,0.00037178001366555696,73.0,74.0,0.9864864864864865,40.0,33.0,0.547945205479452,0.4520547945205479,0.169547770566229,0.0,0.6,0.0038053,10,115,0.0,,,,,,,,,,
1150,,,,,,,,,,,,,10,,1.0,0.8431372549019608,0.9032002200300877,0.8431372549019608,0.8614421555629144,0.9997273718647764,0.000839741391878899,0.15659011696281566,0.9997273718647764,0.0009773530268474765,0.15659011696281566
