step,epoch,step_in_epoch,probe/is_eval,sys/effective_batch_size,sys/device_batch_size,train/loss,train/gate0_triggered_blocks,train/gate0_considered_blocks,train/gate0_trigger_rate,train/pull_to_r_blocks,train/pull_to_R_blocks,train/pull_to_r_rate,train/pull_to_R_rate,train/alpha_pull_mean,train/alpha_pull_to_r_mean,train/alpha_pull_to_R_mean,train/single_vote_skipped_blocks,train/tau_N,train/tau_D,diag/info_retention_ratio,diag/residual_visibility,diag/conflict_resolution_rate,train/expert_load_r,train/expert_load_R,train/load_cv,train/load_max_min_ratio,train/utilization_ratio,train/routing_entropy,train/routing_entropy_raw,train/active_experts,train/expert_purity,train/intra_expert_coherence,train/intra_expert_conflict,train/inter_expert_similarity,sys/time_per_step_ms,sys/peak_memory_mb,val/acc,val/loss,val/acc_r_only,val/loss_r_only,train/acc,train/loss_eval,gap/train_minus_val,train/acc_r_only,train/loss_r_only_eval,gap_r_only/train_minus_val_r_only
1,1,1.0,0.0,32.0,32.0,0.7467846497893333,17.0,74.0,0.2297297297297297,6.0,11.0,0.3529411764705882,0.6470588235294118,0.1493585900732158,0.1469734772245292,0.150659560717954,0.0,0.6,0.0021278112754879,1.0000000000420817,0.6735594689620336,-1.5316356905086771e-09,6.0,11.0,0.2941176470588235,1.8333333333333333,1.0,0.936667353023662,0.6492483348708983,2.0,0.505876192413932,0.0013356822459467,0.4993321588770266,-0.00101209788618,1031.1934599885717,4550.3974609375,,,,,,,,,,
2,1,2.0,0.0,32.0,32.0,0.7665731757879257,59.0,74.0,0.7972972972972973,7.0,52.0,0.1186440677966101,0.8813559322033898,0.1502437638504209,0.1461514457939846,0.1507946528195565,0.0,0.6,0.0021278112754879,1.0000000000056857,0.6412691466425223,1.0364378102237523e-09,7.0,52.0,0.7627118644067796,7.428571428571429,1.0,0.5254506510547204,0.3642146373019671,2.0,0.5052872089230973,0.0005934561221511,0.4997032719389244,-0.0026691131090538,521.5517190517858,5022.04833984375,,,,,,,,,,
3,1,3.0,0.0,32.0,32.0,0.7607136517763138,55.0,74.0,0.7432432432432432,8.0,47.0,0.1454545454545454,0.8545454545454545,0.1502001530649224,0.1477514458521827,0.1506169542926228,0.0,0.6,0.0021278112754879,1.0000000002186034,0.644762784272824,-4.051015199492226e-08,8.0,47.0,0.7090909090909091,5.875,1.0,0.598347393237142,0.4147428086177178,2.0,0.5043559005660692,-0.0002257327509544,0.5001128663754772,0.0040926675744401,583.4482230711728,5007.16455078125,,,,,,,,,,
4,1,4.0,0.0,32.0,32.0,0.8259894773364067,59.0,74.0,0.7972972972972973,11.0,48.0,0.1864406779661017,0.8135593220338984,0.1504850500829696,0.1465671779303863,0.1513828957846033,0.0,0.6,0.0021278112754879,1.0000000000437397,0.6487610690967882,2.951843927821352e-09,11.0,48.0,0.6271186440677966,4.363636363636363,1.0,0.6939659384803856,0.4810205336623157,2.0,0.5074744298651797,6.815508351650175e-05,0.4999659224582417,0.0105958666147918,470.6530169351026,5021.43017578125,,,,,,,,,,
5,1,5.0,0.0,32.0,32.0,0.7143162414431572,63.0,74.0,0.8513513513513513,6.0,57.0,0.0952380952380952,0.9047619047619048,0.1501129889170837,0.1473988285175112,0.1503986900117756,0.0,0.6,0.0021278112754879,0.999999999536991,0.6615944619580859,9.394544588685831e-09,6.0,57.0,0.8095238095238095,9.5,1.0,0.4537163103330447,0.3144921812814111,2.0,0.5039613610574637,1.9129252470283177e-05,0.4999904353737648,0.0004883082843248,469.4051760016009,5076.53125,,,,,,,,,,
6,1,6.0,0.0,32.0,32.0,0.793483279645443,60.0,74.0,0.8108108108108109,12.0,48.0,0.2,0.8,0.1501658146085256,0.1468826954005958,0.1509865944105081,0.0,0.6,0.0021278112754879,0.9999999999421648,0.6501251902101952,4.455678634915024e-08,12.0,48.0,0.6,4.0,1.0,0.721928066033462,0.5004024035381882,2.0,0.5057385370546721,0.0003037912975074,0.4998481043512462,0.0060390318265091,464.5866040373221,5044.16455078125,,,,,,,,,,
7,1,7.0,0.0,32.0,32.0,0.7389167249202728,61.0,74.0,0.8243243243243243,9.0,52.0,0.1475409836065573,0.8524590163934426,0.1497504271202145,0.1467038921838134,0.1502777120130531,0.0,0.6,0.0021278112754879,0.999999999768494,0.6451439979635367,-6.940779594917006e-09,9.0,52.0,0.7049180327868853,5.777777777777778,1.0,0.6036522209005007,0.4184198349559314,2.0,0.5040604080228334,-0.000923644478495,0.5004618222392475,0.0012355469068367,467.677887994796,5057.17431640625,,,,,,,,,,
8,1,8.0,0.0,32.0,32.0,0.7282160148024559,60.0,74.0,0.8108108108108109,15.0,45.0,0.25,0.75,0.1494217801550877,0.1469009688963241,0.1502620505746756,0.0,0.6,0.0021278112754879,0.99999999959666,0.6502481421700693,-2.863860568043477e-09,15.0,45.0,0.5,3.0,1.0,0.8112780956052325,0.5623351246188086,2.0,0.5045375502851785,0.0003220109444154,0.4998389945277923,0.0025852959610706,460.7257390161976,5035.16455078125,,,,,,,,,,
9,1,9.0,0.0,32.0,32.0,0.7374521046876907,59.0,74.0,0.7972972972972973,13.0,46.0,0.2203389830508474,0.7796610169491526,0.1497896803146031,0.1469980744886239,0.150578612395858,0.0,0.6,0.0021278112754879,0.9999999991730816,0.6577638466002844,1.61409015191672e-08,13.0,46.0,0.559322033898305,3.5384615384615383,1.0,0.7607859643307071,0.5273366461854088,2.0,0.5053654558056961,5.179531010105158e-05,0.4999741023449495,0.0025074754781191,466.41066996380687,5024.85205078125,,,,,,,,,,
10,1,10.0,0.0,32.0,32.0,0.6337207108736038,64.0,74.0,0.8648648648648649,9.0,55.0,0.140625,0.859375,0.1498153243592353,0.1473167726411197,0.1502241782767451,0.0,0.6,0.0021278112754879,1.0000000026182967,0.6310670562213077,1.9615389515660432e-08,9.0,55.0,0.71875,6.111111111111111,1.0,0.5858732640080202,0.4060964011126117,2.0,0.5038728764402445,0.0002976994843734,0.4998511502578132,0.0039733962606846,469.3201020127162,5110.96142578125,,,,,,,,,,
11,1,11.0,0.0,32.0,32.0,0.7170449942350388,61.0,74.0,0.8243243243243243,10.0,51.0,0.1639344262295081,0.8360655737704918,0.1496642676527073,0.1465261645425744,0.1502795819880276,0.0,0.6,0.0021278112754879,1.0000000000356448,0.6516652129744335,-2.288278088292886e-09,10.0,51.0,0.6721311475409836,5.1,1.0,0.6436393842922663,0.4461368245195235,2.0,0.504284579871241,-0.0001856581939802,0.5000928290969902,0.0031480450513923,468.4409990441054,5059.33642578125,,,,,,,,,,
12,1,12.0,0.0,32.0,32.0,0.814354695379734,58.0,74.0,0.7837837837837838,9.0,49.0,0.1551724137931034,0.8448275862068966,0.1502495483802539,0.1472917676322322,0.1507928142319313,0.0,0.6,0.0021278112754879,1.0000000000292733,0.6589763753168696,-1.5194062468356595e-08,9.0,49.0,0.6896551724137931,5.444444444444445,1.0,0.6226342874008094,0.4315772008318217,2.0,0.5048804871968363,-1.3625196784307253e-06,0.5000006812598392,0.0115906332841324,464.02844099793583,5032.55517578125,,,,,,,,,,
13,1,13.0,0.0,32.0,32.0,0.8027309998869896,60.0,74.0,0.8108108108108109,8.0,52.0,0.1333333333333333,0.8666666666666667,0.1508917460075164,0.1472950944112652,0.1514450770223243,0.0,0.6,0.0021278112754879,0.9999999997874116,0.6493733805880244,6.445519102613003e-11,8.0,52.0,0.7333333333333333,6.5,1.0,0.5665094776990051,0.3926744472275525,2.0,0.506719984595442,7.43959059347992e-05,0.4999628020470326,-0.0008284658654637,464.64773907791823,5054.10205078125,,,,,,,,,,
14,1,14.0,0.0,32.0,32.0,0.7828295901417732,60.0,74.0,0.8108108108108109,11.0,49.0,0.1833333333333333,0.8166666666666667,0.1498464553771259,0.1464510613775395,0.1506086866831556,0.0,0.6,0.0021278112754879,0.9999999999716211,0.6477444827859042,-1.038039845901e-09,11.0,49.0,0.6333333333333333,4.454545454545454,1.0,0.687315063977027,0.4764104987520546,2.0,0.50543961876555,-8.058179998397288e-05,0.500040290899992,0.0084024589994031,461.340154055506,5038.94580078125,,,,,,,,,,
15,1,15.0,0.0,32.0,32.0,0.7975979000329971,56.0,74.0,0.7567567567567568,11.0,45.0,0.1964285714285714,0.8035714285714286,0.149821389821537,0.1474002720218133,0.150413218617025,0.0,0.6,0.0021278112754879,0.9999999998384644,0.6507506414185937,5.508292507364591e-10,11.0,45.0,0.6071428571428571,4.090909090909091,1.0,0.7147274442778888,0.495411312870034,2.0,0.5042404896122465,-0.0003644702124579,0.500182235106229,0.0071678476020907,464.31523899082094,4978.74755859375,,,,,,,,,,
16,1,16.0,0.0,32.0,32.0,0.7922266870737076,60.0,74.0,0.8108108108108109,8.0,52.0,0.1333333333333333,0.8666666666666667,0.1499751625654245,0.1476304160316885,0.1503358928013838,0.0,0.6,0.0021278112754879,0.9999999998559396,0.6511520457822167,4.1883550740112366e-09,8.0,52.0,0.7333333333333333,6.5,1.0,0.5665094776990051,0.3926744472275525,2.0,0.5034622700360877,-0.0002264124075652,0.5001132062037826,0.0009898373616529,467.6266630413011,5035.3271484375,,,,,,,,,,
17,1,17.0,0.0,32.0,32.0,0.7457325309514999,59.0,74.0,0.7972972972972973,5.0,54.0,0.0847457627118644,0.9152542372881356,0.1502732598345506,0.1479956317645594,0.1504841513225127,0.0,0.6,0.0021278112754879,1.0000000005131788,0.6532626262833515,-2.9885046514933935e-08,5.0,54.0,0.8305084745762712,10.8,1.0,0.4186842816729563,0.2902098293863757,2.0,0.5036383195136582,0.0001845033240028,0.4999077483379985,-0.0023540385555891,466.3436639821157,5027.84375,,,,,,,,,,
18,1,18.0,0.0,32.0,32.0,0.6844228096306324,61.0,74.0,0.8243243243243243,11.0,50.0,0.180327868852459,0.819672131147541,0.149643277219147,0.147630008875175,0.150086196254821,0.0,0.6,0.0021278112754879,1.000000000620855,0.6465654634526747,1.767324225017352e-09,11.0,50.0,0.639344262295082,4.545454545454546,1.0,0.6807937465164203,0.4718902659406988,2.0,0.5032531462355081,-3.610689452038947e-05,0.5000180534472602,0.0022183130085041,467.0454900478944,5059.04736328125,,,,,,,,,,
19,1,19.0,0.0,32.0,32.0,0.7199711203575134,63.0,74.0,0.8513513513513513,7.0,56.0,0.1111111111111111,0.8888888888888888,0.1502089003166958,0.1467869726277576,0.1506366412778131,0.0,0.6,0.0021278112754879,1.0000000008439458,0.6601209354526271,2.5514543197297946e-08,7.0,56.0,0.7777777777777778,8.0,1.0,0.5032583059217456,0.3488320758430324,2.0,0.5045260215119286,-4.7726071514222885e-05,0.5000238630357571,-0.0032342640753887,465.64763004425913,5088.66552734375,,,,,,,,,,
20,1,20.0,0.0,32.0,32.0,0.7938393205404282,60.0,74.0,0.8108108108108109,13.0,47.0,0.2166666666666666,0.7833333333333333,0.1500561340250716,0.1465378989624602,0.1510292628721769,0.0,0.6,0.0021278112754879,0.9999999996973712,0.6425939576000881,2.9092401243281672e-08,13.0,47.0,0.5666666666666667,3.615384615384616,1.0,0.7540340273432322,0.5226565600992221,2.0,0.5065061193971133,0.0003774580636963,0.4998112709681518,0.0038463356953585,461.188227054663,5039.66455078125,,,,,,,,,,
21,1,21.0,0.0,32.0,32.0,0.7647319883108139,60.0,74.0,0.8108108108108109,12.0,48.0,0.2,0.8,0.1501571043035227,0.147297732081179,0.1508719473591087,0.0,0.6,0.0021278112754879,1.00000000018512,0.6539342074100537,-1.84905701250826e-08,12.0,48.0,0.6,4.0,1.0,0.721928066033462,0.5004024035381882,2.0,0.5055307697261268,0.0002693033204014,0.4998653483397993,0.0068135331796184,468.3993019862101,5042.49267578125,,,,,,,,,,
22,1,22.0,0.0,32.0,32.0,0.7455177530646324,59.0,74.0,0.7972972972972973,17.0,42.0,0.288135593220339,0.711864406779661,0.1496042376004971,0.1471979566929782,0.1505782084440168,0.0,0.6,0.0021278112754879,0.9999999998898405,0.6670193426081386,1.1341445454633875e-09,17.0,42.0,0.423728813559322,2.4705882352941178,1.0,0.8663006466441492,0.6004738507386495,2.0,0.5050620018139697,3.596015590802976e-05,0.499982019922046,0.0021679001937342,466.37078805360943,5032.21142578125,,,,,,,,,,
23,1,23.0,0.0,32.0,32.0,0.7625180631875992,60.0,74.0,0.8108108108108109,11.0,49.0,0.1833333333333333,0.8166666666666667,0.1501225235227478,0.1472937838965927,0.1507575467041295,0.0,0.6,0.0021278112754879,1.0000000001017852,0.6441265894917444,-2.1215522889172194e-09,11.0,49.0,0.6333333333333333,4.454545454545454,1.0,0.687315063977027,0.4764104987520546,2.0,0.5048730655207002,0.0001660181750509,0.4999169909124745,0.006724552992736,469.0350480377674,5038.10205078125,,,,,,,,,,
24,1,24.0,0.0,32.0,32.0,0.7450040280818939,57.0,74.0,0.7702702702702703,9.0,48.0,0.1578947368421052,0.8421052631578947,0.1501505144487238,0.1476206820376521,0.1506248580257997,0.0,0.6,0.0021278112754879,1.0000000000991849,0.6461663560507885,-3.899083082284188e-09,9.0,48.0,0.6842105263157895,5.333333333333333,1.0,0.6292491950021343,0.4361623053853446,2.0,0.5041934998831052,1.1149338510624689e-05,0.4999944253307447,0.0027737094460808,460.68899100646377,5021.91943359375,,,,,,,,,,
25,1,25.0,0.0,32.0,32.0,0.7615165784955025,61.0,74.0,0.8243243243243243,6.0,55.0,0.0983606557377049,0.9016393442622952,0.1503951465529685,0.147638409047008,0.1506958815536187,0.0,0.6,0.0021278112754879,0.9999999998942396,0.6446143616337242,-9.330179483766212e-09,6.0,55.0,0.8032786885245902,9.166666666666666,1.0,0.4637773210338515,0.3214659424822588,2.0,0.5042236398589891,0.0005602498889483,0.4997198750555258,0.0014925535074444,464.9653719970957,5056.96142578125,,,,,,,,,,
26,1,26.0,0.0,32.0,32.0,0.7693968638777733,60.0,74.0,0.8108108108108109,8.0,52.0,0.1333333333333333,0.8666666666666667,0.1503664394387636,0.1480238331704537,0.1507268404031189,0.0,0.6,0.0021278112754879,0.99999999983291,0.6560518977535689,-1.8067460973790213e-08,8.0,52.0,0.7333333333333333,6.5,1.0,0.5665094776990051,0.3926744472275525,2.0,0.504464374368005,0.0001940228160674,0.4999029885919663,0.0037724712929448,467.2046509804204,5044.38330078125,,,,,,,,,,
27,1,27.0,0.0,32.0,32.0,0.7925339490175247,57.0,74.0,0.7702702702702703,8.0,49.0,0.1403508771929824,0.8596491228070176,0.1508064494458696,0.1471463263177725,0.1514040205688242,0.0,0.6,0.0021278112754879,1.000000000055461,0.645815060959007,-1.0200396204544773e-08,8.0,49.0,0.7192982456140351,6.125,1.0,0.5851569614223291,0.4055998979949121,2.0,0.5067290316117663,0.0002067917902961,0.4998966041048519,0.0129179504228419,459.7532580373809,5002.36767578125,,,,,,,,,,
28,1,28.0,0.0,32.0,32.0,0.6854624599218369,64.0,74.0,0.8648648648648649,5.0,59.0,0.078125,0.921875,0.1503984447084628,0.1472023211156821,0.1506693026400544,0.0,0.6,0.0021278112754879,1.000000001589957,0.6464730327728697,-1.5839797318754042e-08,5.0,59.0,0.84375,11.8,1.0,0.3955377776025776,0.2741658953501733,2.0,0.5038497832126716,-0.0002634390159296,0.5001317195079649,0.0014205151056496,470.3939550090581,5096.28125,,,,,,,,,,
29,1,29.0,0.0,32.0,32.0,0.7220208086073399,60.0,74.0,0.8108108108108109,5.0,55.0,0.0833333333333333,0.9166666666666666,0.1500560870962096,0.1467259020699877,0.1503588311895025,0.0,0.6,0.0021278112754879,0.9999999996263804,0.6464364103366944,2.1449489223607344e-08,5.0,55.0,0.8333333333333334,11.0,1.0,0.4138168214497338,0.2868359630561613,2.0,0.5036544017276035,0.0007440430680544,0.4996279784659728,-0.0043777237138321,465.93694703187793,5045.04931640625,,,,,,,,,,
30,1,30.0,0.0,32.0,32.0,0.7671097740530968,57.0,74.0,0.7702702702702703,6.0,51.0,0.1052631578947368,0.8947368421052632,0.1508151722621169,0.1475374679471807,0.1512007845344624,0.0,0.6,0.0021278112754879,1.0000000003261629,0.6480783490066833,-1.2552976568118313e-08,6.0,51.0,0.7894736842105263,8.5,1.0,0.4854607318920133,0.3364957375835165,2.0,0.5056422081131722,0.0009874867016143,0.4995062566491928,0.0159375825740572,460.71509597823024,5010.07080078125,,,,,,,,,,
31,1,31.0,0.0,32.0,32.0,0.7047374993562698,63.0,74.0,0.8513513513513513,6.0,57.0,0.0952380952380952,0.9047619047619048,0.1500434873756455,0.14735255370735,0.1503267435512555,0.0,0.6,0.0021278112754879,1.000000001182952,0.6568396471537195,6.9653460470822835e-09,6.0,57.0,0.8095238095238095,9.5,1.0,0.4537163103330447,0.3144921812814111,2.0,0.5037544180601817,-9.48033020904404e-05,0.5000474016510452,0.0038810119022953,472.2852379782125,5085.9453125,,,,,,,,,,
32,1,32.0,0.0,32.0,32.0,0.7690049409866333,61.0,74.0,0.8243243243243243,12.0,49.0,0.1967213114754098,0.8032786885245902,0.1497003281661666,0.1468179686252584,0.1504062121353686,0.0,0.6,0.0021278112754879,0.9999999997376025,0.6556666662761402,9.765054732530518e-09,12.0,49.0,0.6065573770491803,4.083333333333333,1.0,0.7153220239499846,0.4958234440933655,2.0,0.5045390755134708,0.0004514136349434,0.4997742931825282,0.0023321203078672,468.4656679164618,5056.96142578125,,,,,,,,,,
33,1,33.0,0.0,32.0,32.0,0.701495349407196,62.0,74.0,0.8378378378378378,14.0,48.0,0.2258064516129032,0.7741935483870968,0.1497283866606475,0.1476322817801718,0.1503397505841196,0.0,0.6,0.0021278112754879,0.999999999240165,0.6595998399035091,2.754810853642852e-08,14.0,48.0,0.5483870967741935,3.4285714285714284,1.0,0.7706290405100401,0.5341593466871501,2.0,0.5039743523324498,0.0002136039455317,0.4998931980272341,0.0041872368911557,471.2427370250225,5081.27392578125,,,,,,,,,,
34,1,34.0,0.0,32.0,32.0,0.6992112919688225,62.0,74.0,0.8378378378378378,11.0,51.0,0.1774193548387097,0.8225806451612904,0.1497808619884515,0.1473621023041025,0.1503025552537032,0.0,0.6,0.0021278112754879,1.000000000403063,0.6551199874828013,-1.9044716446225654e-08,11.0,51.0,0.6451612903225806,4.636363636363637,1.0,0.6743988582175466,0.4674576671463387,2.0,0.5044144054563718,3.395532376347757e-05,0.4999830223381182,1.3629574614286872e-05,472.30269596911967,5075.82080078125,,,,,,,,,,
35,1,35.0,0.0,32.0,32.0,0.7285520881414413,60.0,74.0,0.8108108108108109,10.0,50.0,0.1666666666666666,0.8333333333333334,0.1495023797230487,0.1462151169576823,0.150159832276122,0.0,0.6,0.0021278112754879,1.0000000000700238,0.6485174587287048,-2.3988652303278617e-08,10.0,50.0,0.6666666666666666,5.0,1.0,0.6500223927944538,0.450561188866305,2.0,0.5040962214323041,4.940605077567382e-05,0.4999752969746122,0.0060119455598912,467.74476196151227,5042.49267578125,,,,,,,,,,
36,1,36.0,0.0,32.0,32.0,0.7511412054300308,63.0,74.0,0.8513513513513513,12.0,51.0,0.1904761904761904,0.8095238095238095,0.1500091057889201,0.1473781668694135,0.1506281502405688,0.0,0.6,0.0021278112754879,1.000000000147388,0.6489213812731419,3.3761409800052023e-09,12.0,51.0,0.6190476190476191,4.25,1.0,0.7024665224364899,0.4869126894646025,2.0,0.5048927703186395,3.381440555849813e-05,0.4999830927972207,0.0052374948614943,471.3334640255198,5079.14892578125,,,,,,,,,,
37,1,37.0,0.0,32.0,32.0,0.7899145111441612,59.0,74.0,0.7972972972972973,5.0,54.0,0.0847457627118644,0.9152542372881356,0.1506765912368391,0.1472337174083189,0.150995375850591,0.0,0.6,0.0021278112754879,1.0000000000084404,0.6505526061200528,-7.053969082460032e-09,5.0,54.0,0.8305084745762712,10.8,1.0,0.4186842816729563,0.2902098293863757,2.0,0.5046516080414659,-1.3175350619052348e-06,0.500000658767531,0.0061448984304585,467.0409990940243,5046.53955078125,,,,,,,,,,
38,1,38.0,0.0,32.0,32.0,0.6633779108524323,63.0,74.0,0.8513513513513513,14.0,49.0,0.2222222222222222,0.7777777777777778,0.1495099287002413,0.1470020622582499,0.1502264619693816,0.0,0.6,0.0021278112754879,1.0000000019842965,0.6663691141503867,-1.4472971847834896e-08,14.0,49.0,0.5555555555555556,3.5,1.0,0.7642044776547198,0.5297061790576547,2.0,0.5046888819439215,3.823363674237961e-05,0.4999808831816288,0.0045571534504943,470.28602997306734,5090.49267578125,,,,,,,,,,
39,1,39.0,0.0,32.0,32.0,0.8058464452624321,59.0,74.0,0.7972972972972973,12.0,47.0,0.2033898305084746,0.7966101694915254,0.1504166944960494,0.1476580646390418,0.1511210255233705,0.0,0.6,0.0021278112754879,1.000000000260685,0.6456937686909799,-1.5261852795524854e-08,12.0,47.0,0.5932203389830508,3.9166666666666665,1.0,0.7286561385163673,0.505065948010317,2.0,0.5056702567790897,0.0002433037773256,0.4998783481113372,0.0110306906495164,467.38931303843856,5017.79931640625,,,,,,,,,,
40,1,40.0,0.0,32.0,32.0,0.6974158361554146,61.0,74.0,0.8243243243243243,9.0,52.0,0.1475409836065573,0.8524590163934426,0.1502222432780392,0.1470880397179454,0.150764701586517,0.0,0.6,0.0021278112754879,1.0000000005144931,0.6649189504257405,-1.484588728897822e-08,9.0,52.0,0.7049180327868853,5.777777777777778,1.0,0.6036522209005007,0.4184198349559314,2.0,0.5047339747513484,0.0002407878760528,0.4998796060619735,0.010946541065104,469.1430979873985,5072.71142578125,,,,,,,,,,
41,1,41.0,0.0,32.0,32.0,0.6457870379090309,64.0,74.0,0.8648648648648649,12.0,52.0,0.1875,0.8125,0.1500863710134841,0.1476279863211245,0.1506536905578748,0.0,0.6,0.0021278112754879,0.999999996440624,0.65152951616352,2.16995325018962e-09,12.0,52.0,0.625,4.333333333333333,1.0,0.6962122312712454,0.4825775451770123,2.0,0.5046850336605603,0.0002502516223893,0.4998748741888053,0.0049467149973793,471.5850499924272,5098.00830078125,,,,,,,,,,
42,1,42.0,0.0,32.0,32.0,0.7631883397698402,60.0,74.0,0.8108108108108109,6.0,54.0,0.1,0.9,0.1501571745031266,0.1473476743452678,0.1504693411873331,0.0,0.6,0.0021278112754879,0.9999999999893884,0.6554014224379253,-3.635510872017599e-09,6.0,54.0,0.8,9.0,1.0,0.4689955647353811,0.3250829533914487,2.0,0.5035549876683306,3.293752113423002e-05,0.4999835312394329,-0.0059147386708651,465.9032369963825,5051.35986328125,,,,,,,,,,
43,1,43.0,0.0,32.0,32.0,0.7589154839515686,46.0,74.0,0.6216216216216216,8.0,38.0,0.1739130434782608,0.8260869565217391,0.1502620208809918,0.1474152615989883,0.1508613386245715,0.0,0.6,0.0021278112754879,0.9999999998037092,0.6606647278820742,-3.318619583880162e-09,8.0,38.0,0.6521739130434783,4.75,1.0,0.6665783291410201,0.4620368894664573,2.0,0.504714800708619,2.678652991134692e-05,0.4999866067350443,-0.0003070083674412,461.7762139532715,4889.32470703125,,,,,,,,,,
44,1,44.0,0.0,32.0,32.0,0.6826920956373215,64.0,74.0,0.8648648648648649,9.0,55.0,0.140625,0.859375,0.1498496723543531,0.1471148018358008,0.1502971966210253,0.0,0.6,0.0021278112754879,0.9999999984451368,0.6547917294026058,-3.3550488705976273e-09,9.0,55.0,0.71875,6.111111111111111,1.0,0.5858732640080202,0.4060964011126117,2.0,0.5042349993787413,6.539672712924848e-05,0.4999673016364354,-0.0003092432361418,469.1292280331254,5099.88330078125,,,,,,,,,,
45,1,45.0,0.0,32.0,32.0,0.7935483679175377,59.0,74.0,0.7972972972972973,3.0,56.0,0.0508474576271186,0.9491525423728814,0.1508212195463825,0.1478626900221717,0.1509797121994653,0.0,0.6,0.0021278112754879,0.9999999997810296,0.6499009799101385,-2.2189921658894822e-09,3.0,56.0,0.8983050847457628,18.666666666666668,1.0,0.2899860181793096,0.2010029909027935,2.0,0.5052188901531491,0.0004911191405954,0.4997544404297022,0.0060489023765125,470.5122539307922,5040.82080078125,,,,,,,,,,
46,1,46.0,0.0,32.0,32.0,0.7184033989906311,63.0,74.0,0.8513513513513513,8.0,55.0,0.1269841269841269,0.873015873015873,0.149784322424306,0.147178516259445,0.1501633487755586,0.0,0.6,0.0021278112754879,1.0000000007767442,0.6453915869938982,-2.3747327662839256e-08,8.0,55.0,0.746031746031746,6.875,1.0,0.5491087161721071,0.3806131584355872,2.0,0.5038291812429951,-4.175028612387885e-05,0.5000208751430619,0.0037586191769284,466.29574499093,5073.01513671875,,,,,,,,,,
47,1,47.0,0.0,32.0,32.0,0.731067817658186,63.0,74.0,0.8513513513513513,9.0,54.0,0.1428571428571428,0.8571428571428571,0.1497166411009229,0.1458350173129045,0.150363578398926,0.0,0.6,0.0021278112754879,1.0000000000345195,0.6355768115660755,-3.220828652587151e-08,9.0,54.0,0.7142857142857143,6.0,1.0,0.5916727497284272,0.4101162982884094,2.0,0.5045260821076074,-0.0002565973112291,0.5001282986556146,0.0021675637875463,469.8372520506382,5069.7490234375,,,,,,,,,,
48,1,48.0,0.0,32.0,32.0,0.7307958900928497,62.0,74.0,0.8378378378378378,9.0,53.0,0.1451612903225806,0.8548387096774194,0.1497144527297436,0.1472248421881945,0.1501372167839689,0.0,0.6,0.0021278112754879,0.9999999997852504,0.6288977644934949,-1.5581882828641891e-09,9.0,53.0,0.7096774193548387,5.888888888888889,1.0,0.5975977475840981,0.4142231938468914,2.0,0.5036417089957274,-4.063118838386596e-05,0.5000203155941919,0.0047575995565506,468.8672439660877,5071.80517578125,,,,,,,,,,
49,1,49.0,0.0,32.0,32.0,0.6943954527378082,59.0,74.0,0.7972972972972973,10.0,49.0,0.1694915254237288,0.8305084745762712,0.1498479360740953,0.1470589426580948,0.1504171184038914,0.0,0.6,0.0021278112754879,0.9999999995331126,0.6571298142258449,-1.140812815019945e-08,10.0,49.0,0.6610169491525424,4.9,1.0,0.6565402525330456,0.455079024967395,2.0,0.5040766723036241,-0.0004045557628463,0.5002022778814231,-0.0013264367791699,467.637499095872,5037.61767578125,,,,,,,,,,
50,1,50.0,0.0,32.0,32.0,0.6968839019536972,63.0,74.0,0.8513513513513513,10.0,53.0,0.1587301587301587,0.8412698412698413,0.1499205108445714,0.1475375825970886,0.15037011994787,0.0,0.6,0.0021278112754879,0.9999999994785138,0.6519296320870277,1.2256027921181316e-08,10.0,53.0,0.6825396825396826,5.3,1.0,0.6312629892377116,0.4375581611819629,2.0,0.5043577069088182,0.0004911642883084,0.4997544178558457,0.0025307059876491,467.5797070376575,5078.60205078125,,,,,,,,,,
51,1,51.0,0.0,32.0,32.0,0.7042794972658157,60.0,74.0,0.8108108108108109,10.0,50.0,0.1666666666666666,0.8333333333333334,0.1501023869903419,0.1471599300384324,0.1506908783807238,0.0,0.6,0.0021278112754879,1.0000000012295611,0.6678427669102108,-1.0004777409428704e-08,10.0,50.0,0.6666666666666666,5.0,1.0,0.6500223927944538,0.450561188866305,2.0,0.5046862682982985,0.000318833688214,0.4998405831558929,0.0009269038610022,464.0135440276936,5029.82080078125,,,,,,,,,,
52,1,52.0,0.0,32.0,32.0,0.7508047223091125,59.0,74.0,0.7972972972972973,6.0,53.0,0.1016949152542373,0.8983050847457628,0.1504319494071335,0.1472116608876231,0.1507965103716064,0.0,0.6,0.0021278112754879,0.9999999993004732,0.6516299675417528,1.0635982715919918e-08,6.0,53.0,0.7966101694915254,8.833333333333334,1.0,0.4743454087083396,0.3287911826577405,2.0,0.5051012262073169,-0.0001733823006264,0.5000866911503132,0.010846354570826,468.37883500847965,5036.99267578125,,,,,,,,,,
53,1,53.0,0.0,32.0,32.0,0.7041995450854301,63.0,74.0,0.8513513513513513,9.0,54.0,0.1428571428571428,0.8571428571428571,0.1500897884292104,0.1472368812879478,0.1505652729527542,0.0,0.6,0.0021278112754879,1.0000000028470355,0.6610752854712414,-1.1676683181265568e-08,9.0,54.0,0.7142857142857143,6.0,1.0,0.5916727497284272,0.4101162982884094,2.0,0.5042263083297063,-0.0002536018579245,0.5001268009289623,0.0051331569433072,472.7913959650323,5094.01611328125,,,,,,,,,,
54,1,54.0,0.0,32.0,32.0,0.7048080414533615,62.0,74.0,0.8378378378378378,6.0,56.0,0.0967741935483871,0.9032258064516128,0.1499896450359563,0.1469047231213752,0.1503201723839472,0.0,0.6,0.0021278112754879,0.9999999995785316,0.6407321564974825,-1.5184838261771292e-08,6.0,56.0,0.8064516129032258,9.333333333333334,1.0,0.4586857873466403,0.3179367602622423,2.0,0.5034958170974912,-0.0005159406343106,0.5002579703171554,0.0009481507493141,469.4509719265625,5081.32763671875,,,,,,,,,,
55,1,55.0,0.0,32.0,32.0,0.6816672794520855,63.0,74.0,0.8513513513513513,12.0,51.0,0.1904761904761904,0.8095238095238095,0.1500231208792941,0.1476894191823757,0.1505722271609219,0.0,0.6,0.0021278112754879,0.9999999983334332,0.6596658646672205,1.4903128760113353e-08,12.0,51.0,0.6190476190476191,4.25,1.0,0.7024665224364899,0.4869126894646025,2.0,0.5040644048600361,-0.0002673388474752,0.5001336694237376,0.0029785446694197,472.9717689333484,5081.32080078125,,,,,,,,,,
56,1,56.0,0.0,32.0,32.0,0.7759750634431839,59.0,74.0,0.7972972972972973,9.0,50.0,0.1525423728813559,0.847457627118644,0.1500670977931743,0.1463658015865981,0.1507333311103581,0.0,0.6,0.0021278112754879,1.0000000000568752,0.6456887289718062,-2.2900826925371708e-09,9.0,50.0,0.6949152542372882,5.555555555555555,1.0,0.6161661645466352,0.4270938397119355,2.0,0.5052584437743668,0.0001336811351848,0.4999331594324075,-0.0025434445165603,463.190542999655,5017.99267578125,,,,,,,,,,
57,1,57.0,0.0,32.0,32.0,0.7182254567742348,59.0,74.0,0.7972972972972973,8.0,51.0,0.135593220338983,0.864406779661017,0.1499477755442191,0.1476172451337774,0.1503133489419354,0.0,0.6,0.0021278112754879,1.0000000002104994,0.6448640794005608,-1.427406701571892e-08,8.0,51.0,0.7288135593220338,6.375,1.0,0.5725804367698685,0.3968825153908163,2.0,0.5030921247426197,0.0001035953007106,0.4999482023496447,0.0031503378328035,470.2295359456912,5023.40869140625,,,,,,,,,,
58,1,58.0,0.0,32.0,32.0,0.7222421020269394,61.0,74.0,0.8243243243243243,10.0,51.0,0.1639344262295081,0.8360655737704918,0.1497117250770512,0.1466940417033631,0.150303427699343,0.0,0.6,0.0021278112754879,1.0000000001525138,0.6532914894280696,-5.594130715328389e-09,10.0,51.0,0.6721311475409836,5.1,1.0,0.6436393842922663,0.4461368245195235,2.0,0.5046006158378822,8.576908693634678e-05,0.4999571154565318,0.0012092259073587,569.470343994908,5050.63330078125,,,,,,,,,,
59,1,59.0,0.0,32.0,32.0,0.7665548995137215,57.0,74.0,0.7702702702702703,9.0,48.0,0.1578947368421052,0.8421052631578947,0.1501858425070478,0.1467075314207565,0.1508380258357274,0.0,0.6,0.0021278112754879,1.000000000245695,0.651187353656346,-7.655123801651168e-09,9.0,48.0,0.6842105263157895,5.333333333333333,1.0,0.6292491950021343,0.4361623053853446,2.0,0.5053640255427511,0.000439252308071,0.4997803738459644,0.0030329491107154,462.3017549747601,5004.22705078125,,,,,,,,,,
60,1,60.0,0.0,32.0,32.0,0.7374004200100899,59.0,74.0,0.7972972972972973,12.0,47.0,0.2033898305084746,0.7966101694915254,0.1499008525823523,0.1472933182114386,0.1505666060387558,0.0,0.6,0.0021278112754879,1.0000000001399143,0.6563067201761161,5.846220603530981e-09,12.0,47.0,0.5932203389830508,3.9166666666666665,1.0,0.7286561385163673,0.505065948010317,2.0,0.5047458817318065,-5.368975326165256e-05,0.5000268448766308,0.0014850305673152,461.5976589266211,5018.56494140625,,,,,,,,,,
61,1,61.0,0.0,32.0,32.0,0.7092985436320305,61.0,74.0,0.8243243243243243,11.0,50.0,0.180327868852459,0.819672131147541,0.149759603543494,0.1473162712609698,0.1502971366456493,0.0,0.6,0.0021278112754879,0.9999999987033806,0.6522407561328736,2.2738777700087423e-08,11.0,50.0,0.639344262295082,4.545454545454546,1.0,0.6807937465164203,0.4718902659406988,2.0,0.5042489148327111,-4.34197471189986e-05,0.5000217098735595,0.0013587839118643,466.2788891000673,5050.35205078125,,,,,,,,,,
62,1,62.0,0.0,32.0,32.0,0.7980824708938599,56.0,74.0,0.7567567567567568,9.0,47.0,0.1607142857142857,0.8392857142857143,0.1503322420586439,0.1465111052623481,0.151063949104743,0.0,0.6,0.0021278112754879,1.0000000000875822,0.6531003501127178,-2.6108124761589112e-08,9.0,47.0,0.6785714285714286,5.222222222222222,1.0,0.6360155888853151,0.4408524122280294,2.0,0.5063850264800785,0.0003481851062658,0.499825907446867,-0.0076716619855404,471.32103296462446,4984.64306640625,,,,,,,,,,
63,1,63.0,0.0,32.0,32.0,0.7827879562973976,59.0,74.0,0.7972972972972973,15.0,44.0,0.2542372881355932,0.7457627118644068,0.1497750193333164,0.1473625929369551,0.150597437422985,0.0,0.6,0.0021278112754879,0.9999999998345966,0.6464959056474721,6.134138279928968e-09,15.0,44.0,0.4915254237288136,2.933333333333333,1.0,0.8179252212847398,0.5669425610423867,2.0,0.5046722431263704,-0.000261537347533,0.5001307686737665,0.0063680810638028,470.4093270702288,5020.57080078125,,,,,,,,,,
64,1,64.0,0.0,32.0,32.0,0.757906474173069,55.0,74.0,0.7432432432432432,15.0,40.0,0.2727272727272727,0.7272727272727273,0.1494843546229774,0.1467293100592197,0.1505174963343865,0.0,0.6,0.0021278112754879,0.9999999998387228,0.6533728274785157,7.737665880186542e-09,15.0,40.0,0.4545454545454545,2.6666666666666665,1.0,0.8453509077685359,0.5859525983035511,2.0,0.5057353470319913,-0.0001187854494756,0.5000593927247379,0.0046354997226136,473.11014705337584,4968.82080078125,,,,,,,,,,
65,1,65.0,0.0,32.0,32.0,0.6805878430604935,58.0,74.0,0.7837837837837838,9.0,49.0,0.1551724137931034,0.8448275862068966,0.1500633590040654,0.1478885940780073,0.1504628056231373,0.0,0.6,0.0021278112754879,0.9999999997145844,0.6469543652033495,1.996504248434841e-08,9.0,49.0,0.6896551724137931,5.444444444444445,1.0,0.6226342874008094,0.4315772008318217,2.0,0.5040630107273671,-0.0004725633213335,0.5002362816606668,0.0029524217662743,464.5123690133914,5034.32080078125,,,,,,,,,,
66,1,66.0,0.0,32.0,32.0,0.7416696548461914,54.0,74.0,0.7297297297297297,6.0,48.0,0.1111111111111111,0.8888888888888888,0.1501351714587805,0.1474813140364944,0.1504669036365663,0.0,0.6,0.0021278112754879,1.0000000008122774,0.6608883676552644,-1.8189510629571762e-08,6.0,48.0,0.7777777777777778,8.0,1.0,0.5032583059217456,0.3488320758430324,2.0,0.5040914028899355,-4.399937461130321e-05,0.5000219996873057,-0.0013688821638993,471.2307150475681,4952.34326171875,,,,,,,,,,
67,1,67.0,0.0,32.0,32.0,0.7014864087104797,58.0,74.0,0.7837837837837838,11.0,47.0,0.1896551724137931,0.8103448275862069,0.1499788777161078,0.1473250339011485,0.1505999900983322,0.0,0.6,0.0021278112754879,1.0000000010176051,0.6696863094397175,-7.6678412123202e-09,11.0,47.0,0.6206896551724138,4.2727272727272725,1.0,0.7007495208623058,0.4857225546644398,2.0,0.5044517898580452,4.532345715513498e-06,0.4999977338271422,-0.0016034859326515,465.3541579609737,5019.13525390625,,,,,,,,,,
68,1,68.0,0.0,32.0,32.0,0.770155094563961,55.0,74.0,0.7432432432432432,13.0,42.0,0.2363636363636363,0.7636363636363637,0.1500392687310542,0.1466949048539144,0.1510744289787402,0.0,0.6,0.0021278112754879,0.9999999997997676,0.6449147560535098,8.65212850595301e-09,13.0,42.0,0.5272727272727272,3.230769230769231,1.0,0.7889406284427203,0.546851972234263,2.0,0.5064352907541371,-0.000222654668147,0.5001113273340735,0.0125004088358287,467.1925980364904,4955.81494140625,,,,,,,,,,
69,1,69.0,0.0,32.0,32.0,0.7288364246487617,60.0,74.0,0.8108108108108109,7.0,53.0,0.1166666666666666,0.8833333333333333,0.1500059036694829,0.1469268962448283,0.1504125650274562,0.0,0.6,0.0021278112754879,1.000000000487001,0.647878690963424,-1.0743232028789944e-08,7.0,53.0,0.7666666666666667,7.571428571428571,1.0,0.5197027576504053,0.360230501194607,2.0,0.5040069437414318,0.0007392783272248,0.4996303608363875,0.0038877766487944,470.1220189454034,5040.49267578125,,,,,,,,,,
70,1,70.0,0.0,32.0,32.0,0.7802768424153328,54.0,74.0,0.7297297297297297,4.0,50.0,0.074074074074074,0.925925925925926,0.1506979805428596,0.1482043031978378,0.1508974747304614,0.0,0.6,0.0021278112754879,0.9999999999619104,0.6520388863237866,1.7475493517338198e-08,4.0,50.0,0.8518518518518519,12.5,1.0,0.3809465568514903,0.2640520318256294,2.0,0.5050591863860817,-0.0009299041158308,0.5004649520579154,0.0022508896997022,464.8793319938704,4959.37744140625,,,,,,,,,,
71,1,71.0,0.0,32.0,32.0,0.797382190823555,48.0,74.0,0.6486486486486487,6.0,42.0,0.125,0.875,0.1502788216100485,0.1453680374102085,0.1509803622100256,0.0,0.6,0.0021278112754879,1.000000000109251,0.6469327273037819,1.056440289777499e-08,6.0,42.0,0.75,7.0,1.0,0.5435644143456962,0.3767701412564372,2.0,0.5063023910193892,-0.0003781127557653,0.5001890563778827,0.0097922070699358,459.7321558976546,4903.57080078125,,,,,,,,,,
72,1,72.0,0.0,32.0,32.0,0.7581977024674416,48.0,74.0,0.6486486486486487,8.0,40.0,0.1666666666666666,0.8333333333333334,0.1500822839511572,0.1477330107827824,0.1505521385848321,0.0,0.6,0.0021278112754879,0.9999999999572472,0.6647598871338019,1.4559716733023106e-08,8.0,40.0,0.6666666666666666,5.0,1.0,0.6500223927944538,0.450561188866305,2.0,0.5041046598236195,-0.0002529831194806,0.5001264915597403,0.0088085077067119,464.4730620784685,4895.14013671875,,,,,,,,,,
73,1,73.0,0.0,32.0,32.0,0.7117753103375435,60.0,74.0,0.8108108108108109,7.0,53.0,0.1166666666666666,0.8833333333333333,0.1501918992788003,0.1472773615797907,0.1505768382201789,0.0,0.6,0.0021278112754879,0.9999999998318716,0.6651541498624599,-6.143878410154421e-09,7.0,53.0,0.7666666666666667,7.571428571428571,1.0,0.5197027576504053,0.360230501194607,2.0,0.5042822410129536,-0.0001184159286301,0.500059207964315,0.0041345729902223,469.6585889905691,5043.41455078125,,,,,,,,,,
74,1,74.0,0.0,32.0,32.0,0.7410726621747017,48.0,74.0,0.6486486486486487,8.0,40.0,0.1666666666666666,0.8333333333333334,0.1504479660186786,0.1480902757421434,0.1509195040739857,0.0,0.6,0.0021278112754879,0.9999999998613344,0.6427824634880916,2.5385686132874243e-08,8.0,40.0,0.6666666666666666,5.0,1.0,0.6500223927944538,0.450561188866305,2.0,0.504932291382023,-0.0003392142267557,0.5001696071133779,-0.0015452592266806,462.0408210903406,4906.97119140625,,,,,,,,,,
75,1,75.0,0.0,32.0,32.0,0.764224112033844,52.0,74.0,0.7027027027027027,13.0,39.0,0.25,0.75,0.1498535670805723,0.1470980798613607,0.1507720628203094,0.0,0.6,0.0021278112754879,0.9999999998506526,0.6542279420439248,-4.39976556267134e-09,13.0,39.0,0.5,3.0,1.0,0.8112780956052325,0.5623351246188086,2.0,0.5061786374560807,-9.271933510442486e-05,0.5000463596675522,0.0006406806579018,459.7341170301661,4927.87744140625,,,,,,,,,,
76,1,76.0,0.0,32.0,32.0,0.6990748941898346,54.0,74.0,0.7297297297297297,9.0,45.0,0.1666666666666666,0.8333333333333334,0.149727499378646,0.145817541688602,0.1505094909166547,0.0,0.6,0.0021278112754879,0.999999999154358,0.6553916359074471,1.4250257781925496e-09,9.0,45.0,0.6666666666666666,5.0,1.0,0.6500223927944538,0.450561188866305,2.0,0.5052749189906293,-9.676500647199443e-05,0.500048382503236,-0.0016245335539681,462.8262600162998,4942.92041015625,,,,,,,,,,
77,1,77.0,0.0,32.0,32.0,0.6927502974867821,54.0,74.0,0.7297297297297297,12.0,42.0,0.2222222222222222,0.7777777777777778,0.1496761234203602,0.1470845625232995,0.150416569390949,0.0,0.6,0.0021278112754879,1.0000000033489802,0.6626066675479029,-1.1844367874899337e-08,12.0,42.0,0.5555555555555556,3.5,1.0,0.7642044776547198,0.5297061790576547,2.0,0.5041173762304173,1.754757162590625e-06,0.4999991226214187,0.0011727431653614,459.4218059210107,4932.74755859375,,,,,,,,,,
78,1,78.0,0.0,32.0,32.0,0.7014670148491859,50.0,74.0,0.6756756756756757,9.0,41.0,0.18,0.82,0.1500897922219607,0.1475114607781891,0.1506557674169349,0.0,0.6,0.0021278112754879,1.000000001888517,0.6667355852228638,-2.3207283962014693e-08,9.0,41.0,0.64,4.555555555555555,1.0,0.6800770168743795,0.4713934668100945,2.0,0.5042612858725759,-0.0001685310793468,0.5000842655396734,-0.000160958519522,465.3868430759758,4905.22705078125,,,,,,,,,,
79,1,79.0,0.0,32.0,32.0,0.7487026900053024,45.0,74.0,0.6081081081081081,4.0,41.0,0.0888888888888888,0.9111111111111112,0.1504498435087941,0.1473178311154873,0.150755405693507,0.0,0.6,0.0021278112754879,1.0000000000378884,0.6544602788719156,1.0843467568932954e-08,4.0,41.0,0.8222222222222222,10.25,1.0,0.432750129934854,0.2999595324512941,2.0,0.5048598436917427,0.0002570689600696,0.4998714655199652,-0.0034606496193394,455.6904199998826,4877.10693359375,,,,,,,,,,
80,1,80.0,0.0,32.0,32.0,0.7321430146694183,48.0,74.0,0.6486486486486487,8.0,40.0,0.1666666666666666,0.8333333333333334,0.1501708612198518,0.1462913165837569,0.1509467701470707,0.0,0.6,0.0021278112754879,0.9999999996699416,0.6565801134530537,1.8985440415943283e-08,8.0,40.0,0.6666666666666666,5.0,1.0,0.6500223927944538,0.450561188866305,2.0,0.5059450476414171,-0.0008487604732181,0.5004243802366091,-0.005029873675472,461.41682600136846,4899.32568359375,,,,,,,,,,
81,1,81.0,0.0,32.0,32.0,0.7360179871320724,48.0,74.0,0.6486486486486487,7.0,41.0,0.1458333333333333,0.8541666666666666,0.1500730522527682,0.1472469922045619,0.150555550309779,0.0,0.6,0.0021278112754879,0.9999999997401388,0.6494397506899493,-1.1619519672354198e-08,7.0,41.0,0.7083333333333334,5.857142857142857,1.0,0.5993142084559089,0.4154129538607286,2.0,0.5047489643269801,-4.4293641773148325e-07,0.5000002214682089,-0.0019189673353604,457.9918530071154,4902.97705078125,,,,,,,,,,
82,1,82.0,0.0,32.0,32.0,0.7494411915540695,31.0,74.0,0.4189189189189189,7.0,24.0,0.2258064516129032,0.7741935483870968,0.150072004100504,0.1471930344102446,0.1509117035934963,0.0,0.6,0.0021278112754879,1.0000000000005107,0.6529365283625431,1.8616706734055795e-08,7.0,24.0,0.5483870967741935,3.4285714285714284,1.0,0.7706290405100401,0.5341593466871501,2.0,0.506252600843097,-7.141275476263634e-05,0.5000357063773814,0.0022445363545616,447.6232489105314,4759.92431640625,,,,,,,,,,
83,1,83.0,0.0,32.0,32.0,0.7211699858307838,38.0,74.0,0.5135135135135135,7.0,31.0,0.1842105263157894,0.8157894736842105,0.1501818885404282,0.1477239837977106,0.1507368992887837,0.0,0.6,0.0021278112754879,1.0000000000572704,0.6573348961260443,-4.975392141872058e-09,7.0,31.0,0.631578947368421,4.428571428571429,1.0,0.6892019562634651,0.4777183928204196,2.0,0.504997143284491,0.000363417601241,0.4998182911993795,-0.0013312321595352,460.66501492168754,4829.43017578125,,,,,,,,,,
84,1,84.0,0.0,32.0,32.0,0.7471674382686615,37.0,74.0,0.5,9.0,28.0,0.2432432432432432,0.7567567567567568,0.1504848197547515,0.1474841011453863,0.1514493364506189,0.0,0.6,0.0021278112754879,0.99999999973533,0.6520606932714608,2.2939101724652797e-08,9.0,28.0,0.5135135135135135,3.111111111111111,1.0,0.8003921791914351,0.5547895823487737,2.0,0.5064250512492879,-8.788225351936149e-05,0.5000439411267597,0.0037035471808766,458.1518080085516,4808.11767578125,,,,,,,,,,
85,1,85.0,0.0,32.0,32.0,0.6878964975476265,34.0,74.0,0.4594594594594595,9.0,25.0,0.2647058823529412,0.7352941176470589,0.1493767680117023,0.1471939634369425,0.150162577658616,0.0,0.6,0.0021278112754879,0.999999998222618,0.6633274047894684,-1.1621186232757509e-08,9.0,25.0,0.4705882352941176,2.7777777777777777,1.0,0.8337648783567645,0.5779217746828971,2.0,0.5046442877587926,-0.0001466330471767,0.5000733165235884,-0.0016824399698901,453.2875509466976,4786.47705078125,,,,,,,,,,
86,1,86.0,0.0,32.0,32.0,0.6946269944310188,18.0,74.0,0.2432432432432432,2.0,16.0,0.1111111111111111,0.8888888888888888,0.1502116496906687,0.1475157943406478,0.1505486316094213,0.0,0.6,0.0021278112754879,0.999999999931175,0.6676887426692556,-9.281507953348176e-10,2.0,16.0,0.7777777777777778,8.0,1.0,0.5032583059217456,0.3488320758430324,2.0,0.5057414069293064,0.000334222193329,0.4998328889033355,-0.0052089206813987,442.6624129991978,4704.8408203125,,,,,,,,,,
87,1,87.0,0.0,32.0,32.0,0.7309426367282867,36.0,74.0,0.4864864864864865,8.0,28.0,0.2222222222222222,0.7777777777777778,0.1499545593223765,0.147399892809293,0.1506844640404004,0.0,0.6,0.0021278112754879,0.9999999991411448,0.6551094024808471,2.8349474327744837e-09,8.0,28.0,0.5555555555555556,3.5,1.0,0.7642044776547198,0.5297061790576547,2.0,0.5050214628026398,-5.229655568943666e-05,0.5000261482778448,0.0013079386961893,449.5262280106545,4794.69580078125,,,,,,,,,,
88,1,88.0,0.0,32.0,32.0,0.7108124494552612,33.0,74.0,0.4459459459459459,6.0,27.0,0.1818181818181818,0.8181818181818182,0.1503571083149122,0.147010825014365,0.1511007268261449,0.0,0.6,0.0021278112754879,1.000000000945322,0.6646277469193069,-1.2587042786837412e-08,6.0,27.0,0.6363636363636364,4.5,1.0,0.6840384067851413,0.4741392930578376,2.0,0.5057783532730961,0.0004160380222265,0.4997919809888867,0.0038468402946829,457.13022793643177,4796.02392578125,,,,,,,,,,
89,1,89.0,0.0,32.0,32.0,0.7082716822624207,31.0,74.0,0.4189189189189189,4.0,27.0,0.1290322580645161,0.8709677419354839,0.1496840187883675,0.1463227136851692,0.1501819899147672,0.0,0.6,0.0021278112754879,0.9999999999051636,0.6650175617950612,6.978571553598289e-09,4.0,27.0,0.7419354838709677,6.75,1.0,0.5547781344873733,0.384542899756229,2.0,0.503916217573191,-0.0010837934665438,0.5005418967332719,-0.0009185144035054,451.1985739227384,4780.35205078125,,,,,,,,,,
90,1,90.0,0.0,32.0,32.0,0.7384973913431168,32.0,74.0,0.4324324324324324,5.0,27.0,0.15625,0.84375,0.1499190970508997,0.1464023304795293,0.1505703501196719,0.0,0.6,0.0021278112754879,1.0000000001593938,0.6675526999104548,4.2760561453366327e-10,5.0,27.0,0.6875,5.4,1.0,0.6252623763695226,0.433398853290746,2.0,0.5049286294507574,-2.661271816274772e-05,0.5000133063590814,-0.0029995079193399,451.5671660192311,4772.1201171875,,,,,,,,,,
91,1,91.0,0.0,32.0,32.0,0.7575109302997589,29.0,74.0,0.3918918918918919,10.0,19.0,0.3448275862068966,0.6551724137931034,0.1494894315966989,0.1465192165809329,0.1510527026576283,0.0,0.6,0.0021278112754879,0.9999999999671156,0.6576437065199339,3.81510068680172e-09,10.0,19.0,0.3103448275862069,1.9,1.0,0.929363597159818,0.6441857570863767,2.0,0.5068679094503185,-0.000278425142578,0.500139212571289,-0.0016697987264341,443.1907490361482,4748.3974609375,,,,,,,,,,
92,1,92.0,0.0,32.0,32.0,0.7169161885976791,26.0,74.0,0.3513513513513513,2.0,24.0,0.0769230769230769,0.9230769230769232,0.1505425889613374,0.1468033844581516,0.1508541893366029,0.0,0.6,0.0021278112754879,0.9999999998795488,0.6624093662433498,3.252854307057382e-10,2.0,24.0,0.8461538461538461,12.0,1.0,0.3912435347753558,0.2711893530418447,2.0,0.5049436789778984,-0.000529733567199,0.5002648667835995,-0.0039124627557956,447.83939397893846,4728.7470703125,,,,,,,,,,
93,1,93.0,0.0,32.0,32.0,0.713042601943016,29.0,74.0,0.3918918918918919,5.0,24.0,0.1724137931034483,0.8275862068965517,0.1499283583360609,0.1467982325947943,0.1505804678654915,0.0,0.6,0.0021278112754879,1.0000000005454897,0.6655283036128768,-1.3412158508209838e-08,5.0,24.0,0.6551724137931034,4.8,1.0,0.6631968113859285,0.4596929999685021,2.0,0.5055090663810946,-0.0002886111991485,0.5001443055995742,-0.0035015221088421,451.2267119716853,4747.0986328125,,,,,,,,,,
94,1,94.0,0.0,32.0,32.0,0.7066261991858482,24.0,74.0,0.3243243243243243,3.0,21.0,0.125,0.875,0.1501692178506742,0.1477067729919382,0.1505209956876365,0.0,0.6,0.0021278112754879,0.9999999997980166,0.6686726139216147,6.370376296549575e-09,3.0,21.0,0.75,7.0,1.0,0.5435644143456962,0.3767701412564372,2.0,0.5038820495461981,0.000188318684047,0.4999058406579765,-0.0032176040849722,449.3217569543049,4706.2470703125,,,,,,,,,,
95,1,95.0,0.0,32.0,32.0,0.7169805243611336,29.0,74.0,0.3918918918918919,7.0,22.0,0.2413793103448276,0.7586206896551724,0.1497362943953429,0.1471218877877995,0.1505681510431976,0.0,0.6,0.0021278112754879,1.0000000005302516,0.6628730035284576,9.281133358872054e-09,7.0,22.0,0.5172413793103449,3.142857142857143,1.0,0.7973264812935418,0.5526646024944004,2.0,0.5048900084054311,4.0249164569859375e-05,0.499979875417715,-0.0019522924390638,449.21276695095,4739.7158203125,,,,,,,,,,
96,1,96.0,0.0,32.0,32.0,0.6668833196163177,24.0,74.0,0.3243243243243243,4.0,20.0,0.1666666666666666,0.8333333333333334,0.1496187364311357,0.146536495224246,0.1502351846725137,0.0,0.6,0.0021278112754879,0.9999999994506744,0.6696834320140954,-1.0687028148838956e-08,4.0,20.0,0.6666666666666666,5.0,1.0,0.6500223927944538,0.450561188866305,2.0,0.5047384208874245,-0.0007497040233353,0.5003748520116676,-0.0012740097031567,448.8832140341401,4728.9033203125,,,,,,,,,,
97,1,97.0,0.0,32.0,32.0,0.709566205739975,27.0,74.0,0.3648648648648648,4.0,23.0,0.1481481481481481,0.8518518518518519,0.1496620849768096,0.1469289065941812,0.1501374203477015,0.0,0.6,0.0021278112754879,0.9999999999822912,0.6608955578454325,-1.5110488429578785e-08,4.0,23.0,0.7037037037037037,5.75,1.0,0.6051865477795202,0.419483349306181,2.0,0.5048441013185493,-0.0001301868121279,0.500065093406064,-0.0006195394582204,447.4101149244234,4746.1943359375,,,,,,,,,,
98,1,98.0,0.0,32.0,32.0,0.70112045109272,22.0,74.0,0.2972972972972973,5.0,17.0,0.2272727272727272,0.7727272727272727,0.1496137770963408,0.1464579785369738,0.1505419531432136,0.0,0.6,0.0021278112754879,1.0000000001160565,0.6591995384862027,-1.1976022070245661e-08,5.0,17.0,0.5454545454545454,3.4,1.0,0.773226645433734,0.5359598692162172,2.0,0.5056620575175494,-0.000917842349736,0.500458921174868,-0.0022426223756615,446.8238879926503,4709.1630859375,,,,,,,,,,
99,1,99.0,0.0,32.0,32.0,0.6808607876300812,27.0,74.0,0.3648648648648648,5.0,22.0,0.1851851851851851,0.8148148148148148,0.1497783497625766,0.1457514374978119,0.1506935570954777,0.0,0.6,0.0021278112754879,1.0000000013959311,0.6726638592477672,4.198637718866942e-09,5.0,22.0,0.6296296296296297,4.4,1.0,0.6912898405518886,0.4791656039282757,2.0,0.505532688436953,0.0002124097572212,0.4998937951213894,-0.0020532193682488,450.1447939546779,4735.9345703125,,,,,,,,,,
100,1,100.0,0.0,32.0,32.0,0.7059108167886734,23.0,74.0,0.3108108108108108,5.0,18.0,0.217391304347826,0.782608695652174,0.1510562646438379,0.1469176315931923,0.1522058849356839,0.0,0.6,0.0021278112754879,0.9999999999503172,0.6561703248089433,3.414274020672714e-09,5.0,18.0,0.5652173913043478,3.6,1.0,0.7553753837075283,0.52358631748126,2.0,0.5084273174766945,-0.0002784155525053,0.5001392077762526,-0.0071274471675531,448.391419951804,4721.8564453125,,,,,,,,,,
101,1,101.0,0.0,32.0,32.0,0.707290880382061,23.0,74.0,0.3108108108108108,4.0,19.0,0.1739130434782608,0.8260869565217391,0.1498919131001095,0.147193586069564,0.1504599819486454,0.0,0.6,0.0021278112754879,0.9999999988360064,0.6788418437505019,-1.859036139100985e-08,4.0,19.0,0.6521739130434783,4.75,1.0,0.6665783291410201,0.4620368894664573,2.0,0.5046194816359434,-0.001096005078208,0.500548002539104,-0.003294149607593,441.7092010844499,4704.7470703125,,,,,,,,,,
102,1,102.0,0.0,32.0,32.0,0.6965433433651924,22.0,74.0,0.2972972972972973,8.0,14.0,0.3636363636363636,0.6363636363636364,0.1494127929223588,0.1471781669748658,0.1506897220352119,0.0,0.6,0.0021278112754879,0.999999999937084,0.6631648218397315,1.3275314941924173e-08,8.0,14.0,0.2727272727272727,1.75,1.0,0.9456602757467394,0.6554817539013928,2.0,0.5057205475116446,-0.0003645306225816,0.5001822653112908,-0.0021922136459108,444.4098020903766,4707.2880859375,,,,,,,,,,
103,1,103.0,0.0,32.0,32.0,0.6955596804618835,20.0,74.0,0.2702702702702703,6.0,14.0,0.3,0.7,0.1497449298848312,0.1466099781067706,0.1510884806468572,0.0,0.6,0.0021278112754879,0.9999999999940168,0.6649484267391869,3.369513868186054e-09,6.0,14.0,0.4,2.333333333333333,1.0,0.8812908703767922,0.6108642820548937,2.0,0.5065376239173031,-0.000359392935934,0.500179696467967,-0.0077453776985651,437.0165680302307,4687.8662109375,,,,,,,,,,
104,1,104.0,0.0,32.0,32.0,0.6698876172304153,22.0,74.0,0.2972972972972973,3.0,19.0,0.1363636363636363,0.8636363636363636,0.1503565909701178,0.1479376294017512,0.1507385322703862,0.0,0.6,0.0021278112754879,1.0000000000531402,0.6596909326820416,7.892093826100752e-09,3.0,19.0,0.7272727272727273,6.333333333333333,1.0,0.5746356689837792,0.3983070938052845,2.0,0.5052534461110565,-0.0002380617121414,0.5001190308560707,-0.0017015066206497,445.192911894992,4715.9130859375,,,,,,,,,,
105,1,105.0,0.0,32.0,32.0,0.6852381080389023,22.0,74.0,0.2972972972972973,5.0,17.0,0.2272727272727272,0.7727272727272727,0.1506544424957141,0.1470993506436438,0.151700057746323,0.0,0.6,0.0021278112754879,0.999999999771122,0.664773897720105,-1.2140065355184113e-08,5.0,17.0,0.5454545454545454,3.4,1.0,0.773226645433734,0.5359598692162172,2.0,0.5074140002032115,0.0001518296261531,0.4999240851869234,-0.003268726861328,445.1453189831227,4710.8037109375,,,,,,,,,,
106,1,106.0,0.0,32.0,32.0,0.6938203051686287,21.0,74.0,0.2837837837837837,2.0,19.0,0.0952380952380952,0.9047619047619048,0.1506119950140639,0.1471526688960652,0.1509761346054322,0.0,0.6,0.0021278112754879,0.9999999997417686,0.6609571407523533,-4.35568477264905e-09,2.0,19.0,0.8095238095238095,9.5,1.0,0.4537163103330447,0.3144921812814111,2.0,0.504999855979258,6.231792576727457e-05,0.4999688410371163,-0.0028468999806168,442.1441190643236,4697.4912109375,,,,,,,,,,
107,1,107.0,0.0,32.0,32.0,0.704490453004837,23.0,74.0,0.3108108108108108,4.0,19.0,0.1739130434782608,0.8260869565217391,0.1499727479599539,0.1475962036884008,0.1504730730697545,0.0,0.6,0.0021278112754879,1.0000000006822956,0.6701130894651174,-1.194010683073671e-08,4.0,19.0,0.6521739130434783,4.75,1.0,0.6665783291410201,0.4620368894664573,2.0,0.5042598206618427,-0.0002183173610518,0.500109158680526,-0.0062831111032745,446.38082198798656,4715.1162109375,,,,,,,,,,
108,1,108.0,0.0,32.0,32.0,0.6938917264342308,20.0,74.0,0.2702702702702703,3.0,17.0,0.15,0.85,0.1501329367631086,0.1464042001465479,0.1507909491072076,0.0,0.6,0.0021278112754879,0.9999999999214778,0.6601585146853117,7.560959560400657e-09,3.0,17.0,0.7,5.666666666666667,1.0,0.6098402758625001,0.4227090678059912,2.0,0.5063551207190302,-8.827728853025036e-05,0.5000441386442651,-0.0039248208625208,446.6398769291118,4708.7412109375,,,,,,,,,,
109,1,109.0,0.0,32.0,32.0,0.7031778618693352,23.0,74.0,0.3108108108108108,1.0,22.0,0.0434782608695652,0.9565217391304348,0.1507599180529882,0.1477479549046684,0.1508968254688209,0.0,0.6,0.0021278112754879,0.9999999998615208,0.6562847649054185,-6.6445030363913525e-09,1.0,22.0,0.9130434782608696,22.0,1.0,0.2580186398109163,0.1788448927168487,2.0,0.5054133036952452,-0.000410304630007,0.5002051523150035,-0.0012746175256803,448.65938706789166,4712.8193359375,,,,,,,,,,
110,1,110.0,0.0,32.0,32.0,0.6869500875473022,18.0,74.0,0.2432432432432432,2.0,16.0,0.1111111111111111,0.8888888888888888,0.1501811049429609,0.147729338190273,0.1504875757870468,0.0,0.6,0.0021278112754879,1.0000000000380636,0.660982561088121,-6.028601088025714e-09,2.0,16.0,0.7777777777777778,8.0,1.0,0.5032583059217456,0.3488320758430324,2.0,0.5044080495445034,-0.0009423476731171,0.5004711738365586,-0.0004950931716999,443.59163905028254,4695.5166015625,,,,,,,,,,
111,1,111.0,0.0,32.0,32.0,0.6779911741614342,23.0,74.0,0.3108108108108108,3.0,20.0,0.1304347826086956,0.8695652173913043,0.150362263978269,0.1476043869532099,0.1507759455320279,0.0,0.6,0.0021278112754879,0.999999999877874,0.6602583108724768,4.039735062994401e-09,3.0,20.0,0.7391304347826086,6.666666666666667,1.0,0.5586293445982989,0.387212355186361,2.0,0.5038698830356129,-0.0006538770989039,0.500326938549452,-1.648272103296319e-05,448.7599030835554,4721.3974609375,,,,,,,,,,
112,1,112.0,0.0,32.0,32.0,0.6767739355564117,16.0,74.0,0.2162162162162162,6.0,10.0,0.375,0.625,0.1497295300156195,0.1473564501495361,0.1511533779352696,0.0,0.6,0.0021278112754879,0.9999999999643568,0.6630479311353129,-1.0852016939158418e-08,6.0,10.0,0.25,1.6666666666666667,1.0,0.9544339740710645,0.6615632181579822,2.0,0.5068118883491028,-0.0008868828881531,0.5004434414440766,-0.0025421654628228,446.0503710433841,4687.4541015625,,,,,,,,,,
113,1,113.0,0.0,32.0,32.0,0.6810424253344536,21.0,74.0,0.2837837837837837,2.0,19.0,0.0952380952380952,0.9047619047619048,0.1507472689920029,0.1479439176830284,0.1510423586034738,0.0,0.6,0.0021278112754879,0.9999999999802096,0.6556095490557101,5.903262794134097e-10,2.0,19.0,0.8095238095238095,9.5,1.0,0.4537163103330447,0.3144921812814111,2.0,0.5050826353823965,-0.0002903466083807,0.5001451733041904,-0.0021237071699373,447.6922190515325,4707.2861328125,,,,,,,,,,
114,1,114.0,0.0,32.0,32.0,0.6823983415961266,8.0,74.0,0.1081081081081081,2.0,6.0,0.25,0.75,0.1489762831452191,0.1468830124543121,0.1496740400421881,0.0,0.6,0.0021278112754879,0.9999999999076368,0.669212067543278,1.990261750170099e-09,2.0,6.0,0.5,3.0,1.0,0.8112780956052325,0.5623351246188086,2.0,0.504014228932633,-0.0013307533226907,0.5006653766613454,0.0024867063897934,443.7037709867582,4679.9541015625,,,,,,,,,,
115,1,115.0,0.0,32.0,32.0,0.6940916553139687,14.0,74.0,0.1891891891891892,2.0,12.0,0.1428571428571428,0.8571428571428571,0.1502953398794531,0.1470260457681683,0.1508402222313339,0.0,0.6,0.0021278112754879,1.0000000000089504,0.6732180033289777,-6.538486598434595e-09,2.0,12.0,0.7142857142857143,6.0,1.0,0.5916727497284272,0.4101162982884094,2.0,0.5047198226315139,0.000873502343893,0.4995632488280535,-0.0088430916305916,437.0173229835928,4686.2197265625,,,,,,,,,,
116,1,116.0,0.0,32.0,32.0,0.6834991797804832,12.0,74.0,0.1621621621621621,4.0,8.0,0.3333333333333333,0.6666666666666666,0.14920265155339,0.147991433204199,0.1498082607279854,0.0,0.6,0.0021278112754879,0.9999999999248104,0.6703645751898479,2.415899763462291e-09,4.0,8.0,0.3333333333333333,2.0,1.0,0.918295805200589,0.636514148294813,2.0,0.5048497595017867,-0.0004944788379361,0.5002472394189681,0.0019689737890455,439.0269760042429,4679.9541015625,,,,,,,,,,
117,1,117.0,0.0,32.0,32.0,0.6640468612313271,20.0,74.0,0.2702702702702703,1.0,19.0,0.05,0.95,0.1499538089990415,0.1455410009703961,0.1501860620531807,0.0,0.6,0.0021278112754879,0.9999999998642768,0.6676869631509771,1.3366972109703186e-09,1.0,19.0,0.9,19.0,1.0,0.2863969282620568,0.1985152233458736,2.0,0.5034435362716653,-0.0004983678809367,0.5002491839404684,0.0030023795381066,443.1410690303892,4690.3193359375,,,,,,,,,,
118,1,118.0,0.0,32.0,32.0,0.6516037210822105,14.0,74.0,0.1891891891891892,5.0,9.0,0.3571428571428571,0.6428571428571429,0.1491054537706226,0.1468711563864653,0.1503467300951544,0.0,0.6,0.0021278112754879,1.0000000001633047,0.6649952564708728,-1.1003984684696812e-08,5.0,9.0,0.2857142857142857,1.8,1.0,0.9402859298167304,0.6517565411726534,2.0,0.5054586357261142,-0.0012997477897442,0.5006498738948721,-0.0029306417975939,441.68235803954303,4681.0224609375,,,,,,,,,,
119,1,119.0,0.0,32.0,32.0,0.6763088256120682,12.0,74.0,0.1621621621621621,4.0,8.0,0.3333333333333333,0.6666666666666666,0.1501818535587594,0.1479393894495672,0.1513030856133555,0.0,0.6,0.0021278112754879,1.0000000000113922,0.6637364477279213,-6.6936815185066025e-09,4.0,8.0,0.3333333333333333,2.0,1.0,0.918295805200589,0.636514148294813,2.0,0.5053401164104846,-0.0008332683189564,0.5004166341594782,-0.000310877030346,439.2291599651799,4677.6728515625,,,,,,,,,,
120,1,120.0,0.0,32.0,32.0,0.668423019349575,5.0,74.0,0.0675675675675675,1.0,4.0,0.2,0.8,0.1491599518995597,0.1471564823703735,0.1496608192818562,0.0,0.6,0.0021278112754879,1.0,0.6645455179336431,4.3686553511360605e-10,1.0,4.0,0.6,4.0,1.0,0.721928066033462,0.5004024035381882,2.0,0.5045576953493637,-0.0019627795554697,0.5009813897777349,-0.0036344338882315,432.6051860116422,4692.1806640625,,,,,,,,,,
121,1,121.0,0.0,32.0,32.0,0.6439524814486504,9.0,74.0,0.1216216216216216,0.0,9.0,0.0,1.0,0.1513989744810954,0.0,0.1513989744810954,0.0,0.6,0.0021278112754879,1.0000000000408462,0.6730734683362002,-1.0128803292249924e-08,0.0,9.0,1.0,,0.5,-1.4426950249075512e-08,-9.999999889225293e-09,1.0,0.5051653840191406,-0.0003666548582259,0.500183327429113,,437.2345720184967,4688.2978515625,,,,,,,,,,
122,1,122.0,0.0,32.0,32.0,0.6479537412524223,12.0,74.0,0.1621621621621621,3.0,9.0,0.25,0.75,0.1503380849372898,0.1466565831817368,0.1515652521891408,0.0,0.6,0.0021278112754879,0.9999999999834196,0.6748330578704712,-3.360655478563619e-10,3.0,9.0,0.5,3.0,1.0,0.8112780956052325,0.5623351246188086,2.0,0.5073063403509614,-0.0002977332333102,0.5001488666166551,-0.0049088982509513,440.9369620261714,4688.4384765625,,,,,,,,,,
123,1,123.0,0.0,32.0,32.0,0.6468174979090691,13.0,74.0,0.1756756756756756,4.0,9.0,0.3076923076923077,0.6923076923076923,0.150034148666054,0.1459126368901482,0.1518659316775677,0.0,0.6,0.0021278112754879,0.9999999999599692,0.6628456308632952,2.802965516034938e-09,4.0,9.0,0.3846153846153846,2.25,1.0,0.8904916113655907,0.6172417497303417,2.0,0.5089055646062512,-0.0007526566769229,0.5003763283384615,-0.0038339941034417,438.8576850760728,4688.2978515625,,,,,,,,,,
124,1,124.0,0.0,32.0,32.0,0.6479931026697159,8.0,74.0,0.1081081081081081,0.0,8.0,0.0,1.0,0.1517365290512635,0.0,0.1517365290512635,0.0,0.6,0.0021278112754879,1.0000000001207188,0.6730250220953782,-8.429841868845395e-09,0.0,8.0,1.0,,0.5,-1.4426950249075512e-08,-9.999999889225293e-09,1.0,0.5059753078890105,-0.0014609429053962,0.5007304714526981,,440.7281660242006,4681.9072265625,,,,,,,,,,
125,1,125.0,0.0,32.0,32.0,0.6537890285253525,7.0,74.0,0.0945945945945946,0.0,7.0,0.0,1.0,0.1511607034105965,0.0,0.1511607034105965,0.0,0.6,0.0021278112754879,1.0000000000103102,0.6637385354214388,2.1537247251202395e-09,0.0,7.0,1.0,,0.5,-1.4426950249075512e-08,-9.999999889225293e-09,1.0,0.5041623920122132,-0.0002234108105767,0.5001117054052884,,437.8845639294013,4678.7822265625,,,,,,,,,,
126,1,126.0,0.0,32.0,32.0,0.6466786190867424,0.0,74.0,0.0,0.0,0.0,0.0,0.0,0.0,0.0,0.0,0.0,0.6,0.0021278112754879,1.0,0.6752240870652797,0.0,0.0,0.0,,,,,,0.0,,,,,435.6729829451069,4678.2197265625,,,,,,,,,,
127,1,127.0,0.0,32.0,32.0,0.6624390706419945,4.0,74.0,0.054054054054054,3.0,1.0,0.75,0.25,0.1487045047186036,0.147796992355751,0.1514270418071613,0.0,0.6,0.0021278112754879,1.0000000000056632,0.6829249138316874,8.859470177000137e-11,3.0,1.0,0.5,3.0,1.0,0.8112780956052325,0.5623351246188086,2.0,0.50669672061659,-0.0014590363716706,0.5007295181858353,-0.0080746326235697,432.6545899966732,4688.4384765625,,,,,,,,,,
128,1,128.0,0.0,32.0,32.0,0.629530243575573,0.0,74.0,0.0,0.0,0.0,0.0,0.0,0.0,0.0,0.0,0.0,0.6,0.0021278112754879,1.0,0.6758331562876034,0.0,0.0,0.0,,,,,,0.0,,,,,435.8048350550234,4679.6416015625,,,,,,,,,,
129,1,129.0,0.0,32.0,32.0,0.6333858594298363,7.0,74.0,0.0945945945945946,1.0,6.0,0.1428571428571428,0.8571428571428571,0.1497785306274767,0.1457738990168591,0.1504459692292463,0.0,0.6,0.0021278112754879,0.9999999999811918,0.6768012509506728,1.8607157134531427e-09,1.0,6.0,0.7142857142857143,6.0,1.0,0.5916727497284272,0.4101162982884094,2.0,0.504981794862376,-0.0008409830625168,0.5004204915312584,-0.0006762445688188,439.99611609615386,4693.5009765625,,,,,,,,,,
130,1,130.0,0.0,32.0,32.0,0.6554910242557526,0.0,74.0,0.0,0.0,0.0,0.0,0.0,0.0,0.0,0.0,0.0,0.6,0.0021278112754879,1.0,0.6781247315127394,0.0,0.0,0.0,,,,,,0.0,,,,,440.5050070490688,4677.6728515625,,,,,,,,,,
131,1,131.0,0.0,32.0,32.0,0.6615720316767693,0.0,74.0,0.0,0.0,0.0,0.0,0.0,0.0,0.0,0.0,0.0,0.6,0.0021278112754879,1.0,0.67452111340863,0.0,0.0,0.0,,,,,,0.0,,,,,435.36140199285,4678.2197265625,,,,,,,,,,
132,1,132.0,0.0,32.0,32.0,0.6235632374882698,0.0,74.0,0.0,0.0,0.0,0.0,0.0,0.0,0.0,0.0,0.0,0.6,0.0021278112754879,1.0,0.6849060542628544,0.0,0.0,0.0,,,,,,0.0,,,,,437.3850170522928,4682.3056640625,,,,,,,,,,
133,1,133.0,0.0,32.0,32.0,0.6608502939343452,0.0,74.0,0.0,0.0,0.0,0.0,0.0,0.0,0.0,0.0,0.0,0.6,0.0021278112754879,1.0,0.6737927815509998,0.0,0.0,0.0,,,,,,0.0,,,,,431.48281204048544,4693.5009765625,,,,,,,,,,
134,1,134.0,0.0,32.0,32.0,0.6114459186792374,2.0,74.0,0.027027027027027,0.0,2.0,0.0,1.0,0.1503919009536541,0.0,0.1503919009536541,0.0,0.6,0.0021278112754879,0.9999999999748768,0.6667653227414432,1.2313317809069882e-09,0.0,2.0,1.0,,0.5,-1.4426950249075512e-08,-9.999999889225293e-09,1.0,0.5013063365121804,0.0016874566208571,0.4991562716895714,,440.0868940865621,4684.4384765625,,,,,,,,,,
135,1,135.0,0.0,32.0,32.0,0.6410575211048126,0.0,74.0,0.0,0.0,0.0,0.0,0.0,0.0,0.0,0.0,0.0,0.6,0.0021278112754879,1.0,0.6824757679393905,0.0,0.0,0.0,,,,,,0.0,,,,,511.0122530022636,4677.0634765625,,,,,,,,,,
136,1,136.0,0.0,32.0,32.0,0.596274271607399,0.0,74.0,0.0,0.0,0.0,0.0,0.0,0.0,0.0,0.0,0.0,0.6,0.0021278112754879,1.0,0.67215590586291,0.0,0.0,0.0,,,,,,0.0,,,,,434.4852169742808,4679.3603515625,,,,,,,,,,
137,1,137.0,0.0,32.0,32.0,0.5944795310497284,2.0,74.0,0.027027027027027,1.0,1.0,0.5,0.5,0.1487463856530467,0.1453751772054299,0.1521175941006636,0.0,0.6,0.0021278112754879,0.999999999986021,0.6644996256138673,2.1777026128323828e-10,1.0,1.0,0.0,1.0,1.0,0.9999999711460994,0.6931471605599454,2.0,0.5112373614920562,,,-0.0107401937651455,438.3727660169825,4693.5009765625,,,,,,,,,,
138,1,138.0,0.0,32.0,32.0,0.5717238001525402,0.0,74.0,0.0,0.0,0.0,0.0,0.0,0.0,0.0,0.0,0.0,0.6,0.0021278112754879,1.0,0.6777934200825969,0.0,0.0,0.0,,,,,,0.0,,,,,433.66361293010414,4679.9541015625,,,,,,,,,,
139,1,139.0,0.0,32.0,32.0,0.640512652695179,0.0,74.0,0.0,0.0,0.0,0.0,0.0,0.0,0.0,0.0,0.0,0.6,0.0021278112754879,1.0,0.6848432987585694,0.0,0.0,0.0,,,,,,0.0,,,,,438.5128970025107,4679.3603515625,,,,,,,,,,
140,1,140.0,0.0,32.0,32.0,0.5669837668538094,0.0,74.0,0.0,0.0,0.0,0.0,0.0,0.0,0.0,0.0,0.0,0.6,0.0021278112754879,1.0,0.6843154304046789,0.0,0.0,0.0,,,,,,0.0,,,,,436.33381894323975,4681.1572265625,,,,,,,,,,
141,1,141.0,0.0,32.0,32.0,0.5724280923604965,0.0,74.0,0.0,0.0,0.0,0.0,0.0,0.0,0.0,0.0,0.0,0.6,0.0021278112754879,1.0,0.6680569688571881,0.0,0.0,0.0,,,,,,0.0,,,,,438.2485629757866,4681.8291015625,,,,,,,,,,
142,1,142.0,0.0,32.0,32.0,0.5902285017073154,0.0,74.0,0.0,0.0,0.0,0.0,0.0,0.0,0.0,0.0,0.0,0.6,0.0021278112754879,1.0,0.6783709932723944,0.0,0.0,0.0,,,,,,0.0,,,,,431.8816870218143,4680.0166015625,,,,,,,,,,
143,1,143.0,0.0,32.0,32.0,0.562757108360529,0.0,74.0,0.0,0.0,0.0,0.0,0.0,0.0,0.0,0.0,0.0,0.6,0.0021278112754879,1.0,0.6797348283372766,0.0,0.0,0.0,,,,,,0.0,,,,,440.3606370324269,4680.7509765625,,,,,,,,,,
144,1,144.0,0.0,32.0,32.0,0.5632133930921555,0.0,74.0,0.0,0.0,0.0,0.0,0.0,0.0,0.0,0.0,0.0,0.6,0.0021278112754879,1.0,0.676856825605318,0.0,0.0,0.0,,,,,,0.0,,,,,438.423739047721,4693.5009765625,,,,,,,,,,
145,1,145.0,0.0,32.0,32.0,0.5284037254750729,0.0,74.0,0.0,0.0,0.0,0.0,0.0,0.0,0.0,0.0,0.0,0.6,0.0021278112754879,1.0,0.6731989861066312,0.0,0.0,0.0,,,,,,0.0,,,,,437.71611095871776,4681.8291015625,,,,,,,,,,
146,1,146.0,0.0,32.0,32.0,0.5449592173099518,0.0,74.0,0.0,0.0,0.0,0.0,0.0,0.0,0.0,0.0,0.0,0.6,0.0021278112754879,1.0,0.6822789160197222,0.0,0.0,0.0,,,,,,0.0,,,,,432.70307208877057,4681.1572265625,,,,,,,,,,
147,1,147.0,0.0,32.0,32.0,0.5533295907080173,0.0,74.0,0.0,0.0,0.0,0.0,0.0,0.0,0.0,0.0,0.0,0.6,0.0021278112754879,1.0,0.6851709445884182,0.0,0.0,0.0,,,,,,0.0,,,,,434.53485902864486,4681.9072265625,,,,,,,,,,
148,1,148.0,0.0,32.0,32.0,0.5908386334776878,0.0,74.0,0.0,0.0,0.0,0.0,0.0,0.0,0.0,0.0,0.0,0.6,0.0021278112754879,1.0,0.6831154323323614,0.0,0.0,0.0,,,,,,0.0,,,,,435.27854001149535,4681.0087890625,,,,,,,,,,
149,1,149.0,0.0,32.0,32.0,0.5342776700854301,0.0,74.0,0.0,0.0,0.0,0.0,0.0,0.0,0.0,0.0,0.0,0.6,0.0021278112754879,1.0,0.6712469316376563,0.0,0.0,0.0,,,,,,0.0,,,,,435.6667320244014,4684.6572265625,,,,,,,,,,
150,1,150.0,0.0,32.0,32.0,0.4988541007041931,0.0,74.0,0.0,0.0,0.0,0.0,0.0,0.0,0.0,0.0,0.0,0.6,0.0021278112754879,1.0,0.6910980427306482,0.0,0.0,0.0,,,,,,0.0,,,,,432.8956070821732,4681.1572265625,,,,,,,,,,
151,1,151.0,0.0,32.0,32.0,0.437931727617979,3.0,74.0,0.0405405405405405,0.0,3.0,0.0,1.0,0.1499045099424798,0.0,0.1499045099424798,0.0,0.6,0.0021278112754879,0.9999999999922988,0.6683437240674983,1.820448667374249e-09,0.0,3.0,1.0,,0.5,-1.4426950249075512e-08,-9.999999889225293e-09,1.0,0.5008914302676688,-0.0018491481896489,0.5009245740948245,,434.7635529702529,4678.7822265625,,,,,,,,,,
152,1,152.0,0.0,32.0,32.0,0.5042850896716118,0.0,74.0,0.0,0.0,0.0,0.0,0.0,0.0,0.0,0.0,0.0,0.6,0.0021278112754879,1.0,0.6821046050145769,0.0,0.0,0.0,,,,,,0.0,,,,,428.5249139647931,4679.9541015625,,,,,,,,,,
153,1,153.0,0.0,32.0,32.0,0.5282420627772808,0.0,74.0,0.0,0.0,0.0,0.0,0.0,0.0,0.0,0.0,0.0,0.6,0.0021278112754879,1.0,0.6838741553254101,0.0,0.0,0.0,,,,,,0.0,,,,,433.70421906001866,4688.4384765625,,,,,,,,,,
154,1,154.0,0.0,32.0,32.0,0.5197996236383915,0.0,74.0,0.0,0.0,0.0,0.0,0.0,0.0,0.0,0.0,0.0,0.6,0.0021278112754879,1.0,0.6853356153729515,0.0,0.0,0.0,,,,,,0.0,,,,,428.5273549612612,4679.3603515625,,,,,,,,,,
155,1,155.0,0.0,32.0,32.0,0.4842767640948295,0.0,74.0,0.0,0.0,0.0,0.0,0.0,0.0,0.0,0.0,0.0,0.6,0.0021278112754879,1.0,0.6855162453413904,0.0,0.0,0.0,,,,,,0.0,,,,,433.1546559697017,4681.9228515625,,,,,,,,,,
156,1,156.0,0.0,32.0,32.0,0.5270134136080742,0.0,74.0,0.0,0.0,0.0,0.0,0.0,0.0,0.0,0.0,0.0,0.6,0.0021278112754879,1.0,0.684634183500361,0.0,0.0,0.0,,,,,,0.0,,,,,431.7103129578754,4679.6416015625,,,,,,,,,,
157,1,157.0,0.0,32.0,32.0,0.418471809476614,0.0,74.0,0.0,0.0,0.0,0.0,0.0,0.0,0.0,0.0,0.0,0.6,0.0021278112754879,1.0,0.6846532558643855,0.0,0.0,0.0,,,,,,0.0,,,,,435.9133110847324,4681.0087890625,,,,,,,,,,
158,1,158.0,0.0,32.0,32.0,0.4389099404215812,0.0,74.0,0.0,0.0,0.0,0.0,0.0,0.0,0.0,0.0,0.0,0.6,0.0021278112754879,1.0,0.6848267178302707,0.0,0.0,0.0,,,,,,0.0,,,,,427.455723984167,4678.2197265625,,,,,,,,,,
159,1,159.0,0.0,32.0,32.0,0.4202279821038246,0.0,74.0,0.0,0.0,0.0,0.0,0.0,0.0,0.0,0.0,0.0,0.6,0.0021278112754879,1.0,0.6835203343323781,0.0,0.0,0.0,,,,,,0.0,,,,,431.4431370003149,4677.6728515625,,,,,,,,,,
160,1,160.0,0.0,32.0,32.0,0.4980194494128227,0.0,74.0,0.0,0.0,0.0,0.0,0.0,0.0,0.0,0.0,0.0,0.6,0.0021278112754879,1.0,0.6910531587234826,0.0,0.0,0.0,,,,,,0.0,,,,,438.5589479934424,4688.2978515625,,,,,,,,,,
161,1,161.0,0.0,32.0,32.0,0.418765764683485,0.0,74.0,0.0,0.0,0.0,0.0,0.0,0.0,0.0,0.0,0.0,0.6,0.0021278112754879,1.0,0.6907139580882478,0.0,0.0,0.0,,,,,,0.0,,,,,437.3511319281533,4681.8291015625,,,,,,,,,,
162,1,162.0,0.0,32.0,32.0,0.4101111367344856,0.0,74.0,0.0,0.0,0.0,0.0,0.0,0.0,0.0,0.0,0.0,0.6,0.0021278112754879,1.0,0.6874541718040958,0.0,0.0,0.0,,,,,,0.0,,,,,435.3378349915147,4679.9541015625,,,,,,,,,,
163,1,163.0,0.0,32.0,32.0,0.4437150582671165,0.0,74.0,0.0,0.0,0.0,0.0,0.0,0.0,0.0,0.0,0.0,0.6,0.0021278112754879,1.0,0.6846026707503616,0.0,0.0,0.0,,,,,,0.0,,,,,434.21315390150994,4683.5947265625,,,,,,,,,,
164,1,164.0,0.0,32.0,32.0,0.4239734653383493,0.0,74.0,0.0,0.0,0.0,0.0,0.0,0.0,0.0,0.0,0.0,0.6,0.0021278112754879,1.0,0.6895645309723718,0.0,0.0,0.0,,,,,,0.0,,,,,436.0721380217001,4693.5009765625,,,,,,,,,,
165,1,165.0,0.0,32.0,32.0,0.4625782445073128,0.0,74.0,0.0,0.0,0.0,0.0,0.0,0.0,0.0,0.0,0.0,0.6,0.0021278112754879,1.0,0.6936839304220225,0.0,0.0,0.0,,,,,,0.0,,,,,437.71467392798513,4681.9072265625,,,,,,,,,,
166,1,166.0,0.0,32.0,32.0,0.4876731112599373,0.0,74.0,0.0,0.0,0.0,0.0,0.0,0.0,0.0,0.0,0.0,0.6,0.0021278112754879,1.0,0.694193876926503,0.0,0.0,0.0,,,,,,0.0,,,,,438.4236099431291,4683.2041015625,,,,,,,,,,
167,1,167.0,0.0,32.0,32.0,0.4899845197796821,0.0,74.0,0.0,0.0,0.0,0.0,0.0,0.0,0.0,0.0,0.0,0.6,0.0021278112754879,1.0,0.6895463521395558,0.0,0.0,0.0,,,,,,0.0,,,,,433.5459000431001,4680.7509765625,,,,,,,,,,
168,1,168.0,0.0,32.0,32.0,0.406813632696867,0.0,74.0,0.0,0.0,0.0,0.0,0.0,0.0,0.0,0.0,0.0,0.6,0.0021278112754879,1.0,0.683434605062789,0.0,0.0,0.0,,,,,,0.0,,,,,439.7516789613292,4683.2041015625,,,,,,,,,,
169,1,169.0,0.0,32.0,32.0,0.3454168457537889,0.0,74.0,0.0,0.0,0.0,0.0,0.0,0.0,0.0,0.0,0.0,0.6,0.0021278112754879,1.0,0.6952335182242072,0.0,0.0,0.0,,,,,,0.0,,,,,438.1611429853365,4687.4541015625,,,,,,,,,,
170,1,170.0,0.0,32.0,32.0,0.4434614535421133,0.0,74.0,0.0,0.0,0.0,0.0,0.0,0.0,0.0,0.0,0.0,0.6,0.0021278112754879,1.0,0.6902357069445714,0.0,0.0,0.0,,,,,,0.0,,,,,438.6466909199953,4678.7822265625,,,,,,,,,,
171,1,171.0,0.0,32.0,32.0,0.4173127748072147,0.0,74.0,0.0,0.0,0.0,0.0,0.0,0.0,0.0,0.0,0.0,0.6,0.0021278112754879,1.0,0.6916295614348619,0.0,0.0,0.0,,,,,,0.0,,,,,436.76826904993504,4677.6728515625,,,,,,,,,,
172,1,172.0,0.0,32.0,32.0,0.4715354517102241,0.0,74.0,0.0,0.0,0.0,0.0,0.0,0.0,0.0,0.0,0.0,0.6,0.0021278112754879,1.0,0.6923848605740436,0.0,0.0,0.0,,,,,,0.0,,,,,430.5102829821408,4688.2978515625,,,,,,,,,,
173,1,173.0,0.0,32.0,32.0,0.4536643531173467,0.0,74.0,0.0,0.0,0.0,0.0,0.0,0.0,0.0,0.0,0.0,0.6,0.0021278112754879,1.0,0.6919120458789496,0.0,0.0,0.0,,,,,,0.0,,,,,436.5800820523873,4681.9228515625,,,,,,,,,,
174,1,174.0,0.0,32.0,32.0,0.3244426175951957,10.0,74.0,0.1351351351351351,1.0,9.0,0.1,0.9,0.1512491392351373,0.1464442161686449,0.1517830195758586,0.0,0.6,0.0021278112754879,0.9999999998246129,0.6816116431262713,-3.0615944054544353e-09,1.0,9.0,0.8,9.0,1.0,0.4689955647353811,0.3250829533914487,2.0,0.5069672208253335,-0.0004055667959619,0.500202783397981,0.0033052422536155,442.3349018907175,4688.2978515625,,,,,,,,,,
175,1,175.0,0.0,32.0,32.0,0.4000444747507572,0.0,74.0,0.0,0.0,0.0,0.0,0.0,0.0,0.0,0.0,0.0,0.6,0.0021278112754879,1.0,0.6858944850905142,0.0,0.0,0.0,,,,,,0.0,,,,,434.9066809518263,4693.5009765625,,,,,,,,,,
176,1,176.0,0.0,32.0,32.0,0.4137827679514885,0.0,74.0,0.0,0.0,0.0,0.0,0.0,0.0,0.0,0.0,0.0,0.6,0.0021278112754879,1.0,0.6917478450704959,0.0,0.0,0.0,,,,,,0.0,,,,,428.2435490749776,4692.1806640625,,,,,,,,,,
177,1,177.0,0.0,32.0,32.0,0.54197783395648,0.0,74.0,0.0,0.0,0.0,0.0,0.0,0.0,0.0,0.0,0.0,0.6,0.0021278112754879,1.0,0.6867024838683782,0.0,0.0,0.0,,,,,,0.0,,,,,439.73957700654864,4679.3603515625,,,,,,,,,,
178,1,178.0,0.0,32.0,32.0,0.5889161750674248,0.0,74.0,0.0,0.0,0.0,0.0,0.0,0.0,0.0,0.0,0.0,0.6,0.0021278112754879,1.0,0.6958271756563653,0.0,0.0,0.0,,,,,,0.0,,,,,437.5105639919639,4684.4384765625,,,,,,,,,,
179,1,179.0,0.0,32.0,32.0,0.3657405842095613,0.0,74.0,0.0,0.0,0.0,0.0,0.0,0.0,0.0,0.0,0.0,0.6,0.0021278112754879,1.0,0.6944326041971798,0.0,0.0,0.0,,,,,,0.0,,,,,438.9815620379522,4679.9541015625,,,,,,,,,,
180,1,180.0,0.0,32.0,32.0,0.3841226678341627,0.0,74.0,0.0,0.0,0.0,0.0,0.0,0.0,0.0,0.0,0.0,0.6,0.0021278112754879,1.0,0.6906506201206183,0.0,0.0,0.0,,,,,,0.0,,,,,432.1806019870564,4693.5009765625,,,,,,,,,,
181,1,181.0,0.0,32.0,32.0,0.383453095331788,0.0,74.0,0.0,0.0,0.0,0.0,0.0,0.0,0.0,0.0,0.0,0.6,0.0021278112754879,1.0,0.6962216825090602,0.0,0.0,0.0,,,,,,0.0,,,,,439.3890410428867,4682.3056640625,,,,,,,,,,
182,1,182.0,0.0,32.0,32.0,0.4417848065495491,0.0,74.0,0.0,0.0,0.0,0.0,0.0,0.0,0.0,0.0,0.0,0.6,0.0021278112754879,1.0,0.6874419721629506,0.0,0.0,0.0,,,,,,0.0,,,,,438.8653869973496,4679.6416015625,,,,,,,,,,
183,1,183.0,0.0,32.0,32.0,0.2790047479793429,0.0,74.0,0.0,0.0,0.0,0.0,0.0,0.0,0.0,0.0,0.0,0.6,0.0021278112754879,1.0,0.6896748965888418,0.0,0.0,0.0,,,,,,0.0,,,,,437.9763980396092,4679.6416015625,,,,,,,,,,
184,1,184.0,0.0,32.0,32.0,0.4039838872849941,0.0,74.0,0.0,0.0,0.0,0.0,0.0,0.0,0.0,0.0,0.0,0.6,0.0021278112754879,1.0,0.6914128872275146,0.0,0.0,0.0,,,,,,0.0,,,,,437.4404459958896,4680.0166015625,,,,,,,,,,
185,1,185.0,0.0,32.0,32.0,0.4216105323284864,0.0,74.0,0.0,0.0,0.0,0.0,0.0,0.0,0.0,0.0,0.0,0.6,0.0021278112754879,1.0,0.6922655845493972,0.0,0.0,0.0,,,,,,0.0,,,,,434.6636940026656,4681.9072265625,,,,,,,,,,
186,1,186.0,0.0,32.0,32.0,0.3644581921398639,1.0,74.0,0.0135135135135135,1.0,0.0,1.0,0.0,0.1477631139536102,0.1477631139536102,0.0,0.0,0.6,0.0021278112754879,1.0,0.6884461684281823,-8.00384234302533e-10,1.0,0.0,1.0,,0.5,-1.4426950249075512e-08,-9.999999889225293e-09,1.0,0.5074562868212991,,,,436.9835460092872,4679.9541015625,,,,,,,,,,
187,1,187.0,0.0,32.0,32.0,0.2646278711035847,0.0,74.0,0.0,0.0,0.0,0.0,0.0,0.0,0.0,0.0,0.0,0.6,0.0021278112754879,1.0,0.6925680299245456,0.0,0.0,0.0,,,,,,0.0,,,,,445.3129859175533,4678.7822265625,,,,,,,,,,
188,1,188.0,0.0,32.0,32.0,0.3543523512780666,0.0,74.0,0.0,0.0,0.0,0.0,0.0,0.0,0.0,0.0,0.0,0.6,0.0021278112754879,1.0,0.7019641254164395,0.0,0.0,0.0,,,,,,0.0,,,,,427.97975800931454,4681.9228515625,,,,,,,,,,
189,1,189.0,0.0,32.0,32.0,0.2428813520818948,0.0,74.0,0.0,0.0,0.0,0.0,0.0,0.0,0.0,0.0,0.0,0.6,0.0021278112754879,1.0,0.6921178685474875,0.0,0.0,0.0,,,,,,0.0,,,,,438.4872210212052,4678.7822265625,,,,,,,,,,
190,1,190.0,0.0,32.0,32.0,0.3978069890290499,0.0,74.0,0.0,0.0,0.0,0.0,0.0,0.0,0.0,0.0,0.0,0.6,0.0021278112754879,1.0,0.6850061991709562,0.0,0.0,0.0,,,,,,0.0,,,,,438.46451002173126,4679.9541015625,,,,,,,,,,
191,1,191.0,0.0,32.0,32.0,0.401836659759283,0.0,74.0,0.0,0.0,0.0,0.0,0.0,0.0,0.0,0.0,0.0,0.6,0.0021278112754879,1.0,0.6984245549958469,0.0,0.0,0.0,,,,,,0.0,,,,,437.7589109353721,4681.8291015625,,,,,,,,,,
192,1,192.0,0.0,32.0,32.0,0.3942558467388153,0.0,74.0,0.0,0.0,0.0,0.0,0.0,0.0,0.0,0.0,0.0,0.6,0.0021278112754879,1.0,0.6921509870004122,0.0,0.0,0.0,,,,,,0.0,,,,,437.5034980475903,4679.6416015625,,,,,,,,,,
193,1,193.0,0.0,32.0,32.0,0.3594267703592777,0.0,74.0,0.0,0.0,0.0,0.0,0.0,0.0,0.0,0.0,0.0,0.6,0.0021278112754879,1.0,0.685616070111972,0.0,0.0,0.0,,,,,,0.0,,,,,433.16751008387655,4688.2978515625,,,,,,,,,,
194,1,194.0,0.0,32.0,32.0,0.3991667218506336,0.0,74.0,0.0,0.0,0.0,0.0,0.0,0.0,0.0,0.0,0.0,0.6,0.0021278112754879,1.0,0.6774684275525218,0.0,0.0,0.0,,,,,,0.0,,,,,434.36843203380704,4681.8291015625,,,,,,,,,,
195,1,195.0,0.0,32.0,32.0,0.456801488995552,0.0,74.0,0.0,0.0,0.0,0.0,0.0,0.0,0.0,0.0,0.0,0.6,0.0021278112754879,1.0,0.6900419563518669,0.0,0.0,0.0,,,,,,0.0,,,,,443.1495739845559,4683.2041015625,,,,,,,,,,
196,1,196.0,0.0,32.0,32.0,0.3946399316191673,0.0,74.0,0.0,0.0,0.0,0.0,0.0,0.0,0.0,0.0,0.0,0.6,0.0021278112754879,1.0,0.6951372448857562,0.0,0.0,0.0,,,,,,0.0,,,,,436.553745996207,4680.0166015625,,,,,,,,,,
197,1,197.0,0.0,32.0,32.0,0.217062160372734,0.0,74.0,0.0,0.0,0.0,0.0,0.0,0.0,0.0,0.0,0.0,0.6,0.0021278112754879,1.0,0.6911155888178977,0.0,0.0,0.0,,,,,,0.0,,,,,436.6202090168372,4677.6728515625,,,,,,,,,,
198,1,198.0,0.0,32.0,32.0,0.3622887060046196,2.0,74.0,0.027027027027027,0.0,2.0,0.0,1.0,0.151976906086618,0.0,0.151976906086618,0.0,0.6,0.0021278112754879,0.9999999999614604,0.6825857242717056,-6.139809887983605e-11,0.0,2.0,1.0,,0.5,-1.4426950249075512e-08,-9.999999889225293e-09,1.0,0.5091043862473493,-0.0138891208916902,0.5069445604458451,,436.0215780325234,4681.1572265625,,,,,,,,,,
199,1,199.0,0.0,32.0,32.0,0.3368044551461935,0.0,74.0,0.0,0.0,0.0,0.0,0.0,0.0,0.0,0.0,0.0,0.6,0.0021278112754879,1.0,0.69180864738022,0.0,0.0,0.0,,,,,,0.0,,,,,439.73032606299967,4680.2822265625,,,,,,,,,,
200,1,200.0,0.0,32.0,32.0,0.2972427625209093,3.0,74.0,0.0405405405405405,0.0,3.0,0.0,1.0,0.1517732227466031,0.0,0.1517732227466031,0.0,0.6,0.0021278112754879,1.0000000000205111,0.6809957587160393,-1.763426890621922e-09,0.0,3.0,1.0,,0.5,-1.4426950249075512e-08,-9.999999889225293e-09,1.0,0.5059107424886772,0.0010446476517245,0.4994776761741377,,434.2500870116055,4693.5009765625,,,,,,,,,,
201,1,201.0,0.0,32.0,32.0,0.3095111940056085,22.0,74.0,0.2972972972972973,7.0,15.0,0.3181818181818182,0.6818181818181818,0.1499273910810766,0.145957608429412,0.1517799563185201,0.0,0.6,0.0021278112754879,0.999999999941232,0.676153030550298,1.4322361996932226e-08,7.0,15.0,0.3636363636363636,2.142857142857143,1.0,0.9023932539410784,0.6254913397255732,2.0,0.5092918600241577,0.0004220099508529,0.4997889950245735,-0.0035020681796453,454.2402570368722,4693.6533203125,,,,,,,,,,
202,1,202.0,0.0,32.0,32.0,0.4751161783933639,0.0,74.0,0.0,0.0,0.0,0.0,0.0,0.0,0.0,0.0,0.0,0.6,0.0021278112754879,1.0,0.6991614682743924,0.0,0.0,0.0,,,,,,0.0,,,,,429.2856090469286,4688.4384765625,,,,,,,,,,
203,1,203.0,0.0,32.0,32.0,0.38813241943717,0.0,74.0,0.0,0.0,0.0,0.0,0.0,0.0,0.0,0.0,0.0,0.6,0.0021278112754879,1.0,0.6943838541007759,0.0,0.0,0.0,,,,,,0.0,,,,,438.6379281058908,4679.3603515625,,,,,,,,,,
204,1,204.0,0.0,32.0,32.0,0.2646071705967188,0.0,74.0,0.0,0.0,0.0,0.0,0.0,0.0,0.0,0.0,0.0,0.6,0.0021278112754879,1.0,0.6987689173800204,0.0,0.0,0.0,,,,,,0.0,,,,,438.63884604070336,4672.6572265625,,,,,,,,,,
205,1,205.0,0.0,32.0,32.0,0.2400251687504351,0.0,74.0,0.0,0.0,0.0,0.0,0.0,0.0,0.0,0.0,0.0,0.6,0.0021278112754879,1.0,0.6966448453681219,0.0,0.0,0.0,,,,,,0.0,,,,,438.9435129705817,4688.2978515625,,,,,,,,,,
206,1,206.0,0.0,32.0,32.0,0.4071053694933653,0.0,74.0,0.0,0.0,0.0,0.0,0.0,0.0,0.0,0.0,0.0,0.6,0.0021278112754879,1.0,0.6922217353580403,0.0,0.0,0.0,,,,,,0.0,,,,,442.3265579389408,4684.6572265625,,,,,,,,,,
207,1,207.0,0.0,32.0,32.0,0.2981962924823165,0.0,74.0,0.0,0.0,0.0,0.0,0.0,0.0,0.0,0.0,0.0,0.6,0.0021278112754879,1.0,0.6934409990888007,0.0,0.0,0.0,,,,,,0.0,,,,,436.2615559948608,4681.8291015625,,,,,,,,,,
208,1,208.0,0.0,32.0,32.0,0.3250903375446796,0.0,74.0,0.0,0.0,0.0,0.0,0.0,0.0,0.0,0.0,0.0,0.6,0.0021278112754879,1.0,0.6903782987377379,0.0,0.0,0.0,,,,,,0.0,,,,,435.7396309496835,4677.0634765625,,,,,,,,,,
209,1,209.0,0.0,32.0,32.0,0.4073417354375124,0.0,74.0,0.0,0.0,0.0,0.0,0.0,0.0,0.0,0.0,0.0,0.6,0.0021278112754879,1.0,0.6930201299783434,0.0,0.0,0.0,,,,,,0.0,,,,,438.5047529358417,4672.6572265625,,,,,,,,,,
210,1,210.0,0.0,32.0,32.0,0.3258454091846943,0.0,74.0,0.0,0.0,0.0,0.0,0.0,0.0,0.0,0.0,0.0,0.6,0.0021278112754879,1.0,0.6956010173290965,0.0,0.0,0.0,,,,,,0.0,,,,,438.9763770159334,4683.3447265625,,,,,,,,,,
211,1,211.0,0.0,32.0,32.0,0.3925598599016666,23.0,74.0,0.3108108108108108,5.0,18.0,0.217391304347826,0.782608695652174,0.1499598045307984,0.1444521249362704,0.1514897155292784,0.0,0.6,0.0021278112754879,1.0000000000787288,0.6734809632082182,-1.5870398418861375e-09,5.0,18.0,0.5652173913043478,3.6,1.0,0.7553753837075283,0.52358631748126,2.0,0.5085711205098188,-0.0007529076829086,0.5003764538414543,0.0026410693228911,447.3488000221551,4712.9501953125,,,,,,,,,,
212,1,212.0,0.0,32.0,32.0,0.2174883019179105,3.0,74.0,0.0405405405405405,0.0,3.0,0.0,1.0,0.1506749328678569,0.0,0.1506749328678569,0.0,0.6,0.0021278112754879,1.000000000204834,0.6886410594577592,-6.8877054324651605e-09,0.0,3.0,1.0,,0.5,-1.4426950249075512e-08,-9.999999889225293e-09,1.0,0.5050871013085398,0.0066153770312666,0.4966923114843666,,433.8439450366423,4678.2197265625,,,,,,,,,,
213,1,213.0,0.0,32.0,32.0,0.3940720967948437,0.0,74.0,0.0,0.0,0.0,0.0,0.0,0.0,0.0,0.0,0.0,0.6,0.0021278112754879,1.0,0.697027224738283,0.0,0.0,0.0,,,,,,0.0,,,,,439.5299879834056,4680.0166015625,,,,,,,,,,
214,1,214.0,0.0,32.0,32.0,0.3391378801316023,0.0,74.0,0.0,0.0,0.0,0.0,0.0,0.0,0.0,0.0,0.0,0.6,0.0021278112754879,1.0,0.6818580590895107,0.0,0.0,0.0,,,,,,0.0,,,,,439.8668120848015,4678.7822265625,,,,,,,,,,
215,1,215.0,0.0,32.0,32.0,0.3930922616273165,0.0,74.0,0.0,0.0,0.0,0.0,0.0,0.0,0.0,0.0,0.0,0.6,0.0021278112754879,1.0,0.6886572939708,0.0,0.0,0.0,,,,,,0.0,,,,,436.14641099702567,4680.0166015625,,,,,,,,,,
216,1,216.0,0.0,32.0,32.0,0.3501918073743582,0.0,74.0,0.0,0.0,0.0,0.0,0.0,0.0,0.0,0.0,0.0,0.6,0.0021278112754879,1.0,0.6912048102768692,0.0,0.0,0.0,,,,,,0.0,,,,,430.8412310201674,4677.0634765625,,,,,,,,,,
217,1,217.0,0.0,32.0,32.0,0.3241005484014749,0.0,74.0,0.0,0.0,0.0,0.0,0.0,0.0,0.0,0.0,0.0,0.6,0.0021278112754879,1.0,0.6935758457550893,0.0,0.0,0.0,,,,,,0.0,,,,,517.7870779298246,4681.8291015625,,,,,,,,,,
218,1,218.0,0.0,32.0,32.0,0.3829115107655525,0.0,74.0,0.0,0.0,0.0,0.0,0.0,0.0,0.0,0.0,0.0,0.6,0.0021278112754879,1.0,0.701146286528218,0.0,0.0,0.0,,,,,,0.0,,,,,436.2278509652242,4692.1806640625,,,,,,,,,,
219,1,219.0,0.0,32.0,32.0,0.332500759512186,3.0,74.0,0.0405405405405405,1.0,2.0,0.3333333333333333,0.6666666666666666,0.1498524801168971,0.1474460041508084,0.1510557180999414,0.0,0.6,0.0021278112754879,1.0,0.6899309931008634,3.469033748416912e-09,1.0,2.0,0.3333333333333333,2.0,1.0,0.918295805200589,0.636514148294813,2.0,0.5051838133878604,-0.0020538866519927,0.5010269433259964,-0.0028933380368432,443.3979099849239,4683.2822265625,,,,,,,,,,
220,1,220.0,0.0,32.0,32.0,0.315049909055233,0.0,74.0,0.0,0.0,0.0,0.0,0.0,0.0,0.0,0.0,0.0,0.6,0.0021278112754879,1.0,0.6914764270224352,0.0,0.0,0.0,,,,,,0.0,,,,,434.6325129736215,4680.6884765625,,,,,,,,,,
221,1,221.0,0.0,32.0,32.0,0.2468171226792037,0.0,74.0,0.0,0.0,0.0,0.0,0.0,0.0,0.0,0.0,0.0,0.6,0.0021278112754879,1.0,0.6875293695074326,0.0,0.0,0.0,,,,,,0.0,,,,,435.9693549340591,4692.1806640625,,,,,,,,,,
222,1,222.0,0.0,32.0,32.0,0.3457937445491552,0.0,74.0,0.0,0.0,0.0,0.0,0.0,0.0,0.0,0.0,0.0,0.6,0.0021278112754879,1.0,0.6896999661321089,0.0,0.0,0.0,,,,,,0.0,,,,,435.65479305107147,4678.7509765625,,,,,,,,,,
223,1,223.0,0.0,32.0,32.0,0.2443089298903942,0.0,74.0,0.0,0.0,0.0,0.0,0.0,0.0,0.0,0.0,0.0,0.6,0.0021278112754879,1.0,0.6923825529414885,0.0,0.0,0.0,,,,,,0.0,,,,,442.056490923278,4681.1572265625,,,,,,,,,,
224,1,224.0,0.0,32.0,32.0,0.464863371104002,0.0,74.0,0.0,0.0,0.0,0.0,0.0,0.0,0.0,0.0,0.0,0.6,0.0021278112754879,1.0,0.6883216419890819,0.0,0.0,0.0,,,,,,0.0,,,,,432.4215960223228,4681.8291015625,,,,,,,,,,
225,1,225.0,0.0,32.0,32.0,0.5307526178658009,0.0,74.0,0.0,0.0,0.0,0.0,0.0,0.0,0.0,0.0,0.0,0.6,0.0021278112754879,1.0,0.691839682764739,0.0,0.0,0.0,,,,,,0.0,,,,,435.7697030063719,4692.1806640625,,,,,,,,,,
226,1,226.0,0.0,32.0,32.0,0.3593601593747735,0.0,74.0,0.0,0.0,0.0,0.0,0.0,0.0,0.0,0.0,0.0,0.6,0.0021278112754879,1.0,0.6926066309213045,0.0,0.0,0.0,,,,,,0.0,,,,,438.4348199237138,4681.9072265625,,,,,,,,,,
227,1,227.0,0.0,32.0,32.0,0.4509571492671966,0.0,74.0,0.0,0.0,0.0,0.0,0.0,0.0,0.0,0.0,0.0,0.6,0.0021278112754879,1.0,0.6954342673045106,0.0,0.0,0.0,,,,,,0.0,,,,,438.68397490587085,4684.4384765625,,,,,,,,,,
228,1,228.0,0.0,32.0,32.0,0.3597859465517103,0.0,74.0,0.0,0.0,0.0,0.0,0.0,0.0,0.0,0.0,0.0,0.6,0.0021278112754879,1.0,0.694592082677645,0.0,0.0,0.0,,,,,,0.0,,,,,439.73289197310805,4681.1572265625,,,,,,,,,,
229,1,229.0,0.0,32.0,32.0,0.2314126128330826,1.0,74.0,0.0135135135135135,1.0,0.0,1.0,0.0,0.1480085761805885,0.1480085761805885,0.0,0.0,0.6,0.0021278112754879,0.9999999999986277,0.688582831699862,-5.747144319192122e-10,1.0,0.0,1.0,,0.5,-1.4426950249075512e-08,-9.999999889225293e-09,1.0,0.5066380793980381,,,,434.8537350306288,4686.2509765625,,,,,,,,,,
230,1,230.0,0.0,32.0,32.0,0.3513071988709271,0.0,74.0,0.0,0.0,0.0,0.0,0.0,0.0,0.0,0.0,0.0,0.6,0.0021278112754879,1.0,0.6951549941200674,0.0,0.0,0.0,,,,,,0.0,,,,,435.2883449755609,4676.4384765625,,,,,,,,,,
231,1,231.0,0.0,32.0,32.0,0.159441886935383,1.0,74.0,0.0135135135135135,1.0,0.0,1.0,0.0,0.1458020969820417,0.1458020969820417,0.0,0.0,0.6,0.0021278112754879,1.0,0.6913835043326352,6.249026065751871e-10,1.0,0.0,1.0,,0.5,-1.4426950249075512e-08,-9.999999889225293e-09,1.0,0.5139930100598608,,,,440.7761020120233,4679.6416015625,,,,,,,,,,
232,1,232.0,0.0,32.0,32.0,0.3093781918287277,0.0,74.0,0.0,0.0,0.0,0.0,0.0,0.0,0.0,0.0,0.0,0.6,0.0021278112754879,1.0,0.6889381167364194,0.0,0.0,0.0,,,,,,0.0,,,,,435.6598120648414,4677.0634765625,,,,,,,,,,
233,1,233.0,0.0,32.0,32.0,0.321380628272891,0.0,74.0,0.0,0.0,0.0,0.0,0.0,0.0,0.0,0.0,0.0,0.6,0.0021278112754879,1.0,0.6952319363365385,0.0,0.0,0.0,,,,,,0.0,,,,,435.8646139735356,4682.3056640625,,,,,,,,,,
234,1,234.0,0.0,32.0,32.0,0.3609997518360615,0.0,74.0,0.0,0.0,0.0,0.0,0.0,0.0,0.0,0.0,0.0,0.6,0.0021278112754879,1.0,0.695879426468153,0.0,0.0,0.0,,,,,,0.0,,,,,432.04884696751833,4677.6728515625,,,,,,,,,,
235,1,235.0,0.0,32.0,32.0,0.2469541449099779,0.0,74.0,0.0,0.0,0.0,0.0,0.0,0.0,0.0,0.0,0.0,0.6,0.0021278112754879,1.0,0.6945205291090301,0.0,0.0,0.0,,,,,,0.0,,,,,442.198627977632,4683.2041015625,,,,,,,,,,
236,1,236.0,0.0,32.0,32.0,0.3103208504617214,0.0,74.0,0.0,0.0,0.0,0.0,0.0,0.0,0.0,0.0,0.0,0.6,0.0021278112754879,1.0,0.6944656181536981,0.0,0.0,0.0,,,,,,0.0,,,,,434.0313420398161,4679.9541015625,,,,,,,,,,
237,1,237.0,0.0,32.0,32.0,0.4261122178286314,0.0,74.0,0.0,0.0,0.0,0.0,0.0,0.0,0.0,0.0,0.0,0.6,0.0021278112754879,1.0,0.6925510664704728,0.0,0.0,0.0,,,,,,0.0,,,,,433.8487780187279,4678.2197265625,,,,,,,,,,
238,1,238.0,0.0,32.0,32.0,0.2340999105945229,0.0,74.0,0.0,0.0,0.0,0.0,0.0,0.0,0.0,0.0,0.0,0.6,0.0021278112754879,1.0,0.6885175027668718,0.0,0.0,0.0,,,,,,0.0,,,,,432.1310149971396,4693.5009765625,,,,,,,,,,
239,1,239.0,0.0,32.0,32.0,0.2791608888655901,0.0,74.0,0.0,0.0,0.0,0.0,0.0,0.0,0.0,0.0,0.0,0.6,0.0021278112754879,1.0,0.690883035968168,0.0,0.0,0.0,,,,,,0.0,,,,,437.2750010807067,4678.2197265625,,,,,,,,,,
240,1,240.0,0.0,32.0,32.0,0.2627609041519463,0.0,74.0,0.0,0.0,0.0,0.0,0.0,0.0,0.0,0.0,0.0,0.6,0.0021278112754879,1.0,0.696407241225878,0.0,0.0,0.0,,,,,,0.0,,,,,435.7886620564386,4679.9541015625,,,,,,,,,,
241,1,241.0,0.0,32.0,32.0,0.2949034692719579,0.0,74.0,0.0,0.0,0.0,0.0,0.0,0.0,0.0,0.0,0.0,0.6,0.0021278112754879,1.0,0.7046477493383035,0.0,0.0,0.0,,,,,,0.0,,,,,439.7792039671913,4679.3603515625,,,,,,,,,,
242,1,242.0,0.0,32.0,32.0,0.2531281672418117,0.0,74.0,0.0,0.0,0.0,0.0,0.0,0.0,0.0,0.0,0.0,0.6,0.0021278112754879,1.0,0.6959762803702272,0.0,0.0,0.0,,,,,,0.0,,,,,429.26781706046313,4688.4384765625,,,,,,,,,,
243,1,243.0,0.0,32.0,32.0,0.26765420101583,0.0,74.0,0.0,0.0,0.0,0.0,0.0,0.0,0.0,0.0,0.0,0.6,0.0021278112754879,1.0,0.6899405788813667,0.0,0.0,0.0,,,,,,0.0,,,,,437.9539981018752,4695.5166015625,,,,,,,,,,
244,1,244.0,0.0,32.0,32.0,0.1045002429746091,12.0,74.0,0.1621621621621621,5.0,7.0,0.4166666666666667,0.5833333333333334,0.1491444765575994,0.1470956013391286,0.1506079588565072,0.0,0.6,0.0021278112754879,1.0000000000279503,0.6858505968951935,2.626522817182507e-09,5.0,7.0,0.1666666666666666,1.4,1.0,0.9798687277972522,0.6791932459915259,2.0,0.5067346273282728,-0.0002805647782224,0.5001402823891112,-0.0006617999553231,444.9514270527288,4680.6884765625,,,,,,,,,,
245,1,245.0,0.0,32.0,32.0,0.3923961436375975,0.0,74.0,0.0,0.0,0.0,0.0,0.0,0.0,0.0,0.0,0.0,0.6,0.0021278112754879,1.0,0.6911888327057961,0.0,0.0,0.0,,,,,,0.0,,,,,437.80590896494687,4681.9072265625,,,,,,,,,,
246,1,246.0,0.0,32.0,32.0,0.3366478076204657,0.0,74.0,0.0,0.0,0.0,0.0,0.0,0.0,0.0,0.0,0.0,0.6,0.0021278112754879,1.0,0.6914173921827576,0.0,0.0,0.0,,,,,,0.0,,,,,433.5372999776155,4681.8291015625,,,,,,,,,,
247,1,247.0,0.0,32.0,32.0,0.2428143303841352,0.0,74.0,0.0,0.0,0.0,0.0,0.0,0.0,0.0,0.0,0.0,0.6,0.0021278112754879,1.0,0.6927393640900301,0.0,0.0,0.0,,,,,,0.0,,,,,433.1847069552168,4679.3603515625,,,,,,,,,,
248,1,248.0,0.0,32.0,32.0,0.3294872473925352,0.0,74.0,0.0,0.0,0.0,0.0,0.0,0.0,0.0,0.0,0.0,0.6,0.0021278112754879,1.0,0.6929921183107414,0.0,0.0,0.0,,,,,,0.0,,,,,437.37178202718496,4679.5009765625,,,,,,,,,,
249,1,249.0,0.0,32.0,32.0,0.3731091432273388,0.0,74.0,0.0,0.0,0.0,0.0,0.0,0.0,0.0,0.0,0.0,0.6,0.0021278112754879,1.0,0.696039158916968,0.0,0.0,0.0,,,,,,0.0,,,,,439.96134400367737,4686.2509765625,,,,,,,,,,
250,1,250.0,0.0,32.0,32.0,0.1750065302476287,0.0,74.0,0.0,0.0,0.0,0.0,0.0,0.0,0.0,0.0,0.0,0.6,0.0021278112754879,1.0,0.7000843775427976,0.0,0.0,0.0,,,,,,0.0,,,,,435.8960400568321,4684.6572265625,,,,,,,,,,
251,1,251.0,0.0,32.0,32.0,0.2355177551507949,0.0,74.0,0.0,0.0,0.0,0.0,0.0,0.0,0.0,0.0,0.0,0.6,0.0021278112754879,1.0,0.7008705197758158,0.0,0.0,0.0,,,,,,0.0,,,,,432.65179195441306,4678.2197265625,,,,,,,,,,
252,1,252.0,0.0,32.0,32.0,0.3760911233257502,0.0,74.0,0.0,0.0,0.0,0.0,0.0,0.0,0.0,0.0,0.0,0.6,0.0021278112754879,1.0,0.687279561459043,0.0,0.0,0.0,,,,,,0.0,,,,,436.78206496406347,4679.6416015625,,,,,,,,,,
253,1,253.0,0.0,32.0,32.0,0.2561712376773357,0.0,74.0,0.0,0.0,0.0,0.0,0.0,0.0,0.0,0.0,0.0,0.6,0.0021278112754879,1.0,0.6899407285401561,0.0,0.0,0.0,,,,,,0.0,,,,,439.4979289500043,4679.9541015625,,,,,,,,,,
254,1,254.0,0.0,32.0,32.0,0.1343870786949992,0.0,74.0,0.0,0.0,0.0,0.0,0.0,0.0,0.0,0.0,0.0,0.6,0.0021278112754879,1.0,0.6964974691522782,0.0,0.0,0.0,,,,,,0.0,,,,,436.3795570097864,4682.3056640625,,,,,,,,,,
255,1,255.0,0.0,32.0,32.0,0.2974102115258574,0.0,74.0,0.0,0.0,0.0,0.0,0.0,0.0,0.0,0.0,0.0,0.6,0.0021278112754879,1.0,0.7011407566782002,0.0,0.0,0.0,,,,,,0.0,,,,,434.4131540274248,4680.0166015625,,,,,,,,,,
256,1,256.0,0.0,32.0,32.0,0.3764269324019551,0.0,74.0,0.0,0.0,0.0,0.0,0.0,0.0,0.0,0.0,0.0,0.6,0.0021278112754879,1.0,0.6992586472110512,0.0,0.0,0.0,,,,,,0.0,,,,,435.70877599995583,4678.2197265625,,,,,,,,,,
257,1,257.0,0.0,32.0,32.0,0.30543730314821,0.0,74.0,0.0,0.0,0.0,0.0,0.0,0.0,0.0,0.0,0.0,0.6,0.0021278112754879,1.0,0.6886784527255534,0.0,0.0,0.0,,,,,,0.0,,,,,440.0516579626128,4681.9072265625,,,,,,,,,,
258,1,258.0,0.0,32.0,32.0,0.2464668378233909,0.0,74.0,0.0,0.0,0.0,0.0,0.0,0.0,0.0,0.0,0.0,0.6,0.0021278112754879,1.0,0.6908323776600988,0.0,0.0,0.0,,,,,,0.0,,,,,435.01813407056034,4677.0634765625,,,,,,,,,,
259,1,259.0,0.0,32.0,32.0,0.504030073992908,0.0,74.0,0.0,0.0,0.0,0.0,0.0,0.0,0.0,0.0,0.0,0.6,0.0021278112754879,1.0,0.6966195953384327,0.0,0.0,0.0,,,,,,0.0,,,,,438.43608803581446,4681.8291015625,,,,,,,,,,
260,1,260.0,0.0,32.0,32.0,0.104793157428503,0.0,74.0,0.0,0.0,0.0,0.0,0.0,0.0,0.0,0.0,0.0,0.6,0.0021278112754879,1.0,0.6886616995100198,0.0,0.0,0.0,,,,,,0.0,,,,,430.04032992757857,4678.7822265625,,,,,,,,,,
261,1,261.0,0.0,32.0,32.0,0.2369069596752524,0.0,74.0,0.0,0.0,0.0,0.0,0.0,0.0,0.0,0.0,0.0,0.6,0.0021278112754879,1.0,0.7042252970203059,0.0,0.0,0.0,,,,,,0.0,,,,,440.35246095154434,4686.2509765625,,,,,,,,,,
262,1,262.0,0.0,32.0,32.0,0.3139226911589503,0.0,74.0,0.0,0.0,0.0,0.0,0.0,0.0,0.0,0.0,0.0,0.6,0.0021278112754879,1.0,0.7005258570019554,0.0,0.0,0.0,,,,,,0.0,,,,,438.4447570191696,4684.4384765625,,,,,,,,,,
263,1,263.0,0.0,32.0,32.0,0.2427748441696167,0.0,74.0,0.0,0.0,0.0,0.0,0.0,0.0,0.0,0.0,0.0,0.6,0.0021278112754879,1.0,0.6923513607006501,0.0,0.0,0.0,,,,,,0.0,,,,,437.38441599998623,4684.6572265625,,,,,,,,,,
264,1,264.0,0.0,32.0,32.0,0.3407541001215577,0.0,74.0,0.0,0.0,0.0,0.0,0.0,0.0,0.0,0.0,0.0,0.6,0.0021278112754879,1.0,0.6948086881493379,0.0,0.0,0.0,,,,,,0.0,,,,,432.7032879227773,4693.5009765625,,,,,,,,,,
265,1,265.0,0.0,32.0,32.0,0.1705700373277068,0.0,74.0,0.0,0.0,0.0,0.0,0.0,0.0,0.0,0.0,0.0,0.6,0.0021278112754879,1.0,0.6969653684813597,0.0,0.0,0.0,,,,,,0.0,,,,,439.9404720170424,4679.9541015625,,,,,,,,,,
266,1,266.0,0.0,32.0,32.0,0.289595125708729,0.0,74.0,0.0,0.0,0.0,0.0,0.0,0.0,0.0,0.0,0.0,0.6,0.0021278112754879,1.0,0.7034561132518132,0.0,0.0,0.0,,,,,,0.0,,,,,435.7984689995647,4681.9072265625,,,,,,,,,,
267,1,267.0,0.0,32.0,32.0,0.3167142681777477,0.0,74.0,0.0,0.0,0.0,0.0,0.0,0.0,0.0,0.0,0.0,0.6,0.0021278112754879,1.0,0.6814069803459004,0.0,0.0,0.0,,,,,,0.0,,,,,438.510826905258,4679.6416015625,,,,,,,,,,
268,1,268.0,0.0,32.0,32.0,0.3073532544076442,0.0,74.0,0.0,0.0,0.0,0.0,0.0,0.0,0.0,0.0,0.0,0.6,0.0021278112754879,1.0,0.6899517990369184,0.0,0.0,0.0,,,,,,0.0,,,,,430.4653110448271,4681.9228515625,,,,,,,,,,
269,1,269.0,0.0,32.0,32.0,0.3048586104996502,0.0,74.0,0.0,0.0,0.0,0.0,0.0,0.0,0.0,0.0,0.0,0.6,0.0021278112754879,1.0,0.6960137281609672,0.0,0.0,0.0,,,,,,0.0,,,,,441.0001579672098,4680.7509765625,,,,,,,,,,
270,1,270.0,0.0,32.0,32.0,0.3248388329520821,0.0,74.0,0.0,0.0,0.0,0.0,0.0,0.0,0.0,0.0,0.0,0.6,0.0021278112754879,1.0,0.6952455426857105,0.0,0.0,0.0,,,,,,0.0,,,,,433.0169550376013,4687.4541015625,,,,,,,,,,
271,1,271.0,0.0,32.0,32.0,0.0787159679457545,0.0,74.0,0.0,0.0,0.0,0.0,0.0,0.0,0.0,0.0,0.0,0.6,0.0021278112754879,1.0,0.6894904248664839,0.0,0.0,0.0,,,,,,0.0,,,,,437.4396549537778,4681.8291015625,,,,,,,,,,
272,1,272.0,0.0,32.0,32.0,0.0986866098828613,0.0,74.0,0.0,0.0,0.0,0.0,0.0,0.0,0.0,0.0,0.0,0.6,0.0021278112754879,1.0,0.6977739828933122,0.0,0.0,0.0,,,,,,0.0,,,,,427.8700139839202,4684.4384765625,,,,,,,,,,
273,1,273.0,0.0,32.0,32.0,0.3319269395433366,0.0,74.0,0.0,0.0,0.0,0.0,0.0,0.0,0.0,0.0,0.0,0.6,0.0021278112754879,1.0,0.691335220728135,0.0,0.0,0.0,,,,,,0.0,,,,,432.1505660191178,4681.9072265625,,,,,,,,,,
274,1,274.0,0.0,32.0,32.0,0.3158972724340856,0.0,74.0,0.0,0.0,0.0,0.0,0.0,0.0,0.0,0.0,0.0,0.6,0.0021278112754879,1.0,0.6940773466058223,0.0,0.0,0.0,,,,,,0.0,,,,,437.10998399183154,4680.0166015625,,,,,,,,,,
275,1,275.0,0.0,32.0,32.0,0.3884044699370861,0.0,74.0,0.0,0.0,0.0,0.0,0.0,0.0,0.0,0.0,0.0,0.6,0.0021278112754879,1.0,0.6907548395588227,0.0,0.0,0.0,,,,,,0.0,,,,,438.0241989856586,4679.9541015625,,,,,,,,,,
276,1,276.0,0.0,32.0,32.0,0.0781651413999497,0.0,74.0,0.0,0.0,0.0,0.0,0.0,0.0,0.0,0.0,0.0,0.6,0.0021278112754879,1.0,0.6895752605365585,0.0,0.0,0.0,,,,,,0.0,,,,,434.9735580617562,4686.2197265625,,,,,,,,,,
277,1,277.0,0.0,32.0,32.0,0.2276292205788195,0.0,74.0,0.0,0.0,0.0,0.0,0.0,0.0,0.0,0.0,0.0,0.6,0.0021278112754879,1.0,0.6948012824251899,0.0,0.0,0.0,,,,,,0.0,,,,,433.61648393329233,4677.0634765625,,,,,,,,,,
278,1,278.0,0.0,32.0,32.0,0.1730072433128953,0.0,74.0,0.0,0.0,0.0,0.0,0.0,0.0,0.0,0.0,0.0,0.6,0.0021278112754879,1.0,0.6888224963072506,0.0,0.0,0.0,,,,,,0.0,,,,,437.65874102246016,4693.5009765625,,,,,,,,,,
279,1,279.0,0.0,32.0,32.0,0.5244851391762495,0.0,74.0,0.0,0.0,0.0,0.0,0.0,0.0,0.0,0.0,0.0,0.6,0.0021278112754879,1.0,0.6981842893117921,0.0,0.0,0.0,,,,,,0.0,,,,,438.3162159938365,4686.2509765625,,,,,,,,,,
280,1,280.0,0.0,32.0,32.0,0.203688143286854,0.0,74.0,0.0,0.0,0.0,0.0,0.0,0.0,0.0,0.0,0.0,0.6,0.0021278112754879,1.0,0.6912111122885863,0.0,0.0,0.0,,,,,,0.0,,,,,438.6489369207993,4681.1572265625,,,,,,,,,,
281,1,281.0,0.0,32.0,32.0,0.3044262379407882,0.0,74.0,0.0,0.0,0.0,0.0,0.0,0.0,0.0,0.0,0.0,0.6,0.0021278112754879,1.0,0.6995033765313797,0.0,0.0,0.0,,,,,,0.0,,,,,434.2044750228524,4681.9072265625,,,,,,,,,,
282,1,282.0,0.0,32.0,32.0,0.3572721863165498,0.0,74.0,0.0,0.0,0.0,0.0,0.0,0.0,0.0,0.0,0.0,0.6,0.0021278112754879,1.0,0.6929523631019202,0.0,0.0,0.0,,,,,,0.0,,,,,436.4578709937632,4679.9541015625,,,,,,,,,,
283,1,283.0,0.0,32.0,32.0,0.1659508198499679,0.0,74.0,0.0,0.0,0.0,0.0,0.0,0.0,0.0,0.0,0.0,0.6,0.0021278112754879,1.0,0.6907438535854927,0.0,0.0,0.0,,,,,,0.0,,,,,438.76766494940966,4677.0634765625,,,,,,,,,,
284,1,284.0,0.0,32.0,32.0,0.4170327014289796,0.0,74.0,0.0,0.0,0.0,0.0,0.0,0.0,0.0,0.0,0.0,0.6,0.0021278112754879,1.0,0.6967750502149305,0.0,0.0,0.0,,,,,,0.0,,,,,434.32833591941744,4681.9072265625,,,,,,,,,,
285,1,285.0,0.0,32.0,32.0,0.0898851007223129,0.0,74.0,0.0,0.0,0.0,0.0,0.0,0.0,0.0,0.0,0.0,0.6,0.0021278112754879,1.0,0.6838221597330484,0.0,0.0,0.0,,,,,,0.0,,,,,446.2981179822236,4683.2041015625,,,,,,,,,,
286,1,286.0,0.0,32.0,32.0,0.1802322589792311,0.0,74.0,0.0,0.0,0.0,0.0,0.0,0.0,0.0,0.0,0.0,0.6,0.0021278112754879,1.0,0.6897130198084077,0.0,0.0,0.0,,,,,,0.0,,,,,432.6303189154714,4680.0166015625,,,,,,,,,,
287,1,287.0,0.0,32.0,32.0,0.1271488890051841,0.0,74.0,0.0,0.0,0.0,0.0,0.0,0.0,0.0,0.0,0.0,0.6,0.0021278112754879,1.0,0.6913688349255127,0.0,0.0,0.0,,,,,,0.0,,,,,441.8046340579167,4679.6416015625,,,,,,,,,,
288,1,288.0,0.0,32.0,32.0,0.3818329451605677,0.0,74.0,0.0,0.0,0.0,0.0,0.0,0.0,0.0,0.0,0.0,0.6,0.0021278112754879,1.0,0.6864070272986226,0.0,0.0,0.0,,,,,,0.0,,,,,437.4885179568082,4688.4384765625,,,,,,,,,,
289,1,289.0,0.0,32.0,32.0,0.1625799792818725,0.0,74.0,0.0,0.0,0.0,0.0,0.0,0.0,0.0,0.0,0.0,0.6,0.0021278112754879,1.0,0.6850015241106238,0.0,0.0,0.0,,,,,,0.0,,,,,442.41862592753023,4683.2041015625,,,,,,,,,,
290,1,290.0,0.0,32.0,32.0,0.2642985181882977,0.0,74.0,0.0,0.0,0.0,0.0,0.0,0.0,0.0,0.0,0.0,0.6,0.0021278112754879,1.0,0.6923173667797293,0.0,0.0,0.0,,,,,,0.0,,,,,436.34407699573785,4680.7509765625,,,,,,,,,,
291,1,291.0,0.0,32.0,32.0,0.2878098231740296,0.0,74.0,0.0,0.0,0.0,0.0,0.0,0.0,0.0,0.0,0.0,0.6,0.0021278112754879,1.0,0.6935131073597801,0.0,0.0,0.0,,,,,,0.0,,,,,438.7160299811512,4680.6884765625,,,,,,,,,,
292,1,292.0,0.0,32.0,32.0,0.2397718890570104,0.0,74.0,0.0,0.0,0.0,0.0,0.0,0.0,0.0,0.0,0.0,0.6,0.0021278112754879,1.0,0.6926139080414547,0.0,0.0,0.0,,,,,,0.0,,,,,437.98898509703577,4680.6884765625,,,,,,,,,,
293,1,293.0,0.0,32.0,32.0,0.1039860602468252,0.0,74.0,0.0,0.0,0.0,0.0,0.0,0.0,0.0,0.0,0.0,0.6,0.0021278112754879,1.0,0.6998543173786568,0.0,0.0,0.0,,,,,,0.0,,,,,437.7721070777625,4677.0634765625,,,,,,,,,,
294,1,294.0,0.0,32.0,32.0,0.1996097788214683,0.0,74.0,0.0,0.0,0.0,0.0,0.0,0.0,0.0,0.0,0.0,0.6,0.0021278112754879,1.0,0.7041521319463939,0.0,0.0,0.0,,,,,,0.0,,,,,432.9798079561442,4687.4541015625,,,,,,,,,,
295,1,295.0,0.0,32.0,32.0,0.6074009276926517,0.0,74.0,0.0,0.0,0.0,0.0,0.0,0.0,0.0,0.0,0.0,0.6,0.0021278112754879,1.0,0.6920753922744904,0.0,0.0,0.0,,,,,,0.0,,,,,431.8551119649783,4687.4541015625,,,,,,,,,,
296,1,296.0,0.0,32.0,32.0,0.284577333368361,0.0,74.0,0.0,0.0,0.0,0.0,0.0,0.0,0.0,0.0,0.0,0.6,0.0021278112754879,1.0,0.6908332295719257,0.0,0.0,0.0,,,,,,0.0,,,,,434.9891230231151,4680.0166015625,,,,,,,,,,
297,1,297.0,0.0,32.0,32.0,0.1755783087573945,0.0,74.0,0.0,0.0,0.0,0.0,0.0,0.0,0.0,0.0,0.0,0.6,0.0021278112754879,1.0,0.6937660147515121,0.0,0.0,0.0,,,,,,0.0,,,,,436.75353995058686,4678.2197265625,,,,,,,,,,
298,1,298.0,0.0,32.0,32.0,0.1955822627060115,0.0,74.0,0.0,0.0,0.0,0.0,0.0,0.0,0.0,0.0,0.0,0.6,0.0021278112754879,1.0,0.6995685464095591,0.0,0.0,0.0,,,,,,0.0,,,,,437.1706990059465,4686.2197265625,,,,,,,,,,
299,1,299.0,0.0,32.0,32.0,0.0961090046912431,0.0,74.0,0.0,0.0,0.0,0.0,0.0,0.0,0.0,0.0,0.0,0.6,0.0021278112754879,1.0,0.6924153048134171,0.0,0.0,0.0,,,,,,0.0,,,,,512.8395860083401,4677.0634765625,,,,,,,,,,
300,1,300.0,0.0,32.0,32.0,0.2343120966106653,0.0,74.0,0.0,0.0,0.0,0.0,0.0,0.0,0.0,0.0,0.0,0.6,0.0021278112754879,1.0,0.6944155767008463,0.0,0.0,0.0,,,,,,0.0,,,,,435.0328980945051,4678.2197265625,,,,,,,,,,
301,1,301.0,0.0,32.0,32.0,0.1075771041214466,0.0,74.0,0.0,0.0,0.0,0.0,0.0,0.0,0.0,0.0,0.0,0.6,0.0021278112754879,1.0,0.7000986576647373,0.0,0.0,0.0,,,,,,0.0,,,,,444.1576519748196,4681.8291015625,,,,,,,,,,
302,1,302.0,0.0,32.0,32.0,0.3399978033266961,0.0,74.0,0.0,0.0,0.0,0.0,0.0,0.0,0.0,0.0,0.0,0.6,0.0021278112754879,1.0,0.6998228751305017,0.0,0.0,0.0,,,,,,0.0,,,,,439.0804549911991,4681.8291015625,,,,,,,,,,
303,1,303.0,0.0,32.0,32.0,0.1399493170902133,0.0,74.0,0.0,0.0,0.0,0.0,0.0,0.0,0.0,0.0,0.0,0.6,0.0021278112754879,1.0,0.6974498227701456,0.0,0.0,0.0,,,,,,0.0,,,,,442.76251399423927,4678.7822265625,,,,,,,,,,
304,1,304.0,0.0,32.0,32.0,0.2734814640134573,0.0,74.0,0.0,0.0,0.0,0.0,0.0,0.0,0.0,0.0,0.0,0.6,0.0021278112754879,1.0,0.6926078045535761,0.0,0.0,0.0,,,,,,0.0,,,,,432.1916759945452,4682.3056640625,,,,,,,,,,
305,1,305.0,0.0,32.0,32.0,0.3823811686597764,0.0,74.0,0.0,0.0,0.0,0.0,0.0,0.0,0.0,0.0,0.0,0.6,0.0021278112754879,1.0,0.6871578321477454,0.0,0.0,0.0,,,,,,0.0,,,,,442.26709695067257,4681.9072265625,,,,,,,,,,
306,1,306.0,0.0,32.0,32.0,0.2016527410596609,0.0,74.0,0.0,0.0,0.0,0.0,0.0,0.0,0.0,0.0,0.0,0.6,0.0021278112754879,1.0,0.7007560222923606,0.0,0.0,0.0,,,,,,0.0,,,,,436.96395703591406,4680.0166015625,,,,,,,,,,
307,1,307.0,0.0,32.0,32.0,0.2403976055793464,0.0,74.0,0.0,0.0,0.0,0.0,0.0,0.0,0.0,0.0,0.0,0.6,0.0021278112754879,1.0,0.6946913128431694,0.0,0.0,0.0,,,,,,0.0,,,,,440.2937499107793,4680.6884765625,,,,,,,,,,
308,1,308.0,0.0,32.0,32.0,0.1519159679301083,0.0,74.0,0.0,0.0,0.0,0.0,0.0,0.0,0.0,0.0,0.0,0.6,0.0021278112754879,1.0,0.7004010435076394,0.0,0.0,0.0,,,,,,0.0,,,,,432.64319899026304,4693.5009765625,,,,,,,,,,
309,1,309.0,0.0,32.0,32.0,0.0918170674704015,0.0,74.0,0.0,0.0,0.0,0.0,0.0,0.0,0.0,0.0,0.0,0.6,0.0021278112754879,1.0,0.6868425003686282,0.0,0.0,0.0,,,,,,0.0,,,,,436.1813529394567,4693.5009765625,,,,,,,,,,
310,1,310.0,0.0,32.0,32.0,0.0971206401009112,0.0,74.0,0.0,0.0,0.0,0.0,0.0,0.0,0.0,0.0,0.0,0.6,0.0021278112754879,1.0,0.6880727703416109,0.0,0.0,0.0,,,,,,0.0,,,,,438.8370160013437,4682.3056640625,,,,,,,,,,
311,1,311.0,0.0,32.0,32.0,0.4618926718831062,0.0,74.0,0.0,0.0,0.0,0.0,0.0,0.0,0.0,0.0,0.0,0.6,0.0021278112754879,1.0,0.6908619529083783,0.0,0.0,0.0,,,,,,0.0,,,,,439.1303809825331,4680.0166015625,,,,,,,,,,
312,1,312.0,0.0,32.0,32.0,0.4266264038160443,0.0,74.0,0.0,0.0,0.0,0.0,0.0,0.0,0.0,0.0,0.0,0.6,0.0021278112754879,1.0,0.6944834117097611,0.0,0.0,0.0,,,,,,0.0,,,,,433.3984960103408,4688.2978515625,,,,,,,,,,
313,1,313.0,0.0,32.0,32.0,0.4719054456800222,0.0,74.0,0.0,0.0,0.0,0.0,0.0,0.0,0.0,0.0,0.0,0.6,0.0021278112754879,1.0,0.6908170388522434,0.0,0.0,0.0,,,,,,0.0,,,,,434.5153149915859,4693.5009765625,,,,,,,,,,
314,1,314.0,0.0,32.0,32.0,0.0614613951183855,0.0,74.0,0.0,0.0,0.0,0.0,0.0,0.0,0.0,0.0,0.0,0.6,0.0021278112754879,1.0,0.6967048824661477,0.0,0.0,0.0,,,,,,0.0,,,,,440.4363380745053,4680.7509765625,,,,,,,,,,
315,1,315.0,0.0,32.0,32.0,0.1236159517429769,0.0,74.0,0.0,0.0,0.0,0.0,0.0,0.0,0.0,0.0,0.0,0.6,0.0021278112754879,1.0,0.6952819234328861,0.0,0.0,0.0,,,,,,0.0,,,,,440.4715650016442,4679.6416015625,,,,,,,,,,
316,1,316.0,0.0,32.0,32.0,0.3822898413054645,0.0,74.0,0.0,0.0,0.0,0.0,0.0,0.0,0.0,0.0,0.0,0.6,0.0021278112754879,1.0,0.6898314810077336,0.0,0.0,0.0,,,,,,0.0,,,,,435.75181101914495,4680.0166015625,,,,,,,,,,
317,1,317.0,0.0,32.0,32.0,0.3853641115128994,0.0,74.0,0.0,0.0,0.0,0.0,0.0,0.0,0.0,0.0,0.0,0.6,0.0021278112754879,1.0,0.6905170780088298,0.0,0.0,0.0,,,,,,0.0,,,,,431.079859030433,4681.9228515625,,,,,,,,,,
318,1,318.0,0.0,32.0,32.0,0.3685216349549591,0.0,74.0,0.0,0.0,0.0,0.0,0.0,0.0,0.0,0.0,0.0,0.6,0.0021278112754879,1.0,0.6958188227966564,0.0,0.0,0.0,,,,,,0.0,,,,,438.3447919972241,4693.5009765625,,,,,,,,,,
319,1,319.0,0.0,32.0,32.0,0.2118234001100063,0.0,74.0,0.0,0.0,0.0,0.0,0.0,0.0,0.0,0.0,0.0,0.6,0.0021278112754879,1.0,0.6966472798709765,0.0,0.0,0.0,,,,,,0.0,,,,,439.56741399597377,4693.5009765625,,,,,,,,,,
320,1,320.0,0.0,32.0,32.0,0.3209548564627766,0.0,74.0,0.0,0.0,0.0,0.0,0.0,0.0,0.0,0.0,0.0,0.6,0.0021278112754879,1.0,0.694843728048375,0.0,0.0,0.0,,,,,,0.0,,,,,436.2003190908581,4687.4541015625,,,,,,,,,,
321,1,321.0,0.0,32.0,32.0,0.3614937146194279,0.0,74.0,0.0,0.0,0.0,0.0,0.0,0.0,0.0,0.0,0.0,0.6,0.0021278112754879,1.0,0.6886980616565338,0.0,0.0,0.0,,,,,,0.0,,,,,436.3856229465455,4677.6728515625,,,,,,,,,,
322,1,322.0,0.0,32.0,32.0,0.2490909285843372,0.0,74.0,0.0,0.0,0.0,0.0,0.0,0.0,0.0,0.0,0.0,0.6,0.0021278112754879,1.0,0.6906560522794339,0.0,0.0,0.0,,,,,,0.0,,,,,434.1357289813459,4681.4853515625,,,,,,,,,,
323,1,323.0,0.0,32.0,32.0,0.0867505772039294,0.0,74.0,0.0,0.0,0.0,0.0,0.0,0.0,0.0,0.0,0.0,0.6,0.0021278112754879,1.0,0.6950781955731608,0.0,0.0,0.0,,,,,,0.0,,,,,442.7136919694021,4679.6416015625,,,,,,,,,,
324,1,324.0,0.0,32.0,32.0,0.2747130552306771,0.0,74.0,0.0,0.0,0.0,0.0,0.0,0.0,0.0,0.0,0.0,0.6,0.0021278112754879,1.0,0.6991738585069003,0.0,0.0,0.0,,,,,,0.0,,,,,435.5791970156133,4695.5166015625,,,,,,,,,,
325,1,325.0,0.0,32.0,32.0,0.1912210020236671,0.0,74.0,0.0,0.0,0.0,0.0,0.0,0.0,0.0,0.0,0.0,0.6,0.0021278112754879,1.0,0.6904602531157407,0.0,0.0,0.0,,,,,,0.0,,,,,436.1265311017633,4688.2978515625,,,,,,,,,,
326,1,326.0,0.0,32.0,32.0,0.1791158341802656,0.0,74.0,0.0,0.0,0.0,0.0,0.0,0.0,0.0,0.0,0.0,0.6,0.0021278112754879,1.0,0.6940099832965134,0.0,0.0,0.0,,,,,,0.0,,,,,434.4302370445803,4678.7822265625,,,,,,,,,,
327,1,327.0,0.0,32.0,32.0,0.2644064440391958,0.0,74.0,0.0,0.0,0.0,0.0,0.0,0.0,0.0,0.0,0.0,0.6,0.0021278112754879,1.0,0.6902087636063509,0.0,0.0,0.0,,,,,,0.0,,,,,438.6724679498002,4681.9228515625,,,,,,,,,,
328,1,328.0,0.0,32.0,32.0,0.1276717917062342,0.0,74.0,0.0,0.0,0.0,0.0,0.0,0.0,0.0,0.0,0.0,0.6,0.0021278112754879,1.0,0.6971782620262879,0.0,0.0,0.0,,,,,,0.0,,,,,434.7107328940183,4682.3056640625,,,,,,,,,,
329,1,329.0,0.0,32.0,32.0,0.2542256070300936,0.0,74.0,0.0,0.0,0.0,0.0,0.0,0.0,0.0,0.0,0.0,0.6,0.0021278112754879,1.0,0.6949311447562427,0.0,0.0,0.0,,,,,,0.0,,,,,443.0720519740135,4681.8291015625,,,,,,,,,,
330,1,330.0,0.0,32.0,32.0,0.2478534011170268,0.0,74.0,0.0,0.0,0.0,0.0,0.0,0.0,0.0,0.0,0.0,0.6,0.0021278112754879,1.0,0.6958036930434531,0.0,0.0,0.0,,,,,,0.0,,,,,432.3370070196688,4679.6416015625,,,,,,,,,,
331,1,331.0,0.0,32.0,32.0,0.4283059295266866,0.0,74.0,0.0,0.0,0.0,0.0,0.0,0.0,0.0,0.0,0.0,0.6,0.0021278112754879,1.0,0.6946144794179114,0.0,0.0,0.0,,,,,,0.0,,,,,439.0587870730087,4681.8291015625,,,,,,,,,,
332,1,332.0,0.0,32.0,32.0,0.1142404382117092,0.0,74.0,0.0,0.0,0.0,0.0,0.0,0.0,0.0,0.0,0.0,0.6,0.0021278112754879,1.0,0.6944206980898731,0.0,0.0,0.0,,,,,,0.0,,,,,434.7071599913761,4678.7822265625,,,,,,,,,,
333,1,333.0,0.0,32.0,32.0,0.4025956583209336,0.0,74.0,0.0,0.0,0.0,0.0,0.0,0.0,0.0,0.0,0.0,0.6,0.0021278112754879,1.0,0.6921323178281694,0.0,0.0,0.0,,,,,,0.0,,,,,438.1867139600217,4682.3056640625,,,,,,,,,,
334,1,334.0,0.0,32.0,32.0,0.145095270127058,11.0,74.0,0.1486486486486486,3.0,8.0,0.2727272727272727,0.7272727272727273,0.1520329513763576,0.1480931726964522,0.1535103683813221,0.0,0.6,0.0021278112754879,1.0000000000843303,0.6867846706743401,-3.2826445934620376e-10,3.0,8.0,0.4545454545454545,2.6666666666666665,1.0,0.8453509077685359,0.5859525983035511,2.0,0.5102434633215819,-0.0014559883275069,0.5007279941637535,-0.0046584039821678,444.6469669928774,4680.0166015625,,,,,,,,,,
335,1,335.0,0.0,32.0,32.0,0.2390974252484738,0.0,74.0,0.0,0.0,0.0,0.0,0.0,0.0,0.0,0.0,0.0,0.6,0.0021278112754879,1.0,0.693022004451757,0.0,0.0,0.0,,,,,,0.0,,,,,435.9538079006597,4679.3603515625,,,,,,,,,,
336,1,336.0,0.0,32.0,32.0,0.1145414956845343,0.0,74.0,0.0,0.0,0.0,0.0,0.0,0.0,0.0,0.0,0.0,0.6,0.0021278112754879,1.0,0.6910861973371168,0.0,0.0,0.0,,,,,,0.0,,,,,436.395933968015,4677.0634765625,,,,,,,,,,
337,1,337.0,0.0,32.0,32.0,0.3977458272129297,0.0,74.0,0.0,0.0,0.0,0.0,0.0,0.0,0.0,0.0,0.0,0.6,0.0021278112754879,1.0,0.6910891093319248,0.0,0.0,0.0,,,,,,0.0,,,,,438.305904972367,4695.5166015625,,,,,,,,,,
338,1,338.0,0.0,32.0,32.0,0.2928213062696159,0.0,74.0,0.0,0.0,0.0,0.0,0.0,0.0,0.0,0.0,0.0,0.6,0.0021278112754879,1.0,0.6941252890172274,0.0,0.0,0.0,,,,,,0.0,,,,,435.109279002063,4680.0166015625,,,,,,,,,,
339,1,339.0,0.0,32.0,32.0,0.0463374706450849,14.0,74.0,0.1891891891891892,2.0,12.0,0.1428571428571428,0.8571428571428571,0.1507220265923809,0.1454007769567368,0.1516089015316549,0.0,0.6,0.0021278112754879,0.999999999925196,0.6857374609849876,4.3041898518497266e-09,2.0,12.0,0.7142857142857143,6.0,1.0,0.5916727497284272,0.4101162982884094,2.0,0.5095078087605523,-0.0001900851420941,0.5000950425710471,0.0018868392485423,441.1679779877886,4680.0166015625,,,,,,,,,,
340,1,340.0,0.0,32.0,32.0,0.4135533771477639,0.0,74.0,0.0,0.0,0.0,0.0,0.0,0.0,0.0,0.0,0.0,0.6,0.0021278112754879,1.0,0.6986720510694991,0.0,0.0,0.0,,,,,,0.0,,,,,435.23682898376137,4681.9072265625,,,,,,,,,,
341,1,341.0,0.0,32.0,32.0,0.2257797177881002,0.0,74.0,0.0,0.0,0.0,0.0,0.0,0.0,0.0,0.0,0.0,0.6,0.0021278112754879,1.0,0.6925257500736215,0.0,0.0,0.0,,,,,,0.0,,,,,442.19039496965706,4682.3056640625,,,,,,,,,,
342,1,342.0,0.0,32.0,32.0,0.174080403521657,0.0,74.0,0.0,0.0,0.0,0.0,0.0,0.0,0.0,0.0,0.0,0.6,0.0021278112754879,1.0,0.6971451224662465,0.0,0.0,0.0,,,,,,0.0,,,,,434.9099829560146,4677.0634765625,,,,,,,,,,
343,1,343.0,0.0,32.0,32.0,0.2203373441006988,0.0,74.0,0.0,0.0,0.0,0.0,0.0,0.0,0.0,0.0,0.0,0.6,0.0021278112754879,1.0,0.6862142061604721,0.0,0.0,0.0,,,,,,0.0,,,,,437.0279050199315,4677.6728515625,,,,,,,,,,
344,1,344.0,0.0,32.0,32.0,0.0902327713556587,0.0,74.0,0.0,0.0,0.0,0.0,0.0,0.0,0.0,0.0,0.0,0.6,0.0021278112754879,1.0,0.6893433325391841,0.0,0.0,0.0,,,,,,0.0,,,,,431.5102599794045,4679.9541015625,,,,,,,,,,
345,1,345.0,0.0,32.0,32.0,0.2674420466646552,0.0,74.0,0.0,0.0,0.0,0.0,0.0,0.0,0.0,0.0,0.0,0.6,0.0021278112754879,1.0,0.6959974734296569,0.0,0.0,0.0,,,,,,0.0,,,,,439.4510249840096,4692.1806640625,,,,,,,,,,
346,1,346.0,0.0,32.0,32.0,0.3838273445144295,0.0,74.0,0.0,0.0,0.0,0.0,0.0,0.0,0.0,0.0,0.0,0.6,0.0021278112754879,1.0,0.6848646424507521,0.0,0.0,0.0,,,,,,0.0,,,,,438.94221005029976,4677.6728515625,,,,,,,,,,
347,1,347.0,0.0,32.0,32.0,0.417768900282681,0.0,74.0,0.0,0.0,0.0,0.0,0.0,0.0,0.0,0.0,0.0,0.6,0.0021278112754879,1.0,0.698994936617661,0.0,0.0,0.0,,,,,,0.0,,,,,439.145450014621,4688.2978515625,,,,,,,,,,
348,1,348.0,0.0,32.0,32.0,0.1393346227705478,0.0,74.0,0.0,0.0,0.0,0.0,0.0,0.0,0.0,0.0,0.0,0.6,0.0021278112754879,1.0,0.69151192105835,0.0,0.0,0.0,,,,,,0.0,,,,,432.1333880070597,4679.9541015625,,,,,,,,,,
349,1,349.0,0.0,32.0,32.0,0.2353604277595877,0.0,74.0,0.0,0.0,0.0,0.0,0.0,0.0,0.0,0.0,0.0,0.6,0.0021278112754879,1.0,0.6949012430621906,0.0,0.0,0.0,,,,,,0.0,,,,,439.2598520498723,4679.5009765625,,,,,,,,,,
350,1,350.0,0.0,32.0,32.0,0.2270124414935708,0.0,74.0,0.0,0.0,0.0,0.0,0.0,0.0,0.0,0.0,0.0,0.6,0.0021278112754879,1.0,0.6910837141467296,0.0,0.0,0.0,,,,,,0.0,,,,,439.6090859081596,4692.1806640625,,,,,,,,,,
351,1,351.0,0.0,32.0,32.0,0.1635466222651302,0.0,74.0,0.0,0.0,0.0,0.0,0.0,0.0,0.0,0.0,0.0,0.6,0.0021278112754879,1.0,0.6978142103921653,0.0,0.0,0.0,,,,,,0.0,,,,,439.1986939590424,4684.4384765625,,,,,,,,,,
352,1,352.0,0.0,32.0,32.0,0.2163205491378903,0.0,74.0,0.0,0.0,0.0,0.0,0.0,0.0,0.0,0.0,0.0,0.6,0.0021278112754879,1.0,0.6968467798173078,0.0,0.0,0.0,,,,,,0.0,,,,,431.8782760528848,4692.1806640625,,,,,,,,,,
353,1,353.0,0.0,32.0,32.0,0.1490108831785619,0.0,74.0,0.0,0.0,0.0,0.0,0.0,0.0,0.0,0.0,0.0,0.6,0.0021278112754879,1.0,0.6918121673034333,0.0,0.0,0.0,,,,,,0.0,,,,,437.48848605901,4679.9541015625,,,,,,,,,,
354,1,354.0,0.0,32.0,32.0,0.2890396909788251,0.0,74.0,0.0,0.0,0.0,0.0,0.0,0.0,0.0,0.0,0.0,0.6,0.0021278112754879,1.0,0.6917491172676394,0.0,0.0,0.0,,,,,,0.0,,,,,436.0553020378575,4681.8291015625,,,,,,,,,,
355,1,355.0,0.0,32.0,32.0,0.0454002690967172,2.0,74.0,0.027027027027027,0.0,2.0,0.0,1.0,0.150031561868384,0.0,0.150031561868384,0.0,0.6,0.0021278112754879,1.0,0.6913938014469841,1.561932103362736e-09,0.0,2.0,1.0,,0.5,-1.4426950249075512e-08,-9.999999889225293e-09,1.0,0.5025964239737848,-0.0053068986162543,0.5026534493081272,,444.29779809433967,4680.6884765625,,,,,,,,,,
356,1,356.0,0.0,32.0,32.0,0.194772882387042,0.0,74.0,0.0,0.0,0.0,0.0,0.0,0.0,0.0,0.0,0.0,0.6,0.0021278112754879,1.0,0.6844860814561232,0.0,0.0,0.0,,,,,,0.0,,,,,428.4228920005262,4681.9072265625,,,,,,,,,,
357,1,357.0,0.0,32.0,32.0,0.327845643274486,0.0,74.0,0.0,0.0,0.0,0.0,0.0,0.0,0.0,0.0,0.0,0.6,0.0021278112754879,1.0,0.6924439286305033,0.0,0.0,0.0,,,,,,0.0,,,,,436.70659000054,4683.5947265625,,,,,,,,,,
358,1,358.0,0.0,32.0,32.0,0.2253920808434486,0.0,74.0,0.0,0.0,0.0,0.0,0.0,0.0,0.0,0.0,0.0,0.6,0.0021278112754879,1.0,0.6879264316802131,0.0,0.0,0.0,,,,,,0.0,,,,,436.0714310314506,4688.4384765625,,,,,,,,,,
359,1,359.0,0.0,32.0,32.0,0.3896391924936324,0.0,74.0,0.0,0.0,0.0,0.0,0.0,0.0,0.0,0.0,0.0,0.6,0.0021278112754879,1.0,0.6903864441239469,0.0,0.0,0.0,,,,,,0.0,,,,,439.29514510091394,4679.9541015625,,,,,,,,,,
360,1,360.0,0.0,32.0,32.0,0.2032610010355711,0.0,74.0,0.0,0.0,0.0,0.0,0.0,0.0,0.0,0.0,0.0,0.6,0.0021278112754879,1.0,0.6879702526585916,0.0,0.0,0.0,,,,,,0.0,,,,,435.37307693623006,4680.6884765625,,,,,,,,,,
361,1,361.0,0.0,32.0,32.0,0.0839336873032152,0.0,74.0,0.0,0.0,0.0,0.0,0.0,0.0,0.0,0.0,0.0,0.6,0.0021278112754879,1.0,0.6904449202002324,0.0,0.0,0.0,,,,,,0.0,,,,,436.2554979743436,4678.7822265625,,,,,,,,,,
362,1,362.0,0.0,32.0,32.0,0.232858816627413,0.0,74.0,0.0,0.0,0.0,0.0,0.0,0.0,0.0,0.0,0.0,0.6,0.0021278112754879,1.0,0.67935512329865,0.0,0.0,0.0,,,,,,0.0,,,,,434.23297395929694,4680.0166015625,,,,,,,,,,
363,1,363.0,0.0,32.0,32.0,0.2595779101829976,0.0,74.0,0.0,0.0,0.0,0.0,0.0,0.0,0.0,0.0,0.0,0.6,0.0021278112754879,1.0,0.6993303326838513,0.0,0.0,0.0,,,,,,0.0,,,,,440.3565869433805,4683.2041015625,,,,,,,,,,
364,1,364.0,0.0,32.0,32.0,0.3309525281656533,0.0,74.0,0.0,0.0,0.0,0.0,0.0,0.0,0.0,0.0,0.0,0.6,0.0021278112754879,1.0,0.6852135887677855,0.0,0.0,0.0,,,,,,0.0,,,,,438.70302697177976,4678.7822265625,,,,,,,,,,
365,1,365.0,0.0,32.0,32.0,0.1770652860868722,0.0,74.0,0.0,0.0,0.0,0.0,0.0,0.0,0.0,0.0,0.0,0.6,0.0021278112754879,1.0,0.6944817377738224,0.0,0.0,0.0,,,,,,0.0,,,,,435.55734294932336,4681.4853515625,,,,,,,,,,
366,1,366.0,0.0,32.0,32.0,0.2027002847753465,0.0,74.0,0.0,0.0,0.0,0.0,0.0,0.0,0.0,0.0,0.0,0.6,0.0021278112754879,1.0,0.6975922581718835,0.0,0.0,0.0,,,,,,0.0,,,,,432.151022949256,4683.2041015625,,,,,,,,,,
367,1,367.0,0.0,32.0,32.0,0.3000277206301689,0.0,74.0,0.0,0.0,0.0,0.0,0.0,0.0,0.0,0.0,0.0,0.6,0.0021278112754879,1.0,0.6919571389200657,0.0,0.0,0.0,,,,,,0.0,,,,,438.45160002820194,4695.5166015625,,,,,,,,,,
368,1,368.0,0.0,32.0,32.0,0.1342752203345298,0.0,74.0,0.0,0.0,0.0,0.0,0.0,0.0,0.0,0.0,0.0,0.6,0.0021278112754879,1.0,0.6986679432897117,0.0,0.0,0.0,,,,,,0.0,,,,,440.76699600555,4688.4384765625,,,,,,,,,,
369,1,369.0,0.0,32.0,32.0,0.1532501857727766,0.0,74.0,0.0,0.0,0.0,0.0,0.0,0.0,0.0,0.0,0.0,0.6,0.0021278112754879,1.0,0.6952966082416506,0.0,0.0,0.0,,,,,,0.0,,,,,436.7029289714992,4678.7822265625,,,,,,,,,,
370,1,370.0,0.0,32.0,32.0,0.309013016987592,0.0,74.0,0.0,0.0,0.0,0.0,0.0,0.0,0.0,0.0,0.0,0.6,0.0021278112754879,1.0,0.6922113695446311,0.0,0.0,0.0,,,,,,0.0,,,,,429.23657910432667,4677.0634765625,,,,,,,,,,
371,1,371.0,0.0,32.0,32.0,0.2427280389238149,0.0,74.0,0.0,0.0,0.0,0.0,0.0,0.0,0.0,0.0,0.0,0.6,0.0021278112754879,1.0,0.6874138499368964,0.0,0.0,0.0,,,,,,0.0,,,,,442.78904097154737,4678.7822265625,,,,,,,,,,
372,1,372.0,0.0,32.0,32.0,0.3019794025458395,0.0,74.0,0.0,0.0,0.0,0.0,0.0,0.0,0.0,0.0,0.0,0.6,0.0021278112754879,1.0,0.6980989630649997,0.0,0.0,0.0,,,,,,0.0,,,,,436.810232931748,4678.7822265625,,,,,,,,,,
373,1,373.0,0.0,32.0,32.0,0.1119187772274017,0.0,74.0,0.0,0.0,0.0,0.0,0.0,0.0,0.0,0.0,0.0,0.6,0.0021278112754879,1.0,0.6853011403425309,0.0,0.0,0.0,,,,,,0.0,,,,,440.1780230691657,4681.4853515625,,,,,,,,,,
374,1,374.0,0.0,32.0,32.0,0.1791988166514784,0.0,74.0,0.0,0.0,0.0,0.0,0.0,0.0,0.0,0.0,0.0,0.6,0.0021278112754879,1.0,0.6924170538487522,0.0,0.0,0.0,,,,,,0.0,,,,,428.7333890097216,4677.6728515625,,,,,,,,,,
375,1,375.0,0.0,32.0,32.0,0.2850184147246182,0.0,74.0,0.0,0.0,0.0,0.0,0.0,0.0,0.0,0.0,0.0,0.6,0.0021278112754879,1.0,0.6917707935557593,0.0,0.0,0.0,,,,,,0.0,,,,,438.62804991658777,4677.6728515625,,,,,,,,,,
376,1,376.0,0.0,32.0,32.0,0.1526678502559662,0.0,74.0,0.0,0.0,0.0,0.0,0.0,0.0,0.0,0.0,0.0,0.6,0.0021278112754879,1.0,0.6860521372097096,0.0,0.0,0.0,,,,,,0.0,,,,,434.8405989585444,4678.7822265625,,,,,,,,,,
377,1,377.0,0.0,32.0,32.0,0.2889645094983279,0.0,74.0,0.0,0.0,0.0,0.0,0.0,0.0,0.0,0.0,0.0,0.6,0.0021278112754879,1.0,0.6874317979309748,0.0,0.0,0.0,,,,,,0.0,,,,,518.0314210010692,4679.3603515625,,,,,,,,,,
378,1,378.0,0.0,32.0,32.0,0.1656246455386281,0.0,74.0,0.0,0.0,0.0,0.0,0.0,0.0,0.0,0.0,0.0,0.6,0.0021278112754879,1.0,0.6952066325698257,0.0,0.0,0.0,,,,,,0.0,,,,,432.4885350652039,4688.2978515625,,,,,,,,,,
379,1,379.0,0.0,32.0,32.0,0.0821724461857229,0.0,74.0,0.0,0.0,0.0,0.0,0.0,0.0,0.0,0.0,0.0,0.6,0.0021278112754879,1.0,0.6863116672898253,0.0,0.0,0.0,,,,,,0.0,,,,,434.439874952659,4679.3603515625,,,,,,,,,,
380,1,380.0,0.0,32.0,32.0,0.175639082212001,0.0,74.0,0.0,0.0,0.0,0.0,0.0,0.0,0.0,0.0,0.0,0.6,0.0021278112754879,1.0,0.686496042100272,0.0,0.0,0.0,,,,,,0.0,,,,,429.4573609950021,4695.5166015625,,,,,,,,,,
381,1,381.0,0.0,32.0,32.0,0.2030411786399781,0.0,74.0,0.0,0.0,0.0,0.0,0.0,0.0,0.0,0.0,0.0,0.6,0.0021278112754879,1.0,0.6965417728174045,0.0,0.0,0.0,,,,,,0.0,,,,,436.73055805265903,4688.4384765625,,,,,,,,,,
382,1,382.0,0.0,32.0,32.0,0.2201787149533629,0.0,74.0,0.0,0.0,0.0,0.0,0.0,0.0,0.0,0.0,0.0,0.6,0.0021278112754879,1.0,0.6901488228876348,0.0,0.0,0.0,,,,,,0.0,,,,,433.52924892678857,4678.7822265625,,,,,,,,,,
383,1,383.0,0.0,32.0,32.0,0.2015518513508141,0.0,74.0,0.0,0.0,0.0,0.0,0.0,0.0,0.0,0.0,0.0,0.6,0.0021278112754879,1.0,0.7010138065416816,0.0,0.0,0.0,,,,,,0.0,,,,,431.3246950041503,4680.7509765625,,,,,,,,,,
384,1,384.0,0.0,32.0,32.0,0.1566077689640224,0.0,74.0,0.0,0.0,0.0,0.0,0.0,0.0,0.0,0.0,0.0,0.6,0.0021278112754879,1.0,0.6939908795685996,0.0,0.0,0.0,,,,,,0.0,,,,,427.7749250177294,4681.8291015625,,,,,,,,,,
385,1,385.0,0.0,32.0,32.0,0.247040226124227,0.0,74.0,0.0,0.0,0.0,0.0,0.0,0.0,0.0,0.0,0.0,0.6,0.0021278112754879,1.0,0.694276822857904,0.0,0.0,0.0,,,,,,0.0,,,,,435.7690400211141,4680.0166015625,,,,,,,,,,
386,1,386.0,0.0,32.0,32.0,0.1582890143617987,0.0,74.0,0.0,0.0,0.0,0.0,0.0,0.0,0.0,0.0,0.0,0.6,0.0021278112754879,1.0,0.690423318208707,0.0,0.0,0.0,,,,,,0.0,,,,,433.62939602229744,4679.8603515625,,,,,,,,,,
387,1,387.0,0.0,32.0,32.0,0.1949799079447984,0.0,74.0,0.0,0.0,0.0,0.0,0.0,0.0,0.0,0.0,0.0,0.6,0.0021278112754879,1.0,0.6929834426921528,0.0,0.0,0.0,,,,,,0.0,,,,,430.217903922312,4679.8603515625,,,,,,,,,,
388,1,388.0,0.0,32.0,32.0,0.1689712484367191,0.0,74.0,0.0,0.0,0.0,0.0,0.0,0.0,0.0,0.0,0.0,0.6,0.0021278112754879,1.0,0.692754710875756,0.0,0.0,0.0,,,,,,0.0,,,,,429.5480219880119,4688.4384765625,,,,,,,,,,
389,1,389.0,0.0,32.0,32.0,0.1546151917427778,0.0,74.0,0.0,0.0,0.0,0.0,0.0,0.0,0.0,0.0,0.0,0.6,0.0021278112754879,1.0,0.691781592055864,0.0,0.0,0.0,,,,,,0.0,,,,,437.0889499550685,4677.0634765625,,,,,,,,,,
390,1,390.0,0.0,32.0,32.0,0.0853900052607059,0.0,74.0,0.0,0.0,0.0,0.0,0.0,0.0,0.0,0.0,0.0,0.6,0.0021278112754879,1.0,0.6890124625387263,0.0,0.0,0.0,,,,,,0.0,,,,,431.8135129287839,4693.5009765625,,,,,,,,,,
391,1,391.0,0.0,32.0,32.0,0.3239093541633338,0.0,74.0,0.0,0.0,0.0,0.0,0.0,0.0,0.0,0.0,0.0,0.6,0.0021278112754879,1.0,0.6933593929525813,0.0,0.0,0.0,,,,,,0.0,,,,,434.68618008773774,4679.5009765625,,,,,,,,,,
392,1,392.0,0.0,32.0,32.0,0.2322981902398169,0.0,74.0,0.0,0.0,0.0,0.0,0.0,0.0,0.0,0.0,0.0,0.6,0.0021278112754879,1.0,0.6917700459996058,0.0,0.0,0.0,,,,,,0.0,,,,,421.90690396819264,4678.2197265625,,,,,,,,,,
393,1,393.0,0.0,32.0,32.0,0.1599347577430308,0.0,74.0,0.0,0.0,0.0,0.0,0.0,0.0,0.0,0.0,0.0,0.6,0.0021278112754879,1.0,0.6981025613730347,0.0,0.0,0.0,,,,,,0.0,,,,,435.8697769930586,4679.3603515625,,,,,,,,,,
394,1,394.0,0.0,32.0,32.0,0.4942375244572758,0.0,74.0,0.0,0.0,0.0,0.0,0.0,0.0,0.0,0.0,0.0,0.6,0.0021278112754879,1.0,0.6891651238090104,0.0,0.0,0.0,,,,,,0.0,,,,,432.1804989594966,4695.5166015625,,,,,,,,,,
395,1,395.0,0.0,32.0,32.0,0.0611056613270193,0.0,74.0,0.0,0.0,0.0,0.0,0.0,0.0,0.0,0.0,0.0,0.6,0.0021278112754879,1.0,0.6972569199753039,0.0,0.0,0.0,,,,,,0.0,,,,,432.6843770686537,4693.5009765625,,,,,,,,,,
396,1,396.0,0.0,32.0,32.0,0.1370102521032095,0.0,74.0,0.0,0.0,0.0,0.0,0.0,0.0,0.0,0.0,0.0,0.6,0.0021278112754879,1.0,0.6936447361231715,0.0,0.0,0.0,,,,,,0.0,,,,,429.9892970593646,4681.4853515625,,,,,,,,,,
397,1,397.0,0.0,32.0,32.0,0.3075147510971874,0.0,74.0,0.0,0.0,0.0,0.0,0.0,0.0,0.0,0.0,0.0,0.6,0.0021278112754879,1.0,0.6995580669594283,0.0,0.0,0.0,,,,,,0.0,,,,,434.37099701259285,4676.4384765625,,,,,,,,,,
398,1,398.0,0.0,32.0,32.0,0.1543617127463221,0.0,74.0,0.0,0.0,0.0,0.0,0.0,0.0,0.0,0.0,0.0,0.6,0.0021278112754879,1.0,0.6858247646282981,0.0,0.0,0.0,,,,,,0.0,,,,,435.012556030415,4688.2978515625,,,,,,,,,,
399,1,399.0,0.0,32.0,32.0,0.444943736307323,0.0,74.0,0.0,0.0,0.0,0.0,0.0,0.0,0.0,0.0,0.0,0.6,0.0021278112754879,1.0,0.6940030571071412,0.0,0.0,0.0,,,,,,0.0,,,,,434.56146703101695,4693.5009765625,,,,,,,,,,
400,1,400.0,0.0,32.0,32.0,0.2399714009370654,0.0,74.0,0.0,0.0,0.0,0.0,0.0,0.0,0.0,0.0,0.0,0.6,0.0021278112754879,1.0,0.691476270500046,0.0,0.0,0.0,,,,,,0.0,,,,,428.46800992265344,4680.6884765625,,,,,,,,,,
401,1,401.0,0.0,32.0,32.0,0.1070653942879289,0.0,74.0,0.0,0.0,0.0,0.0,0.0,0.0,0.0,0.0,0.0,0.6,0.0021278112754879,1.0,0.6927717567823496,0.0,0.0,0.0,,,,,,0.0,,,,,435.0505259353668,4681.0087890625,,,,,,,,,,
402,1,402.0,0.0,32.0,32.0,0.2862085832748562,0.0,74.0,0.0,0.0,0.0,0.0,0.0,0.0,0.0,0.0,0.0,0.6,0.0021278112754879,1.0,0.6987201673598719,0.0,0.0,0.0,,,,,,0.0,,,,,430.6701669702306,4693.5009765625,,,,,,,,,,
403,1,403.0,0.0,32.0,32.0,0.2041710179764777,0.0,74.0,0.0,0.0,0.0,0.0,0.0,0.0,0.0,0.0,0.0,0.6,0.0021278112754879,1.0,0.6899261820736505,0.0,0.0,0.0,,,,,,0.0,,,,,435.3459260892123,4680.7509765625,,,,,,,,,,
404,1,404.0,0.0,32.0,32.0,0.2643858264200389,0.0,74.0,0.0,0.0,0.0,0.0,0.0,0.0,0.0,0.0,0.0,0.6,0.0021278112754879,1.0,0.6956721882873511,0.0,0.0,0.0,,,,,,0.0,,,,,422.7031860500574,4686.2509765625,,,,,,,,,,
405,1,405.0,0.0,32.0,32.0,0.2171190599910915,0.0,74.0,0.0,0.0,0.0,0.0,0.0,0.0,0.0,0.0,0.0,0.6,0.0021278112754879,1.0,0.685659007141505,0.0,0.0,0.0,,,,,,0.0,,,,,433.0271320650354,4676.4384765625,,,,,,,,,,
406,1,406.0,0.0,32.0,32.0,0.1911582096945494,0.0,74.0,0.0,0.0,0.0,0.0,0.0,0.0,0.0,0.0,0.0,0.6,0.0021278112754879,1.0,0.6893977406934835,0.0,0.0,0.0,,,,,,0.0,,,,,439.97829500585794,4683.2041015625,,,,,,,,,,
407,1,407.0,0.0,32.0,32.0,0.1628034228924662,0.0,74.0,0.0,0.0,0.0,0.0,0.0,0.0,0.0,0.0,0.0,0.6,0.0021278112754879,1.0,0.6910594549622296,0.0,0.0,0.0,,,,,,0.0,,,,,439.9347980506718,4681.4853515625,,,,,,,,,,
408,1,408.0,0.0,32.0,32.0,0.1188287436962127,0.0,74.0,0.0,0.0,0.0,0.0,0.0,0.0,0.0,0.0,0.0,0.6,0.0021278112754879,1.0,0.6967832910166802,0.0,0.0,0.0,,,,,,0.0,,,,,428.59442706685513,4679.9541015625,,,,,,,,,,
409,1,409.0,0.0,32.0,32.0,0.3867216526996344,0.0,74.0,0.0,0.0,0.0,0.0,0.0,0.0,0.0,0.0,0.0,0.6,0.0021278112754879,1.0,0.6962892748298255,0.0,0.0,0.0,,,,,,0.0,,,,,431.3596099382266,4686.2197265625,,,,,,,,,,
410,1,410.0,0.0,32.0,32.0,0.204200244275853,0.0,74.0,0.0,0.0,0.0,0.0,0.0,0.0,0.0,0.0,0.0,0.6,0.0021278112754879,1.0,0.694806711382948,0.0,0.0,0.0,,,,,,0.0,,,,,432.0968919200823,4688.2978515625,,,,,,,,,,
411,1,411.0,0.0,32.0,32.0,0.2830238514579832,0.0,74.0,0.0,0.0,0.0,0.0,0.0,0.0,0.0,0.0,0.0,0.6,0.0021278112754879,1.0,0.6879339538111188,0.0,0.0,0.0,,,,,,0.0,,,,,434.9411110160872,4678.7509765625,,,,,,,,,,
412,1,412.0,0.0,32.0,32.0,0.4911052263341844,0.0,74.0,0.0,0.0,0.0,0.0,0.0,0.0,0.0,0.0,0.0,0.6,0.0021278112754879,1.0,0.6955251664153107,0.0,0.0,0.0,,,,,,0.0,,,,,432.7432319987565,4683.5947265625,,,,,,,,,,
413,1,413.0,0.0,32.0,32.0,0.1222914874088019,0.0,74.0,0.0,0.0,0.0,0.0,0.0,0.0,0.0,0.0,0.0,0.6,0.0021278112754879,1.0,0.6881870082943802,0.0,0.0,0.0,,,,,,0.0,,,,,431.3176620053128,4679.9541015625,,,,,,,,,,
414,1,414.0,0.0,32.0,32.0,0.1967910123057663,0.0,74.0,0.0,0.0,0.0,0.0,0.0,0.0,0.0,0.0,0.0,0.6,0.0021278112754879,1.0,0.6923715277939371,0.0,0.0,0.0,,,,,,0.0,,,,,433.2217429764569,4681.8291015625,,,,,,,,,,
415,1,415.0,0.0,32.0,32.0,0.3365808017551899,0.0,74.0,0.0,0.0,0.0,0.0,0.0,0.0,0.0,0.0,0.0,0.6,0.0021278112754879,1.0,0.6916551156374668,0.0,0.0,0.0,,,,,,0.0,,,,,431.8653310183436,4678.2197265625,,,,,,,,,,
416,1,416.0,0.0,32.0,32.0,0.2700769025832414,0.0,74.0,0.0,0.0,0.0,0.0,0.0,0.0,0.0,0.0,0.0,0.6,0.0021278112754879,1.0,0.6946458582750209,0.0,0.0,0.0,,,,,,0.0,,,,,427.4603669764474,4686.2197265625,,,,,,,,,,
417,1,417.0,0.0,32.0,32.0,0.1587166576646268,0.0,74.0,0.0,0.0,0.0,0.0,0.0,0.0,0.0,0.0,0.0,0.6,0.0021278112754879,1.0,0.6862886250315813,0.0,0.0,0.0,,,,,,0.0,,,,,428.975693997927,4680.0166015625,,,,,,,,,,
418,1,418.0,0.0,32.0,32.0,0.2386994380503893,0.0,74.0,0.0,0.0,0.0,0.0,0.0,0.0,0.0,0.0,0.0,0.6,0.0021278112754879,1.0,0.6936858264799008,0.0,0.0,0.0,,,,,,0.0,,,,,431.69521808158606,4683.2822265625,,,,,,,,,,
419,1,419.0,0.0,32.0,32.0,0.2165082637220621,0.0,74.0,0.0,0.0,0.0,0.0,0.0,0.0,0.0,0.0,0.0,0.6,0.0021278112754879,1.0,0.6841848547074337,0.0,0.0,0.0,,,,,,0.0,,,,,435.88083994109184,4688.2978515625,,,,,,,,,,
420,1,420.0,0.0,32.0,32.0,0.1315715173259377,0.0,74.0,0.0,0.0,0.0,0.0,0.0,0.0,0.0,0.0,0.0,0.6,0.0021278112754879,1.0,0.6995763968357728,0.0,0.0,0.0,,,,,,0.0,,,,,430.77904102392495,4681.8291015625,,,,,,,,,,
421,1,421.0,0.0,32.0,32.0,0.334319768473506,0.0,74.0,0.0,0.0,0.0,0.0,0.0,0.0,0.0,0.0,0.0,0.6,0.0021278112754879,1.0,0.693506703903833,0.0,0.0,0.0,,,,,,0.0,,,,,431.3217790331692,4683.2041015625,,,,,,,,,,
422,1,422.0,0.0,32.0,32.0,0.4390246989205479,0.0,74.0,0.0,0.0,0.0,0.0,0.0,0.0,0.0,0.0,0.0,0.6,0.0021278112754879,1.0,0.6888625557146361,0.0,0.0,0.0,,,,,,0.0,,,,,429.99632097780704,4677.0634765625,,,,,,,,,,
423,1,423.0,0.0,32.0,32.0,0.1954711964353919,0.0,74.0,0.0,0.0,0.0,0.0,0.0,0.0,0.0,0.0,0.0,0.6,0.0021278112754879,1.0,0.6933855056549216,0.0,0.0,0.0,,,,,,0.0,,,,,437.68781900871545,4681.8291015625,,,,,,,,,,
424,1,424.0,0.0,32.0,32.0,0.1138758971355855,0.0,74.0,0.0,0.0,0.0,0.0,0.0,0.0,0.0,0.0,0.0,0.6,0.0021278112754879,1.0,0.6895423347365732,0.0,0.0,0.0,,,,,,0.0,,,,,429.51942898798734,4680.0166015625,,,,,,,,,,
425,1,425.0,0.0,32.0,32.0,0.3129035043530166,0.0,74.0,0.0,0.0,0.0,0.0,0.0,0.0,0.0,0.0,0.0,0.6,0.0021278112754879,1.0,0.6955319146914829,0.0,0.0,0.0,,,,,,0.0,,,,,433.81580302957445,4683.2041015625,,,,,,,,,,
426,1,426.0,0.0,32.0,32.0,0.0926845017820596,0.0,74.0,0.0,0.0,0.0,0.0,0.0,0.0,0.0,0.0,0.0,0.6,0.0021278112754879,1.0,0.6903907424769901,0.0,0.0,0.0,,,,,,0.0,,,,,422.9095099726692,4677.0634765625,,,,,,,,,,
427,1,427.0,0.0,32.0,32.0,0.2503363955765962,0.0,74.0,0.0,0.0,0.0,0.0,0.0,0.0,0.0,0.0,0.0,0.6,0.0021278112754879,1.0,0.6919178454735392,0.0,0.0,0.0,,,,,,0.0,,,,,437.04542401246727,4680.6884765625,,,,,,,,,,
428,1,428.0,0.0,32.0,32.0,0.1002037213183939,0.0,74.0,0.0,0.0,0.0,0.0,0.0,0.0,0.0,0.0,0.0,0.6,0.0021278112754879,1.0,0.6978294643001761,0.0,0.0,0.0,,,,,,0.0,,,,,430.1647930406034,4679.6416015625,,,,,,,,,,
429,1,429.0,0.0,32.0,32.0,0.2515961269382387,0.0,74.0,0.0,0.0,0.0,0.0,0.0,0.0,0.0,0.0,0.0,0.6,0.0021278112754879,1.0,0.6927718625000556,0.0,0.0,0.0,,,,,,0.0,,,,,431.1050509568304,4679.3603515625,,,,,,,,,,
430,1,430.0,0.0,32.0,32.0,0.3430379158817231,0.0,74.0,0.0,0.0,0.0,0.0,0.0,0.0,0.0,0.0,0.0,0.6,0.0021278112754879,1.0,0.6908805814066916,0.0,0.0,0.0,,,,,,0.0,,,,,425.21037196274847,4679.9541015625,,,,,,,,,,
431,1,431.0,0.0,32.0,32.0,0.3929577821400016,0.0,74.0,0.0,0.0,0.0,0.0,0.0,0.0,0.0,0.0,0.0,0.6,0.0021278112754879,1.0,0.6860421135904513,0.0,0.0,0.0,,,,,,0.0,,,,,436.9601010112092,4684.6572265625,,,,,,,,,,
432,1,432.0,0.0,32.0,32.0,0.1494313608855009,0.0,74.0,0.0,0.0,0.0,0.0,0.0,0.0,0.0,0.0,0.0,0.6,0.0021278112754879,1.0,0.6849865840436897,0.0,0.0,0.0,,,,,,0.0,,,,,431.3201929908246,4678.2197265625,,,,,,,,,,
433,1,433.0,0.0,32.0,32.0,0.2016771107446402,0.0,74.0,0.0,0.0,0.0,0.0,0.0,0.0,0.0,0.0,0.0,0.6,0.0021278112754879,1.0,0.6979013462093138,0.0,0.0,0.0,,,,,,0.0,,,,,433.93977894447744,4677.6728515625,,,,,,,,,,
434,1,434.0,0.0,32.0,32.0,0.1650880749803036,0.0,74.0,0.0,0.0,0.0,0.0,0.0,0.0,0.0,0.0,0.0,0.6,0.0021278112754879,1.0,0.6962776641129622,0.0,0.0,0.0,,,,,,0.0,,,,,429.6486909734085,4683.2041015625,,,,,,,,,,
435,1,435.0,0.0,32.0,32.0,0.148463943041861,0.0,74.0,0.0,0.0,0.0,0.0,0.0,0.0,0.0,0.0,0.0,0.6,0.0021278112754879,1.0,0.6853321059355534,0.0,0.0,0.0,,,,,,0.0,,,,,437.9284420283511,4679.6416015625,,,,,,,,,,
436,1,436.0,0.0,32.0,32.0,0.4441793072037399,0.0,74.0,0.0,0.0,0.0,0.0,0.0,0.0,0.0,0.0,0.0,0.6,0.0021278112754879,1.0,0.6913141854021733,0.0,0.0,0.0,,,,,,0.0,,,,,430.5904919747263,4688.2978515625,,,,,,,,,,
437,1,437.0,0.0,32.0,32.0,0.1915614593308419,0.0,74.0,0.0,0.0,0.0,0.0,0.0,0.0,0.0,0.0,0.0,0.6,0.0021278112754879,1.0,0.6891315635794082,0.0,0.0,0.0,,,,,,0.0,,,,,437.3692990047857,4680.6884765625,,,,,,,,,,
438,1,438.0,0.0,32.0,32.0,0.1911302777007222,0.0,74.0,0.0,0.0,0.0,0.0,0.0,0.0,0.0,0.0,0.0,0.6,0.0021278112754879,1.0,0.6883009780908793,0.0,0.0,0.0,,,,,,0.0,,,,,429.9546059919521,4679.6416015625,,,,,,,,,,
439,1,439.0,0.0,32.0,32.0,0.0752587746828794,0.0,74.0,0.0,0.0,0.0,0.0,0.0,0.0,0.0,0.0,0.0,0.6,0.0021278112754879,1.0,0.685865675669923,0.0,0.0,0.0,,,,,,0.0,,,,,434.7415621159598,4688.4384765625,,,,,,,,,,
440,1,440.0,0.0,32.0,32.0,0.3393591847270727,0.0,74.0,0.0,0.0,0.0,0.0,0.0,0.0,0.0,0.0,0.0,0.6,0.0021278112754879,1.0,0.6933545900808047,0.0,0.0,0.0,,,,,,0.0,,,,,434.06352296005934,4681.5634765625,,,,,,,,,,
441,1,441.0,0.0,32.0,32.0,0.0889314375817775,0.0,74.0,0.0,0.0,0.0,0.0,0.0,0.0,0.0,0.0,0.0,0.6,0.0021278112754879,1.0,0.6855242113915229,0.0,0.0,0.0,,,,,,0.0,,,,,437.5521470792592,4677.0634765625,,,,,,,,,,
442,1,442.0,0.0,32.0,32.0,0.2922928100451827,0.0,74.0,0.0,0.0,0.0,0.0,0.0,0.0,0.0,0.0,0.0,0.6,0.0021278112754879,1.0,0.6914812009377939,0.0,0.0,0.0,,,,,,0.0,,,,,430.3482579998672,4680.7509765625,,,,,,,,,,
443,1,443.0,0.0,32.0,32.0,0.2030516653321683,0.0,74.0,0.0,0.0,0.0,0.0,0.0,0.0,0.0,0.0,0.0,0.6,0.0021278112754879,1.0,0.6898404885505343,0.0,0.0,0.0,,,,,,0.0,,,,,437.74139892775565,4693.5009765625,,,,,,,,,,
444,1,444.0,0.0,32.0,32.0,0.1303085717372596,0.0,74.0,0.0,0.0,0.0,0.0,0.0,0.0,0.0,0.0,0.0,0.6,0.0021278112754879,1.0,0.6919226247109123,0.0,0.0,0.0,,,,,,0.0,,,,,436.6490669781342,4686.0634765625,,,,,,,,,,
445,1,445.0,0.0,32.0,32.0,0.1245811625849455,0.0,74.0,0.0,0.0,0.0,0.0,0.0,0.0,0.0,0.0,0.0,0.6,0.0021278112754879,1.0,0.6874200689674005,0.0,0.0,0.0,,,,,,0.0,,,,,438.3101020939648,4681.9072265625,,,,,,,,,,
446,1,446.0,0.0,32.0,32.0,0.2479363055899739,0.0,74.0,0.0,0.0,0.0,0.0,0.0,0.0,0.0,0.0,0.0,0.6,0.0021278112754879,1.0,0.686074851755652,0.0,0.0,0.0,,,,,,0.0,,,,,435.4986429680139,4680.6884765625,,,,,,,,,,
447,1,447.0,0.0,32.0,32.0,0.2917524469085037,0.0,74.0,0.0,0.0,0.0,0.0,0.0,0.0,0.0,0.0,0.0,0.6,0.0021278112754879,1.0,0.6890756372989515,0.0,0.0,0.0,,,,,,0.0,,,,,429.65828999876976,4679.6416015625,,,,,,,,,,
448,1,448.0,0.0,32.0,32.0,0.3392621199600398,0.0,74.0,0.0,0.0,0.0,0.0,0.0,0.0,0.0,0.0,0.0,0.6,0.0021278112754879,1.0,0.6906642795916796,0.0,0.0,0.0,,,,,,0.0,,,,,430.30391400679946,4681.9072265625,,,,,,,,,,
449,1,449.0,0.0,32.0,32.0,0.4399445047602057,0.0,74.0,0.0,0.0,0.0,0.0,0.0,0.0,0.0,0.0,0.0,0.6,0.0021278112754879,1.0,0.6890771074839936,0.0,0.0,0.0,,,,,,0.0,,,,,435.0397629896179,4687.4541015625,,,,,,,,,,
450,1,450.0,0.0,32.0,32.0,0.2564534218981862,0.0,74.0,0.0,0.0,0.0,0.0,0.0,0.0,0.0,0.0,0.0,0.6,0.0021278112754879,1.0,0.6892864036414366,0.0,0.0,0.0,,,,,,0.0,,,,,431.5960520179942,4688.4384765625,,,,,,,,,,
451,1,451.0,0.0,32.0,32.0,0.3185463524423539,0.0,74.0,0.0,0.0,0.0,0.0,0.0,0.0,0.0,0.0,0.0,0.6,0.0021278112754879,1.0,0.6873945516030255,0.0,0.0,0.0,,,,,,0.0,,,,,432.60166293475777,4688.4384765625,,,,,,,,,,
452,1,452.0,0.0,32.0,32.0,0.1442309250123798,0.0,74.0,0.0,0.0,0.0,0.0,0.0,0.0,0.0,0.0,0.0,0.6,0.0021278112754879,1.0,0.6885541164150157,0.0,0.0,0.0,,,,,,0.0,,,,,439.49239794164896,4693.5009765625,,,,,,,,,,
453,1,453.0,0.0,32.0,32.0,0.2080214265733957,0.0,74.0,0.0,0.0,0.0,0.0,0.0,0.0,0.0,0.0,0.0,0.6,0.0021278112754879,1.0,0.6859423111235889,0.0,0.0,0.0,,,,,,0.0,,,,,438.1547080120072,4679.3603515625,,,,,,,,,,
454,1,454.0,0.0,32.0,32.0,0.1314261616207659,0.0,74.0,0.0,0.0,0.0,0.0,0.0,0.0,0.0,0.0,0.0,0.6,0.0021278112754879,1.0,0.687148273484355,0.0,0.0,0.0,,,,,,0.0,,,,,435.3633150458336,4682.3056640625,,,,,,,,,,
455,1,455.0,0.0,32.0,32.0,0.2725269407965243,0.0,74.0,0.0,0.0,0.0,0.0,0.0,0.0,0.0,0.0,0.0,0.6,0.0021278112754879,1.0,0.6916321535656165,0.0,0.0,0.0,,,,,,0.0,,,,,436.4617220126093,4678.2197265625,,,,,,,,,,
456,1,456.0,0.0,32.0,32.0,0.2048894390463829,0.0,74.0,0.0,0.0,0.0,0.0,0.0,0.0,0.0,0.0,0.0,0.6,0.0021278112754879,1.0,0.6957998435728288,0.0,0.0,0.0,,,,,,0.0,,,,,430.0328929675743,4681.8291015625,,,,,,,,,,
457,1,457.0,0.0,32.0,32.0,0.2208883902058005,0.0,74.0,0.0,0.0,0.0,0.0,0.0,0.0,0.0,0.0,0.0,0.6,0.0021278112754879,1.0,0.686123028024591,0.0,0.0,0.0,,,,,,0.0,,,,,436.85491709038615,4693.5009765625,,,,,,,,,,
458,1,458.0,0.0,32.0,32.0,0.1880798726342618,0.0,74.0,0.0,0.0,0.0,0.0,0.0,0.0,0.0,0.0,0.0,0.6,0.0021278112754879,1.0,0.6898345067073974,0.0,0.0,0.0,,,,,,0.0,,,,,512.5755469780415,4679.3603515625,,,,,,,,,,
459,1,459.0,0.0,32.0,32.0,0.1620606640353799,0.0,74.0,0.0,0.0,0.0,0.0,0.0,0.0,0.0,0.0,0.0,0.6,0.0021278112754879,1.0,0.69438745507572,0.0,0.0,0.0,,,,,,0.0,,,,,433.9385159546509,4688.2978515625,,,,,,,,,,
460,1,460.0,0.0,32.0,32.0,0.267170462757349,0.0,74.0,0.0,0.0,0.0,0.0,0.0,0.0,0.0,0.0,0.0,0.6,0.0021278112754879,1.0,0.6932063696876103,0.0,0.0,0.0,,,,,,0.0,,,,,430.7955509284511,4688.4384765625,,,,,,,,,,
461,1,461.0,0.0,32.0,32.0,0.3385222190991044,0.0,74.0,0.0,0.0,0.0,0.0,0.0,0.0,0.0,0.0,0.0,0.6,0.0021278112754879,1.0,0.6994228619124009,0.0,0.0,0.0,,,,,,0.0,,,,,434.5150449080393,4679.3603515625,,,,,,,,,,
462,1,462.0,0.0,32.0,32.0,0.1124447123147547,0.0,74.0,0.0,0.0,0.0,0.0,0.0,0.0,0.0,0.0,0.0,0.6,0.0021278112754879,1.0,0.6952321699725313,0.0,0.0,0.0,,,,,,0.0,,,,,440.0396959390491,4681.9072265625,,,,,,,,,,
463,1,463.0,0.0,32.0,32.0,0.2203351762145757,0.0,74.0,0.0,0.0,0.0,0.0,0.0,0.0,0.0,0.0,0.0,0.6,0.0021278112754879,1.0,0.6893376346729042,0.0,0.0,0.0,,,,,,0.0,,,,,433.5850409697741,4688.2978515625,,,,,,,,,,
464,1,464.0,0.0,32.0,32.0,0.2844388461671769,0.0,74.0,0.0,0.0,0.0,0.0,0.0,0.0,0.0,0.0,0.0,0.6,0.0021278112754879,1.0,0.6994213566265554,0.0,0.0,0.0,,,,,,0.0,,,,,436.9357289979234,4681.9072265625,,,,,,,,,,
465,1,465.0,0.0,32.0,32.0,0.2774750175885856,0.0,74.0,0.0,0.0,0.0,0.0,0.0,0.0,0.0,0.0,0.0,0.6,0.0021278112754879,1.0,0.6922129271733546,0.0,0.0,0.0,,,,,,0.0,,,,,428.0446069315076,4679.6416015625,,,,,,,,,,
466,1,466.0,0.0,32.0,32.0,0.2086823894642293,0.0,74.0,0.0,0.0,0.0,0.0,0.0,0.0,0.0,0.0,0.0,0.6,0.0021278112754879,1.0,0.6940402658011272,0.0,0.0,0.0,,,,,,0.0,,,,,439.0012570656836,4679.6416015625,,,,,,,,,,
467,1,467.0,0.0,32.0,32.0,0.4590042969211936,0.0,74.0,0.0,0.0,0.0,0.0,0.0,0.0,0.0,0.0,0.0,0.6,0.0021278112754879,1.0,0.6864254707705241,0.0,0.0,0.0,,,,,,0.0,,,,,435.4277959791944,4678.7822265625,,,,,,,,,,
468,1,468.0,0.0,32.0,32.0,0.1468384591862559,0.0,74.0,0.0,0.0,0.0,0.0,0.0,0.0,0.0,0.0,0.0,0.6,0.0021278112754879,1.0,0.6945565816375057,0.0,0.0,0.0,,,,,,0.0,,,,,435.6590340612456,4688.4384765625,,,,,,,,,,
469,1,469.0,0.0,32.0,32.0,0.3059898847714066,0.0,74.0,0.0,0.0,0.0,0.0,0.0,0.0,0.0,0.0,0.0,0.6,0.0021278112754879,1.0,0.6881992814389125,0.0,0.0,0.0,,,,,,0.0,,,,,430.81179598812014,4679.6416015625,,,,,,,,,,
470,1,470.0,0.0,32.0,32.0,0.2668046210892498,0.0,74.0,0.0,0.0,0.0,0.0,0.0,0.0,0.0,0.0,0.0,0.6,0.0021278112754879,1.0,0.69040428018119,0.0,0.0,0.0,,,,,,0.0,,,,,438.0082009593025,4679.6416015625,,,,,,,,,,
471,1,471.0,0.0,32.0,32.0,0.1219712821766734,0.0,74.0,0.0,0.0,0.0,0.0,0.0,0.0,0.0,0.0,0.0,0.6,0.0021278112754879,1.0,0.6902335867033346,0.0,0.0,0.0,,,,,,0.0,,,,,433.5044980980456,4672.6572265625,,,,,,,,,,
472,1,472.0,0.0,32.0,32.0,0.1898017979692667,0.0,74.0,0.0,0.0,0.0,0.0,0.0,0.0,0.0,0.0,0.0,0.6,0.0021278112754879,1.0,0.6931052980616523,0.0,0.0,0.0,,,,,,0.0,,,,,437.434546998702,4693.5009765625,,,,,,,,,,
473,1,473.0,0.0,32.0,32.0,0.1282371880952268,0.0,74.0,0.0,0.0,0.0,0.0,0.0,0.0,0.0,0.0,0.0,0.6,0.0021278112754879,1.0,0.6913387723098433,0.0,0.0,0.0,,,,,,0.0,,,,,431.0749070718885,4677.6728515625,,,,,,,,,,
474,1,474.0,0.0,32.0,32.0,0.3367294215131551,0.0,74.0,0.0,0.0,0.0,0.0,0.0,0.0,0.0,0.0,0.0,0.6,0.0021278112754879,1.0,0.6892320980845809,0.0,0.0,0.0,,,,,,0.0,,,,,439.0500469598919,4678.7822265625,,,,,,,,,,
475,1,475.0,0.0,32.0,32.0,0.2728124724235385,0.0,74.0,0.0,0.0,0.0,0.0,0.0,0.0,0.0,0.0,0.0,0.6,0.0021278112754879,1.0,0.6889610452579574,0.0,0.0,0.0,,,,,,0.0,,,,,435.7401940505952,4678.7822265625,,,,,,,,,,
476,1,476.0,0.0,32.0,32.0,0.1932231006212532,0.0,74.0,0.0,0.0,0.0,0.0,0.0,0.0,0.0,0.0,0.0,0.6,0.0021278112754879,1.0,0.6829877213613632,0.0,0.0,0.0,,,,,,0.0,,,,,436.16674200166017,4692.1806640625,,,,,,,,,,
477,1,477.0,0.0,32.0,32.0,0.2350595374591648,0.0,74.0,0.0,0.0,0.0,0.0,0.0,0.0,0.0,0.0,0.0,0.6,0.0021278112754879,1.0,0.6902420384597119,0.0,0.0,0.0,,,,,,0.0,,,,,426.5933890128508,4682.3056640625,,,,,,,,,,
478,1,478.0,0.0,32.0,32.0,0.2077795044751837,0.0,74.0,0.0,0.0,0.0,0.0,0.0,0.0,0.0,0.0,0.0,0.6,0.0021278112754879,1.0,0.6887093169219036,0.0,0.0,0.0,,,,,,0.0,,,,,434.1316169593483,4687.4541015625,,,,,,,,,,
479,1,479.0,0.0,32.0,32.0,0.1720219568815082,0.0,74.0,0.0,0.0,0.0,0.0,0.0,0.0,0.0,0.0,0.0,0.6,0.0021278112754879,1.0,0.6882102875080662,0.0,0.0,0.0,,,,,,0.0,,,,,435.1199480006471,4686.2509765625,,,,,,,,,,
480,1,480.0,0.0,32.0,32.0,0.3805229405406862,0.0,74.0,0.0,0.0,0.0,0.0,0.0,0.0,0.0,0.0,0.0,0.6,0.0021278112754879,1.0,0.6875159450205124,0.0,0.0,0.0,,,,,,0.0,,,,,439.5953509956598,4677.6728515625,,,,,,,,,,
481,1,481.0,0.0,32.0,32.0,0.0925493210088461,0.0,74.0,0.0,0.0,0.0,0.0,0.0,0.0,0.0,0.0,0.0,0.6,0.0021278112754879,1.0,0.6884395882856669,0.0,0.0,0.0,,,,,,0.0,,,,,433.4841310046613,4692.1806640625,,,,,,,,,,
482,1,482.0,0.0,32.0,32.0,0.1821689382195472,0.0,74.0,0.0,0.0,0.0,0.0,0.0,0.0,0.0,0.0,0.0,0.6,0.0021278112754879,1.0,0.6892201931311746,0.0,0.0,0.0,,,,,,0.0,,,,,437.5492539256811,4678.7822265625,,,,,,,,,,
483,1,483.0,0.0,32.0,32.0,0.0981489836703985,0.0,74.0,0.0,0.0,0.0,0.0,0.0,0.0,0.0,0.0,0.0,0.6,0.0021278112754879,1.0,0.6931744308118327,0.0,0.0,0.0,,,,,,0.0,,,,,434.38132700975984,4687.4541015625,,,,,,,,,,
484,1,484.0,0.0,32.0,32.0,0.2950978013686836,0.0,74.0,0.0,0.0,0.0,0.0,0.0,0.0,0.0,0.0,0.0,0.6,0.0021278112754879,1.0,0.6873325626903435,0.0,0.0,0.0,,,,,,0.0,,,,,436.7557840887457,4677.0634765625,,,,,,,,,,
485,1,485.0,0.0,32.0,32.0,0.1634260443970561,0.0,74.0,0.0,0.0,0.0,0.0,0.0,0.0,0.0,0.0,0.0,0.6,0.0021278112754879,1.0,0.6980602515828361,0.0,0.0,0.0,,,,,,0.0,,,,,433.5158379981294,4679.3603515625,,,,,,,,,,
486,1,486.0,0.0,32.0,32.0,0.2155629794578999,0.0,74.0,0.0,0.0,0.0,0.0,0.0,0.0,0.0,0.0,0.0,0.6,0.0021278112754879,1.0,0.6873797236598301,0.0,0.0,0.0,,,,,,0.0,,,,,431.6173120168969,4688.4384765625,,,,,,,,,,
487,1,487.0,0.0,32.0,32.0,0.2412343207979574,0.0,74.0,0.0,0.0,0.0,0.0,0.0,0.0,0.0,0.0,0.0,0.6,0.0021278112754879,1.0,0.6871005981573752,0.0,0.0,0.0,,,,,,0.0,,,,,435.95158599782735,4683.2041015625,,,,,,,,,,
488,1,488.0,0.0,32.0,32.0,0.3729453614214435,0.0,74.0,0.0,0.0,0.0,0.0,0.0,0.0,0.0,0.0,0.0,0.6,0.0021278112754879,1.0,0.6856069192690155,0.0,0.0,0.0,,,,,,0.0,,,,,437.12857796344906,4692.1806640625,,,,,,,,,,
489,1,489.0,0.0,32.0,32.0,0.4910033824853599,0.0,74.0,0.0,0.0,0.0,0.0,0.0,0.0,0.0,0.0,0.0,0.6,0.0021278112754879,1.0,0.6879266684018878,0.0,0.0,0.0,,,,,,0.0,,,,,433.3525679539889,4683.5947265625,,,,,,,,,,
490,1,490.0,0.0,32.0,32.0,0.4752718962263316,0.0,74.0,0.0,0.0,0.0,0.0,0.0,0.0,0.0,0.0,0.0,0.6,0.0021278112754879,1.0,0.6884011385153423,0.0,0.0,0.0,,,,,,0.0,,,,,438.51947505027056,4681.9072265625,,,,,,,,,,
491,1,491.0,0.0,32.0,32.0,0.184572308557108,0.0,74.0,0.0,0.0,0.0,0.0,0.0,0.0,0.0,0.0,0.0,0.6,0.0021278112754879,1.0,0.6899167057701733,0.0,0.0,0.0,,,,,,0.0,,,,,429.5619810000062,4679.6416015625,,,,,,,,,,
492,1,492.0,0.0,32.0,32.0,0.1790136126801371,0.0,74.0,0.0,0.0,0.0,0.0,0.0,0.0,0.0,0.0,0.0,0.6,0.0021278112754879,1.0,0.6857020519552817,0.0,0.0,0.0,,,,,,0.0,,,,,438.8566280249506,4681.0087890625,,,,,,,,,,
493,1,493.0,0.0,32.0,32.0,0.0676082109566778,0.0,74.0,0.0,0.0,0.0,0.0,0.0,0.0,0.0,0.0,0.0,0.6,0.0021278112754879,1.0,0.6887293539257003,0.0,0.0,0.0,,,,,,0.0,,,,,434.2566370032728,4683.2041015625,,,,,,,,,,
494,1,494.0,0.0,32.0,32.0,0.1383199784904718,0.0,74.0,0.0,0.0,0.0,0.0,0.0,0.0,0.0,0.0,0.0,0.6,0.0021278112754879,1.0,0.6905309161840237,0.0,0.0,0.0,,,,,,0.0,,,,,434.2534680617973,4678.2197265625,,,,,,,,,,
495,1,495.0,0.0,32.0,32.0,0.1125160148367285,0.0,74.0,0.0,0.0,0.0,0.0,0.0,0.0,0.0,0.0,0.0,0.6,0.0021278112754879,1.0,0.6960782007266474,0.0,0.0,0.0,,,,,,0.0,,,,,429.8893919913098,4679.9541015625,,,,,,,,,,
496,1,496.0,0.0,32.0,32.0,0.3311435328796506,0.0,74.0,0.0,0.0,0.0,0.0,0.0,0.0,0.0,0.0,0.0,0.6,0.0021278112754879,1.0,0.6903998553644964,0.0,0.0,0.0,,,,,,0.0,,,,,438.6465069837868,4677.0634765625,,,,,,,,,,
497,1,497.0,0.0,32.0,32.0,0.0804846473038196,0.0,74.0,0.0,0.0,0.0,0.0,0.0,0.0,0.0,0.0,0.0,0.6,0.0021278112754879,1.0,0.6868717460368018,0.0,0.0,0.0,,,,,,0.0,,,,,434.5611449098215,4679.9541015625,,,,,,,,,,
498,1,498.0,0.0,32.0,32.0,0.0922000540886074,0.0,74.0,0.0,0.0,0.0,0.0,0.0,0.0,0.0,0.0,0.0,0.6,0.0021278112754879,1.0,0.6850414158218455,0.0,0.0,0.0,,,,,,0.0,,,,,437.4756918987259,4677.6728515625,,,,,,,,,,
499,1,499.0,0.0,32.0,32.0,0.2766276956535876,0.0,74.0,0.0,0.0,0.0,0.0,0.0,0.0,0.0,0.0,0.0,0.6,0.0021278112754879,1.0,0.6806770465244432,0.0,0.0,0.0,,,,,,0.0,,,,,429.6071029966697,4677.6728515625,,,,,,,,,,
500,1,500.0,0.0,32.0,32.0,0.2326726447790861,0.0,74.0,0.0,0.0,0.0,0.0,0.0,0.0,0.0,0.0,0.0,0.6,0.0021278112754879,1.0,0.6864535110237049,0.0,0.0,0.0,,,,,,0.0,,,,,440.165207022801,4681.9072265625,,,,,,,,,,
501,1,501.0,0.0,32.0,32.0,0.5027104476466775,0.0,74.0,0.0,0.0,0.0,0.0,0.0,0.0,0.0,0.0,0.0,0.6,0.0021278112754879,1.0,0.6936591785270074,0.0,0.0,0.0,,,,,,0.0,,,,,433.8636320317164,4681.1572265625,,,,,,,,,,
502,1,502.0,0.0,32.0,32.0,0.0994243933819234,0.0,74.0,0.0,0.0,0.0,0.0,0.0,0.0,0.0,0.0,0.0,0.6,0.0021278112754879,1.0,0.6950613507033895,0.0,0.0,0.0,,,,,,0.0,,,,,439.39939804840833,4692.1806640625,,,,,,,,,,
503,1,503.0,0.0,32.0,32.0,0.1249473956413567,0.0,74.0,0.0,0.0,0.0,0.0,0.0,0.0,0.0,0.0,0.0,0.6,0.0021278112754879,1.0,0.6899921246676995,0.0,0.0,0.0,,,,,,0.0,,,,,432.26095696445554,4679.5009765625,,,,,,,,,,
504,1,504.0,0.0,32.0,32.0,0.2648929276037961,0.0,74.0,0.0,0.0,0.0,0.0,0.0,0.0,0.0,0.0,0.0,0.6,0.0021278112754879,1.0,0.6881273677642621,0.0,0.0,0.0,,,,,,0.0,,,,,433.7540799751878,4681.8291015625,,,,,,,,,,
505,1,505.0,0.0,32.0,32.0,0.217803088016808,0.0,74.0,0.0,0.0,0.0,0.0,0.0,0.0,0.0,0.0,0.0,0.6,0.0021278112754879,1.0,0.6888885196598753,0.0,0.0,0.0,,,,,,0.0,,,,,435.86129101458937,4677.6728515625,,,,,,,,,,
506,1,506.0,0.0,32.0,32.0,0.1127513352548703,0.0,74.0,0.0,0.0,0.0,0.0,0.0,0.0,0.0,0.0,0.0,0.6,0.0021278112754879,1.0,0.6882933185107653,0.0,0.0,0.0,,,,,,0.0,,,,,437.6977130305022,4687.4541015625,,,,,,,,,,
507,1,507.0,0.0,32.0,32.0,0.1889495272189378,0.0,74.0,0.0,0.0,0.0,0.0,0.0,0.0,0.0,0.0,0.0,0.6,0.0021278112754879,1.0,0.6912270237031091,0.0,0.0,0.0,,,,,,0.0,,,,,431.7330960184336,4679.6416015625,,,,,,,,,,
508,1,508.0,0.0,32.0,32.0,0.4655185425654053,0.0,74.0,0.0,0.0,0.0,0.0,0.0,0.0,0.0,0.0,0.0,0.6,0.0021278112754879,1.0,0.6872331289055269,0.0,0.0,0.0,,,,,,0.0,,,,,435.5723630869761,4683.2041015625,,,,,,,,,,
509,1,509.0,0.0,32.0,32.0,0.1817704534623772,0.0,74.0,0.0,0.0,0.0,0.0,0.0,0.0,0.0,0.0,0.0,0.6,0.0021278112754879,1.0,0.6922605160784352,0.0,0.0,0.0,,,,,,0.0,,,,,434.7400210099295,4681.0087890625,,,,,,,,,,
510,1,510.0,0.0,32.0,32.0,0.0548601266928017,0.0,74.0,0.0,0.0,0.0,0.0,0.0,0.0,0.0,0.0,0.0,0.6,0.0021278112754879,1.0,0.685373686058626,0.0,0.0,0.0,,,,,,0.0,,,,,439.4109300337732,4680.0166015625,,,,,,,,,,
511,1,511.0,0.0,32.0,32.0,0.0988450781442225,0.0,74.0,0.0,0.0,0.0,0.0,0.0,0.0,0.0,0.0,0.0,0.6,0.0021278112754879,1.0,0.6870697216553342,0.0,0.0,0.0,,,,,,0.0,,,,,435.760660097003,4683.2041015625,,,,,,,,,,
512,1,512.0,0.0,32.0,32.0,0.198281011544168,0.0,74.0,0.0,0.0,0.0,0.0,0.0,0.0,0.0,0.0,0.0,0.6,0.0021278112754879,1.0,0.6885855327574176,0.0,0.0,0.0,,,,,,0.0,,,,,435.0470850476995,4687.4541015625,,,,,,,,,,
513,1,513.0,0.0,32.0,32.0,0.1376267087180167,0.0,74.0,0.0,0.0,0.0,0.0,0.0,0.0,0.0,0.0,0.0,0.6,0.0021278112754879,1.0,0.6893350018709831,0.0,0.0,0.0,,,,,,0.0,,,,,432.8056500526145,4680.0166015625,,,,,,,,,,
514,1,514.0,0.0,32.0,32.0,0.1941572520881891,0.0,74.0,0.0,0.0,0.0,0.0,0.0,0.0,0.0,0.0,0.0,0.6,0.0021278112754879,1.0,0.6897384645014786,0.0,0.0,0.0,,,,,,0.0,,,,,440.49531500786543,4680.0166015625,,,,,,,,,,
515,1,515.0,0.0,32.0,32.0,0.1134354162495583,0.0,74.0,0.0,0.0,0.0,0.0,0.0,0.0,0.0,0.0,0.0,0.6,0.0021278112754879,1.0,0.68605058727426,0.0,0.0,0.0,,,,,,0.0,,,,,432.48706602025777,4686.2509765625,,,,,,,,,,
516,1,516.0,0.0,32.0,32.0,0.3221110384911299,0.0,74.0,0.0,0.0,0.0,0.0,0.0,0.0,0.0,0.0,0.0,0.6,0.0021278112754879,1.0,0.6924777070985491,0.0,0.0,0.0,,,,,,0.0,,,,,433.6348329670727,4672.6572265625,,,,,,,,,,
517,1,517.0,0.0,32.0,32.0,0.1722460289020091,0.0,74.0,0.0,0.0,0.0,0.0,0.0,0.0,0.0,0.0,0.0,0.6,0.0021278112754879,1.0,0.6881627340498682,0.0,0.0,0.0,,,,,,0.0,,,,,430.1734250038862,4679.9541015625,,,,,,,,,,
518,1,518.0,0.0,32.0,32.0,0.10978210484609,0.0,74.0,0.0,0.0,0.0,0.0,0.0,0.0,0.0,0.0,0.0,0.6,0.0021278112754879,1.0,0.689993059951176,0.0,0.0,0.0,,,,,,0.0,,,,,437.90555803570896,4681.9072265625,,,,,,,,,,
519,1,519.0,0.0,32.0,32.0,0.2123818770051002,0.0,74.0,0.0,0.0,0.0,0.0,0.0,0.0,0.0,0.0,0.0,0.6,0.0021278112754879,1.0,0.6879123773229096,0.0,0.0,0.0,,,,,,0.0,,,,,436.77750299684703,4678.7822265625,,,,,,,,,,
520,1,520.0,0.0,32.0,32.0,0.14637265750207,0.0,74.0,0.0,0.0,0.0,0.0,0.0,0.0,0.0,0.0,0.0,0.6,0.0021278112754879,1.0,0.690255216599306,0.0,0.0,0.0,,,,,,0.0,,,,,435.3284429525957,4679.6416015625,,,,,,,,,,
521,1,521.0,0.0,32.0,32.0,0.1976466786582023,0.0,74.0,0.0,0.0,0.0,0.0,0.0,0.0,0.0,0.0,0.0,0.6,0.0021278112754879,1.0,0.690667707976666,0.0,0.0,0.0,,,,,,0.0,,,,,427.1602390799672,4688.4384765625,,,,,,,,,,
522,1,522.0,0.0,32.0,32.0,0.289494999917224,0.0,74.0,0.0,0.0,0.0,0.0,0.0,0.0,0.0,0.0,0.0,0.6,0.0021278112754879,1.0,0.692748812755157,0.0,0.0,0.0,,,,,,0.0,,,,,438.1099530728534,4679.9541015625,,,,,,,,,,
523,1,523.0,0.0,32.0,32.0,0.0893652460072189,0.0,74.0,0.0,0.0,0.0,0.0,0.0,0.0,0.0,0.0,0.0,0.6,0.0021278112754879,1.0,0.6863713851524745,0.0,0.0,0.0,,,,,,0.0,,,,,434.7866040188819,4680.0166015625,,,,,,,,,,
524,1,524.0,0.0,32.0,32.0,0.3681013188324868,0.0,74.0,0.0,0.0,0.0,0.0,0.0,0.0,0.0,0.0,0.0,0.6,0.0021278112754879,1.0,0.6964351012690443,0.0,0.0,0.0,,,,,,0.0,,,,,439.94295701850206,4679.9541015625,,,,,,,,,,
525,1,525.0,0.0,32.0,32.0,0.3090719623723998,0.0,74.0,0.0,0.0,0.0,0.0,0.0,0.0,0.0,0.0,0.0,0.6,0.0021278112754879,1.0,0.691106912813567,0.0,0.0,0.0,,,,,,0.0,,,,,424.47570397052914,4678.2197265625,,,,,,,,,,
526,1,526.0,0.0,32.0,32.0,0.032573155593127,0.0,74.0,0.0,0.0,0.0,0.0,0.0,0.0,0.0,0.0,0.0,0.6,0.0021278112754879,1.0,0.6916942914072867,0.0,0.0,0.0,,,,,,0.0,,,,,436.7550370516256,4677.0634765625,,,,,,,,,,
527,1,527.0,0.0,32.0,32.0,0.0286990400636568,2.0,74.0,0.027027027027027,0.0,2.0,0.0,1.0,0.1507115215404606,0.0,0.1507115215404606,0.0,0.6,0.0021278112754879,1.0000000000415763,0.6876721823520893,-1.8878306577520078e-09,0.0,2.0,1.0,,0.5,-1.4426950249075512e-08,-9.999999889225293e-09,1.0,0.5075212210137356,0.0029094144701957,0.4985452927649021,,433.1840320955962,4677.0634765625,,,,,,,,,,
528,1,528.0,0.0,32.0,32.0,0.271238676039502,0.0,74.0,0.0,0.0,0.0,0.0,0.0,0.0,0.0,0.0,0.0,0.6,0.0021278112754879,1.0,0.6940906413471947,0.0,0.0,0.0,,,,,,0.0,,,,,438.4488459909335,4681.1572265625,,,,,,,,,,
529,1,529.0,0.0,32.0,32.0,0.2181850258493796,0.0,74.0,0.0,0.0,0.0,0.0,0.0,0.0,0.0,0.0,0.0,0.6,0.0021278112754879,1.0,0.6921067727137147,0.0,0.0,0.0,,,,,,0.0,,,,,426.0764450300485,4679.6416015625,,,,,,,,,,
530,1,530.0,0.0,32.0,32.0,0.3780238511972129,0.0,74.0,0.0,0.0,0.0,0.0,0.0,0.0,0.0,0.0,0.0,0.6,0.0021278112754879,1.0,0.6935022877269978,0.0,0.0,0.0,,,,,,0.0,,,,,431.383025017567,4677.0634765625,,,,,,,,,,
531,1,531.0,0.0,32.0,32.0,0.2518364962888881,0.0,74.0,0.0,0.0,0.0,0.0,0.0,0.0,0.0,0.0,0.0,0.6,0.0021278112754879,1.0,0.6889522693289227,0.0,0.0,0.0,,,,,,0.0,,,,,431.2157590175048,4687.4541015625,,,,,,,,,,
532,1,532.0,0.0,32.0,32.0,0.158872562344186,0.0,74.0,0.0,0.0,0.0,0.0,0.0,0.0,0.0,0.0,0.0,0.6,0.0021278112754879,1.0,0.6907637990704796,0.0,0.0,0.0,,,,,,0.0,,,,,437.87748203612864,4680.7509765625,,,,,,,,,,
533,1,533.0,0.0,32.0,32.0,0.1205456156749278,0.0,74.0,0.0,0.0,0.0,0.0,0.0,0.0,0.0,0.0,0.0,0.6,0.0021278112754879,1.0,0.6874174619832574,0.0,0.0,0.0,,,,,,0.0,,,,,425.25026306975633,4692.1806640625,,,,,,,,,,
534,1,534.0,0.0,32.0,32.0,0.1644485376309603,0.0,74.0,0.0,0.0,0.0,0.0,0.0,0.0,0.0,0.0,0.0,0.6,0.0021278112754879,1.0,0.6905419469371956,0.0,0.0,0.0,,,,,,0.0,,,,,433.7351630674675,4677.6728515625,,,,,,,,,,
535,1,535.0,0.0,32.0,32.0,0.0183040348347276,24.0,74.0,0.3243243243243243,6.0,18.0,0.25,0.75,0.1511361469526801,0.1459536704350411,0.1528636391252265,0.0,0.6,0.0021278112754879,0.9999999996006782,0.6844093849136412,3.336747308262749e-09,6.0,18.0,0.5,3.0,1.0,0.8112780956052325,0.5623351246188086,2.0,0.5118666901879625,-0.0005331537104211,0.5002665768552106,-0.0015738825244593,447.28839700110257,4699.4033203125,,,,,,,,,,
536,1,536.0,0.0,32.0,32.0,0.1802639965899288,0.0,74.0,0.0,0.0,0.0,0.0,0.0,0.0,0.0,0.0,0.0,0.6,0.0021278112754879,1.0,0.6903525109911535,0.0,0.0,0.0,,,,,,0.0,,,,,442.121236003004,4681.8291015625,,,,,,,,,,
537,1,537.0,0.0,32.0,32.0,0.2287408283445984,0.0,74.0,0.0,0.0,0.0,0.0,0.0,0.0,0.0,0.0,0.0,0.6,0.0021278112754879,1.0,0.6921724750174709,0.0,0.0,0.0,,,,,,0.0,,,,,508.8691679993645,4681.9072265625,,,,,,,,,,
538,1,538.0,0.0,32.0,32.0,0.154428518959321,0.0,74.0,0.0,0.0,0.0,0.0,0.0,0.0,0.0,0.0,0.0,0.6,0.0021278112754879,1.0,0.6907247583671233,0.0,0.0,0.0,,,,,,0.0,,,,,433.783567044884,4683.2041015625,,,,,,,,,,
539,1,539.0,0.0,32.0,32.0,0.0319978343322873,0.0,74.0,0.0,0.0,0.0,0.0,0.0,0.0,0.0,0.0,0.0,0.6,0.0021278112754879,1.0,0.696703919917863,0.0,0.0,0.0,,,,,,0.0,,,,,441.1128329811618,4688.4384765625,,,,,,,,,,
540,1,540.0,0.0,32.0,32.0,0.3252867487026378,0.0,74.0,0.0,0.0,0.0,0.0,0.0,0.0,0.0,0.0,0.0,0.6,0.0021278112754879,1.0,0.6951448518589467,0.0,0.0,0.0,,,,,,0.0,,,,,432.70590901374817,4688.2978515625,,,,,,,,,,
541,1,541.0,0.0,32.0,32.0,0.1625770109239965,0.0,74.0,0.0,0.0,0.0,0.0,0.0,0.0,0.0,0.0,0.0,0.6,0.0021278112754879,1.0,0.6906383237185455,0.0,0.0,0.0,,,,,,0.0,,,,,438.7159259058535,4688.2978515625,,,,,,,,,,
542,1,542.0,0.0,32.0,32.0,0.0318723488016985,0.0,74.0,0.0,0.0,0.0,0.0,0.0,0.0,0.0,0.0,0.0,0.6,0.0021278112754879,1.0,0.6911493968828389,0.0,0.0,0.0,,,,,,0.0,,,,,437.1983680175617,4680.7509765625,,,,,,,,,,
543,1,543.0,0.0,32.0,32.0,0.3885495602153241,0.0,74.0,0.0,0.0,0.0,0.0,0.0,0.0,0.0,0.0,0.0,0.6,0.0021278112754879,1.0,0.6907619771872672,0.0,0.0,0.0,,,,,,0.0,,,,,432.2552439989522,4679.6416015625,,,,,,,,,,
544,1,544.0,0.0,32.0,32.0,0.1962695630500093,0.0,74.0,0.0,0.0,0.0,0.0,0.0,0.0,0.0,0.0,0.0,0.6,0.0021278112754879,1.0,0.6897648308188167,0.0,0.0,0.0,,,,,,0.0,,,,,435.175159946084,4680.6884765625,,,,,,,,,,
545,1,545.0,0.0,32.0,32.0,0.285468267975375,0.0,74.0,0.0,0.0,0.0,0.0,0.0,0.0,0.0,0.0,0.0,0.6,0.0021278112754879,1.0,0.6947070585744198,0.0,0.0,0.0,,,,,,0.0,,,,,440.9293410135433,4677.0634765625,,,,,,,,,,
546,1,546.0,0.0,32.0,32.0,0.1694387716706842,0.0,74.0,0.0,0.0,0.0,0.0,0.0,0.0,0.0,0.0,0.0,0.6,0.0021278112754879,1.0,0.6920107185975248,0.0,0.0,0.0,,,,,,0.0,,,,,437.9636760568246,4683.2041015625,,,,,,,,,,
547,1,547.0,0.0,32.0,32.0,0.3161088465130888,0.0,74.0,0.0,0.0,0.0,0.0,0.0,0.0,0.0,0.0,0.0,0.6,0.0021278112754879,1.0,0.6885063190159617,0.0,0.0,0.0,,,,,,0.0,,,,,434.455694979988,4681.5634765625,,,,,,,,,,
548,1,548.0,0.0,32.0,32.0,0.1480634247418493,0.0,74.0,0.0,0.0,0.0,0.0,0.0,0.0,0.0,0.0,0.0,0.6,0.0021278112754879,1.0,0.6952211867747022,0.0,0.0,0.0,,,,,,0.0,,,,,431.47362500894815,4681.9072265625,,,,,,,,,,
549,1,549.0,0.0,32.0,32.0,0.1022751438431441,0.0,74.0,0.0,0.0,0.0,0.0,0.0,0.0,0.0,0.0,0.0,0.6,0.0021278112754879,1.0,0.6917813521474139,0.0,0.0,0.0,,,,,,0.0,,,,,439.5041590323672,4681.8291015625,,,,,,,,,,
550,1,550.0,0.0,32.0,32.0,0.0458779034670442,0.0,74.0,0.0,0.0,0.0,0.0,0.0,0.0,0.0,0.0,0.0,0.6,0.0021278112754879,1.0,0.6967258936798092,0.0,0.0,0.0,,,,,,0.0,,,,,435.1632599718869,4688.2978515625,,,,,,,,,,
551,1,551.0,0.0,32.0,32.0,0.2241092341719195,0.0,74.0,0.0,0.0,0.0,0.0,0.0,0.0,0.0,0.0,0.0,0.6,0.0021278112754879,1.0,0.6864221077764289,0.0,0.0,0.0,,,,,,0.0,,,,,435.9080079011619,4680.2822265625,,,,,,,,,,
552,1,552.0,0.0,32.0,32.0,0.2980209765373729,0.0,74.0,0.0,0.0,0.0,0.0,0.0,0.0,0.0,0.0,0.0,0.6,0.0021278112754879,1.0,0.6842565038149234,0.0,0.0,0.0,,,,,,0.0,,,,,431.26324005424976,4677.6728515625,,,,,,,,,,
553,1,553.0,0.0,32.0,32.0,0.1314457992557436,0.0,74.0,0.0,0.0,0.0,0.0,0.0,0.0,0.0,0.0,0.0,0.6,0.0021278112754879,1.0,0.6886456644597959,0.0,0.0,0.0,,,,,,0.0,,,,,440.9034460550174,4680.6884765625,,,,,,,,,,
554,1,554.0,0.0,32.0,32.0,0.1135130852926522,0.0,74.0,0.0,0.0,0.0,0.0,0.0,0.0,0.0,0.0,0.0,0.6,0.0021278112754879,1.0,0.69173215105086,0.0,0.0,0.0,,,,,,0.0,,,,,435.1886350195855,4678.7822265625,,,,,,,,,,
555,1,555.0,0.0,32.0,32.0,0.3038040250539779,0.0,74.0,0.0,0.0,0.0,0.0,0.0,0.0,0.0,0.0,0.0,0.6,0.0021278112754879,1.0,0.6894520302904269,0.0,0.0,0.0,,,,,,0.0,,,,,440.3843960026279,4681.8291015625,,,,,,,,,,
556,1,556.0,0.0,32.0,32.0,0.1852752062259242,0.0,74.0,0.0,0.0,0.0,0.0,0.0,0.0,0.0,0.0,0.0,0.6,0.0021278112754879,1.0,0.6915946962502578,0.0,0.0,0.0,,,,,,0.0,,,,,431.18926498573273,4681.8291015625,,,,,,,,,,
557,1,557.0,0.0,32.0,32.0,0.3468522031325847,0.0,74.0,0.0,0.0,0.0,0.0,0.0,0.0,0.0,0.0,0.0,0.6,0.0021278112754879,1.0,0.689258602413927,0.0,0.0,0.0,,,,,,0.0,,,,,438.2690310012549,4686.2197265625,,,,,,,,,,
558,1,558.0,0.0,32.0,32.0,0.1676850550575181,0.0,74.0,0.0,0.0,0.0,0.0,0.0,0.0,0.0,0.0,0.0,0.6,0.0021278112754879,1.0,0.696367484567062,0.0,0.0,0.0,,,,,,0.0,,,,,435.3571950923652,4683.5947265625,,,,,,,,,,
559,1,559.0,0.0,32.0,32.0,0.3629134262446314,0.0,74.0,0.0,0.0,0.0,0.0,0.0,0.0,0.0,0.0,0.0,0.6,0.0021278112754879,1.0,0.6857792288731747,0.0,0.0,0.0,,,,,,0.0,,,,,439.247993985191,4684.4384765625,,,,,,,,,,
560,1,560.0,0.0,32.0,32.0,0.0720591098070144,0.0,74.0,0.0,0.0,0.0,0.0,0.0,0.0,0.0,0.0,0.0,0.6,0.0021278112754879,1.0,0.6907819341860401,0.0,0.0,0.0,,,,,,0.0,,,,,431.9986319169402,4686.2509765625,,,,,,,,,,
561,1,561.0,0.0,32.0,32.0,0.0850449341814965,0.0,74.0,0.0,0.0,0.0,0.0,0.0,0.0,0.0,0.0,0.0,0.6,0.0021278112754879,1.0,0.6927654580898807,0.0,0.0,0.0,,,,,,0.0,,,,,433.4968130569905,4686.0634765625,,,,,,,,,,
562,1,562.0,0.0,32.0,32.0,0.2585605869535357,0.0,74.0,0.0,0.0,0.0,0.0,0.0,0.0,0.0,0.0,0.0,0.6,0.0021278112754879,1.0,0.688617575333766,0.0,0.0,0.0,,,,,,0.0,,,,,432.26240400690585,4679.3603515625,,,,,,,,,,
563,1,563.0,0.0,32.0,32.0,0.0612005409784615,0.0,74.0,0.0,0.0,0.0,0.0,0.0,0.0,0.0,0.0,0.0,0.6,0.0021278112754879,1.0,0.6897244939248892,0.0,0.0,0.0,,,,,,0.0,,,,,440.964074106887,4681.1572265625,,,,,,,,,,
564,1,564.0,0.0,32.0,32.0,0.2330959809478372,0.0,74.0,0.0,0.0,0.0,0.0,0.0,0.0,0.0,0.0,0.0,0.6,0.0021278112754879,1.0,0.6856510816054819,0.0,0.0,0.0,,,,,,0.0,,,,,434.8885420477018,4679.5009765625,,,,,,,,,,
565,1,565.0,0.0,32.0,32.0,0.1335273014847189,0.0,74.0,0.0,0.0,0.0,0.0,0.0,0.0,0.0,0.0,0.0,0.6,0.0021278112754879,1.0,0.688872511802786,0.0,0.0,0.0,,,,,,0.0,,,,,432.6570819830522,4692.1806640625,,,,,,,,,,
566,1,566.0,0.0,32.0,32.0,0.2048835847526788,0.0,74.0,0.0,0.0,0.0,0.0,0.0,0.0,0.0,0.0,0.0,0.6,0.0021278112754879,1.0,0.6932224543119794,0.0,0.0,0.0,,,,,,0.0,,,,,434.4906019978225,4684.4384765625,,,,,,,,,,
567,1,567.0,0.0,32.0,32.0,0.1791628203354776,0.0,74.0,0.0,0.0,0.0,0.0,0.0,0.0,0.0,0.0,0.0,0.6,0.0021278112754879,1.0,0.6898383171679977,0.0,0.0,0.0,,,,,,0.0,,,,,440.9791559446603,4681.1572265625,,,,,,,,,,
568,1,568.0,0.0,32.0,32.0,0.0715696006081998,0.0,74.0,0.0,0.0,0.0,0.0,0.0,0.0,0.0,0.0,0.0,0.6,0.0021278112754879,1.0,0.6888891827977704,0.0,0.0,0.0,,,,,,0.0,,,,,434.54988405574113,4680.7509765625,,,,,,,,,,
569,1,569.0,0.0,32.0,32.0,0.0514144320040941,0.0,74.0,0.0,0.0,0.0,0.0,0.0,0.0,0.0,0.0,0.0,0.6,0.0021278112754879,1.0,0.6900270456702914,0.0,0.0,0.0,,,,,,0.0,,,,,437.00161995366216,4678.7822265625,,,,,,,,,,
570,1,570.0,0.0,32.0,32.0,0.0452832703012973,0.0,74.0,0.0,0.0,0.0,0.0,0.0,0.0,0.0,0.0,0.0,0.6,0.0021278112754879,1.0,0.6904879165495705,0.0,0.0,0.0,,,,,,0.0,,,,,431.70426902361214,4677.0634765625,,,,,,,,,,
571,1,571.0,0.0,32.0,32.0,0.3066940191201865,0.0,74.0,0.0,0.0,0.0,0.0,0.0,0.0,0.0,0.0,0.0,0.6,0.0021278112754879,1.0,0.6961288773173295,0.0,0.0,0.0,,,,,,0.0,,,,,439.1877739690244,4680.0166015625,,,,,,,,,,
572,1,572.0,0.0,32.0,32.0,0.1285482993116602,0.0,74.0,0.0,0.0,0.0,0.0,0.0,0.0,0.0,0.0,0.0,0.6,0.0021278112754879,1.0,0.683906238899605,0.0,0.0,0.0,,,,,,0.0,,,,,431.4768509939313,4688.4384765625,,,,,,,,,,
573,1,573.0,0.0,32.0,32.0,0.3554611703148111,0.0,74.0,0.0,0.0,0.0,0.0,0.0,0.0,0.0,0.0,0.0,0.6,0.0021278112754879,1.0,0.6881780131282422,0.0,0.0,0.0,,,,,,0.0,,,,,433.0748340580613,4678.2197265625,,,,,,,,,,
574,1,574.0,0.0,32.0,32.0,0.1982807264430448,0.0,74.0,0.0,0.0,0.0,0.0,0.0,0.0,0.0,0.0,0.0,0.6,0.0021278112754879,1.0,0.6905555898129222,0.0,0.0,0.0,,,,,,0.0,,,,,424.7387140057981,4678.2197265625,,,,,,,,,,
575,1,575.0,0.0,32.0,32.0,0.1709894628729671,0.0,74.0,0.0,0.0,0.0,0.0,0.0,0.0,0.0,0.0,0.0,0.6,0.0021278112754879,1.0,0.6928150724144024,0.0,0.0,0.0,,,,,,0.0,,,,,436.6187999257818,4678.2197265625,,,,,,,,,,
576,1,576.0,0.0,32.0,32.0,0.240654649445787,0.0,74.0,0.0,0.0,0.0,0.0,0.0,0.0,0.0,0.0,0.0,0.6,0.0021278112754879,1.0,0.6876361149685072,0.0,0.0,0.0,,,,,,0.0,,,,,435.3805829305202,4680.0166015625,,,,,,,,,,
577,1,577.0,0.0,32.0,32.0,0.2921650563366711,0.0,74.0,0.0,0.0,0.0,0.0,0.0,0.0,0.0,0.0,0.0,0.6,0.0021278112754879,1.0,0.6886884946666297,0.0,0.0,0.0,,,,,,0.0,,,,,435.95664598979056,4686.2509765625,,,,,,,,,,
578,1,578.0,0.0,32.0,32.0,0.0876535885035991,0.0,74.0,0.0,0.0,0.0,0.0,0.0,0.0,0.0,0.0,0.0,0.6,0.0021278112754879,1.0,0.6909667152661455,0.0,0.0,0.0,,,,,,0.0,,,,,428.2552500953898,4679.6416015625,,,,,,,,,,
579,1,579.0,0.0,32.0,32.0,0.1785827579442411,0.0,74.0,0.0,0.0,0.0,0.0,0.0,0.0,0.0,0.0,0.0,0.6,0.0021278112754879,1.0,0.689650014754248,0.0,0.0,0.0,,,,,,0.0,,,,,438.597101951018,4688.4384765625,,,,,,,,,,
580,1,580.0,0.0,32.0,32.0,0.3308358155190944,0.0,74.0,0.0,0.0,0.0,0.0,0.0,0.0,0.0,0.0,0.0,0.6,0.0021278112754879,1.0,0.6890654263263906,0.0,0.0,0.0,,,,,,0.0,,,,,435.8448140555993,4683.2041015625,,,,,,,,,,
581,1,581.0,0.0,32.0,32.0,0.4157425728626549,0.0,74.0,0.0,0.0,0.0,0.0,0.0,0.0,0.0,0.0,0.0,0.6,0.0021278112754879,1.0,0.6926600993733371,0.0,0.0,0.0,,,,,,0.0,,,,,440.7550339819864,4680.6884765625,,,,,,,,,,
582,1,582.0,0.0,32.0,32.0,0.0785481157945469,0.0,74.0,0.0,0.0,0.0,0.0,0.0,0.0,0.0,0.0,0.0,0.6,0.0021278112754879,1.0,0.6845797962975392,0.0,0.0,0.0,,,,,,0.0,,,,,430.8000149903819,4680.0166015625,,,,,,,,,,
583,1,583.0,0.0,32.0,32.0,0.205994923133403,0.0,74.0,0.0,0.0,0.0,0.0,0.0,0.0,0.0,0.0,0.0,0.6,0.0021278112754879,1.0,0.691042665172668,0.0,0.0,0.0,,,,,,0.0,,,,,437.98040703404695,4693.5009765625,,,,,,,,,,
584,1,584.0,0.0,32.0,32.0,0.0826637567952275,0.0,74.0,0.0,0.0,0.0,0.0,0.0,0.0,0.0,0.0,0.0,0.6,0.0021278112754879,1.0,0.6926736652671168,0.0,0.0,0.0,,,,,,0.0,,,,,433.12042602337897,4681.8291015625,,,,,,,,,,
585,1,585.0,0.0,32.0,32.0,0.1540497355163097,0.0,74.0,0.0,0.0,0.0,0.0,0.0,0.0,0.0,0.0,0.0,0.6,0.0021278112754879,1.0,0.6920596408128299,0.0,0.0,0.0,,,,,,0.0,,,,,435.9133969992399,4681.9228515625,,,,,,,,,,
586,1,586.0,0.0,32.0,32.0,0.2114888916257769,0.0,74.0,0.0,0.0,0.0,0.0,0.0,0.0,0.0,0.0,0.0,0.6,0.0021278112754879,1.0,0.6940721260191017,0.0,0.0,0.0,,,,,,0.0,,,,,427.7917760191485,4693.5009765625,,,,,,,,,,
587,1,587.0,0.0,32.0,32.0,0.3040255480445921,0.0,74.0,0.0,0.0,0.0,0.0,0.0,0.0,0.0,0.0,0.0,0.6,0.0021278112754879,1.0,0.6860947486526345,0.0,0.0,0.0,,,,,,0.0,,,,,435.3674970334396,4679.8603515625,,,,,,,,,,
588,1,588.0,0.0,32.0,32.0,0.0705004232004284,0.0,74.0,0.0,0.0,0.0,0.0,0.0,0.0,0.0,0.0,0.0,0.6,0.0021278112754879,1.0,0.6815387249157324,0.0,0.0,0.0,,,,,,0.0,,,,,431.8160869879648,4681.8291015625,,,,,,,,,,
589,1,589.0,0.0,32.0,32.0,0.1908200663747266,0.0,74.0,0.0,0.0,0.0,0.0,0.0,0.0,0.0,0.0,0.0,0.6,0.0021278112754879,1.0,0.6930978573208278,0.0,0.0,0.0,,,,,,0.0,,,,,439.13588498253375,4683.5947265625,,,,,,,,,,
590,1,590.0,0.0,32.0,32.0,0.1374316836008802,0.0,74.0,0.0,0.0,0.0,0.0,0.0,0.0,0.0,0.0,0.0,0.6,0.0021278112754879,1.0,0.6901775604867714,0.0,0.0,0.0,,,,,,0.0,,,,,430.0244010519236,4679.9541015625,,,,,,,,,,
591,1,591.0,0.0,32.0,32.0,0.2318395616021007,0.0,74.0,0.0,0.0,0.0,0.0,0.0,0.0,0.0,0.0,0.0,0.6,0.0021278112754879,1.0,0.680628438890754,0.0,0.0,0.0,,,,,,0.0,,,,,435.2933570044115,4682.3056640625,,,,,,,,,,
592,1,592.0,0.0,32.0,32.0,0.273698394652456,0.0,74.0,0.0,0.0,0.0,0.0,0.0,0.0,0.0,0.0,0.0,0.6,0.0021278112754879,1.0,0.6864083563046338,0.0,0.0,0.0,,,,,,0.0,,,,,434.4929839717224,4679.9541015625,,,,,,,,,,
593,1,593.0,0.0,32.0,32.0,0.2737854307051748,0.0,74.0,0.0,0.0,0.0,0.0,0.0,0.0,0.0,0.0,0.0,0.6,0.0021278112754879,1.0,0.6856992217868457,0.0,0.0,0.0,,,,,,0.0,,,,,438.4158339817077,4679.9541015625,,,,,,,,,,
594,1,594.0,0.0,32.0,32.0,0.1562924855388701,0.0,74.0,0.0,0.0,0.0,0.0,0.0,0.0,0.0,0.0,0.0,0.6,0.0021278112754879,1.0,0.6876252981932511,0.0,0.0,0.0,,,,,,0.0,,,,,433.1380039220676,4679.6416015625,,,,,,,,,,
595,1,595.0,0.0,32.0,32.0,0.2438262528739869,0.0,74.0,0.0,0.0,0.0,0.0,0.0,0.0,0.0,0.0,0.0,0.6,0.0021278112754879,1.0,0.6891573424291596,0.0,0.0,0.0,,,,,,0.0,,,,,435.7697509694845,4683.2041015625,,,,,,,,,,
596,1,596.0,0.0,32.0,32.0,0.2638995838351547,0.0,74.0,0.0,0.0,0.0,0.0,0.0,0.0,0.0,0.0,0.0,0.6,0.0021278112754879,1.0,0.6858102595349019,0.0,0.0,0.0,,,,,,0.0,,,,,435.7463390333578,4683.2041015625,,,,,,,,,,
597,1,597.0,0.0,32.0,32.0,0.5955284218071029,0.0,74.0,0.0,0.0,0.0,0.0,0.0,0.0,0.0,0.0,0.0,0.6,0.0021278112754879,1.0,0.6889382660996366,0.0,0.0,0.0,,,,,,0.0,,,,,438.0508869653568,4687.4541015625,,,,,,,,,,
598,1,598.0,0.0,32.0,32.0,0.0986524643376469,0.0,74.0,0.0,0.0,0.0,0.0,0.0,0.0,0.0,0.0,0.0,0.6,0.0021278112754879,1.0,0.6900069352369033,0.0,0.0,0.0,,,,,,0.0,,,,,433.8106650393456,4686.2197265625,,,,,,,,,,
599,1,599.0,0.0,32.0,32.0,0.1828257055021822,0.0,74.0,0.0,0.0,0.0,0.0,0.0,0.0,0.0,0.0,0.0,0.6,0.0021278112754879,1.0,0.6874174271869165,0.0,0.0,0.0,,,,,,0.0,,,,,434.0794110903517,4678.2197265625,,,,,,,,,,
600,1,600.0,0.0,32.0,32.0,0.2267658286727965,0.0,74.0,0.0,0.0,0.0,0.0,0.0,0.0,0.0,0.0,0.0,0.6,0.0021278112754879,1.0,0.6903140261314946,0.0,0.0,0.0,,,,,,0.0,,,,,428.30772895831615,4688.2978515625,,,,,,,,,,
601,1,601.0,0.0,32.0,32.0,0.3328395434655249,0.0,74.0,0.0,0.0,0.0,0.0,0.0,0.0,0.0,0.0,0.0,0.6,0.0021278112754879,1.0,0.6921600223790396,0.0,0.0,0.0,,,,,,0.0,,,,,440.2956690173596,4678.7509765625,,,,,,,,,,
602,1,602.0,0.0,32.0,32.0,0.3463646518066525,0.0,74.0,0.0,0.0,0.0,0.0,0.0,0.0,0.0,0.0,0.0,0.6,0.0021278112754879,1.0,0.6846693669812745,0.0,0.0,0.0,,,,,,0.0,,,,,435.1022120099515,4681.9072265625,,,,,,,,,,
603,1,603.0,0.0,32.0,32.0,0.1720498143695294,0.0,74.0,0.0,0.0,0.0,0.0,0.0,0.0,0.0,0.0,0.0,0.6,0.0021278112754879,1.0,0.6858713052339416,0.0,0.0,0.0,,,,,,0.0,,,,,435.1038950262591,4688.4384765625,,,,,,,,,,
604,1,604.0,0.0,32.0,32.0,0.0800917439628392,0.0,74.0,0.0,0.0,0.0,0.0,0.0,0.0,0.0,0.0,0.0,0.6,0.0021278112754879,1.0,0.684750685381995,0.0,0.0,0.0,,,,,,0.0,,,,,427.7241189265624,4688.4384765625,,,,,,,,,,
605,1,605.0,0.0,32.0,32.0,0.1433255663141608,0.0,74.0,0.0,0.0,0.0,0.0,0.0,0.0,0.0,0.0,0.0,0.6,0.0021278112754879,1.0,0.6865863626087116,0.0,0.0,0.0,,,,,,0.0,,,,,439.2901259707287,4681.0087890625,,,,,,,,,,
606,1,606.0,0.0,32.0,32.0,0.1709483144804835,0.0,74.0,0.0,0.0,0.0,0.0,0.0,0.0,0.0,0.0,0.0,0.6,0.0021278112754879,1.0,0.6894122802892114,0.0,0.0,0.0,,,,,,0.0,,,,,431.9548369385302,4693.5009765625,,,,,,,,,,
607,1,607.0,0.0,32.0,32.0,0.0760999852791428,0.0,74.0,0.0,0.0,0.0,0.0,0.0,0.0,0.0,0.0,0.0,0.6,0.0021278112754879,1.0,0.6844934730905531,0.0,0.0,0.0,,,,,,0.0,,,,,437.78676993679255,4686.2509765625,,,,,,,,,,
608,1,608.0,0.0,32.0,32.0,0.0789445340633392,0.0,74.0,0.0,0.0,0.0,0.0,0.0,0.0,0.0,0.0,0.0,0.6,0.0021278112754879,1.0,0.6897698928867673,0.0,0.0,0.0,,,,,,0.0,,,,,430.2825629711151,4681.1572265625,,,,,,,,,,
609,1,609.0,0.0,32.0,32.0,0.4099696713965386,0.0,74.0,0.0,0.0,0.0,0.0,0.0,0.0,0.0,0.0,0.0,0.6,0.0021278112754879,1.0,0.6867558613052279,0.0,0.0,0.0,,,,,,0.0,,,,,437.2995159355924,4692.1806640625,,,,,,,,,,
610,1,610.0,0.0,32.0,32.0,0.1554185980930924,0.0,74.0,0.0,0.0,0.0,0.0,0.0,0.0,0.0,0.0,0.0,0.6,0.0021278112754879,1.0,0.6908944413330672,0.0,0.0,0.0,,,,,,0.0,,,,,431.1677239602432,4679.9541015625,,,,,,,,,,
611,1,611.0,0.0,32.0,32.0,0.259075304493308,0.0,74.0,0.0,0.0,0.0,0.0,0.0,0.0,0.0,0.0,0.0,0.6,0.0021278112754879,1.0,0.6953859504330718,0.0,0.0,0.0,,,,,,0.0,,,,,440.3009709203616,4680.2822265625,,,,,,,,,,
612,1,612.0,0.0,32.0,32.0,0.3901296379044652,0.0,74.0,0.0,0.0,0.0,0.0,0.0,0.0,0.0,0.0,0.0,0.6,0.0021278112754879,1.0,0.6883099382049004,0.0,0.0,0.0,,,,,,0.0,,,,,429.5410920167342,4679.3603515625,,,,,,,,,,
613,1,613.0,0.0,32.0,32.0,0.0982732609845697,0.0,74.0,0.0,0.0,0.0,0.0,0.0,0.0,0.0,0.0,0.0,0.6,0.0021278112754879,1.0,0.6903318862940508,0.0,0.0,0.0,,,,,,0.0,,,,,434.9556940142065,4681.1572265625,,,,,,,,,,
614,1,614.0,0.0,32.0,32.0,0.2199389680754393,0.0,74.0,0.0,0.0,0.0,0.0,0.0,0.0,0.0,0.0,0.0,0.6,0.0021278112754879,1.0,0.6870114700070403,0.0,0.0,0.0,,,,,,0.0,,,,,434.41764707677066,4680.6884765625,,,,,,,,,,
615,1,615.0,0.0,32.0,32.0,0.0589828590163961,0.0,74.0,0.0,0.0,0.0,0.0,0.0,0.0,0.0,0.0,0.0,0.6,0.0021278112754879,1.0,0.6852819996771075,0.0,0.0,0.0,,,,,,0.0,,,,,437.07078404258937,4686.2509765625,,,,,,,,,,
616,1,616.0,0.0,32.0,32.0,0.2083737652283162,0.0,74.0,0.0,0.0,0.0,0.0,0.0,0.0,0.0,0.0,0.0,0.6,0.0021278112754879,1.0,0.687034860341632,0.0,0.0,0.0,,,,,,0.0,,,,,430.3168599726632,4680.6884765625,,,,,,,,,,
617,1,617.0,0.0,32.0,32.0,0.203282075934112,0.0,74.0,0.0,0.0,0.0,0.0,0.0,0.0,0.0,0.0,0.0,0.6,0.0021278112754879,1.0,0.6850553897513274,0.0,0.0,0.0,,,,,,0.0,,,,,517.1077708946541,4683.2041015625,,,,,,,,,,
618,1,618.0,0.0,32.0,32.0,0.4363174861064181,0.0,74.0,0.0,0.0,0.0,0.0,0.0,0.0,0.0,0.0,0.0,0.6,0.0021278112754879,1.0,0.6866944585165337,0.0,0.0,0.0,,,,,,0.0,,,,,430.8206110727042,4677.6728515625,,,,,,,,,,
619,1,619.0,0.0,32.0,32.0,0.2610752430045977,0.0,74.0,0.0,0.0,0.0,0.0,0.0,0.0,0.0,0.0,0.0,0.6,0.0021278112754879,1.0,0.6901088951020222,0.0,0.0,0.0,,,,,,0.0,,,,,443.9205978997052,4681.9072265625,,,,,,,,,,
620,1,620.0,0.0,32.0,32.0,0.1896592518314719,0.0,74.0,0.0,0.0,0.0,0.0,0.0,0.0,0.0,0.0,0.0,0.6,0.0021278112754879,1.0,0.6924628176821995,0.0,0.0,0.0,,,,,,0.0,,,,,435.3637360036373,4688.4384765625,,,,,,,,,,
621,1,621.0,0.0,32.0,32.0,0.397464734967798,0.0,74.0,0.0,0.0,0.0,0.0,0.0,0.0,0.0,0.0,0.0,0.6,0.0021278112754879,1.0,0.6862584426057788,0.0,0.0,0.0,,,,,,0.0,,,,,446.8576670624316,4681.1572265625,,,,,,,,,,
622,1,622.0,0.0,32.0,32.0,0.1699231311213225,0.0,74.0,0.0,0.0,0.0,0.0,0.0,0.0,0.0,0.0,0.0,0.6,0.0021278112754879,1.0,0.6852574106790503,0.0,0.0,0.0,,,,,,0.0,,,,,426.04312999174,4683.5947265625,,,,,,,,,,
623,1,623.0,0.0,32.0,32.0,0.1942030232166871,0.0,74.0,0.0,0.0,0.0,0.0,0.0,0.0,0.0,0.0,0.0,0.6,0.0021278112754879,1.0,0.694094958941746,0.0,0.0,0.0,,,,,,0.0,,,,,440.203299978748,4687.4541015625,,,,,,,,,,
624,1,624.0,0.0,32.0,32.0,0.3860603463836014,0.0,74.0,0.0,0.0,0.0,0.0,0.0,0.0,0.0,0.0,0.0,0.6,0.0021278112754879,1.0,0.6854638611288485,0.0,0.0,0.0,,,,,,0.0,,,,,433.9852640405297,4679.6416015625,,,,,,,,,,
625,1,625.0,0.0,32.0,32.0,0.2640809195581823,0.0,74.0,0.0,0.0,0.0,0.0,0.0,0.0,0.0,0.0,0.0,0.6,0.0021278112754879,1.0,0.6879610593572548,0.0,0.0,0.0,,,,,,0.0,,,,,437.5236959895119,4677.0634765625,,,,,,,,,,
626,1,626.0,0.0,32.0,32.0,0.1870250558713451,0.0,74.0,0.0,0.0,0.0,0.0,0.0,0.0,0.0,0.0,0.0,0.6,0.0021278112754879,1.0,0.6896710828637739,0.0,0.0,0.0,,,,,,0.0,,,,,427.6104629971087,4693.5009765625,,,,,,,,,,
627,1,627.0,0.0,32.0,32.0,0.0432792872888967,0.0,74.0,0.0,0.0,0.0,0.0,0.0,0.0,0.0,0.0,0.0,0.6,0.0021278112754879,1.0,0.6863296638762909,0.0,0.0,0.0,,,,,,0.0,,,,,440.4905299888924,4679.9541015625,,,,,,,,,,
628,1,628.0,0.0,32.0,32.0,0.1867134249769151,0.0,74.0,0.0,0.0,0.0,0.0,0.0,0.0,0.0,0.0,0.0,0.6,0.0021278112754879,1.0,0.6823595377534117,0.0,0.0,0.0,,,,,,0.0,,,,,436.78165902383626,4683.5947265625,,,,,,,,,,
629,1,629.0,0.0,32.0,32.0,0.0520958143752068,0.0,74.0,0.0,0.0,0.0,0.0,0.0,0.0,0.0,0.0,0.0,0.6,0.0021278112754879,1.0,0.6883357346966622,0.0,0.0,0.0,,,,,,0.0,,,,,439.02310205157846,4680.0166015625,,,,,,,,,,
630,1,630.0,0.0,32.0,32.0,0.1254421381745487,0.0,74.0,0.0,0.0,0.0,0.0,0.0,0.0,0.0,0.0,0.0,0.6,0.0021278112754879,1.0,0.6934866294860828,0.0,0.0,0.0,,,,,,0.0,,,,,428.0906190397218,4693.5009765625,,,,,,,,,,
631,1,631.0,0.0,32.0,32.0,0.5820557686965913,0.0,74.0,0.0,0.0,0.0,0.0,0.0,0.0,0.0,0.0,0.0,0.6,0.0021278112754879,1.0,0.6925189109021456,0.0,0.0,0.0,,,,,,0.0,,,,,434.2454019933939,4693.5009765625,,,,,,,,,,
632,1,632.0,0.0,32.0,32.0,0.0603246199898421,1.0,74.0,0.0135135135135135,1.0,0.0,1.0,0.0,0.143894369718857,0.143894369718857,0.0,0.0,0.6,0.0021278112754879,1.0,0.6925778288769899,0.0,1.0,0.0,1.0,,0.5,-1.4426950249075512e-08,-9.999999889225293e-09,1.0,0.5203521009371433,,,,436.829088954255,4677.6728515625,,,,,,,,,,
633,1,633.0,0.0,32.0,32.0,0.2251378735527396,0.0,74.0,0.0,0.0,0.0,0.0,0.0,0.0,0.0,0.0,0.0,0.6,0.0021278112754879,1.0,0.6885658795944986,0.0,0.0,0.0,,,,,,0.0,,,,,436.1537749646232,4687.4541015625,,,,,,,,,,
634,1,634.0,0.0,32.0,32.0,0.1583516572136432,0.0,74.0,0.0,0.0,0.0,0.0,0.0,0.0,0.0,0.0,0.0,0.6,0.0021278112754879,1.0,0.6862620690996802,0.0,0.0,0.0,,,,,,0.0,,,,,425.4356139572337,4688.4384765625,,,,,,,,,,
635,1,635.0,0.0,32.0,32.0,0.1548592071048915,0.0,74.0,0.0,0.0,0.0,0.0,0.0,0.0,0.0,0.0,0.0,0.6,0.0021278112754879,1.0,0.6866924512717789,0.0,0.0,0.0,,,,,,0.0,,,,,433.9451309060678,4678.7822265625,,,,,,,,,,
636,1,636.0,0.0,32.0,32.0,0.3867298634722829,0.0,74.0,0.0,0.0,0.0,0.0,0.0,0.0,0.0,0.0,0.0,0.6,0.0021278112754879,1.0,0.6959460008028664,0.0,0.0,0.0,,,,,,0.0,,,,,429.4206619961187,4688.4384765625,,,,,,,,,,
637,1,637.0,0.0,32.0,32.0,0.1484954130137339,0.0,74.0,0.0,0.0,0.0,0.0,0.0,0.0,0.0,0.0,0.0,0.6,0.0021278112754879,1.0,0.6902213878018848,0.0,0.0,0.0,,,,,,0.0,,,,,438.2553750183433,4679.3603515625,,,,,,,,,,
638,1,638.0,0.0,32.0,32.0,0.191583743551746,0.0,74.0,0.0,0.0,0.0,0.0,0.0,0.0,0.0,0.0,0.0,0.6,0.0021278112754879,1.0,0.6813949912791665,0.0,0.0,0.0,,,,,,0.0,,,,,430.3192039951682,4681.9072265625,,,,,,,,,,
639,1,639.0,0.0,32.0,32.0,0.2419669178780168,0.0,74.0,0.0,0.0,0.0,0.0,0.0,0.0,0.0,0.0,0.0,0.6,0.0021278112754879,1.0,0.6922125909315932,0.0,0.0,0.0,,,,,,0.0,,,,,430.6313010165468,4693.5009765625,,,,,,,,,,
640,1,640.0,0.0,32.0,32.0,0.2456860020756721,0.0,74.0,0.0,0.0,0.0,0.0,0.0,0.0,0.0,0.0,0.0,0.6,0.0021278112754879,1.0,0.6893192355909631,0.0,0.0,0.0,,,,,,0.0,,,,,430.0788399996236,4688.4384765625,,,,,,,,,,
641,1,641.0,0.0,32.0,32.0,0.0744277827907353,0.0,74.0,0.0,0.0,0.0,0.0,0.0,0.0,0.0,0.0,0.0,0.6,0.0021278112754879,1.0,0.6881858043479409,0.0,0.0,0.0,,,,,,0.0,,,,,439.7143230307847,4680.2822265625,,,,,,,,,,
642,1,642.0,0.0,32.0,32.0,0.4136975035071373,0.0,74.0,0.0,0.0,0.0,0.0,0.0,0.0,0.0,0.0,0.0,0.6,0.0021278112754879,1.0,0.6874845298699735,0.0,0.0,0.0,,,,,,0.0,,,,,429.0354329859838,4679.3603515625,,,,,,,,,,
643,1,643.0,0.0,32.0,32.0,0.0616731594782322,0.0,74.0,0.0,0.0,0.0,0.0,0.0,0.0,0.0,0.0,0.0,0.6,0.0021278112754879,1.0,0.6881976928169992,0.0,0.0,0.0,,,,,,0.0,,,,,431.3030350022018,4695.5166015625,,,,,,,,,,
644,1,644.0,0.0,32.0,32.0,0.1695506596006453,0.0,74.0,0.0,0.0,0.0,0.0,0.0,0.0,0.0,0.0,0.0,0.6,0.0021278112754879,1.0,0.688597128278892,0.0,0.0,0.0,,,,,,0.0,,,,,423.3019900275394,4680.2822265625,,,,,,,,,,
645,1,645.0,0.0,32.0,32.0,0.0252356484998017,19.0,74.0,0.2567567567567567,5.0,14.0,0.2631578947368421,0.7368421052631579,0.1514020031870091,0.1434841928061908,0.1542297926087299,0.0,0.6,0.0021278112754879,0.9999999999807572,0.683208783652204,-5.813034977362006e-10,5.0,14.0,0.4736842105263157,2.8,1.0,0.8314743591558288,0.5763341077567501,2.0,0.5163510995783926,-0.0008775847963988,0.5004387923981994,-0.0039140543742402,445.6838280893862,4687.0380859375,,,,,,,,,,
646,1,646.0,0.0,32.0,32.0,0.0723096916917711,0.0,74.0,0.0,0.0,0.0,0.0,0.0,0.0,0.0,0.0,0.0,0.6,0.0021278112754879,1.0,0.6923357351064965,0.0,0.0,0.0,,,,,,0.0,,,,,433.204966946505,4681.1572265625,,,,,,,,,,
647,1,647.0,0.0,32.0,32.0,0.2430480583570897,0.0,74.0,0.0,0.0,0.0,0.0,0.0,0.0,0.0,0.0,0.0,0.6,0.0021278112754879,1.0,0.692298554458699,0.0,0.0,0.0,,,,,,0.0,,,,,431.56605202239007,4679.6416015625,,,,,,,,,,
648,1,648.0,0.0,32.0,32.0,0.1734644314274191,0.0,74.0,0.0,0.0,0.0,0.0,0.0,0.0,0.0,0.0,0.0,0.6,0.0021278112754879,1.0,0.6917302855641375,0.0,0.0,0.0,,,,,,0.0,,,,,429.7975500812754,4683.2041015625,,,,,,,,,,
649,1,649.0,0.0,32.0,32.0,0.3163914305623621,0.0,74.0,0.0,0.0,0.0,0.0,0.0,0.0,0.0,0.0,0.0,0.6,0.0021278112754879,1.0,0.692857066097363,0.0,0.0,0.0,,,,,,0.0,,,,,434.9291069665924,4693.5009765625,,,,,,,,,,
650,1,650.0,0.0,32.0,32.0,0.1143373176455497,0.0,74.0,0.0,0.0,0.0,0.0,0.0,0.0,0.0,0.0,0.0,0.6,0.0021278112754879,1.0,0.6859843906309139,0.0,0.0,0.0,,,,,,0.0,,,,,427.9454069910571,4672.6572265625,,,,,,,,,,
651,1,651.0,0.0,32.0,32.0,0.0614929284201934,0.0,74.0,0.0,0.0,0.0,0.0,0.0,0.0,0.0,0.0,0.0,0.6,0.0021278112754879,1.0,0.6896620914011028,0.0,0.0,0.0,,,,,,0.0,,,,,437.0349219534546,4682.1728515625,,,,,,,,,,
652,1,652.0,0.0,32.0,32.0,0.2001790862996131,0.0,74.0,0.0,0.0,0.0,0.0,0.0,0.0,0.0,0.0,0.0,0.6,0.0021278112754879,1.0,0.6886249001683054,0.0,0.0,0.0,,,,,,0.0,,,,,425.68824090994895,4683.5947265625,,,,,,,,,,
653,1,653.0,0.0,32.0,32.0,0.1801737474743276,0.0,74.0,0.0,0.0,0.0,0.0,0.0,0.0,0.0,0.0,0.0,0.6,0.0021278112754879,1.0,0.6894616362608726,0.0,0.0,0.0,,,,,,0.0,,,,,438.1081679603085,4678.7822265625,,,,,,,,,,
654,1,654.0,0.0,32.0,32.0,0.2818563305772841,0.0,74.0,0.0,0.0,0.0,0.0,0.0,0.0,0.0,0.0,0.0,0.6,0.0021278112754879,1.0,0.6855592415917078,0.0,0.0,0.0,,,,,,0.0,,,,,431.18389102164656,4679.9541015625,,,,,,,,,,
655,1,655.0,0.0,32.0,32.0,0.1830146034481004,0.0,74.0,0.0,0.0,0.0,0.0,0.0,0.0,0.0,0.0,0.0,0.6,0.0021278112754879,1.0,0.6870424925863035,0.0,0.0,0.0,,,,,,0.0,,,,,435.4603110114113,4672.6572265625,,,,,,,,,,
656,1,656.0,0.0,32.0,32.0,0.2261443997267633,0.0,74.0,0.0,0.0,0.0,0.0,0.0,0.0,0.0,0.0,0.0,0.6,0.0021278112754879,1.0,0.6851934440403065,0.0,0.0,0.0,,,,,,0.0,,,,,422.8873150423169,4687.4541015625,,,,,,,,,,
657,1,657.0,0.0,32.0,32.0,0.3129505149554461,0.0,74.0,0.0,0.0,0.0,0.0,0.0,0.0,0.0,0.0,0.0,0.6,0.0021278112754879,1.0,0.6891971307040137,0.0,0.0,0.0,,,,,,0.0,,,,,433.3589390153065,4681.8291015625,,,,,,,,,,
658,1,658.0,0.0,32.0,32.0,0.2853535166941583,0.0,74.0,0.0,0.0,0.0,0.0,0.0,0.0,0.0,0.0,0.0,0.6,0.0021278112754879,1.0,0.6856146234934518,0.0,0.0,0.0,,,,,,0.0,,,,,426.6566130099818,4693.5009765625,,,,,,,,,,
659,1,659.0,0.0,32.0,32.0,0.1224088792223483,0.0,74.0,0.0,0.0,0.0,0.0,0.0,0.0,0.0,0.0,0.0,0.6,0.0021278112754879,1.0,0.6957878170262554,0.0,0.0,0.0,,,,,,0.0,,,,,433.7877300567925,4672.6572265625,,,,,,,,,,
660,1,660.0,0.0,32.0,32.0,0.1260555305052548,0.0,74.0,0.0,0.0,0.0,0.0,0.0,0.0,0.0,0.0,0.0,0.6,0.0021278112754879,1.0,0.6832043494483375,0.0,0.0,0.0,,,,,,0.0,,,,,425.8996290154755,4695.5166015625,,,,,,,,,,
661,1,661.0,0.0,32.0,32.0,0.1430772233288735,0.0,74.0,0.0,0.0,0.0,0.0,0.0,0.0,0.0,0.0,0.0,0.6,0.0021278112754879,1.0,0.6873457087316018,0.0,0.0,0.0,,,,,,0.0,,,,,435.1457520388067,4681.9072265625,,,,,,,,,,
662,1,662.0,0.0,32.0,32.0,0.1946720237610861,0.0,74.0,0.0,0.0,0.0,0.0,0.0,0.0,0.0,0.0,0.0,0.6,0.0021278112754879,1.0,0.6872639538745987,0.0,0.0,0.0,,,,,,0.0,,,,,428.0814219964668,4688.2978515625,,,,,,,,,,
663,1,663.0,0.0,32.0,32.0,0.5235559936845675,0.0,74.0,0.0,0.0,0.0,0.0,0.0,0.0,0.0,0.0,0.0,0.6,0.0021278112754879,1.0,0.6850337642503695,0.0,0.0,0.0,,,,,,0.0,,,,,437.4611780513078,4680.7509765625,,,,,,,,,,
664,1,664.0,0.0,32.0,32.0,0.196915112202987,0.0,74.0,0.0,0.0,0.0,0.0,0.0,0.0,0.0,0.0,0.0,0.6,0.0021278112754879,1.0,0.686837608503666,0.0,0.0,0.0,,,,,,0.0,,,,,430.4872340289876,4680.7509765625,,,,,,,,,,
665,1,665.0,0.0,32.0,32.0,0.1991428481414914,0.0,74.0,0.0,0.0,0.0,0.0,0.0,0.0,0.0,0.0,0.0,0.6,0.0021278112754879,1.0,0.6892869890840543,0.0,0.0,0.0,,,,,,0.0,,,,,430.5196240311489,4693.5009765625,,,,,,,,,,
666,1,666.0,0.0,32.0,32.0,0.2134243708569556,0.0,74.0,0.0,0.0,0.0,0.0,0.0,0.0,0.0,0.0,0.0,0.6,0.0021278112754879,1.0,0.6879159511140144,0.0,0.0,0.0,,,,,,0.0,,,,,427.98622394911945,4679.9541015625,,,,,,,,,,
667,1,667.0,0.0,32.0,32.0,0.2550454721786082,0.0,74.0,0.0,0.0,0.0,0.0,0.0,0.0,0.0,0.0,0.0,0.6,0.0021278112754879,1.0,0.6875014734631938,0.0,0.0,0.0,,,,,,0.0,,,,,438.0409350851551,4680.7509765625,,,,,,,,,,
668,1,668.0,0.0,32.0,32.0,0.2624864103272557,0.0,74.0,0.0,0.0,0.0,0.0,0.0,0.0,0.0,0.0,0.0,0.6,0.0021278112754879,1.0,0.6857567214349134,0.0,0.0,0.0,,,,,,0.0,,,,,427.3408459266648,4683.2041015625,,,,,,,,,,
669,1,669.0,0.0,32.0,32.0,0.0801718736765906,0.0,74.0,0.0,0.0,0.0,0.0,0.0,0.0,0.0,0.0,0.0,0.6,0.0021278112754879,1.0,0.690231950753752,0.0,0.0,0.0,,,,,,0.0,,,,,433.58547799289227,4677.6728515625,,,,,,,,,,
670,1,670.0,0.0,32.0,32.0,0.0906047911848872,0.0,74.0,0.0,0.0,0.0,0.0,0.0,0.0,0.0,0.0,0.0,0.6,0.0021278112754879,1.0,0.6874725757223503,0.0,0.0,0.0,,,,,,0.0,,,,,427.6947539765388,4677.0634765625,,,,,,,,,,
671,1,671.0,0.0,32.0,32.0,0.0690081508364528,0.0,74.0,0.0,0.0,0.0,0.0,0.0,0.0,0.0,0.0,0.0,0.6,0.0021278112754879,1.0,0.6891981121576272,0.0,0.0,0.0,,,,,,0.0,,,,,433.22101701051,4688.4384765625,,,,,,,,,,
672,1,672.0,0.0,32.0,32.0,0.2084507192485034,0.0,74.0,0.0,0.0,0.0,0.0,0.0,0.0,0.0,0.0,0.0,0.6,0.0021278112754879,1.0,0.6879942023555805,0.0,0.0,0.0,,,,,,0.0,,,,,427.7399219572544,4686.2509765625,,,,,,,,,,
673,1,673.0,0.0,32.0,32.0,0.1734502913895994,0.0,74.0,0.0,0.0,0.0,0.0,0.0,0.0,0.0,0.0,0.0,0.6,0.0021278112754879,1.0,0.6877587080517844,0.0,0.0,0.0,,,,,,0.0,,,,,431.77797202952206,4692.1806640625,,,,,,,,,,
674,1,674.0,0.0,32.0,32.0,0.1535616440232843,0.0,74.0,0.0,0.0,0.0,0.0,0.0,0.0,0.0,0.0,0.0,0.6,0.0021278112754879,1.0,0.6890219314001222,0.0,0.0,0.0,,,,,,0.0,,,,,430.75246806256473,4679.9541015625,,,,,,,,,,
675,1,675.0,0.0,32.0,32.0,0.2686633160337806,0.0,74.0,0.0,0.0,0.0,0.0,0.0,0.0,0.0,0.0,0.0,0.6,0.0021278112754879,1.0,0.6875030972678566,0.0,0.0,0.0,,,,,,0.0,,,,,436.3810080103576,4680.6884765625,,,,,,,,,,
676,1,676.0,0.0,32.0,32.0,0.1457155090756714,0.0,74.0,0.0,0.0,0.0,0.0,0.0,0.0,0.0,0.0,0.0,0.6,0.0021278112754879,1.0,0.6883999165783597,0.0,0.0,0.0,,,,,,0.0,,,,,426.7029209295288,4677.0634765625,,,,,,,,,,
677,1,677.0,0.0,32.0,32.0,0.1332535921828821,0.0,74.0,0.0,0.0,0.0,0.0,0.0,0.0,0.0,0.0,0.0,0.6,0.0021278112754879,1.0,0.6893489794588042,0.0,0.0,0.0,,,,,,0.0,,,,,433.0483280355111,4677.6728515625,,,,,,,,,,
678,1,678.0,0.0,32.0,32.0,0.3968268871540203,0.0,74.0,0.0,0.0,0.0,0.0,0.0,0.0,0.0,0.0,0.0,0.6,0.0021278112754879,1.0,0.6842934403800109,0.0,0.0,0.0,,,,,,0.0,,,,,424.8561330605298,4679.9541015625,,,,,,,,,,
679,1,679.0,0.0,32.0,32.0,0.0931331806350499,0.0,74.0,0.0,0.0,0.0,0.0,0.0,0.0,0.0,0.0,0.0,0.6,0.0021278112754879,1.0,0.6869009627566841,0.0,0.0,0.0,,,,,,0.0,,,,,433.5285630077124,4679.3603515625,,,,,,,,,,
680,1,680.0,0.0,32.0,32.0,0.1511832312680781,0.0,74.0,0.0,0.0,0.0,0.0,0.0,0.0,0.0,0.0,0.0,0.6,0.0021278112754879,1.0,0.6888068842412725,0.0,0.0,0.0,,,,,,0.0,,,,,429.9628210719675,4684.4384765625,,,,,,,,,,
681,1,681.0,0.0,32.0,32.0,0.1798793168272823,0.0,74.0,0.0,0.0,0.0,0.0,0.0,0.0,0.0,0.0,0.0,0.6,0.0021278112754879,1.0,0.6868518558324611,0.0,0.0,0.0,,,,,,0.0,,,,,433.3333650138229,4683.2041015625,,,,,,,,,,
682,1,682.0,0.0,32.0,32.0,0.2691817132290452,0.0,74.0,0.0,0.0,0.0,0.0,0.0,0.0,0.0,0.0,0.0,0.6,0.0021278112754879,1.0,0.6846983901303517,0.0,0.0,0.0,,,,,,0.0,,,,,421.6563180088997,4692.1806640625,,,,,,,,,,
683,1,683.0,0.0,32.0,32.0,0.1878135316073894,0.0,74.0,0.0,0.0,0.0,0.0,0.0,0.0,0.0,0.0,0.0,0.6,0.0021278112754879,1.0,0.6869968899364914,0.0,0.0,0.0,,,,,,0.0,,,,,436.4541629329324,4688.4384765625,,,,,,,,,,
684,1,684.0,0.0,32.0,32.0,0.1378501576837152,0.0,74.0,0.0,0.0,0.0,0.0,0.0,0.0,0.0,0.0,0.0,0.6,0.0021278112754879,1.0,0.6912767273134617,0.0,0.0,0.0,,,,,,0.0,,,,,431.5407810499892,4680.7509765625,,,,,,,,,,
685,1,685.0,0.0,32.0,32.0,0.2354117487557232,0.0,74.0,0.0,0.0,0.0,0.0,0.0,0.0,0.0,0.0,0.0,0.6,0.0021278112754879,1.0,0.6882430005185406,0.0,0.0,0.0,,,,,,0.0,,,,,435.03991898614913,4679.9541015625,,,,,,,,,,
686,1,686.0,0.0,32.0,32.0,0.0988650587387383,0.0,74.0,0.0,0.0,0.0,0.0,0.0,0.0,0.0,0.0,0.0,0.6,0.0021278112754879,1.0,0.6837915786926676,0.0,0.0,0.0,,,,,,0.0,,,,,424.1226310841739,4682.3056640625,,,,,,,,,,
687,1,687.0,0.0,32.0,32.0,0.0722412487957626,0.0,74.0,0.0,0.0,0.0,0.0,0.0,0.0,0.0,0.0,0.0,0.6,0.0021278112754879,1.0,0.6873221991373053,0.0,0.0,0.0,,,,,,0.0,,,,,436.27802899573,4693.5009765625,,,,,,,,,,
688,1,688.0,0.0,32.0,32.0,0.2063479388598352,0.0,74.0,0.0,0.0,0.0,0.0,0.0,0.0,0.0,0.0,0.0,0.6,0.0021278112754879,1.0,0.6920887441133573,0.0,0.0,0.0,,,,,,0.0,,,,,431.9924359442666,4680.0166015625,,,,,,,,,,
689,1,689.0,0.0,32.0,32.0,0.0783293424174189,0.0,74.0,0.0,0.0,0.0,0.0,0.0,0.0,0.0,0.0,0.0,0.6,0.0021278112754879,1.0,0.6889576704006221,0.0,0.0,0.0,,,,,,0.0,,,,,435.2183829760179,4677.0634765625,,,,,,,,,,
690,1,690.0,0.0,32.0,32.0,0.1774681684328243,0.0,74.0,0.0,0.0,0.0,0.0,0.0,0.0,0.0,0.0,0.0,0.6,0.0021278112754879,1.0,0.6932967290450658,0.0,0.0,0.0,,,,,,0.0,,,,,428.5963280126453,4680.0166015625,,,,,,,,,,
691,1,691.0,0.0,32.0,32.0,0.2294759169453755,0.0,74.0,0.0,0.0,0.0,0.0,0.0,0.0,0.0,0.0,0.0,0.6,0.0021278112754879,1.0,0.6878265392989286,0.0,0.0,0.0,,,,,,0.0,,,,,438.7320439564064,4679.9541015625,,,,,,,,,,
692,1,692.0,0.0,32.0,32.0,0.172556318808347,0.0,74.0,0.0,0.0,0.0,0.0,0.0,0.0,0.0,0.0,0.0,0.6,0.0021278112754879,1.0,0.6857155206245469,0.0,0.0,0.0,,,,,,0.0,,,,,510.2551589952782,4679.9541015625,,,,,,,,,,
693,1,693.0,0.0,32.0,32.0,0.2372075051534921,0.0,74.0,0.0,0.0,0.0,0.0,0.0,0.0,0.0,0.0,0.0,0.6,0.0021278112754879,1.0,0.6889451447470576,0.0,0.0,0.0,,,,,,0.0,,,,,431.261989986524,4681.9072265625,,,,,,,,,,
694,1,694.0,0.0,32.0,32.0,0.148767119157128,0.0,74.0,0.0,0.0,0.0,0.0,0.0,0.0,0.0,0.0,0.0,0.6,0.0021278112754879,1.0,0.6879038358350388,0.0,0.0,0.0,,,,,,0.0,,,,,436.7419939953834,4680.0166015625,,,,,,,,,,
695,1,695.0,0.0,32.0,32.0,0.1246270441915839,0.0,74.0,0.0,0.0,0.0,0.0,0.0,0.0,0.0,0.0,0.0,0.6,0.0021278112754879,1.0,0.6877315569357509,0.0,0.0,0.0,,,,,,0.0,,,,,429.4852740131319,4680.6884765625,,,,,,,,,,
696,1,696.0,0.0,32.0,32.0,0.427270567510277,0.0,74.0,0.0,0.0,0.0,0.0,0.0,0.0,0.0,0.0,0.0,0.6,0.0021278112754879,1.0,0.6825650180331715,0.0,0.0,0.0,,,,,,0.0,,,,,439.4561930093914,4693.5009765625,,,,,,,,,,
697,1,697.0,0.0,32.0,32.0,0.2795672733336687,0.0,74.0,0.0,0.0,0.0,0.0,0.0,0.0,0.0,0.0,0.0,0.6,0.0021278112754879,1.0,0.6851860594673145,0.0,0.0,0.0,,,,,,0.0,,,,,431.2395229935646,4686.2509765625,,,,,,,,,,
698,1,698.0,0.0,32.0,32.0,0.1582476398907601,0.0,74.0,0.0,0.0,0.0,0.0,0.0,0.0,0.0,0.0,0.0,0.6,0.0021278112754879,1.0,0.6837681686952316,0.0,0.0,0.0,,,,,,0.0,,,,,437.3975549824536,4679.6416015625,,,,,,,,,,
699,1,699.0,0.0,32.0,32.0,0.2158463709056377,0.0,74.0,0.0,0.0,0.0,0.0,0.0,0.0,0.0,0.0,0.0,0.6,0.0021278112754879,1.0,0.6898422029416301,0.0,0.0,0.0,,,,,,0.0,,,,,428.8265720242634,4681.9072265625,,,,,,,,,,
700,1,700.0,0.0,32.0,32.0,0.0362561785150319,4.0,74.0,0.054054054054054,1.0,3.0,0.25,0.75,0.1487499044598003,0.1468112282395293,0.1493961298665573,0.0,0.6,0.0021278112754879,1.0,0.6832845815619937,2.7805814651533277e-10,1.0,3.0,0.5,3.0,1.0,0.8112780956052325,0.5623351246188086,2.0,0.5051291422000759,0.0006632732693105,0.4996683633653447,-0.0050351250966599,440.44214207679033,4680.0166015625,,,,,,,,,,
701,1,701.0,0.0,32.0,32.0,0.0790149292442947,0.0,74.0,0.0,0.0,0.0,0.0,0.0,0.0,0.0,0.0,0.0,0.6,0.0021278112754879,1.0,0.6928893625188959,0.0,0.0,0.0,,,,,,0.0,,,,,431.963647948578,4688.4384765625,,,,,,,,,,
702,1,702.0,0.0,32.0,32.0,0.1093983149621635,0.0,74.0,0.0,0.0,0.0,0.0,0.0,0.0,0.0,0.0,0.0,0.6,0.0021278112754879,1.0,0.6866949834385866,0.0,0.0,0.0,,,,,,0.0,,,,,440.56401995476335,4680.7509765625,,,,,,,,,,
703,1,703.0,0.0,32.0,32.0,0.2040748486761003,0.0,74.0,0.0,0.0,0.0,0.0,0.0,0.0,0.0,0.0,0.0,0.6,0.0021278112754879,1.0,0.6885907512234222,0.0,0.0,0.0,,,,,,0.0,,,,,434.3315979931504,4683.2041015625,,,,,,,,,,
704,1,704.0,0.0,32.0,32.0,0.1638005962595343,0.0,74.0,0.0,0.0,0.0,0.0,0.0,0.0,0.0,0.0,0.0,0.6,0.0021278112754879,1.0,0.6867376533276311,0.0,0.0,0.0,,,,,,0.0,,,,,431.96275702212006,4679.9541015625,,,,,,,,,,
705,1,705.0,0.0,32.0,32.0,0.0537730944342911,0.0,74.0,0.0,0.0,0.0,0.0,0.0,0.0,0.0,0.0,0.0,0.6,0.0021278112754879,1.0,0.6852809904417929,0.0,0.0,0.0,,,,,,0.0,,,,,434.3115339288488,4679.6416015625,,,,,,,,,,
706,1,706.0,0.0,32.0,32.0,0.0236383458832278,0.0,74.0,0.0,0.0,0.0,0.0,0.0,0.0,0.0,0.0,0.0,0.6,0.0021278112754879,1.0,0.6861839383286682,0.0,0.0,0.0,,,,,,0.0,,,,,437.87879904266447,4679.9541015625,,,,,,,,,,
707,1,707.0,0.0,32.0,32.0,0.1432765610516071,0.0,74.0,0.0,0.0,0.0,0.0,0.0,0.0,0.0,0.0,0.0,0.6,0.0021278112754879,1.0,0.6862405026196731,0.0,0.0,0.0,,,,,,0.0,,,,,433.7811269797385,4680.0166015625,,,,,,,,,,
708,1,708.0,0.0,32.0,32.0,0.4449627985013649,0.0,74.0,0.0,0.0,0.0,0.0,0.0,0.0,0.0,0.0,0.0,0.6,0.0021278112754879,1.0,0.6867788345614999,0.0,0.0,0.0,,,,,,0.0,,,,,438.8630919856951,4683.3447265625,,,,,,,,,,
709,1,709.0,0.0,32.0,32.0,0.2111783511936664,0.0,74.0,0.0,0.0,0.0,0.0,0.0,0.0,0.0,0.0,0.0,0.6,0.0021278112754879,1.0,0.6904588705786017,0.0,0.0,0.0,,,,,,0.0,,,,,431.3741560326889,4678.7822265625,,,,,,,,,,
710,1,710.0,0.0,32.0,32.0,0.1402479415992275,0.0,74.0,0.0,0.0,0.0,0.0,0.0,0.0,0.0,0.0,0.0,0.6,0.0021278112754879,1.0,0.6880589492521647,0.0,0.0,0.0,,,,,,0.0,,,,,437.7141559962183,4688.4384765625,,,,,,,,,,
711,1,711.0,0.0,32.0,32.0,0.1310936234658584,0.0,74.0,0.0,0.0,0.0,0.0,0.0,0.0,0.0,0.0,0.0,0.6,0.0021278112754879,1.0,0.6840780707272003,0.0,0.0,0.0,,,,,,0.0,,,,,430.7496428955346,4687.4541015625,,,,,,,,,,
712,1,712.0,0.0,32.0,32.0,0.1434172437293455,0.0,74.0,0.0,0.0,0.0,0.0,0.0,0.0,0.0,0.0,0.0,0.6,0.0021278112754879,1.0,0.6872937836252817,0.0,0.0,0.0,,,,,,0.0,,,,,432.6507980003953,4692.1806640625,,,,,,,,,,
713,1,713.0,0.0,32.0,32.0,0.1986328199272975,0.0,74.0,0.0,0.0,0.0,0.0,0.0,0.0,0.0,0.0,0.0,0.6,0.0021278112754879,1.0,0.688930078464988,0.0,0.0,0.0,,,,,,0.0,,,,,427.5175919756293,4680.0166015625,,,,,,,,,,
714,1,714.0,0.0,32.0,32.0,0.2255020311567932,0.0,74.0,0.0,0.0,0.0,0.0,0.0,0.0,0.0,0.0,0.0,0.6,0.0021278112754879,1.0,0.6885175423924023,0.0,0.0,0.0,,,,,,0.0,,,,,438.9230669476092,4681.9072265625,,,,,,,,,,
715,1,715.0,0.0,32.0,32.0,0.2237886906368658,0.0,74.0,0.0,0.0,0.0,0.0,0.0,0.0,0.0,0.0,0.0,0.6,0.0021278112754879,1.0,0.6864512078850634,0.0,0.0,0.0,,,,,,0.0,,,,,431.366809993051,4679.9541015625,,,,,,,,,,
716,1,716.0,0.0,32.0,32.0,0.1016232086112722,0.0,74.0,0.0,0.0,0.0,0.0,0.0,0.0,0.0,0.0,0.0,0.6,0.0021278112754879,1.0,0.6865039036082017,0.0,0.0,0.0,,,,,,0.0,,,,,432.920032995753,4688.4384765625,,,,,,,,,,
717,1,717.0,0.0,32.0,32.0,0.4332467699423432,0.0,74.0,0.0,0.0,0.0,0.0,0.0,0.0,0.0,0.0,0.0,0.6,0.0021278112754879,1.0,0.6894896685058247,0.0,0.0,0.0,,,,,,0.0,,,,,425.258573028259,4681.0087890625,,,,,,,,,,
718,1,718.0,0.0,32.0,32.0,0.1000013418961316,0.0,74.0,0.0,0.0,0.0,0.0,0.0,0.0,0.0,0.0,0.0,0.6,0.0021278112754879,1.0,0.6866450220822639,0.0,0.0,0.0,,,,,,0.0,,,,,437.47365404851735,4681.8291015625,,,,,,,,,,
719,1,719.0,0.0,32.0,32.0,0.261464579263702,0.0,74.0,0.0,0.0,0.0,0.0,0.0,0.0,0.0,0.0,0.0,0.6,0.0021278112754879,1.0,0.6907213888146643,0.0,0.0,0.0,,,,,,0.0,,,,,433.8473830139265,4682.3056640625,,,,,,,,,,
720,1,720.0,0.0,32.0,32.0,0.2068670473527163,0.0,74.0,0.0,0.0,0.0,0.0,0.0,0.0,0.0,0.0,0.0,0.6,0.0021278112754879,1.0,0.68510879025234,0.0,0.0,0.0,,,,,,0.0,,,,,436.3032190594822,4683.2041015625,,,,,,,,,,
721,1,721.0,0.0,32.0,32.0,0.1117973560467362,0.0,74.0,0.0,0.0,0.0,0.0,0.0,0.0,0.0,0.0,0.0,0.6,0.0021278112754879,1.0,0.685438595028697,0.0,0.0,0.0,,,,,,0.0,,,,,426.5555180609226,4686.2509765625,,,,,,,,,,
722,1,722.0,0.0,32.0,32.0,0.2107599898008629,0.0,74.0,0.0,0.0,0.0,0.0,0.0,0.0,0.0,0.0,0.0,0.6,0.0021278112754879,1.0,0.6865631238470535,0.0,0.0,0.0,,,,,,0.0,,,,,437.3878290643916,4681.9072265625,,,,,,,,,,
723,1,723.0,0.0,32.0,32.0,0.0278287740657106,9.0,74.0,0.1216216216216216,3.0,6.0,0.3333333333333333,0.6666666666666666,0.1493799893378021,0.1471625755210754,0.1504886962461655,0.0,0.6,0.0021278112754879,0.999999999974918,0.680500868610179,2.5995441591361953e-10,3.0,6.0,0.3333333333333333,2.0,1.0,0.918295805200589,0.636514148294813,2.0,0.5067072317927408,-0.0040953803109005,0.5020476901554503,-0.0008208290748799,437.8663549432531,4679.3603515625,,,,,,,,,,
724,1,724.0,0.0,32.0,32.0,0.1814857756253332,0.0,74.0,0.0,0.0,0.0,0.0,0.0,0.0,0.0,0.0,0.0,0.6,0.0021278112754879,1.0,0.6886153489460219,0.0,0.0,0.0,,,,,,0.0,,,,,440.45445299707353,4683.2041015625,,,,,,,,,,
725,1,725.0,0.0,32.0,32.0,0.2208826089045032,0.0,74.0,0.0,0.0,0.0,0.0,0.0,0.0,0.0,0.0,0.0,0.6,0.0021278112754879,1.0,0.682690733745928,0.0,0.0,0.0,,,,,,0.0,,,,,428.3952390542254,4682.1728515625,,,,,,,,,,
726,1,726.0,0.0,32.0,32.0,0.2299272994277998,0.0,74.0,0.0,0.0,0.0,0.0,0.0,0.0,0.0,0.0,0.0,0.6,0.0021278112754879,1.0,0.6860123067806481,0.0,0.0,0.0,,,,,,0.0,,,,,439.89950499963015,4680.7509765625,,,,,,,,,,
727,1,727.0,0.0,32.0,32.0,0.1105752645526081,0.0,74.0,0.0,0.0,0.0,0.0,0.0,0.0,0.0,0.0,0.0,0.6,0.0021278112754879,1.0,0.6867027255848603,0.0,0.0,0.0,,,,,,0.0,,,,,430.2677550585941,4686.2509765625,,,,,,,,,,
728,1,728.0,0.0,32.0,32.0,0.0716622176114469,0.0,74.0,0.0,0.0,0.0,0.0,0.0,0.0,0.0,0.0,0.0,0.6,0.0021278112754879,1.0,0.6821077244786699,0.0,0.0,0.0,,,,,,0.0,,,,,437.7561539877206,4693.5009765625,,,,,,,,,,
729,1,729.0,0.0,32.0,32.0,0.0643898076377809,0.0,74.0,0.0,0.0,0.0,0.0,0.0,0.0,0.0,0.0,0.0,0.6,0.0021278112754879,1.0,0.6843972425170067,0.0,0.0,0.0,,,,,,0.0,,,,,427.2356510628015,4679.3603515625,,,,,,,,,,
730,1,730.0,0.0,32.0,32.0,0.1996239892905578,0.0,74.0,0.0,0.0,0.0,0.0,0.0,0.0,0.0,0.0,0.0,0.6,0.0021278112754879,1.0,0.6833270048175936,0.0,0.0,0.0,,,,,,0.0,,,,,431.1048770323396,4695.5166015625,,,,,,,,,,
731,1,731.0,0.0,32.0,32.0,0.0467524147825315,0.0,74.0,0.0,0.0,0.0,0.0,0.0,0.0,0.0,0.0,0.0,0.6,0.0021278112754879,1.0,0.6854123828201765,0.0,0.0,0.0,,,,,,0.0,,,,,431.4389360370114,4681.8291015625,,,,,,,,,,
732,1,732.0,0.0,32.0,32.0,0.0628762488486245,0.0,74.0,0.0,0.0,0.0,0.0,0.0,0.0,0.0,0.0,0.0,0.6,0.0021278112754879,1.0,0.6844828390578823,0.0,0.0,0.0,,,,,,0.0,,,,,440.09955902583897,4683.2041015625,,,,,,,,,,
733,1,733.0,0.0,32.0,32.0,0.2287376795429736,0.0,74.0,0.0,0.0,0.0,0.0,0.0,0.0,0.0,0.0,0.0,0.6,0.0021278112754879,1.0,0.6857767278107708,0.0,0.0,0.0,,,,,,0.0,,,,,428.12859604600817,4688.4384765625,,,,,,,,,,
734,1,734.0,0.0,32.0,32.0,0.4846062803408131,0.0,74.0,0.0,0.0,0.0,0.0,0.0,0.0,0.0,0.0,0.0,0.6,0.0021278112754879,1.0,0.6871664864424121,0.0,0.0,0.0,,,,,,0.0,,,,,432.5703548965976,4686.2197265625,,,,,,,,,,
735,1,735.0,0.0,32.0,32.0,0.119945372454822,0.0,74.0,0.0,0.0,0.0,0.0,0.0,0.0,0.0,0.0,0.0,0.6,0.0021278112754879,1.0,0.6737555521445276,0.0,0.0,0.0,,,,,,0.0,,,,,433.8415369857103,4680.7509765625,,,,,,,,,,
736,1,736.0,0.0,32.0,32.0,0.1204432171070948,0.0,74.0,0.0,0.0,0.0,0.0,0.0,0.0,0.0,0.0,0.0,0.6,0.0021278112754879,1.0,0.6842161062506062,0.0,0.0,0.0,,,,,,0.0,,,,,437.09005205892026,4677.0634765625,,,,,,,,,,
737,1,737.0,0.0,32.0,32.0,0.1379476730362512,0.0,74.0,0.0,0.0,0.0,0.0,0.0,0.0,0.0,0.0,0.0,0.6,0.0021278112754879,1.0,0.6809481961749053,0.0,0.0,0.0,,,,,,0.0,,,,,433.3210929762572,4681.8291015625,,,,,,,,,,
738,1,738.0,0.0,32.0,32.0,0.1720621668500825,0.0,74.0,0.0,0.0,0.0,0.0,0.0,0.0,0.0,0.0,0.0,0.6,0.0021278112754879,1.0,0.6839015995289874,0.0,0.0,0.0,,,,,,0.0,,,,,432.8641430474818,4688.4384765625,,,,,,,,,,
739,1,739.0,0.0,32.0,32.0,0.4874247168190777,0.0,74.0,0.0,0.0,0.0,0.0,0.0,0.0,0.0,0.0,0.0,0.6,0.0021278112754879,1.0,0.6856001837777201,0.0,0.0,0.0,,,,,,0.0,,,,,431.3976550474763,4687.4541015625,,,,,,,,,,
740,1,740.0,0.0,32.0,32.0,0.0268830480636097,0.0,74.0,0.0,0.0,0.0,0.0,0.0,0.0,0.0,0.0,0.0,0.6,0.0021278112754879,1.0,0.6837841469582757,0.0,0.0,0.0,,,,,,0.0,,,,,437.6441770000383,4695.5166015625,,,,,,,,,,
741,1,741.0,0.0,32.0,32.0,0.1120157853001728,0.0,74.0,0.0,0.0,0.0,0.0,0.0,0.0,0.0,0.0,0.0,0.6,0.0021278112754879,1.0,0.6838448141362011,0.0,0.0,0.0,,,,,,0.0,,,,,430.7910619536415,4677.0634765625,,,,,,,,,,
742,1,742.0,0.0,32.0,32.0,0.0911005164962261,0.0,74.0,0.0,0.0,0.0,0.0,0.0,0.0,0.0,0.0,0.0,0.6,0.0021278112754879,1.0,0.6907328748918901,0.0,0.0,0.0,,,,,,0.0,,,,,439.4131019944325,4680.6884765625,,,,,,,,,,
743,1,743.0,0.0,32.0,32.0,0.2882056507514789,0.0,74.0,0.0,0.0,0.0,0.0,0.0,0.0,0.0,0.0,0.0,0.6,0.0021278112754879,1.0,0.6892939318185662,0.0,0.0,0.0,,,,,,0.0,,,,,423.8265720196068,4681.9228515625,,,,,,,,,,
744,1,744.0,0.0,32.0,32.0,0.22586985246744,0.0,74.0,0.0,0.0,0.0,0.0,0.0,0.0,0.0,0.0,0.0,0.6,0.0021278112754879,1.0,0.6885460592616822,0.0,0.0,0.0,,,,,,0.0,,,,,436.7341590113938,4677.0634765625,,,,,,,,,,
745,1,745.0,0.0,32.0,32.0,0.1963712775614112,0.0,74.0,0.0,0.0,0.0,0.0,0.0,0.0,0.0,0.0,0.0,0.6,0.0021278112754879,1.0,0.6844048135849803,0.0,0.0,0.0,,,,,,0.0,,,,,434.3524780124426,4680.7509765625,,,,,,,,,,
746,1,746.0,0.0,32.0,32.0,0.3620347874239087,0.0,74.0,0.0,0.0,0.0,0.0,0.0,0.0,0.0,0.0,0.0,0.6,0.0021278112754879,1.0,0.6927218609475639,0.0,0.0,0.0,,,,,,0.0,,,,,439.4768020138145,4678.7509765625,,,,,,,,,,
747,1,747.0,0.0,32.0,32.0,0.2270939785521477,0.0,74.0,0.0,0.0,0.0,0.0,0.0,0.0,0.0,0.0,0.0,0.6,0.0021278112754879,1.0,0.6872138142964768,0.0,0.0,0.0,,,,,,0.0,,,,,427.0626789657399,4681.8291015625,,,,,,,,,,
748,1,748.0,0.0,32.0,32.0,0.3224046730902046,0.0,74.0,0.0,0.0,0.0,0.0,0.0,0.0,0.0,0.0,0.0,0.6,0.0021278112754879,1.0,0.6850887612258014,0.0,0.0,0.0,,,,,,0.0,,,,,438.951354008168,4680.2822265625,,,,,,,,,,
749,1,749.0,0.0,32.0,32.0,0.2680708838161081,0.0,74.0,0.0,0.0,0.0,0.0,0.0,0.0,0.0,0.0,0.0,0.6,0.0021278112754879,1.0,0.686836928903448,0.0,0.0,0.0,,,,,,0.0,,,,,430.4330099839717,4678.2197265625,,,,,,,,,,
750,1,750.0,0.0,32.0,32.0,0.0948970247991383,0.0,74.0,0.0,0.0,0.0,0.0,0.0,0.0,0.0,0.0,0.0,0.6,0.0021278112754879,1.0,0.6845250269663976,0.0,0.0,0.0,,,,,,0.0,,,,,438.8339159777388,4686.2197265625,,,,,,,,,,
751,1,751.0,0.0,32.0,32.0,0.2501516777556389,0.0,74.0,0.0,0.0,0.0,0.0,0.0,0.0,0.0,0.0,0.0,0.6,0.0021278112754879,1.0,0.6851057461258095,0.0,0.0,0.0,,,,,,0.0,,,,,429.5650280546397,4693.5009765625,,,,,,,,,,
752,1,752.0,0.0,32.0,32.0,0.1729463231749832,0.0,74.0,0.0,0.0,0.0,0.0,0.0,0.0,0.0,0.0,0.0,0.6,0.0021278112754879,1.0,0.6916045154464946,0.0,0.0,0.0,,,,,,0.0,,,,,436.7827560054138,4679.3603515625,,,,,,,,,,
753,1,753.0,0.0,32.0,32.0,0.170543807791546,0.0,74.0,0.0,0.0,0.0,0.0,0.0,0.0,0.0,0.0,0.0,0.6,0.0021278112754879,1.0,0.6858028009665056,0.0,0.0,0.0,,,,,,0.0,,,,,432.47597897425294,4688.2978515625,,,,,,,,,,
754,1,754.0,0.0,32.0,32.0,0.2120322026312351,0.0,74.0,0.0,0.0,0.0,0.0,0.0,0.0,0.0,0.0,0.0,0.6,0.0021278112754879,1.0,0.6855645711554886,0.0,0.0,0.0,,,,,,0.0,,,,,438.8650309992954,4687.4541015625,,,,,,,,,,
755,1,755.0,0.0,32.0,32.0,0.1504535907879471,0.0,74.0,0.0,0.0,0.0,0.0,0.0,0.0,0.0,0.0,0.0,0.6,0.0021278112754879,1.0,0.685101691416936,0.0,0.0,0.0,,,,,,0.0,,,,,428.7458340404555,4693.5009765625,,,,,,,,,,
756,1,756.0,0.0,32.0,32.0,0.0903833272168412,0.0,74.0,0.0,0.0,0.0,0.0,0.0,0.0,0.0,0.0,0.0,0.6,0.0021278112754879,1.0,0.6885216696039486,0.0,0.0,0.0,,,,,,0.0,,,,,435.0749519653618,4680.7509765625,,,,,,,,,,
757,1,757.0,0.0,32.0,32.0,0.1334119415841996,0.0,74.0,0.0,0.0,0.0,0.0,0.0,0.0,0.0,0.0,0.0,0.6,0.0021278112754879,1.0,0.6804453897559432,0.0,0.0,0.0,,,,,,0.0,,,,,432.3536880547181,4679.3603515625,,,,,,,,,,
758,1,758.0,0.0,32.0,32.0,0.2521726244594902,0.0,74.0,0.0,0.0,0.0,0.0,0.0,0.0,0.0,0.0,0.0,0.6,0.0021278112754879,1.0,0.6844553214598555,0.0,0.0,0.0,,,,,,0.0,,,,,440.6918078893796,4683.2041015625,,,,,,,,,,
759,1,759.0,0.0,32.0,32.0,0.0929590947926044,0.0,74.0,0.0,0.0,0.0,0.0,0.0,0.0,0.0,0.0,0.0,0.6,0.0021278112754879,1.0,0.6785661854012577,0.0,0.0,0.0,,,,,,0.0,,,,,427.691760007292,4679.9541015625,,,,,,,,,,
760,1,760.0,0.0,32.0,32.0,0.0523924350272864,0.0,74.0,0.0,0.0,0.0,0.0,0.0,0.0,0.0,0.0,0.0,0.6,0.0021278112754879,1.0,0.6854956065863169,0.0,0.0,0.0,,,,,,0.0,,,,,435.2328699314967,4679.9541015625,,,,,,,,,,
761,1,761.0,0.0,32.0,32.0,0.0818101628683507,0.0,74.0,0.0,0.0,0.0,0.0,0.0,0.0,0.0,0.0,0.0,0.6,0.0021278112754879,1.0,0.6894968118382983,0.0,0.0,0.0,,,,,,0.0,,,,,430.4422539426014,4688.4384765625,,,,,,,,,,
762,1,762.0,0.0,32.0,32.0,0.1005272674956359,0.0,74.0,0.0,0.0,0.0,0.0,0.0,0.0,0.0,0.0,0.0,0.6,0.0021278112754879,1.0,0.6868268953609376,0.0,0.0,0.0,,,,,,0.0,,,,,438.8895290903747,4679.6416015625,,,,,,,,,,
763,1,763.0,0.0,32.0,32.0,0.3967422946589067,0.0,74.0,0.0,0.0,0.0,0.0,0.0,0.0,0.0,0.0,0.0,0.6,0.0021278112754879,1.0,0.6868586594530351,0.0,0.0,0.0,,,,,,0.0,,,,,432.7894129091874,4683.2041015625,,,,,,,,,,
764,1,764.0,0.0,32.0,32.0,0.3506065707188099,0.0,74.0,0.0,0.0,0.0,0.0,0.0,0.0,0.0,0.0,0.0,0.6,0.0021278112754879,1.0,0.683952051354879,0.0,0.0,0.0,,,,,,0.0,,,,,431.5827920800075,4681.8291015625,,,,,,,,,,
765,1,765.0,0.0,32.0,32.0,0.0639910537865944,0.0,74.0,0.0,0.0,0.0,0.0,0.0,0.0,0.0,0.0,0.0,0.6,0.0021278112754879,1.0,0.6826801128821671,0.0,0.0,0.0,,,,,,0.0,,,,,432.63291206676513,4684.4384765625,,,,,,,,,,
766,1,766.0,0.0,32.0,32.0,0.0781375701772049,0.0,74.0,0.0,0.0,0.0,0.0,0.0,0.0,0.0,0.0,0.0,0.6,0.0021278112754879,1.0,0.6833439578494623,0.0,0.0,0.0,,,,,,0.0,,,,,435.9625489450991,4677.0634765625,,,,,,,,,,
767,1,767.0,0.0,32.0,32.0,0.3670978716108948,0.0,74.0,0.0,0.0,0.0,0.0,0.0,0.0,0.0,0.0,0.0,0.6,0.0021278112754879,1.0,0.6873845152752324,0.0,0.0,0.0,,,,,,0.0,,,,,507.3417950188741,4679.9541015625,,,,,,,,,,
768,1,768.0,0.0,32.0,32.0,0.2043440696434117,0.0,74.0,0.0,0.0,0.0,0.0,0.0,0.0,0.0,0.0,0.0,0.6,0.0021278112754879,1.0,0.6829242082015623,0.0,0.0,0.0,,,,,,0.0,,,,,433.6155849741772,4683.2041015625,,,,,,,,,,
769,1,769.0,0.0,32.0,32.0,0.1062580471043475,0.0,74.0,0.0,0.0,0.0,0.0,0.0,0.0,0.0,0.0,0.0,0.6,0.0021278112754879,1.0,0.6866832050329926,0.0,0.0,0.0,,,,,,0.0,,,,,437.01809796039015,4677.0634765625,,,,,,,,,,
770,1,770.0,0.0,32.0,32.0,0.3250915713142603,0.0,74.0,0.0,0.0,0.0,0.0,0.0,0.0,0.0,0.0,0.0,0.6,0.0021278112754879,1.0,0.6867595659072593,0.0,0.0,0.0,,,,,,0.0,,,,,429.4215979753062,4688.4384765625,,,,,,,,,,
771,1,771.0,0.0,32.0,32.0,0.2110311955912038,0.0,74.0,0.0,0.0,0.0,0.0,0.0,0.0,0.0,0.0,0.0,0.6,0.0021278112754879,1.0,0.684828848975322,0.0,0.0,0.0,,,,,,0.0,,,,,437.1008040616289,4686.2197265625,,,,,,,,,,
772,1,772.0,0.0,32.0,32.0,0.3308513360098004,0.0,74.0,0.0,0.0,0.0,0.0,0.0,0.0,0.0,0.0,0.0,0.6,0.0021278112754879,1.0,0.6915827994657766,0.0,0.0,0.0,,,,,,0.0,,,,,432.48146097175777,4678.7822265625,,,,,,,,,,
773,1,773.0,0.0,32.0,32.0,0.2469149691751226,0.0,74.0,0.0,0.0,0.0,0.0,0.0,0.0,0.0,0.0,0.0,0.6,0.0021278112754879,1.0,0.6832679612142305,0.0,0.0,0.0,,,,,,0.0,,,,,434.6080400282517,4681.9072265625,,,,,,,,,,
774,1,774.0,0.0,32.0,32.0,0.090845193946734,0.0,74.0,0.0,0.0,0.0,0.0,0.0,0.0,0.0,0.0,0.0,0.6,0.0021278112754879,1.0,0.6815211370775541,0.0,0.0,0.0,,,,,,0.0,,,,,427.9896359657869,4683.2041015625,,,,,,,,,,
775,1,775.0,0.0,32.0,32.0,0.3579126137774437,0.0,74.0,0.0,0.0,0.0,0.0,0.0,0.0,0.0,0.0,0.0,0.6,0.0021278112754879,1.0,0.6863120829806927,0.0,0.0,0.0,,,,,,0.0,,,,,435.4528470430523,4687.4541015625,,,,,,,,,,
776,1,776.0,0.0,32.0,32.0,0.0396730084903538,0.0,74.0,0.0,0.0,0.0,0.0,0.0,0.0,0.0,0.0,0.0,0.6,0.0021278112754879,1.0,0.6876893100896063,0.0,0.0,0.0,,,,,,0.0,,,,,430.2736960817128,4679.3603515625,,,,,,,,,,
777,1,777.0,0.0,32.0,32.0,0.1371158363763243,0.0,74.0,0.0,0.0,0.0,0.0,0.0,0.0,0.0,0.0,0.0,0.6,0.0021278112754879,1.0,0.69225448445947,0.0,0.0,0.0,,,,,,0.0,,,,,436.03342899587005,4680.7509765625,,,,,,,,,,
778,1,778.0,0.0,32.0,32.0,0.2988252894137986,0.0,74.0,0.0,0.0,0.0,0.0,0.0,0.0,0.0,0.0,0.0,0.6,0.0021278112754879,1.0,0.6865010860624781,0.0,0.0,0.0,,,,,,0.0,,,,,430.40706298779696,4680.6884765625,,,,,,,,,,
779,1,779.0,0.0,32.0,32.0,0.2162350628059357,0.0,74.0,0.0,0.0,0.0,0.0,0.0,0.0,0.0,0.0,0.0,0.6,0.0021278112754879,1.0,0.6835556905011207,0.0,0.0,0.0,,,,,,0.0,,,,,444.9620130471885,4680.6884765625,,,,,,,,,,
780,1,780.0,0.0,32.0,32.0,0.2622935529798269,0.0,74.0,0.0,0.0,0.0,0.0,0.0,0.0,0.0,0.0,0.0,0.6,0.0021278112754879,1.0,0.6858320662600818,0.0,0.0,0.0,,,,,,0.0,,,,,431.8821378983557,4681.5634765625,,,,,,,,,,
781,1,781.0,0.0,32.0,32.0,0.1441521036904305,0.0,74.0,0.0,0.0,0.0,0.0,0.0,0.0,0.0,0.0,0.0,0.6,0.0021278112754879,1.0,0.6863534700632128,0.0,0.0,0.0,,,,,,0.0,,,,,437.9977249773219,4693.5009765625,,,,,,,,,,
782,1,782.0,0.0,32.0,32.0,0.049728519283235,0.0,74.0,0.0,0.0,0.0,0.0,0.0,0.0,0.0,0.0,0.0,0.6,0.0021278112754879,1.0,0.6826221983011797,0.0,0.0,0.0,,,,,,0.0,,,,,427.7137159369886,4681.1572265625,,,,,,,,,,
783,1,783.0,0.0,32.0,32.0,0.2022882755845785,0.0,74.0,0.0,0.0,0.0,0.0,0.0,0.0,0.0,0.0,0.0,0.6,0.0021278112754879,1.0,0.6861848588631165,0.0,0.0,0.0,,,,,,0.0,,,,,437.3804610222578,4680.0166015625,,,,,,,,,,
784,1,784.0,0.0,32.0,32.0,0.0791949885897338,0.0,74.0,0.0,0.0,0.0,0.0,0.0,0.0,0.0,0.0,0.0,0.6,0.0021278112754879,1.0,0.6895667737547919,0.0,0.0,0.0,,,,,,0.0,,,,,430.2735179662705,4692.1806640625,,,,,,,,,,
785,1,785.0,0.0,32.0,32.0,0.2927567444858141,0.0,74.0,0.0,0.0,0.0,0.0,0.0,0.0,0.0,0.0,0.0,0.6,0.0021278112754879,1.0,0.6816122301501346,0.0,0.0,0.0,,,,,,0.0,,,,,438.3231709944084,4680.7509765625,,,,,,,,,,
786,1,786.0,0.0,32.0,32.0,0.1550493291579187,0.0,74.0,0.0,0.0,0.0,0.0,0.0,0.0,0.0,0.0,0.0,0.6,0.0021278112754879,1.0,0.6844333144533511,0.0,0.0,0.0,,,,,,0.0,,,,,427.8767519863322,4686.2197265625,,,,,,,,,,
787,1,787.0,0.0,32.0,32.0,0.1136029654880985,0.0,74.0,0.0,0.0,0.0,0.0,0.0,0.0,0.0,0.0,0.0,0.6,0.0021278112754879,1.0,0.6848773174775986,0.0,0.0,0.0,,,,,,0.0,,,,,434.5170999877155,4679.3603515625,,,,,,,,,,
788,1,788.0,0.0,32.0,32.0,0.0881752176210284,0.0,74.0,0.0,0.0,0.0,0.0,0.0,0.0,0.0,0.0,0.0,0.6,0.0021278112754879,1.0,0.6884633342160937,0.0,0.0,0.0,,,,,,0.0,,,,,430.0589270424098,4677.0634765625,,,,,,,,,,
789,1,789.0,0.0,32.0,32.0,0.0521848079515621,0.0,74.0,0.0,0.0,0.0,0.0,0.0,0.0,0.0,0.0,0.0,0.6,0.0021278112754879,1.0,0.686917803582972,0.0,0.0,0.0,,,,,,0.0,,,,,438.1766919977963,4679.3603515625,,,,,,,,,,
790,1,790.0,0.0,32.0,32.0,0.1104274000972509,0.0,74.0,0.0,0.0,0.0,0.0,0.0,0.0,0.0,0.0,0.0,0.6,0.0021278112754879,1.0,0.6841178767132335,0.0,0.0,0.0,,,,,,0.0,,,,,429.3847540393472,4679.6416015625,,,,,,,,,,
791,1,791.0,0.0,32.0,32.0,0.0952617976581677,0.0,74.0,0.0,0.0,0.0,0.0,0.0,0.0,0.0,0.0,0.0,0.6,0.0021278112754879,1.0,0.6855794019985204,0.0,0.0,0.0,,,,,,0.0,,,,,433.86795406695455,4688.2978515625,,,,,,,,,,
792,1,792.0,0.0,32.0,32.0,0.2919449403416365,0.0,74.0,0.0,0.0,0.0,0.0,0.0,0.0,0.0,0.0,0.0,0.6,0.0021278112754879,1.0,0.6827144721284945,0.0,0.0,0.0,,,,,,0.0,,,,,431.42397701740265,4677.0634765625,,,,,,,,,,
793,1,793.0,0.0,32.0,32.0,0.0733895010780543,0.0,74.0,0.0,0.0,0.0,0.0,0.0,0.0,0.0,0.0,0.0,0.6,0.0021278112754879,1.0,0.6832772662980062,0.0,0.0,0.0,,,,,,0.0,,,,,444.8353259358555,4681.8291015625,,,,,,,,,,
794,1,794.0,0.0,32.0,32.0,0.1753936836030334,0.0,74.0,0.0,0.0,0.0,0.0,0.0,0.0,0.0,0.0,0.0,0.6,0.0021278112754879,1.0,0.6867766796187145,0.0,0.0,0.0,,,,,,0.0,,,,,429.4722860213369,4688.4384765625,,,,,,,,,,
795,1,795.0,0.0,32.0,32.0,0.1820942724589258,0.0,74.0,0.0,0.0,0.0,0.0,0.0,0.0,0.0,0.0,0.0,0.6,0.0021278112754879,1.0,0.6843134083821202,0.0,0.0,0.0,,,,,,0.0,,,,,433.3740710280836,4679.8603515625,,,,,,,,,,
796,1,796.0,0.0,32.0,32.0,0.0986558068543672,0.0,74.0,0.0,0.0,0.0,0.0,0.0,0.0,0.0,0.0,0.0,0.6,0.0021278112754879,1.0,0.6855871780765375,0.0,0.0,0.0,,,,,,0.0,,,,,435.3703799424693,4680.0166015625,,,,,,,,,,
797,1,797.0,0.0,32.0,32.0,0.4073592985514551,0.0,74.0,0.0,0.0,0.0,0.0,0.0,0.0,0.0,0.0,0.0,0.6,0.0021278112754879,1.0,0.6820618851317333,0.0,0.0,0.0,,,,,,0.0,,,,,438.6109069455415,4681.9072265625,,,,,,,,,,
798,1,798.0,0.0,32.0,32.0,0.3230838960735127,0.0,74.0,0.0,0.0,0.0,0.0,0.0,0.0,0.0,0.0,0.0,0.6,0.0021278112754879,1.0,0.6934693254453709,0.0,0.0,0.0,,,,,,0.0,,,,,430.211127968505,4679.9541015625,,,,,,,,,,
799,1,799.0,0.0,32.0,32.0,0.2157989242114126,0.0,74.0,0.0,0.0,0.0,0.0,0.0,0.0,0.0,0.0,0.0,0.6,0.0021278112754879,1.0,0.6903385078308778,0.0,0.0,0.0,,,,,,0.0,,,,,433.3602209808305,4679.8603515625,,,,,,,,,,
800,1,800.0,0.0,32.0,32.0,0.1410870469408109,0.0,74.0,0.0,0.0,0.0,0.0,0.0,0.0,0.0,0.0,0.0,0.6,0.0021278112754879,1.0,0.6853442093646839,0.0,0.0,0.0,,,,,,0.0,,,,,426.0773319983855,4693.5009765625,,,,,,,,,,
801,1,801.0,0.0,32.0,32.0,0.3771760510280728,0.0,74.0,0.0,0.0,0.0,0.0,0.0,0.0,0.0,0.0,0.0,0.6,0.0021278112754879,1.0,0.6856664052659581,0.0,0.0,0.0,,,,,,0.0,,,,,439.9847489548847,4695.5166015625,,,,,,,,,,
802,1,802.0,0.0,32.0,32.0,0.2584218243137002,0.0,74.0,0.0,0.0,0.0,0.0,0.0,0.0,0.0,0.0,0.0,0.6,0.0021278112754879,1.0,0.686583115194004,0.0,0.0,0.0,,,,,,0.0,,,,,430.9641079744324,4679.5009765625,,,,,,,,,,
803,1,803.0,0.0,32.0,32.0,0.3031641524285078,0.0,74.0,0.0,0.0,0.0,0.0,0.0,0.0,0.0,0.0,0.0,0.6,0.0021278112754879,1.0,0.6842501542996072,0.0,0.0,0.0,,,,,,0.0,,,,,434.2513449955732,4677.6728515625,,,,,,,,,,
804,1,804.0,0.0,32.0,32.0,0.0739392393734306,0.0,74.0,0.0,0.0,0.0,0.0,0.0,0.0,0.0,0.0,0.0,0.6,0.0021278112754879,1.0,0.6832918009252171,0.0,0.0,0.0,,,,,,0.0,,,,,424.6568339876831,4686.2509765625,,,,,,,,,,
805,1,805.0,0.0,32.0,32.0,0.164375132182613,0.0,74.0,0.0,0.0,0.0,0.0,0.0,0.0,0.0,0.0,0.0,0.6,0.0021278112754879,1.0,0.6780714975352927,0.0,0.0,0.0,,,,,,0.0,,,,,441.72837992664427,4677.6728515625,,,,,,,,,,
806,1,806.0,0.0,32.0,32.0,0.0973635602276772,0.0,74.0,0.0,0.0,0.0,0.0,0.0,0.0,0.0,0.0,0.0,0.6,0.0021278112754879,1.0,0.6894137256827518,0.0,0.0,0.0,,,,,,0.0,,,,,430.7909969938919,4695.5166015625,,,,,,,,,,
807,1,807.0,0.0,32.0,32.0,0.1363326789578423,0.0,74.0,0.0,0.0,0.0,0.0,0.0,0.0,0.0,0.0,0.0,0.6,0.0021278112754879,1.0,0.6899074448729078,0.0,0.0,0.0,,,,,,0.0,,,,,437.1053740615025,4681.9072265625,,,,,,,,,,
808,1,808.0,0.0,32.0,32.0,0.1497007103171199,0.0,74.0,0.0,0.0,0.0,0.0,0.0,0.0,0.0,0.0,0.0,0.6,0.0021278112754879,1.0,0.6838571958246724,0.0,0.0,0.0,,,,,,0.0,,,,,427.03072004951537,4692.1806640625,,,,,,,,,,
809,1,809.0,0.0,32.0,32.0,0.1225071265362203,0.0,74.0,0.0,0.0,0.0,0.0,0.0,0.0,0.0,0.0,0.0,0.6,0.0021278112754879,1.0,0.6791864700123533,0.0,0.0,0.0,,,,,,0.0,,,,,436.85681198257953,4688.2978515625,,,,,,,,,,
810,1,810.0,0.0,32.0,32.0,0.0850197358522564,0.0,74.0,0.0,0.0,0.0,0.0,0.0,0.0,0.0,0.0,0.0,0.6,0.0021278112754879,1.0,0.6872421077103871,0.0,0.0,0.0,,,,,,0.0,,,,,434.3762689968571,4677.6728515625,,,,,,,,,,
811,1,811.0,0.0,32.0,32.0,0.164788635331206,0.0,74.0,0.0,0.0,0.0,0.0,0.0,0.0,0.0,0.0,0.0,0.6,0.0021278112754879,1.0,0.6894363956378637,0.0,0.0,0.0,,,,,,0.0,,,,,436.7784730857238,4692.1806640625,,,,,,,,,,
812,1,812.0,0.0,32.0,32.0,0.2154220944503322,0.0,74.0,0.0,0.0,0.0,0.0,0.0,0.0,0.0,0.0,0.0,0.6,0.0021278112754879,1.0,0.6847208261901673,0.0,0.0,0.0,,,,,,0.0,,,,,427.9325529932976,4683.2041015625,,,,,,,,,,
813,1,813.0,0.0,32.0,32.0,0.0592723600566387,0.0,74.0,0.0,0.0,0.0,0.0,0.0,0.0,0.0,0.0,0.0,0.6,0.0021278112754879,1.0,0.6884601917998475,0.0,0.0,0.0,,,,,,0.0,,,,,433.878303039819,4677.6728515625,,,,,,,,,,
814,1,814.0,0.0,32.0,32.0,0.1102525679161772,0.0,74.0,0.0,0.0,0.0,0.0,0.0,0.0,0.0,0.0,0.0,0.6,0.0021278112754879,1.0,0.6860126183278143,0.0,0.0,0.0,,,,,,0.0,,,,,430.8087209938094,4687.4541015625,,,,,,,,,,
815,1,815.0,0.0,32.0,32.0,0.1215821818914264,0.0,74.0,0.0,0.0,0.0,0.0,0.0,0.0,0.0,0.0,0.0,0.6,0.0021278112754879,1.0,0.68393274151011,0.0,0.0,0.0,,,,,,0.0,,,,,439.0416869428009,4680.7509765625,,,,,,,,,,
816,1,816.0,0.0,32.0,32.0,0.1086969075258821,0.0,74.0,0.0,0.0,0.0,0.0,0.0,0.0,0.0,0.0,0.0,0.6,0.0021278112754879,1.0,0.6873372102392166,0.0,0.0,0.0,,,,,,0.0,,,,,425.74744403827935,4680.7509765625,,,,,,,,,,
817,1,817.0,0.0,32.0,32.0,0.361738613457419,0.0,74.0,0.0,0.0,0.0,0.0,0.0,0.0,0.0,0.0,0.0,0.6,0.0021278112754879,1.0,0.6833318685750912,0.0,0.0,0.0,,,,,,0.0,,,,,435.5738089652732,4680.7509765625,,,,,,,,,,
818,1,818.0,0.0,32.0,32.0,0.1825017328374087,0.0,74.0,0.0,0.0,0.0,0.0,0.0,0.0,0.0,0.0,0.0,0.6,0.0021278112754879,1.0,0.6840258798240217,0.0,0.0,0.0,,,,,,0.0,,,,,432.8155838884413,4679.3603515625,,,,,,,,,,
819,1,819.0,0.0,32.0,32.0,0.0311644065659493,1.0,74.0,0.0135135135135135,0.0,1.0,0.0,1.0,0.1527339329339843,0.0,0.1527339329339843,0.0,0.6,0.0021278112754879,1.000000000012976,0.6848769385289718,-1.7897856098832416e-09,0.0,1.0,1.0,,0.5,-1.4426950249075512e-08,-9.999999889225293e-09,1.0,0.509113109779948,,,,440.4581430135295,4688.4384765625,,,,,,,,,,
820,1,820.0,0.0,32.0,32.0,0.2276556974975392,0.0,74.0,0.0,0.0,0.0,0.0,0.0,0.0,0.0,0.0,0.0,0.6,0.0021278112754879,1.0,0.6857685457955507,0.0,0.0,0.0,,,,,,0.0,,,,,431.898421025835,4679.3603515625,,,,,,,,,,
821,1,821.0,0.0,32.0,32.0,0.0797563436790369,0.0,74.0,0.0,0.0,0.0,0.0,0.0,0.0,0.0,0.0,0.0,0.6,0.0021278112754879,1.0,0.6875432809649786,0.0,0.0,0.0,,,,,,0.0,,,,,435.71689596865326,4680.7509765625,,,,,,,,,,
822,1,822.0,0.0,32.0,32.0,0.0470296236453577,0.0,74.0,0.0,0.0,0.0,0.0,0.0,0.0,0.0,0.0,0.0,0.6,0.0021278112754879,1.0,0.6909200641715679,0.0,0.0,0.0,,,,,,0.0,,,,,428.7706880131736,4688.4384765625,,,,,,,,,,
823,1,823.0,0.0,32.0,32.0,0.2291709912242368,0.0,74.0,0.0,0.0,0.0,0.0,0.0,0.0,0.0,0.0,0.0,0.6,0.0021278112754879,1.0,0.6852821327798669,0.0,0.0,0.0,,,,,,0.0,,,,,435.4151739971712,4677.0634765625,,,,,,,,,,
824,1,824.0,0.0,32.0,32.0,0.2675232256297022,0.0,74.0,0.0,0.0,0.0,0.0,0.0,0.0,0.0,0.0,0.0,0.6,0.0021278112754879,1.0,0.6862537558025904,0.0,0.0,0.0,,,,,,0.0,,,,,428.0798629624769,4677.0634765625,,,,,,,,,,
825,1,825.0,0.0,32.0,32.0,0.0367375592468306,0.0,74.0,0.0,0.0,0.0,0.0,0.0,0.0,0.0,0.0,0.0,0.6,0.0021278112754879,1.0,0.687027350243346,0.0,0.0,0.0,,,,,,0.0,,,,,435.3564000921324,4684.6572265625,,,,,,,,,,
826,1,826.0,0.0,32.0,32.0,0.3766110119177028,0.0,74.0,0.0,0.0,0.0,0.0,0.0,0.0,0.0,0.0,0.0,0.6,0.0021278112754879,1.0,0.6877337368240747,0.0,0.0,0.0,,,,,,0.0,,,,,426.8590270075947,4678.2197265625,,,,,,,,,,
827,1,827.0,0.0,32.0,32.0,0.0322338258265517,0.0,74.0,0.0,0.0,0.0,0.0,0.0,0.0,0.0,0.0,0.0,0.6,0.0021278112754879,1.0,0.683467040959932,0.0,0.0,0.0,,,,,,0.0,,,,,439.4010159885511,4695.5166015625,,,,,,,,,,
828,1,828.0,0.0,32.0,32.0,0.1952160506043583,0.0,74.0,0.0,0.0,0.0,0.0,0.0,0.0,0.0,0.0,0.0,0.6,0.0021278112754879,1.0,0.6835943316185611,0.0,0.0,0.0,,,,,,0.0,,,,,430.3484200499952,4687.4541015625,,,,,,,,,,
829,1,829.0,0.0,32.0,32.0,0.3161031214985996,0.0,74.0,0.0,0.0,0.0,0.0,0.0,0.0,0.0,0.0,0.0,0.6,0.0021278112754879,1.0,0.6833120981996534,0.0,0.0,0.0,,,,,,0.0,,,,,431.3198890304193,4679.3603515625,,,,,,,,,,
830,1,830.0,0.0,32.0,32.0,0.1414329237886704,0.0,74.0,0.0,0.0,0.0,0.0,0.0,0.0,0.0,0.0,0.0,0.6,0.0021278112754879,1.0,0.6879071089350841,0.0,0.0,0.0,,,,,,0.0,,,,,424.5532730128616,4686.2197265625,,,,,,,,,,
831,1,831.0,0.0,32.0,32.0,0.2620888072997331,0.0,74.0,0.0,0.0,0.0,0.0,0.0,0.0,0.0,0.0,0.0,0.6,0.0021278112754879,1.0,0.688570928572967,0.0,0.0,0.0,,,,,,0.0,,,,,434.0009409934282,4677.0634765625,,,,,,,,,,
832,1,832.0,0.0,32.0,32.0,0.0362844471819698,1.0,74.0,0.0135135135135135,1.0,0.0,1.0,0.0,0.1455692381115222,0.1455692381115222,0.0,0.0,0.6,0.0021278112754879,0.9999999999922854,0.6819694529438804,-1.8035883404258483e-09,1.0,0.0,1.0,,0.5,-1.4426950249075512e-08,-9.999999889225293e-09,1.0,0.514769206294926,,,,431.2940799864009,4680.6884765625,,,,,,,,,,
833,1,833.0,0.0,32.0,32.0,0.4166306995321065,0.0,74.0,0.0,0.0,0.0,0.0,0.0,0.0,0.0,0.0,0.0,0.6,0.0021278112754879,1.0,0.6854812015263447,0.0,0.0,0.0,,,,,,0.0,,,,,438.2307420019061,4679.3603515625,,,,,,,,,,
834,1,834.0,0.0,32.0,32.0,0.0956807621987536,0.0,74.0,0.0,0.0,0.0,0.0,0.0,0.0,0.0,0.0,0.0,0.6,0.0021278112754879,1.0,0.6827355428373539,0.0,0.0,0.0,,,,,,0.0,,,,,423.927714000456,4678.2197265625,,,,,,,,,,
835,1,835.0,0.0,32.0,32.0,0.3041736353188753,0.0,74.0,0.0,0.0,0.0,0.0,0.0,0.0,0.0,0.0,0.0,0.6,0.0021278112754879,1.0,0.6805724598058451,0.0,0.0,0.0,,,,,,0.0,,,,,434.7999999299645,4686.2197265625,,,,,,,,,,
836,1,836.0,0.0,32.0,32.0,0.3604470824357122,0.0,74.0,0.0,0.0,0.0,0.0,0.0,0.0,0.0,0.0,0.0,0.6,0.0021278112754879,1.0,0.6823954818008934,0.0,0.0,0.0,,,,,,0.0,,,,,426.3977489899844,4688.4384765625,,,,,,,,,,
837,1,837.0,0.0,32.0,32.0,0.1868480569683015,0.0,74.0,0.0,0.0,0.0,0.0,0.0,0.0,0.0,0.0,0.0,0.6,0.0021278112754879,1.0,0.6897133574881873,0.0,0.0,0.0,,,,,,0.0,,,,,433.7064849678427,4688.4384765625,,,,,,,,,,
838,1,838.0,0.0,32.0,32.0,0.1244937846204266,0.0,74.0,0.0,0.0,0.0,0.0,0.0,0.0,0.0,0.0,0.0,0.6,0.0021278112754879,1.0,0.6825217524532018,0.0,0.0,0.0,,,,,,0.0,,,,,425.2957130083814,4692.1806640625,,,,,,,,,,
839,1,839.0,0.0,32.0,32.0,0.477926155552268,0.0,74.0,0.0,0.0,0.0,0.0,0.0,0.0,0.0,0.0,0.0,0.6,0.0021278112754879,1.0,0.6823126740687262,0.0,0.0,0.0,,,,,,0.0,,,,,437.8989919787273,4692.1806640625,,,,,,,,,,
840,1,840.0,0.0,32.0,32.0,0.4361773460404947,0.0,74.0,0.0,0.0,0.0,0.0,0.0,0.0,0.0,0.0,0.0,0.6,0.0021278112754879,1.0,0.6853346409181297,0.0,0.0,0.0,,,,,,0.0,,,,,425.3854990238324,4677.6728515625,,,,,,,,,,
841,1,841.0,0.0,32.0,32.0,0.1853979279985651,0.0,74.0,0.0,0.0,0.0,0.0,0.0,0.0,0.0,0.0,0.0,0.6,0.0021278112754879,1.0,0.6805798002369043,0.0,0.0,0.0,,,,,,0.0,,,,,435.2152020437643,4679.3603515625,,,,,,,,,,
842,1,842.0,0.0,32.0,32.0,0.2087906706146896,0.0,74.0,0.0,0.0,0.0,0.0,0.0,0.0,0.0,0.0,0.0,0.6,0.0021278112754879,1.0,0.6833878345550702,0.0,0.0,0.0,,,,,,0.0,,,,,508.973627933301,4681.1572265625,,,,,,,,,,
843,1,843.0,0.0,32.0,32.0,0.1730944877490401,0.0,74.0,0.0,0.0,0.0,0.0,0.0,0.0,0.0,0.0,0.0,0.6,0.0021278112754879,1.0,0.6826593065324386,0.0,0.0,0.0,,,,,,0.0,,,,,424.5202500605956,4684.4384765625,,,,,,,,,,
844,1,844.0,0.0,32.0,32.0,0.1717755175195634,0.0,74.0,0.0,0.0,0.0,0.0,0.0,0.0,0.0,0.0,0.0,0.6,0.0021278112754879,1.0,0.6840759061358416,0.0,0.0,0.0,,,,,,0.0,,,,,434.6523419953882,4693.5009765625,,,,,,,,,,
845,1,845.0,0.0,32.0,32.0,0.1705071059986949,0.0,74.0,0.0,0.0,0.0,0.0,0.0,0.0,0.0,0.0,0.0,0.6,0.0021278112754879,1.0,0.6873723153885887,0.0,0.0,0.0,,,,,,0.0,,,,,431.3381529645994,4681.1572265625,,,,,,,,,,
846,1,846.0,0.0,32.0,32.0,0.1149256257340312,0.0,74.0,0.0,0.0,0.0,0.0,0.0,0.0,0.0,0.0,0.0,0.6,0.0021278112754879,1.0,0.6845491248523815,0.0,0.0,0.0,,,,,,0.0,,,,,438.481030985713,4681.4853515625,,,,,,,,,,
847,1,847.0,0.0,32.0,32.0,0.1477898871526122,0.0,74.0,0.0,0.0,0.0,0.0,0.0,0.0,0.0,0.0,0.0,0.6,0.0021278112754879,1.0,0.6848688382423642,0.0,0.0,0.0,,,,,,0.0,,,,,425.7913730107248,4680.7509765625,,,,,,,,,,
848,1,848.0,0.0,32.0,32.0,0.3255519461818039,0.0,74.0,0.0,0.0,0.0,0.0,0.0,0.0,0.0,0.0,0.0,0.6,0.0021278112754879,1.0,0.6864310877524707,0.0,0.0,0.0,,,,,,0.0,,,,,437.0603560237214,4680.0166015625,,,,,,,,,,
849,1,849.0,0.0,32.0,32.0,0.2125307735987007,0.0,74.0,0.0,0.0,0.0,0.0,0.0,0.0,0.0,0.0,0.0,0.6,0.0021278112754879,1.0,0.6832209612909599,0.0,0.0,0.0,,,,,,0.0,,,,,434.3591770157218,4678.7822265625,,,,,,,,,,
850,1,850.0,0.0,32.0,32.0,0.20435297396034,0.0,74.0,0.0,0.0,0.0,0.0,0.0,0.0,0.0,0.0,0.0,0.6,0.0021278112754879,1.0,0.6797527049581699,0.0,0.0,0.0,,,,,,0.0,,,,,442.4806230235845,4681.1572265625,,,,,,,,,,
851,1,851.0,0.0,32.0,32.0,0.0787096989806741,0.0,74.0,0.0,0.0,0.0,0.0,0.0,0.0,0.0,0.0,0.0,0.6,0.0021278112754879,1.0,0.6828143657788638,0.0,0.0,0.0,,,,,,0.0,,,,,429.6604710398242,4688.2978515625,,,,,,,,,,
852,1,852.0,0.0,32.0,32.0,0.3880543007981032,0.0,74.0,0.0,0.0,0.0,0.0,0.0,0.0,0.0,0.0,0.0,0.6,0.0021278112754879,1.0,0.682507889853009,0.0,0.0,0.0,,,,,,0.0,,,,,430.65242597367615,4687.4541015625,,,,,,,,,,
853,1,853.0,0.0,32.0,32.0,0.1807017144747078,0.0,74.0,0.0,0.0,0.0,0.0,0.0,0.0,0.0,0.0,0.0,0.6,0.0021278112754879,1.0,0.6863115868905564,0.0,0.0,0.0,,,,,,0.0,,,,,430.6096800137311,4693.5009765625,,,,,,,,,,
854,1,854.0,0.0,32.0,32.0,0.0411893896525725,0.0,74.0,0.0,0.0,0.0,0.0,0.0,0.0,0.0,0.0,0.0,0.6,0.0021278112754879,1.0,0.6865603887460717,0.0,0.0,0.0,,,,,,0.0,,,,,438.1712459726259,4679.9541015625,,,,,,,,,,
855,1,855.0,0.0,32.0,32.0,0.0428328451234847,0.0,74.0,0.0,0.0,0.0,0.0,0.0,0.0,0.0,0.0,0.0,0.6,0.0021278112754879,1.0,0.6845347245901446,0.0,0.0,0.0,,,,,,0.0,,,,,428.9875909453258,4681.9072265625,,,,,,,,,,
856,1,856.0,0.0,32.0,32.0,0.1437106279190629,0.0,74.0,0.0,0.0,0.0,0.0,0.0,0.0,0.0,0.0,0.0,0.6,0.0021278112754879,1.0,0.6885157949390891,0.0,0.0,0.0,,,,,,0.0,,,,,432.5546179898083,4680.0166015625,,,,,,,,,,
857,1,857.0,0.0,32.0,32.0,0.4476728405570611,0.0,74.0,0.0,0.0,0.0,0.0,0.0,0.0,0.0,0.0,0.0,0.6,0.0021278112754879,1.0,0.6835377653818255,0.0,0.0,0.0,,,,,,0.0,,,,,432.1303099859506,4681.9072265625,,,,,,,,,,
858,1,858.0,0.0,32.0,32.0,0.1537130447104573,0.0,74.0,0.0,0.0,0.0,0.0,0.0,0.0,0.0,0.0,0.0,0.6,0.0021278112754879,1.0,0.6859569022227237,0.0,0.0,0.0,,,,,,0.0,,,,,438.11316799838096,4679.3603515625,,,,,,,,,,
859,1,859.0,0.0,32.0,32.0,0.1727069895714521,0.0,74.0,0.0,0.0,0.0,0.0,0.0,0.0,0.0,0.0,0.0,0.6,0.0021278112754879,1.0,0.6856996342913347,0.0,0.0,0.0,,,,,,0.0,,,,,432.607141090557,4687.4541015625,,,,,,,,,,
860,1,860.0,0.0,32.0,32.0,0.4509069616906345,0.0,74.0,0.0,0.0,0.0,0.0,0.0,0.0,0.0,0.0,0.0,0.6,0.0021278112754879,1.0,0.6841229960487308,0.0,0.0,0.0,,,,,,0.0,,,,,434.6830509603024,4681.8291015625,,,,,,,,,,
861,1,861.0,0.0,32.0,32.0,0.3580717148724943,0.0,74.0,0.0,0.0,0.0,0.0,0.0,0.0,0.0,0.0,0.0,0.6,0.0021278112754879,1.0,0.6762106170308821,0.0,0.0,0.0,,,,,,0.0,,,,,430.2150600124151,4679.3603515625,,,,,,,,,,
862,1,862.0,0.0,32.0,32.0,0.3101743676816113,0.0,74.0,0.0,0.0,0.0,0.0,0.0,0.0,0.0,0.0,0.0,0.6,0.0021278112754879,1.0,0.6795271266317175,0.0,0.0,0.0,,,,,,0.0,,,,,438.3241899777204,4679.9541015625,,,,,,,,,,
863,1,863.0,0.0,32.0,32.0,0.2027786779217422,0.0,74.0,0.0,0.0,0.0,0.0,0.0,0.0,0.0,0.0,0.0,0.6,0.0021278112754879,1.0,0.6835364114780601,0.0,0.0,0.0,,,,,,0.0,,,,,430.8643899857998,4686.2509765625,,,,,,,,,,
864,1,864.0,0.0,32.0,32.0,0.3337810767116025,0.0,74.0,0.0,0.0,0.0,0.0,0.0,0.0,0.0,0.0,0.0,0.6,0.0021278112754879,1.0,0.6830186252251813,0.0,0.0,0.0,,,,,,0.0,,,,,434.9542889976874,4677.6728515625,,,,,,,,,,
865,1,865.0,0.0,32.0,32.0,0.1151048368774354,0.0,74.0,0.0,0.0,0.0,0.0,0.0,0.0,0.0,0.0,0.0,0.6,0.0021278112754879,1.0,0.682957046163004,0.0,0.0,0.0,,,,,,0.0,,,,,423.5406989464536,4687.4541015625,,,,,,,,,,
866,1,866.0,0.0,32.0,32.0,0.1040882167872041,0.0,74.0,0.0,0.0,0.0,0.0,0.0,0.0,0.0,0.0,0.0,0.6,0.0021278112754879,1.0,0.6855715658391557,0.0,0.0,0.0,,,,,,0.0,,,,,438.61037597525865,4681.8291015625,,,,,,,,,,
867,1,867.0,0.0,32.0,32.0,0.0942069134907797,0.0,74.0,0.0,0.0,0.0,0.0,0.0,0.0,0.0,0.0,0.0,0.6,0.0021278112754879,1.0,0.68189201436899,0.0,0.0,0.0,,,,,,0.0,,,,,432.2504650335759,4681.9072265625,,,,,,,,,,
868,1,868.0,0.0,32.0,32.0,0.2118245051242411,0.0,74.0,0.0,0.0,0.0,0.0,0.0,0.0,0.0,0.0,0.0,0.6,0.0021278112754879,1.0,0.6786434707872996,0.0,0.0,0.0,,,,,,0.0,,,,,435.8751230174676,4679.3603515625,,,,,,,,,,
869,1,869.0,0.0,32.0,32.0,0.1433037719689309,0.0,74.0,0.0,0.0,0.0,0.0,0.0,0.0,0.0,0.0,0.0,0.6,0.0021278112754879,1.0,0.6836848941497372,0.0,0.0,0.0,,,,,,0.0,,,,,427.2288890788332,4678.2197265625,,,,,,,,,,
870,1,870.0,0.0,32.0,32.0,0.2251537945121526,0.0,74.0,0.0,0.0,0.0,0.0,0.0,0.0,0.0,0.0,0.0,0.6,0.0021278112754879,1.0,0.6843832832593867,0.0,0.0,0.0,,,,,,0.0,,,,,438.206493970938,4695.5166015625,,,,,,,,,,
871,1,871.0,0.0,32.0,32.0,0.1614898326806724,0.0,74.0,0.0,0.0,0.0,0.0,0.0,0.0,0.0,0.0,0.0,0.6,0.0021278112754879,1.0,0.6844519349335216,0.0,0.0,0.0,,,,,,0.0,,,,,429.8168070381507,4695.5166015625,,,,,,,,,,
872,1,872.0,0.0,32.0,32.0,0.1873644799925387,0.0,74.0,0.0,0.0,0.0,0.0,0.0,0.0,0.0,0.0,0.0,0.6,0.0021278112754879,1.0,0.6853335707634656,0.0,0.0,0.0,,,,,,0.0,,,,,436.1613891087472,4693.5009765625,,,,,,,,,,
873,1,873.0,0.0,32.0,32.0,0.2221240263897925,0.0,74.0,0.0,0.0,0.0,0.0,0.0,0.0,0.0,0.0,0.0,0.6,0.0021278112754879,1.0,0.6877757540549657,0.0,0.0,0.0,,,,,,0.0,,,,,426.5770569909364,4682.3056640625,,,,,,,,,,
874,1,874.0,0.0,32.0,32.0,0.1394896937999874,0.0,74.0,0.0,0.0,0.0,0.0,0.0,0.0,0.0,0.0,0.0,0.6,0.0021278112754879,1.0,0.6870129620926034,0.0,0.0,0.0,,,,,,0.0,,,,,439.400166971609,4680.7509765625,,,,,,,,,,
875,1,875.0,0.0,32.0,32.0,0.1188436425291001,0.0,74.0,0.0,0.0,0.0,0.0,0.0,0.0,0.0,0.0,0.0,0.6,0.0021278112754879,1.0,0.6807267952213939,0.0,0.0,0.0,,,,,,0.0,,,,,431.90252303611487,4682.3056640625,,,,,,,,,,
876,1,876.0,0.0,32.0,32.0,0.2103491802699864,0.0,74.0,0.0,0.0,0.0,0.0,0.0,0.0,0.0,0.0,0.0,0.6,0.0021278112754879,1.0,0.6856268041309296,0.0,0.0,0.0,,,,,,0.0,,,,,439.8160399869085,4676.4384765625,,,,,,,,,,
877,1,877.0,0.0,32.0,32.0,0.1922626681625843,0.0,74.0,0.0,0.0,0.0,0.0,0.0,0.0,0.0,0.0,0.0,0.6,0.0021278112754879,1.0,0.6847923031799076,0.0,0.0,0.0,,,,,,0.0,,,,,428.8033479824662,4683.2041015625,,,,,,,,,,
878,1,878.0,0.0,32.0,32.0,0.268192087765783,0.0,74.0,0.0,0.0,0.0,0.0,0.0,0.0,0.0,0.0,0.0,0.6,0.0021278112754879,1.0,0.6832951617652289,0.0,0.0,0.0,,,,,,0.0,,,,,440.5579409794882,4693.5009765625,,,,,,,,,,
879,1,879.0,0.0,32.0,32.0,0.1252547280164435,0.0,74.0,0.0,0.0,0.0,0.0,0.0,0.0,0.0,0.0,0.0,0.6,0.0021278112754879,1.0,0.6863916049681097,0.0,0.0,0.0,,,,,,0.0,,,,,432.8525749733672,4678.7822265625,,,,,,,,,,
880,1,880.0,0.0,32.0,32.0,0.3228806182742119,0.0,74.0,0.0,0.0,0.0,0.0,0.0,0.0,0.0,0.0,0.0,0.6,0.0021278112754879,1.0,0.6890497990324379,0.0,0.0,0.0,,,,,,0.0,,,,,437.35447502695024,4679.3603515625,,,,,,,,,,
881,1,881.0,0.0,32.0,32.0,0.3184129074215889,0.0,74.0,0.0,0.0,0.0,0.0,0.0,0.0,0.0,0.0,0.0,0.6,0.0021278112754879,1.0,0.6853720602442628,0.0,0.0,0.0,,,,,,0.0,,,,,429.1603530291468,4679.6416015625,,,,,,,,,,
882,1,882.0,0.0,32.0,32.0,0.2748795010847971,0.0,74.0,0.0,0.0,0.0,0.0,0.0,0.0,0.0,0.0,0.0,0.6,0.0021278112754879,1.0,0.6901502188817589,0.0,0.0,0.0,,,,,,0.0,,,,,435.9002260025591,4684.4384765625,,,,,,,,,,
883,1,883.0,0.0,32.0,32.0,0.1861161449924111,0.0,74.0,0.0,0.0,0.0,0.0,0.0,0.0,0.0,0.0,0.0,0.6,0.0021278112754879,1.0,0.6863678311283691,0.0,0.0,0.0,,,,,,0.0,,,,,432.6429289067164,4680.7509765625,,,,,,,,,,
884,1,884.0,0.0,32.0,32.0,0.1033893649000674,0.0,74.0,0.0,0.0,0.0,0.0,0.0,0.0,0.0,0.0,0.0,0.6,0.0021278112754879,1.0,0.6811011589461466,0.0,0.0,0.0,,,,,,0.0,,,,,438.3329279953614,4680.7509765625,,,,,,,,,,
885,1,885.0,0.0,32.0,32.0,0.1154034084174782,0.0,74.0,0.0,0.0,0.0,0.0,0.0,0.0,0.0,0.0,0.0,0.6,0.0021278112754879,1.0,0.6829029765473387,0.0,0.0,0.0,,,,,,0.0,,,,,428.2432469772175,4693.5009765625,,,,,,,,,,
886,1,886.0,0.0,32.0,32.0,0.1220425810897722,0.0,74.0,0.0,0.0,0.0,0.0,0.0,0.0,0.0,0.0,0.0,0.6,0.0021278112754879,1.0,0.6866947853447621,0.0,0.0,0.0,,,,,,0.0,,,,,433.23066702578217,4678.7822265625,,,,,,,,,,
887,1,887.0,0.0,32.0,32.0,0.2579256661701947,0.0,74.0,0.0,0.0,0.0,0.0,0.0,0.0,0.0,0.0,0.0,0.6,0.0021278112754879,1.0,0.6859882508020424,0.0,0.0,0.0,,,,,,0.0,,,,,430.3981710691005,4677.0634765625,,,,,,,,,,
888,1,888.0,0.0,32.0,32.0,0.2697070171125233,0.0,74.0,0.0,0.0,0.0,0.0,0.0,0.0,0.0,0.0,0.0,0.6,0.0021278112754879,1.0,0.6820956574743454,0.0,0.0,0.0,,,,,,0.0,,,,,436.4575220970437,4683.2041015625,,,,,,,,,,
889,1,889.0,0.0,32.0,32.0,0.1614726879633963,0.0,74.0,0.0,0.0,0.0,0.0,0.0,0.0,0.0,0.0,0.0,0.6,0.0021278112754879,1.0,0.684956633315749,0.0,0.0,0.0,,,,,,0.0,,,,,425.9686430450529,4688.4384765625,,,,,,,,,,
890,1,890.0,0.0,32.0,32.0,0.1400534119457006,0.0,74.0,0.0,0.0,0.0,0.0,0.0,0.0,0.0,0.0,0.0,0.6,0.0021278112754879,1.0,0.6851384338616228,0.0,0.0,0.0,,,,,,0.0,,,,,436.6670959861949,4680.7509765625,,,,,,,,,,
891,1,891.0,0.0,32.0,32.0,0.2179401814937591,0.0,74.0,0.0,0.0,0.0,0.0,0.0,0.0,0.0,0.0,0.0,0.6,0.0021278112754879,1.0,0.6775259663110352,0.0,0.0,0.0,,,,,,0.0,,,,,425.7463220274076,4693.5009765625,,,,,,,,,,
892,1,892.0,0.0,32.0,32.0,0.1328187566250562,0.0,74.0,0.0,0.0,0.0,0.0,0.0,0.0,0.0,0.0,0.0,0.6,0.0021278112754879,1.0,0.6853873572469764,0.0,0.0,0.0,,,,,,0.0,,,,,440.3596629854292,4681.8291015625,,,,,,,,,,
893,1,893.0,0.0,32.0,32.0,0.475657916511409,0.0,74.0,0.0,0.0,0.0,0.0,0.0,0.0,0.0,0.0,0.0,0.6,0.0021278112754879,1.0,0.6825376885596983,0.0,0.0,0.0,,,,,,0.0,,,,,432.14385700412095,4692.1806640625,,,,,,,,,,
894,1,894.0,0.0,32.0,32.0,0.2653826086316257,0.0,74.0,0.0,0.0,0.0,0.0,0.0,0.0,0.0,0.0,0.0,0.6,0.0021278112754879,1.0,0.6854415494911396,0.0,0.0,0.0,,,,,,0.0,,,,,438.4723819093779,4681.8291015625,,,,,,,,,,
895,1,895.0,0.0,32.0,32.0,0.1914317059563473,0.0,74.0,0.0,0.0,0.0,0.0,0.0,0.0,0.0,0.0,0.0,0.6,0.0021278112754879,1.0,0.685374342404891,0.0,0.0,0.0,,,,,,0.0,,,,,425.41186790913343,4679.9541015625,,,,,,,,,,
896,1,896.0,0.0,32.0,32.0,0.133951541269198,0.0,74.0,0.0,0.0,0.0,0.0,0.0,0.0,0.0,0.0,0.0,0.6,0.0021278112754879,1.0,0.6824900690446456,0.0,0.0,0.0,,,,,,0.0,,,,,439.6234930027276,4681.8291015625,,,,,,,,,,
897,1,897.0,0.0,32.0,32.0,0.1445776533801108,0.0,74.0,0.0,0.0,0.0,0.0,0.0,0.0,0.0,0.0,0.0,0.6,0.0021278112754879,1.0,0.6813829158751271,0.0,0.0,0.0,,,,,,0.0,,,,,429.4283010531217,4678.2197265625,,,,,,,,,,
898,1,898.0,0.0,32.0,32.0,0.1549486867152154,0.0,74.0,0.0,0.0,0.0,0.0,0.0,0.0,0.0,0.0,0.0,0.6,0.0021278112754879,1.0,0.6823983891041302,0.0,0.0,0.0,,,,,,0.0,,,,,436.6541870404035,4679.6416015625,,,,,,,,,,
899,1,899.0,0.0,32.0,32.0,0.2101392948534339,0.0,74.0,0.0,0.0,0.0,0.0,0.0,0.0,0.0,0.0,0.0,0.6,0.0021278112754879,1.0,0.6847307562572457,0.0,0.0,0.0,,,,,,0.0,,,,,423.8909960258752,4677.0634765625,,,,,,,,,,
900,1,900.0,0.0,32.0,32.0,0.1869648322463035,0.0,74.0,0.0,0.0,0.0,0.0,0.0,0.0,0.0,0.0,0.0,0.6,0.0021278112754879,1.0,0.6866264890827598,0.0,0.0,0.0,,,,,,0.0,,,,,438.291804981418,4679.6416015625,,,,,,,,,,
901,1,901.0,0.0,32.0,32.0,0.082913082325831,0.0,74.0,0.0,0.0,0.0,0.0,0.0,0.0,0.0,0.0,0.0,0.6,0.0021278112754879,1.0,0.678615578511063,0.0,0.0,0.0,,,,,,0.0,,,,,430.2296659443528,4679.3603515625,,,,,,,,,,
902,1,902.0,0.0,32.0,32.0,0.2155979988165199,0.0,74.0,0.0,0.0,0.0,0.0,0.0,0.0,0.0,0.0,0.0,0.6,0.0021278112754879,1.0,0.6806469868208145,0.0,0.0,0.0,,,,,,0.0,,,,,434.7883160226047,4687.4541015625,,,,,,,,,,
903,1,903.0,0.0,32.0,32.0,0.0957212437642738,0.0,74.0,0.0,0.0,0.0,0.0,0.0,0.0,0.0,0.0,0.0,0.6,0.0021278112754879,1.0,0.6872656576214733,0.0,0.0,0.0,,,,,,0.0,,,,,427.6414389023557,4683.5947265625,,,,,,,,,,
904,1,904.0,0.0,32.0,32.0,0.1505847627995535,0.0,74.0,0.0,0.0,0.0,0.0,0.0,0.0,0.0,0.0,0.0,0.6,0.0021278112754879,1.0,0.6841608289722078,0.0,0.0,0.0,,,,,,0.0,,,,,434.00394602213055,4680.0166015625,,,,,,,,,,
905,1,905.0,0.0,32.0,32.0,0.2070189549122005,0.0,74.0,0.0,0.0,0.0,0.0,0.0,0.0,0.0,0.0,0.0,0.6,0.0021278112754879,1.0,0.6851925936434086,0.0,0.0,0.0,,,,,,0.0,,,,,433.1646399805322,4678.7822265625,,,,,,,,,,
906,1,906.0,0.0,32.0,32.0,0.3149657675530761,0.0,74.0,0.0,0.0,0.0,0.0,0.0,0.0,0.0,0.0,0.0,0.6,0.0021278112754879,1.0,0.6817390882263588,0.0,0.0,0.0,,,,,,0.0,,,,,437.7240800531581,4681.8291015625,,,,,,,,,,
907,1,907.0,0.0,32.0,32.0,0.0612810008460655,0.0,74.0,0.0,0.0,0.0,0.0,0.0,0.0,0.0,0.0,0.0,0.6,0.0021278112754879,1.0,0.6853287668913742,0.0,0.0,0.0,,,,,,0.0,,,,,426.17459199391305,4677.0634765625,,,,,,,,,,
908,1,908.0,0.0,32.0,32.0,0.1204300730023533,0.0,74.0,0.0,0.0,0.0,0.0,0.0,0.0,0.0,0.0,0.0,0.6,0.0021278112754879,1.0,0.6788009785327975,0.0,0.0,0.0,,,,,,0.0,,,,,435.393926105462,4695.5166015625,,,,,,,,,,
909,1,909.0,0.0,32.0,32.0,0.5585908381035551,0.0,74.0,0.0,0.0,0.0,0.0,0.0,0.0,0.0,0.0,0.0,0.6,0.0021278112754879,1.0,0.6827192417197224,0.0,0.0,0.0,,,,,,0.0,,,,,432.220411952585,4679.6416015625,,,,,,,,,,
910,1,910.0,0.0,32.0,32.0,0.0624785547843202,0.0,74.0,0.0,0.0,0.0,0.0,0.0,0.0,0.0,0.0,0.0,0.6,0.0021278112754879,1.0,0.685604855086526,0.0,0.0,0.0,,,,,,0.0,,,,,443.4628230519593,4680.0166015625,,,,,,,,,,
911,1,911.0,0.0,32.0,32.0,0.0330162049503997,1.0,74.0,0.0135135135135135,1.0,0.0,1.0,0.0,0.1435524973926407,0.1435524973926407,0.0,0.0,0.6,0.0021278112754879,1.0,0.6832276036223702,5.084968801132954e-10,1.0,0.0,1.0,,0.5,-1.4426950249075512e-08,-9.999999889225293e-09,1.0,0.5214916753578642,,,,431.6140620503575,4693.5009765625,,,,,,,,,,
912,1,912.0,0.0,32.0,32.0,0.2229192117229104,0.0,74.0,0.0,0.0,0.0,0.0,0.0,0.0,0.0,0.0,0.0,0.6,0.0021278112754879,1.0,0.6856566413663855,0.0,0.0,0.0,,,,,,0.0,,,,,432.3176130419597,4681.8291015625,,,,,,,,,,
913,1,913.0,0.0,32.0,32.0,0.2263220675522461,0.0,74.0,0.0,0.0,0.0,0.0,0.0,0.0,0.0,0.0,0.0,0.6,0.0021278112754879,1.0,0.6808316084950465,0.0,0.0,0.0,,,,,,0.0,,,,,434.0756289893761,4683.5947265625,,,,,,,,,,
914,1,914.0,0.0,32.0,32.0,0.2283182407263666,0.0,74.0,0.0,0.0,0.0,0.0,0.0,0.0,0.0,0.0,0.0,0.6,0.0021278112754879,1.0,0.6823640514383982,0.0,0.0,0.0,,,,,,0.0,,,,,437.4599780421704,4688.4384765625,,,,,,,,,,
915,1,915.0,0.0,32.0,32.0,0.210340361460112,0.0,74.0,0.0,0.0,0.0,0.0,0.0,0.0,0.0,0.0,0.0,0.6,0.0021278112754879,1.0,0.6861613074760466,0.0,0.0,0.0,,,,,,0.0,,,,,509.4403100665658,4693.5009765625,,,,,,,,,,
916,1,916.0,0.0,32.0,32.0,0.2971142726019025,0.0,74.0,0.0,0.0,0.0,0.0,0.0,0.0,0.0,0.0,0.0,0.6,0.0021278112754879,1.0,0.6797119007863116,0.0,0.0,0.0,,,,,,0.0,,,,,428.3127540256828,4681.4853515625,,,,,,,,,,
917,1,917.0,0.0,32.0,32.0,0.1429787660599686,0.0,74.0,0.0,0.0,0.0,0.0,0.0,0.0,0.0,0.0,0.0,0.6,0.0021278112754879,1.0,0.6850671230611118,0.0,0.0,0.0,,,,,,0.0,,,,,433.6113970493898,4693.5009765625,,,,,,,,,,
918,1,918.0,0.0,32.0,32.0,0.1943204961717128,0.0,74.0,0.0,0.0,0.0,0.0,0.0,0.0,0.0,0.0,0.0,0.6,0.0021278112754879,1.0,0.6852970846742897,0.0,0.0,0.0,,,,,,0.0,,,,,435.766501002945,4681.9072265625,,,,,,,,,,
919,1,919.0,0.0,32.0,32.0,0.0967200780869461,0.0,74.0,0.0,0.0,0.0,0.0,0.0,0.0,0.0,0.0,0.0,0.6,0.0021278112754879,1.0,0.6850170179312388,0.0,0.0,0.0,,,,,,0.0,,,,,438.6712689884007,4677.0634765625,,,,,,,,,,
920,1,920.0,0.0,32.0,32.0,0.1809556540101766,0.0,74.0,0.0,0.0,0.0,0.0,0.0,0.0,0.0,0.0,0.0,0.6,0.0021278112754879,1.0,0.6867877889553688,0.0,0.0,0.0,,,,,,0.0,,,,,429.6797669958323,4692.1806640625,,,,,,,,,,
921,1,921.0,0.0,32.0,32.0,0.18411460891366,0.0,74.0,0.0,0.0,0.0,0.0,0.0,0.0,0.0,0.0,0.0,0.6,0.0021278112754879,1.0,0.6853108754212657,0.0,0.0,0.0,,,,,,0.0,,,,,434.7614879952744,4679.6416015625,,,,,,,,,,
922,1,922.0,0.0,32.0,32.0,0.328183488920331,0.0,74.0,0.0,0.0,0.0,0.0,0.0,0.0,0.0,0.0,0.0,0.6,0.0021278112754879,1.0,0.6840009076669152,0.0,0.0,0.0,,,,,,0.0,,,,,426.2934069847688,4680.7509765625,,,,,,,,,,
923,1,923.0,0.0,32.0,32.0,0.1239118934608995,0.0,74.0,0.0,0.0,0.0,0.0,0.0,0.0,0.0,0.0,0.0,0.6,0.0021278112754879,1.0,0.6826225779370606,0.0,0.0,0.0,,,,,,0.0,,,,,436.974196927622,4686.2509765625,,,,,,,,,,
924,1,924.0,0.0,32.0,32.0,0.1376086907694116,0.0,74.0,0.0,0.0,0.0,0.0,0.0,0.0,0.0,0.0,0.0,0.6,0.0021278112754879,1.0,0.684448754272033,0.0,0.0,0.0,,,,,,0.0,,,,,434.4623220385984,4683.2041015625,,,,,,,,,,
925,1,925.0,0.0,32.0,32.0,0.0781428042100742,0.0,74.0,0.0,0.0,0.0,0.0,0.0,0.0,0.0,0.0,0.0,0.6,0.0021278112754879,1.0,0.6822967588479698,0.0,0.0,0.0,,,,,,0.0,,,,,434.78640890680254,4680.0166015625,,,,,,,,,,
926,1,926.0,0.0,32.0,32.0,0.2663353367242962,0.0,74.0,0.0,0.0,0.0,0.0,0.0,0.0,0.0,0.0,0.0,0.6,0.0021278112754879,1.0,0.684557470453864,0.0,0.0,0.0,,,,,,0.0,,,,,424.94232498575,4688.4384765625,,,,,,,,,,
927,1,927.0,0.0,32.0,32.0,0.0367008436005562,6.0,74.0,0.081081081081081,1.0,5.0,0.1666666666666666,0.8333333333333334,0.1506207781914421,0.1466511019951637,0.1514147134306978,0.0,0.6,0.0021278112754879,0.9999999998018744,0.6802191594448469,6.327558149459499e-09,1.0,5.0,0.6666666666666666,5.0,1.0,0.6500223927944538,0.450561188866305,2.0,0.5070930429486863,-0.0032982998527586,0.5016491499263793,-0.0017222861483573,444.1064910497517,4683.5947265625,,,,,,,,,,
928,1,928.0,0.0,32.0,32.0,0.0493289895821362,0.0,74.0,0.0,0.0,0.0,0.0,0.0,0.0,0.0,0.0,0.0,0.6,0.0021278112754879,1.0,0.6779664107933528,0.0,0.0,0.0,,,,,,0.0,,,,,433.5221649380401,4678.7822265625,,,,,,,,,,
929,1,929.0,0.0,32.0,32.0,0.1486068186350166,0.0,74.0,0.0,0.0,0.0,0.0,0.0,0.0,0.0,0.0,0.0,0.6,0.0021278112754879,1.0,0.6814045056117672,0.0,0.0,0.0,,,,,,0.0,,,,,435.6465491000563,4679.3603515625,,,,,,,,,,
930,1,930.0,0.0,32.0,32.0,0.3899079530965537,0.0,74.0,0.0,0.0,0.0,0.0,0.0,0.0,0.0,0.0,0.0,0.6,0.0021278112754879,1.0,0.6821431667067398,0.0,0.0,0.0,,,,,,0.0,,,,,424.0472179371864,4693.5009765625,,,,,,,,,,
931,1,931.0,0.0,32.0,32.0,0.0435565263032913,1.0,74.0,0.0135135135135135,1.0,0.0,1.0,0.0,0.1478350196676151,0.1478350196676151,0.0,0.0,0.6,0.0021278112754879,1.0,0.6826643008644045,1.6395173619633063e-10,1.0,0.0,1.0,,0.5,-1.4426950249075512e-08,-9.999999889225293e-09,1.0,0.5072166011079495,,,,438.973241019994,4692.1806640625,,,,,,,,,,
932,1,932.0,0.0,32.0,32.0,0.2015246125520207,0.0,74.0,0.0,0.0,0.0,0.0,0.0,0.0,0.0,0.0,0.0,0.6,0.0021278112754879,1.0,0.6847596519510062,0.0,0.0,0.0,,,,,,0.0,,,,,434.16445096954703,4678.7822265625,,,,,,,,,,
933,1,933.0,0.0,32.0,32.0,0.2544552346225828,0.0,74.0,0.0,0.0,0.0,0.0,0.0,0.0,0.0,0.0,0.0,0.6,0.0021278112754879,1.0,0.6868033366360367,0.0,0.0,0.0,,,,,,0.0,,,,,438.5772689711303,4686.2509765625,,,,,,,,,,
934,1,934.0,0.0,32.0,32.0,0.2167647783644497,0.0,74.0,0.0,0.0,0.0,0.0,0.0,0.0,0.0,0.0,0.0,0.6,0.0021278112754879,1.0,0.68659656966673,0.0,0.0,0.0,,,,,,0.0,,,,,427.5077439378947,4695.5166015625,,,,,,,,,,
935,1,935.0,0.0,32.0,32.0,0.1940290369093418,0.0,74.0,0.0,0.0,0.0,0.0,0.0,0.0,0.0,0.0,0.0,0.6,0.0021278112754879,1.0,0.6869530839097916,0.0,0.0,0.0,,,,,,0.0,,,,,432.3783530853689,4677.0634765625,,,,,,,,,,
936,1,936.0,0.0,32.0,32.0,0.2411412700312212,0.0,74.0,0.0,0.0,0.0,0.0,0.0,0.0,0.0,0.0,0.0,0.6,0.0021278112754879,1.0,0.6828972121915503,0.0,0.0,0.0,,,,,,0.0,,,,,433.603978017345,4687.4541015625,,,,,,,,,,
937,1,937.0,0.0,32.0,32.0,0.1887867159675806,0.0,74.0,0.0,0.0,0.0,0.0,0.0,0.0,0.0,0.0,0.0,0.6,0.0021278112754879,1.0,0.6837483276823887,0.0,0.0,0.0,,,,,,0.0,,,,,437.90015089325607,4680.0166015625,,,,,,,,,,
938,1,938.0,0.0,32.0,32.0,0.2130137478234246,0.0,74.0,0.0,0.0,0.0,0.0,0.0,0.0,0.0,0.0,0.0,0.6,0.0021278112754879,1.0,0.6839902001111313,0.0,0.0,0.0,,,,,,0.0,,,,,426.67486099526286,4688.4384765625,,,,,,,,,,
939,1,939.0,0.0,32.0,32.0,0.2784989736974239,0.0,74.0,0.0,0.0,0.0,0.0,0.0,0.0,0.0,0.0,0.0,0.6,0.0021278112754879,1.0,0.6862800226318099,0.0,0.0,0.0,,,,,,0.0,,,,,432.429509004578,4677.6728515625,,,,,,,,,,
940,1,940.0,0.0,32.0,32.0,0.2318038744851946,0.0,74.0,0.0,0.0,0.0,0.0,0.0,0.0,0.0,0.0,0.0,0.6,0.0021278112754879,1.0,0.6840795314473306,0.0,0.0,0.0,,,,,,0.0,,,,,431.714128004387,4688.2978515625,,,,,,,,,,
941,1,941.0,0.0,32.0,32.0,0.1491342314402572,0.0,74.0,0.0,0.0,0.0,0.0,0.0,0.0,0.0,0.0,0.0,0.6,0.0021278112754879,1.0,0.6837829749444384,0.0,0.0,0.0,,,,,,0.0,,,,,437.3483930248767,4686.2509765625,,,,,,,,,,
942,1,942.0,0.0,32.0,32.0,0.425664487760514,0.0,74.0,0.0,0.0,0.0,0.0,0.0,0.0,0.0,0.0,0.0,0.6,0.0021278112754879,1.0,0.6811116270343682,0.0,0.0,0.0,,,,,,0.0,,,,,429.7700620954856,4679.9541015625,,,,,,,,,,
943,1,943.0,0.0,32.0,32.0,0.1668934789486229,0.0,74.0,0.0,0.0,0.0,0.0,0.0,0.0,0.0,0.0,0.0,0.6,0.0021278112754879,1.0,0.6871133936622268,0.0,0.0,0.0,,,,,,0.0,,,,,430.7039179839194,4677.0634765625,,,,,,,,,,
944,1,944.0,0.0,32.0,32.0,0.3076807550387457,0.0,74.0,0.0,0.0,0.0,0.0,0.0,0.0,0.0,0.0,0.0,0.6,0.0021278112754879,1.0,0.6896231673148487,0.0,0.0,0.0,,,,,,0.0,,,,,430.92318903654814,4682.3056640625,,,,,,,,,,
945,1,945.0,0.0,32.0,32.0,0.1498296761419624,0.0,74.0,0.0,0.0,0.0,0.0,0.0,0.0,0.0,0.0,0.0,0.6,0.0021278112754879,1.0,0.6846954949871659,0.0,0.0,0.0,,,,,,0.0,,,,,439.8654679534957,4680.7509765625,,,,,,,,,,
946,1,946.0,0.0,32.0,32.0,0.1862919055856764,0.0,74.0,0.0,0.0,0.0,0.0,0.0,0.0,0.0,0.0,0.0,0.6,0.0021278112754879,1.0,0.6828339644989867,0.0,0.0,0.0,,,,,,0.0,,,,,431.6394650377333,4688.2978515625,,,,,,,,,,
947,1,947.0,0.0,32.0,32.0,0.2323039836483076,0.0,74.0,0.0,0.0,0.0,0.0,0.0,0.0,0.0,0.0,0.0,0.6,0.0021278112754879,1.0,0.6818458890264378,0.0,0.0,0.0,,,,,,0.0,,,,,435.68575906101614,4692.1806640625,,,,,,,,,,
948,1,948.0,0.0,32.0,32.0,0.2405022350139916,0.0,74.0,0.0,0.0,0.0,0.0,0.0,0.0,0.0,0.0,0.0,0.6,0.0021278112754879,1.0,0.6826088756494633,0.0,0.0,0.0,,,,,,0.0,,,,,426.9225200405344,4677.6728515625,,,,,,,,,,
949,1,949.0,0.0,32.0,32.0,0.1177592369494959,0.0,74.0,0.0,0.0,0.0,0.0,0.0,0.0,0.0,0.0,0.0,0.6,0.0021278112754879,1.0,0.6826286218995028,0.0,0.0,0.0,,,,,,0.0,,,,,440.3933519497514,4683.2041015625,,,,,,,,,,
950,1,950.0,0.0,32.0,32.0,0.324943259358406,0.0,74.0,0.0,0.0,0.0,0.0,0.0,0.0,0.0,0.0,0.0,0.6,0.0021278112754879,1.0,0.6841485821774234,0.0,0.0,0.0,,,,,,0.0,,,,,430.06284500006586,4679.6416015625,,,,,,,,,,
951,1,951.0,0.0,32.0,32.0,0.079437052598223,0.0,74.0,0.0,0.0,0.0,0.0,0.0,0.0,0.0,0.0,0.0,0.6,0.0021278112754879,1.0,0.6835892167146899,0.0,0.0,0.0,,,,,,0.0,,,,,434.6127570606768,4677.0634765625,,,,,,,,,,
952,1,952.0,0.0,32.0,32.0,0.1264304360374808,0.0,74.0,0.0,0.0,0.0,0.0,0.0,0.0,0.0,0.0,0.0,0.6,0.0021278112754879,1.0,0.6810612862815453,0.0,0.0,0.0,,,,,,0.0,,,,,424.6565198991448,4679.6416015625,,,,,,,,,,
953,1,953.0,0.0,32.0,32.0,0.1333102316129952,0.0,74.0,0.0,0.0,0.0,0.0,0.0,0.0,0.0,0.0,0.0,0.6,0.0021278112754879,1.0,0.68686663723335,0.0,0.0,0.0,,,,,,0.0,,,,,439.37392497900873,4687.4541015625,,,,,,,,,,
954,1,954.0,0.0,32.0,32.0,0.203818195965141,0.0,74.0,0.0,0.0,0.0,0.0,0.0,0.0,0.0,0.0,0.0,0.6,0.0021278112754879,1.0,0.6837236707710096,0.0,0.0,0.0,,,,,,0.0,,,,,429.7433838946745,4680.6884765625,,,,,,,,,,
955,1,955.0,0.0,32.0,32.0,0.3110628596041351,0.0,74.0,0.0,0.0,0.0,0.0,0.0,0.0,0.0,0.0,0.0,0.6,0.0021278112754879,1.0,0.6836003099473871,0.0,0.0,0.0,,,,,,0.0,,,,,436.403201892972,4678.2197265625,,,,,,,,,,
956,1,956.0,0.0,32.0,32.0,0.1446389978518709,0.0,74.0,0.0,0.0,0.0,0.0,0.0,0.0,0.0,0.0,0.0,0.6,0.0021278112754879,1.0,0.6818356939769871,0.0,0.0,0.0,,,,,,0.0,,,,,425.1525020226836,4688.2978515625,,,,,,,,,,
957,1,957.0,0.0,32.0,32.0,0.1587581228232011,0.0,74.0,0.0,0.0,0.0,0.0,0.0,0.0,0.0,0.0,0.0,0.6,0.0021278112754879,1.0,0.6858848930944145,0.0,0.0,0.0,,,,,,0.0,,,,,437.38679599482566,4679.6416015625,,,,,,,,,,
958,1,958.0,0.0,32.0,32.0,0.1910465920809656,0.0,74.0,0.0,0.0,0.0,0.0,0.0,0.0,0.0,0.0,0.0,0.6,0.0021278112754879,1.0,0.6893492971920899,0.0,0.0,0.0,,,,,,0.0,,,,,434.0635749977082,4683.5947265625,,,,,,,,,,
959,1,959.0,0.0,32.0,32.0,0.244789800606668,0.0,74.0,0.0,0.0,0.0,0.0,0.0,0.0,0.0,0.0,0.0,0.6,0.0021278112754879,1.0,0.6794778503516721,0.0,0.0,0.0,,,,,,0.0,,,,,441.7315128957853,4678.7822265625,,,,,,,,,,
960,1,960.0,0.0,32.0,32.0,0.2325727007118985,0.0,74.0,0.0,0.0,0.0,0.0,0.0,0.0,0.0,0.0,0.0,0.6,0.0021278112754879,1.0,0.6849519523195564,0.0,0.0,0.0,,,,,,0.0,,,,,428.60590503551066,4692.1806640625,,,,,,,,,,
961,1,961.0,0.0,32.0,32.0,0.1142133603570982,0.0,74.0,0.0,0.0,0.0,0.0,0.0,0.0,0.0,0.0,0.0,0.6,0.0021278112754879,1.0,0.6839314016729297,0.0,0.0,0.0,,,,,,0.0,,,,,433.9381559984759,4680.0166015625,,,,,,,,,,
962,1,962.0,0.0,32.0,32.0,0.0797063536010682,0.0,74.0,0.0,0.0,0.0,0.0,0.0,0.0,0.0,0.0,0.0,0.6,0.0021278112754879,1.0,0.6812066022790626,0.0,0.0,0.0,,,,,,0.0,,,,,430.9594100341201,4679.3603515625,,,,,,,,,,
963,1,963.0,0.0,32.0,32.0,0.1554358373396098,0.0,74.0,0.0,0.0,0.0,0.0,0.0,0.0,0.0,0.0,0.0,0.6,0.0021278112754879,1.0,0.68417419022023,0.0,0.0,0.0,,,,,,0.0,,,,,436.3088349346072,4677.0634765625,,,,,,,,,,
964,1,964.0,0.0,32.0,32.0,0.0541569015476852,0.0,74.0,0.0,0.0,0.0,0.0,0.0,0.0,0.0,0.0,0.0,0.6,0.0021278112754879,1.0,0.679042777646221,0.0,0.0,0.0,,,,,,0.0,,,,,429.4431440066546,4683.2041015625,,,,,,,,,,
965,1,965.0,0.0,32.0,32.0,0.1669125042390078,0.0,74.0,0.0,0.0,0.0,0.0,0.0,0.0,0.0,0.0,0.0,0.6,0.0021278112754879,1.0,0.6840242495953716,0.0,0.0,0.0,,,,,,0.0,,,,,445.5214239424095,4681.1572265625,,,,,,,,,,
966,1,966.0,0.0,32.0,32.0,0.0667017741361633,0.0,74.0,0.0,0.0,0.0,0.0,0.0,0.0,0.0,0.0,0.0,0.6,0.0021278112754879,1.0,0.6826551701994834,0.0,0.0,0.0,,,,,,0.0,,,,,432.84455593675375,4682.1728515625,,,,,,,,,,
967,1,967.0,0.0,32.0,32.0,0.1348422495648265,0.0,74.0,0.0,0.0,0.0,0.0,0.0,0.0,0.0,0.0,0.0,0.6,0.0021278112754879,1.0,0.6850870450191895,0.0,0.0,0.0,,,,,,0.0,,,,,439.61892393417656,4695.5166015625,,,,,,,,,,
968,1,968.0,0.0,32.0,32.0,0.0529043074930086,0.0,74.0,0.0,0.0,0.0,0.0,0.0,0.0,0.0,0.0,0.0,0.6,0.0021278112754879,1.0,0.6844342997205715,0.0,0.0,0.0,,,,,,0.0,,,,,433.8367850286886,4683.5947265625,,,,,,,,,,
969,1,969.0,0.0,32.0,32.0,0.2560095200315118,0.0,74.0,0.0,0.0,0.0,0.0,0.0,0.0,0.0,0.0,0.0,0.6,0.0021278112754879,1.0,0.6825545984858088,0.0,0.0,0.0,,,,,,0.0,,,,,434.0688890079037,4687.4541015625,,,,,,,,,,
970,1,970.0,0.0,32.0,32.0,0.2269051364273764,0.0,74.0,0.0,0.0,0.0,0.0,0.0,0.0,0.0,0.0,0.0,0.6,0.0021278112754879,1.0,0.6827112676788034,0.0,0.0,0.0,,,,,,0.0,,,,,429.68086095061153,4681.8291015625,,,,,,,,,,
971,1,971.0,0.0,32.0,32.0,0.0359871727414429,0.0,74.0,0.0,0.0,0.0,0.0,0.0,0.0,0.0,0.0,0.0,0.6,0.0021278112754879,1.0,0.6827886545431845,0.0,0.0,0.0,,,,,,0.0,,,,,435.6591219548136,4693.5009765625,,,,,,,,,,
972,1,972.0,0.0,32.0,32.0,0.0926185914431698,0.0,74.0,0.0,0.0,0.0,0.0,0.0,0.0,0.0,0.0,0.0,0.6,0.0021278112754879,1.0,0.6884894261986877,0.0,0.0,0.0,,,,,,0.0,,,,,428.0967130325735,4681.9072265625,,,,,,,,,,
973,1,973.0,0.0,32.0,32.0,0.2108858613064512,0.0,74.0,0.0,0.0,0.0,0.0,0.0,0.0,0.0,0.0,0.0,0.6,0.0021278112754879,1.0,0.6852563216789338,0.0,0.0,0.0,,,,,,0.0,,,,,434.93151396978647,4678.7822265625,,,,,,,,,,
974,1,974.0,0.0,32.0,32.0,0.2019399554701522,0.0,74.0,0.0,0.0,0.0,0.0,0.0,0.0,0.0,0.0,0.0,0.6,0.0021278112754879,1.0,0.6829134671963422,0.0,0.0,0.0,,,,,,0.0,,,,,421.63012095261365,4688.4384765625,,,,,,,,,,
975,1,975.0,0.0,32.0,32.0,0.1183933013235218,0.0,74.0,0.0,0.0,0.0,0.0,0.0,0.0,0.0,0.0,0.0,0.6,0.0021278112754879,1.0,0.6818094386494447,0.0,0.0,0.0,,,,,,0.0,,,,,434.75032900460064,4679.3603515625,,,,,,,,,,
976,1,976.0,0.0,32.0,32.0,0.1861751666292548,0.0,74.0,0.0,0.0,0.0,0.0,0.0,0.0,0.0,0.0,0.0,0.6,0.0021278112754879,1.0,0.6869219789717703,0.0,0.0,0.0,,,,,,0.0,,,,,429.8567899968475,4684.4384765625,,,,,,,,,,
977,1,977.0,0.0,32.0,32.0,0.0223735667532309,1.0,74.0,0.0135135135135135,1.0,0.0,1.0,0.0,0.1474791397046529,0.1474791397046529,0.0,0.0,0.6,0.0021278112754879,1.0000000000057705,0.6853635351726605,1.039299831443433e-09,1.0,0.0,1.0,,0.5,-1.4426950249075512e-08,-9.999999889225293e-09,1.0,0.5084028676511567,,,,433.1846439745277,4679.3603515625,,,,,,,,,,
978,1,978.0,0.0,32.0,32.0,0.5280115923960693,0.0,74.0,0.0,0.0,0.0,0.0,0.0,0.0,0.0,0.0,0.0,0.6,0.0021278112754879,1.0,0.6801276450174242,0.0,0.0,0.0,,,,,,0.0,,,,,426.1311200680211,4678.2197265625,,,,,,,,,,
979,1,979.0,0.0,32.0,32.0,0.403423085110262,0.0,74.0,0.0,0.0,0.0,0.0,0.0,0.0,0.0,0.0,0.0,0.6,0.0021278112754879,1.0,0.6858820354667382,0.0,0.0,0.0,,,,,,0.0,,,,,440.3816689737141,4679.3603515625,,,,,,,,,,
980,1,980.0,0.0,32.0,32.0,0.3255853073205799,0.0,74.0,0.0,0.0,0.0,0.0,0.0,0.0,0.0,0.0,0.0,0.6,0.0021278112754879,1.0,0.6808972461833948,0.0,0.0,0.0,,,,,,0.0,,,,,431.333952001296,4677.6728515625,,,,,,,,,,
981,1,981.0,0.0,32.0,32.0,0.0165653589065186,10.0,74.0,0.1351351351351351,4.0,6.0,0.4,0.6,0.1485739777069168,0.144781815027898,0.151102086159596,0.0,0.6,0.0021278112754879,1.0,0.6824021489972284,-2.2110556170309613e-09,4.0,6.0,0.2,1.5,1.0,0.9709505656007682,0.6730116470092566,2.0,0.5102913879760886,0.002026753136306,0.4989866234318469,-0.0031993273558281,447.40420498419553,4683.2041015625,,,,,,,,,,
982,1,982.0,0.0,32.0,32.0,0.1243935456732288,0.0,74.0,0.0,0.0,0.0,0.0,0.0,0.0,0.0,0.0,0.0,0.6,0.0021278112754879,1.0,0.6862007834863544,0.0,0.0,0.0,,,,,,0.0,,,,,428.26683702878654,4679.6416015625,,,,,,,,,,
983,1,983.0,0.0,32.0,32.0,0.080665053857956,0.0,74.0,0.0,0.0,0.0,0.0,0.0,0.0,0.0,0.0,0.0,0.6,0.0021278112754879,1.0,0.6845688612404935,0.0,0.0,0.0,,,,,,0.0,,,,,439.2961940029636,4679.6416015625,,,,,,,,,,
984,1,984.0,0.0,32.0,32.0,0.3614348334958777,0.0,74.0,0.0,0.0,0.0,0.0,0.0,0.0,0.0,0.0,0.0,0.6,0.0021278112754879,1.0,0.6852887159088201,0.0,0.0,0.0,,,,,,0.0,,,,,429.18120499234647,4679.3603515625,,,,,,,,,,
985,1,985.0,0.0,32.0,32.0,0.2000410400796681,0.0,74.0,0.0,0.0,0.0,0.0,0.0,0.0,0.0,0.0,0.0,0.6,0.0021278112754879,1.0,0.6807607124796962,0.0,0.0,0.0,,,,,,0.0,,,,,438.0389490397647,4680.6884765625,,,,,,,,,,
986,1,986.0,0.0,32.0,32.0,0.041780918254517,0.0,74.0,0.0,0.0,0.0,0.0,0.0,0.0,0.0,0.0,0.0,0.6,0.0021278112754879,1.0,0.6846744197680316,0.0,0.0,0.0,,,,,,0.0,,,,,425.9262289851904,4686.2509765625,,,,,,,,,,
987,1,987.0,0.0,32.0,32.0,0.1932410940062254,0.0,74.0,0.0,0.0,0.0,0.0,0.0,0.0,0.0,0.0,0.0,0.6,0.0021278112754879,1.0,0.6844223985238926,0.0,0.0,0.0,,,,,,0.0,,,,,433.6147219873965,4680.0166015625,,,,,,,,,,
988,1,988.0,0.0,32.0,32.0,0.2457725527347065,0.0,74.0,0.0,0.0,0.0,0.0,0.0,0.0,0.0,0.0,0.0,0.6,0.0021278112754879,1.0,0.6816943674974175,0.0,0.0,0.0,,,,,,0.0,,,,,431.96804099716246,4679.9541015625,,,,,,,,,,
989,1,989.0,0.0,32.0,32.0,0.2267721864045597,0.0,74.0,0.0,0.0,0.0,0.0,0.0,0.0,0.0,0.0,0.0,0.6,0.0021278112754879,1.0,0.6844962884553369,0.0,0.0,0.0,,,,,,0.0,,,,,438.2270879577845,4692.1806640625,,,,,,,,,,
990,1,990.0,0.0,32.0,32.0,0.3501015928341076,0.0,74.0,0.0,0.0,0.0,0.0,0.0,0.0,0.0,0.0,0.0,0.6,0.0021278112754879,1.0,0.6793541092923763,0.0,0.0,0.0,,,,,,0.0,,,,,506.1187529936433,4681.9228515625,,,,,,,,,,
991,1,991.0,0.0,32.0,32.0,0.0819678543484769,0.0,74.0,0.0,0.0,0.0,0.0,0.0,0.0,0.0,0.0,0.0,0.6,0.0021278112754879,1.0,0.6847527809686383,0.0,0.0,0.0,,,,,,0.0,,,,,428.02659899462014,4677.6728515625,,,,,,,,,,
992,1,992.0,0.0,32.0,32.0,0.0580174170900136,0.0,74.0,0.0,0.0,0.0,0.0,0.0,0.0,0.0,0.0,0.0,0.6,0.0021278112754879,1.0,0.6837184908154927,0.0,0.0,0.0,,,,,,0.0,,,,,436.342547996901,4677.0634765625,,,,,,,,,,
993,1,993.0,0.0,32.0,32.0,0.181663601717446,0.0,74.0,0.0,0.0,0.0,0.0,0.0,0.0,0.0,0.0,0.0,0.6,0.0021278112754879,1.0,0.6813948928070841,0.0,0.0,0.0,,,,,,0.0,,,,,430.148346000351,4677.0634765625,,,,,,,,,,
994,1,994.0,0.0,32.0,32.0,0.1807362679392099,0.0,74.0,0.0,0.0,0.0,0.0,0.0,0.0,0.0,0.0,0.0,0.6,0.0021278112754879,1.0,0.6795643519255062,0.0,0.0,0.0,,,,,,0.0,,,,,438.7877370463684,4687.4541015625,,,,,,,,,,
995,1,995.0,0.0,32.0,32.0,0.2100003839004784,0.0,74.0,0.0,0.0,0.0,0.0,0.0,0.0,0.0,0.0,0.0,0.6,0.0021278112754879,1.0,0.6816254954319468,0.0,0.0,0.0,,,,,,0.0,,,,,425.5950809456408,4672.6572265625,,,,,,,,,,
996,1,996.0,0.0,32.0,32.0,0.1358240940026007,0.0,74.0,0.0,0.0,0.0,0.0,0.0,0.0,0.0,0.0,0.0,0.6,0.0021278112754879,1.0,0.6858510125200522,0.0,0.0,0.0,,,,,,0.0,,,,,436.4923069952056,4680.6884765625,,,,,,,,,,
997,1,997.0,0.0,32.0,32.0,0.1770087893819436,0.0,74.0,0.0,0.0,0.0,0.0,0.0,0.0,0.0,0.0,0.0,0.6,0.0021278112754879,1.0,0.6834785902586864,0.0,0.0,0.0,,,,,,0.0,,,,,428.8972109789029,4680.0166015625,,,,,,,,,,
998,1,998.0,0.0,32.0,32.0,0.2302278814604506,0.0,74.0,0.0,0.0,0.0,0.0,0.0,0.0,0.0,0.0,0.0,0.6,0.0021278112754879,1.0,0.6809014835576124,0.0,0.0,0.0,,,,,,0.0,,,,,439.2273100093007,4680.0166015625,,,,,,,,,,
999,1,999.0,0.0,32.0,32.0,0.1672132178209722,0.0,74.0,0.0,0.0,0.0,0.0,0.0,0.0,0.0,0.0,0.0,0.6,0.0021278112754879,1.0,0.68399312257978,0.0,0.0,0.0,,,,,,0.0,,,,,430.6209599599242,4679.6416015625,,,,,,,,,,
1000,1,1000.0,0.0,32.0,32.0,0.2168213289696723,0.0,74.0,0.0,0.0,0.0,0.0,0.0,0.0,0.0,0.0,0.0,0.6,0.0021278112754879,1.0,0.682608826817511,0.0,0.0,0.0,,,,,,0.0,,,,,434.040842927061,4678.7509765625,,,,,,,,,,
1001,1,1001.0,0.0,32.0,32.0,0.0813357038423419,0.0,74.0,0.0,0.0,0.0,0.0,0.0,0.0,0.0,0.0,0.0,0.6,0.0021278112754879,1.0,0.6825009699112577,0.0,0.0,0.0,,,,,,0.0,,,,,432.87516001146287,4680.0166015625,,,,,,,,,,
1002,1,1002.0,0.0,32.0,32.0,0.3293273407034576,0.0,74.0,0.0,0.0,0.0,0.0,0.0,0.0,0.0,0.0,0.0,0.6,0.0021278112754879,1.0,0.6840762466460669,0.0,0.0,0.0,,,,,,0.0,,,,,436.6895200219005,4681.9228515625,,,,,,,,,,
1003,1,1003.0,0.0,32.0,32.0,0.1659979000687599,0.0,74.0,0.0,0.0,0.0,0.0,0.0,0.0,0.0,0.0,0.0,0.6,0.0021278112754879,1.0,0.6848416668019154,0.0,0.0,0.0,,,,,,0.0,,,,,428.7326739868149,4686.2509765625,,,,,,,,,,
1004,1,1004.0,0.0,32.0,32.0,0.0599260749295353,0.0,74.0,0.0,0.0,0.0,0.0,0.0,0.0,0.0,0.0,0.0,0.6,0.0021278112754879,1.0,0.6810923512998097,0.0,0.0,0.0,,,,,,0.0,,,,,433.7391779990867,4681.9072265625,,,,,,,,,,
1005,1,1005.0,0.0,32.0,32.0,0.3370542264892719,0.0,74.0,0.0,0.0,0.0,0.0,0.0,0.0,0.0,0.0,0.0,0.6,0.0021278112754879,1.0,0.680869429539829,0.0,0.0,0.0,,,,,,0.0,,,,,428.6551009863615,4679.9541015625,,,,,,,,,,
1006,1,1006.0,0.0,32.0,32.0,0.2316686606500297,0.0,74.0,0.0,0.0,0.0,0.0,0.0,0.0,0.0,0.0,0.0,0.6,0.0021278112754879,1.0,0.6797975868811071,0.0,0.0,0.0,,,,,,0.0,,,,,440.9085370134562,4678.7822265625,,,,,,,,,,
1007,1,1007.0,0.0,32.0,32.0,0.2489174383226782,0.0,74.0,0.0,0.0,0.0,0.0,0.0,0.0,0.0,0.0,0.0,0.6,0.0021278112754879,1.0,0.6851410032698855,0.0,0.0,0.0,,,,,,0.0,,,,,429.99560001771897,4681.8291015625,,,,,,,,,,
1008,1,1008.0,0.0,32.0,32.0,0.300216615316458,0.0,74.0,0.0,0.0,0.0,0.0,0.0,0.0,0.0,0.0,0.0,0.6,0.0021278112754879,1.0,0.6813026333734767,0.0,0.0,0.0,,,,,,0.0,,,,,433.8979669846594,4680.0166015625,,,,,,,,,,
1009,1,1009.0,0.0,32.0,32.0,0.3463548343279399,0.0,74.0,0.0,0.0,0.0,0.0,0.0,0.0,0.0,0.0,0.0,0.6,0.0021278112754879,1.0,0.6808831154811492,0.0,0.0,0.0,,,,,,0.0,,,,,426.607336034067,4686.2197265625,,,,,,,,,,
1010,1,1010.0,0.0,32.0,32.0,0.21923100319691,0.0,74.0,0.0,0.0,0.0,0.0,0.0,0.0,0.0,0.0,0.0,0.6,0.0021278112754879,1.0,0.6841656874615768,0.0,0.0,0.0,,,,,,0.0,,,,,435.99943700246513,4678.2197265625,,,,,,,,,,
1011,1,1011.0,0.0,32.0,32.0,0.1584151888964697,0.0,74.0,0.0,0.0,0.0,0.0,0.0,0.0,0.0,0.0,0.0,0.6,0.0021278112754879,1.0,0.6765189649568774,0.0,0.0,0.0,,,,,,0.0,,,,,429.99437800608575,4680.0166015625,,,,,,,,,,
1012,1,1012.0,0.0,32.0,32.0,0.1954644953366369,0.0,74.0,0.0,0.0,0.0,0.0,0.0,0.0,0.0,0.0,0.0,0.6,0.0021278112754879,1.0,0.6838155789528073,0.0,0.0,0.0,,,,,,0.0,,,,,433.8423089357093,4678.2197265625,,,,,,,,,,
1013,1,1013.0,0.0,32.0,32.0,0.2367228853981942,0.0,74.0,0.0,0.0,0.0,0.0,0.0,0.0,0.0,0.0,0.0,0.6,0.0021278112754879,1.0,0.6855388439258329,0.0,0.0,0.0,,,,,,0.0,,,,,425.93012494035065,4678.7509765625,,,,,,,,,,
1014,1,1014.0,0.0,32.0,32.0,0.1409691786393523,0.0,74.0,0.0,0.0,0.0,0.0,0.0,0.0,0.0,0.0,0.0,0.6,0.0021278112754879,1.0,0.6810480341418235,0.0,0.0,0.0,,,,,,0.0,,,,,437.65825091395527,4688.4384765625,,,,,,,,,,
1015,1,1015.0,0.0,32.0,32.0,0.2805874347686767,0.0,74.0,0.0,0.0,0.0,0.0,0.0,0.0,0.0,0.0,0.0,0.6,0.0021278112754879,1.0,0.6921745975753756,0.0,0.0,0.0,,,,,,0.0,,,,,431.794616044499,4679.3603515625,,,,,,,,,,
1016,1,1016.0,0.0,32.0,32.0,0.3360183513723314,0.0,74.0,0.0,0.0,0.0,0.0,0.0,0.0,0.0,0.0,0.0,0.6,0.0021278112754879,1.0,0.6862959721175491,0.0,0.0,0.0,,,,,,0.0,,,,,438.6419380316511,4679.6416015625,,,,,,,,,,
1017,1,1017.0,0.0,32.0,32.0,0.2536373548209667,0.0,74.0,0.0,0.0,0.0,0.0,0.0,0.0,0.0,0.0,0.0,0.6,0.0021278112754879,1.0,0.67910192377609,0.0,0.0,0.0,,,,,,0.0,,,,,427.5802429765463,4678.7509765625,,,,,,,,,,
1018,1,1018.0,0.0,32.0,32.0,0.1852345558581873,0.0,74.0,0.0,0.0,0.0,0.0,0.0,0.0,0.0,0.0,0.0,0.6,0.0021278112754879,1.0,0.682719628228261,0.0,0.0,0.0,,,,,,0.0,,,,,440.045744064264,4683.2041015625,,,,,,,,,,
1019,1,1019.0,0.0,32.0,32.0,0.292102288454771,0.0,74.0,0.0,0.0,0.0,0.0,0.0,0.0,0.0,0.0,0.0,0.6,0.0021278112754879,1.0,0.6862207800276655,0.0,0.0,0.0,,,,,,0.0,,,,,430.061335908249,4681.9228515625,,,,,,,,,,
1020,1,1020.0,0.0,32.0,32.0,0.3406775882467627,0.0,74.0,0.0,0.0,0.0,0.0,0.0,0.0,0.0,0.0,0.0,0.6,0.0021278112754879,1.0,0.6842394808289038,0.0,0.0,0.0,,,,,,0.0,,,,,441.6321770986542,4681.8291015625,,,,,,,,,,
1021,1,1021.0,0.0,32.0,32.0,0.4232633654028177,0.0,74.0,0.0,0.0,0.0,0.0,0.0,0.0,0.0,0.0,0.0,0.6,0.0021278112754879,1.0,0.6861039338517323,0.0,0.0,0.0,,,,,,0.0,,,,,424.7869879473001,4677.0634765625,,,,,,,,,,
1022,1,1022.0,0.0,32.0,32.0,0.241822212585248,0.0,74.0,0.0,0.0,0.0,0.0,0.0,0.0,0.0,0.0,0.0,0.6,0.0021278112754879,1.0,0.6883419397951523,0.0,0.0,0.0,,,,,,0.0,,,,,432.9775799997151,4679.3603515625,,,,,,,,,,
1023,1,1023.0,0.0,32.0,32.0,0.1011253693141043,0.0,74.0,0.0,0.0,0.0,0.0,0.0,0.0,0.0,0.0,0.0,0.6,0.0021278112754879,1.0,0.6895856917788222,0.0,0.0,0.0,,,,,,0.0,,,,,431.11689295619726,4679.9541015625,,,,,,,,,,
1024,1,1024.0,0.0,32.0,32.0,0.1181607278995215,0.0,74.0,0.0,0.0,0.0,0.0,0.0,0.0,0.0,0.0,0.0,0.6,0.0021278112754879,1.0,0.6845815528734699,0.0,0.0,0.0,,,,,,0.0,,,,,440.93326199799776,4683.2041015625,,,,,,,,,,
1025,1,1025.0,0.0,32.0,32.0,0.1314041847363114,0.0,74.0,0.0,0.0,0.0,0.0,0.0,0.0,0.0,0.0,0.0,0.6,0.0021278112754879,1.0,0.6803117072484139,0.0,0.0,0.0,,,,,,0.0,,,,,427.039307076484,4687.4541015625,,,,,,,,,,
1026,1,1026.0,0.0,32.0,32.0,0.1084136407589539,0.0,74.0,0.0,0.0,0.0,0.0,0.0,0.0,0.0,0.0,0.0,0.6,0.0021278112754879,1.0,0.6823656967814603,0.0,0.0,0.0,,,,,,0.0,,,,,431.986371986568,4677.6728515625,,,,,,,,,,
1027,1,1027.0,0.0,32.0,32.0,0.2049872637726366,0.0,74.0,0.0,0.0,0.0,0.0,0.0,0.0,0.0,0.0,0.0,0.6,0.0021278112754879,1.0,0.6766405796870079,0.0,0.0,0.0,,,,,,0.0,,,,,429.9394699046388,4683.5947265625,,,,,,,,,,
1028,1,1028.0,0.0,32.0,32.0,0.1601985347224399,0.0,74.0,0.0,0.0,0.0,0.0,0.0,0.0,0.0,0.0,0.0,0.6,0.0021278112754879,1.0,0.684688564737072,0.0,0.0,0.0,,,,,,0.0,,,,,442.2838350292295,4677.6728515625,,,,,,,,,,
1029,1,1029.0,0.0,32.0,32.0,0.0885562062612734,0.0,74.0,0.0,0.0,0.0,0.0,0.0,0.0,0.0,0.0,0.0,0.6,0.0021278112754879,1.0,0.6859946403239504,0.0,0.0,0.0,,,,,,0.0,,,,,431.4793039811775,4681.9072265625,,,,,,,,,,
1030,1,1030.0,0.0,32.0,32.0,0.1034206640906632,0.0,74.0,0.0,0.0,0.0,0.0,0.0,0.0,0.0,0.0,0.0,0.6,0.0021278112754879,1.0,0.6825234723632718,0.0,0.0,0.0,,,,,,0.0,,,,,438.7742659309879,4683.2041015625,,,,,,,,,,
1031,1,1031.0,0.0,32.0,32.0,0.2282774172490462,0.0,74.0,0.0,0.0,0.0,0.0,0.0,0.0,0.0,0.0,0.0,0.6,0.0021278112754879,1.0,0.6777613000443267,0.0,0.0,0.0,,,,,,0.0,,,,,424.6638329932466,4688.4384765625,,,,,,,,,,
1032,1,1032.0,0.0,32.0,32.0,0.3144834195263684,0.0,74.0,0.0,0.0,0.0,0.0,0.0,0.0,0.0,0.0,0.0,0.6,0.0021278112754879,1.0,0.6805184887477572,0.0,0.0,0.0,,,,,,0.0,,,,,439.1221608966589,4679.9541015625,,,,,,,,,,
1033,1,1033.0,0.0,32.0,32.0,0.118773971684277,0.0,74.0,0.0,0.0,0.0,0.0,0.0,0.0,0.0,0.0,0.0,0.6,0.0021278112754879,1.0,0.6811849876633428,0.0,0.0,0.0,,,,,,0.0,,,,,431.4658970106393,4679.3603515625,,,,,,,,,,
1034,1,1034.0,0.0,32.0,32.0,0.3475866767112165,0.0,74.0,0.0,0.0,0.0,0.0,0.0,0.0,0.0,0.0,0.0,0.6,0.0021278112754879,1.0,0.680123874679616,0.0,0.0,0.0,,,,,,0.0,,,,,433.7091809138656,4693.5009765625,,,,,,,,,,
1035,1,1035.0,0.0,32.0,32.0,0.155468333279714,0.0,74.0,0.0,0.0,0.0,0.0,0.0,0.0,0.0,0.0,0.0,0.6,0.0021278112754879,1.0,0.6832299338199743,0.0,0.0,0.0,,,,,,0.0,,,,,423.4950540121645,4677.0634765625,,,,,,,,,,
1036,1,1036.0,0.0,32.0,32.0,0.1446863040328025,0.0,74.0,0.0,0.0,0.0,0.0,0.0,0.0,0.0,0.0,0.0,0.6,0.0021278112754879,1.0,0.6814918314735501,0.0,0.0,0.0,,,,,,0.0,,,,,437.2194060124457,4672.6572265625,,,,,,,,,,
1037,1,1037.0,0.0,32.0,32.0,0.173625360825099,0.0,74.0,0.0,0.0,0.0,0.0,0.0,0.0,0.0,0.0,0.0,0.6,0.0021278112754879,1.0,0.6791978154351455,0.0,0.0,0.0,,,,,,0.0,,,,,431.5337740117684,4686.2197265625,,,,,,,,,,
1038,1,1038.0,0.0,32.0,32.0,0.0744630728149786,0.0,74.0,0.0,0.0,0.0,0.0,0.0,0.0,0.0,0.0,0.0,0.6,0.0021278112754879,1.0,0.691580305767992,0.0,0.0,0.0,,,,,,0.0,,,,,435.962398070842,4687.4541015625,,,,,,,,,,
1039,1,1039.0,0.0,32.0,32.0,0.0261989343562163,5.0,74.0,0.0675675675675675,2.0,3.0,0.4,0.6,0.1486038176846748,0.1456828601539471,0.15055112270516,0.0,0.6,0.0021278112754879,1.00000000001458,0.6806599365564939,3.742690598131506e-11,2.0,3.0,0.2,1.5,1.0,0.9709505656007682,0.6730116470092566,2.0,0.5096470385479718,0.0011937916569877,0.4994031041715061,0.0088270335884667,426.36116803623736,4678.2197265625,,,,,,,,,,
1040,1,1040.0,0.0,32.0,32.0,0.0415242724120616,1.0,74.0,0.0135135135135135,1.0,0.0,1.0,0.0,0.1449232807496887,0.1449232807496887,0.0,0.0,0.6,0.0021278112754879,1.0,0.6860315749735839,2.369265223201322e-10,1.0,0.0,1.0,,0.5,-1.4426950249075512e-08,-9.999999889225293e-09,1.0,0.5169223975010375,,,,438.5654448997229,4679.6416015625,,,,,,,,,,
1041,1,1041.0,0.0,32.0,32.0,0.2407140276627615,0.0,74.0,0.0,0.0,0.0,0.0,0.0,0.0,0.0,0.0,0.0,0.6,0.0021278112754879,1.0,0.6737039435229761,0.0,0.0,0.0,,,,,,0.0,,,,,431.31430994253606,4677.6728515625,,,,,,,,,,
1042,1,1042.0,0.0,32.0,32.0,0.3436360054765828,0.0,74.0,0.0,0.0,0.0,0.0,0.0,0.0,0.0,0.0,0.0,0.6,0.0021278112754879,1.0,0.6816382850370376,0.0,0.0,0.0,,,,,,0.0,,,,,436.3581639481709,4681.9228515625,,,,,,,,,,
1043,1,1043.0,0.0,32.0,32.0,0.2780565531575121,0.0,74.0,0.0,0.0,0.0,0.0,0.0,0.0,0.0,0.0,0.0,0.6,0.0021278112754879,1.0,0.6861369477576049,0.0,0.0,0.0,,,,,,0.0,,,,,426.0549679165706,4688.4384765625,,,,,,,,,,
1044,1,1044.0,0.0,32.0,32.0,0.0963733588578179,0.0,74.0,0.0,0.0,0.0,0.0,0.0,0.0,0.0,0.0,0.0,0.6,0.0021278112754879,1.0,0.6817486880457893,0.0,0.0,0.0,,,,,,0.0,,,,,436.3521420164034,4681.0087890625,,,,,,,,,,
1045,1,1045.0,0.0,32.0,32.0,0.0988486652495339,0.0,74.0,0.0,0.0,0.0,0.0,0.0,0.0,0.0,0.0,0.0,0.6,0.0021278112754879,1.0,0.6870791310196368,0.0,0.0,0.0,,,,,,0.0,,,,,429.3471119599417,4695.5166015625,,,,,,,,,,
1046,1,1046.0,0.0,32.0,32.0,0.1048326012678444,0.0,74.0,0.0,0.0,0.0,0.0,0.0,0.0,0.0,0.0,0.0,0.6,0.0021278112754879,1.0,0.6874272243211806,0.0,0.0,0.0,,,,,,0.0,,,,,438.0605579353869,4688.4384765625,,,,,,,,,,
1047,1,1047.0,0.0,32.0,32.0,0.0321385352290235,3.0,74.0,0.0405405405405405,1.0,2.0,0.3333333333333333,0.6666666666666666,0.1512985126827748,0.1462863848750152,0.1538045765866545,0.0,0.6,0.0021278112754879,1.0,0.6835517847787247,5.22680803480955e-10,1.0,2.0,0.3333333333333333,2.0,1.0,0.918295805200589,0.636514148294813,2.0,0.5125808536647711,0.0019955490715801,0.4990022254642099,0.0002958418435973,427.1115530282259,4672.6572265625,,,,,,,,,,
1048,1,1048.0,0.0,32.0,32.0,0.3053387454710901,0.0,74.0,0.0,0.0,0.0,0.0,0.0,0.0,0.0,0.0,0.0,0.6,0.0021278112754879,1.0,0.6830555673179808,0.0,0.0,0.0,,,,,,0.0,,,,,434.2609610175714,4677.6728515625,,,,,,,,,,
1049,1,1049.0,0.0,32.0,32.0,0.157863191794604,0.0,74.0,0.0,0.0,0.0,0.0,0.0,0.0,0.0,0.0,0.0,0.6,0.0021278112754879,1.0,0.6913066733844734,0.0,0.0,0.0,,,,,,0.0,,,,,431.124028051272,4680.7509765625,,,,,,,,,,
1050,1,1050.0,0.0,32.0,32.0,0.1452602655626833,0.0,74.0,0.0,0.0,0.0,0.0,0.0,0.0,0.0,0.0,0.0,0.6,0.0021278112754879,1.0,0.6779064448575663,0.0,0.0,0.0,,,,,,0.0,,,,,437.4617390567437,4688.2978515625,,,,,,,,,,
1051,1,1051.0,0.0,32.0,32.0,0.1860554195009172,0.0,74.0,0.0,0.0,0.0,0.0,0.0,0.0,0.0,0.0,0.0,0.6,0.0021278112754879,1.0,0.6825390759623949,0.0,0.0,0.0,,,,,,0.0,,,,,431.03071802761406,4677.6728515625,,,,,,,,,,
1052,1,1052.0,0.0,32.0,32.0,0.4555168738588691,0.0,74.0,0.0,0.0,0.0,0.0,0.0,0.0,0.0,0.0,0.0,0.6,0.0021278112754879,1.0,0.6811900225254993,0.0,0.0,0.0,,,,,,0.0,,,,,440.375410951674,4677.0634765625,,,,,,,,,,
1053,1,1053.0,0.0,32.0,32.0,0.095118920202367,0.0,74.0,0.0,0.0,0.0,0.0,0.0,0.0,0.0,0.0,0.0,0.6,0.0021278112754879,1.0,0.6870769812684563,0.0,0.0,0.0,,,,,,0.0,,,,,429.29650202859193,4680.0166015625,,,,,,,,,,
1054,1,1054.0,0.0,32.0,32.0,0.2152979855891317,0.0,74.0,0.0,0.0,0.0,0.0,0.0,0.0,0.0,0.0,0.0,0.6,0.0021278112754879,1.0,0.6765573805026356,0.0,0.0,0.0,,,,,,0.0,,,,,441.5207779966295,4682.3056640625,,,,,,,,,,
1055,1,1055.0,0.0,32.0,32.0,0.3295012440066784,0.0,74.0,0.0,0.0,0.0,0.0,0.0,0.0,0.0,0.0,0.0,0.6,0.0021278112754879,1.0,0.6777183048597376,0.0,0.0,0.0,,,,,,0.0,,,,,429.54745807219297,4693.5009765625,,,,,,,,,,
1056,1,1056.0,0.0,32.0,32.0,0.2075520480284467,0.0,74.0,0.0,0.0,0.0,0.0,0.0,0.0,0.0,0.0,0.0,0.6,0.0021278112754879,1.0,0.6789717502461365,0.0,0.0,0.0,,,,,,0.0,,,,,434.2839829623699,4695.5166015625,,,,,,,,,,
1057,1,1057.0,0.0,32.0,32.0,0.284090164816007,0.0,74.0,0.0,0.0,0.0,0.0,0.0,0.0,0.0,0.0,0.0,0.6,0.0021278112754879,1.0,0.6760584497281533,0.0,0.0,0.0,,,,,,0.0,,,,,424.6588939568028,4681.8291015625,,,,,,,,,,
1058,1,1058.0,0.0,32.0,32.0,0.2875940259546041,0.0,74.0,0.0,0.0,0.0,0.0,0.0,0.0,0.0,0.0,0.0,0.6,0.0021278112754879,1.0,0.6810666493566335,0.0,0.0,0.0,,,,,,0.0,,,,,436.33142800536007,4680.0166015625,,,,,,,,,,
1059,1,1059.0,0.0,32.0,32.0,0.1359212074894458,0.0,74.0,0.0,0.0,0.0,0.0,0.0,0.0,0.0,0.0,0.0,0.6,0.0021278112754879,1.0,0.6846056550901161,0.0,0.0,0.0,,,,,,0.0,,,,,429.6793139073998,4683.2041015625,,,,,,,,,,
1060,1,1060.0,0.0,32.0,32.0,0.1268660454079508,0.0,74.0,0.0,0.0,0.0,0.0,0.0,0.0,0.0,0.0,0.0,0.6,0.0021278112754879,1.0,0.6786165874354544,0.0,0.0,0.0,,,,,,0.0,,,,,434.5939529594034,4688.4384765625,,,,,,,,,,
1061,1,1061.0,0.0,32.0,32.0,0.1521457596682012,0.0,74.0,0.0,0.0,0.0,0.0,0.0,0.0,0.0,0.0,0.0,0.6,0.0021278112754879,1.0,0.6840045396378684,0.0,0.0,0.0,,,,,,0.0,,,,,427.3859210079536,4677.6728515625,,,,,,,,,,
1062,1,1062.0,0.0,32.0,32.0,0.2699445637408644,0.0,74.0,0.0,0.0,0.0,0.0,0.0,0.0,0.0,0.0,0.0,0.6,0.0021278112754879,1.0,0.6807143329313006,0.0,0.0,0.0,,,,,,0.0,,,,,440.5865859007463,4683.2041015625,,,,,,,,,,
1063,1,1063.0,0.0,32.0,32.0,0.0742219726089388,0.0,74.0,0.0,0.0,0.0,0.0,0.0,0.0,0.0,0.0,0.0,0.6,0.0021278112754879,1.0,0.6835893833070837,0.0,0.0,0.0,,,,,,0.0,,,,,429.2342410190031,4679.3603515625,,,,,,,,,,
1064,1,1064.0,0.0,32.0,32.0,0.1817532579880207,0.0,74.0,0.0,0.0,0.0,0.0,0.0,0.0,0.0,0.0,0.0,0.6,0.0021278112754879,1.0,0.6826006889984926,0.0,0.0,0.0,,,,,,0.0,,,,,438.44914401415735,4693.5009765625,,,,,,,,,,
1065,1,1065.0,0.0,32.0,32.0,0.1558939339593053,0.0,74.0,0.0,0.0,0.0,0.0,0.0,0.0,0.0,0.0,0.0,0.6,0.0021278112754879,1.0,0.6822829297040751,0.0,0.0,0.0,,,,,,0.0,,,,,506.6858059726656,4678.7509765625,,,,,,,,,,
1066,1,1066.0,0.0,32.0,32.0,0.1757000864017754,0.0,74.0,0.0,0.0,0.0,0.0,0.0,0.0,0.0,0.0,0.0,0.6,0.0021278112754879,1.0,0.6825723175272774,0.0,0.0,0.0,,,,,,0.0,,,,,427.07729106768966,4681.1572265625,,,,,,,,,,
1067,1,1067.0,0.0,32.0,32.0,0.1800688645453192,0.0,74.0,0.0,0.0,0.0,0.0,0.0,0.0,0.0,0.0,0.0,0.6,0.0021278112754879,1.0,0.6794899474629287,0.0,0.0,0.0,,,,,,0.0,,,,,441.4398228982464,4693.5009765625,,,,,,,,,,
1068,1,1068.0,0.0,32.0,32.0,0.1325175266247242,0.0,74.0,0.0,0.0,0.0,0.0,0.0,0.0,0.0,0.0,0.0,0.6,0.0021278112754879,1.0,0.6837566844529623,0.0,0.0,0.0,,,,,,0.0,,,,,428.8319268962368,4679.3603515625,,,,,,,,,,
1069,1,1069.0,0.0,32.0,32.0,0.1510930880904197,0.0,74.0,0.0,0.0,0.0,0.0,0.0,0.0,0.0,0.0,0.0,0.6,0.0021278112754879,1.0,0.6829942818975646,0.0,0.0,0.0,,,,,,0.0,,,,,441.2326720776037,4690.3291015625,,,,,,,,,,
1070,1,1070.0,0.0,32.0,32.0,0.2628527139313519,0.0,74.0,0.0,0.0,0.0,0.0,0.0,0.0,0.0,0.0,0.0,0.6,0.0021278112754879,1.0,0.6811703683806749,0.0,0.0,0.0,,,,,,0.0,,,,,424.63075392879546,4681.8291015625,,,,,,,,,,
1071,1,1071.0,0.0,32.0,32.0,0.0815871027880348,0.0,74.0,0.0,0.0,0.0,0.0,0.0,0.0,0.0,0.0,0.0,0.6,0.0021278112754879,1.0,0.6858007138388298,0.0,0.0,0.0,,,,,,0.0,,,,,438.86338209267706,4681.0087890625,,,,,,,,,,
1072,1,1072.0,0.0,32.0,32.0,0.1841445965692401,0.0,74.0,0.0,0.0,0.0,0.0,0.0,0.0,0.0,0.0,0.0,0.6,0.0021278112754879,1.0,0.6820628186256275,0.0,0.0,0.0,,,,,,0.0,,,,,430.7764010736719,4686.2197265625,,,,,,,,,,
1073,1,1073.0,0.0,32.0,32.0,0.2321430640295148,0.0,74.0,0.0,0.0,0.0,0.0,0.0,0.0,0.0,0.0,0.0,0.6,0.0021278112754879,1.0,0.6886489872087577,0.0,0.0,0.0,,,,,,0.0,,,,,438.07552696671337,4693.5009765625,,,,,,,,,,
1074,1,1074.0,0.0,32.0,32.0,0.2126967075746506,0.0,74.0,0.0,0.0,0.0,0.0,0.0,0.0,0.0,0.0,0.0,0.6,0.0021278112754879,1.0,0.6834651738329468,0.0,0.0,0.0,,,,,,0.0,,,,,427.39829095080495,4679.3603515625,,,,,,,,,,
1075,1,1075.0,0.0,32.0,32.0,0.1097430617082864,0.0,74.0,0.0,0.0,0.0,0.0,0.0,0.0,0.0,0.0,0.0,0.6,0.0021278112754879,1.0,0.6789105247023043,0.0,0.0,0.0,,,,,,0.0,,,,,432.7569369925186,4686.2509765625,,,,,,,,,,
1076,1,1076.0,0.0,32.0,32.0,0.1995043721981346,0.0,74.0,0.0,0.0,0.0,0.0,0.0,0.0,0.0,0.0,0.0,0.6,0.0021278112754879,1.0,0.6795369987088332,0.0,0.0,0.0,,,,,,0.0,,,,,430.62729004304856,4680.0166015625,,,,,,,,,,
1077,1,1077.0,0.0,32.0,32.0,0.177544578211382,0.0,74.0,0.0,0.0,0.0,0.0,0.0,0.0,0.0,0.0,0.0,0.6,0.0021278112754879,1.0,0.6829652008151307,0.0,0.0,0.0,,,,,,0.0,,,,,441.946191014722,4678.7822265625,,,,,,,,,,
1078,1,1078.0,0.0,32.0,32.0,0.2720016067614779,0.0,74.0,0.0,0.0,0.0,0.0,0.0,0.0,0.0,0.0,0.0,0.6,0.0021278112754879,1.0,0.6836141799001766,0.0,0.0,0.0,,,,,,0.0,,,,,428.41217189561576,4679.6416015625,,,,,,,,,,
1079,1,1079.0,0.0,32.0,32.0,0.1526220485102385,0.0,74.0,0.0,0.0,0.0,0.0,0.0,0.0,0.0,0.0,0.0,0.6,0.0021278112754879,1.0,0.6821873792309044,0.0,0.0,0.0,,,,,,0.0,,,,,434.3030420131981,4679.8603515625,,,,,,,,,,
1080,1,1080.0,0.0,32.0,32.0,0.155645121820271,0.0,74.0,0.0,0.0,0.0,0.0,0.0,0.0,0.0,0.0,0.0,0.6,0.0021278112754879,1.0,0.6806904898732804,0.0,0.0,0.0,,,,,,0.0,,,,,434.3011319870129,4681.5634765625,,,,,,,,,,
1081,1,1081.0,0.0,32.0,32.0,0.2109717674320563,0.0,74.0,0.0,0.0,0.0,0.0,0.0,0.0,0.0,0.0,0.0,0.6,0.0021278112754879,1.0,0.683289502646289,0.0,0.0,0.0,,,,,,0.0,,,,,440.850420971401,4695.5166015625,,,,,,,,,,
1082,1,1082.0,0.0,32.0,32.0,0.2813922622008249,0.0,74.0,0.0,0.0,0.0,0.0,0.0,0.0,0.0,0.0,0.0,0.6,0.0021278112754879,1.0,0.6814040308199926,0.0,0.0,0.0,,,,,,0.0,,,,,430.3488290170208,4680.0166015625,,,,,,,,,,
1083,1,1083.0,0.0,32.0,32.0,0.3295723259216174,0.0,74.0,0.0,0.0,0.0,0.0,0.0,0.0,0.0,0.0,0.0,0.6,0.0021278112754879,1.0,0.6840321793590329,0.0,0.0,0.0,,,,,,0.0,,,,,435.6992510147393,4692.1806640625,,,,,,,,,,
1084,1,1084.0,0.0,32.0,32.0,0.0425236218143254,0.0,74.0,0.0,0.0,0.0,0.0,0.0,0.0,0.0,0.0,0.0,0.6,0.0021278112754879,1.0,0.6825375967067496,0.0,0.0,0.0,,,,,,0.0,,,,,430.8768920600414,4678.7822265625,,,,,,,,,,
1085,1,1085.0,0.0,32.0,32.0,0.1270294116111472,0.0,74.0,0.0,0.0,0.0,0.0,0.0,0.0,0.0,0.0,0.0,0.6,0.0021278112754879,1.0,0.6851626987860344,0.0,0.0,0.0,,,,,,0.0,,,,,439.81925200205296,4688.4384765625,,,,,,,,,,
1086,1,1086.0,0.0,32.0,32.0,0.3175801578909158,0.0,74.0,0.0,0.0,0.0,0.0,0.0,0.0,0.0,0.0,0.0,0.6,0.0021278112754879,1.0,0.684529140157103,0.0,0.0,0.0,,,,,,0.0,,,,,429.8322540707886,4688.2978515625,,,,,,,,,,
1087,1,1087.0,0.0,32.0,32.0,0.1278544312808662,0.0,74.0,0.0,0.0,0.0,0.0,0.0,0.0,0.0,0.0,0.0,0.6,0.0021278112754879,1.0,0.6843500441189121,0.0,0.0,0.0,,,,,,0.0,,,,,437.5733869383112,4681.0087890625,,,,,,,,,,
1088,1,1088.0,0.0,32.0,32.0,0.5280555493663996,0.0,74.0,0.0,0.0,0.0,0.0,0.0,0.0,0.0,0.0,0.0,0.6,0.0021278112754879,1.0,0.6727742507985969,0.0,0.0,0.0,,,,,,0.0,,,,,426.9948210567236,4680.0166015625,,,,,,,,,,
1089,1,1089.0,0.0,32.0,32.0,0.1318162891548127,0.0,74.0,0.0,0.0,0.0,0.0,0.0,0.0,0.0,0.0,0.0,0.6,0.0021278112754879,1.0,0.6823927278048554,0.0,0.0,0.0,,,,,,0.0,,,,,437.9077070625499,4677.0634765625,,,,,,,,,,
1090,1,1090.0,0.0,32.0,32.0,0.1364599310327321,0.0,74.0,0.0,0.0,0.0,0.0,0.0,0.0,0.0,0.0,0.0,0.6,0.0021278112754879,1.0,0.6860007839425537,0.0,0.0,0.0,,,,,,0.0,,,,,434.3512690393254,4683.2041015625,,,,,,,,,,
1091,1,1091.0,0.0,32.0,32.0,0.1512674919795245,0.0,74.0,0.0,0.0,0.0,0.0,0.0,0.0,0.0,0.0,0.0,0.6,0.0021278112754879,1.0,0.6817958360510593,0.0,0.0,0.0,,,,,,0.0,,,,,438.6973769869656,4677.6728515625,,,,,,,,,,
1092,1,1092.0,0.0,32.0,32.0,0.3036930777598172,0.0,74.0,0.0,0.0,0.0,0.0,0.0,0.0,0.0,0.0,0.0,0.6,0.0021278112754879,1.0,0.6775479925337096,0.0,0.0,0.0,,,,,,0.0,,,,,427.3057919926941,4683.2041015625,,,,,,,,,,
1093,1,1093.0,0.0,32.0,32.0,0.3404609148856252,0.0,74.0,0.0,0.0,0.0,0.0,0.0,0.0,0.0,0.0,0.0,0.6,0.0021278112754879,1.0,0.6840101172305055,0.0,0.0,0.0,,,,,,0.0,,,,,441.00540305953473,4683.2041015625,,,,,,,,,,
1094,1,1094.0,0.0,32.0,32.0,0.1351093421690166,0.0,74.0,0.0,0.0,0.0,0.0,0.0,0.0,0.0,0.0,0.0,0.6,0.0021278112754879,1.0,0.6810259343015678,0.0,0.0,0.0,,,,,,0.0,,,,,428.6873820237816,4686.2197265625,,,,,,,,,,
1095,1,1095.0,0.0,32.0,32.0,0.1438002937939018,0.0,74.0,0.0,0.0,0.0,0.0,0.0,0.0,0.0,0.0,0.0,0.6,0.0021278112754879,1.0,0.6838116062780345,0.0,0.0,0.0,,,,,,0.0,,,,,433.941729948856,4677.0634765625,,,,,,,,,,
1096,1,1096.0,0.0,32.0,32.0,0.2051009405404329,0.0,74.0,0.0,0.0,0.0,0.0,0.0,0.0,0.0,0.0,0.0,0.6,0.0021278112754879,1.0,0.6860789412295937,0.0,0.0,0.0,,,,,,0.0,,,,,422.8864019969478,4693.5009765625,,,,,,,,,,
1097,1,1097.0,0.0,32.0,32.0,0.183859831886366,0.0,74.0,0.0,0.0,0.0,0.0,0.0,0.0,0.0,0.0,0.0,0.6,0.0021278112754879,1.0,0.6823909512697247,0.0,0.0,0.0,,,,,,0.0,,,,,438.423941959627,4679.6416015625,,,,,,,,,,
1098,1,1098.0,0.0,32.0,32.0,0.1173250810243189,0.0,74.0,0.0,0.0,0.0,0.0,0.0,0.0,0.0,0.0,0.0,0.6,0.0021278112754879,1.0,0.6795384758983213,0.0,0.0,0.0,,,,,,0.0,,,,,424.33542700018734,4677.0634765625,,,,,,,,,,
1099,1,1099.0,0.0,32.0,32.0,0.2972065671347081,0.0,74.0,0.0,0.0,0.0,0.0,0.0,0.0,0.0,0.0,0.0,0.6,0.0021278112754879,1.0,0.6808079697131623,0.0,0.0,0.0,,,,,,0.0,,,,,434.0776429744437,4679.8603515625,,,,,,,,,,
1100,1,1100.0,0.0,32.0,32.0,0.1799192163161933,0.0,74.0,0.0,0.0,0.0,0.0,0.0,0.0,0.0,0.0,0.0,0.6,0.0021278112754879,1.0,0.6827721795224821,0.0,0.0,0.0,,,,,,0.0,,,,,420.9282349329442,4677.0634765625,,,,,,,,,,
1101,1,1101.0,0.0,32.0,32.0,0.1398530332371592,0.0,74.0,0.0,0.0,0.0,0.0,0.0,0.0,0.0,0.0,0.0,0.6,0.0021278112754879,1.0,0.676008251189323,0.0,0.0,0.0,,,,,,0.0,,,,,431.85741594061255,4680.6884765625,,,,,,,,,,
1102,1,1102.0,0.0,32.0,32.0,0.2192768799141049,0.0,74.0,0.0,0.0,0.0,0.0,0.0,0.0,0.0,0.0,0.0,0.6,0.0021278112754879,1.0,0.6834479052123708,0.0,0.0,0.0,,,,,,0.0,,,,,424.5443909894675,4679.9541015625,,,,,,,,,,
1103,1,1103.0,0.0,32.0,32.0,0.3709311322309077,0.0,74.0,0.0,0.0,0.0,0.0,0.0,0.0,0.0,0.0,0.0,0.6,0.0021278112754879,1.0,0.6850982958757543,0.0,0.0,0.0,,,,,,0.0,,,,,434.6172800287604,4688.4384765625,,,,,,,,,,
1104,1,1104.0,0.0,32.0,32.0,0.2104922417784109,0.0,74.0,0.0,0.0,0.0,0.0,0.0,0.0,0.0,0.0,0.0,0.6,0.0021278112754879,1.0,0.6844532190082576,0.0,0.0,0.0,,,,,,0.0,,,,,421.9157579354942,4692.1806640625,,,,,,,,,,
1105,1,1105.0,0.0,32.0,32.0,0.1665160877164453,0.0,74.0,0.0,0.0,0.0,0.0,0.0,0.0,0.0,0.0,0.0,0.6,0.0021278112754879,1.0,0.6823389647114598,0.0,0.0,0.0,,,,,,0.0,,,,,432.9114590073005,4680.7509765625,,,,,,,,,,
1106,1,1106.0,0.0,32.0,32.0,0.1329782910179346,0.0,74.0,0.0,0.0,0.0,0.0,0.0,0.0,0.0,0.0,0.0,0.6,0.0021278112754879,1.0,0.6825861003403934,0.0,0.0,0.0,,,,,,0.0,,,,,426.2181760277599,4688.2978515625,,,,,,,,,,
1107,1,1107.0,0.0,32.0,32.0,0.1038322401000186,0.0,74.0,0.0,0.0,0.0,0.0,0.0,0.0,0.0,0.0,0.0,0.6,0.0021278112754879,1.0,0.6852431616170594,0.0,0.0,0.0,,,,,,0.0,,,,,436.4368809619919,4687.4541015625,,,,,,,,,,
1108,1,1108.0,0.0,32.0,32.0,0.1338037801906466,0.0,74.0,0.0,0.0,0.0,0.0,0.0,0.0,0.0,0.0,0.0,0.6,0.0021278112754879,1.0,0.6852899748533977,0.0,0.0,0.0,,,,,,0.0,,,,,424.4147839490324,4677.0634765625,,,,,,,,,,
1109,1,1109.0,0.0,32.0,32.0,0.26798989798408,0.0,74.0,0.0,0.0,0.0,0.0,0.0,0.0,0.0,0.0,0.0,0.6,0.0021278112754879,1.0,0.6829877659686328,0.0,0.0,0.0,,,,,,0.0,,,,,431.2761300243437,4688.4384765625,,,,,,,,,,
1110,1,1110.0,0.0,32.0,32.0,0.093102562095737,0.0,74.0,0.0,0.0,0.0,0.0,0.0,0.0,0.0,0.0,0.0,0.6,0.0021278112754879,1.0,0.6842027557575094,0.0,0.0,0.0,,,,,,0.0,,,,,427.9838380170986,4680.0166015625,,,,,,,,,,
1111,1,1111.0,0.0,32.0,32.0,0.2282664871308952,0.0,74.0,0.0,0.0,0.0,0.0,0.0,0.0,0.0,0.0,0.0,0.6,0.0021278112754879,1.0,0.6855224396290768,0.0,0.0,0.0,,,,,,0.0,,,,,434.7002120921388,4680.6884765625,,,,,,,,,,
1112,1,1112.0,0.0,32.0,32.0,0.0700830843998119,0.0,74.0,0.0,0.0,0.0,0.0,0.0,0.0,0.0,0.0,0.0,0.6,0.0021278112754879,1.0,0.6840431121993052,0.0,0.0,0.0,,,,,,0.0,,,,,429.5127609511837,4680.0166015625,,,,,,,,,,
1113,1,1113.0,0.0,32.0,32.0,0.0832289480895269,0.0,74.0,0.0,0.0,0.0,0.0,0.0,0.0,0.0,0.0,0.0,0.6,0.0021278112754879,1.0,0.6814049266745934,0.0,0.0,0.0,,,,,,0.0,,,,,433.515605982393,4680.7509765625,,,,,,,,,,
1114,1,1114.0,0.0,32.0,32.0,0.2040473738743458,0.0,74.0,0.0,0.0,0.0,0.0,0.0,0.0,0.0,0.0,0.0,0.6,0.0021278112754879,1.0,0.6784208647632418,0.0,0.0,0.0,,,,,,0.0,,,,,431.1751449713484,4683.2041015625,,,,,,,,,,
1115,1,1115.0,0.0,32.0,32.0,0.296461021353025,0.0,74.0,0.0,0.0,0.0,0.0,0.0,0.0,0.0,0.0,0.0,0.6,0.0021278112754879,1.0,0.6802260900736891,0.0,0.0,0.0,,,,,,0.0,,,,,443.4896169696003,4680.6884765625,,,,,,,,,,
1116,1,1116.0,0.0,32.0,32.0,0.6722957582096569,0.0,74.0,0.0,0.0,0.0,0.0,0.0,0.0,0.0,0.0,0.0,0.6,0.0021278112754879,1.0,0.6818906669254226,0.0,0.0,0.0,,,,,,0.0,,,,,430.842656060122,4688.2978515625,,,,,,,,,,
1117,1,1117.0,0.0,32.0,32.0,0.1737449716310948,0.0,74.0,0.0,0.0,0.0,0.0,0.0,0.0,0.0,0.0,0.0,0.6,0.0021278112754879,1.0,0.6800580077041701,0.0,0.0,0.0,,,,,,0.0,,,,,434.1038570273668,4687.4541015625,,,,,,,,,,
1118,1,1118.0,0.0,32.0,32.0,0.1419507973478175,0.0,74.0,0.0,0.0,0.0,0.0,0.0,0.0,0.0,0.0,0.0,0.6,0.0021278112754879,1.0,0.6880525711598156,0.0,0.0,0.0,,,,,,0.0,,,,,426.2175139738247,4693.5009765625,,,,,,,,,,
1119,1,1119.0,0.0,32.0,32.0,0.2785891286912374,0.0,74.0,0.0,0.0,0.0,0.0,0.0,0.0,0.0,0.0,0.0,0.6,0.0021278112754879,1.0,0.6848505961339291,0.0,0.0,0.0,,,,,,0.0,,,,,438.3642480242997,4688.4384765625,,,,,,,,,,
1120,1,1120.0,0.0,32.0,32.0,0.055133365560323,0.0,74.0,0.0,0.0,0.0,0.0,0.0,0.0,0.0,0.0,0.0,0.6,0.0021278112754879,1.0,0.6830525359931716,0.0,0.0,0.0,,,,,,0.0,,,,,428.3252810128033,4681.8291015625,,,,,,,,,,
1121,1,1121.0,0.0,32.0,32.0,0.0884268453810364,0.0,74.0,0.0,0.0,0.0,0.0,0.0,0.0,0.0,0.0,0.0,0.6,0.0021278112754879,1.0,0.6850639620738482,0.0,0.0,0.0,,,,,,0.0,,,,,440.5776669736952,4679.9541015625,,,,,,,,,,
1122,1,1122.0,0.0,32.0,32.0,0.1703930092626251,0.0,74.0,0.0,0.0,0.0,0.0,0.0,0.0,0.0,0.0,0.0,0.6,0.0021278112754879,1.0,0.6791149255647267,0.0,0.0,0.0,,,,,,0.0,,,,,428.2090690685436,4681.1572265625,,,,,,,,,,
1123,1,1123.0,0.0,32.0,32.0,0.0838329619728028,0.0,74.0,0.0,0.0,0.0,0.0,0.0,0.0,0.0,0.0,0.0,0.6,0.0021278112754879,1.0,0.6834519705195875,0.0,0.0,0.0,,,,,,0.0,,,,,439.6257490152493,4679.3603515625,,,,,,,,,,
1124,1,1124.0,0.0,32.0,32.0,0.3516642211470753,0.0,74.0,0.0,0.0,0.0,0.0,0.0,0.0,0.0,0.0,0.0,0.6,0.0021278112754879,1.0,0.6831100209188568,0.0,0.0,0.0,,,,,,0.0,,,,,433.73985902871937,4681.1572265625,,,,,,,,,,
1125,1,1125.0,0.0,32.0,32.0,0.501844149781391,0.0,74.0,0.0,0.0,0.0,0.0,0.0,0.0,0.0,0.0,0.0,0.6,0.0021278112754879,1.0,0.6826570002476764,0.0,0.0,0.0,,,,,,0.0,,,,,433.6719911079854,4678.2197265625,,,,,,,,,,
1126,1,1126.0,0.0,32.0,32.0,0.3354442475829273,0.0,74.0,0.0,0.0,0.0,0.0,0.0,0.0,0.0,0.0,0.0,0.6,0.0021278112754879,1.0,0.6807070092562415,0.0,0.0,0.0,,,,,,0.0,,,,,419.7728189174086,4693.5009765625,,,,,,,,,,
1127,1,1127.0,0.0,32.0,32.0,0.271151433698833,0.0,74.0,0.0,0.0,0.0,0.0,0.0,0.0,0.0,0.0,0.0,0.6,0.0021278112754879,1.0,0.6792194088278926,0.0,0.0,0.0,,,,,,0.0,,,,,439.0089549124241,4681.1572265625,,,,,,,,,,
1128,1,1128.0,0.0,32.0,32.0,0.3942416162462905,0.0,74.0,0.0,0.0,0.0,0.0,0.0,0.0,0.0,0.0,0.0,0.6,0.0021278112754879,1.0,0.6791299878724847,0.0,0.0,0.0,,,,,,0.0,,,,,430.14149100054055,4684.4384765625,,,,,,,,,,
1129,1,1129.0,0.0,32.0,32.0,0.2027775805909186,0.0,74.0,0.0,0.0,0.0,0.0,0.0,0.0,0.0,0.0,0.0,0.6,0.0021278112754879,1.0,0.6850053945790229,0.0,0.0,0.0,,,,,,0.0,,,,,432.12316697463393,4681.9228515625,,,,,,,,,,
1130,1,1130.0,0.0,32.0,32.0,0.3089014014694839,0.0,74.0,0.0,0.0,0.0,0.0,0.0,0.0,0.0,0.0,0.0,0.6,0.0021278112754879,1.0,0.6865967497595028,0.0,0.0,0.0,,,,,,0.0,,,,,420.99837795831263,4679.8603515625,,,,,,,,,,
1131,1,1131.0,0.0,32.0,32.0,0.2379606094909832,0.0,74.0,0.0,0.0,0.0,0.0,0.0,0.0,0.0,0.0,0.0,0.6,0.0021278112754879,1.0,0.6842744467074515,0.0,0.0,0.0,,,,,,0.0,,,,,432.5887880986557,4679.6416015625,,,,,,,,,,
1132,1,1132.0,0.0,32.0,32.0,0.0540470738196745,0.0,74.0,0.0,0.0,0.0,0.0,0.0,0.0,0.0,0.0,0.0,0.6,0.0021278112754879,1.0,0.6817181861291589,0.0,0.0,0.0,,,,,,0.0,,,,,424.629568005912,4681.8291015625,,,,,,,,,,
1133,1,1133.0,0.0,32.0,32.0,0.1718212777050212,0.0,74.0,0.0,0.0,0.0,0.0,0.0,0.0,0.0,0.0,0.0,0.6,0.0021278112754879,1.0,0.6825142224217176,0.0,0.0,0.0,,,,,,0.0,,,,,435.5978819075972,4688.4384765625,,,,,,,,,,
1134,1,1134.0,0.0,32.0,32.0,0.0660575982183218,0.0,74.0,0.0,0.0,0.0,0.0,0.0,0.0,0.0,0.0,0.0,0.6,0.0021278112754879,1.0,0.679849279797295,0.0,0.0,0.0,,,,,,0.0,,,,,423.1900059385225,4695.5166015625,,,,,,,,,,
1135,1,1135.0,0.0,32.0,32.0,0.2012219895841553,0.0,74.0,0.0,0.0,0.0,0.0,0.0,0.0,0.0,0.0,0.0,0.6,0.0021278112754879,1.0,0.6830929855972375,0.0,0.0,0.0,,,,,,0.0,,,,,433.5254799807444,4683.2041015625,,,,,,,,,,
1136,1,1136.0,0.0,32.0,32.0,0.2175508235814049,0.0,74.0,0.0,0.0,0.0,0.0,0.0,0.0,0.0,0.0,0.0,0.6,0.0021278112754879,1.0,0.6828776829869722,0.0,0.0,0.0,,,,,,0.0,,,,,427.3000380489975,4686.2197265625,,,,,,,,,,
1137,1,1137.0,0.0,32.0,32.0,0.1436710199923254,0.0,74.0,0.0,0.0,0.0,0.0,0.0,0.0,0.0,0.0,0.0,0.6,0.0021278112754879,1.0,0.6859882058479101,0.0,0.0,0.0,,,,,,0.0,,,,,437.6330759841949,4679.3603515625,,,,,,,,,,
1138,1,1138.0,0.0,32.0,32.0,0.0960617114324122,0.0,74.0,0.0,0.0,0.0,0.0,0.0,0.0,0.0,0.0,0.0,0.6,0.0021278112754879,1.0,0.6856366714462613,0.0,0.0,0.0,,,,,,0.0,,,,,425.2061559818685,4677.6728515625,,,,,,,,,,
1139,1,1139.0,0.0,32.0,32.0,0.0999124891823157,0.0,74.0,0.0,0.0,0.0,0.0,0.0,0.0,0.0,0.0,0.0,0.6,0.0021278112754879,1.0,0.6849581188229407,0.0,0.0,0.0,,,,,,0.0,,,,,433.0233969958499,4682.3056640625,,,,,,,,,,
1140,1,1140.0,0.0,32.0,32.0,0.2053681291872635,0.0,74.0,0.0,0.0,0.0,0.0,0.0,0.0,0.0,0.0,0.0,0.6,0.0021278112754879,1.0,0.6821502895315571,0.0,0.0,0.0,,,,,,0.0,,,,,435.4159700451419,4683.5947265625,,,,,,,,,,
1141,1,1141.0,0.0,32.0,32.0,0.0933092597988434,0.0,74.0,0.0,0.0,0.0,0.0,0.0,0.0,0.0,0.0,0.0,0.6,0.0021278112754879,1.0,0.6910991806298797,0.0,0.0,0.0,,,,,,0.0,,,,,515.1610580505803,4677.0634765625,,,,,,,,,,
1142,1,1142.0,0.0,32.0,32.0,0.0638908057007938,0.0,74.0,0.0,0.0,0.0,0.0,0.0,0.0,0.0,0.0,0.0,0.6,0.0021278112754879,1.0,0.683198015089918,0.0,0.0,0.0,,,,,,0.0,,,,,430.6520739337429,4681.8291015625,,,,,,,,,,
1143,1,1143.0,0.0,32.0,32.0,0.0684122587554156,0.0,74.0,0.0,0.0,0.0,0.0,0.0,0.0,0.0,0.0,0.0,0.6,0.0021278112754879,1.0,0.689921015891714,0.0,0.0,0.0,,,,,,0.0,,,,,434.2313969973475,4688.4384765625,,,,,,,,,,
1144,1,1144.0,0.0,32.0,32.0,0.0937216666061431,0.0,74.0,0.0,0.0,0.0,0.0,0.0,0.0,0.0,0.0,0.0,0.6,0.0021278112754879,1.0,0.6827975026180355,0.0,0.0,0.0,,,,,,0.0,,,,,424.6622999198735,4687.4541015625,,,,,,,,,,
1145,1,1145.0,0.0,32.0,32.0,0.2041526468819938,0.0,74.0,0.0,0.0,0.0,0.0,0.0,0.0,0.0,0.0,0.0,0.6,0.0021278112754879,1.0,0.6838887183113487,0.0,0.0,0.0,,,,,,0.0,,,,,437.42734903935343,4677.0634765625,,,,,,,,,,
1146,1,1146.0,0.0,32.0,32.0,0.2991915374295786,0.0,74.0,0.0,0.0,0.0,0.0,0.0,0.0,0.0,0.0,0.0,0.6,0.0021278112754879,1.0,0.6825372334853695,0.0,0.0,0.0,,,,,,0.0,,,,,433.2875959808007,4679.9541015625,,,,,,,,,,
1147,1,1147.0,0.0,32.0,32.0,0.2261294159397948,0.0,74.0,0.0,0.0,0.0,0.0,0.0,0.0,0.0,0.0,0.0,0.6,0.0021278112754879,1.0,0.685447335323769,0.0,0.0,0.0,,,,,,0.0,,,,,438.2680309936404,4683.5947265625,,,,,,,,,,
1148,1,1148.0,0.0,32.0,32.0,0.0462287748232483,1.0,74.0,0.0135135135135135,1.0,0.0,1.0,0.0,0.1475870620709581,0.1475870620709581,0.0,0.0,0.6,0.0021278112754879,0.9999999999920828,0.6853476955157798,0.0,1.0,0.0,1.0,,0.5,-1.4426950249075512e-08,-9.999999889225293e-09,1.0,0.5080431264301394,,,,422.7459250250831,4692.1806640625,,,,,,,,,,
1149,1,1149.0,0.0,32.0,32.0,0.2968605447094887,0.0,74.0,0.0,0.0,0.0,0.0,0.0,0.0,0.0,0.0,0.0,0.6,0.0021278112754879,1.0,0.6850227529547339,0.0,0.0,0.0,,,,,,0.0,,,,,436.819217982702,4677.0634765625,,,,,,,,,,
1150,1,1150.0,0.0,32.0,32.0,0.0579853378003463,0.0,74.0,0.0,0.0,0.0,0.0,0.0,0.0,0.0,0.0,0.0,0.6,0.0021278112754879,1.0,0.6925467883794759,0.0,0.0,0.0,,,,,,0.0,,,,,428.77338302787393,4677.6728515625,,,,,,,,,,
1151,1,1151.0,0.0,32.0,32.0,0.2091657995479181,0.0,74.0,0.0,0.0,0.0,0.0,0.0,0.0,0.0,0.0,0.0,0.6,0.0021278112754879,1.0,0.6882030988175578,0.0,0.0,0.0,,,,,,0.0,,,,,436.40688492450863,4679.9541015625,,,,,,,,,,
1152,1,1152.0,0.0,32.0,32.0,0.2438161856262013,0.0,74.0,0.0,0.0,0.0,0.0,0.0,0.0,0.0,0.0,0.0,0.6,0.0021278112754879,1.0,0.6808756249308767,0.0,0.0,0.0,,,,,,0.0,,,,,422.7581520099193,4680.0166015625,,,,,,,,,,
1153,1,1153.0,0.0,32.0,32.0,0.1762488561216741,0.0,74.0,0.0,0.0,0.0,0.0,0.0,0.0,0.0,0.0,0.0,0.6,0.0021278112754879,1.0,0.682147738055375,0.0,0.0,0.0,,,,,,0.0,,,,,431.1568369157612,4680.7509765625,,,,,,,,,,
1154,1,1154.0,0.0,32.0,32.0,0.0708011104725301,0.0,74.0,0.0,0.0,0.0,0.0,0.0,0.0,0.0,0.0,0.0,0.6,0.0021278112754879,1.0,0.6826293717449153,0.0,0.0,0.0,,,,,,0.0,,,,,425.12485198676586,4681.0087890625,,,,,,,,,,
1155,1,1155.0,0.0,32.0,32.0,0.1091321317944675,1.0,74.0,0.0135135135135135,0.0,1.0,0.0,1.0,0.1495510997347405,0.0,0.1495510997347405,0.0,0.6,0.0021278112754879,1.0,0.6875383900203869,0.0,0.0,1.0,1.0,,0.5,-1.4426950249075512e-08,-9.999999889225293e-09,1.0,0.5014963342175315,,,,438.57558199670166,4683.2041015625,,,,,,,,,,
1156,1,1156.0,0.0,32.0,32.0,0.1784299709834158,0.0,74.0,0.0,0.0,0.0,0.0,0.0,0.0,0.0,0.0,0.0,0.6,0.0021278112754879,1.0,0.681779386038589,0.0,0.0,0.0,,,,,,0.0,,,,,421.5940909925848,4688.4384765625,,,,,,,,,,
1157,1,1157.0,0.0,32.0,32.0,0.2217705531511455,0.0,74.0,0.0,0.0,0.0,0.0,0.0,0.0,0.0,0.0,0.0,0.6,0.0021278112754879,1.0,0.6849314393095641,0.0,0.0,0.0,,,,,,0.0,,,,,430.1154479617253,4681.9072265625,,,,,,,,,,
1158,1,1158.0,0.0,32.0,32.0,0.2747138109989464,0.0,74.0,0.0,0.0,0.0,0.0,0.0,0.0,0.0,0.0,0.0,0.6,0.0021278112754879,1.0,0.6787023313500512,0.0,0.0,0.0,,,,,,0.0,,,,,425.1564010046423,4693.5009765625,,,,,,,,,,
1159,1,1159.0,0.0,32.0,32.0,0.2576664054067805,0.0,74.0,0.0,0.0,0.0,0.0,0.0,0.0,0.0,0.0,0.0,0.6,0.0021278112754879,1.0,0.6840045109222185,0.0,0.0,0.0,,,,,,0.0,,,,,435.1066689705476,4677.6728515625,,,,,,,,,,
1160,1,1160.0,0.0,32.0,32.0,0.1012598670786246,0.0,74.0,0.0,0.0,0.0,0.0,0.0,0.0,0.0,0.0,0.0,0.6,0.0021278112754879,1.0,0.6823340354702859,0.0,0.0,0.0,,,,,,0.0,,,,,428.45636897254735,4683.2041015625,,,,,,,,,,
1161,1,1161.0,0.0,32.0,32.0,0.1901868178974837,0.0,74.0,0.0,0.0,0.0,0.0,0.0,0.0,0.0,0.0,0.0,0.6,0.0021278112754879,1.0,0.6869572481306782,0.0,0.0,0.0,,,,,,0.0,,,,,429.9537870101631,4679.6416015625,,,,,,,,,,
1162,1,1162.0,0.0,32.0,32.0,0.1020767560694366,0.0,74.0,0.0,0.0,0.0,0.0,0.0,0.0,0.0,0.0,0.0,0.6,0.0021278112754879,1.0,0.6913864677443,0.0,0.0,0.0,,,,,,0.0,,,,,423.0307369725778,4688.4384765625,,,,,,,,,,
1163,1,1163.0,0.0,32.0,32.0,0.0511555533157661,0.0,74.0,0.0,0.0,0.0,0.0,0.0,0.0,0.0,0.0,0.0,0.6,0.0021278112754879,1.0,0.6807311572070949,0.0,0.0,0.0,,,,,,0.0,,,,,435.2270580129698,4681.8291015625,,,,,,,,,,
1164,1,1164.0,0.0,32.0,32.0,0.2789884298690595,0.0,74.0,0.0,0.0,0.0,0.0,0.0,0.0,0.0,0.0,0.0,0.6,0.0021278112754879,1.0,0.6835333331748223,0.0,0.0,0.0,,,,,,0.0,,,,,424.919044948183,4681.8291015625,,,,,,,,,,
1165,1,1165.0,0.0,32.0,32.0,0.0696773525560274,0.0,74.0,0.0,0.0,0.0,0.0,0.0,0.0,0.0,0.0,0.0,0.6,0.0021278112754879,1.0,0.6771873412002501,0.0,0.0,0.0,,,,,,0.0,,,,,432.72202101070434,4686.2509765625,,,,,,,,,,
1166,1,1166.0,0.0,32.0,32.0,0.2056043311022222,0.0,74.0,0.0,0.0,0.0,0.0,0.0,0.0,0.0,0.0,0.0,0.6,0.0021278112754879,1.0,0.689118902716307,0.0,0.0,0.0,,,,,,0.0,,,,,424.6138590388,4678.7822265625,,,,,,,,,,
1167,1,1167.0,0.0,32.0,32.0,0.3424024063860997,0.0,74.0,0.0,0.0,0.0,0.0,0.0,0.0,0.0,0.0,0.0,0.6,0.0021278112754879,1.0,0.6785957315034191,0.0,0.0,0.0,,,,,,0.0,,,,,435.8076410135254,4686.2509765625,,,,,,,,,,
1168,1,1168.0,0.0,32.0,32.0,0.2290601064451038,0.0,74.0,0.0,0.0,0.0,0.0,0.0,0.0,0.0,0.0,0.0,0.6,0.0021278112754879,1.0,0.6841706443077413,0.0,0.0,0.0,,,,,,0.0,,,,,424.8485770076513,4678.2197265625,,,,,,,,,,
1169,1,1169.0,0.0,32.0,32.0,0.1936527115758508,0.0,74.0,0.0,0.0,0.0,0.0,0.0,0.0,0.0,0.0,0.0,0.6,0.0021278112754879,1.0,0.6825204460652418,0.0,0.0,0.0,,,,,,0.0,,,,,433.1477419473231,4695.5166015625,,,,,,,,,,
1170,1,1170.0,0.0,32.0,32.0,0.3928561016218737,0.0,74.0,0.0,0.0,0.0,0.0,0.0,0.0,0.0,0.0,0.0,0.6,0.0021278112754879,1.0,0.6769181329831685,0.0,0.0,0.0,,,,,,0.0,,,,,426.6530189197511,4681.0087890625,,,,,,,,,,
1171,1,1171.0,0.0,32.0,32.0,0.0641691545024514,0.0,74.0,0.0,0.0,0.0,0.0,0.0,0.0,0.0,0.0,0.0,0.6,0.0021278112754879,1.0,0.6882185551255956,0.0,0.0,0.0,,,,,,0.0,,,,,438.1764630088583,4678.7822265625,,,,,,,,,,
1172,1,1172.0,0.0,32.0,32.0,0.3061035694554448,0.0,74.0,0.0,0.0,0.0,0.0,0.0,0.0,0.0,0.0,0.0,0.6,0.0021278112754879,1.0,0.6819376506549363,0.0,0.0,0.0,,,,,,0.0,,,,,428.9491609670222,4681.4853515625,,,,,,,,,,
1173,1,1173.0,0.0,32.0,32.0,0.0904915148857981,0.0,74.0,0.0,0.0,0.0,0.0,0.0,0.0,0.0,0.0,0.0,0.6,0.0021278112754879,1.0,0.6825782751598367,0.0,0.0,0.0,,,,,,0.0,,,,,436.4867829717696,4680.6884765625,,,,,,,,,,
1174,1,1174.0,0.0,32.0,32.0,0.2743812311673537,0.0,74.0,0.0,0.0,0.0,0.0,0.0,0.0,0.0,0.0,0.0,0.6,0.0021278112754879,1.0,0.6843714052946024,0.0,0.0,0.0,,,,,,0.0,,,,,423.2480990467593,4679.5009765625,,,,,,,,,,
1175,1,1175.0,0.0,32.0,32.0,0.2896199969109148,0.0,74.0,0.0,0.0,0.0,0.0,0.0,0.0,0.0,0.0,0.0,0.6,0.0021278112754879,1.0,0.6878649923919689,0.0,0.0,0.0,,,,,,0.0,,,,,436.4862480433658,4683.2041015625,,,,,,,,,,
1176,1,1176.0,0.0,32.0,32.0,0.1420150641351938,0.0,74.0,0.0,0.0,0.0,0.0,0.0,0.0,0.0,0.0,0.0,0.6,0.0021278112754879,1.0,0.6829091593540418,0.0,0.0,0.0,,,,,,0.0,,,,,423.644173075445,4679.9541015625,,,,,,,,,,
1177,1,1177.0,0.0,32.0,32.0,0.1347034857608378,0.0,74.0,0.0,0.0,0.0,0.0,0.0,0.0,0.0,0.0,0.0,0.6,0.0021278112754879,1.0,0.6834031950905413,0.0,0.0,0.0,,,,,,0.0,,,,,438.6697079753503,4679.9541015625,,,,,,,,,,
1178,1,1178.0,0.0,32.0,32.0,0.0742633701302111,0.0,74.0,0.0,0.0,0.0,0.0,0.0,0.0,0.0,0.0,0.0,0.6,0.0021278112754879,1.0,0.6819224813969273,0.0,0.0,0.0,,,,,,0.0,,,,,424.49659993872046,4681.1572265625,,,,,,,,,,
1179,1,1179.0,0.0,32.0,32.0,0.0885204325895756,0.0,74.0,0.0,0.0,0.0,0.0,0.0,0.0,0.0,0.0,0.0,0.6,0.0021278112754879,1.0,0.6806983729824048,0.0,0.0,0.0,,,,,,0.0,,,,,435.308413929306,4678.2197265625,,,,,,,,,,
1180,1,1180.0,0.0,32.0,32.0,0.1978582276497036,0.0,74.0,0.0,0.0,0.0,0.0,0.0,0.0,0.0,0.0,0.0,0.6,0.0021278112754879,1.0,0.683000916459817,0.0,0.0,0.0,,,,,,0.0,,,,,427.648849086836,4681.9072265625,,,,,,,,,,
1181,1,1181.0,0.0,32.0,32.0,0.3752005724236369,0.0,74.0,0.0,0.0,0.0,0.0,0.0,0.0,0.0,0.0,0.0,0.6,0.0021278112754879,1.0,0.6797068299059623,0.0,0.0,0.0,,,,,,0.0,,,,,437.4085540184751,4692.1806640625,,,,,,,,,,
1182,1,1182.0,0.0,32.0,32.0,0.0787278609350323,0.0,74.0,0.0,0.0,0.0,0.0,0.0,0.0,0.0,0.0,0.0,0.6,0.0021278112754879,1.0,0.6845409986420065,0.0,0.0,0.0,,,,,,0.0,,,,,421.195806004107,4687.4541015625,,,,,,,,,,
1183,1,1183.0,0.0,32.0,32.0,0.0647037890739739,0.0,74.0,0.0,0.0,0.0,0.0,0.0,0.0,0.0,0.0,0.0,0.6,0.0021278112754879,1.0,0.6803791640796054,0.0,0.0,0.0,,,,,,0.0,,,,,436.8792599998415,4688.4384765625,,,,,,,,,,
1184,1,1184.0,0.0,32.0,32.0,0.0652189813554287,0.0,74.0,0.0,0.0,0.0,0.0,0.0,0.0,0.0,0.0,0.0,0.6,0.0021278112754879,1.0,0.6857080360040675,0.0,0.0,0.0,,,,,,0.0,,,,,428.990566986613,4684.4384765625,,,,,,,,,,
1185,1,1185.0,0.0,32.0,32.0,0.1977541609667241,0.0,74.0,0.0,0.0,0.0,0.0,0.0,0.0,0.0,0.0,0.0,0.6,0.0021278112754879,1.0,0.6845353744079783,0.0,0.0,0.0,,,,,,0.0,,,,,436.85632897540927,4679.3603515625,,,,,,,,,,
1186,1,1186.0,0.0,32.0,32.0,0.0790901134023442,0.0,74.0,0.0,0.0,0.0,0.0,0.0,0.0,0.0,0.0,0.0,0.6,0.0021278112754879,1.0,0.684522366173083,0.0,0.0,0.0,,,,,,0.0,,,,,423.3340290375054,4688.4384765625,,,,,,,,,,
1187,1,1187.0,0.0,32.0,32.0,0.0544834515312686,0.0,74.0,0.0,0.0,0.0,0.0,0.0,0.0,0.0,0.0,0.0,0.6,0.0021278112754879,1.0,0.6813804747011505,0.0,0.0,0.0,,,,,,0.0,,,,,433.9756149565801,4686.2197265625,,,,,,,,,,
1188,1,1188.0,0.0,32.0,32.0,0.1292836549691856,0.0,74.0,0.0,0.0,0.0,0.0,0.0,0.0,0.0,0.0,0.0,0.6,0.0021278112754879,1.0,0.6891529833410636,0.0,0.0,0.0,,,,,,0.0,,,,,427.9986680485308,4688.4384765625,,,,,,,,,,
1189,1,1189.0,0.0,32.0,32.0,0.3290556920110248,0.0,74.0,0.0,0.0,0.0,0.0,0.0,0.0,0.0,0.0,0.0,0.6,0.0021278112754879,1.0,0.683023163831642,0.0,0.0,0.0,,,,,,0.0,,,,,437.3863360378891,4686.2509765625,,,,,,,,,,
1190,1,1190.0,0.0,32.0,32.0,0.3858891724958084,0.0,74.0,0.0,0.0,0.0,0.0,0.0,0.0,0.0,0.0,0.0,0.6,0.0021278112754879,1.0,0.6841676209918477,0.0,0.0,0.0,,,,,,0.0,,,,,428.2496499363333,4681.1572265625,,,,,,,,,,
1191,1,1191.0,0.0,32.0,32.0,0.2052620169415604,0.0,74.0,0.0,0.0,0.0,0.0,0.0,0.0,0.0,0.0,0.0,0.6,0.0021278112754879,1.0,0.6885391823369452,0.0,0.0,0.0,,,,,,0.0,,,,,432.14800499845296,4686.2509765625,,,,,,,,,,
1192,1,1192.0,0.0,32.0,32.0,0.0402519160998053,0.0,74.0,0.0,0.0,0.0,0.0,0.0,0.0,0.0,0.0,0.0,0.6,0.0021278112754879,1.0,0.6883894263177621,0.0,0.0,0.0,,,,,,0.0,,,,,432.25585995242,4681.9072265625,,,,,,,,,,
1193,1,1193.0,0.0,32.0,32.0,0.5466827824129723,0.0,74.0,0.0,0.0,0.0,0.0,0.0,0.0,0.0,0.0,0.0,0.6,0.0021278112754879,1.0,0.6834080100967354,0.0,0.0,0.0,,,,,,0.0,,,,,440.00831595622,4677.6728515625,,,,,,,,,,
1194,1,1194.0,0.0,32.0,32.0,0.2854039493249729,0.0,74.0,0.0,0.0,0.0,0.0,0.0,0.0,0.0,0.0,0.0,0.6,0.0021278112754879,1.0,0.6817802019956392,0.0,0.0,0.0,,,,,,0.0,,,,,428.8775970926508,4693.5009765625,,,,,,,,,,
1195,1,1195.0,0.0,32.0,32.0,0.0885711713926866,0.0,74.0,0.0,0.0,0.0,0.0,0.0,0.0,0.0,0.0,0.0,0.6,0.0021278112754879,1.0,0.6804312027959273,0.0,0.0,0.0,,,,,,0.0,,,,,435.5592370266095,4680.6884765625,,,,,,,,,,
1196,1,1196.0,0.0,32.0,32.0,0.1643426012597046,0.0,74.0,0.0,0.0,0.0,0.0,0.0,0.0,0.0,0.0,0.0,0.6,0.0021278112754879,1.0,0.6879636141332985,0.0,0.0,0.0,,,,,,0.0,,,,,428.5748900147155,4681.9072265625,,,,,,,,,,
1197,1,1197.0,0.0,32.0,32.0,0.1712465739692561,0.0,74.0,0.0,0.0,0.0,0.0,0.0,0.0,0.0,0.0,0.0,0.6,0.0021278112754879,1.0,0.6805937003092035,0.0,0.0,0.0,,,,,,0.0,,,,,438.8665510341525,4679.9541015625,,,,,,,,,,
1198,1,1198.0,0.0,32.0,32.0,0.0881617222330533,0.0,74.0,0.0,0.0,0.0,0.0,0.0,0.0,0.0,0.0,0.0,0.6,0.0021278112754879,1.0,0.6867758794448775,0.0,0.0,0.0,,,,,,0.0,,,,,426.82162998244166,4680.0166015625,,,,,,,,,,
1199,1,1199.0,0.0,32.0,32.0,0.2538560692337341,0.0,74.0,0.0,0.0,0.0,0.0,0.0,0.0,0.0,0.0,0.0,0.6,0.0021278112754879,1.0,0.6856487175525259,0.0,0.0,0.0,,,,,,0.0,,,,,432.66243301332,4680.0166015625,,,,,,,,,,
1200,1,1200.0,0.0,32.0,32.0,0.1577414486091584,0.0,74.0,0.0,0.0,0.0,0.0,0.0,0.0,0.0,0.0,0.0,0.6,0.0021278112754879,1.0,0.6865657013008492,0.0,0.0,0.0,,,,,,0.0,,,,,421.4342589257285,4677.0634765625,,,,,,,,,,
1201,1,1201.0,0.0,32.0,32.0,0.1860154578462243,0.0,74.0,0.0,0.0,0.0,0.0,0.0,0.0,0.0,0.0,0.0,0.6,0.0021278112754879,1.0,0.6841311767542604,0.0,0.0,0.0,,,,,,0.0,,,,,443.0346650769934,4683.2041015625,,,,,,,,,,
1202,1,1202.0,0.0,32.0,32.0,0.1062558530829846,0.0,74.0,0.0,0.0,0.0,0.0,0.0,0.0,0.0,0.0,0.0,0.6,0.0021278112754879,1.0,0.6846431727436865,0.0,0.0,0.0,,,,,,0.0,,,,,427.2743449546397,4679.6416015625,,,,,,,,,,
1203,1,1203.0,0.0,32.0,32.0,0.3181052556610666,0.0,74.0,0.0,0.0,0.0,0.0,0.0,0.0,0.0,0.0,0.0,0.6,0.0021278112754879,1.0,0.6859722993346377,0.0,0.0,0.0,,,,,,0.0,,,,,436.0859140288085,4680.6884765625,,,,,,,,,,
1204,1,1204.0,0.0,32.0,32.0,0.0729981332551688,0.0,74.0,0.0,0.0,0.0,0.0,0.0,0.0,0.0,0.0,0.0,0.6,0.0021278112754879,1.0,0.6861798271674538,0.0,0.0,0.0,,,,,,0.0,,,,,425.39020301774144,4681.9072265625,,,,,,,,,,
1205,1,1205.0,0.0,32.0,32.0,0.1054045050404965,0.0,74.0,0.0,0.0,0.0,0.0,0.0,0.0,0.0,0.0,0.0,0.6,0.0021278112754879,1.0,0.6815645295495568,0.0,0.0,0.0,,,,,,0.0,,,,,441.9065989786759,4681.1572265625,,,,,,,,,,
1206,1,1206.0,0.0,32.0,32.0,0.2085749944671988,0.0,74.0,0.0,0.0,0.0,0.0,0.0,0.0,0.0,0.0,0.0,0.6,0.0021278112754879,1.0,0.6821978897221993,0.0,0.0,0.0,,,,,,0.0,,,,,429.57515793386847,4681.8291015625,,,,,,,,,,
1207,1,1207.0,0.0,32.0,32.0,0.0635243580909445,0.0,74.0,0.0,0.0,0.0,0.0,0.0,0.0,0.0,0.0,0.0,0.6,0.0021278112754879,1.0,0.6765783410079012,0.0,0.0,0.0,,,,,,0.0,,,,,438.9821019722149,4679.6416015625,,,,,,,,,,
1208,1,1208.0,0.0,32.0,32.0,0.1248660358251072,0.0,74.0,0.0,0.0,0.0,0.0,0.0,0.0,0.0,0.0,0.0,0.6,0.0021278112754879,1.0,0.6871473927664038,0.0,0.0,0.0,,,,,,0.0,,,,,423.1667859712616,4677.6728515625,,,,,,,,,,
1209,1,1209.0,0.0,32.0,32.0,0.1759943963261321,0.0,74.0,0.0,0.0,0.0,0.0,0.0,0.0,0.0,0.0,0.0,0.6,0.0021278112754879,1.0,0.6868156270067122,0.0,0.0,0.0,,,,,,0.0,,,,,438.6456309584901,4681.8291015625,,,,,,,,,,
1210,1,1210.0,0.0,32.0,32.0,0.1605315045453608,0.0,74.0,0.0,0.0,0.0,0.0,0.0,0.0,0.0,0.0,0.0,0.6,0.0021278112754879,1.0,0.6781457530080977,0.0,0.0,0.0,,,,,,0.0,,,,,429.96719595976174,4692.1806640625,,,,,,,,,,
1211,1,1211.0,0.0,32.0,32.0,0.2127667992608621,0.0,74.0,0.0,0.0,0.0,0.0,0.0,0.0,0.0,0.0,0.0,0.6,0.0021278112754879,1.0,0.6821299732601748,0.0,0.0,0.0,,,,,,0.0,,,,,438.25828994158655,4679.9541015625,,,,,,,,,,
1212,1,1212.0,0.0,32.0,32.0,0.1083367695100605,0.0,74.0,0.0,0.0,0.0,0.0,0.0,0.0,0.0,0.0,0.0,0.6,0.0021278112754879,1.0,0.6860457679429053,0.0,0.0,0.0,,,,,,0.0,,,,,427.96837992500514,4683.2041015625,,,,,,,,,,
1213,1,1213.0,0.0,32.0,32.0,0.3436481656390242,0.0,74.0,0.0,0.0,0.0,0.0,0.0,0.0,0.0,0.0,0.0,0.6,0.0021278112754879,1.0,0.685023711200878,0.0,0.0,0.0,,,,,,0.0,,,,,435.0529930088669,4683.5947265625,,,,,,,,,,
1214,1,1214.0,0.0,32.0,32.0,0.1874606555793434,0.0,74.0,0.0,0.0,0.0,0.0,0.0,0.0,0.0,0.0,0.0,0.6,0.0021278112754879,1.0,0.6843708403274775,0.0,0.0,0.0,,,,,,0.0,,,,,427.3805799894035,4678.2197265625,,,,,,,,,,
1215,1,1215.0,0.0,32.0,32.0,0.1403128018719144,0.0,74.0,0.0,0.0,0.0,0.0,0.0,0.0,0.0,0.0,0.0,0.6,0.0021278112754879,1.0,0.6920309443754888,0.0,0.0,0.0,,,,,,0.0,,,,,438.6851239250973,4679.3603515625,,,,,,,,,,
1216,1,1216.0,0.0,32.0,32.0,0.2103131440235301,0.0,74.0,0.0,0.0,0.0,0.0,0.0,0.0,0.0,0.0,0.0,0.6,0.0021278112754879,1.0,0.6857574367033945,0.0,0.0,0.0,,,,,,0.0,,,,,508.6959359468892,4679.9541015625,,,,,,,,,,
1217,1,1217.0,0.0,32.0,32.0,0.1916806318331509,0.0,74.0,0.0,0.0,0.0,0.0,0.0,0.0,0.0,0.0,0.0,0.6,0.0021278112754879,1.0,0.6832230625850306,0.0,0.0,0.0,,,,,,0.0,,,,,426.886826986447,4678.2197265625,,,,,,,,,,
1218,1,1218.0,0.0,32.0,32.0,0.0364779205992817,0.0,74.0,0.0,0.0,0.0,0.0,0.0,0.0,0.0,0.0,0.0,0.6,0.0021278112754879,1.0,0.6796617423814965,0.0,0.0,0.0,,,,,,0.0,,,,,436.8922180728987,4678.7822265625,,,,,,,,,,
1219,1,1219.0,0.0,32.0,32.0,0.3292001727968454,0.0,74.0,0.0,0.0,0.0,0.0,0.0,0.0,0.0,0.0,0.0,0.6,0.0021278112754879,1.0,0.6847100581157196,0.0,0.0,0.0,,,,,,0.0,,,,,428.30582498572767,4677.0634765625,,,,,,,,,,
1220,1,1220.0,0.0,32.0,32.0,0.212077967589721,0.0,74.0,0.0,0.0,0.0,0.0,0.0,0.0,0.0,0.0,0.0,0.6,0.0021278112754879,1.0,0.680168411372462,0.0,0.0,0.0,,,,,,0.0,,,,,438.61237703822553,4688.2978515625,,,,,,,,,,
1221,1,1221.0,0.0,32.0,32.0,0.3527362868189811,0.0,74.0,0.0,0.0,0.0,0.0,0.0,0.0,0.0,0.0,0.0,0.6,0.0021278112754879,1.0,0.6806164078527386,0.0,0.0,0.0,,,,,,0.0,,,,,425.7808610564098,4686.2197265625,,,,,,,,,,
1222,1,1222.0,0.0,32.0,32.0,0.0825502846273593,0.0,74.0,0.0,0.0,0.0,0.0,0.0,0.0,0.0,0.0,0.0,0.6,0.0021278112754879,1.0,0.68527099541107,0.0,0.0,0.0,,,,,,0.0,,,,,434.4438670668751,4681.4853515625,,,,,,,,,,
1223,1,1223.0,0.0,32.0,32.0,0.3157601594575681,0.0,74.0,0.0,0.0,0.0,0.0,0.0,0.0,0.0,0.0,0.0,0.6,0.0021278112754879,1.0,0.6857819173343782,0.0,0.0,0.0,,,,,,0.0,,,,,430.7995880953968,4683.2041015625,,,,,,,,,,
1224,1,1224.0,0.0,32.0,32.0,0.1032440897542983,0.0,74.0,0.0,0.0,0.0,0.0,0.0,0.0,0.0,0.0,0.0,0.6,0.0021278112754879,1.0,0.6824010496215845,0.0,0.0,0.0,,,,,,0.0,,,,,436.7957500508055,4682.3056640625,,,,,,,,,,
1225,1,1225.0,0.0,32.0,32.0,0.1835313470801338,0.0,74.0,0.0,0.0,0.0,0.0,0.0,0.0,0.0,0.0,0.0,0.6,0.0021278112754879,1.0,0.6814542342267434,0.0,0.0,0.0,,,,,,0.0,,,,,427.1395589457825,4678.7822265625,,,,,,,,,,
1226,1,1226.0,0.0,32.0,32.0,0.0714338024845346,0.0,74.0,0.0,0.0,0.0,0.0,0.0,0.0,0.0,0.0,0.0,0.6,0.0021278112754879,1.0,0.6773269123989943,0.0,0.0,0.0,,,,,,0.0,,,,,428.8399029755965,4678.2197265625,,,,,,,,,,
1227,1,1227.0,0.0,32.0,32.0,0.4863260287092998,0.0,74.0,0.0,0.0,0.0,0.0,0.0,0.0,0.0,0.0,0.0,0.6,0.0021278112754879,1.0,0.6768817185366851,0.0,0.0,0.0,,,,,,0.0,,,,,424.8532269848511,4679.6416015625,,,,,,,,,,
1228,1,1228.0,0.0,32.0,32.0,0.1034856074256822,0.0,74.0,0.0,0.0,0.0,0.0,0.0,0.0,0.0,0.0,0.0,0.6,0.0021278112754879,1.0,0.6878636485795095,0.0,0.0,0.0,,,,,,0.0,,,,,444.68397309537977,4679.3603515625,,,,,,,,,,
1229,1,1229.0,0.0,32.0,32.0,0.1482507371692918,0.0,74.0,0.0,0.0,0.0,0.0,0.0,0.0,0.0,0.0,0.0,0.6,0.0021278112754879,1.0,0.6814945836420062,0.0,0.0,0.0,,,,,,0.0,,,,,429.01029298082,4683.2041015625,,,,,,,,,,
1230,1,1230.0,0.0,32.0,32.0,0.2337817413499578,0.0,74.0,0.0,0.0,0.0,0.0,0.0,0.0,0.0,0.0,0.0,0.6,0.0021278112754879,1.0,0.6810946267118476,0.0,0.0,0.0,,,,,,0.0,,,,,433.64645703695714,4692.1806640625,,,,,,,,,,
1231,1,1231.0,0.0,32.0,32.0,0.0458637464325875,0.0,74.0,0.0,0.0,0.0,0.0,0.0,0.0,0.0,0.0,0.0,0.6,0.0021278112754879,1.0,0.6804116374734875,0.0,0.0,0.0,,,,,,0.0,,,,,419.6287870872766,4681.9228515625,,,,,,,,,,
1232,1,1232.0,0.0,32.0,32.0,0.105945682618767,0.0,74.0,0.0,0.0,0.0,0.0,0.0,0.0,0.0,0.0,0.0,0.6,0.0021278112754879,1.0,0.6809281403251637,0.0,0.0,0.0,,,,,,0.0,,,,,435.94120000489056,4688.2978515625,,,,,,,,,,
1233,1,1233.0,0.0,32.0,32.0,0.0672740669688209,0.0,74.0,0.0,0.0,0.0,0.0,0.0,0.0,0.0,0.0,0.0,0.6,0.0021278112754879,1.0,0.6840186647944657,0.0,0.0,0.0,,,,,,0.0,,,,,424.302777973935,4679.6416015625,,,,,,,,,,
1234,1,1234.0,0.0,32.0,32.0,0.2284815233433619,0.0,74.0,0.0,0.0,0.0,0.0,0.0,0.0,0.0,0.0,0.0,0.6,0.0021278112754879,1.0,0.6807937410551158,0.0,0.0,0.0,,,,,,0.0,,,,,431.452032062225,4693.5009765625,,,,,,,,,,
1235,1,1235.0,0.0,32.0,32.0,0.1387491979403421,0.0,74.0,0.0,0.0,0.0,0.0,0.0,0.0,0.0,0.0,0.0,0.6,0.0021278112754879,1.0,0.683837418046191,0.0,0.0,0.0,,,,,,0.0,,,,,421.4039809303358,4680.7509765625,,,,,,,,,,
1236,1,1236.0,0.0,32.0,32.0,0.2051907728891819,0.0,74.0,0.0,0.0,0.0,0.0,0.0,0.0,0.0,0.0,0.0,0.6,0.0021278112754879,1.0,0.6805459498646178,0.0,0.0,0.0,,,,,,0.0,,,,,436.6625039838255,4677.6728515625,,,,,,,,,,
1237,1,1237.0,0.0,32.0,32.0,0.0993923784699291,0.0,74.0,0.0,0.0,0.0,0.0,0.0,0.0,0.0,0.0,0.0,0.6,0.0021278112754879,1.0,0.682005401730679,0.0,0.0,0.0,,,,,,0.0,,,,,425.9426479693502,4687.4541015625,,,,,,,,,,
1238,1,1238.0,0.0,32.0,32.0,0.095142648788169,0.0,74.0,0.0,0.0,0.0,0.0,0.0,0.0,0.0,0.0,0.0,0.6,0.0021278112754879,1.0,0.6796529820760159,0.0,0.0,0.0,,,,,,0.0,,,,,436.8713039439172,4678.2197265625,,,,,,,,,,
1239,1,1239.0,0.0,32.0,32.0,0.0761639506090432,0.0,74.0,0.0,0.0,0.0,0.0,0.0,0.0,0.0,0.0,0.0,0.6,0.0021278112754879,1.0,0.690312763890487,0.0,0.0,0.0,,,,,,0.0,,,,,423.69321291334927,4695.5166015625,,,,,,,,,,
1240,1,1240.0,0.0,32.0,32.0,0.0997107552830129,0.0,74.0,0.0,0.0,0.0,0.0,0.0,0.0,0.0,0.0,0.0,0.6,0.0021278112754879,1.0,0.6849919445557385,0.0,0.0,0.0,,,,,,0.0,,,,,438.9144440647215,4686.2197265625,,,,,,,,,,
1241,1,1241.0,0.0,32.0,32.0,0.244109057879541,0.0,74.0,0.0,0.0,0.0,0.0,0.0,0.0,0.0,0.0,0.0,0.6,0.0021278112754879,1.0,0.6795921025834057,0.0,0.0,0.0,,,,,,0.0,,,,,428.2277449965477,4693.5009765625,,,,,,,,,,
1242,1,1242.0,0.0,32.0,32.0,0.2388951224274933,0.0,74.0,0.0,0.0,0.0,0.0,0.0,0.0,0.0,0.0,0.0,0.6,0.0021278112754879,1.0,0.6852790568529433,0.0,0.0,0.0,,,,,,0.0,,,,,436.69799994677305,4681.8291015625,,,,,,,,,,
1243,1,1243.0,0.0,32.0,32.0,0.1047195525607094,0.0,74.0,0.0,0.0,0.0,0.0,0.0,0.0,0.0,0.0,0.0,0.6,0.0021278112754879,1.0,0.6862573497040725,0.0,0.0,0.0,,,,,,0.0,,,,,422.1534599782899,4688.2978515625,,,,,,,,,,
1244,1,1244.0,0.0,32.0,32.0,0.1449355434160679,0.0,74.0,0.0,0.0,0.0,0.0,0.0,0.0,0.0,0.0,0.0,0.6,0.0021278112754879,1.0,0.6877199318180403,0.0,0.0,0.0,,,,,,0.0,,,,,430.09695096407086,4679.3603515625,,,,,,,,,,
1245,1,1245.0,0.0,32.0,32.0,0.0808816876378841,0.0,74.0,0.0,0.0,0.0,0.0,0.0,0.0,0.0,0.0,0.0,0.6,0.0021278112754879,1.0,0.690752736711139,0.0,0.0,0.0,,,,,,0.0,,,,,424.1467269603163,4679.9541015625,,,,,,,,,,
1246,1,1246.0,0.0,32.0,32.0,0.2879021089756861,0.0,74.0,0.0,0.0,0.0,0.0,0.0,0.0,0.0,0.0,0.0,0.6,0.0021278112754879,1.0,0.6856908578971976,0.0,0.0,0.0,,,,,,0.0,,,,,434.0664610499516,4678.2197265625,,,,,,,,,,
1247,1,1247.0,0.0,32.0,32.0,0.0498818727210164,2.0,74.0,0.027027027027027,1.0,1.0,0.5,0.5,0.1466254678395913,0.144331794825217,0.1489191408539656,0.0,0.6,0.0021278112754879,0.9999999998370346,0.6814660327926795,-6.357169719318556e-10,1.0,1.0,0.0,1.0,1.0,0.9999999711460994,0.6931471605599454,2.0,0.5112484405346955,,,0.0015838453013139,429.1229160735384,4683.2041015625,,,,,,,,,,
1248,1,1248.0,0.0,32.0,32.0,0.101819445611909,0.0,74.0,0.0,0.0,0.0,0.0,0.0,0.0,0.0,0.0,0.0,0.6,0.0021278112754879,1.0,0.6829212613145604,0.0,0.0,0.0,,,,,,0.0,,,,,432.2922889841721,4677.0634765625,,,,,,,,,,
1249,1,1249.0,0.0,32.0,32.0,0.1766031179577112,0.0,74.0,0.0,0.0,0.0,0.0,0.0,0.0,0.0,0.0,0.0,0.6,0.0021278112754879,1.0,0.6871874855569777,0.0,0.0,0.0,,,,,,0.0,,,,,426.555147045292,4679.6416015625,,,,,,,,,,
1250,1,1250.0,0.0,32.0,32.0,0.088613210915355,0.0,74.0,0.0,0.0,0.0,0.0,0.0,0.0,0.0,0.0,0.0,0.6,0.0021278112754879,1.0,0.6837687779200895,0.0,0.0,0.0,,,,,,0.0,,,,,435.04987994674593,4680.0166015625,,,,,,,,,,
1251,1,1251.0,0.0,32.0,32.0,0.1821854417212307,0.0,74.0,0.0,0.0,0.0,0.0,0.0,0.0,0.0,0.0,0.0,0.6,0.0021278112754879,1.0,0.6797151627349358,0.0,0.0,0.0,,,,,,0.0,,,,,426.42865306697786,4679.9541015625,,,,,,,,,,
1252,1,1252.0,0.0,32.0,32.0,0.3427919694804586,0.0,74.0,0.0,0.0,0.0,0.0,0.0,0.0,0.0,0.0,0.0,0.6,0.0021278112754879,1.0,0.6795113518768485,0.0,0.0,0.0,,,,,,0.0,,,,,430.0030369777232,4677.6728515625,,,,,,,,,,
1253,1,1253.0,0.0,32.0,32.0,0.2318474686471745,0.0,74.0,0.0,0.0,0.0,0.0,0.0,0.0,0.0,0.0,0.0,0.6,0.0021278112754879,1.0,0.6851702604136752,0.0,0.0,0.0,,,,,,0.0,,,,,423.5264449380338,4688.4384765625,,,,,,,,,,
1254,1,1254.0,0.0,32.0,32.0,0.0414888486848212,2.0,74.0,0.027027027027027,1.0,1.0,0.5,0.5,0.1482750522291397,0.1434412008503112,0.1531089036079682,0.0,0.6,0.0021278112754879,1.0000000000058258,0.6842653119218043,4.7933186699102125e-11,1.0,1.0,0.0,1.0,1.0,0.9999999711460994,0.6931471605599454,2.0,0.5161128379294284,,,0.0169684438838901,438.52289696224034,4681.1572265625,,,,,,,,,,
1255,1,1255.0,0.0,32.0,32.0,0.1249401954119093,0.0,74.0,0.0,0.0,0.0,0.0,0.0,0.0,0.0,0.0,0.0,0.6,0.0021278112754879,1.0,0.6845747132262751,0.0,0.0,0.0,,,,,,0.0,,,,,425.0813730759546,4677.6728515625,,,,,,,,,,
1256,1,1256.0,0.0,32.0,32.0,0.1776826955610886,0.0,74.0,0.0,0.0,0.0,0.0,0.0,0.0,0.0,0.0,0.0,0.6,0.0021278112754879,1.0,0.6779365854934887,0.0,0.0,0.0,,,,,,0.0,,,,,432.0494480198249,4680.0166015625,,,,,,,,,,
1257,1,1257.0,0.0,32.0,32.0,0.2434723009355366,0.0,74.0,0.0,0.0,0.0,0.0,0.0,0.0,0.0,0.0,0.0,0.6,0.0021278112754879,1.0,0.6773613839108359,0.0,0.0,0.0,,,,,,0.0,,,,,426.1697930051014,4679.3603515625,,,,,,,,,,
1258,1,1258.0,0.0,32.0,32.0,0.1285335481516085,0.0,74.0,0.0,0.0,0.0,0.0,0.0,0.0,0.0,0.0,0.0,0.6,0.0021278112754879,1.0,0.6806840544381623,0.0,0.0,0.0,,,,,,0.0,,,,,438.1152670830488,4693.5009765625,,,,,,,,,,
1259,1,1259.0,0.0,32.0,32.0,0.1130195683217607,0.0,74.0,0.0,0.0,0.0,0.0,0.0,0.0,0.0,0.0,0.0,0.6,0.0021278112754879,1.0,0.6806003911669665,0.0,0.0,0.0,,,,,,0.0,,,,,429.5618970645592,4683.5947265625,,,,,,,,,,
1260,1,1260.0,0.0,32.0,32.0,0.1870692588854581,0.0,74.0,0.0,0.0,0.0,0.0,0.0,0.0,0.0,0.0,0.0,0.6,0.0021278112754879,1.0,0.6844813835594216,0.0,0.0,0.0,,,,,,0.0,,,,,439.7181009408087,4681.1572265625,,,,,,,,,,
1261,1,1261.0,0.0,32.0,32.0,0.1879328400827944,0.0,74.0,0.0,0.0,0.0,0.0,0.0,0.0,0.0,0.0,0.0,0.6,0.0021278112754879,1.0,0.6874216486674518,0.0,0.0,0.0,,,,,,0.0,,,,,425.7685069460422,4677.6728515625,,,,,,,,,,
1262,1,1262.0,0.0,32.0,32.0,0.6000202987343073,0.0,74.0,0.0,0.0,0.0,0.0,0.0,0.0,0.0,0.0,0.0,0.6,0.0021278112754879,1.0,0.6771712179424341,0.0,0.0,0.0,,,,,,0.0,,,,,437.09711299743503,4679.9541015625,,,,,,,,,,
1263,1,1263.0,0.0,32.0,32.0,0.0279732755152508,2.0,74.0,0.027027027027027,1.0,1.0,0.5,0.5,0.1489367258674775,0.1474845287869218,0.1503889229480332,0.0,0.6,0.0021278112754879,1.0000000000280924,0.6799943319472717,-1.5659484066061711e-09,1.0,1.0,0.0,1.0,1.0,0.9999999711460994,0.6931471605599454,2.0,0.5048406569351858,,,0.0207078472134622,429.77418994996697,4680.0166015625,,,,,,,,,,
1264,1,1264.0,0.0,32.0,32.0,0.2446972698671743,0.0,74.0,0.0,0.0,0.0,0.0,0.0,0.0,0.0,0.0,0.0,0.6,0.0021278112754879,1.0,0.6838550184056125,0.0,0.0,0.0,,,,,,0.0,,,,,437.1995149413124,4679.6416015625,,,,,,,,,,
1265,1,1265.0,0.0,32.0,32.0,0.106028058566153,0.0,74.0,0.0,0.0,0.0,0.0,0.0,0.0,0.0,0.0,0.0,0.6,0.0021278112754879,1.0,0.6892947155945558,0.0,0.0,0.0,,,,,,0.0,,,,,425.1273249974474,4679.9541015625,,,,,,,,,,
1266,1,1266.0,0.0,32.0,32.0,0.0298442427301779,3.0,74.0,0.0405405405405405,2.0,1.0,0.6666666666666666,0.3333333333333333,0.146345482330362,0.1451869341259977,0.1486625787390906,0.0,0.6,0.0021278112754879,1.0000000001372455,0.677306448030313,7.996300112296478e-10,2.0,1.0,0.3333333333333333,2.0,1.0,0.918295805200589,0.636514148294813,2.0,0.5121817255654598,0.0163738895207643,0.4918130552396178,0.0033470142561861,440.89117308612913,4679.6416015625,,,,,,,,,,
1267,1,1267.0,0.0,32.0,32.0,0.1506399764912203,0.0,74.0,0.0,0.0,0.0,0.0,0.0,0.0,0.0,0.0,0.0,0.6,0.0021278112754879,1.0,0.6818424043261482,0.0,0.0,0.0,,,,,,0.0,,,,,428.77158406190574,4681.8291015625,,,,,,,,,,
1268,1,1268.0,0.0,32.0,32.0,0.103221399243921,0.0,74.0,0.0,0.0,0.0,0.0,0.0,0.0,0.0,0.0,0.0,0.6,0.0021278112754879,1.0,0.6800345358429103,0.0,0.0,0.0,,,,,,0.0,,,,,436.82650406844914,4681.8291015625,,,,,,,,,,
1269,1,1269.0,0.0,32.0,32.0,0.2549346886808052,0.0,74.0,0.0,0.0,0.0,0.0,0.0,0.0,0.0,0.0,0.0,0.6,0.0021278112754879,1.0,0.6850686825809101,0.0,0.0,0.0,,,,,,0.0,,,,,421.8440529657528,4688.4384765625,,,,,,,,,,
1270,1,1270.0,0.0,32.0,32.0,0.0774663418997079,0.0,74.0,0.0,0.0,0.0,0.0,0.0,0.0,0.0,0.0,0.0,0.6,0.0021278112754879,1.0,0.6805788866734317,0.0,0.0,0.0,,,,,,0.0,,,,,438.0584160098806,4677.6728515625,,,,,,,,,,
1271,1,1271.0,0.0,32.0,32.0,0.1545416195876896,0.0,74.0,0.0,0.0,0.0,0.0,0.0,0.0,0.0,0.0,0.0,0.6,0.0021278112754879,1.0,0.6868182349245253,0.0,0.0,0.0,,,,,,0.0,,,,,428.3622370567173,4681.9072265625,,,,,,,,,,
1272,1,1272.0,0.0,32.0,32.0,0.241970021452289,0.0,74.0,0.0,0.0,0.0,0.0,0.0,0.0,0.0,0.0,0.0,0.6,0.0021278112754879,1.0,0.6787583920802492,0.0,0.0,0.0,,,,,,0.0,,,,,437.472655903548,4688.2978515625,,,,,,,,,,
1273,1,1273.0,0.0,32.0,32.0,0.2629448595689609,0.0,74.0,0.0,0.0,0.0,0.0,0.0,0.0,0.0,0.0,0.0,0.6,0.0021278112754879,1.0,0.683911108534153,0.0,0.0,0.0,,,,,,0.0,,,,,424.9017599504441,4692.1806640625,,,,,,,,,,
1274,1,1274.0,0.0,32.0,32.0,0.326003659167327,0.0,74.0,0.0,0.0,0.0,0.0,0.0,0.0,0.0,0.0,0.0,0.6,0.0021278112754879,1.0,0.6803187390364236,0.0,0.0,0.0,,,,,,0.0,,,,,434.4498770078644,4684.4384765625,,,,,,,,,,
1275,1,1275.0,0.0,32.0,32.0,0.5721727071795613,0.0,74.0,0.0,0.0,0.0,0.0,0.0,0.0,0.0,0.0,0.0,0.6,0.0021278112754879,1.0,0.6787335948541735,0.0,0.0,0.0,,,,,,0.0,,,,,427.7679759543389,4677.0634765625,,,,,,,,,,
1276,1,1276.0,0.0,32.0,32.0,0.012276426597964,18.0,74.0,0.2432432432432432,7.0,11.0,0.3888888888888889,0.6111111111111112,0.1511180132339276,0.1464350761994006,0.1540980640740812,0.0,0.6,0.0021278112754879,1.000000000128473,0.6742068377556386,-1.499370863953062e-10,7.0,11.0,0.2222222222222222,1.5714285714285714,1.0,0.9640787359543286,0.6682484576645388,2.0,0.5134447951118707,-0.0001933979510795,0.5000966989755398,0.0035911801107489,445.8966050297022,4687.4970703125,,,,,,,,,,
1277,1,1277.0,0.0,32.0,32.0,0.0804690453223884,0.0,74.0,0.0,0.0,0.0,0.0,0.0,0.0,0.0,0.0,0.0,0.6,0.0021278112754879,1.0,0.6800593476501332,0.0,0.0,0.0,,,,,,0.0,,,,,429.2462361045182,4688.2978515625,,,,,,,,,,
1278,1,1278.0,0.0,32.0,32.0,0.016284575976897,23.0,74.0,0.3108108108108108,6.0,17.0,0.2608695652173913,0.7391304347826086,0.1498932772324711,0.145102611012633,0.1515841006041787,0.0,0.6,0.0021278112754879,0.9999999999627004,0.6727898893807394,5.600135336127189e-09,6.0,17.0,0.4782608695652174,2.833333333333333,1.0,0.8280556965256035,0.5739644713933237,2.0,0.508833508369155,0.0005982905568089,0.4997008547215955,-0.0040429151690331,447.0431139925495,4698.7880859375,,,,,,,,,,
1279,1,1279.0,0.0,32.0,32.0,0.31406204495579,0.0,74.0,0.0,0.0,0.0,0.0,0.0,0.0,0.0,0.0,0.0,0.6,0.0021278112754879,1.0,0.6798899048620771,0.0,0.0,0.0,,,,,,0.0,,,,,428.05601900909096,4677.0634765625,,,,,,,,,,
1280,1,1280.0,0.0,32.0,32.0,0.0839378837263211,0.0,74.0,0.0,0.0,0.0,0.0,0.0,0.0,0.0,0.0,0.0,0.6,0.0021278112754879,1.0,0.6783214515828297,0.0,0.0,0.0,,,,,,0.0,,,,,440.8905640011653,4683.2041015625,,,,,,,,,,
1281,1,1281.0,0.0,32.0,32.0,0.1769764848286286,0.0,74.0,0.0,0.0,0.0,0.0,0.0,0.0,0.0,0.0,0.0,0.6,0.0021278112754879,1.0,0.6862906160430459,0.0,0.0,0.0,,,,,,0.0,,,,,430.3572999779135,4683.2041015625,,,,,,,,,,
1282,1,1282.0,0.0,32.0,32.0,0.097331607947126,0.0,74.0,0.0,0.0,0.0,0.0,0.0,0.0,0.0,0.0,0.0,0.6,0.0021278112754879,1.0,0.6809418893300436,0.0,0.0,0.0,,,,,,0.0,,,,,435.2596629178152,4679.3603515625,,,,,,,,,,
1283,1,1283.0,0.0,32.0,32.0,0.130276158452034,0.0,74.0,0.0,0.0,0.0,0.0,0.0,0.0,0.0,0.0,0.0,0.6,0.0021278112754879,1.0,0.6860340296552838,0.0,0.0,0.0,,,,,,0.0,,,,,424.7114020399749,4681.9072265625,,,,,,,,,,
1284,1,1284.0,0.0,32.0,32.0,0.111137029249221,0.0,74.0,0.0,0.0,0.0,0.0,0.0,0.0,0.0,0.0,0.0,0.6,0.0021278112754879,1.0,0.6827631073214229,0.0,0.0,0.0,,,,,,0.0,,,,,438.839499023743,4679.3603515625,,,,,,,,,,
1285,1,1285.0,0.0,32.0,32.0,0.1539470311254263,0.0,74.0,0.0,0.0,0.0,0.0,0.0,0.0,0.0,0.0,0.0,0.6,0.0021278112754879,1.0,0.6821985631709399,0.0,0.0,0.0,,,,,,0.0,,,,,427.7006060583517,4686.2509765625,,,,,,,,,,
1286,1,1286.0,0.0,32.0,32.0,0.1800418991479091,0.0,74.0,0.0,0.0,0.0,0.0,0.0,0.0,0.0,0.0,0.0,0.6,0.0021278112754879,1.0,0.6837914979784641,0.0,0.0,0.0,,,,,,0.0,,,,,434.8153310129419,4681.4853515625,,,,,,,,,,
1287,1,1287.0,0.0,32.0,32.0,0.0863160314038395,0.0,74.0,0.0,0.0,0.0,0.0,0.0,0.0,0.0,0.0,0.0,0.6,0.0021278112754879,1.0,0.6807972062721742,0.0,0.0,0.0,,,,,,0.0,,,,,422.1025290898978,4679.9541015625,,,,,,,,,,
1288,1,1288.0,0.0,32.0,32.0,0.3510922530549578,0.0,74.0,0.0,0.0,0.0,0.0,0.0,0.0,0.0,0.0,0.0,0.6,0.0021278112754879,1.0,0.6870570837101793,0.0,0.0,0.0,,,,,,0.0,,,,,440.9361050929874,4683.2041015625,,,,,,,,,,
1289,1,1289.0,0.0,32.0,32.0,0.065883192961337,0.0,74.0,0.0,0.0,0.0,0.0,0.0,0.0,0.0,0.0,0.0,0.6,0.0021278112754879,1.0,0.682855945931395,0.0,0.0,0.0,,,,,,0.0,,,,,426.2719029793516,4693.5009765625,,,,,,,,,,
1290,1,1290.0,0.0,32.0,32.0,0.2208379037037957,0.0,74.0,0.0,0.0,0.0,0.0,0.0,0.0,0.0,0.0,0.0,0.6,0.0021278112754879,1.0,0.6823800660287987,0.0,0.0,0.0,,,,,,0.0,,,,,439.2061540856957,4681.1572265625,,,,,,,,,,
1291,1,1291.0,0.0,32.0,32.0,0.18038399098441,0.0,74.0,0.0,0.0,0.0,0.0,0.0,0.0,0.0,0.0,0.0,0.6,0.0021278112754879,1.0,0.685510198732923,0.0,0.0,0.0,,,,,,0.0,,,,,503.0043300939724,4681.9072265625,,,,,,,,,,
1292,1,1292.0,0.0,32.0,32.0,0.1613900989759713,0.0,74.0,0.0,0.0,0.0,0.0,0.0,0.0,0.0,0.0,0.0,0.6,0.0021278112754879,1.0,0.6806846330875223,0.0,0.0,0.0,,,,,,0.0,,,,,426.26489303074777,4678.2197265625,,,,,,,,,,
1293,1,1293.0,0.0,32.0,32.0,0.2723879436089191,0.0,74.0,0.0,0.0,0.0,0.0,0.0,0.0,0.0,0.0,0.0,0.6,0.0021278112754879,1.0,0.6804536934902748,0.0,0.0,0.0,,,,,,0.0,,,,,440.8325549447909,4677.0634765625,,,,,,,,,,
1294,1,1294.0,0.0,32.0,32.0,0.0767288692295551,0.0,74.0,0.0,0.0,0.0,0.0,0.0,0.0,0.0,0.0,0.0,0.6,0.0021278112754879,1.0,0.6838107960098189,0.0,0.0,0.0,,,,,,0.0,,,,,428.61134198028594,4684.4384765625,,,,,,,,,,
1295,1,1295.0,0.0,32.0,32.0,0.1744203632697463,0.0,74.0,0.0,0.0,0.0,0.0,0.0,0.0,0.0,0.0,0.0,0.6,0.0021278112754879,1.0,0.6819089801314124,0.0,0.0,0.0,,,,,,0.0,,,,,437.382800038904,4677.0634765625,,,,,,,,,,
1296,1,1296.0,0.0,32.0,32.0,0.0544856610358692,0.0,74.0,0.0,0.0,0.0,0.0,0.0,0.0,0.0,0.0,0.0,0.6,0.0021278112754879,1.0,0.6820959103125871,0.0,0.0,0.0,,,,,,0.0,,,,,423.8980018999428,4681.9072265625,,,,,,,,,,
1297,1,1297.0,0.0,32.0,32.0,0.2077167668030597,0.0,74.0,0.0,0.0,0.0,0.0,0.0,0.0,0.0,0.0,0.0,0.6,0.0021278112754879,1.0,0.6850971965078178,0.0,0.0,0.0,,,,,,0.0,,,,,436.3105170195922,4681.9072265625,,,,,,,,,,
1298,1,1298.0,0.0,32.0,32.0,0.182303806010168,0.0,74.0,0.0,0.0,0.0,0.0,0.0,0.0,0.0,0.0,0.0,0.6,0.0021278112754879,1.0,0.6701495500258221,0.0,0.0,0.0,,,,,,0.0,,,,,423.81125199608505,4677.6728515625,,,,,,,,,,
1299,1,1299.0,0.0,32.0,32.0,0.0395707762800157,0.0,74.0,0.0,0.0,0.0,0.0,0.0,0.0,0.0,0.0,0.0,0.6,0.0021278112754879,1.0,0.682109377637259,0.0,0.0,0.0,,,,,,0.0,,,,,433.465596055612,4677.0634765625,,,,,,,,,,
1300,1,1300.0,0.0,32.0,32.0,0.2665428353939205,0.0,74.0,0.0,0.0,0.0,0.0,0.0,0.0,0.0,0.0,0.0,0.6,0.0021278112754879,1.0,0.6848868902180109,0.0,0.0,0.0,,,,,,0.0,,,,,422.3610099870712,4679.6416015625,,,,,,,,,,
1301,1,1301.0,0.0,32.0,32.0,0.1020211832365021,0.0,74.0,0.0,0.0,0.0,0.0,0.0,0.0,0.0,0.0,0.0,0.6,0.0021278112754879,1.0,0.6780375765356333,0.0,0.0,0.0,,,,,,0.0,,,,,436.6245439741761,4677.6728515625,,,,,,,,,,
1302,1,1302.0,0.0,32.0,32.0,0.4321942899841815,0.0,74.0,0.0,0.0,0.0,0.0,0.0,0.0,0.0,0.0,0.0,0.6,0.0021278112754879,1.0,0.6814747066735427,0.0,0.0,0.0,,,,,,0.0,,,,,427.1036149002612,4677.6728515625,,,,,,,,,,
1303,1,1303.0,0.0,32.0,32.0,0.3910037109162658,0.0,74.0,0.0,0.0,0.0,0.0,0.0,0.0,0.0,0.0,0.0,0.6,0.0021278112754879,1.0,0.6815766808139186,0.0,0.0,0.0,,,,,,0.0,,,,,436.3364800810814,4688.4384765625,,,,,,,,,,
1304,1,1304.0,0.0,32.0,32.0,0.208573050214909,0.0,74.0,0.0,0.0,0.0,0.0,0.0,0.0,0.0,0.0,0.0,0.6,0.0021278112754879,1.0,0.6846023912310133,0.0,0.0,0.0,,,,,,0.0,,,,,425.1392480218783,4681.8291015625,,,,,,,,,,
1305,1,1305.0,0.0,32.0,32.0,0.1789700217777863,0.0,74.0,0.0,0.0,0.0,0.0,0.0,0.0,0.0,0.0,0.0,0.6,0.0021278112754879,1.0,0.6855438356390233,0.0,0.0,0.0,,,,,,0.0,,,,,433.9941530488432,4679.3603515625,,,,,,,,,,
1306,1,1306.0,0.0,32.0,32.0,0.0964326086686924,0.0,74.0,0.0,0.0,0.0,0.0,0.0,0.0,0.0,0.0,0.0,0.6,0.0021278112754879,1.0,0.6832538448280668,0.0,0.0,0.0,,,,,,0.0,,,,,519.9871689546853,4688.2978515625,,,,,,,,,,
1307,1,1307.0,0.0,32.0,32.0,0.230355322943069,0.0,74.0,0.0,0.0,0.0,0.0,0.0,0.0,0.0,0.0,0.0,0.6,0.0021278112754879,1.0,0.6833269039081064,0.0,0.0,0.0,,,,,,0.0,,,,,553.117356961593,4679.6416015625,,,,,,,,,,
1308,1,1308.0,0.0,32.0,32.0,0.3867307488108054,0.0,74.0,0.0,0.0,0.0,0.0,0.0,0.0,0.0,0.0,0.0,0.6,0.0021278112754879,1.0,0.6838104985502209,0.0,0.0,0.0,,,,,,0.0,,,,,549.6377419913188,4693.5009765625,,,,,,,,,,
1309,1,1309.0,0.0,32.0,32.0,0.2530102101154625,0.0,74.0,0.0,0.0,0.0,0.0,0.0,0.0,0.0,0.0,0.0,0.6,0.0021278112754879,1.0,0.6827842984014195,0.0,0.0,0.0,,,,,,0.0,,,,,557.1581970434636,4686.2197265625,,,,,,,,,,
1310,1,1310.0,0.0,32.0,32.0,0.3904354197438806,0.0,74.0,0.0,0.0,0.0,0.0,0.0,0.0,0.0,0.0,0.0,0.6,0.0021278112754879,1.0,0.67840112921926,0.0,0.0,0.0,,,,,,0.0,,,,,552.3190599633381,4683.5947265625,,,,,,,,,,
1311,1,1311.0,0.0,32.0,32.0,0.2522226711735129,0.0,74.0,0.0,0.0,0.0,0.0,0.0,0.0,0.0,0.0,0.0,0.6,0.0021278112754879,1.0,0.684392058737538,0.0,0.0,0.0,,,,,,0.0,,,,,556.8080050870776,4678.7822265625,,,,,,,,,,
1312,1,1312.0,0.0,32.0,32.0,0.2811316130682826,0.0,74.0,0.0,0.0,0.0,0.0,0.0,0.0,0.0,0.0,0.0,0.6,0.0021278112754879,1.0,0.6807514613236181,0.0,0.0,0.0,,,,,,0.0,,,,,554.4708849629387,4680.7509765625,,,,,,,,,,
1313,1,1313.0,0.0,32.0,32.0,0.0958832303876988,1.0,74.0,0.0135135135135135,1.0,0.0,1.0,0.0,0.1453193713928423,0.1453193713928423,0.0,0.0,0.6,0.0021278112754879,1.0,0.6877546840378692,1.548094741738343e-09,1.0,0.0,1.0,,0.5,-1.4426950249075512e-08,-9.999999889225293e-09,1.0,0.515602095357192,,,,554.8232350265607,4681.8291015625,,,,,,,,,,
1314,1,1314.0,0.0,32.0,32.0,0.2388908227439969,0.0,74.0,0.0,0.0,0.0,0.0,0.0,0.0,0.0,0.0,0.0,0.6,0.0021278112754879,1.0,0.6861985730337087,0.0,0.0,0.0,,,,,,0.0,,,,,553.687694016844,4683.2041015625,,,,,,,,,,
1315,1,1315.0,0.0,32.0,32.0,0.0629005921073257,0.0,74.0,0.0,0.0,0.0,0.0,0.0,0.0,0.0,0.0,0.0,0.6,0.0021278112754879,1.0,0.677795344411374,0.0,0.0,0.0,,,,,,0.0,,,,,552.906118100509,4677.6728515625,,,,,,,,,,
1316,1,1316.0,0.0,32.0,32.0,0.1808406568598002,0.0,74.0,0.0,0.0,0.0,0.0,0.0,0.0,0.0,0.0,0.0,0.6,0.0021278112754879,1.0,0.6866798145294503,0.0,0.0,0.0,,,,,,0.0,,,,,551.6159109538421,4687.4541015625,,,,,,,,,,
1317,1,1317.0,0.0,32.0,32.0,0.0831553831230849,0.0,74.0,0.0,0.0,0.0,0.0,0.0,0.0,0.0,0.0,0.0,0.6,0.0021278112754879,1.0,0.6824626576486249,0.0,0.0,0.0,,,,,,0.0,,,,,549.2998289410025,4681.9228515625,,,,,,,,,,
1318,1,1318.0,0.0,32.0,32.0,0.046690332936123,1.0,74.0,0.0135135135135135,0.0,1.0,0.0,1.0,0.1515465043639038,0.0,0.1515465043639038,0.0,0.6,0.0021278112754879,1.000000000052479,0.6817802076219687,-2.939102445654663e-09,0.0,1.0,1.0,,0.5,-1.4426950249075512e-08,-9.999999889225293e-09,1.0,0.5051550145463461,,,,552.0606819773093,4688.4384765625,,,,,,,,,,
1319,1,1319.0,0.0,32.0,32.0,0.0983186449157074,0.0,74.0,0.0,0.0,0.0,0.0,0.0,0.0,0.0,0.0,0.0,0.6,0.0021278112754879,1.0,0.6816354937007394,0.0,0.0,0.0,,,,,,0.0,,,,,555.4502520244569,4677.6728515625,,,,,,,,,,
1320,1,1320.0,0.0,32.0,32.0,0.1282809653785079,0.0,74.0,0.0,0.0,0.0,0.0,0.0,0.0,0.0,0.0,0.0,0.6,0.0021278112754879,1.0,0.685489418406989,0.0,0.0,0.0,,,,,,0.0,,,,,552.303858101368,4684.4384765625,,,,,,,,,,
1321,1,1321.0,0.0,32.0,32.0,0.3871343871578574,0.0,74.0,0.0,0.0,0.0,0.0,0.0,0.0,0.0,0.0,0.0,0.6,0.0021278112754879,1.0,0.6811376236987001,0.0,0.0,0.0,,,,,,0.0,,,,,551.050782087259,4688.4384765625,,,,,,,,,,
1322,1,1322.0,0.0,32.0,32.0,0.4398361201165244,0.0,74.0,0.0,0.0,0.0,0.0,0.0,0.0,0.0,0.0,0.0,0.6,0.0021278112754879,1.0,0.6816873968651765,0.0,0.0,0.0,,,,,,0.0,,,,,553.648493019864,4677.6728515625,,,,,,,,,,
1323,1,1323.0,0.0,32.0,32.0,0.1187693598913028,0.0,74.0,0.0,0.0,0.0,0.0,0.0,0.0,0.0,0.0,0.0,0.6,0.0021278112754879,1.0,0.6845352995894676,0.0,0.0,0.0,,,,,,0.0,,,,,559.8967969417572,4684.6572265625,,,,,,,,,,
1324,1,1324.0,0.0,32.0,32.0,0.1089202616713009,0.0,74.0,0.0,0.0,0.0,0.0,0.0,0.0,0.0,0.0,0.0,0.6,0.0021278112754879,1.0,0.6730099418663671,0.0,0.0,0.0,,,,,,0.0,,,,,550.9105809032917,4692.1806640625,,,,,,,,,,
1325,1,1325.0,0.0,32.0,32.0,0.1850061079021543,0.0,74.0,0.0,0.0,0.0,0.0,0.0,0.0,0.0,0.0,0.0,0.6,0.0021278112754879,1.0,0.687780635497171,0.0,0.0,0.0,,,,,,0.0,,,,,550.9119130438194,4681.9228515625,,,,,,,,,,
1326,1,1326.0,0.0,32.0,32.0,0.2274591714376583,0.0,74.0,0.0,0.0,0.0,0.0,0.0,0.0,0.0,0.0,0.0,0.6,0.0021278112754879,1.0,0.6751229836564605,0.0,0.0,0.0,,,,,,0.0,,,,,550.5499829305336,4679.6416015625,,,,,,,,,,
1327,1,1327.0,0.0,32.0,32.0,0.0840264547150582,0.0,74.0,0.0,0.0,0.0,0.0,0.0,0.0,0.0,0.0,0.0,0.6,0.0021278112754879,1.0,0.682944770711979,0.0,0.0,0.0,,,,,,0.0,,,,,555.1456280518323,4682.3056640625,,,,,,,,,,
1328,1,1328.0,0.0,32.0,32.0,0.2594226160435937,0.0,74.0,0.0,0.0,0.0,0.0,0.0,0.0,0.0,0.0,0.0,0.6,0.0021278112754879,1.0,0.6834274859485469,0.0,0.0,0.0,,,,,,0.0,,,,,550.2616229932755,4677.6728515625,,,,,,,,,,
1329,1,1329.0,0.0,32.0,32.0,0.4211668099160306,0.0,74.0,0.0,0.0,0.0,0.0,0.0,0.0,0.0,0.0,0.0,0.6,0.0021278112754879,1.0,0.6797141429379584,0.0,0.0,0.0,,,,,,0.0,,,,,550.2504929900169,4681.8291015625,,,,,,,,,,
1330,1,1330.0,0.0,32.0,32.0,0.2581216657417826,0.0,74.0,0.0,0.0,0.0,0.0,0.0,0.0,0.0,0.0,0.0,0.6,0.0021278112754879,1.0,0.6794725413180893,0.0,0.0,0.0,,,,,,0.0,,,,,549.9557870207354,4679.3603515625,,,,,,,,,,
1331,1,1331.0,0.0,32.0,32.0,0.1849419891368597,0.0,74.0,0.0,0.0,0.0,0.0,0.0,0.0,0.0,0.0,0.0,0.6,0.0021278112754879,1.0,0.6860070620314088,0.0,0.0,0.0,,,,,,0.0,,,,,554.7779980115592,4695.5166015625,,,,,,,,,,
1332,1,1332.0,0.0,32.0,32.0,0.1114194351248443,0.0,74.0,0.0,0.0,0.0,0.0,0.0,0.0,0.0,0.0,0.0,0.6,0.0021278112754879,1.0,0.684521395172315,0.0,0.0,0.0,,,,,,0.0,,,,,551.5378609998152,4693.5009765625,,,,,,,,,,
1333,1,1333.0,0.0,32.0,32.0,0.2562425540527329,0.0,74.0,0.0,0.0,0.0,0.0,0.0,0.0,0.0,0.0,0.0,0.6,0.0021278112754879,1.0,0.6812848975077797,0.0,0.0,0.0,,,,,,0.0,,,,,553.4626909065992,4682.3056640625,,,,,,,,,,
1334,1,1334.0,0.0,32.0,32.0,0.3531269407831132,0.0,74.0,0.0,0.0,0.0,0.0,0.0,0.0,0.0,0.0,0.0,0.6,0.0021278112754879,1.0,0.6827082372275036,0.0,0.0,0.0,,,,,,0.0,,,,,553.7697629770264,4682.1728515625,,,,,,,,,,
1335,1,1335.0,0.0,32.0,32.0,0.5336283054202795,0.0,74.0,0.0,0.0,0.0,0.0,0.0,0.0,0.0,0.0,0.0,0.6,0.0021278112754879,1.0,0.6874767559964339,0.0,0.0,0.0,,,,,,0.0,,,,,551.6797699965537,4677.6728515625,,,,,,,,,,
1336,1,1336.0,0.0,32.0,32.0,0.1585648766485974,0.0,74.0,0.0,0.0,0.0,0.0,0.0,0.0,0.0,0.0,0.0,0.6,0.0021278112754879,1.0,0.6803952463210503,0.0,0.0,0.0,,,,,,0.0,,,,,548.3579649589956,4677.0634765625,,,,,,,,,,
1337,1,1337.0,0.0,32.0,32.0,0.1839747679186985,0.0,74.0,0.0,0.0,0.0,0.0,0.0,0.0,0.0,0.0,0.0,0.6,0.0021278112754879,1.0,0.6748277014935418,0.0,0.0,0.0,,,,,,0.0,,,,,555.3919050144032,4681.9072265625,,,,,,,,,,
1338,1,1338.0,0.0,32.0,32.0,0.156411113217473,0.0,74.0,0.0,0.0,0.0,0.0,0.0,0.0,0.0,0.0,0.0,0.6,0.0021278112754879,1.0,0.6828556941148421,0.0,0.0,0.0,,,,,,0.0,,,,,549.8068080050871,4678.2197265625,,,,,,,,,,
1339,1,1339.0,0.0,32.0,32.0,0.1427641350310295,0.0,74.0,0.0,0.0,0.0,0.0,0.0,0.0,0.0,0.0,0.0,0.6,0.0021278112754879,1.0,0.6864638394715087,0.0,0.0,0.0,,,,,,0.0,,,,,556.0769169824198,4681.1572265625,,,,,,,,,,
1340,1,1340.0,0.0,32.0,32.0,0.2343851001933217,0.0,74.0,0.0,0.0,0.0,0.0,0.0,0.0,0.0,0.0,0.0,0.6,0.0021278112754879,1.0,0.6916634236770572,0.0,0.0,0.0,,,,,,0.0,,,,,551.5688800951466,4688.4384765625,,,,,,,,,,
1341,1,1341.0,0.0,32.0,32.0,0.0812446784693747,0.0,74.0,0.0,0.0,0.0,0.0,0.0,0.0,0.0,0.0,0.0,0.6,0.0021278112754879,1.0,0.6750907341765127,0.0,0.0,0.0,,,,,,0.0,,,,,559.7655599704012,4678.7822265625,,,,,,,,,,
1342,1,1342.0,0.0,32.0,32.0,0.336804062128067,0.0,74.0,0.0,0.0,0.0,0.0,0.0,0.0,0.0,0.0,0.0,0.6,0.0021278112754879,1.0,0.681691842069954,0.0,0.0,0.0,,,,,,0.0,,,,,550.2371760085225,4677.0634765625,,,,,,,,,,
1343,1,1343.0,0.0,32.0,32.0,0.3129289296921342,0.0,74.0,0.0,0.0,0.0,0.0,0.0,0.0,0.0,0.0,0.0,0.6,0.0021278112754879,1.0,0.683611761116027,0.0,0.0,0.0,,,,,,0.0,,,,,554.751408053562,4679.9541015625,,,,,,,,,,
1344,1,1344.0,0.0,32.0,32.0,0.1000855031888932,0.0,74.0,0.0,0.0,0.0,0.0,0.0,0.0,0.0,0.0,0.0,0.6,0.0021278112754879,1.0,0.6826449743778924,0.0,0.0,0.0,,,,,,0.0,,,,,556.2033409951255,4681.9072265625,,,,,,,,,,
1345,1,1345.0,0.0,32.0,32.0,0.1763294467236846,0.0,74.0,0.0,0.0,0.0,0.0,0.0,0.0,0.0,0.0,0.0,0.6,0.0021278112754879,1.0,0.6905610134490742,0.0,0.0,0.0,,,,,,0.0,,,,,551.3770680408925,4678.2197265625,,,,,,,,,,
1346,1,1346.0,0.0,32.0,32.0,0.0907499678432941,0.0,74.0,0.0,0.0,0.0,0.0,0.0,0.0,0.0,0.0,0.0,0.6,0.0021278112754879,1.0,0.6821087081355356,0.0,0.0,0.0,,,,,,0.0,,,,,549.9485620530322,4679.9541015625,,,,,,,,,,
1347,1,1347.0,0.0,32.0,32.0,0.0413884025765582,1.0,74.0,0.0135135135135135,1.0,0.0,1.0,0.0,0.1454169516965434,0.1454169516965434,0.0,0.0,0.6,0.0021278112754879,0.9999999999841414,0.6814185247367114,-1.8013129516520536e-09,1.0,0.0,1.0,,0.5,-1.4426950249075512e-08,-9.999999889225293e-09,1.0,0.5152768276781886,,,,548.6676099244505,4681.9228515625,,,,,,,,,,
1348,1,1348.0,0.0,32.0,32.0,0.0690612668404355,0.0,74.0,0.0,0.0,0.0,0.0,0.0,0.0,0.0,0.0,0.0,0.6,0.0021278112754879,1.0,0.6826167886676069,0.0,0.0,0.0,,,,,,0.0,,,,,555.3784649819136,4680.7509765625,,,,,,,,,,
1349,1,1349.0,0.0,32.0,32.0,0.1015206528827548,0.0,74.0,0.0,0.0,0.0,0.0,0.0,0.0,0.0,0.0,0.0,0.6,0.0021278112754879,1.0,0.6869112311672778,0.0,0.0,0.0,,,,,,0.0,,,,,553.4361460013315,4679.9541015625,,,,,,,,,,
1350,1,1350.0,0.0,32.0,32.0,0.3127767269616015,0.0,74.0,0.0,0.0,0.0,0.0,0.0,0.0,0.0,0.0,0.0,0.6,0.0021278112754879,1.0,0.6838334434598488,0.0,0.0,0.0,,,,,,0.0,,,,,551.5703209675848,4679.8603515625,,,,,,,,,,
1351,1,1351.0,0.0,32.0,32.0,0.0601236596121452,0.0,74.0,0.0,0.0,0.0,0.0,0.0,0.0,0.0,0.0,0.0,0.6,0.0021278112754879,1.0,0.6880819453267181,0.0,0.0,0.0,,,,,,0.0,,,,,550.7939020171762,4678.2197265625,,,,,,,,,,
1352,1,1352.0,0.0,32.0,32.0,0.2665384146384895,0.0,74.0,0.0,0.0,0.0,0.0,0.0,0.0,0.0,0.0,0.0,0.6,0.0021278112754879,1.0,0.6829803955897473,0.0,0.0,0.0,,,,,,0.0,,,,,553.4649658948183,4680.6884765625,,,,,,,,,,
1353,1,1353.0,0.0,32.0,32.0,0.1542284312890842,0.0,74.0,0.0,0.0,0.0,0.0,0.0,0.0,0.0,0.0,0.0,0.6,0.0021278112754879,1.0,0.68597889923567,0.0,0.0,0.0,,,,,,0.0,,,,,551.7774419859052,4688.4384765625,,,,,,,,,,
1354,1,1354.0,0.0,32.0,32.0,0.1500166145851835,0.0,74.0,0.0,0.0,0.0,0.0,0.0,0.0,0.0,0.0,0.0,0.6,0.0021278112754879,1.0,0.683385769916432,0.0,0.0,0.0,,,,,,0.0,,,,,550.6991660222411,4679.3603515625,,,,,,,,,,
1355,1,1355.0,0.0,32.0,32.0,0.2870369299780577,0.0,74.0,0.0,0.0,0.0,0.0,0.0,0.0,0.0,0.0,0.0,0.6,0.0021278112754879,1.0,0.6769116913119395,0.0,0.0,0.0,,,,,,0.0,,,,,555.6838710326701,4679.6416015625,,,,,,,,,,
1356,1,1356.0,0.0,32.0,32.0,0.1347428402805235,0.0,74.0,0.0,0.0,0.0,0.0,0.0,0.0,0.0,0.0,0.0,0.6,0.0021278112754879,1.0,0.6880852323380068,0.0,0.0,0.0,,,,,,0.0,,,,,430.3372409194708,4687.4541015625,,,,,,,,,,
1357,1,1357.0,0.0,32.0,32.0,0.3614867245778441,0.0,74.0,0.0,0.0,0.0,0.0,0.0,0.0,0.0,0.0,0.0,0.6,0.0021278112754879,1.0,0.6825513965700232,0.0,0.0,0.0,,,,,,0.0,,,,,442.976902006194,4677.6728515625,,,,,,,,,,
1358,1,1358.0,0.0,32.0,32.0,0.0608514501946046,0.0,74.0,0.0,0.0,0.0,0.0,0.0,0.0,0.0,0.0,0.0,0.6,0.0021278112754879,1.0,0.6855669219731352,0.0,0.0,0.0,,,,,,0.0,,,,,428.79177595023066,4687.4541015625,,,,,,,,,,
1359,1,1359.0,0.0,32.0,32.0,0.0961906660813838,0.0,74.0,0.0,0.0,0.0,0.0,0.0,0.0,0.0,0.0,0.0,0.6,0.0021278112754879,1.0,0.6794829625817341,0.0,0.0,0.0,,,,,,0.0,,,,,434.8723290022463,4684.4384765625,,,,,,,,,,
1360,1,1360.0,0.0,32.0,32.0,0.2335398542636539,0.0,74.0,0.0,0.0,0.0,0.0,0.0,0.0,0.0,0.0,0.0,0.6,0.0021278112754879,1.0,0.6873649139727931,0.0,0.0,0.0,,,,,,0.0,,,,,428.4155910136178,4679.3603515625,,,,,,,,,,
1361,1,1361.0,0.0,32.0,32.0,0.1177647175500169,0.0,74.0,0.0,0.0,0.0,0.0,0.0,0.0,0.0,0.0,0.0,0.6,0.0021278112754879,1.0,0.6785370361120486,0.0,0.0,0.0,,,,,,0.0,,,,,438.6803660308942,4679.3603515625,,,,,,,,,,
1362,1,1362.0,0.0,32.0,32.0,0.2010875604464672,0.0,74.0,0.0,0.0,0.0,0.0,0.0,0.0,0.0,0.0,0.0,0.6,0.0021278112754879,1.0,0.6792211797546914,0.0,0.0,0.0,,,,,,0.0,,,,,431.5938429208472,4681.8291015625,,,,,,,,,,
1363,1,1363.0,0.0,32.0,32.0,0.0602534880163148,0.0,74.0,0.0,0.0,0.0,0.0,0.0,0.0,0.0,0.0,0.0,0.6,0.0021278112754879,1.0,0.6877230856800907,0.0,0.0,0.0,,,,,,0.0,,,,,437.0435310993344,4693.5009765625,,,,,,,,,,
1364,1,1364.0,0.0,32.0,32.0,0.1642023369786329,0.0,74.0,0.0,0.0,0.0,0.0,0.0,0.0,0.0,0.0,0.0,0.6,0.0021278112754879,1.0,0.6812311413876844,0.0,0.0,0.0,,,,,,0.0,,,,,427.88792797364295,4681.9072265625,,,,,,,,,,
1365,1,1365.0,0.0,32.0,32.0,0.1078948103531729,0.0,74.0,0.0,0.0,0.0,0.0,0.0,0.0,0.0,0.0,0.0,0.6,0.0021278112754879,1.0,0.6842190706273162,0.0,0.0,0.0,,,,,,0.0,,,,,440.8034529769793,4695.5166015625,,,,,,,,,,
1366,1,1366.0,0.0,32.0,32.0,0.0829939791001379,0.0,74.0,0.0,0.0,0.0,0.0,0.0,0.0,0.0,0.0,0.0,0.6,0.0021278112754879,1.0,0.6830599785336439,0.0,0.0,0.0,,,,,,0.0,,,,,434.476318070665,4680.7509765625,,,,,,,,,,
1367,1,1367.0,0.0,32.0,32.0,0.1399030507309362,0.0,74.0,0.0,0.0,0.0,0.0,0.0,0.0,0.0,0.0,0.0,0.6,0.0021278112754879,1.0,0.6873675263249961,0.0,0.0,0.0,,,,,,0.0,,,,,439.84917097259313,4688.4384765625,,,,,,,,,,
1368,1,1368.0,0.0,32.0,32.0,0.2878783357446082,0.0,74.0,0.0,0.0,0.0,0.0,0.0,0.0,0.0,0.0,0.0,0.6,0.0021278112754879,1.0,0.6808203010449381,0.0,0.0,0.0,,,,,,0.0,,,,,428.957297001034,4680.7509765625,,,,,,,,,,
1369,1,1369.0,0.0,32.0,32.0,0.0562251162482425,0.0,74.0,0.0,0.0,0.0,0.0,0.0,0.0,0.0,0.0,0.0,0.6,0.0021278112754879,1.0,0.6795811817338433,0.0,0.0,0.0,,,,,,0.0,,,,,434.3560510315001,4681.9228515625,,,,,,,,,,
1370,1,1370.0,0.0,32.0,32.0,0.1682530929101631,0.0,74.0,0.0,0.0,0.0,0.0,0.0,0.0,0.0,0.0,0.0,0.6,0.0021278112754879,1.0,0.6873295997132095,0.0,0.0,0.0,,,,,,0.0,,,,,430.07027509156615,4677.0634765625,,,,,,,,,,
1371,1,1371.0,0.0,32.0,32.0,0.2020948666613549,0.0,74.0,0.0,0.0,0.0,0.0,0.0,0.0,0.0,0.0,0.0,0.6,0.0021278112754879,1.0,0.6894885259583302,0.0,0.0,0.0,,,,,,0.0,,,,,443.4944579843432,4678.7822265625,,,,,,,,,,
1372,1,1372.0,0.0,32.0,32.0,0.0712406324455514,1.0,74.0,0.0135135135135135,1.0,0.0,1.0,0.0,0.145286824714193,0.145286824714193,0.0,0.0,0.6,0.0021278112754879,1.0,0.6864451426495022,7.91667569337633e-10,1.0,0.0,1.0,,0.5,-1.4426950249075512e-08,-9.999999889225293e-09,1.0,0.5157105842860232,,,,430.0151809584349,4680.6884765625,,,,,,,,,,
1373,1,1373.0,0.0,32.0,32.0,0.1616641152650118,0.0,74.0,0.0,0.0,0.0,0.0,0.0,0.0,0.0,0.0,0.0,0.6,0.0021278112754879,1.0,0.6884248678312175,0.0,0.0,0.0,,,,,,0.0,,,,,437.7919719554484,4680.6884765625,,,,,,,,,,
1374,1,1374.0,0.0,32.0,32.0,0.066819079889683,0.0,74.0,0.0,0.0,0.0,0.0,0.0,0.0,0.0,0.0,0.0,0.6,0.0021278112754879,1.0,0.6869709472267977,0.0,0.0,0.0,,,,,,0.0,,,,,428.4219819819554,4681.9072265625,,,,,,,,,,
1375,1,1375.0,0.0,32.0,32.0,0.2107280999771319,0.0,74.0,0.0,0.0,0.0,0.0,0.0,0.0,0.0,0.0,0.0,0.6,0.0021278112754879,1.0,0.6888933900688202,0.0,0.0,0.0,,,,,,0.0,,,,,438.0003600381315,4680.0166015625,,,,,,,,,,
1376,1,1376.0,0.0,32.0,32.0,0.3488831898430362,0.0,74.0,0.0,0.0,0.0,0.0,0.0,0.0,0.0,0.0,0.0,0.6,0.0021278112754879,1.0,0.6947488305333511,0.0,0.0,0.0,,,,,,0.0,,,,,428.52002603467554,4680.0166015625,,,,,,,,,,
1377,1,1377.0,0.0,32.0,32.0,0.0638500704080797,0.0,74.0,0.0,0.0,0.0,0.0,0.0,0.0,0.0,0.0,0.0,0.6,0.0021278112754879,1.0,0.6904642117717796,0.0,0.0,0.0,,,,,,0.0,,,,,434.31595200672746,4688.2978515625,,,,,,,,,,
1378,1,1378.0,0.0,32.0,32.0,0.206727456243243,0.0,74.0,0.0,0.0,0.0,0.0,0.0,0.0,0.0,0.0,0.0,0.6,0.0021278112754879,1.0,0.6788752964437903,0.0,0.0,0.0,,,,,,0.0,,,,,429.0253500221297,4679.8603515625,,,,,,,,,,
1379,1,1379.0,0.0,32.0,32.0,0.3797725047916174,0.0,74.0,0.0,0.0,0.0,0.0,0.0,0.0,0.0,0.0,0.0,0.6,0.0021278112754879,1.0,0.6873430610161809,0.0,0.0,0.0,,,,,,0.0,,,,,440.8848020248115,4693.5009765625,,,,,,,,,,
1380,1,1380.0,0.0,32.0,32.0,0.1787250636843964,0.0,74.0,0.0,0.0,0.0,0.0,0.0,0.0,0.0,0.0,0.0,0.6,0.0021278112754879,1.0,0.6856509227220791,0.0,0.0,0.0,,,,,,0.0,,,,,429.2993280105293,4681.9072265625,,,,,,,,,,
1381,1,1381.0,0.0,32.0,32.0,0.2653936113929376,0.0,74.0,0.0,0.0,0.0,0.0,0.0,0.0,0.0,0.0,0.0,0.6,0.0021278112754879,1.0,0.6849263572562209,0.0,0.0,0.0,,,,,,0.0,,,,,436.4049609284848,4679.3603515625,,,,,,,,,,
1382,1,1382.0,0.0,32.0,32.0,0.1383287966018542,0.0,74.0,0.0,0.0,0.0,0.0,0.0,0.0,0.0,0.0,0.0,0.6,0.0021278112754879,1.0,0.6883012179426117,0.0,0.0,0.0,,,,,,0.0,,,,,425.5564059130848,4680.0166015625,,,,,,,,,,
1383,1,1383.0,0.0,32.0,32.0,0.4188894549151882,0.0,74.0,0.0,0.0,0.0,0.0,0.0,0.0,0.0,0.0,0.0,0.6,0.0021278112754879,1.0,0.6846780786316664,0.0,0.0,0.0,,,,,,0.0,,,,,441.87796395272017,4678.7509765625,,,,,,,,,,
1384,1,1384.0,0.0,32.0,32.0,0.1589775616303086,0.0,74.0,0.0,0.0,0.0,0.0,0.0,0.0,0.0,0.0,0.0,0.6,0.0021278112754879,1.0,0.6860804773492818,0.0,0.0,0.0,,,,,,0.0,,,,,428.4591660834849,4681.8291015625,,,,,,,,,,
1385,1,1385.0,0.0,32.0,32.0,0.0603117169812321,0.0,74.0,0.0,0.0,0.0,0.0,0.0,0.0,0.0,0.0,0.0,0.6,0.0021278112754879,1.0,0.6760161590159925,0.0,0.0,0.0,,,,,,0.0,,,,,433.3677650429309,4681.8291015625,,,,,,,,,,
1386,1,1386.0,0.0,32.0,32.0,0.2906949433963746,0.0,74.0,0.0,0.0,0.0,0.0,0.0,0.0,0.0,0.0,0.0,0.6,0.0021278112754879,1.0,0.6811147979481708,0.0,0.0,0.0,,,,,,0.0,,,,,426.2598459608853,4681.4853515625,,,,,,,,,,
1387,1,1387.0,0.0,32.0,32.0,0.2436760850250721,0.0,74.0,0.0,0.0,0.0,0.0,0.0,0.0,0.0,0.0,0.0,0.6,0.0021278112754879,1.0,0.6789813775699269,0.0,0.0,0.0,,,,,,0.0,,,,,439.5275510614738,4688.2978515625,,,,,,,,,,
1388,1,1388.0,0.0,32.0,32.0,0.0983749091392383,0.0,74.0,0.0,0.0,0.0,0.0,0.0,0.0,0.0,0.0,0.0,0.6,0.0021278112754879,1.0,0.683131039074661,0.0,0.0,0.0,,,,,,0.0,,,,,429.8549779923633,4680.7509765625,,,,,,,,,,
1389,1,1389.0,0.0,32.0,32.0,0.159094363451004,0.0,74.0,0.0,0.0,0.0,0.0,0.0,0.0,0.0,0.0,0.0,0.6,0.0021278112754879,1.0,0.6819583711697991,0.0,0.0,0.0,,,,,,0.0,,,,,435.5563250137493,4679.3603515625,,,,,,,,,,
1390,1,1390.0,0.0,32.0,32.0,0.1829924876801669,0.0,74.0,0.0,0.0,0.0,0.0,0.0,0.0,0.0,0.0,0.0,0.6,0.0021278112754879,1.0,0.6828930083564384,0.0,0.0,0.0,,,,,,0.0,,,,,419.2528660641983,4677.0634765625,,,,,,,,,,
1391,1,1391.0,0.0,32.0,32.0,0.0435959835303947,4.0,74.0,0.054054054054054,1.0,3.0,0.25,0.75,0.1499888516633292,0.1481241696211916,0.1506104123440418,0.0,0.6,0.0021278112754879,1.0000000001327174,0.6748335275939932,-5.155795801553714e-10,1.0,3.0,0.5,3.0,1.0,0.8112780956052325,0.5623351246188086,2.0,0.5030892228424448,-7.0211521233432e-05,0.5000351057606167,-0.0061106186501604,441.5179210482165,4695.5166015625,,,,,,,,,,
1392,1,1392.0,0.0,32.0,32.0,0.0798701150342822,1.0,74.0,0.0135135135135135,0.0,1.0,0.0,1.0,0.1543747761833283,0.0,0.1543747761833283,0.0,0.6,0.0021278112754879,1.0,0.6793376826764934,0.0,0.0,1.0,1.0,,0.5,-1.4426950249075512e-08,-9.999999889225293e-09,1.0,0.514582587277761,,,,427.3055180674419,4686.2509765625,,,,,,,,,,
1393,1,1393.0,0.0,32.0,32.0,0.170386217534542,0.0,74.0,0.0,0.0,0.0,0.0,0.0,0.0,0.0,0.0,0.0,0.6,0.0021278112754879,1.0,0.6934391594705485,0.0,0.0,0.0,,,,,,0.0,,,,,438.4667979320511,4681.1572265625,,,,,,,,,,
1394,1,1394.0,0.0,32.0,32.0,0.3218230376951396,0.0,74.0,0.0,0.0,0.0,0.0,0.0,0.0,0.0,0.0,0.0,0.6,0.0021278112754879,1.0,0.6839463172259933,0.0,0.0,0.0,,,,,,0.0,,,,,421.8911979114637,4679.3603515625,,,,,,,,,,
1395,1,1395.0,0.0,32.0,32.0,0.1327561819925904,0.0,74.0,0.0,0.0,0.0,0.0,0.0,0.0,0.0,0.0,0.0,0.6,0.0021278112754879,1.0,0.6759339665481311,0.0,0.0,0.0,,,,,,0.0,,,,,430.142691009678,4677.0634765625,,,,,,,,,,
1396,1,1396.0,0.0,32.0,32.0,0.0537145570851862,0.0,74.0,0.0,0.0,0.0,0.0,0.0,0.0,0.0,0.0,0.0,0.6,0.0021278112754879,1.0,0.6789230844430533,0.0,0.0,0.0,,,,,,0.0,,,,,428.7693700753152,4677.6728515625,,,,,,,,,,
1397,1,1397.0,0.0,32.0,32.0,0.1022159370768349,0.0,74.0,0.0,0.0,0.0,0.0,0.0,0.0,0.0,0.0,0.0,0.6,0.0021278112754879,1.0,0.6835734476748011,0.0,0.0,0.0,,,,,,0.0,,,,,436.3420919980854,4681.1572265625,,,,,,,,,,
1398,1,1398.0,0.0,32.0,32.0,0.1600428964011371,0.0,74.0,0.0,0.0,0.0,0.0,0.0,0.0,0.0,0.0,0.0,0.6,0.0021278112754879,1.0,0.6814118043624982,0.0,0.0,0.0,,,,,,0.0,,,,,421.9165870454162,4679.9541015625,,,,,,,,,,
1399,1,1399.0,0.0,32.0,32.0,0.1895058357622474,1.0,74.0,0.0135135135135135,0.0,1.0,0.0,1.0,0.1506751131980411,0.0,0.1506751131980411,0.0,0.6,0.0021278112754879,1.0,0.6831041300890518,-7.876176587805694e-11,0.0,1.0,1.0,,0.5,-1.4426950249075512e-08,-9.999999889225293e-09,1.0,0.5022503773268039,,,,429.8990599345416,4678.2197265625,,,,,,,,,,
1400,1,1400.0,0.0,32.0,32.0,0.2094759851461276,0.0,74.0,0.0,0.0,0.0,0.0,0.0,0.0,0.0,0.0,0.0,0.6,0.0021278112754879,1.0,0.6852091690565109,0.0,0.0,0.0,,,,,,0.0,,,,,426.2041839538142,4679.9541015625,,,,,,,,,,
1401,1,1401.0,0.0,32.0,32.0,0.0948774405405856,0.0,74.0,0.0,0.0,0.0,0.0,0.0,0.0,0.0,0.0,0.0,0.6,0.0021278112754879,1.0,0.6796741517882405,0.0,0.0,0.0,,,,,,0.0,,,,,443.2439140509814,4693.5009765625,,,,,,,,,,
1402,1,1402.0,0.0,32.0,32.0,0.2422122529242187,0.0,74.0,0.0,0.0,0.0,0.0,0.0,0.0,0.0,0.0,0.0,0.6,0.0021278112754879,1.0,0.6833456510742698,0.0,0.0,0.0,,,,,,0.0,,,,,423.13402506988496,4681.9228515625,,,,,,,,,,
1403,1,1403.0,0.0,32.0,32.0,0.0144599192135501,19.0,74.0,0.2567567567567567,6.0,13.0,0.3157894736842105,0.6842105263157895,0.1509994814858737,0.1460468187970131,0.1532853258038094,0.0,0.6,0.0021278112754879,0.9999999997015468,0.6795013693246866,-9.63169363991521e-10,6.0,13.0,0.3684210526315789,2.1666666666666665,1.0,0.8997437298443619,0.6236548295681086,2.0,0.5122411859576776,-0.0001191700430354,0.5000595850215177,5.952935013962682e-05,440.4101490508765,4687.6376953125,,,,,,,,,,
1404,1,1404.0,0.0,32.0,32.0,0.0974040929868351,0.0,74.0,0.0,0.0,0.0,0.0,0.0,0.0,0.0,0.0,0.0,0.6,0.0021278112754879,1.0,0.6862577976483926,0.0,0.0,0.0,,,,,,0.0,,,,,429.3093900196254,4679.9541015625,,,,,,,,,,
1405,1,1405.0,0.0,32.0,32.0,0.024848623375874,2.0,74.0,0.027027027027027,0.0,2.0,0.0,1.0,0.1569832299785528,0.0,0.1569832299785528,0.0,0.6,0.0021278112754879,0.9999999999896864,0.6818944795488312,-8.8438076119114e-11,0.0,2.0,1.0,,0.5,-1.4426950249075512e-08,-9.999999889225293e-09,1.0,0.5232774332618426,0.0051695187576115,0.4974152406211942,,444.10884799435735,4678.7822265625,,,,,,,,,,
1406,1,1406.0,0.0,32.0,32.0,0.1223145474796183,0.0,74.0,0.0,0.0,0.0,0.0,0.0,0.0,0.0,0.0,0.0,0.6,0.0021278112754879,1.0,0.6811348376346583,0.0,0.0,0.0,,,,,,0.0,,,,,428.2592729432508,4679.8603515625,,,,,,,,,,
1407,1,1407.0,0.0,32.0,32.0,0.3219721269560978,0.0,74.0,0.0,0.0,0.0,0.0,0.0,0.0,0.0,0.0,0.0,0.6,0.0021278112754879,1.0,0.6941925559171247,0.0,0.0,0.0,,,,,,0.0,,,,,435.1918800966814,4679.9541015625,,,,,,,,,,
1408,1,1408.0,0.0,32.0,32.0,0.1482177392463199,0.0,74.0,0.0,0.0,0.0,0.0,0.0,0.0,0.0,0.0,0.0,0.6,0.0021278112754879,1.0,0.6833009815746675,0.0,0.0,0.0,,,,,,0.0,,,,,424.24095200840384,4688.4384765625,,,,,,,,,,
1409,1,1409.0,0.0,32.0,32.0,0.4125018583727069,0.0,74.0,0.0,0.0,0.0,0.0,0.0,0.0,0.0,0.0,0.0,0.6,0.0021278112754879,1.0,0.6786083318567298,0.0,0.0,0.0,,,,,,0.0,,,,,441.3684400497005,4683.2041015625,,,,,,,,,,
1410,1,1410.0,0.0,32.0,32.0,0.1643672077916562,0.0,74.0,0.0,0.0,0.0,0.0,0.0,0.0,0.0,0.0,0.0,0.6,0.0021278112754879,1.0,0.6857178784235587,0.0,0.0,0.0,,,,,,0.0,,,,,427.6394860353321,4688.4384765625,,,,,,,,,,
1411,1,1411.0,0.0,32.0,32.0,0.1354281983221881,0.0,74.0,0.0,0.0,0.0,0.0,0.0,0.0,0.0,0.0,0.0,0.6,0.0021278112754879,1.0,0.6823278312209259,0.0,0.0,0.0,,,,,,0.0,,,,,435.9372010221705,4679.3603515625,,,,,,,,,,
1412,1,1412.0,0.0,32.0,32.0,0.1470968308858573,0.0,74.0,0.0,0.0,0.0,0.0,0.0,0.0,0.0,0.0,0.0,0.6,0.0021278112754879,1.0,0.6875744008222889,0.0,0.0,0.0,,,,,,0.0,,,,,423.609402962029,4679.3603515625,,,,,,,,,,
1413,1,1413.0,0.0,32.0,32.0,0.126849539228715,0.0,74.0,0.0,0.0,0.0,0.0,0.0,0.0,0.0,0.0,0.0,0.6,0.0021278112754879,1.0,0.6823964800105166,0.0,0.0,0.0,,,,,,0.0,,,,,442.5492649897933,4680.7509765625,,,,,,,,,,
1414,1,1414.0,0.0,32.0,32.0,0.2024946855963207,0.0,74.0,0.0,0.0,0.0,0.0,0.0,0.0,0.0,0.0,0.0,0.6,0.0021278112754879,1.0,0.6878514896574531,0.0,0.0,0.0,,,,,,0.0,,,,,430.1357420627028,4683.2822265625,,,,,,,,,,
1415,1,1415.0,0.0,32.0,32.0,0.0382283407379873,1.0,74.0,0.0135135135135135,0.0,1.0,0.0,1.0,0.1525286594018544,0.0,0.1525286594018544,0.0,0.6,0.0021278112754879,1.0,0.685179981445654,-5.75542661577492e-11,0.0,1.0,1.0,,0.5,-1.4426950249075512e-08,-9.999999889225293e-09,1.0,0.5084288646728483,,,,441.3924970431253,4683.2822265625,,,,,,,,,,
1416,1,1416.0,0.0,32.0,32.0,0.2923732758499682,0.0,74.0,0.0,0.0,0.0,0.0,0.0,0.0,0.0,0.0,0.0,0.6,0.0021278112754879,1.0,0.6849778507623859,0.0,0.0,0.0,,,,,,0.0,,,,,422.5110840052366,4681.9072265625,,,,,,,,,,
1417,1,1417.0,0.0,32.0,32.0,0.3436845160322264,0.0,74.0,0.0,0.0,0.0,0.0,0.0,0.0,0.0,0.0,0.0,0.6,0.0021278112754879,1.0,0.6819905100606073,0.0,0.0,0.0,,,,,,0.0,,,,,437.2324829455465,4679.6416015625,,,,,,,,,,
1418,1,1418.0,0.0,32.0,32.0,0.0209742222214117,5.0,74.0,0.0675675675675675,1.0,4.0,0.2,0.8,0.1526725517441453,0.1469595003688571,0.1541008145879673,0.0,0.6,0.0021278112754879,0.9999999999882168,0.6819751365069435,1.8275200285604198e-09,1.0,4.0,0.6,4.0,1.0,0.721928066033462,0.5004024035381882,2.0,0.5129887875642232,0.0100670177489519,0.494966491125524,-0.0063327603488903,432.1749299997464,4678.7822265625,,,,,,,,,,
1419,1,1419.0,0.0,32.0,32.0,0.1326896718819625,0.0,74.0,0.0,0.0,0.0,0.0,0.0,0.0,0.0,0.0,0.0,0.6,0.0021278112754879,1.0,0.6845557168239956,0.0,0.0,0.0,,,,,,0.0,,,,,442.9469939786941,4680.6884765625,,,,,,,,,,
1420,1,1420.0,0.0,32.0,32.0,0.1777717288350686,0.0,74.0,0.0,0.0,0.0,0.0,0.0,0.0,0.0,0.0,0.0,0.6,0.0021278112754879,1.0,0.6797540715442439,0.0,0.0,0.0,,,,,,0.0,,,,,429.1781400097534,4679.9541015625,,,,,,,,,,
1421,1,1421.0,0.0,32.0,32.0,0.050958702340722,0.0,74.0,0.0,0.0,0.0,0.0,0.0,0.0,0.0,0.0,0.0,0.6,0.0021278112754879,1.0,0.6864532786351228,0.0,0.0,0.0,,,,,,0.0,,,,,433.75800806097686,4681.9072265625,,,,,,,,,,
1422,1,1422.0,0.0,32.0,32.0,0.2826474383473396,0.0,74.0,0.0,0.0,0.0,0.0,0.0,0.0,0.0,0.0,0.0,0.6,0.0021278112754879,1.0,0.6845315698523594,0.0,0.0,0.0,,,,,,0.0,,,,,428.2076070085168,4681.0087890625,,,,,,,,,,
1423,1,1423.0,0.0,32.0,32.0,0.0768743556691333,0.0,74.0,0.0,0.0,0.0,0.0,0.0,0.0,0.0,0.0,0.0,0.6,0.0021278112754879,1.0,0.6902208956644292,0.0,0.0,0.0,,,,,,0.0,,,,,516.815148992464,4688.2978515625,,,,,,,,,,
1424,1,1424.0,0.0,32.0,32.0,0.1725956489099189,0.0,74.0,0.0,0.0,0.0,0.0,0.0,0.0,0.0,0.0,0.0,0.6,0.0021278112754879,1.0,0.6885771777149501,0.0,0.0,0.0,,,,,,0.0,,,,,429.1014519985765,4679.3603515625,,,,,,,,,,
1425,1,1425.0,0.0,32.0,32.0,0.2305485932156443,0.0,74.0,0.0,0.0,0.0,0.0,0.0,0.0,0.0,0.0,0.0,0.6,0.0021278112754879,1.0,0.68401898136298,0.0,0.0,0.0,,,,,,0.0,,,,,437.0807079831138,4695.5166015625,,,,,,,,,,
1426,1,1426.0,0.0,32.0,32.0,0.1069033389212563,0.0,74.0,0.0,0.0,0.0,0.0,0.0,0.0,0.0,0.0,0.0,0.6,0.0021278112754879,1.0,0.6869382019562482,0.0,0.0,0.0,,,,,,0.0,,,,,423.9175090333447,4679.9541015625,,,,,,,,,,
1427,1,1427.0,0.0,32.0,32.0,0.0432576624443754,0.0,74.0,0.0,0.0,0.0,0.0,0.0,0.0,0.0,0.0,0.0,0.6,0.0021278112754879,1.0,0.6846915624708831,0.0,0.0,0.0,,,,,,0.0,,,,,440.877816057764,4679.9541015625,,,,,,,,,,
1428,1,1428.0,0.0,32.0,32.0,0.1541315093054436,0.0,74.0,0.0,0.0,0.0,0.0,0.0,0.0,0.0,0.0,0.0,0.6,0.0021278112754879,1.0,0.6873625945879653,0.0,0.0,0.0,,,,,,0.0,,,,,431.0652239946649,4681.0087890625,,,,,,,,,,
1429,1,1429.0,0.0,32.0,32.0,0.0600572448456659,0.0,74.0,0.0,0.0,0.0,0.0,0.0,0.0,0.0,0.0,0.0,0.6,0.0021278112754879,1.0,0.6876159700780757,0.0,0.0,0.0,,,,,,0.0,,,,,437.05620791297406,4679.6416015625,,,,,,,,,,
1430,1,1430.0,0.0,32.0,32.0,0.1785428298753686,0.0,74.0,0.0,0.0,0.0,0.0,0.0,0.0,0.0,0.0,0.0,0.6,0.0021278112754879,1.0,0.6905677139510866,0.0,0.0,0.0,,,,,,0.0,,,,,423.3378079952672,4677.0634765625,,,,,,,,,,
1431,1,1431.0,0.0,32.0,32.0,0.1716836793348193,0.0,74.0,0.0,0.0,0.0,0.0,0.0,0.0,0.0,0.0,0.0,0.6,0.0021278112754879,1.0,0.6843324868569801,0.0,0.0,0.0,,,,,,0.0,,,,,435.8025179244578,4687.4541015625,,,,,,,,,,
1432,1,1432.0,0.0,32.0,32.0,0.3235463930759579,0.0,74.0,0.0,0.0,0.0,0.0,0.0,0.0,0.0,0.0,0.0,0.6,0.0021278112754879,1.0,0.6833327063796432,0.0,0.0,0.0,,,,,,0.0,,,,,429.0641809348017,4693.5009765625,,,,,,,,,,
1433,1,1433.0,0.0,32.0,32.0,0.1115691340528428,0.0,74.0,0.0,0.0,0.0,0.0,0.0,0.0,0.0,0.0,0.0,0.6,0.0021278112754879,1.0,0.6907169601585404,0.0,0.0,0.0,,,,,,0.0,,,,,438.3169040083885,4682.3056640625,,,,,,,,,,
1434,1,1434.0,0.0,32.0,32.0,0.1751352546270936,0.0,74.0,0.0,0.0,0.0,0.0,0.0,0.0,0.0,0.0,0.0,0.6,0.0021278112754879,1.0,0.6839424382922703,0.0,0.0,0.0,,,,,,0.0,,,,,423.1234879698604,4688.2978515625,,,,,,,,,,
1435,1,1435.0,0.0,32.0,32.0,0.0853012365987524,0.0,74.0,0.0,0.0,0.0,0.0,0.0,0.0,0.0,0.0,0.0,0.6,0.0021278112754879,1.0,0.6848571503138028,0.0,0.0,0.0,,,,,,0.0,,,,,436.7703729076311,4681.9072265625,,,,,,,,,,
1436,1,1436.0,0.0,32.0,32.0,0.1892217206768691,0.0,74.0,0.0,0.0,0.0,0.0,0.0,0.0,0.0,0.0,0.0,0.6,0.0021278112754879,1.0,0.6872740620698099,0.0,0.0,0.0,,,,,,0.0,,,,,428.410992026329,4679.9541015625,,,,,,,,,,
1437,1,1437.0,0.0,32.0,32.0,0.0834557239431887,0.0,74.0,0.0,0.0,0.0,0.0,0.0,0.0,0.0,0.0,0.0,0.6,0.0021278112754879,1.0,0.6885447517130727,0.0,0.0,0.0,,,,,,0.0,,,,,442.0230940449983,4679.3603515625,,,,,,,,,,
1438,1,1438.0,0.0,32.0,32.0,0.0417975597083568,2.0,74.0,0.027027027027027,1.0,1.0,0.5,0.5,0.1489697088436002,0.145552581505928,0.1523868361812723,0.0,0.6,0.0021278112754879,0.9999999999532384,0.6805900236842244,-9.300715258013851e-10,1.0,1.0,0.0,1.0,1.0,0.9999999711460994,0.6931471605599454,2.0,0.5113904244589074,,,-0.0002974253325814,426.8900109454989,4677.0634765625,,,,,,,,,,
1439,1,1439.0,0.0,32.0,32.0,0.1877747274702415,0.0,74.0,0.0,0.0,0.0,0.0,0.0,0.0,0.0,0.0,0.0,0.6,0.0021278112754879,1.0,0.684555234699555,0.0,0.0,0.0,,,,,,0.0,,,,,431.3356659840792,4693.5009765625,,,,,,,,,,
1440,1,1440.0,0.0,32.0,32.0,0.1935531082563102,0.0,74.0,0.0,0.0,0.0,0.0,0.0,0.0,0.0,0.0,0.0,0.6,0.0021278112754879,1.0,0.6821691365580982,0.0,0.0,0.0,,,,,,0.0,,,,,429.7599110286683,4679.9541015625,,,,,,,,,,
1441,1,1441.0,0.0,32.0,32.0,0.2812130955280736,0.0,74.0,0.0,0.0,0.0,0.0,0.0,0.0,0.0,0.0,0.0,0.6,0.0021278112754879,1.0,0.6859778260485081,0.0,0.0,0.0,,,,,,0.0,,,,,442.1202460071072,4680.7509765625,,,,,,,,,,
1442,1,1442.0,0.0,32.0,32.0,0.1926137258997187,0.0,74.0,0.0,0.0,0.0,0.0,0.0,0.0,0.0,0.0,0.0,0.6,0.0021278112754879,1.0,0.6833029289465539,0.0,0.0,0.0,,,,,,0.0,,,,,426.2955570593476,4688.4384765625,,,,,,,,,,
1443,1,1443.0,0.0,32.0,32.0,0.116387220332399,0.0,74.0,0.0,0.0,0.0,0.0,0.0,0.0,0.0,0.0,0.0,0.6,0.0021278112754879,1.0,0.6830181050560693,0.0,0.0,0.0,,,,,,0.0,,,,,434.5004360657185,4680.6884765625,,,,,,,,,,
1444,1,1444.0,0.0,32.0,32.0,0.080333870369941,0.0,74.0,0.0,0.0,0.0,0.0,0.0,0.0,0.0,0.0,0.0,0.6,0.0021278112754879,1.0,0.684315086535786,0.0,0.0,0.0,,,,,,0.0,,,,,422.6337129948661,4679.5009765625,,,,,,,,,,
1445,1,1445.0,0.0,32.0,32.0,0.2054788107052445,0.0,74.0,0.0,0.0,0.0,0.0,0.0,0.0,0.0,0.0,0.0,0.6,0.0021278112754879,1.0,0.681338588240407,0.0,0.0,0.0,,,,,,0.0,,,,,438.062550034374,4679.3603515625,,,,,,,,,,
1446,1,1446.0,0.0,32.0,32.0,0.2093745729362126,0.0,74.0,0.0,0.0,0.0,0.0,0.0,0.0,0.0,0.0,0.0,0.6,0.0021278112754879,1.0,0.6879113739122279,0.0,0.0,0.0,,,,,,0.0,,,,,428.5690949764103,4679.9541015625,,,,,,,,,,
1447,1,1447.0,0.0,32.0,32.0,0.0765356293995864,0.0,74.0,0.0,0.0,0.0,0.0,0.0,0.0,0.0,0.0,0.0,0.6,0.0021278112754879,1.0,0.6858606656238189,0.0,0.0,0.0,,,,,,0.0,,,,,436.637110891752,4678.7822265625,,,,,,,,,,
1448,1,1448.0,0.0,32.0,32.0,0.3509942919481545,0.0,74.0,0.0,0.0,0.0,0.0,0.0,0.0,0.0,0.0,0.0,0.6,0.0021278112754879,1.0,0.687499119862399,0.0,0.0,0.0,,,,,,0.0,,,,,424.3532969849184,4681.9072265625,,,,,,,,,,
1449,1,1449.0,0.0,32.0,32.0,0.0541675506392493,1.0,74.0,0.0135135135135135,0.0,1.0,0.0,1.0,0.149123897680253,0.0,0.149123897680253,0.0,0.6,0.0021278112754879,0.999999999973732,0.680471688758579,4.4938911976040093e-10,0.0,1.0,1.0,,0.5,-1.4426950249075512e-08,-9.999999889225293e-09,1.0,0.5029203410658232,,,,439.4659700337797,4672.6572265625,,,,,,,,,,
1450,1,1450.0,0.0,32.0,32.0,0.4251105506846215,0.0,74.0,0.0,0.0,0.0,0.0,0.0,0.0,0.0,0.0,0.0,0.6,0.0021278112754879,1.0,0.6866641196595594,0.0,0.0,0.0,,,,,,0.0,,,,,429.7053519403562,4695.5166015625,,,,,,,,,,
1451,1,1451.0,0.0,32.0,32.0,0.167151692439802,0.0,74.0,0.0,0.0,0.0,0.0,0.0,0.0,0.0,0.0,0.0,0.6,0.0021278112754879,1.0,0.6844277991719758,0.0,0.0,0.0,,,,,,0.0,,,,,438.23299498762935,4686.2509765625,,,,,,,,,,
1452,1,1452.0,0.0,32.0,32.0,0.1580791757442057,0.0,74.0,0.0,0.0,0.0,0.0,0.0,0.0,0.0,0.0,0.0,0.6,0.0021278112754879,1.0,0.6887002522230535,0.0,0.0,0.0,,,,,,0.0,,,,,422.57443198468536,4693.5009765625,,,,,,,,,,
1453,1,1453.0,0.0,32.0,32.0,0.0875218899454921,0.0,74.0,0.0,0.0,0.0,0.0,0.0,0.0,0.0,0.0,0.0,0.6,0.0021278112754879,1.0,0.6855529611266054,0.0,0.0,0.0,,,,,,0.0,,,,,439.9679589550942,4681.4853515625,,,,,,,,,,
1454,1,1454.0,0.0,32.0,32.0,0.2534323015715927,0.0,74.0,0.0,0.0,0.0,0.0,0.0,0.0,0.0,0.0,0.0,0.6,0.0021278112754879,1.0,0.690836205719456,0.0,0.0,0.0,,,,,,0.0,,,,,428.3889159560204,4679.3603515625,,,,,,,,,,
1455,1,1455.0,0.0,32.0,32.0,0.2849057537969202,0.0,74.0,0.0,0.0,0.0,0.0,0.0,0.0,0.0,0.0,0.0,0.6,0.0021278112754879,1.0,0.6793542592708997,0.0,0.0,0.0,,,,,,0.0,,,,,441.7134040268138,4679.3603515625,,,,,,,,,,
1456,1,1456.0,0.0,32.0,32.0,0.2078788131475448,0.0,74.0,0.0,0.0,0.0,0.0,0.0,0.0,0.0,0.0,0.0,0.6,0.0021278112754879,1.0,0.6799224347743175,0.0,0.0,0.0,,,,,,0.0,,,,,426.1750159785152,4684.4384765625,,,,,,,,,,
1457,1,1457.0,0.0,32.0,32.0,0.3451728699728846,0.0,74.0,0.0,0.0,0.0,0.0,0.0,0.0,0.0,0.0,0.0,0.6,0.0021278112754879,1.0,0.6836428129312435,0.0,0.0,0.0,,,,,,0.0,,,,,430.6988749885932,4677.0634765625,,,,,,,,,,
1458,1,1458.0,0.0,32.0,32.0,0.2011626730673015,0.0,74.0,0.0,0.0,0.0,0.0,0.0,0.0,0.0,0.0,0.0,0.6,0.0021278112754879,1.0,0.6828211736389039,0.0,0.0,0.0,,,,,,0.0,,,,,428.6929239751771,4677.0634765625,,,,,,,,,,
1459,1,1459.0,0.0,32.0,32.0,0.0399032587883994,1.0,74.0,0.0135135135135135,1.0,0.0,1.0,0.0,0.1473502222005798,0.1473502222005798,0.0,0.0,0.6,0.0021278112754879,1.0,0.6861706837898578,-7.881308935055587e-10,1.0,0.0,1.0,,0.5,-1.4426950249075512e-08,-9.999999889225293e-09,1.0,0.5088325926647338,,,,437.23279994446784,4693.5009765625,,,,,,,,,,
1460,1,1460.0,0.0,32.0,32.0,0.5807380955666304,0.0,74.0,0.0,0.0,0.0,0.0,0.0,0.0,0.0,0.0,0.0,0.6,0.0021278112754879,1.0,0.6905388161971645,0.0,0.0,0.0,,,,,,0.0,,,,,424.7598219662905,4679.6416015625,,,,,,,,,,
1461,1,1461.0,0.0,32.0,32.0,0.2572223949246108,0.0,74.0,0.0,0.0,0.0,0.0,0.0,0.0,0.0,0.0,0.0,0.6,0.0021278112754879,1.0,0.6868210489519164,0.0,0.0,0.0,,,,,,0.0,,,,,432.3001659940928,4678.2197265625,,,,,,,,,,
1462,1,1462.0,0.0,32.0,32.0,0.3343056780286133,0.0,74.0,0.0,0.0,0.0,0.0,0.0,0.0,0.0,0.0,0.0,0.6,0.0021278112754879,1.0,0.6881909827860485,0.0,0.0,0.0,,,,,,0.0,,,,,428.86381899006665,4682.3056640625,,,,,,,,,,
1463,1,1463.0,0.0,32.0,32.0,0.2088471404276788,0.0,74.0,0.0,0.0,0.0,0.0,0.0,0.0,0.0,0.0,0.0,0.6,0.0021278112754879,1.0,0.6812096863993016,0.0,0.0,0.0,,,,,,0.0,,,,,436.898591928184,4679.3603515625,,,,,,,,,,
1464,1,1464.0,0.0,32.0,32.0,0.0708472214173525,0.0,74.0,0.0,0.0,0.0,0.0,0.0,0.0,0.0,0.0,0.0,0.6,0.0021278112754879,1.0,0.6816897265391854,0.0,0.0,0.0,,,,,,0.0,,,,,428.76036395318806,4686.2509765625,,,,,,,,,,
1465,1,1465.0,0.0,32.0,32.0,0.1959380730986595,0.0,74.0,0.0,0.0,0.0,0.0,0.0,0.0,0.0,0.0,0.0,0.6,0.0021278112754879,1.0,0.6833167874126251,0.0,0.0,0.0,,,,,,0.0,,,,,439.1005330253393,4680.7509765625,,,,,,,,,,
1466,1,1466.0,0.0,32.0,32.0,0.2506551980040967,0.0,74.0,0.0,0.0,0.0,0.0,0.0,0.0,0.0,0.0,0.0,0.6,0.0021278112754879,1.0,0.6870550923377229,0.0,0.0,0.0,,,,,,0.0,,,,,428.5912769846618,4678.2197265625,,,,,,,,,,
1467,1,1467.0,0.0,32.0,32.0,0.1477220747619867,0.0,74.0,0.0,0.0,0.0,0.0,0.0,0.0,0.0,0.0,0.0,0.6,0.0021278112754879,1.0,0.6873788737141271,0.0,0.0,0.0,,,,,,0.0,,,,,438.8280379353091,4681.9072265625,,,,,,,,,,
1468,1,1468.0,0.0,32.0,32.0,0.0519268757198005,0.0,74.0,0.0,0.0,0.0,0.0,0.0,0.0,0.0,0.0,0.0,0.6,0.0021278112754879,1.0,0.6879998648459724,0.0,0.0,0.0,,,,,,0.0,,,,,431.1316990060732,4684.6572265625,,,,,,,,,,
1469,1,1469.0,0.0,32.0,32.0,0.1747001358307898,0.0,74.0,0.0,0.0,0.0,0.0,0.0,0.0,0.0,0.0,0.0,0.6,0.0021278112754879,1.0,0.6848042932531937,0.0,0.0,0.0,,,,,,0.0,,,,,434.6075849607587,4680.6884765625,,,,,,,,,,
1470,1,1470.0,0.0,32.0,32.0,0.1396749033592641,1.0,74.0,0.0135135135135135,1.0,0.0,1.0,0.0,0.147990163098271,0.147990163098271,0.0,0.0,0.6,0.0021278112754879,1.0,0.6825529308687696,8.875799569793037e-11,1.0,0.0,1.0,,0.5,-1.4426950249075512e-08,-9.999999889225293e-09,1.0,0.5066994563390965,,,,423.0506169842556,4686.2509765625,,,,,,,,,,
1471,1,1471.0,0.0,32.0,32.0,0.1907013552263379,0.0,74.0,0.0,0.0,0.0,0.0,0.0,0.0,0.0,0.0,0.0,0.6,0.0021278112754879,1.0,0.6817419147331097,0.0,0.0,0.0,,,,,,0.0,,,,,442.06416502129287,4680.7509765625,,,,,,,,,,
1472,1,1472.0,0.0,32.0,32.0,0.1094252055045217,0.0,74.0,0.0,0.0,0.0,0.0,0.0,0.0,0.0,0.0,0.0,0.6,0.0021278112754879,1.0,0.6809487368739583,0.0,0.0,0.0,,,,,,0.0,,,,,432.0458790753037,4686.2197265625,,,,,,,,,,
1473,1,1473.0,0.0,32.0,32.0,0.3093368260888383,0.0,74.0,0.0,0.0,0.0,0.0,0.0,0.0,0.0,0.0,0.0,0.6,0.0021278112754879,1.0,0.6843026030998385,0.0,0.0,0.0,,,,,,0.0,,,,,436.3737009698525,4677.0634765625,,,,,,,,,,
1474,1,1474.0,0.0,32.0,32.0,0.0591327680740505,0.0,74.0,0.0,0.0,0.0,0.0,0.0,0.0,0.0,0.0,0.0,0.6,0.0021278112754879,1.0,0.6816758365560647,0.0,0.0,0.0,,,,,,0.0,,,,,421.73348600044847,4687.4541015625,,,,,,,,,,
1475,1,1475.0,0.0,32.0,32.0,0.0942112007178366,0.0,74.0,0.0,0.0,0.0,0.0,0.0,0.0,0.0,0.0,0.0,0.6,0.0021278112754879,1.0,0.6846754040115208,0.0,0.0,0.0,,,,,,0.0,,,,,436.4373680436984,4679.9541015625,,,,,,,,,,
1476,1,1476.0,0.0,32.0,32.0,0.2277559655485674,0.0,74.0,0.0,0.0,0.0,0.0,0.0,0.0,0.0,0.0,0.0,0.6,0.0021278112754879,1.0,0.6832216964029043,0.0,0.0,0.0,,,,,,0.0,,,,,424.0400410490111,4688.2978515625,,,,,,,,,,
1477,1,1477.0,0.0,32.0,32.0,0.0470199265982955,1.0,74.0,0.0135135135135135,0.0,1.0,0.0,1.0,0.1498702143243687,0.0,0.1498702143243687,0.0,0.6,0.0021278112754879,1.0,0.6900730396509488,0.0,0.0,1.0,1.0,,0.5,-1.4426950249075512e-08,-9.999999889225293e-09,1.0,0.5004326189187709,,,,435.6421009870246,4679.6416015625,,,,,,,,,,
1478,1,1478.0,0.0,32.0,32.0,0.294321988360025,0.0,74.0,0.0,0.0,0.0,0.0,0.0,0.0,0.0,0.0,0.0,0.6,0.0021278112754879,1.0,0.6853861558154752,0.0,0.0,0.0,,,,,,0.0,,,,,423.62028593197465,4682.3056640625,,,,,,,,,,
1479,1,1479.0,0.0,32.0,32.0,0.365673576714471,0.0,74.0,0.0,0.0,0.0,0.0,0.0,0.0,0.0,0.0,0.0,0.6,0.0021278112754879,1.0,0.6854936771617047,0.0,0.0,0.0,,,,,,0.0,,,,,434.05645596794784,4678.2197265625,,,,,,,,,,
1480,1,1480.0,0.0,32.0,32.0,0.2552540395408869,0.0,74.0,0.0,0.0,0.0,0.0,0.0,0.0,0.0,0.0,0.0,0.6,0.0021278112754879,1.0,0.6846951645849831,0.0,0.0,0.0,,,,,,0.0,,,,,426.1867089662701,4680.0166015625,,,,,,,,,,
1481,1,1481.0,0.0,32.0,32.0,0.2536598232109099,0.0,74.0,0.0,0.0,0.0,0.0,0.0,0.0,0.0,0.0,0.0,0.6,0.0021278112754879,1.0,0.6844919049296765,0.0,0.0,0.0,,,,,,0.0,,,,,435.6309910072014,4679.6416015625,,,,,,,,,,
1482,1,1482.0,0.0,32.0,32.0,0.1194227919913828,0.0,74.0,0.0,0.0,0.0,0.0,0.0,0.0,0.0,0.0,0.0,0.6,0.0021278112754879,1.0,0.6875322761411259,0.0,0.0,0.0,,,,,,0.0,,,,,424.09656499512494,4687.4541015625,,,,,,,,,,
1483,1,1483.0,0.0,32.0,32.0,0.16358815995045,0.0,74.0,0.0,0.0,0.0,0.0,0.0,0.0,0.0,0.0,0.0,0.6,0.0021278112754879,1.0,0.6869847804553776,0.0,0.0,0.0,,,,,,0.0,,,,,431.8320959573612,4680.6884765625,,,,,,,,,,
1484,1,1484.0,0.0,32.0,32.0,0.1080067052971571,0.0,74.0,0.0,0.0,0.0,0.0,0.0,0.0,0.0,0.0,0.0,0.6,0.0021278112754879,1.0,0.68484512774416,0.0,0.0,0.0,,,,,,0.0,,,,,427.702070097439,4678.7822265625,,,,,,,,,,
1485,1,1485.0,0.0,32.0,32.0,0.3177503803744912,0.0,74.0,0.0,0.0,0.0,0.0,0.0,0.0,0.0,0.0,0.0,0.6,0.0021278112754879,1.0,0.6800405317014175,0.0,0.0,0.0,,,,,,0.0,,,,,433.33670299034566,4677.0634765625,,,,,,,,,,
1486,1,1486.0,0.0,32.0,32.0,0.3984597499947995,0.0,74.0,0.0,0.0,0.0,0.0,0.0,0.0,0.0,0.0,0.0,0.6,0.0021278112754879,1.0,0.6879719625793301,0.0,0.0,0.0,,,,,,0.0,,,,,424.3034099927172,4678.7822265625,,,,,,,,,,
1487,1,1487.0,0.0,32.0,32.0,0.0554878525435924,1.0,74.0,0.0135135135135135,0.0,1.0,0.0,1.0,0.1487916280751711,0.0,0.1487916280751711,0.0,0.6,0.0021278112754879,1.0,0.6859703214018269,-1.177710387920514e-09,0.0,1.0,1.0,,0.5,-1.4426950249075512e-08,-9.999999889225293e-09,1.0,0.5040279064160963,,,,435.4354980168864,4680.7509765625,,,,,,,,,,
1488,1,1488.0,0.0,32.0,32.0,0.1695675323717296,0.0,74.0,0.0,0.0,0.0,0.0,0.0,0.0,0.0,0.0,0.0,0.6,0.0021278112754879,1.0,0.682591045928213,0.0,0.0,0.0,,,,,,0.0,,,,,429.7292310511693,4679.9541015625,,,,,,,,,,
1489,1,1489.0,0.0,32.0,32.0,0.1323277327464893,0.0,74.0,0.0,0.0,0.0,0.0,0.0,0.0,0.0,0.0,0.0,0.6,0.0021278112754879,1.0,0.6851986904736488,0.0,0.0,0.0,,,,,,0.0,,,,,445.0537390075624,4681.9072265625,,,,,,,,,,
1490,1,1490.0,0.0,32.0,32.0,0.1784005493391305,0.0,74.0,0.0,0.0,0.0,0.0,0.0,0.0,0.0,0.0,0.0,0.6,0.0021278112754879,1.0,0.6807525597269152,0.0,0.0,0.0,,,,,,0.0,,,,,426.6225539613515,4678.2197265625,,,,,,,,,,
1491,1,1491.0,0.0,32.0,32.0,0.1059120580321177,0.0,74.0,0.0,0.0,0.0,0.0,0.0,0.0,0.0,0.0,0.0,0.6,0.0021278112754879,1.0,0.6850065709325399,0.0,0.0,0.0,,,,,,0.0,,,,,435.5172490468249,4683.2041015625,,,,,,,,,,
1492,1,1492.0,0.0,32.0,32.0,0.0980590744875371,0.0,74.0,0.0,0.0,0.0,0.0,0.0,0.0,0.0,0.0,0.0,0.6,0.0021278112754879,1.0,0.6800820707148072,0.0,0.0,0.0,,,,,,0.0,,,,,502.5089289993048,4679.5009765625,,,,,,,,,,
1493,1,1493.0,0.0,32.0,32.0,0.1654888938646763,0.0,74.0,0.0,0.0,0.0,0.0,0.0,0.0,0.0,0.0,0.0,0.6,0.0021278112754879,1.0,0.6852700110799552,0.0,0.0,0.0,,,,,,0.0,,,,,430.7916809339076,4679.9541015625,,,,,,,,,,
1494,1,1494.0,0.0,32.0,32.0,0.2339838270563632,0.0,74.0,0.0,0.0,0.0,0.0,0.0,0.0,0.0,0.0,0.0,0.6,0.0021278112754879,1.0,0.6850027729879277,0.0,0.0,0.0,,,,,,0.0,,,,,442.7181730279699,4683.5947265625,,,,,,,,,,
1495,1,1495.0,0.0,32.0,32.0,0.0992481260327622,0.0,74.0,0.0,0.0,0.0,0.0,0.0,0.0,0.0,0.0,0.0,0.6,0.0021278112754879,1.0,0.6832226368563065,0.0,0.0,0.0,,,,,,0.0,,,,,432.33570107258856,4681.1572265625,,,,,,,,,,
1496,1,1496.0,0.0,32.0,32.0,0.0648247415665537,0.0,74.0,0.0,0.0,0.0,0.0,0.0,0.0,0.0,0.0,0.0,0.6,0.0021278112754879,1.0,0.6811043311614947,0.0,0.0,0.0,,,,,,0.0,,,,,434.7866208991036,4680.2822265625,,,,,,,,,,
1497,1,1497.0,0.0,32.0,32.0,0.1704956944449804,0.0,74.0,0.0,0.0,0.0,0.0,0.0,0.0,0.0,0.0,0.0,0.6,0.0021278112754879,1.0,0.6840629833535709,0.0,0.0,0.0,,,,,,0.0,,,,,425.40653701871634,4688.2978515625,,,,,,,,,,
1498,1,1498.0,0.0,32.0,32.0,0.3710256126942113,0.0,74.0,0.0,0.0,0.0,0.0,0.0,0.0,0.0,0.0,0.0,0.6,0.0021278112754879,1.0,0.6860419553933244,0.0,0.0,0.0,,,,,,0.0,,,,,436.9954280555248,4681.9228515625,,,,,,,,,,
1499,1,1499.0,0.0,32.0,32.0,0.3746743409428745,0.0,74.0,0.0,0.0,0.0,0.0,0.0,0.0,0.0,0.0,0.0,0.6,0.0021278112754879,1.0,0.6919005555558386,0.0,0.0,0.0,,,,,,0.0,,,,,430.794290965423,4681.9072265625,,,,,,,,,,
1500,1,1500.0,0.0,32.0,32.0,0.2775979129364714,0.0,74.0,0.0,0.0,0.0,0.0,0.0,0.0,0.0,0.0,0.0,0.6,0.0021278112754879,1.0,0.6859076096355583,0.0,0.0,0.0,,,,,,0.0,,,,,441.0191989736632,4687.4541015625,,,,,,,,,,
1501,1,1501.0,0.0,32.0,32.0,0.037286746839527,3.0,74.0,0.0405405405405405,1.0,2.0,0.3333333333333333,0.6666666666666666,0.1480890040077467,0.1434474900897459,0.1504097609667471,0.0,0.6,0.0021278112754879,1.0000000000417657,0.6858743091474281,-1.3369697006775431e-09,1.0,2.0,0.3333333333333333,2.0,1.0,0.918295805200589,0.636514148294813,2.0,0.5109776618770212,0.0006465295446105,0.4996767352276947,0.0132935636521874,424.57740590907633,4688.4384765625,,,,,,,,,,
1502,1,1502.0,0.0,32.0,32.0,0.1712246128590777,0.0,74.0,0.0,0.0,0.0,0.0,0.0,0.0,0.0,0.0,0.0,0.6,0.0021278112754879,1.0,0.6883276544567143,0.0,0.0,0.0,,,,,,0.0,,,,,439.93840005714446,4686.2509765625,,,,,,,,,,
1503,1,1503.0,0.0,32.0,32.0,0.1510925851762294,0.0,74.0,0.0,0.0,0.0,0.0,0.0,0.0,0.0,0.0,0.0,0.6,0.0021278112754879,1.0,0.6845417827568533,0.0,0.0,0.0,,,,,,0.0,,,,,429.7601589933038,4681.8291015625,,,,,,,,,,
1504,1,1504.0,0.0,32.0,32.0,0.2248966742772609,0.0,74.0,0.0,0.0,0.0,0.0,0.0,0.0,0.0,0.0,0.0,0.6,0.0021278112754879,1.0,0.6889847505599465,0.0,0.0,0.0,,,,,,0.0,,,,,438.2635259535164,4682.1728515625,,,,,,,,,,
1505,1,1505.0,0.0,32.0,32.0,0.1100697924848645,0.0,74.0,0.0,0.0,0.0,0.0,0.0,0.0,0.0,0.0,0.0,0.6,0.0021278112754879,1.0,0.6848917784802779,0.0,0.0,0.0,,,,,,0.0,,,,,427.6609179796651,4681.9072265625,,,,,,,,,,
1506,1,1506.0,0.0,32.0,32.0,0.0435268708970397,1.0,74.0,0.0135135135135135,0.0,1.0,0.0,1.0,0.1520598073560423,0.0,0.1520598073560423,0.0,0.6,0.0021278112754879,1.000000000011169,0.6806433059292479,-4.0803893072179936e-10,0.0,1.0,1.0,,0.5,-1.4426950249075512e-08,-9.999999889225293e-09,1.0,0.5068660245201413,,,,435.222806991078,4686.2509765625,,,,,,,,,,
1507,1,1507.0,0.0,32.0,32.0,0.1407656406518072,0.0,74.0,0.0,0.0,0.0,0.0,0.0,0.0,0.0,0.0,0.0,0.6,0.0021278112754879,1.0,0.6941755633897633,0.0,0.0,0.0,,,,,,0.0,,,,,428.8215860724449,4679.9541015625,,,,,,,,,,
1508,1,1508.0,0.0,32.0,32.0,0.060747061332222,3.0,74.0,0.0405405405405405,0.0,3.0,0.0,1.0,0.1515789783740088,0.0,0.1515789783740088,0.0,0.6,0.0021278112754879,1.0,0.6823598019103324,4.5888138746799266e-10,0.0,3.0,1.0,,0.5,-1.4426950249075512e-08,-9.999999889225293e-09,1.0,0.50714352978263,0.0003923685871995,0.4998038157064002,,441.5779809933156,4680.2822265625,,,,,,,,,,
1509,1,1509.0,0.0,32.0,32.0,0.3163925830740481,0.0,74.0,0.0,0.0,0.0,0.0,0.0,0.0,0.0,0.0,0.0,0.6,0.0021278112754879,1.0,0.6853137579284657,0.0,0.0,0.0,,,,,,0.0,,,,,426.18624691385776,4693.5009765625,,,,,,,,,,
1510,1,1510.0,0.0,32.0,32.0,0.2447150483494624,0.0,74.0,0.0,0.0,0.0,0.0,0.0,0.0,0.0,0.0,0.0,0.6,0.0021278112754879,1.0,0.6856218693668381,0.0,0.0,0.0,,,,,,0.0,,,,,428.851064061746,4681.9228515625,,,,,,,,,,
1511,1,1511.0,0.0,32.0,32.0,0.312870386056602,0.0,74.0,0.0,0.0,0.0,0.0,0.0,0.0,0.0,0.0,0.0,0.6,0.0021278112754879,1.0,0.6804937431930898,0.0,0.0,0.0,,,,,,0.0,,,,,428.1039520865306,4681.9072265625,,,,,,,,,,
1512,1,1512.0,0.0,32.0,32.0,0.0993425861815922,0.0,74.0,0.0,0.0,0.0,0.0,0.0,0.0,0.0,0.0,0.0,0.6,0.0021278112754879,1.0,0.6824353331973027,0.0,0.0,0.0,,,,,,0.0,,,,,440.0111589347944,4680.0166015625,,,,,,,,,,
1513,1,1513.0,0.0,32.0,32.0,0.130438371328637,0.0,74.0,0.0,0.0,0.0,0.0,0.0,0.0,0.0,0.0,0.0,0.6,0.0021278112754879,1.0,0.6816307561480771,0.0,0.0,0.0,,,,,,0.0,,,,,428.7288699997589,4693.5009765625,,,,,,,,,,
1514,1,1514.0,0.0,32.0,32.0,0.0858841610606759,0.0,74.0,0.0,0.0,0.0,0.0,0.0,0.0,0.0,0.0,0.0,0.6,0.0021278112754879,1.0,0.6814833341657872,0.0,0.0,0.0,,,,,,0.0,,,,,435.4933820432052,4679.8603515625,,,,,,,,,,
1515,1,1515.0,0.0,32.0,32.0,0.3046798962168395,0.0,74.0,0.0,0.0,0.0,0.0,0.0,0.0,0.0,0.0,0.0,0.6,0.0021278112754879,1.0,0.679922319678877,0.0,0.0,0.0,,,,,,0.0,,,,,427.5849820114672,4688.4384765625,,,,,,,,,,
1516,1,1516.0,0.0,32.0,32.0,0.2884053213056177,0.0,74.0,0.0,0.0,0.0,0.0,0.0,0.0,0.0,0.0,0.0,0.6,0.0021278112754879,1.0,0.6841402940616903,0.0,0.0,0.0,,,,,,0.0,,,,,437.7986469771713,4688.2978515625,,,,,,,,,,
1517,1,1517.0,0.0,32.0,32.0,0.2618360521737486,0.0,74.0,0.0,0.0,0.0,0.0,0.0,0.0,0.0,0.0,0.0,0.6,0.0021278112754879,1.0,0.6890477617898312,0.0,0.0,0.0,,,,,,0.0,,,,,425.5231489660218,4677.0634765625,,,,,,,,,,
1518,1,1518.0,0.0,32.0,32.0,0.1015253641526214,0.0,74.0,0.0,0.0,0.0,0.0,0.0,0.0,0.0,0.0,0.0,0.6,0.0021278112754879,1.0,0.6813883038928759,0.0,0.0,0.0,,,,,,0.0,,,,,434.8272840725258,4679.9541015625,,,,,,,,,,
1519,1,1519.0,0.0,32.0,32.0,0.1208313434617593,0.0,74.0,0.0,0.0,0.0,0.0,0.0,0.0,0.0,0.0,0.0,0.6,0.0021278112754879,1.0,0.6895050898937005,0.0,0.0,0.0,,,,,,0.0,,,,,424.5364910457283,4679.3603515625,,,,,,,,,,
1520,1,1520.0,0.0,32.0,32.0,0.0499673507292754,2.0,74.0,0.027027027027027,1.0,1.0,0.5,0.5,0.1471498127100786,0.1439304360602832,0.150369189359874,0.0,0.6,0.0021278112754879,1.0,0.683614561297917,-1.7159399605055576e-10,1.0,1.0,0.0,1.0,1.0,0.9999999711460994,0.6931471605599454,2.0,0.5107312554993181,,,-0.0009698926860449,439.5932679763064,4680.6884765625,,,,,,,,,,
1521,1,1521.0,0.0,32.0,32.0,0.0482752296957187,10.0,74.0,0.1351351351351351,3.0,7.0,0.3,0.7,0.1491142573197863,0.1476634901390155,0.1497360146829738,0.0,0.6,0.0021278112754879,0.9999999992651788,0.6813655654972378,8.885713087903808e-09,3.0,7.0,0.4,2.333333333333333,1.0,0.8812908703767922,0.6108642820548937,2.0,0.504461077911399,-0.0028453723061829,0.5014226861530915,0.0014712464196534,431.2099170638248,4678.2197265625,,,,,,,,,,
1522,1,1522.0,0.0,32.0,32.0,0.2287034764303825,0.0,74.0,0.0,0.0,0.0,0.0,0.0,0.0,0.0,0.0,0.0,0.6,0.0021278112754879,1.0,0.6905067852539616,0.0,0.0,0.0,,,,,,0.0,,,,,438.8872199924663,4683.2041015625,,,,,,,,,,
1523,1,1523.0,0.0,32.0,32.0,0.304490914393682,0.0,74.0,0.0,0.0,0.0,0.0,0.0,0.0,0.0,0.0,0.0,0.6,0.0021278112754879,1.0,0.6780617731459215,0.0,0.0,0.0,,,,,,0.0,,,,,425.6297710817307,4693.5009765625,,,,,,,,,,
1524,1,1524.0,0.0,32.0,32.0,0.0614472346496768,1.0,74.0,0.0135135135135135,0.0,1.0,0.0,1.0,0.1530221100643304,0.0,0.1530221100643304,0.0,0.6,0.0021278112754879,1.0,0.686450108158288,0.0,0.0,1.0,1.0,,0.5,-1.4426950249075512e-08,-9.999999889225293e-09,1.0,0.5100737002144349,,,,438.3489809697494,4686.2197265625,,,,,,,,,,
1525,1,1525.0,0.0,32.0,32.0,0.1566172536695376,0.0,74.0,0.0,0.0,0.0,0.0,0.0,0.0,0.0,0.0,0.0,0.6,0.0021278112754879,1.0,0.687574230975667,0.0,0.0,0.0,,,,,,0.0,,,,,427.2694480605424,4681.9228515625,,,,,,,,,,
1526,1,1526.0,0.0,32.0,32.0,0.1147266453481279,0.0,74.0,0.0,0.0,0.0,0.0,0.0,0.0,0.0,0.0,0.0,0.6,0.0021278112754879,1.0,0.6836847576782807,0.0,0.0,0.0,,,,,,0.0,,,,,436.7191009223461,4680.0166015625,,,,,,,,,,
1527,1,1527.0,0.0,32.0,32.0,0.3321302355034277,0.0,74.0,0.0,0.0,0.0,0.0,0.0,0.0,0.0,0.0,0.0,0.6,0.0021278112754879,1.0,0.6847131211237435,0.0,0.0,0.0,,,,,,0.0,,,,,428.8573450176045,4683.2041015625,,,,,,,,,,
1528,1,1528.0,0.0,32.0,32.0,0.3669102059211582,0.0,74.0,0.0,0.0,0.0,0.0,0.0,0.0,0.0,0.0,0.0,0.6,0.0021278112754879,1.0,0.6792027777522913,0.0,0.0,0.0,,,,,,0.0,,,,,434.9023200338706,4681.8291015625,,,,,,,,,,
1529,1,1529.0,0.0,32.0,32.0,0.2120330964680761,0.0,74.0,0.0,0.0,0.0,0.0,0.0,0.0,0.0,0.0,0.0,0.6,0.0021278112754879,1.0,0.6853472015057473,0.0,0.0,0.0,,,,,,0.0,,,,,428.0441369628534,4695.5166015625,,,,,,,,,,
1530,1,1530.0,0.0,32.0,32.0,0.1539538477081805,0.0,74.0,0.0,0.0,0.0,0.0,0.0,0.0,0.0,0.0,0.0,0.6,0.0021278112754879,1.0,0.6911276368554763,0.0,0.0,0.0,,,,,,0.0,,,,,438.4285369887948,4677.6728515625,,,,,,,,,,
1531,1,1531.0,0.0,32.0,32.0,1.0241687342058867,0.0,74.0,0.0,0.0,0.0,0.0,0.0,0.0,0.0,0.0,0.0,0.6,0.0021278112754879,1.0,0.6857153796351038,0.0,0.0,0.0,,,,,,0.0,,,,,428.6000720458105,4682.3056640625,,,,,,,,,,
1532,1,1532.0,0.0,32.0,32.0,0.2792885365779511,0.0,74.0,0.0,0.0,0.0,0.0,0.0,0.0,0.0,0.0,0.0,0.6,0.0021278112754879,1.0,0.6819521968912069,0.0,0.0,0.0,,,,,,0.0,,,,,431.8915799958632,4677.0634765625,,,,,,,,,,
1533,1,1533.0,0.0,32.0,32.0,0.277191218920052,0.0,74.0,0.0,0.0,0.0,0.0,0.0,0.0,0.0,0.0,0.0,0.6,0.0021278112754879,1.0,0.6873336356275033,0.0,0.0,0.0,,,,,,0.0,,,,,432.7496299520135,4683.2041015625,,,,,,,,,,
1534,1,1534.0,0.0,32.0,32.0,0.5365019354503602,0.0,74.0,0.0,0.0,0.0,0.0,0.0,0.0,0.0,0.0,0.0,0.6,0.0021278112754879,1.0,0.6826723637105446,0.0,0.0,0.0,,,,,,0.0,,,,,437.316345050931,4679.9541015625,,,,,,,,,,
1535,1,1535.0,0.0,32.0,32.0,0.116236419416964,0.0,74.0,0.0,0.0,0.0,0.0,0.0,0.0,0.0,0.0,0.0,0.6,0.0021278112754879,1.0,0.686090029493147,0.0,0.0,0.0,,,,,,0.0,,,,,424.2077090311796,4681.9228515625,,,,,,,,,,
1536,1,1536.0,0.0,32.0,32.0,0.2110155108384788,0.0,74.0,0.0,0.0,0.0,0.0,0.0,0.0,0.0,0.0,0.0,0.6,0.0021278112754879,1.0,0.6850207571764592,0.0,0.0,0.0,,,,,,0.0,,,,,435.5123279383406,4695.5166015625,,,,,,,,,,
1537,1,1537.0,0.0,32.0,32.0,0.2724279216490686,0.0,74.0,0.0,0.0,0.0,0.0,0.0,0.0,0.0,0.0,0.0,0.6,0.0021278112754879,1.0,0.6782925920179701,0.0,0.0,0.0,,,,,,0.0,,,,,428.6671319277957,4678.7822265625,,,,,,,,,,
1538,1,1538.0,0.0,32.0,32.0,0.2766438331454992,0.0,74.0,0.0,0.0,0.0,0.0,0.0,0.0,0.0,0.0,0.0,0.6,0.0021278112754879,1.0,0.6890155744376922,0.0,0.0,0.0,,,,,,0.0,,,,,436.93096202332526,4695.5166015625,,,,,,,,,,
1539,1,1539.0,0.0,32.0,32.0,0.126562179531902,0.0,74.0,0.0,0.0,0.0,0.0,0.0,0.0,0.0,0.0,0.0,0.6,0.0021278112754879,1.0,0.6741550555506229,0.0,0.0,0.0,,,,,,0.0,,,,,427.6512220967561,4687.4541015625,,,,,,,,,,
1540,1,1540.0,0.0,32.0,32.0,0.2031568333040923,0.0,74.0,0.0,0.0,0.0,0.0,0.0,0.0,0.0,0.0,0.0,0.6,0.0021278112754879,1.0,0.685215085226443,0.0,0.0,0.0,,,,,,0.0,,,,,434.92178700398654,4678.7509765625,,,,,,,,,,
1541,1,1541.0,0.0,32.0,32.0,0.3219510749913752,0.0,74.0,0.0,0.0,0.0,0.0,0.0,0.0,0.0,0.0,0.0,0.6,0.0021278112754879,1.0,0.678702678852833,0.0,0.0,0.0,,,,,,0.0,,,,,426.8258940428496,4680.0166015625,,,,,,,,,,
1542,1,1542.0,0.0,32.0,32.0,0.2000188722740858,0.0,74.0,0.0,0.0,0.0,0.0,0.0,0.0,0.0,0.0,0.0,0.6,0.0021278112754879,1.0,0.6849888934254348,0.0,0.0,0.0,,,,,,0.0,,,,,439.6537070861086,4679.9541015625,,,,,,,,,,
1543,1,1543.0,0.0,32.0,32.0,0.100918457028456,0.0,74.0,0.0,0.0,0.0,0.0,0.0,0.0,0.0,0.0,0.0,0.6,0.0021278112754879,1.0,0.6830453421808428,0.0,0.0,0.0,,,,,,0.0,,,,,428.310388000682,4688.4384765625,,,,,,,,,,
1544,1,1544.0,0.0,32.0,32.0,0.0432484279735945,2.0,74.0,0.027027027027027,1.0,1.0,0.5,0.5,0.1514792975762066,0.1448167171652558,0.1581418779871574,0.0,0.6,0.0021278112754879,1.0000000000214262,0.6840174148996606,-3.999579268564823e-10,1.0,1.0,0.0,1.0,1.0,0.9999999711460994,0.6931471605599454,2.0,0.522208601369836,,,0.0186957049122013,442.0815870398656,4683.2041015625,,,,,,,,,,
1545,1,1545.0,0.0,32.0,32.0,0.0472873109974898,0.0,74.0,0.0,0.0,0.0,0.0,0.0,0.0,0.0,0.0,0.0,0.6,0.0021278112754879,1.0,0.689188319767547,0.0,0.0,0.0,,,,,,0.0,,,,,423.4206299297512,4680.0166015625,,,,,,,,,,
1546,1,1546.0,0.0,32.0,32.0,0.0756447021849453,0.0,74.0,0.0,0.0,0.0,0.0,0.0,0.0,0.0,0.0,0.0,0.6,0.0021278112754879,1.0,0.6842456203361053,0.0,0.0,0.0,,,,,,0.0,,,,,440.9358850680292,4681.9072265625,,,,,,,,,,
1547,1,1547.0,0.0,32.0,32.0,0.0372297892463393,2.0,74.0,0.027027027027027,1.0,1.0,0.5,0.5,0.1490244032002241,0.1447985548545124,0.1532502515459358,0.0,0.6,0.0021278112754879,1.0,0.684973121141776,-3.7077052567433357e-10,1.0,1.0,0.0,1.0,1.0,0.9999999711460994,0.6931471605599454,2.0,0.5140861611523724,,,,431.0189679963514,4683.2041015625,,,,,,,,,,
1548,1,1548.0,0.0,32.0,32.0,0.1986372699029743,0.0,74.0,0.0,0.0,0.0,0.0,0.0,0.0,0.0,0.0,0.0,0.6,0.0021278112754879,1.0,0.6817425838446254,0.0,0.0,0.0,,,,,,0.0,,,,,442.136749974452,4681.5634765625,,,,,,,,,,
1549,1,1549.0,0.0,32.0,32.0,0.2139638438820839,0.0,74.0,0.0,0.0,0.0,0.0,0.0,0.0,0.0,0.0,0.0,0.6,0.0021278112754879,1.0,0.6774200638617366,0.0,0.0,0.0,,,,,,0.0,,,,,424.035984906368,4677.0634765625,,,,,,,,,,
1550,1,1550.0,0.0,32.0,32.0,0.125825521769002,0.0,74.0,0.0,0.0,0.0,0.0,0.0,0.0,0.0,0.0,0.0,0.6,0.0021278112754879,1.0,0.6849552516200764,0.0,0.0,0.0,,,,,,0.0,,,,,435.50581100862473,4684.4384765625,,,,,,,,,,
1551,1,1551.0,0.0,32.0,32.0,0.0302447886788286,0.0,74.0,0.0,0.0,0.0,0.0,0.0,0.0,0.0,0.0,0.0,0.6,0.0021278112754879,1.0,0.689352261641833,0.0,0.0,0.0,,,,,,0.0,,,,,428.4902979852632,4679.3603515625,,,,,,,,,,
1552,1,1552.0,0.0,32.0,32.0,0.00683185987873,56.0,74.0,0.7567567567567568,10.0,46.0,0.1785714285714285,0.8214285714285714,0.1528014784726467,0.1433486342904433,0.1548564445992127,0.0,0.6,0.0021278112754879,1.0000000063906735,0.6884389032116343,-8.171906849060367e-09,10.0,46.0,0.6428571428571429,4.6,1.0,0.6769418409269857,0.4692203284415991,2.0,0.5177437416395262,0.0006326484974525,0.4996836757512737,-0.0058280341717829,469.68827908858657,4996.60205078125,,,,,,,,,,
1553,1,1553.0,0.0,32.0,32.0,0.235761042451486,0.0,74.0,0.0,0.0,0.0,0.0,0.0,0.0,0.0,0.0,0.0,0.6,0.0021278112754879,1.0,0.685751146927784,0.0,0.0,0.0,,,,,,0.0,,,,,427.72340402007103,4681.9072265625,,,,,,,,,,
1554,1,1554.0,0.0,32.0,32.0,0.2147452891222201,0.0,74.0,0.0,0.0,0.0,0.0,0.0,0.0,0.0,0.0,0.0,0.6,0.0021278112754879,1.0,0.6835446277631678,0.0,0.0,0.0,,,,,,0.0,,,,,436.9207010604441,4680.0166015625,,,,,,,,,,
1555,1,1555.0,0.0,32.0,32.0,0.2905973892193287,0.0,74.0,0.0,0.0,0.0,0.0,0.0,0.0,0.0,0.0,0.0,0.6,0.0021278112754879,1.0,0.686260692569438,0.0,0.0,0.0,,,,,,0.0,,,,,426.5231949975714,4692.1806640625,,,,,,,,,,
1556,1,1556.0,0.0,32.0,32.0,0.0225641971337609,1.0,74.0,0.0135135135135135,1.0,0.0,1.0,0.0,0.1315470275783106,0.1315470275783106,0.0,0.0,0.6,0.0021278112754879,1.0,0.6827607259919037,0.0,1.0,0.0,1.0,,0.5,-1.4426950249075512e-08,-9.999999889225293e-09,1.0,0.561509908072298,,,,438.3317049359903,4687.4541015625,,,,,,,,,,
1557,1,1557.0,0.0,32.0,32.0,0.4359956700354814,0.0,74.0,0.0,0.0,0.0,0.0,0.0,0.0,0.0,0.0,0.0,0.6,0.0021278112754879,1.0,0.6868961732967511,0.0,0.0,0.0,,,,,,0.0,,,,,428.8443149998784,4677.6728515625,,,,,,,,,,
1558,1,1558.0,0.0,32.0,32.0,0.3201873539946973,0.0,74.0,0.0,0.0,0.0,0.0,0.0,0.0,0.0,0.0,0.0,0.6,0.0021278112754879,1.0,0.6802441771027444,0.0,0.0,0.0,,,,,,0.0,,,,,434.7651290008798,4679.3603515625,,,,,,,,,,
1559,1,1559.0,0.0,32.0,32.0,0.4889280075440183,0.0,74.0,0.0,0.0,0.0,0.0,0.0,0.0,0.0,0.0,0.0,0.6,0.0021278112754879,1.0,0.6830524517597802,0.0,0.0,0.0,,,,,,0.0,,,,,426.3955990318209,4677.6728515625,,,,,,,,,,
1560,1,1560.0,0.0,32.0,32.0,0.0578447333537042,0.0,74.0,0.0,0.0,0.0,0.0,0.0,0.0,0.0,0.0,0.0,0.6,0.0021278112754879,1.0,0.682877380204254,0.0,0.0,0.0,,,,,,0.0,,,,,518.1882539764047,4677.0634765625,,,,,,,,,,
1561,1,1561.0,0.0,32.0,32.0,0.1096789588336832,0.0,74.0,0.0,0.0,0.0,0.0,0.0,0.0,0.0,0.0,0.0,0.6,0.0021278112754879,1.0,0.6874827360978077,0.0,0.0,0.0,,,,,,0.0,,,,,428.6651279544458,4686.2509765625,,,,,,,,,,
1562,1,1562.0,0.0,32.0,32.0,0.3010938749066554,0.0,74.0,0.0,0.0,0.0,0.0,0.0,0.0,0.0,0.0,0.0,0.6,0.0021278112754879,1.0,0.679776932968915,0.0,0.0,0.0,,,,,,0.0,,,,,438.31934896297753,4688.4384765625,,,,,,,,,,
1563,1,1563.0,0.0,32.0,32.0,0.1601522514829412,0.0,74.0,0.0,0.0,0.0,0.0,0.0,0.0,0.0,0.0,0.0,0.6,0.0021278112754879,1.0,0.6839024352820212,0.0,0.0,0.0,,,,,,0.0,,,,,429.85752096865326,4681.9072265625,,,,,,,,,,
1564,1,1564.0,0.0,32.0,32.0,0.008496404858306,67.0,74.0,0.9054054054054054,10.0,57.0,0.1492537313432835,0.8507462686567164,0.1509543394484686,0.1416269072428253,0.1525907310634937,0.0,0.6,0.0021278112754879,1.000000064533786,0.6769337929852549,-2.0565946792666015e-08,10.0,57.0,0.7014925373134329,5.7,1.0,0.6079695831521721,0.4214124024281333,2.0,0.5123191522898981,-5.931861161091224e-05,0.5000296593058055,-0.0022311560813892,472.2742500016466,5142.94580078125,,,,,,,,,,
1565,1,1565.0,0.0,32.0,32.0,0.0295765830669552,1.0,74.0,0.0135135135135135,0.0,1.0,0.0,1.0,0.1520791701766987,0.0,0.1520791701766987,0.0,0.6,0.0021278112754879,1.0,0.6848394619757583,0.0,0.0,1.0,1.0,,0.5,-1.4426950249075512e-08,-9.999999889225293e-09,1.0,0.5069305672556623,,,,431.4050480024889,4678.7822265625,,,,,,,,,,
1566,1,1566.0,0.0,32.0,32.0,0.5194877095054835,0.0,74.0,0.0,0.0,0.0,0.0,0.0,0.0,0.0,0.0,0.0,0.6,0.0021278112754879,1.0,0.6844669912240425,0.0,0.0,0.0,,,,,,0.0,,,,,438.629908952862,4679.9541015625,,,,,,,,,,
1567,1,1567.0,0.0,32.0,32.0,0.4355806988896802,0.0,74.0,0.0,0.0,0.0,0.0,0.0,0.0,0.0,0.0,0.0,0.6,0.0021278112754879,1.0,0.6834982030935081,0.0,0.0,0.0,,,,,,0.0,,,,,425.8957370184362,4678.2197265625,,,,,,,,,,
1568,1,1568.0,0.0,32.0,32.0,0.1933389517362229,0.0,74.0,0.0,0.0,0.0,0.0,0.0,0.0,0.0,0.0,0.0,0.6,0.0021278112754879,1.0,0.6889789163804437,0.0,0.0,0.0,,,,,,0.0,,,,,434.1112619731575,4687.4541015625,,,,,,,,,,
1569,1,1569.0,0.0,32.0,32.0,0.0606827394803985,1.0,74.0,0.0135135135135135,1.0,0.0,1.0,0.0,0.147644192413465,0.147644192413465,0.0,0.0,0.6,0.0021278112754879,0.9999999999971322,0.6788556485141511,-9.450435533605614e-10,1.0,0.0,1.0,,0.5,-1.4426950249075512e-08,-9.999999889225293e-09,1.0,0.5078526919551166,,,,428.9013089146465,4680.7509765625,,,,,,,,,,
1570,1,1570.0,0.0,32.0,32.0,0.3709574936656281,0.0,74.0,0.0,0.0,0.0,0.0,0.0,0.0,0.0,0.0,0.0,0.6,0.0021278112754879,1.0,0.6858249122369307,0.0,0.0,0.0,,,,,,0.0,,,,,436.21447298210114,4688.4384765625,,,,,,,,,,
1571,1,1571.0,0.0,32.0,32.0,0.119956184644252,0.0,74.0,0.0,0.0,0.0,0.0,0.0,0.0,0.0,0.0,0.0,0.6,0.0021278112754879,1.0,0.6894051637153757,0.0,0.0,0.0,,,,,,0.0,,,,,430.5197410285473,4681.1572265625,,,,,,,,,,
1572,1,1572.0,0.0,32.0,32.0,0.1634895137976855,0.0,74.0,0.0,0.0,0.0,0.0,0.0,0.0,0.0,0.0,0.0,0.6,0.0021278112754879,1.0,0.6813267777465684,0.0,0.0,0.0,,,,,,0.0,,,,,438.5842710034922,4684.4384765625,,,,,,,,,,
1573,1,1573.0,0.0,32.0,32.0,0.1932149225613102,0.0,74.0,0.0,0.0,0.0,0.0,0.0,0.0,0.0,0.0,0.0,0.6,0.0021278112754879,1.0,0.6812004057721309,0.0,0.0,0.0,,,,,,0.0,,,,,419.807086000219,4679.9541015625,,,,,,,,,,
1574,1,1574.0,0.0,32.0,32.0,0.0794633827172219,1.0,74.0,0.0135135135135135,1.0,0.0,1.0,0.0,0.1462356610340669,0.1462356610340669,0.0,0.0,0.6,0.0021278112754879,1.0,0.6850960466139462,5.91992354724156e-10,1.0,0.0,1.0,,0.5,-1.4426950249075512e-08,-9.999999889225293e-09,1.0,0.5125477965531103,,,,433.8691859738901,4688.4384765625,,,,,,,,,,
1575,1,1575.0,0.0,32.0,32.0,0.3271309321280569,0.0,74.0,0.0,0.0,0.0,0.0,0.0,0.0,0.0,0.0,0.0,0.6,0.0021278112754879,1.0,0.6831661526212565,0.0,0.0,0.0,,,,,,0.0,,,,,432.69581999629736,4682.3056640625,,,,,,,,,,
1576,1,1576.0,0.0,32.0,32.0,0.4056101130554452,0.0,74.0,0.0,0.0,0.0,0.0,0.0,0.0,0.0,0.0,0.0,0.6,0.0021278112754879,1.0,0.6809671556169339,0.0,0.0,0.0,,,,,,0.0,,,,,433.8000350398943,4683.2822265625,,,,,,,,,,
1577,1,1577.0,0.0,32.0,32.0,0.1789669967256486,0.0,74.0,0.0,0.0,0.0,0.0,0.0,0.0,0.0,0.0,0.0,0.6,0.0021278112754879,1.0,0.6858919250104055,0.0,0.0,0.0,,,,,,0.0,,,,,425.3744900925085,4677.6728515625,,,,,,,,,,
1578,1,1578.0,0.0,32.0,32.0,0.1190172533970326,0.0,74.0,0.0,0.0,0.0,0.0,0.0,0.0,0.0,0.0,0.0,0.6,0.0021278112754879,1.0,0.6771992890027368,0.0,0.0,0.0,,,,,,0.0,,,,,434.4513659598306,4677.6728515625,,,,,,,,,,
1579,1,1579.0,0.0,32.0,32.0,0.1878828465123661,9.0,74.0,0.1216216216216216,0.0,9.0,0.0,1.0,0.1511347641924675,0.0,0.1511347641924675,0.0,0.6,0.0021278112754879,1.000000000050956,0.6765100502786199,5.220807195907186e-10,0.0,9.0,1.0,,0.5,-1.4426950249075512e-08,-9.999999889225293e-09,1.0,0.5060279902915734,-6.948341615498066e-05,0.5000347417080775,,430.5712339701131,4683.2041015625,,,,,,,,,,
1580,1,1580.0,0.0,32.0,32.0,0.3562733614817261,0.0,74.0,0.0,0.0,0.0,0.0,0.0,0.0,0.0,0.0,0.0,0.6,0.0021278112754879,1.0,0.6829681282241942,0.0,0.0,0.0,,,,,,0.0,,,,,434.0243249898776,4682.1728515625,,,,,,,,,,
1581,1,1581.0,0.0,32.0,32.0,0.106042095227167,0.0,74.0,0.0,0.0,0.0,0.0,0.0,0.0,0.0,0.0,0.0,0.6,0.0021278112754879,1.0,0.6874618140689591,0.0,0.0,0.0,,,,,,0.0,,,,,418.0157990194857,4672.6572265625,,,,,,,,,,
1582,1,1582.0,0.0,32.0,32.0,0.2763335825875401,0.0,74.0,0.0,0.0,0.0,0.0,0.0,0.0,0.0,0.0,0.0,0.6,0.0021278112754879,1.0,0.6903113878791655,0.0,0.0,0.0,,,,,,0.0,,,,,433.4676139988005,4679.9541015625,,,,,,,,,,
1583,1,1583.0,0.0,32.0,32.0,0.0995370065793395,0.0,74.0,0.0,0.0,0.0,0.0,0.0,0.0,0.0,0.0,0.0,0.6,0.0021278112754879,1.0,0.6877491263010599,0.0,0.0,0.0,,,,,,0.0,,,,,427.31124500278383,4681.4853515625,,,,,,,,,,
1584,1,1584.0,0.0,32.0,32.0,0.4691293677315116,0.0,74.0,0.0,0.0,0.0,0.0,0.0,0.0,0.0,0.0,0.0,0.6,0.0021278112754879,1.0,0.6846900566654726,0.0,0.0,0.0,,,,,,0.0,,,,,435.8276480343193,4678.7509765625,,,,,,,,,,
1585,1,1585.0,0.0,32.0,32.0,0.2160064061172306,0.0,74.0,0.0,0.0,0.0,0.0,0.0,0.0,0.0,0.0,0.0,0.6,0.0021278112754879,1.0,0.6881297967910265,0.0,0.0,0.0,,,,,,0.0,,,,,419.70750701148063,4672.6572265625,,,,,,,,,,
1586,1,1586.0,0.0,32.0,32.0,0.2311088773421943,0.0,74.0,0.0,0.0,0.0,0.0,0.0,0.0,0.0,0.0,0.0,0.6,0.0021278112754879,1.0,0.681453640294165,0.0,0.0,0.0,,,,,,0.0,,,,,432.0258010411635,4678.2197265625,,,,,,,,,,
1587,1,1587.0,0.0,32.0,32.0,0.219281246419996,0.0,74.0,0.0,0.0,0.0,0.0,0.0,0.0,0.0,0.0,0.0,0.6,0.0021278112754879,1.0,0.684269633248217,0.0,0.0,0.0,,,,,,0.0,,,,,425.6345119792968,4687.4541015625,,,,,,,,,,
1588,1,1588.0,0.0,32.0,32.0,0.1939582740887999,0.0,74.0,0.0,0.0,0.0,0.0,0.0,0.0,0.0,0.0,0.0,0.6,0.0021278112754879,1.0,0.687188714857857,0.0,0.0,0.0,,,,,,0.0,,,,,434.7889180062338,4679.3603515625,,,,,,,,,,
1589,1,1589.0,0.0,32.0,32.0,0.2222932022996246,0.0,74.0,0.0,0.0,0.0,0.0,0.0,0.0,0.0,0.0,0.0,0.6,0.0021278112754879,1.0,0.6870952577553688,0.0,0.0,0.0,,,,,,0.0,,,,,422.2179959760979,4681.9072265625,,,,,,,,,,
1590,1,1590.0,0.0,32.0,32.0,0.1466226773336529,0.0,74.0,0.0,0.0,0.0,0.0,0.0,0.0,0.0,0.0,0.0,0.6,0.0021278112754879,1.0,0.6837834734706866,0.0,0.0,0.0,,,,,,0.0,,,,,435.6712909648195,4680.6884765625,,,,,,,,,,
1591,1,1591.0,0.0,32.0,32.0,0.2854942930862307,0.0,74.0,0.0,0.0,0.0,0.0,0.0,0.0,0.0,0.0,0.0,0.6,0.0021278112754879,1.0,0.6862642333191009,0.0,0.0,0.0,,,,,,0.0,,,,,426.29100603517145,4678.2197265625,,,,,,,,,,
1592,1,1592.0,0.0,32.0,32.0,0.1817604172974825,0.0,74.0,0.0,0.0,0.0,0.0,0.0,0.0,0.0,0.0,0.0,0.6,0.0021278112754879,1.0,0.6873025219178703,0.0,0.0,0.0,,,,,,0.0,,,,,433.9936560718343,4679.6416015625,,,,,,,,,,
1593,1,1593.0,0.0,32.0,32.0,0.1915905959904194,0.0,74.0,0.0,0.0,0.0,0.0,0.0,0.0,0.0,0.0,0.0,0.6,0.0021278112754879,1.0,0.6866531438135892,0.0,0.0,0.0,,,,,,0.0,,,,,424.8901640530676,4688.4384765625,,,,,,,,,,
1594,1,1594.0,0.0,32.0,32.0,0.2578486972488463,0.0,74.0,0.0,0.0,0.0,0.0,0.0,0.0,0.0,0.0,0.0,0.6,0.0021278112754879,1.0,0.6819671162469072,0.0,0.0,0.0,,,,,,0.0,,,,,428.5966739989817,4695.5166015625,,,,,,,,,,
1595,1,1595.0,0.0,32.0,32.0,0.2021787906996905,0.0,74.0,0.0,0.0,0.0,0.0,0.0,0.0,0.0,0.0,0.0,0.6,0.0021278112754879,1.0,0.6843003342179556,0.0,0.0,0.0,,,,,,0.0,,,,,425.0616049394012,4687.4541015625,,,,,,,,,,
1596,1,1596.0,0.0,32.0,32.0,0.1798289949074387,0.0,74.0,0.0,0.0,0.0,0.0,0.0,0.0,0.0,0.0,0.0,0.6,0.0021278112754879,1.0,0.6858649412973296,0.0,0.0,0.0,,,,,,0.0,,,,,433.4819769719616,4688.4384765625,,,,,,,,,,
1597,1,1597.0,0.0,32.0,32.0,0.2020453789737075,0.0,74.0,0.0,0.0,0.0,0.0,0.0,0.0,0.0,0.0,0.0,0.6,0.0021278112754879,1.0,0.6794642724238611,0.0,0.0,0.0,,,,,,0.0,,,,,426.19217501487583,4677.6728515625,,,,,,,,,,
1598,1,1598.0,0.0,32.0,32.0,0.1016642904141917,0.0,74.0,0.0,0.0,0.0,0.0,0.0,0.0,0.0,0.0,0.0,0.6,0.0021278112754879,1.0,0.685123028218567,0.0,0.0,0.0,,,,,,0.0,,,,,431.1378439888358,4692.1806640625,,,,,,,,,,
1599,1,1599.0,0.0,32.0,32.0,0.2724389904178679,0.0,74.0,0.0,0.0,0.0,0.0,0.0,0.0,0.0,0.0,0.0,0.6,0.0021278112754879,1.0,0.6825191527034881,0.0,0.0,0.0,,,,,,0.0,,,,,418.5491600073874,4677.0634765625,,,,,,,,,,
1600,1,1600.0,0.0,32.0,32.0,0.3855934306047857,0.0,74.0,0.0,0.0,0.0,0.0,0.0,0.0,0.0,0.0,0.0,0.6,0.0021278112754879,1.0,0.6853355741935847,0.0,0.0,0.0,,,,,,0.0,,,,,436.9852660456672,4686.2197265625,,,,,,,,,,
1601,1,1601.0,0.0,32.0,32.0,0.1020888956263661,0.0,74.0,0.0,0.0,0.0,0.0,0.0,0.0,0.0,0.0,0.0,0.6,0.0021278112754879,1.0,0.6864691896589635,0.0,0.0,0.0,,,,,,0.0,,,,,425.150329945609,4677.6728515625,,,,,,,,,,
1602,1,1602.0,0.0,32.0,32.0,0.1314121074974537,0.0,74.0,0.0,0.0,0.0,0.0,0.0,0.0,0.0,0.0,0.0,0.6,0.0021278112754879,1.0,0.6842087204228878,0.0,0.0,0.0,,,,,,0.0,,,,,429.9291929928586,4677.0634765625,,,,,,,,,,
1603,1,1603.0,0.0,32.0,32.0,0.0760016939602792,0.0,74.0,0.0,0.0,0.0,0.0,0.0,0.0,0.0,0.0,0.0,0.6,0.0021278112754879,1.0,0.6828214678884519,0.0,0.0,0.0,,,,,,0.0,,,,,419.6254829876125,4680.0166015625,,,,,,,,,,
1604,1,1604.0,0.0,32.0,32.0,0.2760446504689753,0.0,74.0,0.0,0.0,0.0,0.0,0.0,0.0,0.0,0.0,0.0,0.6,0.0021278112754879,1.0,0.6805190473570617,0.0,0.0,0.0,,,,,,0.0,,,,,436.6037130821496,4681.8291015625,,,,,,,,,,
1605,1,1605.0,0.0,32.0,32.0,0.2904125321656465,0.0,74.0,0.0,0.0,0.0,0.0,0.0,0.0,0.0,0.0,0.0,0.6,0.0021278112754879,1.0,0.6871218846192721,0.0,0.0,0.0,,,,,,0.0,,,,,424.1554689360783,4677.6728515625,,,,,,,,,,
1606,1,1606.0,0.0,32.0,32.0,0.1823014174588024,0.0,74.0,0.0,0.0,0.0,0.0,0.0,0.0,0.0,0.0,0.0,0.6,0.0021278112754879,1.0,0.6839620505263377,0.0,0.0,0.0,,,,,,0.0,,,,,432.6560919871554,4680.6884765625,,,,,,,,,,
1607,1,1607.0,0.0,32.0,32.0,0.1233916772762313,0.0,74.0,0.0,0.0,0.0,0.0,0.0,0.0,0.0,0.0,0.0,0.6,0.0021278112754879,1.0,0.6892464084756549,0.0,0.0,0.0,,,,,,0.0,,,,,419.1586019005626,4688.2978515625,,,,,,,,,,
1608,1,1608.0,0.0,32.0,32.0,0.1669741924852132,0.0,74.0,0.0,0.0,0.0,0.0,0.0,0.0,0.0,0.0,0.0,0.6,0.0021278112754879,1.0,0.6841843944762356,0.0,0.0,0.0,,,,,,0.0,,,,,434.4037829432637,4679.3603515625,,,,,,,,,,
1609,1,1609.0,0.0,32.0,32.0,0.1616183379665017,0.0,74.0,0.0,0.0,0.0,0.0,0.0,0.0,0.0,0.0,0.0,0.6,0.0021278112754879,1.0,0.692242579039441,0.0,0.0,0.0,,,,,,0.0,,,,,425.5965939955786,4681.8291015625,,,,,,,,,,
1610,1,1610.0,0.0,32.0,32.0,0.2612364697270095,0.0,74.0,0.0,0.0,0.0,0.0,0.0,0.0,0.0,0.0,0.0,0.6,0.0021278112754879,1.0,0.6903933661459954,0.0,0.0,0.0,,,,,,0.0,,,,,437.42711597587913,4678.7822265625,,,,,,,,,,
1611,1,1611.0,0.0,32.0,32.0,0.3639763963292353,0.0,74.0,0.0,0.0,0.0,0.0,0.0,0.0,0.0,0.0,0.0,0.6,0.0021278112754879,1.0,0.6829644847982138,0.0,0.0,0.0,,,,,,0.0,,,,,420.909286942333,4679.9541015625,,,,,,,,,,
1612,1,1612.0,0.0,32.0,32.0,0.1189064304344356,0.0,74.0,0.0,0.0,0.0,0.0,0.0,0.0,0.0,0.0,0.0,0.6,0.0021278112754879,1.0,0.6850871090654624,0.0,0.0,0.0,,,,,,0.0,,,,,428.485105978325,4687.4541015625,,,,,,,,,,
1613,1,1613.0,0.0,32.0,32.0,0.2434070314047858,0.0,74.0,0.0,0.0,0.0,0.0,0.0,0.0,0.0,0.0,0.0,0.6,0.0021278112754879,1.0,0.6810362792995877,0.0,0.0,0.0,,,,,,0.0,,,,,426.9121859688312,4695.5166015625,,,,,,,,,,
1614,1,1614.0,0.0,32.0,32.0,0.1865475005470216,0.0,74.0,0.0,0.0,0.0,0.0,0.0,0.0,0.0,0.0,0.0,0.6,0.0021278112754879,1.0,0.6850810833678114,0.0,0.0,0.0,,,,,,0.0,,,,,435.4983599623665,4695.5166015625,,,,,,,,,,
1615,1,1615.0,0.0,32.0,32.0,0.1443891078233719,0.0,74.0,0.0,0.0,0.0,0.0,0.0,0.0,0.0,0.0,0.0,0.6,0.0021278112754879,1.0,0.6912244104740244,0.0,0.0,0.0,,,,,,0.0,,,,,420.7931460114196,4679.6416015625,,,,,,,,,,
1616,1,1616.0,0.0,32.0,32.0,0.1449512690305709,0.0,74.0,0.0,0.0,0.0,0.0,0.0,0.0,0.0,0.0,0.0,0.6,0.0021278112754879,1.0,0.6817126557326597,0.0,0.0,0.0,,,,,,0.0,,,,,427.2434759186581,4681.9228515625,,,,,,,,,,
1617,1,1617.0,0.0,32.0,32.0,0.1343619341496378,0.0,74.0,0.0,0.0,0.0,0.0,0.0,0.0,0.0,0.0,0.0,0.6,0.0021278112754879,1.0,0.6838806416278417,0.0,0.0,0.0,,,,,,0.0,,,,,424.8515849467367,4681.5634765625,,,,,,,,,,
1618,1,1618.0,0.0,32.0,32.0,0.2604810690972954,0.0,74.0,0.0,0.0,0.0,0.0,0.0,0.0,0.0,0.0,0.0,0.6,0.0021278112754879,1.0,0.680223484476821,0.0,0.0,0.0,,,,,,0.0,,,,,436.7905540857464,4692.1806640625,,,,,,,,,,
1619,1,1619.0,0.0,32.0,32.0,0.0946450205519795,0.0,74.0,0.0,0.0,0.0,0.0,0.0,0.0,0.0,0.0,0.0,0.6,0.0021278112754879,1.0,0.6810137602538113,0.0,0.0,0.0,,,,,,0.0,,,,,424.4404550408945,4680.7509765625,,,,,,,,,,
1620,1,1620.0,0.0,32.0,32.0,0.1674178437096998,0.0,74.0,0.0,0.0,0.0,0.0,0.0,0.0,0.0,0.0,0.0,0.6,0.0021278112754879,1.0,0.6830774458815854,0.0,0.0,0.0,,,,,,0.0,,,,,431.1936469748616,4683.2041015625,,,,,,,,,,
1621,1,1621.0,0.0,32.0,32.0,0.1127423701691441,0.0,74.0,0.0,0.0,0.0,0.0,0.0,0.0,0.0,0.0,0.0,0.6,0.0021278112754879,1.0,0.6826938005209467,0.0,0.0,0.0,,,,,,0.0,,,,,424.821240012534,4684.4384765625,,,,,,,,,,
1622,1,1622.0,0.0,32.0,32.0,0.1177909414982423,0.0,74.0,0.0,0.0,0.0,0.0,0.0,0.0,0.0,0.0,0.0,0.6,0.0021278112754879,1.0,0.683090379256152,0.0,0.0,0.0,,,,,,0.0,,,,,433.94475406967103,4680.0166015625,,,,,,,,,,
1623,1,1623.0,0.0,32.0,32.0,0.1014629806159064,0.0,74.0,0.0,0.0,0.0,0.0,0.0,0.0,0.0,0.0,0.0,0.6,0.0021278112754879,1.0,0.684212699108217,0.0,0.0,0.0,,,,,,0.0,,,,,427.3527580080554,4683.2041015625,,,,,,,,,,
1624,1,1624.0,0.0,32.0,32.0,0.254158002207987,0.0,74.0,0.0,0.0,0.0,0.0,0.0,0.0,0.0,0.0,0.0,0.6,0.0021278112754879,1.0,0.6866585141767869,0.0,0.0,0.0,,,,,,0.0,,,,,429.5693919993937,4678.7509765625,,,,,,,,,,
1625,1,1625.0,0.0,32.0,32.0,0.634410036902409,0.0,74.0,0.0,0.0,0.0,0.0,0.0,0.0,0.0,0.0,0.0,0.6,0.0021278112754879,1.0,0.6843207714929158,0.0,0.0,0.0,,,,,,0.0,,,,,424.4145849952474,4681.8291015625,,,,,,,,,,
1626,1,1626.0,0.0,32.0,32.0,0.0358251343714073,4.0,74.0,0.054054054054054,3.0,1.0,0.75,0.25,0.1439632682418076,0.1418638751290763,0.1502614475800016,0.0,0.6,0.0021278112754879,0.9999999999855274,0.6847623754052666,4.411360389215428e-09,3.0,1.0,0.5,3.0,1.0,0.8112780956052325,0.5623351246188086,2.0,0.5205581851606438,0.0176581256091594,0.4911709371954202,0.0020717619835644,439.7981599904597,4680.7509765625,,,,,,,,,,
1627,1,1627.0,0.0,32.0,32.0,0.1073092945152893,1.0,74.0,0.0135135135135135,0.0,1.0,0.0,1.0,0.1522401718187665,0.0,0.1522401718187665,0.0,0.6,0.0021278112754879,1.000000000000817,0.6903499851972194,5.839861599179366e-10,0.0,1.0,1.0,,0.5,-1.4426950249075512e-08,-9.999999889225293e-09,1.0,0.5074672393958886,,,,430.39551307447255,4680.7509765625,,,,,,,,,,
1628,1,1628.0,0.0,32.0,32.0,0.2009698339388705,0.0,74.0,0.0,0.0,0.0,0.0,0.0,0.0,0.0,0.0,0.0,0.6,0.0021278112754879,1.0,0.6895569310629052,0.0,0.0,0.0,,,,,,0.0,,,,,434.7153169801459,4680.6884765625,,,,,,,,,,
1629,1,1629.0,0.0,32.0,32.0,0.0876125640934333,0.0,74.0,0.0,0.0,0.0,0.0,0.0,0.0,0.0,0.0,0.0,0.6,0.0021278112754879,1.0,0.6889504299276604,0.0,0.0,0.0,,,,,,0.0,,,,,427.4262139806524,4681.1572265625,,,,,,,,,,
1630,1,1630.0,0.0,32.0,32.0,0.2089065729524009,0.0,74.0,0.0,0.0,0.0,0.0,0.0,0.0,0.0,0.0,0.0,0.6,0.0021278112754879,1.0,0.68285543128614,0.0,0.0,0.0,,,,,,0.0,,,,,437.9606560105458,4679.9541015625,,,,,,,,,,
1631,1,1631.0,0.0,32.0,32.0,0.2693237932398915,0.0,74.0,0.0,0.0,0.0,0.0,0.0,0.0,0.0,0.0,0.0,0.6,0.0021278112754879,1.0,0.6886325455332067,0.0,0.0,0.0,,,,,,0.0,,,,,427.0713919540867,4681.9072265625,,,,,,,,,,
1632,1,1632.0,0.0,32.0,32.0,0.0815137294703163,0.0,74.0,0.0,0.0,0.0,0.0,0.0,0.0,0.0,0.0,0.0,0.6,0.0021278112754879,1.0,0.6805132761419207,0.0,0.0,0.0,,,,,,0.0,,,,,438.17152502015233,4679.9541015625,,,,,,,,,,
1633,1,1633.0,0.0,32.0,32.0,0.1254362960462458,0.0,74.0,0.0,0.0,0.0,0.0,0.0,0.0,0.0,0.0,0.0,0.6,0.0021278112754879,1.0,0.6879212808699896,0.0,0.0,0.0,,,,,,0.0,,,,,425.6600879598409,4680.7509765625,,,,,,,,,,
1634,1,1634.0,0.0,32.0,32.0,0.1891538142808713,0.0,74.0,0.0,0.0,0.0,0.0,0.0,0.0,0.0,0.0,0.0,0.6,0.0021278112754879,1.0,0.6811345256071903,0.0,0.0,0.0,,,,,,0.0,,,,,515.5185330659151,4695.5166015625,,,,,,,,,,
1635,1,1635.0,0.0,32.0,32.0,0.1292816128116101,0.0,74.0,0.0,0.0,0.0,0.0,0.0,0.0,0.0,0.0,0.0,0.6,0.0021278112754879,1.0,0.6872588629298331,0.0,0.0,0.0,,,,,,0.0,,,,,429.71418309025466,4680.6884765625,,,,,,,,,,
1636,1,1636.0,0.0,32.0,32.0,0.0293206810601986,0.0,74.0,0.0,0.0,0.0,0.0,0.0,0.0,0.0,0.0,0.0,0.6,0.0021278112754879,1.0,0.6824224044723766,0.0,0.0,0.0,,,,,,0.0,,,,,443.006957997568,4680.7509765625,,,,,,,,,,
1637,1,1637.0,0.0,32.0,32.0,0.0525079914950765,0.0,74.0,0.0,0.0,0.0,0.0,0.0,0.0,0.0,0.0,0.0,0.6,0.0021278112754879,1.0,0.6848320250326501,0.0,0.0,0.0,,,,,,0.0,,,,,435.4797269916162,4678.7822265625,,,,,,,,,,
1638,1,1638.0,0.0,32.0,32.0,0.0744112317916005,0.0,74.0,0.0,0.0,0.0,0.0,0.0,0.0,0.0,0.0,0.0,0.6,0.0021278112754879,1.0,0.6956394798914513,0.0,0.0,0.0,,,,,,0.0,,,,,434.5802359748632,4679.9541015625,,,,,,,,,,
1639,1,1639.0,0.0,32.0,32.0,0.290665618609637,0.0,74.0,0.0,0.0,0.0,0.0,0.0,0.0,0.0,0.0,0.0,0.6,0.0021278112754879,1.0,0.6902509715959929,0.0,0.0,0.0,,,,,,0.0,,,,,431.26849399413913,4683.5947265625,,,,,,,,,,
1640,1,1640.0,0.0,32.0,32.0,0.3323811060690786,0.0,74.0,0.0,0.0,0.0,0.0,0.0,0.0,0.0,0.0,0.0,0.6,0.0021278112754879,1.0,0.6843284808635345,0.0,0.0,0.0,,,,,,0.0,,,,,439.2475050408393,4681.5634765625,,,,,,,,,,
1641,1,1641.0,0.0,32.0,32.0,0.1174297455581836,0.0,74.0,0.0,0.0,0.0,0.0,0.0,0.0,0.0,0.0,0.0,0.6,0.0021278112754879,1.0,0.6815500524236097,0.0,0.0,0.0,,,,,,0.0,,,,,432.1463410742581,4695.5166015625,,,,,,,,,,
1642,1,1642.0,0.0,32.0,32.0,0.1561064477427862,0.0,74.0,0.0,0.0,0.0,0.0,0.0,0.0,0.0,0.0,0.0,0.6,0.0021278112754879,1.0,0.6868215797510018,0.0,0.0,0.0,,,,,,0.0,,,,,435.44447096064687,4679.3603515625,,,,,,,,,,
1643,1,1643.0,0.0,32.0,32.0,0.1958473864360712,0.0,74.0,0.0,0.0,0.0,0.0,0.0,0.0,0.0,0.0,0.0,0.6,0.0021278112754879,1.0,0.6858192703285226,0.0,0.0,0.0,,,,,,0.0,,,,,423.8229180919007,4693.5009765625,,,,,,,,,,
1644,1,1644.0,0.0,32.0,32.0,0.3410789065819699,0.0,74.0,0.0,0.0,0.0,0.0,0.0,0.0,0.0,0.0,0.0,0.6,0.0021278112754879,1.0,0.6829241475391903,0.0,0.0,0.0,,,,,,0.0,,,,,439.4767310004681,4681.1572265625,,,,,,,,,,
1645,1,1645.0,0.0,32.0,32.0,0.3431580989272333,0.0,74.0,0.0,0.0,0.0,0.0,0.0,0.0,0.0,0.0,0.0,0.6,0.0021278112754879,1.0,0.6882888080763031,0.0,0.0,0.0,,,,,,0.0,,,,,430.7885030284524,4677.6728515625,,,,,,,,,,
1646,1,1646.0,0.0,32.0,32.0,0.0191645718878135,8.0,74.0,0.1081081081081081,3.0,5.0,0.375,0.625,0.1458670994860474,0.1339507390629145,0.1530169157399271,0.0,0.6,0.0021278112754879,1.0000000000626,0.6855796101248339,-6.5234849206066934e-09,3.0,5.0,0.25,1.6666666666666667,1.0,0.9544339740710645,0.6615632181579822,2.0,0.5266924073391883,0.0009097654110519,0.499545117294474,0.0001223292668468,442.4330979818478,4683.5947265625,,,,,,,,,,
1647,1,1647.0,0.0,32.0,32.0,0.0363007457926869,1.0,74.0,0.0135135135135135,1.0,0.0,1.0,0.0,0.1479938244156986,0.1479938244156986,0.0,0.0,0.6,0.0021278112754879,1.0,0.6813769405722304,8.105084642104128e-10,1.0,0.0,1.0,,0.5,-1.4426950249075512e-08,-9.999999889225293e-09,1.0,0.5066872519476711,,,,423.1482810573653,4684.4384765625,,,,,,,,,,
1648,1,1648.0,0.0,32.0,32.0,0.3554715616046451,0.0,74.0,0.0,0.0,0.0,0.0,0.0,0.0,0.0,0.0,0.0,0.6,0.0021278112754879,1.0,0.6841940771380325,0.0,0.0,0.0,,,,,,0.0,,,,,436.6621730150655,4678.2197265625,,,,,,,,,,
1649,1,1649.0,0.0,32.0,32.0,0.4491103627369739,0.0,74.0,0.0,0.0,0.0,0.0,0.0,0.0,0.0,0.0,0.0,0.6,0.0021278112754879,1.0,0.6832394808093015,0.0,0.0,0.0,,,,,,0.0,,,,,427.1675270283595,4686.2509765625,,,,,,,,,,
1650,1,1650.0,0.0,32.0,32.0,0.1126307759841438,0.0,74.0,0.0,0.0,0.0,0.0,0.0,0.0,0.0,0.0,0.0,0.6,0.0021278112754879,1.0,0.687365169407207,0.0,0.0,0.0,,,,,,0.0,,,,,439.776964019984,4681.4853515625,,,,,,,,,,
1651,1,1651.0,0.0,32.0,32.0,0.0709243695018813,1.0,74.0,0.0135135135135135,1.0,0.0,1.0,0.0,0.1461756757551825,0.1461756757551825,0.0,0.0,0.6,0.0021278112754879,1.0,0.6889550071040547,1.0235762275305519e-10,1.0,0.0,1.0,,0.5,-1.4426950249075512e-08,-9.999999889225293e-09,1.0,0.512747747482725,,,,423.7145440420136,4677.6728515625,,,,,,,,,,
1652,1,1652.0,0.0,32.0,32.0,0.1201215446926653,0.0,74.0,0.0,0.0,0.0,0.0,0.0,0.0,0.0,0.0,0.0,0.6,0.0021278112754879,1.0,0.6932161673294186,0.0,0.0,0.0,,,,,,0.0,,,,,436.5035030059517,4678.2197265625,,,,,,,,,,
1653,1,1653.0,0.0,32.0,32.0,0.2891092838253826,0.0,74.0,0.0,0.0,0.0,0.0,0.0,0.0,0.0,0.0,0.0,0.6,0.0021278112754879,1.0,0.6884474183846374,0.0,0.0,0.0,,,,,,0.0,,,,,427.4203439708799,4677.0634765625,,,,,,,,,,
1654,1,1654.0,0.0,32.0,32.0,0.2227571916300803,0.0,74.0,0.0,0.0,0.0,0.0,0.0,0.0,0.0,0.0,0.0,0.6,0.0021278112754879,1.0,0.6795858017198283,0.0,0.0,0.0,,,,,,0.0,,,,,439.3854290246964,4677.0634765625,,,,,,,,,,
1655,1,1655.0,0.0,32.0,32.0,0.2499184166081249,0.0,74.0,0.0,0.0,0.0,0.0,0.0,0.0,0.0,0.0,0.0,0.6,0.0021278112754879,1.0,0.6912974661487529,0.0,0.0,0.0,,,,,,0.0,,,,,424.7611300088465,4679.6416015625,,,,,,,,,,
1656,1,1656.0,0.0,32.0,32.0,0.1952432870166376,0.0,74.0,0.0,0.0,0.0,0.0,0.0,0.0,0.0,0.0,0.0,0.6,0.0021278112754879,1.0,0.6813505078751051,0.0,0.0,0.0,,,,,,0.0,,,,,435.1550330175087,4681.4853515625,,,,,,,,,,
1657,1,1657.0,0.0,32.0,32.0,0.151184216607362,0.0,74.0,0.0,0.0,0.0,0.0,0.0,0.0,0.0,0.0,0.0,0.6,0.0021278112754879,1.0,0.6801038941055795,0.0,0.0,0.0,,,,,,0.0,,,,,430.8900641044602,4677.6728515625,,,,,,,,,,
1658,1,1658.0,0.0,32.0,32.0,0.1845883438363671,0.0,74.0,0.0,0.0,0.0,0.0,0.0,0.0,0.0,0.0,0.0,0.6,0.0021278112754879,1.0,0.6860939752971795,0.0,0.0,0.0,,,,,,0.0,,,,,441.2662709364668,4680.7509765625,,,,,,,,,,
1659,1,1659.0,0.0,32.0,32.0,0.165655942633748,0.0,74.0,0.0,0.0,0.0,0.0,0.0,0.0,0.0,0.0,0.0,0.6,0.0021278112754879,1.0,0.680916207462667,0.0,0.0,0.0,,,,,,0.0,,,,,428.99602791294456,4692.1806640625,,,,,,,,,,
1660,1,1660.0,0.0,32.0,32.0,0.2156664383946918,0.0,74.0,0.0,0.0,0.0,0.0,0.0,0.0,0.0,0.0,0.0,0.6,0.0021278112754879,1.0,0.6885699312095532,0.0,0.0,0.0,,,,,,0.0,,,,,433.8052009698004,4677.6728515625,,,,,,,,,,
1661,1,1661.0,0.0,32.0,32.0,0.160123317851685,0.0,74.0,0.0,0.0,0.0,0.0,0.0,0.0,0.0,0.0,0.0,0.6,0.0021278112754879,1.0,0.6890202807363348,0.0,0.0,0.0,,,,,,0.0,,,,,426.1217820458114,4688.2978515625,,,,,,,,,,
1662,1,1662.0,0.0,32.0,32.0,0.0238988018827512,2.0,74.0,0.027027027027027,1.0,1.0,0.5,0.5,0.1469680352980444,0.1415985895058865,0.1523374810902023,0.0,0.6,0.0021278112754879,1.0,0.680736587927746,4.692483309765917e-10,1.0,1.0,0.0,1.0,1.0,0.9999999711460994,0.6931471605599454,2.0,0.5178981526405263,,,0.0191817467543693,439.3527429783717,4679.8603515625,,,,,,,,,,
1663,1,1663.0,0.0,32.0,32.0,0.1530265681212768,0.0,74.0,0.0,0.0,0.0,0.0,0.0,0.0,0.0,0.0,0.0,0.6,0.0021278112754879,1.0,0.6848379094167945,0.0,0.0,0.0,,,,,,0.0,,,,,436.034873011522,4680.0166015625,,,,,,,,,,
1664,1,1664.0,0.0,32.0,32.0,0.3545262548141181,0.0,74.0,0.0,0.0,0.0,0.0,0.0,0.0,0.0,0.0,0.0,0.6,0.0021278112754879,1.0,0.6849034733656477,0.0,0.0,0.0,,,,,,0.0,,,,,437.68402899149805,4680.6884765625,,,,,,,,,,
1665,1,1665.0,0.0,32.0,32.0,0.0634307714644819,1.0,74.0,0.0135135135135135,1.0,0.0,1.0,0.0,0.1456910400858037,0.1456910400858037,0.0,0.0,0.6,0.0021278112754879,1.0,0.6850811913791296,0.0,1.0,0.0,1.0,,0.5,-1.4426950249075512e-08,-9.999999889225293e-09,1.0,0.5143631997139877,,,,425.3855759743601,4679.9541015625,,,,,,,,,,
1666,1,1666.0,0.0,32.0,32.0,0.1286961201694794,0.0,74.0,0.0,0.0,0.0,0.0,0.0,0.0,0.0,0.0,0.0,0.6,0.0021278112754879,1.0,0.6909677305966395,0.0,0.0,0.0,,,,,,0.0,,,,,441.4433869533241,4681.4853515625,,,,,,,,,,
1667,1,1667.0,0.0,32.0,32.0,0.2781085689202882,0.0,74.0,0.0,0.0,0.0,0.0,0.0,0.0,0.0,0.0,0.0,0.6,0.0021278112754879,1.0,0.6840160136309167,0.0,0.0,0.0,,,,,,0.0,,,,,428.179465001449,4693.5009765625,,,,,,,,,,
1668,1,1668.0,0.0,32.0,32.0,0.0339452442131005,1.0,74.0,0.0135135135135135,1.0,0.0,1.0,0.0,0.1444804792438289,0.1444804792438289,0.0,0.0,0.6,0.0021278112754879,1.0,0.683527402635944,2.3771340282833203e-10,1.0,0.0,1.0,,0.5,-1.4426950249075512e-08,-9.999999889225293e-09,1.0,0.51839840252057,,,,440.80656906589866,4684.6572265625,,,,,,,,,,
1669,1,1669.0,0.0,32.0,32.0,0.1090480252169072,0.0,74.0,0.0,0.0,0.0,0.0,0.0,0.0,0.0,0.0,0.0,0.6,0.0021278112754879,1.0,0.6880676328478778,0.0,0.0,0.0,,,,,,0.0,,,,,424.15473994333297,4695.5166015625,,,,,,,,,,
1670,1,1670.0,0.0,32.0,32.0,0.1192341608402784,0.0,74.0,0.0,0.0,0.0,0.0,0.0,0.0,0.0,0.0,0.0,0.6,0.0021278112754879,1.0,0.6893616160642264,0.0,0.0,0.0,,,,,,0.0,,,,,437.2269010636956,4688.2978515625,,,,,,,,,,
1671,1,1671.0,0.0,32.0,32.0,0.3959456125157885,0.0,74.0,0.0,0.0,0.0,0.0,0.0,0.0,0.0,0.0,0.0,0.6,0.0021278112754879,1.0,0.681773011847012,0.0,0.0,0.0,,,,,,0.0,,,,,426.7527220072225,4678.2197265625,,,,,,,,,,
1672,1,1672.0,0.0,32.0,32.0,0.3392986202379688,0.0,74.0,0.0,0.0,0.0,0.0,0.0,0.0,0.0,0.0,0.0,0.6,0.0021278112754879,1.0,0.6836051510188221,0.0,0.0,0.0,,,,,,0.0,,,,,440.7593089854345,4681.1572265625,,,,,,,,,,
1673,1,1673.0,0.0,32.0,32.0,0.2091225535841658,0.0,74.0,0.0,0.0,0.0,0.0,0.0,0.0,0.0,0.0,0.0,0.6,0.0021278112754879,1.0,0.6797980524659403,0.0,0.0,0.0,,,,,,0.0,,,,,427.1699019009248,4677.6728515625,,,,,,,,,,
1674,1,1674.0,0.0,32.0,32.0,0.0894246152020059,0.0,74.0,0.0,0.0,0.0,0.0,0.0,0.0,0.0,0.0,0.0,0.6,0.0021278112754879,1.0,0.6840417783518994,0.0,0.0,0.0,,,,,,0.0,,,,,433.0747089115903,4677.0634765625,,,,,,,,,,
1675,1,1675.0,0.0,32.0,32.0,0.3084445862332359,0.0,74.0,0.0,0.0,0.0,0.0,0.0,0.0,0.0,0.0,0.0,0.6,0.0021278112754879,1.0,0.6865563399842354,0.0,0.0,0.0,,,,,,0.0,,,,,429.7145010204986,4679.3603515625,,,,,,,,,,
1676,1,1676.0,0.0,32.0,32.0,0.3706063856370747,0.0,74.0,0.0,0.0,0.0,0.0,0.0,0.0,0.0,0.0,0.0,0.6,0.0021278112754879,1.0,0.6841590546789561,0.0,0.0,0.0,,,,,,0.0,,,,,438.0205379566178,4681.8291015625,,,,,,,,,,
1677,1,1677.0,0.0,32.0,32.0,0.2153276051394641,0.0,74.0,0.0,0.0,0.0,0.0,0.0,0.0,0.0,0.0,0.0,0.6,0.0021278112754879,1.0,0.6794447609451221,0.0,0.0,0.0,,,,,,0.0,,,,,429.2372890049592,4682.3056640625,,,,,,,,,,
1678,1,1678.0,0.0,32.0,32.0,0.0524095385335385,3.0,74.0,0.0405405405405405,1.0,2.0,0.3333333333333333,0.6666666666666666,0.1501522919787739,0.1470946712888241,0.1516811023237489,0.0,0.6,0.0021278112754879,1.0,0.6783188869904246,-8.3838321382854e-10,1.0,2.0,0.3333333333333333,2.0,1.0,0.918295805200589,0.636514148294813,2.0,0.5104198174402444,0.0022837675642222,0.4988581162178889,0.0077549003724907,435.0838268874213,4686.2509765625,,,,,,,,,,
1679,1,1679.0,0.0,32.0,32.0,0.0229879718390293,9.0,74.0,0.1216216216216216,2.0,7.0,0.2222222222222222,0.7777777777777778,0.150067561178719,0.1460763301832933,0.1512079128916978,0.0,0.6,0.0021278112754879,1.0000000000385103,0.6811804463620021,-8.405453753256807e-10,2.0,7.0,0.5555555555555556,3.5,1.0,0.7642044776547198,0.5297061790576547,2.0,0.5080169766928802,2.4043409212026745e-05,0.499987978295394,0.0019109317751352,434.5835469430313,4693.5009765625,,,,,,,,,,
1680,1,1680.0,0.0,32.0,32.0,0.3353661485016346,0.0,74.0,0.0,0.0,0.0,0.0,0.0,0.0,0.0,0.0,0.0,0.6,0.0021278112754879,1.0,0.6806088514572857,0.0,0.0,0.0,,,,,,0.0,,,,,438.18150903098285,4679.9541015625,,,,,,,,,,
1681,1,1681.0,0.0,32.0,32.0,0.2235591821954585,0.0,74.0,0.0,0.0,0.0,0.0,0.0,0.0,0.0,0.0,0.0,0.6,0.0021278112754879,1.0,0.6915169794417684,0.0,0.0,0.0,,,,,,0.0,,,,,430.37069600541145,4683.2041015625,,,,,,,,,,
1682,1,1682.0,0.0,32.0,32.0,0.038231850368902,1.0,74.0,0.0135135135135135,1.0,0.0,1.0,0.0,0.1479345277084442,0.1479345277084442,0.0,0.0,0.6,0.0021278112754879,1.0,0.6849004858815573,-7.624049835521965e-10,1.0,0.0,1.0,,0.5,-1.4426950249075512e-08,-9.999999889225293e-09,1.0,0.506884907638519,,,,434.11362601909786,4688.4384765625,,,,,,,,,,
1683,1,1683.0,0.0,32.0,32.0,0.2772984642069787,0.0,74.0,0.0,0.0,0.0,0.0,0.0,0.0,0.0,0.0,0.0,0.6,0.0021278112754879,1.0,0.6911342628781589,0.0,0.0,0.0,,,,,,0.0,,,,,430.6900289375335,4677.6728515625,,,,,,,,,,
1684,1,1684.0,0.0,32.0,32.0,0.0259877934586256,3.0,74.0,0.0405405405405405,1.0,2.0,0.3333333333333333,0.6666666666666666,0.1520612755504997,0.1467962447305048,0.1546937909604972,0.0,0.6,0.0021278112754879,0.9999999999541616,0.6843685473564829,-7.436153222838624e-10,1.0,2.0,0.3333333333333333,2.0,1.0,0.918295805200589,0.636514148294813,2.0,0.5139903746560996,-0.0018455948447808,0.5009227974223904,0.0192510560483333,441.6200669948012,4682.3056640625,,,,,,,,,,
1685,1,1685.0,0.0,32.0,32.0,0.1058651051716879,0.0,74.0,0.0,0.0,0.0,0.0,0.0,0.0,0.0,0.0,0.0,0.6,0.0021278112754879,1.0,0.6877245727416166,0.0,0.0,0.0,,,,,,0.0,,,,,427.53631295636296,4695.5166015625,,,,,,,,,,
1686,1,1686.0,0.0,32.0,32.0,0.1192492753616534,0.0,74.0,0.0,0.0,0.0,0.0,0.0,0.0,0.0,0.0,0.0,0.6,0.0021278112754879,1.0,0.69844081197434,0.0,0.0,0.0,,,,,,0.0,,,,,436.60709098912776,4681.9072265625,,,,,,,,,,
1687,1,1687.0,0.0,32.0,32.0,0.1220959048660006,0.0,74.0,0.0,0.0,0.0,0.0,0.0,0.0,0.0,0.0,0.0,0.6,0.0021278112754879,1.0,0.685722709079601,0.0,0.0,0.0,,,,,,0.0,,,,,423.8342950120568,4677.0634765625,,,,,,,,,,
1688,1,1688.0,0.0,32.0,32.0,0.0944279064424336,0.0,74.0,0.0,0.0,0.0,0.0,0.0,0.0,0.0,0.0,0.0,0.6,0.0021278112754879,1.0,0.6854800650819397,0.0,0.0,0.0,,,,,,0.0,,,,,437.88200500421226,4680.0166015625,,,,,,,,,,
1689,1,1689.0,0.0,32.0,32.0,0.3354830841999501,0.0,74.0,0.0,0.0,0.0,0.0,0.0,0.0,0.0,0.0,0.0,0.6,0.0021278112754879,1.0,0.6830660829913856,0.0,0.0,0.0,,,,,,0.0,,,,,429.05775108374655,4681.8291015625,,,,,,,,,,
1690,1,1690.0,0.0,32.0,32.0,0.11291838917532,0.0,74.0,0.0,0.0,0.0,0.0,0.0,0.0,0.0,0.0,0.0,0.6,0.0021278112754879,1.0,0.6912259722950884,0.0,0.0,0.0,,,,,,0.0,,,,,436.14786700345576,4679.3603515625,,,,,,,,,,
1691,1,1691.0,0.0,32.0,32.0,0.1736517318058759,0.0,74.0,0.0,0.0,0.0,0.0,0.0,0.0,0.0,0.0,0.0,0.6,0.0021278112754879,1.0,0.6869066903751996,0.0,0.0,0.0,,,,,,0.0,,,,,424.6186069212854,4684.4384765625,,,,,,,,,,
1692,1,1692.0,0.0,32.0,32.0,0.359719005820807,0.0,74.0,0.0,0.0,0.0,0.0,0.0,0.0,0.0,0.0,0.0,0.6,0.0021278112754879,1.0,0.6847306025945072,0.0,0.0,0.0,,,,,,0.0,,,,,436.0334380762652,4678.2197265625,,,,,,,,,,
1693,1,1693.0,0.0,32.0,32.0,0.2284553962526843,0.0,74.0,0.0,0.0,0.0,0.0,0.0,0.0,0.0,0.0,0.0,0.6,0.0021278112754879,1.0,0.689642623780127,0.0,0.0,0.0,,,,,,0.0,,,,,428.16284904256463,4679.3603515625,,,,,,,,,,
1694,1,1694.0,0.0,32.0,32.0,0.2284257593564689,0.0,74.0,0.0,0.0,0.0,0.0,0.0,0.0,0.0,0.0,0.0,0.6,0.0021278112754879,1.0,0.6824956020351938,0.0,0.0,0.0,,,,,,0.0,,,,,438.7210790300742,4692.1806640625,,,,,,,,,,
1695,1,1695.0,0.0,32.0,32.0,0.1546110934577882,0.0,74.0,0.0,0.0,0.0,0.0,0.0,0.0,0.0,0.0,0.0,0.6,0.0021278112754879,1.0,0.6876537350341644,0.0,0.0,0.0,,,,,,0.0,,,,,429.7131319763139,4681.4853515625,,,,,,,,,,
1696,1,1696.0,0.0,32.0,32.0,0.1243195819552056,0.0,74.0,0.0,0.0,0.0,0.0,0.0,0.0,0.0,0.0,0.0,0.6,0.0021278112754879,1.0,0.6793908649479597,0.0,0.0,0.0,,,,,,0.0,,,,,436.9694550987333,4681.5634765625,,,,,,,,,,
1697,1,1697.0,0.0,32.0,32.0,0.2438432243070565,0.0,74.0,0.0,0.0,0.0,0.0,0.0,0.0,0.0,0.0,0.0,0.6,0.0021278112754879,1.0,0.6845819497216695,0.0,0.0,0.0,,,,,,0.0,,,,,431.7880229791626,4678.2197265625,,,,,,,,,,
1698,1,1698.0,0.0,32.0,32.0,0.0397975377272814,4.0,74.0,0.054054054054054,1.0,3.0,0.25,0.75,0.1500539726375133,0.1477355759436802,0.1508267715354576,0.0,0.6,0.0021278112754879,1.0000000000502882,0.6798564053737512,-1.624954579676935e-09,1.0,3.0,0.5,3.0,1.0,0.8112780956052325,0.5623351246188086,2.0,0.5039539488855772,-0.0063066086731851,0.5031533043365926,0.021968423826098,442.2868980327621,4680.0166015625,,,,,,,,,,
1699,1,1699.0,0.0,32.0,32.0,0.1310291886329651,0.0,74.0,0.0,0.0,0.0,0.0,0.0,0.0,0.0,0.0,0.0,0.6,0.0021278112754879,1.0,0.6831595661772276,0.0,0.0,0.0,,,,,,0.0,,,,,430.46381999738514,4693.5009765625,,,,,,,,,,
1700,1,1700.0,0.0,32.0,32.0,0.128976208041422,0.0,74.0,0.0,0.0,0.0,0.0,0.0,0.0,0.0,0.0,0.0,0.6,0.0021278112754879,1.0,0.6843079351719585,0.0,0.0,0.0,,,,,,0.0,,,,,435.63714798074216,4681.8291015625,,,,,,,,,,
1701,1,1701.0,0.0,32.0,32.0,0.1472673347452655,0.0,74.0,0.0,0.0,0.0,0.0,0.0,0.0,0.0,0.0,0.0,0.6,0.0021278112754879,1.0,0.6963013631924434,0.0,0.0,0.0,,,,,,0.0,,,,,431.11902999226,4680.6884765625,,,,,,,,,,
1702,1,1702.0,0.0,32.0,32.0,0.118195993010886,0.0,74.0,0.0,0.0,0.0,0.0,0.0,0.0,0.0,0.0,0.0,0.6,0.0021278112754879,1.0,0.6862762945344155,0.0,0.0,0.0,,,,,,0.0,,,,,440.9893470583484,4680.0166015625,,,,,,,,,,
1703,1,1703.0,0.0,32.0,32.0,0.0920121476519852,0.0,74.0,0.0,0.0,0.0,0.0,0.0,0.0,0.0,0.0,0.0,0.6,0.0021278112754879,1.0,0.6950572979456966,0.0,0.0,0.0,,,,,,0.0,,,,,428.3463050378487,4681.0087890625,,,,,,,,,,
1704,1,1704.0,0.0,32.0,32.0,0.1601571899373084,0.0,74.0,0.0,0.0,0.0,0.0,0.0,0.0,0.0,0.0,0.0,0.6,0.0021278112754879,1.0,0.6858386648575546,0.0,0.0,0.0,,,,,,0.0,,,,,440.7833340810612,4678.7822265625,,,,,,,,,,
1705,1,1705.0,0.0,32.0,32.0,0.2945491300197318,0.0,74.0,0.0,0.0,0.0,0.0,0.0,0.0,0.0,0.0,0.0,0.6,0.0021278112754879,1.0,0.6867594282375433,0.0,0.0,0.0,,,,,,0.0,,,,,424.6341830585152,4679.6416015625,,,,,,,,,,
1706,1,1706.0,0.0,32.0,32.0,0.1751527120941318,0.0,74.0,0.0,0.0,0.0,0.0,0.0,0.0,0.0,0.0,0.0,0.6,0.0021278112754879,1.0,0.6853495191400075,0.0,0.0,0.0,,,,,,0.0,,,,,437.9828810924664,4680.0166015625,,,,,,,,,,
1707,1,1707.0,0.0,32.0,32.0,0.068120019743219,2.0,74.0,0.027027027027027,0.0,2.0,0.0,1.0,0.1490773628246831,0.0,0.1490773628246831,0.0,0.6,0.0021278112754879,1.0000000000187934,0.6900966749417331,-2.4180840965070632e-09,0.0,2.0,1.0,,0.5,-1.4426950249075512e-08,-9.999999889225293e-09,1.0,0.5030754572510561,0.0187519751489162,0.4906240124255419,,510.9746089437977,4681.9072265625,,,,,,,,,,
1708,1,1708.0,0.0,32.0,32.0,0.2764926076633855,0.0,74.0,0.0,0.0,0.0,0.0,0.0,0.0,0.0,0.0,0.0,0.6,0.0021278112754879,1.0,0.6845599740950438,0.0,0.0,0.0,,,,,,0.0,,,,,430.6862980592996,4687.4541015625,,,,,,,,,,
1709,1,1709.0,0.0,32.0,32.0,0.2094965383876115,0.0,74.0,0.0,0.0,0.0,0.0,0.0,0.0,0.0,0.0,0.0,0.6,0.0021278112754879,1.0,0.6875943849969557,0.0,0.0,0.0,,,,,,0.0,,,,,437.7450179308653,4681.8291015625,,,,,,,,,,
1710,1,1710.0,0.0,32.0,32.0,0.2446520375087857,0.0,74.0,0.0,0.0,0.0,0.0,0.0,0.0,0.0,0.0,0.0,0.6,0.0021278112754879,1.0,0.6844122965441085,0.0,0.0,0.0,,,,,,0.0,,,,,424.82506204396486,4678.7822265625,,,,,,,,,,
1711,1,1711.0,0.0,32.0,32.0,0.1925721194129437,0.0,74.0,0.0,0.0,0.0,0.0,0.0,0.0,0.0,0.0,0.0,0.6,0.0021278112754879,1.0,0.6798269114354422,0.0,0.0,0.0,,,,,,0.0,,,,,437.7631960669533,4679.9541015625,,,,,,,,,,
1712,1,1712.0,0.0,32.0,32.0,0.0544931062031537,2.0,74.0,0.027027027027027,0.0,2.0,0.0,1.0,0.1501699298721582,0.0,0.1501699298721582,0.0,0.6,0.0021278112754879,0.9999999999794592,0.6791778255809151,4.252954807020619e-10,0.0,2.0,1.0,,0.5,-1.4426950249075512e-08,-9.999999889225293e-09,1.0,0.5035819446019741,-0.0057780644856393,0.5028890322428197,,431.5270660445094,4683.2041015625,,,,,,,,,,
1713,1,1713.0,0.0,32.0,32.0,0.0444041357841342,11.0,74.0,0.1486486486486486,3.0,8.0,0.2727272727272727,0.7272727272727273,0.1481517228679954,0.14127975024188,0.1507287126027886,0.0,0.6,0.0021278112754879,0.999999999828165,0.6730085264923356,-7.872687479404093e-10,3.0,8.0,0.4545454545454545,2.6666666666666665,1.0,0.8453509077685359,0.5859525983035511,2.0,0.5105625500848805,-0.0003541746555129,0.5001770873277565,-0.004181328001608,444.1845549736172,4688.2978515625,,,,,,,,,,
1714,1,1714.0,0.0,32.0,32.0,0.197496643057093,0.0,74.0,0.0,0.0,0.0,0.0,0.0,0.0,0.0,0.0,0.0,0.6,0.0021278112754879,1.0,0.6853780625704364,0.0,0.0,0.0,,,,,,0.0,,,,,423.78865007776767,4684.4384765625,,,,,,,,,,
1715,1,1715.0,0.0,32.0,32.0,0.1259563630446791,0.0,74.0,0.0,0.0,0.0,0.0,0.0,0.0,0.0,0.0,0.0,0.6,0.0021278112754879,1.0,0.6915863427584298,0.0,0.0,0.0,,,,,,0.0,,,,,438.5742379818112,4693.5009765625,,,,,,,,,,
1716,1,1716.0,0.0,32.0,32.0,0.1881868331693112,0.0,74.0,0.0,0.0,0.0,0.0,0.0,0.0,0.0,0.0,0.0,0.6,0.0021278112754879,1.0,0.6876071638426136,0.0,0.0,0.0,,,,,,0.0,,,,,428.543001995422,4680.0166015625,,,,,,,,,,
1717,1,1717.0,0.0,32.0,32.0,0.1210570936091244,0.0,74.0,0.0,0.0,0.0,0.0,0.0,0.0,0.0,0.0,0.0,0.6,0.0021278112754879,1.0,0.6869582902887746,0.0,0.0,0.0,,,,,,0.0,,,,,438.3275220170617,4688.2978515625,,,,,,,,,,
1718,1,1718.0,0.0,32.0,32.0,0.1428688756423071,0.0,74.0,0.0,0.0,0.0,0.0,0.0,0.0,0.0,0.0,0.0,0.6,0.0021278112754879,1.0,0.6791170786440809,0.0,0.0,0.0,,,,,,0.0,,,,,429.7815420432016,4677.6728515625,,,,,,,,,,
1719,1,1719.0,0.0,32.0,32.0,0.2568009783281013,0.0,74.0,0.0,0.0,0.0,0.0,0.0,0.0,0.0,0.0,0.0,0.6,0.0021278112754879,1.0,0.6852422533908488,0.0,0.0,0.0,,,,,,0.0,,,,,432.3544109938666,4678.2197265625,,,,,,,,,,
1720,1,1720.0,0.0,32.0,32.0,0.0338095541083021,1.0,74.0,0.0135135135135135,1.0,0.0,1.0,0.0,0.1428061764122174,0.1428061764122174,0.0,0.0,0.6,0.0021278112754879,1.0,0.6882357046262472,-5.985076398448772e-11,1.0,0.0,1.0,,0.5,-1.4426950249075512e-08,-9.999999889225293e-09,1.0,0.5239794119592752,,,,432.4852819554508,4681.4853515625,,,,,,,,,,
1721,1,1721.0,0.0,32.0,32.0,0.2112672129878774,0.0,74.0,0.0,0.0,0.0,0.0,0.0,0.0,0.0,0.0,0.0,0.6,0.0021278112754879,1.0,0.6816870489009921,0.0,0.0,0.0,,,,,,0.0,,,,,439.4377750577405,4682.3056640625,,,,,,,,,,
1722,1,1722.0,0.0,32.0,32.0,0.1479541872395202,0.0,74.0,0.0,0.0,0.0,0.0,0.0,0.0,0.0,0.0,0.0,0.6,0.0021278112754879,1.0,0.6874834665779278,0.0,0.0,0.0,,,,,,0.0,,,,,428.9154080906883,4693.5009765625,,,,,,,,,,
1723,1,1723.0,0.0,32.0,32.0,0.1998686708393506,0.0,74.0,0.0,0.0,0.0,0.0,0.0,0.0,0.0,0.0,0.0,0.6,0.0021278112754879,1.0,0.6924106446403107,0.0,0.0,0.0,,,,,,0.0,,,,,431.4866069471464,4677.0634765625,,,,,,,,,,
1724,1,1724.0,0.0,32.0,32.0,0.1671675886609591,0.0,74.0,0.0,0.0,0.0,0.0,0.0,0.0,0.0,0.0,0.0,0.6,0.0021278112754879,1.0,0.686512622042641,0.0,0.0,0.0,,,,,,0.0,,,,,429.63457701262087,4679.3603515625,,,,,,,,,,
1725,1,1725.0,0.0,32.0,32.0,0.1343440552009269,0.0,74.0,0.0,0.0,0.0,0.0,0.0,0.0,0.0,0.0,0.0,0.6,0.0021278112754879,1.0,0.6885112506968809,0.0,0.0,0.0,,,,,,0.0,,,,,437.3503550887108,4692.1806640625,,,,,,,,,,
1726,1,1726.0,0.0,32.0,32.0,0.1986637101508677,0.0,74.0,0.0,0.0,0.0,0.0,0.0,0.0,0.0,0.0,0.0,0.6,0.0021278112754879,1.0,0.683329773329584,0.0,0.0,0.0,,,,,,0.0,,,,,425.0921150669456,4692.1806640625,,,,,,,,,,
1727,1,1727.0,0.0,32.0,32.0,0.147239308222197,0.0,74.0,0.0,0.0,0.0,0.0,0.0,0.0,0.0,0.0,0.0,0.6,0.0021278112754879,1.0,0.6847657453754893,0.0,0.0,0.0,,,,,,0.0,,,,,431.00269394926727,4693.5009765625,,,,,,,,,,
1728,1,1728.0,0.0,32.0,32.0,0.3416763036511838,0.0,74.0,0.0,0.0,0.0,0.0,0.0,0.0,0.0,0.0,0.0,0.6,0.0021278112754879,1.0,0.6872180494887506,0.0,0.0,0.0,,,,,,0.0,,,,,428.6168830003589,4679.3603515625,,,,,,,,,,
1729,1,1729.0,0.0,32.0,32.0,0.05268885276746,2.0,74.0,0.027027027027027,0.0,2.0,0.0,1.0,0.152285851469876,0.0,0.152285851469876,0.0,0.6,0.0021278112754879,1.0,0.6846047389115091,-7.149454980739857e-10,0.0,2.0,1.0,,0.5,-1.4426950249075512e-08,-9.999999889225293e-09,1.0,0.5076195048995868,0.0056963106617331,0.4971518446691334,,440.53927005734295,4682.3056640625,,,,,,,,,,
1730,1,1730.0,0.0,32.0,32.0,0.1259112462867051,0.0,74.0,0.0,0.0,0.0,0.0,0.0,0.0,0.0,0.0,0.0,0.6,0.0021278112754879,1.0,0.68568705821063,0.0,0.0,0.0,,,,,,0.0,,,,,427.0215689903125,4693.5009765625,,,,,,,,,,
1731,1,1731.0,0.0,32.0,32.0,0.2042615491664037,0.0,74.0,0.0,0.0,0.0,0.0,0.0,0.0,0.0,0.0,0.0,0.6,0.0021278112754879,1.0,0.6885791626071202,0.0,0.0,0.0,,,,,,0.0,,,,,438.00901900976896,4678.7822265625,,,,,,,,,,
1732,1,1732.0,0.0,32.0,32.0,0.3976904852315783,0.0,74.0,0.0,0.0,0.0,0.0,0.0,0.0,0.0,0.0,0.0,0.6,0.0021278112754879,1.0,0.6813087690502263,0.0,0.0,0.0,,,,,,0.0,,,,,426.6528059961274,4679.6416015625,,,,,,,,,,
1733,1,1733.0,0.0,32.0,32.0,0.22153114923276,0.0,74.0,0.0,0.0,0.0,0.0,0.0,0.0,0.0,0.0,0.0,0.6,0.0021278112754879,1.0,0.6893147631693636,0.0,0.0,0.0,,,,,,0.0,,,,,445.5577969783917,4680.6884765625,,,,,,,,,,
1734,1,1734.0,0.0,32.0,32.0,0.0443360318313352,10.0,74.0,0.1351351351351351,1.0,9.0,0.1,0.9,0.1513149987351469,0.1466997404437455,0.1518278052119693,0.0,0.6,0.0021278112754879,0.999999999877371,0.679972443769055,2.470788561923629e-09,1.0,9.0,0.8,9.0,1.0,0.4689955647353811,0.3250829533914487,2.0,0.5082326804581848,0.0002998603740707,0.4998500698129646,-0.0011052338743234,433.4533989895135,4693.5009765625,,,,,,,,,,
1735,1,1735.0,0.0,32.0,32.0,0.1239328570663929,2.0,74.0,0.027027027027027,1.0,1.0,0.5,0.5,0.1485047840023735,0.1438796178429103,0.1531299501618367,0.0,0.6,0.0021278112754879,1.0000000000566798,0.6842235625993799,1.6238740547431435e-09,1.0,1.0,0.0,1.0,1.0,0.9999999711460994,0.6931471605599454,2.0,0.5154172205315442,,,-0.000821123632753,436.4039320498705,4681.9228515625,,,,,,,,,,
1736,1,1736.0,0.0,32.0,32.0,0.1855498414952308,0.0,74.0,0.0,0.0,0.0,0.0,0.0,0.0,0.0,0.0,0.0,0.6,0.0021278112754879,1.0,0.6835187078396577,0.0,0.0,0.0,,,,,,0.0,,,,,424.41486089956015,4680.0166015625,,,,,,,,,,
1737,1,1737.0,0.0,32.0,32.0,0.1068532415665686,4.0,74.0,0.054054054054054,1.0,3.0,0.25,0.75,0.1493591882158105,0.1443968087547012,0.1510133147028469,0.0,0.6,0.0021278112754879,1.0000000000030258,0.6758844599362761,2.673740727319905e-09,1.0,3.0,0.5,3.0,1.0,0.8112780956052325,0.5623351246188086,2.0,0.5119061039526791,0.0042587434872984,0.4978706282563507,0.0076579051871919,441.8028690852225,4695.5166015625,,,,,,,,,,
1738,1,1738.0,0.0,32.0,32.0,0.0585384976584464,1.0,74.0,0.0135135135135135,0.0,1.0,0.0,1.0,0.1495103383002141,0.0,0.1495103383002141,0.0,0.6,0.0021278112754879,1.000000000015474,0.6888916064141305,-1.2716385234602179e-09,0.0,1.0,1.0,,0.5,-1.4426950249075512e-08,-9.999999889225293e-09,1.0,0.5016322056659529,,,,429.0163569385186,4677.0634765625,,,,,,,,,,
1739,1,1739.0,0.0,32.0,32.0,0.13588235800853,1.0,74.0,0.0135135135135135,1.0,0.0,1.0,0.0,0.1452522975466306,0.1452522975466306,0.0,0.0,0.6,0.0021278112754879,1.0,0.6898596739302135,5.197516921355899e-10,1.0,0.0,1.0,,0.5,-1.4426950249075512e-08,-9.999999889225293e-09,1.0,0.5158256748445644,,,,438.8540480285883,4679.9541015625,,,,,,,,,,
1740,1,1740.0,0.0,32.0,32.0,0.1247236278140917,0.0,74.0,0.0,0.0,0.0,0.0,0.0,0.0,0.0,0.0,0.0,0.6,0.0021278112754879,1.0,0.6891031178305341,0.0,0.0,0.0,,,,,,0.0,,,,,424.7945309616625,4679.8603515625,,,,,,,,,,
1741,1,1741.0,0.0,32.0,32.0,0.0416616454022005,9.0,74.0,0.1216216216216216,3.0,6.0,0.3333333333333333,0.6666666666666666,0.1496537559343687,0.1463683530062827,0.1512964573984117,0.0,0.6,0.0021278112754879,1.0000000000055802,0.6941281323734673,2.2861135333696347e-09,3.0,6.0,0.3333333333333333,2.0,1.0,0.918295805200589,0.636514148294813,2.0,0.5076159898896527,0.0006291806057561,0.4996854096971219,-0.0098159448252275,443.4707190375775,4682.3056640625,,,,,,,,,,
1742,1,1742.0,0.0,32.0,32.0,0.0775543758063577,2.0,74.0,0.027027027027027,1.0,1.0,0.5,0.5,0.1490415316687989,0.1428551378754899,0.1552279254621078,0.0,0.6,0.0021278112754879,1.0000000000176994,0.681477191831483,-5.497557407430975e-10,1.0,1.0,0.0,1.0,1.0,0.9999999711460994,0.6931471605599454,2.0,0.5206213126443632,,,0.0004973716705553,427.97094699926674,4678.2197265625,,,,,,,,,,
1743,1,1743.0,0.0,32.0,32.0,0.1811740597477182,0.0,74.0,0.0,0.0,0.0,0.0,0.0,0.0,0.0,0.0,0.0,0.6,0.0021278112754879,1.0,0.6861800100581643,0.0,0.0,0.0,,,,,,0.0,,,,,437.9098250064999,4681.9072265625,,,,,,,,,,
1744,1,1744.0,0.0,32.0,32.0,0.0454680188558995,0.0,74.0,0.0,0.0,0.0,0.0,0.0,0.0,0.0,0.0,0.0,0.6,0.0021278112754879,1.0,0.6874372152543907,0.0,0.0,0.0,,,,,,0.0,,,,,428.4768489887938,4680.6884765625,,,,,,,,,,
1745,1,1745.0,0.0,32.0,32.0,0.1307105135638266,0.0,74.0,0.0,0.0,0.0,0.0,0.0,0.0,0.0,0.0,0.0,0.6,0.0021278112754879,1.0,0.7042301087212623,0.0,0.0,0.0,,,,,,0.0,,,,,435.2049609879032,4681.9072265625,,,,,,,,,,
1746,1,1746.0,0.0,32.0,32.0,0.2728510283341165,0.0,74.0,0.0,0.0,0.0,0.0,0.0,0.0,0.0,0.0,0.0,0.6,0.0021278112754879,1.0,0.6878368385417086,0.0,0.0,0.0,,,,,,0.0,,,,,429.3094070162624,4680.6884765625,,,,,,,,,,
1747,1,1747.0,0.0,32.0,32.0,0.0112674151896499,49.0,74.0,0.6621621621621622,16.0,33.0,0.3265306122448979,0.673469387755102,0.1491700199490802,0.1444346619737055,0.1514659510886558,0.0,0.6,0.0021278112754879,1.0000000030855278,0.6810081971181862,-1.0928598768906216e-08,16.0,33.0,0.3469387755102041,2.0625,1.0,0.9113423471219412,0.6316943784324565,2.0,0.5098139742153932,3.333734156331841e-06,0.4999983331329218,-0.0019851482625969,469.54979200381786,4927.68017578125,,,,,,,,,,
1748,1,1748.0,0.0,32.0,32.0,0.0781010636710561,1.0,74.0,0.0135135135135135,0.0,1.0,0.0,1.0,0.1521099875376008,0.0,0.1521099875376008,0.0,0.6,0.0021278112754879,0.9999999999975292,0.6869487237656695,0.0,0.0,1.0,1.0,,0.5,-1.4426950249075512e-08,-9.999999889225293e-09,1.0,0.5070332917920028,,,,429.065642063506,4692.1806640625,,,,,,,,,,
1749,1,1749.0,0.0,32.0,32.0,0.1706963139004074,0.0,74.0,0.0,0.0,0.0,0.0,0.0,0.0,0.0,0.0,0.0,0.6,0.0021278112754879,1.0,0.683873305630304,0.0,0.0,0.0,,,,,,0.0,,,,,438.60860797576606,4683.2041015625,,,,,,,,,,
1750,1,1750.0,0.0,32.0,32.0,0.1837725077057257,0.0,74.0,0.0,0.0,0.0,0.0,0.0,0.0,0.0,0.0,0.0,0.6,0.0021278112754879,1.0,0.6868488772539784,0.0,0.0,0.0,,,,,,0.0,,,,,428.3976380247623,4684.6572265625,,,,,,,,,,
1751,1,1751.0,0.0,32.0,32.0,0.1133709939313121,0.0,74.0,0.0,0.0,0.0,0.0,0.0,0.0,0.0,0.0,0.0,0.6,0.0021278112754879,1.0,0.6853672591970774,0.0,0.0,0.0,,,,,,0.0,,,,,437.7241189358756,4680.0166015625,,,,,,,,,,
1752,1,1752.0,0.0,32.0,32.0,0.1348829962080344,1.0,74.0,0.0135135135135135,0.0,1.0,0.0,1.0,0.152612855466229,0.0,0.152612855466229,0.0,0.6,0.0021278112754879,1.000000000001818,0.6909177963792097,6.160528506246074e-11,0.0,1.0,1.0,,0.5,-1.4426950249075512e-08,-9.999999889225293e-09,1.0,0.5087095182207634,,,,428.9564149221405,4679.6416015625,,,,,,,,,,
1753,1,1753.0,0.0,32.0,32.0,0.1349560493836179,0.0,74.0,0.0,0.0,0.0,0.0,0.0,0.0,0.0,0.0,0.0,0.6,0.0021278112754879,1.0,0.684491424447624,0.0,0.0,0.0,,,,,,0.0,,,,,433.7399259675294,4693.5009765625,,,,,,,,,,
1754,1,1754.0,0.0,32.0,32.0,0.1689738275017589,0.0,74.0,0.0,0.0,0.0,0.0,0.0,0.0,0.0,0.0,0.0,0.6,0.0021278112754879,1.0,0.6902144959081288,0.0,0.0,0.0,,,,,,0.0,,,,,424.4307689368725,4681.1572265625,,,,,,,,,,
1755,1,1755.0,0.0,32.0,32.0,0.1150606310256989,0.0,74.0,0.0,0.0,0.0,0.0,0.0,0.0,0.0,0.0,0.0,0.6,0.0021278112754879,1.0,0.6805642950364912,0.0,0.0,0.0,,,,,,0.0,,,,,437.9236690001562,4680.7509765625,,,,,,,,,,
1756,1,1756.0,0.0,32.0,32.0,0.7143806715030223,0.0,74.0,0.0,0.0,0.0,0.0,0.0,0.0,0.0,0.0,0.0,0.6,0.0021278112754879,1.0,0.6828197321178435,0.0,0.0,0.0,,,,,,0.0,,,,,427.1500649629161,4679.9541015625,,,,,,,,,,
1757,1,1757.0,0.0,32.0,32.0,0.2535583267454058,0.0,74.0,0.0,0.0,0.0,0.0,0.0,0.0,0.0,0.0,0.0,0.6,0.0021278112754879,1.0,0.6836887740632327,0.0,0.0,0.0,,,,,,0.0,,,,,434.6338730538264,4687.4541015625,,,,,,,,,,
1758,1,1758.0,0.0,32.0,32.0,0.4642830224474892,0.0,74.0,0.0,0.0,0.0,0.0,0.0,0.0,0.0,0.0,0.0,0.6,0.0021278112754879,1.0,0.6883318863677087,0.0,0.0,0.0,,,,,,0.0,,,,,424.5198459830135,4683.2041015625,,,,,,,,,,
1759,1,1759.0,0.0,32.0,32.0,0.3211433462565765,0.0,74.0,0.0,0.0,0.0,0.0,0.0,0.0,0.0,0.0,0.0,0.6,0.0021278112754879,1.0,0.6860028649150806,0.0,0.0,0.0,,,,,,0.0,,,,,433.2205649698153,4680.7509765625,,,,,,,,,,
1760,1,1760.0,0.0,32.0,32.0,0.0368879523593932,11.0,74.0,0.1486486486486486,3.0,8.0,0.2727272727272727,0.7272727272727273,0.1522521534298221,0.1392572003055596,0.1571252608514205,0.0,0.6,0.0021278112754879,0.9999999998475932,0.6772695182975436,-1.0069800760879464e-09,3.0,8.0,0.4545454545454545,2.6666666666666665,1.0,0.8453509077685359,0.5859525983035511,2.0,0.5279356371762457,-0.0004924532449877,0.5002462266224939,0.0039117597777669,431.9019549293444,4677.6728515625,,,,,,,,,,
1761,1,1761.0,0.0,32.0,32.0,0.0720279223751276,0.0,74.0,0.0,0.0,0.0,0.0,0.0,0.0,0.0,0.0,0.0,0.6,0.0021278112754879,1.0,0.6898058347616242,0.0,0.0,0.0,,,,,,0.0,,,,,435.5046150740236,4680.6884765625,,,,,,,,,,
1762,1,1762.0,0.0,32.0,32.0,0.1888757613487541,0.0,74.0,0.0,0.0,0.0,0.0,0.0,0.0,0.0,0.0,0.0,0.6,0.0021278112754879,1.0,0.6869928542967024,0.0,0.0,0.0,,,,,,0.0,,,,,421.6220980742946,4688.2978515625,,,,,,,,,,
1763,1,1763.0,0.0,32.0,32.0,0.1080016862833872,0.0,74.0,0.0,0.0,0.0,0.0,0.0,0.0,0.0,0.0,0.0,0.6,0.0021278112754879,1.0,0.6856446575096704,0.0,0.0,0.0,,,,,,0.0,,,,,433.9794089319184,4680.7509765625,,,,,,,,,,
1764,1,1764.0,0.0,32.0,32.0,0.18158670514822,0.0,74.0,0.0,0.0,0.0,0.0,0.0,0.0,0.0,0.0,0.0,0.6,0.0021278112754879,1.0,0.6808720579854175,0.0,0.0,0.0,,,,,,0.0,,,,,423.7284830305725,4695.5166015625,,,,,,,,,,
1765,1,1765.0,0.0,32.0,32.0,0.0981155738700181,0.0,74.0,0.0,0.0,0.0,0.0,0.0,0.0,0.0,0.0,0.0,0.6,0.0021278112754879,1.0,0.6860512394893219,0.0,0.0,0.0,,,,,,0.0,,,,,435.4506069794297,4679.9541015625,,,,,,,,,,
1766,1,1766.0,0.0,32.0,32.0,0.0719804547261446,1.0,74.0,0.0135135135135135,1.0,0.0,1.0,0.0,0.1430313955814694,0.1430313955814694,0.0,0.0,0.6,0.0021278112754879,0.9999999999915614,0.6807826753188905,-2.559674417243849e-09,1.0,0.0,1.0,,0.5,-1.4426950249075512e-08,-9.999999889225293e-09,1.0,0.5232286813951018,,,,424.5691900141537,4680.0166015625,,,,,,,,,,
1767,1,1767.0,0.0,32.0,32.0,0.2438169766683131,0.0,74.0,0.0,0.0,0.0,0.0,0.0,0.0,0.0,0.0,0.0,0.6,0.0021278112754879,1.0,0.6913173311039224,0.0,0.0,0.0,,,,,,0.0,,,,,428.5059249959886,4677.0634765625,,,,,,,,,,
1768,1,1768.0,0.0,32.0,32.0,0.3097409044858068,0.0,74.0,0.0,0.0,0.0,0.0,0.0,0.0,0.0,0.0,0.0,0.6,0.0021278112754879,1.0,0.6836351552195841,0.0,0.0,0.0,,,,,,0.0,,,,,425.5864340811968,4679.9541015625,,,,,,,,,,
1769,1,1769.0,0.0,32.0,32.0,0.2101484623854048,0.0,74.0,0.0,0.0,0.0,0.0,0.0,0.0,0.0,0.0,0.0,0.6,0.0021278112754879,1.0,0.684729083862741,0.0,0.0,0.0,,,,,,0.0,,,,,433.7928860913962,4676.4384765625,,,,,,,,,,
1770,1,1770.0,0.0,32.0,32.0,0.1503644480835646,0.0,74.0,0.0,0.0,0.0,0.0,0.0,0.0,0.0,0.0,0.0,0.6,0.0021278112754879,1.0,0.6852572230816499,0.0,0.0,0.0,,,,,,0.0,,,,,430.9820829657838,4683.2041015625,,,,,,,,,,
1771,1,1771.0,0.0,32.0,32.0,0.2400599285028875,0.0,74.0,0.0,0.0,0.0,0.0,0.0,0.0,0.0,0.0,0.0,0.6,0.0021278112754879,1.0,0.6872000828146093,0.0,0.0,0.0,,,,,,0.0,,,,,431.47206597495824,4686.2197265625,,,,,,,,,,
1772,1,1772.0,0.0,32.0,32.0,0.2314501056680455,0.0,74.0,0.0,0.0,0.0,0.0,0.0,0.0,0.0,0.0,0.0,0.6,0.0021278112754879,1.0,0.6829372825141289,0.0,0.0,0.0,,,,,,0.0,,,,,427.8820509789512,4680.7509765625,,,,,,,,,,
1773,1,1773.0,0.0,32.0,32.0,0.1488148857606575,0.0,74.0,0.0,0.0,0.0,0.0,0.0,0.0,0.0,0.0,0.0,0.6,0.0021278112754879,1.0,0.6876182929594997,0.0,0.0,0.0,,,,,,0.0,,,,,438.880518078804,4677.6728515625,,,,,,,,,,
1774,1,1774.0,0.0,32.0,32.0,0.1697943835170008,0.0,74.0,0.0,0.0,0.0,0.0,0.0,0.0,0.0,0.0,0.0,0.6,0.0021278112754879,1.0,0.6857551384160547,0.0,0.0,0.0,,,,,,0.0,,,,,428.6141679622233,4681.9072265625,,,,,,,,,,
1775,1,1775.0,0.0,32.0,32.0,0.0802104914328083,0.0,74.0,0.0,0.0,0.0,0.0,0.0,0.0,0.0,0.0,0.0,0.6,0.0021278112754879,1.0,0.6882509204586025,0.0,0.0,0.0,,,,,,0.0,,,,,435.0019959965721,4677.6728515625,,,,,,,,,,
1776,1,1776.0,0.0,32.0,32.0,0.1509000648511573,0.0,74.0,0.0,0.0,0.0,0.0,0.0,0.0,0.0,0.0,0.0,0.6,0.0021278112754879,1.0,0.6849028161788954,0.0,0.0,0.0,,,,,,0.0,,,,,423.3718770556152,4679.5009765625,,,,,,,,,,
1777,1,1777.0,0.0,32.0,32.0,0.1293704090639948,0.0,74.0,0.0,0.0,0.0,0.0,0.0,0.0,0.0,0.0,0.0,0.6,0.0021278112754879,1.0,0.6854847014521089,0.0,0.0,0.0,,,,,,0.0,,,,,437.3013540171087,4679.9541015625,,,,,,,,,,
1778,1,1778.0,0.0,32.0,32.0,0.3674224585993215,0.0,74.0,0.0,0.0,0.0,0.0,0.0,0.0,0.0,0.0,0.0,0.6,0.0021278112754879,1.0,0.6848344198745604,0.0,0.0,0.0,,,,,,0.0,,,,,426.76439601928,4678.7822265625,,,,,,,,,,
1779,1,1779.0,0.0,32.0,32.0,0.1393094368977472,0.0,74.0,0.0,0.0,0.0,0.0,0.0,0.0,0.0,0.0,0.0,0.6,0.0021278112754879,1.0,0.6885255981036248,0.0,0.0,0.0,,,,,,0.0,,,,,432.7557820361108,4677.0634765625,,,,,,,,,,
1780,1,1780.0,0.0,32.0,32.0,0.1030675324145704,0.0,74.0,0.0,0.0,0.0,0.0,0.0,0.0,0.0,0.0,0.0,0.6,0.0021278112754879,1.0,0.6936544345739468,0.0,0.0,0.0,,,,,,0.0,,,,,421.1501340614632,4687.4541015625,,,,,,,,,,
1781,1,1781.0,0.0,32.0,32.0,0.4239338443730958,0.0,74.0,0.0,0.0,0.0,0.0,0.0,0.0,0.0,0.0,0.0,0.6,0.0021278112754879,1.0,0.6834692142593342,0.0,0.0,0.0,,,,,,0.0,,,,,516.4722140179947,4677.6728515625,,,,,,,,,,
1782,1,1782.0,0.0,32.0,32.0,0.0748619193909689,0.0,74.0,0.0,0.0,0.0,0.0,0.0,0.0,0.0,0.0,0.0,0.6,0.0021278112754879,1.0,0.6830674151854113,0.0,0.0,0.0,,,,,,0.0,,,,,422.9067589621991,4693.5009765625,,,,,,,,,,
1783,1,1783.0,0.0,32.0,32.0,0.2747837081551552,0.0,74.0,0.0,0.0,0.0,0.0,0.0,0.0,0.0,0.0,0.0,0.6,0.0021278112754879,1.0,0.6930755573499402,0.0,0.0,0.0,,,,,,0.0,,,,,436.2323479726911,4692.1806640625,,,,,,,,,,
1784,1,1784.0,0.0,32.0,32.0,0.372114272788167,0.0,74.0,0.0,0.0,0.0,0.0,0.0,0.0,0.0,0.0,0.0,0.6,0.0021278112754879,1.0,0.6815817602919334,0.0,0.0,0.0,,,,,,0.0,,,,,423.3270330587402,4693.5009765625,,,,,,,,,,
1785,1,1785.0,0.0,32.0,32.0,0.0597193585708737,1.0,74.0,0.0135135135135135,0.0,1.0,0.0,1.0,0.1534583098301166,0.0,0.1534583098301166,0.0,0.6,0.0021278112754879,1.0,0.6828892461924212,-8.984406897128773e-10,0.0,1.0,1.0,,0.5,-1.4426950249075512e-08,-9.999999889225293e-09,1.0,0.511527699433722,,,,431.6683759680018,4681.9072265625,,,,,,,,,,
1786,1,1786.0,0.0,32.0,32.0,0.242121203104034,0.0,74.0,0.0,0.0,0.0,0.0,0.0,0.0,0.0,0.0,0.0,0.6,0.0021278112754879,1.0,0.6879892031095116,0.0,0.0,0.0,,,,,,0.0,,,,,427.86643898580223,4688.4384765625,,,,,,,,,,
1787,1,1787.0,0.0,32.0,32.0,0.1650874195620417,0.0,74.0,0.0,0.0,0.0,0.0,0.0,0.0,0.0,0.0,0.0,0.6,0.0021278112754879,1.0,0.6927852727330116,0.0,0.0,0.0,,,,,,0.0,,,,,436.0671249451116,4692.1806640625,,,,,,,,,,
1788,1,1788.0,0.0,32.0,32.0,0.2534950412809849,0.0,74.0,0.0,0.0,0.0,0.0,0.0,0.0,0.0,0.0,0.0,0.6,0.0021278112754879,1.0,0.6873056902869434,0.0,0.0,0.0,,,,,,0.0,,,,,428.0798529507592,4679.6416015625,,,,,,,,,,
1789,1,1789.0,0.0,32.0,32.0,0.0624236504081636,1.0,74.0,0.0135135135135135,1.0,0.0,1.0,0.0,0.1457964170729152,0.1457964170729152,0.0,0.0,0.6,0.0021278112754879,1.0,0.678248179580163,0.0,1.0,0.0,1.0,,0.5,-1.4426950249075512e-08,-9.999999889225293e-09,1.0,0.5140119430902825,,,,433.9332180097699,4677.0634765625,,,,,,,,,,
1790,1,1790.0,0.0,32.0,32.0,0.1678620307939127,0.0,74.0,0.0,0.0,0.0,0.0,0.0,0.0,0.0,0.0,0.0,0.6,0.0021278112754879,1.0,0.6861763135302317,0.0,0.0,0.0,,,,,,0.0,,,,,423.1671249726787,4681.9072265625,,,,,,,,,,
1791,1,1791.0,0.0,32.0,32.0,0.0844380783382803,1.0,74.0,0.0135135135135135,1.0,0.0,1.0,0.0,0.1438909530213458,0.1438909530213458,0.0,0.0,0.6,0.0021278112754879,0.9999999999974716,0.6825404914544401,-2.6790801349146462e-09,1.0,0.0,1.0,,0.5,-1.4426950249075512e-08,-9.999999889225293e-09,1.0,0.5203634899288472,,,,435.16092002391815,4679.6416015625,,,,,,,,,,
1792,1,1792.0,0.0,32.0,32.0,0.1140770951751619,0.0,74.0,0.0,0.0,0.0,0.0,0.0,0.0,0.0,0.0,0.0,0.6,0.0021278112754879,1.0,0.6851836716635065,0.0,0.0,0.0,,,,,,0.0,,,,,423.7200360512361,4677.0634765625,,,,,,,,,,
1793,1,1793.0,0.0,32.0,32.0,0.0538362647639587,2.0,74.0,0.027027027027027,0.0,2.0,0.0,1.0,0.1518358490525877,0.0,0.1518358490525877,0.0,0.6,0.0021278112754879,1.0000000000055105,0.688292272694325,-3.6019352224957647e-09,0.0,2.0,1.0,,0.5,-1.4426950249075512e-08,-9.999999889225293e-09,1.0,0.5087991044304232,-0.0009713859762996,0.5004856929881498,,432.2881120024249,4679.9541015625,,,,,,,,,,
1794,1,1794.0,0.0,32.0,32.0,0.147252379450947,0.0,74.0,0.0,0.0,0.0,0.0,0.0,0.0,0.0,0.0,0.0,0.6,0.0021278112754879,1.0,0.6849829094706141,0.0,0.0,0.0,,,,,,0.0,,,,,424.4715899694711,4688.4384765625,,,,,,,,,,
1795,1,1795.0,0.0,32.0,32.0,0.1587840188294649,0.0,74.0,0.0,0.0,0.0,0.0,0.0,0.0,0.0,0.0,0.0,0.6,0.0021278112754879,1.0,0.6864041084239287,0.0,0.0,0.0,,,,,,0.0,,,,,433.5997410817072,4688.4384765625,,,,,,,,,,
1796,1,1796.0,0.0,32.0,32.0,0.0436179505195468,1.0,74.0,0.0135135135135135,0.0,1.0,0.0,1.0,0.1517450881045728,0.0,0.1517450881045728,0.0,0.6,0.0021278112754879,1.0,0.6843764562156291,0.0,0.0,1.0,1.0,,0.5,-1.4426950249075512e-08,-9.999999889225293e-09,1.0,0.5058169603485763,,,,425.4420439247042,4693.5009765625,,,,,,,,,,
1797,1,1797.0,0.0,32.0,32.0,0.1976715120254084,0.0,74.0,0.0,0.0,0.0,0.0,0.0,0.0,0.0,0.0,0.0,0.6,0.0021278112754879,1.0,0.6857415949125831,0.0,0.0,0.0,,,,,,0.0,,,,,434.313278994523,4692.1806640625,,,,,,,,,,
1798,1,1798.0,0.0,32.0,32.0,0.366280383663252,0.0,74.0,0.0,0.0,0.0,0.0,0.0,0.0,0.0,0.0,0.0,0.6,0.0021278112754879,1.0,0.6839789054503649,0.0,0.0,0.0,,,,,,0.0,,,,,419.4969329982996,4681.9072265625,,,,,,,,,,
1799,1,1799.0,0.0,32.0,32.0,0.1656632252852432,0.0,74.0,0.0,0.0,0.0,0.0,0.0,0.0,0.0,0.0,0.0,0.6,0.0021278112754879,1.0,0.6859065564944362,0.0,0.0,0.0,,,,,,0.0,,,,,439.4678439712152,4683.2041015625,,,,,,,,,,
1800,1,1800.0,0.0,32.0,32.0,0.1942967619397677,0.0,74.0,0.0,0.0,0.0,0.0,0.0,0.0,0.0,0.0,0.0,0.6,0.0021278112754879,1.0,0.6849771506950313,0.0,0.0,0.0,,,,,,0.0,,,,,428.2515320228413,4687.4541015625,,,,,,,,,,
1801,1,1801.0,0.0,32.0,32.0,0.609313786146231,0.0,74.0,0.0,0.0,0.0,0.0,0.0,0.0,0.0,0.0,0.0,0.6,0.0021278112754879,1.0,0.681503782489289,0.0,0.0,0.0,,,,,,0.0,,,,,437.6262549776584,4677.0634765625,,,,,,,,,,
1802,1,1802.0,0.0,32.0,32.0,0.0670993361854925,1.0,74.0,0.0135135135135135,1.0,0.0,1.0,0.0,0.1422729704246146,0.1422729704246146,0.0,0.0,0.6,0.0021278112754879,1.0,0.6820167636067145,7.952612603730765e-10,1.0,0.0,1.0,,0.5,-1.4426950249075512e-08,-9.999999889225293e-09,1.0,0.5257567652512847,,,,425.7292959373444,4677.6728515625,,,,,,,,,,
1803,1,1803.0,0.0,32.0,32.0,0.0485602493281476,0.0,74.0,0.0,0.0,0.0,0.0,0.0,0.0,0.0,0.0,0.0,0.6,0.0021278112754879,1.0,0.6850888613526073,0.0,0.0,0.0,,,,,,0.0,,,,,437.4084620503709,4678.2197265625,,,,,,,,,,
1804,1,1804.0,0.0,32.0,32.0,0.063460428325925,0.0,74.0,0.0,0.0,0.0,0.0,0.0,0.0,0.0,0.0,0.0,0.6,0.0021278112754879,1.0,0.6873449064440726,0.0,0.0,0.0,,,,,,0.0,,,,,428.6366120213643,4679.6416015625,,,,,,,,,,
1805,1,1805.0,0.0,32.0,32.0,0.0807396891759708,0.0,74.0,0.0,0.0,0.0,0.0,0.0,0.0,0.0,0.0,0.0,0.6,0.0021278112754879,1.0,0.6848146785254966,0.0,0.0,0.0,,,,,,0.0,,,,,438.6176390107721,4680.7509765625,,,,,,,,,,
1806,1,1806.0,0.0,32.0,32.0,0.13151919352822,0.0,74.0,0.0,0.0,0.0,0.0,0.0,0.0,0.0,0.0,0.0,0.6,0.0021278112754879,1.0,0.6896117560097575,0.0,0.0,0.0,,,,,,0.0,,,,,425.9205459384248,4680.6884765625,,,,,,,,,,
1807,1,1807.0,0.0,32.0,32.0,0.1855299791786819,0.0,74.0,0.0,0.0,0.0,0.0,0.0,0.0,0.0,0.0,0.0,0.6,0.0021278112754879,1.0,0.6848045899783687,0.0,0.0,0.0,,,,,,0.0,,,,,433.87652991805226,4688.2978515625,,,,,,,,,,
1808,1,1808.0,0.0,32.0,32.0,0.1631108241854235,0.0,74.0,0.0,0.0,0.0,0.0,0.0,0.0,0.0,0.0,0.0,0.6,0.0021278112754879,1.0,0.6830498924810149,0.0,0.0,0.0,,,,,,0.0,,,,,433.9676139643416,4680.6884765625,,,,,,,,,,
1809,1,1809.0,0.0,32.0,32.0,0.4452069794060662,0.0,74.0,0.0,0.0,0.0,0.0,0.0,0.0,0.0,0.0,0.0,0.6,0.0021278112754879,1.0,0.6829152861563529,0.0,0.0,0.0,,,,,,0.0,,,,,438.8499120250344,4681.1572265625,,,,,,,,,,
1810,1,1810.0,0.0,32.0,32.0,0.3320152030792087,0.0,74.0,0.0,0.0,0.0,0.0,0.0,0.0,0.0,0.0,0.0,0.6,0.0021278112754879,1.0,0.6863629812034352,0.0,0.0,0.0,,,,,,0.0,,,,,426.942405058071,4688.2978515625,,,,,,,,,,
1811,1,1811.0,0.0,32.0,32.0,0.1920840442180633,0.0,74.0,0.0,0.0,0.0,0.0,0.0,0.0,0.0,0.0,0.0,0.6,0.0021278112754879,1.0,0.6841962583649448,0.0,0.0,0.0,,,,,,0.0,,,,,433.2176459720358,4679.6416015625,,,,,,,,,,
1812,1,1812.0,0.0,32.0,32.0,0.0963026182726025,0.0,74.0,0.0,0.0,0.0,0.0,0.0,0.0,0.0,0.0,0.0,0.6,0.0021278112754879,1.0,0.688711365828082,0.0,0.0,0.0,,,,,,0.0,,,,,428.6800510017201,4688.4384765625,,,,,,,,,,
1813,1,1813.0,0.0,32.0,32.0,0.424421387957409,0.0,74.0,0.0,0.0,0.0,0.0,0.0,0.0,0.0,0.0,0.0,0.6,0.0021278112754879,1.0,0.6862232685684101,0.0,0.0,0.0,,,,,,0.0,,,,,435.169487958774,4688.2978515625,,,,,,,,,,
1814,1,1814.0,0.0,32.0,32.0,0.3456548296380788,0.0,74.0,0.0,0.0,0.0,0.0,0.0,0.0,0.0,0.0,0.0,0.6,0.0021278112754879,1.0,0.6853015084594912,0.0,0.0,0.0,,,,,,0.0,,,,,428.3104269998148,4678.7509765625,,,,,,,,,,
1815,1,1815.0,0.0,32.0,32.0,0.1192739487159997,0.0,74.0,0.0,0.0,0.0,0.0,0.0,0.0,0.0,0.0,0.0,0.6,0.0021278112754879,1.0,0.6864457637012852,0.0,0.0,0.0,,,,,,0.0,,,,,433.92398697324097,4693.5009765625,,,,,,,,,,
1816,1,1816.0,0.0,32.0,32.0,0.2577398705761879,0.0,74.0,0.0,0.0,0.0,0.0,0.0,0.0,0.0,0.0,0.0,0.6,0.0021278112754879,1.0,0.6870379973719694,0.0,0.0,0.0,,,,,,0.0,,,,,423.8462729845196,4681.8291015625,,,,,,,,,,
1817,1,1817.0,0.0,32.0,32.0,0.1106797950342297,0.0,74.0,0.0,0.0,0.0,0.0,0.0,0.0,0.0,0.0,0.0,0.6,0.0021278112754879,1.0,0.6874760183046834,0.0,0.0,0.0,,,,,,0.0,,,,,436.13508890848607,4677.0634765625,,,,,,,,,,
1818,1,1818.0,0.0,32.0,32.0,0.2139501995407045,0.0,74.0,0.0,0.0,0.0,0.0,0.0,0.0,0.0,0.0,0.0,0.6,0.0021278112754879,1.0,0.6790145821560581,0.0,0.0,0.0,,,,,,0.0,,,,,425.2624158980325,4695.5166015625,,,,,,,,,,
1819,1,1819.0,0.0,32.0,32.0,0.1988991477992385,0.0,74.0,0.0,0.0,0.0,0.0,0.0,0.0,0.0,0.0,0.0,0.6,0.0021278112754879,1.0,0.6852826278504147,0.0,0.0,0.0,,,,,,0.0,,,,,431.7828649654985,4679.6416015625,,,,,,,,,,
1820,1,1820.0,0.0,32.0,32.0,0.1547425528988242,0.0,74.0,0.0,0.0,0.0,0.0,0.0,0.0,0.0,0.0,0.0,0.6,0.0021278112754879,1.0,0.6794285289476668,0.0,0.0,0.0,,,,,,0.0,,,,,421.1720760213211,4686.2509765625,,,,,,,,,,
1821,1,1821.0,0.0,32.0,32.0,0.2987678798381239,0.0,74.0,0.0,0.0,0.0,0.0,0.0,0.0,0.0,0.0,0.0,0.6,0.0021278112754879,1.0,0.6817171654918275,0.0,0.0,0.0,,,,,,0.0,,,,,436.5375259658322,4679.9541015625,,,,,,,,,,
1822,1,1822.0,0.0,32.0,32.0,0.0759826004505157,1.0,74.0,0.0135135135135135,1.0,0.0,1.0,0.0,0.1458281924297093,0.1458281924297093,0.0,0.0,0.6,0.0021278112754879,1.0,0.6823515800571268,-8.112748010917529e-11,1.0,0.0,1.0,,0.5,-1.4426950249075512e-08,-9.999999889225293e-09,1.0,0.5139060252343023,,,,429.585320991464,4677.0634765625,,,,,,,,,,
1823,1,1823.0,0.0,32.0,32.0,0.1785930404439568,0.0,74.0,0.0,0.0,0.0,0.0,0.0,0.0,0.0,0.0,0.0,0.6,0.0021278112754879,1.0,0.6800558864375423,0.0,0.0,0.0,,,,,,0.0,,,,,435.78458903357387,4681.9228515625,,,,,,,,,,
1824,1,1824.0,0.0,32.0,32.0,0.1887116930447518,0.0,74.0,0.0,0.0,0.0,0.0,0.0,0.0,0.0,0.0,0.0,0.6,0.0021278112754879,1.0,0.6853787483068667,0.0,0.0,0.0,,,,,,0.0,,,,,425.78704294282943,4683.2041015625,,,,,,,,,,
1825,1,1825.0,0.0,32.0,32.0,0.1303038946352899,0.0,74.0,0.0,0.0,0.0,0.0,0.0,0.0,0.0,0.0,0.0,0.6,0.0021278112754879,1.0,0.6830947324136277,0.0,0.0,0.0,,,,,,0.0,,,,,437.7291180426255,4680.0166015625,,,,,,,,,,
1826,1,1826.0,0.0,32.0,32.0,0.0720326998271048,1.0,74.0,0.0135135135135135,0.0,1.0,0.0,1.0,0.1488441207536296,0.0,0.1488441207536296,0.0,0.6,0.0021278112754879,1.0,0.6825611103734225,2.1505827711747232e-11,0.0,1.0,1.0,,0.5,-1.4426950249075512e-08,-9.999999889225293e-09,1.0,0.5038529308212344,,,,428.91959799453616,4688.2978515625,,,,,,,,,,
1827,1,1827.0,0.0,32.0,32.0,0.2035665435250848,0.0,74.0,0.0,0.0,0.0,0.0,0.0,0.0,0.0,0.0,0.0,0.6,0.0021278112754879,1.0,0.6889025681372704,0.0,0.0,0.0,,,,,,0.0,,,,,437.162009999156,4679.6416015625,,,,,,,,,,
1828,1,1828.0,0.0,32.0,32.0,0.3144870235119015,0.0,74.0,0.0,0.0,0.0,0.0,0.0,0.0,0.0,0.0,0.0,0.6,0.0021278112754879,1.0,0.6855703174605058,0.0,0.0,0.0,,,,,,0.0,,,,,424.7396779246628,4681.8291015625,,,,,,,,,,
1829,1,1829.0,0.0,32.0,32.0,0.2592025679186918,0.0,74.0,0.0,0.0,0.0,0.0,0.0,0.0,0.0,0.0,0.0,0.6,0.0021278112754879,1.0,0.6893285659697214,0.0,0.0,0.0,,,,,,0.0,,,,,432.4879249325022,4688.4384765625,,,,,,,,,,
1830,1,1830.0,0.0,32.0,32.0,0.2752429930260405,0.0,74.0,0.0,0.0,0.0,0.0,0.0,0.0,0.0,0.0,0.0,0.6,0.0021278112754879,1.0,0.6849740641971345,0.0,0.0,0.0,,,,,,0.0,,,,,428.4065880347043,4688.4384765625,,,,,,,,,,
1831,1,1831.0,0.0,32.0,32.0,0.1242240705178119,0.0,74.0,0.0,0.0,0.0,0.0,0.0,0.0,0.0,0.0,0.0,0.6,0.0021278112754879,1.0,0.6895600268033838,0.0,0.0,0.0,,,,,,0.0,,,,,439.9808789603412,4686.2509765625,,,,,,,,,,
1832,1,1832.0,0.0,32.0,32.0,0.1812547437730245,0.0,74.0,0.0,0.0,0.0,0.0,0.0,0.0,0.0,0.0,0.0,0.6,0.0021278112754879,1.0,0.6900010410619942,0.0,0.0,0.0,,,,,,0.0,,,,,427.711483091116,4679.9541015625,,,,,,,,,,
1833,1,1833.0,0.0,32.0,32.0,0.1256411677459254,0.0,74.0,0.0,0.0,0.0,0.0,0.0,0.0,0.0,0.0,0.0,0.6,0.0021278112754879,1.0,0.6855608855864912,0.0,0.0,0.0,,,,,,0.0,,,,,433.7024959968403,4680.0166015625,,,,,,,,,,
1834,1,1834.0,0.0,32.0,32.0,0.2918746966170147,0.0,74.0,0.0,0.0,0.0,0.0,0.0,0.0,0.0,0.0,0.0,0.6,0.0021278112754879,1.0,0.6881757024633546,0.0,0.0,0.0,,,,,,0.0,,,,,429.6889170072973,4686.2197265625,,,,,,,,,,
1835,1,1835.0,0.0,32.0,32.0,0.1142145808553323,0.0,74.0,0.0,0.0,0.0,0.0,0.0,0.0,0.0,0.0,0.0,0.6,0.0021278112754879,1.0,0.6890367224244252,0.0,0.0,0.0,,,,,,0.0,,,,,439.290463924408,4679.3603515625,,,,,,,,,,
1836,1,1836.0,0.0,32.0,32.0,0.1089471835875883,0.0,74.0,0.0,0.0,0.0,0.0,0.0,0.0,0.0,0.0,0.0,0.6,0.0021278112754879,1.0,0.6847272302496372,0.0,0.0,0.0,,,,,,0.0,,,,,427.7777200331912,4677.0634765625,,,,,,,,,,
1837,1,1837.0,0.0,32.0,32.0,0.1586252492852509,0.0,74.0,0.0,0.0,0.0,0.0,0.0,0.0,0.0,0.0,0.0,0.6,0.0021278112754879,1.0,0.6863322185740811,0.0,0.0,0.0,,,,,,0.0,,,,,442.98374000936747,4679.3603515625,,,,,,,,,,
1838,1,1838.0,0.0,32.0,32.0,0.0942788280081003,0.0,74.0,0.0,0.0,0.0,0.0,0.0,0.0,0.0,0.0,0.0,0.6,0.0021278112754879,1.0,0.6974516837740958,0.0,0.0,0.0,,,,,,0.0,,,,,427.11092403624207,4683.2041015625,,,,,,,,,,
1839,1,1839.0,0.0,32.0,32.0,0.4508941038511693,0.0,74.0,0.0,0.0,0.0,0.0,0.0,0.0,0.0,0.0,0.0,0.6,0.0021278112754879,1.0,0.6886738821945236,0.0,0.0,0.0,,,,,,0.0,,,,,438.6888799490407,4688.2978515625,,,,,,,,,,
1840,1,1840.0,0.0,32.0,32.0,0.1477413196116686,0.0,74.0,0.0,0.0,0.0,0.0,0.0,0.0,0.0,0.0,0.0,0.6,0.0021278112754879,1.0,0.6868727506311645,0.0,0.0,0.0,,,,,,0.0,,,,,431.0279389610514,4680.7509765625,,,,,,,,,,
1841,1,1841.0,0.0,32.0,32.0,0.2086318269139155,0.0,74.0,0.0,0.0,0.0,0.0,0.0,0.0,0.0,0.0,0.0,0.6,0.0021278112754879,1.0,0.6844588030571442,0.0,0.0,0.0,,,,,,0.0,,,,,438.1483090110123,4679.5009765625,,,,,,,,,,
1842,1,1842.0,0.0,32.0,32.0,0.5564788269693963,0.0,74.0,0.0,0.0,0.0,0.0,0.0,0.0,0.0,0.0,0.0,0.6,0.0021278112754879,1.0,0.6818911963430004,0.0,0.0,0.0,,,,,,0.0,,,,,424.95683301240206,4681.1572265625,,,,,,,,,,
1843,1,1843.0,0.0,32.0,32.0,0.1125954132294282,0.0,74.0,0.0,0.0,0.0,0.0,0.0,0.0,0.0,0.0,0.0,0.6,0.0021278112754879,1.0,0.6819989022225897,0.0,0.0,0.0,,,,,,0.0,,,,,436.973771895282,4692.1806640625,,,,,,,,,,
1844,1,1844.0,0.0,32.0,32.0,0.2045977821107953,0.0,74.0,0.0,0.0,0.0,0.0,0.0,0.0,0.0,0.0,0.0,0.6,0.0021278112754879,1.0,0.6877165468426396,0.0,0.0,0.0,,,,,,0.0,,,,,429.1251600952819,4688.2978515625,,,,,,,,,,
1845,1,1845.0,0.0,32.0,32.0,0.2519605057314038,0.0,74.0,0.0,0.0,0.0,0.0,0.0,0.0,0.0,0.0,0.0,0.6,0.0021278112754879,1.0,0.6908603165884372,0.0,0.0,0.0,,,,,,0.0,,,,,441.06479501351714,4680.7509765625,,,,,,,,,,
1846,1,1846.0,0.0,32.0,32.0,0.05636348441476,0.0,74.0,0.0,0.0,0.0,0.0,0.0,0.0,0.0,0.0,0.0,0.6,0.0021278112754879,1.0,0.6802574351132555,0.0,0.0,0.0,,,,,,0.0,,,,,424.940099939704,4680.0166015625,,,,,,,,,,
1847,1,1847.0,0.0,32.0,32.0,0.1703494248795323,0.0,74.0,0.0,0.0,0.0,0.0,0.0,0.0,0.0,0.0,0.0,0.6,0.0021278112754879,1.0,0.6829725408122255,0.0,0.0,0.0,,,,,,0.0,,,,,432.54985997918993,4677.0634765625,,,,,,,,,,
1848,1,1848.0,0.0,32.0,32.0,0.275700592668727,0.0,74.0,0.0,0.0,0.0,0.0,0.0,0.0,0.0,0.0,0.0,0.6,0.0021278112754879,1.0,0.6811549229319556,0.0,0.0,0.0,,,,,,0.0,,,,,429.2673430172727,4680.6884765625,,,,,,,,,,
1849,1,1849.0,0.0,32.0,32.0,0.1681501709390431,0.0,74.0,0.0,0.0,0.0,0.0,0.0,0.0,0.0,0.0,0.0,0.6,0.0021278112754879,1.0,0.6815106643319482,0.0,0.0,0.0,,,,,,0.0,,,,,441.3933160249144,4678.7822265625,,,,,,,,,,
1850,1,1850.0,0.0,32.0,32.0,0.3152772025205195,0.0,74.0,0.0,0.0,0.0,0.0,0.0,0.0,0.0,0.0,0.0,0.6,0.0021278112754879,1.0,0.6799602448255092,0.0,0.0,0.0,,,,,,0.0,,,,,424.1024700459093,4688.4384765625,,,,,,,,,,
1851,1,1851.0,0.0,32.0,32.0,0.1863344821613282,0.0,74.0,0.0,0.0,0.0,0.0,0.0,0.0,0.0,0.0,0.0,0.6,0.0021278112754879,1.0,0.6865660749408637,0.0,0.0,0.0,,,,,,0.0,,,,,431.7328139441088,4687.4541015625,,,,,,,,,,
1852,1,1852.0,0.0,32.0,32.0,0.1172815687023103,0.0,74.0,0.0,0.0,0.0,0.0,0.0,0.0,0.0,0.0,0.0,0.6,0.0021278112754879,1.0,0.6836395375921364,0.0,0.0,0.0,,,,,,0.0,,,,,426.2419660808519,4688.4384765625,,,,,,,,,,
1853,1,1853.0,0.0,32.0,32.0,0.1462831016397103,0.0,74.0,0.0,0.0,0.0,0.0,0.0,0.0,0.0,0.0,0.0,0.6,0.0021278112754879,1.0,0.6871785592898745,0.0,0.0,0.0,,,,,,0.0,,,,,440.6734730582684,4681.9072265625,,,,,,,,,,
1854,1,1854.0,0.0,32.0,32.0,0.0888649026164785,0.0,74.0,0.0,0.0,0.0,0.0,0.0,0.0,0.0,0.0,0.0,0.6,0.0021278112754879,1.0,0.6804965683245909,0.0,0.0,0.0,,,,,,0.0,,,,,510.6901309918612,4679.9541015625,,,,,,,,,,
1855,1,1855.0,0.0,32.0,32.0,0.1397386352764442,0.0,74.0,0.0,0.0,0.0,0.0,0.0,0.0,0.0,0.0,0.0,0.6,0.0021278112754879,1.0,0.6858114272080459,0.0,0.0,0.0,,,,,,0.0,,,,,426.0158339748159,4679.9541015625,,,,,,,,,,
1856,1,1856.0,0.0,32.0,32.0,0.1780409375205636,0.0,74.0,0.0,0.0,0.0,0.0,0.0,0.0,0.0,0.0,0.0,0.6,0.0021278112754879,1.0,0.684115889624992,0.0,0.0,0.0,,,,,,0.0,,,,,436.8956920225173,4679.9541015625,,,,,,,,,,
1857,1,1857.0,0.0,32.0,32.0,0.1490594213246368,0.0,74.0,0.0,0.0,0.0,0.0,0.0,0.0,0.0,0.0,0.0,0.6,0.0021278112754879,1.0,0.6887385988908252,0.0,0.0,0.0,,,,,,0.0,,,,,429.31749299168587,4680.0166015625,,,,,,,,,,
1858,1,1858.0,0.0,32.0,32.0,0.3512372516561299,0.0,74.0,0.0,0.0,0.0,0.0,0.0,0.0,0.0,0.0,0.0,0.6,0.0021278112754879,1.0,0.6878435076862053,0.0,0.0,0.0,,,,,,0.0,,,,,440.09182194713503,4693.5009765625,,,,,,,,,,
1859,1,1859.0,0.0,32.0,32.0,0.0429126996314153,2.0,74.0,0.027027027027027,0.0,2.0,0.0,1.0,0.1608887596110951,0.0,0.1608887596110951,0.0,0.6,0.0021278112754879,1.000000000027924,0.6859665000449298,7.342173698038206e-10,0.0,2.0,1.0,,0.5,-1.4426950249075512e-08,-9.999999889225293e-09,1.0,0.5362958653703171,,,,433.1961040152237,4680.6884765625,,,,,,,,,,
1860,1,1860.0,0.0,32.0,32.0,0.0729295279597863,0.0,74.0,0.0,0.0,0.0,0.0,0.0,0.0,0.0,0.0,0.0,0.6,0.0021278112754879,1.0,0.6849931639066996,0.0,0.0,0.0,,,,,,0.0,,,,,436.0183730022982,4680.0166015625,,,,,,,,,,
1861,1,1861.0,0.0,32.0,32.0,0.0830470751388929,0.0,74.0,0.0,0.0,0.0,0.0,0.0,0.0,0.0,0.0,0.0,0.6,0.0021278112754879,1.0,0.6880945312129904,0.0,0.0,0.0,,,,,,0.0,,,,,428.0087690567598,4684.4384765625,,,,,,,,,,
1862,1,1862.0,0.0,32.0,32.0,0.0815427164197899,1.0,74.0,0.0135135135135135,0.0,1.0,0.0,1.0,0.1513666118604486,0.0,0.1513666118604486,0.0,0.6,0.0021278112754879,1.0,0.6917440499139001,-1.6273300950019238e-10,0.0,1.0,1.0,,0.5,-1.4426950249075512e-08,-9.999999889225293e-09,1.0,0.5045553728681621,,,,441.5408269269392,4680.7509765625,,,,,,,,,,
1863,1,1863.0,0.0,32.0,32.0,0.2152676261612214,0.0,74.0,0.0,0.0,0.0,0.0,0.0,0.0,0.0,0.0,0.0,0.6,0.0021278112754879,1.0,0.6798883805445897,0.0,0.0,0.0,,,,,,0.0,,,,,429.2627980466932,4679.9541015625,,,,,,,,,,
1864,1,1864.0,0.0,32.0,32.0,0.2289604849065654,0.0,74.0,0.0,0.0,0.0,0.0,0.0,0.0,0.0,0.0,0.0,0.6,0.0021278112754879,1.0,0.6880398613800297,0.0,0.0,0.0,,,,,,0.0,,,,,438.77289397642016,4686.2509765625,,,,,,,,,,
1865,1,1865.0,0.0,32.0,32.0,0.3030488312942907,0.0,74.0,0.0,0.0,0.0,0.0,0.0,0.0,0.0,0.0,0.0,0.6,0.0021278112754879,1.0,0.6875991493651381,0.0,0.0,0.0,,,,,,0.0,,,,,424.10097795072943,4680.0166015625,,,,,,,,,,
1866,1,1866.0,0.0,32.0,32.0,0.184279925073497,0.0,74.0,0.0,0.0,0.0,0.0,0.0,0.0,0.0,0.0,0.0,0.6,0.0021278112754879,1.0,0.6867001522883261,0.0,0.0,0.0,,,,,,0.0,,,,,439.8916559293866,4680.7509765625,,,,,,,,,,
1867,1,1867.0,0.0,32.0,32.0,0.2358403746038675,0.0,74.0,0.0,0.0,0.0,0.0,0.0,0.0,0.0,0.0,0.0,0.6,0.0021278112754879,1.0,0.6874174300681624,0.0,0.0,0.0,,,,,,0.0,,,,,430.5471850093454,4686.2509765625,,,,,,,,,,
1868,1,1868.0,0.0,32.0,32.0,0.2264508784282952,0.0,74.0,0.0,0.0,0.0,0.0,0.0,0.0,0.0,0.0,0.0,0.6,0.0021278112754879,1.0,0.6902143641856979,0.0,0.0,0.0,,,,,,0.0,,,,,438.6198740685359,4680.0166015625,,,,,,,,,,
1869,1,1869.0,0.0,32.0,32.0,0.4169444979634136,0.0,74.0,0.0,0.0,0.0,0.0,0.0,0.0,0.0,0.0,0.0,0.6,0.0021278112754879,1.0,0.6848058867297608,0.0,0.0,0.0,,,,,,0.0,,,,,426.0889410506934,4688.2978515625,,,,,,,,,,
1870,1,1870.0,0.0,32.0,32.0,0.1445083881262689,0.0,74.0,0.0,0.0,0.0,0.0,0.0,0.0,0.0,0.0,0.0,0.6,0.0021278112754879,1.0,0.6805221537820553,0.0,0.0,0.0,,,,,,0.0,,,,,434.5288339536637,4684.4384765625,,,,,,,,,,
1871,1,1871.0,0.0,32.0,32.0,0.0579235579352825,0.0,74.0,0.0,0.0,0.0,0.0,0.0,0.0,0.0,0.0,0.0,0.6,0.0021278112754879,1.0,0.6887444820309694,0.0,0.0,0.0,,,,,,0.0,,,,,431.2511479947716,4689.0556640625,,,,,,,,,,
1872,1,1872.0,0.0,32.0,32.0,0.2378563943784684,0.0,74.0,0.0,0.0,0.0,0.0,0.0,0.0,0.0,0.0,0.0,0.6,0.0021278112754879,1.0,0.6874015558046909,0.0,0.0,0.0,,,,,,0.0,,,,,439.0667260158807,4695.5166015625,,,,,,,,,,
1873,1,1873.0,0.0,32.0,32.0,0.2183441341621801,5.0,74.0,0.0675675675675675,3.0,2.0,0.6,0.4,0.1484421445393499,0.1478639977354752,0.1493093647451618,0.0,0.6,0.0021278112754879,0.9999999999824424,0.6799539712007919,1.1236902080746492e-10,3.0,2.0,0.2,1.5,1.0,0.9709505656007682,0.6730116470092566,2.0,0.5051928515355003,-0.0146362108062021,0.5073181054031011,-0.0010473968432829,429.8522419994697,4680.0166015625,,,,,,,,,,
1874,1,1874.0,0.0,32.0,32.0,0.2280937216710299,0.0,74.0,0.0,0.0,0.0,0.0,0.0,0.0,0.0,0.0,0.0,0.6,0.0021278112754879,1.0,0.6896402550846202,0.0,0.0,0.0,,,,,,0.0,,,,,434.0529639739543,4679.9541015625,,,,,,,,,,
1875,1,1875.0,0.0,32.0,32.0,0.1775342626497149,0.0,74.0,0.0,0.0,0.0,0.0,0.0,0.0,0.0,0.0,0.0,0.6,0.0021278112754879,1.0,0.6908997295981069,0.0,0.0,0.0,,,,,,0.0,,,,,429.93288999423385,4677.6728515625,,,,,,,,,,
1876,1,1876.0,0.0,32.0,32.0,0.1223802181193605,2.0,74.0,0.027027027027027,1.0,1.0,0.5,0.5,0.1476793483652023,0.1442085492495274,0.1511501474808771,0.0,0.6,0.0021278112754879,1.0,0.6830843963005439,2.3032662972823193e-09,1.0,1.0,0.0,1.0,1.0,0.9999999711460994,0.6931471605599454,2.0,0.5115693303855827,,,0.0001700660765482,443.5578240081668,4684.6572265625,,,,,,,,,,
1877,1,1877.0,0.0,32.0,32.0,0.1601394419558346,0.0,74.0,0.0,0.0,0.0,0.0,0.0,0.0,0.0,0.0,0.0,0.6,0.0021278112754879,1.0,0.6886998887509066,0.0,0.0,0.0,,,,,,0.0,,,,,427.458459045738,4687.4541015625,,,,,,,,,,
1878,1,1878.0,0.0,32.0,32.0,0.1645522743929177,0.0,74.0,0.0,0.0,0.0,0.0,0.0,0.0,0.0,0.0,0.0,0.6,0.0021278112754879,1.0,0.6869896189233768,0.0,0.0,0.0,,,,,,0.0,,,,,433.4671660326421,4679.6416015625,,,,,,,,,,
1879,1,1879.0,0.0,32.0,32.0,0.0812107026576995,0.0,74.0,0.0,0.0,0.0,0.0,0.0,0.0,0.0,0.0,0.0,0.6,0.0021278112754879,1.0,0.6900573476281457,0.0,0.0,0.0,,,,,,0.0,,,,,426.34241795167327,4679.6416015625,,,,,,,,,,
1880,1,1880.0,0.0,32.0,32.0,0.1132000098004937,0.0,74.0,0.0,0.0,0.0,0.0,0.0,0.0,0.0,0.0,0.0,0.6,0.0021278112754879,1.0,0.6905851203959371,0.0,0.0,0.0,,,,,,0.0,,,,,437.3606810113415,4681.9228515625,,,,,,,,,,
1881,1,1881.0,0.0,32.0,32.0,0.2303129457868635,0.0,74.0,0.0,0.0,0.0,0.0,0.0,0.0,0.0,0.0,0.0,0.6,0.0021278112754879,1.0,0.6873275854295015,0.0,0.0,0.0,,,,,,0.0,,,,,428.3650130964816,4683.2041015625,,,,,,,,,,
1882,1,1882.0,0.0,32.0,32.0,0.120910424622707,12.0,74.0,0.1621621621621621,4.0,8.0,0.3333333333333333,0.6666666666666666,0.1513030580888033,0.1458646285341251,0.1540222728661424,0.0,0.6,0.0021278112754879,1.0000000000257507,0.6831751805465618,-8.978020499243022e-09,4.0,8.0,0.3333333333333333,2.0,1.0,0.918295805200589,0.636514148294813,2.0,0.5138729540379651,-0.0009779662359505,0.5004889831179753,-0.0042684285118988,439.4715039525181,4688.4384765625,,,,,,,,,,
1883,1,1883.0,0.0,32.0,32.0,0.0809782535070553,1.0,74.0,0.0135135135135135,0.0,1.0,0.0,1.0,0.1491204533948065,0.0,0.1491204533948065,0.0,0.6,0.0021278112754879,1.0,0.6918080471461725,-6.781992535132909e-11,0.0,1.0,1.0,,0.5,-1.4426950249075512e-08,-9.999999889225293e-09,1.0,0.5029318220173116,,,,428.16920997574925,4681.1572265625,,,,,,,,,,
1884,1,1884.0,0.0,32.0,32.0,0.1228856173111125,0.0,74.0,0.0,0.0,0.0,0.0,0.0,0.0,0.0,0.0,0.0,0.6,0.0021278112754879,1.0,0.6870900944060934,0.0,0.0,0.0,,,,,,0.0,,,,,433.9083220111206,4672.6572265625,,,,,,,,,,
1885,1,1885.0,0.0,32.0,32.0,0.3092929776757955,0.0,74.0,0.0,0.0,0.0,0.0,0.0,0.0,0.0,0.0,0.0,0.6,0.0021278112754879,1.0,0.6825662834047609,0.0,0.0,0.0,,,,,,0.0,,,,,429.33912307489663,4686.2197265625,,,,,,,,,,
1886,1,1886.0,0.0,32.0,32.0,0.1274667927064001,0.0,74.0,0.0,0.0,0.0,0.0,0.0,0.0,0.0,0.0,0.0,0.6,0.0021278112754879,1.0,0.6845736375696932,0.0,0.0,0.0,,,,,,0.0,,,,,437.6054600579664,4688.2978515625,,,,,,,,,,
1887,1,1887.0,0.0,32.0,32.0,0.1337597005767747,0.0,74.0,0.0,0.0,0.0,0.0,0.0,0.0,0.0,0.0,0.0,0.6,0.0021278112754879,1.0,0.6849706099205626,0.0,0.0,0.0,,,,,,0.0,,,,,422.7044420549646,4688.2978515625,,,,,,,,,,
1888,1,1888.0,0.0,32.0,32.0,0.3077504853717983,0.0,74.0,0.0,0.0,0.0,0.0,0.0,0.0,0.0,0.0,0.0,0.6,0.0021278112754879,1.0,0.6866824131231486,0.0,0.0,0.0,,,,,,0.0,,,,,433.2102460321039,4693.5009765625,,,,,,,,,,
1889,1,1889.0,0.0,32.0,32.0,0.2370717390440404,0.0,74.0,0.0,0.0,0.0,0.0,0.0,0.0,0.0,0.0,0.0,0.6,0.0021278112754879,1.0,0.6834436774181523,0.0,0.0,0.0,,,,,,0.0,,,,,430.0927099538967,4679.6416015625,,,,,,,,,,
1890,1,1890.0,0.0,32.0,32.0,0.1395997056970372,2.0,74.0,0.027027027027027,2.0,0.0,1.0,0.0,0.142071474243467,0.142071474243467,0.0,0.0,0.6,0.0021278112754879,1.0,0.6755074773154286,-1.6038154541293174e-09,2.0,0.0,1.0,,0.5,-1.4426950249075512e-08,-9.999999889225293e-09,1.0,0.5264284191884432,0.0003995950391981,0.4998002024804009,,438.2316849660128,4693.5009765625,,,,,,,,,,
1891,1,1891.0,0.0,32.0,32.0,0.2576771606691181,0.0,74.0,0.0,0.0,0.0,0.0,0.0,0.0,0.0,0.0,0.0,0.6,0.0021278112754879,1.0,0.6840409031148631,0.0,0.0,0.0,,,,,,0.0,,,,,423.90013905242085,4687.4541015625,,,,,,,,,,
1892,1,1892.0,0.0,32.0,32.0,0.427098621847108,0.0,74.0,0.0,0.0,0.0,0.0,0.0,0.0,0.0,0.0,0.0,0.6,0.0021278112754879,1.0,0.6840254926185536,0.0,0.0,0.0,,,,,,0.0,,,,,432.661168044433,4681.8291015625,,,,,,,,,,
1893,1,1893.0,0.0,32.0,32.0,0.3413333531934768,0.0,74.0,0.0,0.0,0.0,0.0,0.0,0.0,0.0,0.0,0.0,0.6,0.0021278112754879,1.0,0.6842489139074047,0.0,0.0,0.0,,,,,,0.0,,,,,427.9586189659312,4680.7509765625,,,,,,,,,,
1894,1,1894.0,0.0,32.0,32.0,0.2103964015841484,0.0,74.0,0.0,0.0,0.0,0.0,0.0,0.0,0.0,0.0,0.0,0.6,0.0021278112754879,1.0,0.682379854339398,0.0,0.0,0.0,,,,,,0.0,,,,,439.0157589223236,4679.6416015625,,,,,,,,,,
1895,1,1895.0,0.0,32.0,32.0,0.3492745230905711,0.0,74.0,0.0,0.0,0.0,0.0,0.0,0.0,0.0,0.0,0.0,0.6,0.0021278112754879,1.0,0.6857932903246114,0.0,0.0,0.0,,,,,,0.0,,,,,427.4783129803836,4677.6728515625,,,,,,,,,,
1896,1,1896.0,0.0,32.0,32.0,0.1193934141192585,0.0,74.0,0.0,0.0,0.0,0.0,0.0,0.0,0.0,0.0,0.0,0.6,0.0021278112754879,1.0,0.6915935736570344,0.0,0.0,0.0,,,,,,0.0,,,,,431.8941350793466,4679.6416015625,,,,,,,,,,
1897,1,1897.0,0.0,32.0,32.0,0.3535516657866537,0.0,74.0,0.0,0.0,0.0,0.0,0.0,0.0,0.0,0.0,0.0,0.6,0.0021278112754879,1.0,0.6802477193610107,0.0,0.0,0.0,,,,,,0.0,,,,,428.6793479695916,4678.7822265625,,,,,,,,,,
1898,1,1898.0,0.0,32.0,32.0,0.2690415937686339,0.0,74.0,0.0,0.0,0.0,0.0,0.0,0.0,0.0,0.0,0.0,0.6,0.0021278112754879,1.0,0.6808868050592456,0.0,0.0,0.0,,,,,,0.0,,,,,439.64664393570274,4683.2041015625,,,,,,,,,,
1899,1,1899.0,0.0,32.0,32.0,0.3437566542997956,0.0,74.0,0.0,0.0,0.0,0.0,0.0,0.0,0.0,0.0,0.0,0.6,0.0021278112754879,1.0,0.6830810553354146,0.0,0.0,0.0,,,,,,0.0,,,,,427.9461860423908,4692.1806640625,,,,,,,,,,
1900,1,1900.0,0.0,32.0,32.0,0.2034868067130446,0.0,74.0,0.0,0.0,0.0,0.0,0.0,0.0,0.0,0.0,0.0,0.6,0.0021278112754879,1.0,0.6850944443594174,0.0,0.0,0.0,,,,,,0.0,,,,,432.6728730229661,4688.2978515625,,,,,,,,,,
1901,1,1901.0,0.0,32.0,32.0,0.1036824379116296,1.0,74.0,0.0135135135135135,1.0,0.0,1.0,0.0,0.1480098464936566,0.1480098464936566,0.0,0.0,0.6,0.0021278112754879,1.0,0.6782138340113179,1.0119300461389127e-09,1.0,0.0,1.0,,0.5,-1.4426950249075512e-08,-9.999999889225293e-09,1.0,0.5066338450211445,,,,425.2739839721471,4677.6728515625,,,,,,,,,,
1902,1,1902.0,0.0,32.0,32.0,0.2570634922012687,1.0,74.0,0.0135135135135135,0.0,1.0,0.0,1.0,0.1485063405023871,0.0,0.1485063405023871,0.0,0.6,0.0021278112754879,1.0,0.6901148813912503,0.0,0.0,1.0,1.0,,0.5,-1.4426950249075512e-08,-9.999999889225293e-09,1.0,0.5049788649920427,,,,438.4837839752436,4681.9072265625,,,,,,,,,,
1903,1,1903.0,0.0,32.0,32.0,0.355395708233118,0.0,74.0,0.0,0.0,0.0,0.0,0.0,0.0,0.0,0.0,0.0,0.6,0.0021278112754879,1.0,0.6842598676686378,0.0,0.0,0.0,,,,,,0.0,,,,,430.2127209957689,4677.6728515625,,,,,,,,,,
1904,1,1904.0,0.0,32.0,32.0,0.1424637609161436,0.0,74.0,0.0,0.0,0.0,0.0,0.0,0.0,0.0,0.0,0.0,0.6,0.0021278112754879,1.0,0.6844848802121268,0.0,0.0,0.0,,,,,,0.0,,,,,437.43648403324187,4680.7509765625,,,,,,,,,,
1905,1,1905.0,0.0,32.0,32.0,0.3749538047704845,0.0,74.0,0.0,0.0,0.0,0.0,0.0,0.0,0.0,0.0,0.0,0.6,0.0021278112754879,1.0,0.6866253783804539,0.0,0.0,0.0,,,,,,0.0,,,,,422.59883403312415,4680.0166015625,,,,,,,,,,
1906,1,1906.0,0.0,32.0,32.0,0.1018741768784821,2.0,74.0,0.027027027027027,2.0,0.0,1.0,0.0,0.1466373763720055,0.1466373763720055,0.0,0.0,0.6,0.0021278112754879,1.0,0.6894352233277674,-1.1301995844459046e-09,2.0,0.0,1.0,,0.5,-1.4426950249075512e-08,-9.999999889225293e-09,1.0,0.5112087454266481,0.0016911434940993,0.4991544282529503,,438.4777589002624,4692.1806640625,,,,,,,,,,
1907,1,1907.0,0.0,32.0,32.0,0.0725506034796126,8.0,74.0,0.1081081081081081,1.0,7.0,0.125,0.875,0.1498979042659246,0.1469788798456972,0.1503149077545285,0.0,0.6,0.0021278112754879,0.999999999918782,0.6784734068075102,9.64933059881305e-10,1.0,7.0,0.75,7.0,1.0,0.5435644143456962,0.3767701412564372,2.0,0.505000089704869,-0.001243415987119,0.5006217079935595,-0.0017918039312023,434.92524104658514,4677.6728515625,,,,,,,,,,
1908,1,1908.0,0.0,32.0,32.0,0.0681840686593204,2.0,74.0,0.027027027027027,1.0,1.0,0.5,0.5,0.1464182366753595,0.142892200710788,0.1499442726399311,0.0,0.6,0.0021278112754879,1.0000000000501048,0.6856077956144823,-1.9291850737022232e-09,1.0,1.0,0.0,1.0,1.0,0.9999999711460994,0.6931471605599454,2.0,0.5119392110821348,,,1.3177992377865809e-05,435.4717680253089,4677.0634765625,,,,,,,,,,
1909,1,1909.0,0.0,32.0,32.0,0.1048319898545742,0.0,74.0,0.0,0.0,0.0,0.0,0.0,0.0,0.0,0.0,0.0,0.6,0.0021278112754879,1.0,0.686138184010515,0.0,0.0,0.0,,,,,,0.0,,,,,422.098861890845,4679.9541015625,,,,,,,,,,
1910,1,1910.0,0.0,32.0,32.0,0.1181299169547855,2.0,74.0,0.027027027027027,0.0,2.0,0.0,1.0,0.1511091032387417,0.0,0.1511091032387417,0.0,0.6,0.0021278112754879,1.0,0.6983887535507076,5.935072722324114e-11,0.0,2.0,1.0,,0.5,-1.4426950249075512e-08,-9.999999889225293e-09,1.0,0.5085348389809752,0.0002484306751284,0.4998757846624357,,437.80181801412255,4681.9072265625,,,,,,,,,,
1911,1,1911.0,0.0,32.0,32.0,0.1348390682833269,5.0,74.0,0.0675675675675675,2.0,3.0,0.4,0.6,0.1502497131689432,0.1462320381361449,0.1529281631908088,0.0,0.6,0.0021278112754879,1.0000000000053288,0.6806181515195415,3.4434488907985265e-10,2.0,3.0,0.2,1.5,1.0,0.9709505656007682,0.6730116470092566,2.0,0.512412929158272,0.0069196275435388,0.4965401862282306,0.0027987261851329,430.3627349436283,4681.8291015625,,,,,,,,,,
1912,1,1912.0,0.0,32.0,32.0,0.1098071190644986,1.0,74.0,0.0135135135135135,0.0,1.0,0.0,1.0,0.1487326512743454,0.0,0.1487326512743454,0.0,0.6,0.0021278112754879,1.0,0.6847258472080461,2.6438337780304726e-10,0.0,1.0,1.0,,0.5,-1.4426950249075512e-08,-9.999999889225293e-09,1.0,0.5042244957521818,,,,438.91960196197033,4679.6416015625,,,,,,,,,,
1913,1,1913.0,0.0,32.0,32.0,0.2746834977297112,0.0,74.0,0.0,0.0,0.0,0.0,0.0,0.0,0.0,0.0,0.0,0.6,0.0021278112754879,1.0,0.6906989428116949,0.0,0.0,0.0,,,,,,0.0,,,,,426.269346033223,4678.2197265625,,,,,,,,,,
1914,1,1914.0,0.0,32.0,32.0,0.5108277384424582,0.0,74.0,0.0,0.0,0.0,0.0,0.0,0.0,0.0,0.0,0.0,0.6,0.0021278112754879,1.0,0.6823855254148689,0.0,0.0,0.0,,,,,,0.0,,,,,435.9417019877583,4681.1572265625,,,,,,,,,,
1915,1,1915.0,0.0,32.0,32.0,0.175281589559745,0.0,74.0,0.0,0.0,0.0,0.0,0.0,0.0,0.0,0.0,0.0,0.6,0.0021278112754879,1.0,0.6888506135150975,0.0,0.0,0.0,,,,,,0.0,,,,,428.1093430472538,4680.0166015625,,,,,,,,,,
1916,1,1916.0,0.0,32.0,32.0,0.7010596608888591,0.0,74.0,0.0,0.0,0.0,0.0,0.0,0.0,0.0,0.0,0.0,0.6,0.0021278112754879,1.0,0.6854993858482534,0.0,0.0,0.0,,,,,,0.0,,,,,439.83364396262914,4679.9541015625,,,,,,,,,,
1917,1,1917.0,0.0,32.0,32.0,0.0249214433715678,5.0,74.0,0.0675675675675675,1.0,4.0,0.2,0.8,0.1502696668868894,0.1396688365873345,0.1529198744617781,0.0,0.6,0.0021278112754879,1.0,0.6832146047703163,1.0695828625468294e-09,1.0,4.0,0.6,4.0,1.0,0.721928066033462,0.5004024035381882,2.0,0.5146737741731853,0.0069200182333588,0.4965399908833205,-0.0005521716251891,432.8322319779545,4680.6884765625,,,,,,,,,,
1918,1,1918.0,0.0,32.0,32.0,0.3119855288532562,0.0,74.0,0.0,0.0,0.0,0.0,0.0,0.0,0.0,0.0,0.0,0.6,0.0021278112754879,1.0,0.6869503816237273,0.0,0.0,0.0,,,,,,0.0,,,,,433.0878260079771,4688.2978515625,,,,,,,,,,
1919,1,1919.0,0.0,32.0,32.0,0.1073429361567832,0.0,74.0,0.0,0.0,0.0,0.0,0.0,0.0,0.0,0.0,0.0,0.6,0.0021278112754879,1.0,0.6890448115762547,0.0,0.0,0.0,,,,,,0.0,,,,,423.1792300706729,4688.4384765625,,,,,,,,,,
1920,1,1920.0,0.0,32.0,32.0,0.1356760670896619,19.0,74.0,0.2567567567567567,2.0,17.0,0.1052631578947368,0.8947368421052632,0.1517537540031402,0.1481911121851069,0.1521728883346735,0.0,0.6,0.0021278112754879,0.9999999998810124,0.6870760091349781,1.896399833245071e-09,2.0,17.0,0.7894736842105263,8.5,1.0,0.4854607318920133,0.3364957375835165,2.0,0.5072709988727688,9.5181122097134e-05,0.4999524094389514,-0.0011358215329114,447.261149995029,4701.0537109375,,,,,,,,,,
1921,1,1921.0,0.0,32.0,32.0,0.3359329074155539,0.0,74.0,0.0,0.0,0.0,0.0,0.0,0.0,0.0,0.0,0.0,0.6,0.0021278112754879,1.0,0.6758175128669035,0.0,0.0,0.0,,,,,,0.0,,,,,434.7405179869384,4678.7822265625,,,,,,,,,,
1922,1,1922.0,0.0,32.0,32.0,0.1029371917829848,0.0,74.0,0.0,0.0,0.0,0.0,0.0,0.0,0.0,0.0,0.0,0.6,0.0021278112754879,1.0,0.6959292547291169,0.0,0.0,0.0,,,,,,0.0,,,,,443.1890259729698,4680.6884765625,,,,,,,,,,
1923,1,1923.0,0.0,32.0,32.0,0.2665781831601634,2.0,74.0,0.027027027027027,0.0,2.0,0.0,1.0,0.1521442220156302,0.0,0.1521442220156302,0.0,0.6,0.0021278112754879,1.0,0.6857969475003635,1.2294478273282619e-10,0.0,2.0,1.0,,0.5,-1.4426950249075512e-08,-9.999999889225293e-09,1.0,0.511267724632358,-0.0011809774441644,0.5005904887220822,,425.55214592721313,4682.3056640625,,,,,,,,,,
1924,1,1924.0,0.0,32.0,32.0,0.0535973969381302,1.0,74.0,0.0135135135135135,0.0,1.0,0.0,1.0,0.1529629471675761,0.0,0.1529629471675761,0.0,0.6,0.0021278112754879,1.0000000000020046,0.6871436148813395,-4.1618313450163744e-10,0.0,1.0,1.0,,0.5,-1.4426950249075512e-08,-9.999999889225293e-09,1.0,0.5098764905585871,,,,449.60947101935744,4678.7822265625,,,,,,,,,,
1925,1,1925.0,0.0,32.0,32.0,0.1379775934619829,5.0,74.0,0.0675675675675675,0.0,5.0,0.0,1.0,0.1532943079827776,0.0,0.1532943079827776,0.0,0.6,0.0021278112754879,1.0000000001323337,0.6852026794931511,-2.1780283696150427e-09,0.0,5.0,1.0,,0.5,-1.4426950249075512e-08,-9.999999889225293e-09,1.0,0.5117730540975913,0.0014055401552468,0.4992972299223766,,432.4106900021434,4679.8603515625,,,,,,,,,,
1926,1,1926.0,0.0,32.0,32.0,0.0220321051310747,6.0,74.0,0.081081081081081,2.0,4.0,0.3333333333333333,0.6666666666666666,0.1505149067866757,0.1406440937592317,0.1554503133003977,0.0,0.6,0.0021278112754879,1.0000000002437728,0.6853980408908256,5.652844992961622e-09,2.0,4.0,0.3333333333333333,2.0,1.0,0.918295805200589,0.636514148294813,2.0,0.5225072587128486,0.0029726672219112,0.4985136663890444,,441.40843604691327,4682.1728515625,,,,,,,,,,
1927,1,1927.0,0.0,32.0,32.0,0.3059163919242564,0.0,74.0,0.0,0.0,0.0,0.0,0.0,0.0,0.0,0.0,0.0,0.6,0.0021278112754879,1.0,0.682141089349716,0.0,0.0,0.0,,,,,,0.0,,,,,428.1458400655538,4680.6884765625,,,,,,,,,,
1928,1,1928.0,0.0,32.0,32.0,0.0217127243522554,25.0,74.0,0.3378378378378378,11.0,14.0,0.44,0.56,0.1492175442259582,0.1450358875775275,0.1525031315925823,0.0,0.6,0.0021278112754879,0.9999999996916284,0.6833924970873894,1.1807457065854698e-09,11.0,14.0,0.12,1.2727272727272727,1.0,0.989587492368155,0.6859297802523731,2.0,0.5125415820405395,-0.0002828893096496,0.5001414446548248,-0.0017772279788975,450.20630198996514,4729.96142578125,,,,,,,,,,
1929,1,1929.0,0.0,32.0,32.0,0.0965029383078217,1.0,74.0,0.0135135135135135,0.0,1.0,0.0,1.0,0.1516330178360133,0.0,0.1516330178360133,0.0,0.6,0.0021278112754879,1.0,0.6842647811486683,0.0,0.0,1.0,1.0,,0.5,-1.4426950249075512e-08,-9.999999889225293e-09,1.0,0.505443392786711,,,,423.9030349999666,4681.9072265625,,,,,,,,,,
1930,1,1930.0,0.0,32.0,32.0,0.7098798034712672,0.0,74.0,0.0,0.0,0.0,0.0,0.0,0.0,0.0,0.0,0.0,0.6,0.0021278112754879,1.0,0.686073026287491,0.0,0.0,0.0,,,,,,0.0,,,,,435.7481809565797,4679.6416015625,,,,,,,,,,
1931,1,1931.0,0.0,32.0,32.0,0.2948680048575625,0.0,74.0,0.0,0.0,0.0,0.0,0.0,0.0,0.0,0.0,0.0,0.6,0.0021278112754879,1.0,0.6812433941700595,0.0,0.0,0.0,,,,,,0.0,,,,,428.9694569306448,4680.6884765625,,,,,,,,,,
1932,1,1932.0,0.0,32.0,32.0,0.6028249992523342,0.0,74.0,0.0,0.0,0.0,0.0,0.0,0.0,0.0,0.0,0.0,0.6,0.0021278112754879,1.0,0.6804539771088977,0.0,0.0,0.0,,,,,,0.0,,,,,432.50230397097766,4680.7509765625,,,,,,,,,,
1933,1,1933.0,0.0,32.0,32.0,0.0439834836870431,0.0,74.0,0.0,0.0,0.0,0.0,0.0,0.0,0.0,0.0,0.0,0.6,0.0021278112754879,1.0,0.6873684046558955,0.0,0.0,0.0,,,,,,0.0,,,,,419.7699719807133,4688.2978515625,,,,,,,,,,
1934,1,1934.0,0.0,32.0,32.0,0.1279753881972283,0.0,74.0,0.0,0.0,0.0,0.0,0.0,0.0,0.0,0.0,0.0,0.6,0.0021278112754879,1.0,0.687009373784983,0.0,0.0,0.0,,,,,,0.0,,,,,435.80107903108,4688.4384765625,,,,,,,,,,
1935,1,1935.0,0.0,32.0,32.0,0.1696858704090118,0.0,74.0,0.0,0.0,0.0,0.0,0.0,0.0,0.0,0.0,0.0,0.6,0.0021278112754879,1.0,0.6920212621874956,0.0,0.0,0.0,,,,,,0.0,,,,,423.7230579601601,4686.2509765625,,,,,,,,,,
1936,1,1936.0,0.0,32.0,32.0,0.1586078265681862,0.0,74.0,0.0,0.0,0.0,0.0,0.0,0.0,0.0,0.0,0.0,0.6,0.0021278112754879,1.0,0.6916767105592366,0.0,0.0,0.0,,,,,,0.0,,,,,431.1117229517549,4679.5009765625,,,,,,,,,,
1937,1,1937.0,0.0,32.0,32.0,0.1417830439750105,2.0,74.0,0.027027027027027,0.0,2.0,0.0,1.0,0.1500055620429165,0.0,0.1500055620429165,0.0,0.6,0.0021278112754879,0.9999999999647234,0.6845052457067591,6.927733912057668e-10,0.0,2.0,1.0,,0.5,-1.4426950249075512e-08,-9.999999889225293e-09,1.0,0.5032007636151437,0.001570111955516,0.499214944022242,,421.2259410414845,4687.4541015625,,,,,,,,,,
1938,1,1938.0,0.0,32.0,32.0,0.3761196793057024,0.0,74.0,0.0,0.0,0.0,0.0,0.0,0.0,0.0,0.0,0.0,0.6,0.0021278112754879,1.0,0.6860017922570288,0.0,0.0,0.0,,,,,,0.0,,,,,435.2590669877827,4678.7509765625,,,,,,,,,,
1939,1,1939.0,0.0,32.0,32.0,0.1267298061866313,3.0,74.0,0.0405405405405405,0.0,3.0,0.0,1.0,0.1495328700563558,0.0,0.1495328700563558,0.0,0.6,0.0021278112754879,0.9999999999984414,0.6867797558141991,3.9408531655677976e-10,0.0,3.0,1.0,,0.5,-1.4426950249075512e-08,-9.999999889225293e-09,1.0,0.5015751766059081,0.0078605925664305,0.4960697037167847,,428.9823860162869,4693.5009765625,,,,,,,,,,
1940,1,1940.0,0.0,32.0,32.0,0.1200657559093087,4.0,74.0,0.054054054054054,2.0,2.0,0.5,0.5,0.1498977840252376,0.1476903087434037,0.1521052593070715,0.0,0.6,0.0021278112754879,0.999999999989057,0.6860310227241765,1.2462678694966462e-09,2.0,2.0,0.0,1.0,1.0,0.9999999711460994,0.6931471605599454,2.0,0.5073582509394463,-0.001541331061162,0.500770665530581,0.0033958774066754,434.4507650239393,4677.0634765625,,,,,,,,,,
1941,1,1941.0,0.0,32.0,32.0,0.3682544592302292,0.0,74.0,0.0,0.0,0.0,0.0,0.0,0.0,0.0,0.0,0.0,0.6,0.0021278112754879,1.0,0.6857079715536185,0.0,0.0,0.0,,,,,,0.0,,,,,419.9953050119802,4680.0166015625,,,,,,,,,,
1942,1,1942.0,0.0,32.0,32.0,0.0496032680384814,5.0,74.0,0.0675675675675675,1.0,4.0,0.2,0.8,0.1510716376615385,0.1438665670773602,0.1528729053075831,0.0,0.6,0.0021278112754879,1.0000000001990734,0.6851164310571654,-1.7710591707995275e-09,1.0,4.0,0.6,4.0,1.0,0.721928066033462,0.5004024035381882,2.0,0.5117500361019817,0.0014642288442701,0.4992678855778649,,432.7016430906952,4686.2509765625,,,,,,,,,,
1943,1,1943.0,0.0,32.0,32.0,0.1026716218329966,0.0,74.0,0.0,0.0,0.0,0.0,0.0,0.0,0.0,0.0,0.0,0.6,0.0021278112754879,1.0,0.6939792851450138,0.0,0.0,0.0,,,,,,0.0,,,,,425.54148694034666,4688.2978515625,,,,,,,,,,
1944,1,1944.0,0.0,32.0,32.0,0.0467247224878519,2.0,74.0,0.027027027027027,0.0,2.0,0.0,1.0,0.150642491453479,0.0,0.150642491453479,0.0,0.6,0.0021278112754879,1.000000000005867,0.6879701300926399,6.146362227360385e-10,0.0,2.0,1.0,,0.5,-1.4426950249075512e-08,-9.999999889225293e-09,1.0,0.5021416381782634,-0.0003893813991453,0.5001946906995727,,436.0642320243642,4693.5009765625,,,,,,,,,,
1945,1,1945.0,0.0,32.0,32.0,0.2531646062852815,0.0,74.0,0.0,0.0,0.0,0.0,0.0,0.0,0.0,0.0,0.0,0.6,0.0021278112754879,1.0,0.6862986446078,0.0,0.0,0.0,,,,,,0.0,,,,,420.4162589740008,4677.0634765625,,,,,,,,,,
1946,1,1946.0,0.0,32.0,32.0,0.1128190166782587,1.0,74.0,0.0135135135135135,1.0,0.0,1.0,0.0,0.1456398281071338,0.1456398281071338,0.0,0.0,0.6,0.0021278112754879,1.0,0.6890066175769203,-3.2412084033973154e-10,1.0,0.0,1.0,,0.5,-1.4426950249075512e-08,-9.999999889225293e-09,1.0,0.5145339063095539,,,,429.3796370038762,4693.5009765625,,,,,,,,,,
1947,1,1947.0,0.0,32.0,32.0,0.0992064218153245,0.0,74.0,0.0,0.0,0.0,0.0,0.0,0.0,0.0,0.0,0.0,0.6,0.0021278112754879,1.0,0.690191165696905,0.0,0.0,0.0,,,,,,0.0,,,,,424.4355330010876,4679.3603515625,,,,,,,,,,
1948,1,1948.0,0.0,32.0,32.0,0.2427857392467558,0.0,74.0,0.0,0.0,0.0,0.0,0.0,0.0,0.0,0.0,0.0,0.6,0.0021278112754879,1.0,0.6879870201632414,0.0,0.0,0.0,,,,,,0.0,,,,,438.7491940287873,4679.6416015625,,,,,,,,,,
1949,1,1949.0,0.0,32.0,32.0,0.1359640528680756,0.0,74.0,0.0,0.0,0.0,0.0,0.0,0.0,0.0,0.0,0.0,0.6,0.0021278112754879,1.0,0.6911350999701301,0.0,0.0,0.0,,,,,,0.0,,,,,427.9613239923492,4683.2041015625,,,,,,,,,,
1950,1,1950.0,0.0,32.0,32.0,0.2805622683372348,0.0,74.0,0.0,0.0,0.0,0.0,0.0,0.0,0.0,0.0,0.0,0.6,0.0021278112754879,1.0,0.6885389893576954,0.0,0.0,0.0,,,,,,0.0,,,,,429.1820840444416,4678.2197265625,,,,,,,,,,
1951,1,1951.0,0.0,32.0,32.0,0.1434487194055691,0.0,74.0,0.0,0.0,0.0,0.0,0.0,0.0,0.0,0.0,0.0,0.6,0.0021278112754879,1.0,0.6924833679010295,0.0,0.0,0.0,,,,,,0.0,,,,,428.3381269779056,4679.9541015625,,,,,,,,,,
1952,1,1952.0,0.0,32.0,32.0,0.0481778883840888,0.0,74.0,0.0,0.0,0.0,0.0,0.0,0.0,0.0,0.0,0.0,0.6,0.0021278112754879,1.0,0.6846392487417244,0.0,0.0,0.0,,,,,,0.0,,,,,436.8702819338069,4693.5009765625,,,,,,,,,,
1953,1,1953.0,0.0,32.0,32.0,0.0308362881769426,11.0,74.0,0.1486486486486486,3.0,8.0,0.2727272727272727,0.7272727272727273,0.1485597656944491,0.1384411877663859,0.1523542324174727,0.0,0.6,0.0021278112754879,0.9999999999359848,0.6779203383596231,-1.35803326870321e-09,3.0,8.0,0.4545454545454545,2.6666666666666665,1.0,0.8453509077685359,0.5859525983035511,2.0,0.5165462746058492,0.0019415609785937,0.4990292195107031,0.0033777407671121,434.17464999947697,4679.9541015625,,,,,,,,,,
1954,1,1954.0,0.0,32.0,32.0,0.062594597460702,1.0,74.0,0.0135135135135135,1.0,0.0,1.0,0.0,0.1438531498142435,0.1438531498142435,0.0,0.0,0.6,0.0021278112754879,1.0,0.6941314376688797,1.0005598886019471e-09,1.0,0.0,1.0,,0.5,-1.4426950249075512e-08,-9.999999889225293e-09,1.0,0.5204895006191881,,,,438.1785930600017,4677.6728515625,,,,,,,,,,
1955,1,1955.0,0.0,32.0,32.0,0.1328487930586561,5.0,74.0,0.0675675675675675,3.0,2.0,0.6,0.4,0.1496489297685475,0.1453096983952712,0.156157776828462,0.0,0.6,0.0021278112754879,1.0000000000122098,0.6925218493921704,-6.822198481812989e-10,3.0,2.0,0.2,1.5,1.0,0.9709505656007682,0.6730116470092566,2.0,0.5175909723140736,-0.0016906195378396,0.5008453097689198,0.0049881391996038,427.8091959422454,4680.0166015625,,,,,,,,,,
1956,1,1956.0,0.0,32.0,32.0,0.3062841681530699,0.0,74.0,0.0,0.0,0.0,0.0,0.0,0.0,0.0,0.0,0.0,0.6,0.0021278112754879,1.0,0.6848636090893094,0.0,0.0,0.0,,,,,,0.0,,,,,441.0492579918355,4681.1572265625,,,,,,,,,,
1957,1,1957.0,0.0,32.0,32.0,0.324216574546881,0.0,74.0,0.0,0.0,0.0,0.0,0.0,0.0,0.0,0.0,0.0,0.6,0.0021278112754879,1.0,0.6819422628810864,0.0,0.0,0.0,,,,,,0.0,,,,,430.85559899918735,4688.4384765625,,,,,,,,,,
1958,1,1958.0,0.0,32.0,32.0,0.1265101031749509,0.0,74.0,0.0,0.0,0.0,0.0,0.0,0.0,0.0,0.0,0.0,0.6,0.0021278112754879,1.0,0.6880129314805458,0.0,0.0,0.0,,,,,,0.0,,,,,434.8743900191039,4688.4384765625,,,,,,,,,,
1959,1,1959.0,0.0,32.0,32.0,0.2649761294014752,0.0,74.0,0.0,0.0,0.0,0.0,0.0,0.0,0.0,0.0,0.0,0.6,0.0021278112754879,1.0,0.6914106646022224,0.0,0.0,0.0,,,,,,0.0,,,,,423.30928903538734,4679.6416015625,,,,,,,,,,
1960,1,1960.0,0.0,32.0,32.0,0.2593003704678267,0.0,74.0,0.0,0.0,0.0,0.0,0.0,0.0,0.0,0.0,0.0,0.6,0.0021278112754879,1.0,0.6807843965825583,0.0,0.0,0.0,,,,,,0.0,,,,,437.03449389431626,4681.9228515625,,,,,,,,,,
1961,1,1961.0,0.0,32.0,32.0,0.3095370406517759,0.0,74.0,0.0,0.0,0.0,0.0,0.0,0.0,0.0,0.0,0.0,0.6,0.0021278112754879,1.0,0.6869203562203268,0.0,0.0,0.0,,,,,,0.0,,,,,427.8092220192775,4680.6884765625,,,,,,,,,,
1962,1,1962.0,0.0,32.0,32.0,0.2708161252085119,0.0,74.0,0.0,0.0,0.0,0.0,0.0,0.0,0.0,0.0,0.0,0.6,0.0021278112754879,1.0,0.6903997319002999,0.0,0.0,0.0,,,,,,0.0,,,,,437.1974039822817,4680.7509765625,,,,,,,,,,
1963,1,1963.0,0.0,32.0,32.0,0.1369397942908108,4.0,74.0,0.054054054054054,2.0,2.0,0.5,0.5,0.149169289490207,0.1413181445069786,0.1570204344734354,0.0,0.6,0.0021278112754879,0.9999999999930478,0.6814599490106201,-4.050937585141469e-09,2.0,2.0,0.0,1.0,1.0,0.9999999711460994,0.6931471605599454,2.0,0.5261704832774279,-0.0002999156786245,0.5001499578393123,0.0011242183518078,423.0946199968457,4681.9228515625,,,,,,,,,,
1964,1,1964.0,0.0,32.0,32.0,0.1279890651348978,0.0,74.0,0.0,0.0,0.0,0.0,0.0,0.0,0.0,0.0,0.0,0.6,0.0021278112754879,1.0,0.6864795965209918,0.0,0.0,0.0,,,,,,0.0,,,,,437.6564910635352,4679.9541015625,,,,,,,,,,
1965,1,1965.0,0.0,32.0,32.0,0.1221594916423782,2.0,74.0,0.027027027027027,0.0,2.0,0.0,1.0,0.1531673494053831,0.0,0.1531673494053831,0.0,0.6,0.0021278112754879,1.000000000008792,0.6918323903118249,-3.0459746508093278e-09,0.0,2.0,1.0,,0.5,-1.4426950249075512e-08,-9.999999889225293e-09,1.0,0.5105578313512773,0.0209324769675731,0.4895337615162134,,429.6608900185674,4681.9072265625,,,,,,,,,,
1966,1,1966.0,0.0,32.0,32.0,0.0987500358605757,4.0,74.0,0.054054054054054,1.0,3.0,0.25,0.75,0.1484416853165455,0.1391533336264435,0.1515378025465795,0.0,0.6,0.0021278112754879,0.9999999988450694,0.6827529573285046,4.4278340097311866e-11,1.0,3.0,0.5,3.0,1.0,0.8112780956052325,0.5623351246188086,2.0,0.5128833950110792,0.0021611796692013,0.4989194101653993,-1.952120840897751e-05,440.62671600840986,4679.3603515625,,,,,,,,,,
1967,1,1967.0,0.0,32.0,32.0,0.1127466869074851,5.0,74.0,0.0675675675675675,3.0,2.0,0.6,0.4,0.1443944197227951,0.1410990191210318,0.1493375206254399,0.0,0.6,0.0021278112754879,1.0,0.6903082304566815,9.022849516618131e-10,3.0,2.0,0.2,1.5,1.0,0.9709505656007682,0.6730116470092566,2.0,0.5186852675906829,0.0093577024526894,0.4953211487736553,0.0004484126677574,431.6005930304527,4686.2509765625,,,,,,,,,,
1968,1,1968.0,0.0,32.0,32.0,0.0323037733323872,21.0,74.0,0.2837837837837837,3.0,18.0,0.1428571428571428,0.8571428571428571,0.1515023522440454,0.1454845116973861,0.1525053256684887,0.0,0.6,0.0021278112754879,0.9999999993255254,0.6778895967067631,3.793133986149186e-09,3.0,18.0,0.7142857142857143,6.0,1.0,0.5916727497284272,0.4101162982884094,2.0,0.5102813343743444,-0.0002108412736561,0.5001054206368281,0.000341182832454,442.7021599840373,4702.0986328125,,,,,,,,,,
1969,1,1969.0,0.0,32.0,32.0,0.0711997374892234,1.0,74.0,0.0135135135135135,1.0,0.0,1.0,0.0,0.1474403223529152,0.1474403223529152,0.0,0.0,0.6,0.0021278112754879,1.0,0.6873849926330001,6.943589010823093e-10,1.0,0.0,1.0,,0.5,-1.4426950249075512e-08,-9.999999889225293e-09,1.0,0.5085322588236159,,,,430.4869519546628,4683.2041015625,,,,,,,,,,
1970,1,1970.0,0.0,32.0,32.0,0.097391502931714,2.0,74.0,0.027027027027027,2.0,0.0,1.0,0.0,0.143448854813329,0.143448854813329,0.0,0.0,0.6,0.0021278112754879,1.0,0.6905820411726658,-9.807694727680604e-11,2.0,0.0,1.0,,0.5,-1.4426950249075512e-08,-9.999999889225293e-09,1.0,0.5218371506222363,0.00907245837152,0.49546377081424,,443.5737261082977,4681.4853515625,,,,,,,,,,
1971,1,1971.0,0.0,32.0,32.0,0.0431186916539445,3.0,74.0,0.0405405405405405,2.0,1.0,0.6666666666666666,0.3333333333333333,0.1506157290780041,0.1466036346688344,0.1586399178963434,0.0,0.6,0.0021278112754879,1.0000000000020766,0.6944092488624545,-6.43693765706916e-11,2.0,1.0,0.3333333333333333,2.0,1.0,0.918295805200589,0.636514148294813,2.0,0.517147387287416,-0.0024258531630039,0.501212926581502,0.0038599908394448,428.748017991893,4679.6416015625,,,,,,,,,,
1972,1,1972.0,0.0,32.0,32.0,0.3327128172386437,0.0,74.0,0.0,0.0,0.0,0.0,0.0,0.0,0.0,0.0,0.0,0.6,0.0021278112754879,1.0,0.6939735815299353,0.0,0.0,0.0,,,,,,0.0,,,,,436.4787800004706,4678.7822265625,,,,,,,,,,
1973,1,1973.0,0.0,32.0,32.0,0.3838312390726059,0.0,74.0,0.0,0.0,0.0,0.0,0.0,0.0,0.0,0.0,0.0,0.6,0.0021278112754879,1.0,0.6812629144365955,0.0,0.0,0.0,,,,,,0.0,,,,,428.0768680619076,4678.7822265625,,,,,,,,,,
1974,1,1974.0,0.0,32.0,32.0,0.3876564614765811,0.0,74.0,0.0,0.0,0.0,0.0,0.0,0.0,0.0,0.0,0.0,0.6,0.0021278112754879,1.0,0.6904736978145252,0.0,0.0,0.0,,,,,,0.0,,,,,437.7546339528635,4693.5009765625,,,,,,,,,,
1975,1,1975.0,0.0,32.0,32.0,0.2125571441720239,0.0,74.0,0.0,0.0,0.0,0.0,0.0,0.0,0.0,0.0,0.0,0.6,0.0021278112754879,1.0,0.6883116984284899,0.0,0.0,0.0,,,,,,0.0,,,,,426.43228196538985,4678.2197265625,,,,,,,,,,
1976,1,1976.0,0.0,32.0,32.0,0.1105297897011041,2.0,74.0,0.027027027027027,1.0,1.0,0.5,0.5,0.1441833494991197,0.1349207097841806,0.1534459892140589,0.0,0.6,0.0021278112754879,0.999999999989229,0.6846917176294264,8.056952816064316e-10,1.0,1.0,0.0,1.0,1.0,0.9999999711460994,0.6931471605599454,2.0,0.5308754657164637,,,,433.4588230121881,4695.5166015625,,,,,,,,,,
1977,1,1977.0,0.0,32.0,32.0,0.1733719821786508,1.0,74.0,0.0135135135135135,0.0,1.0,0.0,1.0,0.1525821560558826,0.0,0.1525821560558826,0.0,0.6,0.0021278112754879,0.9999999999986612,0.6886482789929225,7.827599831449565e-10,0.0,1.0,1.0,,0.5,-1.4426950249075512e-08,-9.999999889225293e-09,1.0,0.5086071868529423,,,,420.0413399375975,4687.4541015625,,,,,,,,,,
1978,1,1978.0,0.0,32.0,32.0,0.1501416616374626,1.0,74.0,0.0135135135135135,0.0,1.0,0.0,1.0,0.1523559838025052,0.0,0.1523559838025052,0.0,0.6,0.0021278112754879,1.0,0.6865471786383428,-4.542419113523937e-10,0.0,1.0,1.0,,0.5,-1.4426950249075512e-08,-9.999999889225293e-09,1.0,0.5078532793416843,,,,440.39753393735737,4683.2041015625,,,,,,,,,,
1979,1,1979.0,0.0,32.0,32.0,0.0559651888906955,3.0,74.0,0.0405405405405405,1.0,2.0,0.3333333333333333,0.6666666666666666,0.1474564795826104,0.1384209943179505,0.1519742222149403,0.0,0.6,0.0021278112754879,1.0,0.6866803634558283,7.969246827758996e-10,1.0,2.0,0.3333333333333333,2.0,1.0,0.918295805200589,0.636514148294813,2.0,0.5173821587932669,0.0039216037839651,0.4980391981080174,,426.6621279530227,4688.2978515625,,,,,,,,,,
1980,1,1980.0,0.0,32.0,32.0,0.0920328537467867,0.0,74.0,0.0,0.0,0.0,0.0,0.0,0.0,0.0,0.0,0.0,0.6,0.0021278112754879,1.0,0.688186536675391,0.0,0.0,0.0,,,,,,0.0,,,,,437.5279028899968,4677.0634765625,,,,,,,,,,
1981,1,1981.0,0.0,32.0,32.0,0.2986111114732921,0.0,74.0,0.0,0.0,0.0,0.0,0.0,0.0,0.0,0.0,0.0,0.6,0.0021278112754879,1.0,0.688769087354857,0.0,0.0,0.0,,,,,,0.0,,,,,424.9348510056734,4678.7822265625,,,,,,,,,,
1982,1,1982.0,0.0,32.0,32.0,0.1266451221890747,1.0,74.0,0.0135135135135135,0.0,1.0,0.0,1.0,0.1497604195469271,0.0,0.1497604195469271,0.0,0.6,0.0021278112754879,1.0,0.6907909585765283,0.0,0.0,1.0,1.0,,0.5,-1.4426950249075512e-08,-9.999999889225293e-09,1.0,0.5007986015102427,,,,438.9815690228716,4686.2197265625,,,,,,,,,,
1983,1,1983.0,0.0,32.0,32.0,0.2195686413906514,1.0,74.0,0.0135135135135135,0.0,1.0,0.0,1.0,0.151937594972872,0.0,0.151937594972872,0.0,0.6,0.0021278112754879,0.99999999999488,0.686791053534831,2.765310643759133e-10,0.0,1.0,1.0,,0.5,-1.4426950249075512e-08,-9.999999889225293e-09,1.0,0.5064586499095733,,,,428.0009639915079,4692.1806640625,,,,,,,,,,
1984,1,1984.0,0.0,32.0,32.0,0.0607707739109173,0.0,74.0,0.0,0.0,0.0,0.0,0.0,0.0,0.0,0.0,0.0,0.6,0.0021278112754879,1.0,0.6906754702854715,0.0,0.0,0.0,,,,,,0.0,,,,,440.5556849669665,4680.2822265625,,,,,,,,,,
1985,1,1985.0,0.0,32.0,32.0,0.0523382282117381,3.0,74.0,0.0405405405405405,2.0,1.0,0.6666666666666666,0.3333333333333333,0.1444952499253235,0.1405636788445949,0.1523583920867806,0.0,0.6,0.0021278112754879,1.0,0.6870580214323286,-1.5623049134413402e-09,2.0,1.0,0.3333333333333333,2.0,1.0,0.918295805200589,0.636514148294813,2.0,0.5235900382195453,,,-2.4075363699028104e-05,427.617532084696,4679.6416015625,,,,,,,,,,
1986,1,1986.0,0.0,32.0,32.0,0.1227064108243212,0.0,74.0,0.0,0.0,0.0,0.0,0.0,0.0,0.0,0.0,0.0,0.6,0.0021278112754879,1.0,0.6826602108927704,0.0,0.0,0.0,,,,,,0.0,,,,,433.585993014276,4684.4384765625,,,,,,,,,,
1987,1,1987.0,0.0,32.0,32.0,0.0934428919572383,1.0,74.0,0.0135135135135135,1.0,0.0,1.0,0.0,0.1459863115331265,0.1459863115331265,0.0,0.0,0.6,0.0021278112754879,1.0,0.6865466755498708,-4.445274835166705e-11,1.0,0.0,1.0,,0.5,-1.4426950249075512e-08,-9.999999889225293e-09,1.0,0.513378961556245,,,,425.64739496447146,4678.2197265625,,,,,,,,,,
1988,1,1988.0,0.0,32.0,32.0,0.3470972702489234,0.0,74.0,0.0,0.0,0.0,0.0,0.0,0.0,0.0,0.0,0.0,0.6,0.0021278112754879,1.0,0.6844548748492454,0.0,0.0,0.0,,,,,,0.0,,,,,436.50690803769976,4677.0634765625,,,,,,,,,,
1989,1,1989.0,0.0,32.0,32.0,0.1151642185286618,1.0,74.0,0.0135135135135135,0.0,1.0,0.0,1.0,0.1489805700552562,0.0,0.1489805700552562,0.0,0.6,0.0021278112754879,1.0,0.6888301330466255,-5.521394587783691e-10,0.0,1.0,1.0,,0.5,-1.4426950249075512e-08,-9.999999889225293e-09,1.0,0.5033980998158125,,,,428.996960981749,4680.6884765625,,,,,,,,,,
1990,1,1990.0,0.0,32.0,32.0,0.2308027029503137,0.0,74.0,0.0,0.0,0.0,0.0,0.0,0.0,0.0,0.0,0.0,0.6,0.0021278112754879,1.0,0.6891983394462131,0.0,0.0,0.0,,,,,,0.0,,,,,429.6801920281723,4693.5009765625,,,,,,,,,,
1991,1,1991.0,0.0,32.0,32.0,0.4956862442195415,0.0,74.0,0.0,0.0,0.0,0.0,0.0,0.0,0.0,0.0,0.0,0.6,0.0021278112754879,1.0,0.6839239786963293,0.0,0.0,0.0,,,,,,0.0,,,,,425.4744139034301,4679.8603515625,,,,,,,,,,
1992,1,1992.0,0.0,32.0,32.0,0.2770897297887131,0.0,74.0,0.0,0.0,0.0,0.0,0.0,0.0,0.0,0.0,0.0,0.6,0.0021278112754879,1.0,0.6827598142798373,0.0,0.0,0.0,,,,,,0.0,,,,,436.82089005596936,4693.5009765625,,,,,,,,,,
1993,1,1993.0,0.0,32.0,32.0,0.2421526295365765,1.0,74.0,0.0135135135135135,1.0,0.0,1.0,0.0,0.1482589148311576,0.1482589148311576,0.0,0.0,0.6,0.0021278112754879,1.0,0.6896393416546562,-3.7405126124868165e-10,1.0,0.0,1.0,,0.5,-1.4426950249075512e-08,-9.999999889225293e-09,1.0,0.5058036172294745,,,,432.6131580164656,4681.1572265625,,,,,,,,,,
1994,1,1994.0,0.0,32.0,32.0,0.188445349340327,1.0,74.0,0.0135135135135135,1.0,0.0,1.0,0.0,0.1429513982653238,0.1429513982653238,0.0,0.0,0.6,0.0021278112754879,1.0000000000079208,0.6828783337988148,1.240500767798049e-09,1.0,0.0,1.0,,0.5,-1.4426950249075512e-08,-9.999999889225293e-09,1.0,0.5234953391155872,,,,438.584704999812,4677.0634765625,,,,,,,,,,
1995,1,1995.0,0.0,32.0,32.0,0.2258722372353077,0.0,74.0,0.0,0.0,0.0,0.0,0.0,0.0,0.0,0.0,0.0,0.6,0.0021278112754879,1.0,0.6920299093157259,0.0,0.0,0.0,,,,,,0.0,,,,,427.3119610734284,4680.6884765625,,,,,,,,,,
1996,1,1996.0,0.0,32.0,32.0,0.0766397200059145,1.0,74.0,0.0135135135135135,1.0,0.0,1.0,0.0,0.1413973110282229,0.1413973110282229,0.0,0.0,0.6,0.0021278112754879,1.000000000008998,0.6921479466175123,6.990794300425244e-10,1.0,0.0,1.0,,0.5,-1.4426950249075512e-08,-9.999999889225293e-09,1.0,0.5286756299059234,,,,439.2997549148277,4678.7822265625,,,,,,,,,,
1997,1,1997.0,0.0,32.0,32.0,0.1259424147428944,0.0,74.0,0.0,0.0,0.0,0.0,0.0,0.0,0.0,0.0,0.0,0.6,0.0021278112754879,1.0,0.6886965365094531,0.0,0.0,0.0,,,,,,0.0,,,,,430.0760660553351,4679.9541015625,,,,,,,,,,
1998,1,1998.0,0.0,32.0,32.0,0.3362554013729095,0.0,74.0,0.0,0.0,0.0,0.0,0.0,0.0,0.0,0.0,0.0,0.6,0.0021278112754879,1.0,0.6879517747305384,0.0,0.0,0.0,,,,,,0.0,,,,,436.380697065033,4684.4384765625,,,,,,,,,,
1999,1,1999.0,0.0,32.0,32.0,0.0587320233462378,2.0,74.0,0.027027027027027,1.0,1.0,0.5,0.5,0.1543831035376487,0.1448258350547485,0.1639403720205489,0.0,0.6,0.0021278112754879,1.0000000000003888,0.7053069323546641,7.893058093383513e-10,1.0,1.0,0.0,1.0,1.0,0.9999999711460994,0.6931471605599454,2.0,0.5318575616096674,,,0.0046142867836588,422.7883470011875,4688.4384765625,,,,,,,,,,
2000,1,2000.0,0.0,32.0,32.0,0.2188856047578156,0.0,74.0,0.0,0.0,0.0,0.0,0.0,0.0,0.0,0.0,0.0,0.6,0.0021278112754879,1.0,0.6914539560882529,0.0,0.0,0.0,,,,,,0.0,,,,,431.8626410095021,4680.7509765625,,,,,,,,,,
2001,1,2001.0,0.0,32.0,32.0,0.3067598098423332,0.0,74.0,0.0,0.0,0.0,0.0,0.0,0.0,0.0,0.0,0.0,0.6,0.0021278112754879,1.0,0.6901760001782199,0.0,0.0,0.0,,,,,,0.0,,,,,428.19933895953,4680.7509765625,,,,,,,,,,
2002,1,2002.0,0.0,32.0,32.0,0.1261169576318934,1.0,74.0,0.0135135135135135,1.0,0.0,1.0,0.0,0.1480454741179913,0.1480454741179913,0.0,0.0,0.6,0.0021278112754879,1.0,0.6865516939578984,-6.875183380563768e-11,1.0,0.0,1.0,,0.5,-1.4426950249075512e-08,-9.999999889225293e-09,1.0,0.5065150862733623,,,,439.7325980244205,4680.7509765625,,,,,,,,,,
2003,1,2003.0,0.0,32.0,32.0,0.3658013916574418,0.0,74.0,0.0,0.0,0.0,0.0,0.0,0.0,0.0,0.0,0.0,0.6,0.0021278112754879,1.0,0.6937989886987893,0.0,0.0,0.0,,,,,,0.0,,,,,426.8189090071246,4679.6416015625,,,,,,,,,,
2004,1,2004.0,0.0,32.0,32.0,0.1632797294296324,0.0,74.0,0.0,0.0,0.0,0.0,0.0,0.0,0.0,0.0,0.0,0.6,0.0021278112754879,1.0,0.692534853476903,0.0,0.0,0.0,,,,,,0.0,,,,,433.7243180489168,4679.9541015625,,,,,,,,,,
2005,1,2005.0,0.0,32.0,32.0,0.2164921211078763,0.0,74.0,0.0,0.0,0.0,0.0,0.0,0.0,0.0,0.0,0.0,0.6,0.0021278112754879,1.0,0.6877048201470171,0.0,0.0,0.0,,,,,,0.0,,,,,428.17429499700665,4680.6884765625,,,,,,,,,,
2006,1,2006.0,0.0,32.0,32.0,0.0302543665748089,21.0,74.0,0.2837837837837837,8.0,13.0,0.3809523809523809,0.6190476190476191,0.1497219577740201,0.1424418952087135,0.1542019962757473,0.0,0.6,0.0021278112754879,0.9999999997977465,0.6769270345647013,-1.5658124504199221e-09,8.0,13.0,0.238095238095238,1.625,1.0,0.9587118541232316,0.6645284186549154,2.0,0.5190239498501626,-9.92985296761617e-05,0.5000496492648381,-0.0025497174595088,449.9287459766492,4707.3798828125,,,,,,,,,,
2007,1,2007.0,0.0,32.0,32.0,0.1427664118818938,0.0,74.0,0.0,0.0,0.0,0.0,0.0,0.0,0.0,0.0,0.0,0.6,0.0021278112754879,1.0,0.6849514329777999,0.0,0.0,0.0,,,,,,0.0,,,,,441.4044900331646,4692.1806640625,,,,,,,,,,
2008,1,2008.0,0.0,32.0,32.0,0.0390156555222347,3.0,74.0,0.0405405405405405,1.0,2.0,0.3333333333333333,0.6666666666666666,0.1482599917510029,0.1451043926034396,0.1498377913247845,0.0,0.6,0.0021278112754879,1.0000000001595113,0.6861079214964235,6.47942584346177e-10,1.0,2.0,0.3333333333333333,2.0,1.0,0.918295805200589,0.636514148294813,2.0,0.5081269897971769,0.0141801172867417,0.4929099413566291,-0.0004061729946312,440.1685779448599,4681.0087890625,,,,,,,,,,
2009,1,2009.0,0.0,32.0,32.0,0.1636923657497391,1.0,74.0,0.0135135135135135,0.0,1.0,0.0,1.0,0.1489593111387612,0.0,0.1489593111387612,0.0,0.6,0.0021278112754879,0.9999999999945726,0.6922286616800124,2.279947610210946e-09,0.0,1.0,1.0,,0.5,-1.4426950249075512e-08,-9.999999889225293e-09,1.0,0.5034689628707958,,,,429.6160340309143,4683.5947265625,,,,,,,,,,
2010,1,2010.0,0.0,32.0,32.0,0.1198010493535548,0.0,74.0,0.0,0.0,0.0,0.0,0.0,0.0,0.0,0.0,0.0,0.6,0.0021278112754879,1.0,0.6896065749920239,0.0,0.0,0.0,,,,,,0.0,,,,,445.337290992029,4693.5009765625,,,,,,,,,,
2011,1,2011.0,0.0,32.0,32.0,0.058251380600268,4.0,74.0,0.054054054054054,3.0,1.0,0.75,0.25,0.1419904630808343,0.1382813406946219,0.1531178302394713,0.0,0.6,0.0021278112754879,0.9999999999368993,0.689236920069337,-6.917027986422166e-10,3.0,1.0,0.5,3.0,1.0,0.8112780956052325,0.5623351246188086,2.0,0.5318948401296711,-0.0011913406196981,0.5005956703098491,0.0106708215058001,435.46659499406815,4684.4384765625,,,,,,,,,,
2012,1,2012.0,0.0,32.0,32.0,0.0304821945901494,5.0,74.0,0.0675675675675675,3.0,2.0,0.6,0.4,0.147361829021041,0.1391273135258549,0.1597136022638201,0.0,0.6,0.0021278112754879,0.9999999999151606,0.6937068159182266,-2.890862866562872e-09,3.0,2.0,0.2,1.5,1.0,0.9709505656007682,0.6730116470092566,2.0,0.5346968426333835,0.0092437103303382,0.4953781448348309,0.0004627336355283,440.9840420121327,4677.6728515625,,,,,,,,,,
2013,1,2013.0,0.0,32.0,32.0,0.3479377494077198,0.0,74.0,0.0,0.0,0.0,0.0,0.0,0.0,0.0,0.0,0.0,0.6,0.0021278112754879,1.0,0.6808415027987327,0.0,0.0,0.0,,,,,,0.0,,,,,424.2793669691309,4692.1806640625,,,,,,,,,,
2014,1,2014.0,0.0,32.0,32.0,0.3594274709466845,0.0,74.0,0.0,0.0,0.0,0.0,0.0,0.0,0.0,0.0,0.0,0.6,0.0021278112754879,1.0,0.6877925253544221,0.0,0.0,0.0,,,,,,0.0,,,,,432.82834999263287,4688.4384765625,,,,,,,,,,
2015,1,2015.0,0.0,32.0,32.0,0.5033449741313234,0.0,74.0,0.0,0.0,0.0,0.0,0.0,0.0,0.0,0.0,0.0,0.6,0.0021278112754879,1.0,0.6879601120309901,0.0,0.0,0.0,,,,,,0.0,,,,,430.4490329232067,4679.9541015625,,,,,,,,,,
2016,1,2016.0,0.0,32.0,32.0,0.4896794561063871,0.0,74.0,0.0,0.0,0.0,0.0,0.0,0.0,0.0,0.0,0.0,0.6,0.0021278112754879,1.0,0.7004421232106576,0.0,0.0,0.0,,,,,,0.0,,,,,435.3480660356581,4679.9541015625,,,,,,,,,,
2017,1,2017.0,0.0,32.0,32.0,0.0210491608595475,6.0,74.0,0.081081081081081,3.0,3.0,0.5,0.5,0.1478635732057255,0.1440389360759223,0.1516882103355288,0.0,0.6,0.0021278112754879,0.9999999999903174,0.6892362984894741,-1.5395477601098941e-09,3.0,3.0,0.0,1.0,1.0,0.9999999711460994,0.6931471605599454,2.0,0.514107769630913,0.0014749407564522,0.4992625296217738,0.0040538541083479,425.9029800305143,4688.2978515625,,,,,,,,,,
2018,1,2018.0,0.0,32.0,32.0,0.0323222349397838,2.0,74.0,0.027027027027027,1.0,1.0,0.5,0.5,0.1528126288289882,0.1407745617696409,0.1648506958883356,0.0,0.6,0.0021278112754879,1.0,0.6853290629308776,1.9792297349663372e-09,1.0,1.0,0.0,1.0,1.0,0.9999999711460994,0.6931471605599454,2.0,0.5401268901978244,,,-0.0006056534039568,434.5429160166532,4678.7822265625,,,,,,,,,,
2019,1,2019.0,0.0,32.0,32.0,0.1064680062117986,0.0,74.0,0.0,0.0,0.0,0.0,0.0,0.0,0.0,0.0,0.0,0.6,0.0021278112754879,1.0,0.6908153641272816,0.0,0.0,0.0,,,,,,0.0,,,,,424.8024430125952,4679.9541015625,,,,,,,,,,
2020,1,2020.0,0.0,32.0,32.0,0.1125608353759162,1.0,74.0,0.0135135135135135,0.0,1.0,0.0,1.0,0.152696812882193,0.0,0.152696812882193,0.0,0.6,0.0021278112754879,1.0000000000019584,0.6909285282073652,-1.3606057975110539e-09,0.0,1.0,1.0,,0.5,-1.4426950249075512e-08,-9.999999889225293e-09,1.0,0.5089893762739768,,,,435.73268002364784,4679.3603515625,,,,,,,,,,
2021,1,2021.0,0.0,32.0,32.0,0.3713793917559087,0.0,74.0,0.0,0.0,0.0,0.0,0.0,0.0,0.0,0.0,0.0,0.6,0.0021278112754879,1.0,0.686219682274266,0.0,0.0,0.0,,,,,,0.0,,,,,422.47746093198657,4678.2197265625,,,,,,,,,,
2022,1,2022.0,0.0,32.0,32.0,0.5890669190557674,0.0,74.0,0.0,0.0,0.0,0.0,0.0,0.0,0.0,0.0,0.0,0.6,0.0021278112754879,1.0,0.6853636095442727,0.0,0.0,0.0,,,,,,0.0,,,,,430.2619979716837,4679.3603515625,,,,,,,,,,
2023,1,2023.0,0.0,32.0,32.0,0.197117693722248,0.0,74.0,0.0,0.0,0.0,0.0,0.0,0.0,0.0,0.0,0.0,0.6,0.0021278112754879,1.0,0.6872297124249058,0.0,0.0,0.0,,,,,,0.0,,,,,428.7286649923772,4681.4853515625,,,,,,,,,,
2024,1,2024.0,0.0,32.0,32.0,0.1603256848175078,0.0,74.0,0.0,0.0,0.0,0.0,0.0,0.0,0.0,0.0,0.0,0.6,0.0021278112754879,1.0,0.6861306402529302,0.0,0.0,0.0,,,,,,0.0,,,,,435.4126889957115,4677.0634765625,,,,,,,,,,
2025,1,2025.0,0.0,32.0,32.0,0.1876280704746022,0.0,74.0,0.0,0.0,0.0,0.0,0.0,0.0,0.0,0.0,0.0,0.6,0.0021278112754879,1.0,0.6856739692515993,0.0,0.0,0.0,,,,,,0.0,,,,,427.3502229480073,4679.3603515625,,,,,,,,,,
2026,1,2026.0,0.0,32.0,32.0,0.1307572820223868,0.0,74.0,0.0,0.0,0.0,0.0,0.0,0.0,0.0,0.0,0.0,0.6,0.0021278112754879,1.0,0.6870946081392744,0.0,0.0,0.0,,,,,,0.0,,,,,433.2511320244521,4686.2197265625,,,,,,,,,,
2027,1,2027.0,0.0,32.0,32.0,0.0797871435061097,1.0,74.0,0.0135135135135135,1.0,0.0,1.0,0.0,0.1303374847403962,0.1303374847403962,0.0,0.0,0.6,0.0021278112754879,1.0,0.6920206392835344,5.354249722830459e-10,1.0,0.0,1.0,,0.5,-1.4426950249075512e-08,-9.999999889225293e-09,1.0,0.5655417175320127,,,,421.4569289470092,4693.5009765625,,,,,,,,,,
2028,1,2028.0,0.0,32.0,32.0,0.0625026373309083,1.0,74.0,0.0135135135135135,1.0,0.0,1.0,0.0,0.1390462078063169,0.1390462078063169,0.0,0.0,0.6,0.0021278112754879,1.0,0.6942470554622052,5.075805141718343e-10,1.0,0.0,1.0,,0.5,-1.4426950249075512e-08,-9.999999889225293e-09,1.0,0.5365126406456103,,,,436.626186943613,4688.4384765625,,,,,,,,,,
2029,1,2029.0,0.0,32.0,32.0,0.097836875822395,0.0,74.0,0.0,0.0,0.0,0.0,0.0,0.0,0.0,0.0,0.0,0.6,0.0021278112754879,1.0,0.6913968088245369,0.0,0.0,0.0,,,,,,0.0,,,,,428.3527840161696,4684.4384765625,,,,,,,,,,
2030,1,2030.0,0.0,32.0,32.0,0.299273292243015,0.0,74.0,0.0,0.0,0.0,0.0,0.0,0.0,0.0,0.0,0.0,0.6,0.0021278112754879,1.0,0.6836677502692325,0.0,0.0,0.0,,,,,,0.0,,,,,432.13506101164967,4679.6416015625,,,,,,,,,,
2031,1,2031.0,0.0,32.0,32.0,0.2450179547304287,0.0,74.0,0.0,0.0,0.0,0.0,0.0,0.0,0.0,0.0,0.0,0.6,0.0021278112754879,1.0,0.6873395767554364,0.0,0.0,0.0,,,,,,0.0,,,,,419.675178010948,4679.9541015625,,,,,,,,,,
2032,1,2032.0,0.0,32.0,32.0,0.1504233329324051,2.0,74.0,0.027027027027027,0.0,2.0,0.0,1.0,0.1515834893602833,0.0,0.1515834893602833,0.0,0.6,0.0021278112754879,0.9999999999835216,0.6908704230568544,5.774885824793829e-11,0.0,2.0,1.0,,0.5,-1.4426950249075512e-08,-9.999999889225293e-09,1.0,0.507368086277949,0.0141217494383454,0.4929391252808273,,436.63349898997694,4693.5009765625,,,,,,,,,,
2033,1,2033.0,0.0,32.0,32.0,0.3377191588515416,0.0,74.0,0.0,0.0,0.0,0.0,0.0,0.0,0.0,0.0,0.0,0.6,0.0021278112754879,1.0,0.6917618031279992,0.0,0.0,0.0,,,,,,0.0,,,,,425.6740469718352,4681.8291015625,,,,,,,,,,
2034,1,2034.0,0.0,32.0,32.0,0.0422450591577217,3.0,74.0,0.0405405405405405,0.0,3.0,0.0,1.0,0.1515767849641711,0.0,0.1515767849641711,0.0,0.6,0.0021278112754879,1.000000000064435,0.6867328295250062,4.127207988844781e-10,0.0,3.0,1.0,,0.5,-1.4426950249075512e-08,-9.999999889225293e-09,1.0,0.5060216815996766,0.0031198733486235,0.4984400633256882,,436.5564890904352,4678.2197265625,,,,,,,,,,
2035,1,2035.0,0.0,32.0,32.0,0.1488729300908744,0.0,74.0,0.0,0.0,0.0,0.0,0.0,0.0,0.0,0.0,0.0,0.6,0.0021278112754879,1.0,0.6883205716921234,0.0,0.0,0.0,,,,,,0.0,,,,,419.303297996521,4681.9228515625,,,,,,,,,,
2036,1,2036.0,0.0,32.0,32.0,0.2124101168010383,0.0,74.0,0.0,0.0,0.0,0.0,0.0,0.0,0.0,0.0,0.0,0.6,0.0021278112754879,1.0,0.6812866991280111,0.0,0.0,0.0,,,,,,0.0,,,,,434.6238209400326,4687.4541015625,,,,,,,,,,
2037,1,2037.0,0.0,32.0,32.0,0.0502055414253845,2.0,74.0,0.027027027027027,1.0,1.0,0.5,0.5,0.1431430851100594,0.1367479244544939,0.1495382457656248,0.0,0.6,0.0021278112754879,1.0000000000043483,0.6939039399630451,-2.7729472668872865e-10,1.0,1.0,0.0,1.0,1.0,0.9999999711460994,0.6931471605599454,2.0,0.5228563829664685,,,,426.5176260378212,4688.2978515625,,,,,,,,,,
2038,1,2038.0,0.0,32.0,32.0,0.4326168289408088,0.0,74.0,0.0,0.0,0.0,0.0,0.0,0.0,0.0,0.0,0.0,0.6,0.0021278112754879,1.0,0.686098660016716,0.0,0.0,0.0,,,,,,0.0,,,,,437.129040947184,4681.8291015625,,,,,,,,,,
2039,1,2039.0,0.0,32.0,32.0,0.166993316495791,1.0,74.0,0.0135135135135135,0.0,1.0,0.0,1.0,0.1492567686385957,0.0,0.1492567686385957,0.0,0.6,0.0021278112754879,1.0,0.6876221700907053,-7.126418580625058e-11,0.0,1.0,1.0,,0.5,-1.4426950249075512e-08,-9.999999889225293e-09,1.0,0.5024774378713476,,,,422.1339529613033,4695.5166015625,,,,,,,,,,
2040,1,2040.0,0.0,32.0,32.0,0.1343869739212095,0.0,74.0,0.0,0.0,0.0,0.0,0.0,0.0,0.0,0.0,0.0,0.6,0.0021278112754879,1.0,0.6853478875670893,0.0,0.0,0.0,,,,,,0.0,,,,,428.103797021322,4687.4541015625,,,,,,,,,,
2041,1,2041.0,0.0,32.0,32.0,0.2030488348100334,0.0,74.0,0.0,0.0,0.0,0.0,0.0,0.0,0.0,0.0,0.0,0.6,0.0021278112754879,1.0,0.6904959057702995,0.0,0.0,0.0,,,,,,0.0,,,,,425.21322693210095,4686.2509765625,,,,,,,,,,
2042,1,2042.0,0.0,32.0,32.0,0.1286624781787395,0.0,74.0,0.0,0.0,0.0,0.0,0.0,0.0,0.0,0.0,0.0,0.6,0.0021278112754879,1.0,0.6911762195774903,0.0,0.0,0.0,,,,,,0.0,,,,,434.8696769447997,4679.9541015625,,,,,,,,,,
2043,1,2043.0,0.0,32.0,32.0,0.1772008102852851,0.0,74.0,0.0,0.0,0.0,0.0,0.0,0.0,0.0,0.0,0.0,0.6,0.0021278112754879,1.0,0.6880558829018028,0.0,0.0,0.0,,,,,,0.0,,,,,426.6909080324695,4686.2509765625,,,,,,,,,,
2044,1,2044.0,0.0,32.0,32.0,0.1666299517964944,0.0,74.0,0.0,0.0,0.0,0.0,0.0,0.0,0.0,0.0,0.0,0.6,0.0021278112754879,1.0,0.6892616082170819,0.0,0.0,0.0,,,,,,0.0,,,,,433.04769694805145,4677.6728515625,,,,,,,,,,
2045,1,2045.0,0.0,32.0,32.0,0.2141978060826659,0.0,74.0,0.0,0.0,0.0,0.0,0.0,0.0,0.0,0.0,0.0,0.6,0.0021278112754879,1.0,0.6856424578133223,0.0,0.0,0.0,,,,,,0.0,,,,,425.29915005434304,4679.9541015625,,,,,,,,,,
2046,1,2046.0,0.0,32.0,32.0,0.0965326405130326,0.0,74.0,0.0,0.0,0.0,0.0,0.0,0.0,0.0,0.0,0.0,0.6,0.0021278112754879,1.0,0.6835322395582353,0.0,0.0,0.0,,,,,,0.0,,,,,435.44240295886993,4693.5009765625,,,,,,,,,,
2047,1,2047.0,0.0,32.0,32.0,0.2389266648096963,0.0,74.0,0.0,0.0,0.0,0.0,0.0,0.0,0.0,0.0,0.0,0.6,0.0021278112754879,1.0,0.6887155503827708,0.0,0.0,0.0,,,,,,0.0,,,,,425.4481779644266,4680.0166015625,,,,,,,,,,
2048,1,2048.0,0.0,32.0,32.0,0.1598222062457353,1.0,74.0,0.0135135135135135,1.0,0.0,1.0,0.0,0.1469910691811556,0.1469910691811556,0.0,0.0,0.6,0.0021278112754879,0.9999999999958966,0.6850142431591472,0.0,1.0,0.0,1.0,,0.5,-1.4426950249075512e-08,-9.999999889225293e-09,1.0,0.5100297693961477,,,,435.3370170574635,4678.7822265625,,,,,,,,,,
2049,1,2049.0,0.0,32.0,32.0,0.3176061315461993,0.0,74.0,0.0,0.0,0.0,0.0,0.0,0.0,0.0,0.0,0.0,0.6,0.0021278112754879,1.0,0.6809734731026846,0.0,0.0,0.0,,,,,,0.0,,,,,424.2260950850323,4681.9072265625,,,,,,,,,,
2050,1,2050.0,0.0,32.0,32.0,0.1979376927483827,0.0,74.0,0.0,0.0,0.0,0.0,0.0,0.0,0.0,0.0,0.0,0.6,0.0021278112754879,1.0,0.6868866176619922,0.0,0.0,0.0,,,,,,0.0,,,,,435.73837797157466,4679.3603515625,,,,,,,,,,
2051,1,2051.0,0.0,32.0,32.0,0.1216193182626739,0.0,74.0,0.0,0.0,0.0,0.0,0.0,0.0,0.0,0.0,0.0,0.6,0.0021278112754879,1.0,0.6831653373125083,0.0,0.0,0.0,,,,,,0.0,,,,,426.4403850538656,4678.7509765625,,,,,,,,,,
2052,1,2052.0,0.0,32.0,32.0,0.1081279659993015,1.0,74.0,0.0135135135135135,0.0,1.0,0.0,1.0,0.1509240394914723,0.0,0.1509240394914723,0.0,0.6,0.0021278112754879,1.000000000003373,0.6882359635318884,-5.992197697119645e-10,0.0,1.0,1.0,,0.5,-1.4426950249075512e-08,-9.999999889225293e-09,1.0,0.5030801316382412,,,,445.5044459318742,4681.4853515625,,,,,,,,,,
2053,1,2053.0,0.0,32.0,32.0,0.2140793640282936,0.0,74.0,0.0,0.0,0.0,0.0,0.0,0.0,0.0,0.0,0.0,0.6,0.0021278112754879,1.0,0.6913300519630268,0.0,0.0,0.0,,,,,,0.0,,,,,420.9322070237249,4687.4541015625,,,,,,,,,,
2054,1,2054.0,0.0,32.0,32.0,0.0979094292852096,4.0,74.0,0.054054054054054,2.0,2.0,0.5,0.5,0.1461874627028151,0.1428782509192273,0.1494966744864028,0.0,0.6,0.0021278112754879,1.0,0.6892329216890121,-5.816439391875065e-10,2.0,2.0,0.0,1.0,1.0,0.9999999711460994,0.6931471605599454,2.0,0.5127084576572829,0.0079032769426703,0.4960483615286648,0.0026121199928655,438.8859770260751,4678.2197265625,,,,,,,,,,
2055,1,2055.0,0.0,32.0,32.0,0.1490299745346419,1.0,74.0,0.0135135135135135,1.0,0.0,1.0,0.0,0.146751550595286,0.146751550595286,0.0,0.0,0.6,0.0021278112754879,1.0,0.6839638287103394,5.407058444705973e-10,1.0,0.0,1.0,,0.5,-1.4426950249075512e-08,-9.999999889225293e-09,1.0,0.5108281646823798,,,,425.91369606088847,4678.2197265625,,,,,,,,,,
2056,1,2056.0,0.0,32.0,32.0,0.1030957888578996,1.0,74.0,0.0135135135135135,1.0,0.0,1.0,0.0,0.1483611626223673,0.1483611626223673,0.0,0.0,0.6,0.0021278112754879,1.0000000000165037,0.6847494899341741,9.759728438331751e-10,1.0,0.0,1.0,,0.5,-1.4426950249075512e-08,-9.999999889225293e-09,1.0,0.5054627912587757,,,,437.1598059078679,4687.4541015625,,,,,,,,,,
2057,1,2057.0,0.0,32.0,32.0,0.0569481790298596,3.0,74.0,0.0405405405405405,1.0,2.0,0.3333333333333333,0.6666666666666666,0.1458906976426278,0.1308369557406779,0.1534175685936029,0.0,0.6,0.0021278112754879,0.9999999999993372,0.6966561432252943,7.858062760456969e-10,1.0,2.0,0.3333333333333333,2.0,1.0,0.918295805200589,0.636514148294813,2.0,0.5288868682739198,0.0181512534618377,0.4909243732690811,,423.70754096191376,4688.4384765625,,,,,,,,,,
2058,1,2058.0,0.0,32.0,32.0,0.1166141331777907,0.0,74.0,0.0,0.0,0.0,0.0,0.0,0.0,0.0,0.0,0.0,0.6,0.0021278112754879,1.0,0.691267102241462,0.0,0.0,0.0,,,,,,0.0,,,,,433.2776280352846,4680.0166015625,,,,,,,,,,
2059,1,2059.0,0.0,32.0,32.0,0.2962270463467575,0.0,74.0,0.0,0.0,0.0,0.0,0.0,0.0,0.0,0.0,0.0,0.6,0.0021278112754879,1.0,0.6835215117913825,0.0,0.0,0.0,,,,,,0.0,,,,,502.5925849331543,4680.0166015625,,,,,,,,,,
2060,1,2060.0,0.0,32.0,32.0,0.2482766752364114,0.0,74.0,0.0,0.0,0.0,0.0,0.0,0.0,0.0,0.0,0.0,0.6,0.0021278112754879,1.0,0.6796733771683889,0.0,0.0,0.0,,,,,,0.0,,,,,426.3645879691466,4679.6416015625,,,,,,,,,,
2061,1,2061.0,0.0,32.0,32.0,0.2992274014977738,0.0,74.0,0.0,0.0,0.0,0.0,0.0,0.0,0.0,0.0,0.0,0.6,0.0021278112754879,1.0,0.6815812779452058,0.0,0.0,0.0,,,,,,0.0,,,,,440.7899039797485,4678.7822265625,,,,,,,,,,
2062,1,2062.0,0.0,32.0,32.0,0.1941448514699004,0.0,74.0,0.0,0.0,0.0,0.0,0.0,0.0,0.0,0.0,0.0,0.6,0.0021278112754879,1.0,0.690823554496342,0.0,0.0,0.0,,,,,,0.0,,,,,420.3957719728351,4680.0166015625,,,,,,,,,,
2063,1,2063.0,0.0,32.0,32.0,0.1314298257057089,0.0,74.0,0.0,0.0,0.0,0.0,0.0,0.0,0.0,0.0,0.0,0.6,0.0021278112754879,1.0,0.6936726158867965,0.0,0.0,0.0,,,,,,0.0,,,,,434.2469070106745,4684.4384765625,,,,,,,,,,
2064,1,2064.0,0.0,32.0,32.0,0.1793843669584021,0.0,74.0,0.0,0.0,0.0,0.0,0.0,0.0,0.0,0.0,0.0,0.6,0.0021278112754879,1.0,0.6913678218136292,0.0,0.0,0.0,,,,,,0.0,,,,,424.09859190229326,4677.0634765625,,,,,,,,,,
2065,1,2065.0,0.0,32.0,32.0,0.356277555343695,0.0,74.0,0.0,0.0,0.0,0.0,0.0,0.0,0.0,0.0,0.0,0.6,0.0021278112754879,1.0,0.6881662302210584,0.0,0.0,0.0,,,,,,0.0,,,,,436.4422019571066,4681.8291015625,,,,,,,,,,
2066,1,2066.0,0.0,32.0,32.0,0.0587607237976044,3.0,74.0,0.0405405405405405,0.0,3.0,0.0,1.0,0.1543761433299581,0.0,0.1543761433299581,0.0,0.6,0.0021278112754879,1.0000000000091742,0.6955856855132201,-3.6202627269872873e-10,0.0,3.0,1.0,,0.5,-1.4426950249075512e-08,-9.999999889225293e-09,1.0,0.5183501795222268,0.0052858213894069,0.4973570893052965,,423.5586110735312,4679.8603515625,,,,,,,,,,
2067,1,2067.0,0.0,32.0,32.0,0.2068252655444666,0.0,74.0,0.0,0.0,0.0,0.0,0.0,0.0,0.0,0.0,0.0,0.6,0.0021278112754879,1.0,0.686643970489996,0.0,0.0,0.0,,,,,,0.0,,,,,430.61093299184,4680.0166015625,,,,,,,,,,
2068,1,2068.0,0.0,32.0,32.0,0.0287862260593101,14.0,74.0,0.1891891891891892,1.0,13.0,0.0714285714285714,0.9285714285714286,0.1520082359005703,0.1435993257332632,0.1526550751442093,0.0,0.6,0.0021278112754879,0.999999998995357,0.6808039005405261,8.571774624558952e-11,1.0,13.0,0.8571428571428571,13.0,1.0,0.3712322977869758,0.2573186205438323,2.0,0.5109002343659924,-0.0006363358126171,0.5003181679063086,-0.004162225569292,433.758269995451,4679.6416015625,,,,,,,,,,
2069,1,2069.0,0.0,32.0,32.0,0.1731467379722744,1.0,74.0,0.0135135135135135,1.0,0.0,1.0,0.0,0.1423915687318075,0.1423915687318075,0.0,0.0,0.6,0.0021278112754879,1.0,0.6880467495857668,0.0,1.0,0.0,1.0,,0.5,-1.4426950249075512e-08,-9.999999889225293e-09,1.0,0.5253614375606416,,,,434.24646998755634,4688.4384765625,,,,,,,,,,
2070,1,2070.0,0.0,32.0,32.0,0.1501337594818323,0.0,74.0,0.0,0.0,0.0,0.0,0.0,0.0,0.0,0.0,0.0,0.6,0.0021278112754879,1.0,0.686480614219351,0.0,0.0,0.0,,,,,,0.0,,,,,426.3929600128904,4688.2978515625,,,,,,,,,,
2071,1,2071.0,0.0,32.0,32.0,0.1260111287701875,2.0,74.0,0.027027027027027,2.0,0.0,1.0,0.0,0.1453751317895441,0.1453751317895441,0.0,0.0,0.6,0.0021278112754879,1.0,0.6886525612536702,-3.692976480174082e-12,2.0,0.0,1.0,,0.5,-1.4426950249075512e-08,-9.999999889225293e-09,1.0,0.5154162273681862,0.0179093573242425,0.4910453213378787,,434.8246989538893,4683.5947265625,,,,,,,,,,
2072,1,2072.0,0.0,32.0,32.0,0.281549971550703,0.0,74.0,0.0,0.0,0.0,0.0,0.0,0.0,0.0,0.0,0.0,0.6,0.0021278112754879,1.0,0.684969552402479,0.0,0.0,0.0,,,,,,0.0,,,,,425.3366140183061,4688.4384765625,,,,,,,,,,
2073,1,2073.0,0.0,32.0,32.0,0.0667034318903461,4.0,74.0,0.054054054054054,1.0,3.0,0.25,0.75,0.1482749016520255,0.1444114766002213,0.1495627100026269,0.0,0.6,0.0021278112754879,0.9999999999857996,0.6884053850445172,-5.383757302580951e-10,1.0,3.0,0.5,3.0,1.0,0.8112780956052325,0.5623351246188086,2.0,0.5066081816486009,0.0039068665355443,0.4980465667322278,,445.2394100371748,4683.5947265625,,,,,,,,,,
2074,1,2074.0,0.0,32.0,32.0,0.1858189094346016,0.0,74.0,0.0,0.0,0.0,0.0,0.0,0.0,0.0,0.0,0.0,0.6,0.0021278112754879,1.0,0.6875203992521495,0.0,0.0,0.0,,,,,,0.0,,,,,430.7724710088223,4679.8603515625,,,,,,,,,,
2075,1,2075.0,0.0,32.0,32.0,0.2509926699567586,0.0,74.0,0.0,0.0,0.0,0.0,0.0,0.0,0.0,0.0,0.0,0.6,0.0021278112754879,1.0,0.6853098871015457,0.0,0.0,0.0,,,,,,0.0,,,,,432.11676995269954,4678.2197265625,,,,,,,,,,
2076,1,2076.0,0.0,32.0,32.0,0.1469772963318973,1.0,74.0,0.0135135135135135,0.0,1.0,0.0,1.0,0.1510445370066294,0.0,0.1510445370066294,0.0,0.6,0.0021278112754879,0.999999999998613,0.6884754557399884,9.90973626168689e-10,0.0,1.0,1.0,,0.5,-1.4426950249075512e-08,-9.999999889225293e-09,1.0,0.503481790022098,,,,422.4050900666043,4688.4384765625,,,,,,,,,,
2077,1,2077.0,0.0,32.0,32.0,0.1704532654839567,0.0,74.0,0.0,0.0,0.0,0.0,0.0,0.0,0.0,0.0,0.0,0.6,0.0021278112754879,1.0,0.6907194205834577,0.0,0.0,0.0,,,,,,0.0,,,,,439.10725496243685,4692.1806640625,,,,,,,,,,
2078,1,2078.0,0.0,32.0,32.0,0.1757298139855265,0.0,74.0,0.0,0.0,0.0,0.0,0.0,0.0,0.0,0.0,0.0,0.6,0.0021278112754879,1.0,0.6948135922749246,0.0,0.0,0.0,,,,,,0.0,,,,,431.1067439848557,4686.2197265625,,,,,,,,,,
2079,1,2079.0,0.0,32.0,32.0,0.1007385540287941,1.0,74.0,0.0135135135135135,1.0,0.0,1.0,0.0,0.1327989375205337,0.1327989375205337,0.0,0.0,0.6,0.0021278112754879,1.0,0.691272228163642,1.1989604825098951e-09,1.0,0.0,1.0,,0.5,-1.4426950249075512e-08,-9.999999889225293e-09,1.0,0.5573368749315543,,,,435.8683000318706,4693.5009765625,,,,,,,,,,
2080,1,2080.0,0.0,32.0,32.0,0.0751217589713633,0.0,74.0,0.0,0.0,0.0,0.0,0.0,0.0,0.0,0.0,0.0,0.6,0.0021278112754879,1.0,0.684166942950321,0.0,0.0,0.0,,,,,,0.0,,,,,425.9195199701935,4680.6884765625,,,,,,,,,,
2081,1,2081.0,0.0,32.0,32.0,0.1347831999883055,1.0,74.0,0.0135135135135135,0.0,1.0,0.0,1.0,0.1495945858928517,0.0,0.1495945858928517,0.0,0.6,0.0021278112754879,0.999999999988453,0.6891916173850993,-8.511381038780944e-10,0.0,1.0,1.0,,0.5,-1.4426950249075512e-08,-9.999999889225293e-09,1.0,0.5013513803571609,,,,439.8799960035831,4695.5166015625,,,,,,,,,,
2082,1,2082.0,0.0,32.0,32.0,0.0580388389644213,4.0,74.0,0.054054054054054,2.0,2.0,0.5,0.5,0.1452778665626274,0.1397322212851999,0.150823511840055,0.0,0.6,0.0021278112754879,0.9999999999994348,0.6898356381824567,1.001068064779512e-09,2.0,2.0,0.0,1.0,1.0,0.9999999711460994,0.6931471605599454,2.0,0.5207203027451598,0.0017179744318127,0.4991410127840936,0.0109608528987317,428.35429799743,4680.0166015625,,,,,,,,,,
2083,1,2083.0,0.0,32.0,32.0,0.2492261475417763,0.0,74.0,0.0,0.0,0.0,0.0,0.0,0.0,0.0,0.0,0.0,0.6,0.0021278112754879,1.0,0.6907916999694476,0.0,0.0,0.0,,,,,,0.0,,,,,437.895754002966,4677.0634765625,,,,,,,,,,
2084,1,2084.0,0.0,32.0,32.0,0.2739570079138502,0.0,74.0,0.0,0.0,0.0,0.0,0.0,0.0,0.0,0.0,0.0,0.6,0.0021278112754879,1.0,0.6820588160796782,0.0,0.0,0.0,,,,,,0.0,,,,,423.757100943476,4692.1806640625,,,,,,,,,,
2085,1,2085.0,0.0,32.0,32.0,0.1218957341625355,3.0,74.0,0.0405405405405405,1.0,2.0,0.3333333333333333,0.6666666666666666,0.147784705973764,0.1410550117380049,0.1511495530916435,0.0,0.6,0.0021278112754879,1.000000000002122,0.685981940928527,-7.077629926389806e-10,1.0,2.0,0.3333333333333333,2.0,1.0,0.918295805200589,0.636514148294813,2.0,0.5124934382725358,-0.0013061474310234,0.5006530737155117,,435.9198010060936,4679.3603515625,,,,,,,,,,
2086,1,2086.0,0.0,32.0,32.0,0.2976012461585924,0.0,74.0,0.0,0.0,0.0,0.0,0.0,0.0,0.0,0.0,0.0,0.6,0.0021278112754879,1.0,0.6909944021815412,0.0,0.0,0.0,,,,,,0.0,,,,,428.3649460412562,4681.9072265625,,,,,,,,,,
2087,1,2087.0,0.0,32.0,32.0,0.1054818842094391,1.0,74.0,0.0135135135135135,0.0,1.0,0.0,1.0,0.154908602734927,0.0,0.154908602734927,0.0,0.6,0.0021278112754879,1.0,0.6882737135920837,1.1232445416729683e-10,0.0,1.0,1.0,,0.5,-1.4426950249075512e-08,-9.999999889225293e-09,1.0,0.5163620091164236,,,,440.5404860153794,4678.7822265625,,,,,,,,,,
2088,1,2088.0,0.0,32.0,32.0,0.1540630210074596,0.0,74.0,0.0,0.0,0.0,0.0,0.0,0.0,0.0,0.0,0.0,0.6,0.0021278112754879,1.0,0.691360987032561,0.0,0.0,0.0,,,,,,0.0,,,,,433.0250290222466,4681.4853515625,,,,,,,,,,
2089,1,2089.0,0.0,32.0,32.0,0.3563028519274667,0.0,74.0,0.0,0.0,0.0,0.0,0.0,0.0,0.0,0.0,0.0,0.6,0.0021278112754879,1.0,0.6884993307719655,0.0,0.0,0.0,,,,,,0.0,,,,,433.5194859886542,4680.7509765625,,,,,,,,,,
2090,1,2090.0,0.0,32.0,32.0,0.0641135718906298,3.0,74.0,0.0405405405405405,0.0,3.0,0.0,1.0,0.1541729334550397,0.0,0.1541729334550397,0.0,0.6,0.0021278112754879,1.0000000000145617,0.6879876985566677,-1.0943227435333822e-09,0.0,3.0,1.0,,0.5,-1.4426950249075512e-08,-9.999999889225293e-09,1.0,0.5158068314716041,-0.0030444299336522,0.5015222149668261,,430.8539619669318,4680.6884765625,,,,,,,,,,
2091,1,2091.0,0.0,32.0,32.0,0.0802682356443256,2.0,74.0,0.027027027027027,1.0,1.0,0.5,0.5,0.1500471138733917,0.1444835266060954,0.155610701140688,0.0,0.6,0.0021278112754879,1.0000000000167368,0.6835326345171614,9.860321183801452e-11,1.0,1.0,0.0,1.0,1.0,0.9999999711460994,0.6931471605599454,2.0,0.5185452908909877,,,-0.0013491615738788,435.85005903150886,4687.4541015625,,,,,,,,,,
2092,1,2092.0,0.0,32.0,32.0,0.2199102899758145,0.0,74.0,0.0,0.0,0.0,0.0,0.0,0.0,0.0,0.0,0.0,0.6,0.0021278112754879,1.0,0.687141008073718,0.0,0.0,0.0,,,,,,0.0,,,,,430.32738601323217,4684.6572265625,,,,,,,,,,
2093,1,2093.0,0.0,32.0,32.0,0.2092074754182249,0.0,74.0,0.0,0.0,0.0,0.0,0.0,0.0,0.0,0.0,0.0,0.6,0.0021278112754879,1.0,0.6845041472915463,0.0,0.0,0.0,,,,,,0.0,,,,,432.0293159689754,4678.2197265625,,,,,,,,,,
2094,1,2094.0,0.0,32.0,32.0,0.0978237657691352,1.0,74.0,0.0135135135135135,1.0,0.0,1.0,0.0,0.1484121305905752,0.1484121305905752,0.0,0.0,0.6,0.0021278112754879,1.0,0.6920694449181739,1.6635737926096184e-10,1.0,0.0,1.0,,0.5,-1.4426950249075512e-08,-9.999999889225293e-09,1.0,0.5052928980314159,,,,425.0929789850488,4681.9072265625,,,,,,,,,,
2095,1,2095.0,0.0,32.0,32.0,0.1325248294742778,1.0,74.0,0.0135135135135135,0.0,1.0,0.0,1.0,0.1502367346045509,0.0,0.1502367346045509,0.0,0.6,0.0021278112754879,1.000000000005101,0.688057250101182,-8.541642288368183e-10,0.0,1.0,1.0,,0.5,-1.4426950249075512e-08,-9.999999889225293e-09,1.0,0.5007891153485032,,,,439.2934839706868,4680.0166015625,,,,,,,,,,
2096,1,2096.0,0.0,32.0,32.0,0.1548149616282899,1.0,74.0,0.0135135135135135,0.0,1.0,0.0,1.0,0.1502829585061159,0.0,0.1502829585061159,0.0,0.6,0.0021278112754879,1.0,0.6889579452548027,1.0670189825545084e-10,0.0,1.0,1.0,,0.5,-1.4426950249075512e-08,-9.999999889225293e-09,1.0,0.5009431950203866,,,,429.1201770538464,4681.0087890625,,,,,,,,,,
2097,1,2097.0,0.0,32.0,32.0,0.2233086168998852,0.0,74.0,0.0,0.0,0.0,0.0,0.0,0.0,0.0,0.0,0.0,0.6,0.0021278112754879,1.0,0.6880209732968756,0.0,0.0,0.0,,,,,,0.0,,,,,433.67354990914464,4679.9541015625,,,,,,,,,,
2098,1,2098.0,0.0,32.0,32.0,0.1457581351569388,1.0,74.0,0.0135135135135135,0.0,1.0,0.0,1.0,0.1488071232256448,0.0,0.1488071232256448,0.0,0.6,0.0021278112754879,1.0,0.6893453117529592,-2.2412608162023927e-10,0.0,1.0,1.0,,0.5,-1.4426950249075512e-08,-9.999999889225293e-09,1.0,0.5039762559145172,,,,424.8581300489605,4687.4541015625,,,,,,,,,,
2099,1,2099.0,0.0,32.0,32.0,0.3230469159170752,0.0,74.0,0.0,0.0,0.0,0.0,0.0,0.0,0.0,0.0,0.0,0.6,0.0021278112754879,1.0,0.6880458142438809,0.0,0.0,0.0,,,,,,0.0,,,,,435.5663330061361,4692.1806640625,,,,,,,,,,
2100,1,2100.0,0.0,32.0,32.0,0.1248535937047563,0.0,74.0,0.0,0.0,0.0,0.0,0.0,0.0,0.0,0.0,0.0,0.6,0.0021278112754879,1.0,0.6913802959272777,0.0,0.0,0.0,,,,,,0.0,,,,,423.9050729665905,4677.6728515625,,,,,,,,,,
2101,1,2101.0,0.0,32.0,32.0,0.215772378607653,0.0,74.0,0.0,0.0,0.0,0.0,0.0,0.0,0.0,0.0,0.0,0.6,0.0021278112754879,1.0,0.6876002173695787,0.0,0.0,0.0,,,,,,0.0,,,,,439.318812917918,4678.2197265625,,,,,,,,,,
2102,1,2102.0,0.0,32.0,32.0,0.2817185060121119,1.0,74.0,0.0135135135135135,0.0,1.0,0.0,1.0,0.1510530154060709,0.0,0.1510530154060709,0.0,0.6,0.0021278112754879,1.0,0.6878255443694934,0.0,0.0,1.0,1.0,,0.5,-1.4426950249075512e-08,-9.999999889225293e-09,1.0,0.5035100513535697,,,,420.216612983495,4681.8291015625,,,,,,,,,,
2103,1,2103.0,0.0,32.0,32.0,0.2023463023360818,0.0,74.0,0.0,0.0,0.0,0.0,0.0,0.0,0.0,0.0,0.0,0.6,0.0021278112754879,1.0,0.6922712052123422,0.0,0.0,0.0,,,,,,0.0,,,,,432.85506207030267,4688.2978515625,,,,,,,,,,
2104,1,2104.0,0.0,32.0,32.0,0.1697508831275627,0.0,74.0,0.0,0.0,0.0,0.0,0.0,0.0,0.0,0.0,0.0,0.6,0.0021278112754879,1.0,0.6879462500479263,0.0,0.0,0.0,,,,,,0.0,,,,,424.33135106693953,4680.7509765625,,,,,,,,,,
2105,1,2105.0,0.0,21.0,21.0,0.2740231088052193,0.0,74.0,0.0,0.0,0.0,0.0,0.0,0.0,0.0,0.0,0.0,0.6,0.0021278112754879,1.0,0.6857192726890293,0.0,0.0,0.0,,,,,,0.0,,,,,360.101773054339,4507.779296875,,,,,,,,,,
2105,1,,1.0,32.0,32.0,,,,,,,,,,,,,,,1.0,0.6857192726890293,0.0,0.0,0.0,,,,,,0.0,,,,,360.101773054339,4507.779296875,0.9323394495412844,0.1783183753224355,0.9323394495412844,0.1776142433019621,0.9610833122986236,0.1181228599062017,0.028743862757339,0.9612169445723024,0.1177952878615175,0.0288774950310179
