step,epoch,step_in_epoch,probe/is_eval,sys/effective_batch_size,sys/device_batch_size,train/loss,train/gate0_triggered_blocks,train/gate0_considered_blocks,train/gate0_trigger_rate,train/pull_to_r_blocks,train/pull_to_R_blocks,train/pull_to_r_rate,train/pull_to_R_rate,train/alpha_pull_mean,train/alpha_pull_to_r_mean,train/alpha_pull_to_R_mean,train/single_vote_skipped_blocks,train/tau_N,train/tau_D,diag/info_retention_ratio,diag/residual_visibility,diag/conflict_resolution_rate,train/expert_load_r,train/expert_load_R,train/load_cv,train/load_max_min_ratio,train/utilization_ratio,train/routing_entropy,train/routing_entropy_raw,train/active_experts,train/expert_purity,train/intra_expert_coherence,train/intra_expert_conflict,train/inter_expert_similarity,sys/time_per_step_ms,sys/peak_memory_mb,val/acc,val/loss,val/acc_r_only,val/loss_r_only,train/acc,train/loss_eval,gap/train_minus_val,train/acc_r_only,train/loss_r_only_eval,gap_r_only/train_minus_val_r_only
1,1,1.0,0.0,32.0,32.0,0.71453857421875,34.0,74.0,0.4594594594594595,0.0,34.0,0.0,1.0,0.150150449537835,0.0,0.150150449537835,0.0,0.6,0.0018937347867548,1.0000000007982206,0.672444284687959,-2.9525487721862363e-08,0.0,34.0,1.0,,0.5,-1.4426950249075512e-08,-9.999999889225293e-09,1.0,0.5064974618406796,0.000297172881933,0.4998514135590335,,876.4373429876287,3652.60888671875,,,,,,,,,,
2,1,2.0,0.0,32.0,32.0,0.707275390625,35.0,74.0,0.4729729729729729,2.0,33.0,0.0571428571428571,0.9428571428571428,0.1493465528680454,0.142468865221726,0.1497633824223678,0.0,0.6,0.0018937347867548,0.9999999995698924,0.6590904754484248,-1.3731964254366228e-08,2.0,33.0,0.8857142857142857,16.5,1.0,0.3159971041245251,0.219032501789022,2.0,0.5080776931364482,0.0002336742301812,0.4998831628849093,0.0042454702009722,415.7546320057008,3899.0439453125,,,,,,,,,,
3,1,3.0,0.0,32.0,32.0,0.65399169921875,33.0,74.0,0.4459459459459459,0.0,33.0,0.0,1.0,0.1501162489090239,0.0,0.1501162489090239,0.0,0.6,0.0018937347867548,0.9999999995308574,0.6455198354050371,2.9340582857310164e-08,0.0,33.0,1.0,,0.5,-1.4426950249075512e-08,-9.999999889225293e-09,1.0,0.5072493123894769,0.000278300724217,0.4998608496378915,,412.46531001525,3924.5322265625,,,,,,,,,,
4,1,4.0,0.0,32.0,32.0,0.7110595703125,34.0,74.0,0.4594594594594595,1.0,33.0,0.0294117647058823,0.9705882352941176,0.1496218784753389,0.13806399251974,0.1499721174436904,0.0,0.6,0.0018937347867548,1.0000000004155831,0.6535548111217865,-2.248527610444563e-09,1.0,33.0,0.9411764705882352,33.0,1.0,0.191433225960295,0.1326914008398734,2.0,0.5084568797002703,0.0002402792593844,0.4998798603703078,-0.000637925526486,406.7544510180596,3896.0673828125,,,,,,,,,,
5,1,5.0,0.0,32.0,32.0,0.7147216796875,32.0,74.0,0.4324324324324324,0.0,32.0,0.0,1.0,0.1502127365064748,0.0,0.1502127365064748,0.0,0.6,0.0018937347867548,1.0000000007521326,0.6500768705263179,-8.906623948667286e-09,0.0,32.0,1.0,,0.5,-1.4426950249075512e-08,-9.999999889225293e-09,1.0,0.505747826927299,0.0002382743177269,0.4998808628411365,,404.6320380002726,3889.3173828125,,,,,,,,,,
6,1,6.0,0.0,32.0,32.0,0.708740234375,29.0,74.0,0.3918918918918919,0.0,29.0,0.0,1.0,0.1498105788340735,0.0,0.1498105788340735,0.0,0.6,0.0018937347867548,1.000000000110976,0.6683772526079091,3.4137168110944055e-08,0.0,29.0,1.0,,0.5,-1.4426950249075512e-08,-9.999999889225293e-09,1.0,0.5046512459522121,0.0002686149589074,0.4998656925205463,,401.6715910111088,3862.31689453125,,,,,,,,,,
7,1,7.0,0.0,32.0,32.0,0.6942138671875,40.0,74.0,0.5405405405405406,0.0,40.0,0.0,1.0,0.1498080278521441,0.0,0.1498080278521441,0.0,0.6,0.0018937347867548,0.9999999996352392,0.6724370978912922,2.5273452560887436e-08,0.0,40.0,1.0,,0.5,-1.4426950249075512e-08,-9.999999889225293e-09,1.0,0.505027321738919,0.000275352177075,0.4998623239114624,,409.8917280207388,3952.318359375,,,,,,,,,,
8,1,8.0,0.0,32.0,32.0,0.6728515625,43.0,74.0,0.581081081081081,0.0,43.0,0.0,1.0,0.1499338464200574,0.0,0.1499338464200574,0.0,0.6,0.0018937347867548,0.999999996028034,0.659493502914467,2.0576215864166165e-08,0.0,43.0,1.0,,0.5,-1.4426950249075512e-08,-9.999999889225293e-09,1.0,0.5060412481637518,5.192410612859183e-05,0.4999740379469357,,374.42333801300265,3992.8193359375,,,,,,,,,,
9,1,9.0,0.0,32.0,32.0,0.688720703125,39.0,74.0,0.527027027027027,0.0,39.0,0.0,1.0,0.1498740044743098,0.0,0.1498740044743098,0.0,0.6,0.0018937347867548,0.9999999998368388,0.6662087943812759,3.323889547093867e-08,0.0,39.0,1.0,,0.5,-1.4426950249075512e-08,-9.999999889225293e-09,1.0,0.5049252542592441,0.0004216026448414,0.4997891986775793,,332.9631829983555,3948.005859375,,,,,,,,,,
10,1,10.0,0.0,32.0,32.0,0.69775390625,34.0,74.0,0.4594594594594595,1.0,33.0,0.0294117647058823,0.9705882352941176,0.1499504955643275,0.1382318942543317,0.1503056046949334,0.0,0.6,0.0018937347867548,1.0000000012881864,0.674779931587934,2.9226063707141355e-09,1.0,33.0,0.9411764705882352,33.0,1.0,0.191433225960295,0.1326914008398734,2.0,0.5077872267741745,7.057683876050984e-05,0.4999647115806197,-0.0002923940872735,327.90506500168703,3896.2548828125,,,,,,,,,,
11,1,11.0,0.0,32.0,32.0,0.7001953125,40.0,74.0,0.5405405405405406,1.0,39.0,0.025,0.975,0.1496563823161206,0.1423272607449028,0.1498443085102543,0.0,0.6,0.0018937347867548,1.0000000017670256,0.6482282055256773,7.846568337304843e-09,1.0,39.0,0.95,39.0,1.0,0.1686609026427723,0.116906829137533,2.0,0.5064982273704072,0.0002900239483216,0.4998549880258391,-0.0002113164488211,332.01530697988346,3950.255859375,,,,,,,,,,
12,1,12.0,0.0,32.0,32.0,0.680419921875,36.0,74.0,0.4864864864864865,1.0,35.0,0.0277777777777777,0.9722222222222222,0.1507949439109859,0.1409862720593121,0.1510751916781766,0.0,0.6,0.0018937347867548,1.0000000004489242,0.6552929689366483,-1.6041047714442618e-08,1.0,35.0,0.9444444444444444,35.0,1.0,0.1831220394474745,0.126930525341404,2.0,0.5104275969575711,0.0006695816072782,0.4996652091963608,0.0106804572994203,329.10318998619914,3925.31787109375,,,,,,,,,,
13,1,13.0,0.0,32.0,32.0,0.6689453125,36.0,74.0,0.4864864864864865,2.0,34.0,0.0555555555555555,0.9444444444444444,0.1491824725135725,0.141048623972498,0.1496609341924593,0.0,0.6,0.0018937347867548,0.9999999990817716,0.6587315703743968,8.92688668153932e-08,2.0,34.0,0.8888888888888888,17.0,1.0,0.3095434002964257,0.2145591351764059,2.0,0.5074656921896153,0.0028664174387981,0.4985667912806009,0.0138460632361824,331.5059689921327,3929.8173828125,,,,,,,,,,
14,1,14.0,0.0,32.0,32.0,0.70556640625,35.0,74.0,0.4729729729729729,1.0,34.0,0.0285714285714285,0.9714285714285714,0.1491705510689961,0.1429076463110753,0.1493547541501114,0.0,0.6,0.0018937347867548,0.9999999996223068,0.6664390364235835,-2.0697916335129665e-08,1.0,34.0,0.9428571428571428,34.0,1.0,0.1871762280193099,0.12974067471943,2.0,0.5058290742200913,6.373367839471091e-05,0.4999681331608026,-0.0007532080060883,328.2929710112512,3927.7548828125,,,,,,,,,,
15,1,15.0,0.0,32.0,32.0,0.683349609375,10.0,74.0,0.1351351351351351,1.0,9.0,0.1,0.9,0.1499748691707818,0.1411091011566093,0.1509599545056899,0.0,0.6,0.0018937347867548,1.000000000031185,0.6620198113059,-7.543195433613231e-09,1.0,9.0,0.8,9.0,1.0,0.4689955647353811,0.3250829533914487,2.0,0.5101456826536497,0.0004641413979697,0.4997679293010151,-0.00187294687507,318.204715003958,3785.11474609375,,,,,,,,,,
16,1,16.0,0.0,32.0,32.0,0.7232666015625,25.0,74.0,0.3378378378378378,0.0,25.0,0.0,1.0,0.1495471934191857,0.0,0.1495471934191857,0.0,0.6,0.0018937347867548,0.9999999993751484,0.6651675499624138,-1.1749397600972972e-08,0.0,25.0,1.0,,0.5,-1.4426950249075512e-08,-9.999999889225293e-09,1.0,0.5057440333743473,-1.711530765330988e-05,0.5000085576538267,,319.2094480036758,3837.70849609375,,,,,,,,,,
17,1,17.0,0.0,32.0,32.0,0.6796875,39.0,74.0,0.527027027027027,0.0,39.0,0.0,1.0,0.1503099238206191,0.0,0.1503099238206191,0.0,0.6,0.0018937347867548,0.9999999966407268,0.6689983283125295,1.3640257471409445e-08,0.0,39.0,1.0,,0.5,-1.4426950249075512e-08,-9.999999889225293e-09,1.0,0.505953028276918,0.000288430473697,0.4998557847631514,,332.81359399552457,3948.005859375,,,,,,,,,,
18,1,18.0,0.0,32.0,32.0,0.7115478515625,24.0,74.0,0.3243243243243243,0.0,24.0,0.0,1.0,0.1500803588016063,0.0,0.1500803588016063,0.0,0.6,0.0018937347867548,1.0000000002462544,0.6575237614940148,-1.0055815545854661e-08,0.0,24.0,1.0,,0.5,-1.4426950249075512e-08,-9.999999889225293e-09,1.0,0.5064545915258236,0.0002921224888491,0.4998539387555754,,325.2033969911281,3835.51513671875,,,,,,,,,,
19,1,19.0,0.0,32.0,32.0,0.685546875,29.0,74.0,0.3918918918918919,1.0,28.0,0.0344827586206896,0.9655172413793104,0.1501158663888214,0.1396292692596084,0.1504903877148647,0.0,0.6,0.0018937347867548,1.0000000021895954,0.666239753607112,3.890707087047897e-09,1.0,28.0,0.9310344827586208,28.0,1.0,0.2163969035973659,0.1499949036104164,2.0,0.5085017037699445,0.0004874176705594,0.4997562911647202,-0.00139727032916,324.20883400482126,3887.06591796875,,,,,,,,,,
20,1,20.0,0.0,32.0,32.0,0.697998046875,37.0,74.0,0.5,0.0,37.0,0.0,1.0,0.150206060768209,0.0,0.150206060768209,0.0,0.6,0.0018937347867548,1.0000000020506874,0.6611942895452497,-2.519721459752113e-09,0.0,37.0,1.0,,0.5,-1.4426950249075512e-08,-9.999999889225293e-09,1.0,0.5053752230706984,0.0001354464661744,0.4999322767669127,,329.0913700184319,3926.255859375,,,,,,,,,,
21,1,21.0,0.0,32.0,32.0,0.7017822265625,30.0,74.0,0.4054054054054054,0.0,30.0,0.0,1.0,0.1500975748986125,0.0,0.1500975748986125,0.0,0.6,0.0018937347867548,1.0000000000053673,0.6551924300238195,-2.985342406135746e-10,0.0,30.0,1.0,,0.5,-1.4426950249075512e-08,-9.999999889225293e-09,1.0,0.5063806658559805,-2.6725222274000125e-05,0.500013362611137,,324.7908119810745,3867.34228515625,,,,,,,,,,
22,1,22.0,0.0,32.0,32.0,0.698486328125,40.0,74.0,0.5405405405405406,0.0,40.0,0.0,1.0,0.1502563537248545,0.0,0.1502563537248545,0.0,0.6,0.0018937347867548,0.9999999999974588,0.6661422558301717,4.449137982689114e-08,0.0,40.0,1.0,,0.5,-1.4426950249075512e-08,-9.999999889225293e-09,1.0,0.5054849684760706,6.54428100696843e-05,0.4999672785949651,,332.1535669965669,3952.505859375,,,,,,,,,,
23,1,23.0,0.0,32.0,32.0,0.69873046875,41.0,74.0,0.5540540540540541,0.0,41.0,0.0,1.0,0.1503476644654532,0.0,0.1503476644654532,0.0,0.6,0.0018937347867548,0.9999999993508114,0.6494128802211832,-2.0363429298859243e-08,0.0,41.0,1.0,,0.5,-1.4426950249075512e-08,-9.999999889225293e-09,1.0,0.5073106869144215,0.0003548396572055,0.4998225801713972,,333.4059850021731,3957.0068359375,,,,,,,,,,
24,1,24.0,0.0,32.0,32.0,0.7078857421875,42.0,74.0,0.5675675675675675,1.0,41.0,0.0238095238095238,0.9761904761904762,0.1495064327604758,0.1415644097972621,0.1497001406376274,0.0,0.6,0.0018937347867548,0.9999999998550982,0.6463832094214484,8.865714547319848e-09,1.0,41.0,0.9523809523809524,41.0,1.0,0.1623261513214951,0.1125159141196413,2.0,0.5066051559517627,0.0001669730166151,0.4999165134916924,0.0120675671118147,332.752401009202,3972.755859375,,,,,,,,,,
25,1,25.0,0.0,32.0,32.0,0.686767578125,43.0,74.0,0.581081081081081,0.0,43.0,0.0,1.0,0.1504724817433337,0.0,0.1504724817433337,0.0,0.6,0.0018937347867548,0.9999999989625266,0.6613709613750559,1.5153236399315583e-08,0.0,43.0,1.0,,0.5,-1.4426950249075512e-08,-9.999999889225293e-09,1.0,0.5064248098589013,0.000183451769342,0.499908274115329,,335.6216969841625,3980.50732421875,,,,,,,,,,
26,1,26.0,0.0,32.0,32.0,0.6776123046875,39.0,74.0,0.527027027027027,1.0,38.0,0.0256410256410256,0.9743589743589745,0.150620576225967,0.1361456605373156,0.1510014950598789,0.0,0.6,0.0018937347867548,1.0000000005857943,0.6536859142345953,-5.101154619642857e-09,1.0,38.0,0.9487179487179488,38.0,1.0,0.1720369204992158,0.1192469063962468,2.0,0.5135549034817317,0.0004580867662573,0.4997709566168713,0.0013188149249974,329.13016199017875,3948.162109375,,,,,,,,,,
27,1,27.0,0.0,32.0,32.0,0.69696044921875,22.0,74.0,0.2972972972972973,0.0,22.0,0.0,1.0,0.1501230133997038,0.0,0.1501230133997038,0.0,0.6,0.0018937347867548,0.999999999673005,0.6578758204302776,3.1356418927098936e-08,0.0,22.0,1.0,,0.5,-1.4426950249075512e-08,-9.999999889225293e-09,1.0,0.5092244965289201,0.0003627270790306,0.4998186364604847,,326.1998810048681,3825.86474609375,,,,,,,,,,
28,1,28.0,0.0,32.0,32.0,0.7066650390625,15.0,74.0,0.2027027027027027,0.0,15.0,0.0,1.0,0.1495209535938462,0.0,0.1495209535938462,0.0,0.6,0.0018937347867548,0.9999999989740154,0.6697715301994729,1.3981383355213936e-08,0.0,15.0,1.0,,0.5,-1.4426950249075512e-08,-9.999999889225293e-09,1.0,0.506385405337499,9.359134128317236e-05,0.4999532043293584,,312.7623320033308,3790.04638671875,,,,,,,,,,
29,1,29.0,0.0,32.0,32.0,0.706298828125,36.0,74.0,0.4864864864864865,1.0,35.0,0.0277777777777777,0.9722222222222222,0.1493421167234531,0.1311317274758287,0.1498624135590995,0.0,0.6,0.0018937347867548,1.0000000000381166,0.6558243715003653,1.2512656141363038e-08,1.0,35.0,0.9444444444444444,35.0,1.0,0.1831220394474745,0.126930525341404,2.0,0.5112001640866092,0.0001687624893328,0.4999156187553336,0.0054473556652298,329.5630970096681,3914.41162109375,,,,,,,,,,
30,1,30.0,0.0,32.0,32.0,0.6846923828125,35.0,74.0,0.4729729729729729,2.0,33.0,0.0571428571428571,0.9428571428571428,0.1495850378131852,0.140669448233587,0.1501253765755851,0.0,0.6,0.0018937347867548,1.000000000838572,0.6605894994431467,-2.0349745858445977e-08,2.0,33.0,0.8857142857142857,16.5,1.0,0.3159971041245251,0.219032501789022,2.0,0.5077275963360363,-0.0034280415267563,0.5017140207633782,-0.0001828099198285,331.8063949991483,3914.5927734375,,,,,,,,,,
31,1,31.0,0.0,32.0,32.0,0.71649169921875,23.0,74.0,0.3108108108108108,2.0,21.0,0.0869565217391304,0.9130434782608696,0.1491478574642063,0.1418011367021401,0.1498475451558316,0.0,0.6,0.0018937347867548,0.99999999966573,0.6637167207630353,-1.4671648058366052e-08,2.0,21.0,0.8260869565217391,10.5,1.0,0.4262286281442449,0.2954391718721167,2.0,0.5070890715341804,0.0015617247766603,0.4992191376116698,0.0039608410283513,321.88939600018784,3836.08349609375,,,,,,,,,,
32,1,32.0,0.0,32.0,32.0,0.69287109375,45.0,74.0,0.6081081081081081,1.0,44.0,0.0222222222222222,0.9777777777777776,0.150436163415285,0.1407347691177448,0.15065664964932,0.0,0.6,0.0018937347867548,1.000000004659612,0.6576006426928039,9.720707637687973e-09,1.0,44.0,0.9555555555555556,44.0,1.0,0.1537421514748643,0.1065659388280222,2.0,0.5077266246146526,0.0001905666294177,0.4999047166852911,0.0014347828659503,336.102987988852,4003.19482421875,,,,,,,,,,
33,1,33.0,0.0,32.0,32.0,0.6845703125,15.0,74.0,0.2027027027027027,0.0,15.0,0.0,1.0,0.1502912614508465,0.0,0.1502912614508465,0.0,0.6,0.0018937347867548,1.000000000644714,0.6616178804876932,-2.99171765720417e-10,0.0,15.0,1.0,,0.5,-1.4426950249075512e-08,-9.999999889225293e-09,1.0,0.5070531042306449,-3.668394840686865e-05,0.5000183419742035,,317.67270498676226,3811.33349609375,,,,,,,,,,
34,1,34.0,0.0,32.0,32.0,0.6883544921875,33.0,74.0,0.4459459459459459,1.0,32.0,0.0303030303030303,0.9696969696969696,0.1504744085450321,0.1366624052877268,0.1509060336468229,0.0,0.6,0.0018937347867548,1.000000006079555,0.6607024382343595,-2.9648047838162193e-08,1.0,32.0,0.9393939393939394,32.0,1.0,0.1959092420197065,0.1357939387515955,2.0,0.509829136794499,0.0001498788462734,0.4999250605768632,9.579048575673075e-05,329.97841999167576,3893.4990234375,,,,,,,,,,
35,1,35.0,0.0,32.0,32.0,0.7015380859375,20.0,74.0,0.2702702702702703,0.0,20.0,0.0,1.0,0.1503469723762585,0.0,0.1503469723762585,0.0,0.6,0.0018937347867548,0.99999999871414,0.6578198120546002,-9.009248414860515e-11,0.0,20.0,1.0,,0.5,-1.4426950249075512e-08,-9.999999889225293e-09,1.0,0.5079356643571133,0.0001263750621566,0.4999368124689217,,322.2262299968861,3822.39013671875,,,,,,,,,,
36,1,36.0,0.0,32.0,32.0,0.6990966796875,13.0,74.0,0.1756756756756756,0.0,13.0,0.0,1.0,0.1491167319227528,0.0,0.1491167319227528,0.0,0.6,0.0018937347867548,1.00000000232972,0.663331898558802,5.749000498066391e-09,0.0,13.0,1.0,,0.5,-1.4426950249075512e-08,-9.999999889225293e-09,1.0,0.5058135923682008,0.0002748777624219,0.499862561118789,,315.0182400131598,3785.54638671875,,,,,,,,,,
37,1,37.0,0.0,32.0,32.0,0.704833984375,5.0,74.0,0.0675675675675675,0.0,5.0,0.0,1.0,0.1515217774206143,0.0,0.1515217774206143,0.0,0.6,0.0018937347867548,1.0000000005957486,0.6699807555072889,-9.20108897856548e-10,0.0,5.0,1.0,,0.5,-1.4426950249075512e-08,-9.999999889225293e-09,1.0,0.5063540296641804,0.0002314171288162,0.4998842914355919,,312.55020399112254,3767.83349609375,,,,,,,,,,
38,1,38.0,0.0,32.0,32.0,0.6898193359375,6.0,74.0,0.081081081081081,0.0,6.0,0.0,1.0,0.1502746051497933,0.0,0.1502746051497933,0.0,0.6,0.0018937347867548,0.9999999993558596,0.6507625477202127,4.879574405103487e-09,0.0,6.0,1.0,,0.5,-1.4426950249075512e-08,-9.999999889225293e-09,1.0,0.509815449829528,-0.0010559959337115,0.5005279979668558,,312.99131200648844,3770.64013671875,,,,,,,,,,
39,1,39.0,0.0,32.0,32.0,0.7095947265625,6.0,74.0,0.081081081081081,0.0,6.0,0.0,1.0,0.1488548883635286,0.0,0.1488548883635286,0.0,0.6,0.0018937347867548,1.0000000008108207,0.6577251144750826,1.0610959970665509e-08,0.0,6.0,1.0,,0.5,-1.4426950249075512e-08,-9.999999889225293e-09,1.0,0.5060843711733232,0.0008109295740723,0.4995945352129638,,315.58751000557095,3769.61474609375,,,,,,,,,,
40,1,40.0,0.0,32.0,32.0,0.6822509765625,5.0,74.0,0.0675675675675675,0.0,5.0,0.0,1.0,0.1506607240348654,0.0,0.1506607240348654,0.0,0.6,0.0018937347867548,1.0000000003053269,0.6638908122514849,-5.018047592787096e-09,0.0,5.0,1.0,,0.5,-1.4426950249075512e-08,-9.999999889225293e-09,1.0,0.5062495606847967,-0.0001440346240997,0.5000720173120499,,310.14984799548984,3766.89599609375,,,,,,,,,,
41,1,41.0,0.0,32.0,32.0,0.69366455078125,3.0,74.0,0.0405405405405405,0.0,3.0,0.0,1.0,0.1507761759230697,0.0,0.1507761759230697,0.0,0.6,0.0018937347867548,0.9999999997065692,0.6658865710848967,5.724195759660478e-09,0.0,3.0,1.0,,0.5,-1.4426950249075512e-08,-9.999999889225293e-09,1.0,0.5031602087241417,0.003851396497339,0.4980743017513305,,313.7954749981873,3763.23974609375,,,,,,,,,,
42,1,42.0,0.0,32.0,32.0,0.68701171875,6.0,74.0,0.081081081081081,1.0,5.0,0.1666666666666666,0.8333333333333334,0.1490230928842431,0.1426392237866111,0.1502998667037695,0.0,0.6,0.0018937347867548,0.9999999988658392,0.6552245799317136,6.424367006186321e-09,1.0,5.0,0.6666666666666666,5.0,1.0,0.6500223927944538,0.450561188866305,2.0,0.5084534016783823,0.0013054435839876,0.4993472782080062,-0.0048961794382457,312.4550089996774,3769.14599609375,,,,,,,,,,
43,1,43.0,0.0,32.0,32.0,0.7208251953125,4.0,74.0,0.054054054054054,0.0,4.0,0.0,1.0,0.1484460607424216,0.0,0.1484460607424216,0.0,0.6,0.0018937347867548,1.0000000001874514,0.661797208135298,-2.53345487700369e-09,0.0,4.0,1.0,,0.5,-1.4426950249075512e-08,-9.999999889225293e-09,1.0,0.5062009202190748,0.0018270201981067,0.4990864899009466,,316.6254759998992,3764.92138671875,,,,,,,,,,
44,1,44.0,0.0,32.0,32.0,0.669677734375,6.0,74.0,0.081081081081081,0.0,6.0,0.0,1.0,0.1503835750318409,0.0,0.1503835750318409,0.0,0.6,0.0018937347867548,0.9999999987645712,0.6561656848525679,6.4544418489526525e-09,0.0,6.0,1.0,,0.5,-1.4426950249075512e-08,-9.999999889225293e-09,1.0,0.5093160585940211,0.0009702160605229,0.4995148919697385,,309.8808749928139,3769.61474609375,,,,,,,,,,
45,1,45.0,0.0,32.0,32.0,0.6650390625,4.0,74.0,0.054054054054054,0.0,4.0,0.0,1.0,0.1520083624240475,0.0,0.1520083624240475,0.0,0.6,0.0018937347867548,0.9999999996844308,0.6581444382538542,6.875828514847598e-10,0.0,4.0,1.0,,0.5,-1.4426950249075512e-08,-9.999999889225293e-09,1.0,0.5066945414134918,0.0016803571488708,0.4991598214255646,,314.7891169937793,3764.92138671875,,,,,,,,,,
46,1,46.0,0.0,32.0,32.0,0.6962890625,1.0,74.0,0.0135135135135135,0.0,1.0,0.0,1.0,0.1506852048237883,0.0,0.1506852048237883,0.0,0.6,0.0018937347867548,1.0000000000385436,0.6544110869228196,-6.214151361276248e-10,0.0,1.0,1.0,,0.5,-1.4426950249075512e-08,-9.999999889225293e-09,1.0,0.5022840160792945,,,,310.9579339798074,3758.54638671875,,,,,,,,,,
47,1,47.0,0.0,32.0,32.0,0.68267822265625,1.0,74.0,0.0135135135135135,0.0,1.0,0.0,1.0,0.1509053383847766,0.0,0.1509053383847766,0.0,0.6,0.0018937347867548,1.0000000001517106,0.6639866546660487,-1.666856217054481e-09,0.0,1.0,1.0,,0.5,-1.4426950249075512e-08,-9.999999889225293e-09,1.0,0.5030177946159222,,,,310.25382698862813,3758.54638671875,,,,,,,,,,
48,1,48.0,0.0,32.0,32.0,0.70318603515625,0.0,74.0,0.0,0.0,0.0,0.0,0.0,0.0,0.0,0.0,0.0,0.6,0.0018937347867548,1.0,0.6597272347956455,0.0,0.0,0.0,,,,,,0.0,,,,,317.7559600153472,3755.92138671875,,,,,,,,,,
49,1,49.0,0.0,32.0,32.0,0.7109375,0.0,74.0,0.0,0.0,0.0,0.0,0.0,0.0,0.0,0.0,0.0,0.6,0.0018937347867548,1.0,0.6579854721056981,0.0,0.0,0.0,,,,,,0.0,,,,,308.4971929783933,3755.92138671875,,,,,,,,,,
50,1,50.0,0.0,32.0,32.0,0.64410400390625,0.0,74.0,0.0,0.0,0.0,0.0,0.0,0.0,0.0,0.0,0.0,0.6,0.0018937347867548,1.0,0.6641613212397609,0.0,0.0,0.0,,,,,,0.0,,,,,313.96615999983624,3755.92138671875,,,,,,,,,,
51,1,51.0,0.0,32.0,32.0,0.6595458984375,0.0,74.0,0.0,0.0,0.0,0.0,0.0,0.0,0.0,0.0,0.0,0.6,0.0018937347867548,1.0,0.6580125006919021,0.0,0.0,0.0,,,,,,0.0,,,,,310.5777529999614,3755.92138671875,,,,,,,,,,
52,1,52.0,0.0,32.0,32.0,0.65289306640625,0.0,74.0,0.0,0.0,0.0,0.0,0.0,0.0,0.0,0.0,0.0,0.6,0.0018937347867548,1.0,0.6663793497732978,0.0,0.0,0.0,,,,,,0.0,,,,,312.776577018667,3755.92138671875,,,,,,,,,,
53,1,53.0,0.0,32.0,32.0,0.65386962890625,0.0,74.0,0.0,0.0,0.0,0.0,0.0,0.0,0.0,0.0,0.0,0.6,0.0018937347867548,1.0,0.6677620214211168,0.0,0.0,0.0,,,,,,0.0,,,,,314.3498169956729,3779.49365234375,,,,,,,,,,
54,1,54.0,0.0,32.0,32.0,0.65289306640625,0.0,74.0,0.0,0.0,0.0,0.0,0.0,0.0,0.0,0.0,0.0,0.6,0.0018937347867548,1.0,0.6633403376643501,0.0,0.0,0.0,,,,,,0.0,,,,,311.1255450057797,3755.92138671875,,,,,,,,,,
55,1,55.0,0.0,32.0,32.0,0.71356201171875,0.0,74.0,0.0,0.0,0.0,0.0,0.0,0.0,0.0,0.0,0.0,0.6,0.0018937347867548,1.0,0.6580333826763619,0.0,0.0,0.0,,,,,,0.0,,,,,311.7491620068904,3755.92138671875,,,,,,,,,,
56,1,56.0,0.0,32.0,32.0,0.7100830078125,0.0,74.0,0.0,0.0,0.0,0.0,0.0,0.0,0.0,0.0,0.0,0.6,0.0018937347867548,1.0,0.6643457052965569,0.0,0.0,0.0,,,,,,0.0,,,,,309.8220649990253,3755.92138671875,,,,,,,,,,
57,1,57.0,0.0,32.0,32.0,0.67901611328125,0.0,74.0,0.0,0.0,0.0,0.0,0.0,0.0,0.0,0.0,0.0,0.6,0.0018937347867548,1.0,0.6658813950911547,0.0,0.0,0.0,,,,,,0.0,,,,,313.6958910035901,3755.92138671875,,,,,,,,,,
58,1,58.0,0.0,32.0,32.0,0.663726806640625,0.0,74.0,0.0,0.0,0.0,0.0,0.0,0.0,0.0,0.0,0.0,0.6,0.0018937347867548,1.0,0.6651128788479095,0.0,0.0,0.0,,,,,,0.0,,,,,310.10652499389835,3755.92138671875,,,,,,,,,,
59,1,59.0,0.0,32.0,32.0,0.70068359375,0.0,74.0,0.0,0.0,0.0,0.0,0.0,0.0,0.0,0.0,0.0,0.6,0.0018937347867548,1.0,0.6644529922405,0.0,0.0,0.0,,,,,,0.0,,,,,312.5799520057626,3755.92138671875,,,,,,,,,,
60,1,60.0,0.0,32.0,32.0,0.62890625,0.0,74.0,0.0,0.0,0.0,0.0,0.0,0.0,0.0,0.0,0.0,0.6,0.0018937347867548,1.0,0.6620619334253336,0.0,0.0,0.0,,,,,,0.0,,,,,306.5533289918676,3755.92138671875,,,,,,,,,,
61,1,61.0,0.0,32.0,32.0,0.6822509765625,0.0,74.0,0.0,0.0,0.0,0.0,0.0,0.0,0.0,0.0,0.0,0.6,0.0018937347867548,1.0,0.6628500685382,0.0,0.0,0.0,,,,,,0.0,,,,,313.62014601472765,3755.92138671875,,,,,,,,,,
62,1,62.0,0.0,32.0,32.0,0.695556640625,0.0,74.0,0.0,0.0,0.0,0.0,0.0,0.0,0.0,0.0,0.0,0.6,0.0018937347867548,1.0,0.665669431454499,0.0,0.0,0.0,,,,,,0.0,,,,,309.131552989129,3755.92138671875,,,,,,,,,,
63,1,63.0,0.0,32.0,32.0,0.643646240234375,0.0,74.0,0.0,0.0,0.0,0.0,0.0,0.0,0.0,0.0,0.0,0.6,0.0018937347867548,1.0,0.6628302722455865,0.0,0.0,0.0,,,,,,0.0,,,,,314.27710500429384,3755.92138671875,,,,,,,,,,
64,1,64.0,0.0,32.0,32.0,0.6986083984375,0.0,74.0,0.0,0.0,0.0,0.0,0.0,0.0,0.0,0.0,0.0,0.6,0.0018937347867548,1.0,0.6661765199253415,0.0,0.0,0.0,,,,,,0.0,,,,,310.24214401259087,3755.92138671875,,,,,,,,,,
65,1,65.0,0.0,32.0,32.0,0.64752197265625,0.0,74.0,0.0,0.0,0.0,0.0,0.0,0.0,0.0,0.0,0.0,0.6,0.0018937347867548,1.0,0.6652933429813499,0.0,0.0,0.0,,,,,,0.0,,,,,310.2606259926688,3755.92138671875,,,,,,,,,,
66,1,66.0,0.0,32.0,32.0,0.6627197265625,0.0,74.0,0.0,0.0,0.0,0.0,0.0,0.0,0.0,0.0,0.0,0.6,0.0018937347867548,1.0,0.6644777162889625,0.0,0.0,0.0,,,,,,0.0,,,,,311.3031319808215,3755.92138671875,,,,,,,,,,
67,1,67.0,0.0,32.0,32.0,0.67889404296875,0.0,74.0,0.0,0.0,0.0,0.0,0.0,0.0,0.0,0.0,0.0,0.6,0.0018937347867548,1.0,0.6641446969515139,0.0,0.0,0.0,,,,,,0.0,,,,,310.3509529901203,3755.92138671875,,,,,,,,,,
68,1,68.0,0.0,32.0,32.0,0.7060546875,0.0,74.0,0.0,0.0,0.0,0.0,0.0,0.0,0.0,0.0,0.0,0.6,0.0018937347867548,1.0,0.6640910115484654,0.0,0.0,0.0,,,,,,0.0,,,,,312.76843399973586,3755.92138671875,,,,,,,,,,
69,1,69.0,0.0,32.0,32.0,0.64898681640625,0.0,74.0,0.0,0.0,0.0,0.0,0.0,0.0,0.0,0.0,0.0,0.6,0.0018937347867548,1.0,0.6641266062182981,0.0,0.0,0.0,,,,,,0.0,,,,,309.8679800168611,3755.92138671875,,,,,,,,,,
70,1,70.0,0.0,32.0,32.0,0.7015380859375,0.0,74.0,0.0,0.0,0.0,0.0,0.0,0.0,0.0,0.0,0.0,0.6,0.0018937347867548,1.0,0.6638846633563003,0.0,0.0,0.0,,,,,,0.0,,,,,313.0593139794655,3755.92138671875,,,,,,,,,,
71,1,71.0,0.0,32.0,32.0,0.70001220703125,0.0,74.0,0.0,0.0,0.0,0.0,0.0,0.0,0.0,0.0,0.0,0.6,0.0018937347867548,1.0,0.6643780944924773,0.0,0.0,0.0,,,,,,0.0,,,,,310.6686039827764,3755.92138671875,,,,,,,,,,
72,1,72.0,0.0,32.0,32.0,0.6959228515625,0.0,74.0,0.0,0.0,0.0,0.0,0.0,0.0,0.0,0.0,0.0,0.6,0.0018937347867548,1.0,0.6664798477955404,0.0,0.0,0.0,,,,,,0.0,,,,,312.3351309914142,3755.92138671875,,,,,,,,,,
73,1,73.0,0.0,32.0,32.0,0.7730712890625,0.0,74.0,0.0,0.0,0.0,0.0,0.0,0.0,0.0,0.0,0.0,0.6,0.0018937347867548,1.0,0.6634521783661409,0.0,0.0,0.0,,,,,,0.0,,,,,310.49910600995645,3755.92138671875,,,,,,,,,,
74,1,74.0,0.0,32.0,32.0,0.648712158203125,0.0,74.0,0.0,0.0,0.0,0.0,0.0,0.0,0.0,0.0,0.0,0.6,0.0018937347867548,1.0,0.6613693395769596,0.0,0.0,0.0,,,,,,0.0,,,,,311.4854150044266,3755.92138671875,,,,,,,,,,
75,1,75.0,0.0,32.0,32.0,0.660400390625,0.0,74.0,0.0,0.0,0.0,0.0,0.0,0.0,0.0,0.0,0.0,0.6,0.0018937347867548,1.0,0.6590351069872036,0.0,0.0,0.0,,,,,,0.0,,,,,311.5992179955356,3755.92138671875,,,,,,,,,,
76,1,76.0,0.0,32.0,32.0,0.6650390625,0.0,74.0,0.0,0.0,0.0,0.0,0.0,0.0,0.0,0.0,0.0,0.6,0.0018937347867548,1.0,0.66227287415563,0.0,0.0,0.0,,,,,,0.0,,,,,306.8770790123381,3755.92138671875,,,,,,,,,,
77,1,77.0,0.0,32.0,32.0,0.6766357421875,0.0,74.0,0.0,0.0,0.0,0.0,0.0,0.0,0.0,0.0,0.0,0.6,0.0018937347867548,1.0,0.6612256140599397,0.0,0.0,0.0,,,,,,0.0,,,,,313.4713000035845,3755.92138671875,,,,,,,,,,
78,1,78.0,0.0,26.0,26.0,0.713416466346154,0.0,74.0,0.0,0.0,0.0,0.0,0.0,0.0,0.0,0.0,0.0,0.6,0.0018937347867548,1.0,0.665510498295613,0.0,0.0,0.0,,,,,,0.0,,,,,276.80543597671203,3592.01318359375,,,,,,,,,,
78,1,,1.0,32.0,32.0,,,,,,,,,,,,,,,1.0,0.665510498295613,0.0,0.0,0.0,,,,,,0.0,,,,,276.80543597671203,3592.01318359375,0.6606498194945848,0.6371939712100558,0.6606498194945848,0.6366173492537605,0.6819277108433734,0.6305229350542411,0.0212778913487886,0.6827309236947792,0.6299609343210856,0.0220811042001943
79,2,1.0,0.0,32.0,32.0,0.6309814453125,0.0,74.0,0.0,0.0,0.0,0.0,0.0,0.0,0.0,0.0,0.0,0.6,0.0018937347867548,1.0,0.658245547254275,0.0,0.0,0.0,,,,,,0.0,,,,,310.7754430093337,3755.92138671875,,,,,,,,,,
80,2,2.0,0.0,32.0,32.0,0.72503662109375,0.0,74.0,0.0,0.0,0.0,0.0,0.0,0.0,0.0,0.0,0.0,0.6,0.0018937347867548,1.0,0.6679468446120312,0.0,0.0,0.0,,,,,,0.0,,,,,314.1739899874665,3755.92138671875,,,,,,,,,,
81,2,3.0,0.0,32.0,32.0,0.75286865234375,0.0,74.0,0.0,0.0,0.0,0.0,0.0,0.0,0.0,0.0,0.0,0.6,0.0018937347867548,1.0,0.6598712281466524,0.0,0.0,0.0,,,,,,0.0,,,,,313.5324270115234,3755.92138671875,,,,,,,,,,
82,2,4.0,0.0,32.0,32.0,0.61041259765625,0.0,74.0,0.0,0.0,0.0,0.0,0.0,0.0,0.0,0.0,0.0,0.6,0.0018937347867548,1.0,0.6653797674029315,0.0,0.0,0.0,,,,,,0.0,,,,,314.12780401296914,3755.92138671875,,,,,,,,,,
83,2,5.0,0.0,32.0,32.0,0.67657470703125,0.0,74.0,0.0,0.0,0.0,0.0,0.0,0.0,0.0,0.0,0.0,0.6,0.0018937347867548,1.0,0.665298759618514,0.0,0.0,0.0,,,,,,0.0,,,,,311.74271801137365,3755.92138671875,,,,,,,,,,
84,2,6.0,0.0,32.0,32.0,0.68157958984375,0.0,74.0,0.0,0.0,0.0,0.0,0.0,0.0,0.0,0.0,0.0,0.6,0.0018937347867548,1.0,0.6591602479347284,0.0,0.0,0.0,,,,,,0.0,,,,,315.26909599779174,3755.92138671875,,,,,,,,,,
85,2,7.0,0.0,32.0,32.0,0.6361083984375,0.0,74.0,0.0,0.0,0.0,0.0,0.0,0.0,0.0,0.0,0.0,0.6,0.0018937347867548,1.0,0.6596834221337439,0.0,0.0,0.0,,,,,,0.0,,,,,313.81252099527046,3755.92138671875,,,,,,,,,,
86,2,8.0,0.0,32.0,32.0,0.70428466796875,0.0,74.0,0.0,0.0,0.0,0.0,0.0,0.0,0.0,0.0,0.0,0.6,0.0018937347867548,1.0,0.6641426940309598,0.0,0.0,0.0,,,,,,0.0,,,,,315.4268139915075,3755.92138671875,,,,,,,,,,
87,2,9.0,0.0,32.0,32.0,0.62689208984375,0.0,74.0,0.0,0.0,0.0,0.0,0.0,0.0,0.0,0.0,0.0,0.6,0.0018937347867548,1.0,0.6627233789101972,0.0,0.0,0.0,,,,,,0.0,,,,,313.6955149821006,3755.92138671875,,,,,,,,,,
88,2,10.0,0.0,32.0,32.0,0.632598876953125,0.0,74.0,0.0,0.0,0.0,0.0,0.0,0.0,0.0,0.0,0.0,0.6,0.0018937347867548,1.0,0.6624558421979673,0.0,0.0,0.0,,,,,,0.0,,,,,312.1913780050818,3755.92138671875,,,,,,,,,,
89,2,11.0,0.0,32.0,32.0,0.62115478515625,0.0,74.0,0.0,0.0,0.0,0.0,0.0,0.0,0.0,0.0,0.0,0.6,0.0018937347867548,1.0,0.6669699485229851,0.0,0.0,0.0,,,,,,0.0,,,,,312.3987619765103,3755.92138671875,,,,,,,,,,
90,2,12.0,0.0,32.0,32.0,0.59173583984375,0.0,74.0,0.0,0.0,0.0,0.0,0.0,0.0,0.0,0.0,0.0,0.6,0.0018937347867548,1.0,0.6645396734772155,0.0,0.0,0.0,,,,,,0.0,,,,,312.18329299008474,3755.92138671875,,,,,,,,,,
91,2,13.0,0.0,32.0,32.0,0.559967041015625,0.0,74.0,0.0,0.0,0.0,0.0,0.0,0.0,0.0,0.0,0.0,0.6,0.0018937347867548,1.0,0.6651811687066046,0.0,0.0,0.0,,,,,,0.0,,,,,315.5699399940204,3755.92138671875,,,,,,,,,,
92,2,14.0,0.0,32.0,32.0,0.59381103515625,0.0,74.0,0.0,0.0,0.0,0.0,0.0,0.0,0.0,0.0,0.0,0.6,0.0018937347867548,1.0,0.6721338845917143,0.0,0.0,0.0,,,,,,0.0,,,,,310.4291800118517,3755.92138671875,,,,,,,,,,
93,2,15.0,0.0,32.0,32.0,0.587921142578125,0.0,74.0,0.0,0.0,0.0,0.0,0.0,0.0,0.0,0.0,0.0,0.6,0.0018937347867548,1.0,0.668086417213847,0.0,0.0,0.0,,,,,,0.0,,,,,317.14461199590005,3775.67724609375,,,,,,,,,,
94,2,16.0,0.0,32.0,32.0,0.517913818359375,0.0,74.0,0.0,0.0,0.0,0.0,0.0,0.0,0.0,0.0,0.0,0.6,0.0018937347867548,1.0,0.6637622201833852,0.0,0.0,0.0,,,,,,0.0,,,,,312.6033940061461,3755.92138671875,,,,,,,,,,
95,2,17.0,0.0,32.0,32.0,0.613555908203125,0.0,74.0,0.0,0.0,0.0,0.0,0.0,0.0,0.0,0.0,0.0,0.6,0.0018937347867548,1.0,0.6719017787347044,0.0,0.0,0.0,,,,,,0.0,,,,,411.6075850033667,3755.92138671875,,,,,,,,,,
96,2,18.0,0.0,32.0,32.0,0.50775146484375,0.0,74.0,0.0,0.0,0.0,0.0,0.0,0.0,0.0,0.0,0.0,0.6,0.0018937347867548,1.0,0.6662133943680222,0.0,0.0,0.0,,,,,,0.0,,,,,306.22082701302134,3755.92138671875,,,,,,,,,,
97,2,19.0,0.0,32.0,32.0,0.687469482421875,0.0,74.0,0.0,0.0,0.0,0.0,0.0,0.0,0.0,0.0,0.0,0.6,0.0018937347867548,1.0,0.6618320722606976,0.0,0.0,0.0,,,,,,0.0,,,,,312.002790014958,3755.92138671875,,,,,,,,,,
98,2,20.0,0.0,32.0,32.0,0.5107574462890625,0.0,74.0,0.0,0.0,0.0,0.0,0.0,0.0,0.0,0.0,0.0,0.6,0.0018937347867548,1.0,0.6697814282692941,0.0,0.0,0.0,,,,,,0.0,,,,,327.54171997657977,3755.92138671875,,,,,,,,,,
99,2,21.0,0.0,32.0,32.0,0.575897216796875,0.0,74.0,0.0,0.0,0.0,0.0,0.0,0.0,0.0,0.0,0.0,0.6,0.0018937347867548,1.0,0.6685470376917907,0.0,0.0,0.0,,,,,,0.0,,,,,309.10010301158763,3755.92138671875,,,,,,,,,,
100,2,22.0,0.0,32.0,32.0,0.5073089599609375,0.0,74.0,0.0,0.0,0.0,0.0,0.0,0.0,0.0,0.0,0.0,0.6,0.0018937347867548,1.0,0.6702823202708993,0.0,0.0,0.0,,,,,,0.0,,,,,313.8730910141021,3755.92138671875,,,,,,,,,,
101,2,23.0,0.0,32.0,32.0,0.5076828002929688,0.0,74.0,0.0,0.0,0.0,0.0,0.0,0.0,0.0,0.0,0.0,0.6,0.0018937347867548,1.0,0.6673317573360852,0.0,0.0,0.0,,,,,,0.0,,,,,323.1953300128225,3755.92138671875,,,,,,,,,,
102,2,24.0,0.0,32.0,32.0,0.4195709228515625,0.0,74.0,0.0,0.0,0.0,0.0,0.0,0.0,0.0,0.0,0.0,0.6,0.0018937347867548,1.0,0.6691908075639174,0.0,0.0,0.0,,,,,,0.0,,,,,316.87421500100754,3755.92138671875,,,,,,,,,,
103,2,25.0,0.0,32.0,32.0,0.6707611083984375,0.0,74.0,0.0,0.0,0.0,0.0,0.0,0.0,0.0,0.0,0.0,0.6,0.0018937347867548,1.0,0.6649945481136306,0.0,0.0,0.0,,,,,,0.0,,,,,311.3235619966872,3755.92138671875,,,,,,,,,,
104,2,26.0,0.0,32.0,32.0,0.601409912109375,0.0,74.0,0.0,0.0,0.0,0.0,0.0,0.0,0.0,0.0,0.0,0.6,0.0018937347867548,1.0,0.6645116374932853,0.0,0.0,0.0,,,,,,0.0,,,,,317.70437001250684,3755.92138671875,,,,,,,,,,
105,2,27.0,0.0,32.0,32.0,0.6336669921875,0.0,74.0,0.0,0.0,0.0,0.0,0.0,0.0,0.0,0.0,0.0,0.6,0.0018937347867548,1.0,0.6649749200792037,0.0,0.0,0.0,,,,,,0.0,,,,,319.1520880209282,3755.92138671875,,,,,,,,,,
106,2,28.0,0.0,32.0,32.0,0.6826858520507812,0.0,74.0,0.0,0.0,0.0,0.0,0.0,0.0,0.0,0.0,0.0,0.6,0.0018937347867548,1.0,0.6660932703431661,0.0,0.0,0.0,,,,,,0.0,,,,,309.9169110064395,3755.92138671875,,,,,,,,,,
107,2,29.0,0.0,32.0,32.0,0.4922943115234375,0.0,74.0,0.0,0.0,0.0,0.0,0.0,0.0,0.0,0.0,0.0,0.6,0.0018937347867548,1.0,0.6715691300734614,0.0,0.0,0.0,,,,,,0.0,,,,,317.8416159935296,3755.92138671875,,,,,,,,,,
108,2,30.0,0.0,32.0,32.0,0.6610107421875,0.0,74.0,0.0,0.0,0.0,0.0,0.0,0.0,0.0,0.0,0.0,0.6,0.0018937347867548,1.0,0.6611839192179406,0.0,0.0,0.0,,,,,,0.0,,,,,312.2709620220121,3755.92138671875,,,,,,,,,,
109,2,31.0,0.0,32.0,32.0,0.59295654296875,0.0,74.0,0.0,0.0,0.0,0.0,0.0,0.0,0.0,0.0,0.0,0.6,0.0018937347867548,1.0,0.668000756693644,0.0,0.0,0.0,,,,,,0.0,,,,,316.51880900608376,3755.92138671875,,,,,,,,,,
110,2,32.0,0.0,32.0,32.0,0.5112762451171875,0.0,74.0,0.0,0.0,0.0,0.0,0.0,0.0,0.0,0.0,0.0,0.6,0.0018937347867548,1.0,0.6681278628263739,0.0,0.0,0.0,,,,,,0.0,,,,,313.468156993622,3755.92138671875,,,,,,,,,,
111,2,33.0,0.0,32.0,32.0,0.419769287109375,0.0,74.0,0.0,0.0,0.0,0.0,0.0,0.0,0.0,0.0,0.0,0.6,0.0018937347867548,1.0,0.6653833060618308,0.0,0.0,0.0,,,,,,0.0,,,,,316.80721600423567,3755.92138671875,,,,,,,,,,
112,2,34.0,0.0,32.0,32.0,0.4944915771484375,0.0,74.0,0.0,0.0,0.0,0.0,0.0,0.0,0.0,0.0,0.0,0.6,0.0018937347867548,1.0,0.6659929583960815,0.0,0.0,0.0,,,,,,0.0,,,,,309.1056419943925,3755.92138671875,,,,,,,,,,
113,2,35.0,0.0,32.0,32.0,0.574951171875,0.0,74.0,0.0,0.0,0.0,0.0,0.0,0.0,0.0,0.0,0.0,0.6,0.0018937347867548,1.0,0.666673276002341,0.0,0.0,0.0,,,,,,0.0,,,,,314.2819030035753,3755.92138671875,,,,,,,,,,
114,2,36.0,0.0,32.0,32.0,0.6490859985351562,0.0,74.0,0.0,0.0,0.0,0.0,0.0,0.0,0.0,0.0,0.0,0.6,0.0018937347867548,1.0,0.6671332808147726,0.0,0.0,0.0,,,,,,0.0,,,,,315.5487919866573,3755.92138671875,,,,,,,,,,
115,2,37.0,0.0,32.0,32.0,0.4900665283203125,0.0,74.0,0.0,0.0,0.0,0.0,0.0,0.0,0.0,0.0,0.0,0.6,0.0018937347867548,1.0,0.6677582087886579,0.0,0.0,0.0,,,,,,0.0,,,,,312.99173799925484,3755.92138671875,,,,,,,,,,
116,2,38.0,0.0,32.0,32.0,0.6502456665039062,0.0,74.0,0.0,0.0,0.0,0.0,0.0,0.0,0.0,0.0,0.0,0.6,0.0018937347867548,1.0,0.6651230383186431,0.0,0.0,0.0,,,,,,0.0,,,,,316.8256960052531,3755.92138671875,,,,,,,,,,
117,2,39.0,0.0,32.0,32.0,0.5255126953125,0.0,74.0,0.0,0.0,0.0,0.0,0.0,0.0,0.0,0.0,0.0,0.6,0.0018937347867548,1.0,0.6693766264698949,0.0,0.0,0.0,,,,,,0.0,,,,,314.54060997930355,3755.92138671875,,,,,,,,,,
118,2,40.0,0.0,32.0,32.0,0.3843841552734375,0.0,74.0,0.0,0.0,0.0,0.0,0.0,0.0,0.0,0.0,0.0,0.6,0.0018937347867548,1.0,0.6628490915895424,0.0,0.0,0.0,,,,,,0.0,,,,,317.0201939938124,3755.92138671875,,,,,,,,,,
119,2,41.0,0.0,32.0,32.0,0.6277313232421875,0.0,74.0,0.0,0.0,0.0,0.0,0.0,0.0,0.0,0.0,0.0,0.6,0.0018937347867548,1.0,0.6708439080420164,0.0,0.0,0.0,,,,,,0.0,,,,,315.2606969815679,3755.92138671875,,,,,,,,,,
120,2,42.0,0.0,32.0,32.0,0.46795654296875,0.0,74.0,0.0,0.0,0.0,0.0,0.0,0.0,0.0,0.0,0.0,0.6,0.0018937347867548,1.0,0.6613406928144939,0.0,0.0,0.0,,,,,,0.0,,,,,313.89502799720503,3755.92138671875,,,,,,,,,,
121,2,43.0,0.0,32.0,32.0,0.4084014892578125,0.0,74.0,0.0,0.0,0.0,0.0,0.0,0.0,0.0,0.0,0.0,0.6,0.0018937347867548,1.0,0.6653022120675154,0.0,0.0,0.0,,,,,,0.0,,,,,314.5408020063769,3755.92138671875,,,,,,,,,,
122,2,44.0,0.0,32.0,32.0,0.6017913818359375,0.0,74.0,0.0,0.0,0.0,0.0,0.0,0.0,0.0,0.0,0.0,0.6,0.0018937347867548,1.0,0.6636870637249473,0.0,0.0,0.0,,,,,,0.0,,,,,311.95353899965994,3755.92138671875,,,,,,,,,,
123,2,45.0,0.0,32.0,32.0,0.5339813232421875,0.0,74.0,0.0,0.0,0.0,0.0,0.0,0.0,0.0,0.0,0.0,0.6,0.0018937347867548,1.0,0.6600740135183083,0.0,0.0,0.0,,,,,,0.0,,,,,317.7347469900269,3755.92138671875,,,,,,,,,,
124,2,46.0,0.0,32.0,32.0,0.387542724609375,0.0,74.0,0.0,0.0,0.0,0.0,0.0,0.0,0.0,0.0,0.0,0.6,0.0018937347867548,1.0,0.6692029284530583,0.0,0.0,0.0,,,,,,0.0,,,,,312.7730819978751,3755.92138671875,,,,,,,,,,
125,2,47.0,0.0,32.0,32.0,0.6536865234375,0.0,74.0,0.0,0.0,0.0,0.0,0.0,0.0,0.0,0.0,0.0,0.6,0.0018937347867548,1.0,0.6688101839434086,0.0,0.0,0.0,,,,,,0.0,,,,,318.1418360036332,3755.92138671875,,,,,,,,,,
126,2,48.0,0.0,32.0,32.0,0.5523757934570312,0.0,74.0,0.0,0.0,0.0,0.0,0.0,0.0,0.0,0.0,0.0,0.6,0.0018937347867548,1.0,0.6684599368451435,0.0,0.0,0.0,,,,,,0.0,,,,,312.97695499961264,3755.92138671875,,,,,,,,,,
127,2,49.0,0.0,32.0,32.0,0.4737777709960937,0.0,74.0,0.0,0.0,0.0,0.0,0.0,0.0,0.0,0.0,0.0,0.6,0.0018937347867548,1.0,0.6681575449447281,0.0,0.0,0.0,,,,,,0.0,,,,,318.43469900195487,3755.92138671875,,,,,,,,,,
128,2,50.0,0.0,32.0,32.0,0.58599853515625,0.0,74.0,0.0,0.0,0.0,0.0,0.0,0.0,0.0,0.0,0.0,0.6,0.0018937347867548,1.0,0.6717606517271832,0.0,0.0,0.0,,,,,,0.0,,,,,311.1802889907267,3755.92138671875,,,,,,,,,,
129,2,51.0,0.0,32.0,32.0,0.4769744873046875,0.0,74.0,0.0,0.0,0.0,0.0,0.0,0.0,0.0,0.0,0.0,0.6,0.0018937347867548,1.0,0.6621270380195832,0.0,0.0,0.0,,,,,,0.0,,,,,313.38234900613315,3755.92138671875,,,,,,,,,,
130,2,52.0,0.0,32.0,32.0,0.58502197265625,0.0,74.0,0.0,0.0,0.0,0.0,0.0,0.0,0.0,0.0,0.0,0.6,0.0018937347867548,1.0,0.6680382819557524,0.0,0.0,0.0,,,,,,0.0,,,,,316.41547102481127,3755.92138671875,,,,,,,,,,
131,2,53.0,0.0,32.0,32.0,0.5124359130859375,0.0,74.0,0.0,0.0,0.0,0.0,0.0,0.0,0.0,0.0,0.0,0.6,0.0018937347867548,1.0,0.6713572928459717,0.0,0.0,0.0,,,,,,0.0,,,,,313.9564720040653,3755.92138671875,,,,,,,,,,
132,2,54.0,0.0,32.0,32.0,0.543731689453125,0.0,74.0,0.0,0.0,0.0,0.0,0.0,0.0,0.0,0.0,0.0,0.6,0.0018937347867548,1.0,0.668628005086543,0.0,0.0,0.0,,,,,,0.0,,,,,323.1120159907732,3755.92138671875,,,,,,,,,,
133,2,55.0,0.0,32.0,32.0,0.7786712646484375,0.0,74.0,0.0,0.0,0.0,0.0,0.0,0.0,0.0,0.0,0.0,0.6,0.0018937347867548,1.0,0.6667637540593484,0.0,0.0,0.0,,,,,,0.0,,,,,314.91282500792295,3755.92138671875,,,,,,,,,,
134,2,56.0,0.0,32.0,32.0,0.486572265625,0.0,74.0,0.0,0.0,0.0,0.0,0.0,0.0,0.0,0.0,0.0,0.6,0.0018937347867548,1.0,0.6697282695803373,0.0,0.0,0.0,,,,,,0.0,,,,,318.03505498101003,3755.92138671875,,,,,,,,,,
135,2,57.0,0.0,32.0,32.0,0.59100341796875,0.0,74.0,0.0,0.0,0.0,0.0,0.0,0.0,0.0,0.0,0.0,0.6,0.0018937347867548,1.0,0.6697117451261602,0.0,0.0,0.0,,,,,,0.0,,,,,314.0942209865898,3755.92138671875,,,,,,,,,,
136,2,58.0,0.0,32.0,32.0,0.579132080078125,0.0,74.0,0.0,0.0,0.0,0.0,0.0,0.0,0.0,0.0,0.0,0.6,0.0018937347867548,1.0,0.6680206475123964,0.0,0.0,0.0,,,,,,0.0,,,,,316.972999018617,3755.92138671875,,,,,,,,,,
137,2,59.0,0.0,32.0,32.0,0.535552978515625,0.0,74.0,0.0,0.0,0.0,0.0,0.0,0.0,0.0,0.0,0.0,0.6,0.0018937347867548,1.0,0.6657189087543715,0.0,0.0,0.0,,,,,,0.0,,,,,316.4123279857449,3755.92138671875,,,,,,,,,,
138,2,60.0,0.0,32.0,32.0,0.486724853515625,0.0,74.0,0.0,0.0,0.0,0.0,0.0,0.0,0.0,0.0,0.0,0.6,0.0018937347867548,1.0,0.669444568646935,0.0,0.0,0.0,,,,,,0.0,,,,,312.8489459923003,3755.92138671875,,,,,,,,,,
139,2,61.0,0.0,32.0,32.0,0.55621337890625,0.0,74.0,0.0,0.0,0.0,0.0,0.0,0.0,0.0,0.0,0.0,0.6,0.0018937347867548,1.0,0.6620399286359859,0.0,0.0,0.0,,,,,,0.0,,,,,316.6097950015683,3755.92138671875,,,,,,,,,,
140,2,62.0,0.0,32.0,32.0,0.43438720703125,0.0,74.0,0.0,0.0,0.0,0.0,0.0,0.0,0.0,0.0,0.0,0.6,0.0018937347867548,1.0,0.668022047967496,0.0,0.0,0.0,,,,,,0.0,,,,,311.80820500594564,3755.92138671875,,,,,,,,,,
141,2,63.0,0.0,32.0,32.0,0.5262908935546875,0.0,74.0,0.0,0.0,0.0,0.0,0.0,0.0,0.0,0.0,0.0,0.6,0.0018937347867548,1.0,0.6590843687131653,0.0,0.0,0.0,,,,,,0.0,,,,,317.51892500324175,3755.92138671875,,,,,,,,,,
142,2,64.0,0.0,32.0,32.0,0.59820556640625,0.0,74.0,0.0,0.0,0.0,0.0,0.0,0.0,0.0,0.0,0.0,0.6,0.0018937347867548,1.0,0.6672658307763006,0.0,0.0,0.0,,,,,,0.0,,,,,312.1080079872627,3755.92138671875,,,,,,,,,,
143,2,65.0,0.0,32.0,32.0,0.4370574951171875,0.0,74.0,0.0,0.0,0.0,0.0,0.0,0.0,0.0,0.0,0.0,0.6,0.0018937347867548,1.0,0.6628986795243894,0.0,0.0,0.0,,,,,,0.0,,,,,318.5259969905019,3755.92138671875,,,,,,,,,,
144,2,66.0,0.0,32.0,32.0,0.5146484375,0.0,74.0,0.0,0.0,0.0,0.0,0.0,0.0,0.0,0.0,0.0,0.6,0.0018937347867548,1.0,0.6697513914782032,0.0,0.0,0.0,,,,,,0.0,,,,,310.44435701915063,3755.92138671875,,,,,,,,,,
145,2,67.0,0.0,32.0,32.0,0.58233642578125,0.0,74.0,0.0,0.0,0.0,0.0,0.0,0.0,0.0,0.0,0.0,0.6,0.0018937347867548,1.0,0.6593416459821787,0.0,0.0,0.0,,,,,,0.0,,,,,314.4755190005526,3755.92138671875,,,,,,,,,,
146,2,68.0,0.0,32.0,32.0,0.5342864990234375,0.0,74.0,0.0,0.0,0.0,0.0,0.0,0.0,0.0,0.0,0.0,0.6,0.0018937347867548,1.0,0.6593393890177112,0.0,0.0,0.0,,,,,,0.0,,,,,313.770996988751,3755.92138671875,,,,,,,,,,
147,2,69.0,0.0,32.0,32.0,0.601898193359375,0.0,74.0,0.0,0.0,0.0,0.0,0.0,0.0,0.0,0.0,0.0,0.6,0.0018937347867548,1.0,0.6686288083139038,0.0,0.0,0.0,,,,,,0.0,,,,,312.58718299795873,3755.92138671875,,,,,,,,,,
148,2,70.0,0.0,32.0,32.0,0.5904541015625,0.0,74.0,0.0,0.0,0.0,0.0,0.0,0.0,0.0,0.0,0.0,0.6,0.0018937347867548,1.0,0.6644428977983031,0.0,0.0,0.0,,,,,,0.0,,,,,315.40150599903427,3755.92138671875,,,,,,,,,,
149,2,71.0,0.0,32.0,32.0,0.6243133544921875,0.0,74.0,0.0,0.0,0.0,0.0,0.0,0.0,0.0,0.0,0.0,0.6,0.0018937347867548,1.0,0.6679875986312358,0.0,0.0,0.0,,,,,,0.0,,,,,314.66527699376456,3755.92138671875,,,,,,,,,,
150,2,72.0,0.0,32.0,32.0,0.5345306396484375,0.0,74.0,0.0,0.0,0.0,0.0,0.0,0.0,0.0,0.0,0.0,0.6,0.0018937347867548,1.0,0.6704658268198936,0.0,0.0,0.0,,,,,,0.0,,,,,315.8408399904147,3755.92138671875,,,,,,,,,,
151,2,73.0,0.0,32.0,32.0,0.466094970703125,0.0,74.0,0.0,0.0,0.0,0.0,0.0,0.0,0.0,0.0,0.0,0.6,0.0018937347867548,1.0,0.6704633266847249,0.0,0.0,0.0,,,,,,0.0,,,,,313.84958198759705,3755.92138671875,,,,,,,,,,
152,2,74.0,0.0,32.0,32.0,0.42877197265625,0.0,74.0,0.0,0.0,0.0,0.0,0.0,0.0,0.0,0.0,0.0,0.6,0.0018937347867548,1.0,0.6721013035574386,0.0,0.0,0.0,,,,,,0.0,,,,,317.063833004795,3755.92138671875,,,,,,,,,,
153,2,75.0,0.0,32.0,32.0,0.4420166015625,0.0,74.0,0.0,0.0,0.0,0.0,0.0,0.0,0.0,0.0,0.0,0.6,0.0018937347867548,1.0,0.6684409209789954,0.0,0.0,0.0,,,,,,0.0,,,,,313.42233999748714,3755.92138671875,,,,,,,,,,
154,2,76.0,0.0,32.0,32.0,0.5264511108398438,0.0,74.0,0.0,0.0,0.0,0.0,0.0,0.0,0.0,0.0,0.0,0.6,0.0018937347867548,1.0,0.6669178835214605,0.0,0.0,0.0,,,,,,0.0,,,,,314.8522029805463,3755.92138671875,,,,,,,,,,
155,2,77.0,0.0,32.0,32.0,0.4879608154296875,0.0,74.0,0.0,0.0,0.0,0.0,0.0,0.0,0.0,0.0,0.0,0.6,0.0018937347867548,1.0,0.6675806156622126,0.0,0.0,0.0,,,,,,0.0,,,,,315.8637029991951,3755.92138671875,,,,,,,,,,
156,2,78.0,0.0,26.0,26.0,0.5605844350961539,0.0,74.0,0.0,0.0,0.0,0.0,0.0,0.0,0.0,0.0,0.0,0.6,0.0018937347867548,1.0,0.6678717595174306,0.0,0.0,0.0,,,,,,0.0,,,,,282.7807550202124,3592.01318359375,,,,,,,,,,
156,2,,1.0,32.0,32.0,,,,,,,,,,,,,,,1.0,0.6678717595174306,0.0,0.0,0.0,,,,,,0.0,,,,,282.7807550202124,3592.01318359375,0.7436823104693141,0.5511097775565253,0.7436823104693141,0.5471051898267534,0.8514056224899599,0.3642743386519261,0.1077233120206457,0.8514056224899599,0.3634787868612852,0.1077233120206457
157,3,1.0,0.0,32.0,32.0,0.4183273315429687,0.0,74.0,0.0,0.0,0.0,0.0,0.0,0.0,0.0,0.0,0.0,0.6,0.0018937347867548,1.0,0.6680933383206397,0.0,0.0,0.0,,,,,,0.0,,,,,313.00446402747184,3755.92138671875,,,,,,,,,,
158,3,2.0,0.0,32.0,32.0,0.3757171630859375,0.0,74.0,0.0,0.0,0.0,0.0,0.0,0.0,0.0,0.0,0.0,0.6,0.0018937347867548,1.0,0.6686563808463699,0.0,0.0,0.0,,,,,,0.0,,,,,314.14329999824986,3755.92138671875,,,,,,,,,,
159,3,3.0,0.0,32.0,32.0,0.481964111328125,0.0,74.0,0.0,0.0,0.0,0.0,0.0,0.0,0.0,0.0,0.0,0.6,0.0018937347867548,1.0,0.6675592259806089,0.0,0.0,0.0,,,,,,0.0,,,,,315.48624101560563,3755.92138671875,,,,,,,,,,
160,3,4.0,0.0,32.0,32.0,0.3109893798828125,0.0,74.0,0.0,0.0,0.0,0.0,0.0,0.0,0.0,0.0,0.0,0.6,0.0018937347867548,1.0,0.6649038832499807,0.0,0.0,0.0,,,,,,0.0,,,,,319.53978299861774,3755.92138671875,,,,,,,,,,
161,3,5.0,0.0,32.0,32.0,0.255096435546875,0.0,74.0,0.0,0.0,0.0,0.0,0.0,0.0,0.0,0.0,0.0,0.6,0.0018937347867548,1.0,0.6628889915887243,0.0,0.0,0.0,,,,,,0.0,,,,,314.7058220056351,3755.92138671875,,,,,,,,,,
162,3,6.0,0.0,32.0,32.0,0.3484649658203125,0.0,74.0,0.0,0.0,0.0,0.0,0.0,0.0,0.0,0.0,0.0,0.6,0.0018937347867548,1.0,0.659137948577275,0.0,0.0,0.0,,,,,,0.0,,,,,319.0987359848805,3755.92138671875,,,,,,,,,,
163,3,7.0,0.0,32.0,32.0,0.5029754638671875,0.0,74.0,0.0,0.0,0.0,0.0,0.0,0.0,0.0,0.0,0.0,0.6,0.0018937347867548,1.0,0.6616489456485753,0.0,0.0,0.0,,,,,,0.0,,,,,316.40639700344764,3755.92138671875,,,,,,,,,,
164,3,8.0,0.0,32.0,32.0,0.338836669921875,0.0,74.0,0.0,0.0,0.0,0.0,0.0,0.0,0.0,0.0,0.0,0.6,0.0018937347867548,1.0,0.6624823026821468,0.0,0.0,0.0,,,,,,0.0,,,,,316.6748390067369,3755.92138671875,,,,,,,,,,
165,3,9.0,0.0,32.0,32.0,0.4180831909179687,0.0,74.0,0.0,0.0,0.0,0.0,0.0,0.0,0.0,0.0,0.0,0.6,0.0018937347867548,1.0,0.6635579277125467,0.0,0.0,0.0,,,,,,0.0,,,,,315.5801620159764,3755.92138671875,,,,,,,,,,
166,3,10.0,0.0,32.0,32.0,0.1993255615234375,0.0,74.0,0.0,0.0,0.0,0.0,0.0,0.0,0.0,0.0,0.0,0.6,0.0018937347867548,1.0,0.6694269581022142,0.0,0.0,0.0,,,,,,0.0,,,,,318.4857759915758,3755.92138671875,,,,,,,,,,
167,3,11.0,0.0,32.0,32.0,0.3634872436523437,0.0,74.0,0.0,0.0,0.0,0.0,0.0,0.0,0.0,0.0,0.0,0.6,0.0018937347867548,1.0,0.6636771896091139,0.0,0.0,0.0,,,,,,0.0,,,,,316.3934670155868,3755.92138671875,,,,,,,,,,
168,3,12.0,0.0,32.0,32.0,0.3689422607421875,0.0,74.0,0.0,0.0,0.0,0.0,0.0,0.0,0.0,0.0,0.0,0.6,0.0018937347867548,1.0,0.6672199790268862,0.0,0.0,0.0,,,,,,0.0,,,,,313.2429040269926,3755.92138671875,,,,,,,,,,
169,3,13.0,0.0,32.0,32.0,0.5010833740234375,0.0,74.0,0.0,0.0,0.0,0.0,0.0,0.0,0.0,0.0,0.0,0.6,0.0018937347867548,1.0,0.6601697797251411,0.0,0.0,0.0,,,,,,0.0,,,,,317.9114580270834,3755.92138671875,,,,,,,,,,
170,3,14.0,0.0,32.0,32.0,0.2711868286132812,0.0,74.0,0.0,0.0,0.0,0.0,0.0,0.0,0.0,0.0,0.0,0.6,0.0018937347867548,1.0,0.6590273189265901,0.0,0.0,0.0,,,,,,0.0,,,,,312.78276999364607,3755.92138671875,,,,,,,,,,
171,3,15.0,0.0,32.0,32.0,0.4440765380859375,0.0,74.0,0.0,0.0,0.0,0.0,0.0,0.0,0.0,0.0,0.0,0.6,0.0018937347867548,1.0,0.6603088247743764,0.0,0.0,0.0,,,,,,0.0,,,,,319.8583330085967,3755.92138671875,,,,,,,,,,
172,3,16.0,0.0,32.0,32.0,0.3251953125,0.0,74.0,0.0,0.0,0.0,0.0,0.0,0.0,0.0,0.0,0.0,0.6,0.0018937347867548,1.0,0.6689413997568162,0.0,0.0,0.0,,,,,,0.0,,,,,316.1200209870003,3755.92138671875,,,,,,,,,,
173,3,17.0,0.0,32.0,32.0,0.2995414733886719,0.0,74.0,0.0,0.0,0.0,0.0,0.0,0.0,0.0,0.0,0.0,0.6,0.0018937347867548,1.0,0.6694616496649375,0.0,0.0,0.0,,,,,,0.0,,,,,321.12463100929745,3755.92138671875,,,,,,,,,,
174,3,18.0,0.0,32.0,32.0,0.5011215209960938,0.0,74.0,0.0,0.0,0.0,0.0,0.0,0.0,0.0,0.0,0.0,0.6,0.0018937347867548,1.0,0.66268175107375,0.0,0.0,0.0,,,,,,0.0,,,,,311.6835370019544,3755.92138671875,,,,,,,,,,
175,3,19.0,0.0,32.0,32.0,0.3909797668457031,0.0,74.0,0.0,0.0,0.0,0.0,0.0,0.0,0.0,0.0,0.0,0.6,0.0018937347867548,1.0,0.6643075215328901,0.0,0.0,0.0,,,,,,0.0,,,,,314.77065599756315,3755.92138671875,,,,,,,,,,
176,3,20.0,0.0,32.0,32.0,0.524932861328125,0.0,74.0,0.0,0.0,0.0,0.0,0.0,0.0,0.0,0.0,0.0,0.6,0.0018937347867548,1.0,0.6625800464076186,0.0,0.0,0.0,,,,,,0.0,,,,,316.1111919907853,3755.92138671875,,,,,,,,,,
177,3,21.0,0.0,32.0,32.0,0.3708114624023437,0.0,74.0,0.0,0.0,0.0,0.0,0.0,0.0,0.0,0.0,0.0,0.6,0.0018937347867548,1.0,0.6621533524951996,0.0,0.0,0.0,,,,,,0.0,,,,,314.96537500061095,3755.92138671875,,,,,,,,,,
178,3,22.0,0.0,32.0,32.0,0.4828834533691406,0.0,74.0,0.0,0.0,0.0,0.0,0.0,0.0,0.0,0.0,0.0,0.6,0.0018937347867548,1.0,0.6647846620352322,0.0,0.0,0.0,,,,,,0.0,,,,,319.0072540019173,3755.92138671875,,,,,,,,,,
179,3,23.0,0.0,32.0,32.0,0.3620414733886719,0.0,74.0,0.0,0.0,0.0,0.0,0.0,0.0,0.0,0.0,0.0,0.6,0.0018937347867548,1.0,0.6698403565774493,0.0,0.0,0.0,,,,,,0.0,,,,,314.35790899558924,3755.92138671875,,,,,,,,,,
180,3,24.0,0.0,32.0,32.0,0.2629547119140625,0.0,74.0,0.0,0.0,0.0,0.0,0.0,0.0,0.0,0.0,0.0,0.6,0.0018937347867548,1.0,0.6618391106258896,0.0,0.0,0.0,,,,,,0.0,,,,,319.82527498621494,3755.92138671875,,,,,,,,,,
181,3,25.0,0.0,32.0,32.0,0.5164108276367188,0.0,74.0,0.0,0.0,0.0,0.0,0.0,0.0,0.0,0.0,0.0,0.6,0.0018937347867548,1.0,0.6622315659616167,0.0,0.0,0.0,,,,,,0.0,,,,,317.0849640155211,3755.92138671875,,,,,,,,,,
182,3,26.0,0.0,32.0,32.0,0.6660385131835938,0.0,74.0,0.0,0.0,0.0,0.0,0.0,0.0,0.0,0.0,0.0,0.6,0.0018937347867548,1.0,0.659510847113471,0.0,0.0,0.0,,,,,,0.0,,,,,315.6931909907144,3755.92138671875,,,,,,,,,,
183,3,27.0,0.0,32.0,32.0,0.476654052734375,0.0,74.0,0.0,0.0,0.0,0.0,0.0,0.0,0.0,0.0,0.0,0.6,0.0018937347867548,1.0,0.6603119951764531,0.0,0.0,0.0,,,,,,0.0,,,,,317.770975001622,3755.92138671875,,,,,,,,,,
184,3,28.0,0.0,32.0,32.0,0.6018829345703125,0.0,74.0,0.0,0.0,0.0,0.0,0.0,0.0,0.0,0.0,0.0,0.6,0.0018937347867548,1.0,0.6620654979432975,0.0,0.0,0.0,,,,,,0.0,,,,,314.55982601619326,3755.92138671875,,,,,,,,,,
185,3,29.0,0.0,32.0,32.0,0.3549423217773437,0.0,74.0,0.0,0.0,0.0,0.0,0.0,0.0,0.0,0.0,0.0,0.6,0.0018937347867548,1.0,0.671251069496799,0.0,0.0,0.0,,,,,,0.0,,,,,320.7026259915437,3755.92138671875,,,,,,,,,,
186,3,30.0,0.0,32.0,32.0,0.3324661254882812,0.0,74.0,0.0,0.0,0.0,0.0,0.0,0.0,0.0,0.0,0.0,0.6,0.0018937347867548,1.0,0.6683595276384967,0.0,0.0,0.0,,,,,,0.0,,,,,314.5430739969015,3755.92138671875,,,,,,,,,,
187,3,31.0,0.0,32.0,32.0,0.2813606262207031,0.0,74.0,0.0,0.0,0.0,0.0,0.0,0.0,0.0,0.0,0.0,0.6,0.0018937347867548,1.0,0.669122254852872,0.0,0.0,0.0,,,,,,0.0,,,,,393.62485901801847,3755.92138671875,,,,,,,,,,
188,3,32.0,0.0,32.0,32.0,0.5264053344726562,0.0,74.0,0.0,0.0,0.0,0.0,0.0,0.0,0.0,0.0,0.0,0.6,0.0018937347867548,1.0,0.6665690732804732,0.0,0.0,0.0,,,,,,0.0,,,,,313.023687020177,3755.92138671875,,,,,,,,,,
189,3,33.0,0.0,32.0,32.0,0.3929290771484375,0.0,74.0,0.0,0.0,0.0,0.0,0.0,0.0,0.0,0.0,0.0,0.6,0.0018937347867548,1.0,0.6640576083640438,0.0,0.0,0.0,,,,,,0.0,,,,,314.5375010208227,3755.92138671875,,,,,,,,,,
190,3,34.0,0.0,32.0,32.0,0.4826431274414062,0.0,74.0,0.0,0.0,0.0,0.0,0.0,0.0,0.0,0.0,0.0,0.6,0.0018937347867548,1.0,0.6598524617290884,0.0,0.0,0.0,,,,,,0.0,,,,,323.25084100011736,3755.92138671875,,,,,,,,,,
191,3,35.0,0.0,32.0,32.0,0.271484375,0.0,74.0,0.0,0.0,0.0,0.0,0.0,0.0,0.0,0.0,0.0,0.6,0.0018937347867548,1.0,0.6683278774203428,0.0,0.0,0.0,,,,,,0.0,,,,,313.48283900297247,3755.92138671875,,,,,,,,,,
192,3,36.0,0.0,32.0,32.0,0.4898757934570312,0.0,74.0,0.0,0.0,0.0,0.0,0.0,0.0,0.0,0.0,0.0,0.6,0.0018937347867548,1.0,0.6648909983188271,0.0,0.0,0.0,,,,,,0.0,,,,,316.2886950012762,3755.92138671875,,,,,,,,,,
193,3,37.0,0.0,32.0,32.0,0.3487777709960937,0.0,74.0,0.0,0.0,0.0,0.0,0.0,0.0,0.0,0.0,0.0,0.6,0.0018937347867548,1.0,0.6672955151051647,0.0,0.0,0.0,,,,,,0.0,,,,,321.8066749977879,3755.92138671875,,,,,,,,,,
194,3,38.0,0.0,32.0,32.0,0.2895431518554687,0.0,74.0,0.0,0.0,0.0,0.0,0.0,0.0,0.0,0.0,0.0,0.6,0.0018937347867548,1.0,0.6688182891170473,0.0,0.0,0.0,,,,,,0.0,,,,,317.0089409977664,3755.92138671875,,,,,,,,,,
195,3,39.0,0.0,32.0,32.0,0.33673095703125,0.0,74.0,0.0,0.0,0.0,0.0,0.0,0.0,0.0,0.0,0.0,0.6,0.0018937347867548,1.0,0.6667775109536526,0.0,0.0,0.0,,,,,,0.0,,,,,313.5475529998075,3755.92138671875,,,,,,,,,,
196,3,40.0,0.0,32.0,32.0,0.4278564453125,0.0,74.0,0.0,0.0,0.0,0.0,0.0,0.0,0.0,0.0,0.0,0.6,0.0018937347867548,1.0,0.6662472238621351,0.0,0.0,0.0,,,,,,0.0,,,,,318.66634302423336,3755.92138671875,,,,,,,,,,
197,3,41.0,0.0,32.0,32.0,0.4866561889648437,0.0,74.0,0.0,0.0,0.0,0.0,0.0,0.0,0.0,0.0,0.0,0.6,0.0018937347867548,1.0,0.6661559633092546,0.0,0.0,0.0,,,,,,0.0,,,,,316.65557200904004,3755.92138671875,,,,,,,,,,
198,3,42.0,0.0,32.0,32.0,0.2954635620117187,0.0,74.0,0.0,0.0,0.0,0.0,0.0,0.0,0.0,0.0,0.0,0.6,0.0018937347867548,1.0,0.6679374768044063,0.0,0.0,0.0,,,,,,0.0,,,,,312.55579899880104,3755.92138671875,,,,,,,,,,
199,3,43.0,0.0,32.0,32.0,0.2780303955078125,0.0,74.0,0.0,0.0,0.0,0.0,0.0,0.0,0.0,0.0,0.0,0.6,0.0018937347867548,1.0,0.66796405241953,0.0,0.0,0.0,,,,,,0.0,,,,,321.6322289954405,3755.92138671875,,,,,,,,,,
200,3,44.0,0.0,32.0,32.0,0.3830795288085937,0.0,74.0,0.0,0.0,0.0,0.0,0.0,0.0,0.0,0.0,0.0,0.6,0.0018937347867548,1.0,0.6705073858810038,0.0,0.0,0.0,,,,,,0.0,,,,,313.5550189763308,3755.92138671875,,,,,,,,,,
201,3,45.0,0.0,32.0,32.0,0.2899627685546875,0.0,74.0,0.0,0.0,0.0,0.0,0.0,0.0,0.0,0.0,0.0,0.6,0.0018937347867548,1.0,0.6708596685643642,0.0,0.0,0.0,,,,,,0.0,,,,,318.1717109982856,3755.92138671875,,,,,,,,,,
202,3,46.0,0.0,32.0,32.0,0.1912384033203125,0.0,74.0,0.0,0.0,0.0,0.0,0.0,0.0,0.0,0.0,0.0,0.6,0.0018937347867548,1.0,0.670558045864753,0.0,0.0,0.0,,,,,,0.0,,,,,319.10501900711097,3755.92138671875,,,,,,,,,,
203,3,47.0,0.0,32.0,32.0,0.2177047729492187,0.0,74.0,0.0,0.0,0.0,0.0,0.0,0.0,0.0,0.0,0.0,0.6,0.0018937347867548,1.0,0.6601317069417527,0.0,0.0,0.0,,,,,,0.0,,,,,322.9318030062132,3755.92138671875,,,,,,,,,,
204,3,48.0,0.0,32.0,32.0,0.21502685546875,0.0,74.0,0.0,0.0,0.0,0.0,0.0,0.0,0.0,0.0,0.0,0.6,0.0018937347867548,1.0,0.6686328623346033,0.0,0.0,0.0,,,,,,0.0,,,,,313.16620399593376,3755.92138671875,,,,,,,,,,
205,3,49.0,0.0,32.0,32.0,0.1874313354492187,0.0,74.0,0.0,0.0,0.0,0.0,0.0,0.0,0.0,0.0,0.0,0.6,0.0018937347867548,1.0,0.6594803562926044,0.0,0.0,0.0,,,,,,0.0,,,,,320.4093759995885,3755.92138671875,,,,,,,,,,
206,3,50.0,0.0,32.0,32.0,0.3553810119628906,0.0,74.0,0.0,0.0,0.0,0.0,0.0,0.0,0.0,0.0,0.0,0.6,0.0018937347867548,1.0,0.667826815821052,0.0,0.0,0.0,,,,,,0.0,,,,,314.2210820224136,3755.92138671875,,,,,,,,,,
207,3,51.0,0.0,32.0,32.0,0.3415603637695312,0.0,74.0,0.0,0.0,0.0,0.0,0.0,0.0,0.0,0.0,0.0,0.6,0.0018937347867548,1.0,0.6616521858117197,0.0,0.0,0.0,,,,,,0.0,,,,,314.00104699423537,3755.92138671875,,,,,,,,,,
208,3,52.0,0.0,32.0,32.0,0.4307518005371094,0.0,74.0,0.0,0.0,0.0,0.0,0.0,0.0,0.0,0.0,0.0,0.6,0.0018937347867548,1.0,0.6615527942963668,0.0,0.0,0.0,,,,,,0.0,,,,,316.8384649907239,3755.92138671875,,,,,,,,,,
209,3,53.0,0.0,32.0,32.0,0.6682319641113281,0.0,74.0,0.0,0.0,0.0,0.0,0.0,0.0,0.0,0.0,0.0,0.6,0.0018937347867548,1.0,0.6623520112203442,0.0,0.0,0.0,,,,,,0.0,,,,,315.62137699802406,3755.92138671875,,,,,,,,,,
210,3,54.0,0.0,32.0,32.0,0.2706184387207031,0.0,74.0,0.0,0.0,0.0,0.0,0.0,0.0,0.0,0.0,0.0,0.6,0.0018937347867548,1.0,0.671236602309511,0.0,0.0,0.0,,,,,,0.0,,,,,319.3604800035246,3755.92138671875,,,,,,,,,,
211,3,55.0,0.0,32.0,32.0,0.2717018127441406,0.0,74.0,0.0,0.0,0.0,0.0,0.0,0.0,0.0,0.0,0.0,0.6,0.0018937347867548,1.0,0.6728565597570497,0.0,0.0,0.0,,,,,,0.0,,,,,315.4030099976808,3755.92138671875,,,,,,,,,,
212,3,56.0,0.0,32.0,32.0,0.2244071960449218,0.0,74.0,0.0,0.0,0.0,0.0,0.0,0.0,0.0,0.0,0.0,0.6,0.0018937347867548,1.0,0.6650646979851007,0.0,0.0,0.0,,,,,,0.0,,,,,319.76068500080146,3755.92138671875,,,,,,,,,,
213,3,57.0,0.0,32.0,32.0,0.4108619689941406,0.0,74.0,0.0,0.0,0.0,0.0,0.0,0.0,0.0,0.0,0.0,0.6,0.0018937347867548,1.0,0.6688491050326365,0.0,0.0,0.0,,,,,,0.0,,,,,318.1900180061348,3755.92138671875,,,,,,,,,,
214,3,58.0,0.0,32.0,32.0,0.5434646606445312,0.0,74.0,0.0,0.0,0.0,0.0,0.0,0.0,0.0,0.0,0.0,0.6,0.0018937347867548,1.0,0.6658591565375303,0.0,0.0,0.0,,,,,,0.0,,,,,313.809757004492,3755.92138671875,,,,,,,,,,
215,3,59.0,0.0,32.0,32.0,0.537567138671875,0.0,74.0,0.0,0.0,0.0,0.0,0.0,0.0,0.0,0.0,0.0,0.6,0.0018937347867548,1.0,0.6678378117796421,0.0,0.0,0.0,,,,,,0.0,,,,,319.6486890083179,3755.92138671875,,,,,,,,,,
216,3,60.0,0.0,32.0,32.0,0.3064460754394531,0.0,74.0,0.0,0.0,0.0,0.0,0.0,0.0,0.0,0.0,0.0,0.6,0.0018937347867548,1.0,0.6652081932466403,0.0,0.0,0.0,,,,,,0.0,,,,,317.7893460087944,3755.92138671875,,,,,,,,,,
217,3,61.0,0.0,32.0,32.0,0.3248329162597656,0.0,74.0,0.0,0.0,0.0,0.0,0.0,0.0,0.0,0.0,0.0,0.6,0.0018937347867548,1.0,0.6720438188846056,0.0,0.0,0.0,,,,,,0.0,,,,,320.2805249893572,3755.92138671875,,,,,,,,,,
218,3,62.0,0.0,32.0,32.0,0.3130645751953125,0.0,74.0,0.0,0.0,0.0,0.0,0.0,0.0,0.0,0.0,0.0,0.6,0.0018937347867548,1.0,0.6702699634837118,0.0,0.0,0.0,,,,,,0.0,,,,,314.3613479915075,3755.92138671875,,,,,,,,,,
219,3,63.0,0.0,32.0,32.0,0.2125473022460937,0.0,74.0,0.0,0.0,0.0,0.0,0.0,0.0,0.0,0.0,0.0,0.6,0.0018937347867548,1.0,0.6715201997143254,0.0,0.0,0.0,,,,,,0.0,,,,,320.4755420156289,3755.92138671875,,,,,,,,,,
220,3,64.0,0.0,32.0,32.0,0.406646728515625,0.0,74.0,0.0,0.0,0.0,0.0,0.0,0.0,0.0,0.0,0.0,0.6,0.0018937347867548,1.0,0.6614781342252134,0.0,0.0,0.0,,,,,,0.0,,,,,317.89683501119725,3755.92138671875,,,,,,,,,,
221,3,65.0,0.0,32.0,32.0,0.3750152587890625,0.0,74.0,0.0,0.0,0.0,0.0,0.0,0.0,0.0,0.0,0.0,0.6,0.0018937347867548,1.0,0.6702793623820044,0.0,0.0,0.0,,,,,,0.0,,,,,317.24137099809013,3755.92138671875,,,,,,,,,,
222,3,66.0,0.0,32.0,32.0,0.2927093505859375,0.0,74.0,0.0,0.0,0.0,0.0,0.0,0.0,0.0,0.0,0.0,0.6,0.0018937347867548,1.0,0.6691131959961265,0.0,0.0,0.0,,,,,,0.0,,,,,312.06714201834984,3755.92138671875,,,,,,,,,,
223,3,67.0,0.0,32.0,32.0,0.2483406066894531,0.0,74.0,0.0,0.0,0.0,0.0,0.0,0.0,0.0,0.0,0.0,0.6,0.0018937347867548,1.0,0.6611958047998922,0.0,0.0,0.0,,,,,,0.0,,,,,315.7932059839368,3755.92138671875,,,,,,,,,,
224,3,68.0,0.0,32.0,32.0,0.6820068359375,0.0,74.0,0.0,0.0,0.0,0.0,0.0,0.0,0.0,0.0,0.0,0.6,0.0018937347867548,1.0,0.668294700706126,0.0,0.0,0.0,,,,,,0.0,,,,,318.8038560037967,3755.92138671875,,,,,,,,,,
225,3,69.0,0.0,32.0,32.0,0.5285263061523438,0.0,74.0,0.0,0.0,0.0,0.0,0.0,0.0,0.0,0.0,0.0,0.6,0.0018937347867548,1.0,0.669127702343395,0.0,0.0,0.0,,,,,,0.0,,,,,314.9221130006481,3755.92138671875,,,,,,,,,,
226,3,70.0,0.0,32.0,32.0,0.5804595947265625,0.0,74.0,0.0,0.0,0.0,0.0,0.0,0.0,0.0,0.0,0.0,0.6,0.0018937347867548,1.0,0.6693085759463063,0.0,0.0,0.0,,,,,,0.0,,,,,317.7368089964148,3755.92138671875,,,,,,,,,,
227,3,71.0,0.0,32.0,32.0,0.416595458984375,0.0,74.0,0.0,0.0,0.0,0.0,0.0,0.0,0.0,0.0,0.0,0.6,0.0018937347867548,1.0,0.6634862864723944,0.0,0.0,0.0,,,,,,0.0,,,,,316.6020319913514,3755.92138671875,,,,,,,,,,
228,3,72.0,0.0,32.0,32.0,0.5408554077148438,0.0,74.0,0.0,0.0,0.0,0.0,0.0,0.0,0.0,0.0,0.0,0.6,0.0018937347867548,1.0,0.6646262346464914,0.0,0.0,0.0,,,,,,0.0,,,,,318.0298949882854,3755.92138671875,,,,,,,,,,
229,3,73.0,0.0,32.0,32.0,0.3456802368164062,0.0,74.0,0.0,0.0,0.0,0.0,0.0,0.0,0.0,0.0,0.0,0.6,0.0018937347867548,1.0,0.6647940568359324,0.0,0.0,0.0,,,,,,0.0,,,,,315.8271580177825,3755.92138671875,,,,,,,,,,
230,3,74.0,0.0,32.0,32.0,0.386566162109375,0.0,74.0,0.0,0.0,0.0,0.0,0.0,0.0,0.0,0.0,0.0,0.6,0.0018937347867548,1.0,0.6702005945728124,0.0,0.0,0.0,,,,,,0.0,,,,,313.4867850167211,3755.92138671875,,,,,,,,,,
231,3,75.0,0.0,32.0,32.0,0.2297248840332031,0.0,74.0,0.0,0.0,0.0,0.0,0.0,0.0,0.0,0.0,0.0,0.6,0.0018937347867548,1.0,0.6622109764041145,0.0,0.0,0.0,,,,,,0.0,,,,,319.825395999942,3755.92138671875,,,,,,,,,,
232,3,76.0,0.0,32.0,32.0,0.3414039611816406,0.0,74.0,0.0,0.0,0.0,0.0,0.0,0.0,0.0,0.0,0.0,0.6,0.0018937347867548,1.0,0.6667464246015414,0.0,0.0,0.0,,,,,,0.0,,,,,312.2839209972881,3755.92138671875,,,,,,,,,,
233,3,77.0,0.0,32.0,32.0,0.4088668823242187,0.0,74.0,0.0,0.0,0.0,0.0,0.0,0.0,0.0,0.0,0.0,0.6,0.0018937347867548,1.0,0.6676382601602935,0.0,0.0,0.0,,,,,,0.0,,,,,319.519829005003,3755.92138671875,,,,,,,,,,
234,3,78.0,0.0,26.0,26.0,0.1400240384615384,0.0,74.0,0.0,0.0,0.0,0.0,0.0,0.0,0.0,0.0,0.0,0.6,0.0018937347867548,1.0,0.6668356720641323,0.0,0.0,0.0,,,,,,0.0,,,,,288.6741409893148,3592.01318359375,,,,,,,,,,
234,3,,1.0,32.0,32.0,,,,,,,,,,,,,,,1.0,0.6668356720641323,0.0,0.0,0.0,,,,,,0.0,,,,,288.6741409893148,3592.01318359375,0.7292418772563177,0.5963207218382094,0.7292418772563177,0.5907968382040659,0.9273092369477912,0.2036183273945099,0.1980673596914735,0.9281124497991968,0.2047575606176486,0.1988705725428791
235,4,1.0,0.0,32.0,32.0,0.26617431640625,0.0,74.0,0.0,0.0,0.0,0.0,0.0,0.0,0.0,0.0,0.0,0.6,0.0018937347867548,1.0,0.6623418662423309,0.0,0.0,0.0,,,,,,0.0,,,,,309.8340080177877,3755.92138671875,,,,,,,,,,
236,4,2.0,0.0,32.0,32.0,0.2061138153076172,0.0,74.0,0.0,0.0,0.0,0.0,0.0,0.0,0.0,0.0,0.0,0.6,0.0018937347867548,1.0,0.6719998511177253,0.0,0.0,0.0,,,,,,0.0,,,,,316.613058996154,3755.92138671875,,,,,,,,,,
237,4,3.0,0.0,32.0,32.0,0.2367401123046875,0.0,74.0,0.0,0.0,0.0,0.0,0.0,0.0,0.0,0.0,0.0,0.6,0.0018937347867548,1.0,0.6639480752452133,0.0,0.0,0.0,,,,,,0.0,,,,,315.8274469897151,3755.92138671875,,,,,,,,,,
238,4,4.0,0.0,32.0,32.0,0.3449783325195312,0.0,74.0,0.0,0.0,0.0,0.0,0.0,0.0,0.0,0.0,0.0,0.6,0.0018937347867548,1.0,0.6654238919073092,0.0,0.0,0.0,,,,,,0.0,,,,,316.75668599200435,3755.92138671875,,,,,,,,,,
239,4,5.0,0.0,32.0,32.0,0.122528076171875,0.0,74.0,0.0,0.0,0.0,0.0,0.0,0.0,0.0,0.0,0.0,0.6,0.0018937347867548,1.0,0.6676141471413418,0.0,0.0,0.0,,,,,,0.0,,,,,317.66315500135534,3755.92138671875,,,,,,,,,,
240,4,6.0,0.0,32.0,32.0,0.1716957092285156,0.0,74.0,0.0,0.0,0.0,0.0,0.0,0.0,0.0,0.0,0.0,0.6,0.0018937347867548,1.0,0.6661685971535678,0.0,0.0,0.0,,,,,,0.0,,,,,315.32904898631386,3755.92138671875,,,,,,,,,,
241,4,7.0,0.0,32.0,32.0,0.1653251647949218,0.0,74.0,0.0,0.0,0.0,0.0,0.0,0.0,0.0,0.0,0.0,0.6,0.0018937347867548,1.0,0.6686246620553379,0.0,0.0,0.0,,,,,,0.0,,,,,319.6372670063284,3755.92138671875,,,,,,,,,,
242,4,8.0,0.0,32.0,32.0,0.1749839782714843,0.0,74.0,0.0,0.0,0.0,0.0,0.0,0.0,0.0,0.0,0.0,0.6,0.0018937347867548,1.0,0.6665801488274287,0.0,0.0,0.0,,,,,,0.0,,,,,312.75582397938706,3755.92138671875,,,,,,,,,,
243,4,9.0,0.0,32.0,32.0,0.0840797424316406,0.0,74.0,0.0,0.0,0.0,0.0,0.0,0.0,0.0,0.0,0.0,0.6,0.0018937347867548,1.0,0.6674208695729191,0.0,0.0,0.0,,,,,,0.0,,,,,320.0901960080955,3755.92138671875,,,,,,,,,,
244,4,10.0,0.0,32.0,32.0,0.1655235290527343,0.0,74.0,0.0,0.0,0.0,0.0,0.0,0.0,0.0,0.0,0.0,0.6,0.0018937347867548,1.0,0.6692182127042431,0.0,0.0,0.0,,,,,,0.0,,,,,313.2982850074768,3755.92138671875,,,,,,,,,,
245,4,11.0,0.0,32.0,32.0,0.1900463104248047,0.0,74.0,0.0,0.0,0.0,0.0,0.0,0.0,0.0,0.0,0.0,0.6,0.0018937347867548,1.0,0.6701723972822767,0.0,0.0,0.0,,,,,,0.0,,,,,318.9389650069643,3755.92138671875,,,,,,,,,,
246,4,12.0,0.0,32.0,32.0,0.1579265594482422,0.0,74.0,0.0,0.0,0.0,0.0,0.0,0.0,0.0,0.0,0.0,0.6,0.0018937347867548,1.0,0.6684603808941861,0.0,0.0,0.0,,,,,,0.0,,,,,316.20085099712014,3755.92138671875,,,,,,,,,,
247,4,13.0,0.0,32.0,32.0,0.0860748291015625,0.0,74.0,0.0,0.0,0.0,0.0,0.0,0.0,0.0,0.0,0.0,0.6,0.0018937347867548,1.0,0.6683755705994093,0.0,0.0,0.0,,,,,,0.0,,,,,316.2325180019252,3755.92138671875,,,,,,,,,,
248,4,14.0,0.0,32.0,32.0,0.4454898834228515,0.0,74.0,0.0,0.0,0.0,0.0,0.0,0.0,0.0,0.0,0.0,0.6,0.0018937347867548,1.0,0.6725785848916754,0.0,0.0,0.0,,,,,,0.0,,,,,314.72912698518485,3755.92138671875,,,,,,,,,,
249,4,15.0,0.0,32.0,32.0,0.3181934356689453,0.0,74.0,0.0,0.0,0.0,0.0,0.0,0.0,0.0,0.0,0.0,0.6,0.0018937347867548,1.0,0.6688995671565222,0.0,0.0,0.0,,,,,,0.0,,,,,314.7450319956988,3755.92138671875,,,,,,,,,,
250,4,16.0,0.0,32.0,32.0,0.242523193359375,0.0,74.0,0.0,0.0,0.0,0.0,0.0,0.0,0.0,0.0,0.0,0.6,0.0018937347867548,1.0,0.6639621050793183,0.0,0.0,0.0,,,,,,0.0,,,,,316.26079900888726,3755.92138671875,,,,,,,,,,
251,4,17.0,0.0,32.0,32.0,0.1143360137939453,0.0,74.0,0.0,0.0,0.0,0.0,0.0,0.0,0.0,0.0,0.0,0.6,0.0018937347867548,1.0,0.6643277934444369,0.0,0.0,0.0,,,,,,0.0,,,,,313.63381998380646,3755.92138671875,,,,,,,,,,
252,4,18.0,0.0,32.0,32.0,0.3390789031982422,0.0,74.0,0.0,0.0,0.0,0.0,0.0,0.0,0.0,0.0,0.0,0.6,0.0018937347867548,1.0,0.6662100257037246,0.0,0.0,0.0,,,,,,0.0,,,,,313.2341330056079,3755.92138671875,,,,,,,,,,
253,4,19.0,0.0,32.0,32.0,0.179544448852539,0.0,74.0,0.0,0.0,0.0,0.0,0.0,0.0,0.0,0.0,0.0,0.6,0.0018937347867548,1.0,0.6699723249853321,0.0,0.0,0.0,,,,,,0.0,,,,,313.8496519823093,3755.92138671875,,,,,,,,,,
254,4,20.0,0.0,32.0,32.0,0.234628677368164,0.0,74.0,0.0,0.0,0.0,0.0,0.0,0.0,0.0,0.0,0.0,0.6,0.0018937347867548,1.0,0.6726339101729815,0.0,0.0,0.0,,,,,,0.0,,,,,315.7493850158062,3755.92138671875,,,,,,,,,,
255,4,21.0,0.0,32.0,32.0,0.1598033905029297,0.0,74.0,0.0,0.0,0.0,0.0,0.0,0.0,0.0,0.0,0.0,0.6,0.0018937347867548,1.0,0.6708300402788653,0.0,0.0,0.0,,,,,,0.0,,,,,316.3064539839979,3755.92138671875,,,,,,,,,,
256,4,22.0,0.0,32.0,32.0,0.1682643890380859,0.0,74.0,0.0,0.0,0.0,0.0,0.0,0.0,0.0,0.0,0.0,0.6,0.0018937347867548,1.0,0.6687170099222086,0.0,0.0,0.0,,,,,,0.0,,,,,312.7309410192538,3755.92138671875,,,,,,,,,,
257,4,23.0,0.0,32.0,32.0,0.4391384124755859,0.0,74.0,0.0,0.0,0.0,0.0,0.0,0.0,0.0,0.0,0.0,0.6,0.0018937347867548,1.0,0.6631868307559534,0.0,0.0,0.0,,,,,,0.0,,,,,316.06002600165084,3755.92138671875,,,,,,,,,,
258,4,24.0,0.0,32.0,32.0,0.2508773803710937,0.0,74.0,0.0,0.0,0.0,0.0,0.0,0.0,0.0,0.0,0.0,0.6,0.0018937347867548,1.0,0.6734267009954085,0.0,0.0,0.0,,,,,,0.0,,,,,313.47371797892265,3755.92138671875,,,,,,,,,,
259,4,25.0,0.0,32.0,32.0,0.2569732666015625,0.0,74.0,0.0,0.0,0.0,0.0,0.0,0.0,0.0,0.0,0.0,0.6,0.0018937347867548,1.0,0.6693617925054938,0.0,0.0,0.0,,,,,,0.0,,,,,317.950020020362,3755.92138671875,,,,,,,,,,
260,4,26.0,0.0,32.0,32.0,0.3584480285644531,0.0,74.0,0.0,0.0,0.0,0.0,0.0,0.0,0.0,0.0,0.0,0.6,0.0018937347867548,1.0,0.6652422203861051,0.0,0.0,0.0,,,,,,0.0,,,,,310.6177230074536,3755.92138671875,,,,,,,,,,
261,4,27.0,0.0,32.0,32.0,0.0530052185058593,0.0,74.0,0.0,0.0,0.0,0.0,0.0,0.0,0.0,0.0,0.0,0.6,0.0018937347867548,1.0,0.6655121720327738,0.0,0.0,0.0,,,,,,0.0,,,,,316.8803730222862,3755.92138671875,,,,,,,,,,
262,4,28.0,0.0,32.0,32.0,0.2514266967773437,0.0,74.0,0.0,0.0,0.0,0.0,0.0,0.0,0.0,0.0,0.0,0.6,0.0018937347867548,1.0,0.6726084122867095,0.0,0.0,0.0,,,,,,0.0,,,,,311.4644580055028,3755.92138671875,,,,,,,,,,
263,4,29.0,0.0,32.0,32.0,0.193002700805664,0.0,74.0,0.0,0.0,0.0,0.0,0.0,0.0,0.0,0.0,0.0,0.6,0.0018937347867548,1.0,0.6688390644097596,0.0,0.0,0.0,,,,,,0.0,,,,,317.1205369872041,3755.92138671875,,,,,,,,,,
264,4,30.0,0.0,32.0,32.0,0.0853691101074218,0.0,74.0,0.0,0.0,0.0,0.0,0.0,0.0,0.0,0.0,0.0,0.6,0.0018937347867548,1.0,0.6698924051056067,0.0,0.0,0.0,,,,,,0.0,,,,,315.1418569905218,3755.92138671875,,,,,,,,,,
265,4,31.0,0.0,32.0,32.0,0.2794303894042969,0.0,74.0,0.0,0.0,0.0,0.0,0.0,0.0,0.0,0.0,0.0,0.6,0.0018937347867548,1.0,0.6651423897956825,0.0,0.0,0.0,,,,,,0.0,,,,,313.43336001737043,3755.92138671875,,,,,,,,,,
266,4,32.0,0.0,32.0,32.0,0.0866680145263671,0.0,74.0,0.0,0.0,0.0,0.0,0.0,0.0,0.0,0.0,0.0,0.6,0.0018937347867548,1.0,0.6702052231526033,0.0,0.0,0.0,,,,,,0.0,,,,,317.74401300936006,3774.38818359375,,,,,,,,,,
267,4,33.0,0.0,32.0,32.0,0.1219120025634765,0.0,74.0,0.0,0.0,0.0,0.0,0.0,0.0,0.0,0.0,0.0,0.6,0.0018937347867548,1.0,0.6690163362479006,0.0,0.0,0.0,,,,,,0.0,,,,,313.60797700472176,3755.92138671875,,,,,,,,,,
268,4,34.0,0.0,32.0,32.0,0.0728931427001953,0.0,74.0,0.0,0.0,0.0,0.0,0.0,0.0,0.0,0.0,0.0,0.6,0.0018937347867548,1.0,0.67012602759001,0.0,0.0,0.0,,,,,,0.0,,,,,312.07284302217886,3755.92138671875,,,,,,,,,,
269,4,35.0,0.0,32.0,32.0,0.4870834350585937,0.0,74.0,0.0,0.0,0.0,0.0,0.0,0.0,0.0,0.0,0.0,0.6,0.0018937347867548,1.0,0.661691387430325,0.0,0.0,0.0,,,,,,0.0,,,,,313.2733220118098,3755.92138671875,,,,,,,,,,
270,4,36.0,0.0,32.0,32.0,0.162109375,0.0,74.0,0.0,0.0,0.0,0.0,0.0,0.0,0.0,0.0,0.0,0.6,0.0018937347867548,1.0,0.6622124443406091,0.0,0.0,0.0,,,,,,0.0,,,,,318.05282199638896,3755.92138671875,,,,,,,,,,
271,4,37.0,0.0,32.0,32.0,0.1475601196289062,0.0,74.0,0.0,0.0,0.0,0.0,0.0,0.0,0.0,0.0,0.0,0.6,0.0018937347867548,1.0,0.6669718685818191,0.0,0.0,0.0,,,,,,0.0,,,,,314.8776089947205,3755.92138671875,,,,,,,,,,
272,4,38.0,0.0,32.0,32.0,0.2728347778320312,0.0,74.0,0.0,0.0,0.0,0.0,0.0,0.0,0.0,0.0,0.0,0.6,0.0018937347867548,1.0,0.6721804155158212,0.0,0.0,0.0,,,,,,0.0,,,,,310.3545030171517,3755.92138671875,,,,,,,,,,
273,4,39.0,0.0,32.0,32.0,0.2382698059082031,0.0,74.0,0.0,0.0,0.0,0.0,0.0,0.0,0.0,0.0,0.0,0.6,0.0018937347867548,1.0,0.667430026349733,0.0,0.0,0.0,,,,,,0.0,,,,,315.62036598916166,3755.92138671875,,,,,,,,,,
274,4,40.0,0.0,32.0,32.0,0.093109130859375,0.0,74.0,0.0,0.0,0.0,0.0,0.0,0.0,0.0,0.0,0.0,0.6,0.0018937347867548,1.0,0.6602750525620474,0.0,0.0,0.0,,,,,,0.0,,,,,312.33928800793365,3755.92138671875,,,,,,,,,,
275,4,41.0,0.0,32.0,32.0,0.1394920349121093,0.0,74.0,0.0,0.0,0.0,0.0,0.0,0.0,0.0,0.0,0.0,0.6,0.0018937347867548,1.0,0.6722280938130822,0.0,0.0,0.0,,,,,,0.0,,,,,316.92420699982904,3755.92138671875,,,,,,,,,,
276,4,42.0,0.0,32.0,32.0,0.1342525482177734,0.0,74.0,0.0,0.0,0.0,0.0,0.0,0.0,0.0,0.0,0.0,0.6,0.0018937347867548,1.0,0.6688476784001501,0.0,0.0,0.0,,,,,,0.0,,,,,312.6648290199228,3755.92138671875,,,,,,,,,,
277,4,43.0,0.0,32.0,32.0,0.2763309478759765,0.0,74.0,0.0,0.0,0.0,0.0,0.0,0.0,0.0,0.0,0.0,0.6,0.0018937347867548,1.0,0.6723407241631855,0.0,0.0,0.0,,,,,,0.0,,,,,315.96781700500287,3755.92138671875,,,,,,,,,,
278,4,44.0,0.0,32.0,32.0,0.222574234008789,0.0,74.0,0.0,0.0,0.0,0.0,0.0,0.0,0.0,0.0,0.0,0.6,0.0018937347867548,1.0,0.6660127759983479,0.0,0.0,0.0,,,,,,0.0,,,,,310.7557559851557,3755.92138671875,,,,,,,,,,
279,4,45.0,0.0,32.0,32.0,0.3154945373535156,0.0,74.0,0.0,0.0,0.0,0.0,0.0,0.0,0.0,0.0,0.0,0.6,0.0018937347867548,1.0,0.6644430895483431,0.0,0.0,0.0,,,,,,0.0,,,,,317.3894879873842,3755.92138671875,,,,,,,,,,
280,4,46.0,0.0,32.0,32.0,0.1571006774902343,0.0,74.0,0.0,0.0,0.0,0.0,0.0,0.0,0.0,0.0,0.0,0.6,0.0018937347867548,1.0,0.6660373789057106,0.0,0.0,0.0,,,,,,0.0,,,,,311.2212829873897,3755.92138671875,,,,,,,,,,
281,4,47.0,0.0,32.0,32.0,0.2535858154296875,0.0,74.0,0.0,0.0,0.0,0.0,0.0,0.0,0.0,0.0,0.0,0.6,0.0018937347867548,1.0,0.6681969731770595,0.0,0.0,0.0,,,,,,0.0,,,,,316.45478299469687,3755.92138671875,,,,,,,,,,
282,4,48.0,0.0,32.0,32.0,0.3379974365234375,0.0,74.0,0.0,0.0,0.0,0.0,0.0,0.0,0.0,0.0,0.0,0.6,0.0018937347867548,1.0,0.6652572552057145,0.0,0.0,0.0,,,,,,0.0,,,,,312.788826005999,3755.92138671875,,,,,,,,,,
283,4,49.0,0.0,32.0,32.0,0.045114517211914,0.0,74.0,0.0,0.0,0.0,0.0,0.0,0.0,0.0,0.0,0.0,0.6,0.0018937347867548,1.0,0.6682775308832242,0.0,0.0,0.0,,,,,,0.0,,,,,314.0797129890416,3755.92138671875,,,,,,,,,,
284,4,50.0,0.0,32.0,32.0,0.4190931320190429,0.0,74.0,0.0,0.0,0.0,0.0,0.0,0.0,0.0,0.0,0.0,0.6,0.0018937347867548,1.0,0.6634382062249131,0.0,0.0,0.0,,,,,,0.0,,,,,309.47530298726633,3755.92138671875,,,,,,,,,,
285,4,51.0,0.0,32.0,32.0,0.2330904006958007,0.0,74.0,0.0,0.0,0.0,0.0,0.0,0.0,0.0,0.0,0.0,0.6,0.0018937347867548,1.0,0.6700852557771879,0.0,0.0,0.0,,,,,,0.0,,,,,312.689625978237,3755.92138671875,,,,,,,,,,
286,4,52.0,0.0,32.0,32.0,0.1636085510253906,0.0,74.0,0.0,0.0,0.0,0.0,0.0,0.0,0.0,0.0,0.0,0.6,0.0018937347867548,1.0,0.6659921508988296,0.0,0.0,0.0,,,,,,0.0,,,,,319.12805399042554,3755.92138671875,,,,,,,,,,
287,4,53.0,0.0,32.0,32.0,0.5933465957641602,0.0,74.0,0.0,0.0,0.0,0.0,0.0,0.0,0.0,0.0,0.0,0.6,0.0018937347867548,1.0,0.6619364744436306,0.0,0.0,0.0,,,,,,0.0,,,,,389.8302640009206,3755.92138671875,,,,,,,,,,
288,4,54.0,0.0,32.0,32.0,0.1684837341308593,0.0,74.0,0.0,0.0,0.0,0.0,0.0,0.0,0.0,0.0,0.0,0.6,0.0018937347867548,1.0,0.6643337140168769,0.0,0.0,0.0,,,,,,0.0,,,,,307.47616800363176,3755.92138671875,,,,,,,,,,
289,4,55.0,0.0,32.0,32.0,0.0617275238037109,0.0,74.0,0.0,0.0,0.0,0.0,0.0,0.0,0.0,0.0,0.0,0.6,0.0018937347867548,1.0,0.6619473492819161,0.0,0.0,0.0,,,,,,0.0,,,,,316.9839690090157,3755.92138671875,,,,,,,,,,
290,4,56.0,0.0,32.0,32.0,0.1684761047363281,0.0,74.0,0.0,0.0,0.0,0.0,0.0,0.0,0.0,0.0,0.0,0.6,0.0018937347867548,1.0,0.6677772378645923,0.0,0.0,0.0,,,,,,0.0,,,,,321.9640440074727,3755.92138671875,,,,,,,,,,
291,4,57.0,0.0,32.0,32.0,0.183502197265625,0.0,74.0,0.0,0.0,0.0,0.0,0.0,0.0,0.0,0.0,0.0,0.6,0.0018937347867548,1.0,0.6606361011850634,0.0,0.0,0.0,,,,,,0.0,,,,,314.9617360031698,3755.92138671875,,,,,,,,,,
292,4,58.0,0.0,32.0,32.0,0.200265884399414,0.0,74.0,0.0,0.0,0.0,0.0,0.0,0.0,0.0,0.0,0.0,0.6,0.0018937347867548,1.0,0.6710216545484184,0.0,0.0,0.0,,,,,,0.0,,,,,309.7068569913972,3755.92138671875,,,,,,,,,,
293,4,59.0,0.0,32.0,32.0,0.259744644165039,0.0,74.0,0.0,0.0,0.0,0.0,0.0,0.0,0.0,0.0,0.0,0.6,0.0018937347867548,1.0,0.6594349418843402,0.0,0.0,0.0,,,,,,0.0,,,,,323.0084410170093,3755.92138671875,,,,,,,,,,
294,4,60.0,0.0,32.0,32.0,0.43316650390625,0.0,74.0,0.0,0.0,0.0,0.0,0.0,0.0,0.0,0.0,0.0,0.6,0.0018937347867548,1.0,0.6704064882985695,0.0,0.0,0.0,,,,,,0.0,,,,,308.6653100035619,3755.92138671875,,,,,,,,,,
295,4,61.0,0.0,32.0,32.0,0.7153835296630859,0.0,74.0,0.0,0.0,0.0,0.0,0.0,0.0,0.0,0.0,0.0,0.6,0.0018937347867548,1.0,0.6639758476962967,0.0,0.0,0.0,,,,,,0.0,,,,,319.4971479824744,3755.92138671875,,,,,,,,,,
296,4,62.0,0.0,32.0,32.0,0.2363777160644531,0.0,74.0,0.0,0.0,0.0,0.0,0.0,0.0,0.0,0.0,0.0,0.6,0.0018937347867548,1.0,0.6630111609346543,0.0,0.0,0.0,,,,,,0.0,,,,,315.6875020067673,3755.92138671875,,,,,,,,,,
297,4,63.0,0.0,32.0,32.0,0.27117919921875,0.0,74.0,0.0,0.0,0.0,0.0,0.0,0.0,0.0,0.0,0.0,0.6,0.0018937347867548,1.0,0.666811827099311,0.0,0.0,0.0,,,,,,0.0,,,,,312.7631069801282,3755.92138671875,,,,,,,,,,
298,4,64.0,0.0,32.0,32.0,0.4280776977539062,0.0,74.0,0.0,0.0,0.0,0.0,0.0,0.0,0.0,0.0,0.0,0.6,0.0018937347867548,1.0,0.6705856358122363,0.0,0.0,0.0,,,,,,0.0,,,,,311.8133739917539,3755.92138671875,,,,,,,,,,
299,4,65.0,0.0,32.0,32.0,0.1398811340332031,0.0,74.0,0.0,0.0,0.0,0.0,0.0,0.0,0.0,0.0,0.0,0.6,0.0018937347867548,1.0,0.6707092654723572,0.0,0.0,0.0,,,,,,0.0,,,,,314.8597270192113,3755.92138671875,,,,,,,,,,
300,4,66.0,0.0,32.0,32.0,0.1939125061035156,0.0,74.0,0.0,0.0,0.0,0.0,0.0,0.0,0.0,0.0,0.0,0.6,0.0018937347867548,1.0,0.6637209501669918,0.0,0.0,0.0,,,,,,0.0,,,,,311.3416960113682,3755.92138671875,,,,,,,,,,
301,4,67.0,0.0,32.0,32.0,0.2626399993896484,0.0,74.0,0.0,0.0,0.0,0.0,0.0,0.0,0.0,0.0,0.0,0.6,0.0018937347867548,1.0,0.6630697162696829,0.0,0.0,0.0,,,,,,0.0,,,,,312.1538890118245,3755.92138671875,,,,,,,,,,
302,4,68.0,0.0,32.0,32.0,0.2987785339355469,0.0,74.0,0.0,0.0,0.0,0.0,0.0,0.0,0.0,0.0,0.0,0.6,0.0018937347867548,1.0,0.6706693551151923,0.0,0.0,0.0,,,,,,0.0,,,,,316.76331599010155,3755.92138671875,,,,,,,,,,
303,4,69.0,0.0,32.0,32.0,0.57293701171875,0.0,74.0,0.0,0.0,0.0,0.0,0.0,0.0,0.0,0.0,0.0,0.6,0.0018937347867548,1.0,0.6600746738510339,0.0,0.0,0.0,,,,,,0.0,,,,,315.9315480152145,3755.92138671875,,,,,,,,,,
304,4,70.0,0.0,32.0,32.0,0.1102705001831054,0.0,74.0,0.0,0.0,0.0,0.0,0.0,0.0,0.0,0.0,0.0,0.6,0.0018937347867548,1.0,0.6639839075102673,0.0,0.0,0.0,,,,,,0.0,,,,,309.3412530142814,3755.92138671875,,,,,,,,,,
305,4,71.0,0.0,32.0,32.0,0.2556514739990234,0.0,74.0,0.0,0.0,0.0,0.0,0.0,0.0,0.0,0.0,0.0,0.6,0.0018937347867548,1.0,0.663475778700728,0.0,0.0,0.0,,,,,,0.0,,,,,314.565374981612,3755.92138671875,,,,,,,,,,
306,4,72.0,0.0,32.0,32.0,0.1544628143310547,0.0,74.0,0.0,0.0,0.0,0.0,0.0,0.0,0.0,0.0,0.0,0.6,0.0018937347867548,1.0,0.6681702172285345,0.0,0.0,0.0,,,,,,0.0,,,,,310.5037499917671,3755.92138671875,,,,,,,,,,
307,4,73.0,0.0,32.0,32.0,0.2803955078125,0.0,74.0,0.0,0.0,0.0,0.0,0.0,0.0,0.0,0.0,0.0,0.6,0.0018937347867548,1.0,0.669105840166008,0.0,0.0,0.0,,,,,,0.0,,,,,315.3839760052506,3755.92138671875,,,,,,,,,,
308,4,74.0,0.0,32.0,32.0,0.1573047637939453,0.0,74.0,0.0,0.0,0.0,0.0,0.0,0.0,0.0,0.0,0.0,0.6,0.0018937347867548,1.0,0.6680315236263663,0.0,0.0,0.0,,,,,,0.0,,,,,310.4982050135732,3755.92138671875,,,,,,,,,,
309,4,75.0,0.0,32.0,32.0,0.1198635101318359,0.0,74.0,0.0,0.0,0.0,0.0,0.0,0.0,0.0,0.0,0.0,0.6,0.0018937347867548,1.0,0.6701948476845709,0.0,0.0,0.0,,,,,,0.0,,,,,318.220007000491,3755.92138671875,,,,,,,,,,
310,4,76.0,0.0,32.0,32.0,0.1073760986328125,0.0,74.0,0.0,0.0,0.0,0.0,0.0,0.0,0.0,0.0,0.0,0.6,0.0018937347867548,1.0,0.6658617666859176,0.0,0.0,0.0,,,,,,0.0,,,,,308.055911998963,3755.92138671875,,,,,,,,,,
311,4,77.0,0.0,32.0,32.0,0.3541641235351562,0.0,74.0,0.0,0.0,0.0,0.0,0.0,0.0,0.0,0.0,0.0,0.6,0.0018937347867548,1.0,0.6673678976618349,0.0,0.0,0.0,,,,,,0.0,,,,,317.9808819841128,3755.92138671875,,,,,,,,,,
312,4,78.0,0.0,26.0,26.0,0.2029677170973557,0.0,74.0,0.0,0.0,0.0,0.0,0.0,0.0,0.0,0.0,0.0,0.6,0.0018937347867548,1.0,0.6666823870379344,0.0,0.0,0.0,,,,,,0.0,,,,,278.45641400199383,3592.01318359375,,,,,,,,,,
312,4,,1.0,32.0,32.0,,,,,,,,,,,,,,,1.0,0.6666823870379344,0.0,0.0,0.0,,,,,,0.0,,,,,278.45641400199383,3592.01318359375,0.740072202166065,0.6642909314897325,0.7436823104693141,0.6536648339695401,0.9751004016064256,0.0924810244200321,0.2350281994403608,0.9746987951807228,0.0931289114105777,0.2310164847114088
313,5,1.0,0.0,32.0,32.0,0.1429595947265625,0.0,74.0,0.0,0.0,0.0,0.0,0.0,0.0,0.0,0.0,0.0,0.6,0.0018937347867548,1.0,0.6619692828804795,0.0,0.0,0.0,,,,,,0.0,,,,,306.11575397779234,3755.92138671875,,,,,,,,,,
314,5,2.0,0.0,32.0,32.0,0.1461868286132812,0.0,74.0,0.0,0.0,0.0,0.0,0.0,0.0,0.0,0.0,0.0,0.6,0.0018937347867548,1.0,0.6662116006084527,0.0,0.0,0.0,,,,,,0.0,,,,,312.03209998784587,3755.92138671875,,,,,,,,,,
315,5,3.0,0.0,32.0,32.0,0.0769805908203125,0.0,74.0,0.0,0.0,0.0,0.0,0.0,0.0,0.0,0.0,0.0,0.6,0.0018937347867548,1.0,0.6655358852926617,0.0,0.0,0.0,,,,,,0.0,,,,,312.36994900973514,3755.92138671875,,,,,,,,,,
316,5,4.0,0.0,32.0,32.0,0.310800552368164,0.0,74.0,0.0,0.0,0.0,0.0,0.0,0.0,0.0,0.0,0.0,0.6,0.0018937347867548,1.0,0.6638092462490096,0.0,0.0,0.0,,,,,,0.0,,,,,318.16878699464723,3755.92138671875,,,,,,,,,,
317,5,5.0,0.0,32.0,32.0,0.0576496124267578,0.0,74.0,0.0,0.0,0.0,0.0,0.0,0.0,0.0,0.0,0.0,0.6,0.0018937347867548,1.0,0.6690760613545619,0.0,0.0,0.0,,,,,,0.0,,,,,310.53940299898386,3755.92138671875,,,,,,,,,,
318,5,6.0,0.0,32.0,32.0,0.3134918212890625,0.0,74.0,0.0,0.0,0.0,0.0,0.0,0.0,0.0,0.0,0.0,0.6,0.0018937347867548,1.0,0.662818086674078,0.0,0.0,0.0,,,,,,0.0,,,,,315.6924470094964,3755.92138671875,,,,,,,,,,
319,5,7.0,0.0,32.0,32.0,0.0799846649169921,0.0,74.0,0.0,0.0,0.0,0.0,0.0,0.0,0.0,0.0,0.0,0.6,0.0018937347867548,1.0,0.6653453157748905,0.0,0.0,0.0,,,,,,0.0,,,,,314.51782200019807,3755.92138671875,,,,,,,,,,
320,5,8.0,0.0,32.0,32.0,0.3072128295898437,0.0,74.0,0.0,0.0,0.0,0.0,0.0,0.0,0.0,0.0,0.0,0.6,0.0018937347867548,1.0,0.6654608257266625,0.0,0.0,0.0,,,,,,0.0,,,,,309.21752101858146,3755.92138671875,,,,,,,,,,
321,5,9.0,0.0,32.0,32.0,0.2216396331787109,0.0,74.0,0.0,0.0,0.0,0.0,0.0,0.0,0.0,0.0,0.0,0.6,0.0018937347867548,1.0,0.6743571090606165,0.0,0.0,0.0,,,,,,0.0,,,,,313.1306770083029,3755.92138671875,,,,,,,,,,
322,5,10.0,0.0,32.0,32.0,0.1200389862060546,0.0,74.0,0.0,0.0,0.0,0.0,0.0,0.0,0.0,0.0,0.0,0.6,0.0018937347867548,1.0,0.6707800413206239,0.0,0.0,0.0,,,,,,0.0,,,,,309.1334810014814,3755.92138671875,,,,,,,,,,
323,5,11.0,0.0,32.0,32.0,0.1696815490722656,0.0,74.0,0.0,0.0,0.0,0.0,0.0,0.0,0.0,0.0,0.0,0.6,0.0018937347867548,1.0,0.6581798561279831,0.0,0.0,0.0,,,,,,0.0,,,,,315.34010701579973,3755.92138671875,,,,,,,,,,
324,5,12.0,0.0,32.0,32.0,0.0617523193359375,0.0,74.0,0.0,0.0,0.0,0.0,0.0,0.0,0.0,0.0,0.0,0.6,0.0018937347867548,1.0,0.6610268326917178,0.0,0.0,0.0,,,,,,0.0,,,,,308.66978800622746,3755.92138671875,,,,,,,,,,
325,5,13.0,0.0,32.0,32.0,0.2393436431884765,0.0,74.0,0.0,0.0,0.0,0.0,0.0,0.0,0.0,0.0,0.0,0.6,0.0018937347867548,1.0,0.669011529168418,0.0,0.0,0.0,,,,,,0.0,,,,,315.13804401038215,3755.92138671875,,,,,,,,,,
326,5,14.0,0.0,32.0,32.0,0.2212677001953125,0.0,74.0,0.0,0.0,0.0,0.0,0.0,0.0,0.0,0.0,0.0,0.6,0.0018937347867548,1.0,0.6719983373960524,0.0,0.0,0.0,,,,,,0.0,,,,,308.43209801241755,3755.92138671875,,,,,,,,,,
327,5,15.0,0.0,32.0,32.0,0.1399574279785156,0.0,74.0,0.0,0.0,0.0,0.0,0.0,0.0,0.0,0.0,0.0,0.6,0.0018937347867548,1.0,0.6637181189064297,0.0,0.0,0.0,,,,,,0.0,,,,,315.0064920191653,3755.92138671875,,,,,,,,,,
328,5,16.0,0.0,32.0,32.0,0.1202106475830078,0.0,74.0,0.0,0.0,0.0,0.0,0.0,0.0,0.0,0.0,0.0,0.6,0.0018937347867548,1.0,0.6668554713435348,0.0,0.0,0.0,,,,,,0.0,,,,,309.3447300198022,3755.92138671875,,,,,,,,,,
329,5,17.0,0.0,32.0,32.0,0.1772441864013672,0.0,74.0,0.0,0.0,0.0,0.0,0.0,0.0,0.0,0.0,0.0,0.6,0.0018937347867548,1.0,0.6629111718972415,0.0,0.0,0.0,,,,,,0.0,,,,,315.7856060133781,3755.92138671875,,,,,,,,,,
330,5,18.0,0.0,32.0,32.0,0.3392486572265625,0.0,74.0,0.0,0.0,0.0,0.0,0.0,0.0,0.0,0.0,0.0,0.6,0.0018937347867548,1.0,0.662026414923005,0.0,0.0,0.0,,,,,,0.0,,,,,309.68083901098,3755.92138671875,,,,,,,,,,
331,5,19.0,0.0,32.0,32.0,0.1002635955810546,0.0,74.0,0.0,0.0,0.0,0.0,0.0,0.0,0.0,0.0,0.0,0.6,0.0018937347867548,1.0,0.6681279493850609,0.0,0.0,0.0,,,,,,0.0,,,,,312.40699501358904,3755.92138671875,,,,,,,,,,
332,5,20.0,0.0,32.0,32.0,0.204681396484375,0.0,74.0,0.0,0.0,0.0,0.0,0.0,0.0,0.0,0.0,0.0,0.6,0.0018937347867548,1.0,0.6618471478650019,0.0,0.0,0.0,,,,,,0.0,,,,,312.15997398248874,3755.92138671875,,,,,,,,,,
333,5,21.0,0.0,32.0,32.0,0.2019023895263672,0.0,74.0,0.0,0.0,0.0,0.0,0.0,0.0,0.0,0.0,0.0,0.6,0.0018937347867548,1.0,0.673944367239948,0.0,0.0,0.0,,,,,,0.0,,,,,311.004127986962,3755.92138671875,,,,,,,,,,
334,5,22.0,0.0,32.0,32.0,0.023320198059082,5.0,74.0,0.0675675675675675,0.0,5.0,0.0,1.0,0.1521412884213825,0.0,0.1521412884213825,0.0,0.6,0.0018937347867548,0.9999999996920512,0.6673806070484781,7.157765698281934e-09,0.0,5.0,1.0,,0.5,-1.4426950249075512e-08,-9.999999889225293e-09,1.0,0.5198998140791815,0.0011171197984367,0.4994414401007816,,315.88252499932423,3767.36474609375,,,,,,,,,,
335,5,23.0,0.0,32.0,32.0,0.2962732315063476,0.0,74.0,0.0,0.0,0.0,0.0,0.0,0.0,0.0,0.0,0.0,0.6,0.0018937347867548,1.0,0.6719320864775387,0.0,0.0,0.0,,,,,,0.0,,,,,311.175966024166,3755.92138671875,,,,,,,,,,
336,5,24.0,0.0,32.0,32.0,0.2453413009643554,0.0,74.0,0.0,0.0,0.0,0.0,0.0,0.0,0.0,0.0,0.0,0.6,0.0018937347867548,1.0,0.6659452724065877,0.0,0.0,0.0,,,,,,0.0,,,,,312.9754890105687,3755.92138671875,,,,,,,,,,
337,5,25.0,0.0,32.0,32.0,0.1178922653198242,0.0,74.0,0.0,0.0,0.0,0.0,0.0,0.0,0.0,0.0,0.0,0.6,0.0018937347867548,1.0,0.6695538144495199,0.0,0.0,0.0,,,,,,0.0,,,,,313.3192410168704,3755.92138671875,,,,,,,,,,
338,5,26.0,0.0,32.0,32.0,0.238438606262207,0.0,74.0,0.0,0.0,0.0,0.0,0.0,0.0,0.0,0.0,0.0,0.6,0.0018937347867548,1.0,0.6684071186797922,0.0,0.0,0.0,,,,,,0.0,,,,,311.6679989907425,3755.92138671875,,,,,,,,,,
339,5,27.0,0.0,32.0,32.0,0.0735597610473632,0.0,74.0,0.0,0.0,0.0,0.0,0.0,0.0,0.0,0.0,0.0,0.6,0.0018937347867548,1.0,0.6668456781398685,0.0,0.0,0.0,,,,,,0.0,,,,,313.0992139922455,3755.92138671875,,,,,,,,,,
340,5,28.0,0.0,32.0,32.0,0.1793022155761718,0.0,74.0,0.0,0.0,0.0,0.0,0.0,0.0,0.0,0.0,0.0,0.6,0.0018937347867548,1.0,0.6639339273982878,0.0,0.0,0.0,,,,,,0.0,,,,,308.7468260200694,3755.92138671875,,,,,,,,,,
341,5,29.0,0.0,32.0,32.0,0.0371551513671875,0.0,74.0,0.0,0.0,0.0,0.0,0.0,0.0,0.0,0.0,0.0,0.6,0.0018937347867548,1.0,0.6705666265308533,0.0,0.0,0.0,,,,,,0.0,,,,,322.5142250012141,3755.92138671875,,,,,,,,,,
342,5,30.0,0.0,32.0,32.0,0.0625619888305664,0.0,74.0,0.0,0.0,0.0,0.0,0.0,0.0,0.0,0.0,0.0,0.6,0.0018937347867548,1.0,0.6642616213566619,0.0,0.0,0.0,,,,,,0.0,,,,,309.283101989422,3755.92138671875,,,,,,,,,,
343,5,31.0,0.0,32.0,32.0,0.2309846878051757,0.0,74.0,0.0,0.0,0.0,0.0,0.0,0.0,0.0,0.0,0.0,0.6,0.0018937347867548,1.0,0.6675704720608098,0.0,0.0,0.0,,,,,,0.0,,,,,316.02427500183694,3755.92138671875,,,,,,,,,,
344,5,32.0,0.0,32.0,32.0,0.279815673828125,0.0,74.0,0.0,0.0,0.0,0.0,0.0,0.0,0.0,0.0,0.0,0.6,0.0018937347867548,1.0,0.6631707030443544,0.0,0.0,0.0,,,,,,0.0,,,,,310.2298740122933,3755.92138671875,,,,,,,,,,
345,5,33.0,0.0,32.0,32.0,0.1316452026367187,0.0,74.0,0.0,0.0,0.0,0.0,0.0,0.0,0.0,0.0,0.0,0.6,0.0018937347867548,1.0,0.6599965877179345,0.0,0.0,0.0,,,,,,0.0,,,,,316.4476139936596,3755.92138671875,,,,,,,,,,
346,5,34.0,0.0,32.0,32.0,0.1325712203979492,0.0,74.0,0.0,0.0,0.0,0.0,0.0,0.0,0.0,0.0,0.0,0.6,0.0018937347867548,1.0,0.6653647011543903,0.0,0.0,0.0,,,,,,0.0,,,,,306.2944999837782,3755.92138671875,,,,,,,,,,
347,5,35.0,0.0,32.0,32.0,0.0403146743774414,0.0,74.0,0.0,0.0,0.0,0.0,0.0,0.0,0.0,0.0,0.0,0.6,0.0018937347867548,1.0,0.665156526136131,0.0,0.0,0.0,,,,,,0.0,,,,,315.24701000307687,3755.92138671875,,,,,,,,,,
348,5,36.0,0.0,32.0,32.0,0.015639305114746,11.0,74.0,0.1486486486486486,0.0,11.0,0.0,1.0,0.1524469141361142,0.0,0.1524469141361142,0.0,0.6,0.0018937347867548,0.9999999999737296,0.6652911558135477,-1.1422861665095552e-08,0.0,11.0,1.0,,0.5,-1.4426950249075512e-08,-9.999999889225293e-09,1.0,0.5157570139965288,-0.000172023422971,0.5000860117114855,,318.4930550050922,3801.48974609375,,,,,,,,,,
349,5,37.0,0.0,32.0,32.0,0.0585832595825195,0.0,74.0,0.0,0.0,0.0,0.0,0.0,0.0,0.0,0.0,0.0,0.6,0.0018937347867548,1.0,0.666561138264639,0.0,0.0,0.0,,,,,,0.0,,,,,311.9859950093087,3755.92138671875,,,,,,,,,,
350,5,38.0,0.0,32.0,32.0,0.076812744140625,0.0,74.0,0.0,0.0,0.0,0.0,0.0,0.0,0.0,0.0,0.0,0.6,0.0018937347867548,1.0,0.6693877853636705,0.0,0.0,0.0,,,,,,0.0,,,,,313.1558170134668,3755.92138671875,,,,,,,,,,
351,5,39.0,0.0,32.0,32.0,0.0468816757202148,0.0,74.0,0.0,0.0,0.0,0.0,0.0,0.0,0.0,0.0,0.0,0.6,0.0018937347867548,1.0,0.6660269431146808,0.0,0.0,0.0,,,,,,0.0,,,,,311.9277160149068,3755.92138671875,,,,,,,,,,
352,5,40.0,0.0,32.0,32.0,0.1898279190063476,0.0,74.0,0.0,0.0,0.0,0.0,0.0,0.0,0.0,0.0,0.0,0.6,0.0018937347867548,1.0,0.6651640553562459,0.0,0.0,0.0,,,,,,0.0,,,,,312.7247550000902,3755.92138671875,,,,,,,,,,
353,5,41.0,0.0,32.0,32.0,0.0915555953979492,0.0,74.0,0.0,0.0,0.0,0.0,0.0,0.0,0.0,0.0,0.0,0.6,0.0018937347867548,1.0,0.6657196667631445,0.0,0.0,0.0,,,,,,0.0,,,,,310.84480200661346,3755.92138671875,,,,,,,,,,
354,5,42.0,0.0,32.0,32.0,0.2625889778137207,0.0,74.0,0.0,0.0,0.0,0.0,0.0,0.0,0.0,0.0,0.0,0.6,0.0018937347867548,1.0,0.667540487448412,0.0,0.0,0.0,,,,,,0.0,,,,,312.6915050088428,3755.92138671875,,,,,,,,,,
355,5,43.0,0.0,32.0,32.0,0.01416015625,6.0,74.0,0.081081081081081,0.0,6.0,0.0,1.0,0.1539492873513977,0.0,0.1539492873513977,0.0,0.6,0.0018937347867548,0.9999999999941148,0.6699766840600815,-1.7079171673962756e-09,0.0,6.0,1.0,,0.5,-1.4426950249075512e-08,-9.999999889225293e-09,1.0,0.515704981450456,-0.00451872803803,0.502259364019015,,317.50330902286805,3782.27099609375,,,,,,,,,,
356,5,44.0,0.0,32.0,32.0,0.0242443084716796,0.0,74.0,0.0,0.0,0.0,0.0,0.0,0.0,0.0,0.0,0.0,0.6,0.0018937347867548,1.0,0.6688384915961416,0.0,0.0,0.0,,,,,,0.0,,,,,307.9437720007263,3755.92138671875,,,,,,,,,,
357,5,45.0,0.0,32.0,32.0,0.0115704536437988,16.0,74.0,0.2162162162162162,1.0,15.0,0.0625,0.9375,0.1519236157421476,0.1263483131286576,0.1536286359163803,0.0,0.6,0.0018937347867548,1.0000000016705648,0.6747466553981133,9.598418935133132e-10,1.0,15.0,0.875,15.0,1.0,0.3372900377631142,0.2337916387064601,2.0,0.5188343349121904,0.0004482951430279,0.499775852428486,0.0064592036647092,323.4258820011746,3819.67138671875,,,,,,,,,,
358,5,46.0,0.0,32.0,32.0,0.027627944946289,0.0,74.0,0.0,0.0,0.0,0.0,0.0,0.0,0.0,0.0,0.0,0.6,0.0018937347867548,1.0,0.6698927744306372,0.0,0.0,0.0,,,,,,0.0,,,,,309.346463996917,3755.92138671875,,,,,,,,,,
359,5,47.0,0.0,32.0,32.0,0.0452237129211425,0.0,74.0,0.0,0.0,0.0,0.0,0.0,0.0,0.0,0.0,0.0,0.6,0.0018937347867548,1.0,0.6686779869319908,0.0,0.0,0.0,,,,,,0.0,,,,,314.57310999394394,3755.92138671875,,,,,,,,,,
360,5,48.0,0.0,32.0,32.0,0.1485977172851562,0.0,74.0,0.0,0.0,0.0,0.0,0.0,0.0,0.0,0.0,0.0,0.6,0.0018937347867548,1.0,0.6680409096628959,0.0,0.0,0.0,,,,,,0.0,,,,,308.68929499411024,3755.92138671875,,,,,,,,,,
361,5,49.0,0.0,32.0,32.0,0.1578888893127441,0.0,74.0,0.0,0.0,0.0,0.0,0.0,0.0,0.0,0.0,0.0,0.6,0.0018937347867548,1.0,0.6679656604313517,0.0,0.0,0.0,,,,,,0.0,,,,,315.4244629840832,3755.92138671875,,,,,,,,,,
362,5,50.0,0.0,32.0,32.0,0.0737009048461914,0.0,74.0,0.0,0.0,0.0,0.0,0.0,0.0,0.0,0.0,0.0,0.6,0.0018937347867548,1.0,0.6721514948812427,0.0,0.0,0.0,,,,,,0.0,,,,,305.9265060001053,3755.92138671875,,,,,,,,,,
363,5,51.0,0.0,32.0,32.0,0.0872750282287597,0.0,74.0,0.0,0.0,0.0,0.0,0.0,0.0,0.0,0.0,0.0,0.6,0.0018937347867548,1.0,0.6647916675857848,0.0,0.0,0.0,,,,,,0.0,,,,,317.9571540094912,3755.92138671875,,,,,,,,,,
364,5,52.0,0.0,32.0,32.0,0.0521216392517089,0.0,74.0,0.0,0.0,0.0,0.0,0.0,0.0,0.0,0.0,0.0,0.6,0.0018937347867548,1.0,0.6698140236704998,0.0,0.0,0.0,,,,,,0.0,,,,,309.0512889903039,3755.92138671875,,,,,,,,,,
365,5,53.0,0.0,32.0,32.0,0.1406521797180175,0.0,74.0,0.0,0.0,0.0,0.0,0.0,0.0,0.0,0.0,0.0,0.6,0.0018937347867548,1.0,0.66825640555272,0.0,0.0,0.0,,,,,,0.0,,,,,313.985536020482,3755.92138671875,,,,,,,,,,
366,5,54.0,0.0,32.0,32.0,0.1332807540893554,0.0,74.0,0.0,0.0,0.0,0.0,0.0,0.0,0.0,0.0,0.0,0.6,0.0018937347867548,1.0,0.6628227773972755,0.0,0.0,0.0,,,,,,0.0,,,,,310.58527901768684,3755.92138671875,,,,,,,,,,
367,5,55.0,0.0,32.0,32.0,0.2175960540771484,0.0,74.0,0.0,0.0,0.0,0.0,0.0,0.0,0.0,0.0,0.0,0.6,0.0018937347867548,1.0,0.6697179455237701,0.0,0.0,0.0,,,,,,0.0,,,,,310.9523089951836,3755.92138671875,,,,,,,,,,
368,5,56.0,0.0,32.0,32.0,0.1573233604431152,0.0,74.0,0.0,0.0,0.0,0.0,0.0,0.0,0.0,0.0,0.0,0.6,0.0018937347867548,1.0,0.6720267351635366,0.0,0.0,0.0,,,,,,0.0,,,,,312.1150219812989,3755.92138671875,,,,,,,,,,
369,5,57.0,0.0,32.0,32.0,0.1343545913696289,0.0,74.0,0.0,0.0,0.0,0.0,0.0,0.0,0.0,0.0,0.0,0.6,0.0018937347867548,1.0,0.665107271578667,0.0,0.0,0.0,,,,,,0.0,,,,,312.9601969849318,3755.92138671875,,,,,,,,,,
370,5,58.0,0.0,32.0,32.0,0.1367106437683105,0.0,74.0,0.0,0.0,0.0,0.0,0.0,0.0,0.0,0.0,0.0,0.6,0.0018937347867548,1.0,0.6717666197435129,0.0,0.0,0.0,,,,,,0.0,,,,,311.59176799701527,3755.92138671875,,,,,,,,,,
371,5,59.0,0.0,32.0,32.0,0.3888812065124511,0.0,74.0,0.0,0.0,0.0,0.0,0.0,0.0,0.0,0.0,0.0,0.6,0.0018937347867548,1.0,0.6684376310177101,0.0,0.0,0.0,,,,,,0.0,,,,,311.2938819976989,3755.92138671875,,,,,,,,,,
372,5,60.0,0.0,32.0,32.0,0.0171751976013183,1.0,74.0,0.0135135135135135,0.0,1.0,0.0,1.0,0.1464019398324935,0.0,0.1464019398324935,0.0,0.6,0.0018937347867548,1.0,0.6605670700629913,0.0,0.0,1.0,1.0,,0.5,-1.4426950249075512e-08,-9.999999889225293e-09,1.0,0.5119935338916882,,,,312.52952801878564,3757.98388671875,,,,,,,,,,
373,5,61.0,0.0,32.0,32.0,0.2184810638427734,0.0,74.0,0.0,0.0,0.0,0.0,0.0,0.0,0.0,0.0,0.0,0.6,0.0018937347867548,1.0,0.6703198027719891,0.0,0.0,0.0,,,,,,0.0,,,,,313.68782799108885,3755.92138671875,,,,,,,,,,
374,5,62.0,0.0,32.0,32.0,0.2517218589782715,0.0,74.0,0.0,0.0,0.0,0.0,0.0,0.0,0.0,0.0,0.0,0.6,0.0018937347867548,1.0,0.6674178414612165,0.0,0.0,0.0,,,,,,0.0,,,,,309.0507269953377,3755.92138671875,,,,,,,,,,
375,5,63.0,0.0,32.0,32.0,0.0285816192626953,0.0,74.0,0.0,0.0,0.0,0.0,0.0,0.0,0.0,0.0,0.0,0.6,0.0018937347867548,1.0,0.6659160358758255,0.0,0.0,0.0,,,,,,0.0,,,,,313.19820499629714,3755.92138671875,,,,,,,,,,
376,5,64.0,0.0,32.0,32.0,0.0286307334899902,0.0,74.0,0.0,0.0,0.0,0.0,0.0,0.0,0.0,0.0,0.0,0.6,0.0018937347867548,1.0,0.6658507091997551,0.0,0.0,0.0,,,,,,0.0,,,,,310.0175949803088,3755.92138671875,,,,,,,,,,
377,5,65.0,0.0,32.0,32.0,0.0284795761108398,0.0,74.0,0.0,0.0,0.0,0.0,0.0,0.0,0.0,0.0,0.0,0.6,0.0018937347867548,1.0,0.6660581839605546,0.0,0.0,0.0,,,,,,0.0,,,,,314.3320439849049,3755.92138671875,,,,,,,,,,
378,5,66.0,0.0,32.0,32.0,0.1817760467529297,0.0,74.0,0.0,0.0,0.0,0.0,0.0,0.0,0.0,0.0,0.0,0.6,0.0018937347867548,1.0,0.6672577619325055,0.0,0.0,0.0,,,,,,0.0,,,,,306.16863499744795,3755.92138671875,,,,,,,,,,
379,5,67.0,0.0,32.0,32.0,0.479278564453125,0.0,74.0,0.0,0.0,0.0,0.0,0.0,0.0,0.0,0.0,0.0,0.6,0.0018937347867548,1.0,0.6609324435975352,0.0,0.0,0.0,,,,,,0.0,,,,,315.224997990299,3755.92138671875,,,,,,,,,,
380,5,68.0,0.0,32.0,32.0,0.2774949073791504,0.0,74.0,0.0,0.0,0.0,0.0,0.0,0.0,0.0,0.0,0.0,0.6,0.0018937347867548,1.0,0.6656988176325594,0.0,0.0,0.0,,,,,,0.0,,,,,308.4796170005575,3755.92138671875,,,,,,,,,,
381,5,69.0,0.0,32.0,32.0,0.9650158882141112,0.0,74.0,0.0,0.0,0.0,0.0,0.0,0.0,0.0,0.0,0.0,0.6,0.0018937347867548,1.0,0.6680989871196631,0.0,0.0,0.0,,,,,,0.0,,,,,317.0083420118317,3755.92138671875,,,,,,,,,,
382,5,70.0,0.0,32.0,32.0,0.6615700721740723,0.0,74.0,0.0,0.0,0.0,0.0,0.0,0.0,0.0,0.0,0.0,0.6,0.0018937347867548,1.0,0.6627122073805836,0.0,0.0,0.0,,,,,,0.0,,,,,309.5442759804428,3755.92138671875,,,,,,,,,,
383,5,71.0,0.0,32.0,32.0,0.3637547492980957,0.0,74.0,0.0,0.0,0.0,0.0,0.0,0.0,0.0,0.0,0.0,0.6,0.0018937347867548,1.0,0.6656143269425884,0.0,0.0,0.0,,,,,,0.0,,,,,314.9613470013719,3755.92138671875,,,,,,,,,,
384,5,72.0,0.0,32.0,32.0,0.1946430206298828,0.0,74.0,0.0,0.0,0.0,0.0,0.0,0.0,0.0,0.0,0.0,0.6,0.0018937347867548,1.0,0.6649733759085877,0.0,0.0,0.0,,,,,,0.0,,,,,310.7820409932174,3755.92138671875,,,,,,,,,,
385,5,73.0,0.0,32.0,32.0,0.3187766075134277,0.0,74.0,0.0,0.0,0.0,0.0,0.0,0.0,0.0,0.0,0.0,0.6,0.0018937347867548,1.0,0.666712310595647,0.0,0.0,0.0,,,,,,0.0,,,,,389.5541059901007,3755.92138671875,,,,,,,,,,
386,5,74.0,0.0,32.0,32.0,0.1780242919921875,0.0,74.0,0.0,0.0,0.0,0.0,0.0,0.0,0.0,0.0,0.0,0.6,0.0018937347867548,1.0,0.6689556046250295,0.0,0.0,0.0,,,,,,0.0,,,,,307.24612800986506,3755.92138671875,,,,,,,,,,
387,5,75.0,0.0,32.0,32.0,0.1159496307373046,0.0,74.0,0.0,0.0,0.0,0.0,0.0,0.0,0.0,0.0,0.0,0.6,0.0018937347867548,1.0,0.6704467897278197,0.0,0.0,0.0,,,,,,0.0,,,,,309.56694402266294,3755.92138671875,,,,,,,,,,
388,5,76.0,0.0,32.0,32.0,0.167229413986206,0.0,74.0,0.0,0.0,0.0,0.0,0.0,0.0,0.0,0.0,0.0,0.6,0.0018937347867548,1.0,0.6663478702402073,0.0,0.0,0.0,,,,,,0.0,,,,,324.7838300012518,3755.92138671875,,,,,,,,,,
389,5,77.0,0.0,32.0,32.0,0.05857515335083,0.0,74.0,0.0,0.0,0.0,0.0,0.0,0.0,0.0,0.0,0.0,0.6,0.0018937347867548,1.0,0.6656328276820666,0.0,0.0,0.0,,,,,,0.0,,,,,314.0253839956131,3755.92138671875,,,,,,,,,,
390,5,78.0,0.0,26.0,26.0,0.2498582693246694,0.0,74.0,0.0,0.0,0.0,0.0,0.0,0.0,0.0,0.0,0.0,0.6,0.0018937347867548,1.0,0.663894614168742,0.0,0.0,0.0,,,,,,0.0,,,,,275.7038049749099,3592.01318359375,,,,,,,,,,
390,5,,1.0,32.0,32.0,,,,,,,,,,,,,,,1.0,0.663894614168742,0.0,0.0,0.0,,,,,,0.0,,,,,275.7038049749099,3592.01318359375,0.7617328519855595,1.008325265513526,0.7653429602888087,0.9938080807526908,0.9751004016064256,0.0860891533800615,0.2133675496208662,0.9755020080321284,0.0866548146288364,0.2101590477433198
391,6,1.0,0.0,32.0,32.0,0.2984495162963867,0.0,74.0,0.0,0.0,0.0,0.0,0.0,0.0,0.0,0.0,0.0,0.6,0.0018937347867548,1.0,0.6673507858363881,0.0,0.0,0.0,,,,,,0.0,,,,,310.45453099068254,3755.92138671875,,,,,,,,,,
392,6,2.0,0.0,32.0,32.0,0.0303759574890136,0.0,74.0,0.0,0.0,0.0,0.0,0.0,0.0,0.0,0.0,0.0,0.6,0.0018937347867548,1.0,0.6692081157089078,0.0,0.0,0.0,,,,,,0.0,,,,,307.6351330091711,3755.92138671875,,,,,,,,,,
393,6,3.0,0.0,32.0,32.0,0.0983839035034179,0.0,74.0,0.0,0.0,0.0,0.0,0.0,0.0,0.0,0.0,0.0,0.6,0.0018937347867548,1.0,0.6670090645689202,0.0,0.0,0.0,,,,,,0.0,,,,,317.5931539735757,3755.92138671875,,,,,,,,,,
394,6,4.0,0.0,32.0,32.0,0.0760045051574707,0.0,74.0,0.0,0.0,0.0,0.0,0.0,0.0,0.0,0.0,0.0,0.6,0.0018937347867548,1.0,0.6696787013157688,0.0,0.0,0.0,,,,,,0.0,,,,,307.65527798212133,3755.92138671875,,,,,,,,,,
395,6,5.0,0.0,32.0,32.0,0.1392970085144043,0.0,74.0,0.0,0.0,0.0,0.0,0.0,0.0,0.0,0.0,0.0,0.6,0.0018937347867548,1.0,0.6732746417909008,0.0,0.0,0.0,,,,,,0.0,,,,,314.7896350128576,3755.92138671875,,,,,,,,,,
396,6,6.0,0.0,32.0,32.0,0.3655962944030761,0.0,74.0,0.0,0.0,0.0,0.0,0.0,0.0,0.0,0.0,0.0,0.6,0.0018937347867548,1.0,0.6654876013757104,0.0,0.0,0.0,,,,,,0.0,,,,,310.27548198471777,3755.92138671875,,,,,,,,,,
397,6,7.0,0.0,32.0,32.0,0.019021987915039,2.0,74.0,0.027027027027027,0.0,2.0,0.0,1.0,0.1544734400059502,0.0,0.1544734400059502,0.0,0.6,0.0018937347867548,1.0000000001024607,0.6640719922087518,1.751553650149286e-09,0.0,2.0,1.0,,0.5,-1.4426950249075512e-08,-9.999999889225293e-09,1.0,0.5373434946625028,0.0005678331363014,0.4997160834318492,,314.06172501738183,3761.64013671875,,,,,,,,,,
398,6,8.0,0.0,32.0,32.0,0.2057657241821289,0.0,74.0,0.0,0.0,0.0,0.0,0.0,0.0,0.0,0.0,0.0,0.6,0.0018937347867548,1.0,0.665396935054881,0.0,0.0,0.0,,,,,,0.0,,,,,315.90736997895874,3755.92138671875,,,,,,,,,,
399,6,9.0,0.0,32.0,32.0,0.3525190353393554,0.0,74.0,0.0,0.0,0.0,0.0,0.0,0.0,0.0,0.0,0.0,0.6,0.0018937347867548,1.0,0.6729817533906264,0.0,0.0,0.0,,,,,,0.0,,,,,313.5261479765177,3755.92138671875,,,,,,,,,,
400,6,10.0,0.0,32.0,32.0,0.1066131591796875,0.0,74.0,0.0,0.0,0.0,0.0,0.0,0.0,0.0,0.0,0.0,0.6,0.0018937347867548,1.0,0.6676292206214866,0.0,0.0,0.0,,,,,,0.0,,,,,311.6770750202704,3755.92138671875,,,,,,,,,,
401,6,11.0,0.0,32.0,32.0,0.0195741653442382,8.0,74.0,0.1081081081081081,2.0,6.0,0.25,0.75,0.1470859003978418,0.1387819270325095,0.1498538915196192,0.0,0.6,0.0018937347867548,0.9999999995153676,0.6663020426729532,-1.023833912263713e-09,2.0,6.0,0.5,3.0,1.0,0.8112780956052325,0.5623351246188086,2.0,0.5123856855684193,-0.001046712626703,0.5005233563133515,-0.0011565782502372,316.198700980749,3775.14013671875,,,,,,,,,,
402,6,12.0,0.0,32.0,32.0,0.0485334396362304,0.0,74.0,0.0,0.0,0.0,0.0,0.0,0.0,0.0,0.0,0.0,0.6,0.0018937347867548,1.0,0.6703405862008529,0.0,0.0,0.0,,,,,,0.0,,,,,311.97997101116925,3755.92138671875,,,,,,,,,,
403,6,13.0,0.0,32.0,32.0,0.0276355743408203,1.0,74.0,0.0135135135135135,0.0,1.0,0.0,1.0,0.1492525578739784,0.0,0.1492525578739784,0.0,0.6,0.0018937347867548,1.000000000042039,0.6670704015546539,-6.848229242224292e-09,0.0,1.0,1.0,,0.5,-1.4426950249075512e-08,-9.999999889225293e-09,1.0,0.5024914737534052,,,,312.9418969911057,3757.98974609375,,,,,,,,,,
404,6,14.0,0.0,32.0,32.0,0.1104640960693359,0.0,74.0,0.0,0.0,0.0,0.0,0.0,0.0,0.0,0.0,0.0,0.6,0.0018937347867548,1.0,0.664537812052641,0.0,0.0,0.0,,,,,,0.0,,,,,314.0402669960167,3755.92138671875,,,,,,,,,,
405,6,15.0,0.0,32.0,32.0,0.0121054649353027,39.0,74.0,0.527027027027027,3.0,36.0,0.0769230769230769,0.9230769230769232,0.1505274603919106,0.1406161752707466,0.1513534008186743,0.0,0.6,0.0018937347867548,0.9999999919544446,0.6638228419869927,-2.3046232782197056e-08,3.0,36.0,0.8461538461538461,12.0,1.0,0.3912435347753558,0.2711893530418447,2.0,0.5133446000631265,-0.0009337716407973,0.5004668858203987,0.0046064781670633,334.3004370108247,3957.1611328125,,,,,,,,,,
406,6,16.0,0.0,32.0,32.0,0.0708236694335937,0.0,74.0,0.0,0.0,0.0,0.0,0.0,0.0,0.0,0.0,0.0,0.6,0.0018937347867548,1.0,0.6680537194498949,0.0,0.0,0.0,,,,,,0.0,,,,,309.55025198636577,3755.92138671875,,,,,,,,,,
407,6,17.0,0.0,32.0,32.0,0.1803584098815918,0.0,74.0,0.0,0.0,0.0,0.0,0.0,0.0,0.0,0.0,0.0,0.6,0.0018937347867548,1.0,0.6673522184067727,0.0,0.0,0.0,,,,,,0.0,,,,,314.41309399087913,3755.92138671875,,,,,,,,,,
408,6,18.0,0.0,32.0,32.0,0.0324678421020507,0.0,74.0,0.0,0.0,0.0,0.0,0.0,0.0,0.0,0.0,0.0,0.6,0.0018937347867548,1.0,0.666597944641177,0.0,0.0,0.0,,,,,,0.0,,,,,305.4433260113001,3755.92138671875,,,,,,,,,,
409,6,19.0,0.0,32.0,32.0,0.0332531929016113,0.0,74.0,0.0,0.0,0.0,0.0,0.0,0.0,0.0,0.0,0.0,0.6,0.0018937347867548,1.0,0.6712374233607119,0.0,0.0,0.0,,,,,,0.0,,,,,314.70938998973,3755.92138671875,,,,,,,,,,
410,6,20.0,0.0,32.0,32.0,0.0113134384155273,14.0,74.0,0.1891891891891892,2.0,12.0,0.1428571428571428,0.8571428571428571,0.1497580751789716,0.1332570029265166,0.1525082538877141,0.0,0.6,0.0018937347867548,1.0000000025155225,0.6686547122522434,-1.3587688307086593e-08,2.0,12.0,0.7142857142857143,6.0,1.0,0.5916727497284272,0.4101162982884094,2.0,0.5204335983904802,4.826364322350575e-05,0.4999758681783882,0.0034418540916784,316.17275899043307,3816.48388671875,,,,,,,,,,
411,6,21.0,0.0,32.0,32.0,0.0118789672851562,7.0,74.0,0.0945945945945946,0.0,7.0,0.0,1.0,0.1526958277470141,0.0,0.1526958277470141,0.0,0.6,0.0018937347867548,0.9999999997691504,0.6655802979888917,-8.782573545107774e-10,0.0,7.0,1.0,,0.5,-1.4426950249075512e-08,-9.999999889225293e-09,1.0,0.5164078861568834,0.0002934469666797,0.4998532765166601,,318.50196700543165,3778.42138671875,,,,,,,,,,
412,6,22.0,0.0,32.0,32.0,0.2997283935546875,0.0,74.0,0.0,0.0,0.0,0.0,0.0,0.0,0.0,0.0,0.0,0.6,0.0018937347867548,1.0,0.6748111575486289,0.0,0.0,0.0,,,,,,0.0,,,,,310.2545749861747,3755.92138671875,,,,,,,,,,
413,6,23.0,0.0,32.0,32.0,0.0114932060241699,2.0,74.0,0.027027027027027,0.0,2.0,0.0,1.0,0.1495599117801686,0.0,0.1495599117801686,0.0,0.6,0.0018937347867548,0.9999999999839732,0.6635434653067251,-2.5570028034690472e-09,0.0,2.0,1.0,,0.5,-1.4426950249075512e-08,-9.999999889225293e-09,1.0,0.5075770671626066,,,,321.11111300764605,3788.78076171875,,,,,,,,,,
414,6,24.0,0.0,32.0,32.0,0.2942752838134765,0.0,74.0,0.0,0.0,0.0,0.0,0.0,0.0,0.0,0.0,0.0,0.6,0.0018937347867548,1.0,0.6652471837936003,0.0,0.0,0.0,,,,,,0.0,,,,,309.34315000195056,3755.92138671875,,,,,,,,,,
415,6,25.0,0.0,32.0,32.0,0.0648403167724609,0.0,74.0,0.0,0.0,0.0,0.0,0.0,0.0,0.0,0.0,0.0,0.6,0.0018937347867548,1.0,0.6713358512909279,0.0,0.0,0.0,,,,,,0.0,,,,,312.8941400209442,3755.92138671875,,,,,,,,,,
416,6,26.0,0.0,32.0,32.0,0.0101523399353027,10.0,74.0,0.1351351351351351,2.0,8.0,0.2,0.8,0.143949885217522,0.1236945728469595,0.1490137133101626,0.0,0.6,0.0018937347867548,0.9999999999942332,0.6710978355162469,-4.653029673274456e-09,2.0,8.0,0.6,4.0,1.0,0.721928066033462,0.5004024035381882,2.0,0.5250411782173199,0.000961935493251,0.4995190322533744,-0.0033020368782346,317.1538010064978,3799.33349609375,,,,,,,,,,
417,6,27.0,0.0,32.0,32.0,0.0084333419799804,21.0,74.0,0.2837837837837837,3.0,18.0,0.1428571428571428,0.8571428571428571,0.1499831215885548,0.1278883763838623,0.1536655791226702,0.0,0.6,0.0018937347867548,0.9999999993455124,0.6707588632144058,7.96462257609235e-09,3.0,18.0,0.7142857142857143,6.0,1.0,0.5916727497284272,0.4101162982884094,2.0,0.5241765833223392,0.0009109271062091,0.4995445364468954,-0.0072754904274715,324.57274600164965,3834.67138671875,,,,,,,,,,
418,6,28.0,0.0,32.0,32.0,0.0075664520263671,38.0,74.0,0.5135135135135135,3.0,35.0,0.0789473684210526,0.9210526315789472,0.1486098301165178,0.123482141616953,0.1507636319879091,0.0,0.6,0.0018937347867548,1.0000000121337649,0.6714042678540441,1.3189702252032587e-08,3.0,35.0,0.8421052631578947,11.666666666666666,1.0,0.3984592452413358,0.2761909024070757,2.0,0.5170809793698742,0.0003567577213014,0.4998216211393493,-0.0007525932357223,335.57516799191944,3972.6298828125,,,,,,,,,,
419,6,29.0,0.0,32.0,32.0,0.1297392845153808,0.0,74.0,0.0,0.0,0.0,0.0,0.0,0.0,0.0,0.0,0.0,0.6,0.0018937347867548,1.0,0.6663966089194852,0.0,0.0,0.0,,,,,,0.0,,,,,312.21417101914994,3755.92138671875,,,,,,,,,,
420,6,30.0,0.0,32.0,32.0,0.0509676933288574,0.0,74.0,0.0,0.0,0.0,0.0,0.0,0.0,0.0,0.0,0.0,0.6,0.0018937347867548,1.0,0.6708979731761177,0.0,0.0,0.0,,,,,,0.0,,,,,310.997305001365,3755.92138671875,,,,,,,,,,
421,6,31.0,0.0,32.0,32.0,0.1589000225067138,0.0,74.0,0.0,0.0,0.0,0.0,0.0,0.0,0.0,0.0,0.0,0.6,0.0018937347867548,1.0,0.665815205831602,0.0,0.0,0.0,,,,,,0.0,,,,,313.8826929789502,3755.92138671875,,,,,,,,,,
422,6,32.0,0.0,32.0,32.0,0.1126372814178466,0.0,74.0,0.0,0.0,0.0,0.0,0.0,0.0,0.0,0.0,0.0,0.6,0.0018937347867548,1.0,0.6650174175759054,0.0,0.0,0.0,,,,,,0.0,,,,,308.5342409904115,3755.92138671875,,,,,,,,,,
423,6,33.0,0.0,32.0,32.0,0.1450283527374267,0.0,74.0,0.0,0.0,0.0,0.0,0.0,0.0,0.0,0.0,0.0,0.6,0.0018937347867548,1.0,0.6667731045481963,0.0,0.0,0.0,,,,,,0.0,,,,,313.24809399666265,3755.92138671875,,,,,,,,,,
424,6,34.0,0.0,32.0,32.0,0.2764365673065185,0.0,74.0,0.0,0.0,0.0,0.0,0.0,0.0,0.0,0.0,0.0,0.6,0.0018937347867548,1.0,0.6661807564754944,0.0,0.0,0.0,,,,,,0.0,,,,,306.7754700023215,3755.92138671875,,,,,,,,,,
425,6,35.0,0.0,32.0,32.0,0.0798101425170898,0.0,74.0,0.0,0.0,0.0,0.0,0.0,0.0,0.0,0.0,0.0,0.6,0.0018937347867548,1.0,0.6680067303673688,0.0,0.0,0.0,,,,,,0.0,,,,,318.9994159911293,3776.85888671875,,,,,,,,,,
426,6,36.0,0.0,32.0,32.0,0.3117365837097168,0.0,74.0,0.0,0.0,0.0,0.0,0.0,0.0,0.0,0.0,0.0,0.6,0.0018937347867548,1.0,0.6669783516249499,0.0,0.0,0.0,,,,,,0.0,,,,,308.5157810128294,3755.92138671875,,,,,,,,,,
427,6,37.0,0.0,32.0,32.0,0.0334131717681884,0.0,74.0,0.0,0.0,0.0,0.0,0.0,0.0,0.0,0.0,0.0,0.6,0.0018937347867548,1.0,0.6707145722983403,0.0,0.0,0.0,,,,,,0.0,,,,,314.4619579834398,3755.92138671875,,,,,,,,,,
428,6,38.0,0.0,32.0,32.0,0.7171802520751953,0.0,74.0,0.0,0.0,0.0,0.0,0.0,0.0,0.0,0.0,0.0,0.6,0.0018937347867548,1.0,0.6666631249419238,0.0,0.0,0.0,,,,,,0.0,,,,,308.5455649998039,3755.92138671875,,,,,,,,,,
429,6,39.0,0.0,32.0,32.0,0.1523356437683105,0.0,74.0,0.0,0.0,0.0,0.0,0.0,0.0,0.0,0.0,0.0,0.6,0.0018937347867548,1.0,0.6674849144049001,0.0,0.0,0.0,,,,,,0.0,,,,,315.8344720141031,3755.92138671875,,,,,,,,,,
430,6,40.0,0.0,32.0,32.0,0.1469361782073974,0.0,74.0,0.0,0.0,0.0,0.0,0.0,0.0,0.0,0.0,0.0,0.6,0.0018937347867548,1.0,0.6743152310407867,0.0,0.0,0.0,,,,,,0.0,,,,,310.3888409968931,3755.92138671875,,,,,,,,,,
431,6,41.0,0.0,32.0,32.0,0.0103428363800048,3.0,74.0,0.0405405405405405,0.0,3.0,0.0,1.0,0.1540504100173464,0.0,0.1540504100173464,0.0,0.6,0.0018937347867548,1.0000000000055034,0.6726125404266277,6.708030262077541e-10,0.0,3.0,1.0,,0.5,-1.4426950249075512e-08,-9.999999889225293e-09,1.0,0.518260254277002,-0.0006232979358173,0.5003116489679087,,317.3199070151896,3763.04638671875,,,,,,,,,,
432,6,42.0,0.0,32.0,32.0,0.0155482292175292,0.0,74.0,0.0,0.0,0.0,0.0,0.0,0.0,0.0,0.0,0.0,0.6,0.0018937347867548,1.0,0.6660563255945875,0.0,0.0,0.0,,,,,,0.0,,,,,310.7777280092705,3755.92138671875,,,,,,,,,,
433,6,43.0,0.0,32.0,32.0,0.0068757534027099,31.0,74.0,0.4189189189189189,2.0,29.0,0.064516129032258,0.935483870967742,0.1500586863539173,0.1241508518874978,0.151845433558498,0.0,0.6,0.0018937347867548,1.0000000129676296,0.6637328271684867,-3.9914682867321375e-09,2.0,29.0,0.8709677419354839,14.5,1.0,0.3451172860910533,0.2392170738165136,2.0,0.5198798416400512,0.0021744779979735,0.4989127610010132,-0.0010077976339792,329.0922710148152,3936.62841796875,,,,,,,,,,
434,6,44.0,0.0,32.0,32.0,0.1923649311065673,0.0,74.0,0.0,0.0,0.0,0.0,0.0,0.0,0.0,0.0,0.0,0.6,0.0018937347867548,1.0,0.6688534165449805,0.0,0.0,0.0,,,,,,0.0,,,,,310.65103501896374,3755.92138671875,,,,,,,,,,
435,6,45.0,0.0,32.0,32.0,0.0093939304351806,10.0,74.0,0.1351351351351351,2.0,8.0,0.2,0.8,0.1448392373695522,0.1256450295347057,0.1496377893282639,0.0,0.6,0.0018937347867548,0.9999999998726448,0.6717418172687704,3.9855153072329635e-09,2.0,8.0,0.6,4.0,1.0,0.721928066033462,0.5004024035381882,2.0,0.5233419136018174,-0.0001464920351281,0.5000732460175641,0.0011348930901799,317.8586180147249,3790.60888671875,,,,,,,,,,
436,6,46.0,0.0,32.0,32.0,0.1814651489257812,0.0,74.0,0.0,0.0,0.0,0.0,0.0,0.0,0.0,0.0,0.0,0.6,0.0018937347867548,1.0,0.6703314834890457,0.0,0.0,0.0,,,,,,0.0,,,,,310.7787449844181,3755.92138671875,,,,,,,,,,
437,6,47.0,0.0,32.0,32.0,0.2393288612365722,0.0,74.0,0.0,0.0,0.0,0.0,0.0,0.0,0.0,0.0,0.0,0.6,0.0018937347867548,1.0,0.6683351813040989,0.0,0.0,0.0,,,,,,0.0,,,,,312.67594097880647,3755.92138671875,,,,,,,,,,
438,6,48.0,0.0,32.0,32.0,0.0719704627990722,0.0,74.0,0.0,0.0,0.0,0.0,0.0,0.0,0.0,0.0,0.0,0.6,0.0018937347867548,1.0,0.6656359943726239,0.0,0.0,0.0,,,,,,0.0,,,,,311.30032902001403,3755.92138671875,,,,,,,,,,
439,6,49.0,0.0,32.0,32.0,0.0072951316833496,13.0,74.0,0.1756756756756756,1.0,12.0,0.0769230769230769,0.9230769230769232,0.1470713307773605,0.0965824322142636,0.1512787389909519,0.0,0.6,0.0018937347867548,1.0000000001933549,0.6633041945180062,2.637609798834329e-09,1.0,12.0,0.8461538461538461,12.0,1.0,0.3912435347753558,0.2711893530418447,2.0,0.5252853701278913,-0.0009177929126,0.5004588964563,-0.0037628919031786,320.9842249925714,3812.17724609375,,,,,,,,,,
440,6,50.0,0.0,32.0,32.0,0.1119236946105957,0.0,74.0,0.0,0.0,0.0,0.0,0.0,0.0,0.0,0.0,0.0,0.6,0.0018937347867548,1.0,0.6676515754824938,0.0,0.0,0.0,,,,,,0.0,,,,,305.62429400742985,3755.92138671875,,,,,,,,,,
441,6,51.0,0.0,32.0,32.0,0.0202593803405761,0.0,74.0,0.0,0.0,0.0,0.0,0.0,0.0,0.0,0.0,0.0,0.6,0.0018937347867548,1.0,0.6645312907955571,0.0,0.0,0.0,,,,,,0.0,,,,,314.3348190060351,3755.92138671875,,,,,,,,,,
442,6,52.0,0.0,32.0,32.0,0.1474096775054931,0.0,74.0,0.0,0.0,0.0,0.0,0.0,0.0,0.0,0.0,0.0,0.6,0.0018937347867548,1.0,0.6691927909519275,0.0,0.0,0.0,,,,,,0.0,,,,,307.94494700967334,3755.92138671875,,,,,,,,,,
443,6,53.0,0.0,32.0,32.0,0.1664483547210693,0.0,74.0,0.0,0.0,0.0,0.0,0.0,0.0,0.0,0.0,0.0,0.6,0.0018937347867548,1.0,0.6750202117702433,0.0,0.0,0.0,,,,,,0.0,,,,,315.25877202511765,3755.92138671875,,,,,,,,,,
444,6,54.0,0.0,32.0,32.0,0.096668004989624,0.0,74.0,0.0,0.0,0.0,0.0,0.0,0.0,0.0,0.0,0.0,0.6,0.0018937347867548,1.0,0.6729382301222674,0.0,0.0,0.0,,,,,,0.0,,,,,307.27421600022353,3755.92138671875,,,,,,,,,,
445,6,55.0,0.0,32.0,32.0,0.05885910987854,0.0,74.0,0.0,0.0,0.0,0.0,0.0,0.0,0.0,0.0,0.0,0.6,0.0018937347867548,1.0,0.6695614900386424,0.0,0.0,0.0,,,,,,0.0,,,,,315.02009500400163,3755.92138671875,,,,,,,,,,
446,6,56.0,0.0,32.0,32.0,0.182929515838623,0.0,74.0,0.0,0.0,0.0,0.0,0.0,0.0,0.0,0.0,0.0,0.6,0.0018937347867548,1.0,0.6649236793815041,0.0,0.0,0.0,,,,,,0.0,,,,,308.0604120041244,3755.92138671875,,,,,,,,,,
447,6,57.0,0.0,32.0,32.0,0.0976705551147461,0.0,74.0,0.0,0.0,0.0,0.0,0.0,0.0,0.0,0.0,0.0,0.6,0.0018937347867548,1.0,0.6691021336630049,0.0,0.0,0.0,,,,,,0.0,,,,,316.9103540130891,3755.92138671875,,,,,,,,,,
448,6,58.0,0.0,32.0,32.0,0.1662354469299316,0.0,74.0,0.0,0.0,0.0,0.0,0.0,0.0,0.0,0.0,0.0,0.6,0.0018937347867548,1.0,0.6683935752951722,0.0,0.0,0.0,,,,,,0.0,,,,,308.25927198748104,3755.92138671875,,,,,,,,,,
449,6,59.0,0.0,32.0,32.0,0.145745038986206,0.0,74.0,0.0,0.0,0.0,0.0,0.0,0.0,0.0,0.0,0.0,0.6,0.0018937347867548,1.0,0.6681128752779606,0.0,0.0,0.0,,,,,,0.0,,,,,314.9869490007404,3755.92138671875,,,,,,,,,,
450,6,60.0,0.0,32.0,32.0,0.3540067672729492,0.0,74.0,0.0,0.0,0.0,0.0,0.0,0.0,0.0,0.0,0.0,0.6,0.0018937347867548,1.0,0.665201008511593,0.0,0.0,0.0,,,,,,0.0,,,,,310.48929298412986,3755.92138671875,,,,,,,,,,
451,6,61.0,0.0,32.0,32.0,0.1845650672912597,0.0,74.0,0.0,0.0,0.0,0.0,0.0,0.0,0.0,0.0,0.0,0.6,0.0018937347867548,1.0,0.6666798501986269,0.0,0.0,0.0,,,,,,0.0,,,,,310.7937670138199,3755.92138671875,,,,,,,,,,
452,6,62.0,0.0,32.0,32.0,0.1693534851074218,0.0,74.0,0.0,0.0,0.0,0.0,0.0,0.0,0.0,0.0,0.0,0.6,0.0018937347867548,1.0,0.6673124494012717,0.0,0.0,0.0,,,,,,0.0,,,,,310.56029300088994,3755.92138671875,,,,,,,,,,
453,6,63.0,0.0,32.0,32.0,0.3014299869537353,0.0,74.0,0.0,0.0,0.0,0.0,0.0,0.0,0.0,0.0,0.0,0.6,0.0018937347867548,1.0,0.6662414659169018,0.0,0.0,0.0,,,,,,0.0,,,,,311.399692989653,3755.92138671875,,,,,,,,,,
454,6,64.0,0.0,32.0,32.0,0.1566994190216064,0.0,74.0,0.0,0.0,0.0,0.0,0.0,0.0,0.0,0.0,0.0,0.6,0.0018937347867548,1.0,0.672886918296211,0.0,0.0,0.0,,,,,,0.0,,,,,312.223233981058,3755.92138671875,,,,,,,,,,
455,6,65.0,0.0,32.0,32.0,0.0053877830505371,31.0,74.0,0.4189189189189189,4.0,27.0,0.1290322580645161,0.8709677419354839,0.1504079669502528,0.1287679343143699,0.1536138977111243,0.0,0.6,0.0018937347867548,0.999999994194928,0.6697563040569412,1.8035384561033876e-08,4.0,27.0,0.7419354838709677,6.75,1.0,0.5547781344873733,0.384542899756229,2.0,0.5233975124368669,0.0006302666234127,0.4996848666882936,0.0013239490744148,329.66134100570343,3967.5634765625,,,,,,,,,,
456,6,66.0,0.0,32.0,32.0,0.1347372531890869,0.0,74.0,0.0,0.0,0.0,0.0,0.0,0.0,0.0,0.0,0.0,0.6,0.0018937347867548,1.0,0.6685131653339923,0.0,0.0,0.0,,,,,,0.0,,,,,311.2701100180857,3755.92138671875,,,,,,,,,,
457,6,67.0,0.0,32.0,32.0,0.2785291671752929,0.0,74.0,0.0,0.0,0.0,0.0,0.0,0.0,0.0,0.0,0.0,0.6,0.0018937347867548,1.0,0.6682013119008846,0.0,0.0,0.0,,,,,,0.0,,,,,313.7905060139019,3755.92138671875,,,,,,,,,,
458,6,68.0,0.0,32.0,32.0,0.0107884407043457,30.0,74.0,0.4054054054054054,2.0,28.0,0.0666666666666666,0.9333333333333332,0.1493035124304704,0.1199809053287683,0.1513979843663062,0.0,0.6,0.0018937347867548,1.0000000040931485,0.6654558332759399,-3.0237521956551332e-09,2.0,28.0,0.8666666666666667,14.0,1.0,0.3533593061675215,0.244930006794636,2.0,0.5156563161477002,0.0013561369296646,0.4993219315351677,0.006099512307407,326.72860598540865,3945.0654296875,,,,,,,,,,
459,6,69.0,0.0,32.0,32.0,0.1703107357025146,1.0,74.0,0.0135135135135135,0.0,1.0,0.0,1.0,0.1520230647163453,0.0,0.1520230647163453,0.0,0.6,0.0018937347867548,1.0,0.6689892465346476,8.14337220778961e-10,0.0,1.0,1.0,,0.5,-1.4426950249075512e-08,-9.999999889225293e-09,1.0,0.5067435490544845,,,,313.922872999683,3758.54638671875,,,,,,,,,,
460,6,70.0,0.0,32.0,32.0,0.006657600402832,9.0,74.0,0.1216216216216216,5.0,4.0,0.5555555555555556,0.4444444444444444,0.1419159414381451,0.1342572283248851,0.1514893328297203,0.0,0.6,0.0018937347867548,0.9999999999532412,0.6705325652223263,3.239638692116313e-09,5.0,4.0,0.1111111111111111,1.25,1.0,0.9910760309843216,0.6869615565973235,2.0,0.5377253314242573,0.0018417835526634,0.4990791082236683,-0.0062760406735375,314.1249519831036,3802.14013671875,,,,,,,,,,
461,6,71.0,0.0,32.0,32.0,0.1348679065704345,0.0,74.0,0.0,0.0,0.0,0.0,0.0,0.0,0.0,0.0,0.0,0.6,0.0018937347867548,1.0,0.6683976085833101,0.0,0.0,0.0,,,,,,0.0,,,,,315.428141009761,3755.92138671875,,,,,,,,,,
462,6,72.0,0.0,32.0,32.0,0.1121916770935058,0.0,74.0,0.0,0.0,0.0,0.0,0.0,0.0,0.0,0.0,0.0,0.6,0.0018937347867548,1.0,0.6640839833847542,0.0,0.0,0.0,,,,,,0.0,,,,,307.2501770220697,3755.92138671875,,,,,,,,,,
463,6,73.0,0.0,32.0,32.0,0.1585073471069336,0.0,74.0,0.0,0.0,0.0,0.0,0.0,0.0,0.0,0.0,0.0,0.6,0.0018937347867548,1.0,0.6679672645743674,0.0,0.0,0.0,,,,,,0.0,,,,,314.1869109822437,3755.92138671875,,,,,,,,,,
464,6,74.0,0.0,32.0,32.0,0.0064942836761474,22.0,74.0,0.2972972972972973,4.0,18.0,0.1818181818181818,0.8181818181818182,0.146228433670924,0.1276102688821032,0.1503658036239953,0.0,0.6,0.0018937347867548,1.000000001108627,0.6673228210795142,1.7464545050097468e-08,4.0,18.0,0.6363636363636364,4.5,1.0,0.6840384067851413,0.4741392930578376,2.0,0.5233778630421662,0.0007122587389353,0.4996438706305323,0.0006663672178377,321.48833901737817,3848.3134765625,,,,,,,,,,
465,6,75.0,0.0,32.0,32.0,0.0099170207977294,6.0,74.0,0.081081081081081,2.0,4.0,0.3333333333333333,0.6666666666666666,0.1479267703860242,0.1380018185668128,0.1528892462956299,0.0,0.6,0.0018937347867548,1.0000000000152265,0.6690613753785458,-1.5403554595502572e-09,2.0,4.0,0.3333333333333333,2.0,1.0,0.918295805200589,0.636514148294813,2.0,0.5200369806960407,0.0008228495134972,0.4995885752432514,0.0017625592311746,314.715628977865,3777.01513671875,,,,,,,,,,
466,6,76.0,0.0,32.0,32.0,0.0087747573852539,7.0,74.0,0.0945945945945946,3.0,4.0,0.4285714285714285,0.5714285714285714,0.140488417519828,0.1294200782761985,0.14878967195255,0.0,0.6,0.0018937347867548,1.0000000001100224,0.6693615185549177,-6.340115747767176e-09,3.0,4.0,0.1428571428571428,1.3333333333333333,1.0,0.9852281071803508,0.6829080847004718,2.0,0.5371538801663825,0.0009609779226593,0.4995195110386703,0.0003747238540155,311.98403402231634,3778.23388671875,,,,,,,,,,
467,6,77.0,0.0,32.0,32.0,0.0074396133422851,8.0,74.0,0.1081081081081081,2.0,6.0,0.25,0.75,0.1405668897279925,0.1158568883839183,0.1488035568426839,0.0,0.6,0.0018937347867548,1.000000000018183,0.669122246342776,6.9505017980294925e-09,2.0,6.0,0.5,3.0,1.0,0.8112780956052325,0.5623351246188086,2.0,0.5347692357244525,-0.0018199787009507,0.5009099893504754,-0.0090909660341089,316.2740830157418,3786.85888671875,,,,,,,,,,
468,6,78.0,0.0,26.0,26.0,0.1793676523061899,0.0,74.0,0.0,0.0,0.0,0.0,0.0,0.0,0.0,0.0,0.0,0.6,0.0018937347867548,1.0,0.6677065611116583,0.0,0.0,0.0,,,,,,0.0,,,,,278.2904600026086,3592.01318359375,,,,,,,,,,
468,6,,1.0,32.0,32.0,,,,,,,,,,,,,,,1.0,0.6677065611116583,0.0,0.0,0.0,,,,,,0.0,,,,,278.2904600026086,3592.01318359375,0.776173285198556,1.0413703322410583,0.7725631768953068,1.0269272592332628,0.9863453815261044,0.0470682027606436,0.2101720963275484,0.9863453815261044,0.0466450972554202,0.2137822046307975
469,7,1.0,0.0,32.0,32.0,0.0101938247680664,4.0,74.0,0.054054054054054,2.0,2.0,0.5,0.5,0.132566075602115,0.116559389308325,0.148572761895905,0.0,0.6,0.0018937347867548,1.000000000002874,0.6666216369394797,-3.5523892492219532e-09,2.0,2.0,0.0,1.0,1.0,0.9999999711460994,0.6931471605599454,2.0,0.5589963077928454,0.0046965088695287,0.4976517455652356,0.0021999166278428,308.3318619756028,3763.04638671875,,,,,,,,,,
470,7,2.0,0.0,32.0,32.0,0.004979133605957,52.0,74.0,0.7027027027027027,7.0,45.0,0.1346153846153846,0.8653846153846154,0.1496745576817784,0.1324267559297507,0.1523575490654271,0.0,0.6,0.0018937347867548,0.9999999372516948,0.670539411145225,-6.1161307281869895e-09,7.0,45.0,0.7307692307692307,6.428571428571429,1.0,0.5699613471864498,0.3950671008304358,2.0,0.5185136117754292,0.0006401880713787,0.4996799059643106,0.0003392618112356,339.37200301443227,4099.0888671875,,,,,,,,,,
471,7,3.0,0.0,32.0,32.0,0.0116612911224365,0.0,74.0,0.0,0.0,0.0,0.0,0.0,0.0,0.0,0.0,0.0,0.6,0.0018937347867548,1.0,0.6662261248371594,0.0,0.0,0.0,,,,,,0.0,,,,,312.3921480146237,3755.92138671875,,,,,,,,,,
472,7,4.0,0.0,32.0,32.0,0.0065321922302246,9.0,74.0,0.1216216216216216,2.0,7.0,0.2222222222222222,0.7777777777777778,0.1423838065792226,0.1097314972096045,0.1517130378276849,0.0,0.6,0.0018937347867548,1.000000000088751,0.6656681097165109,-9.239079731188843e-10,2.0,7.0,0.5555555555555556,3.5,1.0,0.7642044776547198,0.5297061790576547,2.0,0.5418552844229284,-0.0012827727672023,0.5006413863836011,0.0009606948388276,315.6358599953819,3795.39013671875,,,,,,,,,,
473,7,5.0,0.0,32.0,32.0,0.1336102485656738,0.0,74.0,0.0,0.0,0.0,0.0,0.0,0.0,0.0,0.0,0.0,0.6,0.0018937347867548,1.0,0.6650608093841972,0.0,0.0,0.0,,,,,,0.0,,,,,313.8377149880398,3755.92138671875,,,,,,,,,,
474,7,6.0,0.0,32.0,32.0,0.1686456203460693,0.0,74.0,0.0,0.0,0.0,0.0,0.0,0.0,0.0,0.0,0.0,0.6,0.0018937347867548,1.0,0.6678024428987462,0.0,0.0,0.0,,,,,,0.0,,,,,307.7191800111905,3755.92138671875,,,,,,,,,,
475,7,7.0,0.0,32.0,32.0,0.1198127269744873,0.0,74.0,0.0,0.0,0.0,0.0,0.0,0.0,0.0,0.0,0.0,0.6,0.0018937347867548,1.0,0.6663751654141551,0.0,0.0,0.0,,,,,,0.0,,,,,312.6805819920264,3755.92138671875,,,,,,,,,,
476,7,8.0,0.0,32.0,32.0,0.0044498443603515,18.0,74.0,0.2432432432432432,1.0,17.0,0.0555555555555555,0.9444444444444444,0.1491054012796682,0.0928341791419767,0.1524154731701206,0.0,0.6,0.0018937347867548,1.000000000324364,0.6719576441458804,-1.2888627765229002e-08,1.0,17.0,0.8888888888888888,17.0,1.0,0.3095434002964257,0.2145591351764059,2.0,0.5257787316832644,5.471946765043724e-05,0.4999726402661748,-0.0001723862397155,316.67508999817073,3828.57763671875,,,,,,,,,,
477,7,9.0,0.0,32.0,32.0,0.1147201061248779,0.0,74.0,0.0,0.0,0.0,0.0,0.0,0.0,0.0,0.0,0.0,0.6,0.0018937347867548,1.0,0.6681000890793878,0.0,0.0,0.0,,,,,,0.0,,,,,314.50031997519545,3755.92138671875,,,,,,,,,,
478,7,10.0,0.0,32.0,32.0,0.1682968139648437,0.0,74.0,0.0,0.0,0.0,0.0,0.0,0.0,0.0,0.0,0.0,0.6,0.0018937347867548,1.0,0.6671627637057704,0.0,0.0,0.0,,,,,,0.0,,,,,307.0668150030542,3755.92138671875,,,,,,,,,,
479,7,11.0,0.0,32.0,32.0,0.2098488807678222,0.0,74.0,0.0,0.0,0.0,0.0,0.0,0.0,0.0,0.0,0.0,0.6,0.0018937347867548,1.0,0.6728423528607311,0.0,0.0,0.0,,,,,,0.0,,,,,315.4421820072457,3755.92138671875,,,,,,,,,,
480,7,12.0,0.0,32.0,32.0,0.0057792663574218,36.0,74.0,0.4864864864864865,4.0,32.0,0.1111111111111111,0.8888888888888888,0.1505277119690172,0.1267107692483757,0.1535048298090974,0.0,0.6,0.0018937347867548,1.0000000026910596,0.6711476494496165,-5.321827135036462e-09,4.0,32.0,0.7777777777777778,8.0,1.0,0.5032583059217456,0.3488320758430324,2.0,0.5227635639014037,0.0041102273713951,0.4979448863143024,0.001745883110188,328.9851220033597,3990.0634765625,,,,,,,,,,
481,7,13.0,0.0,32.0,32.0,0.0045738220214843,18.0,74.0,0.2432432432432432,4.0,14.0,0.2222222222222222,0.7777777777777778,0.146994690135596,0.1282746972267871,0.1523432595381128,0.0,0.6,0.0018937347867548,0.9999999997591416,0.6656702323922439,1.0672828102388698e-08,4.0,14.0,0.5555555555555556,3.5,1.0,0.7642044776547198,0.5297061790576547,2.0,0.5255729815793725,0.0003127374374718,0.4998436312812641,-0.0057079241160413,327.4274750147015,3829.70263671875,,,,,,,,,,
482,7,14.0,0.0,32.0,32.0,0.0072500705718994,8.0,74.0,0.1081081081081081,3.0,5.0,0.375,0.625,0.1407214372900791,0.121018541604329,0.1525431747015291,0.0,0.6,0.0018937347867548,0.9999999999894652,0.6691776755454825,3.156383883476088e-09,3.0,5.0,0.25,1.6666666666666667,1.0,0.9544339740710645,0.6615632181579822,2.0,0.5475599393994157,0.0012006161850877,0.4993996919074561,0.0005236539940932,314.2785159870982,3785.54638671875,,,,,,,,,,
483,7,15.0,0.0,32.0,32.0,0.0150034427642822,0.0,74.0,0.0,0.0,0.0,0.0,0.0,0.0,0.0,0.0,0.0,0.6,0.0018937347867548,1.0,0.6711827956798266,0.0,0.0,0.0,,,,,,0.0,,,,,311.59759301226586,3755.92138671875,,,,,,,,,,
484,7,16.0,0.0,32.0,32.0,0.1157240867614746,0.0,74.0,0.0,0.0,0.0,0.0,0.0,0.0,0.0,0.0,0.0,0.6,0.0018937347867548,1.0,0.6679055929708622,0.0,0.0,0.0,,,,,,0.0,,,,,310.85256100050174,3755.92138671875,,,,,,,,,,
485,7,17.0,0.0,32.0,32.0,0.1646764278411865,0.0,74.0,0.0,0.0,0.0,0.0,0.0,0.0,0.0,0.0,0.0,0.6,0.0018937347867548,1.0,0.6667581879242602,0.0,0.0,0.0,,,,,,0.0,,,,,312.5094130227808,3755.92138671875,,,,,,,,,,
486,7,18.0,0.0,32.0,32.0,0.223405122756958,0.0,74.0,0.0,0.0,0.0,0.0,0.0,0.0,0.0,0.0,0.0,0.6,0.0018937347867548,1.0,0.6723516896625475,0.0,0.0,0.0,,,,,,0.0,,,,,307.95589499757625,3755.92138671875,,,,,,,,,,
487,7,19.0,0.0,32.0,32.0,0.0051546096801757,35.0,74.0,0.4729729729729729,2.0,33.0,0.0571428571428571,0.9428571428571428,0.1516556605944168,0.1238212792608797,0.1533425927964493,0.0,0.6,0.0018937347867548,1.0000000038853596,0.6665590102800248,-5.952087141242554e-09,2.0,33.0,0.8857142857142857,16.5,1.0,0.3159971041245251,0.219032501789022,2.0,0.5192377577924202,0.0022501871915164,0.4988749064042417,-0.0019371769919096,331.5961000043899,3967.56689453125,,,,,,,,,,
488,7,20.0,0.0,32.0,32.0,0.0080299377441406,17.0,74.0,0.2297297297297297,4.0,13.0,0.2352941176470588,0.7647058823529411,0.1457848133391578,0.1282488114075011,0.151180506241206,0.0,0.6,0.0018937347867548,1.000000000038518,0.6623413551965655,-1.0547538084210462e-08,4.0,13.0,0.5294117647058824,3.25,1.0,0.7871265573473685,0.5455945539691845,2.0,0.5244600271929428,0.0006125652998889,0.4996937173500555,-0.0037714846941394,322.72382397786714,3819.85888671875,,,,,,,,,,
489,7,21.0,0.0,32.0,32.0,0.0093374252319335,6.0,74.0,0.081081081081081,2.0,4.0,0.3333333333333333,0.6666666666666666,0.1422751359657533,0.1266862917323505,0.1500695580824547,0.0,0.6,0.0018937347867548,0.9999999999412056,0.6713004671093423,-6.170458241208279e-09,2.0,4.0,0.3333333333333333,2.0,1.0,0.918295805200589,0.636514148294813,2.0,0.5354180070123897,-0.0015489372890442,0.5007744686445221,0.0003900948330175,396.5109639975708,3775.98388671875,,,,,,,,,,
490,7,22.0,0.0,32.0,32.0,0.1505086421966552,0.0,74.0,0.0,0.0,0.0,0.0,0.0,0.0,0.0,0.0,0.0,0.6,0.0018937347867548,1.0,0.666984888915529,0.0,0.0,0.0,,,,,,0.0,,,,,304.58482101676054,3755.92138671875,,,,,,,,,,
491,7,23.0,0.0,32.0,32.0,0.121037483215332,0.0,74.0,0.0,0.0,0.0,0.0,0.0,0.0,0.0,0.0,0.0,0.6,0.0018937347867548,1.0,0.6680776350489115,0.0,0.0,0.0,,,,,,0.0,,,,,315.02474198350683,3755.92138671875,,,,,,,,,,
492,7,24.0,0.0,32.0,32.0,0.4422273635864258,0.0,74.0,0.0,0.0,0.0,0.0,0.0,0.0,0.0,0.0,0.0,0.6,0.0018937347867548,1.0,0.6692603125923534,0.0,0.0,0.0,,,,,,0.0,,,,,319.4039020163473,3755.92138671875,,,,,,,,,,
493,7,25.0,0.0,32.0,32.0,0.0925300121307373,0.0,74.0,0.0,0.0,0.0,0.0,0.0,0.0,0.0,0.0,0.0,0.6,0.0018937347867548,1.0,0.6685366295478561,0.0,0.0,0.0,,,,,,0.0,,,,,310.5651369842235,3755.92138671875,,,,,,,,,,
494,7,26.0,0.0,32.0,32.0,0.1956064701080322,0.0,74.0,0.0,0.0,0.0,0.0,0.0,0.0,0.0,0.0,0.0,0.6,0.0018937347867548,1.0,0.6631996300639906,0.0,0.0,0.0,,,,,,0.0,,,,,305.90228000073694,3755.92138671875,,,,,,,,,,
495,7,27.0,0.0,32.0,32.0,0.2136437892913818,0.0,74.0,0.0,0.0,0.0,0.0,0.0,0.0,0.0,0.0,0.0,0.6,0.0018937347867548,1.0,0.6750134114719951,0.0,0.0,0.0,,,,,,0.0,,,,,321.7596169852186,3755.92138671875,,,,,,,,,,
496,7,28.0,0.0,32.0,32.0,0.0276523828506469,0.0,74.0,0.0,0.0,0.0,0.0,0.0,0.0,0.0,0.0,0.0,0.6,0.0018937347867548,1.0,0.6652802344632162,0.0,0.0,0.0,,,,,,0.0,,,,,306.1776130052749,3755.92138671875,,,,,,,,,,
497,7,29.0,0.0,32.0,32.0,0.0135459899902343,0.0,74.0,0.0,0.0,0.0,0.0,0.0,0.0,0.0,0.0,0.0,0.6,0.0018937347867548,1.0,0.6728232587005598,0.0,0.0,0.0,,,,,,0.0,,,,,309.06283302465454,3755.92138671875,,,,,,,,,,
498,7,30.0,0.0,32.0,32.0,0.146970510482788,0.0,74.0,0.0,0.0,0.0,0.0,0.0,0.0,0.0,0.0,0.0,0.6,0.0018937347867548,1.0,0.6639827873634037,0.0,0.0,0.0,,,,,,0.0,,,,,314.61560301249847,3755.92138671875,,,,,,,,,,
499,7,31.0,0.0,32.0,32.0,0.1550543308258056,0.0,74.0,0.0,0.0,0.0,0.0,0.0,0.0,0.0,0.0,0.0,0.6,0.0018937347867548,1.0,0.6671553658491468,0.0,0.0,0.0,,,,,,0.0,,,,,310.0093789980747,3755.92138671875,,,,,,,,,,
500,7,32.0,0.0,32.0,32.0,0.0063395500183105,14.0,74.0,0.1891891891891892,3.0,11.0,0.2142857142857142,0.7857142857142857,0.1474750192992646,0.1268418870377843,0.1531022371887592,0.0,0.6,0.0018937347867548,1.000000000069646,0.6661692239001151,-4.966062601869276e-09,3.0,11.0,0.5714285714285714,3.6666666666666665,1.0,0.7495952284055795,0.5195798191305157,2.0,0.5265261570623128,0.001046605496442,0.499476697251779,-0.0052700271470767,317.97477600048296,3813.58349609375,,,,,,,,,,
501,7,33.0,0.0,32.0,32.0,0.0179419517517089,0.0,74.0,0.0,0.0,0.0,0.0,0.0,0.0,0.0,0.0,0.0,0.6,0.0018937347867548,1.0,0.6706898066288376,0.0,0.0,0.0,,,,,,0.0,,,,,314.34381898725405,3755.92138671875,,,,,,,,,,
502,7,34.0,0.0,32.0,32.0,0.0154584646224975,0.0,74.0,0.0,0.0,0.0,0.0,0.0,0.0,0.0,0.0,0.0,0.6,0.0018937347867548,1.0,0.6665789786786906,0.0,0.0,0.0,,,,,,0.0,,,,,307.793585001491,3755.92138671875,,,,,,,,,,
503,7,35.0,0.0,32.0,32.0,0.3467442989349365,0.0,74.0,0.0,0.0,0.0,0.0,0.0,0.0,0.0,0.0,0.0,0.6,0.0018937347867548,1.0,0.66807616706653,0.0,0.0,0.0,,,,,,0.0,,,,,308.53534198831767,3755.92138671875,,,,,,,,,,
504,7,36.0,0.0,32.0,32.0,0.0062768459320068,29.0,74.0,0.3918918918918919,4.0,25.0,0.1379310344827586,0.8620689655172413,0.1500029602302471,0.128388444066581,0.1534612828164336,0.0,0.6,0.0018937347867548,0.9999999989630136,0.6707782088664981,1.0427636783094887e-08,4.0,25.0,0.7241379310344828,6.25,1.0,0.5787945957782196,0.4011898421870061,2.0,0.5243809834869849,9.217719672315364e-05,0.4999539114016384,-0.0028071194362063,331.80794498184696,3920.8759765625,,,,,,,,,,
505,7,37.0,0.0,32.0,32.0,0.238100528717041,0.0,74.0,0.0,0.0,0.0,0.0,0.0,0.0,0.0,0.0,0.0,0.6,0.0018937347867548,1.0,0.6724970076883392,0.0,0.0,0.0,,,,,,0.0,,,,,312.62639100896195,3755.92138671875,,,,,,,,,,
506,7,38.0,0.0,32.0,32.0,0.1349877119064331,0.0,74.0,0.0,0.0,0.0,0.0,0.0,0.0,0.0,0.0,0.0,0.6,0.0018937347867548,1.0,0.667617362542506,0.0,0.0,0.0,,,,,,0.0,,,,,305.32305300584994,3755.92138671875,,,,,,,,,,
507,7,39.0,0.0,32.0,32.0,0.0055751800537109,48.0,74.0,0.6486486486486487,6.0,42.0,0.125,0.875,0.1508314362103211,0.1328273355672559,0.1534034505879018,0.0,0.6,0.0018937347867548,1.000000022957487,0.6652596990979398,-3.7016950654661485e-09,6.0,42.0,0.75,7.0,1.0,0.5435644143456962,0.3767701412564372,2.0,0.5213089579698237,0.0006517412442099,0.499674129377895,0.0040348141816235,341.3555749866646,4058.5888671875,,,,,,,,,,
508,7,40.0,0.0,32.0,32.0,0.0262837409973144,0.0,74.0,0.0,0.0,0.0,0.0,0.0,0.0,0.0,0.0,0.0,0.6,0.0018937347867548,1.0,0.6700338089968628,0.0,0.0,0.0,,,,,,0.0,,,,,306.3400340033695,3755.92138671875,,,,,,,,,,
509,7,41.0,0.0,32.0,32.0,0.0047645568847656,61.0,74.0,0.8243243243243243,5.0,56.0,0.081967213114754,0.918032786885246,0.1512293177846048,0.1341932366347555,0.1527503964586985,0.0,0.6,0.0018937347867548,1.0000000434029903,0.6657754486801529,-1.0523971339138111e-08,5.0,56.0,0.8360655737704918,11.2,1.0,0.4090731101899266,0.2835478729710354,2.0,0.515366981561516,-0.0003488580072685,0.5001744290036343,-0.0005363131262166,347.82933301175945,4224.2509765625,,,,,,,,,,
510,7,42.0,0.0,32.0,32.0,0.0091447830200195,4.0,74.0,0.054054054054054,1.0,3.0,0.25,0.75,0.1330030820850542,0.0878225806268902,0.1480632492377755,0.0,0.6,0.0018937347867548,1.0000000000107057,0.6689471924957529,1.2245058799514122e-09,1.0,3.0,0.5,3.0,1.0,0.8112780956052325,0.5623351246188086,2.0,0.5587359319831173,0.0047669610939919,0.497616519453004,-0.0022356159564756,311.94138299906626,3769.98974609375,,,,,,,,,,
511,7,43.0,0.0,32.0,32.0,0.006976842880249,12.0,74.0,0.1621621621621621,2.0,10.0,0.1666666666666666,0.8333333333333334,0.1457664582007369,0.1236005873445784,0.1501996323719686,0.0,0.6,0.0018937347867548,1.000000000527829,0.669981569547145,-3.393496681340759e-09,2.0,10.0,0.6666666666666666,5.0,1.0,0.6500223927944538,0.450561188866305,2.0,0.5266193501724362,0.0026649144690901,0.4986675427654549,-0.0035707105696752,320.6347999803256,3802.52099609375,,,,,,,,,,
512,7,44.0,0.0,32.0,32.0,0.2809996604919433,0.0,74.0,0.0,0.0,0.0,0.0,0.0,0.0,0.0,0.0,0.0,0.6,0.0018937347867548,1.0,0.6697444361082302,0.0,0.0,0.0,,,,,,0.0,,,,,307.9473300022073,3755.92138671875,,,,,,,,,,
513,7,45.0,0.0,32.0,32.0,0.0477757453918457,0.0,74.0,0.0,0.0,0.0,0.0,0.0,0.0,0.0,0.0,0.0,0.6,0.0018937347867548,1.0,0.662199282511889,0.0,0.0,0.0,,,,,,0.0,,,,,310.7237090007402,3755.92138671875,,,,,,,,,,
514,7,46.0,0.0,32.0,32.0,0.004105806350708,52.0,74.0,0.7027027027027027,4.0,48.0,0.0769230769230769,0.9230769230769232,0.1494746404890543,0.1306688626558328,0.1510417886418228,0.0,0.6,0.0018937347867548,0.9999999943753024,0.6720427675337398,8.987132478150911e-09,4.0,48.0,0.8461538461538461,12.0,1.0,0.3912435347753558,0.2711893530418447,2.0,0.5149954765227277,0.0004960432165633,0.4997519783917183,0.0004973405073966,338.60501999151893,4116.0634765625,,,,,,,,,,
515,7,47.0,0.0,32.0,32.0,0.0057635307312011,24.0,74.0,0.3243243243243243,3.0,21.0,0.125,0.875,0.1488110813970399,0.1316670622783957,0.1512602269854177,0.0,0.6,0.0018937347867548,0.9999999999805542,0.6717970947344456,9.940811227626314e-09,3.0,21.0,0.75,7.0,1.0,0.5435644143456962,0.3767701412564372,2.0,0.5173784850667397,0.0025880309084141,0.4987059845457929,-0.0040430675820384,324.855152022792,3857.3134765625,,,,,,,,,,
516,7,48.0,0.0,32.0,32.0,0.0914759635925293,0.0,74.0,0.0,0.0,0.0,0.0,0.0,0.0,0.0,0.0,0.0,0.6,0.0018937347867548,1.0,0.6669756916619151,0.0,0.0,0.0,,,,,,0.0,,,,,309.88051899475977,3755.92138671875,,,,,,,,,,
517,7,49.0,0.0,32.0,32.0,0.1182150840759277,0.0,74.0,0.0,0.0,0.0,0.0,0.0,0.0,0.0,0.0,0.0,0.6,0.0018937347867548,1.0,0.6707353617028411,0.0,0.0,0.0,,,,,,0.0,,,,,312.9328390059527,3755.92138671875,,,,,,,,,,
518,7,50.0,0.0,32.0,32.0,0.1503643989562988,0.0,74.0,0.0,0.0,0.0,0.0,0.0,0.0,0.0,0.0,0.0,0.6,0.0018937347867548,1.0,0.6633790412265713,0.0,0.0,0.0,,,,,,0.0,,,,,307.7377999725286,3755.92138671875,,,,,,,,,,
519,7,51.0,0.0,32.0,32.0,0.0139789581298828,0.0,74.0,0.0,0.0,0.0,0.0,0.0,0.0,0.0,0.0,0.0,0.6,0.0018937347867548,1.0,0.6695808036273304,0.0,0.0,0.0,,,,,,0.0,,,,,313.1768980238121,3755.92138671875,,,,,,,,,,
520,7,52.0,0.0,32.0,32.0,0.0865657329559326,0.0,74.0,0.0,0.0,0.0,0.0,0.0,0.0,0.0,0.0,0.0,0.6,0.0018937347867548,1.0,0.669319796664748,0.0,0.0,0.0,,,,,,0.0,,,,,307.26908598444425,3755.92138671875,,,,,,,,,,
521,7,53.0,0.0,32.0,32.0,0.0096030235290527,6.0,74.0,0.081081081081081,1.0,5.0,0.1666666666666666,0.8333333333333334,0.1474787356453933,0.1232205166418223,0.1523303794461075,0.0,0.6,0.0018937347867548,0.9999999998748992,0.6666044860419634,5.9864519800664634e-09,1.0,5.0,0.6666666666666666,5.0,1.0,0.6500223927944538,0.450561188866305,2.0,0.5259682195796778,-0.0001063180243363,0.5000531590121682,0.0067487799318513,315.45685199671425,3778.23388671875,,,,,,,,,,
522,7,54.0,0.0,32.0,32.0,0.0075399875640869,23.0,74.0,0.3108108108108108,5.0,18.0,0.217391304347826,0.782608695652174,0.1492676980444891,0.1329061657172438,0.1538125681353905,0.0,0.6,0.0018937347867548,0.999999999898457,0.6651400344479873,-4.9945012853110285e-09,5.0,18.0,0.5652173913043478,3.6,1.0,0.7553753837075283,0.52358631748126,2.0,0.5278035224970261,0.0005305682760889,0.4997347158619555,-0.0005179148941368,319.8449549963698,3866.3134765625,,,,,,,,,,
523,7,55.0,0.0,32.0,32.0,0.2645125389099121,0.0,74.0,0.0,0.0,0.0,0.0,0.0,0.0,0.0,0.0,0.0,0.6,0.0018937347867548,1.0,0.6667696700967746,0.0,0.0,0.0,,,,,,0.0,,,,,315.364004985895,3755.92138671875,,,,,,,,,,
524,7,56.0,0.0,32.0,32.0,0.0067290067672729,12.0,74.0,0.1621621621621621,5.0,7.0,0.4166666666666667,0.5833333333333334,0.1440080561555765,0.1299629079368645,0.154040304883228,0.0,0.6,0.0018937347867548,1.0000000000862523,0.6740150896418763,-1.9588367072812652e-09,5.0,7.0,0.1666666666666666,1.4,1.0,0.9798687277972522,0.6791932459915259,2.0,0.5405684174086554,0.0012618510202931,0.4993690744898534,-0.0017703529114089,314.8825220123399,3809.08349609375,,,,,,,,,,
525,7,57.0,0.0,32.0,32.0,0.1890857219696045,0.0,74.0,0.0,0.0,0.0,0.0,0.0,0.0,0.0,0.0,0.0,0.6,0.0018937347867548,1.0,0.6750651051389774,0.0,0.0,0.0,,,,,,0.0,,,,,313.98727698251605,3755.92138671875,,,,,,,,,,
526,7,58.0,0.0,32.0,32.0,0.0985631942749023,0.0,74.0,0.0,0.0,0.0,0.0,0.0,0.0,0.0,0.0,0.0,0.6,0.0018937347867548,1.0,0.6680661585086684,0.0,0.0,0.0,,,,,,0.0,,,,,307.3840450088028,3755.92138671875,,,,,,,,,,
527,7,59.0,0.0,32.0,32.0,0.0592672824859619,2.0,74.0,0.027027027027027,0.0,2.0,0.0,1.0,0.1501944136180709,0.0,0.1501944136180709,0.0,0.6,0.0018937347867548,0.999999999982784,0.6660114502032409,3.321293379773001e-09,0.0,2.0,1.0,,0.5,-1.4426950249075512e-08,-9.999999889225293e-09,1.0,0.5006480453935698,0.006791295018047,0.4966043524909764,,316.17192598059773,3760.61474609375,,,,,,,,,,
528,7,60.0,0.0,32.0,32.0,0.1821339130401611,0.0,74.0,0.0,0.0,0.0,0.0,0.0,0.0,0.0,0.0,0.0,0.6,0.0018937347867548,1.0,0.6751940535455446,0.0,0.0,0.0,,,,,,0.0,,,,,308.440544991754,3755.92138671875,,,,,,,,,,
529,7,61.0,0.0,32.0,32.0,0.0129866600036621,0.0,74.0,0.0,0.0,0.0,0.0,0.0,0.0,0.0,0.0,0.0,0.6,0.0018937347867548,1.0,0.6745818173636358,0.0,0.0,0.0,,,,,,0.0,,,,,312.204177986132,3755.92138671875,,,,,,,,,,
530,7,62.0,0.0,32.0,32.0,0.0060133934020996,42.0,74.0,0.5675675675675675,5.0,37.0,0.119047619047619,0.8809523809523809,0.150018181048905,0.1340234678405539,0.1521796287797633,0.0,0.6,0.0018937347867548,1.0000000078083906,0.6640768973535605,-2.460765699031952e-09,5.0,37.0,0.7619047619047619,7.4,1.0,0.5266170367175279,0.3650231142355876,2.0,0.5176901467700736,0.0001722696356263,0.4999138651821868,0.000200150753576,334.1801200003829,4019.5009765625,,,,,,,,,,
531,7,63.0,0.0,32.0,32.0,0.0059812068939208,21.0,74.0,0.2837837837837837,4.0,17.0,0.1904761904761904,0.8095238095238095,0.1514879459074803,0.1356819929713904,0.1552069936571485,0.0,0.6,0.0018937347867548,1.0000000004698884,0.6645689660312689,-1.8869154233847352e-08,4.0,17.0,0.6190476190476191,4.25,1.0,0.7024665224364899,0.4869126894646025,2.0,0.5286032199275656,-0.0005744928927907,0.5002872464463953,-0.0013817725945654,323.5960839956533,3830.54638671875,,,,,,,,,,
532,7,64.0,0.0,32.0,32.0,0.0059552192687988,21.0,74.0,0.2837837837837837,3.0,18.0,0.1428571428571428,0.8571428571428571,0.1469614693864052,0.1233003357744706,0.150904991655061,0.0,0.6,0.0018937347867548,0.999999999586875,0.6702702936204041,-4.28939594152435e-09,3.0,18.0,0.7142857142857143,6.0,1.0,0.5916727497284272,0.4101162982884094,2.0,0.5214312500155523,0.002129513754173,0.4989352431229135,-0.0015438128332929,323.3057229954284,3830.54638671875,,,,,,,,,,
533,7,65.0,0.0,32.0,32.0,0.0048820972442626,43.0,74.0,0.581081081081081,3.0,40.0,0.0697674418604651,0.9302325581395348,0.1504610268921266,0.1262620323404515,0.1522759514835022,0.0,0.6,0.0018937347867548,1.0000000009148802,0.6684786677117039,2.472527705287485e-09,3.0,40.0,0.8604651162790697,13.333333333333334,1.0,0.3650551607863851,0.2530369554479403,2.0,0.5182452098826303,-0.0004112052310783,0.5002056026155391,0.0009304934530215,336.5258609992452,4035.2451171875,,,,,,,,,,
534,7,66.0,0.0,32.0,32.0,0.1951339244842529,0.0,74.0,0.0,0.0,0.0,0.0,0.0,0.0,0.0,0.0,0.0,0.6,0.0018937347867548,1.0,0.6658040823861266,0.0,0.0,0.0,,,,,,0.0,,,,,308.2431690127123,3755.92138671875,,,,,,,,,,
535,7,67.0,0.0,32.0,32.0,0.0969395637512207,0.0,74.0,0.0,0.0,0.0,0.0,0.0,0.0,0.0,0.0,0.0,0.6,0.0018937347867548,1.0,0.6724259710359097,0.0,0.0,0.0,,,,,,0.0,,,,,315.5375199858099,3755.92138671875,,,,,,,,,,
536,7,68.0,0.0,32.0,32.0,0.1403677463531494,0.0,74.0,0.0,0.0,0.0,0.0,0.0,0.0,0.0,0.0,0.0,0.6,0.0018937347867548,1.0,0.6699762160411671,0.0,0.0,0.0,,,,,,0.0,,,,,307.2537569969427,3755.92138671875,,,,,,,,,,
537,7,69.0,0.0,32.0,32.0,0.0116472244262695,0.0,74.0,0.0,0.0,0.0,0.0,0.0,0.0,0.0,0.0,0.0,0.6,0.0018937347867548,1.0,0.6707992397789461,0.0,0.0,0.0,,,,,,0.0,,,,,312.5669519940857,3755.92138671875,,,,,,,,,,
538,7,70.0,0.0,32.0,32.0,0.0036718845367431,60.0,74.0,0.8108108108108109,2.0,58.0,0.0333333333333333,0.9666666666666668,0.1509831496204507,0.1167284681785429,0.1521643455322406,0.0,0.6,0.0018937347867548,1.0000000461959992,0.669547784293753,-9.657668009928344e-09,2.0,58.0,0.9333333333333332,29.0,1.0,0.2108422714646335,0.1461447260085653,2.0,0.5144106607167485,0.0026198339969109,0.4986900830015445,-0.0020315657541226,345.5373379983939,4161.44140625,,,,,,,,,,
539,7,71.0,0.0,32.0,32.0,0.1502633094787597,0.0,74.0,0.0,0.0,0.0,0.0,0.0,0.0,0.0,0.0,0.0,0.6,0.0018937347867548,1.0,0.6713379130923299,0.0,0.0,0.0,,,,,,0.0,,,,,314.59818201255985,3755.92138671875,,,,,,,,,,
540,7,72.0,0.0,32.0,32.0,0.1360754966735839,0.0,74.0,0.0,0.0,0.0,0.0,0.0,0.0,0.0,0.0,0.0,0.6,0.0018937347867548,1.0,0.6644639004915512,0.0,0.0,0.0,,,,,,0.0,,,,,304.1656999848783,3755.92138671875,,,,,,,,,,
541,7,73.0,0.0,32.0,32.0,0.0256067514419555,0.0,74.0,0.0,0.0,0.0,0.0,0.0,0.0,0.0,0.0,0.0,0.6,0.0018937347867548,1.0,0.6649212325097759,0.0,0.0,0.0,,,,,,0.0,,,,,317.20154199865647,3755.92138671875,,,,,,,,,,
542,7,74.0,0.0,32.0,32.0,0.1656177043914795,0.0,74.0,0.0,0.0,0.0,0.0,0.0,0.0,0.0,0.0,0.0,0.6,0.0018937347867548,1.0,0.673286842351931,0.0,0.0,0.0,,,,,,0.0,,,,,304.7299580066465,3755.92138671875,,,,,,,,,,
543,7,75.0,0.0,32.0,32.0,0.071100115776062,0.0,74.0,0.0,0.0,0.0,0.0,0.0,0.0,0.0,0.0,0.0,0.6,0.0018937347867548,1.0,0.6660967123771563,0.0,0.0,0.0,,,,,,0.0,,,,,314.1064079827629,3755.92138671875,,,,,,,,,,
544,7,76.0,0.0,32.0,32.0,0.2663888931274414,0.0,74.0,0.0,0.0,0.0,0.0,0.0,0.0,0.0,0.0,0.0,0.6,0.0018937347867548,1.0,0.6706285932947557,0.0,0.0,0.0,,,,,,0.0,,,,,307.70167798618786,3755.92138671875,,,,,,,,,,
545,7,77.0,0.0,32.0,32.0,0.0097508430480957,3.0,74.0,0.0405405405405405,2.0,1.0,0.6666666666666666,0.3333333333333333,0.1448191135588691,0.139612005378408,0.1552333299197911,0.0,0.6,0.0018937347867548,0.9999999999978244,0.6677324890587717,-2.2599135605289783e-09,2.0,1.0,0.3333333333333333,2.0,1.0,0.918295805200589,0.636514148294813,2.0,0.5288992435144166,0.0013022419298067,0.4993488790350966,,312.3313100077212,3769.98974609375,,,,,,,,,,
546,7,78.0,0.0,26.0,26.0,0.0270641033466045,0.0,74.0,0.0,0.0,0.0,0.0,0.0,0.0,0.0,0.0,0.0,0.6,0.0018937347867548,1.0,0.6671607060850498,0.0,0.0,0.0,,,,,,0.0,,,,,276.02293601376005,3592.01318359375,,,,,,,,,,
546,7,,1.0,32.0,32.0,,,,,,,,,,,,,,,1.0,0.6671607060850498,0.0,0.0,0.0,,,,,,0.0,,,,,276.02293601376005,3592.01318359375,0.7870036101083032,1.0723534524440763,0.7870036101083032,1.0583504603968723,0.9911646586345382,0.0323502950173301,0.2041610485262349,0.9915662650602408,0.0321797837461464,0.2045626549519377
