step,epoch,step_in_epoch,probe/is_eval,sys/effective_batch_size,sys/device_batch_size,train/loss,train/gate0_triggered_blocks,train/gate0_considered_blocks,train/gate0_trigger_rate,train/pull_to_r_blocks,train/pull_to_R_blocks,train/pull_to_r_rate,train/pull_to_R_rate,train/alpha_pull_mean,train/alpha_pull_to_r_mean,train/alpha_pull_to_R_mean,train/single_vote_skipped_blocks,train/tau_N,train/tau_D,diag/info_retention_ratio,diag/residual_visibility,diag/conflict_resolution_rate,train/expert_load_r,train/expert_load_R,train/load_cv,train/load_max_min_ratio,train/utilization_ratio,train/routing_entropy,train/routing_entropy_raw,train/active_experts,train/expert_purity,train/intra_expert_coherence,train/intra_expert_conflict,train/inter_expert_similarity,sys/time_per_step_ms,sys/peak_memory_mb,val/acc,val/loss,val/acc_r_only,val/loss_r_only,train/acc,train/loss_eval,gap/train_minus_val,train/acc_r_only,train/loss_r_only_eval,gap_r_only/train_minus_val_r_only
1,1,1.0,0.0,32.0,32.0,0.6868896484375,34.0,74.0,0.4594594594594595,0.0,34.0,0.0,1.0,0.1500585295401948,0.0,0.1500585295401948,0.0,0.6,0.0018937347867548,1.0000000000675082,0.6623951729554338,1.1343913170628824e-09,0.0,34.0,1.0,,0.5,-1.4426950249075512e-08,-9.999999889225293e-09,1.0,0.5067983444822516,4.635109783726699e-05,0.4999768244510814,,804.3870110122953,3655.89013671875,,,,,,,,,,
2,1,2.0,0.0,32.0,32.0,0.688232421875,31.0,74.0,0.4189189189189189,1.0,30.0,0.032258064516129,0.967741935483871,0.1502717047515341,0.142957554612025,0.1505155097561844,0.0,0.6,0.0018937347867548,1.000000001363908,0.6859818033452181,3.8784866459145836e-09,1.0,30.0,0.935483870967742,30.0,1.0,0.2055924793311844,0.1425058473927393,2.0,0.5073112517790505,2.331294154660745e-05,0.4999883435292267,0.0022663793154417,329.3604950013105,3852.5927734375,,,,,,,,,,
3,1,3.0,0.0,32.0,32.0,0.6922607421875,37.0,74.0,0.5,0.0,37.0,0.0,1.0,0.1503920509924515,0.0,0.1503920509924515,0.0,0.6,0.0018937347867548,1.0000000001185163,0.6804411720664364,-8.213319866020793e-09,0.0,37.0,1.0,,0.5,-1.4426950249075512e-08,-9.999999889225293e-09,1.0,0.5056645908321079,0.0002212067260858,0.4998893966369571,,325.27950598159805,3933.380859375,,,,,,,,,,
4,1,4.0,0.0,32.0,32.0,0.7034912109375,42.0,74.0,0.5675675675675675,0.0,42.0,0.0,1.0,0.1501630378754964,0.0,0.1501630378754964,0.0,0.6,0.0018937347867548,1.000000003745004,0.6676539259651852,4.968699547816629e-09,0.0,42.0,1.0,,0.5,-1.4426950249075512e-08,-9.999999889225293e-09,1.0,0.5051698395249664,3.500066529166825e-05,0.4999824996673541,,354.6059670043178,3983.8818359375,,,,,,,,,,
5,1,5.0,0.0,32.0,32.0,0.6873779296875,31.0,74.0,0.4189189189189189,0.0,31.0,0.0,1.0,0.1501329735080594,0.0,0.1501329735080594,0.0,0.6,0.0018937347867548,1.0000000024977718,0.6729951994117526,-7.027406617582238e-09,0.0,31.0,1.0,,0.5,-1.4426950249075512e-08,-9.999999889225293e-09,1.0,0.5047356843529786,0.0001155698032087,0.4999422150983956,,325.90927099226974,3879.6298828125,,,,,,,,,,
6,1,6.0,0.0,32.0,32.0,0.6859130859375,39.0,74.0,0.527027027027027,0.0,39.0,0.0,1.0,0.150717171534323,0.0,0.150717171534323,0.0,0.6,0.0018937347867548,0.9999999965955444,0.6741174039366936,2.5870187802789746e-08,0.0,39.0,1.0,,0.5,-1.4426950249075512e-08,-9.999999889225293e-09,1.0,0.5061591455962813,0.0002648676373917,0.4998675661813041,,325.25605999398977,3970.71875,,,,,,,,,,
7,1,7.0,0.0,32.0,32.0,0.704833984375,26.0,74.0,0.3513513513513513,2.0,24.0,0.0769230769230769,0.9230769230769232,0.1487112544237854,0.1381305457833564,0.1495929801438212,0.0,0.6,0.0018937347867548,0.9999999998535928,0.6638242579041331,1.532086833057296e-11,2.0,24.0,0.8461538461538461,12.0,1.0,0.3912435347753558,0.2711893530418447,2.0,0.5096901498788499,0.0009149782688057,0.4995425108655971,0.00166088984147,336.3361030060332,3848.05224609375,,,,,,,,,,
8,1,8.0,0.0,32.0,32.0,0.6986083984375,38.0,74.0,0.5135135135135135,0.0,38.0,0.0,1.0,0.1498060654394954,0.0,0.1498060654394954,0.0,0.6,0.0018937347867548,1.000000000118629,0.6759660838203811,-6.869436733341308e-09,0.0,38.0,1.0,,0.5,-1.4426950249075512e-08,-9.999999889225293e-09,1.0,0.5066220402373371,-7.217748057927913e-05,0.5000360887402896,,326.35555701563135,3954.119140625,,,,,,,,,,
9,1,9.0,0.0,32.0,32.0,0.6912841796875,39.0,74.0,0.527027027027027,0.0,39.0,0.0,1.0,0.1499493087846906,0.0,0.1499493087846906,0.0,0.6,0.0018937347867548,0.9999999997835683,0.6558866196398899,-2.2402621782432792e-08,0.0,39.0,1.0,,0.5,-1.4426950249075512e-08,-9.999999889225293e-09,1.0,0.5064592952239286,0.0001522738606419,0.499923863069679,,330.90718599851243,3969.068359375,,,,,,,,,,
10,1,10.0,0.0,32.0,32.0,0.7110595703125,14.0,74.0,0.1891891891891892,0.0,14.0,0.0,1.0,0.1502061671610979,0.0,0.1502061671610979,0.0,0.6,0.0018937347867548,1.000000000374826,0.6832298145728201,-6.522452574945034e-09,0.0,14.0,1.0,,0.5,-1.4426950249075512e-08,-9.999999889225293e-09,1.0,0.5047594586697743,0.0003282132674939,0.499835893366253,,323.5499180154875,3800.48388671875,,,,,,,,,,
11,1,11.0,0.0,32.0,32.0,0.7017822265625,39.0,74.0,0.527027027027027,0.0,39.0,0.0,1.0,0.1501333578229581,0.0,0.1501333578229581,0.0,0.6,0.0018937347867548,0.9999999993068523,0.6747928563745009,-1.0960250106431469e-08,0.0,39.0,1.0,,0.5,-1.4426950249075512e-08,-9.999999889225293e-09,1.0,0.5053821931205299,0.0001304023802469,0.4999347988098765,,331.4261870109476,3956.974609375,,,,,,,,,,
12,1,12.0,0.0,32.0,32.0,0.6978759765625,15.0,74.0,0.2027027027027027,0.0,15.0,0.0,1.0,0.1498905341063555,0.0,0.1498905341063555,0.0,0.6,0.0018937347867548,1.0000000002916696,0.6622696470761187,-1.0686029878960033e-08,0.0,15.0,1.0,,0.5,-1.4426950249075512e-08,-9.999999889225293e-09,1.0,0.5066912931459678,0.0012646419662227,0.4993676790168886,,315.68199998582713,3809.80224609375,,,,,,,,,,
13,1,13.0,0.0,32.0,32.0,0.6998291015625,38.0,74.0,0.5135135135135135,0.0,38.0,0.0,1.0,0.1503928009523775,0.0,0.1503928009523775,0.0,0.6,0.0018937347867548,0.9999999987951106,0.6778130903332281,1.7182260021245004e-08,0.0,38.0,1.0,,0.5,-1.4426950249075512e-08,-9.999999889225293e-09,1.0,0.5061089698393683,-1.1049065440239984e-05,0.5000055245327201,,337.5122289871797,3977.48193359375,,,,,,,,,,
14,1,14.0,0.0,32.0,32.0,0.6966552734375,12.0,74.0,0.1621621621621621,0.0,12.0,0.0,1.0,0.1505539432308772,0.0,0.1505539432308772,0.0,0.6,0.0018937347867548,1.0000000002713187,0.6685252340305458,-2.367230150827941e-09,0.0,12.0,1.0,,0.5,-1.4426950249075512e-08,-9.999999889225293e-09,1.0,0.5050612256403068,0.0005959006375633,0.4997020496812183,,317.1278160007205,3789.55224609375,,,,,,,,,,
15,1,15.0,0.0,32.0,32.0,0.6900634765625,31.0,74.0,0.4189189189189189,1.0,30.0,0.032258064516129,0.967741935483871,0.1499286663635798,0.1423854681260752,0.15018010630483,0.0,0.6,0.0018937347867548,1.0000000016549973,0.6654636597343868,-2.164929174205177e-09,1.0,30.0,0.935483870967742,30.0,1.0,0.2055924793311844,0.1425058473927393,2.0,0.5069144714854934,1.852846265049471e-05,0.4999907357686747,-0.0009722850074743,321.60860300064087,3878.22314453125,,,,,,,,,,
16,1,16.0,0.0,32.0,32.0,0.68994140625,25.0,74.0,0.3378378378378378,0.0,25.0,0.0,1.0,0.1502562287167717,0.0,0.1502562287167717,0.0,0.6,0.0018937347867548,0.9999999992220072,0.6660598812122063,5.703941585337398e-09,0.0,25.0,1.0,,0.5,-1.4426950249075512e-08,-9.999999889225293e-09,1.0,0.5058847066626272,0.0001881290057402,0.4999059354971298,,329.9911229987629,3847.45263671875,,,,,,,,,,
17,1,17.0,0.0,32.0,32.0,0.6956787109375,33.0,74.0,0.4459459459459459,0.0,33.0,0.0,1.0,0.1496233701626453,0.0,0.1496233701626453,0.0,0.6,0.0018937347867548,1.000000001053302,0.6769308716216863,-2.1274259056495654e-08,0.0,33.0,1.0,,0.5,-1.4426950249075512e-08,-9.999999889225293e-09,1.0,0.5058326062340758,0.000174890966419,0.4999125545167904,,329.42093900055625,3928.56689453125,,,,,,,,,,
18,1,18.0,0.0,32.0,32.0,0.689453125,36.0,74.0,0.4864864864864865,0.0,36.0,0.0,1.0,0.1498908885658496,0.0,0.1498908885658496,0.0,0.6,0.0018937347867548,1.0000000006375311,0.6747324887102102,1.4563605615742469e-08,0.0,36.0,1.0,,0.5,-1.4426950249075512e-08,-9.999999889225293e-09,1.0,0.5063058969404614,-1.9231432477597065e-05,0.5000096157162388,,324.2660769901704,3955.5673828125,,,,,,,,,,
19,1,19.0,0.0,32.0,32.0,0.69873046875,28.0,74.0,0.3783783783783784,0.0,28.0,0.0,1.0,0.1506073651253073,0.0,0.1506073651253073,0.0,0.6,0.0018937347867548,0.999999993799378,0.6704772700586433,3.0637137808409605e-10,0.0,28.0,1.0,,0.5,-1.4426950249075512e-08,-9.999999889225293e-09,1.0,0.5055164101549217,0.0002332473691572,0.4998833763154213,,328.5087590047624,3879.06591796875,,,,,,,,,,
20,1,20.0,0.0,32.0,32.0,0.6824951171875,40.0,74.0,0.5405405405405406,0.0,40.0,0.0,1.0,0.1503518649919473,0.0,0.1503518649919473,0.0,0.6,0.0018937347867548,0.9999999990908012,0.6704524671801354,6.517631192162529e-09,0.0,40.0,1.0,,0.5,-1.4426950249075512e-08,-9.999999889225293e-09,1.0,0.5067094339514011,-2.1309049298830387e-05,0.5000106545246494,,329.7607770073228,3960.3125,,,,,,,,,,
21,1,21.0,0.0,32.0,32.0,0.68896484375,41.0,74.0,0.5540540540540541,0.0,41.0,0.0,1.0,0.1503866951379968,0.0,0.1503866951379968,0.0,0.6,0.0018937347867548,0.999999998118092,0.6759364258017453,2.6072287796179077e-08,0.0,41.0,1.0,,0.5,-1.4426950249075512e-08,-9.999999889225293e-09,1.0,0.5061431230540234,-3.0262350223790435e-05,0.5000151311751119,,332.59246198576875,3979.474609375,,,,,,,,,,
22,1,22.0,0.0,32.0,32.0,0.6951904296875,40.0,74.0,0.5405405405405406,1.0,39.0,0.025,0.975,0.149809861179575,0.142911846236832,0.1499867333575941,0.0,0.6,0.0018937347867548,0.9999999987688516,0.691094618826467,2.0865161086826148e-08,1.0,39.0,0.95,39.0,1.0,0.1686609026427723,0.116906829137533,2.0,0.5059673517025689,0.0001354063925258,0.4999322968037371,-0.0078536285830759,331.80920701124705,3972.724609375,,,,,,,,,,
23,1,23.0,0.0,32.0,32.0,0.7047119140625,39.0,74.0,0.527027027027027,1.0,38.0,0.0256410256410256,0.9743589743589745,0.1503797351954506,0.1418222572529401,0.1506049319834113,0.0,0.6,0.0018937347867548,0.9999999991755022,0.6768153184334015,2.268787842562674e-09,1.0,38.0,0.9487179487179488,38.0,1.0,0.1720369204992158,0.1192469063962468,2.0,0.5090668662426983,0.0001715694815426,0.4999142152592287,0.0015179263829475,332.10297700134106,3968.22412109375,,,,,,,,,,
24,1,24.0,0.0,32.0,32.0,0.6888427734375,35.0,74.0,0.4729729729729729,1.0,34.0,0.0285714285714285,0.9714285714285714,0.1496289730302099,0.1388883044334287,0.1499448750477623,0.0,0.6,0.0018937347867548,1.0000000009365928,0.6640236090449475,-6.6561599356664984e-09,1.0,34.0,0.9428571428571428,34.0,1.0,0.1871762280193099,0.12974067471943,2.0,0.5085358978498409,0.0001328495174155,0.4999335752412922,0.0031672337800103,327.7000239759218,3948.81689453125,,,,,,,,,,
25,1,25.0,0.0,32.0,32.0,0.6866455078125,29.0,74.0,0.3918918918918919,1.0,28.0,0.0344827586206896,0.9655172413793104,0.1504767445593948,0.1428824380764727,0.1507479697909277,0.0,0.6,0.0018937347867548,0.9999999999690692,0.6612151635464425,-1.0231844993301398e-08,1.0,28.0,0.9310344827586208,28.0,1.0,0.2163969035973659,0.1499949036104164,2.0,0.5086154187104764,-9.550931991259682e-05,0.5000477546599563,0.0057949740788914,325.8301659952849,3881.31591796875,,,,,,,,,,
26,1,26.0,0.0,32.0,32.0,0.6903076171875,35.0,74.0,0.4729729729729729,0.0,35.0,0.0,1.0,0.1497407304280924,0.0,0.1497407304280924,0.0,0.6,0.0018937347867548,0.9999999998447536,0.6697151629502426,1.0498601030781565e-08,0.0,35.0,1.0,,0.5,-1.4426950249075512e-08,-9.999999889225293e-09,1.0,0.5059016507691579,-4.3813187924169473e-05,0.5000219065939621,,331.6260069841519,3937.5673828125,,,,,,,,,,
27,1,27.0,0.0,32.0,32.0,0.68603515625,42.0,74.0,0.5675675675675675,0.0,42.0,0.0,1.0,0.1496863535739786,0.0,0.1496863535739786,0.0,0.6,0.0018937347867548,0.9999999973880818,0.6756441064371437,-2.1644240281454423e-08,0.0,42.0,1.0,,0.5,-1.4426950249075512e-08,-9.999999889225293e-09,1.0,0.50628427084511,0.0001862004617268,0.4999068997691365,,329.75096098380163,3983.9755859375,,,,,,,,,,
28,1,28.0,0.0,32.0,32.0,0.6954345703125,37.0,74.0,0.5,0.0,37.0,0.0,1.0,0.149706877922762,0.0,0.149706877922762,0.0,0.6,0.0018937347867548,0.9999999991944905,0.6702278749329723,-6.3117720014513395e-09,0.0,37.0,1.0,,0.5,-1.4426950249075512e-08,-9.999999889225293e-09,1.0,0.5073111048695843,-7.102130996739311e-05,0.5000355106549838,,333.19109099102207,3947.13037109375,,,,,,,,,,
29,1,29.0,0.0,32.0,32.0,0.6832275390625,25.0,74.0,0.3378378378378378,0.0,25.0,0.0,1.0,0.1494217095961962,0.0,0.1494217095961962,0.0,0.6,0.0018937347867548,1.0000000006600132,0.6656560242770456,-7.821455664653542e-09,0.0,25.0,1.0,,0.5,-1.4426950249075512e-08,-9.999999889225293e-09,1.0,0.5055471877893098,0.0003551679369088,0.4998224160315456,,325.7466239738278,3845.48388671875,,,,,,,,,,
30,1,30.0,0.0,32.0,32.0,0.71337890625,28.0,74.0,0.3783783783783784,1.0,27.0,0.0357142857142857,0.9642857142857144,0.1503151292086521,0.1396588645160651,0.1507098056787479,0.0,0.6,0.0018937347867548,1.0000000008619965,0.6674497890158969,-6.176268639119962e-09,1.0,27.0,0.9285714285714286,27.0,1.0,0.2222848018317892,0.1540760836710308,2.0,0.5087242029517409,-0.0003169537044885,0.5001584768522442,0.0063839559828956,319.5374119968619,3863.31591796875,,,,,,,,,,
31,1,31.0,0.0,32.0,32.0,0.711181640625,23.0,74.0,0.3108108108108108,0.0,23.0,0.0,1.0,0.1503422948691297,0.0,0.1503422948691297,0.0,0.6,0.0018937347867548,0.9999999996045722,0.6580903749213282,-1.9014769214201537e-08,0.0,23.0,1.0,,0.5,-1.4426950249075512e-08,-9.999999889225293e-09,1.0,0.5070517266464513,0.00067841257679,0.4996607937116049,,324.4314549956471,3842.01513671875,,,,,,,,,,
32,1,32.0,0.0,32.0,32.0,0.686279296875,29.0,74.0,0.3918918918918919,0.0,29.0,0.0,1.0,0.1493870684823722,0.0,0.1493870684823722,0.0,0.6,0.0018937347867548,0.999999999667371,0.6624926299120634,-9.460959165824642e-09,0.0,29.0,1.0,,0.5,-1.4426950249075512e-08,-9.999999889225293e-09,1.0,0.5057914078294946,-8.759542491615695e-07,0.5000004379771246,,325.6759670039173,3911.12841796875,,,,,,,,,,
33,1,33.0,0.0,32.0,32.0,0.7066650390625,41.0,74.0,0.5540540540540541,1.0,40.0,0.024390243902439,0.975609756097561,0.1506352402441783,0.1426833650836867,0.1508340371231906,0.0,0.6,0.0018937347867548,0.9999999994753996,0.6557001356931866,2.9792477382746094e-08,1.0,40.0,0.951219512195122,40.0,1.0,0.1654270051423689,0.1146652622029086,2.0,0.5086935559018678,-2.517434933939447e-05,0.5000125871746697,0.0114348155395618,334.6358510025311,3977.224609375,,,,,,,,,,
34,1,34.0,0.0,32.0,32.0,0.6976318359375,34.0,74.0,0.4594594594594595,2.0,32.0,0.0588235294117647,0.9411764705882352,0.1500522218423801,0.1392330261934078,0.1507284215704409,0.0,0.6,0.0018937347867548,1.000000001552995,0.6635915540290003,-6.5436618100452e-09,2.0,32.0,0.8823529411764706,16.0,1.0,0.3227569300434987,0.2237180560658346,2.0,0.5126865731819393,-0.0016027665730207,0.5008013832865104,0.0105883336713766,328.89545799116604,3915.0673828125,,,,,,,,,,
35,1,35.0,0.0,32.0,32.0,0.6793212890625,36.0,74.0,0.4864864864864865,0.0,36.0,0.0,1.0,0.1500952388106777,0.0,0.1500952388106777,0.0,0.6,0.0018937347867548,1.000000000445774,0.6575101184408014,-1.0725781865420004e-08,0.0,36.0,1.0,,0.5,-1.4426950249075512e-08,-9.999999889225293e-09,1.0,0.5087882743174285,-0.0002700073728819,0.5001350036864409,,333.64030200755224,3943.47412109375,,,,,,,,,,
36,1,36.0,0.0,32.0,32.0,0.69036865234375,23.0,74.0,0.3108108108108108,0.0,23.0,0.0,1.0,0.1501898937775951,0.0,0.1501898937775951,0.0,0.6,0.0018937347867548,0.9999999993708713,0.6700928628963295,2.8352365055927536e-08,0.0,23.0,1.0,,0.5,-1.4426950249075512e-08,-9.999999889225293e-09,1.0,0.5044177270931783,0.0001578435627705,0.4999210782186147,,323.94820800982416,3856.5654296875,,,,,,,,,,
37,1,37.0,0.0,32.0,32.0,0.66497802734375,14.0,74.0,0.1891891891891892,1.0,13.0,0.0714285714285714,0.9285714285714286,0.1498567254499323,0.1399319698811315,0.1506201681859938,0.0,0.6,0.0018937347867548,1.0000000002894387,0.6649587878616839,9.261264417920076e-09,1.0,13.0,0.8571428571428571,13.0,1.0,0.3712322977869758,0.2573186205438323,2.0,0.51112519410786,0.0001491465063736,0.4999254267468132,0.000486843600656,316.9213260116521,3808.02099609375,,,,,,,,,,
38,1,38.0,0.0,32.0,32.0,0.67877197265625,24.0,74.0,0.3243243243243243,0.0,24.0,0.0,1.0,0.1498671420581629,0.0,0.1498671420581629,0.0,0.6,0.0018937347867548,1.0000000008563528,0.6586127012126611,-2.5932147139894093e-08,0.0,24.0,1.0,,0.5,-1.4426950249075512e-08,-9.999999889225293e-09,1.0,0.5062855917551924,0.0002908485852718,0.4998545757073641,,324.7975209960714,3861.0654296875,,,,,,,,,,
39,1,39.0,0.0,32.0,32.0,0.701171875,7.0,74.0,0.0945945945945946,0.0,7.0,0.0,1.0,0.149708811815063,0.0,0.149708811815063,0.0,0.6,0.0018937347867548,1.0000000006251784,0.6706706940704066,4.150878858069715e-09,0.0,7.0,1.0,,0.5,-1.4426950249075512e-08,-9.999999889225293e-09,1.0,0.5054343530170621,0.0001237225951626,0.4999381387024186,,312.7312469878234,3779.14599609375,,,,,,,,,,
40,1,40.0,0.0,32.0,32.0,0.74700927734375,2.0,74.0,0.027027027027027,0.0,2.0,0.0,1.0,0.1495996664522721,0.0,0.1495996664522721,0.0,0.6,0.0018937347867548,1.0,0.6682217998920758,0.0,0.0,2.0,1.0,,0.5,-1.4426950249075512e-08,-9.999999889225293e-09,1.0,0.5063957727131989,0.0099399015307426,0.4950300492346287,,313.48513200646266,3766.35888671875,,,,,,,,,,
41,1,41.0,0.0,32.0,32.0,0.75189208984375,4.0,74.0,0.054054054054054,0.0,4.0,0.0,1.0,0.1495336313378844,0.0,0.1495336313378844,0.0,0.6,0.0018937347867548,0.9999999999387356,0.6665677853396128,-1.0991380383741754e-09,0.0,4.0,1.0,,0.5,-1.4426950249075512e-08,-9.999999889225293e-09,1.0,0.5057489826529327,0.0035258592106401,0.4982370703946799,,313.24440299067646,3772.39599609375,,,,,,,,,,
42,1,42.0,0.0,32.0,32.0,0.698974609375,9.0,74.0,0.1216216216216216,0.0,9.0,0.0,1.0,0.1521189417403693,0.0,0.1521189417403693,0.0,0.6,0.0018937347867548,1.000000000196792,0.6758494379424784,-4.911876441665201e-10,0.0,9.0,1.0,,0.5,-1.4426950249075512e-08,-9.999999889225293e-09,1.0,0.5070631391345645,0.0005229506059549,0.4997385246970225,,317.7201870130375,3790.02099609375,,,,,,,,,,
43,1,43.0,0.0,32.0,32.0,0.6934814453125,15.0,74.0,0.2027027027027027,0.0,15.0,0.0,1.0,0.1481610802439628,0.0,0.1481610802439628,0.0,0.6,0.0018937347867548,1.0000000000807947,0.6656638460797498,5.231599010544352e-10,0.0,15.0,1.0,,0.5,-1.4426950249075512e-08,-9.999999889225293e-09,1.0,0.5074963796624788,0.0001923764824614,0.4999038117587692,,319.7068109875545,3822.92724609375,,,,,,,,,,
44,1,44.0,0.0,32.0,32.0,0.7171630859375,38.0,74.0,0.5135135135135135,3.0,35.0,0.0789473684210526,0.9210526315789472,0.1509254552060947,0.1383412648435027,0.1520041000943169,0.0,0.6,0.0018937347867548,1.00000000061045,0.6504890618345059,3.262353220563867e-08,3.0,35.0,0.8421052631578947,11.666666666666666,1.0,0.3984592452413358,0.2761909024070757,2.0,0.5143682645747815,0.0054955974274736,0.4972522012862632,0.0048118758165035,337.8331429848913,3955.2822265625,,,,,,,,,,
45,1,45.0,0.0,32.0,32.0,0.70416259765625,37.0,74.0,0.5,0.0,37.0,0.0,1.0,0.1501927094341826,0.0,0.1501927094341826,0.0,0.6,0.0018937347867548,1.0000000008396484,0.6658710461510386,6.71348746935183e-11,0.0,37.0,1.0,,0.5,-1.4426950249075512e-08,-9.999999889225293e-09,1.0,0.5060906483621934,-0.0002309250627624,0.5001154625313812,,332.3491670016665,3960.31201171875,,,,,,,,,,
46,1,46.0,0.0,32.0,32.0,0.69781494140625,41.0,74.0,0.5540540540540541,1.0,40.0,0.024390243902439,0.975609756097561,0.1499927593678903,0.142752528951018,0.1501737651283121,0.0,0.6,0.0018937347867548,0.9999999993342612,0.6637477886051821,-2.4220797608263694e-08,1.0,40.0,0.951219512195122,40.0,1.0,0.1654270051423689,0.1146652622029086,2.0,0.5070522148867682,3.473991775623115e-05,0.4999826300411218,-0.0026742210487881,327.0902359799948,3977.224609375,,,,,,,,,,
47,1,47.0,0.0,32.0,32.0,0.716552734375,44.0,74.0,0.5945945945945946,1.0,43.0,0.0227272727272727,0.9772727272727272,0.1506069749602256,0.1429386107655572,0.1507853090112644,0.0,0.6,0.0018937347867548,0.9999999997808896,0.6588162608032426,-2.6422768159192983e-08,1.0,43.0,0.9545454545454546,43.0,1.0,0.1564910340518038,0.1084713190359182,2.0,0.5098572537673688,-6.903814400560881e-06,0.5000034519072003,0.0038170510078962,339.4672250142321,4009.5693359375,,,,,,,,,,
48,1,48.0,0.0,32.0,32.0,0.66778564453125,40.0,74.0,0.5405405405405406,2.0,38.0,0.05,0.95,0.149945306064921,0.1424814715019063,0.1503381394629744,0.0,0.6,0.0018937347867548,0.999999999844927,0.6621557504981547,2.9744628485744225e-08,2.0,38.0,0.9,19.0,1.0,0.2863969282620568,0.1985152233458736,2.0,0.5095808967058342,0.0013294612335771,0.4993352693832114,-0.0001815073022676,330.9259930101689,3969.31201171875,,,,,,,,,,
49,1,49.0,0.0,32.0,32.0,0.6995849609375,41.0,74.0,0.5540540540540541,2.0,39.0,0.048780487804878,0.951219512195122,0.1501304623711341,0.1361642578724872,0.1508466779864493,0.0,0.6,0.0018937347867548,1.0000000027659437,0.6656997733926087,-1.1514754394626494e-08,2.0,39.0,0.902439024390244,19.5,1.0,0.2811937675781433,0.1949086671878185,2.0,0.5081289591458348,-0.0003081580731171,0.5001540790365586,0.0054969317542296,335.2943839854561,3987.31201171875,,,,,,,,,,
50,1,50.0,0.0,32.0,32.0,0.7034912109375,41.0,74.0,0.5540540540540541,1.0,40.0,0.024390243902439,0.975609756097561,0.1495919418496287,0.1420284402707468,0.1497810293891007,0.0,0.6,0.0018937347867548,0.9999999952158292,0.660232328112321,-2.0860988163106693e-08,1.0,40.0,0.951219512195122,40.0,1.0,0.1654270051423689,0.1146652622029086,2.0,0.5052104238060012,9.204080531767132e-05,0.4999539795973411,-0.0005031942622764,334.7224500030279,3976.0625,,,,,,,,,,
51,1,51.0,0.0,32.0,32.0,0.6939697265625,39.0,74.0,0.527027027027027,2.0,37.0,0.0512820512820512,0.9487179487179488,0.1491741927916389,0.1414735319898165,0.1495904447268725,0.0,0.6,0.0018937347867548,1.0000000002933744,0.6591706664190248,9.431681522551813e-09,2.0,37.0,0.8974358974358975,18.5,1.0,0.2918182277449864,0.2022729817974373,2.0,0.5086114225781986,-0.0002361409648944,0.5001180704824472,-0.0007833612382407,330.63064599991776,3965.97412109375,,,,,,,,,,
52,1,52.0,0.0,32.0,32.0,0.694580078125,41.0,74.0,0.5540540540540541,0.0,41.0,0.0,1.0,0.150269497626333,0.0,0.150269497626333,0.0,0.6,0.0018937347867548,1.000000000128384,0.6570688676874049,2.7671230490349634e-08,0.0,41.0,1.0,,0.5,-1.4426950249075512e-08,-9.999999889225293e-09,1.0,0.5060140573475481,-1.5726245596612754e-05,0.5000078631227983,,334.8717399931047,3979.474609375,,,,,,,,,,
53,1,53.0,0.0,32.0,32.0,0.6971435546875,42.0,74.0,0.5675675675675675,0.0,42.0,0.0,1.0,0.1500313756255638,0.0,0.1500313756255638,0.0,0.6,0.0018937347867548,1.0000000031572578,0.6557986723356654,-1.8281552984370767e-08,0.0,42.0,1.0,,0.5,-1.4426950249075512e-08,-9.999999889225293e-09,1.0,0.5073792119750556,2.1349701319447616e-05,0.4999893251493403,,334.91299400338903,3996.3125,,,,,,,,,,
54,1,54.0,0.0,32.0,32.0,0.7027587890625,41.0,74.0,0.5540540540540541,0.0,41.0,0.0,1.0,0.1508551662152044,0.0,0.1508551662152044,0.0,0.6,0.0018937347867548,1.0000000013079156,0.6686906482055055,-1.0942611641951884e-08,0.0,41.0,1.0,,0.5,-1.4426950249075512e-08,-9.999999889225293e-09,1.0,0.5065728591096079,0.0001108369475346,0.4999445815262326,,334.2746530252043,3979.474609375,,,,,,,,,,
55,1,55.0,0.0,32.0,32.0,0.6829833984375,37.0,74.0,0.5,0.0,37.0,0.0,1.0,0.1506938970131542,0.0,0.1506938970131542,0.0,0.6,0.0018937347867548,1.0000000021788125,0.6578489767747311,-2.7592466654316457e-08,0.0,37.0,1.0,,0.5,-1.4426950249075512e-08,-9.999999889225293e-09,1.0,0.5054692935805136,8.771867618653904e-05,0.4999561406619067,,331.74184898962267,3962.03662109375,,,,,,,,,,
56,1,56.0,0.0,32.0,32.0,0.69873046875,35.0,74.0,0.4729729729729729,3.0,32.0,0.0857142857142857,0.9142857142857144,0.1504889901958402,0.141300408470077,0.1513504197326305,0.0,0.6,0.0018937347867548,0.9999999994381148,0.6591407581002682,1.366557512868588e-09,3.0,32.0,0.8285714285714286,10.666666666666666,1.0,0.4220004880292531,0.2925084484723977,2.0,0.5113112612785032,0.0008523503133334,0.4995738248433333,0.0012990627091277,330.1407980034128,3954.4384765625,,,,,,,,,,
57,1,57.0,0.0,32.0,32.0,0.690673828125,40.0,74.0,0.5405405405405406,0.0,40.0,0.0,1.0,0.149651453528181,0.0,0.149651453528181,0.0,0.6,0.0018937347867548,1.000000000700919,0.6586344634566,2.1586680828974556e-08,0.0,40.0,1.0,,0.5,-1.4426950249075512e-08,-9.999999889225293e-09,1.0,0.5062693629140127,2.787848931045723e-05,0.4999860607553448,,335.30314298695885,3974.974609375,,,,,,,,,,
58,1,58.0,0.0,32.0,32.0,0.687255859375,43.0,74.0,0.581081081081081,1.0,42.0,0.0232558139534883,0.9767441860465116,0.1503580477442777,0.1418767736765734,0.1505599828411278,0.0,0.6,0.0018937347867548,0.9999999965893728,0.6645403794848603,8.986597174602052e-09,1.0,42.0,0.9534883720930232,42.0,1.0,0.1593500338317367,0.1104530266726002,2.0,0.5080475709268666,2.9937352110630043e-05,0.4999850313239447,0.0045764491218837,335.29359198291786,4005.3125,,,,,,,,,,
59,1,59.0,0.0,32.0,32.0,0.6820068359375,41.0,74.0,0.5540540540540541,4.0,37.0,0.0975609756097561,0.902439024390244,0.1494203399956632,0.1405239162595104,0.1503821155347068,0.0,0.6,0.0018937347867548,0.9999999939687813,0.6590086201288947,-3.8933249076372804e-08,4.0,37.0,0.8048780487804879,9.25,1.0,0.4612160116600093,0.3196905781112383,2.0,0.5096261276516474,0.0007972554695668,0.4996013722652165,0.0080423723053944,338.7102490232792,4008.7197265625,,,,,,,,,,
60,1,60.0,0.0,32.0,32.0,0.68359375,30.0,74.0,0.4054054054054054,2.0,28.0,0.0666666666666666,0.9333333333333332,0.1500416034288701,0.1355326554004461,0.1510779568594719,0.0,0.6,0.0018937347867548,0.999999997927077,0.6651384766276008,-2.331019928499296e-08,2.0,28.0,0.8666666666666667,14.0,1.0,0.3533593061675215,0.244930006794636,2.0,0.5111833270164958,0.0002020115207415,0.4998989942396292,9.014380900294774e-05,327.4907429877203,3917.8759765625,,,,,,,,,,
61,1,61.0,0.0,32.0,32.0,0.6807861328125,18.0,74.0,0.2432432432432432,0.0,18.0,0.0,1.0,0.1523730175894413,0.0,0.1523730175894413,0.0,0.6,0.0018937347867548,1.0000000011737813,0.6641493995844197,-9.445588493140602e-09,0.0,18.0,1.0,,0.5,-1.4426950249075512e-08,-9.999999889225293e-09,1.0,0.5132051635673485,0.0002372552748075,0.4998813723625962,,320.6204079906456,3829.67724609375,,,,,,,,,,
62,1,62.0,0.0,32.0,32.0,0.66094970703125,7.0,74.0,0.0945945945945946,0.0,7.0,0.0,1.0,0.15512467184766,0.0,0.15512467184766,0.0,0.6,0.0018937347867548,1.0000000000674891,0.6579353212200073,2.2295630406651308e-09,0.0,7.0,1.0,,0.5,-1.4426950249075512e-08,-9.999999889225293e-09,1.0,0.5217234953182087,0.0006306754075922,0.4996846622962039,,311.3636869820766,3777.92724609375,,,,,,,,,,
63,1,63.0,0.0,32.0,32.0,0.66082763671875,5.0,74.0,0.0675675675675675,0.0,5.0,0.0,1.0,0.1545856558256247,0.0,0.1545856558256247,0.0,0.6,0.0018937347867548,0.9999999999096684,0.6620091516409818,-3.837758919496094e-09,0.0,5.0,1.0,,0.5,-1.4426950249075512e-08,-9.999999889225293e-09,1.0,0.51736132628015,0.0019858560990542,0.4990070719504729,,312.4956959800329,3774.27099609375,,,,,,,,,,
64,1,64.0,0.0,32.0,32.0,0.67791748046875,3.0,74.0,0.0405405405405405,0.0,3.0,0.0,1.0,0.1481094872158505,0.0,0.1481094872158505,0.0,0.6,0.0018937347867548,1.000000000100333,0.6612953141169272,-5.1041911585099625e-09,0.0,3.0,1.0,,0.5,-1.4426950249075512e-08,-9.999999889225293e-09,1.0,0.506301709280498,0.0004469803243409,0.4997765098378295,,315.5298480123747,3768.92724609375,,,,,,,,,,
65,1,65.0,0.0,32.0,32.0,0.7584228515625,0.0,74.0,0.0,0.0,0.0,0.0,0.0,0.0,0.0,0.0,0.0,0.6,0.0018937347867548,1.0,0.6639522176209859,0.0,0.0,0.0,,,,,,0.0,,,,,310.2921909885481,3762.64599609375,,,,,,,,,,
66,1,66.0,0.0,32.0,32.0,0.7171630859375,0.0,74.0,0.0,0.0,0.0,0.0,0.0,0.0,0.0,0.0,0.0,0.6,0.0018937347867548,1.0,0.6640067532389518,0.0,0.0,0.0,,,,,,0.0,,,,,314.0222020156216,3762.64599609375,,,,,,,,,,
67,1,67.0,0.0,32.0,32.0,0.67547607421875,1.0,74.0,0.0135135135135135,0.0,1.0,0.0,1.0,0.1536740479727159,0.0,0.1536740479727159,0.0,0.6,0.0018937347867548,0.999999999954054,0.6627456885404549,4.6561206475415365e-09,0.0,1.0,1.0,,0.5,-1.4426950249075512e-08,-9.999999889225293e-09,1.0,0.5122468265757197,,,,311.64099101442844,3764.80224609375,,,,,,,,,,
68,1,68.0,0.0,32.0,32.0,0.69732666015625,3.0,74.0,0.0405405405405405,0.0,3.0,0.0,1.0,0.1538907000441623,0.0,0.1538907000441623,0.0,0.6,0.0018937347867548,1.0000000002541225,0.6606530644368374,8.249284517492861e-10,0.0,3.0,1.0,,0.5,-1.4426950249075512e-08,-9.999999889225293e-09,1.0,0.5138516101823692,0.0004600826650857,0.4997699586674571,,314.7002670157235,3768.92724609375,,,,,,,,,,
69,1,69.0,0.0,32.0,32.0,0.70208740234375,9.0,74.0,0.1216216216216216,1.0,8.0,0.1111111111111111,0.8888888888888888,0.1491367562476677,0.1373687255853751,0.1506077600804543,0.0,0.6,0.0018937347867548,0.999999999109082,0.663859099211479,1.2645783436979366e-08,1.0,8.0,0.7777777777777778,8.0,1.0,0.5032583059217456,0.3488320758430324,2.0,0.5091986713427438,0.000437818292994,0.499781090853503,0.003471590804433,316.8621220102068,3789.17724609375,,,,,,,,,,
70,1,70.0,0.0,32.0,32.0,0.7034912109375,11.0,74.0,0.1486486486486486,0.0,11.0,0.0,1.0,0.1500849619615311,0.0,0.1500849619615311,0.0,0.6,0.0018937347867548,1.0000000007471352,0.6590171074486392,-2.5924647629077985e-08,0.0,11.0,1.0,,0.5,-1.4426950249075512e-08,-9.999999889225293e-09,1.0,0.5077730249496848,0.0007280598872819,0.499635970056359,,315.894040017156,3801.64599609375,,,,,,,,,,
71,1,71.0,0.0,32.0,32.0,0.7027587890625,38.0,74.0,0.5135135135135135,0.0,38.0,0.0,1.0,0.1502073050117023,0.0,0.1502073050117023,0.0,0.6,0.0018937347867548,0.9999999938726436,0.6696226226070314,3.2356578309015534e-08,0.0,38.0,1.0,,0.5,-1.4426950249075512e-08,-9.999999889225293e-09,1.0,0.506628915948179,0.0002575334599657,0.4998712332700171,,334.0596610214561,3965.13037109375,,,,,,,,,,
72,1,72.0,0.0,32.0,32.0,0.6890869140625,37.0,74.0,0.5,1.0,36.0,0.027027027027027,0.972972972972973,0.1498912617112248,0.1369703771008619,0.1502501751726238,0.0,0.6,0.0018937347867548,0.9999999980772172,0.6666355087706507,-5.270647189736837e-10,1.0,36.0,0.945945945945946,36.0,1.0,0.1792560380744233,0.1242508173896327,2.0,0.5075791790570655,0.0003027686691674,0.4998486156654163,0.0015939476063254,329.47312301257625,3951.63037109375,,,,,,,,,,
73,1,73.0,0.0,32.0,32.0,0.7064208984375,36.0,74.0,0.4864864864864865,1.0,35.0,0.0277777777777777,0.9722222222222222,0.1501507630349244,0.1384547543305768,0.1504849347121914,0.0,0.6,0.0018937347867548,0.999999999665874,0.6488462121560618,1.3190350590069374e-08,1.0,35.0,0.9444444444444444,35.0,1.0,0.1831220394474745,0.126930525341404,2.0,0.5085206127473163,-7.963118671395357e-05,0.500039815593357,0.0037094834463331,334.8654369765427,3940.3798828125,,,,,,,,,,
74,1,74.0,0.0,32.0,32.0,0.6949462890625,14.0,74.0,0.1891891891891892,2.0,12.0,0.1428571428571428,0.8571428571428571,0.1482193960869357,0.1352773222409897,0.1503764083945934,0.0,0.6,0.0018937347867548,1.0000000002516771,0.6560234245586134,-2.928905589637921e-09,2.0,12.0,0.7142857142857143,6.0,1.0,0.5916727497284272,0.4101162982884094,2.0,0.5147303978698496,2.1864364568430643e-05,0.4999890678177158,0.0002405192327265,319.14115700055845,3822.60888671875,,,,,,,,,,
75,1,75.0,0.0,32.0,32.0,0.695068359375,38.0,74.0,0.5135135135135135,1.0,37.0,0.0263157894736842,0.9736842105263158,0.1502790050140251,0.139602300120251,0.1505675646057487,0.0,0.6,0.0018937347867548,1.000000001477882,0.6641719905862461,2.5835619676791066e-08,1.0,37.0,0.9473684210526316,37.0,1.0,0.1755649970036047,0.1216923826780638,2.0,0.5092685103598299,0.000256802895654,0.4998715985521729,0.0044313634269921,333.1561149971094,3976.3798828125,,,,,,,,,,
76,1,76.0,0.0,32.0,32.0,0.6866455078125,42.0,74.0,0.5675675675675675,1.0,41.0,0.0238095238095238,0.9761904761904762,0.1502031439808233,0.1402820208431552,0.1504451225939372,0.0,0.6,0.0018937347867548,1.0000000020364186,0.6649073426443899,7.5914098059422e-09,1.0,41.0,0.9523809523809524,41.0,1.0,0.1623261513214951,0.1125159141196413,2.0,0.5075310132019469,-9.82748666394721e-05,0.5000491374333197,0.0080881935631703,333.3750689926092,3994.0625,,,,,,,,,,
77,1,77.0,0.0,32.0,32.0,0.6929931640625,42.0,74.0,0.5675675675675675,0.0,42.0,0.0,1.0,0.149682404025339,0.0,0.149682404025339,0.0,0.6,0.0018937347867548,1.0000000011188563,0.6617777815273842,3.675092528792529e-09,0.0,42.0,1.0,,0.5,-1.4426950249075512e-08,-9.999999889225293e-09,1.0,0.5053166166764105,-0.000146079267067,0.5000730396335336,,332.92601199354976,3996.3125,,,,,,,,,,
78,1,78.0,0.0,26.0,26.0,0.6923076923076924,30.0,74.0,0.4054054054054054,1.0,29.0,0.0333333333333333,0.9666666666666668,0.1500964951059661,0.1382441511581355,0.1505051966214085,0.0,0.6,0.0018937347867548,0.9999999983832316,0.662091814400755,-5.494698179725589e-09,1.0,29.0,0.9333333333333332,29.0,1.0,0.2108422714646335,0.1461447260085653,2.0,0.5074335739217316,1.1839515840013822e-05,0.49999408024208,0.0013746354227554,296.1853590095416,3733.18896484375,,,,,,,,,,
78,1,,1.0,32.0,32.0,,,,,,,,,,,,,,,0.9999999983832316,0.662091814400755,-5.494698179725589e-09,1.0,29.0,0.9333333333333332,29.0,1.0,0.2108422714646335,0.1461447260085653,2.0,0.5074335739217316,1.1839515840013822e-05,0.49999408024208,0.0013746354227554,296.1853590095416,3733.18896484375,0.5415162454873647,0.6921813421779208,0.5487364620938628,0.6919869383176168,0.5373493975903615,0.6916729173599145,-0.0041668478970031,0.5449799196787148,0.691592282973803,-0.003756542415148
79,2,1.0,0.0,32.0,32.0,0.70263671875,40.0,74.0,0.5405405405405406,2.0,38.0,0.05,0.95,0.1494855790701345,0.1410638820966971,0.1499288262792628,0.0,0.6,0.0018937347867548,1.0000000011603754,0.6503195656838021,-1.2960122234551092e-08,2.0,38.0,0.9,19.0,1.0,0.2863969282620568,0.1985152233458736,2.0,0.5100184194302169,-0.002698105113867,0.5013490525569335,0.0031395582228605,338.2672760053538,3969.3125,,,,,,,,,,
80,2,2.0,0.0,32.0,32.0,0.69775390625,43.0,74.0,0.581081081081081,0.0,43.0,0.0,1.0,0.1506370208186549,0.0,0.1506370208186549,0.0,0.6,0.0018937347867548,0.9999999977681472,0.6617301349248115,3.737106618729561e-08,0.0,43.0,1.0,,0.5,-1.4426950249075512e-08,-9.999999889225293e-09,1.0,0.5057626800551404,2.6212265856408014e-06,0.4999986893867071,,333.30365098663606,4001.9755859375,,,,,,,,,,
81,2,3.0,0.0,32.0,32.0,0.69775390625,42.0,74.0,0.5675675675675675,4.0,38.0,0.0952380952380952,0.9047619047619048,0.1495699464499696,0.1422630671502882,0.1503390916394097,0.0,0.6,0.0018937347867548,0.9999999997991906,0.6503020218412051,-1.984895398530344e-08,4.0,38.0,0.8095238095238095,9.5,1.0,0.4537163103330447,0.3144921812814111,2.0,0.5109002584210212,0.0005176580363644,0.4997411709818178,0.0038485750218854,342.48792397556826,3997.4326171875,,,,,,,,,,
82,2,4.0,0.0,32.0,32.0,0.6907958984375,48.0,74.0,0.6486486486486487,0.0,48.0,0.0,1.0,0.1497388212611234,0.0,0.1497388212611234,0.0,0.6,0.0018937347867548,0.9999999955674876,0.6510280835659042,7.58454295277175e-09,0.0,48.0,1.0,,0.5,-1.4426950249075512e-08,-9.999999889225293e-09,1.0,0.5067630022608195,-0.000120093402642,0.500060046701321,,339.4463119911961,4063.56982421875,,,,,,,,,,
83,2,5.0,0.0,32.0,32.0,0.689697265625,44.0,74.0,0.5945945945945946,0.0,44.0,0.0,1.0,0.1507512461489428,0.0,0.1507512461489428,0.0,0.6,0.0018937347867548,0.9999999993656036,0.6516669099735621,2.2796071099947106e-08,0.0,44.0,1.0,,0.5,-1.4426950249075512e-08,-9.999999889225293e-09,1.0,0.5064270677658088,-3.8176939245987696e-05,0.500019088469623,,334.53514700522646,4005.87646484375,,,,,,,,,,
84,2,6.0,0.0,32.0,32.0,0.680419921875,46.0,74.0,0.6216216216216216,2.0,44.0,0.0434782608695652,0.9565217391304348,0.1495148524792682,0.1394111253455172,0.1499741128035296,0.0,0.6,0.0018937347867548,0.9999999976932646,0.6654958495112635,2.4628791812844524e-09,2.0,44.0,0.9130434782608696,22.0,1.0,0.2580186398109163,0.1788448927168487,2.0,0.5081870538051101,0.0002585789982106,0.4998707105008946,0.000568300166609,340.4854930122383,4036.568359375,,,,,,,,,,
85,2,7.0,0.0,32.0,32.0,0.6893310546875,46.0,74.0,0.6216216216216216,2.0,44.0,0.0434782608695652,0.9565217391304348,0.149286888620877,0.1422188081696765,0.1496081650050225,0.0,0.6,0.0018937347867548,1.0000000024260094,0.6601436176077918,2.4161020735364836e-09,2.0,44.0,0.9130434782608696,22.0,1.0,0.2580186398109163,0.1788448927168487,2.0,0.5063406770150523,-0.0003101067873361,0.5001550533936681,-0.0003285704116626,337.06312300637364,4023.8759765625,,,,,,,,,,
86,2,8.0,0.0,32.0,32.0,0.6790771484375,40.0,74.0,0.5405405405405406,2.0,38.0,0.05,0.95,0.1499952024725175,0.1391613416531423,0.1505654056735373,0.0,0.6,0.0018937347867548,1.0000000017942527,0.6485405661062369,1.3317189659323648e-08,2.0,38.0,0.9,19.0,1.0,0.2863969282620568,0.1985152233458736,2.0,0.5093505087656559,0.002024506201229,0.4989877468993854,0.0052482720254926,337.82653699745424,3969.3125,,,,,,,,,,
87,2,9.0,0.0,32.0,32.0,0.6888427734375,47.0,74.0,0.6351351351351351,1.0,46.0,0.0212765957446808,0.9787234042553192,0.1497892077292113,0.1421122940113907,0.1499560971578596,0.0,0.6,0.0018937347867548,0.9999999996569412,0.6600642555313824,3.211944097978153e-08,1.0,46.0,0.9574468085106383,46.0,1.0,0.1485494615764508,0.1029666404654147,2.0,0.506884481658231,2.7622416717732496e-05,0.4999861887916411,-0.0006673152301513,344.8954969935585,4044.12646484375,,,,,,,,,,
88,2,10.0,0.0,32.0,32.0,0.6895751953125,40.0,74.0,0.5405405405405406,0.0,40.0,0.0,1.0,0.1500638507803102,0.0,0.1500638507803102,0.0,0.6,0.0018937347867548,1.0000000027765856,0.6647149769507072,1.8994725817817763e-08,0.0,40.0,1.0,,0.5,-1.4426950249075512e-08,-9.999999889225293e-09,1.0,0.5055494043106968,0.0001474708302328,0.4999262645848836,,336.6769560088869,3973.568359375,,,,,,,,,,
89,2,11.0,0.0,32.0,32.0,0.69403076171875,41.0,74.0,0.5540540540540541,0.0,41.0,0.0,1.0,0.1496531816956899,0.0,0.1496531816956899,0.0,0.6,0.0018937347867548,0.9999999958160866,0.670631438934267,1.5970094148116486e-08,0.0,41.0,1.0,,0.5,-1.4426950249075512e-08,-9.999999889225293e-09,1.0,0.5067756819434449,-7.228636754649308e-05,0.5000361431837732,,338.59769598348066,3992.412109375,,,,,,,,,,
90,2,12.0,0.0,32.0,32.0,0.6982421875,47.0,74.0,0.6351351351351351,1.0,46.0,0.0212765957446808,0.9787234042553192,0.1494921801700098,0.1367735046735491,0.149768673115585,0.0,0.6,0.0018937347867548,1.0000000015483366,0.6529851302611062,-8.383167122828097e-09,1.0,46.0,0.9574468085106383,46.0,1.0,0.1485494615764508,0.1029666404654147,2.0,0.5085664993132818,-0.0002557444098504,0.5001278722049252,0.0054383869083434,341.7651059862692,4036.81396484375,,,,,,,,,,
91,2,13.0,0.0,32.0,32.0,0.68798828125,43.0,74.0,0.581081081081081,1.0,42.0,0.0232558139534883,0.9767441860465116,0.15008172670816,0.1428622267514606,0.1502536195642719,0.0,0.6,0.0018937347867548,0.9999999991261528,0.6704688906327271,3.747983850100473e-08,1.0,42.0,0.9534883720930232,42.0,1.0,0.1593500338317367,0.1104530266726002,2.0,0.5065365189674699,2.9105285164089302e-05,0.4999854473574179,0.0017157476119445,339.4632670097053,3998.5625,,,,,,,,,,
92,2,14.0,0.0,32.0,32.0,0.700439453125,36.0,74.0,0.4864864864864865,0.0,36.0,0.0,1.0,0.150019201588918,0.0,0.150019201588918,0.0,0.6,0.0018937347867548,0.9999999954845296,0.6639730033803283,2.1704727914807088e-08,0.0,36.0,1.0,,0.5,-1.4426950249075512e-08,-9.999999889225293e-09,1.0,0.5052742512247073,-0.0002104602604663,0.5001052301302332,,333.287231012946,3969.0673828125,,,,,,,,,,
93,2,15.0,0.0,32.0,32.0,0.69403076171875,37.0,74.0,0.5,1.0,36.0,0.027027027027027,0.972972972972973,0.1493268811469101,0.1424866322304377,0.1495168880612565,0.0,0.6,0.0018937347867548,1.0000000028631302,0.6656501063537864,-1.6239671539436022e-08,1.0,36.0,0.945945945945946,36.0,1.0,0.1792560380744233,0.1242508173896327,2.0,0.5076880024301896,0.0001618281292958,0.499919085935352,0.0035951022794735,333.44199298880994,3944.31787109375,,,,,,,,,,
94,2,16.0,0.0,32.0,32.0,0.711669921875,33.0,74.0,0.4459459459459459,0.0,33.0,0.0,1.0,0.150543676962481,0.0,0.150543676962481,0.0,0.6,0.0018937347867548,0.9999999985860372,0.6602359695989007,-1.928474853305629e-08,0.0,33.0,1.0,,0.5,-1.4426950249075512e-08,-9.999999889225293e-09,1.0,0.5082303641820434,0.0002094513341633,0.4998952743329183,,333.5914029739797,3928.56689453125,,,,,,,,,,
95,2,17.0,0.0,32.0,32.0,0.68017578125,35.0,74.0,0.4729729729729729,1.0,34.0,0.0285714285714285,0.9714285714285714,0.1497383821584188,0.1405121151872888,0.1500097429516873,0.0,0.6,0.0018937347867548,1.0000000013867727,0.6665004240064919,-6.557063944013313e-09,1.0,34.0,0.9428571428571428,34.0,1.0,0.1871762280193099,0.12974067471943,2.0,0.5070318107269315,0.0002002601627037,0.4998998699186481,0.0032791304089127,431.3857269880828,3935.5615234375,,,,,,,,,,
96,2,18.0,0.0,32.0,32.0,0.67529296875,30.0,74.0,0.4054054054054054,3.0,27.0,0.1,0.9,0.1496740482403291,0.1403072210935287,0.1507148068121957,0.0,0.6,0.0018937347867548,0.9999999999474082,0.6586854442551612,-1.2477105094142934e-08,3.0,27.0,0.8,9.0,1.0,0.4689955647353811,0.3250829533914487,2.0,0.512939576739822,0.0002536302646489,0.4998731848676755,-0.0008113421856348,323.7481529940851,3915.0634765625,,,,,,,,,,
97,2,19.0,0.0,32.0,32.0,0.6839599609375,31.0,74.0,0.4189189189189189,1.0,30.0,0.032258064516129,0.967741935483871,0.149276566039532,0.1409547805859783,0.1495539588879838,0.0,0.6,0.0018937347867548,0.9999999984265692,0.6603240817972341,-2.2826842751106832e-08,1.0,30.0,0.935483870967742,30.0,1.0,0.2055924793311844,0.1425058473927393,2.0,0.5073176175894162,0.0001232950123045,0.4999383524938477,0.001100164858648,330.49348002532497,3917.31591796875,,,,,,,,,,
98,2,20.0,0.0,32.0,32.0,0.691162109375,22.0,74.0,0.2972972972972973,1.0,21.0,0.0454545454545454,0.9545454545454546,0.1508040440294776,0.1427634072730677,0.1511869314940686,0.0,0.6,0.0018937347867548,1.0000000000183464,0.6598569920752335,1.4300916780552494e-10,1.0,21.0,0.9090909090909092,21.0,1.0,0.2667649589491268,0.1849073791677768,2.0,0.5105967843704761,-5.3210004877585634e-05,0.5000266050024388,0.0010751318748711,339.82014600769617,3845.10888671875,,,,,,,,,,
99,2,21.0,0.0,32.0,32.0,0.70703125,30.0,74.0,0.4054054054054054,0.0,30.0,0.0,1.0,0.1491989229123289,0.0,0.1491989229123289,0.0,0.6,0.0018937347867548,0.9999999948370518,0.6643429759230423,4.2127384794341013e-08,0.0,30.0,1.0,,0.5,-1.4426950249075512e-08,-9.999999889225293e-09,1.0,0.5065248064098686,0.0001039463583052,0.4999480268208474,,333.73234601458535,3915.06591796875,,,,,,,,,,
100,2,22.0,0.0,32.0,32.0,0.67919921875,23.0,74.0,0.3108108108108108,1.0,22.0,0.0434782608695652,0.9565217391304348,0.1499168961108261,0.1420470735167301,0.1502746153196487,0.0,0.6,0.0018937347867548,0.999999998300254,0.669205435587128,3.6307271257604654e-09,1.0,22.0,0.9130434782608696,22.0,1.0,0.2580186398109163,0.1788448927168487,2.0,0.5072039208508322,0.0001848000895123,0.4999075999552438,0.0037679304139764,324.01107798796147,3848.05224609375,,,,,,,,,,
101,2,23.0,0.0,32.0,32.0,0.67327880859375,23.0,74.0,0.3108108108108108,0.0,23.0,0.0,1.0,0.1508132009302812,0.0,0.1508132009302812,0.0,0.6,0.0018937347867548,0.9999999973380204,0.66277054758576,4.461582321449592e-09,0.0,23.0,1.0,,0.5,-1.4426950249075512e-08,-9.999999889225293e-09,1.0,0.5070531271937713,-0.0002527030722357,0.5001263515361178,,338.0635829817038,3870.06494140625,,,,,,,,,,
102,2,24.0,0.0,32.0,32.0,0.6907958984375,14.0,74.0,0.1891891891891892,0.0,14.0,0.0,1.0,0.1513177672035154,0.0,0.1513177672035154,0.0,0.6,0.0018937347867548,1.0000000001727385,0.6655521406644382,-2.4557275413576083e-08,0.0,14.0,1.0,,0.5,-1.4426950249075512e-08,-9.999999889225293e-09,1.0,0.5075056635548797,0.0007498540046448,0.4996250729976776,,318.67770600365475,3815.14599609375,,,,,,,,,,
103,2,25.0,0.0,32.0,32.0,0.66082763671875,6.0,74.0,0.081081081081081,0.0,6.0,0.0,1.0,0.1527713407533597,0.0,0.1527713407533597,0.0,0.6,0.0018937347867548,1.000000000661509,0.6682335488285011,-7.012058114145561e-10,0.0,6.0,1.0,,0.5,-1.4426950249075512e-08,-9.999999889225293e-09,1.0,0.5095827273127217,0.0011727596865966,0.4994136201567016,,318.3389790065121,3776.89599609375,,,,,,,,,,
104,2,26.0,0.0,32.0,32.0,0.6475830078125,7.0,74.0,0.0945945945945946,0.0,7.0,0.0,1.0,0.1525301444387984,0.0,0.1525301444387984,0.0,0.6,0.0018937347867548,1.0000000021385735,0.6696402311517753,-1.227851740073782e-08,0.0,7.0,1.0,,0.5,-1.4426950249075512e-08,-9.999999889225293e-09,1.0,0.5098681292023414,0.001305601093918,0.4993471994530409,,324.124931008555,3777.51513671875,,,,,,,,,,
105,2,27.0,0.0,32.0,32.0,0.713134765625,6.0,74.0,0.081081081081081,0.0,6.0,0.0,1.0,0.1502069865822898,0.0,0.1502069865822898,0.0,0.6,0.0018937347867548,0.9999999996479548,0.661766003960416,-1.6571201381913158e-08,0.0,6.0,1.0,,0.5,-1.4426950249075512e-08,-9.999999889225293e-09,1.0,0.5045973030844961,0.0012989521492272,0.4993505239253863,,314.2952160269488,3776.89599609375,,,,,,,,,,
106,2,28.0,0.0,32.0,32.0,0.6583251953125,2.0,74.0,0.027027027027027,0.0,2.0,0.0,1.0,0.1505590486370934,0.0,0.1505590486370934,0.0,0.6,0.0018937347867548,1.000000000032849,0.6632776663746146,-1.7613713141921296e-09,0.0,2.0,1.0,,0.5,-1.4426950249075512e-08,-9.999999889225293e-09,1.0,0.5041313103121201,0.0105954799801111,0.4947022600099444,,316.0837559844367,3766.35888671875,,,,,,,,,,
107,2,29.0,0.0,32.0,32.0,0.7010498046875,2.0,74.0,0.027027027027027,0.0,2.0,0.0,1.0,0.1501795087261589,0.0,0.1501795087261589,0.0,0.6,0.0018937347867548,1.0,0.661951275845497,0.0,0.0,2.0,1.0,,0.5,-1.4426950249075512e-08,-9.999999889225293e-09,1.0,0.5014851597947865,0.0118270507082343,0.4940864746458828,,319.27544201607816,3766.35888671875,,,,,,,,,,
108,2,30.0,0.0,32.0,32.0,0.67156982421875,4.0,74.0,0.054054054054054,0.0,4.0,0.0,1.0,0.1498398090426685,0.0,0.1498398090426685,0.0,0.6,0.0018937347867548,1.0000000001272322,0.6691874802744809,-1.4992533978561524e-09,0.0,4.0,1.0,,0.5,-1.4426950249075512e-08,-9.999999889225293e-09,1.0,0.5029138020709527,0.0021995678544044,0.4989002160727978,,318.45610798336565,3772.02099609375,,,,,,,,,,
109,2,31.0,0.0,32.0,32.0,0.75494384765625,0.0,74.0,0.0,0.0,0.0,0.0,0.0,0.0,0.0,0.0,0.0,0.6,0.0018937347867548,1.0,0.6692682687628194,0.0,0.0,0.0,,,,,,0.0,,,,,311.80662199039944,3762.92724609375,,,,,,,,,,
110,2,32.0,0.0,32.0,32.0,0.69329833984375,0.0,74.0,0.0,0.0,0.0,0.0,0.0,0.0,0.0,0.0,0.0,0.6,0.0018937347867548,1.0,0.6651819656249501,0.0,0.0,0.0,,,,,,0.0,,,,,315.8566060010344,3762.92724609375,,,,,,,,,,
111,2,33.0,0.0,32.0,32.0,0.6820068359375,1.0,74.0,0.0135135135135135,0.0,1.0,0.0,1.0,0.1473716359570277,0.0,0.1473716359570277,0.0,0.6,0.0018937347867548,0.999999999838144,0.6720903797882304,2.173916147884491e-09,0.0,1.0,1.0,,0.5,-1.4426950249075512e-08,-9.999999889225293e-09,1.0,0.5087612134765742,,,,314.6738520008512,3764.42724609375,,,,,,,,,,
112,2,34.0,0.0,32.0,32.0,0.7271728515625,0.0,74.0,0.0,0.0,0.0,0.0,0.0,0.0,0.0,0.0,0.0,0.6,0.0018937347867548,1.0,0.6633380672081498,0.0,0.0,0.0,,,,,,0.0,,,,,308.61963401548564,3762.92724609375,,,,,,,,,,
113,2,35.0,0.0,32.0,32.0,0.71881103515625,0.0,74.0,0.0,0.0,0.0,0.0,0.0,0.0,0.0,0.0,0.0,0.6,0.0018937347867548,1.0,0.6671214092475484,0.0,0.0,0.0,,,,,,0.0,,,,,317.64562099124305,3762.92724609375,,,,,,,,,,
114,2,36.0,0.0,32.0,32.0,0.70709228515625,0.0,74.0,0.0,0.0,0.0,0.0,0.0,0.0,0.0,0.0,0.0,0.6,0.0018937347867548,1.0,0.6714093789539712,0.0,0.0,0.0,,,,,,0.0,,,,,311.13958297646604,3762.92724609375,,,,,,,,,,
115,2,37.0,0.0,32.0,32.0,0.6502685546875,0.0,74.0,0.0,0.0,0.0,0.0,0.0,0.0,0.0,0.0,0.0,0.6,0.0018937347867548,1.0,0.6680541993115152,0.0,0.0,0.0,,,,,,0.0,,,,,315.06704800995067,3762.92724609375,,,,,,,,,,
116,2,38.0,0.0,32.0,32.0,0.65972900390625,2.0,74.0,0.027027027027027,0.0,2.0,0.0,1.0,0.1520013433669413,0.0,0.1520013433669413,0.0,0.6,0.0018937347867548,0.9999999998877632,0.6648417917177156,1.1969393792551683e-09,0.0,2.0,1.0,,0.5,-1.4426950249075512e-08,-9.999999889225293e-09,1.0,0.5066711445564712,0.0024782447144389,0.4987608776427805,,313.24016602593474,3767.89599609375,,,,,,,,,,
117,2,39.0,0.0,32.0,32.0,0.71673583984375,0.0,74.0,0.0,0.0,0.0,0.0,0.0,0.0,0.0,0.0,0.0,0.6,0.0018937347867548,1.0,0.6615507012330717,0.0,0.0,0.0,,,,,,0.0,,,,,317.11283698678017,3762.92724609375,,,,,,,,,,
118,2,40.0,0.0,32.0,32.0,0.68487548828125,2.0,74.0,0.027027027027027,0.0,2.0,0.0,1.0,0.1517146333485755,0.0,0.1517146333485755,0.0,0.6,0.0018937347867548,1.00000000007638,0.6669753799874392,-9.277123483833995e-10,0.0,2.0,1.0,,0.5,-1.4426950249075512e-08,-9.999999889225293e-09,1.0,0.5057154444952517,0.0145471077412366,0.4927264461293816,,312.72843401529826,3766.35888671875,,,,,,,,,,
119,2,41.0,0.0,32.0,32.0,0.677734375,5.0,74.0,0.0675675675675675,0.0,5.0,0.0,1.0,0.1502516116463451,0.0,0.1502516116463451,0.0,0.6,0.0018937347867548,1.0000000001936522,0.6672828652388338,-5.1264449597891766e-09,0.0,5.0,1.0,,0.5,-1.4426950249075512e-08,-9.999999889225293e-09,1.0,0.5084088456538819,0.0005287199746817,0.4997356400126591,,320.45920999371447,3774.64599609375,,,,,,,,,,
120,2,42.0,0.0,32.0,32.0,0.696044921875,2.0,74.0,0.027027027027027,0.0,2.0,0.0,1.0,0.1505057889331676,0.0,0.1505057889331676,0.0,0.6,0.0018937347867548,1.0000000000311648,0.6605864317881468,-2.895251124150509e-09,0.0,2.0,1.0,,0.5,-1.4426950249075512e-08,-9.999999889225293e-09,1.0,0.5071968617639904,0.0094898892566561,0.4952550553716719,,316.2618430214934,3766.35888671875,,,,,,,,,,
121,2,43.0,0.0,32.0,32.0,0.71112060546875,0.0,74.0,0.0,0.0,0.0,0.0,0.0,0.0,0.0,0.0,0.0,0.6,0.0018937347867548,1.0,0.6659069265923425,0.0,0.0,0.0,,,,,,0.0,,,,,312.910300999647,3762.92724609375,,,,,,,,,,
122,2,44.0,0.0,32.0,32.0,0.68341064453125,0.0,74.0,0.0,0.0,0.0,0.0,0.0,0.0,0.0,0.0,0.0,0.6,0.0018937347867548,1.0,0.6743761206162241,0.0,0.0,0.0,,,,,,0.0,,,,,313.6475089995656,3762.92724609375,,,,,,,,,,
123,2,45.0,0.0,32.0,32.0,0.706298828125,4.0,74.0,0.054054054054054,0.0,4.0,0.0,1.0,0.1491145233281672,0.0,0.1491145233281672,0.0,0.6,0.0018937347867548,1.0000000001372749,0.6653113834088459,-3.778263436818982e-09,0.0,4.0,1.0,,0.5,-1.4426950249075512e-08,-9.999999889225293e-09,1.0,0.5093907949636483,0.0027542521711438,0.498622873914428,,315.49393699970096,3772.02099609375,,,,,,,,,,
124,2,46.0,0.0,32.0,32.0,0.700927734375,2.0,74.0,0.027027027027027,0.0,2.0,0.0,1.0,0.1509319930227521,0.0,0.1509319930227521,0.0,0.6,0.0018937347867548,1.000000000067807,0.6689486134090019,1.0810362533820515e-10,0.0,2.0,1.0,,0.5,-1.4426950249075512e-08,-9.999999889225293e-09,1.0,0.503106643409174,0.0092941587790846,0.4953529206104576,,318.4473360015545,3766.35888671875,,,,,,,,,,
125,2,47.0,0.0,32.0,32.0,0.6962890625,3.0,74.0,0.0405405405405405,0.0,3.0,0.0,1.0,0.1481970059016567,0.0,0.1481970059016567,0.0,0.6,0.0018937347867548,1.0000000001277205,0.6608092096242867,-3.623907218790227e-09,0.0,3.0,1.0,,0.5,-1.4426950249075512e-08,-9.999999889225293e-09,1.0,0.5060099803278107,0.004760121461004,0.497619939269498,,315.3180720109958,3768.98388671875,,,,,,,,,,
126,2,48.0,0.0,32.0,32.0,0.69146728515625,4.0,74.0,0.054054054054054,0.0,4.0,0.0,1.0,0.1492057924332609,0.0,0.1492057924332609,0.0,0.6,0.0018937347867548,1.0000000011790149,0.6689430511284552,-7.3701340099380685e-09,0.0,4.0,1.0,,0.5,-1.4426950249075512e-08,-9.999999889225293e-09,1.0,0.5052632935051813,0.002989666070789,0.4985051669646054,,319.33428801130503,3772.02099609375,,,,,,,,,,
127,2,49.0,0.0,32.0,32.0,0.69744873046875,3.0,74.0,0.0405405405405405,0.0,3.0,0.0,1.0,0.1494594737820596,0.0,0.1494594737820596,0.0,0.6,0.0018937347867548,0.9999999995639004,0.6650555787349245,-6.375362874727919e-09,0.0,3.0,1.0,,0.5,-1.4426950249075512e-08,-9.999999889225293e-09,1.0,0.5023433783958081,0.002977994037792,0.4985110029811039,,315.6403210014105,3768.98388671875,,,,,,,,,,
128,2,50.0,0.0,32.0,32.0,0.7042236328125,0.0,74.0,0.0,0.0,0.0,0.0,0.0,0.0,0.0,0.0,0.0,0.6,0.0018937347867548,1.0,0.6697157868463066,0.0,0.0,0.0,,,,,,0.0,,,,,311.14000800880603,3762.92724609375,,,,,,,,,,
129,2,51.0,0.0,32.0,32.0,0.67205810546875,8.0,74.0,0.1081081081081081,0.0,8.0,0.0,1.0,0.1500380775453398,0.0,0.1500380775453398,0.0,0.6,0.0018937347867548,0.999999996221245,0.6690797913094252,-5.67765813052353e-09,0.0,8.0,1.0,,0.5,-1.4426950249075512e-08,-9.999999889225293e-09,1.0,0.5075591112847573,0.0003510047972667,0.4998244976013666,,320.4209720133804,3787.30224609375,,,,,,,,,,
130,2,52.0,0.0,32.0,32.0,0.6756591796875,10.0,74.0,0.1351351351351351,1.0,9.0,0.1,0.9,0.1484831568769779,0.1370228117522231,0.1497565285575062,0.0,0.6,0.0018937347867548,1.0000000006727343,0.6638731167265527,-5.028900513498244e-09,1.0,9.0,0.8,9.0,1.0,0.4689955647353811,0.3250829533914487,2.0,0.512330330446723,-0.0002521776537336,0.5001260888268668,-0.0013124341426614,322.00073200510815,3797.33349609375,,,,,,,,,,
131,2,53.0,0.0,32.0,32.0,0.67718505859375,2.0,74.0,0.027027027027027,0.0,2.0,0.0,1.0,0.1504853360400288,0.0,0.1504853360400288,0.0,0.6,0.0018937347867548,0.9999999998241342,0.6684143232123971,-2.823888270367317e-11,0.0,2.0,1.0,,0.5,-1.4426950249075512e-08,-9.999999889225293e-09,1.0,0.5054935843656063,0.0098937060683965,0.4950531469658017,,318.4282500005793,3766.35888671875,,,,,,,,,,
132,2,54.0,0.0,32.0,32.0,0.678955078125,8.0,74.0,0.1081081081081081,0.0,8.0,0.0,1.0,0.1495453520813285,0.0,0.1495453520813285,0.0,0.6,0.0018937347867548,0.9999999993370642,0.6601695103625215,6.444878096900716e-09,0.0,8.0,1.0,,0.5,-1.4426950249075512e-08,-9.999999889225293e-09,1.0,0.5056409551397646,0.0003227182605769,0.4998386408697115,,315.7645349856466,3786.55224609375,,,,,,,,,,
133,2,55.0,0.0,32.0,32.0,0.69476318359375,2.0,74.0,0.027027027027027,0.0,2.0,0.0,1.0,0.1515979524557569,0.0,0.1515979524557569,0.0,0.6,0.0018937347867548,1.0000000002524363,0.6638219382690785,-5.20608873953608e-10,0.0,2.0,1.0,,0.5,-1.4426950249075512e-08,-9.999999889225293e-09,1.0,0.5053265081858564,0.0126836597919464,0.4936581701040268,,317.4325879954268,3766.35888671875,,,,,,,,,,
134,2,56.0,0.0,32.0,32.0,0.667724609375,2.0,74.0,0.027027027027027,0.0,2.0,0.0,1.0,0.1505091593508342,0.0,0.1505091593508342,0.0,0.6,0.0018937347867548,1.000000000293564,0.6619830346163342,-2.271604954065456e-09,0.0,2.0,1.0,,0.5,-1.4426950249075512e-08,-9.999999889225293e-09,1.0,0.5016971978361142,0.0112607795745134,0.4943696102127433,,314.2221599991899,3769.17724609375,,,,,,,,,,
135,2,57.0,0.0,32.0,32.0,0.67681884765625,0.0,74.0,0.0,0.0,0.0,0.0,0.0,0.0,0.0,0.0,0.0,0.6,0.0018937347867548,1.0,0.6635119354869305,0.0,0.0,0.0,,,,,,0.0,,,,,314.3850539927371,3762.92724609375,,,,,,,,,,
136,2,58.0,0.0,32.0,32.0,0.66937255859375,2.0,74.0,0.027027027027027,0.0,2.0,0.0,1.0,0.1511146842808219,0.0,0.1511146842808219,0.0,0.6,0.0018937347867548,1.0000000000735338,0.6601612064258551,-3.474521063129888e-09,0.0,2.0,1.0,,0.5,-1.4426950249075512e-08,-9.999999889225293e-09,1.0,0.5079710412773575,0.0091961938887834,0.4954019030556083,,314.7518839978148,3766.35888671875,,,,,,,,,,
137,2,59.0,0.0,32.0,32.0,0.6861572265625,4.0,74.0,0.054054054054054,0.0,4.0,0.0,1.0,0.1497150339580148,0.0,0.1497150339580148,0.0,0.6,0.0018937347867548,1.0000000013224837,0.6648864510405604,-3.2778229156827723e-09,0.0,4.0,1.0,,0.5,-1.4426950249075512e-08,-9.999999889225293e-09,1.0,0.5068188265415268,0.0025202096439898,0.4987398951780051,,316.1013289936818,3772.02099609375,,,,,,,,,,
138,2,60.0,0.0,32.0,32.0,0.7032470703125,0.0,74.0,0.0,0.0,0.0,0.0,0.0,0.0,0.0,0.0,0.0,0.6,0.0018937347867548,1.0,0.6632818824596383,0.0,0.0,0.0,,,,,,0.0,,,,,314.0832430217415,3762.92724609375,,,,,,,,,,
139,2,61.0,0.0,32.0,32.0,0.6812744140625,3.0,74.0,0.0405405405405405,0.0,3.0,0.0,1.0,0.1503475442037373,0.0,0.1503475442037373,0.0,0.6,0.0018937347867548,0.9999999999245291,0.6578529396303286,8.609556970129441e-09,0.0,3.0,1.0,,0.5,-1.4426950249075512e-08,-9.999999889225293e-09,1.0,0.5040026640992965,0.0029436303302645,0.4985281848348677,,315.20319799892604,3768.98388671875,,,,,,,,,,
140,2,62.0,0.0,32.0,32.0,0.6500244140625,0.0,74.0,0.0,0.0,0.0,0.0,0.0,0.0,0.0,0.0,0.0,0.6,0.0018937347867548,1.0,0.6637486679038077,0.0,0.0,0.0,,,,,,0.0,,,,,316.1306010151748,3762.92724609375,,,,,,,,,,
141,2,63.0,0.0,32.0,32.0,0.695068359375,0.0,74.0,0.0,0.0,0.0,0.0,0.0,0.0,0.0,0.0,0.0,0.6,0.0018937347867548,1.0,0.6673902281667686,0.0,0.0,0.0,,,,,,0.0,,,,,312.13137399754487,3762.92724609375,,,,,,,,,,
142,2,64.0,0.0,32.0,32.0,0.6920166015625,0.0,74.0,0.0,0.0,0.0,0.0,0.0,0.0,0.0,0.0,0.0,0.6,0.0018937347867548,1.0,0.6631466685078538,0.0,0.0,0.0,,,,,,0.0,,,,,317.2923410020303,3762.92724609375,,,,,,,,,,
143,2,65.0,0.0,32.0,32.0,0.6766357421875,0.0,74.0,0.0,0.0,0.0,0.0,0.0,0.0,0.0,0.0,0.0,0.6,0.0018937347867548,1.0,0.6614078614670609,0.0,0.0,0.0,,,,,,0.0,,,,,314.2008439754136,3762.92724609375,,,,,,,,,,
144,2,66.0,0.0,32.0,32.0,0.68994140625,0.0,74.0,0.0,0.0,0.0,0.0,0.0,0.0,0.0,0.0,0.0,0.6,0.0018937347867548,1.0,0.6620359058444357,0.0,0.0,0.0,,,,,,0.0,,,,,312.21381400246173,3762.92724609375,,,,,,,,,,
145,2,67.0,0.0,32.0,32.0,0.65460205078125,0.0,74.0,0.0,0.0,0.0,0.0,0.0,0.0,0.0,0.0,0.0,0.6,0.0018937347867548,1.0,0.6682685064522278,0.0,0.0,0.0,,,,,,0.0,,,,,315.0696239899844,3762.92724609375,,,,,,,,,,
146,2,68.0,0.0,32.0,32.0,0.72216796875,0.0,74.0,0.0,0.0,0.0,0.0,0.0,0.0,0.0,0.0,0.0,0.6,0.0018937347867548,1.0,0.662078825600642,0.0,0.0,0.0,,,,,,0.0,,,,,312.0055450126529,3762.92724609375,,,,,,,,,,
147,2,69.0,0.0,32.0,32.0,0.69476318359375,0.0,74.0,0.0,0.0,0.0,0.0,0.0,0.0,0.0,0.0,0.0,0.6,0.0018937347867548,1.0,0.6642513371031281,0.0,0.0,0.0,,,,,,0.0,,,,,316.24367999029346,3762.92724609375,,,,,,,,,,
148,2,70.0,0.0,32.0,32.0,0.6629638671875,0.0,74.0,0.0,0.0,0.0,0.0,0.0,0.0,0.0,0.0,0.0,0.6,0.0018937347867548,1.0,0.6627438134687202,0.0,0.0,0.0,,,,,,0.0,,,,,311.50142301339656,3762.92724609375,,,,,,,,,,
149,2,71.0,0.0,32.0,32.0,0.6478271484375,0.0,74.0,0.0,0.0,0.0,0.0,0.0,0.0,0.0,0.0,0.0,0.6,0.0018937347867548,1.0,0.6640135379021277,0.0,0.0,0.0,,,,,,0.0,,,,,318.10684499214403,3762.92724609375,,,,,,,,,,
150,2,72.0,0.0,32.0,32.0,0.71600341796875,0.0,74.0,0.0,0.0,0.0,0.0,0.0,0.0,0.0,0.0,0.0,0.6,0.0018937347867548,1.0,0.6580347211195323,0.0,0.0,0.0,,,,,,0.0,,,,,309.8720840062015,3762.92724609375,,,,,,,,,,
151,2,73.0,0.0,32.0,32.0,0.646728515625,0.0,74.0,0.0,0.0,0.0,0.0,0.0,0.0,0.0,0.0,0.0,0.6,0.0018937347867548,1.0,0.6654653070147344,0.0,0.0,0.0,,,,,,0.0,,,,,316.7196660069749,3762.92724609375,,,,,,,,,,
152,2,74.0,0.0,32.0,32.0,0.651947021484375,0.0,74.0,0.0,0.0,0.0,0.0,0.0,0.0,0.0,0.0,0.0,0.6,0.0018937347867548,1.0,0.6618724742466354,0.0,0.0,0.0,,,,,,0.0,,,,,312.439761008136,3762.92724609375,,,,,,,,,,
153,2,75.0,0.0,32.0,32.0,0.639892578125,0.0,74.0,0.0,0.0,0.0,0.0,0.0,0.0,0.0,0.0,0.0,0.6,0.0018937347867548,1.0,0.6647590689798003,0.0,0.0,0.0,,,,,,0.0,,,,,312.097335990984,3762.92724609375,,,,,,,,,,
154,2,76.0,0.0,32.0,32.0,0.636962890625,0.0,74.0,0.0,0.0,0.0,0.0,0.0,0.0,0.0,0.0,0.0,0.6,0.0018937347867548,1.0,0.6650207503290605,0.0,0.0,0.0,,,,,,0.0,,,,,311.865809984738,3762.92724609375,,,,,,,,,,
155,2,77.0,0.0,32.0,32.0,0.6927490234375,0.0,74.0,0.0,0.0,0.0,0.0,0.0,0.0,0.0,0.0,0.0,0.6,0.0018937347867548,1.0,0.6624147316169344,0.0,0.0,0.0,,,,,,0.0,,,,,313.1613810255658,3762.92724609375,,,,,,,,,,
156,2,78.0,0.0,26.0,26.0,0.6859975961538464,0.0,74.0,0.0,0.0,0.0,0.0,0.0,0.0,0.0,0.0,0.0,0.6,0.0018937347867548,1.0,0.6608180514534869,0.0,0.0,0.0,,,,,,0.0,,,,,282.1548510110006,3596.64404296875,,,,,,,,,,
156,2,,1.0,32.0,32.0,,,,,,,,,,,,,,,1.0,0.6608180514534869,0.0,0.0,0.0,,,,,,0.0,,,,,282.1548510110006,3596.64404296875,0.6498194945848376,0.647272613313463,0.6498194945848376,0.6478436523013644,0.6481927710843374,0.6254706971156292,-0.0016267235005001,0.6461847389558233,0.6273459792137146,-0.0036347556290142
157,3,1.0,0.0,32.0,32.0,0.691162109375,0.0,74.0,0.0,0.0,0.0,0.0,0.0,0.0,0.0,0.0,0.0,0.6,0.0018937347867548,1.0,0.6642648510989122,0.0,0.0,0.0,,,,,,0.0,,,,,312.4817550124135,3762.92724609375,,,,,,,,,,
158,3,2.0,0.0,32.0,32.0,0.6318359375,0.0,74.0,0.0,0.0,0.0,0.0,0.0,0.0,0.0,0.0,0.0,0.6,0.0018937347867548,1.0,0.6607290151987473,0.0,0.0,0.0,,,,,,0.0,,,,,311.296637984924,3762.92724609375,,,,,,,,,,
159,3,3.0,0.0,32.0,32.0,0.544830322265625,0.0,74.0,0.0,0.0,0.0,0.0,0.0,0.0,0.0,0.0,0.0,0.6,0.0018937347867548,1.0,0.6619552543822881,0.0,0.0,0.0,,,,,,0.0,,,,,317.95951901585795,3762.92724609375,,,,,,,,,,
160,3,4.0,0.0,32.0,32.0,0.658203125,0.0,74.0,0.0,0.0,0.0,0.0,0.0,0.0,0.0,0.0,0.0,0.6,0.0018937347867548,1.0,0.6672436982606501,0.0,0.0,0.0,,,,,,0.0,,,,,314.40066199866123,3762.92724609375,,,,,,,,,,
161,3,5.0,0.0,32.0,32.0,0.581298828125,0.0,74.0,0.0,0.0,0.0,0.0,0.0,0.0,0.0,0.0,0.0,0.6,0.0018937347867548,1.0,0.6617817740431827,0.0,0.0,0.0,,,,,,0.0,,,,,317.9763990046922,3762.92724609375,,,,,,,,,,
162,3,6.0,0.0,32.0,32.0,0.6519775390625,0.0,74.0,0.0,0.0,0.0,0.0,0.0,0.0,0.0,0.0,0.0,0.6,0.0018937347867548,1.0,0.6621483199364124,0.0,0.0,0.0,,,,,,0.0,,,,,313.1438450072892,3762.92724609375,,,,,,,,,,
163,3,7.0,0.0,32.0,32.0,0.495849609375,0.0,74.0,0.0,0.0,0.0,0.0,0.0,0.0,0.0,0.0,0.0,0.6,0.0018937347867548,1.0,0.6633039007918393,0.0,0.0,0.0,,,,,,0.0,,,,,319.48231399292126,3762.92724609375,,,,,,,,,,
164,3,8.0,0.0,32.0,32.0,0.611572265625,0.0,74.0,0.0,0.0,0.0,0.0,0.0,0.0,0.0,0.0,0.0,0.6,0.0018937347867548,1.0,0.6601766540694286,0.0,0.0,0.0,,,,,,0.0,,,,,313.9190179936122,3762.92724609375,,,,,,,,,,
165,3,9.0,0.0,32.0,32.0,0.499359130859375,0.0,74.0,0.0,0.0,0.0,0.0,0.0,0.0,0.0,0.0,0.0,0.6,0.0018937347867548,1.0,0.663068348598657,0.0,0.0,0.0,,,,,,0.0,,,,,314.8931519826874,3762.92724609375,,,,,,,,,,
166,3,10.0,0.0,32.0,32.0,0.5210723876953125,0.0,74.0,0.0,0.0,0.0,0.0,0.0,0.0,0.0,0.0,0.0,0.6,0.0018937347867548,1.0,0.6612233367291875,0.0,0.0,0.0,,,,,,0.0,,,,,316.86554799671285,3762.92724609375,,,,,,,,,,
167,3,11.0,0.0,32.0,32.0,0.5427398681640625,0.0,74.0,0.0,0.0,0.0,0.0,0.0,0.0,0.0,0.0,0.0,0.6,0.0018937347867548,1.0,0.6646048947580235,0.0,0.0,0.0,,,,,,0.0,,,,,313.04889600141905,3762.92724609375,,,,,,,,,,
168,3,12.0,0.0,32.0,32.0,0.551727294921875,0.0,74.0,0.0,0.0,0.0,0.0,0.0,0.0,0.0,0.0,0.0,0.6,0.0018937347867548,1.0,0.6666928276235515,0.0,0.0,0.0,,,,,,0.0,,,,,316.9556659995578,3762.92724609375,,,,,,,,,,
169,3,13.0,0.0,32.0,32.0,0.5746917724609375,0.0,74.0,0.0,0.0,0.0,0.0,0.0,0.0,0.0,0.0,0.0,0.6,0.0018937347867548,1.0,0.6593914105828826,0.0,0.0,0.0,,,,,,0.0,,,,,315.4637989937328,3762.92724609375,,,,,,,,,,
170,3,14.0,0.0,32.0,32.0,0.522247314453125,0.0,74.0,0.0,0.0,0.0,0.0,0.0,0.0,0.0,0.0,0.0,0.6,0.0018937347867548,1.0,0.6614767458272992,0.0,0.0,0.0,,,,,,0.0,,,,,317.1183899976313,3762.92724609375,,,,,,,,,,
171,3,15.0,0.0,32.0,32.0,0.58392333984375,0.0,74.0,0.0,0.0,0.0,0.0,0.0,0.0,0.0,0.0,0.0,0.6,0.0018937347867548,1.0,0.6673169834614585,0.0,0.0,0.0,,,,,,0.0,,,,,314.08002800890245,3762.92724609375,,,,,,,,,,
172,3,16.0,0.0,32.0,32.0,0.6252288818359375,0.0,74.0,0.0,0.0,0.0,0.0,0.0,0.0,0.0,0.0,0.0,0.6,0.0018937347867548,1.0,0.6655890185905688,0.0,0.0,0.0,,,,,,0.0,,,,,316.9027690018993,3762.92724609375,,,,,,,,,,
173,3,17.0,0.0,32.0,32.0,0.6815185546875,0.0,74.0,0.0,0.0,0.0,0.0,0.0,0.0,0.0,0.0,0.0,0.6,0.0018937347867548,1.0,0.662797691818901,0.0,0.0,0.0,,,,,,0.0,,,,,315.855806984473,3762.92724609375,,,,,,,,,,
174,3,18.0,0.0,32.0,32.0,0.764739990234375,0.0,74.0,0.0,0.0,0.0,0.0,0.0,0.0,0.0,0.0,0.0,0.6,0.0018937347867548,1.0,0.6644484826533599,0.0,0.0,0.0,,,,,,0.0,,,,,309.42768999375403,3762.92724609375,,,,,,,,,,
175,3,19.0,0.0,32.0,32.0,0.6489334106445312,0.0,74.0,0.0,0.0,0.0,0.0,0.0,0.0,0.0,0.0,0.0,0.6,0.0018937347867548,1.0,0.6618080708735389,0.0,0.0,0.0,,,,,,0.0,,,,,317.8531340090558,3762.92724609375,,,,,,,,,,
176,3,20.0,0.0,32.0,32.0,0.4149932861328125,0.0,74.0,0.0,0.0,0.0,0.0,0.0,0.0,0.0,0.0,0.0,0.6,0.0018937347867548,1.0,0.66594419263914,0.0,0.0,0.0,,,,,,0.0,,,,,312.53455800469965,3762.92724609375,,,,,,,,,,
177,3,21.0,0.0,32.0,32.0,0.58721923828125,0.0,74.0,0.0,0.0,0.0,0.0,0.0,0.0,0.0,0.0,0.0,0.6,0.0018937347867548,1.0,0.6676158086475885,0.0,0.0,0.0,,,,,,0.0,,,,,320.5396659905091,3762.92724609375,,,,,,,,,,
178,3,22.0,0.0,32.0,32.0,0.5289535522460938,0.0,74.0,0.0,0.0,0.0,0.0,0.0,0.0,0.0,0.0,0.0,0.6,0.0018937347867548,1.0,0.6628924771508757,0.0,0.0,0.0,,,,,,0.0,,,,,313.6717739980668,3762.92724609375,,,,,,,,,,
179,3,23.0,0.0,32.0,32.0,0.5299835205078125,0.0,74.0,0.0,0.0,0.0,0.0,0.0,0.0,0.0,0.0,0.0,0.6,0.0018937347867548,1.0,0.6654608941259397,0.0,0.0,0.0,,,,,,0.0,,,,,323.1531299825292,3762.92724609375,,,,,,,,,,
180,3,24.0,0.0,32.0,32.0,0.4471054077148437,0.0,74.0,0.0,0.0,0.0,0.0,0.0,0.0,0.0,0.0,0.0,0.6,0.0018937347867548,1.0,0.6691880621826315,0.0,0.0,0.0,,,,,,0.0,,,,,314.4461140036583,3762.92724609375,,,,,,,,,,
181,3,25.0,0.0,32.0,32.0,0.471160888671875,0.0,74.0,0.0,0.0,0.0,0.0,0.0,0.0,0.0,0.0,0.0,0.6,0.0018937347867548,1.0,0.6666644077169784,0.0,0.0,0.0,,,,,,0.0,,,,,318.07300000218675,3762.92724609375,,,,,,,,,,
182,3,26.0,0.0,32.0,32.0,0.5081787109375,0.0,74.0,0.0,0.0,0.0,0.0,0.0,0.0,0.0,0.0,0.0,0.6,0.0018937347867548,1.0,0.6643521557676275,0.0,0.0,0.0,,,,,,0.0,,,,,316.8278039956931,3762.92724609375,,,,,,,,,,
183,3,27.0,0.0,32.0,32.0,0.6059112548828125,0.0,74.0,0.0,0.0,0.0,0.0,0.0,0.0,0.0,0.0,0.0,0.6,0.0018937347867548,1.0,0.6670000778740347,0.0,0.0,0.0,,,,,,0.0,,,,,315.76814901200123,3762.92724609375,,,,,,,,,,
184,3,28.0,0.0,32.0,32.0,0.596221923828125,0.0,74.0,0.0,0.0,0.0,0.0,0.0,0.0,0.0,0.0,0.0,0.6,0.0018937347867548,1.0,0.6674467023496634,0.0,0.0,0.0,,,,,,0.0,,,,,316.3859769992996,3762.92724609375,,,,,,,,,,
185,3,29.0,0.0,32.0,32.0,0.62799072265625,0.0,74.0,0.0,0.0,0.0,0.0,0.0,0.0,0.0,0.0,0.0,0.6,0.0018937347867548,1.0,0.6656773001318308,0.0,0.0,0.0,,,,,,0.0,,,,,314.89577202592045,3762.92724609375,,,,,,,,,,
186,3,30.0,0.0,32.0,32.0,0.4488525390625,0.0,74.0,0.0,0.0,0.0,0.0,0.0,0.0,0.0,0.0,0.0,0.6,0.0018937347867548,1.0,0.6661942190655726,0.0,0.0,0.0,,,,,,0.0,,,,,316.547296999488,3762.92724609375,,,,,,,,,,
187,3,31.0,0.0,32.0,32.0,0.6124267578125,0.0,74.0,0.0,0.0,0.0,0.0,0.0,0.0,0.0,0.0,0.0,0.6,0.0018937347867548,1.0,0.6670388074335172,0.0,0.0,0.0,,,,,,0.0,,,,,390.3498349827714,3762.92724609375,,,,,,,,,,
188,3,32.0,0.0,32.0,32.0,0.5179901123046875,0.0,74.0,0.0,0.0,0.0,0.0,0.0,0.0,0.0,0.0,0.0,0.6,0.0018937347867548,1.0,0.665534940216249,0.0,0.0,0.0,,,,,,0.0,,,,,308.8719960069284,3762.92724609375,,,,,,,,,,
189,3,33.0,0.0,32.0,32.0,0.508270263671875,0.0,74.0,0.0,0.0,0.0,0.0,0.0,0.0,0.0,0.0,0.0,0.6,0.0018937347867548,1.0,0.6681190564219308,0.0,0.0,0.0,,,,,,0.0,,,,,316.24119699699804,3762.92724609375,,,,,,,,,,
190,3,34.0,0.0,32.0,32.0,0.473724365234375,0.0,74.0,0.0,0.0,0.0,0.0,0.0,0.0,0.0,0.0,0.0,0.6,0.0018937347867548,1.0,0.6684854421786758,0.0,0.0,0.0,,,,,,0.0,,,,,320.37308299914,3762.92724609375,,,,,,,,,,
191,3,35.0,0.0,32.0,32.0,0.610595703125,0.0,74.0,0.0,0.0,0.0,0.0,0.0,0.0,0.0,0.0,0.0,0.6,0.0018937347867548,1.0,0.6683754601129125,0.0,0.0,0.0,,,,,,0.0,,,,,317.0422200055327,3762.92724609375,,,,,,,,,,
192,3,36.0,0.0,32.0,32.0,0.603118896484375,0.0,74.0,0.0,0.0,0.0,0.0,0.0,0.0,0.0,0.0,0.0,0.6,0.0018937347867548,1.0,0.6706624657546163,0.0,0.0,0.0,,,,,,0.0,,,,,311.66226899949834,3762.92724609375,,,,,,,,,,
193,3,37.0,0.0,32.0,32.0,0.454620361328125,0.0,74.0,0.0,0.0,0.0,0.0,0.0,0.0,0.0,0.0,0.0,0.6,0.0018937347867548,1.0,0.6691945400654388,0.0,0.0,0.0,,,,,,0.0,,,,,325.7213030010462,3762.92724609375,,,,,,,,,,
194,3,38.0,0.0,32.0,32.0,0.5826263427734375,0.0,74.0,0.0,0.0,0.0,0.0,0.0,0.0,0.0,0.0,0.0,0.6,0.0018937347867548,1.0,0.6651207088174106,0.0,0.0,0.0,,,,,,0.0,,,,,311.2456100061536,3762.92724609375,,,,,,,,,,
195,3,39.0,0.0,32.0,32.0,0.4290313720703125,0.0,74.0,0.0,0.0,0.0,0.0,0.0,0.0,0.0,0.0,0.0,0.6,0.0018937347867548,1.0,0.6686022660159069,0.0,0.0,0.0,,,,,,0.0,,,,,316.6246849868912,3762.92724609375,,,,,,,,,,
196,3,40.0,0.0,32.0,32.0,0.4579925537109375,0.0,74.0,0.0,0.0,0.0,0.0,0.0,0.0,0.0,0.0,0.0,0.6,0.0018937347867548,1.0,0.6678534118014262,0.0,0.0,0.0,,,,,,0.0,,,,,317.52038301783614,3762.92724609375,,,,,,,,,,
197,3,41.0,0.0,32.0,32.0,0.37957763671875,0.0,74.0,0.0,0.0,0.0,0.0,0.0,0.0,0.0,0.0,0.0,0.6,0.0018937347867548,1.0,0.6662748603636285,0.0,0.0,0.0,,,,,,0.0,,,,,314.598332013702,3762.92724609375,,,,,,,,,,
198,3,42.0,0.0,32.0,32.0,0.4784393310546875,0.0,74.0,0.0,0.0,0.0,0.0,0.0,0.0,0.0,0.0,0.0,0.6,0.0018937347867548,1.0,0.6654382155063446,0.0,0.0,0.0,,,,,,0.0,,,,,314.31518599856645,3762.92724609375,,,,,,,,,,
199,3,43.0,0.0,32.0,32.0,0.8272476196289062,0.0,74.0,0.0,0.0,0.0,0.0,0.0,0.0,0.0,0.0,0.0,0.6,0.0018937347867548,1.0,0.6672908865533954,0.0,0.0,0.0,,,,,,0.0,,,,,315.74004198773764,3762.92724609375,,,,,,,,,,
200,3,44.0,0.0,32.0,32.0,0.4385910034179687,0.0,74.0,0.0,0.0,0.0,0.0,0.0,0.0,0.0,0.0,0.0,0.6,0.0018937347867548,1.0,0.6677325383496548,0.0,0.0,0.0,,,,,,0.0,,,,,316.94452799274586,3762.92724609375,,,,,,,,,,
201,3,45.0,0.0,32.0,32.0,0.6506500244140625,0.0,74.0,0.0,0.0,0.0,0.0,0.0,0.0,0.0,0.0,0.0,0.6,0.0018937347867548,1.0,0.6635247268032018,0.0,0.0,0.0,,,,,,0.0,,,,,312.3325819906313,3762.92724609375,,,,,,,,,,
202,3,46.0,0.0,32.0,32.0,0.6382293701171875,0.0,74.0,0.0,0.0,0.0,0.0,0.0,0.0,0.0,0.0,0.0,0.6,0.0018937347867548,1.0,0.6649936791006401,0.0,0.0,0.0,,,,,,0.0,,,,,317.77389100170694,3762.92724609375,,,,,,,,,,
203,3,47.0,0.0,32.0,32.0,0.5619659423828125,0.0,74.0,0.0,0.0,0.0,0.0,0.0,0.0,0.0,0.0,0.0,0.6,0.0018937347867548,1.0,0.6623686721033749,0.0,0.0,0.0,,,,,,0.0,,,,,317.3877649824135,3762.92724609375,,,,,,,,,,
204,3,48.0,0.0,32.0,32.0,0.6391525268554688,0.0,74.0,0.0,0.0,0.0,0.0,0.0,0.0,0.0,0.0,0.0,0.6,0.0018937347867548,1.0,0.6673736687047899,0.0,0.0,0.0,,,,,,0.0,,,,,313.6896129872184,3762.92724609375,,,,,,,,,,
205,3,49.0,0.0,32.0,32.0,0.59588623046875,0.0,74.0,0.0,0.0,0.0,0.0,0.0,0.0,0.0,0.0,0.0,0.6,0.0018937347867548,1.0,0.6677680416046349,0.0,0.0,0.0,,,,,,0.0,,,,,319.082255999092,3762.92724609375,,,,,,,,,,
206,3,50.0,0.0,32.0,32.0,0.5248260498046875,0.0,74.0,0.0,0.0,0.0,0.0,0.0,0.0,0.0,0.0,0.0,0.6,0.0018937347867548,1.0,0.6650297153645774,0.0,0.0,0.0,,,,,,0.0,,,,,311.6376730031334,3762.92724609375,,,,,,,,,,
207,3,51.0,0.0,32.0,32.0,0.48480224609375,0.0,74.0,0.0,0.0,0.0,0.0,0.0,0.0,0.0,0.0,0.0,0.6,0.0018937347867548,1.0,0.6674501639245609,0.0,0.0,0.0,,,,,,0.0,,,,,318.057038995903,3762.92724609375,,,,,,,,,,
208,3,52.0,0.0,32.0,32.0,0.467437744140625,0.0,74.0,0.0,0.0,0.0,0.0,0.0,0.0,0.0,0.0,0.0,0.6,0.0018937347867548,1.0,0.660868076520956,0.0,0.0,0.0,,,,,,0.0,,,,,313.10475801001303,3762.92724609375,,,,,,,,,,
209,3,53.0,0.0,32.0,32.0,0.4121551513671875,0.0,74.0,0.0,0.0,0.0,0.0,0.0,0.0,0.0,0.0,0.0,0.6,0.0018937347867548,1.0,0.6693287989761969,0.0,0.0,0.0,,,,,,0.0,,,,,320.11148100718856,3762.92724609375,,,,,,,,,,
210,3,54.0,0.0,32.0,32.0,0.521148681640625,0.0,74.0,0.0,0.0,0.0,0.0,0.0,0.0,0.0,0.0,0.0,0.6,0.0018937347867548,1.0,0.6673635436138955,0.0,0.0,0.0,,,,,,0.0,,,,,314.0082799945958,3762.92724609375,,,,,,,,,,
211,3,55.0,0.0,32.0,32.0,0.72979736328125,0.0,74.0,0.0,0.0,0.0,0.0,0.0,0.0,0.0,0.0,0.0,0.6,0.0018937347867548,1.0,0.6680291793925573,0.0,0.0,0.0,,,,,,0.0,,,,,319.9248160235584,3762.92724609375,,,,,,,,,,
212,3,56.0,0.0,32.0,32.0,0.6343231201171875,0.0,74.0,0.0,0.0,0.0,0.0,0.0,0.0,0.0,0.0,0.0,0.6,0.0018937347867548,1.0,0.6681672168987948,0.0,0.0,0.0,,,,,,0.0,,,,,316.3018969935365,3762.92724609375,,,,,,,,,,
213,3,57.0,0.0,32.0,32.0,0.6493988037109375,0.0,74.0,0.0,0.0,0.0,0.0,0.0,0.0,0.0,0.0,0.0,0.6,0.0018937347867548,1.0,0.6662696759532843,0.0,0.0,0.0,,,,,,0.0,,,,,315.58722801855765,3762.92724609375,,,,,,,,,,
214,3,58.0,0.0,32.0,32.0,0.6180267333984375,0.0,74.0,0.0,0.0,0.0,0.0,0.0,0.0,0.0,0.0,0.0,0.6,0.0018937347867548,1.0,0.6682359766338356,0.0,0.0,0.0,,,,,,0.0,,,,,317.7321460098028,3762.92724609375,,,,,,,,,,
215,3,59.0,0.0,32.0,32.0,0.7100830078125,0.0,74.0,0.0,0.0,0.0,0.0,0.0,0.0,0.0,0.0,0.0,0.6,0.0018937347867548,1.0,0.667937178543475,0.0,0.0,0.0,,,,,,0.0,,,,,316.2734290235676,3762.92724609375,,,,,,,,,,
216,3,60.0,0.0,32.0,32.0,0.4489974975585937,0.0,74.0,0.0,0.0,0.0,0.0,0.0,0.0,0.0,0.0,0.0,0.6,0.0018937347867548,1.0,0.6651625346122576,0.0,0.0,0.0,,,,,,0.0,,,,,317.2665049787611,3762.92724609375,,,,,,,,,,
217,3,61.0,0.0,32.0,32.0,0.50360107421875,0.0,74.0,0.0,0.0,0.0,0.0,0.0,0.0,0.0,0.0,0.0,0.6,0.0018937347867548,1.0,0.6677533387971699,0.0,0.0,0.0,,,,,,0.0,,,,,315.13059497228824,3762.92724609375,,,,,,,,,,
218,3,62.0,0.0,32.0,32.0,0.5009765625,0.0,74.0,0.0,0.0,0.0,0.0,0.0,0.0,0.0,0.0,0.0,0.6,0.0018937347867548,1.0,0.6633691945029272,0.0,0.0,0.0,,,,,,0.0,,,,,320.2165260154288,3762.92724609375,,,,,,,,,,
219,3,63.0,0.0,32.0,32.0,0.790985107421875,0.0,74.0,0.0,0.0,0.0,0.0,0.0,0.0,0.0,0.0,0.0,0.6,0.0018937347867548,1.0,0.6612175592287914,0.0,0.0,0.0,,,,,,0.0,,,,,316.4887290040497,3762.92724609375,,,,,,,,,,
220,3,64.0,0.0,32.0,32.0,0.4018707275390625,0.0,74.0,0.0,0.0,0.0,0.0,0.0,0.0,0.0,0.0,0.0,0.6,0.0018937347867548,1.0,0.6670403126062212,0.0,0.0,0.0,,,,,,0.0,,,,,316.7397780052852,3762.92724609375,,,,,,,,,,
221,3,65.0,0.0,32.0,32.0,0.731903076171875,0.0,74.0,0.0,0.0,0.0,0.0,0.0,0.0,0.0,0.0,0.0,0.6,0.0018937347867548,1.0,0.6627248844149994,0.0,0.0,0.0,,,,,,0.0,,,,,319.40045501687564,3762.92724609375,,,,,,,,,,
222,3,66.0,0.0,32.0,32.0,0.530792236328125,0.0,74.0,0.0,0.0,0.0,0.0,0.0,0.0,0.0,0.0,0.0,0.6,0.0018937347867548,1.0,0.6698020739438952,0.0,0.0,0.0,,,,,,0.0,,,,,311.3255240023136,3762.92724609375,,,,,,,,,,
223,3,67.0,0.0,32.0,32.0,0.46514892578125,0.0,74.0,0.0,0.0,0.0,0.0,0.0,0.0,0.0,0.0,0.0,0.6,0.0018937347867548,1.0,0.6638114577959278,0.0,0.0,0.0,,,,,,0.0,,,,,326.24469700385816,3762.92724609375,,,,,,,,,,
224,3,68.0,0.0,32.0,32.0,0.517913818359375,0.0,74.0,0.0,0.0,0.0,0.0,0.0,0.0,0.0,0.0,0.0,0.6,0.0018937347867548,1.0,0.662920205049568,0.0,0.0,0.0,,,,,,0.0,,,,,314.21745000989176,3762.92724609375,,,,,,,,,,
225,3,69.0,0.0,32.0,32.0,0.4933319091796875,0.0,74.0,0.0,0.0,0.0,0.0,0.0,0.0,0.0,0.0,0.0,0.6,0.0018937347867548,1.0,0.6668519079952449,0.0,0.0,0.0,,,,,,0.0,,,,,320.6924580154009,3762.92724609375,,,,,,,,,,
226,3,70.0,0.0,32.0,32.0,0.5161895751953125,0.0,74.0,0.0,0.0,0.0,0.0,0.0,0.0,0.0,0.0,0.0,0.6,0.0018937347867548,1.0,0.6658039443126369,0.0,0.0,0.0,,,,,,0.0,,,,,312.8726629947778,3762.92724609375,,,,,,,,,,
227,3,71.0,0.0,32.0,32.0,0.542877197265625,0.0,74.0,0.0,0.0,0.0,0.0,0.0,0.0,0.0,0.0,0.0,0.6,0.0018937347867548,1.0,0.6615515434786707,0.0,0.0,0.0,,,,,,0.0,,,,,320.6170769990422,3762.92724609375,,,,,,,,,,
228,3,72.0,0.0,32.0,32.0,0.417724609375,0.0,74.0,0.0,0.0,0.0,0.0,0.0,0.0,0.0,0.0,0.0,0.6,0.0018937347867548,1.0,0.6641676162614321,0.0,0.0,0.0,,,,,,0.0,,,,,315.16893999651074,3762.92724609375,,,,,,,,,,
229,3,73.0,0.0,32.0,32.0,0.6147613525390625,0.0,74.0,0.0,0.0,0.0,0.0,0.0,0.0,0.0,0.0,0.0,0.6,0.0018937347867548,1.0,0.6683378068565962,0.0,0.0,0.0,,,,,,0.0,,,,,318.05147900013253,3762.92724609375,,,,,,,,,,
230,3,74.0,0.0,32.0,32.0,0.56988525390625,0.0,74.0,0.0,0.0,0.0,0.0,0.0,0.0,0.0,0.0,0.0,0.6,0.0018937347867548,1.0,0.6629501185808252,0.0,0.0,0.0,,,,,,0.0,,,,,316.1233829741832,3762.92724609375,,,,,,,,,,
231,3,75.0,0.0,32.0,32.0,0.5672454833984375,0.0,74.0,0.0,0.0,0.0,0.0,0.0,0.0,0.0,0.0,0.0,0.6,0.0018937347867548,1.0,0.6616571399336099,0.0,0.0,0.0,,,,,,0.0,,,,,314.9184859939851,3762.92724609375,,,,,,,,,,
232,3,76.0,0.0,32.0,32.0,0.574493408203125,0.0,74.0,0.0,0.0,0.0,0.0,0.0,0.0,0.0,0.0,0.0,0.6,0.0018937347867548,1.0,0.6673134073384829,0.0,0.0,0.0,,,,,,0.0,,,,,315.38752099731937,3762.92724609375,,,,,,,,,,
233,3,77.0,0.0,32.0,32.0,0.686065673828125,0.0,74.0,0.0,0.0,0.0,0.0,0.0,0.0,0.0,0.0,0.0,0.6,0.0018937347867548,1.0,0.662553347233037,0.0,0.0,0.0,,,,,,0.0,,,,,314.0483990137,3762.92724609375,,,,,,,,,,
234,3,78.0,0.0,26.0,26.0,0.4975773737980769,0.0,74.0,0.0,0.0,0.0,0.0,0.0,0.0,0.0,0.0,0.0,0.6,0.0018937347867548,1.0,0.6663428024782759,0.0,0.0,0.0,,,,,,0.0,,,,,284.46431798511185,3596.64404296875,,,,,,,,,,
234,3,,1.0,32.0,32.0,,,,,,,,,,,,,,,1.0,0.6663428024782759,0.0,0.0,0.0,,,,,,0.0,,,,,284.46431798511185,3596.64404296875,0.6678700361010831,0.6558085017734103,0.6678700361010831,0.6570127738846673,0.757429718875502,0.490438264914048,0.0895596827744189,0.7534136546184739,0.4979168963737977,0.0855436185173907
235,4,1.0,0.0,32.0,32.0,0.3950958251953125,0.0,74.0,0.0,0.0,0.0,0.0,0.0,0.0,0.0,0.0,0.0,0.6,0.0018937347867548,1.0,0.6647841860092422,0.0,0.0,0.0,,,,,,0.0,,,,,317.0223660126794,3762.92724609375,,,,,,,,,,
236,4,2.0,0.0,32.0,32.0,0.4082794189453125,0.0,74.0,0.0,0.0,0.0,0.0,0.0,0.0,0.0,0.0,0.0,0.6,0.0018937347867548,1.0,0.6661694477843669,0.0,0.0,0.0,,,,,,0.0,,,,,313.712242001202,3762.92724609375,,,,,,,,,,
237,4,3.0,0.0,32.0,32.0,0.503936767578125,0.0,74.0,0.0,0.0,0.0,0.0,0.0,0.0,0.0,0.0,0.0,0.6,0.0018937347867548,1.0,0.6694633205323929,0.0,0.0,0.0,,,,,,0.0,,,,,316.4976009866223,3762.92724609375,,,,,,,,,,
238,4,4.0,0.0,32.0,32.0,0.3781280517578125,0.0,74.0,0.0,0.0,0.0,0.0,0.0,0.0,0.0,0.0,0.0,0.6,0.0018937347867548,1.0,0.667361672056216,0.0,0.0,0.0,,,,,,0.0,,,,,314.2153969965875,3762.92724609375,,,,,,,,,,
239,4,5.0,0.0,32.0,32.0,0.547393798828125,0.0,74.0,0.0,0.0,0.0,0.0,0.0,0.0,0.0,0.0,0.0,0.6,0.0018937347867548,1.0,0.6653835138428007,0.0,0.0,0.0,,,,,,0.0,,,,,313.86358599411324,3762.92724609375,,,,,,,,,,
240,4,6.0,0.0,32.0,32.0,0.4574127197265625,0.0,74.0,0.0,0.0,0.0,0.0,0.0,0.0,0.0,0.0,0.0,0.6,0.0018937347867548,1.0,0.6612492747210414,0.0,0.0,0.0,,,,,,0.0,,,,,315.4974189819768,3762.92724609375,,,,,,,,,,
241,4,7.0,0.0,32.0,32.0,0.46234130859375,0.0,74.0,0.0,0.0,0.0,0.0,0.0,0.0,0.0,0.0,0.0,0.6,0.0018937347867548,1.0,0.6659177614636776,0.0,0.0,0.0,,,,,,0.0,,,,,314.22846601344645,3762.92724609375,,,,,,,,,,
242,4,8.0,0.0,32.0,32.0,0.420501708984375,0.0,74.0,0.0,0.0,0.0,0.0,0.0,0.0,0.0,0.0,0.0,0.6,0.0018937347867548,1.0,0.6641800469963453,0.0,0.0,0.0,,,,,,0.0,,,,,314.98700100928545,3762.92724609375,,,,,,,,,,
243,4,9.0,0.0,32.0,32.0,0.409698486328125,0.0,74.0,0.0,0.0,0.0,0.0,0.0,0.0,0.0,0.0,0.0,0.6,0.0018937347867548,1.0,0.6666336030566232,0.0,0.0,0.0,,,,,,0.0,,,,,313.5936500038952,3762.92724609375,,,,,,,,,,
244,4,10.0,0.0,32.0,32.0,0.4520416259765625,0.0,74.0,0.0,0.0,0.0,0.0,0.0,0.0,0.0,0.0,0.0,0.6,0.0018937347867548,1.0,0.666722519392347,0.0,0.0,0.0,,,,,,0.0,,,,,313.8854050193913,3762.92724609375,,,,,,,,,,
245,4,11.0,0.0,32.0,32.0,0.396514892578125,0.0,74.0,0.0,0.0,0.0,0.0,0.0,0.0,0.0,0.0,0.0,0.6,0.0018937347867548,1.0,0.6647744789341862,0.0,0.0,0.0,,,,,,0.0,,,,,315.9176960180048,3762.92724609375,,,,,,,,,,
246,4,12.0,0.0,32.0,32.0,0.4789276123046875,0.0,74.0,0.0,0.0,0.0,0.0,0.0,0.0,0.0,0.0,0.0,0.6,0.0018937347867548,1.0,0.6630921425870014,0.0,0.0,0.0,,,,,,0.0,,,,,310.3990989911836,3762.92724609375,,,,,,,,,,
247,4,13.0,0.0,32.0,32.0,0.5124893188476562,0.0,74.0,0.0,0.0,0.0,0.0,0.0,0.0,0.0,0.0,0.0,0.6,0.0018937347867548,1.0,0.6620258992012119,0.0,0.0,0.0,,,,,,0.0,,,,,316.8259540107101,3762.92724609375,,,,,,,,,,
248,4,14.0,0.0,32.0,32.0,0.258941650390625,0.0,74.0,0.0,0.0,0.0,0.0,0.0,0.0,0.0,0.0,0.0,0.6,0.0018937347867548,1.0,0.6658047188808054,0.0,0.0,0.0,,,,,,0.0,,,,,311.0737650131341,3762.92724609375,,,,,,,,,,
249,4,15.0,0.0,32.0,32.0,0.264129638671875,0.0,74.0,0.0,0.0,0.0,0.0,0.0,0.0,0.0,0.0,0.0,0.6,0.0018937347867548,1.0,0.6635675151134537,0.0,0.0,0.0,,,,,,0.0,,,,,317.9944540024735,3762.92724609375,,,,,,,,,,
250,4,16.0,0.0,32.0,32.0,0.4744415283203125,0.0,74.0,0.0,0.0,0.0,0.0,0.0,0.0,0.0,0.0,0.0,0.6,0.0018937347867548,1.0,0.6661370269187881,0.0,0.0,0.0,,,,,,0.0,,,,,312.0808259991463,3762.92724609375,,,,,,,,,,
251,4,17.0,0.0,32.0,32.0,0.5136184692382812,0.0,74.0,0.0,0.0,0.0,0.0,0.0,0.0,0.0,0.0,0.0,0.6,0.0018937347867548,1.0,0.6612005053067551,0.0,0.0,0.0,,,,,,0.0,,,,,317.363371985266,3762.92724609375,,,,,,,,,,
252,4,18.0,0.0,32.0,32.0,0.4313201904296875,0.0,74.0,0.0,0.0,0.0,0.0,0.0,0.0,0.0,0.0,0.0,0.6,0.0018937347867548,1.0,0.6620120179269777,0.0,0.0,0.0,,,,,,0.0,,,,,310.1736679964233,3762.92724609375,,,,,,,,,,
253,4,19.0,0.0,32.0,32.0,0.513916015625,0.0,74.0,0.0,0.0,0.0,0.0,0.0,0.0,0.0,0.0,0.0,0.6,0.0018937347867548,1.0,0.6606211578035023,0.0,0.0,0.0,,,,,,0.0,,,,,318.8005470146891,3762.92724609375,,,,,,,,,,
254,4,20.0,0.0,32.0,32.0,0.4761543273925781,0.0,74.0,0.0,0.0,0.0,0.0,0.0,0.0,0.0,0.0,0.0,0.6,0.0018937347867548,1.0,0.6615632847714273,0.0,0.0,0.0,,,,,,0.0,,,,,314.43558301543817,3762.92724609375,,,,,,,,,,
255,4,21.0,0.0,32.0,32.0,0.3962326049804687,0.0,74.0,0.0,0.0,0.0,0.0,0.0,0.0,0.0,0.0,0.0,0.6,0.0018937347867548,1.0,0.6632236043023264,0.0,0.0,0.0,,,,,,0.0,,,,,312.9146830178797,3762.92724609375,,,,,,,,,,
256,4,22.0,0.0,32.0,32.0,0.5297775268554688,0.0,74.0,0.0,0.0,0.0,0.0,0.0,0.0,0.0,0.0,0.0,0.6,0.0018937347867548,1.0,0.663683955413061,0.0,0.0,0.0,,,,,,0.0,,,,,318.02947499090806,3773.35693359375,,,,,,,,,,
257,4,23.0,0.0,32.0,32.0,0.3973464965820312,0.0,74.0,0.0,0.0,0.0,0.0,0.0,0.0,0.0,0.0,0.0,0.6,0.0018937347867548,1.0,0.6707948200008312,0.0,0.0,0.0,,,,,,0.0,,,,,313.469336979324,3762.92724609375,,,,,,,,,,
258,4,24.0,0.0,32.0,32.0,0.4148597717285156,0.0,74.0,0.0,0.0,0.0,0.0,0.0,0.0,0.0,0.0,0.0,0.6,0.0018937347867548,1.0,0.6671197597932982,0.0,0.0,0.0,,,,,,0.0,,,,,316.2948169920128,3762.92724609375,,,,,,,,,,
259,4,25.0,0.0,32.0,32.0,0.5975570678710938,0.0,74.0,0.0,0.0,0.0,0.0,0.0,0.0,0.0,0.0,0.0,0.6,0.0018937347867548,1.0,0.6608575474284617,0.0,0.0,0.0,,,,,,0.0,,,,,312.6239039993379,3762.92724609375,,,,,,,,,,
260,4,26.0,0.0,32.0,32.0,0.3635635375976562,0.0,74.0,0.0,0.0,0.0,0.0,0.0,0.0,0.0,0.0,0.0,0.6,0.0018937347867548,1.0,0.6724588884400738,0.0,0.0,0.0,,,,,,0.0,,,,,314.7378010035027,3762.92724609375,,,,,,,,,,
261,4,27.0,0.0,32.0,32.0,0.5188980102539062,0.0,74.0,0.0,0.0,0.0,0.0,0.0,0.0,0.0,0.0,0.0,0.6,0.0018937347867548,1.0,0.661294317323373,0.0,0.0,0.0,,,,,,0.0,,,,,316.26777799101546,3766.88037109375,,,,,,,,,,
262,4,28.0,0.0,32.0,32.0,0.4803619384765625,0.0,74.0,0.0,0.0,0.0,0.0,0.0,0.0,0.0,0.0,0.0,0.6,0.0018937347867548,1.0,0.6646244905186919,0.0,0.0,0.0,,,,,,0.0,,,,,311.00700501701795,3762.92724609375,,,,,,,,,,
263,4,29.0,0.0,32.0,32.0,0.4068870544433594,0.0,74.0,0.0,0.0,0.0,0.0,0.0,0.0,0.0,0.0,0.0,0.6,0.0018937347867548,1.0,0.6660891054539877,0.0,0.0,0.0,,,,,,0.0,,,,,314.01759100845084,3762.92724609375,,,,,,,,,,
264,4,30.0,0.0,32.0,32.0,0.3685684204101562,0.0,74.0,0.0,0.0,0.0,0.0,0.0,0.0,0.0,0.0,0.0,0.6,0.0018937347867548,1.0,0.6661392614233772,0.0,0.0,0.0,,,,,,0.0,,,,,311.7371219850611,3762.92724609375,,,,,,,,,,
265,4,31.0,0.0,32.0,32.0,0.3693008422851562,0.0,74.0,0.0,0.0,0.0,0.0,0.0,0.0,0.0,0.0,0.0,0.6,0.0018937347867548,1.0,0.668734584170375,0.0,0.0,0.0,,,,,,0.0,,,,,316.63105700863525,3762.92724609375,,,,,,,,,,
266,4,32.0,0.0,32.0,32.0,0.3281326293945312,0.0,74.0,0.0,0.0,0.0,0.0,0.0,0.0,0.0,0.0,0.0,0.6,0.0018937347867548,1.0,0.6683349589565166,0.0,0.0,0.0,,,,,,0.0,,,,,310.3613569983281,3762.92724609375,,,,,,,,,,
267,4,33.0,0.0,32.0,32.0,0.3077812194824219,0.0,74.0,0.0,0.0,0.0,0.0,0.0,0.0,0.0,0.0,0.0,0.6,0.0018937347867548,1.0,0.6631513655592517,0.0,0.0,0.0,,,,,,0.0,,,,,320.8005609922111,3762.92724609375,,,,,,,,,,
268,4,34.0,0.0,32.0,32.0,0.2102699279785156,0.0,74.0,0.0,0.0,0.0,0.0,0.0,0.0,0.0,0.0,0.0,0.6,0.0018937347867548,1.0,0.6633038605129402,0.0,0.0,0.0,,,,,,0.0,,,,,307.02394698164426,3762.92724609375,,,,,,,,,,
269,4,35.0,0.0,32.0,32.0,0.3732452392578125,0.0,74.0,0.0,0.0,0.0,0.0,0.0,0.0,0.0,0.0,0.0,0.6,0.0018937347867548,1.0,0.6642668727234191,0.0,0.0,0.0,,,,,,0.0,,,,,317.1516960137524,3762.92724609375,,,,,,,,,,
270,4,36.0,0.0,32.0,32.0,0.328155517578125,0.0,74.0,0.0,0.0,0.0,0.0,0.0,0.0,0.0,0.0,0.0,0.6,0.0018937347867548,1.0,0.6696450114742503,0.0,0.0,0.0,,,,,,0.0,,,,,312.0213660004083,3762.92724609375,,,,,,,,,,
271,4,37.0,0.0,32.0,32.0,0.40087890625,0.0,74.0,0.0,0.0,0.0,0.0,0.0,0.0,0.0,0.0,0.0,0.6,0.0018937347867548,1.0,0.6690779185910929,0.0,0.0,0.0,,,,,,0.0,,,,,316.9333870173432,3762.92724609375,,,,,,,,,,
272,4,38.0,0.0,32.0,32.0,0.3383331298828125,0.0,74.0,0.0,0.0,0.0,0.0,0.0,0.0,0.0,0.0,0.0,0.6,0.0018937347867548,1.0,0.6664312292219443,0.0,0.0,0.0,,,,,,0.0,,,,,313.9475079951808,3762.92724609375,,,,,,,,,,
273,4,39.0,0.0,32.0,32.0,0.2863349914550781,0.0,74.0,0.0,0.0,0.0,0.0,0.0,0.0,0.0,0.0,0.0,0.6,0.0018937347867548,1.0,0.666278132485172,0.0,0.0,0.0,,,,,,0.0,,,,,312.97247001202777,3762.92724609375,,,,,,,,,,
274,4,40.0,0.0,32.0,32.0,0.261383056640625,0.0,74.0,0.0,0.0,0.0,0.0,0.0,0.0,0.0,0.0,0.0,0.6,0.0018937347867548,1.0,0.6629590999461045,0.0,0.0,0.0,,,,,,0.0,,,,,321.76316299592145,3762.92724609375,,,,,,,,,,
275,4,41.0,0.0,32.0,32.0,0.485260009765625,0.0,74.0,0.0,0.0,0.0,0.0,0.0,0.0,0.0,0.0,0.0,0.6,0.0018937347867548,1.0,0.6631731820774124,0.0,0.0,0.0,,,,,,0.0,,,,,313.2919020135887,3762.92724609375,,,,,,,,,,
276,4,42.0,0.0,32.0,32.0,0.2999954223632812,0.0,74.0,0.0,0.0,0.0,0.0,0.0,0.0,0.0,0.0,0.0,0.6,0.0018937347867548,1.0,0.6667364217238876,0.0,0.0,0.0,,,,,,0.0,,,,,314.5808150002267,3762.92724609375,,,,,,,,,,
277,4,43.0,0.0,32.0,32.0,0.3976631164550781,0.0,74.0,0.0,0.0,0.0,0.0,0.0,0.0,0.0,0.0,0.0,0.6,0.0018937347867548,1.0,0.667689549001635,0.0,0.0,0.0,,,,,,0.0,,,,,314.0360460092779,3762.92724609375,,,,,,,,,,
278,4,44.0,0.0,32.0,32.0,0.3693656921386719,0.0,74.0,0.0,0.0,0.0,0.0,0.0,0.0,0.0,0.0,0.0,0.6,0.0018937347867548,1.0,0.6654200459459554,0.0,0.0,0.0,,,,,,0.0,,,,,313.9373490121216,3762.92724609375,,,,,,,,,,
279,4,45.0,0.0,32.0,32.0,0.5050926208496094,0.0,74.0,0.0,0.0,0.0,0.0,0.0,0.0,0.0,0.0,0.0,0.6,0.0018937347867548,1.0,0.6608443837283191,0.0,0.0,0.0,,,,,,0.0,,,,,314.48350998107344,3762.92724609375,,,,,,,,,,
280,4,46.0,0.0,32.0,32.0,0.2612113952636719,0.0,74.0,0.0,0.0,0.0,0.0,0.0,0.0,0.0,0.0,0.0,0.6,0.0018937347867548,1.0,0.6684320235558933,0.0,0.0,0.0,,,,,,0.0,,,,,310.6715269968845,3762.92724609375,,,,,,,,,,
281,4,47.0,0.0,32.0,32.0,0.5478096008300781,0.0,74.0,0.0,0.0,0.0,0.0,0.0,0.0,0.0,0.0,0.0,0.6,0.0018937347867548,1.0,0.6686606008028378,0.0,0.0,0.0,,,,,,0.0,,,,,316.2833620153833,3762.92724609375,,,,,,,,,,
282,4,48.0,0.0,32.0,32.0,0.2912521362304687,0.0,74.0,0.0,0.0,0.0,0.0,0.0,0.0,0.0,0.0,0.0,0.6,0.0018937347867548,1.0,0.666943749737123,0.0,0.0,0.0,,,,,,0.0,,,,,309.70368400448933,3762.92724609375,,,,,,,,,,
283,4,49.0,0.0,32.0,32.0,0.3378334045410156,0.0,74.0,0.0,0.0,0.0,0.0,0.0,0.0,0.0,0.0,0.0,0.6,0.0018937347867548,1.0,0.6620075315851113,0.0,0.0,0.0,,,,,,0.0,,,,,317.61502599692903,3762.92724609375,,,,,,,,,,
284,4,50.0,0.0,32.0,32.0,0.4984855651855469,0.0,74.0,0.0,0.0,0.0,0.0,0.0,0.0,0.0,0.0,0.0,0.6,0.0018937347867548,1.0,0.6686039445719655,0.0,0.0,0.0,,,,,,0.0,,,,,306.5540599927772,3762.92724609375,,,,,,,,,,
285,4,51.0,0.0,32.0,32.0,0.2691726684570312,0.0,74.0,0.0,0.0,0.0,0.0,0.0,0.0,0.0,0.0,0.0,0.6,0.0018937347867548,1.0,0.6652606332410989,0.0,0.0,0.0,,,,,,0.0,,,,,317.89023900637403,3762.92724609375,,,,,,,,,,
286,4,52.0,0.0,32.0,32.0,0.42547607421875,0.0,74.0,0.0,0.0,0.0,0.0,0.0,0.0,0.0,0.0,0.0,0.6,0.0018937347867548,1.0,0.6664162754736779,0.0,0.0,0.0,,,,,,0.0,,,,,310.05416801781394,3762.92724609375,,,,,,,,,,
287,4,53.0,0.0,32.0,32.0,0.6090164184570312,0.0,74.0,0.0,0.0,0.0,0.0,0.0,0.0,0.0,0.0,0.0,0.6,0.0018937347867548,1.0,0.6647679181874481,0.0,0.0,0.0,,,,,,0.0,,,,,392.4984019831754,3762.92724609375,,,,,,,,,,
288,4,54.0,0.0,32.0,32.0,0.3251266479492187,0.0,74.0,0.0,0.0,0.0,0.0,0.0,0.0,0.0,0.0,0.0,0.6,0.0018937347867548,1.0,0.6701656633295481,0.0,0.0,0.0,,,,,,0.0,,,,,312.174856022466,3762.92724609375,,,,,,,,,,
289,4,55.0,0.0,32.0,32.0,0.2779998779296875,0.0,74.0,0.0,0.0,0.0,0.0,0.0,0.0,0.0,0.0,0.0,0.6,0.0018937347867548,1.0,0.6659633893035177,0.0,0.0,0.0,,,,,,0.0,,,,,313.10885699349456,3762.92724609375,,,,,,,,,,
290,4,56.0,0.0,32.0,32.0,0.4072227478027344,0.0,74.0,0.0,0.0,0.0,0.0,0.0,0.0,0.0,0.0,0.0,0.6,0.0018937347867548,1.0,0.6658644163980688,0.0,0.0,0.0,,,,,,0.0,,,,,324.06840499606915,3762.92724609375,,,,,,,,,,
291,4,57.0,0.0,32.0,32.0,0.414398193359375,0.0,74.0,0.0,0.0,0.0,0.0,0.0,0.0,0.0,0.0,0.0,0.6,0.0018937347867548,1.0,0.668887748766387,0.0,0.0,0.0,,,,,,0.0,,,,,307.9541510087438,3762.92724609375,,,,,,,,,,
292,4,58.0,0.0,32.0,32.0,0.3389968872070312,0.0,74.0,0.0,0.0,0.0,0.0,0.0,0.0,0.0,0.0,0.0,0.6,0.0018937347867548,1.0,0.6693113252288991,0.0,0.0,0.0,,,,,,0.0,,,,,311.57006399007514,3762.92724609375,,,,,,,,,,
293,4,59.0,0.0,32.0,32.0,0.3754920959472656,0.0,74.0,0.0,0.0,0.0,0.0,0.0,0.0,0.0,0.0,0.0,0.6,0.0018937347867548,1.0,0.6736791275082277,0.0,0.0,0.0,,,,,,0.0,,,,,320.5721100093797,3762.92724609375,,,,,,,,,,
294,4,60.0,0.0,32.0,32.0,0.2074356079101562,0.0,74.0,0.0,0.0,0.0,0.0,0.0,0.0,0.0,0.0,0.0,0.6,0.0018937347867548,1.0,0.6662694018824428,0.0,0.0,0.0,,,,,,0.0,,,,,308.3214000216685,3762.92724609375,,,,,,,,,,
295,4,61.0,0.0,32.0,32.0,0.28314208984375,0.0,74.0,0.0,0.0,0.0,0.0,0.0,0.0,0.0,0.0,0.0,0.6,0.0018937347867548,1.0,0.6698269116779567,0.0,0.0,0.0,,,,,,0.0,,,,,313.5514030000195,3762.92724609375,,,,,,,,,,
296,4,62.0,0.0,32.0,32.0,0.33380126953125,0.0,74.0,0.0,0.0,0.0,0.0,0.0,0.0,0.0,0.0,0.0,0.6,0.0018937347867548,1.0,0.6646463202173174,0.0,0.0,0.0,,,,,,0.0,,,,,313.3202769968193,3762.92724609375,,,,,,,,,,
297,4,63.0,0.0,32.0,32.0,0.3215866088867187,0.0,74.0,0.0,0.0,0.0,0.0,0.0,0.0,0.0,0.0,0.0,0.6,0.0018937347867548,1.0,0.6710593704031602,0.0,0.0,0.0,,,,,,0.0,,,,,315.24818600155413,3762.92724609375,,,,,,,,,,
298,4,64.0,0.0,32.0,32.0,0.1542205810546875,0.0,74.0,0.0,0.0,0.0,0.0,0.0,0.0,0.0,0.0,0.0,0.6,0.0018937347867548,1.0,0.6686142192822049,0.0,0.0,0.0,,,,,,0.0,,,,,307.2754720051307,3762.92724609375,,,,,,,,,,
299,4,65.0,0.0,32.0,32.0,0.2473945617675781,0.0,74.0,0.0,0.0,0.0,0.0,0.0,0.0,0.0,0.0,0.0,0.6,0.0018937347867548,1.0,0.6719164508614669,0.0,0.0,0.0,,,,,,0.0,,,,,317.7972069825046,3762.92724609375,,,,,,,,,,
300,4,66.0,0.0,32.0,32.0,0.3929061889648437,0.0,74.0,0.0,0.0,0.0,0.0,0.0,0.0,0.0,0.0,0.0,0.6,0.0018937347867548,1.0,0.6713341440756866,0.0,0.0,0.0,,,,,,0.0,,,,,308.17665200447664,3762.92724609375,,,,,,,,,,
301,4,67.0,0.0,32.0,32.0,0.3909759521484375,0.0,74.0,0.0,0.0,0.0,0.0,0.0,0.0,0.0,0.0,0.0,0.6,0.0018937347867548,1.0,0.6663959628676971,0.0,0.0,0.0,,,,,,0.0,,,,,313.759612996364,3762.92724609375,,,,,,,,,,
302,4,68.0,0.0,32.0,32.0,0.2899208068847656,0.0,74.0,0.0,0.0,0.0,0.0,0.0,0.0,0.0,0.0,0.0,0.6,0.0018937347867548,1.0,0.666523256104923,0.0,0.0,0.0,,,,,,0.0,,,,,312.151060992619,3762.92724609375,,,,,,,,,,
303,4,69.0,0.0,32.0,32.0,0.3527297973632812,0.0,74.0,0.0,0.0,0.0,0.0,0.0,0.0,0.0,0.0,0.0,0.6,0.0018937347867548,1.0,0.6662599283927185,0.0,0.0,0.0,,,,,,0.0,,,,,315.8256930182688,3762.92724609375,,,,,,,,,,
304,4,70.0,0.0,32.0,32.0,0.2633819580078125,0.0,74.0,0.0,0.0,0.0,0.0,0.0,0.0,0.0,0.0,0.0,0.6,0.0018937347867548,1.0,0.6643953664111054,0.0,0.0,0.0,,,,,,0.0,,,,,310.3839489922393,3762.92724609375,,,,,,,,,,
305,4,71.0,0.0,32.0,32.0,0.3355445861816406,0.0,74.0,0.0,0.0,0.0,0.0,0.0,0.0,0.0,0.0,0.0,0.6,0.0018937347867548,1.0,0.6679114296122503,0.0,0.0,0.0,,,,,,0.0,,,,,313.1197819893714,3762.92724609375,,,,,,,,,,
306,4,72.0,0.0,32.0,32.0,0.4010391235351562,0.0,74.0,0.0,0.0,0.0,0.0,0.0,0.0,0.0,0.0,0.0,0.6,0.0018937347867548,1.0,0.6696682448658695,0.0,0.0,0.0,,,,,,0.0,,,,,312.0360589819029,3762.92724609375,,,,,,,,,,
307,4,73.0,0.0,32.0,32.0,0.4618301391601562,0.0,74.0,0.0,0.0,0.0,0.0,0.0,0.0,0.0,0.0,0.0,0.6,0.0018937347867548,1.0,0.6636564635795914,0.0,0.0,0.0,,,,,,0.0,,,,,310.7828330248594,3762.92724609375,,,,,,,,,,
308,4,74.0,0.0,32.0,32.0,0.4417152404785156,0.0,74.0,0.0,0.0,0.0,0.0,0.0,0.0,0.0,0.0,0.0,0.6,0.0018937347867548,1.0,0.665110466234526,0.0,0.0,0.0,,,,,,0.0,,,,,314.1059489862528,3762.92724609375,,,,,,,,,,
309,4,75.0,0.0,32.0,32.0,0.4512596130371094,0.0,74.0,0.0,0.0,0.0,0.0,0.0,0.0,0.0,0.0,0.0,0.6,0.0018937347867548,1.0,0.6667613244731052,0.0,0.0,0.0,,,,,,0.0,,,,,316.4153609832283,3780.97412109375,,,,,,,,,,
310,4,76.0,0.0,32.0,32.0,0.2469596862792968,0.0,74.0,0.0,0.0,0.0,0.0,0.0,0.0,0.0,0.0,0.0,0.6,0.0018937347867548,1.0,0.6698064033894008,0.0,0.0,0.0,,,,,,0.0,,,,,311.55048799701035,3762.92724609375,,,,,,,,,,
311,4,77.0,0.0,32.0,32.0,0.3396759033203125,0.0,74.0,0.0,0.0,0.0,0.0,0.0,0.0,0.0,0.0,0.0,0.6,0.0018937347867548,1.0,0.6692517330715994,0.0,0.0,0.0,,,,,,0.0,,,,,311.4683640014846,3762.92724609375,,,,,,,,,,
312,4,78.0,0.0,26.0,26.0,0.3422663762019231,0.0,74.0,0.0,0.0,0.0,0.0,0.0,0.0,0.0,0.0,0.0,0.6,0.0018937347867548,1.0,0.6702004273635377,0.0,0.0,0.0,,,,,,0.0,,,,,278.753113001585,3596.64404296875,,,,,,,,,,
312,4,,1.0,32.0,32.0,,,,,,,,,,,,,,,1.0,0.6702004273635377,0.0,0.0,0.0,,,,,,0.0,,,,,278.753113001585,3596.64404296875,0.7111913357400722,0.7376917997996012,0.703971119133574,0.7358681095971001,0.8883534136546185,0.2629971195680973,0.1771620779145463,0.8843373493975903,0.271725211913387,0.1803662302640163
313,5,1.0,0.0,32.0,32.0,0.2633323669433594,0.0,74.0,0.0,0.0,0.0,0.0,0.0,0.0,0.0,0.0,0.0,0.6,0.0018937347867548,1.0,0.6658402787724321,0.0,0.0,0.0,,,,,,0.0,,,,,311.4171070046723,3762.92724609375,,,,,,,,,,
314,5,2.0,0.0,32.0,32.0,0.1825752258300781,0.0,74.0,0.0,0.0,0.0,0.0,0.0,0.0,0.0,0.0,0.0,0.6,0.0018937347867548,1.0,0.6664659290448692,0.0,0.0,0.0,,,,,,0.0,,,,,307.42801798623987,3762.92724609375,,,,,,,,,,
315,5,3.0,0.0,32.0,32.0,0.2450180053710937,0.0,74.0,0.0,0.0,0.0,0.0,0.0,0.0,0.0,0.0,0.0,0.6,0.0018937347867548,1.0,0.6634445719936386,0.0,0.0,0.0,,,,,,0.0,,,,,314.7563579841517,3762.92724609375,,,,,,,,,,
316,5,4.0,0.0,32.0,32.0,0.4612083435058594,0.0,74.0,0.0,0.0,0.0,0.0,0.0,0.0,0.0,0.0,0.0,0.6,0.0018937347867548,1.0,0.6647405696457848,0.0,0.0,0.0,,,,,,0.0,,,,,308.3220409753267,3762.92724609375,,,,,,,,,,
317,5,5.0,0.0,32.0,32.0,0.1836433410644531,0.0,74.0,0.0,0.0,0.0,0.0,0.0,0.0,0.0,0.0,0.0,0.6,0.0018937347867548,1.0,0.6653317776228486,0.0,0.0,0.0,,,,,,0.0,,,,,314.164311013883,3762.92724609375,,,,,,,,,,
318,5,6.0,0.0,32.0,32.0,0.1967506408691406,0.0,74.0,0.0,0.0,0.0,0.0,0.0,0.0,0.0,0.0,0.0,0.6,0.0018937347867548,1.0,0.6641463274413011,0.0,0.0,0.0,,,,,,0.0,,,,,308.97317800554447,3762.92724609375,,,,,,,,,,
319,5,7.0,0.0,32.0,32.0,0.135324478149414,0.0,74.0,0.0,0.0,0.0,0.0,0.0,0.0,0.0,0.0,0.0,0.6,0.0018937347867548,1.0,0.6667465995663124,0.0,0.0,0.0,,,,,,0.0,,,,,316.7573730170261,3762.92724609375,,,,,,,,,,
320,5,8.0,0.0,32.0,32.0,0.2986907958984375,0.0,74.0,0.0,0.0,0.0,0.0,0.0,0.0,0.0,0.0,0.0,0.6,0.0018937347867548,1.0,0.669567045827231,0.0,0.0,0.0,,,,,,0.0,,,,,310.8169189945329,3762.92724609375,,,,,,,,,,
321,5,9.0,0.0,32.0,32.0,0.2289237976074218,0.0,74.0,0.0,0.0,0.0,0.0,0.0,0.0,0.0,0.0,0.0,0.6,0.0018937347867548,1.0,0.664909587438273,0.0,0.0,0.0,,,,,,0.0,,,,,311.64273698232137,3762.92724609375,,,,,,,,,,
322,5,10.0,0.0,32.0,32.0,0.2588214874267578,0.0,74.0,0.0,0.0,0.0,0.0,0.0,0.0,0.0,0.0,0.0,0.6,0.0018937347867548,1.0,0.6661532692451813,0.0,0.0,0.0,,,,,,0.0,,,,,312.29451298713684,3762.92724609375,,,,,,,,,,
323,5,11.0,0.0,32.0,32.0,0.3396816253662109,0.0,74.0,0.0,0.0,0.0,0.0,0.0,0.0,0.0,0.0,0.0,0.6,0.0018937347867548,1.0,0.664664152581888,0.0,0.0,0.0,,,,,,0.0,,,,,311.4301839959808,3762.92724609375,,,,,,,,,,
324,5,12.0,0.0,32.0,32.0,0.1540374755859375,0.0,74.0,0.0,0.0,0.0,0.0,0.0,0.0,0.0,0.0,0.0,0.6,0.0018937347867548,1.0,0.6679636028649397,0.0,0.0,0.0,,,,,,0.0,,,,,312.1292799769435,3762.92724609375,,,,,,,,,,
325,5,13.0,0.0,32.0,32.0,0.5127162933349609,0.0,74.0,0.0,0.0,0.0,0.0,0.0,0.0,0.0,0.0,0.0,0.6,0.0018937347867548,1.0,0.6680763051949035,0.0,0.0,0.0,,,,,,0.0,,,,,312.6887889811769,3762.92724609375,,,,,,,,,,
326,5,14.0,0.0,32.0,32.0,0.2586116790771484,0.0,74.0,0.0,0.0,0.0,0.0,0.0,0.0,0.0,0.0,0.0,0.6,0.0018937347867548,1.0,0.664876257121831,0.0,0.0,0.0,,,,,,0.0,,,,,311.6430669906549,3762.92724609375,,,,,,,,,,
327,5,15.0,0.0,32.0,32.0,0.1622276306152343,0.0,74.0,0.0,0.0,0.0,0.0,0.0,0.0,0.0,0.0,0.0,0.6,0.0018937347867548,1.0,0.6704479457543084,0.0,0.0,0.0,,,,,,0.0,,,,,313.3359680068679,3762.92724609375,,,,,,,,,,
328,5,16.0,0.0,32.0,32.0,0.1904125213623047,0.0,74.0,0.0,0.0,0.0,0.0,0.0,0.0,0.0,0.0,0.0,0.6,0.0018937347867548,1.0,0.6658848891673754,0.0,0.0,0.0,,,,,,0.0,,,,,309.9354619916994,3762.92724609375,,,,,,,,,,
329,5,17.0,0.0,32.0,32.0,0.2916030883789062,0.0,74.0,0.0,0.0,0.0,0.0,0.0,0.0,0.0,0.0,0.0,0.6,0.0018937347867548,1.0,0.6679100110375371,0.0,0.0,0.0,,,,,,0.0,,,,,313.18005101638846,3762.92724609375,,,,,,,,,,
330,5,18.0,0.0,32.0,32.0,0.1579666137695312,0.0,74.0,0.0,0.0,0.0,0.0,0.0,0.0,0.0,0.0,0.0,0.6,0.0018937347867548,1.0,0.6639420836181683,0.0,0.0,0.0,,,,,,0.0,,,,,310.07966201286763,3762.92724609375,,,,,,,,,,
331,5,19.0,0.0,32.0,32.0,0.275033950805664,0.0,74.0,0.0,0.0,0.0,0.0,0.0,0.0,0.0,0.0,0.0,0.6,0.0018937347867548,1.0,0.6688313377539671,0.0,0.0,0.0,,,,,,0.0,,,,,314.4141680095345,3762.92724609375,,,,,,,,,,
332,5,20.0,0.0,32.0,32.0,0.3623046875,0.0,74.0,0.0,0.0,0.0,0.0,0.0,0.0,0.0,0.0,0.0,0.6,0.0018937347867548,1.0,0.6665157995685916,0.0,0.0,0.0,,,,,,0.0,,,,,309.93053899146616,3762.92724609375,,,,,,,,,,
333,5,21.0,0.0,32.0,32.0,0.2659797668457031,0.0,74.0,0.0,0.0,0.0,0.0,0.0,0.0,0.0,0.0,0.0,0.6,0.0018937347867548,1.0,0.6666401470087893,0.0,0.0,0.0,,,,,,0.0,,,,,314.2761640192475,3762.92724609375,,,,,,,,,,
334,5,22.0,0.0,32.0,32.0,0.2938728332519531,0.0,74.0,0.0,0.0,0.0,0.0,0.0,0.0,0.0,0.0,0.0,0.6,0.0018937347867548,1.0,0.669577792068712,0.0,0.0,0.0,,,,,,0.0,,,,,308.3108440041542,3762.92724609375,,,,,,,,,,
335,5,23.0,0.0,32.0,32.0,0.154083251953125,0.0,74.0,0.0,0.0,0.0,0.0,0.0,0.0,0.0,0.0,0.0,0.6,0.0018937347867548,1.0,0.6674830310820221,0.0,0.0,0.0,,,,,,0.0,,,,,314.9824480060488,3762.92724609375,,,,,,,,,,
336,5,24.0,0.0,32.0,32.0,0.3671722412109375,0.0,74.0,0.0,0.0,0.0,0.0,0.0,0.0,0.0,0.0,0.0,0.6,0.0018937347867548,1.0,0.6641472529685767,0.0,0.0,0.0,,,,,,0.0,,,,,308.4436919889413,3762.92724609375,,,,,,,,,,
337,5,25.0,0.0,32.0,32.0,0.2424373626708984,0.0,74.0,0.0,0.0,0.0,0.0,0.0,0.0,0.0,0.0,0.0,0.6,0.0018937347867548,1.0,0.6675928171412365,0.0,0.0,0.0,,,,,,0.0,,,,,314.69733000267297,3762.92724609375,,,,,,,,,,
338,5,26.0,0.0,32.0,32.0,0.1301651000976562,0.0,74.0,0.0,0.0,0.0,0.0,0.0,0.0,0.0,0.0,0.0,0.6,0.0018937347867548,1.0,0.6661677186324444,0.0,0.0,0.0,,,,,,0.0,,,,,312.74832898634486,3762.92724609375,,,,,,,,,,
339,5,27.0,0.0,32.0,32.0,0.2613677978515625,0.0,74.0,0.0,0.0,0.0,0.0,0.0,0.0,0.0,0.0,0.0,0.6,0.0018937347867548,1.0,0.665409265908556,0.0,0.0,0.0,,,,,,0.0,,,,,310.8729300147388,3762.92724609375,,,,,,,,,,
340,5,28.0,0.0,32.0,32.0,0.1346454620361328,0.0,74.0,0.0,0.0,0.0,0.0,0.0,0.0,0.0,0.0,0.0,0.6,0.0018937347867548,1.0,0.6635215058928267,0.0,0.0,0.0,,,,,,0.0,,,,,311.1971050093416,3762.92724609375,,,,,,,,,,
341,5,29.0,0.0,32.0,32.0,0.1680679321289062,0.0,74.0,0.0,0.0,0.0,0.0,0.0,0.0,0.0,0.0,0.0,0.6,0.0018937347867548,1.0,0.665826529420545,0.0,0.0,0.0,,,,,,0.0,,,,,311.21763298870064,3762.92724609375,,,,,,,,,,
342,5,30.0,0.0,32.0,32.0,0.4107112884521484,0.0,74.0,0.0,0.0,0.0,0.0,0.0,0.0,0.0,0.0,0.0,0.6,0.0018937347867548,1.0,0.6643771819259877,0.0,0.0,0.0,,,,,,0.0,,,,,312.7307049871888,3762.92724609375,,,,,,,,,,
343,5,31.0,0.0,32.0,32.0,0.2781829833984375,0.0,74.0,0.0,0.0,0.0,0.0,0.0,0.0,0.0,0.0,0.0,0.6,0.0018937347867548,1.0,0.668152334108331,0.0,0.0,0.0,,,,,,0.0,,,,,311.6225950070657,3762.92724609375,,,,,,,,,,
344,5,32.0,0.0,32.0,32.0,0.2693367004394531,0.0,74.0,0.0,0.0,0.0,0.0,0.0,0.0,0.0,0.0,0.0,0.6,0.0018937347867548,1.0,0.6657105267567323,0.0,0.0,0.0,,,,,,0.0,,,,,314.7248989844229,3762.92724609375,,,,,,,,,,
345,5,33.0,0.0,32.0,32.0,0.1480598449707031,0.0,74.0,0.0,0.0,0.0,0.0,0.0,0.0,0.0,0.0,0.0,0.6,0.0018937347867548,1.0,0.66927579585034,0.0,0.0,0.0,,,,,,0.0,,,,,312.11624800926074,3762.92724609375,,,,,,,,,,
346,5,34.0,0.0,32.0,32.0,0.2036170959472656,0.0,74.0,0.0,0.0,0.0,0.0,0.0,0.0,0.0,0.0,0.0,0.6,0.0018937347867548,1.0,0.6616011764199653,0.0,0.0,0.0,,,,,,0.0,,,,,305.01433002064005,3762.92724609375,,,,,,,,,,
347,5,35.0,0.0,32.0,32.0,0.1102886199951171,0.0,74.0,0.0,0.0,0.0,0.0,0.0,0.0,0.0,0.0,0.0,0.6,0.0018937347867548,1.0,0.6705117062631322,0.0,0.0,0.0,,,,,,0.0,,,,,313.97715699858963,3762.92724609375,,,,,,,,,,
348,5,36.0,0.0,32.0,32.0,0.2663860321044922,0.0,74.0,0.0,0.0,0.0,0.0,0.0,0.0,0.0,0.0,0.0,0.6,0.0018937347867548,1.0,0.6630070832509256,0.0,0.0,0.0,,,,,,0.0,,,,,307.7619379910175,3762.92724609375,,,,,,,,,,
349,5,37.0,0.0,32.0,32.0,0.1258087158203125,0.0,74.0,0.0,0.0,0.0,0.0,0.0,0.0,0.0,0.0,0.0,0.6,0.0018937347867548,1.0,0.6677674370169748,0.0,0.0,0.0,,,,,,0.0,,,,,314.2660559969954,3762.92724609375,,,,,,,,,,
350,5,38.0,0.0,32.0,32.0,0.1852302551269531,0.0,74.0,0.0,0.0,0.0,0.0,0.0,0.0,0.0,0.0,0.0,0.6,0.0018937347867548,1.0,0.6690843678219377,0.0,0.0,0.0,,,,,,0.0,,,,,308.5349719913211,3762.92724609375,,,,,,,,,,
351,5,39.0,0.0,32.0,32.0,0.2110443115234375,0.0,74.0,0.0,0.0,0.0,0.0,0.0,0.0,0.0,0.0,0.0,0.6,0.0018937347867548,1.0,0.6699645975047944,0.0,0.0,0.0,,,,,,0.0,,,,,316.6516950004734,3762.92724609375,,,,,,,,,,
352,5,40.0,0.0,32.0,32.0,0.2514076232910156,0.0,74.0,0.0,0.0,0.0,0.0,0.0,0.0,0.0,0.0,0.0,0.6,0.0018937347867548,1.0,0.6704487245474385,0.0,0.0,0.0,,,,,,0.0,,,,,308.004644990433,3762.92724609375,,,,,,,,,,
353,5,41.0,0.0,32.0,32.0,0.125732421875,0.0,74.0,0.0,0.0,0.0,0.0,0.0,0.0,0.0,0.0,0.0,0.6,0.0018937347867548,1.0,0.6657245994950309,0.0,0.0,0.0,,,,,,0.0,,,,,316.42781899427064,3762.92724609375,,,,,,,,,,
354,5,42.0,0.0,32.0,32.0,0.085184097290039,0.0,74.0,0.0,0.0,0.0,0.0,0.0,0.0,0.0,0.0,0.0,0.6,0.0018937347867548,1.0,0.6685900313300781,0.0,0.0,0.0,,,,,,0.0,,,,,308.096036023926,3762.92724609375,,,,,,,,,,
355,5,43.0,0.0,32.0,32.0,0.2017250061035156,0.0,74.0,0.0,0.0,0.0,0.0,0.0,0.0,0.0,0.0,0.0,0.6,0.0018937347867548,1.0,0.6676817346169973,0.0,0.0,0.0,,,,,,0.0,,,,,314.5081469847355,3762.92724609375,,,,,,,,,,
356,5,44.0,0.0,32.0,32.0,0.2821636199951172,0.0,74.0,0.0,0.0,0.0,0.0,0.0,0.0,0.0,0.0,0.0,0.6,0.0018937347867548,1.0,0.6688370457715739,0.0,0.0,0.0,,,,,,0.0,,,,,311.11768100527115,3762.92724609375,,,,,,,,,,
357,5,45.0,0.0,32.0,32.0,0.1022529602050781,0.0,74.0,0.0,0.0,0.0,0.0,0.0,0.0,0.0,0.0,0.0,0.6,0.0018937347867548,1.0,0.671129860662542,0.0,0.0,0.0,,,,,,0.0,,,,,312.0261169970036,3762.92724609375,,,,,,,,,,
358,5,46.0,0.0,32.0,32.0,0.0630865097045898,0.0,74.0,0.0,0.0,0.0,0.0,0.0,0.0,0.0,0.0,0.0,0.6,0.0018937347867548,1.0,0.6699604226539284,0.0,0.0,0.0,,,,,,0.0,,,,,310.82133200834505,3762.92724609375,,,,,,,,,,
359,5,47.0,0.0,32.0,32.0,0.1780891418457031,0.0,74.0,0.0,0.0,0.0,0.0,0.0,0.0,0.0,0.0,0.0,0.6,0.0018937347867548,1.0,0.6691602547608396,0.0,0.0,0.0,,,,,,0.0,,,,,311.3992160069756,3762.92724609375,,,,,,,,,,
360,5,48.0,0.0,32.0,32.0,0.3049068450927734,0.0,74.0,0.0,0.0,0.0,0.0,0.0,0.0,0.0,0.0,0.0,0.6,0.0018937347867548,1.0,0.668028237691059,0.0,0.0,0.0,,,,,,0.0,,,,,311.97971501387656,3762.92724609375,,,,,,,,,,
361,5,49.0,0.0,32.0,32.0,0.1246976852416992,0.0,74.0,0.0,0.0,0.0,0.0,0.0,0.0,0.0,0.0,0.0,0.6,0.0018937347867548,1.0,0.6669058198660952,0.0,0.0,0.0,,,,,,0.0,,,,,311.0448330116924,3762.92724609375,,,,,,,,,,
362,5,50.0,0.0,32.0,32.0,0.0425930023193359,0.0,74.0,0.0,0.0,0.0,0.0,0.0,0.0,0.0,0.0,0.0,0.6,0.0018937347867548,1.0,0.6667247173747899,0.0,0.0,0.0,,,,,,0.0,,,,,312.4174750118982,3762.92724609375,,,,,,,,,,
363,5,51.0,0.0,32.0,32.0,0.4217176437377929,0.0,74.0,0.0,0.0,0.0,0.0,0.0,0.0,0.0,0.0,0.0,0.6,0.0018937347867548,1.0,0.669253404509931,0.0,0.0,0.0,,,,,,0.0,,,,,312.5925380154513,3762.92724609375,,,,,,,,,,
364,5,52.0,0.0,32.0,32.0,0.2273845672607422,0.0,74.0,0.0,0.0,0.0,0.0,0.0,0.0,0.0,0.0,0.0,0.6,0.0018937347867548,1.0,0.6671517319567027,0.0,0.0,0.0,,,,,,0.0,,,,,309.1767290025018,3762.92724609375,,,,,,,,,,
365,5,53.0,0.0,32.0,32.0,0.1721153259277343,0.0,74.0,0.0,0.0,0.0,0.0,0.0,0.0,0.0,0.0,0.0,0.6,0.0018937347867548,1.0,0.6628978840288785,0.0,0.0,0.0,,,,,,0.0,,,,,313.6481139808893,3762.92724609375,,,,,,,,,,
366,5,54.0,0.0,32.0,32.0,0.2768201828002929,0.0,74.0,0.0,0.0,0.0,0.0,0.0,0.0,0.0,0.0,0.0,0.6,0.0018937347867548,1.0,0.6676205761072243,0.0,0.0,0.0,,,,,,0.0,,,,,307.60120900231414,3762.92724609375,,,,,,,,,,
367,5,55.0,0.0,32.0,32.0,0.1462364196777343,0.0,74.0,0.0,0.0,0.0,0.0,0.0,0.0,0.0,0.0,0.0,0.6,0.0018937347867548,1.0,0.6683452993803262,0.0,0.0,0.0,,,,,,0.0,,,,,315.7385480008088,3762.92724609375,,,,,,,,,,
368,5,56.0,0.0,32.0,32.0,0.5965194702148438,0.0,74.0,0.0,0.0,0.0,0.0,0.0,0.0,0.0,0.0,0.0,0.6,0.0018937347867548,1.0,0.6639014700748502,0.0,0.0,0.0,,,,,,0.0,,,,,308.71520400978625,3762.92724609375,,,,,,,,,,
369,5,57.0,0.0,32.0,32.0,0.0657424926757812,0.0,74.0,0.0,0.0,0.0,0.0,0.0,0.0,0.0,0.0,0.0,0.6,0.0018937347867548,1.0,0.6661091724956554,0.0,0.0,0.0,,,,,,0.0,,,,,314.7657800000161,3762.92724609375,,,,,,,,,,
370,5,58.0,0.0,32.0,32.0,0.1571178436279297,0.0,74.0,0.0,0.0,0.0,0.0,0.0,0.0,0.0,0.0,0.0,0.6,0.0018937347867548,1.0,0.66999885579432,0.0,0.0,0.0,,,,,,0.0,,,,,309.2249690089375,3762.92724609375,,,,,,,,,,
371,5,59.0,0.0,32.0,32.0,0.1631507873535156,0.0,74.0,0.0,0.0,0.0,0.0,0.0,0.0,0.0,0.0,0.0,0.6,0.0018937347867548,1.0,0.6667962435251896,0.0,0.0,0.0,,,,,,0.0,,,,,314.4583610119298,3762.92724609375,,,,,,,,,,
372,5,60.0,0.0,32.0,32.0,0.160257339477539,0.0,74.0,0.0,0.0,0.0,0.0,0.0,0.0,0.0,0.0,0.0,0.6,0.0018937347867548,1.0,0.667554229016831,0.0,0.0,0.0,,,,,,0.0,,,,,308.23589899227954,3762.92724609375,,,,,,,,,,
373,5,61.0,0.0,32.0,32.0,0.2007894515991211,0.0,74.0,0.0,0.0,0.0,0.0,0.0,0.0,0.0,0.0,0.0,0.6,0.0018937347867548,1.0,0.6646098539269234,0.0,0.0,0.0,,,,,,0.0,,,,,314.6308190189302,3762.92724609375,,,,,,,,,,
374,5,62.0,0.0,32.0,32.0,0.33343505859375,0.0,74.0,0.0,0.0,0.0,0.0,0.0,0.0,0.0,0.0,0.0,0.6,0.0018937347867548,1.0,0.6710414247019235,0.0,0.0,0.0,,,,,,0.0,,,,,310.2048239961732,3762.92724609375,,,,,,,,,,
375,5,63.0,0.0,32.0,32.0,0.0914058685302734,0.0,74.0,0.0,0.0,0.0,0.0,0.0,0.0,0.0,0.0,0.0,0.6,0.0018937347867548,1.0,0.6678553614569606,0.0,0.0,0.0,,,,,,0.0,,,,,311.82095198892057,3762.92724609375,,,,,,,,,,
376,5,64.0,0.0,32.0,32.0,0.2061223983764648,0.0,74.0,0.0,0.0,0.0,0.0,0.0,0.0,0.0,0.0,0.0,0.6,0.0018937347867548,1.0,0.671876336989738,0.0,0.0,0.0,,,,,,0.0,,,,,311.3722249981947,3762.92724609375,,,,,,,,,,
377,5,65.0,0.0,32.0,32.0,0.3241310119628906,0.0,74.0,0.0,0.0,0.0,0.0,0.0,0.0,0.0,0.0,0.0,0.6,0.0018937347867548,1.0,0.6686152550472293,0.0,0.0,0.0,,,,,,0.0,,,,,310.7400579901878,3762.92724609375,,,,,,,,,,
378,5,66.0,0.0,32.0,32.0,0.2597846984863281,0.0,74.0,0.0,0.0,0.0,0.0,0.0,0.0,0.0,0.0,0.0,0.6,0.0018937347867548,1.0,0.6657464685621348,0.0,0.0,0.0,,,,,,0.0,,,,,308.63433799822815,3762.92724609375,,,,,,,,,,
379,5,67.0,0.0,32.0,32.0,0.0715579986572265,0.0,74.0,0.0,0.0,0.0,0.0,0.0,0.0,0.0,0.0,0.0,0.6,0.0018937347867548,1.0,0.6633685852576914,0.0,0.0,0.0,,,,,,0.0,,,,,310.52620901027694,3762.92724609375,,,,,,,,,,
380,5,68.0,0.0,32.0,32.0,0.2536344528198242,0.0,74.0,0.0,0.0,0.0,0.0,0.0,0.0,0.0,0.0,0.0,0.6,0.0018937347867548,1.0,0.6642271566069079,0.0,0.0,0.0,,,,,,0.0,,,,,313.09786599013023,3762.92724609375,,,,,,,,,,
381,5,69.0,0.0,32.0,32.0,0.2512111663818359,0.0,74.0,0.0,0.0,0.0,0.0,0.0,0.0,0.0,0.0,0.0,0.6,0.0018937347867548,1.0,0.6655816024569434,0.0,0.0,0.0,,,,,,0.0,,,,,312.4270249973051,3762.92724609375,,,,,,,,,,
382,5,70.0,0.0,32.0,32.0,0.1615133285522461,0.0,74.0,0.0,0.0,0.0,0.0,0.0,0.0,0.0,0.0,0.0,0.6,0.0018937347867548,1.0,0.670454541675897,0.0,0.0,0.0,,,,,,0.0,,,,,309.86947400378995,3762.92724609375,,,,,,,,,,
383,5,71.0,0.0,32.0,32.0,0.355661392211914,0.0,74.0,0.0,0.0,0.0,0.0,0.0,0.0,0.0,0.0,0.0,0.6,0.0018937347867548,1.0,0.6727098625353315,0.0,0.0,0.0,,,,,,0.0,,,,,312.012465990847,3762.92724609375,,,,,,,,,,
384,5,72.0,0.0,32.0,32.0,0.0695104598999023,0.0,74.0,0.0,0.0,0.0,0.0,0.0,0.0,0.0,0.0,0.0,0.6,0.0018937347867548,1.0,0.6662535779108818,0.0,0.0,0.0,,,,,,0.0,,,,,307.8503969882149,3762.92724609375,,,,,,,,,,
385,5,73.0,0.0,32.0,32.0,0.2953062057495117,0.0,74.0,0.0,0.0,0.0,0.0,0.0,0.0,0.0,0.0,0.0,0.6,0.0018937347867548,1.0,0.6652449830249496,0.0,0.0,0.0,,,,,,0.0,,,,,390.03891800530255,3762.92724609375,,,,,,,,,,
386,5,74.0,0.0,32.0,32.0,0.2402782440185547,0.0,74.0,0.0,0.0,0.0,0.0,0.0,0.0,0.0,0.0,0.0,0.6,0.0018937347867548,1.0,0.6678481314655524,0.0,0.0,0.0,,,,,,0.0,,,,,302.1009509975556,3762.92724609375,,,,,,,,,,
387,5,75.0,0.0,32.0,32.0,0.5383577346801758,0.0,74.0,0.0,0.0,0.0,0.0,0.0,0.0,0.0,0.0,0.0,0.6,0.0018937347867548,1.0,0.6639463353480228,0.0,0.0,0.0,,,,,,0.0,,,,,312.77113198302686,3762.92724609375,,,,,,,,,,
388,5,76.0,0.0,32.0,32.0,0.4121284484863281,0.0,74.0,0.0,0.0,0.0,0.0,0.0,0.0,0.0,0.0,0.0,0.6,0.0018937347867548,1.0,0.6679443360466091,0.0,0.0,0.0,,,,,,0.0,,,,,317.02364099328406,3762.92724609375,,,,,,,,,,
389,5,77.0,0.0,32.0,32.0,0.2607650756835937,0.0,74.0,0.0,0.0,0.0,0.0,0.0,0.0,0.0,0.0,0.0,0.6,0.0018937347867548,1.0,0.6684453167769945,0.0,0.0,0.0,,,,,,0.0,,,,,311.1237119883299,3762.92724609375,,,,,,,,,,
390,5,78.0,0.0,26.0,26.0,0.0839761587289663,0.0,74.0,0.0,0.0,0.0,0.0,0.0,0.0,0.0,0.0,0.0,0.6,0.0018937347867548,1.0,0.6652764144642488,0.0,0.0,0.0,,,,,,0.0,,,,,273.0164260137826,3596.64404296875,,,,,,,,,,
390,5,,1.0,32.0,32.0,,,,,,,,,,,,,,,1.0,0.6652764144642488,0.0,0.0,0.0,,,,,,0.0,,,,,273.0164260137826,3596.64404296875,0.7292418772563177,0.7785443034436967,0.7292418772563177,0.7761430210537381,0.9690763052208836,0.0946879203025347,0.2398344279645657,0.9678714859437751,0.1010416976343362,0.2386296086874574
391,6,1.0,0.0,32.0,32.0,0.1837902069091797,0.0,74.0,0.0,0.0,0.0,0.0,0.0,0.0,0.0,0.0,0.0,0.6,0.0018937347867548,1.0,0.668111661238942,0.0,0.0,0.0,,,,,,0.0,,,,,305.42581097688526,3762.92724609375,,,,,,,,,,
392,6,2.0,0.0,32.0,32.0,0.1090850830078125,0.0,74.0,0.0,0.0,0.0,0.0,0.0,0.0,0.0,0.0,0.0,0.6,0.0018937347867548,1.0,0.6716705808580118,0.0,0.0,0.0,,,,,,0.0,,,,,310.888301988598,3762.92724609375,,,,,,,,,,
393,6,3.0,0.0,32.0,32.0,0.0832738876342773,0.0,74.0,0.0,0.0,0.0,0.0,0.0,0.0,0.0,0.0,0.0,0.6,0.0018937347867548,1.0,0.6698737408903406,0.0,0.0,0.0,,,,,,0.0,,,,,314.5682449976448,3762.92724609375,,,,,,,,,,
394,6,4.0,0.0,32.0,32.0,0.0800123214721679,0.0,74.0,0.0,0.0,0.0,0.0,0.0,0.0,0.0,0.0,0.0,0.6,0.0018937347867548,1.0,0.6658784253053901,0.0,0.0,0.0,,,,,,0.0,,,,,310.3554739791434,3762.92724609375,,,,,,,,,,
395,6,5.0,0.0,32.0,32.0,0.2592000961303711,0.0,74.0,0.0,0.0,0.0,0.0,0.0,0.0,0.0,0.0,0.0,0.6,0.0018937347867548,1.0,0.668705760510119,0.0,0.0,0.0,,,,,,0.0,,,,,310.8132539782673,3762.92724609375,,,,,,,,,,
396,6,6.0,0.0,32.0,32.0,0.1431255340576172,0.0,74.0,0.0,0.0,0.0,0.0,0.0,0.0,0.0,0.0,0.0,0.6,0.0018937347867548,1.0,0.6662176887955982,0.0,0.0,0.0,,,,,,0.0,,,,,311.01066299015656,3762.92724609375,,,,,,,,,,
397,6,7.0,0.0,32.0,32.0,0.0646915435791015,0.0,74.0,0.0,0.0,0.0,0.0,0.0,0.0,0.0,0.0,0.0,0.6,0.0018937347867548,1.0,0.6662899949098801,0.0,0.0,0.0,,,,,,0.0,,,,,312.9180899995845,3762.92724609375,,,,,,,,,,
398,6,8.0,0.0,32.0,32.0,0.1297283172607422,0.0,74.0,0.0,0.0,0.0,0.0,0.0,0.0,0.0,0.0,0.0,0.6,0.0018937347867548,1.0,0.6640967857847314,0.0,0.0,0.0,,,,,,0.0,,,,,307.6084489875939,3762.92724609375,,,,,,,,,,
399,6,9.0,0.0,32.0,32.0,0.0843534469604492,0.0,74.0,0.0,0.0,0.0,0.0,0.0,0.0,0.0,0.0,0.0,0.6,0.0018937347867548,1.0,0.6715447052430471,0.0,0.0,0.0,,,,,,0.0,,,,,313.285313983215,3762.92724609375,,,,,,,,,,
400,6,10.0,0.0,32.0,32.0,0.0930118560791015,0.0,74.0,0.0,0.0,0.0,0.0,0.0,0.0,0.0,0.0,0.0,0.6,0.0018937347867548,1.0,0.6689101170411929,0.0,0.0,0.0,,,,,,0.0,,,,,308.6754620017018,3762.92724609375,,,,,,,,,,
401,6,11.0,0.0,32.0,32.0,0.0570907592773437,0.0,74.0,0.0,0.0,0.0,0.0,0.0,0.0,0.0,0.0,0.0,0.6,0.0018937347867548,1.0,0.6700247478265591,0.0,0.0,0.0,,,,,,0.0,,,,,315.6391730008181,3762.92724609375,,,,,,,,,,
402,6,12.0,0.0,32.0,32.0,0.1686840057373047,0.0,74.0,0.0,0.0,0.0,0.0,0.0,0.0,0.0,0.0,0.0,0.6,0.0018937347867548,1.0,0.66811272950869,0.0,0.0,0.0,,,,,,0.0,,,,,307.9607530089561,3762.92724609375,,,,,,,,,,
403,6,13.0,0.0,32.0,32.0,0.0740919113159179,0.0,74.0,0.0,0.0,0.0,0.0,0.0,0.0,0.0,0.0,0.0,0.6,0.0018937347867548,1.0,0.6632935916966441,0.0,0.0,0.0,,,,,,0.0,,,,,316.0310789826326,3762.92724609375,,,,,,,,,,
404,6,14.0,0.0,32.0,32.0,0.1361942291259765,0.0,74.0,0.0,0.0,0.0,0.0,0.0,0.0,0.0,0.0,0.0,0.6,0.0018937347867548,1.0,0.669766179451368,0.0,0.0,0.0,,,,,,0.0,,,,,306.7693129996769,3762.92724609375,,,,,,,,,,
405,6,15.0,0.0,32.0,32.0,0.0805721282958984,0.0,74.0,0.0,0.0,0.0,0.0,0.0,0.0,0.0,0.0,0.0,0.6,0.0018937347867548,1.0,0.6653960706272722,0.0,0.0,0.0,,,,,,0.0,,,,,315.7311629911419,3762.92724609375,,,,,,,,,,
406,6,16.0,0.0,32.0,32.0,0.2596302032470703,0.0,74.0,0.0,0.0,0.0,0.0,0.0,0.0,0.0,0.0,0.0,0.6,0.0018937347867548,1.0,0.670200390803332,0.0,0.0,0.0,,,,,,0.0,,,,,311.1016530019697,3762.92724609375,,,,,,,,,,
407,6,17.0,0.0,32.0,32.0,0.0618104934692382,0.0,74.0,0.0,0.0,0.0,0.0,0.0,0.0,0.0,0.0,0.0,0.6,0.0018937347867548,1.0,0.6697259593516144,0.0,0.0,0.0,,,,,,0.0,,,,,311.7916230112314,3762.92724609375,,,,,,,,,,
408,6,18.0,0.0,32.0,32.0,0.0821695327758789,0.0,74.0,0.0,0.0,0.0,0.0,0.0,0.0,0.0,0.0,0.0,0.6,0.0018937347867548,1.0,0.6751180443062226,0.0,0.0,0.0,,,,,,0.0,,,,,307.43287401855923,3762.92724609375,,,,,,,,,,
409,6,19.0,0.0,32.0,32.0,0.1554603576660156,0.0,74.0,0.0,0.0,0.0,0.0,0.0,0.0,0.0,0.0,0.0,0.6,0.0018937347867548,1.0,0.663152435899688,0.0,0.0,0.0,,,,,,0.0,,,,,310.96070000785403,3762.92724609375,,,,,,,,,,
410,6,20.0,0.0,32.0,32.0,0.1648168563842773,0.0,74.0,0.0,0.0,0.0,0.0,0.0,0.0,0.0,0.0,0.0,0.6,0.0018937347867548,1.0,0.6669935737865117,0.0,0.0,0.0,,,,,,0.0,,,,,311.9479320012033,3762.92724609375,,,,,,,,,,
411,6,21.0,0.0,32.0,32.0,0.034407615661621,0.0,74.0,0.0,0.0,0.0,0.0,0.0,0.0,0.0,0.0,0.0,0.6,0.0018937347867548,1.0,0.66950461848952,0.0,0.0,0.0,,,,,,0.0,,,,,310.44042998109944,3762.92724609375,,,,,,,,,,
412,6,22.0,0.0,32.0,32.0,0.1497602462768554,0.0,74.0,0.0,0.0,0.0,0.0,0.0,0.0,0.0,0.0,0.0,0.6,0.0018937347867548,1.0,0.6708569651709432,0.0,0.0,0.0,,,,,,0.0,,,,,312.58478900417686,3762.92724609375,,,,,,,,,,
413,6,23.0,0.0,32.0,32.0,0.0498328208923339,0.0,74.0,0.0,0.0,0.0,0.0,0.0,0.0,0.0,0.0,0.0,0.6,0.0018937347867548,1.0,0.6646498197320602,0.0,0.0,0.0,,,,,,0.0,,,,,311.142735008616,3762.92724609375,,,,,,,,,,
414,6,24.0,0.0,32.0,32.0,0.0334539413452148,0.0,74.0,0.0,0.0,0.0,0.0,0.0,0.0,0.0,0.0,0.0,0.6,0.0018937347867548,1.0,0.6709338448114618,0.0,0.0,0.0,,,,,,0.0,,,,,310.93609702656977,3762.92724609375,,,,,,,,,,
415,6,25.0,0.0,32.0,32.0,0.070019245147705,0.0,74.0,0.0,0.0,0.0,0.0,0.0,0.0,0.0,0.0,0.0,0.6,0.0018937347867548,1.0,0.6674667426481816,0.0,0.0,0.0,,,,,,0.0,,,,,313.4888930071611,3762.92724609375,,,,,,,,,,
416,6,26.0,0.0,32.0,32.0,0.0493984222412109,0.0,74.0,0.0,0.0,0.0,0.0,0.0,0.0,0.0,0.0,0.0,0.6,0.0018937347867548,1.0,0.6705212029656529,0.0,0.0,0.0,,,,,,0.0,,,,,307.70027497783303,3762.92724609375,,,,,,,,,,
417,6,27.0,0.0,32.0,32.0,0.3212347030639648,0.0,74.0,0.0,0.0,0.0,0.0,0.0,0.0,0.0,0.0,0.0,0.6,0.0018937347867548,1.0,0.665644772542033,0.0,0.0,0.0,,,,,,0.0,,,,,312.5637150078546,3762.92724609375,,,,,,,,,,
418,6,28.0,0.0,32.0,32.0,0.0755300521850586,0.0,74.0,0.0,0.0,0.0,0.0,0.0,0.0,0.0,0.0,0.0,0.6,0.0018937347867548,1.0,0.6677171577438914,0.0,0.0,0.0,,,,,,0.0,,,,,308.8261990051251,3762.92724609375,,,,,,,,,,
419,6,29.0,0.0,32.0,32.0,0.0252718925476074,0.0,74.0,0.0,0.0,0.0,0.0,0.0,0.0,0.0,0.0,0.0,0.6,0.0018937347867548,1.0,0.6654114241911803,0.0,0.0,0.0,,,,,,0.0,,,,,316.62323500495404,3762.92724609375,,,,,,,,,,
420,6,30.0,0.0,32.0,32.0,0.4629993438720703,0.0,74.0,0.0,0.0,0.0,0.0,0.0,0.0,0.0,0.0,0.0,0.6,0.0018937347867548,1.0,0.6721544007638974,0.0,0.0,0.0,,,,,,0.0,,,,,307.7255070093088,3762.92724609375,,,,,,,,,,
421,6,31.0,0.0,32.0,32.0,0.1194686889648437,0.0,74.0,0.0,0.0,0.0,0.0,0.0,0.0,0.0,0.0,0.0,0.6,0.0018937347867548,1.0,0.6672919757687644,0.0,0.0,0.0,,,,,,0.0,,,,,314.66538400854915,3762.92724609375,,,,,,,,,,
422,6,32.0,0.0,32.0,32.0,0.1929030418395996,0.0,74.0,0.0,0.0,0.0,0.0,0.0,0.0,0.0,0.0,0.0,0.6,0.0018937347867548,1.0,0.6644330600773125,0.0,0.0,0.0,,,,,,0.0,,,,,308.37951600551605,3762.92724609375,,,,,,,,,,
423,6,33.0,0.0,32.0,32.0,0.3628969192504883,0.0,74.0,0.0,0.0,0.0,0.0,0.0,0.0,0.0,0.0,0.0,0.6,0.0018937347867548,1.0,0.6639432582728572,0.0,0.0,0.0,,,,,,0.0,,,,,316.6711829835549,3762.92724609375,,,,,,,,,,
424,6,34.0,0.0,32.0,32.0,0.1059684753417968,0.0,74.0,0.0,0.0,0.0,0.0,0.0,0.0,0.0,0.0,0.0,0.6,0.0018937347867548,1.0,0.6692473833466328,0.0,0.0,0.0,,,,,,0.0,,,,,306.38087101397105,3762.92724609375,,,,,,,,,,
425,6,35.0,0.0,32.0,32.0,0.1875,0.0,74.0,0.0,0.0,0.0,0.0,0.0,0.0,0.0,0.0,0.0,0.6,0.0018937347867548,1.0,0.6734528757133768,0.0,0.0,0.0,,,,,,0.0,,,,,313.56963800499216,3762.92724609375,,,,,,,,,,
426,6,36.0,0.0,32.0,32.0,0.0150337219238281,7.0,74.0,0.0945945945945946,0.0,7.0,0.0,1.0,0.1510068706465547,0.0,0.1510068706465547,0.0,0.6,0.0018937347867548,0.9999999998654504,0.6699753953443908,9.000362110067905e-10,0.0,7.0,1.0,,0.5,-1.4426950249075512e-08,-9.999999889225293e-09,1.0,0.512191619354285,-8.474285873076455e-05,0.5000423714293654,,315.1548460009508,3792.70263671875,,,,,,,,,,
427,6,37.0,0.0,32.0,32.0,0.0172185897827148,0.0,74.0,0.0,0.0,0.0,0.0,0.0,0.0,0.0,0.0,0.0,0.6,0.0018937347867548,1.0,0.6672494140337601,0.0,0.0,0.0,,,,,,0.0,,,,,310.3119749866892,3762.92724609375,,,,,,,,,,
428,6,38.0,0.0,32.0,32.0,0.1319260597229004,0.0,74.0,0.0,0.0,0.0,0.0,0.0,0.0,0.0,0.0,0.0,0.6,0.0018937347867548,1.0,0.6667334871841938,0.0,0.0,0.0,,,,,,0.0,,,,,311.16163497790694,3762.92724609375,,,,,,,,,,
429,6,39.0,0.0,32.0,32.0,0.0391106605529785,0.0,74.0,0.0,0.0,0.0,0.0,0.0,0.0,0.0,0.0,0.0,0.6,0.0018937347867548,1.0,0.6697077222653298,0.0,0.0,0.0,,,,,,0.0,,,,,310.62950802152045,3762.92724609375,,,,,,,,,,
430,6,40.0,0.0,32.0,32.0,0.3675804138183594,0.0,74.0,0.0,0.0,0.0,0.0,0.0,0.0,0.0,0.0,0.0,0.6,0.0018937347867548,1.0,0.6670221530486715,0.0,0.0,0.0,,,,,,0.0,,,,,310.2195620012935,3762.92724609375,,,,,,,,,,
431,6,41.0,0.0,32.0,32.0,0.2536830902099609,0.0,74.0,0.0,0.0,0.0,0.0,0.0,0.0,0.0,0.0,0.0,0.6,0.0018937347867548,1.0,0.6711151967284417,0.0,0.0,0.0,,,,,,0.0,,,,,312.85033898893744,3762.92724609375,,,,,,,,,,
432,6,42.0,0.0,32.0,32.0,0.2347426414489746,0.0,74.0,0.0,0.0,0.0,0.0,0.0,0.0,0.0,0.0,0.0,0.6,0.0018937347867548,1.0,0.6657060541756549,0.0,0.0,0.0,,,,,,0.0,,,,,312.1506519964896,3762.92724609375,,,,,,,,,,
433,6,43.0,0.0,32.0,32.0,0.0803537368774414,0.0,74.0,0.0,0.0,0.0,0.0,0.0,0.0,0.0,0.0,0.0,0.6,0.0018937347867548,1.0,0.6742740961614451,0.0,0.0,0.0,,,,,,0.0,,,,,312.8787860041484,3762.92724609375,,,,,,,,,,
434,6,44.0,0.0,32.0,32.0,0.0178384780883789,1.0,74.0,0.0135135135135135,0.0,1.0,0.0,1.0,0.1430947097682856,0.0,0.1430947097682856,0.0,0.6,0.0018937347867548,0.9999999999835176,0.6694739920245472,4.005240695597706e-09,0.0,1.0,1.0,,0.5,-1.4426950249075512e-08,-9.999999889225293e-09,1.0,0.5230176341057147,,,,307.2209030215163,3764.61474609375,,,,,,,,,,
435,6,45.0,0.0,32.0,32.0,0.1877593994140625,0.0,74.0,0.0,0.0,0.0,0.0,0.0,0.0,0.0,0.0,0.0,0.6,0.0018937347867548,1.0,0.6696953756817785,0.0,0.0,0.0,,,,,,0.0,,,,,312.5087170046754,3762.92724609375,,,,,,,,,,
436,6,46.0,0.0,32.0,32.0,0.3462452888488769,0.0,74.0,0.0,0.0,0.0,0.0,0.0,0.0,0.0,0.0,0.0,0.6,0.0018937347867548,1.0,0.6680563217104246,0.0,0.0,0.0,,,,,,0.0,,,,,309.4975000130944,3762.92724609375,,,,,,,,,,
437,6,47.0,0.0,32.0,32.0,0.1290721893310547,0.0,74.0,0.0,0.0,0.0,0.0,0.0,0.0,0.0,0.0,0.0,0.6,0.0018937347867548,1.0,0.670432602866017,0.0,0.0,0.0,,,,,,0.0,,,,,313.4651049913373,3762.92724609375,,,,,,,,,,
438,6,48.0,0.0,32.0,32.0,0.0427494049072265,0.0,74.0,0.0,0.0,0.0,0.0,0.0,0.0,0.0,0.0,0.0,0.6,0.0018937347867548,1.0,0.6646108108162055,0.0,0.0,0.0,,,,,,0.0,,,,,308.8838609983213,3762.92724609375,,,,,,,,,,
439,6,49.0,0.0,32.0,32.0,0.0190167427062988,1.0,74.0,0.0135135135135135,1.0,0.0,1.0,0.0,0.1408374204994245,0.1408374204994245,0.0,0.0,0.6,0.0018937347867548,0.9999999999973826,0.6650041055724021,-2.410151645077113e-09,1.0,0.0,1.0,,0.5,-1.4426950249075512e-08,-9.999999889225293e-09,1.0,0.530541931668585,,,,315.22578600561246,3764.61474609375,,,,,,,,,,
440,6,50.0,0.0,32.0,32.0,0.1815052032470703,0.0,74.0,0.0,0.0,0.0,0.0,0.0,0.0,0.0,0.0,0.0,0.6,0.0018937347867548,1.0,0.6670325230149409,0.0,0.0,0.0,,,,,,0.0,,,,,305.9257460117806,3762.92724609375,,,,,,,,,,
441,6,51.0,0.0,32.0,32.0,0.1392889022827148,0.0,74.0,0.0,0.0,0.0,0.0,0.0,0.0,0.0,0.0,0.0,0.6,0.0018937347867548,1.0,0.6709735816936505,0.0,0.0,0.0,,,,,,0.0,,,,,314.7912630229257,3762.92724609375,,,,,,,,,,
442,6,52.0,0.0,32.0,32.0,0.0989308357238769,0.0,74.0,0.0,0.0,0.0,0.0,0.0,0.0,0.0,0.0,0.0,0.6,0.0018937347867548,1.0,0.6705417563795264,0.0,0.0,0.0,,,,,,0.0,,,,,307.41368897724897,3762.92724609375,,,,,,,,,,
443,6,53.0,0.0,32.0,32.0,0.2778825759887695,0.0,74.0,0.0,0.0,0.0,0.0,0.0,0.0,0.0,0.0,0.0,0.6,0.0018937347867548,1.0,0.6670269426295328,0.0,0.0,0.0,,,,,,0.0,,,,,313.96764499368146,3762.92724609375,,,,,,,,,,
444,6,54.0,0.0,32.0,32.0,0.0227551460266113,0.0,74.0,0.0,0.0,0.0,0.0,0.0,0.0,0.0,0.0,0.0,0.6,0.0018937347867548,1.0,0.6676539466962716,0.0,0.0,0.0,,,,,,0.0,,,,,310.2731480030343,3762.92724609375,,,,,,,,,,
445,6,55.0,0.0,32.0,32.0,0.1594362258911132,0.0,74.0,0.0,0.0,0.0,0.0,0.0,0.0,0.0,0.0,0.0,0.6,0.0018937347867548,1.0,0.6674947541660037,0.0,0.0,0.0,,,,,,0.0,,,,,311.7457609914709,3762.92724609375,,,,,,,,,,
446,6,56.0,0.0,32.0,32.0,0.0763101577758789,0.0,74.0,0.0,0.0,0.0,0.0,0.0,0.0,0.0,0.0,0.0,0.6,0.0018937347867548,1.0,0.6679717255982731,0.0,0.0,0.0,,,,,,0.0,,,,,309.1210139973555,3762.92724609375,,,,,,,,,,
447,6,57.0,0.0,32.0,32.0,0.1076483726501464,0.0,74.0,0.0,0.0,0.0,0.0,0.0,0.0,0.0,0.0,0.0,0.6,0.0018937347867548,1.0,0.6715797558939585,0.0,0.0,0.0,,,,,,0.0,,,,,312.32014897977933,3762.92724609375,,,,,,,,,,
448,6,58.0,0.0,32.0,32.0,0.0110769271850585,13.0,74.0,0.1756756756756756,3.0,10.0,0.2307692307692307,0.7692307692307693,0.149174678456829,0.1338548339837645,0.1537706317987484,0.0,0.6,0.0018937347867548,1.0000000005483445,0.6690748340888073,-9.442307571479069e-09,3.0,10.0,0.5384615384615384,3.333333333333333,1.0,0.7793498084381847,0.5402041223888612,2.0,0.5252432216019787,0.000453153559647,0.4997734232201765,-0.0047931747848246,319.1523360146675,3819.89013671875,,,,,,,,,,
449,6,59.0,0.0,32.0,32.0,0.0962724685668945,0.0,74.0,0.0,0.0,0.0,0.0,0.0,0.0,0.0,0.0,0.0,0.6,0.0018937347867548,1.0,0.6707103471249716,0.0,0.0,0.0,,,,,,0.0,,,,,310.49069500295445,3762.92724609375,,,,,,,,,,
450,6,60.0,0.0,32.0,32.0,0.1891846656799316,0.0,74.0,0.0,0.0,0.0,0.0,0.0,0.0,0.0,0.0,0.0,0.6,0.0018937347867548,1.0,0.6661293600729769,0.0,0.0,0.0,,,,,,0.0,,,,,312.18592400546186,3762.92724609375,,,,,,,,,,
451,6,61.0,0.0,32.0,32.0,0.0974774360656738,0.0,74.0,0.0,0.0,0.0,0.0,0.0,0.0,0.0,0.0,0.0,0.6,0.0018937347867548,1.0,0.6692983984314048,0.0,0.0,0.0,,,,,,0.0,,,,,310.50541598233394,3762.92724609375,,,,,,,,,,
452,6,62.0,0.0,32.0,32.0,0.011423110961914,6.0,74.0,0.081081081081081,0.0,6.0,0.0,1.0,0.1528054259829373,0.0,0.1528054259829373,0.0,0.6,0.0018937347867548,1.0000000002503315,0.6656957764525602,-1.5428427392173966e-09,0.0,6.0,1.0,,0.5,-1.4426950249075512e-08,-9.999999889225293e-09,1.0,0.5164076257895757,0.0007274813085262,0.4996362593457369,,321.2050060101319,3789.55224609375,,,,,,,,,,
453,6,63.0,0.0,32.0,32.0,0.0094885826110839,2.0,74.0,0.027027027027027,0.0,2.0,0.0,1.0,0.1538504717828998,0.0,0.1538504717828998,0.0,0.6,0.0018937347867548,1.0000000000804117,0.6704121561379536,1.1517128240215672e-09,0.0,2.0,1.0,,0.5,-1.4426950249075512e-08,-9.999999889225293e-09,1.0,0.5128349059429996,0.0020548661705106,0.4989725669147447,,313.5494690213818,3766.20849609375,,,,,,,,,,
454,6,64.0,0.0,32.0,32.0,0.2996125221252441,0.0,74.0,0.0,0.0,0.0,0.0,0.0,0.0,0.0,0.0,0.0,0.6,0.0018937347867548,1.0,0.6651547709692033,0.0,0.0,0.0,,,,,,0.0,,,,,305.6665509939194,3762.92724609375,,,,,,,,,,
455,6,65.0,0.0,32.0,32.0,0.3406352996826172,0.0,74.0,0.0,0.0,0.0,0.0,0.0,0.0,0.0,0.0,0.0,0.6,0.0018937347867548,1.0,0.6658033997674812,0.0,0.0,0.0,,,,,,0.0,,,,,314.54554200172424,3762.92724609375,,,,,,,,,,
456,6,66.0,0.0,32.0,32.0,0.0976243019104003,0.0,74.0,0.0,0.0,0.0,0.0,0.0,0.0,0.0,0.0,0.0,0.6,0.0018937347867548,1.0,0.6706842429228121,0.0,0.0,0.0,,,,,,0.0,,,,,304.8452070215717,3762.92724609375,,,,,,,,,,
457,6,67.0,0.0,32.0,32.0,0.1944208145141601,0.0,74.0,0.0,0.0,0.0,0.0,0.0,0.0,0.0,0.0,0.0,0.6,0.0018937347867548,1.0,0.6682013387339735,0.0,0.0,0.0,,,,,,0.0,,,,,315.18359199981205,3762.92724609375,,,,,,,,,,
458,6,68.0,0.0,32.0,32.0,0.1216297149658203,0.0,74.0,0.0,0.0,0.0,0.0,0.0,0.0,0.0,0.0,0.0,0.6,0.0018937347867548,1.0,0.6679334328591932,0.0,0.0,0.0,,,,,,0.0,,,,,307.4620319821406,3762.92724609375,,,,,,,,,,
459,6,69.0,0.0,32.0,32.0,0.0155348777770996,1.0,74.0,0.0135135135135135,0.0,1.0,0.0,1.0,0.1452553241324131,0.0,0.1452553241324131,0.0,0.6,0.0018937347867548,1.000000000000702,0.6718240787374538,0.0,0.0,1.0,1.0,,0.5,-1.4426950249075512e-08,-9.999999889225293e-09,1.0,0.5158155862252893,,,,316.3012149743736,3764.61474609375,,,,,,,,,,
460,6,70.0,0.0,32.0,32.0,0.1157960891723632,0.0,74.0,0.0,0.0,0.0,0.0,0.0,0.0,0.0,0.0,0.0,0.6,0.0018937347867548,1.0,0.6671774204848768,0.0,0.0,0.0,,,,,,0.0,,,,,306.42623401945457,3762.92724609375,,,,,,,,,,
461,6,71.0,0.0,32.0,32.0,0.0116939544677734,4.0,74.0,0.054054054054054,0.0,4.0,0.0,1.0,0.1495855258067209,0.0,0.1495855258067209,0.0,0.6,0.0018937347867548,0.9999999999353736,0.6700270455921098,-1.6141197569138522e-09,0.0,4.0,1.0,,0.5,-1.4426950249075512e-08,-9.999999889225293e-09,1.0,0.5141871076229827,-0.0007311843219213,0.5003655921609607,,317.3808540159371,3777.92724609375,,,,,,,,,,
462,6,72.0,0.0,32.0,32.0,0.0643515586853027,0.0,74.0,0.0,0.0,0.0,0.0,0.0,0.0,0.0,0.0,0.0,0.6,0.0018937347867548,1.0,0.6623194602314121,0.0,0.0,0.0,,,,,,0.0,,,,,307.2902160056401,3762.92724609375,,,,,,,,,,
463,6,73.0,0.0,32.0,32.0,0.0892295837402343,0.0,74.0,0.0,0.0,0.0,0.0,0.0,0.0,0.0,0.0,0.0,0.6,0.0018937347867548,1.0,0.6677786328015607,0.0,0.0,0.0,,,,,,0.0,,,,,312.50160897616297,3762.92724609375,,,,,,,,,,
464,6,74.0,0.0,32.0,32.0,0.0277519226074218,0.0,74.0,0.0,0.0,0.0,0.0,0.0,0.0,0.0,0.0,0.0,0.6,0.0018937347867548,1.0,0.6702752015968756,0.0,0.0,0.0,,,,,,0.0,,,,,307.2080099955201,3762.92724609375,,,,,,,,,,
465,6,75.0,0.0,32.0,32.0,0.0818610191345214,0.0,74.0,0.0,0.0,0.0,0.0,0.0,0.0,0.0,0.0,0.0,0.6,0.0018937347867548,1.0,0.6678687676713277,0.0,0.0,0.0,,,,,,0.0,,,,,310.0167840020731,3762.92724609375,,,,,,,,,,
466,6,76.0,0.0,32.0,32.0,0.1709938049316406,2.0,74.0,0.027027027027027,0.0,2.0,0.0,1.0,0.1504536401577106,0.0,0.1504536401577106,0.0,0.6,0.0018937347867548,1.000000000049896,0.6710137452926132,-2.713399429880596e-09,0.0,2.0,1.0,,0.5,-1.4426950249075512e-08,-9.999999889225293e-09,1.0,0.5015121338590356,0.010100869461894,0.494949565269053,,311.7382810160052,3766.35888671875,,,,,,,,,,
467,6,77.0,0.0,32.0,32.0,0.0140571594238281,1.0,74.0,0.0135135135135135,0.0,1.0,0.0,1.0,0.1509619316998092,0.0,0.1509619316998092,0.0,0.6,0.0018937347867548,1.0,0.6665745277639216,0.0,0.0,1.0,1.0,,0.5,-1.4426950249075512e-08,-9.999999889225293e-09,1.0,0.503206438999364,,,,311.5453439822886,3763.58349609375,,,,,,,,,,
468,6,78.0,0.0,26.0,26.0,0.0175112210787259,1.0,74.0,0.0135135135135135,0.0,1.0,0.0,1.0,0.1469050291370385,0.0,0.1469050291370385,0.0,0.6,0.0018937347867548,1.0,0.6665960912171023,-4.967897127831347e-10,0.0,1.0,1.0,,0.5,-1.4426950249075512e-08,-9.999999889225293e-09,1.0,0.5103165695432049,,,,278.2319830148481,3598.982421875,,,,,,,,,,
468,6,,1.0,32.0,32.0,,,,,,,,,,,,,,,1.0,0.6665960912171023,-4.967897127831347e-10,0.0,1.0,1.0,,0.5,-1.4426950249075512e-08,-9.999999889225293e-09,1.0,0.5103165695432049,,,,278.2319830148481,3598.982421875,0.7328519855595668,1.214819159772661,0.7328519855595668,1.2022860248883565,0.9718875502008032,0.0976547280159325,0.2390355646412364,0.9698795180722892,0.1052690351453538,0.2370275325127223
469,7,1.0,0.0,32.0,32.0,0.2426352500915527,0.0,74.0,0.0,0.0,0.0,0.0,0.0,0.0,0.0,0.0,0.0,0.6,0.0018937347867548,1.0,0.6642274843362502,0.0,0.0,0.0,,,,,,0.0,,,,,307.4140269891359,3762.92724609375,,,,,,,,,,
470,7,2.0,0.0,32.0,32.0,0.0618000030517578,0.0,74.0,0.0,0.0,0.0,0.0,0.0,0.0,0.0,0.0,0.0,0.6,0.0018937347867548,1.0,0.6655779336947928,0.0,0.0,0.0,,,,,,0.0,,,,,310.958922986174,3762.92724609375,,,,,,,,,,
471,7,3.0,0.0,32.0,32.0,0.3822951316833496,0.0,74.0,0.0,0.0,0.0,0.0,0.0,0.0,0.0,0.0,0.0,0.6,0.0018937347867548,1.0,0.6683707982750011,0.0,0.0,0.0,,,,,,0.0,,,,,315.75241399696097,3762.92724609375,,,,,,,,,,
472,7,4.0,0.0,32.0,32.0,0.1202077865600586,0.0,74.0,0.0,0.0,0.0,0.0,0.0,0.0,0.0,0.0,0.0,0.6,0.0018937347867548,1.0,0.6751306029506812,0.0,0.0,0.0,,,,,,0.0,,,,,307.7400839829352,3762.92724609375,,,,,,,,,,
473,7,5.0,0.0,32.0,32.0,0.0259857177734375,0.0,74.0,0.0,0.0,0.0,0.0,0.0,0.0,0.0,0.0,0.0,0.6,0.0018937347867548,1.0,0.6687112333355015,0.0,0.0,0.0,,,,,,0.0,,,,,322.65731098596007,3762.92724609375,,,,,,,,,,
474,7,6.0,0.0,32.0,32.0,0.06925630569458,0.0,74.0,0.0,0.0,0.0,0.0,0.0,0.0,0.0,0.0,0.0,0.6,0.0018937347867548,1.0,0.670581760881039,0.0,0.0,0.0,,,,,,0.0,,,,,308.8281090022065,3762.92724609375,,,,,,,,,,
475,7,7.0,0.0,32.0,32.0,0.1762666702270507,0.0,74.0,0.0,0.0,0.0,0.0,0.0,0.0,0.0,0.0,0.0,0.6,0.0018937347867548,1.0,0.6693587643936868,0.0,0.0,0.0,,,,,,0.0,,,,,314.48061199625954,3762.92724609375,,,,,,,,,,
476,7,8.0,0.0,32.0,32.0,0.1329483985900879,0.0,74.0,0.0,0.0,0.0,0.0,0.0,0.0,0.0,0.0,0.0,0.6,0.0018937347867548,1.0,0.6718531921225241,0.0,0.0,0.0,,,,,,0.0,,,,,305.2136990008876,3762.92724609375,,,,,,,,,,
477,7,9.0,0.0,32.0,32.0,0.0193581581115722,0.0,74.0,0.0,0.0,0.0,0.0,0.0,0.0,0.0,0.0,0.0,0.6,0.0018937347867548,1.0,0.6665915221331755,0.0,0.0,0.0,,,,,,0.0,,,,,315.64093299675733,3762.92724609375,,,,,,,,,,
478,7,10.0,0.0,32.0,32.0,0.2640132904052734,0.0,74.0,0.0,0.0,0.0,0.0,0.0,0.0,0.0,0.0,0.0,0.6,0.0018937347867548,1.0,0.6686968428579849,0.0,0.0,0.0,,,,,,0.0,,,,,309.5512139843777,3762.92724609375,,,,,,,,,,
479,7,11.0,0.0,32.0,32.0,0.2321681976318359,0.0,74.0,0.0,0.0,0.0,0.0,0.0,0.0,0.0,0.0,0.0,0.6,0.0018937347867548,1.0,0.6709484927410068,0.0,0.0,0.0,,,,,,0.0,,,,,312.7620150044095,3767.11474609375,,,,,,,,,,
480,7,12.0,0.0,32.0,32.0,0.1261296272277832,0.0,74.0,0.0,0.0,0.0,0.0,0.0,0.0,0.0,0.0,0.0,0.6,0.0018937347867548,1.0,0.6694365030398984,0.0,0.0,0.0,,,,,,0.0,,,,,308.0225129961036,3762.92724609375,,,,,,,,,,
481,7,13.0,0.0,32.0,32.0,0.0120429992675781,6.0,74.0,0.081081081081081,0.0,6.0,0.0,1.0,0.1515680936578394,0.0,0.1515680936578394,0.0,0.6,0.0018937347867548,0.9999999999727992,0.6706594282090667,1.629947474944586e-09,0.0,6.0,1.0,,0.5,-1.4426950249075512e-08,-9.999999889225293e-09,1.0,0.5164299389855209,0.0004738026099013,0.4997630986950493,,315.49705800716765,3789.55224609375,,,,,,,,,,
482,7,14.0,0.0,32.0,32.0,0.2016148567199707,0.0,74.0,0.0,0.0,0.0,0.0,0.0,0.0,0.0,0.0,0.0,0.6,0.0018937347867548,1.0,0.6715380145367325,0.0,0.0,0.0,,,,,,0.0,,,,,309.54229400958866,3762.92724609375,,,,,,,,,,
483,7,15.0,0.0,32.0,32.0,0.0628304481506347,0.0,74.0,0.0,0.0,0.0,0.0,0.0,0.0,0.0,0.0,0.0,0.6,0.0018937347867548,1.0,0.6698628046201898,0.0,0.0,0.0,,,,,,0.0,,,,,310.4964070080314,3762.92724609375,,,,,,,,,,
484,7,16.0,0.0,32.0,32.0,0.0249838829040527,0.0,74.0,0.0,0.0,0.0,0.0,0.0,0.0,0.0,0.0,0.0,0.6,0.0018937347867548,1.0,0.6679415413508725,0.0,0.0,0.0,,,,,,0.0,,,,,310.5676980048884,3762.92724609375,,,,,,,,,,
485,7,17.0,0.0,32.0,32.0,0.184147834777832,0.0,74.0,0.0,0.0,0.0,0.0,0.0,0.0,0.0,0.0,0.0,0.6,0.0018937347867548,1.0,0.6627913889553065,0.0,0.0,0.0,,,,,,0.0,,,,,309.6063750272151,3762.92724609375,,,,,,,,,,
486,7,18.0,0.0,32.0,32.0,0.0401840209960937,0.0,74.0,0.0,0.0,0.0,0.0,0.0,0.0,0.0,0.0,0.0,0.6,0.0018937347867548,1.0,0.6643842982180976,0.0,0.0,0.0,,,,,,0.0,,,,,309.375035983976,3762.92724609375,,,,,,,,,,
487,7,19.0,0.0,32.0,32.0,0.259274959564209,0.0,74.0,0.0,0.0,0.0,0.0,0.0,0.0,0.0,0.0,0.0,0.6,0.0018937347867548,1.0,0.6671520410753526,0.0,0.0,0.0,,,,,,0.0,,,,,312.73323099594563,3762.92724609375,,,,,,,,,,
488,7,20.0,0.0,32.0,32.0,0.0806875228881836,0.0,74.0,0.0,0.0,0.0,0.0,0.0,0.0,0.0,0.0,0.0,0.6,0.0018937347867548,1.0,0.6676086304038048,0.0,0.0,0.0,,,,,,0.0,,,,,311.28492701100186,3762.92724609375,,,,,,,,,,
489,7,21.0,0.0,32.0,32.0,0.1772398948669433,0.0,74.0,0.0,0.0,0.0,0.0,0.0,0.0,0.0,0.0,0.0,0.6,0.0018937347867548,1.0,0.6666733713609141,0.0,0.0,0.0,,,,,,0.0,,,,,390.1773159741424,3762.92724609375,,,,,,,,,,
490,7,22.0,0.0,32.0,32.0,0.1205296516418457,0.0,74.0,0.0,0.0,0.0,0.0,0.0,0.0,0.0,0.0,0.0,0.6,0.0018937347867548,1.0,0.6734331501556017,0.0,0.0,0.0,,,,,,0.0,,,,,303.84511101874523,3762.92724609375,,,,,,,,,,
491,7,23.0,0.0,32.0,32.0,0.0398938655853271,0.0,74.0,0.0,0.0,0.0,0.0,0.0,0.0,0.0,0.0,0.0,0.6,0.0018937347867548,1.0,0.6684329560154763,0.0,0.0,0.0,,,,,,0.0,,,,,313.088641007198,3762.92724609375,,,,,,,,,,
492,7,24.0,0.0,32.0,32.0,0.1512365341186523,0.0,74.0,0.0,0.0,0.0,0.0,0.0,0.0,0.0,0.0,0.0,0.6,0.0018937347867548,1.0,0.6656812660831941,0.0,0.0,0.0,,,,,,0.0,,,,,317.1723900013603,3762.92724609375,,,,,,,,,,
493,7,25.0,0.0,32.0,32.0,0.1382102966308593,0.0,74.0,0.0,0.0,0.0,0.0,0.0,0.0,0.0,0.0,0.0,0.6,0.0018937347867548,1.0,0.6723782081936807,0.0,0.0,0.0,,,,,,0.0,,,,,313.8243830180727,3762.92724609375,,,,,,,,,,
494,7,26.0,0.0,32.0,32.0,0.0702581405639648,0.0,74.0,0.0,0.0,0.0,0.0,0.0,0.0,0.0,0.0,0.0,0.6,0.0018937347867548,1.0,0.6694355056415,0.0,0.0,0.0,,,,,,0.0,,,,,305.0909859884996,3762.92724609375,,,,,,,,,,
495,7,27.0,0.0,32.0,32.0,0.1126718521118164,0.0,74.0,0.0,0.0,0.0,0.0,0.0,0.0,0.0,0.0,0.0,0.6,0.0018937347867548,1.0,0.6674123749822547,0.0,0.0,0.0,,,,,,0.0,,,,,321.3893189968076,3762.92724609375,,,,,,,,,,
496,7,28.0,0.0,32.0,32.0,0.0321033000946044,0.0,74.0,0.0,0.0,0.0,0.0,0.0,0.0,0.0,0.0,0.0,0.6,0.0018937347867548,1.0,0.6672121948862306,0.0,0.0,0.0,,,,,,0.0,,,,,307.9228570277337,3762.92724609375,,,,,,,,,,
497,7,29.0,0.0,32.0,32.0,0.1766333580017089,0.0,74.0,0.0,0.0,0.0,0.0,0.0,0.0,0.0,0.0,0.0,0.6,0.0018937347867548,1.0,0.667008946672404,0.0,0.0,0.0,,,,,,0.0,,,,,308.0267460027244,3762.92724609375,,,,,,,,,,
498,7,30.0,0.0,32.0,32.0,0.1478071212768554,0.0,74.0,0.0,0.0,0.0,0.0,0.0,0.0,0.0,0.0,0.0,0.6,0.0018937347867548,1.0,0.6681043927695167,0.0,0.0,0.0,,,,,,0.0,,,,,313.43201600247994,3762.92724609375,,,,,,,,,,
499,7,31.0,0.0,32.0,32.0,0.1012501716613769,0.0,74.0,0.0,0.0,0.0,0.0,0.0,0.0,0.0,0.0,0.0,0.6,0.0018937347867548,1.0,0.6654629370416412,0.0,0.0,0.0,,,,,,0.0,,,,,311.99663499137387,3762.92724609375,,,,,,,,,,
500,7,32.0,0.0,32.0,32.0,0.0564332008361816,0.0,74.0,0.0,0.0,0.0,0.0,0.0,0.0,0.0,0.0,0.0,0.6,0.0018937347867548,1.0,0.6675557600119265,0.0,0.0,0.0,,,,,,0.0,,,,,308.98833999526687,3762.92724609375,,,,,,,,,,
501,7,33.0,0.0,32.0,32.0,0.0379600524902343,0.0,74.0,0.0,0.0,0.0,0.0,0.0,0.0,0.0,0.0,0.0,0.6,0.0018937347867548,1.0,0.6669598836007237,0.0,0.0,0.0,,,,,,0.0,,,,,313.2275700045284,3762.92724609375,,,,,,,,,,
502,7,34.0,0.0,32.0,32.0,0.0830411911010742,0.0,74.0,0.0,0.0,0.0,0.0,0.0,0.0,0.0,0.0,0.0,0.6,0.0018937347867548,1.0,0.6701626506031901,0.0,0.0,0.0,,,,,,0.0,,,,,307.98147001769394,3762.92724609375,,,,,,,,,,
503,7,35.0,0.0,32.0,32.0,0.1377406120300293,0.0,74.0,0.0,0.0,0.0,0.0,0.0,0.0,0.0,0.0,0.0,0.6,0.0018937347867548,1.0,0.6660329143921278,0.0,0.0,0.0,,,,,,0.0,,,,,310.9736600017641,3762.92724609375,,,,,,,,,,
504,7,36.0,0.0,32.0,32.0,0.0462589263916015,0.0,74.0,0.0,0.0,0.0,0.0,0.0,0.0,0.0,0.0,0.0,0.6,0.0018937347867548,1.0,0.670085179988929,0.0,0.0,0.0,,,,,,0.0,,,,,307.0451640232932,3762.92724609375,,,,,,,,,,
505,7,37.0,0.0,32.0,32.0,0.0244793891906738,0.0,74.0,0.0,0.0,0.0,0.0,0.0,0.0,0.0,0.0,0.0,0.6,0.0018937347867548,1.0,0.6688742996916776,0.0,0.0,0.0,,,,,,0.0,,,,,313.31630900967866,3762.92724609375,,,,,,,,,,
506,7,38.0,0.0,32.0,32.0,0.011733055114746,6.0,74.0,0.081081081081081,1.0,5.0,0.1666666666666666,0.8333333333333334,0.1491373508130002,0.1394398283288975,0.1510768553098207,0.0,0.6,0.0018937347867548,1.000000000015139,0.6706858312501495,1.3921429099596016e-09,1.0,5.0,0.6666666666666666,5.0,1.0,0.6500223927944538,0.450561188866305,2.0,0.5188160510534526,0.0012778741074725,0.4993610629462637,0.003037381188911,309.13814599625766,3775.26513671875,,,,,,,,,,
507,7,39.0,0.0,32.0,32.0,0.0888881683349609,0.0,74.0,0.0,0.0,0.0,0.0,0.0,0.0,0.0,0.0,0.0,0.6,0.0018937347867548,1.0,0.666344220218437,0.0,0.0,0.0,,,,,,0.0,,,,,314.2527199815959,3762.92724609375,,,,,,,,,,
508,7,40.0,0.0,32.0,32.0,0.3121981620788574,0.0,74.0,0.0,0.0,0.0,0.0,0.0,0.0,0.0,0.0,0.0,0.6,0.0018937347867548,1.0,0.6639032275394897,0.0,0.0,0.0,,,,,,0.0,,,,,307.35277201165445,3762.92724609375,,,,,,,,,,
509,7,41.0,0.0,32.0,32.0,0.1180548667907714,0.0,74.0,0.0,0.0,0.0,0.0,0.0,0.0,0.0,0.0,0.0,0.6,0.0018937347867548,1.0,0.6629139640266264,0.0,0.0,0.0,,,,,,0.0,,,,,314.20982800773345,3762.92724609375,,,,,,,,,,
510,7,42.0,0.0,32.0,32.0,0.3776888847351074,0.0,74.0,0.0,0.0,0.0,0.0,0.0,0.0,0.0,0.0,0.0,0.6,0.0018937347867548,1.0,0.6638949925749573,0.0,0.0,0.0,,,,,,0.0,,,,,305.7181070034858,3762.92724609375,,,,,,,,,,
511,7,43.0,0.0,32.0,32.0,0.0844559669494628,0.0,74.0,0.0,0.0,0.0,0.0,0.0,0.0,0.0,0.0,0.0,0.6,0.0018937347867548,1.0,0.6685262375321064,0.0,0.0,0.0,,,,,,0.0,,,,,315.1334820140619,3762.92724609375,,,,,,,,,,
512,7,44.0,0.0,32.0,32.0,0.2026247978210449,0.0,74.0,0.0,0.0,0.0,0.0,0.0,0.0,0.0,0.0,0.0,0.6,0.0018937347867548,1.0,0.6678668908518616,0.0,0.0,0.0,,,,,,0.0,,,,,306.9846069847699,3762.92724609375,,,,,,,,,,
513,7,45.0,0.0,32.0,32.0,0.0104918479919433,6.0,74.0,0.081081081081081,0.0,6.0,0.0,1.0,0.1548146632366092,0.0,0.1548146632366092,0.0,0.6,0.0018937347867548,0.99999999969291,0.6641884381050414,3.982609774682765e-09,0.0,6.0,1.0,,0.5,-1.4426950249075512e-08,-9.999999889225293e-09,1.0,0.5184133736054704,0.0015275202458724,0.4992362398770638,,317.6615279808175,3781.86474609375,,,,,,,,,,
514,7,46.0,0.0,32.0,32.0,0.1483888626098632,0.0,74.0,0.0,0.0,0.0,0.0,0.0,0.0,0.0,0.0,0.0,0.6,0.0018937347867548,1.0,0.6681752047492466,0.0,0.0,0.0,,,,,,0.0,,,,,309.0975850063842,3762.92724609375,,,,,,,,,,
515,7,47.0,0.0,32.0,32.0,0.1168775558471679,0.0,74.0,0.0,0.0,0.0,0.0,0.0,0.0,0.0,0.0,0.0,0.6,0.0018937347867548,1.0,0.6660077630612543,0.0,0.0,0.0,,,,,,0.0,,,,,311.1805919907056,3762.92724609375,,,,,,,,,,
516,7,48.0,0.0,32.0,32.0,0.014739990234375,4.0,74.0,0.054054054054054,0.0,4.0,0.0,1.0,0.149730761378968,0.0,0.149730761378968,0.0,0.6,0.0018937347867548,0.9999999999205008,0.6704631728897178,6.8008418709357015e-09,0.0,4.0,1.0,,0.5,-1.4426950249075512e-08,-9.999999889225293e-09,1.0,0.5091823945565466,-0.0016685018781572,0.5008342509390786,,311.4334889978636,3777.14013671875,,,,,,,,,,
517,7,49.0,0.0,32.0,32.0,0.0143404006958007,5.0,74.0,0.0675675675675675,0.0,5.0,0.0,1.0,0.1535554802799633,0.0,0.1535554802799633,0.0,0.6,0.0018937347867548,0.9999999998924914,0.6663619301712194,2.778413608781717e-09,0.0,5.0,1.0,,0.5,-1.4426950249075512e-08,-9.999999889225293e-09,1.0,0.5153259688515209,0.0015133782289922,0.4992433108855039,,314.13270899793133,3779.39013671875,,,,,,,,,,
518,7,50.0,0.0,32.0,32.0,0.0703363418579101,0.0,74.0,0.0,0.0,0.0,0.0,0.0,0.0,0.0,0.0,0.0,0.6,0.0018937347867548,1.0,0.671702559040519,0.0,0.0,0.0,,,,,,0.0,,,,,311.1603389843367,3762.92724609375,,,,,,,,,,
519,7,51.0,0.0,32.0,32.0,0.0785441398620605,0.0,74.0,0.0,0.0,0.0,0.0,0.0,0.0,0.0,0.0,0.0,0.6,0.0018937347867548,1.0,0.6713419188027208,0.0,0.0,0.0,,,,,,0.0,,,,,310.19581999862567,3762.92724609375,,,,,,,,,,
520,7,52.0,0.0,32.0,32.0,0.0257318019866943,0.0,74.0,0.0,0.0,0.0,0.0,0.0,0.0,0.0,0.0,0.0,0.6,0.0018937347867548,1.0,0.6701632541526688,0.0,0.0,0.0,,,,,,0.0,,,,,310.5236330011394,3762.92724609375,,,,,,,,,,
521,7,53.0,0.0,32.0,32.0,0.2013957500457763,0.0,74.0,0.0,0.0,0.0,0.0,0.0,0.0,0.0,0.0,0.0,0.6,0.0018937347867548,1.0,0.6637840410044,0.0,0.0,0.0,,,,,,0.0,,,,,313.1142549973447,3762.92724609375,,,,,,,,,,
522,7,54.0,0.0,32.0,32.0,0.0960159301757812,0.0,74.0,0.0,0.0,0.0,0.0,0.0,0.0,0.0,0.0,0.0,0.6,0.0018937347867548,1.0,0.6640116242887543,0.0,0.0,0.0,,,,,,0.0,,,,,306.237324984977,3762.92724609375,,,,,,,,,,
523,7,55.0,0.0,32.0,32.0,0.007765769958496,18.0,74.0,0.2432432432432432,4.0,14.0,0.2222222222222222,0.7777777777777778,0.1472658622574621,0.1332441673505095,0.1512720608023057,0.0,0.6,0.0018937347867548,1.0000000008275969,0.6658465954457019,-8.793263401108915e-10,4.0,14.0,0.5555555555555556,3.5,1.0,0.7642044776547198,0.5297061790576547,2.0,0.5219755896096481,-0.0002908224935831,0.5001454112467916,-0.0004400319588895,323.86969099752605,3835.64013671875,,,,,,,,,,
524,7,56.0,0.0,32.0,32.0,0.0657272338867187,0.0,74.0,0.0,0.0,0.0,0.0,0.0,0.0,0.0,0.0,0.0,0.6,0.0018937347867548,1.0,0.6648527636237277,0.0,0.0,0.0,,,,,,0.0,,,,,306.3100590079557,3762.92724609375,,,,,,,,,,
525,7,57.0,0.0,32.0,32.0,0.060096263885498,0.0,74.0,0.0,0.0,0.0,0.0,0.0,0.0,0.0,0.0,0.0,0.6,0.0018937347867548,1.0,0.6668629409070368,0.0,0.0,0.0,,,,,,0.0,,,,,314.290660986444,3762.92724609375,,,,,,,,,,
526,7,58.0,0.0,32.0,32.0,0.0550758838653564,0.0,74.0,0.0,0.0,0.0,0.0,0.0,0.0,0.0,0.0,0.0,0.6,0.0018937347867548,1.0,0.6738106099805428,0.0,0.0,0.0,,,,,,0.0,,,,,306.90386300557293,3762.92724609375,,,,,,,,,,
527,7,59.0,0.0,32.0,32.0,0.2933158874511719,0.0,74.0,0.0,0.0,0.0,0.0,0.0,0.0,0.0,0.0,0.0,0.6,0.0018937347867548,1.0,0.669828016553414,0.0,0.0,0.0,,,,,,0.0,,,,,313.7706010020338,3762.92724609375,,,,,,,,,,
528,7,60.0,0.0,32.0,32.0,0.0093019008636474,14.0,74.0,0.1891891891891892,3.0,11.0,0.2142857142857142,0.7857142857142857,0.1511317305283909,0.1394227535024139,0.1543250878991119,0.0,0.6,0.0018937347867548,1.0000000004205574,0.6655087369620681,1.5024560100181066e-09,3.0,11.0,0.5714285714285714,3.6666666666666665,1.0,0.7495952284055795,0.5195798191305157,2.0,0.5218611965904919,0.002481676521711,0.4987591617391445,-0.0073750489685016,315.0753589870874,3821.05224609375,,,,,,,,,,
529,7,61.0,0.0,32.0,32.0,0.1421608924865722,0.0,74.0,0.0,0.0,0.0,0.0,0.0,0.0,0.0,0.0,0.0,0.6,0.0018937347867548,1.0,0.6684177416954935,0.0,0.0,0.0,,,,,,0.0,,,,,314.6775269997306,3762.92724609375,,,,,,,,,,
530,7,62.0,0.0,32.0,32.0,0.025618553161621,0.0,74.0,0.0,0.0,0.0,0.0,0.0,0.0,0.0,0.0,0.0,0.6,0.0018937347867548,1.0,0.6691317047113567,0.0,0.0,0.0,,,,,,0.0,,,,,305.7049679919146,3762.92724609375,,,,,,,,,,
531,7,63.0,0.0,32.0,32.0,0.0116257667541503,1.0,74.0,0.0135135135135135,0.0,1.0,0.0,1.0,0.1501501933169598,0.0,0.1501501933169598,0.0,0.6,0.0018937347867548,1.0000000000054097,0.6728666570705294,-5.220001323083759e-09,0.0,1.0,1.0,,0.5,-1.4426950249075512e-08,-9.999999889225293e-09,1.0,0.5005006443898661,,,,316.15212399628945,3764.61474609375,,,,,,,,,,
532,7,64.0,0.0,32.0,32.0,0.0114979743957519,11.0,74.0,0.1486486486486486,2.0,9.0,0.1818181818181818,0.8181818181818182,0.1527687865165442,0.1365355252769367,0.1563761779031236,0.0,0.6,0.0018937347867548,1.0,0.6655904361291856,-9.723062772051593e-09,2.0,9.0,0.6363636363636364,4.5,1.0,0.6840384067851413,0.4741392930578376,2.0,0.5260942015102352,-0.0072043943800963,0.5036021971900482,0.006476084820471,315.3708669997286,3807.17724609375,,,,,,,,,,
533,7,65.0,0.0,32.0,32.0,0.0109333992004394,3.0,74.0,0.0405405405405405,0.0,3.0,0.0,1.0,0.150798053916686,0.0,0.150798053916686,0.0,0.6,0.0018937347867548,0.999999999984458,0.6690777243090932,2.644154665678757e-09,0.0,3.0,1.0,,0.5,-1.4426950249075512e-08,-9.999999889225293e-09,1.0,0.5103971728824511,-0.0002739801711868,0.5001369900855934,,312.32409400399774,3768.08349609375,,,,,,,,,,
534,7,66.0,0.0,32.0,32.0,0.1465001106262207,0.0,74.0,0.0,0.0,0.0,0.0,0.0,0.0,0.0,0.0,0.0,0.6,0.0018937347867548,1.0,0.6690431871109289,0.0,0.0,0.0,,,,,,0.0,,,,,311.7029929999262,3762.92724609375,,,,,,,,,,
535,7,67.0,0.0,32.0,32.0,0.0067141056060791,10.0,74.0,0.1351351351351351,2.0,8.0,0.2,0.8,0.1509872800691994,0.1280075818490963,0.1567322046242252,0.0,0.6,0.0018937347867548,0.9999999998898575,0.6654773666681997,1.049484850229936e-08,2.0,8.0,0.6,4.0,1.0,0.721928066033462,0.5004024035381882,2.0,0.5365665925620702,4.001722845714539e-05,0.4999799913857714,-0.0089628471844609,317.6860329986084,3803.05224609375,,,,,,,,,,
536,7,68.0,0.0,32.0,32.0,0.3916640281677246,0.0,74.0,0.0,0.0,0.0,0.0,0.0,0.0,0.0,0.0,0.0,0.6,0.0018937347867548,1.0,0.6716428768910123,0.0,0.0,0.0,,,,,,0.0,,,,,309.99788298504427,3762.92724609375,,,,,,,,,,
537,7,69.0,0.0,32.0,32.0,0.1492080688476562,0.0,74.0,0.0,0.0,0.0,0.0,0.0,0.0,0.0,0.0,0.0,0.6,0.0018937347867548,1.0,0.6684956496329746,0.0,0.0,0.0,,,,,,0.0,,,,,311.75491999601945,3762.92724609375,,,,,,,,,,
538,7,70.0,0.0,32.0,32.0,0.0073733329772949,11.0,74.0,0.1486486486486486,2.0,9.0,0.1818181818181818,0.8181818181818182,0.1501275026821126,0.1406694224014113,0.1522292983000462,0.0,0.6,0.0018937347867548,0.9999999999812998,0.6647513149944912,4.524177775513649e-09,2.0,9.0,0.6363636363636364,4.5,1.0,0.6840384067851413,0.4741392930578376,2.0,0.5181743434384939,-3.397562911479986e-05,0.5000169878145574,0.0002415756930637,316.2049890088383,3805.76513671875,,,,,,,,,,
539,7,71.0,0.0,32.0,32.0,0.0635342597961425,0.0,74.0,0.0,0.0,0.0,0.0,0.0,0.0,0.0,0.0,0.0,0.6,0.0018937347867548,1.0,0.6748067364184299,0.0,0.0,0.0,,,,,,0.0,,,,,312.70351199782453,3762.92724609375,,,,,,,,,,
540,7,72.0,0.0,32.0,32.0,0.0496773719787597,0.0,74.0,0.0,0.0,0.0,0.0,0.0,0.0,0.0,0.0,0.0,0.6,0.0018937347867548,1.0,0.6717353941911864,0.0,0.0,0.0,,,,,,0.0,,,,,304.9228150048293,3762.92724609375,,,,,,,,,,
541,7,73.0,0.0,32.0,32.0,0.022153615951538,0.0,74.0,0.0,0.0,0.0,0.0,0.0,0.0,0.0,0.0,0.0,0.6,0.0018937347867548,1.0,0.6710863342713606,0.0,0.0,0.0,,,,,,0.0,,,,,315.9604450047482,3762.92724609375,,,,,,,,,,
542,7,74.0,0.0,32.0,32.0,0.0090620517730712,0.0,74.0,0.0,0.0,0.0,0.0,0.0,0.0,0.0,0.0,0.0,0.6,0.0018937347867548,1.0,0.6696611462085209,0.0,0.0,0.0,,,,,,0.0,,,,,305.3973390196916,3762.92724609375,,,,,,,,,,
543,7,75.0,0.0,32.0,32.0,0.0128593444824218,1.0,74.0,0.0135135135135135,0.0,1.0,0.0,1.0,0.1531189473435472,0.0,0.1531189473435472,0.0,0.6,0.0018937347867548,0.999999999995107,0.664047291216416,6.6849359418901e-10,0.0,1.0,1.0,,0.5,-1.4426950249075512e-08,-9.999999889225293e-09,1.0,0.5103964911451575,,,,315.2114219847135,3764.61474609375,,,,,,,,,,
544,7,76.0,0.0,32.0,32.0,0.0085396766662597,10.0,74.0,0.1351351351351351,2.0,8.0,0.2,0.8,0.1549587122457841,0.1377049550076744,0.1592721515553116,0.0,0.6,0.0018937347867548,0.9999999994715651,0.66771766680406,4.7563212144402735e-09,2.0,8.0,0.6,4.0,1.0,0.721928066033462,0.5004024035381882,2.0,0.5329488126030624,-0.0002228874946013,0.5001114437473007,-0.002803459041232,309.88109900499694,3804.98388671875,,,,,,,,,,
545,7,77.0,0.0,32.0,32.0,0.0181746482849121,0.0,74.0,0.0,0.0,0.0,0.0,0.0,0.0,0.0,0.0,0.0,0.6,0.0018937347867548,1.0,0.6655286822957406,0.0,0.0,0.0,,,,,,0.0,,,,,314.2701470060274,3762.92724609375,,,,,,,,,,
546,7,78.0,0.0,26.0,26.0,0.0083550673264723,13.0,74.0,0.1756756756756756,2.0,11.0,0.1538461538461538,0.8461538461538461,0.1503051912393987,0.1377820888404728,0.1525821189482944,0.0,0.6,0.0018937347867548,0.9999999997992146,0.667244980045509,5.753747871122246e-10,2.0,11.0,0.6923076923076923,5.5,1.0,0.6193821658248634,0.4293230019306165,2.0,0.5191272834647243,0.003616914676968,0.498191542661516,0.0005736417388426,279.9935599905439,3645.73779296875,,,,,,,,,,
546,7,,1.0,32.0,32.0,,,,,,,,,,,,,,,0.9999999997992146,0.667244980045509,5.753747871122246e-10,2.0,11.0,0.6923076923076923,5.5,1.0,0.6193821658248634,0.4293230019306165,2.0,0.5191272834647243,0.003616914676968,0.498191542661516,0.0005736417388426,279.9935599905439,3645.73779296875,0.7545126353790613,1.1221155656708612,0.7545126353790613,1.1156426270802815,0.9907630522088352,0.0338645990824517,0.236250416829774,0.9899598393574296,0.0354791413992643,0.2354472039783683
