step,train/loss,train/gate0_triggered_blocks,train/gate0_considered_blocks,train/gate0_trigger_rate,train/pull_to_r_blocks,train/pull_to_R_blocks,train/pull_to_r_rate,train/pull_to_R_rate,train/alpha_pull_mean,train/single_vote_skipped_blocks,train/tau_N,train/tau_D,epoch,step_in_epoch,probe/is_eval,val/acc,val/loss,val/acc_r_only,val/loss_r_only,train/acc,train/loss_eval,gap/train_minus_val,train/acc_r_only,train/loss_r_only_eval,gap_r_only/train_minus_val_r_only
1,0.6680430620908737,14.0,74.0,0.1891891891891892,5.0,9.0,0.35714285714285715,0.6428571428571429,0.1737904195771387,0.0,0.6,0.0038053,1,1,0.0,,,,,,,,,,
2,0.6731212586164474,15.0,74.0,0.20270270270270271,8.0,7.0,0.5333333333333333,0.4666666666666667,0.17305040500148516,0.0,0.6,0.0038053,1,2,0.0,,,,,,,,,,
3,0.6545730233192444,25.0,74.0,0.33783783783783783,6.0,19.0,0.24,0.76,0.1758132445224017,0.0,0.6,0.0038053,1,3,0.0,,,,,,,,,,
4,0.6981004625558853,33.0,74.0,0.44594594594594594,11.0,22.0,0.3333333333333333,0.6666666666666666,0.17298762870027426,0.0,0.6,0.0038053,1,4,0.0,,,,,,,,,,
5,0.6554760038852692,23.0,74.0,0.3108108108108108,5.0,18.0,0.21739130434782608,0.782608695652174,0.17663180025506292,0.0,0.6,0.0038053,1,5,0.0,,,,,,,,,,
6,0.7115788161754608,30.0,74.0,0.40540540540540543,12.0,18.0,0.4,0.6,0.17486227192713436,0.0,0.6,0.0038053,1,6,0.0,,,,,,,,,,
7,0.701847180724144,3.0,74.0,0.04054054054054054,1.0,2.0,0.3333333333333333,0.6666666666666666,0.17916836054040028,0.0,0.6,0.0038053,1,7,0.0,,,,,,,,,,
8,0.6484522819519043,8.0,74.0,0.10810810810810811,1.0,7.0,0.125,0.875,0.17706548947047923,0.0,0.6,0.0038053,1,8,0.0,,,,,,,,,,
9,0.6766529083251953,3.0,74.0,0.04054054054054054,1.0,2.0,0.3333333333333333,0.6666666666666666,0.1773951652484964,0.0,0.6,0.0038053,1,9,0.0,,,,,,,,,,
10,0.6630277037620544,5.0,74.0,0.06756756756756757,3.0,2.0,0.6,0.4,0.16976896198512528,0.0,0.6,0.0038053,1,10,0.0,,,,,,,,,,
11,0.6608218252658844,9.0,74.0,0.12162162162162163,2.0,7.0,0.2222222222222222,0.7777777777777778,0.1790783736261388,0.0,0.6,0.0038053,1,11,0.0,,,,,,,,,,
12,0.665903627872467,8.0,74.0,0.10810810810810811,1.0,7.0,0.125,0.875,0.17935811288561018,0.0,0.6,0.0038053,1,12,0.0,,,,,,,,,,
13,0.640457957983017,5.0,74.0,0.06756756756756757,1.0,4.0,0.2,0.8,0.17657662093637433,0.0,0.6,0.0038053,1,13,0.0,,,,,,,,,,
14,0.6336665004491806,4.0,74.0,0.05405405405405406,2.0,2.0,0.5,0.5,0.1760647496557315,0.0,0.6,0.0038053,1,14,0.0,,,,,,,,,,
15,0.6531475931406021,25.0,74.0,0.33783783783783783,6.0,19.0,0.24,0.76,0.1774002993624647,0.0,0.6,0.0038053,1,15,0.0,,,,,,,,,,
16,0.6514269262552261,4.0,74.0,0.05405405405405406,1.0,3.0,0.25,0.75,0.1737746339827384,0.0,0.6,0.0038053,1,16,0.0,,,,,,,,,,
17,0.6754292845726013,21.0,74.0,0.28378378378378377,5.0,16.0,0.23809523809523808,0.7619047619047619,0.17561280143250435,0.0,0.6,0.0038053,1,17,0.0,,,,,,,,,,
18,0.6284265220165253,19.0,74.0,0.25675675675675674,5.0,14.0,0.2631578947368421,0.7368421052631579,0.1752244063395174,0.0,0.6,0.0038053,1,18,0.0,,,,,,,,,,
19,0.6529110670089722,17.0,74.0,0.22972972972972974,6.0,11.0,0.35294117647058826,0.6470588235294118,0.17357037617722126,0.0,0.6,0.0038053,1,19,0.0,,,,,,,,,,
20,0.6763903796672821,9.0,74.0,0.12162162162162163,1.0,8.0,0.1111111111111111,0.8888888888888888,0.17982499756431675,0.0,0.6,0.0038053,1,20,0.0,,,,,,,,,,
21,0.616387665271759,19.0,74.0,0.25675675675675674,5.0,14.0,0.2631578947368421,0.7368421052631579,0.17422387567301947,0.0,0.6,0.0038053,1,21,0.0,,,,,,,,,,
22,0.5940400809049606,10.0,74.0,0.13513513513513514,1.0,9.0,0.1,0.9,0.17491094987015887,0.0,0.6,0.0038053,1,22,0.0,,,,,,,,,,
23,0.6113809645175934,3.0,74.0,0.04054054054054054,0.0,3.0,0.0,1.0,0.18064968504593462,0.0,0.6,0.0038053,1,23,0.0,,,,,,,,,,
24,0.6518330127000809,4.0,74.0,0.05405405405405406,1.0,3.0,0.25,0.75,0.1796652017711757,0.0,0.6,0.0038053,1,24,0.0,,,,,,,,,,
25,0.7563419342041016,0.0,74.0,0.0,0.0,0.0,0.0,0.0,0.0,0.0,0.6,0.0038053,1,25,0.0,,,,,,,,,,
26,0.7045616507530212,0.0,74.0,0.0,0.0,0.0,0.0,0.0,0.0,0.0,0.6,0.0038053,1,26,0.0,,,,,,,,,,
27,0.5242740213871002,4.0,74.0,0.05405405405405406,1.0,3.0,0.25,0.75,0.1783737429124946,0.0,0.6,0.0038053,1,27,0.0,,,,,,,,,,
28,0.601469099521637,0.0,74.0,0.0,0.0,0.0,0.0,0.0,0.0,0.0,0.6,0.0038053,1,28,0.0,,,,,,,,,,
29,0.6709389835596085,0.0,74.0,0.0,0.0,0.0,0.0,0.0,0.0,0.0,0.6,0.0038053,1,29,0.0,,,,,,,,,,
30,0.6982313990592957,0.0,74.0,0.0,0.0,0.0,0.0,0.0,0.0,0.0,0.6,0.0038053,1,30,0.0,,,,,,,,,,
31,0.5815167352557182,0.0,74.0,0.0,0.0,0.0,0.0,0.0,0.0,0.0,0.6,0.0038053,1,31,0.0,,,,,,,,,,
32,0.6750265955924988,0.0,74.0,0.0,0.0,0.0,0.0,0.0,0.0,0.0,0.6,0.0038053,1,32,0.0,,,,,,,,,,
33,0.6391270309686661,2.0,74.0,0.02702702702702703,0.0,2.0,0.0,1.0,0.1775236442036751,0.0,0.6,0.0038053,1,33,0.0,,,,,,,,,,
34,0.6450519263744354,2.0,74.0,0.02702702702702703,0.0,2.0,0.0,1.0,0.18134532764732358,0.0,0.6,0.0038053,1,34,0.0,,,,,,,,,,
35,0.6433878019452095,2.0,74.0,0.02702702702702703,1.0,1.0,0.5,0.5,0.17579838064037664,0.0,0.6,0.0038053,1,35,0.0,,,,,,,,,,
36,0.697024941444397,0.0,74.0,0.0,0.0,0.0,0.0,0.0,0.0,0.0,0.6,0.0038053,1,36,0.0,,,,,,,,,,
37,0.5776541233062744,0.0,74.0,0.0,0.0,0.0,0.0,0.0,0.0,0.0,0.6,0.0038053,1,37,0.0,,,,,,,,,,
38,0.6092772111296654,0.0,74.0,0.0,0.0,0.0,0.0,0.0,0.0,0.0,0.6,0.0038053,1,38,0.0,,,,,,,,,,
39,0.5633568465709686,0.0,74.0,0.0,0.0,0.0,0.0,0.0,0.0,0.0,0.6,0.0038053,1,39,0.0,,,,,,,,,,
40,0.5688405334949493,0.0,74.0,0.0,0.0,0.0,0.0,0.0,0.0,0.0,0.6,0.0038053,1,40,0.0,,,,,,,,,,
41,0.703213058412075,0.0,74.0,0.0,0.0,0.0,0.0,0.0,0.0,0.0,0.6,0.0038053,1,41,0.0,,,,,,,,,,
42,0.5381868481636047,0.0,74.0,0.0,0.0,0.0,0.0,0.0,0.0,0.0,0.6,0.0038053,1,42,0.0,,,,,,,,,,
43,0.49469176679849625,0.0,74.0,0.0,0.0,0.0,0.0,0.0,0.0,0.0,0.6,0.0038053,1,43,0.0,,,,,,,,,,
44,0.4560951590538025,0.0,74.0,0.0,0.0,0.0,0.0,0.0,0.0,0.0,0.6,0.0038053,1,44,0.0,,,,,,,,,,
45,0.8022938668727875,0.0,74.0,0.0,0.0,0.0,0.0,0.0,0.0,0.0,0.6,0.0038053,1,45,0.0,,,,,,,,,,
46,0.45116420090198517,0.0,74.0,0.0,0.0,0.0,0.0,0.0,0.0,0.0,0.6,0.0038053,1,46,0.0,,,,,,,,,,
47,0.696486197412014,0.0,74.0,0.0,0.0,0.0,0.0,0.0,0.0,0.0,0.6,0.0038053,1,47,0.0,,,,,,,,,,
48,0.4418787211179733,0.0,74.0,0.0,0.0,0.0,0.0,0.0,0.0,0.0,0.6,0.0038053,1,48,0.0,,,,,,,,,,
49,0.5483688116073608,0.0,74.0,0.0,0.0,0.0,0.0,0.0,0.0,0.0,0.6,0.0038053,1,49,0.0,,,,,,,,,,
50,0.486917681992054,0.0,74.0,0.0,0.0,0.0,0.0,0.0,0.0,0.0,0.6,0.0038053,1,50,0.0,,,,,,,,,,
51,0.5787446722388268,0.0,74.0,0.0,0.0,0.0,0.0,0.0,0.0,0.0,0.6,0.0038053,1,51,0.0,,,,,,,,,,
52,0.8326206132769585,0.0,74.0,0.0,0.0,0.0,0.0,0.0,0.0,0.0,0.6,0.0038053,1,52,0.0,,,,,,,,,,
53,0.6730633080005646,0.0,74.0,0.0,0.0,0.0,0.0,0.0,0.0,0.0,0.6,0.0038053,1,53,0.0,,,,,,,,,,
54,0.5903604924678802,0.0,74.0,0.0,0.0,0.0,0.0,0.0,0.0,0.0,0.6,0.0038053,1,54,0.0,,,,,,,,,,
55,0.6251811683177948,0.0,74.0,0.0,0.0,0.0,0.0,0.0,0.0,0.0,0.6,0.0038053,1,55,0.0,,,,,,,,,,
56,0.5653112083673477,0.0,74.0,0.0,0.0,0.0,0.0,0.0,0.0,0.0,0.6,0.0038053,1,56,0.0,,,,,,,,,,
57,0.6150234490633011,0.0,74.0,0.0,0.0,0.0,0.0,0.0,0.0,0.0,0.6,0.0038053,1,57,0.0,,,,,,,,,,
58,0.628781795501709,0.0,74.0,0.0,0.0,0.0,0.0,0.0,0.0,0.0,0.6,0.0038053,1,58,0.0,,,,,,,,,,
59,0.5611230581998825,0.0,74.0,0.0,0.0,0.0,0.0,0.0,0.0,0.0,0.6,0.0038053,1,59,0.0,,,,,,,,,,
60,0.5267704948782921,0.0,74.0,0.0,0.0,0.0,0.0,0.0,0.0,0.0,0.6,0.0038053,1,60,0.0,,,,,,,,,,
61,0.6279256194829941,0.0,74.0,0.0,0.0,0.0,0.0,0.0,0.0,0.0,0.6,0.0038053,1,61,0.0,,,,,,,,,,
62,0.5608682259917259,0.0,74.0,0.0,0.0,0.0,0.0,0.0,0.0,0.0,0.6,0.0038053,1,62,0.0,,,,,,,,,,
63,0.6581291928887367,0.0,74.0,0.0,0.0,0.0,0.0,0.0,0.0,0.0,0.6,0.0038053,1,63,0.0,,,,,,,,,,
64,0.48853180557489395,0.0,74.0,0.0,0.0,0.0,0.0,0.0,0.0,0.0,0.6,0.0038053,1,64,0.0,,,,,,,,,,
65,0.5713995918631554,0.0,74.0,0.0,0.0,0.0,0.0,0.0,0.0,0.0,0.6,0.0038053,1,65,0.0,,,,,,,,,,
66,0.46559399366378784,0.0,74.0,0.0,0.0,0.0,0.0,0.0,0.0,0.0,0.6,0.0038053,1,66,0.0,,,,,,,,,,
67,0.4358084425330162,0.0,74.0,0.0,0.0,0.0,0.0,0.0,0.0,0.0,0.6,0.0038053,1,67,0.0,,,,,,,,,,
68,0.4558961018919945,0.0,74.0,0.0,0.0,0.0,0.0,0.0,0.0,0.0,0.6,0.0038053,1,68,0.0,,,,,,,,,,
69,0.6620989888906479,0.0,74.0,0.0,0.0,0.0,0.0,0.0,0.0,0.0,0.6,0.0038053,1,69,0.0,,,,,,,,,,
70,0.501751072704792,0.0,74.0,0.0,0.0,0.0,0.0,0.0,0.0,0.0,0.6,0.0038053,1,70,0.0,,,,,,,,,,
71,0.4743931367993355,0.0,74.0,0.0,0.0,0.0,0.0,0.0,0.0,0.0,0.6,0.0038053,1,71,0.0,,,,,,,,,,
72,0.5742928981781006,0.0,74.0,0.0,0.0,0.0,0.0,0.0,0.0,0.0,0.6,0.0038053,1,72,0.0,,,,,,,,,,
73,0.4578971415758133,0.0,74.0,0.0,0.0,0.0,0.0,0.0,0.0,0.0,0.6,0.0038053,1,73,0.0,,,,,,,,,,
74,0.4570937678217888,0.0,74.0,0.0,0.0,0.0,0.0,0.0,0.0,0.0,0.6,0.0038053,1,74,0.0,,,,,,,,,,
75,0.7033059746026993,0.0,74.0,0.0,0.0,0.0,0.0,0.0,0.0,0.0,0.6,0.0038053,1,75,0.0,,,,,,,,,,
76,0.36611277237534523,0.0,74.0,0.0,0.0,0.0,0.0,0.0,0.0,0.0,0.6,0.0038053,1,76,0.0,,,,,,,,,,
77,0.49180255085229874,0.0,74.0,0.0,0.0,0.0,0.0,0.0,0.0,0.0,0.6,0.0038053,1,77,0.0,,,,,,,,,,
78,0.4746975302696228,0.0,74.0,0.0,0.0,0.0,0.0,0.0,0.0,0.0,0.6,0.0038053,1,78,0.0,,,,,,,,,,
79,0.6510933637619019,0.0,74.0,0.0,0.0,0.0,0.0,0.0,0.0,0.0,0.6,0.0038053,1,79,0.0,,,,,,,,,,
80,0.5371622443199158,0.0,74.0,0.0,0.0,0.0,0.0,0.0,0.0,0.0,0.6,0.0038053,1,80,0.0,,,,,,,,,,
81,0.4896209016442299,0.0,74.0,0.0,0.0,0.0,0.0,0.0,0.0,0.0,0.6,0.0038053,1,81,0.0,,,,,,,,,,
82,0.47667141258716583,0.0,74.0,0.0,0.0,0.0,0.0,0.0,0.0,0.0,0.6,0.0038053,1,82,0.0,,,,,,,,,,
83,0.5004026591777802,0.0,74.0,0.0,0.0,0.0,0.0,0.0,0.0,0.0,0.6,0.0038053,1,83,0.0,,,,,,,,,,
84,0.3158579468727112,0.0,74.0,0.0,0.0,0.0,0.0,0.0,0.0,0.0,0.6,0.0038053,1,84,0.0,,,,,,,,,,
85,0.4864766597747803,0.0,74.0,0.0,0.0,0.0,0.0,0.0,0.0,0.0,0.6,0.0038053,1,85,0.0,,,,,,,,,,
86,0.3581242337822914,0.0,74.0,0.0,0.0,0.0,0.0,0.0,0.0,0.0,0.6,0.0038053,1,86,0.0,,,,,,,,,,
87,0.7517655342817307,0.0,74.0,0.0,0.0,0.0,0.0,0.0,0.0,0.0,0.6,0.0038053,1,87,0.0,,,,,,,,,,
88,0.5752414688467979,0.0,74.0,0.0,0.0,0.0,0.0,0.0,0.0,0.0,0.6,0.0038053,1,88,0.0,,,,,,,,,,
89,0.38845089823007584,0.0,74.0,0.0,0.0,0.0,0.0,0.0,0.0,0.0,0.6,0.0038053,1,89,0.0,,,,,,,,,,
90,0.5589152798056602,0.0,74.0,0.0,0.0,0.0,0.0,0.0,0.0,0.0,0.6,0.0038053,1,90,0.0,,,,,,,,,,
91,0.3818012773990631,0.0,74.0,0.0,0.0,0.0,0.0,0.0,0.0,0.0,0.6,0.0038053,1,91,0.0,,,,,,,,,,
92,0.5736924409866333,0.0,74.0,0.0,0.0,0.0,0.0,0.0,0.0,0.0,0.6,0.0038053,1,92,0.0,,,,,,,,,,
93,0.4872490242123604,0.0,74.0,0.0,0.0,0.0,0.0,0.0,0.0,0.0,0.6,0.0038053,1,93,0.0,,,,,,,,,,
94,0.4239307790994644,0.0,74.0,0.0,0.0,0.0,0.0,0.0,0.0,0.0,0.6,0.0038053,1,94,0.0,,,,,,,,,,
95,0.5125004686415195,0.0,74.0,0.0,0.0,0.0,0.0,0.0,0.0,0.0,0.6,0.0038053,1,95,0.0,,,,,,,,,,
96,0.5464302003383636,0.0,74.0,0.0,0.0,0.0,0.0,0.0,0.0,0.0,0.6,0.0038053,1,96,0.0,,,,,,,,,,
97,0.31641024723649025,0.0,74.0,0.0,0.0,0.0,0.0,0.0,0.0,0.0,0.6,0.0038053,1,97,0.0,,,,,,,,,,
98,0.4652939960360527,0.0,74.0,0.0,0.0,0.0,0.0,0.0,0.0,0.0,0.6,0.0038053,1,98,0.0,,,,,,,,,,
99,0.3797042965888977,0.0,74.0,0.0,0.0,0.0,0.0,0.0,0.0,0.0,0.6,0.0038053,1,99,0.0,,,,,,,,,,
100,0.3049672544002533,0.0,74.0,0.0,0.0,0.0,0.0,0.0,0.0,0.0,0.6,0.0038053,1,100,0.0,,,,,,,,,,
101,0.6760005801916122,0.0,74.0,0.0,0.0,0.0,0.0,0.0,0.0,0.0,0.6,0.0038053,1,101,0.0,,,,,,,,,,
102,0.49624311923980713,0.0,74.0,0.0,0.0,0.0,0.0,0.0,0.0,0.0,0.6,0.0038053,1,102,0.0,,,,,,,,,,
103,0.3788524754345417,0.0,74.0,0.0,0.0,0.0,0.0,0.0,0.0,0.0,0.6,0.0038053,1,103,0.0,,,,,,,,,,
104,0.3624766692519188,0.0,74.0,0.0,0.0,0.0,0.0,0.0,0.0,0.0,0.6,0.0038053,1,104,0.0,,,,,,,,,,
105,0.5741683393716812,0.0,74.0,0.0,0.0,0.0,0.0,0.0,0.0,0.0,0.6,0.0038053,1,105,0.0,,,,,,,,,,
106,0.6418047100305557,0.0,74.0,0.0,0.0,0.0,0.0,0.0,0.0,0.0,0.6,0.0038053,1,106,0.0,,,,,,,,,,
107,0.4885689914226532,0.0,74.0,0.0,0.0,0.0,0.0,0.0,0.0,0.0,0.6,0.0038053,1,107,0.0,,,,,,,,,,
108,0.46257925033569336,0.0,74.0,0.0,0.0,0.0,0.0,0.0,0.0,0.0,0.6,0.0038053,1,108,0.0,,,,,,,,,,
109,0.3706859238445759,0.0,74.0,0.0,0.0,0.0,0.0,0.0,0.0,0.0,0.6,0.0038053,1,109,0.0,,,,,,,,,,
110,0.5171842575073242,0.0,74.0,0.0,0.0,0.0,0.0,0.0,0.0,0.0,0.6,0.0038053,1,110,0.0,,,,,,,,,,
111,0.6519149392843246,0.0,74.0,0.0,0.0,0.0,0.0,0.0,0.0,0.0,0.6,0.0038053,1,111,0.0,,,,,,,,,,
112,0.4339013211429119,0.0,74.0,0.0,0.0,0.0,0.0,0.0,0.0,0.0,0.6,0.0038053,1,112,0.0,,,,,,,,,,
113,0.3641720116138458,0.0,74.0,0.0,0.0,0.0,0.0,0.0,0.0,0.0,0.6,0.0038053,1,113,0.0,,,,,,,,,,
114,0.3614908941090107,0.0,74.0,0.0,0.0,0.0,0.0,0.0,0.0,0.0,0.6,0.0038053,1,114,0.0,,,,,,,,,,
115,0.6591992497444152,0.0,74.0,0.0,0.0,0.0,0.0,0.0,0.0,0.0,0.6,0.0038053,1,115,0.0,,,,,,,,,,
115,,,,,,,,,,,,,1,,1.0,0.7598039215686274,0.5512160911009862,0.7671568627450981,0.5485061154915736,0.7690839694656488,0.5452816994293876,0.009280047897021415,0.7709923664122137,0.5417515715827113,0.003835503667115603
116,0.47909191995859146,0.0,74.0,0.0,0.0,0.0,0.0,0.0,0.0,0.0,0.6,0.0038053,2,1,0.0,,,,,,,,,,
117,0.6255415454506874,0.0,74.0,0.0,0.0,0.0,0.0,0.0,0.0,0.0,0.6,0.0038053,2,2,0.0,,,,,,,,,,
118,0.3834044337272644,0.0,74.0,0.0,0.0,0.0,0.0,0.0,0.0,0.0,0.6,0.0038053,2,3,0.0,,,,,,,,,,
119,0.5024207085371017,0.0,74.0,0.0,0.0,0.0,0.0,0.0,0.0,0.0,0.6,0.0038053,2,4,0.0,,,,,,,,,,
120,0.6397834122180939,0.0,74.0,0.0,0.0,0.0,0.0,0.0,0.0,0.0,0.6,0.0038053,2,5,0.0,,,,,,,,,,
121,0.4341175705194473,0.0,74.0,0.0,0.0,0.0,0.0,0.0,0.0,0.0,0.6,0.0038053,2,6,0.0,,,,,,,,,,
122,0.35258495062589645,0.0,74.0,0.0,0.0,0.0,0.0,0.0,0.0,0.0,0.6,0.0038053,2,7,0.0,,,,,,,,,,
123,0.291781909763813,0.0,74.0,0.0,0.0,0.0,0.0,0.0,0.0,0.0,0.6,0.0038053,2,8,0.0,,,,,,,,,,
124,0.5807183645665646,0.0,74.0,0.0,0.0,0.0,0.0,0.0,0.0,0.0,0.6,0.0038053,2,9,0.0,,,,,,,,,,
125,0.23612287268042564,0.0,74.0,0.0,0.0,0.0,0.0,0.0,0.0,0.0,0.6,0.0038053,2,10,0.0,,,,,,,,,,
126,0.4502486363053322,0.0,74.0,0.0,0.0,0.0,0.0,0.0,0.0,0.0,0.6,0.0038053,2,11,0.0,,,,,,,,,,
127,0.23063158430159092,0.0,74.0,0.0,0.0,0.0,0.0,0.0,0.0,0.0,0.6,0.0038053,2,12,0.0,,,,,,,,,,
128,0.5383060425519943,0.0,74.0,0.0,0.0,0.0,0.0,0.0,0.0,0.0,0.6,0.0038053,2,13,0.0,,,,,,,,,,
129,0.3988433461636305,0.0,74.0,0.0,0.0,0.0,0.0,0.0,0.0,0.0,0.6,0.0038053,2,14,0.0,,,,,,,,,,
130,0.657158762216568,0.0,74.0,0.0,0.0,0.0,0.0,0.0,0.0,0.0,0.6,0.0038053,2,15,0.0,,,,,,,,,,
131,0.4351101890206337,0.0,74.0,0.0,0.0,0.0,0.0,0.0,0.0,0.0,0.6,0.0038053,2,16,0.0,,,,,,,,,,
132,0.5045314580202103,0.0,74.0,0.0,0.0,0.0,0.0,0.0,0.0,0.0,0.6,0.0038053,2,17,0.0,,,,,,,,,,
133,0.5885463356971741,0.0,74.0,0.0,0.0,0.0,0.0,0.0,0.0,0.0,0.6,0.0038053,2,18,0.0,,,,,,,,,,
134,0.3139517083764076,0.0,74.0,0.0,0.0,0.0,0.0,0.0,0.0,0.0,0.6,0.0038053,2,19,0.0,,,,,,,,,,
135,0.49358892627060413,0.0,74.0,0.0,0.0,0.0,0.0,0.0,0.0,0.0,0.6,0.0038053,2,20,0.0,,,,,,,,,,
136,0.41757024079561234,0.0,74.0,0.0,0.0,0.0,0.0,0.0,0.0,0.0,0.6,0.0038053,2,21,0.0,,,,,,,,,,
137,0.33506855368614197,0.0,74.0,0.0,0.0,0.0,0.0,0.0,0.0,0.0,0.6,0.0038053,2,22,0.0,,,,,,,,,,
138,0.5653772577643394,0.0,74.0,0.0,0.0,0.0,0.0,0.0,0.0,0.0,0.6,0.0038053,2,23,0.0,,,,,,,,,,
139,0.4310002587735653,0.0,74.0,0.0,0.0,0.0,0.0,0.0,0.0,0.0,0.6,0.0038053,2,24,0.0,,,,,,,,,,
140,0.42981331795454025,0.0,74.0,0.0,0.0,0.0,0.0,0.0,0.0,0.0,0.6,0.0038053,2,25,0.0,,,,,,,,,,
141,0.5135471150279045,0.0,74.0,0.0,0.0,0.0,0.0,0.0,0.0,0.0,0.6,0.0038053,2,26,0.0,,,,,,,,,,
142,0.35761449486017227,0.0,74.0,0.0,0.0,0.0,0.0,0.0,0.0,0.0,0.6,0.0038053,2,27,0.0,,,,,,,,,,
143,0.3634827136993408,0.0,74.0,0.0,0.0,0.0,0.0,0.0,0.0,0.0,0.6,0.0038053,2,28,0.0,,,,,,,,,,
144,0.3830821253359318,0.0,74.0,0.0,0.0,0.0,0.0,0.0,0.0,0.0,0.6,0.0038053,2,29,0.0,,,,,,,,,,
145,0.5416201204061508,0.0,74.0,0.0,0.0,0.0,0.0,0.0,0.0,0.0,0.6,0.0038053,2,30,0.0,,,,,,,,,,
146,0.7124059349298477,0.0,74.0,0.0,0.0,0.0,0.0,0.0,0.0,0.0,0.6,0.0038053,2,31,0.0,,,,,,,,,,
147,0.531157523393631,0.0,74.0,0.0,0.0,0.0,0.0,0.0,0.0,0.0,0.6,0.0038053,2,32,0.0,,,,,,,,,,
148,0.1807605754584074,0.0,74.0,0.0,0.0,0.0,0.0,0.0,0.0,0.0,0.6,0.0038053,2,33,0.0,,,,,,,,,,
149,0.32777028158307076,0.0,74.0,0.0,0.0,0.0,0.0,0.0,0.0,0.0,0.6,0.0038053,2,34,0.0,,,,,,,,,,
150,0.5579963643103838,0.0,74.0,0.0,0.0,0.0,0.0,0.0,0.0,0.0,0.6,0.0038053,2,35,0.0,,,,,,,,,,
151,0.4250708594918251,0.0,74.0,0.0,0.0,0.0,0.0,0.0,0.0,0.0,0.6,0.0038053,2,36,0.0,,,,,,,,,,
152,0.6353974342346191,0.0,74.0,0.0,0.0,0.0,0.0,0.0,0.0,0.0,0.6,0.0038053,2,37,0.0,,,,,,,,,,
153,0.36184316873550415,0.0,74.0,0.0,0.0,0.0,0.0,0.0,0.0,0.0,0.6,0.0038053,2,38,0.0,,,,,,,,,,
154,0.4184606522321701,0.0,74.0,0.0,0.0,0.0,0.0,0.0,0.0,0.0,0.6,0.0038053,2,39,0.0,,,,,,,,,,
155,0.41398050636053085,0.0,74.0,0.0,0.0,0.0,0.0,0.0,0.0,0.0,0.6,0.0038053,2,40,0.0,,,,,,,,,,
156,0.38781749829649925,0.0,74.0,0.0,0.0,0.0,0.0,0.0,0.0,0.0,0.6,0.0038053,2,41,0.0,,,,,,,,,,
157,0.4253962077200413,0.0,74.0,0.0,0.0,0.0,0.0,0.0,0.0,0.0,0.6,0.0038053,2,42,0.0,,,,,,,,,,
158,0.4099329952150583,0.0,74.0,0.0,0.0,0.0,0.0,0.0,0.0,0.0,0.6,0.0038053,2,43,0.0,,,,,,,,,,
159,0.43868404626846313,0.0,74.0,0.0,0.0,0.0,0.0,0.0,0.0,0.0,0.6,0.0038053,2,44,0.0,,,,,,,,,,
160,0.6573140844702721,0.0,74.0,0.0,0.0,0.0,0.0,0.0,0.0,0.0,0.6,0.0038053,2,45,0.0,,,,,,,,,,
161,0.301327645778656,0.0,74.0,0.0,0.0,0.0,0.0,0.0,0.0,0.0,0.6,0.0038053,2,46,0.0,,,,,,,,,,
162,0.38821906596422195,0.0,74.0,0.0,0.0,0.0,0.0,0.0,0.0,0.0,0.6,0.0038053,2,47,0.0,,,,,,,,,,
163,0.45006679743528366,0.0,74.0,0.0,0.0,0.0,0.0,0.0,0.0,0.0,0.6,0.0038053,2,48,0.0,,,,,,,,,,
164,0.41316621750593185,0.0,74.0,0.0,0.0,0.0,0.0,0.0,0.0,0.0,0.6,0.0038053,2,49,0.0,,,,,,,,,,
165,0.3901914432644844,0.0,74.0,0.0,0.0,0.0,0.0,0.0,0.0,0.0,0.6,0.0038053,2,50,0.0,,,,,,,,,,
166,0.4761042296886444,0.0,74.0,0.0,0.0,0.0,0.0,0.0,0.0,0.0,0.6,0.0038053,2,51,0.0,,,,,,,,,,
167,0.5303288176655769,0.0,74.0,0.0,0.0,0.0,0.0,0.0,0.0,0.0,0.6,0.0038053,2,52,0.0,,,,,,,,,,
168,0.370999239385128,0.0,74.0,0.0,0.0,0.0,0.0,0.0,0.0,0.0,0.6,0.0038053,2,53,0.0,,,,,,,,,,
169,0.49513689428567886,0.0,74.0,0.0,0.0,0.0,0.0,0.0,0.0,0.0,0.6,0.0038053,2,54,0.0,,,,,,,,,,
170,0.3608688414096832,0.0,74.0,0.0,0.0,0.0,0.0,0.0,0.0,0.0,0.6,0.0038053,2,55,0.0,,,,,,,,,,
171,0.6932189390063286,0.0,74.0,0.0,0.0,0.0,0.0,0.0,0.0,0.0,0.6,0.0038053,2,56,0.0,,,,,,,,,,
172,0.3534959480166435,0.0,74.0,0.0,0.0,0.0,0.0,0.0,0.0,0.0,0.6,0.0038053,2,57,0.0,,,,,,,,,,
173,0.2983056455850601,0.0,74.0,0.0,0.0,0.0,0.0,0.0,0.0,0.0,0.6,0.0038053,2,58,0.0,,,,,,,,,,
174,0.2570359595119953,0.0,74.0,0.0,0.0,0.0,0.0,0.0,0.0,0.0,0.6,0.0038053,2,59,0.0,,,,,,,,,,
175,0.4199977070093155,0.0,74.0,0.0,0.0,0.0,0.0,0.0,0.0,0.0,0.6,0.0038053,2,60,0.0,,,,,,,,,,
176,0.2518813665956259,0.0,74.0,0.0,0.0,0.0,0.0,0.0,0.0,0.0,0.6,0.0038053,2,61,0.0,,,,,,,,,,
177,0.5809168666601181,0.0,74.0,0.0,0.0,0.0,0.0,0.0,0.0,0.0,0.6,0.0038053,2,62,0.0,,,,,,,,,,
178,0.2547701597213745,0.0,74.0,0.0,0.0,0.0,0.0,0.0,0.0,0.0,0.6,0.0038053,2,63,0.0,,,,,,,,,,
179,0.18236328661441803,0.0,74.0,0.0,0.0,0.0,0.0,0.0,0.0,0.0,0.6,0.0038053,2,64,0.0,,,,,,,,,,
180,0.4097692035138607,0.0,74.0,0.0,0.0,0.0,0.0,0.0,0.0,0.0,0.6,0.0038053,2,65,0.0,,,,,,,,,,
181,0.636232390999794,0.0,74.0,0.0,0.0,0.0,0.0,0.0,0.0,0.0,0.6,0.0038053,2,66,0.0,,,,,,,,,,
182,0.17104696854948997,0.0,74.0,0.0,0.0,0.0,0.0,0.0,0.0,0.0,0.6,0.0038053,2,67,0.0,,,,,,,,,,
183,0.2615235485136509,0.0,74.0,0.0,0.0,0.0,0.0,0.0,0.0,0.0,0.6,0.0038053,2,68,0.0,,,,,,,,,,
184,0.3956349417567253,0.0,74.0,0.0,0.0,0.0,0.0,0.0,0.0,0.0,0.6,0.0038053,2,69,0.0,,,,,,,,,,
185,0.24508098140358925,0.0,74.0,0.0,0.0,0.0,0.0,0.0,0.0,0.0,0.6,0.0038053,2,70,0.0,,,,,,,,,,
186,0.3154649641364813,0.0,74.0,0.0,0.0,0.0,0.0,0.0,0.0,0.0,0.6,0.0038053,2,71,0.0,,,,,,,,,,
187,0.469870924949646,0.0,74.0,0.0,0.0,0.0,0.0,0.0,0.0,0.0,0.6,0.0038053,2,72,0.0,,,,,,,,,,
188,0.3549545668065548,0.0,74.0,0.0,0.0,0.0,0.0,0.0,0.0,0.0,0.6,0.0038053,2,73,0.0,,,,,,,,,,
189,0.6321009546518326,0.0,74.0,0.0,0.0,0.0,0.0,0.0,0.0,0.0,0.6,0.0038053,2,74,0.0,,,,,,,,,,
190,0.2748139202594757,0.0,74.0,0.0,0.0,0.0,0.0,0.0,0.0,0.0,0.6,0.0038053,2,75,0.0,,,,,,,,,,
191,0.11197588220238686,0.0,74.0,0.0,0.0,0.0,0.0,0.0,0.0,0.0,0.6,0.0038053,2,76,0.0,,,,,,,,,,
192,0.2240710873156786,0.0,74.0,0.0,0.0,0.0,0.0,0.0,0.0,0.0,0.6,0.0038053,2,77,0.0,,,,,,,,,,
193,0.31185688078403473,0.0,74.0,0.0,0.0,0.0,0.0,0.0,0.0,0.0,0.6,0.0038053,2,78,0.0,,,,,,,,,,
194,0.41839053481817245,0.0,74.0,0.0,0.0,0.0,0.0,0.0,0.0,0.0,0.6,0.0038053,2,79,0.0,,,,,,,,,,
195,0.671289786696434,0.0,74.0,0.0,0.0,0.0,0.0,0.0,0.0,0.0,0.6,0.0038053,2,80,0.0,,,,,,,,,,
196,0.6843406856060028,0.0,74.0,0.0,0.0,0.0,0.0,0.0,0.0,0.0,0.6,0.0038053,2,81,0.0,,,,,,,,,,
197,0.10581703670322895,0.0,74.0,0.0,0.0,0.0,0.0,0.0,0.0,0.0,0.6,0.0038053,2,82,0.0,,,,,,,,,,
198,0.30176150891929865,0.0,74.0,0.0,0.0,0.0,0.0,0.0,0.0,0.0,0.6,0.0038053,2,83,0.0,,,,,,,,,,
199,0.25549226999282837,0.0,74.0,0.0,0.0,0.0,0.0,0.0,0.0,0.0,0.6,0.0038053,2,84,0.0,,,,,,,,,,
200,0.4683188032358885,0.0,74.0,0.0,0.0,0.0,0.0,0.0,0.0,0.0,0.6,0.0038053,2,85,0.0,,,,,,,,,,
201,0.338768282905221,0.0,74.0,0.0,0.0,0.0,0.0,0.0,0.0,0.0,0.6,0.0038053,2,86,0.0,,,,,,,,,,
202,0.37928126752376556,0.0,74.0,0.0,0.0,0.0,0.0,0.0,0.0,0.0,0.6,0.0038053,2,87,0.0,,,,,,,,,,
203,0.2634591609239578,0.0,74.0,0.0,0.0,0.0,0.0,0.0,0.0,0.0,0.6,0.0038053,2,88,0.0,,,,,,,,,,
204,0.38438279181718826,0.0,74.0,0.0,0.0,0.0,0.0,0.0,0.0,0.0,0.6,0.0038053,2,89,0.0,,,,,,,,,,
205,0.3071666471660137,0.0,74.0,0.0,0.0,0.0,0.0,0.0,0.0,0.0,0.6,0.0038053,2,90,0.0,,,,,,,,,,
206,0.3914671503007412,0.0,74.0,0.0,0.0,0.0,0.0,0.0,0.0,0.0,0.6,0.0038053,2,91,0.0,,,,,,,,,,
207,0.6465395987033844,0.0,74.0,0.0,0.0,0.0,0.0,0.0,0.0,0.0,0.6,0.0038053,2,92,0.0,,,,,,,,,,
208,0.4210486263036728,0.0,74.0,0.0,0.0,0.0,0.0,0.0,0.0,0.0,0.6,0.0038053,2,93,0.0,,,,,,,,,,
209,0.2731301262974739,0.0,74.0,0.0,0.0,0.0,0.0,0.0,0.0,0.0,0.6,0.0038053,2,94,0.0,,,,,,,,,,
210,0.23589400947093964,0.0,74.0,0.0,0.0,0.0,0.0,0.0,0.0,0.0,0.6,0.0038053,2,95,0.0,,,,,,,,,,
211,0.36460843309760094,0.0,74.0,0.0,0.0,0.0,0.0,0.0,0.0,0.0,0.6,0.0038053,2,96,0.0,,,,,,,,,,
212,0.15593694895505905,0.0,74.0,0.0,0.0,0.0,0.0,0.0,0.0,0.0,0.6,0.0038053,2,97,0.0,,,,,,,,,,
213,0.3947831429541111,0.0,74.0,0.0,0.0,0.0,0.0,0.0,0.0,0.0,0.6,0.0038053,2,98,0.0,,,,,,,,,,
214,0.4481195732951164,0.0,74.0,0.0,0.0,0.0,0.0,0.0,0.0,0.0,0.6,0.0038053,2,99,0.0,,,,,,,,,,
215,0.34765924140810966,0.0,74.0,0.0,0.0,0.0,0.0,0.0,0.0,0.0,0.6,0.0038053,2,100,0.0,,,,,,,,,,
216,0.2880975119769573,0.0,74.0,0.0,0.0,0.0,0.0,0.0,0.0,0.0,0.6,0.0038053,2,101,0.0,,,,,,,,,,
217,0.5855294205248356,0.0,74.0,0.0,0.0,0.0,0.0,0.0,0.0,0.0,0.6,0.0038053,2,102,0.0,,,,,,,,,,
218,0.1973824594169855,0.0,74.0,0.0,0.0,0.0,0.0,0.0,0.0,0.0,0.6,0.0038053,2,103,0.0,,,,,,,,,,
219,0.3748633414506912,0.0,74.0,0.0,0.0,0.0,0.0,0.0,0.0,0.0,0.6,0.0038053,2,104,0.0,,,,,,,,,,
220,0.41032849811017513,0.0,74.0,0.0,0.0,0.0,0.0,0.0,0.0,0.0,0.6,0.0038053,2,105,0.0,,,,,,,,,,
221,0.4076256975531578,0.0,74.0,0.0,0.0,0.0,0.0,0.0,0.0,0.0,0.6,0.0038053,2,106,0.0,,,,,,,,,,
222,0.4392632618546486,0.0,74.0,0.0,0.0,0.0,0.0,0.0,0.0,0.0,0.6,0.0038053,2,107,0.0,,,,,,,,,,
223,0.24133555963635445,0.0,74.0,0.0,0.0,0.0,0.0,0.0,0.0,0.0,0.6,0.0038053,2,108,0.0,,,,,,,,,,
224,0.5172406882047653,0.0,74.0,0.0,0.0,0.0,0.0,0.0,0.0,0.0,0.6,0.0038053,2,109,0.0,,,,,,,,,,
225,0.4362757280468941,0.0,74.0,0.0,0.0,0.0,0.0,0.0,0.0,0.0,0.6,0.0038053,2,110,0.0,,,,,,,,,,
226,0.31264461390674114,0.0,74.0,0.0,0.0,0.0,0.0,0.0,0.0,0.0,0.6,0.0038053,2,111,0.0,,,,,,,,,,
227,0.5567933917045593,0.0,74.0,0.0,0.0,0.0,0.0,0.0,0.0,0.0,0.6,0.0038053,2,112,0.0,,,,,,,,,,
228,0.5132641494274139,0.0,74.0,0.0,0.0,0.0,0.0,0.0,0.0,0.0,0.6,0.0038053,2,113,0.0,,,,,,,,,,
229,0.241409283131361,0.0,74.0,0.0,0.0,0.0,0.0,0.0,0.0,0.0,0.6,0.0038053,2,114,0.0,,,,,,,,,,
230,0.35147298574447633,0.0,74.0,0.0,0.0,0.0,0.0,0.0,0.0,0.0,0.6,0.0038053,2,115,0.0,,,,,,,,,,
230,,,,,,,,,,,,,2,,1.0,0.8799019607843137,0.28484102166616,0.8799019607843137,0.28439408655350024,0.9288440567066522,0.20416253118411354,0.04894209592233845,0.9293893129770993,0.2043071453338084,0.04948735219278555
231,0.36289171874523163,0.0,74.0,0.0,0.0,0.0,0.0,0.0,0.0,0.0,0.6,0.0038053,3,1,0.0,,,,,,,,,,
232,0.16868945583701134,0.0,74.0,0.0,0.0,0.0,0.0,0.0,0.0,0.0,0.6,0.0038053,3,2,0.0,,,,,,,,,,
233,0.27622432820498943,0.0,74.0,0.0,0.0,0.0,0.0,0.0,0.0,0.0,0.6,0.0038053,3,3,0.0,,,,,,,,,,
234,0.19806522503495216,0.0,74.0,0.0,0.0,0.0,0.0,0.0,0.0,0.0,0.6,0.0038053,3,4,0.0,,,,,,,,,,
235,0.1757577508687973,0.0,74.0,0.0,0.0,0.0,0.0,0.0,0.0,0.0,0.6,0.0038053,3,5,0.0,,,,,,,,,,
236,0.31286141090095043,0.0,74.0,0.0,0.0,0.0,0.0,0.0,0.0,0.0,0.6,0.0038053,3,6,0.0,,,,,,,,,,
237,0.19804629683494568,0.0,74.0,0.0,0.0,0.0,0.0,0.0,0.0,0.0,0.6,0.0038053,3,7,0.0,,,,,,,,,,
238,0.223292775452137,0.0,74.0,0.0,0.0,0.0,0.0,0.0,0.0,0.0,0.6,0.0038053,3,8,0.0,,,,,,,,,,
239,0.27575708366930485,0.0,74.0,0.0,0.0,0.0,0.0,0.0,0.0,0.0,0.6,0.0038053,3,9,0.0,,,,,,,,,,
240,0.2662192527204752,0.0,74.0,0.0,0.0,0.0,0.0,0.0,0.0,0.0,0.6,0.0038053,3,10,0.0,,,,,,,,,,
241,0.09836982889100909,0.0,74.0,0.0,0.0,0.0,0.0,0.0,0.0,0.0,0.6,0.0038053,3,11,0.0,,,,,,,,,,
242,0.15490012429654598,0.0,74.0,0.0,0.0,0.0,0.0,0.0,0.0,0.0,0.6,0.0038053,3,12,0.0,,,,,,,,,,
243,0.4462128207087517,0.0,74.0,0.0,0.0,0.0,0.0,0.0,0.0,0.0,0.6,0.0038053,3,13,0.0,,,,,,,,,,
244,0.06889230152592063,0.0,74.0,0.0,0.0,0.0,0.0,0.0,0.0,0.0,0.6,0.0038053,3,14,0.0,,,,,,,,,,
245,0.3091571554541588,0.0,74.0,0.0,0.0,0.0,0.0,0.0,0.0,0.0,0.6,0.0038053,3,15,0.0,,,,,,,,,,
246,0.1558014154434204,0.0,74.0,0.0,0.0,0.0,0.0,0.0,0.0,0.0,0.6,0.0038053,3,16,0.0,,,,,,,,,,
247,0.07038782024756074,0.0,74.0,0.0,0.0,0.0,0.0,0.0,0.0,0.0,0.6,0.0038053,3,17,0.0,,,,,,,,,,
248,0.057637921534478664,0.0,74.0,0.0,0.0,0.0,0.0,0.0,0.0,0.0,0.6,0.0038053,3,18,0.0,,,,,,,,,,
249,0.20515890885144472,0.0,74.0,0.0,0.0,0.0,0.0,0.0,0.0,0.0,0.6,0.0038053,3,19,0.0,,,,,,,,,,
250,0.46820559445768595,0.0,74.0,0.0,0.0,0.0,0.0,0.0,0.0,0.0,0.6,0.0038053,3,20,0.0,,,,,,,,,,
251,0.2822281653061509,0.0,74.0,0.0,0.0,0.0,0.0,0.0,0.0,0.0,0.6,0.0038053,3,21,0.0,,,,,,,,,,
252,0.18815408274531364,0.0,74.0,0.0,0.0,0.0,0.0,0.0,0.0,0.0,0.6,0.0038053,3,22,0.0,,,,,,,,,,
253,0.21294435486197472,0.0,74.0,0.0,0.0,0.0,0.0,0.0,0.0,0.0,0.6,0.0038053,3,23,0.0,,,,,,,,,,
254,0.2942039268091321,0.0,74.0,0.0,0.0,0.0,0.0,0.0,0.0,0.0,0.6,0.0038053,3,24,0.0,,,,,,,,,,
255,0.32458776235580444,0.0,74.0,0.0,0.0,0.0,0.0,0.0,0.0,0.0,0.6,0.0038053,3,25,0.0,,,,,,,,,,
256,0.3563830852508545,0.0,74.0,0.0,0.0,0.0,0.0,0.0,0.0,0.0,0.6,0.0038053,3,26,0.0,,,,,,,,,,
257,0.3760318625718355,0.0,74.0,0.0,0.0,0.0,0.0,0.0,0.0,0.0,0.6,0.0038053,3,27,0.0,,,,,,,,,,
258,0.31106375716626644,0.0,74.0,0.0,0.0,0.0,0.0,0.0,0.0,0.0,0.6,0.0038053,3,28,0.0,,,,,,,,,,
259,0.35074665769934654,0.0,74.0,0.0,0.0,0.0,0.0,0.0,0.0,0.0,0.6,0.0038053,3,29,0.0,,,,,,,,,,
260,0.2567056082189083,0.0,74.0,0.0,0.0,0.0,0.0,0.0,0.0,0.0,0.6,0.0038053,3,30,0.0,,,,,,,,,,
261,0.3175930632278323,0.0,74.0,0.0,0.0,0.0,0.0,0.0,0.0,0.0,0.6,0.0038053,3,31,0.0,,,,,,,,,,
262,0.0934712253510952,0.0,74.0,0.0,0.0,0.0,0.0,0.0,0.0,0.0,0.6,0.0038053,3,32,0.0,,,,,,,,,,
263,0.316909734159708,0.0,74.0,0.0,0.0,0.0,0.0,0.0,0.0,0.0,0.6,0.0038053,3,33,0.0,,,,,,,,,,
264,0.2304220926016569,0.0,74.0,0.0,0.0,0.0,0.0,0.0,0.0,0.0,0.6,0.0038053,3,34,0.0,,,,,,,,,,
265,0.29850544035434723,0.0,74.0,0.0,0.0,0.0,0.0,0.0,0.0,0.0,0.6,0.0038053,3,35,0.0,,,,,,,,,,
266,0.13108566962182522,0.0,74.0,0.0,0.0,0.0,0.0,0.0,0.0,0.0,0.6,0.0038053,3,36,0.0,,,,,,,,,,
267,0.31819000467658043,0.0,74.0,0.0,0.0,0.0,0.0,0.0,0.0,0.0,0.6,0.0038053,3,37,0.0,,,,,,,,,,
268,0.28391243889927864,0.0,74.0,0.0,0.0,0.0,0.0,0.0,0.0,0.0,0.6,0.0038053,3,38,0.0,,,,,,,,,,
269,0.39118438120931387,0.0,74.0,0.0,0.0,0.0,0.0,0.0,0.0,0.0,0.6,0.0038053,3,39,0.0,,,,,,,,,,
270,0.2897765189409256,0.0,74.0,0.0,0.0,0.0,0.0,0.0,0.0,0.0,0.6,0.0038053,3,40,0.0,,,,,,,,,,
271,0.11401476990431547,0.0,74.0,0.0,0.0,0.0,0.0,0.0,0.0,0.0,0.6,0.0038053,3,41,0.0,,,,,,,,,,
272,0.3127123601734638,0.0,74.0,0.0,0.0,0.0,0.0,0.0,0.0,0.0,0.6,0.0038053,3,42,0.0,,,,,,,,,,
273,0.19763684831559658,0.0,74.0,0.0,0.0,0.0,0.0,0.0,0.0,0.0,0.6,0.0038053,3,43,0.0,,,,,,,,,,
274,0.3188451686874032,0.0,74.0,0.0,0.0,0.0,0.0,0.0,0.0,0.0,0.6,0.0038053,3,44,0.0,,,,,,,,,,
275,0.14763648994266987,0.0,74.0,0.0,0.0,0.0,0.0,0.0,0.0,0.0,0.6,0.0038053,3,45,0.0,,,,,,,,,,
276,0.2607516795396805,0.0,74.0,0.0,0.0,0.0,0.0,0.0,0.0,0.0,0.6,0.0038053,3,46,0.0,,,,,,,,,,
277,0.18797655776143074,0.0,74.0,0.0,0.0,0.0,0.0,0.0,0.0,0.0,0.6,0.0038053,3,47,0.0,,,,,,,,,,
278,0.2870609574019909,0.0,74.0,0.0,0.0,0.0,0.0,0.0,0.0,0.0,0.6,0.0038053,3,48,0.0,,,,,,,,,,
279,0.19163062050938606,0.0,74.0,0.0,0.0,0.0,0.0,0.0,0.0,0.0,0.6,0.0038053,3,49,0.0,,,,,,,,,,
280,0.20060825441032648,0.0,74.0,0.0,0.0,0.0,0.0,0.0,0.0,0.0,0.6,0.0038053,3,50,0.0,,,,,,,,,,
281,0.2156473994255066,0.0,74.0,0.0,0.0,0.0,0.0,0.0,0.0,0.0,0.6,0.0038053,3,51,0.0,,,,,,,,,,
282,0.2921375706791878,0.0,74.0,0.0,0.0,0.0,0.0,0.0,0.0,0.0,0.6,0.0038053,3,52,0.0,,,,,,,,,,
283,0.2085101455450058,0.0,74.0,0.0,0.0,0.0,0.0,0.0,0.0,0.0,0.6,0.0038053,3,53,0.0,,,,,,,,,,
284,0.2540392763912678,0.0,74.0,0.0,0.0,0.0,0.0,0.0,0.0,0.0,0.6,0.0038053,3,54,0.0,,,,,,,,,,
285,0.3338738679885864,0.0,74.0,0.0,0.0,0.0,0.0,0.0,0.0,0.0,0.6,0.0038053,3,55,0.0,,,,,,,,,,
286,0.16492639016360044,0.0,74.0,0.0,0.0,0.0,0.0,0.0,0.0,0.0,0.6,0.0038053,3,56,0.0,,,,,,,,,,
287,0.3182971142232418,0.0,74.0,0.0,0.0,0.0,0.0,0.0,0.0,0.0,0.6,0.0038053,3,57,0.0,,,,,,,,,,
288,0.15657482389360666,0.0,74.0,0.0,0.0,0.0,0.0,0.0,0.0,0.0,0.6,0.0038053,3,58,0.0,,,,,,,,,,
289,0.37266048789024353,0.0,74.0,0.0,0.0,0.0,0.0,0.0,0.0,0.0,0.6,0.0038053,3,59,0.0,,,,,,,,,,
290,0.4236886315047741,0.0,74.0,0.0,0.0,0.0,0.0,0.0,0.0,0.0,0.6,0.0038053,3,60,0.0,,,,,,,,,,
291,0.2888392796739936,0.0,74.0,0.0,0.0,0.0,0.0,0.0,0.0,0.0,0.6,0.0038053,3,61,0.0,,,,,,,,,,
292,0.20164327882230282,0.0,74.0,0.0,0.0,0.0,0.0,0.0,0.0,0.0,0.6,0.0038053,3,62,0.0,,,,,,,,,,
293,0.07835924136452377,0.0,74.0,0.0,0.0,0.0,0.0,0.0,0.0,0.0,0.6,0.0038053,3,63,0.0,,,,,,,,,,
294,0.10190108325332403,0.0,74.0,0.0,0.0,0.0,0.0,0.0,0.0,0.0,0.6,0.0038053,3,64,0.0,,,,,,,,,,
295,0.20581255108118057,0.0,74.0,0.0,0.0,0.0,0.0,0.0,0.0,0.0,0.6,0.0038053,3,65,0.0,,,,,,,,,,
296,0.13840988092124462,0.0,74.0,0.0,0.0,0.0,0.0,0.0,0.0,0.0,0.6,0.0038053,3,66,0.0,,,,,,,,,,
297,0.47375405207276344,0.0,74.0,0.0,0.0,0.0,0.0,0.0,0.0,0.0,0.6,0.0038053,3,67,0.0,,,,,,,,,,
298,0.3995145121589303,0.0,74.0,0.0,0.0,0.0,0.0,0.0,0.0,0.0,0.6,0.0038053,3,68,0.0,,,,,,,,,,
299,0.21786945033818483,0.0,74.0,0.0,0.0,0.0,0.0,0.0,0.0,0.0,0.6,0.0038053,3,69,0.0,,,,,,,,,,
300,0.35749583691358566,0.0,74.0,0.0,0.0,0.0,0.0,0.0,0.0,0.0,0.6,0.0038053,3,70,0.0,,,,,,,,,,
301,0.3067159131169319,0.0,74.0,0.0,0.0,0.0,0.0,0.0,0.0,0.0,0.6,0.0038053,3,71,0.0,,,,,,,,,,
302,0.27460770308971405,0.0,74.0,0.0,0.0,0.0,0.0,0.0,0.0,0.0,0.6,0.0038053,3,72,0.0,,,,,,,,,,
303,0.23964710533618927,0.0,74.0,0.0,0.0,0.0,0.0,0.0,0.0,0.0,0.6,0.0038053,3,73,0.0,,,,,,,,,,
304,0.27238299883902073,0.0,74.0,0.0,0.0,0.0,0.0,0.0,0.0,0.0,0.6,0.0038053,3,74,0.0,,,,,,,,,,
305,0.13985785469412804,0.0,74.0,0.0,0.0,0.0,0.0,0.0,0.0,0.0,0.6,0.0038053,3,75,0.0,,,,,,,,,,
306,0.6063578464090824,0.0,74.0,0.0,0.0,0.0,0.0,0.0,0.0,0.0,0.6,0.0038053,3,76,0.0,,,,,,,,,,
307,0.2304762341082096,0.0,74.0,0.0,0.0,0.0,0.0,0.0,0.0,0.0,0.6,0.0038053,3,77,0.0,,,,,,,,,,
308,0.23056147620081902,0.0,74.0,0.0,0.0,0.0,0.0,0.0,0.0,0.0,0.6,0.0038053,3,78,0.0,,,,,,,,,,
309,0.2343027200549841,0.0,74.0,0.0,0.0,0.0,0.0,0.0,0.0,0.0,0.6,0.0038053,3,79,0.0,,,,,,,,,,
310,0.14150295965373516,0.0,74.0,0.0,0.0,0.0,0.0,0.0,0.0,0.0,0.6,0.0038053,3,80,0.0,,,,,,,,,,
311,0.25293756648898125,0.0,74.0,0.0,0.0,0.0,0.0,0.0,0.0,0.0,0.6,0.0038053,3,81,0.0,,,,,,,,,,
312,0.15593818575143814,0.0,74.0,0.0,0.0,0.0,0.0,0.0,0.0,0.0,0.6,0.0038053,3,82,0.0,,,,,,,,,,
313,0.3378031738102436,0.0,74.0,0.0,0.0,0.0,0.0,0.0,0.0,0.0,0.6,0.0038053,3,83,0.0,,,,,,,,,,
314,0.3298873163294047,0.0,74.0,0.0,0.0,0.0,0.0,0.0,0.0,0.0,0.6,0.0038053,3,84,0.0,,,,,,,,,,
315,0.1531727109104395,0.0,74.0,0.0,0.0,0.0,0.0,0.0,0.0,0.0,0.6,0.0038053,3,85,0.0,,,,,,,,,,
316,0.2787272594869137,0.0,74.0,0.0,0.0,0.0,0.0,0.0,0.0,0.0,0.6,0.0038053,3,86,0.0,,,,,,,,,,
317,0.21452848007902503,0.0,74.0,0.0,0.0,0.0,0.0,0.0,0.0,0.0,0.6,0.0038053,3,87,0.0,,,,,,,,,,
318,0.20491375168785453,0.0,74.0,0.0,0.0,0.0,0.0,0.0,0.0,0.0,0.6,0.0038053,3,88,0.0,,,,,,,,,,
319,0.5113228969275951,0.0,74.0,0.0,0.0,0.0,0.0,0.0,0.0,0.0,0.6,0.0038053,3,89,0.0,,,,,,,,,,
320,0.2946954108774662,0.0,74.0,0.0,0.0,0.0,0.0,0.0,0.0,0.0,0.6,0.0038053,3,90,0.0,,,,,,,,,,
321,0.1741428431123495,0.0,74.0,0.0,0.0,0.0,0.0,0.0,0.0,0.0,0.6,0.0038053,3,91,0.0,,,,,,,,,,
322,0.060610014013946056,0.0,74.0,0.0,0.0,0.0,0.0,0.0,0.0,0.0,0.6,0.0038053,3,92,0.0,,,,,,,,,,
323,0.3023523986339569,0.0,74.0,0.0,0.0,0.0,0.0,0.0,0.0,0.0,0.6,0.0038053,3,93,0.0,,,,,,,,,,
324,0.15672178752720356,0.0,74.0,0.0,0.0,0.0,0.0,0.0,0.0,0.0,0.6,0.0038053,3,94,0.0,,,,,,,,,,
325,0.27669473737478256,0.0,74.0,0.0,0.0,0.0,0.0,0.0,0.0,0.0,0.6,0.0038053,3,95,0.0,,,,,,,,,,
326,0.14409683644771576,0.0,74.0,0.0,0.0,0.0,0.0,0.0,0.0,0.0,0.6,0.0038053,3,96,0.0,,,,,,,,,,
327,0.30825863778591156,0.0,74.0,0.0,0.0,0.0,0.0,0.0,0.0,0.0,0.6,0.0038053,3,97,0.0,,,,,,,,,,
328,0.4221106916666031,0.0,74.0,0.0,0.0,0.0,0.0,0.0,0.0,0.0,0.6,0.0038053,3,98,0.0,,,,,,,,,,
329,0.2596695628017187,0.0,74.0,0.0,0.0,0.0,0.0,0.0,0.0,0.0,0.6,0.0038053,3,99,0.0,,,,,,,,,,
330,0.12962545733898878,0.0,74.0,0.0,0.0,0.0,0.0,0.0,0.0,0.0,0.6,0.0038053,3,100,0.0,,,,,,,,,,
331,0.4778428450226784,0.0,74.0,0.0,0.0,0.0,0.0,0.0,0.0,0.0,0.6,0.0038053,3,101,0.0,,,,,,,,,,
332,0.25658340845257044,0.0,74.0,0.0,0.0,0.0,0.0,0.0,0.0,0.0,0.6,0.0038053,3,102,0.0,,,,,,,,,,
333,0.2037557940930128,0.0,74.0,0.0,0.0,0.0,0.0,0.0,0.0,0.0,0.6,0.0038053,3,103,0.0,,,,,,,,,,
334,0.2665496729314327,0.0,74.0,0.0,0.0,0.0,0.0,0.0,0.0,0.0,0.6,0.0038053,3,104,0.0,,,,,,,,,,
335,0.294278503395617,0.0,74.0,0.0,0.0,0.0,0.0,0.0,0.0,0.0,0.6,0.0038053,3,105,0.0,,,,,,,,,,
336,0.24089765548706055,0.0,74.0,0.0,0.0,0.0,0.0,0.0,0.0,0.0,0.6,0.0038053,3,106,0.0,,,,,,,,,,
337,0.1454193452373147,0.0,74.0,0.0,0.0,0.0,0.0,0.0,0.0,0.0,0.6,0.0038053,3,107,0.0,,,,,,,,,,
338,0.09130586311221123,0.0,74.0,0.0,0.0,0.0,0.0,0.0,0.0,0.0,0.6,0.0038053,3,108,0.0,,,,,,,,,,
339,0.15152025781571865,0.0,74.0,0.0,0.0,0.0,0.0,0.0,0.0,0.0,0.6,0.0038053,3,109,0.0,,,,,,,,,,
340,0.19280221685767174,0.0,74.0,0.0,0.0,0.0,0.0,0.0,0.0,0.0,0.6,0.0038053,3,110,0.0,,,,,,,,,,
341,0.2158745899796486,0.0,74.0,0.0,0.0,0.0,0.0,0.0,0.0,0.0,0.6,0.0038053,3,111,0.0,,,,,,,,,,
342,0.23986164899542928,0.0,74.0,0.0,0.0,0.0,0.0,0.0,0.0,0.0,0.6,0.0038053,3,112,0.0,,,,,,,,,,
343,0.4269457757472992,0.0,74.0,0.0,0.0,0.0,0.0,0.0,0.0,0.0,0.6,0.0038053,3,113,0.0,,,,,,,,,,
344,0.21148309484124184,0.0,74.0,0.0,0.0,0.0,0.0,0.0,0.0,0.0,0.6,0.0038053,3,114,0.0,,,,,,,,,,
345,0.21112484335899356,0.0,74.0,0.0,0.0,0.0,0.0,0.0,0.0,0.0,0.6,0.0038053,3,115,0.0,,,,,,,,,,
345,,,,,,,,,,,,,3,,1.0,0.8921568627450981,0.29135428483669573,0.8970588235294118,0.29143551221260655,0.9670119956379498,0.0906930207963223,0.07485513289285173,0.9664667393675027,0.09315324028872925,0.06940791583809092
346,0.08693321235477924,0.0,74.0,0.0,0.0,0.0,0.0,0.0,0.0,0.0,0.6,0.0038053,4,1,0.0,,,,,,,,,,
347,0.05946855712682009,0.0,74.0,0.0,0.0,0.0,0.0,0.0,0.0,0.0,0.6,0.0038053,4,2,0.0,,,,,,,,,,
348,0.10754579701460898,0.0,74.0,0.0,0.0,0.0,0.0,0.0,0.0,0.0,0.6,0.0038053,4,3,0.0,,,,,,,,,,
349,0.06616399064660072,0.0,74.0,0.0,0.0,0.0,0.0,0.0,0.0,0.0,0.6,0.0038053,4,4,0.0,,,,,,,,,,
350,0.030173086561262608,1.0,74.0,0.013513513513513514,0.0,1.0,0.0,1.0,0.179376054791202,0.0,0.6,0.0038053,4,5,0.0,,,,,,,,,,
351,0.16641000099480152,0.0,74.0,0.0,0.0,0.0,0.0,0.0,0.0,0.0,0.6,0.0038053,4,6,0.0,,,,,,,,,,
352,0.05048902379348874,0.0,74.0,0.0,0.0,0.0,0.0,0.0,0.0,0.0,0.6,0.0038053,4,7,0.0,,,,,,,,,,
353,0.09084858745336533,0.0,74.0,0.0,0.0,0.0,0.0,0.0,0.0,0.0,0.6,0.0038053,4,8,0.0,,,,,,,,,,
354,0.18243036302737892,0.0,74.0,0.0,0.0,0.0,0.0,0.0,0.0,0.0,0.6,0.0038053,4,9,0.0,,,,,,,,,,
355,0.10334758996032178,0.0,74.0,0.0,0.0,0.0,0.0,0.0,0.0,0.0,0.6,0.0038053,4,10,0.0,,,,,,,,,,
356,0.009709295933134854,12.0,74.0,0.16216216216216217,7.0,5.0,0.5833333333333334,0.4166666666666667,0.17010537361144193,0.0,0.6,0.0038053,4,11,0.0,,,,,,,,,,
357,0.012423283653333783,10.0,74.0,0.13513513513513514,3.0,7.0,0.3,0.7,0.17432451458250958,0.0,0.6,0.0038053,4,12,0.0,,,,,,,,,,
358,0.06569951993878931,0.0,74.0,0.0,0.0,0.0,0.0,0.0,0.0,0.0,0.6,0.0038053,4,13,0.0,,,,,,,,,,
359,0.3047278542071581,0.0,74.0,0.0,0.0,0.0,0.0,0.0,0.0,0.0,0.6,0.0038053,4,14,0.0,,,,,,,,,,
360,0.0069481657119467854,18.0,74.0,0.24324324324324326,7.0,11.0,0.3888888888888889,0.6111111111111112,0.1781501001586933,0.0,0.6,0.0038053,4,15,0.0,,,,,,,,,,
361,0.10746479220688343,0.0,74.0,0.0,0.0,0.0,0.0,0.0,0.0,0.0,0.6,0.0038053,4,16,0.0,,,,,,,,,,
362,0.208121030125767,0.0,74.0,0.0,0.0,0.0,0.0,0.0,0.0,0.0,0.6,0.0038053,4,17,0.0,,,,,,,,,,
363,0.06155496329301968,0.0,74.0,0.0,0.0,0.0,0.0,0.0,0.0,0.0,0.6,0.0038053,4,18,0.0,,,,,,,,,,
364,0.014361619483679533,1.0,74.0,0.013513513513513514,0.0,1.0,0.0,1.0,0.18020175302514044,0.0,0.6,0.0038053,4,19,0.0,,,,,,,,,,
365,0.17170729103963822,3.0,74.0,0.04054054054054054,0.0,3.0,0.0,1.0,0.19189758740915594,0.0,0.6,0.0038053,4,20,0.0,,,,,,,,,,
366,0.10434577986598015,0.0,74.0,0.0,0.0,0.0,0.0,0.0,0.0,0.0,0.6,0.0038053,4,21,0.0,,,,,,,,,,
367,0.007478885818272829,8.0,74.0,0.10810810810810811,4.0,4.0,0.5,0.5,0.16626924153570216,0.0,0.6,0.0038053,4,22,0.0,,,,,,,,,,
368,0.004767038568388671,24.0,74.0,0.32432432432432434,4.0,20.0,0.16666666666666666,0.8333333333333334,0.18671188957964258,0.0,0.6,0.0038053,4,23,0.0,,,,,,,,,,
369,0.007887469313573092,1.0,74.0,0.013513513513513514,1.0,0.0,1.0,0.0,0.15802008681650082,0.0,0.6,0.0038053,4,24,0.0,,,,,,,,,,
370,0.00619736168300733,17.0,74.0,0.22972972972972974,4.0,13.0,0.23529411764705882,0.7647058823529411,0.18277968247101875,0.0,0.6,0.0038053,4,25,0.0,,,,,,,,,,
371,0.005971584003418684,22.0,74.0,0.2972972972972973,7.0,15.0,0.3181818181818182,0.6818181818181818,0.17500235548831042,0.0,0.6,0.0038053,4,26,0.0,,,,,,,,,,
372,0.3793855960248038,0.0,74.0,0.0,0.0,0.0,0.0,0.0,0.0,0.0,0.6,0.0038053,4,27,0.0,,,,,,,,,,
373,0.3221160526154563,0.0,74.0,0.0,0.0,0.0,0.0,0.0,0.0,0.0,0.6,0.0038053,4,28,0.0,,,,,,,,,,
374,0.21356474480126053,0.0,74.0,0.0,0.0,0.0,0.0,0.0,0.0,0.0,0.6,0.0038053,4,29,0.0,,,,,,,,,,
375,0.029778725205687806,0.0,74.0,0.0,0.0,0.0,0.0,0.0,0.0,0.0,0.6,0.0038053,4,30,0.0,,,,,,,,,,
376,0.007743857684545219,0.0,74.0,0.0,0.0,0.0,0.0,0.0,0.0,0.0,0.6,0.0038053,4,31,0.0,,,,,,,,,,
377,0.2444326861295849,0.0,74.0,0.0,0.0,0.0,0.0,0.0,0.0,0.0,0.6,0.0038053,4,32,0.0,,,,,,,,,,
378,0.13166656711837277,0.0,74.0,0.0,0.0,0.0,0.0,0.0,0.0,0.0,0.6,0.0038053,4,33,0.0,,,,,,,,,,
379,0.1350637583527714,0.0,74.0,0.0,0.0,0.0,0.0,0.0,0.0,0.0,0.6,0.0038053,4,34,0.0,,,,,,,,,,
380,0.10121022019302472,0.0,74.0,0.0,0.0,0.0,0.0,0.0,0.0,0.0,0.6,0.0038053,4,35,0.0,,,,,,,,,,
381,0.2652142971055582,0.0,74.0,0.0,0.0,0.0,0.0,0.0,0.0,0.0,0.6,0.0038053,4,36,0.0,,,,,,,,,,
382,0.6012833985732868,0.0,74.0,0.0,0.0,0.0,0.0,0.0,0.0,0.0,0.6,0.0038053,4,37,0.0,,,,,,,,,,
383,0.1619017269113101,0.0,74.0,0.0,0.0,0.0,0.0,0.0,0.0,0.0,0.6,0.0038053,4,38,0.0,,,,,,,,,,
384,0.08942668046802282,0.0,74.0,0.0,0.0,0.0,0.0,0.0,0.0,0.0,0.6,0.0038053,4,39,0.0,,,,,,,,,,
385,0.4645602023229003,0.0,74.0,0.0,0.0,0.0,0.0,0.0,0.0,0.0,0.6,0.0038053,4,40,0.0,,,,,,,,,,
386,1.1454479172825813,0.0,74.0,0.0,0.0,0.0,0.0,0.0,0.0,0.0,0.6,0.0038053,4,41,0.0,,,,,,,,,,
387,0.004142074496485293,26.0,74.0,0.35135135135135137,6.0,20.0,0.23076923076923078,0.7692307692307693,0.1849391003201364,0.0,0.6,0.0038053,4,42,0.0,,,,,,,,,,
388,0.08468855911633,0.0,74.0,0.0,0.0,0.0,0.0,0.0,0.0,0.0,0.6,0.0038053,4,43,0.0,,,,,,,,,,
389,0.12882915697991848,0.0,74.0,0.0,0.0,0.0,0.0,0.0,0.0,0.0,0.6,0.0038053,4,44,0.0,,,,,,,,,,
390,0.39590572216548026,0.0,74.0,0.0,0.0,0.0,0.0,0.0,0.0,0.0,0.6,0.0038053,4,45,0.0,,,,,,,,,,
391,0.3150691110640764,0.0,74.0,0.0,0.0,0.0,0.0,0.0,0.0,0.0,0.6,0.0038053,4,46,0.0,,,,,,,,,,
392,0.005992863734718412,4.0,74.0,0.05405405405405406,2.0,2.0,0.5,0.5,0.1781299338799824,0.0,0.6,0.0038053,4,47,0.0,,,,,,,,,,
393,0.040269191726110876,0.0,74.0,0.0,0.0,0.0,0.0,0.0,0.0,0.0,0.6,0.0038053,4,48,0.0,,,,,,,,,,
394,0.012979153543710709,3.0,74.0,0.04054054054054054,2.0,1.0,0.6666666666666666,0.3333333333333333,0.16290831684678306,0.0,0.6,0.0038053,4,49,0.0,,,,,,,,,,
395,0.21879495697794482,0.0,74.0,0.0,0.0,0.0,0.0,0.0,0.0,0.0,0.6,0.0038053,4,50,0.0,,,,,,,,,,
396,0.012496650102548301,3.0,74.0,0.04054054054054054,1.0,2.0,0.3333333333333333,0.6666666666666666,0.17033906022296727,0.0,0.6,0.0038053,4,51,0.0,,,,,,,,,,
397,0.1303539304062724,0.0,74.0,0.0,0.0,0.0,0.0,0.0,0.0,0.0,0.6,0.0038053,4,52,0.0,,,,,,,,,,
398,0.11415093857795,1.0,74.0,0.013513513513513514,0.0,1.0,0.0,1.0,0.17652870104347262,0.0,0.6,0.0038053,4,53,0.0,,,,,,,,,,
399,0.10937714297324419,0.0,74.0,0.0,0.0,0.0,0.0,0.0,0.0,0.0,0.6,0.0038053,4,54,0.0,,,,,,,,,,
400,0.3160723552573472,0.0,74.0,0.0,0.0,0.0,0.0,0.0,0.0,0.0,0.6,0.0038053,4,55,0.0,,,,,,,,,,
401,0.23108873888850212,0.0,74.0,0.0,0.0,0.0,0.0,0.0,0.0,0.0,0.6,0.0038053,4,56,0.0,,,,,,,,,,
402,0.13290469138883054,0.0,74.0,0.0,0.0,0.0,0.0,0.0,0.0,0.0,0.6,0.0038053,4,57,0.0,,,,,,,,,,
403,0.055337875382974744,0.0,74.0,0.0,0.0,0.0,0.0,0.0,0.0,0.0,0.6,0.0038053,4,58,0.0,,,,,,,,,,
404,0.008300811634398997,18.0,74.0,0.24324324324324326,1.0,17.0,0.05555555555555555,0.9444444444444444,0.1804864681549514,0.0,0.6,0.0038053,4,59,0.0,,,,,,,,,,
405,0.09822439984418452,0.0,74.0,0.0,0.0,0.0,0.0,0.0,0.0,0.0,0.6,0.0038053,4,60,0.0,,,,,,,,,,
406,0.11879271105863154,0.0,74.0,0.0,0.0,0.0,0.0,0.0,0.0,0.0,0.6,0.0038053,4,61,0.0,,,,,,,,,,
407,0.1146375723183155,0.0,74.0,0.0,0.0,0.0,0.0,0.0,0.0,0.0,0.6,0.0038053,4,62,0.0,,,,,,,,,,
408,0.2446115859784186,0.0,74.0,0.0,0.0,0.0,0.0,0.0,0.0,0.0,0.6,0.0038053,4,63,0.0,,,,,,,,,,
409,0.30041796900331974,0.0,74.0,0.0,0.0,0.0,0.0,0.0,0.0,0.0,0.6,0.0038053,4,64,0.0,,,,,,,,,,
410,0.3142871770542115,0.0,74.0,0.0,0.0,0.0,0.0,0.0,0.0,0.0,0.6,0.0038053,4,65,0.0,,,,,,,,,,
411,0.06691174395382404,0.0,74.0,0.0,0.0,0.0,0.0,0.0,0.0,0.0,0.6,0.0038053,4,66,0.0,,,,,,,,,,
412,0.12677818327210844,0.0,74.0,0.0,0.0,0.0,0.0,0.0,0.0,0.0,0.6,0.0038053,4,67,0.0,,,,,,,,,,
413,0.04648822918534279,0.0,74.0,0.0,0.0,0.0,0.0,0.0,0.0,0.0,0.6,0.0038053,4,68,0.0,,,,,,,,,,
414,0.2709030322730541,0.0,74.0,0.0,0.0,0.0,0.0,0.0,0.0,0.0,0.6,0.0038053,4,69,0.0,,,,,,,,,,
415,0.05161926709115505,0.0,74.0,0.0,0.0,0.0,0.0,0.0,0.0,0.0,0.6,0.0038053,4,70,0.0,,,,,,,,,,
416,0.16561068501323462,0.0,74.0,0.0,0.0,0.0,0.0,0.0,0.0,0.0,0.6,0.0038053,4,71,0.0,,,,,,,,,,
417,0.03694433951750398,0.0,74.0,0.0,0.0,0.0,0.0,0.0,0.0,0.0,0.6,0.0038053,4,72,0.0,,,,,,,,,,
418,0.07206247374415398,0.0,74.0,0.0,0.0,0.0,0.0,0.0,0.0,0.0,0.6,0.0038053,4,73,0.0,,,,,,,,,,
419,0.5670254342257977,0.0,74.0,0.0,0.0,0.0,0.0,0.0,0.0,0.0,0.6,0.0038053,4,74,0.0,,,,,,,,,,
420,0.2629241794347763,0.0,74.0,0.0,0.0,0.0,0.0,0.0,0.0,0.0,0.6,0.0038053,4,75,0.0,,,,,,,,,,
421,0.07538742758333683,0.0,74.0,0.0,0.0,0.0,0.0,0.0,0.0,0.0,0.6,0.0038053,4,76,0.0,,,,,,,,,,
422,0.3967747543938458,0.0,74.0,0.0,0.0,0.0,0.0,0.0,0.0,0.0,0.6,0.0038053,4,77,0.0,,,,,,,,,,
423,0.029107118723914027,1.0,74.0,0.013513513513513514,1.0,0.0,1.0,0.0,0.14092366005202883,0.0,0.6,0.0038053,4,78,0.0,,,,,,,,,,
424,0.033085849368944764,0.0,74.0,0.0,0.0,0.0,0.0,0.0,0.0,0.0,0.6,0.0038053,4,79,0.0,,,,,,,,,,
425,0.15622444031760097,1.0,74.0,0.013513513513513514,0.0,1.0,0.0,1.0,0.19230565358723453,0.0,0.6,0.0038053,4,80,0.0,,,,,,,,,,
426,0.07892571180127561,0.0,74.0,0.0,0.0,0.0,0.0,0.0,0.0,0.0,0.6,0.0038053,4,81,0.0,,,,,,,,,,
427,0.5506097674369812,0.0,74.0,0.0,0.0,0.0,0.0,0.0,0.0,0.0,0.6,0.0038053,4,82,0.0,,,,,,,,,,
428,0.04543529078364372,0.0,74.0,0.0,0.0,0.0,0.0,0.0,0.0,0.0,0.6,0.0038053,4,83,0.0,,,,,,,,,,
429,0.4584083277732134,0.0,74.0,0.0,0.0,0.0,0.0,0.0,0.0,0.0,0.6,0.0038053,4,84,0.0,,,,,,,,,,
430,0.02546986797824502,1.0,74.0,0.013513513513513514,1.0,0.0,1.0,0.0,0.1674131591146289,0.0,0.6,0.0038053,4,85,0.0,,,,,,,,,,
431,0.2648487777914852,0.0,74.0,0.0,0.0,0.0,0.0,0.0,0.0,0.0,0.6,0.0038053,4,86,0.0,,,,,,,,,,
432,0.12506595836021006,0.0,74.0,0.0,0.0,0.0,0.0,0.0,0.0,0.0,0.6,0.0038053,4,87,0.0,,,,,,,,,,
433,0.12861161772161722,0.0,74.0,0.0,0.0,0.0,0.0,0.0,0.0,0.0,0.6,0.0038053,4,88,0.0,,,,,,,,,,
434,0.45786150451749563,0.0,74.0,0.0,0.0,0.0,0.0,0.0,0.0,0.0,0.6,0.0038053,4,89,0.0,,,,,,,,,,
435,0.3317425833083689,0.0,74.0,0.0,0.0,0.0,0.0,0.0,0.0,0.0,0.6,0.0038053,4,90,0.0,,,,,,,,,,
436,0.02683513960801065,0.0,74.0,0.0,0.0,0.0,0.0,0.0,0.0,0.0,0.6,0.0038053,4,91,0.0,,,,,,,,,,
437,0.029697502497583628,0.0,74.0,0.0,0.0,0.0,0.0,0.0,0.0,0.0,0.6,0.0038053,4,92,0.0,,,,,,,,,,
438,0.06945689406711608,0.0,74.0,0.0,0.0,0.0,0.0,0.0,0.0,0.0,0.6,0.0038053,4,93,0.0,,,,,,,,,,
439,0.18800569418817759,0.0,74.0,0.0,0.0,0.0,0.0,0.0,0.0,0.0,0.6,0.0038053,4,94,0.0,,,,,,,,,,
440,0.21612840238958597,0.0,74.0,0.0,0.0,0.0,0.0,0.0,0.0,0.0,0.6,0.0038053,4,95,0.0,,,,,,,,,,
441,0.2758895680308342,0.0,74.0,0.0,0.0,0.0,0.0,0.0,0.0,0.0,0.6,0.0038053,4,96,0.0,,,,,,,,,,
442,0.1719998032785952,0.0,74.0,0.0,0.0,0.0,0.0,0.0,0.0,0.0,0.6,0.0038053,4,97,0.0,,,,,,,,,,
443,0.20728766336105764,0.0,74.0,0.0,0.0,0.0,0.0,0.0,0.0,0.0,0.6,0.0038053,4,98,0.0,,,,,,,,,,
444,0.15401791874319315,0.0,74.0,0.0,0.0,0.0,0.0,0.0,0.0,0.0,0.6,0.0038053,4,99,0.0,,,,,,,,,,
445,0.035761061822995543,0.0,74.0,0.0,0.0,0.0,0.0,0.0,0.0,0.0,0.6,0.0038053,4,100,0.0,,,,,,,,,,
446,0.13761986093595624,0.0,74.0,0.0,0.0,0.0,0.0,0.0,0.0,0.0,0.6,0.0038053,4,101,0.0,,,,,,,,,,
447,0.1637471520807594,0.0,74.0,0.0,0.0,0.0,0.0,0.0,0.0,0.0,0.6,0.0038053,4,102,0.0,,,,,,,,,,
448,0.09562150132842362,0.0,74.0,0.0,0.0,0.0,0.0,0.0,0.0,0.0,0.6,0.0038053,4,103,0.0,,,,,,,,,,
449,0.07339958427473903,0.0,74.0,0.0,0.0,0.0,0.0,0.0,0.0,0.0,0.6,0.0038053,4,104,0.0,,,,,,,,,,
450,0.20737636554986238,0.0,74.0,0.0,0.0,0.0,0.0,0.0,0.0,0.0,0.6,0.0038053,4,105,0.0,,,,,,,,,,
451,0.15712802950292826,0.0,74.0,0.0,0.0,0.0,0.0,0.0,0.0,0.0,0.6,0.0038053,4,106,0.0,,,,,,,,,,
452,0.16214688681066036,0.0,74.0,0.0,0.0,0.0,0.0,0.0,0.0,0.0,0.6,0.0038053,4,107,0.0,,,,,,,,,,
453,0.1490670070052147,0.0,74.0,0.0,0.0,0.0,0.0,0.0,0.0,0.0,0.6,0.0038053,4,108,0.0,,,,,,,,,,
454,0.0689409039914608,0.0,74.0,0.0,0.0,0.0,0.0,0.0,0.0,0.0,0.6,0.0038053,4,109,0.0,,,,,,,,,,
455,0.15429460816085339,0.0,74.0,0.0,0.0,0.0,0.0,0.0,0.0,0.0,0.6,0.0038053,4,110,0.0,,,,,,,,,,
456,0.09056069143116474,0.0,74.0,0.0,0.0,0.0,0.0,0.0,0.0,0.0,0.6,0.0038053,4,111,0.0,,,,,,,,,,
457,0.1500710155814886,0.0,74.0,0.0,0.0,0.0,0.0,0.0,0.0,0.0,0.6,0.0038053,4,112,0.0,,,,,,,,,,
458,0.06754718720912933,0.0,74.0,0.0,0.0,0.0,0.0,0.0,0.0,0.0,0.6,0.0038053,4,113,0.0,,,,,,,,,,
459,0.11894667078740895,0.0,74.0,0.0,0.0,0.0,0.0,0.0,0.0,0.0,0.6,0.0038053,4,114,0.0,,,,,,,,,,
460,0.17707213759422305,0.0,74.0,0.0,0.0,0.0,0.0,0.0,0.0,0.0,0.6,0.0038053,4,115,0.0,,,,,,,,,,
460,,,,,,,,,,,,,4,,1.0,0.8774509803921569,0.3413568666348091,0.8676470588235294,0.3379477354196402,0.9860959651035986,0.05964156738279954,0.1086449847114418,0.9860959651035986,0.061610350867166465,0.11844890628006921
461,0.024682882707566023,0.0,74.0,0.0,0.0,0.0,0.0,0.0,0.0,0.0,0.6,0.0038053,5,1,0.0,,,,,,,,,,
462,0.044244345743209124,0.0,74.0,0.0,0.0,0.0,0.0,0.0,0.0,0.0,0.6,0.0038053,5,2,0.0,,,,,,,,,,
463,0.11775797186419368,0.0,74.0,0.0,0.0,0.0,0.0,0.0,0.0,0.0,0.6,0.0038053,5,3,0.0,,,,,,,,,,
464,0.37090109568089247,0.0,74.0,0.0,0.0,0.0,0.0,0.0,0.0,0.0,0.6,0.0038053,5,4,0.0,,,,,,,,,,
465,0.0933626675978303,0.0,74.0,0.0,0.0,0.0,0.0,0.0,0.0,0.0,0.6,0.0038053,5,5,0.0,,,,,,,,,,
466,0.026955118170008063,0.0,74.0,0.0,0.0,0.0,0.0,0.0,0.0,0.0,0.6,0.0038053,5,6,0.0,,,,,,,,,,
467,0.01757372822612524,1.0,74.0,0.013513513513513514,1.0,0.0,1.0,0.0,0.16231295705987503,0.0,0.6,0.0038053,5,7,0.0,,,,,,,,,,
468,0.22802787087857723,0.0,74.0,0.0,0.0,0.0,0.0,0.0,0.0,0.0,0.6,0.0038053,5,8,0.0,,,,,,,,,,
469,0.3393303379416466,0.0,74.0,0.0,0.0,0.0,0.0,0.0,0.0,0.0,0.6,0.0038053,5,9,0.0,,,,,,,,,,
470,0.019681674661114812,2.0,74.0,0.02702702702702703,1.0,1.0,0.5,0.5,0.17980263267812469,0.0,0.6,0.0038053,5,10,0.0,,,,,,,,,,
471,0.046704175299964845,0.0,74.0,0.0,0.0,0.0,0.0,0.0,0.0,0.0,0.6,0.0038053,5,11,0.0,,,,,,,,,,
472,0.047983560943976045,0.0,74.0,0.0,0.0,0.0,0.0,0.0,0.0,0.0,0.6,0.0038053,5,12,0.0,,,,,,,,,,
473,0.013389343861490488,5.0,74.0,0.06756756756756757,3.0,2.0,0.6,0.4,0.1729179311201212,0.0,0.6,0.0038053,5,13,0.0,,,,,,,,,,
474,0.010700524901039898,1.0,74.0,0.013513513513513514,1.0,0.0,1.0,0.0,0.15300217919673875,0.0,0.6,0.0038053,5,14,0.0,,,,,,,,,,
475,0.1746215329039842,0.0,74.0,0.0,0.0,0.0,0.0,0.0,0.0,0.0,0.6,0.0038053,5,15,0.0,,,,,,,,,,
476,0.1643775660195388,0.0,74.0,0.0,0.0,0.0,0.0,0.0,0.0,0.0,0.6,0.0038053,5,16,0.0,,,,,,,,,,
477,0.21597266278695315,1.0,74.0,0.013513513513513514,0.0,1.0,0.0,1.0,0.2011491337271933,0.0,0.6,0.0038053,5,17,0.0,,,,,,,,,,
478,0.13136968860635534,0.0,74.0,0.0,0.0,0.0,0.0,0.0,0.0,0.0,0.6,0.0038053,5,18,0.0,,,,,,,,,,
479,0.003813090908806771,45.0,74.0,0.6081081081081081,8.0,37.0,0.17777777777777778,0.8222222222222222,0.18156667646353977,0.0,0.6,0.0038053,5,19,0.0,,,,,,,,,,
480,0.018387867487035692,0.0,74.0,0.0,0.0,0.0,0.0,0.0,0.0,0.0,0.6,0.0038053,5,20,0.0,,,,,,,,,,
481,0.007838256482500583,2.0,74.0,0.02702702702702703,0.0,2.0,0.0,1.0,0.19086337083107224,0.0,0.6,0.0038053,5,21,0.0,,,,,,,,,,
482,0.09287959954235703,0.0,74.0,0.0,0.0,0.0,0.0,0.0,0.0,0.0,0.6,0.0038053,5,22,0.0,,,,,,,,,,
483,0.0033377361833117902,59.0,74.0,0.7972972972972973,14.0,45.0,0.23728813559322035,0.7627118644067796,0.18073605558548664,0.0,0.6,0.0038053,5,23,0.0,,,,,,,,,,
484,0.0038352746050804853,19.0,74.0,0.25675675675675674,3.0,16.0,0.15789473684210525,0.8421052631578947,0.19545440526060007,0.0,0.6,0.0038053,5,24,0.0,,,,,,,,,,
485,0.16099331120494753,0.0,74.0,0.0,0.0,0.0,0.0,0.0,0.0,0.0,0.6,0.0038053,5,25,0.0,,,,,,,,,,
486,0.13634344114689156,0.0,74.0,0.0,0.0,0.0,0.0,0.0,0.0,0.0,0.6,0.0038053,5,26,0.0,,,,,,,,,,
487,0.002514280320610851,46.0,74.0,0.6216216216216216,8.0,38.0,0.17391304347826086,0.8260869565217391,0.18503564344208998,0.0,0.6,0.0038053,5,27,0.0,,,,,,,,,,
488,0.002281090884935111,72.0,74.0,0.972972972972973,11.0,61.0,0.1527777777777778,0.8472222222222222,0.18609512461783106,0.0,0.6,0.0038053,5,28,0.0,,,,,,,,,,
489,0.2715930530393962,0.0,74.0,0.0,0.0,0.0,0.0,0.0,0.0,0.0,0.6,0.0038053,5,29,0.0,,,,,,,,,,
490,0.18678598396945745,3.0,74.0,0.04054054054054054,0.0,3.0,0.0,1.0,0.18373319724766426,0.0,0.6,0.0038053,5,30,0.0,,,,,,,,,,
491,0.23502239724621177,0.0,74.0,0.0,0.0,0.0,0.0,0.0,0.0,0.0,0.6,0.0038053,5,31,0.0,,,,,,,,,,
492,0.22865701271803118,0.0,74.0,0.0,0.0,0.0,0.0,0.0,0.0,0.0,0.6,0.0038053,5,32,0.0,,,,,,,,,,
493,0.0024359803646802902,68.0,74.0,0.918918918918919,17.0,51.0,0.25,0.75,0.17911181723562247,0.0,0.6,0.0038053,5,33,0.0,,,,,,,,,,
494,0.1588938879140187,1.0,74.0,0.013513513513513514,0.0,1.0,0.0,1.0,0.17809190311404074,0.0,0.6,0.0038053,5,34,0.0,,,,,,,,,,
495,0.208175070816651,0.0,74.0,0.0,0.0,0.0,0.0,0.0,0.0,0.0,0.6,0.0038053,5,35,0.0,,,,,,,,,,
496,0.053422508179210126,0.0,74.0,0.0,0.0,0.0,0.0,0.0,0.0,0.0,0.6,0.0038053,5,36,0.0,,,,,,,,,,
497,0.17857780412305146,0.0,74.0,0.0,0.0,0.0,0.0,0.0,0.0,0.0,0.6,0.0038053,5,37,0.0,,,,,,,,,,
498,0.30474085919559,0.0,74.0,0.0,0.0,0.0,0.0,0.0,0.0,0.0,0.6,0.0038053,5,38,0.0,,,,,,,,,,
499,0.00930453883484006,10.0,74.0,0.13513513513513514,3.0,7.0,0.3,0.7,0.1743645732264501,0.0,0.6,0.0038053,5,39,0.0,,,,,,,,,,
500,0.015075087081640959,3.0,74.0,0.04054054054054054,1.0,2.0,0.3333333333333333,0.6666666666666666,0.17288638120152847,0.0,0.6,0.0038053,5,40,0.0,,,,,,,,,,
501,0.011813563294708729,12.0,74.0,0.16216216216216217,4.0,8.0,0.3333333333333333,0.6666666666666666,0.17714089810956846,0.0,0.6,0.0038053,5,41,0.0,,,,,,,,,,
502,0.018075002473779023,0.0,74.0,0.0,0.0,0.0,0.0,0.0,0.0,0.0,0.6,0.0038053,5,42,0.0,,,,,,,,,,
503,0.12142849923111498,0.0,74.0,0.0,0.0,0.0,0.0,0.0,0.0,0.0,0.6,0.0038053,5,43,0.0,,,,,,,,,,
504,0.17663188237929717,1.0,74.0,0.013513513513513514,0.0,1.0,0.0,1.0,0.1863160148921226,0.0,0.6,0.0038053,5,44,0.0,,,,,,,,,,
505,0.1712672333815135,0.0,74.0,0.0,0.0,0.0,0.0,0.0,0.0,0.0,0.6,0.0038053,5,45,0.0,,,,,,,,,,
506,0.12408743251580745,0.0,74.0,0.0,0.0,0.0,0.0,0.0,0.0,0.0,0.6,0.0038053,5,46,0.0,,,,,,,,,,
507,0.01335302134975791,0.0,74.0,0.0,0.0,0.0,0.0,0.0,0.0,0.0,0.6,0.0038053,5,47,0.0,,,,,,,,,,
508,0.18289175373502076,0.0,74.0,0.0,0.0,0.0,0.0,0.0,0.0,0.0,0.6,0.0038053,5,48,0.0,,,,,,,,,,
509,0.22523371875286102,0.0,74.0,0.0,0.0,0.0,0.0,0.0,0.0,0.0,0.6,0.0038053,5,49,0.0,,,,,,,,,,
510,0.1517936058808118,0.0,74.0,0.0,0.0,0.0,0.0,0.0,0.0,0.0,0.6,0.0038053,5,50,0.0,,,,,,,,,,
511,0.10369155462831259,0.0,74.0,0.0,0.0,0.0,0.0,0.0,0.0,0.0,0.6,0.0038053,5,51,0.0,,,,,,,,,,
512,0.2320027626119554,0.0,74.0,0.0,0.0,0.0,0.0,0.0,0.0,0.0,0.6,0.0038053,5,52,0.0,,,,,,,,,,
513,0.011542242020368576,12.0,74.0,0.16216216216216217,3.0,9.0,0.25,0.75,0.1775934729011808,0.0,0.6,0.0038053,5,53,0.0,,,,,,,,,,
514,0.021046875044703484,0.0,74.0,0.0,0.0,0.0,0.0,0.0,0.0,0.0,0.6,0.0038053,5,54,0.0,,,,,,,,,,
515,0.05340802390128374,0.0,74.0,0.0,0.0,0.0,0.0,0.0,0.0,0.0,0.6,0.0038053,5,55,0.0,,,,,,,,,,
516,0.12418217887170613,0.0,74.0,0.0,0.0,0.0,0.0,0.0,0.0,0.0,0.6,0.0038053,5,56,0.0,,,,,,,,,,
517,0.03586753667332232,0.0,74.0,0.0,0.0,0.0,0.0,0.0,0.0,0.0,0.6,0.0038053,5,57,0.0,,,,,,,,,,
518,0.07383597921580076,0.0,74.0,0.0,0.0,0.0,0.0,0.0,0.0,0.0,0.6,0.0038053,5,58,0.0,,,,,,,,,,
519,0.15167098632082343,0.0,74.0,0.0,0.0,0.0,0.0,0.0,0.0,0.0,0.6,0.0038053,5,59,0.0,,,,,,,,,,
520,0.008346926653757691,23.0,74.0,0.3108108108108108,4.0,19.0,0.17391304347826086,0.8260869565217391,0.1792627568324161,0.0,0.6,0.0038053,5,60,0.0,,,,,,,,,,
521,0.02875221660360694,0.0,74.0,0.0,0.0,0.0,0.0,0.0,0.0,0.0,0.6,0.0038053,5,61,0.0,,,,,,,,,,
522,0.13023973756935447,0.0,74.0,0.0,0.0,0.0,0.0,0.0,0.0,0.0,0.6,0.0038053,5,62,0.0,,,,,,,,,,
523,0.014696833328343928,0.0,74.0,0.0,0.0,0.0,0.0,0.0,0.0,0.0,0.6,0.0038053,5,63,0.0,,,,,,,,,,
524,0.0084139967802912,4.0,74.0,0.05405405405405406,2.0,2.0,0.5,0.5,0.16895661093868666,0.0,0.6,0.0038053,5,64,0.0,,,,,,,,,,
525,0.24475220125168562,0.0,74.0,0.0,0.0,0.0,0.0,0.0,0.0,0.0,0.6,0.0038053,5,65,0.0,,,,,,,,,,
526,0.18641452863812447,0.0,74.0,0.0,0.0,0.0,0.0,0.0,0.0,0.0,0.6,0.0038053,5,66,0.0,,,,,,,,,,
527,0.005477805621922016,24.0,74.0,0.32432432432432434,2.0,22.0,0.08333333333333333,0.9166666666666666,0.18598611944141372,0.0,0.6,0.0038053,5,67,0.0,,,,,,,,,,
528,0.22286041104234755,0.0,74.0,0.0,0.0,0.0,0.0,0.0,0.0,0.0,0.6,0.0038053,5,68,0.0,,,,,,,,,,
529,0.4943841757485643,0.0,74.0,0.0,0.0,0.0,0.0,0.0,0.0,0.0,0.6,0.0038053,5,69,0.0,,,,,,,,,,
530,0.059905987000092864,0.0,74.0,0.0,0.0,0.0,0.0,0.0,0.0,0.0,0.6,0.0038053,5,70,0.0,,,,,,,,,,
531,0.00694730004761368,10.0,74.0,0.13513513513513514,0.0,10.0,0.0,1.0,0.1851285958487679,0.0,0.6,0.0038053,5,71,0.0,,,,,,,,,,
532,0.013667154591530561,0.0,74.0,0.0,0.0,0.0,0.0,0.0,0.0,0.0,0.6,0.0038053,5,72,0.0,,,,,,,,,,
533,0.21872989006806165,0.0,74.0,0.0,0.0,0.0,0.0,0.0,0.0,0.0,0.6,0.0038053,5,73,0.0,,,,,,,,,,
534,0.008413639036007226,11.0,74.0,0.14864864864864866,3.0,8.0,0.2727272727272727,0.7272727272727273,0.17754341958072084,0.0,0.6,0.0038053,5,74,0.0,,,,,,,,,,
535,0.005963607109151781,18.0,74.0,0.24324324324324326,6.0,12.0,0.3333333333333333,0.6666666666666666,0.17608176814853063,0.0,0.6,0.0038053,5,75,0.0,,,,,,,,,,
536,0.040905216708779335,0.0,74.0,0.0,0.0,0.0,0.0,0.0,0.0,0.0,0.6,0.0038053,5,76,0.0,,,,,,,,,,
537,0.004443783080205321,34.0,74.0,0.4594594594594595,9.0,25.0,0.2647058823529412,0.7352941176470589,0.17786150156525007,0.0,0.6,0.0038053,5,77,0.0,,,,,,,,,,
538,0.31123527348972857,0.0,74.0,0.0,0.0,0.0,0.0,0.0,0.0,0.0,0.6,0.0038053,5,78,0.0,,,,,,,,,,
539,0.20536341972183436,0.0,74.0,0.0,0.0,0.0,0.0,0.0,0.0,0.0,0.6,0.0038053,5,79,0.0,,,,,,,,,,
540,0.0031437851721420884,51.0,74.0,0.6891891891891891,7.0,44.0,0.13725490196078433,0.8627450980392157,0.18003824031305124,0.0,0.6,0.0038053,5,80,0.0,,,,,,,,,,
541,0.23041584627935663,0.0,74.0,0.0,0.0,0.0,0.0,0.0,0.0,0.0,0.6,0.0038053,5,81,0.0,,,,,,,,,,
542,0.42448001471348107,0.0,74.0,0.0,0.0,0.0,0.0,0.0,0.0,0.0,0.6,0.0038053,5,82,0.0,,,,,,,,,,
543,0.008444391889497638,2.0,74.0,0.02702702702702703,0.0,2.0,0.0,1.0,0.19363855295982024,0.0,0.6,0.0038053,5,83,0.0,,,,,,,,,,
544,0.06033509678672999,0.0,74.0,0.0,0.0,0.0,0.0,0.0,0.0,0.0,0.6,0.0038053,5,84,0.0,,,,,,,,,,
545,0.1601412440650165,0.0,74.0,0.0,0.0,0.0,0.0,0.0,0.0,0.0,0.6,0.0038053,5,85,0.0,,,,,,,,,,
546,0.05272972310194746,0.0,74.0,0.0,0.0,0.0,0.0,0.0,0.0,0.0,0.6,0.0038053,5,86,0.0,,,,,,,,,,
547,0.028918003721628338,0.0,74.0,0.0,0.0,0.0,0.0,0.0,0.0,0.0,0.6,0.0038053,5,87,0.0,,,,,,,,,,
548,0.008736545569263399,2.0,74.0,0.02702702702702703,1.0,1.0,0.5,0.5,0.1776977601423689,0.0,0.6,0.0038053,5,88,0.0,,,,,,,,,,
549,0.00868591305334121,3.0,74.0,0.04054054054054054,2.0,1.0,0.6666666666666666,0.3333333333333333,0.16846535723690279,0.0,0.6,0.0038053,5,89,0.0,,,,,,,,,,
550,0.17237547936383635,0.0,74.0,0.0,0.0,0.0,0.0,0.0,0.0,0.0,0.6,0.0038053,5,90,0.0,,,,,,,,,,
551,0.21815513481851667,0.0,74.0,0.0,0.0,0.0,0.0,0.0,0.0,0.0,0.6,0.0038053,5,91,0.0,,,,,,,,,,
552,0.04094507984700613,0.0,74.0,0.0,0.0,0.0,0.0,0.0,0.0,0.0,0.6,0.0038053,5,92,0.0,,,,,,,,,,
553,0.014301192248240113,0.0,74.0,0.0,0.0,0.0,0.0,0.0,0.0,0.0,0.6,0.0038053,5,93,0.0,,,,,,,,,,
554,0.23118539224378765,0.0,74.0,0.0,0.0,0.0,0.0,0.0,0.0,0.0,0.6,0.0038053,5,94,0.0,,,,,,,,,,
555,0.01728217425988987,0.0,74.0,0.0,0.0,0.0,0.0,0.0,0.0,0.0,0.6,0.0038053,5,95,0.0,,,,,,,,,,
556,0.00999073957791552,3.0,74.0,0.04054054054054054,2.0,1.0,0.6666666666666666,0.3333333333333333,0.1683244041090782,0.0,0.6,0.0038053,5,96,0.0,,,,,,,,,,
557,0.20030751376179978,1.0,74.0,0.013513513513513514,0.0,1.0,0.0,1.0,0.18605730226353515,0.0,0.6,0.0038053,5,97,0.0,,,,,,,,,,
558,0.12666618457296863,0.0,74.0,0.0,0.0,0.0,0.0,0.0,0.0,0.0,0.6,0.0038053,5,98,0.0,,,,,,,,,,
559,0.1664388293866068,0.0,74.0,0.0,0.0,0.0,0.0,0.0,0.0,0.0,0.6,0.0038053,5,99,0.0,,,,,,,,,,
560,0.006072891177609563,34.0,74.0,0.4594594594594595,11.0,23.0,0.3235294117647059,0.6764705882352942,0.17287407413215106,0.0,0.6,0.0038053,5,100,0.0,,,,,,,,,,
561,0.043001899030059576,0.0,74.0,0.0,0.0,0.0,0.0,0.0,0.0,0.0,0.6,0.0038053,5,101,0.0,,,,,,,,,,
562,0.2570109263760969,0.0,74.0,0.0,0.0,0.0,0.0,0.0,0.0,0.0,0.6,0.0038053,5,102,0.0,,,,,,,,,,
563,0.2526411369908601,0.0,74.0,0.0,0.0,0.0,0.0,0.0,0.0,0.0,0.6,0.0038053,5,103,0.0,,,,,,,,,,
564,0.14160342467948794,0.0,74.0,0.0,0.0,0.0,0.0,0.0,0.0,0.0,0.6,0.0038053,5,104,0.0,,,,,,,,,,
565,0.13769789366051555,0.0,74.0,0.0,0.0,0.0,0.0,0.0,0.0,0.0,0.6,0.0038053,5,105,0.0,,,,,,,,,,
566,0.020205180626362562,2.0,74.0,0.02702702702702703,1.0,1.0,0.5,0.5,0.17204218414352956,0.0,0.6,0.0038053,5,106,0.0,,,,,,,,,,
567,0.016760395374149084,1.0,74.0,0.013513513513513514,0.0,1.0,0.0,1.0,0.1793933903431676,0.0,0.6,0.0038053,5,107,0.0,,,,,,,,,,
568,0.21593333315104246,0.0,74.0,0.0,0.0,0.0,0.0,0.0,0.0,0.0,0.6,0.0038053,5,108,0.0,,,,,,,,,,
569,0.14623092277906835,0.0,74.0,0.0,0.0,0.0,0.0,0.0,0.0,0.0,0.6,0.0038053,5,109,0.0,,,,,,,,,,
570,0.018391567515209317,3.0,74.0,0.04054054054054054,1.0,2.0,0.3333333333333333,0.6666666666666666,0.18350468337683848,0.0,0.6,0.0038053,5,110,0.0,,,,,,,,,,
571,0.012999864295125008,1.0,74.0,0.013513513513513514,0.0,1.0,0.0,1.0,0.17318970313235735,0.0,0.6,0.0038053,5,111,0.0,,,,,,,,,,
572,0.2476820156443864,0.0,74.0,0.0,0.0,0.0,0.0,0.0,0.0,0.0,0.6,0.0038053,5,112,0.0,,,,,,,,,,
573,0.23646639054641128,0.0,74.0,0.0,0.0,0.0,0.0,0.0,0.0,0.0,0.6,0.0038053,5,113,0.0,,,,,,,,,,
574,0.08873639232479036,0.0,74.0,0.0,0.0,0.0,0.0,0.0,0.0,0.0,0.6,0.0038053,5,114,0.0,,,,,,,,,,
575,0.015470658848062157,1.0,74.0,0.013513513513513514,1.0,0.0,1.0,0.0,0.16360986929562918,0.0,0.6,0.0038053,5,115,0.0,,,,,,,,,,
575,,,,,,,,,,,,,5,,1.0,0.8700980392156863,0.6014263882086828,0.8676470588235294,0.5990396875601548,0.9863685932388222,0.0465248664152687,0.11627055402313591,0.9858233369683751,0.04813045508471196,0.11817627814484566
576,0.15414824150502682,0.0,74.0,0.0,0.0,0.0,0.0,0.0,0.0,0.0,0.6,0.0038053,6,1,0.0,,,,,,,,,,
577,0.03182093461509794,0.0,74.0,0.0,0.0,0.0,0.0,0.0,0.0,0.0,0.6,0.0038053,6,2,0.0,,,,,,,,,,
578,0.12153962206502911,0.0,74.0,0.0,0.0,0.0,0.0,0.0,0.0,0.0,0.6,0.0038053,6,3,0.0,,,,,,,,,,
579,0.0035527190775610507,52.0,74.0,0.7027027027027027,15.0,37.0,0.28846153846153844,0.7115384615384616,0.17663073374844404,0.0,0.6,0.0038053,6,4,0.0,,,,,,,,,,
580,0.22972554649459198,13.0,74.0,0.17567567567567569,1.0,12.0,0.07692307692307693,0.9230769230769231,0.1859768275549533,0.0,0.6,0.0038053,6,5,0.0,,,,,,,,,,
581,0.1280479669221677,0.0,74.0,0.0,0.0,0.0,0.0,0.0,0.0,0.0,0.6,0.0038053,6,6,0.0,,,,,,,,,,
582,0.07161271653603762,0.0,74.0,0.0,0.0,0.0,0.0,0.0,0.0,0.0,0.6,0.0038053,6,7,0.0,,,,,,,,,,
583,0.003017857437953353,42.0,74.0,0.5675675675675675,8.0,34.0,0.19047619047619047,0.8095238095238095,0.18126046008535446,0.0,0.6,0.0038053,6,8,0.0,,,,,,,,,,
584,0.0029311897815205157,62.0,74.0,0.8378378378378378,12.0,50.0,0.1935483870967742,0.8064516129032258,0.1785960356461613,0.0,0.6,0.0038053,6,9,0.0,,,,,,,,,,
585,0.003438434621784836,34.0,74.0,0.4594594594594595,6.0,28.0,0.17647058823529413,0.8235294117647058,0.18316408676197413,0.0,0.6,0.0038053,6,10,0.0,,,,,,,,,,
586,0.2195718879229389,0.0,74.0,0.0,0.0,0.0,0.0,0.0,0.0,0.0,0.6,0.0038053,6,11,0.0,,,,,,,,,,
587,0.1750926260720007,0.0,74.0,0.0,0.0,0.0,0.0,0.0,0.0,0.0,0.6,0.0038053,6,12,0.0,,,,,,,,,,
588,0.16671511251479387,2.0,74.0,0.02702702702702703,0.0,2.0,0.0,1.0,0.1981197984571133,0.0,0.6,0.0038053,6,13,0.0,,,,,,,,,,
589,0.15188390424009413,0.0,74.0,0.0,0.0,0.0,0.0,0.0,0.0,0.0,0.6,0.0038053,6,14,0.0,,,,,,,,,,
590,0.0030409969040192664,72.0,74.0,0.972972972972973,7.0,65.0,0.09722222222222222,0.9027777777777778,0.19256105818673802,0.0,0.6,0.0038053,6,15,0.0,,,,,,,,,,
591,0.0621923785074614,0.0,74.0,0.0,0.0,0.0,0.0,0.0,0.0,0.0,0.6,0.0038053,6,16,0.0,,,,,,,,,,
592,0.02051309496164322,0.0,74.0,0.0,0.0,0.0,0.0,0.0,0.0,0.0,0.6,0.0038053,6,17,0.0,,,,,,,,,,
593,0.004326820140704513,23.0,74.0,0.3108108108108108,5.0,18.0,0.21739130434782608,0.782608695652174,0.18812070175319828,0.0,0.6,0.0038053,6,18,0.0,,,,,,,,,,
594,0.1673333934159018,0.0,74.0,0.0,0.0,0.0,0.0,0.0,0.0,0.0,0.6,0.0038053,6,19,0.0,,,,,,,,,,
595,0.019093965587671846,0.0,74.0,0.0,0.0,0.0,0.0,0.0,0.0,0.0,0.6,0.0038053,6,20,0.0,,,,,,,,,,
596,0.06359550455817953,0.0,74.0,0.0,0.0,0.0,0.0,0.0,0.0,0.0,0.6,0.0038053,6,21,0.0,,,,,,,,,,
597,0.09952359704766423,0.0,74.0,0.0,0.0,0.0,0.0,0.0,0.0,0.0,0.6,0.0038053,6,22,0.0,,,,,,,,,,
598,0.034089264227077365,0.0,74.0,0.0,0.0,0.0,0.0,0.0,0.0,0.0,0.6,0.0038053,6,23,0.0,,,,,,,,,,
599,0.00768497574608773,37.0,74.0,0.5,8.0,29.0,0.21621621621621623,0.7837837837837838,0.17666717862690767,0.0,0.6,0.0038053,6,24,0.0,,,,,,,,,,
600,0.007124916999600828,31.0,74.0,0.4189189189189189,9.0,22.0,0.2903225806451613,0.7096774193548387,0.17793559036038317,0.0,0.6,0.0038053,6,25,0.0,,,,,,,,,,
601,0.004604427726007998,37.0,74.0,0.5,4.0,33.0,0.10810810810810811,0.8918918918918919,0.1828802368805932,0.0,0.6,0.0038053,6,26,0.0,,,,,,,,,,
602,0.012587246077600867,1.0,74.0,0.013513513513513514,1.0,0.0,1.0,0.0,0.1705192764875074,0.0,0.6,0.0038053,6,27,0.0,,,,,,,,,,
603,0.00894084363244474,0.0,74.0,0.0,0.0,0.0,0.0,0.0,0.0,0.0,0.6,0.0038053,6,28,0.0,,,,,,,,,,
604,0.004154046531766653,59.0,74.0,0.7972972972972973,8.0,51.0,0.13559322033898305,0.864406779661017,0.18154479537433407,0.0,0.6,0.0038053,6,29,0.0,,,,,,,,,,
605,0.1646434215363115,1.0,74.0,0.013513513513513514,0.0,1.0,0.0,1.0,0.22283459265023828,0.0,0.6,0.0038053,6,30,0.0,,,,,,,,,,
606,0.006436438066884875,13.0,74.0,0.17567567567567569,1.0,12.0,0.07692307692307693,0.9230769230769231,0.18337289154363676,0.0,0.6,0.0038053,6,31,0.0,,,,,,,,,,
607,0.0053965034312568605,57.0,74.0,0.7702702702702703,9.0,48.0,0.15789473684210525,0.8421052631578947,0.1790733993261161,0.0,0.6,0.0038053,6,32,0.0,,,,,,,,,,
608,0.01036147924605757,1.0,74.0,0.013513513513513514,0.0,1.0,0.0,1.0,0.18512006125474623,0.0,0.6,0.0038053,6,33,0.0,,,,,,,,,,
609,0.004441892611794174,35.0,74.0,0.47297297297297297,6.0,29.0,0.17142857142857143,0.8285714285714286,0.18580215913821088,0.0,0.6,0.0038053,6,34,0.0,,,,,,,,,,
610,0.017818293999880552,0.0,74.0,0.0,0.0,0.0,0.0,0.0,0.0,0.0,0.6,0.0038053,6,35,0.0,,,,,,,,,,
611,0.004000928369350731,56.0,74.0,0.7567567567567568,11.0,45.0,0.19642857142857142,0.8035714285714286,0.18199679268027288,0.0,0.6,0.0038053,6,36,0.0,,,,,,,,,,
612,0.004331271396949887,34.0,74.0,0.4594594594594595,6.0,28.0,0.17647058823529413,0.8235294117647058,0.18510257474281694,0.0,0.6,0.0038053,6,37,0.0,,,,,,,,,,
613,0.013997317932080477,0.0,74.0,0.0,0.0,0.0,0.0,0.0,0.0,0.0,0.6,0.0038053,6,38,0.0,,,,,,,,,,
614,0.18117505830014125,0.0,74.0,0.0,0.0,0.0,0.0,0.0,0.0,0.0,0.6,0.0038053,6,39,0.0,,,,,,,,,,
615,0.0064136708388105035,11.0,74.0,0.14864864864864866,6.0,5.0,0.5454545454545454,0.45454545454545453,0.17003946866938574,0.0,0.6,0.0038053,6,40,0.0,,,,,,,,,,
616,0.019944923173170537,0.0,74.0,0.0,0.0,0.0,0.0,0.0,0.0,0.0,0.6,0.0038053,6,41,0.0,,,,,,,,,,
617,0.005390768870711327,10.0,74.0,0.13513513513513514,3.0,7.0,0.3,0.7,0.1767870778473693,0.0,0.6,0.0038053,6,42,0.0,,,,,,,,,,
618,0.003094504732871428,29.0,74.0,0.3918918918918919,6.0,23.0,0.20689655172413793,0.7931034482758621,0.18618282241160894,0.0,0.6,0.0038053,6,43,0.0,,,,,,,,,,
619,0.0027697296463884413,57.0,74.0,0.7702702702702703,2.0,55.0,0.03508771929824561,0.9649122807017544,0.18537567288574222,0.0,0.6,0.0038053,6,44,0.0,,,,,,,,,,
620,0.0017599862476345152,72.0,74.0,0.972972972972973,8.0,64.0,0.1111111111111111,0.8888888888888888,0.18828314586506076,0.0,0.6,0.0038053,6,45,0.0,,,,,,,,,,
621,0.0023246165073942393,36.0,74.0,0.4864864864864865,3.0,33.0,0.08333333333333333,0.9166666666666666,0.1891824246279522,0.0,0.6,0.0038053,6,46,0.0,,,,,,,,,,
622,0.002369053225265816,30.0,74.0,0.40540540540540543,0.0,30.0,0.0,1.0,0.20573203780138558,0.0,0.6,0.0038053,6,47,0.0,,,,,,,,,,
623,0.0018797573575284332,58.0,74.0,0.7837837837837838,15.0,43.0,0.25862068965517243,0.7413793103448276,0.18256561187446332,0.0,0.6,0.0038053,6,48,0.0,,,,,,,,,,
624,0.04563003403018229,0.0,74.0,0.0,0.0,0.0,0.0,0.0,0.0,0.0,0.6,0.0038053,6,49,0.0,,,,,,,,,,
625,0.0019876866426784545,69.0,74.0,0.9324324324324325,15.0,54.0,0.21739130434782608,0.782608695652174,0.1824955700125281,0.0,0.6,0.0038053,6,50,0.0,,,,,,,,,,
626,0.0016716093377908692,24.0,74.0,0.32432432432432434,1.0,23.0,0.041666666666666664,0.9583333333333334,0.2089721208999112,0.0,0.6,0.0038053,6,51,0.0,,,,,,,,,,
627,0.0016416399157606065,61.0,74.0,0.8243243243243243,3.0,58.0,0.04918032786885246,0.9508196721311475,0.1963354657831307,0.0,0.6,0.0038053,6,52,0.0,,,,,,,,,,
628,0.13893133058445528,0.0,74.0,0.0,0.0,0.0,0.0,0.0,0.0,0.0,0.6,0.0038053,6,53,0.0,,,,,,,,,,
629,0.07382255057746079,0.0,74.0,0.0,0.0,0.0,0.0,0.0,0.0,0.0,0.6,0.0038053,6,54,0.0,,,,,,,,,,
630,0.001244171871803701,66.0,74.0,0.8918918918918919,3.0,63.0,0.045454545454545456,0.9545454545454546,0.18608570130715277,0.0,0.6,0.0038053,6,55,0.0,,,,,,,,,,
631,0.17010983524960466,0.0,74.0,0.0,0.0,0.0,0.0,0.0,0.0,0.0,0.6,0.0038053,6,56,0.0,,,,,,,,,,
632,0.0010789583902806044,71.0,74.0,0.9594594594594594,1.0,70.0,0.014084507042253521,0.9859154929577465,0.19780554147718618,0.0,0.6,0.0038053,6,57,0.0,,,,,,,,,,
633,0.0012251175940036774,36.0,74.0,0.4864864864864865,0.0,36.0,0.0,1.0,0.20997124029949926,0.0,0.6,0.0038053,6,58,0.0,,,,,,,,,,
634,0.1664353987434879,0.0,74.0,0.0,0.0,0.0,0.0,0.0,0.0,0.0,0.6,0.0038053,6,59,0.0,,,,,,,,,,
635,0.0007467924442607909,73.0,74.0,0.9864864864864865,4.0,69.0,0.0547945205479452,0.9452054794520548,0.2013918076989265,0.0,0.6,0.0038053,6,60,0.0,,,,,,,,,,
636,0.41885457301395945,0.0,74.0,0.0,0.0,0.0,0.0,0.0,0.0,0.0,0.6,0.0038053,6,61,0.0,,,,,,,,,,
637,0.1455187314422801,0.0,74.0,0.0,0.0,0.0,0.0,0.0,0.0,0.0,0.6,0.0038053,6,62,0.0,,,,,,,,,,
638,0.1151090462517459,0.0,74.0,0.0,0.0,0.0,0.0,0.0,0.0,0.0,0.6,0.0038053,6,63,0.0,,,,,,,,,,
639,0.0008933633507695049,73.0,74.0,0.9864864864864865,17.0,56.0,0.2328767123287671,0.7671232876712328,0.19589387995537713,0.0,0.6,0.0038053,6,64,0.0,,,,,,,,,,
640,0.2872112628247123,0.0,74.0,0.0,0.0,0.0,0.0,0.0,0.0,0.0,0.6,0.0038053,6,65,0.0,,,,,,,,,,
641,0.0009941839380189776,73.0,74.0,0.9864864864864865,8.0,65.0,0.1095890410958904,0.8904109589041096,0.19415809529283107,0.0,0.6,0.0038053,6,66,0.0,,,,,,,,,,
642,0.0008216190908569843,73.0,74.0,0.9864864864864865,6.0,67.0,0.0821917808219178,0.9178082191780822,0.19879442688091323,0.0,0.6,0.0038053,6,67,0.0,,,,,,,,,,
643,0.0008478124073008075,73.0,74.0,0.9864864864864865,4.0,69.0,0.0547945205479452,0.9452054794520548,0.20272983311490594,0.0,0.6,0.0038053,6,68,0.0,,,,,,,,,,
644,0.1896260098728817,0.0,74.0,0.0,0.0,0.0,0.0,0.0,0.0,0.0,0.6,0.0038053,6,69,0.0,,,,,,,,,,
645,0.0009080319141503423,73.0,74.0,0.9864864864864865,5.0,68.0,0.0684931506849315,0.9315068493150684,0.19793423986188646,0.0,0.6,0.0038053,6,70,0.0,,,,,,,,,,
646,0.0009827487519942224,73.0,74.0,0.9864864864864865,10.0,63.0,0.136986301369863,0.863013698630137,0.19877729620095047,0.0,0.6,0.0038053,6,71,0.0,,,,,,,,,,
647,0.0011029128509107977,72.0,74.0,0.972972972972973,2.0,70.0,0.027777777777777776,0.9722222222222222,0.20464907685187997,0.0,0.6,0.0038053,6,72,0.0,,,,,,,,,,
648,0.001166580244898796,46.0,74.0,0.6216216216216216,6.0,40.0,0.13043478260869565,0.8695652173913043,0.2120331534114635,0.0,0.6,0.0038053,6,73,0.0,,,,,,,,,,
649,0.1828264467039844,0.0,74.0,0.0,0.0,0.0,0.0,0.0,0.0,0.0,0.6,0.0038053,6,74,0.0,,,,,,,,,,
650,0.21942371007753536,0.0,74.0,0.0,0.0,0.0,0.0,0.0,0.0,0.0,0.6,0.0038053,6,75,0.0,,,,,,,,,,
651,0.001800388767151162,14.0,74.0,0.1891891891891892,0.0,14.0,0.0,1.0,0.2214569309976457,0.0,0.6,0.0038053,6,76,0.0,,,,,,,,,,
652,0.14641730868606828,0.0,74.0,0.0,0.0,0.0,0.0,0.0,0.0,0.0,0.6,0.0038053,6,77,0.0,,,,,,,,,,
653,0.0008575363317504525,73.0,74.0,0.9864864864864865,2.0,71.0,0.0273972602739726,0.9726027397260274,0.21431584174572463,0.0,0.6,0.0038053,6,78,0.0,,,,,,,,,,
654,0.0009443313465453684,72.0,74.0,0.972972972972973,0.0,72.0,0.0,1.0,0.2160143458369682,0.0,0.6,0.0038053,6,79,0.0,,,,,,,,,,
655,0.0015950250235619023,30.0,74.0,0.40540540540540543,4.0,26.0,0.13333333333333333,0.8666666666666667,0.19132021712004793,0.0,0.6,0.0038053,6,80,0.0,,,,,,,,,,
656,0.0011077013914473355,72.0,74.0,0.972972972972973,4.0,68.0,0.05555555555555555,0.9444444444444444,0.19963036661627134,0.0,0.6,0.0038053,6,81,0.0,,,,,,,,,,
657,0.01448897406226024,0.0,74.0,0.0,0.0,0.0,0.0,0.0,0.0,0.0,0.6,0.0038053,6,82,0.0,,,,,,,,,,
658,0.24095038644736633,0.0,74.0,0.0,0.0,0.0,0.0,0.0,0.0,0.0,0.6,0.0038053,6,83,0.0,,,,,,,,,,
659,0.20205626572715119,0.0,74.0,0.0,0.0,0.0,0.0,0.0,0.0,0.0,0.6,0.0038053,6,84,0.0,,,,,,,,,,
660,0.09798932587727904,0.0,74.0,0.0,0.0,0.0,0.0,0.0,0.0,0.0,0.6,0.0038053,6,85,0.0,,,,,,,,,,
661,0.006405926949810237,0.0,74.0,0.0,0.0,0.0,0.0,0.0,0.0,0.0,0.6,0.0038053,6,86,0.0,,,,,,,,,,
662,0.15892408072249964,0.0,74.0,0.0,0.0,0.0,0.0,0.0,0.0,0.0,0.6,0.0038053,6,87,0.0,,,,,,,,,,
663,0.0010160261881537735,73.0,74.0,0.9864864864864865,4.0,69.0,0.0547945205479452,0.9452054794520548,0.1994279545252693,0.0,0.6,0.0038053,6,88,0.0,,,,,,,,,,
664,0.001990926466532983,29.0,74.0,0.3918918918918919,9.0,20.0,0.3103448275862069,0.6896551724137931,0.1809897518352082,0.0,0.6,0.0038053,6,89,0.0,,,,,,,,,,
665,0.38185913616325706,0.0,74.0,0.0,0.0,0.0,0.0,0.0,0.0,0.0,0.6,0.0038053,6,90,0.0,,,,,,,,,,
666,0.0022394488332793117,26.0,74.0,0.35135135135135137,4.0,22.0,0.15384615384615385,0.8461538461538461,0.19587350721320643,0.0,0.6,0.0038053,6,91,0.0,,,,,,,,,,
667,0.23251507797976956,0.0,74.0,0.0,0.0,0.0,0.0,0.0,0.0,0.0,0.6,0.0038053,6,92,0.0,,,,,,,,,,
668,0.0024401975388173014,39.0,74.0,0.527027027027027,7.0,32.0,0.1794871794871795,0.8205128205128205,0.18001880679374316,0.0,0.6,0.0038053,6,93,0.0,,,,,,,,,,
669,0.0022740764543414116,59.0,74.0,0.7972972972972973,18.0,41.0,0.3050847457627119,0.6949152542372882,0.18227434808374943,0.0,0.6,0.0038053,6,94,0.0,,,,,,,,,,
670,0.004746959661133587,2.0,74.0,0.02702702702702703,1.0,1.0,0.5,0.5,0.19198562377394823,0.0,0.6,0.0038053,6,95,0.0,,,,,,,,,,
671,0.07881996725336649,0.0,74.0,0.0,0.0,0.0,0.0,0.0,0.0,0.0,0.6,0.0038053,6,96,0.0,,,,,,,,,,
672,0.006367479101754725,4.0,74.0,0.05405405405405406,2.0,2.0,0.5,0.5,0.16294163815262327,0.0,0.6,0.0038053,6,97,0.0,,,,,,,,,,
673,0.01713948871474713,0.0,74.0,0.0,0.0,0.0,0.0,0.0,0.0,0.0,0.6,0.0038053,6,98,0.0,,,,,,,,,,
674,0.19983573100762442,0.0,74.0,0.0,0.0,0.0,0.0,0.0,0.0,0.0,0.6,0.0038053,6,99,0.0,,,,,,,,,,
675,0.270084945630515,0.0,74.0,0.0,0.0,0.0,0.0,0.0,0.0,0.0,0.6,0.0038053,6,100,0.0,,,,,,,,,,
676,0.0024247898545581847,34.0,74.0,0.4594594594594595,3.0,31.0,0.08823529411764706,0.9117647058823529,0.18028023896584486,0.0,0.6,0.0038053,6,101,0.0,,,,,,,,,,
677,0.0018032065709121525,70.0,74.0,0.9459459459459459,9.0,61.0,0.12857142857142856,0.8714285714285714,0.1901405970170678,0.0,0.6,0.0038053,6,102,0.0,,,,,,,,,,
678,0.004271998186595738,10.0,74.0,0.13513513513513514,1.0,9.0,0.1,0.9,0.19430936448558941,0.0,0.6,0.0038053,6,103,0.0,,,,,,,,,,
679,0.003325892786961049,21.0,74.0,0.28378378378378377,2.0,19.0,0.09523809523809523,0.9047619047619048,0.19403244798461733,0.0,0.6,0.0038053,6,104,0.0,,,,,,,,,,
680,0.03800665735616349,0.0,74.0,0.0,0.0,0.0,0.0,0.0,0.0,0.0,0.6,0.0038053,6,105,0.0,,,,,,,,,,
681,0.013434310356387869,0.0,74.0,0.0,0.0,0.0,0.0,0.0,0.0,0.0,0.6,0.0038053,6,106,0.0,,,,,,,,,,
682,0.2992257555597462,0.0,74.0,0.0,0.0,0.0,0.0,0.0,0.0,0.0,0.6,0.0038053,6,107,0.0,,,,,,,,,,
683,0.0019060414342675358,70.0,74.0,0.9459459459459459,18.0,52.0,0.2571428571428571,0.7428571428571429,0.18381082536126214,0.0,0.6,0.0038053,6,108,0.0,,,,,,,,,,
684,0.21160714217694476,0.0,74.0,0.0,0.0,0.0,0.0,0.0,0.0,0.0,0.6,0.0038053,6,109,0.0,,,,,,,,,,
685,0.00596041395328939,8.0,74.0,0.10810810810810811,4.0,4.0,0.5,0.5,0.17941803451907695,0.0,0.6,0.0038053,6,110,0.0,,,,,,,,,,
686,0.009369185368996114,0.0,74.0,0.0,0.0,0.0,0.0,0.0,0.0,0.0,0.6,0.0038053,6,111,0.0,,,,,,,,,,
687,0.004332765907747671,17.0,74.0,0.22972972972972974,1.0,16.0,0.058823529411764705,0.9411764705882353,0.1940248741059952,0.0,0.6,0.0038053,6,112,0.0,,,,,,,,,,
688,0.012028602737700567,0.0,74.0,0.0,0.0,0.0,0.0,0.0,0.0,0.0,0.6,0.0038053,6,113,0.0,,,,,,,,,,
689,0.002382131526246667,58.0,74.0,0.7837837837837838,13.0,45.0,0.22413793103448276,0.7758620689655172,0.1841185975534667,0.0,0.6,0.0038053,6,114,0.0,,,,,,,,,,
690,0.003140802308917046,11.0,74.0,0.14864864864864866,4.0,7.0,0.36363636363636365,0.6363636363636364,0.18100836258723355,0.0,0.6,0.0038053,6,115,0.0,,,,,,,,,,
690,,,,,,,,,,,,,6,,1.0,0.8897058823529411,0.5589653929838767,0.8823529411764706,0.556494143146735,0.9972737186477645,0.013307482356448536,0.10756783629482336,0.9972737186477645,0.013757398044285567,0.11492077747129392
691,0.0013925926177762449,72.0,74.0,0.972972972972973,8.0,64.0,0.1111111111111111,0.8888888888888888,0.1870342008581335,0.0,0.6,0.0038053,7,1,0.0,,,,,,,,,,
692,0.14878514924203046,0.0,74.0,0.0,0.0,0.0,0.0,0.0,0.0,0.0,0.6,0.0038053,7,2,0.0,,,,,,,,,,
693,0.0013828043011017144,72.0,74.0,0.972972972972973,13.0,59.0,0.18055555555555555,0.8194444444444444,0.18672865406685465,0.0,0.6,0.0038053,7,3,0.0,,,,,,,,,,
694,0.02256997607764788,0.0,74.0,0.0,0.0,0.0,0.0,0.0,0.0,0.0,0.6,0.0038053,7,4,0.0,,,,,,,,,,
695,0.0013163508410798386,71.0,74.0,0.9594594594594594,14.0,57.0,0.19718309859154928,0.8028169014084507,0.1921442866862917,0.0,0.6,0.0038053,7,5,0.0,,,,,,,,,,
696,0.0019250756595283747,56.0,74.0,0.7567567567567568,18.0,38.0,0.32142857142857145,0.6785714285714286,0.1757585694262481,0.0,0.6,0.0038053,7,6,0.0,,,,,,,,,,
697,0.0013842628977727145,72.0,74.0,0.972972972972973,13.0,59.0,0.18055555555555555,0.8194444444444444,0.18571754983714348,0.0,0.6,0.0038053,7,7,0.0,,,,,,,,,,
698,0.000988930172752589,73.0,74.0,0.9864864864864865,7.0,66.0,0.0958904109589041,0.9041095890410958,0.2043492857869302,0.0,0.6,0.0038053,7,8,0.0,,,,,,,,,,
699,0.3248845027119387,0.0,74.0,0.0,0.0,0.0,0.0,0.0,0.0,0.0,0.6,0.0038053,7,9,0.0,,,,,,,,,,
700,0.0012463453022064641,59.0,74.0,0.7972972972972973,1.0,58.0,0.01694915254237288,0.9830508474576272,0.21173111979955478,0.0,0.6,0.0038053,7,10,0.0,,,,,,,,,,
701,0.0144184860837413,0.0,74.0,0.0,0.0,0.0,0.0,0.0,0.0,0.0,0.6,0.0038053,7,11,0.0,,,,,,,,,,
702,0.0022361326264217496,19.0,74.0,0.25675675675675674,1.0,18.0,0.05263157894736842,0.9473684210526315,0.2112485491484902,0.0,0.6,0.0038053,7,12,0.0,,,,,,,,,,
703,0.20845599070889875,0.0,74.0,0.0,0.0,0.0,0.0,0.0,0.0,0.0,0.6,0.0038053,7,13,0.0,,,,,,,,,,
704,0.0014884181291563436,48.0,74.0,0.6486486486486487,7.0,41.0,0.14583333333333334,0.8541666666666666,0.1833150177628359,0.0,0.6,0.0038053,7,14,0.0,,,,,,,,,,
705,0.0336474102223292,0.0,74.0,0.0,0.0,0.0,0.0,0.0,0.0,0.0,0.6,0.0038053,7,15,0.0,,,,,,,,,,
706,0.21833983453689143,1.0,74.0,0.013513513513513514,0.0,1.0,0.0,1.0,0.17834912321695995,0.0,0.6,0.0038053,7,16,0.0,,,,,,,,,,
707,0.0010670255578588694,72.0,74.0,0.972972972972973,3.0,69.0,0.041666666666666664,0.9583333333333334,0.19612778476826329,0.0,0.6,0.0038053,7,17,0.0,,,,,,,,,,
708,0.002580667147412896,9.0,74.0,0.12162162162162163,3.0,6.0,0.3333333333333333,0.6666666666666666,0.1766749470340018,0.0,0.6,0.0038053,7,18,0.0,,,,,,,,,,
709,0.0013212343328632414,72.0,74.0,0.972972972972973,12.0,60.0,0.16666666666666666,0.8333333333333334,0.18896795376067402,0.0,0.6,0.0038053,7,19,0.0,,,,,,,,,,
710,0.0014331796119222417,72.0,74.0,0.972972972972973,17.0,55.0,0.2361111111111111,0.7638888888888888,0.18238871159797104,0.0,0.6,0.0038053,7,20,0.0,,,,,,,,,,
711,0.002119091368513182,54.0,74.0,0.7297297297297297,18.0,36.0,0.3333333333333333,0.6666666666666666,0.17853431653516166,0.0,0.6,0.0038053,7,21,0.0,,,,,,,,,,
712,0.0012757482181768864,72.0,74.0,0.972972972972973,7.0,65.0,0.09722222222222222,0.9027777777777778,0.19291601713123466,0.0,0.6,0.0038053,7,22,0.0,,,,,,,,,,
713,0.001874058973044157,71.0,74.0,0.9594594594594594,10.0,61.0,0.14084507042253522,0.8591549295774648,0.1831730468510363,0.0,0.6,0.0038053,7,23,0.0,,,,,,,,,,
714,0.06334450669237413,0.0,74.0,0.0,0.0,0.0,0.0,0.0,0.0,0.0,0.6,0.0038053,7,24,0.0,,,,,,,,,,
715,0.0018002416181843728,61.0,74.0,0.8243243243243243,6.0,55.0,0.09836065573770492,0.9016393442622951,0.18400212145869488,0.0,0.6,0.0038053,7,25,0.0,,,,,,,,,,
716,0.0015477210690733045,72.0,74.0,0.972972972972973,11.0,61.0,0.1527777777777778,0.8472222222222222,0.18228504654080163,0.0,0.6,0.0038053,7,26,0.0,,,,,,,,,,
717,0.0013868122769054025,72.0,74.0,0.972972972972973,6.0,66.0,0.08333333333333333,0.9166666666666666,0.1956782382753443,0.0,0.6,0.0038053,7,27,0.0,,,,,,,,,,
718,0.0017198020941577852,60.0,74.0,0.8108108108108109,12.0,48.0,0.2,0.8,0.18032398554547277,0.0,0.6,0.0038053,7,28,0.0,,,,,,,,,,
719,0.1159889416594524,0.0,74.0,0.0,0.0,0.0,0.0,0.0,0.0,0.0,0.6,0.0038053,7,29,0.0,,,,,,,,,,
720,0.0017542342538945377,55.0,74.0,0.7432432432432432,8.0,47.0,0.14545454545454545,0.8545454545454545,0.18436002672306112,0.0,0.6,0.0038053,7,30,0.0,,,,,,,,,,
721,0.0016661948757246137,33.0,74.0,0.44594594594594594,0.0,33.0,0.0,1.0,0.2044154293237951,0.0,0.6,0.0038053,7,31,0.0,,,,,,,,,,
722,0.004545389543636702,2.0,74.0,0.02702702702702703,0.0,2.0,0.0,1.0,0.206726562833231,0.0,0.6,0.0038053,7,32,0.0,,,,,,,,,,
723,0.001717627455946058,40.0,74.0,0.5405405405405406,6.0,34.0,0.15,0.85,0.19386903965637237,0.0,0.6,0.0038053,7,33,0.0,,,,,,,,,,
724,0.08014775181072764,0.0,74.0,0.0,0.0,0.0,0.0,0.0,0.0,0.0,0.6,0.0038053,7,34,0.0,,,,,,,,,,
725,0.009915066882967949,0.0,74.0,0.0,0.0,0.0,0.0,0.0,0.0,0.0,0.6,0.0038053,7,35,0.0,,,,,,,,,,
726,0.001618497582967393,29.0,74.0,0.3918918918918919,2.0,27.0,0.06896551724137931,0.9310344827586207,0.1997366852301072,0.0,0.6,0.0038053,7,36,0.0,,,,,,,,,,
727,0.0012790189357474446,59.0,74.0,0.7972972972972973,11.0,48.0,0.1864406779661017,0.8135593220338984,0.18682710667191685,0.0,0.6,0.0038053,7,37,0.0,,,,,,,,,,
728,0.001008513499982655,66.0,74.0,0.8918918918918919,5.0,61.0,0.07575757575757576,0.9242424242424242,0.19915690021422522,0.0,0.6,0.0038053,7,38,0.0,,,,,,,,,,
729,0.003052589250728488,1.0,74.0,0.013513513513513514,0.0,1.0,0.0,1.0,0.23368802595295027,0.0,0.6,0.0038053,7,39,0.0,,,,,,,,,,
730,0.0008961924031609669,73.0,74.0,0.9864864864864865,2.0,71.0,0.0273972602739726,0.9726027397260274,0.20403858662940588,0.0,0.6,0.0038053,7,40,0.0,,,,,,,,,,
731,0.157162353003514,0.0,74.0,0.0,0.0,0.0,0.0,0.0,0.0,0.0,0.6,0.0038053,7,41,0.0,,,,,,,,,,
732,0.004512692030402832,1.0,74.0,0.013513513513513514,1.0,0.0,1.0,0.0,0.1662504671843406,0.0,0.6,0.0038053,7,42,0.0,,,,,,,,,,
733,0.0012411910138325766,62.0,74.0,0.8378378378378378,7.0,55.0,0.11290322580645161,0.8870967741935484,0.1913440291376756,0.0,0.6,0.0038053,7,43,0.0,,,,,,,,,,
734,0.0009826723689911887,73.0,74.0,0.9864864864864865,10.0,63.0,0.136986301369863,0.863013698630137,0.1828410632674402,0.0,0.6,0.0038053,7,44,0.0,,,,,,,,,,
735,0.0012016993423458189,33.0,74.0,0.44594594594594594,3.0,30.0,0.09090909090909091,0.9090909090909091,0.2037086197536239,0.0,0.6,0.0038053,7,45,0.0,,,,,,,,,,
736,0.0008211918902816251,73.0,74.0,0.9864864864864865,3.0,70.0,0.0410958904109589,0.958904109589041,0.20341461362846158,0.0,0.6,0.0038053,7,46,0.0,,,,,,,,,,
737,0.0012423150765243918,32.0,74.0,0.43243243243243246,5.0,27.0,0.15625,0.84375,0.1907071462762109,0.0,0.6,0.0038053,7,47,0.0,,,,,,,,,,
738,0.0009452369558857754,73.0,74.0,0.9864864864864865,8.0,65.0,0.1095890410958904,0.8904109589041096,0.19446663013032364,0.0,0.6,0.0038053,7,48,0.0,,,,,,,,,,
739,0.2023443316720659,0.0,74.0,0.0,0.0,0.0,0.0,0.0,0.0,0.0,0.6,0.0038053,7,49,0.0,,,,,,,,,,
740,0.008145043073454872,0.0,74.0,0.0,0.0,0.0,0.0,0.0,0.0,0.0,0.6,0.0038053,7,50,0.0,,,,,,,,,,
741,0.0008624087058706209,73.0,74.0,0.9864864864864865,6.0,67.0,0.0821917808219178,0.9178082191780822,0.19275229244978945,0.0,0.6,0.0038053,7,51,0.0,,,,,,,,,,
742,0.0009919515869114548,50.0,74.0,0.6756756756756757,9.0,41.0,0.18,0.82,0.1849180362525105,0.0,0.6,0.0038053,7,52,0.0,,,,,,,,,,
743,0.0008690306276548654,63.0,74.0,0.8513513513513513,1.0,62.0,0.015873015873015872,0.9841269841269841,0.20209628004342275,0.0,0.6,0.0038053,7,53,0.0,,,,,,,,,,
744,0.0015880286518950015,24.0,74.0,0.32432432432432434,4.0,20.0,0.16666666666666666,0.8333333333333334,0.18833286486716752,0.0,0.6,0.0038053,7,54,0.0,,,,,,,,,,
745,0.0077810047077946365,0.0,74.0,0.0,0.0,0.0,0.0,0.0,0.0,0.0,0.6,0.0038053,7,55,0.0,,,,,,,,,,
746,0.0006230828003026545,74.0,74.0,1.0,6.0,68.0,0.08108108108108109,0.918918918918919,0.21105954699126578,0.0,0.6,0.0038053,7,56,0.0,,,,,,,,,,
747,0.0010611266334308311,44.0,74.0,0.5945945945945946,4.0,40.0,0.09090909090909091,0.9090909090909091,0.19511185183026167,0.0,0.6,0.0038053,7,57,0.0,,,,,,,,,,
748,0.0005965642194496468,74.0,74.0,1.0,4.0,70.0,0.05405405405405406,0.9459459459459459,0.20416884770580238,0.0,0.6,0.0038053,7,58,0.0,,,,,,,,,,
749,0.14092313217406627,0.0,74.0,0.0,0.0,0.0,0.0,0.0,0.0,0.0,0.6,0.0038053,7,59,0.0,,,,,,,,,,
750,0.0007461366039933637,73.0,74.0,0.9864864864864865,3.0,70.0,0.0410958904109589,0.958904109589041,0.20262801436068384,0.0,0.6,0.0038053,7,60,0.0,,,,,,,,,,
751,0.4482277841452742,0.0,74.0,0.0,0.0,0.0,0.0,0.0,0.0,0.0,0.6,0.0038053,7,61,0.0,,,,,,,,,,
752,0.06770792622410227,0.0,74.0,0.0,0.0,0.0,0.0,0.0,0.0,0.0,0.6,0.0038053,7,62,0.0,,,,,,,,,,
753,0.00061909003125038,74.0,74.0,1.0,1.0,73.0,0.013513513513513514,0.9864864864864865,0.20694008416954943,0.0,0.6,0.0038053,7,63,0.0,,,,,,,,,,
754,0.17024919725372456,0.0,74.0,0.0,0.0,0.0,0.0,0.0,0.0,0.0,0.6,0.0038053,7,64,0.0,,,,,,,,,,
755,0.0006560773908859119,74.0,74.0,1.0,2.0,72.0,0.02702702702702703,0.972972972972973,0.20719099218700499,0.0,0.6,0.0038053,7,65,0.0,,,,,,,,,,
756,0.0012614253937499598,47.0,74.0,0.6351351351351351,5.0,42.0,0.10638297872340426,0.8936170212765957,0.19187763490070772,0.0,0.6,0.0038053,7,66,0.0,,,,,,,,,,
757,0.0006294376071309671,74.0,74.0,1.0,3.0,71.0,0.04054054054054054,0.9594594594594594,0.19387799088765748,0.0,0.6,0.0038053,7,67,0.0,,,,,,,,,,
758,0.0007278751872945577,73.0,74.0,0.9864864864864865,6.0,67.0,0.0821917808219178,0.9178082191780822,0.19765875566685803,0.0,0.6,0.0038053,7,68,0.0,,,,,,,,,,
759,0.11015423841308802,0.0,74.0,0.0,0.0,0.0,0.0,0.0,0.0,0.0,0.6,0.0038053,7,69,0.0,,,,,,,,,,
760,0.0005224012784310617,74.0,74.0,1.0,1.0,73.0,0.013513513513513514,0.9864864864864865,0.21732507689101083,0.0,0.6,0.0038053,7,70,0.0,,,,,,,,,,
761,0.0005598709249170497,74.0,74.0,1.0,7.0,67.0,0.0945945945945946,0.9054054054054054,0.1986561582430095,0.0,0.6,0.0038053,7,71,0.0,,,,,,,,,,
762,0.0009708055804367177,43.0,74.0,0.581081081081081,3.0,40.0,0.06976744186046512,0.9302325581395349,0.20187506735608263,0.0,0.6,0.0038053,7,72,0.0,,,,,,,,,,
763,0.000922112274565734,63.0,74.0,0.8513513513513513,9.0,54.0,0.14285714285714285,0.8571428571428571,0.19502398233789925,0.0,0.6,0.0038053,7,73,0.0,,,,,,,,,,
764,0.0010724815147113986,29.0,74.0,0.3918918918918919,0.0,29.0,0.0,1.0,0.2152335392993458,0.0,0.6,0.0038053,7,74,0.0,,,,,,,,,,
765,0.000831234356155619,65.0,74.0,0.8783783783783784,5.0,60.0,0.07692307692307693,0.9230769230769231,0.20261519840825146,0.0,0.6,0.0038053,7,75,0.0,,,,,,,,,,
766,0.0005668894154950976,74.0,74.0,1.0,5.0,69.0,0.06756756756756757,0.9324324324324325,0.20838973776316605,0.0,0.6,0.0038053,7,76,0.0,,,,,,,,,,
767,0.34131825831718743,0.0,74.0,0.0,0.0,0.0,0.0,0.0,0.0,0.0,0.6,0.0038053,7,77,0.0,,,,,,,,,,
768,0.0005674506683135405,74.0,74.0,1.0,3.0,71.0,0.04054054054054054,0.9594594594594594,0.20510910698675638,0.0,0.6,0.0038053,7,78,0.0,,,,,,,,,,
769,0.0006904747569933534,74.0,74.0,1.0,9.0,65.0,0.12162162162162163,0.8783783783783784,0.19060905928067456,0.0,0.6,0.0038053,7,79,0.0,,,,,,,,,,
770,0.0005994153179926798,74.0,74.0,1.0,2.0,72.0,0.02702702702702703,0.972972972972973,0.2101186504761161,0.0,0.6,0.0038053,7,80,0.0,,,,,,,,,,
771,0.0007694521336816251,73.0,74.0,0.9864864864864865,11.0,62.0,0.1506849315068493,0.8493150684931506,0.19176752213583284,0.0,0.6,0.0038053,7,81,0.0,,,,,,,,,,
772,0.0033771258895285428,3.0,74.0,0.04054054054054054,1.0,2.0,0.3333333333333333,0.6666666666666666,0.16896444455973247,0.0,0.6,0.0038053,7,82,0.0,,,,,,,,,,
773,0.0006547883822349831,73.0,74.0,0.9864864864864865,11.0,62.0,0.1506849315068493,0.8493150684931506,0.19173359152481942,0.0,0.6,0.0038053,7,83,0.0,,,,,,,,,,
774,0.0021057824342278764,8.0,74.0,0.10810810810810811,0.0,8.0,0.0,1.0,0.2206549766627838,0.0,0.6,0.0038053,7,84,0.0,,,,,,,,,,
775,0.23311613986152224,0.0,74.0,0.0,0.0,0.0,0.0,0.0,0.0,0.0,0.6,0.0038053,7,85,0.0,,,,,,,,,,
776,0.0009624095546314493,61.0,74.0,0.8243243243243243,6.0,55.0,0.09836065573770492,0.9016393442622951,0.19093474164088847,0.0,0.6,0.0038053,7,86,0.0,,,,,,,,,,
777,0.000541609522770159,74.0,74.0,1.0,2.0,72.0,0.02702702702702703,0.972972972972973,0.2171223058621048,0.0,0.6,0.0038053,7,87,0.0,,,,,,,,,,
778,0.0005984326126053929,74.0,74.0,1.0,10.0,64.0,0.13513513513513514,0.8648648648648649,0.20205287629026422,0.0,0.6,0.0038053,7,88,0.0,,,,,,,,,,
779,0.000685089995386079,74.0,74.0,1.0,8.0,66.0,0.10810810810810811,0.8918918918918919,0.18906724841348904,0.0,0.6,0.0038053,7,89,0.0,,,,,,,,,,
780,0.0005908477469347417,74.0,74.0,1.0,5.0,69.0,0.06756756756756757,0.9324324324324325,0.21078417926656293,0.0,0.6,0.0038053,7,90,0.0,,,,,,,,,,
781,0.0007416091102641076,72.0,74.0,0.972972972972973,6.0,66.0,0.08333333333333333,0.9166666666666666,0.19294175246374204,0.0,0.6,0.0038053,7,91,0.0,,,,,,,,,,
782,0.0006324065761873499,74.0,74.0,1.0,2.0,72.0,0.02702702702702703,0.972972972972973,0.20152529657907783,0.0,0.6,0.0038053,7,92,0.0,,,,,,,,,,
783,0.0015782786504132673,24.0,74.0,0.32432432432432434,0.0,24.0,0.0,1.0,0.22853361278902432,0.0,0.6,0.0038053,7,93,0.0,,,,,,,,,,
784,0.0019077860924880952,26.0,74.0,0.35135135135135137,4.0,22.0,0.15384615384615385,0.8461538461538461,0.1801891743129637,0.0,0.6,0.0038053,7,94,0.0,,,,,,,,,,
785,0.0007016802846919745,74.0,74.0,1.0,1.0,73.0,0.013513513513513514,0.9864864864864865,0.1980158219186285,0.0,0.6,0.0038053,7,95,0.0,,,,,,,,,,
786,0.23473747110983822,0.0,74.0,0.0,0.0,0.0,0.0,0.0,0.0,0.0,0.6,0.0038053,7,96,0.0,,,,,,,,,,
787,0.008938457976910286,0.0,74.0,0.0,0.0,0.0,0.0,0.0,0.0,0.0,0.6,0.0038053,7,97,0.0,,,,,,,,,,
788,0.00048827974387677386,74.0,74.0,1.0,6.0,68.0,0.08108108108108109,0.918918918918919,0.20686586367168358,0.0,0.6,0.0038053,7,98,0.0,,,,,,,,,,
789,0.2246753534709569,1.0,74.0,0.013513513513513514,0.0,1.0,0.0,1.0,0.20069176080877546,0.0,0.6,0.0038053,7,99,0.0,,,,,,,,,,
790,0.0007031315471976995,35.0,74.0,0.47297297297297297,4.0,31.0,0.11428571428571428,0.8857142857142857,0.19702934529753455,0.0,0.6,0.0038053,7,100,0.0,,,,,,,,,,
791,0.0006315180944511667,62.0,74.0,0.8378378378378378,9.0,53.0,0.14516129032258066,0.8548387096774194,0.19780015943864415,0.0,0.6,0.0038053,7,101,0.0,,,,,,,,,,
792,0.006075039520510472,0.0,74.0,0.0,0.0,0.0,0.0,0.0,0.0,0.0,0.6,0.0038053,7,102,0.0,,,,,,,,,,
793,0.03333497866697144,0.0,74.0,0.0,0.0,0.0,0.0,0.0,0.0,0.0,0.6,0.0038053,7,103,0.0,,,,,,,,,,
794,0.0008398050849791616,59.0,74.0,0.7972972972972973,7.0,52.0,0.11864406779661017,0.8813559322033898,0.19838695931624994,0.0,0.6,0.0038053,7,104,0.0,,,,,,,,,,
795,0.0005493974531418644,74.0,74.0,1.0,12.0,62.0,0.16216216216216217,0.8378378378378378,0.19117541198524762,0.0,0.6,0.0038053,7,105,0.0,,,,,,,,,,
796,0.0007231875060824677,74.0,74.0,1.0,7.0,67.0,0.0945945945945946,0.9054054054054054,0.20296780391423694,0.0,0.6,0.0038053,7,106,0.0,,,,,,,,,,
797,0.00047530550364172086,74.0,74.0,1.0,2.0,72.0,0.02702702702702703,0.972972972972973,0.22761584494876616,0.0,0.6,0.0038053,7,107,0.0,,,,,,,,,,
798,0.007327932878979482,0.0,74.0,0.0,0.0,0.0,0.0,0.0,0.0,0.0,0.6,0.0038053,7,108,0.0,,,,,,,,,,
799,0.0005034783971495926,74.0,74.0,1.0,1.0,73.0,0.013513513513513514,0.9864864864864865,0.22016912663091004,0.0,0.6,0.0038053,7,109,0.0,,,,,,,,,,
800,0.13823401513218414,0.0,74.0,0.0,0.0,0.0,0.0,0.0,0.0,0.0,0.6,0.0038053,7,110,0.0,,,,,,,,,,
801,0.0005301541095832363,74.0,74.0,1.0,5.0,69.0,0.06756756756756757,0.9324324324324325,0.20627803442114212,0.0,0.6,0.0038053,7,111,0.0,,,,,,,,,,
802,0.0006051408417988569,74.0,74.0,1.0,4.0,70.0,0.05405405405405406,0.9459459459459459,0.21732492369592424,0.0,0.6,0.0038053,7,112,0.0,,,,,,,,,,
803,0.004863681271672249,0.0,74.0,0.0,0.0,0.0,0.0,0.0,0.0,0.0,0.6,0.0038053,7,113,0.0,,,,,,,,,,
804,0.0005052931228419766,74.0,74.0,1.0,1.0,73.0,0.013513513513513514,0.9864864864864865,0.2208684937983887,0.0,0.6,0.0038053,7,114,0.0,,,,,,,,,,
805,0.0005604199133813382,74.0,74.0,1.0,6.0,68.0,0.08108108108108109,0.918918918918919,0.20215767338800839,0.0,0.6,0.0038053,7,115,0.0,,,,,,,,,,
805,,,,,,,,,,,,,7,,1.0,0.8823529411764706,0.7455347100129495,0.8799019607843137,0.7442553146527364,0.9986368593238822,0.007452081804133385,0.11628391814741168,0.9986368593238822,0.007363498826895881,0.11873489853956853
806,0.00053260603453964,74.0,74.0,1.0,4.0,70.0,0.05405405405405406,0.9459459459459459,0.2142611273969626,0.0,0.6,0.0038053,8,1,0.0,,,,,,,,,,
807,0.0005141409928910434,74.0,74.0,1.0,3.0,71.0,0.04054054054054054,0.9594594594594594,0.21252160258469743,0.0,0.6,0.0038053,8,2,0.0,,,,,,,,,,
808,0.0004067329064127989,74.0,74.0,1.0,3.0,71.0,0.04054054054054054,0.9594594594594594,0.2216889449288863,0.0,0.6,0.0038053,8,3,0.0,,,,,,,,,,
809,0.000480816735944245,74.0,74.0,1.0,1.0,73.0,0.013513513513513514,0.9864864864864865,0.2225631906742428,0.0,0.6,0.0038053,8,4,0.0,,,,,,,,,,
810,0.0005085764569230378,74.0,74.0,1.0,1.0,73.0,0.013513513513513514,0.9864864864864865,0.22753540770143713,0.0,0.6,0.0038053,8,5,0.0,,,,,,,,,,
811,0.0031719774997327477,6.0,74.0,0.08108108108108109,0.0,6.0,0.0,1.0,0.23470949091544768,0.0,0.6,0.0038053,8,6,0.0,,,,,,,,,,
812,0.0006650217110291123,54.0,74.0,0.7297297297297297,1.0,53.0,0.018518518518518517,0.9814814814814815,0.21379659230587378,0.0,0.6,0.0038053,8,7,0.0,,,,,,,,,,
813,0.0005180598673177883,74.0,74.0,1.0,6.0,68.0,0.08108108108108109,0.918918918918919,0.20206746688475394,0.0,0.6,0.0038053,8,8,0.0,,,,,,,,,,
814,0.0005399493384175003,74.0,74.0,1.0,7.0,67.0,0.0945945945945946,0.9054054054054054,0.20203767045198118,0.0,0.6,0.0038053,8,9,0.0,,,,,,,,,,
815,0.00039025917794788256,74.0,74.0,1.0,0.0,74.0,0.0,1.0,0.22563527438874317,0.0,0.6,0.0038053,8,10,0.0,,,,,,,,,,
816,0.00048508509644307196,74.0,74.0,1.0,7.0,67.0,0.0945945945945946,0.9054054054054054,0.19868156420977048,0.0,0.6,0.0038053,8,11,0.0,,,,,,,,,,
817,0.0005017893126932904,74.0,74.0,1.0,5.0,69.0,0.06756756756756757,0.9324324324324325,0.20604857367366913,0.0,0.6,0.0038053,8,12,0.0,,,,,,,,,,
818,0.0005047478625783697,74.0,74.0,1.0,3.0,71.0,0.04054054054054054,0.9594594594594594,0.21026862776673724,0.0,0.6,0.0038053,8,13,0.0,,,,,,,,,,
819,0.002483693227986805,3.0,74.0,0.04054054054054054,0.0,3.0,0.0,1.0,0.20639879772594452,0.0,0.6,0.0038053,8,14,0.0,,,,,,,,,,
820,0.0006286773786996491,70.0,74.0,0.9459459459459459,2.0,68.0,0.02857142857142857,0.9714285714285714,0.21353414994644496,0.0,0.6,0.0038053,8,15,0.0,,,,,,,,,,
821,0.0004164495039731264,74.0,74.0,1.0,1.0,73.0,0.013513513513513514,0.9864864864864865,0.22331325127812693,0.0,0.6,0.0038053,8,16,0.0,,,,,,,,,,
822,0.0006590284319827333,74.0,74.0,1.0,6.0,68.0,0.08108108108108109,0.918918918918919,0.18775550614735265,0.0,0.6,0.0038053,8,17,0.0,,,,,,,,,,
823,0.00038340695027727634,74.0,74.0,1.0,0.0,74.0,0.0,1.0,0.21583427240078495,0.0,0.6,0.0038053,8,18,0.0,,,,,,,,,,
824,0.0004507308913161978,74.0,74.0,1.0,2.0,72.0,0.02702702702702703,0.972972972972973,0.21957030417720952,0.0,0.6,0.0038053,8,19,0.0,,,,,,,,,,
825,0.00036006097798235714,74.0,74.0,1.0,0.0,74.0,0.0,1.0,0.20785653027910353,0.0,0.6,0.0038053,8,20,0.0,,,,,,,,,,
826,0.00039197645673993975,74.0,74.0,1.0,3.0,71.0,0.04054054054054054,0.9594594594594594,0.20697391725328237,0.0,0.6,0.0038053,8,21,0.0,,,,,,,,,,
827,0.0006411991271306761,54.0,74.0,0.7297297297297297,7.0,47.0,0.12962962962962962,0.8703703703703703,0.18686071499806345,0.0,0.6,0.0038053,8,22,0.0,,,,,,,,,,
828,0.00037841392622794956,74.0,74.0,1.0,2.0,72.0,0.02702702702702703,0.972972972972973,0.20732002911525765,0.0,0.6,0.0038053,8,23,0.0,,,,,,,,,,
829,0.0003241903759771958,74.0,74.0,1.0,4.0,70.0,0.05405405405405406,0.9459459459459459,0.20146961256533885,0.0,0.6,0.0038053,8,24,0.0,,,,,,,,,,
830,0.0035438024788163602,2.0,74.0,0.02702702702702703,0.0,2.0,0.0,1.0,0.21224712219942826,0.0,0.6,0.0038053,8,25,0.0,,,,,,,,,,
831,0.0003728246738319285,74.0,74.0,1.0,7.0,67.0,0.0945945945945946,0.9054054054054054,0.2032917549677434,0.0,0.6,0.0038053,8,26,0.0,,,,,,,,,,
832,0.0003543417769833468,74.0,74.0,1.0,7.0,67.0,0.0945945945945946,0.9054054054054054,0.19975355649333473,0.0,0.6,0.0038053,8,27,0.0,,,,,,,,,,
833,0.0004346377099864185,74.0,74.0,1.0,3.0,71.0,0.04054054054054054,0.9594594594594594,0.2043496858985177,0.0,0.6,0.0038053,8,28,0.0,,,,,,,,,,
834,0.0003417648986214772,74.0,74.0,1.0,6.0,68.0,0.08108108108108109,0.918918918918919,0.20211048225382014,0.0,0.6,0.0038053,8,29,0.0,,,,,,,,,,
835,0.0004783242548000999,74.0,74.0,1.0,3.0,71.0,0.04054054054054054,0.9594594594594594,0.20044945056695457,0.0,0.6,0.0038053,8,30,0.0,,,,,,,,,,
836,0.0003828563494607806,74.0,74.0,1.0,2.0,72.0,0.02702702702702703,0.972972972972973,0.20162689755551738,0.0,0.6,0.0038053,8,31,0.0,,,,,,,,,,
837,0.0003100392932537943,74.0,74.0,1.0,1.0,73.0,0.013513513513513514,0.9864864864864865,0.19760254936672778,0.0,0.6,0.0038053,8,32,0.0,,,,,,,,,,
838,0.0006607674367842264,62.0,74.0,0.8378378378378378,3.0,59.0,0.04838709677419355,0.9516129032258065,0.19600891187343256,0.0,0.6,0.0038053,8,33,0.0,,,,,,,,,,
839,0.0003240537116653286,74.0,74.0,1.0,0.0,74.0,0.0,1.0,0.20802817156994333,0.0,0.6,0.0038053,8,34,0.0,,,,,,,,,,
840,0.06423491157329408,0.0,74.0,0.0,0.0,0.0,0.0,0.0,0.0,0.0,0.6,0.0038053,8,35,0.0,,,,,,,,,,
841,0.0003563315112842247,74.0,74.0,1.0,4.0,70.0,0.05405405405405406,0.9459459459459459,0.1947020314062242,0.0,0.6,0.0038053,8,36,0.0,,,,,,,,,,
842,0.0009732337057357654,26.0,74.0,0.35135135135135137,1.0,25.0,0.038461538461538464,0.9615384615384616,0.2036410511417196,0.0,0.6,0.0038053,8,37,0.0,,,,,,,,,,
843,0.00027485542887006886,74.0,74.0,1.0,0.0,74.0,0.0,1.0,0.21546307890580388,0.0,0.6,0.0038053,8,38,0.0,,,,,,,,,,
844,0.0003608138249546755,74.0,74.0,1.0,18.0,56.0,0.24324324324324326,0.7567567567567568,0.18626246026123158,0.0,0.6,0.0038053,8,39,0.0,,,,,,,,,,
845,0.00027042007423006,74.0,74.0,1.0,1.0,73.0,0.013513513513513514,0.9864864864864865,0.2033187252827936,0.0,0.6,0.0038053,8,40,0.0,,,,,,,,,,
846,0.0016057172397268005,11.0,74.0,0.14864864864864866,1.0,10.0,0.09090909090909091,0.9090909090909091,0.2003045847833866,0.0,0.6,0.0038053,8,41,0.0,,,,,,,,,,
847,0.00031437377765541896,74.0,74.0,1.0,1.0,73.0,0.013513513513513514,0.9864864864864865,0.2092917364648143,0.0,0.6,0.0038053,8,42,0.0,,,,,,,,,,
848,0.0002810997175402008,74.0,74.0,1.0,1.0,73.0,0.013513513513513514,0.9864864864864865,0.200062734225471,0.0,0.6,0.0038053,8,43,0.0,,,,,,,,,,
849,0.000262115900113713,74.0,74.0,1.0,0.0,74.0,0.0,1.0,0.20157056334405343,0.0,0.6,0.0038053,8,44,0.0,,,,,,,,,,
850,0.00028225766800460406,74.0,74.0,1.0,2.0,72.0,0.02702702702702703,0.972972972972973,0.20352538607940565,0.0,0.6,0.0038053,8,45,0.0,,,,,,,,,,
851,0.0003329756509629078,74.0,74.0,1.0,1.0,73.0,0.013513513513513514,0.9864864864864865,0.2030912376988634,0.0,0.6,0.0038053,8,46,0.0,,,,,,,,,,
852,0.00028653811023104936,74.0,74.0,1.0,15.0,59.0,0.20270270270270271,0.7972972972972973,0.19276065506493248,0.0,0.6,0.0038053,8,47,0.0,,,,,,,,,,
853,0.00033613808773225173,74.0,74.0,1.0,0.0,74.0,0.0,1.0,0.22148173230089868,0.0,0.6,0.0038053,8,48,0.0,,,,,,,,,,
854,0.11590605511446483,0.0,74.0,0.0,0.0,0.0,0.0,0.0,0.0,0.0,0.6,0.0038053,8,49,0.0,,,,,,,,,,
855,0.00035385575756663457,74.0,74.0,1.0,1.0,73.0,0.013513513513513514,0.9864864864864865,0.20098969638076836,0.0,0.6,0.0038053,8,50,0.0,,,,,,,,,,
856,0.00025976740289479494,74.0,74.0,1.0,0.0,74.0,0.0,1.0,0.20306036176530257,0.0,0.6,0.0038053,8,51,0.0,,,,,,,,,,
857,0.00036328696296550333,74.0,74.0,1.0,5.0,69.0,0.06756756756756757,0.9324324324324325,0.1922689232951086,0.0,0.6,0.0038053,8,52,0.0,,,,,,,,,,
858,0.24968794485539547,1.0,74.0,0.013513513513513514,0.0,1.0,0.0,1.0,0.17209798430632858,0.0,0.6,0.0038053,8,53,0.0,,,,,,,,,,
859,0.00028033460694132373,74.0,74.0,1.0,0.0,74.0,0.0,1.0,0.19901471667934847,0.0,0.6,0.0038053,8,54,0.0,,,,,,,,,,
860,0.0003885028636432253,61.0,74.0,0.8243243243243243,4.0,57.0,0.06557377049180328,0.9344262295081968,0.19615664959045345,0.0,0.6,0.0038053,8,55,0.0,,,,,,,,,,
861,0.00038243062590481713,74.0,74.0,1.0,0.0,74.0,0.0,1.0,0.2115691730731598,0.0,0.6,0.0038053,8,56,0.0,,,,,,,,,,
862,0.00034095384035026655,74.0,74.0,1.0,1.0,73.0,0.013513513513513514,0.9864864864864865,0.20085026128383268,0.0,0.6,0.0038053,8,57,0.0,,,,,,,,,,
863,0.0006011620207573287,58.0,74.0,0.7837837837837838,4.0,54.0,0.06896551724137931,0.9310344827586207,0.19244600568522474,0.0,0.6,0.0038053,8,58,0.0,,,,,,,,,,
864,0.028125983451900538,0.0,74.0,0.0,0.0,0.0,0.0,0.0,0.0,0.0,0.6,0.0038053,8,59,0.0,,,,,,,,,,
865,0.0003287281797383912,74.0,74.0,1.0,3.0,71.0,0.04054054054054054,0.9594594594594594,0.1964365234709666,0.0,0.6,0.0038053,8,60,0.0,,,,,,,,,,
866,0.0003923196272808127,74.0,74.0,1.0,5.0,69.0,0.06756756756756757,0.9324324324324325,0.19786799870480673,0.0,0.6,0.0038053,8,61,0.0,,,,,,,,,,
867,0.00034804151437128894,74.0,74.0,1.0,2.0,72.0,0.02702702702702703,0.972972972972973,0.2041417501019965,0.0,0.6,0.0038053,8,62,0.0,,,,,,,,,,
868,0.0004656141536543146,74.0,74.0,1.0,1.0,73.0,0.013513513513513514,0.9864864864864865,0.20691213052699364,0.0,0.6,0.0038053,8,63,0.0,,,,,,,,,,
869,0.0004269586061127484,74.0,74.0,1.0,2.0,72.0,0.02702702702702703,0.972972972972973,0.19568373262902053,0.0,0.6,0.0038053,8,64,0.0,,,,,,,,,,
870,0.0028518727340269834,8.0,74.0,0.10810810810810811,0.0,8.0,0.0,1.0,0.22557067369906136,0.0,0.6,0.0038053,8,65,0.0,,,,,,,,,,
871,0.00046720615500817075,74.0,74.0,1.0,11.0,63.0,0.14864864864864866,0.8513513513513513,0.20790984104578705,0.0,0.6,0.0038053,8,66,0.0,,,,,,,,,,
872,0.0004133399706915952,74.0,74.0,1.0,3.0,71.0,0.04054054054054054,0.9594594594594594,0.20502074183820929,0.0,0.6,0.0038053,8,67,0.0,,,,,,,,,,
873,0.0007540491205872968,63.0,74.0,0.8513513513513513,10.0,53.0,0.15873015873015872,0.8412698412698413,0.18626809851947362,0.0,0.6,0.0038053,8,68,0.0,,,,,,,,,,
874,0.0005441570610855706,74.0,74.0,1.0,5.0,69.0,0.06756756756756757,0.9324324324324325,0.20162882339023067,0.0,0.6,0.0038053,8,69,0.0,,,,,,,,,,
875,0.0006327448354568332,73.0,74.0,0.9864864864864865,7.0,66.0,0.0958904109589041,0.9041095890410958,0.19666528187341747,0.0,0.6,0.0038053,8,70,0.0,,,,,,,,,,
876,0.0004320285443100147,74.0,74.0,1.0,2.0,72.0,0.02702702702702703,0.972972972972973,0.20534043008821273,0.0,0.6,0.0038053,8,71,0.0,,,,,,,,,,
877,0.0005182855675229803,74.0,74.0,1.0,17.0,57.0,0.22972972972972974,0.7702702702702703,0.19006267665119064,0.0,0.6,0.0038053,8,72,0.0,,,,,,,,,,
878,0.006414835188479628,0.0,74.0,0.0,0.0,0.0,0.0,0.0,0.0,0.0,0.6,0.0038053,8,73,0.0,,,,,,,,,,
879,0.23760598723310977,1.0,74.0,0.013513513513513514,0.0,1.0,0.0,1.0,0.20839845976540902,0.0,0.6,0.0038053,8,74,0.0,,,,,,,,,,
880,0.0005056765003246255,74.0,74.0,1.0,22.0,52.0,0.2972972972972973,0.7027027027027027,0.18785013631336828,0.0,0.6,0.0038053,8,75,0.0,,,,,,,,,,
881,0.07763912560039898,0.0,74.0,0.0,0.0,0.0,0.0,0.0,0.0,0.0,0.6,0.0038053,8,76,0.0,,,,,,,,,,
882,0.0005686558070010506,74.0,74.0,1.0,1.0,73.0,0.013513513513513514,0.9864864864864865,0.21037770072340142,0.0,0.6,0.0038053,8,77,0.0,,,,,,,,,,
883,0.0006461110460804775,74.0,74.0,1.0,3.0,71.0,0.04054054054054054,0.9594594594594594,0.20452391327575736,0.0,0.6,0.0038053,8,78,0.0,,,,,,,,,,
884,0.00051586699555628,74.0,74.0,1.0,12.0,62.0,0.16216216216216217,0.8378378378378378,0.20254096118170745,0.0,0.6,0.0038053,8,79,0.0,,,,,,,,,,
885,0.0007331955712288618,73.0,74.0,0.9864864864864865,8.0,65.0,0.1095890410958904,0.8904109589041096,0.1909795299257047,0.0,0.6,0.0038053,8,80,0.0,,,,,,,,,,
886,0.0008288938406622037,47.0,74.0,0.6351351351351351,3.0,44.0,0.06382978723404255,0.9361702127659575,0.19900850936214412,0.0,0.6,0.0038053,8,81,0.0,,,,,,,,,,
887,0.001927816731040366,16.0,74.0,0.21621621621621623,2.0,14.0,0.125,0.875,0.20785833298994977,0.0,0.6,0.0038053,8,82,0.0,,,,,,,,,,
888,0.0006108635279815644,74.0,74.0,1.0,2.0,72.0,0.02702702702702703,0.972972972972973,0.20851590669317996,0.0,0.6,0.0038053,8,83,0.0,,,,,,,,,,
889,0.0005377141569624655,74.0,74.0,1.0,8.0,66.0,0.10810810810810811,0.8918918918918919,0.20241375111854623,0.0,0.6,0.0038053,8,84,0.0,,,,,,,,,,
890,0.0005586586848949082,74.0,74.0,1.0,4.0,70.0,0.05405405405405406,0.9459459459459459,0.19789489083303824,0.0,0.6,0.0038053,8,85,0.0,,,,,,,,,,
891,0.0005879533418919891,74.0,74.0,1.0,5.0,69.0,0.06756756756756757,0.9324324324324325,0.1990829666279476,0.0,0.6,0.0038053,8,86,0.0,,,,,,,,,,
892,0.0009121880211750977,46.0,74.0,0.6216216216216216,6.0,40.0,0.13043478260869565,0.8695652173913043,0.19207596957348044,0.0,0.6,0.0038053,8,87,0.0,,,,,,,,,,
893,0.00055728989536874,74.0,74.0,1.0,2.0,72.0,0.02702702702702703,0.972972972972973,0.2190199620865541,0.0,0.6,0.0038053,8,88,0.0,,,,,,,,,,
894,0.0006865664036013186,74.0,74.0,1.0,3.0,71.0,0.04054054054054054,0.9594594594594594,0.20255302439654713,0.0,0.6,0.0038053,8,89,0.0,,,,,,,,,,
895,0.0005571018118644133,74.0,74.0,1.0,2.0,72.0,0.02702702702702703,0.972972972972973,0.21580288205587814,0.0,0.6,0.0038053,8,90,0.0,,,,,,,,,,
896,0.04028171543905046,0.0,74.0,0.0,0.0,0.0,0.0,0.0,0.0,0.0,0.6,0.0038053,8,91,0.0,,,,,,,,,,
897,0.0006260448863031343,74.0,74.0,1.0,10.0,64.0,0.13513513513513514,0.8648648648648649,0.19250589834698195,0.0,0.6,0.0038053,8,92,0.0,,,,,,,,,,
898,0.0005335159075912088,74.0,74.0,1.0,5.0,69.0,0.06756756756756757,0.9324324324324325,0.20465383273490625,0.0,0.6,0.0038053,8,93,0.0,,,,,,,,,,
899,0.0006115423893788829,74.0,74.0,1.0,3.0,71.0,0.04054054054054054,0.9594594594594594,0.21601451752870876,0.0,0.6,0.0038053,8,94,0.0,,,,,,,,,,
900,0.0007672516876482405,64.0,74.0,0.8648648648648649,11.0,53.0,0.171875,0.828125,0.187404667275433,0.0,0.6,0.0038053,8,95,0.0,,,,,,,,,,
901,0.0004070285431225784,74.0,74.0,1.0,2.0,72.0,0.02702702702702703,0.972972972972973,0.21628226470996065,0.0,0.6,0.0038053,8,96,0.0,,,,,,,,,,
902,0.0004986010317225009,74.0,74.0,1.0,3.0,71.0,0.04054054054054054,0.9594594594594594,0.21826398886391507,0.0,0.6,0.0038053,8,97,0.0,,,,,,,,,,
903,0.0015003928710939363,13.0,74.0,0.17567567567567569,1.0,12.0,0.07692307692307693,0.9230769230769231,0.2007660228787415,0.0,0.6,0.0038053,8,98,0.0,,,,,,,,,,
904,0.0004990932502551004,74.0,74.0,1.0,1.0,73.0,0.013513513513513514,0.9864864864864865,0.22161581223952972,0.0,0.6,0.0038053,8,99,0.0,,,,,,,,,,
905,0.0005825254338560626,74.0,74.0,1.0,2.0,72.0,0.02702702702702703,0.972972972972973,0.2055287990515916,0.0,0.6,0.0038053,8,100,0.0,,,,,,,,,,
906,0.034945639497891534,0.0,74.0,0.0,0.0,0.0,0.0,0.0,0.0,0.0,0.6,0.0038053,8,101,0.0,,,,,,,,,,
907,0.0005278449607430957,73.0,74.0,0.9864864864864865,1.0,72.0,0.0136986301369863,0.9863013698630136,0.2088318338952127,0.0,0.6,0.0038053,8,102,0.0,,,,,,,,,,
908,0.0650100921629928,0.0,74.0,0.0,0.0,0.0,0.0,0.0,0.0,0.0,0.6,0.0038053,8,103,0.0,,,,,,,,,,
909,0.00047686160542070866,74.0,74.0,1.0,1.0,73.0,0.013513513513513514,0.9864864864864865,0.20948863519465372,0.0,0.6,0.0038053,8,104,0.0,,,,,,,,,,
910,0.0006496994028566405,53.0,74.0,0.7162162162162162,5.0,48.0,0.09433962264150944,0.9056603773584906,0.1924500354885723,0.0,0.6,0.0038053,8,105,0.0,,,,,,,,,,
911,0.0005562758888117969,74.0,74.0,1.0,4.0,70.0,0.05405405405405406,0.9459459459459459,0.19583302193911312,0.0,0.6,0.0038053,8,106,0.0,,,,,,,,,,
912,0.00042994588147848845,74.0,74.0,1.0,0.0,74.0,0.0,1.0,0.2179023546247688,0.0,0.6,0.0038053,8,107,0.0,,,,,,,,,,
913,0.00044064450048608705,74.0,74.0,1.0,1.0,73.0,0.013513513513513514,0.9864864864864865,0.23769276739248407,0.0,0.6,0.0038053,8,108,0.0,,,,,,,,,,
914,0.00039652052510064095,74.0,74.0,1.0,2.0,72.0,0.02702702702702703,0.972972972972973,0.20851983241040759,0.0,0.6,0.0038053,8,109,0.0,,,,,,,,,,
915,0.000460385148471687,74.0,74.0,1.0,7.0,67.0,0.0945945945945946,0.9054054054054054,0.203546436445093,0.0,0.6,0.0038053,8,110,0.0,,,,,,,,,,
916,0.0004134851405979134,74.0,74.0,1.0,4.0,70.0,0.05405405405405406,0.9459459459459459,0.20534665164685564,0.0,0.6,0.0038053,8,111,0.0,,,,,,,,,,
917,0.00045313662121770903,74.0,74.0,1.0,6.0,68.0,0.08108108108108109,0.918918918918919,0.20881517021688012,0.0,0.6,0.0038053,8,112,0.0,,,,,,,,,,
918,0.19383488399762427,0.0,74.0,0.0,0.0,0.0,0.0,0.0,0.0,0.0,0.6,0.0038053,8,113,0.0,,,,,,,,,,
919,0.0004212547355564311,74.0,74.0,1.0,1.0,73.0,0.013513513513513514,0.9864864864864865,0.2127326804535624,0.0,0.6,0.0038053,8,114,0.0,,,,,,,,,,
920,0.00035936299827881156,74.0,74.0,1.0,1.0,73.0,0.013513513513513514,0.9864864864864865,0.23717320154432459,0.0,0.6,0.0038053,8,115,0.0,,,,,,,,,,
920,,,,,,,,,,,,,8,,1.0,0.875,0.818975370663863,0.875,0.8095770134375646,0.9972737186477645,0.010464270876938193,0.12227371864776448,0.9970010905125409,0.010643683917537007,0.12200109051254093
921,0.15706640565622365,0.0,74.0,0.0,0.0,0.0,0.0,0.0,0.0,0.0,0.6,0.0038053,9,1,0.0,,,,,,,,,,
922,0.04609988800075371,0.0,74.0,0.0,0.0,0.0,0.0,0.0,0.0,0.0,0.6,0.0038053,9,2,0.0,,,,,,,,,,
923,0.0006514643027912825,63.0,74.0,0.8513513513513513,3.0,60.0,0.047619047619047616,0.9523809523809523,0.19102803086972986,0.0,0.6,0.0038053,9,3,0.0,,,,,,,,,,
924,0.0007078511043800972,74.0,74.0,1.0,11.0,63.0,0.14864864864864866,0.8513513513513513,0.19586360229454564,0.0,0.6,0.0038053,9,4,0.0,,,,,,,,,,
925,0.0005202786633162759,74.0,74.0,1.0,2.0,72.0,0.02702702702702703,0.972972972972973,0.2275081447733427,0.0,0.6,0.0038053,9,5,0.0,,,,,,,,,,
926,0.0005605309634120204,74.0,74.0,1.0,2.0,72.0,0.02702702702702703,0.972972972972973,0.21759886976553378,0.0,0.6,0.0038053,9,6,0.0,,,,,,,,,,
927,0.00047363135672640055,74.0,74.0,1.0,1.0,73.0,0.013513513513513514,0.9864864864864865,0.22077585986893944,0.0,0.6,0.0038053,9,7,0.0,,,,,,,,,,
928,0.0006280463057919405,74.0,74.0,1.0,3.0,71.0,0.04054054054054054,0.9594594594594594,0.20874292401603536,0.0,0.6,0.0038053,9,8,0.0,,,,,,,,,,
929,0.0007888311956776306,59.0,74.0,0.7972972972972973,4.0,55.0,0.06779661016949153,0.9322033898305084,0.20352326774012647,0.0,0.6,0.0038053,9,9,0.0,,,,,,,,,,
930,0.0005290128610795364,74.0,74.0,1.0,2.0,72.0,0.02702702702702703,0.972972972972973,0.2228707806586497,0.0,0.6,0.0038053,9,10,0.0,,,,,,,,,,
931,0.005795409728307277,0.0,74.0,0.0,0.0,0.0,0.0,0.0,0.0,0.0,0.6,0.0038053,9,11,0.0,,,,,,,,,,
932,0.0006204857054399326,74.0,74.0,1.0,2.0,72.0,0.02702702702702703,0.972972972972973,0.21367772894855724,0.0,0.6,0.0038053,9,12,0.0,,,,,,,,,,
933,0.07697816715517547,0.0,74.0,0.0,0.0,0.0,0.0,0.0,0.0,0.0,0.6,0.0038053,9,13,0.0,,,,,,,,,,
934,0.005219033162575215,0.0,74.0,0.0,0.0,0.0,0.0,0.0,0.0,0.0,0.6,0.0038053,9,14,0.0,,,,,,,,,,
935,0.009957449889043346,0.0,74.0,0.0,0.0,0.0,0.0,0.0,0.0,0.0,0.6,0.0038053,9,15,0.0,,,,,,,,,,
936,0.00276909059175523,1.0,74.0,0.013513513513513514,0.0,1.0,0.0,1.0,0.252566510440932,0.0,0.6,0.0038053,9,16,0.0,,,,,,,,,,
937,0.0006543025374412537,74.0,74.0,1.0,4.0,70.0,0.05405405405405406,0.9459459459459459,0.1964542697045785,0.0,0.6,0.0038053,9,17,0.0,,,,,,,,,,
938,0.0004988893560948782,74.0,74.0,1.0,1.0,73.0,0.013513513513513514,0.9864864864864865,0.20793280651637658,0.0,0.6,0.0038053,9,18,0.0,,,,,,,,,,
939,0.0006065269117243588,66.0,74.0,0.8918918918918919,2.0,64.0,0.030303030303030304,0.9696969696969697,0.21325623867765195,0.0,0.6,0.0038053,9,19,0.0,,,,,,,,,,
940,0.0005545014719245955,74.0,74.0,1.0,3.0,71.0,0.04054054054054054,0.9594594594594594,0.21890199969940793,0.0,0.6,0.0038053,9,20,0.0,,,,,,,,,,
941,0.0004772863831021823,74.0,74.0,1.0,1.0,73.0,0.013513513513513514,0.9864864864864865,0.22027496645342143,0.0,0.6,0.0038053,9,21,0.0,,,,,,,,,,
942,0.0005564518651226535,74.0,74.0,1.0,6.0,68.0,0.08108108108108109,0.918918918918919,0.19749187619893427,0.0,0.6,0.0038053,9,22,0.0,,,,,,,,,,
943,0.18225943194556748,0.0,74.0,0.0,0.0,0.0,0.0,0.0,0.0,0.0,0.6,0.0038053,9,23,0.0,,,,,,,,,,
944,0.0004952268936904147,74.0,74.0,1.0,2.0,72.0,0.02702702702702703,0.972972972972973,0.2159632391625508,0.0,0.6,0.0038053,9,24,0.0,,,,,,,,,,
945,0.0008255347565864213,19.0,74.0,0.25675675675675674,0.0,19.0,0.0,1.0,0.2273626347720469,0.0,0.6,0.0038053,9,25,0.0,,,,,,,,,,
946,0.000689438107656315,67.0,74.0,0.9054054054054054,3.0,64.0,0.04477611940298507,0.9552238805970149,0.2087695517898645,0.0,0.6,0.0038053,9,26,0.0,,,,,,,,,,
947,0.0005373350068111904,74.0,74.0,1.0,1.0,73.0,0.013513513513513514,0.9864864864864865,0.21404686717371663,0.0,0.6,0.0038053,9,27,0.0,,,,,,,,,,
948,0.00038730256346752867,74.0,74.0,1.0,0.0,74.0,0.0,1.0,0.24355335394614275,0.0,0.6,0.0038053,9,28,0.0,,,,,,,,,,
949,0.00041019130003405735,74.0,74.0,1.0,3.0,71.0,0.04054054054054054,0.9594594594594594,0.20855431200086474,0.0,0.6,0.0038053,9,29,0.0,,,,,,,,,,
950,0.0017080404431908391,4.0,74.0,0.05405405405405406,0.0,4.0,0.0,1.0,0.22408096848146192,0.0,0.6,0.0038053,9,30,0.0,,,,,,,,,,
951,0.0004431291818036698,74.0,74.0,1.0,1.0,73.0,0.013513513513513514,0.9864864864864865,0.23177534294958677,0.0,0.6,0.0038053,9,31,0.0,,,,,,,,,,
952,0.0006741744582541287,46.0,74.0,0.6216216216216216,2.0,44.0,0.043478260869565216,0.9565217391304348,0.2123575750962054,0.0,0.6,0.0038053,9,32,0.0,,,,,,,,,,
953,0.0003767854577745311,74.0,74.0,1.0,2.0,72.0,0.02702702702702703,0.972972972972973,0.2131943610774459,0.0,0.6,0.0038053,9,33,0.0,,,,,,,,,,
954,0.0004216586603433825,74.0,74.0,1.0,6.0,68.0,0.08108108108108109,0.918918918918919,0.209849233859659,0.0,0.6,0.0038053,9,34,0.0,,,,,,,,,,
955,0.000425118203565944,74.0,74.0,1.0,0.0,74.0,0.0,1.0,0.23597637107869968,0.0,0.6,0.0038053,9,35,0.0,,,,,,,,,,
956,0.0005556373143917881,70.0,74.0,0.9459459459459459,13.0,57.0,0.18571428571428572,0.8142857142857143,0.19335600878858714,0.0,0.6,0.0038053,9,36,0.0,,,,,,,,,,
957,0.00040126343083102256,74.0,74.0,1.0,1.0,73.0,0.013513513513513514,0.9864864864864865,0.2261131116936281,0.0,0.6,0.0038053,9,37,0.0,,,,,,,,,,
958,0.0005479692626977339,74.0,74.0,1.0,5.0,69.0,0.06756756756756757,0.9324324324324325,0.20429835611989489,0.0,0.6,0.0038053,9,38,0.0,,,,,,,,,,
959,0.2659973789996002,1.0,74.0,0.013513513513513514,0.0,1.0,0.0,1.0,0.17345780773880198,0.0,0.6,0.0038053,9,39,0.0,,,,,,,,,,
960,0.00039192201802507043,74.0,74.0,1.0,2.0,72.0,0.02702702702702703,0.972972972972973,0.218501340173435,0.0,0.6,0.0038053,9,40,0.0,,,,,,,,,,
961,0.0003976740699727088,74.0,74.0,1.0,1.0,73.0,0.013513513513513514,0.9864864864864865,0.21869334847759517,0.0,0.6,0.0038053,9,41,0.0,,,,,,,,,,
962,0.0005139162967680022,74.0,74.0,1.0,0.0,74.0,0.0,1.0,0.23251988348952776,0.0,0.6,0.0038053,9,42,0.0,,,,,,,,,,
963,0.0005105321470182389,74.0,74.0,1.0,2.0,72.0,0.02702702702702703,0.972972972972973,0.21922516985762575,0.0,0.6,0.0038053,9,43,0.0,,,,,,,,,,
964,0.0006384720327332616,71.0,74.0,0.9594594594594594,3.0,68.0,0.04225352112676056,0.9577464788732394,0.20556617850219921,0.0,0.6,0.0038053,9,44,0.0,,,,,,,,,,
965,0.0005821305094286799,74.0,74.0,1.0,4.0,70.0,0.05405405405405406,0.9459459459459459,0.21090933962800548,0.0,0.6,0.0038053,9,45,0.0,,,,,,,,,,
966,0.0005690948310075328,74.0,74.0,1.0,3.0,71.0,0.04054054054054054,0.9594594594594594,0.20548501198849325,0.0,0.6,0.0038053,9,46,0.0,,,,,,,,,,
967,0.0006485539488494396,74.0,74.0,1.0,4.0,70.0,0.05405405405405406,0.9459459459459459,0.20754842466445805,0.0,0.6,0.0038053,9,47,0.0,,,,,,,,,,
968,0.0005932334170211107,74.0,74.0,1.0,5.0,69.0,0.06756756756756757,0.9324324324324325,0.20225218915552395,0.0,0.6,0.0038053,9,48,0.0,,,,,,,,,,
969,0.05753525819454808,0.0,74.0,0.0,0.0,0.0,0.0,0.0,0.0,0.0,0.6,0.0038053,9,49,0.0,,,,,,,,,,
970,0.0004986878775525838,74.0,74.0,1.0,2.0,72.0,0.02702702702702703,0.972972972972973,0.22241791220824272,0.0,0.6,0.0038053,9,50,0.0,,,,,,,,,,
971,0.08050940331304446,0.0,74.0,0.0,0.0,0.0,0.0,0.0,0.0,0.0,0.6,0.0038053,9,51,0.0,,,,,,,,,,
972,0.0006351416377583519,74.0,74.0,1.0,8.0,66.0,0.10810810810810811,0.8918918918918919,0.20499619150598558,0.0,0.6,0.0038053,9,52,0.0,,,,,,,,,,
973,0.00042554052197374403,74.0,74.0,1.0,0.0,74.0,0.0,1.0,0.22598463661651913,0.0,0.6,0.0038053,9,53,0.0,,,,,,,,,,
974,0.0004772054235218093,74.0,74.0,1.0,1.0,73.0,0.013513513513513514,0.9864864864864865,0.2113909304317073,0.0,0.6,0.0038053,9,54,0.0,,,,,,,,,,
975,0.0005730981356464326,74.0,74.0,1.0,3.0,71.0,0.04054054054054054,0.9594594594594594,0.21578574379553211,0.0,0.6,0.0038053,9,55,0.0,,,,,,,,,,
976,0.0008443673650617711,63.0,74.0,0.8513513513513513,3.0,60.0,0.047619047619047616,0.9523809523809523,0.19839667544207357,0.0,0.6,0.0038053,9,56,0.0,,,,,,,,,,
977,0.00045798767678206787,74.0,74.0,1.0,2.0,72.0,0.02702702702702703,0.972972972972973,0.22152821759930577,0.0,0.6,0.0038053,9,57,0.0,,,,,,,,,,
978,0.0004943331077811308,74.0,74.0,1.0,5.0,69.0,0.06756756756756757,0.9324324324324325,0.21275812975522695,0.0,0.6,0.0038053,9,58,0.0,,,,,,,,,,
979,0.0005648166115861386,74.0,74.0,1.0,6.0,68.0,0.08108108108108109,0.918918918918919,0.20690399985228866,0.0,0.6,0.0038053,9,59,0.0,,,,,,,,,,
980,0.0005863223050255328,66.0,74.0,0.8918918918918919,2.0,64.0,0.030303030303030304,0.9696969696969697,0.21936217375479738,0.0,0.6,0.0038053,9,60,0.0,,,,,,,,,,
981,0.05346336089132819,0.0,74.0,0.0,0.0,0.0,0.0,0.0,0.0,0.0,0.6,0.0038053,9,61,0.0,,,,,,,,,,
982,0.00044854690349893644,74.0,74.0,1.0,2.0,72.0,0.02702702702702703,0.972972972972973,0.23272589994127077,0.0,0.6,0.0038053,9,62,0.0,,,,,,,,,,
983,0.00046983871288830414,74.0,74.0,1.0,4.0,70.0,0.05405405405405406,0.9459459459459459,0.21349764715982666,0.0,0.6,0.0038053,9,63,0.0,,,,,,,,,,
984,0.0005528618858079426,74.0,74.0,1.0,8.0,66.0,0.10810810810810811,0.8918918918918919,0.19466988518682618,0.0,0.6,0.0038053,9,64,0.0,,,,,,,,,,
985,0.0004271690850146115,74.0,74.0,1.0,1.0,73.0,0.013513513513513514,0.9864864864864865,0.21789993945166183,0.0,0.6,0.0038053,9,65,0.0,,,,,,,,,,
986,0.00043930934771196917,67.0,74.0,0.9054054054054054,1.0,66.0,0.014925373134328358,0.9850746268656716,0.22734166232034342,0.0,0.6,0.0038053,9,66,0.0,,,,,,,,,,
987,0.0005032610497437418,74.0,74.0,1.0,3.0,71.0,0.04054054054054054,0.9594594594594594,0.19732307997372717,0.0,0.6,0.0038053,9,67,0.0,,,,,,,,,,
988,0.0004917093974654563,74.0,74.0,1.0,2.0,72.0,0.02702702702702703,0.972972972972973,0.2094290137893505,0.0,0.6,0.0038053,9,68,0.0,,,,,,,,,,
989,0.0007188114832388237,28.0,74.0,0.3783783783783784,1.0,27.0,0.03571428571428571,0.9642857142857143,0.20904793356836973,0.0,0.6,0.0038053,9,69,0.0,,,,,,,,,,
990,0.0004370348251541145,74.0,74.0,1.0,3.0,71.0,0.04054054054054054,0.9594594594594594,0.21599742175136263,0.0,0.6,0.0038053,9,70,0.0,,,,,,,,,,
991,0.0006914884143043309,74.0,74.0,1.0,8.0,66.0,0.10810810810810811,0.8918918918918919,0.19290161981620857,0.0,0.6,0.0038053,9,71,0.0,,,,,,,,,,
992,0.00041736684215720743,74.0,74.0,1.0,3.0,71.0,0.04054054054054054,0.9594594594594594,0.20915976665081248,0.0,0.6,0.0038053,9,72,0.0,,,,,,,,,,
993,0.00035837307950714603,74.0,74.0,1.0,0.0,74.0,0.0,1.0,0.2374024980526287,0.0,0.6,0.0038053,9,73,0.0,,,,,,,,,,
994,0.00034238881926285103,74.0,74.0,1.0,1.0,73.0,0.013513513513513514,0.9864864864864865,0.2210088871796949,0.0,0.6,0.0038053,9,74,0.0,,,,,,,,,,
995,0.00978146344277775,0.0,74.0,0.0,0.0,0.0,0.0,0.0,0.0,0.0,0.6,0.0038053,9,75,0.0,,,,,,,,,,
996,0.0016074174927780405,2.0,74.0,0.02702702702702703,0.0,2.0,0.0,1.0,0.2376705655141803,0.0,0.6,0.0038053,9,76,0.0,,,,,,,,,,
997,0.00033863128192024305,74.0,74.0,1.0,0.0,74.0,0.0,1.0,0.23601666130358215,0.0,0.6,0.0038053,9,77,0.0,,,,,,,,,,
998,0.00046812446089461446,74.0,74.0,1.0,1.0,73.0,0.013513513513513514,0.9864864864864865,0.19983142837155551,0.0,0.6,0.0038053,9,78,0.0,,,,,,,,,,
999,0.00036957331030862406,74.0,74.0,1.0,2.0,72.0,0.02702702702702703,0.972972972972973,0.21602268836055646,0.0,0.6,0.0038053,9,79,0.0,,,,,,,,,,
1000,0.0003944297568523325,74.0,74.0,1.0,4.0,70.0,0.05405405405405406,0.9459459459459459,0.20790901613530127,0.0,0.6,0.0038053,9,80,0.0,,,,,,,,,,
1001,0.000404304351832252,74.0,74.0,1.0,5.0,69.0,0.06756756756756757,0.9324324324324325,0.20341873531544125,0.0,0.6,0.0038053,9,81,0.0,,,,,,,,,,
1002,0.00030577991128666326,74.0,74.0,1.0,0.0,74.0,0.0,1.0,0.21917626779336044,0.0,0.6,0.0038053,9,82,0.0,,,,,,,,,,
1003,0.00037600557698169723,74.0,74.0,1.0,4.0,70.0,0.05405405405405406,0.9459459459459459,0.21073253019525726,0.0,0.6,0.0038053,9,83,0.0,,,,,,,,,,
1004,0.0003129489632556215,74.0,74.0,1.0,1.0,73.0,0.013513513513513514,0.9864864864864865,0.22463655043713043,0.0,0.6,0.0038053,9,84,0.0,,,,,,,,,,
1005,0.0005055937544966582,38.0,74.0,0.5135135135135135,2.0,36.0,0.05263157894736842,0.9473684210526315,0.2127511998126143,0.0,0.6,0.0038053,9,85,0.0,,,,,,,,,,
1006,0.0003384623778401874,74.0,74.0,1.0,2.0,72.0,0.02702702702702703,0.972972972972973,0.21618667883357842,0.0,0.6,0.0038053,9,86,0.0,,,,,,,,,,
1007,0.17568890898110112,0.0,74.0,0.0,0.0,0.0,0.0,0.0,0.0,0.0,0.6,0.0038053,9,87,0.0,,,,,,,,,,
1008,0.00032320182071998715,74.0,74.0,1.0,0.0,74.0,0.0,1.0,0.22212689994527612,0.0,0.6,0.0038053,9,88,0.0,,,,,,,,,,
1009,0.0006794624787289649,73.0,74.0,0.9864864864864865,14.0,59.0,0.1917808219178082,0.8082191780821918,0.18461949791560947,0.0,0.6,0.0038053,9,89,0.0,,,,,,,,,,
1010,0.0004478202827158384,74.0,74.0,1.0,8.0,66.0,0.10810810810810811,0.8918918918918919,0.20322237908472415,0.0,0.6,0.0038053,9,90,0.0,,,,,,,,,,
1011,0.00043403950257925317,74.0,74.0,1.0,1.0,73.0,0.013513513513513514,0.9864864864864865,0.21687379660919018,0.0,0.6,0.0038053,9,91,0.0,,,,,,,,,,
1012,0.00039078026748029515,74.0,74.0,1.0,3.0,71.0,0.04054054054054054,0.9594594594594594,0.21329402551223212,0.0,0.6,0.0038053,9,92,0.0,,,,,,,,,,
1013,0.00033400917891412973,74.0,74.0,1.0,0.0,74.0,0.0,1.0,0.20802196641493767,0.0,0.6,0.0038053,9,93,0.0,,,,,,,,,,
1014,0.00038039375067455694,74.0,74.0,1.0,0.0,74.0,0.0,1.0,0.2120661446032981,0.0,0.6,0.0038053,9,94,0.0,,,,,,,,,,
1015,0.0003097153312410228,74.0,74.0,1.0,0.0,74.0,0.0,1.0,0.225007743150966,0.0,0.6,0.0038053,9,95,0.0,,,,,,,,,,
1016,0.0003146144008496776,74.0,74.0,1.0,4.0,70.0,0.05405405405405406,0.9459459459459459,0.20478724846515767,0.0,0.6,0.0038053,9,96,0.0,,,,,,,,,,
1017,0.00039455638761864975,74.0,74.0,1.0,3.0,71.0,0.04054054054054054,0.9594594594594594,0.2047777107463749,0.0,0.6,0.0038053,9,97,0.0,,,,,,,,,,
1018,0.0004106550259166397,74.0,74.0,1.0,5.0,69.0,0.06756756756756757,0.9324324324324325,0.20470200694700047,0.0,0.6,0.0038053,9,98,0.0,,,,,,,,,,
1019,0.00036744707176694646,74.0,74.0,1.0,0.0,74.0,0.0,1.0,0.223442948956429,0.0,0.6,0.0038053,9,99,0.0,,,,,,,,,,
1020,0.000319717510137707,74.0,74.0,1.0,0.0,74.0,0.0,1.0,0.20982098368748628,0.0,0.6,0.0038053,9,100,0.0,,,,,,,,,,
1021,0.00029945042842882685,74.0,74.0,1.0,0.0,74.0,0.0,1.0,0.2168074302626151,0.0,0.6,0.0038053,9,101,0.0,,,,,,,,,,
1022,0.0004025012458441779,74.0,74.0,1.0,1.0,73.0,0.013513513513513514,0.9864864864864865,0.21936674469950987,0.0,0.6,0.0038053,9,102,0.0,,,,,,,,,,
1023,0.0003369314581505023,74.0,74.0,1.0,1.0,73.0,0.013513513513513514,0.9864864864864865,0.20824113628838967,0.0,0.6,0.0038053,9,103,0.0,,,,,,,,,,
1024,0.00046222825767472386,72.0,74.0,0.972972972972973,4.0,68.0,0.05555555555555555,0.9444444444444444,0.20123924322703787,0.0,0.6,0.0038053,9,104,0.0,,,,,,,,,,
1025,0.00046905830095056444,74.0,74.0,1.0,5.0,69.0,0.06756756756756757,0.9324324324324325,0.19551019178607748,0.0,0.6,0.0038053,9,105,0.0,,,,,,,,,,
1026,0.07523240389855346,0.0,74.0,0.0,0.0,0.0,0.0,0.0,0.0,0.0,0.6,0.0038053,9,106,0.0,,,,,,,,,,
1027,0.0003299843883723952,74.0,74.0,1.0,2.0,72.0,0.02702702702702703,0.972972972972973,0.21661762594070263,0.0,0.6,0.0038053,9,107,0.0,,,,,,,,,,
1028,0.0003085642383666709,74.0,74.0,1.0,1.0,73.0,0.013513513513513514,0.9864864864864865,0.21482265906811085,0.0,0.6,0.0038053,9,108,0.0,,,,,,,,,,
1029,0.0003801984275924042,73.0,74.0,0.9864864864864865,11.0,62.0,0.1506849315068493,0.8493150684931506,0.19579045302922124,0.0,0.6,0.0038053,9,109,0.0,,,,,,,,,,
1030,0.000291664844553452,74.0,74.0,1.0,2.0,72.0,0.02702702702702703,0.972972972972973,0.21457960382191044,0.0,0.6,0.0038053,9,110,0.0,,,,,,,,,,
1031,0.0003988553289673291,74.0,74.0,1.0,17.0,57.0,0.22972972972972974,0.7702702702702703,0.1892721443434021,0.0,0.6,0.0038053,9,111,0.0,,,,,,,,,,
1032,0.0003472813914413564,74.0,74.0,1.0,0.0,74.0,0.0,1.0,0.20843343565197325,0.0,0.6,0.0038053,9,112,0.0,,,,,,,,,,
1033,0.0003546231455402449,74.0,74.0,1.0,13.0,61.0,0.17567567567567569,0.8243243243243243,0.1938335673176327,0.0,0.6,0.0038053,9,113,0.0,,,,,,,,,,
1034,0.00036041565908817574,72.0,74.0,0.972972972972973,0.0,72.0,0.0,1.0,0.2163366622480052,0.0,0.6,0.0038053,9,114,0.0,,,,,,,,,,
1035,0.0002978041593451053,74.0,74.0,1.0,1.0,73.0,0.013513513513513514,0.9864864864864865,0.2210933560107748,0.0,0.6,0.0038053,9,115,0.0,,,,,,,,,,
1035,,,,,,,,,,,,,9,,1.0,0.8872549019607843,0.7546234428882599,0.8897058823529411,0.7545792643840497,0.9994547437295529,0.003238527176258883,0.11219984176876863,0.9994547437295529,0.00315511690505841,0.10974886137661177
1036,0.0003224028550903313,74.0,74.0,1.0,3.0,71.0,0.04054054054054054,0.9594594594594594,0.21343956831778785,0.0,0.6,0.0038053,10,1,0.0,,,,,,,,,,
1037,0.00029794988950015977,74.0,74.0,1.0,7.0,67.0,0.0945945945945946,0.9054054054054054,0.20711554407408447,0.0,0.6,0.0038053,10,2,0.0,,,,,,,,,,
1038,0.00046789099724264815,74.0,74.0,1.0,7.0,67.0,0.0945945945945946,0.9054054054054054,0.1940217084948718,0.0,0.6,0.0038053,10,3,0.0,,,,,,,,,,
1039,0.000249209493631497,74.0,74.0,1.0,0.0,74.0,0.0,1.0,0.2337305364335328,0.0,0.6,0.0038053,10,4,0.0,,,,,,,,,,
1040,0.002352551106014289,1.0,74.0,0.013513513513513514,0.0,1.0,0.0,1.0,0.25232869788268275,0.0,0.6,0.0038053,10,5,0.0,,,,,,,,,,
1041,0.00028320049023022875,74.0,74.0,1.0,0.0,74.0,0.0,1.0,0.21920733507664347,0.0,0.6,0.0038053,10,6,0.0,,,,,,,,,,
1042,0.000320109014865011,74.0,74.0,1.0,0.0,74.0,0.0,1.0,0.23098270675152802,0.0,0.6,0.0038053,10,7,0.0,,,,,,,,,,
1043,0.0002764538294286467,74.0,74.0,1.0,1.0,73.0,0.013513513513513514,0.9864864864864865,0.21359773704837165,0.0,0.6,0.0038053,10,8,0.0,,,,,,,,,,
1044,0.00027870129997609183,74.0,74.0,1.0,0.0,74.0,0.0,1.0,0.23013962391052004,0.0,0.6,0.0038053,10,9,0.0,,,,,,,,,,
1045,0.0005671559629263356,66.0,74.0,0.8918918918918919,7.0,59.0,0.10606060606060606,0.8939393939393939,0.19420690024822357,0.0,0.6,0.0038053,10,10,0.0,,,,,,,,,,
1046,0.0010618042215355672,22.0,74.0,0.2972972972972973,1.0,21.0,0.045454545454545456,0.9545454545454546,0.20581339832925225,0.0,0.6,0.0038053,10,11,0.0,,,,,,,,,,
1047,0.0004012647768831812,74.0,74.0,1.0,2.0,72.0,0.02702702702702703,0.972972972972973,0.20575220786410495,0.0,0.6,0.0038053,10,12,0.0,,,,,,,,,,
1048,0.0011480991961434484,19.0,74.0,0.25675675675675674,0.0,19.0,0.0,1.0,0.2065029434351496,0.0,0.6,0.0038053,10,13,0.0,,,,,,,,,,
1049,0.00026814437296707183,74.0,74.0,1.0,0.0,74.0,0.0,1.0,0.20808917972664379,0.0,0.6,0.0038053,10,14,0.0,,,,,,,,,,
1050,0.2643204216219601,3.0,74.0,0.04054054054054054,2.0,1.0,0.6666666666666666,0.3333333333333333,0.17347886931738773,0.0,0.6,0.0038053,10,15,0.0,,,,,,,,,,
1051,0.0002850129676517099,74.0,74.0,1.0,0.0,74.0,0.0,1.0,0.21796025757791557,0.0,0.6,0.0038053,10,16,0.0,,,,,,,,,,
1052,0.0003289237429271452,74.0,74.0,1.0,7.0,67.0,0.0945945945945946,0.9054054054054054,0.2000773432172449,0.0,0.6,0.0038053,10,17,0.0,,,,,,,,,,
1053,0.00029847375117242336,74.0,74.0,1.0,0.0,74.0,0.0,1.0,0.21598372021242956,0.0,0.6,0.0038053,10,18,0.0,,,,,,,,,,
1054,0.00032226428083959036,74.0,74.0,1.0,0.0,74.0,0.0,1.0,0.2200520209383115,0.0,0.6,0.0038053,10,19,0.0,,,,,,,,,,
1055,0.2496694211877184,3.0,74.0,0.04054054054054054,1.0,2.0,0.3333333333333333,0.6666666666666666,0.17913317716619717,0.0,0.6,0.0038053,10,20,0.0,,,,,,,,,,
1056,0.00023548782701254822,74.0,74.0,1.0,0.0,74.0,0.0,1.0,0.21690235762208332,0.0,0.6,0.0038053,10,21,0.0,,,,,,,,,,
1057,0.0003016844639205374,74.0,74.0,1.0,0.0,74.0,0.0,1.0,0.21291594949013945,0.0,0.6,0.0038053,10,22,0.0,,,,,,,,,,
1058,0.0002983304439112544,74.0,74.0,1.0,0.0,74.0,0.0,1.0,0.21577780006012354,0.0,0.6,0.0038053,10,23,0.0,,,,,,,,,,
1059,0.0003189945491612889,74.0,74.0,1.0,0.0,74.0,0.0,1.0,0.21813995176832687,0.0,0.6,0.0038053,10,24,0.0,,,,,,,,,,
1060,0.000268962889094837,74.0,74.0,1.0,3.0,71.0,0.04054054054054054,0.9594594594594594,0.20817111648686537,0.0,0.6,0.0038053,10,25,0.0,,,,,,,,,,
1061,0.008097642930806614,0.0,74.0,0.0,0.0,0.0,0.0,0.0,0.0,0.0,0.6,0.0038053,10,26,0.0,,,,,,,,,,
1062,0.00035740158637054265,74.0,74.0,1.0,2.0,72.0,0.02702702702702703,0.972972972972973,0.20821581127080072,0.0,0.6,0.0038053,10,27,0.0,,,,,,,,,,
1063,0.0003128684693365358,74.0,74.0,1.0,2.0,72.0,0.02702702702702703,0.972972972972973,0.20854732424235028,0.0,0.6,0.0038053,10,28,0.0,,,,,,,,,,
1064,0.0004625774308806285,74.0,74.0,1.0,4.0,70.0,0.05405405405405406,0.9459459459459459,0.2009136942569135,0.0,0.6,0.0038053,10,29,0.0,,,,,,,,,,
1065,0.004449636187928263,0.0,74.0,0.0,0.0,0.0,0.0,0.0,0.0,0.0,0.6,0.0038053,10,30,0.0,,,,,,,,,,
1066,0.00035427859984338284,74.0,74.0,1.0,3.0,71.0,0.04054054054054054,0.9594594594594594,0.2041018020601027,0.0,0.6,0.0038053,10,31,0.0,,,,,,,,,,
1067,0.00038049470458645374,74.0,74.0,1.0,5.0,69.0,0.06756756756756757,0.9324324324324325,0.2024479876619805,0.0,0.6,0.0038053,10,32,0.0,,,,,,,,,,
1068,0.0004114034163649194,74.0,74.0,1.0,2.0,72.0,0.02702702702702703,0.972972972972973,0.20478778505306955,0.0,0.6,0.0038053,10,33,0.0,,,,,,,,,,
1069,0.010201155717368238,0.0,74.0,0.0,0.0,0.0,0.0,0.0,0.0,0.0,0.6,0.0038053,10,34,0.0,,,,,,,,,,
1070,0.0003086200085817836,74.0,74.0,1.0,1.0,73.0,0.013513513513513514,0.9864864864864865,0.20017698314340127,0.0,0.6,0.0038053,10,35,0.0,,,,,,,,,,
1071,0.09625389270513551,0.0,74.0,0.0,0.0,0.0,0.0,0.0,0.0,0.0,0.6,0.0038053,10,36,0.0,,,,,,,,,,
1072,0.00040595942846266553,74.0,74.0,1.0,5.0,69.0,0.06756756756756757,0.9324324324324325,0.20119648825762654,0.0,0.6,0.0038053,10,37,0.0,,,,,,,,,,
1073,0.001046845005475916,19.0,74.0,0.25675675675675674,1.0,18.0,0.05263157894736842,0.9473684210526315,0.1983634177291873,0.0,0.6,0.0038053,10,38,0.0,,,,,,,,,,
1074,0.00034631617018021643,74.0,74.0,1.0,0.0,74.0,0.0,1.0,0.21652583204368284,0.0,0.6,0.0038053,10,39,0.0,,,,,,,,,,
1075,0.0004646206471079495,61.0,74.0,0.8243243243243243,8.0,53.0,0.13114754098360656,0.8688524590163934,0.19287495444754768,0.0,0.6,0.0038053,10,40,0.0,,,,,,,,,,
1076,0.00041055434849113226,74.0,74.0,1.0,3.0,71.0,0.04054054054054054,0.9594594594594594,0.20052240034561186,0.0,0.6,0.0038053,10,41,0.0,,,,,,,,,,
1077,0.0003546589723555371,74.0,74.0,1.0,1.0,73.0,0.013513513513513514,0.9864864864864865,0.19973471527640996,0.0,0.6,0.0038053,10,42,0.0,,,,,,,,,,
1078,0.00032961142278509215,74.0,74.0,1.0,0.0,74.0,0.0,1.0,0.21413487087217187,0.0,0.6,0.0038053,10,43,0.0,,,,,,,,,,
1079,0.000405837177822832,74.0,74.0,1.0,3.0,71.0,0.04054054054054054,0.9594594594594594,0.2025084760318207,0.0,0.6,0.0038053,10,44,0.0,,,,,,,,,,
1080,0.00036870394978905097,74.0,74.0,1.0,6.0,68.0,0.08108108108108109,0.918918918918919,0.19912476540784174,0.0,0.6,0.0038053,10,45,0.0,,,,,,,,,,
1081,0.00032564807042945176,74.0,74.0,1.0,0.0,74.0,0.0,1.0,0.2199679126346069,0.0,0.6,0.0038053,10,46,0.0,,,,,,,,,,
1082,0.00037831039662705734,74.0,74.0,1.0,1.0,73.0,0.013513513513513514,0.9864864864864865,0.21184175068644456,0.0,0.6,0.0038053,10,47,0.0,,,,,,,,,,
1083,0.00034361524012638256,74.0,74.0,1.0,1.0,73.0,0.013513513513513514,0.9864864864864865,0.21295269895765417,0.0,0.6,0.0038053,10,48,0.0,,,,,,,,,,
1084,0.00035818312608171254,74.0,74.0,1.0,0.0,74.0,0.0,1.0,0.21119760931135687,0.0,0.6,0.0038053,10,49,0.0,,,,,,,,,,
1085,0.00033439901017118245,74.0,74.0,1.0,4.0,70.0,0.05405405405405406,0.9459459459459459,0.19990243532104676,0.0,0.6,0.0038053,10,50,0.0,,,,,,,,,,
1086,0.00036381842437549494,74.0,74.0,1.0,5.0,69.0,0.06756756756756757,0.9324324324324325,0.19709335011898751,0.0,0.6,0.0038053,10,51,0.0,,,,,,,,,,
1087,0.0003265675841248594,74.0,74.0,1.0,1.0,73.0,0.013513513513513514,0.9864864864864865,0.20398754408361564,0.0,0.6,0.0038053,10,52,0.0,,,,,,,,,,
1088,0.00037109534605406225,74.0,74.0,1.0,4.0,70.0,0.05405405405405406,0.9459459459459459,0.1999040008476337,0.0,0.6,0.0038053,10,53,0.0,,,,,,,,,,
1089,0.0004981062666047364,74.0,74.0,1.0,10.0,64.0,0.13513513513513514,0.8648648648648649,0.18957836959621044,0.0,0.6,0.0038053,10,54,0.0,,,,,,,,,,
1090,0.0004153060363023542,74.0,74.0,1.0,7.0,67.0,0.0945945945945946,0.9054054054054054,0.1932658332286828,0.0,0.6,0.0038053,10,55,0.0,,,,,,,,,,
1091,0.004908690956654027,0.0,74.0,0.0,0.0,0.0,0.0,0.0,0.0,0.0,0.6,0.0038053,10,56,0.0,,,,,,,,,,
1092,0.00031285805016523227,74.0,74.0,1.0,1.0,73.0,0.013513513513513514,0.9864864864864865,0.20663673188527953,0.0,0.6,0.0038053,10,57,0.0,,,,,,,,,,
1093,0.00039144726179074496,74.0,74.0,1.0,2.0,72.0,0.02702702702702703,0.972972972972973,0.1904689463325949,0.0,0.6,0.0038053,10,58,0.0,,,,,,,,,,
1094,0.00042454718641238287,74.0,74.0,1.0,10.0,64.0,0.13513513513513514,0.8648648648648649,0.1988170408546597,0.0,0.6,0.0038053,10,59,0.0,,,,,,,,,,
1095,0.0004985437408322468,32.0,74.0,0.43243243243243246,0.0,32.0,0.0,1.0,0.21989906664517583,0.0,0.6,0.0038053,10,60,0.0,,,,,,,,,,
1096,0.00034133643202949315,74.0,74.0,1.0,0.0,74.0,0.0,1.0,0.21584439909815858,0.0,0.6,0.0038053,10,61,0.0,,,,,,,,,,
1097,0.00028919965552631766,74.0,74.0,1.0,0.0,74.0,0.0,1.0,0.2093193099820767,0.0,0.6,0.0038053,10,62,0.0,,,,,,,,,,
1098,0.24921752892259974,0.0,74.0,0.0,0.0,0.0,0.0,0.0,0.0,0.0,0.6,0.0038053,10,63,0.0,,,,,,,,,,
1099,0.00035832707362715155,74.0,74.0,1.0,0.0,74.0,0.0,1.0,0.20704980593001915,0.0,0.6,0.0038053,10,64,0.0,,,,,,,,,,
1100,0.00036121670564170927,74.0,74.0,1.0,5.0,69.0,0.06756756756756757,0.9324324324324325,0.20424654701972042,0.0,0.6,0.0038053,10,65,0.0,,,,,,,,,,
1101,0.00036124265898251906,74.0,74.0,1.0,1.0,73.0,0.013513513513513514,0.9864864864864865,0.2096038229601357,0.0,0.6,0.0038053,10,66,0.0,,,,,,,,,,
1102,0.00032740053575253114,74.0,74.0,1.0,1.0,73.0,0.013513513513513514,0.9864864864864865,0.21800165777710906,0.0,0.6,0.0038053,10,67,0.0,,,,,,,,,,
1103,0.00028003287297906354,74.0,74.0,1.0,0.0,74.0,0.0,1.0,0.22488603694077666,0.0,0.6,0.0038053,10,68,0.0,,,,,,,,,,
1104,0.000419429867179133,74.0,74.0,1.0,2.0,72.0,0.02702702702702703,0.972972972972973,0.19775263578366475,0.0,0.6,0.0038053,10,69,0.0,,,,,,,,,,
1105,0.00037956872256472707,74.0,74.0,1.0,1.0,73.0,0.013513513513513514,0.9864864864864865,0.21063468730433166,0.0,0.6,0.0038053,10,70,0.0,,,,,,,,,,
1106,0.0003235668336856179,74.0,74.0,1.0,2.0,72.0,0.02702702702702703,0.972972972972973,0.20212662024382283,0.0,0.6,0.0038053,10,71,0.0,,,,,,,,,,
1107,0.00029586555319838226,74.0,74.0,1.0,1.0,73.0,0.013513513513513514,0.9864864864864865,0.20221082927737147,0.0,0.6,0.0038053,10,72,0.0,,,,,,,,,,
1108,0.0002625756387715228,74.0,74.0,1.0,0.0,74.0,0.0,1.0,0.2122211966087943,0.0,0.6,0.0038053,10,73,0.0,,,,,,,,,,
1109,0.0003714487174875103,74.0,74.0,1.0,1.0,73.0,0.013513513513513514,0.9864864864864865,0.21184931561485995,0.0,0.6,0.0038053,10,74,0.0,,,,,,,,,,
1110,0.0003164286899846047,74.0,74.0,1.0,1.0,73.0,0.013513513513513514,0.9864864864864865,0.20501496110971565,0.0,0.6,0.0038053,10,75,0.0,,,,,,,,,,
1111,0.0005867130967089906,36.0,74.0,0.4864864864864865,5.0,31.0,0.1388888888888889,0.8611111111111112,0.19137803523191288,0.0,0.6,0.0038053,10,76,0.0,,,,,,,,,,
1112,0.00034923262865049765,74.0,74.0,1.0,0.0,74.0,0.0,1.0,0.21179340137041036,0.0,0.6,0.0038053,10,77,0.0,,,,,,,,,,
1113,0.0002968347071146127,74.0,74.0,1.0,6.0,68.0,0.08108108108108109,0.918918918918919,0.19677432936194159,0.0,0.6,0.0038053,10,78,0.0,,,,,,,,,,
1114,0.0003010089276358485,74.0,74.0,1.0,4.0,70.0,0.05405405405405406,0.9459459459459459,0.20454834466574578,0.0,0.6,0.0038053,10,79,0.0,,,,,,,,,,
1115,0.0003148553441860713,74.0,74.0,1.0,5.0,69.0,0.06756756756756757,0.9324324324324325,0.19828685414581998,0.0,0.6,0.0038053,10,80,0.0,,,,,,,,,,
1116,0.00027574387058848515,74.0,74.0,1.0,0.0,74.0,0.0,1.0,0.21099423514826976,0.0,0.6,0.0038053,10,81,0.0,,,,,,,,,,
1117,0.00037414455437101424,74.0,74.0,1.0,1.0,73.0,0.013513513513513514,0.9864864864864865,0.20222121410148466,0.0,0.6,0.0038053,10,82,0.0,,,,,,,,,,
1118,0.00038278150896076113,74.0,74.0,1.0,2.0,72.0,0.02702702702702703,0.972972972972973,0.2043482577165915,0.0,0.6,0.0038053,10,83,0.0,,,,,,,,,,
1119,0.003982145834015682,0.0,74.0,0.0,0.0,0.0,0.0,0.0,0.0,0.0,0.6,0.0038053,10,84,0.0,,,,,,,,,,
1120,0.00030117919959593564,74.0,74.0,1.0,0.0,74.0,0.0,1.0,0.20422986798865467,0.0,0.6,0.0038053,10,85,0.0,,,,,,,,,,
1121,0.00032025108885136433,74.0,74.0,1.0,5.0,69.0,0.06756756756756757,0.9324324324324325,0.19823823474162597,0.0,0.6,0.0038053,10,86,0.0,,,,,,,,,,
1122,0.0003337673770147376,74.0,74.0,1.0,5.0,69.0,0.06756756756756757,0.9324324324324325,0.1954148889193168,0.0,0.6,0.0038053,10,87,0.0,,,,,,,,,,
1123,0.00039353747706627473,74.0,74.0,1.0,2.0,72.0,0.02702702702702703,0.972972972972973,0.2086153512256306,0.0,0.6,0.0038053,10,88,0.0,,,,,,,,,,
1124,0.0003574906659196131,74.0,74.0,1.0,2.0,72.0,0.02702702702702703,0.972972972972973,0.20329557404329798,0.0,0.6,0.0038053,10,89,0.0,,,,,,,,,,
1125,0.0004441242272150703,74.0,74.0,1.0,2.0,72.0,0.02702702702702703,0.972972972972973,0.20479336531160555,0.0,0.6,0.0038053,10,90,0.0,,,,,,,,,,
1126,0.17483149240069906,0.0,74.0,0.0,0.0,0.0,0.0,0.0,0.0,0.0,0.6,0.0038053,10,91,0.0,,,,,,,,,,
1127,0.0016414464844274335,3.0,74.0,0.04054054054054054,0.0,3.0,0.0,1.0,0.24199090552096258,0.0,0.6,0.0038053,10,92,0.0,,,,,,,,,,
1128,0.0003708872027345933,74.0,74.0,1.0,7.0,67.0,0.0945945945945946,0.9054054054054054,0.191720120318855,0.0,0.6,0.0038053,10,93,0.0,,,,,,,,,,
1129,0.0004446656384970993,74.0,74.0,1.0,4.0,70.0,0.05405405405405406,0.9459459459459459,0.20187916349333596,0.0,0.6,0.0038053,10,94,0.0,,,,,,,,,,
1130,0.13329211396921892,0.0,74.0,0.0,0.0,0.0,0.0,0.0,0.0,0.0,0.6,0.0038053,10,95,0.0,,,,,,,,,,
1131,0.0003752347984118387,74.0,74.0,1.0,0.0,74.0,0.0,1.0,0.2102137871881506,0.0,0.6,0.0038053,10,96,0.0,,,,,,,,,,
1132,0.0003366496166563593,74.0,74.0,1.0,1.0,73.0,0.013513513513513514,0.9864864864864865,0.20263056288675355,0.0,0.6,0.0038053,10,97,0.0,,,,,,,,,,
1133,0.032911155620240606,0.0,74.0,0.0,0.0,0.0,0.0,0.0,0.0,0.0,0.6,0.0038053,10,98,0.0,,,,,,,,,,
1134,0.00031329546618508175,74.0,74.0,1.0,0.0,74.0,0.0,1.0,0.20985624298659358,0.0,0.6,0.0038053,10,99,0.0,,,,,,,,,,
1135,0.0002714014844968915,74.0,74.0,1.0,0.0,74.0,0.0,1.0,0.20970193481743643,0.0,0.6,0.0038053,10,100,0.0,,,,,,,,,,
1136,0.0003323820128571242,74.0,74.0,1.0,2.0,72.0,0.02702702702702703,0.972972972972973,0.20961933337097974,0.0,0.6,0.0038053,10,101,0.0,,,,,,,,,,
1137,0.0029521879259846173,2.0,74.0,0.02702702702702703,1.0,1.0,0.5,0.5,0.18133028455056,0.0,0.6,0.0038053,10,102,0.0,,,,,,,,,,
1138,0.000293754055746831,74.0,74.0,1.0,0.0,74.0,0.0,1.0,0.20596223559724464,0.0,0.6,0.0038053,10,103,0.0,,,,,,,,,,
1139,0.0003288879233878106,74.0,74.0,1.0,1.0,73.0,0.013513513513513514,0.9864864864864865,0.21115735105119926,0.0,0.6,0.0038053,10,104,0.0,,,,,,,,,,
1140,0.00027304040122544393,74.0,74.0,1.0,0.0,74.0,0.0,1.0,0.21507046638107533,0.0,0.6,0.0038053,10,105,0.0,,,,,,,,,,
1141,0.03681449363648426,0.0,74.0,0.0,0.0,0.0,0.0,0.0,0.0,0.0,0.6,0.0038053,10,106,0.0,,,,,,,,,,
1142,0.0002477288908266928,74.0,74.0,1.0,3.0,71.0,0.04054054054054054,0.9594594594594594,0.19714241064326846,0.0,0.6,0.0038053,10,107,0.0,,,,,,,,,,
1143,0.000960049161221832,22.0,74.0,0.2972972972972973,3.0,19.0,0.13636363636363635,0.8636363636363636,0.21065606452676133,0.0,0.6,0.0038053,10,108,0.0,,,,,,,,,,
1144,0.00038341053732438013,74.0,74.0,1.0,5.0,69.0,0.06756756756756757,0.9324324324324325,0.20219246589540554,0.0,0.6,0.0038053,10,109,0.0,,,,,,,,,,
1145,0.0002835656123352237,74.0,74.0,1.0,3.0,71.0,0.04054054054054054,0.9594594594594594,0.20540799026839926,0.0,0.6,0.0038053,10,110,0.0,,,,,,,,,,
1146,0.0002674398274393752,74.0,74.0,1.0,1.0,73.0,0.013513513513513514,0.9864864864864865,0.2018170615524561,0.0,0.6,0.0038053,10,111,0.0,,,,,,,,,,
1147,0.00032705734702176414,74.0,74.0,1.0,10.0,64.0,0.13513513513513514,0.8648648648648649,0.1874187650906796,0.0,0.6,0.0038053,10,112,0.0,,,,,,,,,,
1148,0.0002947808970930055,74.0,74.0,1.0,1.0,73.0,0.013513513513513514,0.9864864864864865,0.2032811069874495,0.0,0.6,0.0038053,10,113,0.0,,,,,,,,,,
1149,0.0009091749343497213,27.0,74.0,0.36486486486486486,0.0,27.0,0.0,1.0,0.20859928932304359,0.0,0.6,0.0038053,10,114,0.0,,,,,,,,,,
1150,0.0901626567938365,0.0,74.0,0.0,0.0,0.0,0.0,0.0,0.0,0.0,0.6,0.0038053,10,115,0.0,,,,,,,,,,
1150,,,,,,,,,,,,,10,,1.0,0.8823529411764706,0.7646571627030005,0.8774509803921569,0.7766931584248176,0.9994547437295529,0.0034156682901084422,0.11710180255308233,0.9994547437295529,0.003400490631389877,0.12200376333739604
