step,epoch,step_in_epoch,probe/is_eval,sys/effective_batch_size,sys/device_batch_size,train/loss,sys/time_per_step_ms,sys/peak_memory_mb,val/acc,val/loss,train/acc,train/loss_eval,gap/train_minus_val
1,1,1.0,0.0,32.0,32.0,0.6770612597465515,435.24958100169897,3216.9970703125,,,,,
2,1,2.0,0.0,32.0,32.0,0.672566294670105,102.7710330672562,4266.2958984375,,,,,
3,1,3.0,0.0,32.0,32.0,0.6594936847686768,116.1026410991326,4703.7734375,,,,,
4,1,4.0,0.0,32.0,32.0,0.662868857383728,174.8730989638716,4167.0595703125,,,,,
5,1,5.0,0.0,32.0,32.0,0.6907334327697754,61.828528996557,4410.1875,,,,,
6,1,6.0,0.0,32.0,32.0,0.7152702808380127,71.20419794227928,4858.0166015625,,,,,
7,1,7.0,0.0,32.0,32.0,0.6606311798095703,65.27503905817866,4707.24365234375,,,,,
8,1,8.0,0.0,32.0,32.0,0.6751565933227539,62.28992796968669,4410.1875,,,,,
9,1,9.0,0.0,32.0,32.0,0.7119733691215515,61.54456804506481,4507.0009765625,,,,,
10,1,10.0,0.0,32.0,32.0,0.6745872497558594,54.79059903882444,4070.55908203125,,,,,
11,1,11.0,0.0,32.0,32.0,0.7208864688873291,68.67865903768688,4858.0166015625,,,,,
12,1,12.0,0.0,32.0,32.0,0.7214876413345337,59.90637606009841,4204.07421875,,,,,
13,1,13.0,0.0,32.0,32.0,0.6942665576934814,65.87176700122654,4373.68212890625,,,,,
14,1,14.0,0.0,32.0,32.0,0.6926846504211426,68.6370269395411,4547.10205078125,,,,,
15,1,15.0,0.0,32.0,32.0,0.6848797798156738,72.80130009166896,4620.6474609375,,,,,
16,1,16.0,0.0,32.0,32.0,0.6843329668045044,73.82510602474213,4266.18798828125,,,,,
17,1,17.0,0.0,32.0,32.0,0.708388090133667,81.30004710983485,4478.59765625,,,,,
18,1,18.0,0.0,32.0,32.0,0.7069456577301025,76.07475598342717,4321.28564453125,,,,,
19,1,19.0,0.0,32.0,32.0,0.6744189262390137,66.15117099136114,4233.71875,,,,,
20,1,20.0,0.0,32.0,32.0,0.677682638168335,62.59758200030774,4141.5458984375,,,,,
21,1,21.0,0.0,32.0,32.0,0.6723666787147522,61.92684592679143,4233.71875,,,,,
22,1,22.0,0.0,32.0,32.0,0.6777074337005615,76.55512902420014,5097.54638671875,,,,,
23,1,23.0,0.0,32.0,32.0,0.696129322052002,71.92216499242932,4823.25,,,,,
24,1,24.0,0.0,32.0,32.0,0.7192915081977844,67.95430497732013,4644.845703125,,,,,
25,1,25.0,0.0,32.0,32.0,0.7108364701271057,73.22676002513617,5019.46142578125,,,,,
26,1,26.0,0.0,32.0,32.0,0.6804167032241821,65.65771601162851,4478.59765625,,,,,
27,1,27.0,0.0,32.0,32.0,0.6892654895782471,66.33600301574916,4547.10205078125,,,,,
28,1,28.0,0.0,32.0,32.0,0.6737269759178162,70.21759904455394,4644.845703125,,,,,
29,1,29.0,0.0,32.0,32.0,0.6930279731750488,68.4017859166488,4233.71875,,,,,
30,1,30.0,0.0,32.0,32.0,0.6745870113372803,72.35245604533702,4410.1875,,,,,
31,1,31.0,0.0,32.0,32.0,0.7117044925689697,75.03334293141961,4410.1875,,,,,
32,1,32.0,0.0,32.0,32.0,0.695325493812561,79.4935910962522,4768.525390625,,,,,
33,1,33.0,0.0,32.0,32.0,0.6952731609344482,71.55242597218603,4580.70947265625,,,,,
34,1,34.0,0.0,32.0,32.0,0.6803036332130432,67.99298606347293,4478.59765625,,,,,
35,1,35.0,0.0,32.0,32.0,0.6811472773551941,61.088223941624165,4141.5458984375,,,,,
36,1,36.0,0.0,32.0,32.0,0.6739684343338013,59.777938993647695,4141.5458984375,,,,,
37,1,37.0,0.0,32.0,32.0,0.6936345100402832,65.24527701549232,4478.59765625,,,,,
38,1,38.0,0.0,32.0,32.0,0.6928980350494385,71.16096303798258,4790.67919921875,,,,,
39,1,39.0,0.0,32.0,32.0,0.7229698300361633,65.09623990859836,4478.59765625,,,,,
40,1,40.0,0.0,32.0,32.0,0.7059757709503174,61.29250396043062,4233.71875,,,,,
41,1,41.0,0.0,32.0,32.0,0.6864209175109863,66.54716294724494,4547.10205078125,,,,,
42,1,42.0,0.0,32.0,32.0,0.6898441910743713,62.00906401500106,4296.8486328125,,,,,
43,1,43.0,0.0,32.0,32.0,0.7062386274337769,71.58661098219454,4768.525390625,,,,,
44,1,44.0,0.0,32.0,32.0,0.7067314386367798,77.28667696937919,4707.24365234375,,,,,
45,1,45.0,0.0,32.0,32.0,0.7143864631652832,73.7526579760015,4507.0009765625,,,,,
46,1,46.0,0.0,32.0,32.0,0.7338007092475891,70.33002108801156,4233.71875,,,,,
47,1,47.0,0.0,32.0,32.0,0.6887503266334534,69.68265993054956,4433.673828125,,,,,
48,1,48.0,0.0,32.0,32.0,0.6856350302696228,69.66515793465078,4433.673828125,,,,,
49,1,49.0,0.0,32.0,32.0,0.694097101688385,62.53990507684648,4141.5458984375,,,,,
50,1,50.0,0.0,32.0,32.0,0.6847160458564758,62.42593110073358,4204.07421875,,,,,
51,1,51.0,0.0,32.0,32.0,0.6630239486694336,68.6353500932455,4644.845703125,,,,,
52,1,52.0,0.0,32.0,32.0,0.7083712220191956,76.20624406263232,5046.08544921875,,,,,
53,1,53.0,0.0,32.0,32.0,0.694147527217865,71.52408303227276,4768.525390625,,,,,
54,1,54.0,0.0,32.0,32.0,0.6908211708068848,63.71835095342249,4321.28564453125,,,,,
55,1,55.0,0.0,32.0,32.0,0.648908793926239,63.1680159131065,4266.18798828125,,,,,
56,1,56.0,0.0,32.0,32.0,0.6895626187324524,69.83061402570456,4644.845703125,,,,,
57,1,57.0,0.0,32.0,32.0,0.6846100091934204,62.46579997241497,4167.0595703125,,,,,
58,1,58.0,0.0,32.0,32.0,0.6834260821342468,73.12291697598994,4707.24365234375,,,,,
59,1,59.0,0.0,32.0,32.0,0.6760267019271851,79.47473297826946,4790.67919921875,,,,,
60,1,60.0,0.0,32.0,32.0,0.7158936858177185,72.24909099750221,4507.0009765625,,,,,
61,1,61.0,0.0,32.0,32.0,0.7134953737258911,71.18159206584096,4433.673828125,,,,,
62,1,62.0,0.0,32.0,32.0,0.6753153800964355,67.02647695783526,4233.71875,,,,,
63,1,63.0,0.0,32.0,32.0,0.6859984397888184,67.15384300332516,4433.673828125,,,,,
64,1,64.0,0.0,32.0,32.0,0.6433746814727783,76.08762104064226,4986.9404296875,,,,,
65,1,65.0,0.0,32.0,32.0,0.6499795913696289,60.05496496800333,4109.82958984375,,,,,
66,1,66.0,0.0,32.0,32.0,0.6708569526672363,65.91582403052598,4478.59765625,,,,,
67,1,67.0,0.0,32.0,32.0,0.6803890466690063,66.11656793393195,4580.70947265625,,,,,
68,1,68.0,0.0,32.0,32.0,0.6667683124542236,64.89924399647862,4373.68212890625,,,,,
69,1,69.0,0.0,32.0,32.0,0.6674972772598267,61.34514091536403,4296.8486328125,,,,,
70,1,70.0,0.0,32.0,32.0,0.6878916025161743,66.86959194485098,4580.70947265625,,,,,
71,1,71.0,0.0,32.0,32.0,0.6654736995697021,65.6377850100398,4433.673828125,,,,,
72,1,72.0,0.0,32.0,32.0,0.6797792911529541,65.99326792638749,4373.68212890625,,,,,
73,1,73.0,0.0,32.0,32.0,0.6930767297744751,83.38119101244956,5121.52001953125,,,,,
74,1,74.0,0.0,32.0,32.0,0.6914220452308655,75.46885195188224,4707.24365234375,,,,,
75,1,75.0,0.0,32.0,32.0,0.6994105577468872,79.73289408255368,4823.25,,,,,
76,1,76.0,0.0,32.0,32.0,0.6733372211456299,69.63199307210743,4410.1875,,,,,
77,1,77.0,0.0,32.0,32.0,0.6650327444076538,66.013038973324,4321.28564453125,,,,,
78,1,78.0,0.0,32.0,32.0,0.6546323299407959,72.38087803125381,4707.24365234375,,,,,
79,1,79.0,0.0,32.0,32.0,0.646709144115448,71.73129997681826,4707.24365234375,,,,,
80,1,80.0,0.0,32.0,32.0,0.7274384498596191,68.02702590357512,4547.10205078125,,,,,
81,1,81.0,0.0,32.0,32.0,0.6829806566238403,68.92736593727022,4644.845703125,,,,,
82,1,82.0,0.0,32.0,32.0,0.6847561597824097,76.33549196179956,4913.80078125,,,,,
83,1,83.0,0.0,32.0,32.0,0.6672135591506958,76.46939903497696,4913.80078125,,,,,
84,1,84.0,0.0,32.0,32.0,0.7094184756278992,74.77122393902391,4790.67919921875,,,,,
85,1,85.0,0.0,32.0,32.0,0.6746329069137573,74.55074705649167,4790.67919921875,,,,,
86,1,86.0,0.0,32.0,32.0,0.6792427897453308,70.30444592237473,4580.70947265625,,,,,
87,1,87.0,0.0,32.0,32.0,0.7018378376960754,72.20442302059382,4620.6474609375,,,,,
88,1,88.0,0.0,32.0,32.0,0.7256357669830322,63.91820905264467,4141.5458984375,,,,,
89,1,89.0,0.0,32.0,32.0,0.7096002101898193,68.01329203881323,4410.1875,,,,,
90,1,90.0,0.0,32.0,32.0,0.6973624229431152,69.73741797264665,4507.0009765625,,,,,
91,1,91.0,0.0,32.0,32.0,0.6804208159446716,66.9798810267821,4321.28564453125,,,,,
92,1,92.0,0.0,32.0,32.0,0.68654865026474,68.54576605837792,4580.70947265625,,,,,
93,1,93.0,0.0,32.0,32.0,0.6664131879806519,71.78123597986996,4707.24365234375,,,,,
94,1,94.0,0.0,32.0,32.0,0.6740058064460754,66.74784794449806,4433.673828125,,,,,
95,1,95.0,0.0,32.0,32.0,0.6823900938034058,76.36153895873576,4882.7529296875,,,,,
96,1,96.0,0.0,32.0,32.0,0.7008389830589294,68.51377408020198,4547.10205078125,,,,,
97,1,97.0,0.0,32.0,32.0,0.6968500018119812,78.61452701035887,5121.52001953125,,,,,
98,1,98.0,0.0,32.0,32.0,0.6868633031845093,64.00695000775158,4233.71875,,,,,
99,1,99.0,0.0,32.0,32.0,0.7180625200271606,70.66202897112817,4644.845703125,,,,,
100,1,100.0,0.0,32.0,32.0,0.6753581762313843,73.22363799903542,4768.525390625,,,,,
101,1,101.0,0.0,32.0,32.0,0.6912518739700317,70.28006808832288,4580.70947265625,,,,,
102,1,102.0,0.0,32.0,32.0,0.7026535272598267,66.93303701467812,4266.18798828125,,,,,
103,1,103.0,0.0,32.0,32.0,0.6331584453582764,72.21509807277471,4620.6474609375,,,,,
104,1,104.0,0.0,32.0,32.0,0.6831297874450684,64.00986993685365,4296.8486328125,,,,,
105,1,105.0,0.0,32.0,32.0,0.6689896583557129,63.657014979980886,4233.71875,,,,,
106,1,106.0,0.0,32.0,32.0,0.6453303098678589,70.20143594127148,4580.70947265625,,,,,
107,1,107.0,0.0,32.0,32.0,0.6758772134780884,67.96403601765633,4507.0009765625,,,,,
108,1,108.0,0.0,32.0,32.0,0.6780596375465393,62.530349008739,4141.5458984375,,,,,
109,1,109.0,0.0,32.0,32.0,0.6949841976165771,71.12088799476624,4742.36328125,,,,,
110,1,110.0,0.0,32.0,32.0,0.651534378528595,65.59562706388533,4321.28564453125,,,,,
111,1,111.0,0.0,32.0,32.0,0.6699130535125732,68.51155799813569,4547.10205078125,,,,,
112,1,112.0,0.0,32.0,32.0,0.6689181327819824,62.69735610112548,4296.8486328125,,,,,
113,1,113.0,0.0,32.0,32.0,0.6700580716133118,70.29721897561103,4707.24365234375,,,,,
114,1,114.0,0.0,32.0,32.0,0.6461343169212341,71.26631890423596,4620.6474609375,,,,,
115,1,115.0,0.0,32.0,32.0,0.6640075445175171,78.31807003822178,4913.80078125,,,,,
116,1,116.0,0.0,32.0,32.0,0.6835508346557617,65.65028603654355,4204.07421875,,,,,
117,1,117.0,0.0,32.0,32.0,0.6464948654174805,84.02190799824893,5150.5615234375,,,,,
118,1,118.0,0.0,32.0,32.0,0.668102502822876,73.96367099136114,4742.36328125,,,,,
119,1,119.0,0.0,32.0,32.0,0.6669371128082275,66.63230201229453,4373.68212890625,,,,,
120,1,120.0,0.0,32.0,32.0,0.6565909385681152,82.32457505073398,5150.5615234375,,,,,
121,1,121.0,0.0,32.0,32.0,0.672391951084137,71.08011096715927,4644.845703125,,,,,
122,1,122.0,0.0,32.0,32.0,0.6385791897773743,68.07362905237824,4507.0009765625,,,,,
123,1,123.0,0.0,32.0,32.0,0.6753218173980713,66.18649105075747,4321.28564453125,,,,,
124,1,124.0,0.0,32.0,32.0,0.6529296636581421,61.63422402460128,4141.5458984375,,,,,
125,1,125.0,0.0,32.0,32.0,0.6579388380050659,66.8356689857319,4478.59765625,,,,,
126,1,126.0,0.0,32.0,32.0,0.6336386203765869,75.88267105165869,4823.25,,,,,
127,1,127.0,0.0,32.0,32.0,0.6234880089759827,68.30947706475854,4433.673828125,,,,,
128,1,128.0,0.0,32.0,32.0,0.6503523588180542,68.68811696767807,4478.59765625,,,,,
129,1,129.0,0.0,32.0,32.0,0.6356105208396912,70.58830501046032,4620.6474609375,,,,,
130,1,130.0,0.0,32.0,32.0,0.6837542057037354,78.77391809597611,4913.80078125,,,,,
131,1,131.0,0.0,32.0,32.0,0.6670830249786377,61.88284698873758,4109.82958984375,,,,,
132,1,132.0,0.0,32.0,32.0,0.6569095849990845,68.33330099470913,4547.10205078125,,,,,
133,1,133.0,0.0,32.0,32.0,0.6278204917907715,71.38642598874867,4644.845703125,,,,,
134,1,134.0,0.0,32.0,32.0,0.6358965635299683,68.4719440760091,4580.70947265625,,,,,
135,1,135.0,0.0,32.0,32.0,0.6483404040336609,65.60085609089583,4266.18798828125,,,,,
136,1,136.0,0.0,32.0,32.0,0.6276595592498779,64.60405793040991,4204.07421875,,,,,
137,1,137.0,0.0,32.0,32.0,0.6240617036819458,66.09809200745076,4410.1875,,,,,
138,1,138.0,0.0,32.0,32.0,0.5915528535842896,72.36853905487806,4768.525390625,,,,,
139,1,139.0,0.0,32.0,32.0,0.5995630025863647,75.54067100863904,4858.0166015625,,,,,
140,1,140.0,0.0,32.0,32.0,0.5688151717185974,64.4183779368177,4204.07421875,,,,,
141,1,141.0,0.0,32.0,32.0,0.6139957308769226,76.50639105122536,4986.9404296875,,,,,
142,1,142.0,0.0,32.0,32.0,0.5887967348098755,74.24004597123712,4768.525390625,,,,,
143,1,143.0,0.0,32.0,32.0,0.6013983488082886,68.25149804353714,4410.1875,,,,,
144,1,144.0,0.0,32.0,32.0,0.6146595478057861,73.69477301836014,4742.36328125,,,,,
145,1,145.0,0.0,32.0,32.0,0.5540544390678406,78.73091998044401,4913.80078125,,,,,
146,1,146.0,0.0,32.0,32.0,0.5657804012298584,70.48588199540973,4547.10205078125,,,,,
147,1,147.0,0.0,32.0,32.0,0.5360393524169922,74.7508880449459,4790.67919921875,,,,,
148,1,148.0,0.0,32.0,32.0,0.5927698612213135,69.44158289115876,4547.10205078125,,,,,
149,1,149.0,0.0,32.0,32.0,0.5355541706085205,65.2075840625912,4266.18798828125,,,,,
150,1,150.0,0.0,32.0,32.0,0.5242998003959656,65.96963410265744,4266.18798828125,,,,,
151,1,151.0,0.0,32.0,32.0,0.5723179578781128,68.6501880409196,4547.10205078125,,,,,
152,1,152.0,0.0,32.0,32.0,0.4856570363044739,67.98086198978126,4433.673828125,,,,,
153,1,153.0,0.0,32.0,32.0,0.5184637308120728,78.59996799379587,5046.08544921875,,,,,
154,1,154.0,0.0,32.0,32.0,0.4967310726642608,68.63768794573843,4478.59765625,,,,,
155,1,155.0,0.0,32.0,32.0,0.4665846228599548,66.23805093113333,4410.1875,,,,,
156,1,156.0,0.0,32.0,32.0,0.5333911180496216,74.19239904265851,4768.525390625,,,,,
157,1,157.0,0.0,32.0,32.0,0.5131012797355652,78.52139603346586,4913.80078125,,,,,
158,1,158.0,0.0,32.0,32.0,0.5351614356040955,78.00314598716795,4823.25,,,,,
159,1,159.0,0.0,32.0,32.0,0.5017866492271423,64.83663199469447,4167.0595703125,,,,,
160,1,160.0,0.0,32.0,32.0,0.4824424386024475,64.65202197432518,4233.71875,,,,,
161,1,161.0,0.0,32.0,32.0,0.4183499813079834,66.86713802628219,4321.28564453125,,,,,
162,1,162.0,0.0,32.0,32.0,0.4409670531749725,68.17163003142923,4580.70947265625,,,,,
163,1,163.0,0.0,32.0,32.0,0.4403793215751648,62.789440038613975,4296.8486328125,,,,,
164,1,164.0,0.0,32.0,32.0,0.3554443120956421,63.72594891581684,4233.71875,,,,,
165,1,165.0,0.0,32.0,32.0,0.481049120426178,66.98752904776484,4433.673828125,,,,,
166,1,166.0,0.0,32.0,32.0,0.4212391674518585,75.23312198463827,4790.67919921875,,,,,
167,1,167.0,0.0,32.0,32.0,0.5243191719055176,59.48320589959621,4005.6650390625,,,,,
168,1,168.0,0.0,32.0,32.0,0.4372415542602539,67.27983092423528,4580.70947265625,,,,,
169,1,169.0,0.0,32.0,32.0,0.5234614610671997,63.53183696046472,4296.8486328125,,,,,
170,1,170.0,0.0,32.0,32.0,0.4202375411987304,66.16161298006773,4321.28564453125,,,,,
171,1,171.0,0.0,32.0,32.0,0.4208300411701202,62.9591119941324,4167.0595703125,,,,,
172,1,172.0,0.0,32.0,32.0,0.5835632085800171,66.83454592712224,4373.68212890625,,,,,
173,1,173.0,0.0,32.0,32.0,0.3997285962104797,69.06283006537706,4478.59765625,,,,,
174,1,174.0,0.0,32.0,32.0,0.4668623208999634,70.87334897369146,4620.6474609375,,,,,
175,1,175.0,0.0,32.0,32.0,0.4585270583629608,68.43208393547684,4478.59765625,,,,,
176,1,176.0,0.0,32.0,32.0,0.4365071654319763,66.7404989944771,4373.68212890625,,,,,
177,1,177.0,0.0,32.0,32.0,0.4050449132919311,66.9055680045858,4373.68212890625,,,,,
178,1,178.0,0.0,32.0,32.0,0.3491252958774566,68.94483708310872,4507.0009765625,,,,,
179,1,179.0,0.0,32.0,32.0,0.3189889788627624,68.93065199255943,4620.6474609375,,,,,
180,1,180.0,0.0,32.0,32.0,0.405620813369751,73.36427690461278,4707.24365234375,,,,,
181,1,181.0,0.0,32.0,32.0,0.3191417455673218,66.99787196703255,4433.673828125,,,,,
182,1,182.0,0.0,32.0,32.0,0.4393558204174042,66.91000796854496,4321.28564453125,,,,,
183,1,183.0,0.0,32.0,32.0,0.485483855009079,71.36151299346238,4620.6474609375,,,,,
184,1,184.0,0.0,32.0,32.0,0.5018073320388794,57.67016997560859,3988.67919921875,,,,,
185,1,185.0,0.0,32.0,32.0,0.3503782451152801,76.66583801619709,4882.7529296875,,,,,
186,1,186.0,0.0,32.0,32.0,0.3628227710723877,64.461337053217,4296.8486328125,,,,,
187,1,187.0,0.0,32.0,32.0,0.4634915292263031,72.28644005954266,4742.36328125,,,,,
188,1,188.0,0.0,32.0,32.0,0.3317593038082123,77.28404609952122,4957.591796875,,,,,
189,1,189.0,0.0,32.0,32.0,0.3427026867866516,64.8654910037294,4296.8486328125,,,,,
190,1,190.0,0.0,32.0,32.0,0.4432247281074524,71.30033697467297,4707.24365234375,,,,,
191,1,191.0,0.0,32.0,32.0,0.3281692862510681,68.71278898324817,4478.59765625,,,,,
192,1,192.0,0.0,32.0,32.0,0.3740556836128235,68.97347199264914,4580.70947265625,,,,,
193,1,193.0,0.0,32.0,32.0,0.2723531126976013,74.01713391300291,4768.525390625,,,,,
194,1,194.0,0.0,32.0,32.0,0.2278583347797393,69.07406402751803,4507.0009765625,,,,,
195,1,195.0,0.0,32.0,32.0,0.2839666604995727,71.04961108416319,4742.36328125,,,,,
196,1,196.0,0.0,32.0,32.0,0.4336482286453247,72.15740706305951,4644.845703125,,,,,
197,1,197.0,0.0,32.0,32.0,0.2061686813831329,63.1264669355005,4167.0595703125,,,,,
198,1,198.0,0.0,32.0,32.0,0.2730654180049896,75.66539105027914,4823.25,,,,,
199,1,199.0,0.0,32.0,32.0,0.2161479592323303,64.43482206668705,4296.8486328125,,,,,
200,1,200.0,0.0,32.0,32.0,0.2228410840034485,62.68055608961731,4296.8486328125,,,,,
201,1,201.0,0.0,32.0,32.0,0.2665630280971527,68.1659069377929,4433.673828125,,,,,
202,1,202.0,0.0,32.0,32.0,0.3046320378780365,67.15129199437797,4373.68212890625,,,,,
203,1,203.0,0.0,32.0,32.0,0.2147192507982254,63.48915700800717,4233.71875,,,,,
204,1,204.0,0.0,32.0,32.0,0.2755782008171081,68.22955806273967,4410.1875,,,,,
205,1,205.0,0.0,32.0,32.0,0.3609052300453186,70.0360790360719,4620.6474609375,,,,,
206,1,206.0,0.0,32.0,32.0,0.2119153141975402,60.8118970412761,3936.96923828125,,,,,
207,1,207.0,0.0,32.0,32.0,0.2278407365083694,61.32597499527037,4296.8486328125,,,,,
208,1,208.0,0.0,32.0,32.0,0.1366165578365326,67.22539896145463,4410.1875,,,,,
209,1,209.0,0.0,32.0,32.0,0.2826066017150879,63.8662880519405,4204.07421875,,,,,
210,1,210.0,0.0,32.0,32.0,0.3495318591594696,67.0527919428423,4321.28564453125,,,,,
211,1,211.0,0.0,32.0,32.0,0.4019608497619629,64.90257196128368,4266.18798828125,,,,,
212,1,212.0,0.0,32.0,32.0,0.319227933883667,70.31423295848072,4620.6474609375,,,,,
213,1,213.0,0.0,32.0,32.0,0.4918397665023803,67.44114100001752,4410.1875,,,,,
214,1,214.0,0.0,32.0,32.0,0.1775221824645996,72.34889001119882,4707.24365234375,,,,,
215,1,215.0,0.0,32.0,32.0,0.2069806307554245,71.49774895515293,4620.6474609375,,,,,
216,1,216.0,0.0,32.0,32.0,0.4618166089057922,72.74381595198065,4707.24365234375,,,,,
217,1,217.0,0.0,32.0,32.0,0.3412508964538574,60.68666302599013,4050.37158203125,,,,,
218,1,218.0,0.0,32.0,32.0,0.1541644036769867,67.89913401007652,4547.10205078125,,,,,
219,1,219.0,0.0,32.0,32.0,0.4619567990303039,70.26440894696862,4620.6474609375,,,,,
220,1,220.0,0.0,32.0,32.0,0.3922834992408752,68.95823997911066,4507.0009765625,,,,,
221,1,221.0,0.0,32.0,32.0,0.1606447994709015,77.17271405272186,4707.24365234375,,,,,
222,1,222.0,0.0,32.0,32.0,0.5299320220947266,64.45051392074674,4433.673828125,,,,,
223,1,223.0,0.0,32.0,32.0,0.4681071043014526,66.10446807462722,4321.28564453125,,,,,
224,1,224.0,0.0,32.0,32.0,0.2862472534179687,60.07346604019404,4109.82958984375,,,,,
225,1,225.0,0.0,32.0,32.0,0.277144193649292,68.2074639480561,4507.0009765625,,,,,
226,1,226.0,0.0,32.0,32.0,0.2686983346939087,67.69719603471458,4478.59765625,,,,,
227,1,227.0,0.0,32.0,32.0,0.2430828660726547,69.4090350298211,4644.845703125,,,,,
228,1,228.0,0.0,32.0,32.0,0.2136682271957397,69.1236020065844,4580.70947265625,,,,,
229,1,229.0,0.0,32.0,32.0,0.1939339339733123,77.36365799792111,4790.67919921875,,,,,
230,1,230.0,0.0,32.0,32.0,0.1116502732038497,79.15115798823535,4957.591796875,,,,,
231,1,231.0,0.0,32.0,32.0,0.2393113374710083,69.45388694293797,4507.0009765625,,,,,
232,1,232.0,0.0,32.0,32.0,0.226159781217575,69.27785510197282,4547.10205078125,,,,,
233,1,233.0,0.0,32.0,32.0,0.0835152417421341,67.72929395083338,4433.673828125,,,,,
234,1,234.0,0.0,32.0,32.0,0.2955637276172638,65.52375399041921,4266.18798828125,,,,,
235,1,235.0,0.0,32.0,32.0,0.3077395558357239,72.37981597427279,4742.36328125,,,,,
236,1,236.0,0.0,32.0,32.0,0.3280571401119232,72.77283899020404,4707.24365234375,,,,,
237,1,237.0,0.0,32.0,32.0,0.192889392375946,67.13752902578562,4433.673828125,,,,,
238,1,238.0,0.0,32.0,32.0,0.1634640097618103,67.94122909195721,4433.673828125,,,,,
239,1,239.0,0.0,32.0,32.0,0.3967736959457397,67.71279405802488,4507.0009765625,,,,,
240,1,240.0,0.0,32.0,32.0,0.2155624032020568,62.83786299172789,4167.0595703125,,,,,
241,1,241.0,0.0,32.0,32.0,0.2332739830017089,72.5622089812532,4742.36328125,,,,,
242,1,242.0,0.0,32.0,32.0,0.368502140045166,68.12479998916388,4580.70947265625,,,,,
243,1,243.0,0.0,32.0,32.0,0.2557285726070404,70.04837691783905,4478.59765625,,,,,
244,1,244.0,0.0,32.0,32.0,0.2723629474639892,69.32940101251006,4644.845703125,,,,,
245,1,245.0,0.0,32.0,32.0,0.1309034675359726,68.82847507949919,4433.673828125,,,,,
246,1,246.0,0.0,32.0,32.0,0.3624266684055328,69.78548900224268,4547.10205078125,,,,,
247,1,247.0,0.0,32.0,32.0,0.143145203590393,67.77937395963818,4410.1875,,,,,
248,1,248.0,0.0,32.0,32.0,0.1691614389419555,66.80519098881632,4321.28564453125,,,,,
249,1,249.0,0.0,32.0,32.0,0.2109198570251464,78.39705410879105,4986.9404296875,,,,,
250,1,250.0,0.0,32.0,32.0,0.303027480840683,63.77263995818794,4296.8486328125,,,,,
251,1,251.0,0.0,32.0,32.0,0.3226533532142639,67.31918302830309,4433.673828125,,,,,
252,1,252.0,0.0,32.0,32.0,0.5012210011482239,66.65780593175441,4433.673828125,,,,,
253,1,253.0,0.0,32.0,32.0,0.3162251114845276,67.52067501656711,4478.59765625,,,,,
254,1,254.0,0.0,32.0,32.0,0.1961405724287033,70.74479199945927,4644.845703125,,,,,
255,1,255.0,0.0,32.0,32.0,0.5718672275543213,68.5497309314087,4580.70947265625,,,,,
256,1,256.0,0.0,32.0,32.0,0.2541916966438293,67.48255400452763,4321.28564453125,,,,,
257,1,257.0,0.0,32.0,32.0,0.5320541262626648,66.68334198184311,4433.673828125,,,,,
258,1,258.0,0.0,32.0,32.0,0.3019047081470489,66.89353892579675,4410.1875,,,,,
259,1,259.0,0.0,32.0,32.0,0.1877312213182449,76.99357799720019,4823.25,,,,,
260,1,260.0,0.0,32.0,32.0,0.07976084202528,72.14096595998853,4620.6474609375,,,,,
261,1,261.0,0.0,32.0,32.0,0.1481616050004959,69.03188803698868,4507.0009765625,,,,,
262,1,262.0,0.0,32.0,32.0,0.1471032500267028,68.24788392987102,4507.0009765625,,,,,
263,1,263.0,0.0,32.0,32.0,0.265547901391983,68.00169008783996,4433.673828125,,,,,
264,1,264.0,0.0,32.0,32.0,0.2105966210365295,74.04269103426486,4768.525390625,,,,,
265,1,265.0,0.0,32.0,32.0,0.1056494042277336,76.40758296474814,4790.67919921875,,,,,
266,1,266.0,0.0,32.0,32.0,0.2354027330875396,75.40473202243447,4858.0166015625,,,,,
267,1,267.0,0.0,32.0,32.0,0.2545732855796814,65.25824696291238,4233.71875,,,,,
268,1,268.0,0.0,32.0,32.0,0.4349631071090698,68.13340506050736,4478.59765625,,,,,
269,1,269.0,0.0,32.0,32.0,0.3548692464828491,68.56905401218683,4478.59765625,,,,,
270,1,270.0,0.0,32.0,32.0,0.1363362073898315,68.49081302061677,4547.10205078125,,,,,
271,1,271.0,0.0,32.0,32.0,0.4963368475437164,68.98742390330881,4507.0009765625,,,,,
272,1,272.0,0.0,32.0,32.0,0.207992821931839,67.95628904365003,4478.59765625,,,,,
273,1,273.0,0.0,32.0,32.0,0.0529532879590988,63.03606508299709,4141.5458984375,,,,,
274,1,274.0,0.0,32.0,32.0,0.2341016680002212,77.18568306881934,4913.80078125,,,,,
275,1,275.0,0.0,32.0,32.0,0.1508615314960479,78.16188700962812,4823.25,,,,,
276,1,276.0,0.0,32.0,32.0,0.2399177849292755,70.43656089808792,4478.59765625,,,,,
277,1,277.0,0.0,32.0,32.0,0.4755328595638275,64.00542799383402,4204.07421875,,,,,
278,1,278.0,0.0,32.0,32.0,0.39411261677742,67.04824208281934,4410.1875,,,,,
279,1,279.0,0.0,32.0,32.0,0.2575696408748626,79.90083994809538,5019.46142578125,,,,,
280,1,280.0,0.0,32.0,32.0,0.3601696491241455,77.20422698184848,4823.25,,,,,
281,1,281.0,0.0,32.0,32.0,0.1823927462100982,77.01364392414689,4913.80078125,,,,,
282,1,282.0,0.0,32.0,32.0,0.4012324810028076,67.07718293182552,4321.28564453125,,,,,
283,1,283.0,0.0,32.0,32.0,0.2269822359085083,71.6604390181601,4742.36328125,,,,,
284,1,284.0,0.0,32.0,32.0,0.3411595225334167,64.06926398631185,4296.8486328125,,,,,
285,1,285.0,0.0,32.0,32.0,0.2043545991182327,68.75425996258855,4580.70947265625,,,,,
286,1,286.0,0.0,32.0,32.0,0.249938502907753,70.85489796008915,4644.845703125,,,,,
287,1,287.0,0.0,32.0,32.0,0.108892872929573,66.88271905295551,4321.28564453125,,,,,
288,1,288.0,0.0,32.0,32.0,0.2669220864772796,74.23228002153337,4768.525390625,,,,,
289,1,289.0,0.0,32.0,32.0,0.2800899147987366,67.23775097634643,4410.1875,,,,,
290,1,290.0,0.0,32.0,32.0,0.2326113581657409,68.37128894403577,4507.0009765625,,,,,
291,1,291.0,0.0,32.0,32.0,0.1509144753217697,67.51973601058125,4373.68212890625,,,,,
292,1,292.0,0.0,32.0,32.0,0.3000009655952453,63.64704505540431,4296.8486328125,,,,,
293,1,293.0,0.0,32.0,32.0,0.356770247220993,67.28317309170961,4507.0009765625,,,,,
294,1,294.0,0.0,32.0,32.0,0.2481582760810852,72.33128999359906,4644.845703125,,,,,
295,1,295.0,0.0,32.0,32.0,0.246978759765625,67.21924501471221,4410.1875,,,,,
296,1,296.0,0.0,32.0,32.0,0.2102764844894409,68.87290999293327,4507.0009765625,,,,,
297,1,297.0,0.0,32.0,32.0,0.2578150629997253,67.97044607810676,4547.10205078125,,,,,
298,1,298.0,0.0,32.0,32.0,0.2389929592609405,69.73170803394169,4547.10205078125,,,,,
299,1,299.0,0.0,32.0,32.0,0.1215198189020156,77.33485591597855,4913.80078125,,,,,
300,1,300.0,0.0,32.0,32.0,0.2977400720119476,69.64227498974651,4547.10205078125,,,,,
301,1,301.0,0.0,32.0,32.0,0.1299620121717453,67.23628600593656,4410.1875,,,,,
302,1,302.0,0.0,32.0,32.0,0.1276015937328338,77.17064500320703,4823.25,,,,,
303,1,303.0,0.0,32.0,32.0,0.2169583737850189,70.55519707500935,4507.0009765625,,,,,
304,1,304.0,0.0,32.0,32.0,0.3049779534339905,66.20612705592066,4410.1875,,,,,
305,1,305.0,0.0,32.0,32.0,0.2993472814559936,69.69414895866066,4580.70947265625,,,,,
306,1,306.0,0.0,32.0,32.0,0.3253161311149597,64.73248603288084,4233.71875,,,,,
307,1,307.0,0.0,32.0,32.0,0.2746743559837341,68.217171006836,4410.1875,,,,,
308,1,308.0,0.0,32.0,32.0,0.4245199263095855,57.819215930067,4005.6650390625,,,,,
309,1,309.0,0.0,32.0,32.0,0.2181427776813507,77.83886103425175,4913.80078125,,,,,
310,1,310.0,0.0,32.0,32.0,0.1049116998910904,68.84194794110954,4433.673828125,,,,,
311,1,311.0,0.0,32.0,32.0,0.1315399408340454,59.404790052212775,4070.55908203125,,,,,
312,1,312.0,0.0,32.0,32.0,0.4534389078617096,64.83784492593259,4433.673828125,,,,,
313,1,313.0,0.0,32.0,32.0,0.0867386758327484,69.08204697538167,4547.10205078125,,,,,
314,1,314.0,0.0,32.0,32.0,0.1795389056205749,77.10129593033344,4957.591796875,,,,,
315,1,315.0,0.0,32.0,32.0,0.2200480699539184,65.61394198797643,4233.71875,,,,,
316,1,316.0,0.0,32.0,32.0,0.2428778260946273,79.68907908070832,5019.46142578125,,,,,
317,1,317.0,0.0,32.0,32.0,0.088901937007904,73.98405100684613,4742.36328125,,,,,
318,1,318.0,0.0,32.0,32.0,0.1017930507659912,73.78156296908855,4742.36328125,,,,,
319,1,319.0,0.0,32.0,32.0,0.1364379227161407,67.7820920245722,4580.70947265625,,,,,
320,1,320.0,0.0,32.0,32.0,0.3121243119239807,67.69373605493456,4433.673828125,,,,,
321,1,321.0,0.0,32.0,32.0,0.0660638064146041,63.25850100256503,4167.0595703125,,,,,
322,1,322.0,0.0,32.0,32.0,0.2408436685800552,68.48281191196293,4547.10205078125,,,,,
323,1,323.0,0.0,32.0,32.0,0.1382608860731125,71.85956393368542,4644.845703125,,,,,
324,1,324.0,0.0,32.0,32.0,0.1478996574878692,69.22280101571232,4620.6474609375,,,,,
325,1,325.0,0.0,32.0,32.0,0.2259045839309692,69.07609896734357,4478.59765625,,,,,
326,1,326.0,0.0,32.0,32.0,0.1131490916013717,67.92151799891144,4507.0009765625,,,,,
327,1,327.0,0.0,32.0,32.0,0.0564352162182331,71.40741404145956,4707.24365234375,,,,,
328,1,328.0,0.0,32.0,32.0,0.1865512728691101,74.01123398449272,4768.525390625,,,,,
329,1,329.0,0.0,32.0,32.0,0.2012437582015991,71.2189159821719,4620.6474609375,,,,,
330,1,330.0,0.0,32.0,32.0,0.0693786889314651,71.95752998813987,4620.6474609375,,,,,
331,1,331.0,0.0,32.0,32.0,0.3644737303256988,69.4624490570277,4547.10205078125,,,,,
332,1,332.0,0.0,32.0,32.0,0.2175965011119842,69.81767702382058,4547.10205078125,,,,,
333,1,333.0,0.0,32.0,32.0,0.1058920621871948,73.0117509374395,4707.24365234375,,,,,
334,1,334.0,0.0,32.0,32.0,0.0933950617909431,65.46132289804518,4373.68212890625,,,,,
335,1,335.0,0.0,32.0,32.0,0.155444398522377,66.06753403320909,4321.28564453125,,,,,
336,1,336.0,0.0,32.0,32.0,0.2840973138809204,64.36866498552263,4167.0595703125,,,,,
337,1,337.0,0.0,32.0,32.0,0.2284436225891113,76.87235902994871,4913.80078125,,,,,
338,1,338.0,0.0,32.0,32.0,0.1576889157295227,67.79663905035704,4321.28564453125,,,,,
339,1,339.0,0.0,32.0,32.0,0.1000694260001182,68.10649402905256,4547.10205078125,,,,,
340,1,340.0,0.0,32.0,32.0,0.2335432469844818,73.05904803797603,4707.24365234375,,,,,
341,1,341.0,0.0,32.0,32.0,0.2617819607257843,67.77463690377772,4410.1875,,,,,
342,1,342.0,0.0,32.0,32.0,0.098209872841835,72.19539699144661,4742.36328125,,,,,
343,1,343.0,0.0,32.0,32.0,0.4440426826477051,69.33258601929992,4507.0009765625,,,,,
344,1,344.0,0.0,32.0,32.0,0.2086011171340942,64.16116398759186,4204.07421875,,,,,
345,1,345.0,0.0,32.0,32.0,0.0328738242387771,77.17864692676812,4957.591796875,,,,,
346,1,346.0,0.0,32.0,32.0,0.1707064062356948,68.86343099176884,4433.673828125,,,,,
347,1,347.0,0.0,32.0,32.0,0.2483651936054229,58.19918599445373,3988.67919921875,,,,,
348,1,348.0,0.0,32.0,32.0,0.2851086854934692,61.77259201649576,4167.0595703125,,,,,
349,1,349.0,0.0,32.0,32.0,0.1937358677387237,58.56661300640553,4050.37158203125,,,,,
350,1,350.0,0.0,32.0,32.0,0.1490271538496017,65.63348998315632,4433.673828125,,,,,
351,1,351.0,0.0,32.0,32.0,0.1192018464207649,68.41964495833963,4433.673828125,,,,,
352,1,352.0,0.0,32.0,32.0,0.255031019449234,67.30884907301515,4433.673828125,,,,,
353,1,353.0,0.0,32.0,32.0,0.121588684618473,66.46757700946182,4373.68212890625,,,,,
354,1,354.0,0.0,32.0,32.0,0.2547140121459961,72.58872292004526,4707.24365234375,,,,,
355,1,355.0,0.0,32.0,32.0,0.3225582242012024,68.74064600560814,4507.0009765625,,,,,
356,1,356.0,0.0,32.0,32.0,0.4302729964256286,69.1657509887591,4580.70947265625,,,,,
357,1,357.0,0.0,32.0,32.0,0.028743740171194,65.45366591308266,4233.71875,,,,,
358,1,358.0,0.0,32.0,32.0,0.4815220534801483,58.975560939870775,4050.37158203125,,,,,
359,1,359.0,0.0,32.0,32.0,0.0753522291779518,69.07993298955262,4644.845703125,,,,,
360,1,360.0,0.0,32.0,32.0,0.1122735515236854,74.28873598109931,4742.36328125,,,,,
361,1,361.0,0.0,32.0,32.0,0.3293944895267486,72.11126503534615,4620.6474609375,,,,,
362,1,362.0,0.0,32.0,32.0,0.0381663963198661,74.38509596977383,4768.525390625,,,,,
363,1,363.0,0.0,32.0,32.0,0.2115629017353058,77.61780498549342,4882.7529296875,,,,,
364,1,364.0,0.0,32.0,32.0,0.052795372903347,69.80401300825179,4547.10205078125,,,,,
365,1,365.0,0.0,32.0,32.0,0.3032609522342682,77.08123710472137,4858.0166015625,,,,,
366,1,366.0,0.0,32.0,32.0,0.2822431921958923,70.73619996663183,4620.6474609375,,,,,
367,1,367.0,0.0,32.0,32.0,0.3101315498352051,67.51490698661655,4478.59765625,,,,,
368,1,368.0,0.0,32.0,32.0,0.0541379712522029,82.41471007931978,5150.5615234375,,,,,
369,1,369.0,0.0,32.0,32.0,0.5997245907783508,78.21812003385276,4957.591796875,,,,,
370,1,370.0,0.0,32.0,32.0,0.0680359303951263,69.1068860469386,4433.673828125,,,,,
371,1,371.0,0.0,32.0,32.0,0.1965199708938598,66.30291999317706,4433.673828125,,,,,
372,1,372.0,0.0,32.0,32.0,0.2296214699745178,72.17332592699677,4707.24365234375,,,,,
373,1,373.0,0.0,32.0,32.0,0.1465280503034591,77.02140009496361,4913.80078125,,,,,
374,1,374.0,0.0,32.0,32.0,0.2339897751808166,72.8402630193159,4644.845703125,,,,,
375,1,375.0,0.0,32.0,32.0,0.0494559817016124,78.68179201614112,4882.7529296875,,,,,
376,1,376.0,0.0,32.0,32.0,0.1313675940036773,60.35374605562538,4070.55908203125,,,,,
377,1,377.0,0.0,32.0,32.0,0.1716986745595932,65.93444698955864,4373.68212890625,,,,,
378,1,378.0,0.0,32.0,32.0,0.201500192284584,69.17854002676904,4547.10205078125,,,,,
379,1,379.0,0.0,32.0,32.0,0.3274998068809509,66.96620001457632,4373.68212890625,,,,,
380,1,380.0,0.0,32.0,32.0,0.1098911389708519,63.75050405040383,4296.8486328125,,,,,
381,1,381.0,0.0,32.0,32.0,0.1688404828310012,65.46457193326205,4433.673828125,,,,,
382,1,382.0,0.0,32.0,32.0,0.2467879205942154,78.40422098524868,4913.80078125,,,,,
383,1,383.0,0.0,32.0,32.0,0.0894948169589042,69.74800606258214,4478.59765625,,,,,
384,1,384.0,0.0,32.0,32.0,0.1774204522371292,67.11296690627933,4373.68212890625,,,,,
385,1,385.0,0.0,32.0,32.0,0.1558844298124313,59.156571980565786,4070.55908203125,,,,,
386,1,386.0,0.0,32.0,32.0,0.1892135143280029,66.16914609912783,4433.673828125,,,,,
387,1,387.0,0.0,32.0,32.0,0.157097578048706,62.84398306161165,4296.8486328125,,,,,
388,1,388.0,0.0,32.0,32.0,0.1350999921560287,71.61643099971116,4644.845703125,,,,,
389,1,389.0,0.0,32.0,32.0,0.2859067320823669,73.07308202143759,4768.525390625,,,,,
390,1,390.0,0.0,32.0,32.0,0.0805548280477523,66.93246099166572,4266.18798828125,,,,,
391,1,391.0,0.0,32.0,32.0,0.0894424840807914,62.94053792953491,4296.8486328125,,,,,
392,1,392.0,0.0,32.0,32.0,0.1248490810394287,68.37711995467544,4478.59765625,,,,,
393,1,393.0,0.0,32.0,32.0,0.1690066903829574,75.84003999363631,4790.67919921875,,,,,
394,1,394.0,0.0,32.0,32.0,0.1065255478024482,67.25582003127784,4266.18798828125,,,,,
395,1,395.0,0.0,32.0,32.0,0.3772721290588379,66.8008920038119,4433.673828125,,,,,
396,1,396.0,0.0,32.0,32.0,0.0524222776293754,71.71411195304245,4644.845703125,,,,,
397,1,397.0,0.0,32.0,32.0,0.253262996673584,65.83673902787268,4373.68212890625,,,,,
398,1,398.0,0.0,32.0,32.0,0.0473388694226741,80.11137205176055,5046.08544921875,,,,,
399,1,399.0,0.0,32.0,32.0,0.2468030303716659,64.89088106900454,4296.8486328125,,,,,
400,1,400.0,0.0,32.0,32.0,0.2039319574832916,73.36283894255757,4768.525390625,,,,,
401,1,401.0,0.0,32.0,32.0,0.2356244027614593,78.19376804400235,4882.7529296875,,,,,
402,1,402.0,0.0,32.0,32.0,0.2408483326435089,68.09443095698953,4321.28564453125,,,,,
403,1,403.0,0.0,32.0,32.0,0.2663650512695312,76.91945903934538,4823.25,,,,,
404,1,404.0,0.0,32.0,32.0,0.1730969250202179,59.116411954164505,4070.55908203125,,,,,
405,1,405.0,0.0,32.0,32.0,0.2908546030521393,69.33282606769353,4620.6474609375,,,,,
406,1,406.0,0.0,32.0,32.0,0.3014673888683319,77.25790899712592,4986.9404296875,,,,,
407,1,407.0,0.0,32.0,32.0,0.1582793593406677,71.65484293363988,4620.6474609375,,,,,
408,1,408.0,0.0,32.0,32.0,0.4313215911388397,63.46335902344436,4296.8486328125,,,,,
409,1,409.0,0.0,32.0,32.0,0.0500365644693374,65.66395796835423,4266.18798828125,,,,,
410,1,410.0,0.0,32.0,32.0,0.3179070055484772,76.7900130013004,4957.591796875,,,,,
411,1,411.0,0.0,32.0,32.0,0.286149799823761,64.68793889507651,4296.8486328125,,,,,
412,1,412.0,0.0,32.0,32.0,0.2407175600528717,66.91562291234732,4580.70947265625,,,,,
413,1,413.0,0.0,32.0,32.0,0.3542080521583557,68.08756000827998,4410.1875,,,,,
414,1,414.0,0.0,32.0,32.0,0.0464772060513496,69.43268806207925,4547.10205078125,,,,,
415,1,415.0,0.0,32.0,32.0,0.1814830750226974,70.24909497704357,4547.10205078125,,,,,
416,1,416.0,0.0,32.0,32.0,0.272561103105545,61.47895008325577,4109.82958984375,,,,,
417,1,417.0,0.0,32.0,32.0,0.1272861808538437,59.24865498673171,4070.55908203125,,,,,
418,1,418.0,0.0,32.0,32.0,0.2125546038150787,75.19780599977821,4858.0166015625,,,,,
419,1,419.0,0.0,32.0,32.0,0.3831784129142761,60.47514395322651,4050.37158203125,,,,,
420,1,420.0,0.0,32.0,32.0,0.2211494445800781,62.95143207535148,4266.18798828125,,,,,
421,1,421.0,0.0,32.0,32.0,0.3082368969917297,65.60419697780162,4266.18798828125,,,,,
422,1,422.0,0.0,32.0,32.0,0.1671908050775528,67.1536719892174,4266.18798828125,,,,,
423,1,423.0,0.0,32.0,32.0,0.1896846294403076,79.21311096288264,5019.46142578125,,,,,
424,1,424.0,0.0,32.0,32.0,0.3674901127815246,68.75724194105715,4433.673828125,,,,,
425,1,425.0,0.0,32.0,32.0,0.1477155685424804,69.11759194917977,4547.10205078125,,,,,
426,1,426.0,0.0,32.0,32.0,0.3098620772361755,68.20975593291223,4410.1875,,,,,
427,1,427.0,0.0,32.0,32.0,0.1280780583620071,76.76679000724107,4957.591796875,,,,,
428,1,428.0,0.0,32.0,32.0,0.2155699729919433,77.73674302734435,4913.80078125,,,,,
429,1,429.0,0.0,32.0,32.0,0.0687562972307205,60.703702038154006,4070.55908203125,,,,,
430,1,430.0,0.0,32.0,32.0,0.3736442327499389,62.63903703074902,4141.5458984375,,,,,
431,1,431.0,0.0,32.0,32.0,0.3093907237052917,73.04657099302858,4768.525390625,,,,,
432,1,432.0,0.0,32.0,32.0,0.20660400390625,74.24614601768553,4707.24365234375,,,,,
433,1,433.0,0.0,32.0,32.0,0.1484440267086029,65.3438960434869,4266.18798828125,,,,,
434,1,434.0,0.0,32.0,32.0,0.2101296186447143,69.51622106134892,4547.10205078125,,,,,
435,1,435.0,0.0,32.0,32.0,0.247194156050682,64.3235919997096,4233.71875,,,,,
436,1,436.0,0.0,32.0,32.0,0.3126259446144104,71.47038402035832,4707.24365234375,,,,,
437,1,437.0,0.0,32.0,32.0,0.0863249599933624,78.60166707541794,4913.80078125,,,,,
438,1,438.0,0.0,32.0,32.0,0.0870503783226013,70.17292594537139,4547.10205078125,,,,,
439,1,439.0,0.0,32.0,32.0,0.1957685500383377,66.37182203121483,4266.18798828125,,,,,
440,1,440.0,0.0,32.0,32.0,0.1196388155221939,61.10058492049575,4109.82958984375,,,,,
441,1,441.0,0.0,32.0,32.0,0.4020208418369293,74.88891400862485,4790.67919921875,,,,,
442,1,442.0,0.0,32.0,32.0,0.1768945306539535,69.41551901400089,4321.28564453125,,,,,
443,1,443.0,0.0,32.0,32.0,0.350869357585907,68.87663796078414,4507.0009765625,,,,,
444,1,444.0,0.0,32.0,32.0,0.2173431813716888,65.85838692262769,4373.68212890625,,,,,
445,1,445.0,0.0,32.0,32.0,0.3021426200866699,71.01505005266517,4547.10205078125,,,,,
446,1,446.0,0.0,32.0,32.0,0.1398721784353256,69.68697404954582,4580.70947265625,,,,,
447,1,447.0,0.0,32.0,32.0,0.1941230744123459,65.80428790766746,4266.18798828125,,,,,
448,1,448.0,0.0,32.0,32.0,0.1321498155593872,76.6535479342565,4790.67919921875,,,,,
449,1,449.0,0.0,32.0,32.0,0.1931893229484558,67.09582603070885,4373.68212890625,,,,,
450,1,450.0,0.0,32.0,32.0,0.0750037878751754,62.723355018533766,4141.5458984375,,,,,
451,1,451.0,0.0,32.0,32.0,0.3587028682231903,78.56586400885135,4882.7529296875,,,,,
452,1,452.0,0.0,32.0,32.0,0.2023522853851318,57.64853092841804,3988.67919921875,,,,,
453,1,453.0,0.0,32.0,32.0,0.18183633685112,66.70908501837403,4373.68212890625,,,,,
454,1,454.0,0.0,32.0,32.0,0.344563752412796,72.76865199673921,4768.525390625,,,,,
455,1,455.0,0.0,32.0,32.0,0.2839898467063904,70.2912739943713,4547.10205078125,,,,,
456,1,456.0,0.0,32.0,32.0,0.1055671274662017,59.86352905165404,4050.37158203125,,,,,
457,1,457.0,0.0,32.0,32.0,0.146906167268753,70.32641302794218,4644.845703125,,,,,
458,1,458.0,0.0,32.0,32.0,0.1189481914043426,83.09615193866193,5203.0224609375,,,,,
459,1,459.0,0.0,32.0,32.0,0.2202047854661941,72.2308240365237,4620.6474609375,,,,,
460,1,460.0,0.0,32.0,32.0,0.0794781595468521,66.92054297309369,4410.1875,,,,,
461,1,461.0,0.0,32.0,32.0,0.0375077128410339,73.09013698250055,4768.525390625,,,,,
462,1,462.0,0.0,32.0,32.0,0.1730340272188186,81.36364701204002,5097.54638671875,,,,,
463,1,463.0,0.0,32.0,32.0,0.1017732769250869,64.25930990371853,4296.8486328125,,,,,
464,1,464.0,0.0,32.0,32.0,0.2274353355169296,66.10715505667031,4373.68212890625,,,,,
465,1,465.0,0.0,32.0,32.0,0.2033705860376358,80.67206398118287,5121.52001953125,,,,,
466,1,466.0,0.0,32.0,32.0,0.1876596212387085,78.53473292198032,4986.9404296875,,,,,
467,1,467.0,0.0,32.0,32.0,0.2293124943971634,76.98825292754918,4913.80078125,,,,,
468,1,468.0,0.0,32.0,32.0,0.126971423625946,70.89138100855052,4547.10205078125,,,,,
469,1,469.0,0.0,32.0,32.0,0.2135206460952758,72.67258199863136,4742.36328125,,,,,
470,1,470.0,0.0,32.0,32.0,0.4242272973060608,67.46024696622044,4410.1875,,,,,
471,1,471.0,0.0,32.0,32.0,0.0515115708112716,66.93715404253453,4321.28564453125,,,,,
472,1,472.0,0.0,32.0,32.0,0.2587087452411651,68.99990700185299,4478.59765625,,,,,
473,1,473.0,0.0,32.0,32.0,0.0398866310715675,68.15942900720984,4410.1875,,,,,
474,1,474.0,0.0,32.0,32.0,0.1863796412944793,67.1717330114916,4433.673828125,,,,,
475,1,475.0,0.0,32.0,32.0,0.3125607967376709,65.95629500225186,4410.1875,,,,,
476,1,476.0,0.0,32.0,32.0,0.0969669818878173,69.04049403965473,4507.0009765625,,,,,
477,1,477.0,0.0,32.0,32.0,0.2817505598068237,75.87181392591447,4823.25,,,,,
478,1,478.0,0.0,32.0,32.0,0.3034435510635376,64.2126000020653,4296.8486328125,,,,,
479,1,479.0,0.0,32.0,32.0,0.0771723464131355,70.15394605696201,4620.6474609375,,,,,
480,1,480.0,0.0,32.0,32.0,0.1306918859481811,68.48680996336043,4433.673828125,,,,,
481,1,481.0,0.0,32.0,32.0,0.3392401933670044,66.71032099984586,4373.68212890625,,,,,
482,1,482.0,0.0,32.0,32.0,0.1271720826625824,64.2018400831148,4167.0595703125,,,,,
483,1,483.0,0.0,32.0,32.0,0.2257667034864425,62.64598097186536,4233.71875,,,,,
484,1,484.0,0.0,32.0,32.0,0.037354439496994,76.73149008769542,4823.25,,,,,
485,1,485.0,0.0,32.0,32.0,0.0616704449057579,66.30419800058007,4233.71875,,,,,
486,1,486.0,0.0,32.0,32.0,0.1639411002397537,68.72587790712714,4507.0009765625,,,,,
487,1,487.0,0.0,32.0,32.0,0.1700051724910736,61.22356397099793,4109.82958984375,,,,,
488,1,488.0,0.0,32.0,32.0,0.2555610537528991,68.72766802553087,4580.70947265625,,,,,
489,1,489.0,0.0,32.0,32.0,0.1830821484327316,71.94927206728607,4644.845703125,,,,,
490,1,490.0,0.0,32.0,32.0,0.0597201846539974,68.2992140064016,4507.0009765625,,,,,
491,1,491.0,0.0,32.0,32.0,0.3471392393112182,63.20084899198264,4233.71875,,,,,
492,1,492.0,0.0,32.0,32.0,0.0886039733886718,78.75942706596106,4882.7529296875,,,,,
493,1,493.0,0.0,32.0,32.0,0.384710282087326,60.47010701149702,4109.82958984375,,,,,
494,1,494.0,0.0,32.0,32.0,0.1730845123529434,70.71420503780246,4620.6474609375,,,,,
495,1,495.0,0.0,32.0,32.0,0.1657800078392028,68.87555902358145,4580.70947265625,,,,,
496,1,496.0,0.0,32.0,32.0,0.0300995521247386,69.15728305466473,4478.59765625,,,,,
497,1,497.0,0.0,32.0,32.0,0.1982281804084777,67.12487596087158,4433.673828125,,,,,
498,1,498.0,0.0,32.0,32.0,0.1080791801214218,68.32819094415754,4478.59765625,,,,,
499,1,499.0,0.0,32.0,32.0,0.1718737632036209,64.69824898522347,4266.18798828125,,,,,
500,1,500.0,0.0,32.0,32.0,0.3846288919448852,77.1747879916802,4823.25,,,,,
501,1,501.0,0.0,32.0,32.0,0.1767297387123108,84.22670105937868,5150.5615234375,,,,,
502,1,502.0,0.0,32.0,32.0,0.2691612541675567,65.27787691447884,4167.0595703125,,,,,
503,1,503.0,0.0,32.0,32.0,0.444847971200943,67.76930403430015,4433.673828125,,,,,
504,1,504.0,0.0,32.0,32.0,0.1072922945022583,77.12248002644628,4882.7529296875,,,,,
505,1,505.0,0.0,32.0,32.0,0.140975996851921,65.21511601749808,4167.0595703125,,,,,
506,1,506.0,0.0,32.0,32.0,0.5535416603088379,64.51925099827349,4373.68212890625,,,,,
507,1,507.0,0.0,32.0,32.0,0.0369808413088321,68.66349396295846,4478.59765625,,,,,
508,1,508.0,0.0,32.0,32.0,0.1062891259789466,68.66500491742045,4478.59765625,,,,,
509,1,509.0,0.0,32.0,32.0,0.1899573802947998,70.55968709755689,4620.6474609375,,,,,
510,1,510.0,0.0,32.0,32.0,0.3271836042404175,72.98233103938401,4742.36328125,,,,,
511,1,511.0,0.0,32.0,32.0,0.2553042471408844,68.60000605229288,4478.59765625,,,,,
512,1,512.0,0.0,32.0,32.0,0.1609436869621276,69.47557791136205,4547.10205078125,,,,,
513,1,513.0,0.0,32.0,32.0,0.3008022308349609,67.0751619618386,4478.59765625,,,,,
514,1,514.0,0.0,32.0,32.0,0.1065370589494705,59.74344094283879,4109.82958984375,,,,,
515,1,515.0,0.0,32.0,32.0,0.0505947321653366,70.91844209935516,4620.6474609375,,,,,
516,1,516.0,0.0,32.0,32.0,0.1578305065631866,72.82307196874171,4768.525390625,,,,,
517,1,517.0,0.0,32.0,32.0,0.1668543219566345,67.13747698813677,4373.68212890625,,,,,
518,1,518.0,0.0,32.0,32.0,0.1011417582631111,68.63097089808434,4433.673828125,,,,,
519,1,519.0,0.0,32.0,32.0,0.1969824433326721,62.71690991707146,4141.5458984375,,,,,
520,1,520.0,0.0,32.0,32.0,0.114364743232727,68.50759196095169,4580.70947265625,,,,,
521,1,521.0,0.0,32.0,32.0,0.2427912801504135,67.82442599069327,4321.28564453125,,,,,
522,1,522.0,0.0,32.0,32.0,0.219604879617691,58.7529520271346,4109.82958984375,,,,,
523,1,523.0,0.0,32.0,32.0,0.1219900101423263,63.46208904869855,4233.71875,,,,,
524,1,524.0,0.0,32.0,32.0,0.3173540234565735,68.65489203482866,4478.59765625,,,,,
525,1,525.0,0.0,32.0,32.0,0.1732562184333801,66.46400806494057,4410.1875,,,,,
526,1,526.0,0.0,32.0,32.0,0.1700618863105774,65.36987994331867,4233.71875,,,,,
527,1,527.0,0.0,32.0,32.0,0.1204868778586387,67.43276596534997,4410.1875,,,,,
528,1,528.0,0.0,32.0,32.0,0.4191384315490722,75.85141598246992,4957.591796875,,,,,
529,1,529.0,0.0,32.0,32.0,0.1644916832447052,62.61888099834323,4109.82958984375,,,,,
530,1,530.0,0.0,32.0,32.0,0.1350549310445785,58.426955016329885,4109.82958984375,,,,,
531,1,531.0,0.0,32.0,32.0,0.1276157647371292,72.074691997841,4768.525390625,,,,,
532,1,532.0,0.0,32.0,32.0,0.2429713159799575,71.49596407543868,4547.10205078125,,,,,
533,1,533.0,0.0,32.0,32.0,0.151709109544754,74.75376594811678,4768.525390625,,,,,
534,1,534.0,0.0,32.0,32.0,0.1817699819803238,70.19425893668085,4507.0009765625,,,,,
535,1,535.0,0.0,32.0,32.0,0.1481152474880218,68.39857797604054,4478.59765625,,,,,
536,1,536.0,0.0,32.0,32.0,0.1672203242778778,70.88664395269006,4620.6474609375,,,,,
537,1,537.0,0.0,32.0,32.0,0.2391295731067657,76.31271204445511,4858.0166015625,,,,,
538,1,538.0,0.0,32.0,32.0,0.0892749726772308,63.76248900778592,4167.0595703125,,,,,
539,1,539.0,0.0,32.0,32.0,0.2067499160766601,65.25130500085652,4373.68212890625,,,,,
540,1,540.0,0.0,32.0,32.0,0.0871034115552902,72.61147408280522,4742.36328125,,,,,
541,1,541.0,0.0,32.0,32.0,0.231237918138504,68.18860804196447,4507.0009765625,,,,,
542,1,542.0,0.0,32.0,32.0,0.2150534987449646,71.94944005459547,4620.6474609375,,,,,
543,1,543.0,0.0,32.0,32.0,0.1113123372197151,67.27573601529002,4373.68212890625,,,,,
544,1,544.0,0.0,32.0,32.0,0.1524333506822586,59.431188041344285,4109.82958984375,,,,,
545,1,545.0,0.0,32.0,32.0,0.250273197889328,66.70565099921077,4373.68212890625,,,,,
546,1,546.0,0.0,32.0,32.0,0.301987886428833,57.75562801863998,4050.37158203125,,,,,
547,1,547.0,0.0,32.0,32.0,0.05803794413805,68.50629101973027,4478.59765625,,,,,
548,1,548.0,0.0,32.0,32.0,0.1620538234710693,69.93537198286504,4547.10205078125,,,,,
549,1,549.0,0.0,32.0,32.0,0.2318048179149627,69.08585503697395,4507.0009765625,,,,,
550,1,550.0,0.0,32.0,32.0,0.0385985448956489,67.2076300252229,4410.1875,,,,,
551,1,551.0,0.0,32.0,32.0,0.154533103108406,77.06239295657724,4790.67919921875,,,,,
552,1,552.0,0.0,32.0,32.0,0.1305092573165893,74.19219601433724,4742.36328125,,,,,
553,1,553.0,0.0,32.0,32.0,0.1457179337739944,72.81891792081296,4768.525390625,,,,,
554,1,554.0,0.0,32.0,32.0,0.2670210897922516,66.45189400296658,4478.59765625,,,,,
555,1,555.0,0.0,32.0,32.0,0.2897300124168396,75.73369704186916,4790.67919921875,,,,,
556,1,556.0,0.0,32.0,32.0,0.1716244965791702,68.99767194408923,4433.673828125,,,,,
557,1,557.0,0.0,32.0,32.0,0.1315679252147674,65.28979795984924,4233.71875,,,,,
558,1,558.0,0.0,32.0,32.0,0.2148195505142212,67.46457901317626,4433.673828125,,,,,
559,1,559.0,0.0,32.0,32.0,0.1931721568107605,68.63558501936495,4478.59765625,,,,,
560,1,560.0,0.0,32.0,32.0,0.0844016522169113,72.45566893834621,4644.845703125,,,,,
561,1,561.0,0.0,32.0,32.0,0.247633546590805,59.99795510433614,4109.82958984375,,,,,
562,1,562.0,0.0,32.0,32.0,0.3024752140045166,66.47493399214,4507.0009765625,,,,,
563,1,563.0,0.0,32.0,32.0,0.4834234118461609,69.63952910155058,4507.0009765625,,,,,
564,1,564.0,0.0,32.0,32.0,0.1625538170337677,63.678257050924,4296.8486328125,,,,,
565,1,565.0,0.0,32.0,32.0,0.1565868854522705,70.58719103224576,4620.6474609375,,,,,
566,1,566.0,0.0,32.0,32.0,0.1178910285234451,68.45068105030805,4507.0009765625,,,,,
567,1,567.0,0.0,32.0,32.0,0.1548604369163513,66.58190907910466,4321.28564453125,,,,,
568,1,568.0,0.0,32.0,32.0,0.1245574355125427,68.34715802688152,4478.59765625,,,,,
569,1,569.0,0.0,32.0,32.0,0.1171452477574348,63.81929689086974,4204.07421875,,,,,
570,1,570.0,0.0,32.0,32.0,0.238300547003746,69.84575593378395,4644.845703125,,,,,
571,1,571.0,0.0,32.0,32.0,0.2304610759019851,64.59082500077784,4204.07421875,,,,,
572,1,572.0,0.0,32.0,32.0,0.2180201858282089,69.15880704764277,4547.10205078125,,,,,
573,1,573.0,0.0,32.0,32.0,0.1724435091018676,68.38945008348674,4433.673828125,,,,,
574,1,574.0,0.0,32.0,32.0,0.1144923269748687,67.13496299926192,4321.28564453125,,,,,
575,1,575.0,0.0,32.0,32.0,0.0888900458812713,69.05775901395828,4478.59765625,,,,,
576,1,576.0,0.0,32.0,32.0,0.4342202842235565,64.32299199514091,4296.8486328125,,,,,
577,1,577.0,0.0,32.0,32.0,0.1000440120697021,73.07392091024667,4768.525390625,,,,,
578,1,578.0,0.0,32.0,32.0,0.03493482619524,67.09687493275851,4478.59765625,,,,,
579,1,579.0,0.0,32.0,32.0,0.3829488158226013,65.83651097025722,4266.18798828125,,,,,
580,1,580.0,0.0,32.0,32.0,0.1109706684947013,79.55614407546818,4913.80078125,,,,,
581,1,581.0,0.0,32.0,32.0,0.1778428554534912,65.05474192090333,4233.71875,,,,,
582,1,582.0,0.0,32.0,32.0,0.1083774715662002,75.32311300747097,4790.67919921875,,,,,
583,1,583.0,0.0,32.0,32.0,0.1764813065528869,70.24977600667626,4547.10205078125,,,,,
584,1,584.0,0.0,32.0,32.0,0.2119116932153701,83.77119805663824,5253.5380859375,,,,,
585,1,585.0,0.0,32.0,32.0,0.1179448440670967,71.35488803032786,4742.36328125,,,,,
586,1,586.0,0.0,32.0,32.0,0.4215448796749115,70.87838894221932,4620.6474609375,,,,,
587,1,587.0,0.0,32.0,32.0,0.2590880393981933,60.5745199136436,4109.82958984375,,,,,
588,1,588.0,0.0,32.0,32.0,0.3380679786205292,81.58885291777551,5121.52001953125,,,,,
589,1,589.0,0.0,32.0,32.0,0.1315428763628006,69.88996104337275,4478.59765625,,,,,
590,1,590.0,0.0,32.0,32.0,0.3346786797046661,72.45880202390254,4742.36328125,,,,,
591,1,591.0,0.0,32.0,32.0,0.1877268105745315,65.04649890121073,4204.07421875,,,,,
592,1,592.0,0.0,32.0,32.0,0.027956198900938,65.99569693207741,4373.68212890625,,,,,
593,1,593.0,0.0,32.0,32.0,0.2681578397750854,67.43864703457803,4507.0009765625,,,,,
594,1,594.0,0.0,32.0,32.0,0.239142507314682,79.38522903714329,5019.46142578125,,,,,
595,1,595.0,0.0,32.0,32.0,0.0612678341567516,65.49528799951077,4233.71875,,,,,
596,1,596.0,0.0,32.0,32.0,0.0949215739965438,65.16074505634606,4233.71875,,,,,
597,1,597.0,0.0,32.0,32.0,0.196853220462799,63.34245600737631,4296.8486328125,,,,,
598,1,598.0,0.0,32.0,32.0,0.3976659774780273,71.76718907430768,4644.845703125,,,,,
599,1,599.0,0.0,32.0,32.0,0.3118035793304443,77.76099594775587,4882.7529296875,,,,,
600,1,600.0,0.0,32.0,32.0,0.2144000977277755,68.37880006060004,4410.1875,,,,,
601,1,601.0,0.0,32.0,32.0,0.037943635135889,79.78304696734995,5097.54638671875,,,,,
602,1,602.0,0.0,32.0,32.0,0.1764375567436218,70.1888189651072,4580.70947265625,,,,,
603,1,603.0,0.0,32.0,32.0,0.5583817958831787,71.65907509624958,4644.845703125,,,,,
604,1,604.0,0.0,32.0,32.0,0.0917554050683975,68.2623740285635,4410.1875,,,,,
605,1,605.0,0.0,32.0,32.0,0.1790419220924377,67.88329395931214,4580.70947265625,,,,,
606,1,606.0,0.0,32.0,32.0,0.1004467830061912,60.03463396336883,4070.55908203125,,,,,
607,1,607.0,0.0,32.0,32.0,0.1752205044031143,63.164566992782056,4296.8486328125,,,,,
608,1,608.0,0.0,32.0,32.0,0.3007534742355346,68.8310720724985,4547.10205078125,,,,,
609,1,609.0,0.0,32.0,32.0,0.3143124878406524,70.46672096475959,4742.36328125,,,,,
610,1,610.0,0.0,32.0,32.0,0.1964486539363861,68.98676697164774,4507.0009765625,,,,,
611,1,611.0,0.0,32.0,32.0,0.2610395550727844,66.9095329940319,4373.68212890625,,,,,
612,1,612.0,0.0,32.0,32.0,0.0992518365383148,71.17193494923413,4620.6474609375,,,,,
613,1,613.0,0.0,32.0,32.0,0.1955765485763549,74.45440103765577,4768.525390625,,,,,
614,1,614.0,0.0,32.0,32.0,0.2124671936035156,68.65577399730682,4478.59765625,,,,,
615,1,615.0,0.0,32.0,32.0,0.3290915489196777,73.24997498653829,4707.24365234375,,,,,
616,1,616.0,0.0,32.0,32.0,0.4054022431373596,73.1590089853853,4742.36328125,,,,,
617,1,617.0,0.0,32.0,32.0,0.2279003858566284,82.91687408927828,5279.615234375,,,,,
618,1,618.0,0.0,32.0,32.0,0.4862280488014221,71.949427947402,4620.6474609375,,,,,
619,1,619.0,0.0,32.0,32.0,0.0476817041635513,76.1588360182941,4858.0166015625,,,,,
620,1,620.0,0.0,32.0,32.0,0.2274067401885986,72.51126796472818,4620.6474609375,,,,,
621,1,621.0,0.0,32.0,32.0,0.1958682239055633,76.91214699298143,4913.80078125,,,,,
622,1,622.0,0.0,32.0,32.0,0.124266892671585,68.983691977337,4507.0009765625,,,,,
623,1,623.0,0.0,32.0,32.0,0.228166401386261,68.67295398842543,4478.59765625,,,,,
624,1,624.0,0.0,32.0,32.0,0.3455222547054291,65.22604008205235,4433.673828125,,,,,
625,1,625.0,0.0,32.0,32.0,0.0907594114542007,62.47767200693488,4141.5458984375,,,,,
626,1,626.0,0.0,32.0,32.0,0.2310279905796051,78.45012901816517,4957.591796875,,,,,
627,1,627.0,0.0,32.0,32.0,0.245824709534645,60.170185985043645,4050.37158203125,,,,,
628,1,628.0,0.0,32.0,32.0,0.107539065182209,71.95486105047166,4742.36328125,,,,,
629,1,629.0,0.0,32.0,32.0,0.2174941003322601,68.17404692992568,4410.1875,,,,,
630,1,630.0,0.0,32.0,32.0,0.1284389942884445,69.46337595582008,4547.10205078125,,,,,
631,1,631.0,0.0,32.0,32.0,0.1201375275850296,71.3516550604254,4620.6474609375,,,,,
632,1,632.0,0.0,32.0,32.0,0.0501283444464206,67.51585297752172,4580.70947265625,,,,,
633,1,633.0,0.0,32.0,32.0,0.4614921808242798,69.63387597352266,4547.10205078125,,,,,
634,1,634.0,0.0,32.0,32.0,0.2193201780319214,72.37144908867776,4644.845703125,,,,,
635,1,635.0,0.0,32.0,32.0,0.3171271085739136,68.03111196495593,4478.59765625,,,,,
636,1,636.0,0.0,32.0,32.0,0.0513049811124801,77.53022201359272,4858.0166015625,,,,,
637,1,637.0,0.0,32.0,32.0,0.111403577029705,77.523636049591,4823.25,,,,,
638,1,638.0,0.0,32.0,32.0,0.0392680391669273,69.03710204642266,4580.70947265625,,,,,
639,1,639.0,0.0,32.0,32.0,0.1514902710914611,62.86170706152916,4233.71875,,,,,
640,1,640.0,0.0,32.0,32.0,0.2144131362438202,78.97996297106147,5019.46142578125,,,,,
641,1,641.0,0.0,32.0,32.0,0.4219973683357239,69.59644402377307,4580.70947265625,,,,,
642,1,642.0,0.0,32.0,32.0,0.1158771216869354,68.55278601869941,4478.59765625,,,,,
643,1,643.0,0.0,32.0,32.0,0.1336355805397033,60.06018107291311,4070.55908203125,,,,,
644,1,644.0,0.0,32.0,32.0,0.069869577884674,67.98590300604701,4507.0009765625,,,,,
645,1,645.0,0.0,32.0,32.0,0.2267264723777771,64.87383309286088,4204.07421875,,,,,
646,1,646.0,0.0,32.0,32.0,0.0324355885386467,69.46930498816073,4507.0009765625,,,,,
647,1,647.0,0.0,32.0,32.0,0.4964192807674408,62.65602307394147,4296.8486328125,,,,,
648,1,648.0,0.0,32.0,32.0,0.2652965784072876,65.89722807984799,4373.68212890625,,,,,
649,1,649.0,0.0,32.0,32.0,0.0650371611118316,69.2865839228034,4507.0009765625,,,,,
650,1,650.0,0.0,32.0,32.0,0.122866466641426,68.73127189464867,4507.0009765625,,,,,
651,1,651.0,0.0,32.0,32.0,0.1700852215290069,69.70066600479186,4580.70947265625,,,,,
652,1,652.0,0.0,32.0,32.0,0.0870088189840316,69.25676402170211,4507.0009765625,,,,,
653,1,653.0,0.0,32.0,32.0,0.0866061151027679,82.14309101458639,5150.5615234375,,,,,
654,1,654.0,0.0,32.0,32.0,0.1636488288640976,69.75420191884041,4507.0009765625,,,,,
655,1,655.0,0.0,32.0,32.0,0.0191391110420227,73.60589993186295,4790.67919921875,,,,,
656,1,656.0,0.0,32.0,32.0,0.0610574409365654,78.30800698138773,4986.9404296875,,,,,
657,1,657.0,0.0,32.0,32.0,0.0930110663175582,72.34548404812813,4644.845703125,,,,,
658,1,658.0,0.0,32.0,32.0,0.0422998033463954,64.44511690642685,4233.71875,,,,,
659,1,659.0,0.0,32.0,32.0,0.2155016660690307,78.22457200381905,4986.9404296875,,,,,
660,1,660.0,0.0,32.0,32.0,0.2355573028326034,69.96431900188327,4478.59765625,,,,,
661,1,661.0,0.0,32.0,32.0,0.144370749592781,71.53651595581323,4644.845703125,,,,,
662,1,662.0,0.0,32.0,32.0,0.0120442854240536,68.76692199148238,4620.6474609375,,,,,
663,1,663.0,0.0,32.0,32.0,0.2174436450004577,67.72067991551012,4433.673828125,,,,,
664,1,664.0,0.0,32.0,32.0,0.3078297078609466,71.46904396358877,4620.6474609375,,,,,
665,1,665.0,0.0,32.0,32.0,0.1560087203979492,64.56794193945825,4233.71875,,,,,
666,1,666.0,0.0,32.0,32.0,0.2149444073438644,62.89168202783912,4141.5458984375,,,,,
667,1,667.0,0.0,32.0,32.0,0.1728736013174057,69.59069601725787,4507.0009765625,,,,,
668,1,668.0,0.0,32.0,32.0,0.1920551806688308,67.91164190508425,4410.1875,,,,,
669,1,669.0,0.0,32.0,32.0,0.1742618978023529,74.21545300167054,4768.525390625,,,,,
670,1,670.0,0.0,32.0,32.0,0.4050835371017456,57.57106200326234,4050.37158203125,,,,,
671,1,671.0,0.0,32.0,32.0,0.3636209070682525,72.47785700019449,4768.525390625,,,,,
672,1,672.0,0.0,32.0,32.0,0.2959209680557251,66.90221198368818,4373.68212890625,,,,,
673,1,673.0,0.0,32.0,32.0,0.3645008504390716,69.15720808319747,4580.70947265625,,,,,
674,1,674.0,0.0,32.0,32.0,0.172299176454544,74.06322204042226,4707.24365234375,,,,,
675,1,675.0,0.0,32.0,32.0,0.3109848201274872,76.58078789245337,4790.67919921875,,,,,
676,1,676.0,0.0,32.0,32.0,0.111455038189888,68.56732489541173,4410.1875,,,,,
677,1,677.0,0.0,32.0,32.0,0.2685247361660003,78.90269404742867,5019.46142578125,,,,,
678,1,678.0,0.0,32.0,32.0,0.3425652384757995,78.26174492947757,4882.7529296875,,,,,
679,1,679.0,0.0,32.0,32.0,0.0701052770018577,73.28057195991278,4768.525390625,,,,,
680,1,680.0,0.0,32.0,32.0,0.2582502365112304,77.81497202813625,4957.591796875,,,,,
681,1,681.0,0.0,32.0,32.0,0.0578935258090496,69.79774800129235,4580.70947265625,,,,,
682,1,682.0,0.0,32.0,32.0,0.1263715177774429,71.32852100767195,4620.6474609375,,,,,
683,1,683.0,0.0,32.0,32.0,0.2107054442167282,68.95750400144607,4580.70947265625,,,,,
684,1,684.0,0.0,32.0,32.0,0.2997571527957916,67.18782405368984,4321.28564453125,,,,,
685,1,685.0,0.0,32.0,32.0,0.2534295320510864,68.25033097993582,4620.6474609375,,,,,
686,1,686.0,0.0,32.0,32.0,0.1550935953855514,67.29826598893851,4373.68212890625,,,,,
687,1,687.0,0.0,32.0,32.0,0.100367397069931,76.67138800024986,4823.25,,,,,
688,1,688.0,0.0,32.0,32.0,0.1938659697771072,70.06481301505119,4410.1875,,,,,
689,1,689.0,0.0,32.0,32.0,0.0246032923460006,58.4907530574128,4050.37158203125,,,,,
690,1,690.0,0.0,32.0,32.0,0.2103567123413086,72.39684101659805,4742.36328125,,,,,
691,1,691.0,0.0,32.0,32.0,0.3319718539714813,63.82905598729849,4167.0595703125,,,,,
692,1,692.0,0.0,32.0,32.0,0.2823637127876282,67.14295293204486,4433.673828125,,,,,
693,1,693.0,0.0,32.0,32.0,0.1629803627729416,67.27755896281451,4580.70947265625,,,,,
694,1,694.0,0.0,32.0,32.0,0.1169846504926681,66.55202095862478,4373.68212890625,,,,,
695,1,695.0,0.0,32.0,32.0,0.1541612446308136,80.75302699580789,5019.46142578125,,,,,
696,1,696.0,0.0,32.0,32.0,0.1521197259426117,67.65953591093421,4321.28564453125,,,,,
697,1,697.0,0.0,32.0,32.0,0.1046313196420669,64.36635903082788,4233.71875,,,,,
698,1,698.0,0.0,32.0,32.0,0.231433019042015,70.39170095231384,4620.6474609375,,,,,
699,1,699.0,0.0,32.0,32.0,0.5622701644897461,67.60293990373611,4410.1875,,,,,
700,1,700.0,0.0,32.0,32.0,0.1705925017595291,57.7171869808808,3936.96923828125,,,,,
701,1,701.0,0.0,32.0,32.0,0.2038648426532745,77.07554008811712,5019.46142578125,,,,,
702,1,702.0,0.0,32.0,32.0,0.1194958239793777,75.43066807556897,4768.525390625,,,,,
703,1,703.0,0.0,32.0,32.0,0.0624270066618919,69.52329899650067,4547.10205078125,,,,,
704,1,704.0,0.0,32.0,32.0,0.1461603641510009,64.90461702924222,4233.71875,,,,,
705,1,705.0,0.0,32.0,32.0,0.270310640335083,71.79858803283423,4644.845703125,,,,,
706,1,706.0,0.0,32.0,32.0,0.2703410983085632,76.17469795513898,4790.67919921875,,,,,
707,1,707.0,0.0,32.0,32.0,0.0683358684182167,71.929139085114,4644.845703125,,,,,
708,1,708.0,0.0,32.0,32.0,0.2051950842142105,67.19570001587272,4478.59765625,,,,,
709,1,709.0,0.0,32.0,32.0,0.17510586977005,67.06416502129287,4373.68212890625,,,,,
710,1,710.0,0.0,32.0,32.0,0.0951777398586273,83.54063902515918,5203.0224609375,,,,,
711,1,711.0,0.0,32.0,32.0,0.0193126872181892,65.53412799257785,4233.71875,,,,,
712,1,712.0,0.0,32.0,32.0,0.1641908288002014,76.32235600613058,4957.591796875,,,,,
713,1,713.0,0.0,32.0,32.0,0.1302156150341034,69.68088494613767,4547.10205078125,,,,,
714,1,714.0,0.0,32.0,32.0,0.0360182486474514,68.87771608307958,4507.0009765625,,,,,
715,1,715.0,0.0,32.0,32.0,0.1850985139608383,64.40232903696597,4266.18798828125,,,,,
716,1,716.0,0.0,32.0,32.0,0.0966213718056678,68.8985789893195,4547.10205078125,,,,,
717,1,717.0,0.0,32.0,32.0,0.2605133056640625,69.92045301012695,4507.0009765625,,,,,
718,1,718.0,0.0,32.0,32.0,0.0277385618537664,62.87491996772587,4296.8486328125,,,,,
719,1,719.0,0.0,32.0,32.0,0.4025041162967682,75.61273593455553,4858.0166015625,,,,,
720,1,720.0,0.0,32.0,32.0,0.0806843936443328,61.80312391370535,4109.82958984375,,,,,
721,1,721.0,0.0,32.0,32.0,0.1947515308856964,68.77356499899179,4547.10205078125,,,,,
722,1,722.0,0.0,32.0,32.0,0.0764756426215171,69.44349408149719,4433.673828125,,,,,
723,1,723.0,0.0,32.0,32.0,0.0533133298158645,66.31195696536452,4580.70947265625,,,,,
724,1,724.0,0.0,32.0,32.0,0.1292554587125778,67.5061639631167,4373.68212890625,,,,,
725,1,725.0,0.0,32.0,32.0,0.1639409214258194,68.96097201388329,4580.70947265625,,,,,
726,1,726.0,0.0,32.0,32.0,0.218679130077362,69.10610105842352,4580.70947265625,,,,,
727,1,727.0,0.0,32.0,32.0,0.0243287924677133,64.3577059963718,4204.07421875,,,,,
728,1,728.0,0.0,32.0,32.0,0.0568121448159217,68.08092200662941,4507.0009765625,,,,,
729,1,729.0,0.0,32.0,32.0,0.2438369989395141,68.91760404687375,4478.59765625,,,,,
730,1,730.0,0.0,32.0,32.0,0.0944636464118957,60.3355320636183,4109.82958984375,,,,,
731,1,731.0,0.0,32.0,32.0,0.2791330516338348,63.65084496792406,4266.18798828125,,,,,
732,1,732.0,0.0,32.0,32.0,0.1427379846572876,68.23122303467244,4478.59765625,,,,,
733,1,733.0,0.0,32.0,32.0,0.0347772911190986,69.51131799723953,4507.0009765625,,,,,
734,1,734.0,0.0,32.0,32.0,0.1295030415058136,65.77573099639267,4233.71875,,,,,
735,1,735.0,0.0,32.0,32.0,0.272860586643219,76.89881406258792,4790.67919921875,,,,,
736,1,736.0,0.0,32.0,32.0,0.0545619018375873,71.95791997946799,4620.6474609375,,,,,
737,1,737.0,0.0,32.0,32.0,0.2691475749015808,67.5003919750452,4410.1875,,,,,
738,1,738.0,0.0,32.0,32.0,0.1661925315856933,73.5516210552305,4768.525390625,,,,,
739,1,739.0,0.0,32.0,32.0,0.2043744623661041,62.62262002564967,4233.71875,,,,,
740,1,740.0,0.0,32.0,32.0,0.3326077163219452,63.35452909115702,4167.0595703125,,,,,
741,1,741.0,0.0,32.0,32.0,0.181986778974533,66.64762401487678,4321.28564453125,,,,,
742,1,742.0,0.0,32.0,32.0,0.2506534457206726,67.21206905785948,4321.28564453125,,,,,
743,1,743.0,0.0,32.0,32.0,0.14348866045475,69.44434705656022,4580.70947265625,,,,,
744,1,744.0,0.0,32.0,32.0,0.1855539679527282,64.50979399960488,4296.8486328125,,,,,
745,1,745.0,0.0,32.0,32.0,0.2312086522579193,62.03992699738592,4141.5458984375,,,,,
746,1,746.0,0.0,32.0,32.0,0.1602627336978912,76.23292692005634,4823.25,,,,,
747,1,747.0,0.0,32.0,32.0,0.3077397346496582,59.68110403046012,4109.82958984375,,,,,
748,1,748.0,0.0,32.0,32.0,0.1763065159320831,64.73621702753007,4266.18798828125,,,,,
749,1,749.0,0.0,32.0,32.0,0.1530687063932418,71.76193397026509,4644.845703125,,,,,
750,1,750.0,0.0,32.0,32.0,0.100843921303749,70.1863729627803,4547.10205078125,,,,,
751,1,751.0,0.0,32.0,32.0,0.0536026395857334,68.69930494576693,4478.59765625,,,,,
752,1,752.0,0.0,32.0,32.0,0.155725747346878,67.42344400845468,4321.28564453125,,,,,
753,1,753.0,0.0,32.0,32.0,0.1342887580394745,64.46051492821425,4233.71875,,,,,
754,1,754.0,0.0,32.0,32.0,0.2655728161334991,67.66518100630492,4410.1875,,,,,
755,1,755.0,0.0,32.0,32.0,0.2385349571704864,62.20988894347101,4204.07421875,,,,,
756,1,756.0,0.0,32.0,32.0,0.345686674118042,66.52130093425512,4373.68212890625,,,,,
757,1,757.0,0.0,32.0,32.0,0.2241977751255035,67.71170301362872,4433.673828125,,,,,
758,1,758.0,0.0,32.0,32.0,0.1242832392454147,64.51533804647624,4296.8486328125,,,,,
759,1,759.0,0.0,32.0,32.0,0.1223659515380859,63.705802080221474,4204.07421875,,,,,
760,1,760.0,0.0,32.0,32.0,0.1691872775554657,74.47669398970902,4823.25,,,,,
761,1,761.0,0.0,32.0,32.0,0.1213724911212921,79.98964306898415,4913.80078125,,,,,
762,1,762.0,0.0,32.0,32.0,0.3512624204158783,77.9221470002085,4858.0166015625,,,,,
763,1,763.0,0.0,32.0,32.0,0.1600031852722168,66.09862693585455,4266.18798828125,,,,,
764,1,764.0,0.0,32.0,32.0,0.1387290358543396,72.55443499889225,4707.24365234375,,,,,
765,1,765.0,0.0,32.0,32.0,0.1734409779310226,72.75630405638367,4742.36328125,,,,,
766,1,766.0,0.0,32.0,32.0,0.452599823474884,64.69723000191152,4204.07421875,,,,,
767,1,767.0,0.0,32.0,32.0,0.41170135140419,73.10888194479048,4742.36328125,,,,,
768,1,768.0,0.0,32.0,32.0,0.226480484008789,68.89117101673037,4478.59765625,,,,,
769,1,769.0,0.0,32.0,32.0,0.2745047211647033,70.91256498824805,4644.845703125,,,,,
770,1,770.0,0.0,32.0,32.0,0.512203574180603,73.18559405393898,4742.36328125,,,,,
771,1,771.0,0.0,32.0,32.0,0.2008324712514877,64.57122194115072,4321.28564453125,,,,,
772,1,772.0,0.0,32.0,32.0,0.1057694852352142,72.66619300935417,4707.24365234375,,,,,
773,1,773.0,0.0,32.0,32.0,0.2752182185649872,74.74280800670385,4790.67919921875,,,,,
774,1,774.0,0.0,32.0,32.0,0.2014163881540298,65.64429006539285,4233.71875,,,,,
775,1,775.0,0.0,32.0,32.0,0.1301709115505218,77.47166696935892,4858.0166015625,,,,,
776,1,776.0,0.0,32.0,32.0,0.146075814962387,65.54841308388859,4296.8486328125,,,,,
777,1,777.0,0.0,32.0,32.0,0.101915493607521,84.21235997229815,5253.5380859375,,,,,
778,1,778.0,0.0,32.0,32.0,0.2891935110092163,67.77415296528488,4507.0009765625,,,,,
779,1,779.0,0.0,32.0,32.0,0.1959302127361297,63.029326032847166,4296.8486328125,,,,,
780,1,780.0,0.0,32.0,32.0,0.1717528253793716,67.84387200605124,4507.0009765625,,,,,
781,1,781.0,0.0,32.0,32.0,0.173976868391037,69.20631893444806,4478.59765625,,,,,
782,1,782.0,0.0,32.0,32.0,0.0883838683366775,64.47689607739449,4233.71875,,,,,
783,1,783.0,0.0,32.0,32.0,0.1021912992000579,72.13919702917337,4620.6474609375,,,,,
784,1,784.0,0.0,32.0,32.0,0.079675018787384,66.69866002630442,4373.68212890625,,,,,
785,1,785.0,0.0,32.0,32.0,0.3217574059963226,63.20996396243572,4296.8486328125,,,,,
786,1,786.0,0.0,32.0,32.0,0.240431010723114,65.18905307166278,4410.1875,,,,,
787,1,787.0,0.0,32.0,32.0,0.1268184930086136,58.617626898922026,4050.37158203125,,,,,
788,1,788.0,0.0,32.0,32.0,0.1315743625164032,67.04833905678242,4507.0009765625,,,,,
789,1,789.0,0.0,32.0,32.0,0.1300583630800247,82.26873504463583,5121.52001953125,,,,,
790,1,790.0,0.0,32.0,32.0,0.0623940676450729,68.4263480361551,4321.28564453125,,,,,
791,1,791.0,0.0,32.0,32.0,0.1954236030578613,69.30409895721823,4547.10205078125,,,,,
792,1,792.0,0.0,32.0,32.0,0.1784547269344329,73.49473109934479,4707.24365234375,,,,,
793,1,793.0,0.0,32.0,32.0,0.2913946211338043,72.50512402970344,4707.24365234375,,,,,
794,1,794.0,0.0,32.0,32.0,0.2200098931789398,75.75011404696852,4823.25,,,,,
795,1,795.0,0.0,32.0,32.0,0.2160078585147857,64.78323403280228,4296.8486328125,,,,,
796,1,796.0,0.0,32.0,32.0,0.1115633994340896,71.11668505240232,4742.36328125,,,,,
797,1,797.0,0.0,32.0,32.0,0.1069456413388252,63.9305169461295,4167.0595703125,,,,,
798,1,798.0,0.0,32.0,32.0,0.1254700869321823,68.87547904625535,4507.0009765625,,,,,
799,1,799.0,0.0,32.0,32.0,0.2895328402519226,67.78181507252157,4433.673828125,,,,,
800,1,800.0,0.0,32.0,32.0,0.5822936296463013,69.91784402634948,4507.0009765625,,,,,
801,1,801.0,0.0,32.0,32.0,0.1491775810718536,67.26030702702701,4478.59765625,,,,,
802,1,802.0,0.0,32.0,32.0,0.1977324932813644,74.42045700736344,4858.0166015625,,,,,
803,1,803.0,0.0,32.0,32.0,0.2865465581417084,70.3037059865892,4478.59765625,,,,,
804,1,804.0,0.0,32.0,32.0,0.0408547669649124,69.92986495606601,4547.10205078125,,,,,
805,1,805.0,0.0,32.0,32.0,0.0825717002153396,78.15561897587031,4913.80078125,,,,,
806,1,806.0,0.0,32.0,32.0,0.1248685121536254,64.29471797309816,4296.8486328125,,,,,
807,1,807.0,0.0,32.0,32.0,0.1193710714578628,59.36042999383062,4070.55908203125,,,,,
808,1,808.0,0.0,32.0,32.0,0.2715615034103393,58.34368395153433,4005.6650390625,,,,,
809,1,809.0,0.0,32.0,32.0,0.1133969575166702,81.09033189248294,5097.54638671875,,,,,
810,1,810.0,0.0,32.0,32.0,0.3799358606338501,58.5653850575909,4109.82958984375,,,,,
811,1,811.0,0.0,32.0,32.0,0.0949735790491104,66.34705199394375,4321.28564453125,,,,,
812,1,812.0,0.0,32.0,32.0,0.2377323508262634,66.73575902823359,4373.68212890625,,,,,
813,1,813.0,0.0,32.0,32.0,0.1161246746778488,63.585942960344255,4167.0595703125,,,,,
814,1,814.0,0.0,32.0,32.0,0.188313290476799,65.56904898025095,4266.18798828125,,,,,
815,1,815.0,0.0,32.0,32.0,0.4597505331039428,69.47799399495125,4547.10205078125,,,,,
816,1,816.0,0.0,32.0,32.0,0.1513127386569976,71.81115401908755,4644.845703125,,,,,
817,1,817.0,0.0,32.0,32.0,0.314399778842926,67.44973291642964,4321.28564453125,,,,,
818,1,818.0,0.0,32.0,32.0,0.3365522921085357,71.25044905114919,4768.525390625,,,,,
819,1,819.0,0.0,32.0,32.0,0.1729981005191803,64.43335197400302,4167.0595703125,,,,,
820,1,820.0,0.0,32.0,32.0,0.1625277698040008,68.26629198621958,4507.0009765625,,,,,
821,1,821.0,0.0,32.0,32.0,0.09322190284729,69.9322719592601,4478.59765625,,,,,
822,1,822.0,0.0,32.0,32.0,0.1555852890014648,71.1779739940539,4644.845703125,,,,,
823,1,823.0,0.0,32.0,32.0,0.2605575323104858,79.10951890517026,4913.80078125,,,,,
824,1,824.0,0.0,32.0,32.0,0.2680693566799164,68.25138500425965,4373.68212890625,,,,,
825,1,825.0,0.0,32.0,32.0,0.1724577099084854,81.17173402570188,5121.52001953125,,,,,
826,1,826.0,0.0,32.0,32.0,0.22646065056324,61.43577303737402,4296.8486328125,,,,,
827,1,827.0,0.0,32.0,32.0,0.2148894071578979,74.88672598265111,4823.25,,,,,
828,1,828.0,0.0,32.0,32.0,0.3311147689819336,74.4244649540633,4768.525390625,,,,,
829,1,829.0,0.0,32.0,32.0,0.0955088958144187,60.42173004243523,4109.82958984375,,,,,
830,1,830.0,0.0,32.0,32.0,0.2614626586437225,68.79583199042827,4547.10205078125,,,,,
831,1,831.0,0.0,32.0,32.0,0.2251868546009063,60.28989900369197,4109.82958984375,,,,,
832,1,832.0,0.0,32.0,32.0,0.1062557026743888,63.13370098359883,4296.8486328125,,,,,
833,1,833.0,0.0,32.0,32.0,0.0693150609731674,77.13017694186419,4790.67919921875,,,,,
834,1,834.0,0.0,32.0,32.0,0.1824477761983871,67.82575498800725,4547.10205078125,,,,,
835,1,835.0,0.0,32.0,32.0,0.2065845876932144,67.12431006599218,4373.68212890625,,,,,
836,1,836.0,0.0,32.0,32.0,0.1193261295557022,69.24840097781271,4547.10205078125,,,,,
837,1,837.0,0.0,32.0,32.0,0.1355567574501037,70.11820108164102,4580.70947265625,,,,,
838,1,838.0,0.0,32.0,32.0,0.3259608745574951,72.81776203308254,4707.24365234375,,,,,
839,1,839.0,0.0,32.0,32.0,0.2331689894199371,69.74240695126355,4547.10205078125,,,,,
840,1,840.0,0.0,32.0,32.0,0.2537617981433868,58.50126303266734,4005.6650390625,,,,,
841,1,841.0,0.0,32.0,32.0,0.3107726871967315,67.10320594720542,4507.0009765625,,,,,
842,1,842.0,0.0,32.0,32.0,0.1910266578197479,67.69866892136633,4547.10205078125,,,,,
843,1,843.0,0.0,32.0,32.0,0.2437716871500015,72.32683897018433,4742.36328125,,,,,
844,1,844.0,0.0,32.0,32.0,0.1371325552463531,73.33101704716682,4707.24365234375,,,,,
845,1,845.0,0.0,32.0,32.0,0.19416044652462,73.29529500566423,4707.24365234375,,,,,
846,1,846.0,0.0,32.0,32.0,0.2197975367307663,66.83249201159924,4321.28564453125,,,,,
847,1,847.0,0.0,32.0,32.0,0.057561308145523,78.49891798105091,4882.7529296875,,,,,
848,1,848.0,0.0,32.0,32.0,0.2086010873317718,72.09755794610828,4620.6474609375,,,,,
849,1,849.0,0.0,32.0,32.0,0.3422562479972839,80.21253300830722,5203.0224609375,,,,,
850,1,850.0,0.0,32.0,32.0,0.0888169258832931,65.51226903684437,4233.71875,,,,,
851,1,851.0,0.0,32.0,32.0,0.2530388236045837,78.40529107488692,4882.7529296875,,,,,
852,1,852.0,0.0,32.0,32.0,0.1942132413387298,73.72545194812119,4707.24365234375,,,,,
853,1,853.0,0.0,32.0,32.0,0.2431566715240478,72.13294703979045,4707.24365234375,,,,,
854,1,854.0,0.0,32.0,32.0,0.3062093555927276,63.68029699660838,4296.8486328125,,,,,
855,1,855.0,0.0,32.0,32.0,0.0578747913241386,69.53463505487889,4620.6474609375,,,,,
856,1,856.0,0.0,32.0,32.0,0.0801765173673629,79.16207297239453,5121.52001953125,,,,,
857,1,857.0,0.0,32.0,32.0,0.2438269853591919,79.43999802228063,4986.9404296875,,,,,
858,1,858.0,0.0,32.0,32.0,0.1069102883338928,68.83546803146601,4410.1875,,,,,
859,1,859.0,0.0,32.0,32.0,0.1360210925340652,76.27510000020266,4823.25,,,,,
860,1,860.0,0.0,32.0,32.0,0.3340576589107513,66.85676996130496,4233.71875,,,,,
861,1,861.0,0.0,32.0,32.0,0.0708924233913421,68.56991595122963,4507.0009765625,,,,,
862,1,862.0,0.0,32.0,32.0,0.1165594011545181,73.32963903900236,4707.24365234375,,,,,
863,1,863.0,0.0,32.0,32.0,0.0841506272554397,56.06018309481442,4005.6650390625,,,,,
864,1,864.0,0.0,32.0,32.0,0.0553829967975616,63.13095602672547,4204.07421875,,,,,
865,1,865.0,0.0,32.0,32.0,0.0928304269909858,78.32332409452647,4823.25,,,,,
866,1,866.0,0.0,32.0,32.0,0.0157900024205446,77.84175092820078,4823.25,,,,,
867,1,867.0,0.0,32.0,32.0,0.1795129179954528,68.40225798077881,4433.673828125,,,,,
868,1,868.0,0.0,32.0,32.0,0.130569651722908,63.27033007983118,4296.8486328125,,,,,
869,1,869.0,0.0,32.0,32.0,0.0123895537108182,75.23583504371345,4858.0166015625,,,,,
870,1,870.0,0.0,32.0,32.0,0.4424704015254974,77.13870704174042,4790.67919921875,,,,,
871,1,871.0,0.0,32.0,32.0,0.1996633559465408,65.82742999307811,4321.28564453125,,,,,
872,1,872.0,0.0,32.0,32.0,0.0711559578776359,73.58088006731123,4768.525390625,,,,,
873,1,873.0,0.0,32.0,32.0,0.2591120600700378,65.82104903645813,4233.71875,,,,,
874,1,874.0,0.0,32.0,32.0,0.1836424171924591,68.54552798904479,4547.10205078125,,,,,
875,1,875.0,0.0,32.0,32.0,0.3098467886447906,78.19095603190362,4957.591796875,,,,,
876,1,876.0,0.0,32.0,32.0,0.1901850402355194,65.26090600527823,4167.0595703125,,,,,
877,1,877.0,0.0,32.0,32.0,0.0307410322129726,63.47676203586161,4233.71875,,,,,
878,1,878.0,0.0,32.0,32.0,0.1177319660782814,59.765939018689096,4050.37158203125,,,,,
879,1,879.0,0.0,32.0,32.0,0.2037826180458068,62.67115299124271,4266.18798828125,,,,,
880,1,880.0,0.0,32.0,32.0,0.1484605222940445,69.05976007692516,4507.0009765625,,,,,
881,1,881.0,0.0,32.0,32.0,0.2379454225301742,77.18413404654711,4790.67919921875,,,,,
882,1,882.0,0.0,32.0,32.0,0.3458138406276703,68.75896791461855,4433.673828125,,,,,
883,1,883.0,0.0,32.0,32.0,0.1347226947546005,67.26998696103692,4433.673828125,,,,,
884,1,884.0,0.0,32.0,32.0,0.2290532290935516,68.7269460177049,4507.0009765625,,,,,
885,1,885.0,0.0,32.0,32.0,0.2316889017820358,68.73899104539305,4433.673828125,,,,,
886,1,886.0,0.0,32.0,32.0,0.0780773907899856,63.65304789505899,4167.0595703125,,,,,
887,1,887.0,0.0,32.0,32.0,0.2776737213134765,64.4426349317655,4433.673828125,,,,,
888,1,888.0,0.0,32.0,32.0,0.271602988243103,72.68075400497764,4742.36328125,,,,,
889,1,889.0,0.0,32.0,32.0,0.2054289877414703,68.63993499428034,4433.673828125,,,,,
890,1,890.0,0.0,32.0,32.0,0.2627630829811096,64.18601900804788,4296.8486328125,,,,,
891,1,891.0,0.0,32.0,32.0,0.2920334339141845,65.10800798423588,4266.18798828125,,,,,
892,1,892.0,0.0,32.0,32.0,0.274433970451355,86.24496997799724,5326.83740234375,,,,,
893,1,893.0,0.0,32.0,32.0,0.1461898386478424,66.56512594781816,4233.71875,,,,,
894,1,894.0,0.0,32.0,32.0,0.1010250821709632,62.44099198374897,4296.8486328125,,,,,
895,1,895.0,0.0,32.0,32.0,0.0768434330821037,61.446061939932406,4204.07421875,,,,,
896,1,896.0,0.0,32.0,32.0,0.2491675913333892,66.36784505099058,4266.18798828125,,,,,
897,1,897.0,0.0,32.0,32.0,0.1350144743919372,71.84416695963591,4644.845703125,,,,,
898,1,898.0,0.0,32.0,32.0,0.1311560720205307,69.81751800049096,4580.70947265625,,,,,
899,1,899.0,0.0,32.0,32.0,0.1163708716630935,73.50119401235133,4707.24365234375,,,,,
900,1,900.0,0.0,32.0,32.0,0.0736486539244651,70.33850194420666,4547.10205078125,,,,,
901,1,901.0,0.0,32.0,32.0,0.0974429622292518,58.77539003267884,4050.37158203125,,,,,
902,1,902.0,0.0,32.0,32.0,0.2129078656435012,72.78578204568475,4768.525390625,,,,,
903,1,903.0,0.0,32.0,32.0,0.1711747199296951,62.44655104819685,4296.8486328125,,,,,
904,1,904.0,0.0,32.0,32.0,0.2832041382789612,74.7793250484392,4790.67919921875,,,,,
905,1,905.0,0.0,32.0,32.0,0.1248111799359321,68.5259640449658,4433.673828125,,,,,
906,1,906.0,0.0,32.0,32.0,0.014568637125194,67.97716801520437,4410.1875,,,,,
907,1,907.0,0.0,32.0,32.0,0.1327869445085525,77.26747600827366,4823.25,,,,,
908,1,908.0,0.0,32.0,32.0,0.0621436089277267,66.54237501788884,4266.18798828125,,,,,
909,1,909.0,0.0,32.0,32.0,0.1102856695652008,78.67863401770592,4913.80078125,,,,,
910,1,910.0,0.0,32.0,32.0,0.0345497988164424,63.740468001924455,4141.5458984375,,,,,
911,1,911.0,0.0,32.0,32.0,0.2357052862644195,64.1081630019471,4410.1875,,,,,
912,1,912.0,0.0,32.0,32.0,0.2571134269237518,70.83356590010226,4620.6474609375,,,,,
913,1,913.0,0.0,32.0,32.0,0.2704201340675354,64.32662403676659,4167.0595703125,,,,,
914,1,914.0,0.0,32.0,32.0,0.0828667283058166,67.76726804673672,4410.1875,,,,,
915,1,915.0,0.0,32.0,32.0,0.3682107627391815,70.52316796034575,4620.6474609375,,,,,
916,1,916.0,0.0,32.0,32.0,0.1809597611427307,65.37552399095148,4233.71875,,,,,
917,1,917.0,0.0,32.0,32.0,0.0183297507464885,74.24218999221921,4823.25,,,,,
918,1,918.0,0.0,32.0,32.0,0.1690627783536911,71.44134189002216,4580.70947265625,,,,,
919,1,919.0,0.0,32.0,32.0,0.2352429032325744,66.71672000084072,4433.673828125,,,,,
920,1,920.0,0.0,32.0,32.0,0.0619967505335807,76.88955403864384,4957.591796875,,,,,
921,1,921.0,0.0,32.0,32.0,0.1720323860645294,74.25614399835467,4742.36328125,,,,,
922,1,922.0,0.0,32.0,32.0,0.0986539646983146,71.78610004484653,4620.6474609375,,,,,
923,1,923.0,0.0,32.0,32.0,0.3134292364120483,73.64335702732205,4768.525390625,,,,,
924,1,924.0,0.0,32.0,32.0,0.1370856910943985,62.74895300157368,4141.5458984375,,,,,
925,1,925.0,0.0,32.0,32.0,0.2364827990531921,66.6302420431748,4410.1875,,,,,
926,1,926.0,0.0,32.0,32.0,0.1911674737930297,73.17977503407747,4707.24365234375,,,,,
927,1,927.0,0.0,32.0,32.0,0.1158605515956878,62.34825402498245,4233.71875,,,,,
928,1,928.0,0.0,32.0,32.0,0.4451482594013214,71.44184701610357,4644.845703125,,,,,
929,1,929.0,0.0,32.0,32.0,0.1955401450395584,69.73953102715313,4547.10205078125,,,,,
930,1,930.0,0.0,32.0,32.0,0.2121267318725586,66.89978705253452,4373.68212890625,,,,,
931,1,931.0,0.0,32.0,32.0,0.1264437735080719,67.32662708964199,4373.68212890625,,,,,
932,1,932.0,0.0,32.0,32.0,0.0481032244861125,76.67393097653985,4858.0166015625,,,,,
933,1,933.0,0.0,32.0,32.0,0.3051363825798034,67.53023399505764,4266.18798828125,,,,,
934,1,934.0,0.0,32.0,32.0,0.2399529069662094,69.92069398984313,4644.845703125,,,,,
935,1,935.0,0.0,32.0,32.0,0.0841667205095291,74.69031296204776,4790.67919921875,,,,,
936,1,936.0,0.0,32.0,32.0,0.1517605483531952,60.63409300986677,4050.37158203125,,,,,
937,1,937.0,0.0,32.0,32.0,0.1506886631250381,65.30894211027771,4266.18798828125,,,,,
938,1,938.0,0.0,32.0,32.0,0.075979433953762,73.64071591291577,4768.525390625,,,,,
939,1,939.0,0.0,32.0,32.0,0.1770946979522705,73.36912397295237,4742.36328125,,,,,
940,1,940.0,0.0,32.0,32.0,0.1890077888965606,64.8623330052942,4233.71875,,,,,
941,1,941.0,0.0,32.0,32.0,0.1099785640835762,66.77318492438644,4321.28564453125,,,,,
942,1,942.0,0.0,32.0,32.0,0.2682431042194366,65.8232499845326,4266.18798828125,,,,,
943,1,943.0,0.0,32.0,32.0,0.1775726824998855,63.3313279831782,4266.18798828125,,,,,
944,1,944.0,0.0,32.0,32.0,0.1686698496341705,64.4661420956254,4296.8486328125,,,,,
945,1,945.0,0.0,32.0,32.0,0.108214296400547,72.84737308509648,4768.525390625,,,,,
946,1,946.0,0.0,32.0,32.0,0.1989665180444717,70.46780199743807,4580.70947265625,,,,,
947,1,947.0,0.0,32.0,32.0,0.3952506780624389,68.92462901305407,4507.0009765625,,,,,
948,1,948.0,0.0,32.0,32.0,0.2063016295433044,59.49836794752628,4070.55908203125,,,,,
949,1,949.0,0.0,32.0,32.0,0.3572640419006347,62.26828205399215,4141.5458984375,,,,,
950,1,950.0,0.0,32.0,32.0,0.2322364449501037,63.46030300483108,4141.5458984375,,,,,
951,1,951.0,0.0,32.0,32.0,0.1320553421974182,62.8993259742856,4266.18798828125,,,,,
952,1,952.0,0.0,32.0,32.0,0.0349688977003097,69.46112506557256,4547.10205078125,,,,,
953,1,953.0,0.0,32.0,32.0,0.1343852281570434,64.73022501450032,4296.8486328125,,,,,
954,1,954.0,0.0,32.0,32.0,0.2721814513206482,69.96574392542243,4620.6474609375,,,,,
955,1,955.0,0.0,32.0,32.0,0.2379088401794433,69.04766301158816,4478.59765625,,,,,
956,1,956.0,0.0,32.0,32.0,0.1475608944892883,65.24193601217121,4233.71875,,,,,
957,1,957.0,0.0,32.0,32.0,0.3336654603481293,58.45626397058368,4050.37158203125,,,,,
958,1,958.0,0.0,32.0,32.0,0.1829981207847595,62.6670679775998,4296.8486328125,,,,,
959,1,959.0,0.0,32.0,32.0,0.1416218727827072,59.76273096166551,4141.5458984375,,,,,
960,1,960.0,0.0,32.0,32.0,0.1262557208538055,72.89996405597776,4644.845703125,,,,,
961,1,961.0,0.0,32.0,32.0,0.3720172643661499,68.42032994609326,4410.1875,,,,,
962,1,962.0,0.0,32.0,32.0,0.1485085487365722,68.17252491600811,4410.1875,,,,,
963,1,963.0,0.0,32.0,32.0,0.2752976715564728,68.673997069709,4580.70947265625,,,,,
964,1,964.0,0.0,32.0,32.0,0.1251293122768402,71.60400098655373,4620.6474609375,,,,,
965,1,965.0,0.0,32.0,32.0,0.1814868450164795,68.15684400498867,4580.70947265625,,,,,
966,1,966.0,0.0,32.0,32.0,0.5434189438819885,76.72905805520713,4790.67919921875,,,,,
967,1,967.0,0.0,32.0,32.0,0.1725184172391891,65.42256497777998,4373.68212890625,,,,,
968,1,968.0,0.0,32.0,32.0,0.162431389093399,68.71531996876001,4478.59765625,,,,,
969,1,969.0,0.0,32.0,32.0,0.0627282485365867,67.03233392909169,4410.1875,,,,,
970,1,970.0,0.0,32.0,32.0,0.1298973560333252,70.12184604536742,4580.70947265625,,,,,
971,1,971.0,0.0,32.0,32.0,0.1049341410398483,69.26877901423723,4547.10205078125,,,,,
972,1,972.0,0.0,32.0,32.0,0.3359931111335754,71.93295389879495,4620.6474609375,,,,,
973,1,973.0,0.0,32.0,32.0,0.102417804300785,76.14160107914358,4790.67919921875,,,,,
974,1,974.0,0.0,32.0,32.0,0.0824510753154754,66.95460295304656,4266.18798828125,,,,,
975,1,975.0,0.0,32.0,32.0,0.1747570186853408,59.7906430484727,4167.0595703125,,,,,
976,1,976.0,0.0,32.0,32.0,0.1885847598314285,84.63739894796163,5235.14501953125,,,,,
977,1,977.0,0.0,32.0,32.0,0.2775341272354126,72.46778893750161,4620.6474609375,,,,,
978,1,978.0,0.0,32.0,32.0,0.0747471004724502,67.07786000333726,4410.1875,,,,,
979,1,979.0,0.0,32.0,32.0,0.2091902196407318,69.45808208547533,4580.70947265625,,,,,
980,1,980.0,0.0,32.0,32.0,0.2222963571548462,69.09334193915129,4478.59765625,,,,,
981,1,981.0,0.0,32.0,32.0,0.1578498780727386,63.82960407063365,4167.0595703125,,,,,
982,1,982.0,0.0,32.0,32.0,0.0828690603375434,63.38665098883212,4167.0595703125,,,,,
983,1,983.0,0.0,32.0,32.0,0.0524709858000278,65.4132969211787,4580.70947265625,,,,,
984,1,984.0,0.0,32.0,32.0,0.0870682746171951,64.05446992721409,4167.0595703125,,,,,
985,1,985.0,0.0,32.0,32.0,0.2539885640144348,71.2796290172264,4644.845703125,,,,,
986,1,986.0,0.0,32.0,32.0,0.1801945567131042,66.17925502359867,4266.18798828125,,,,,
987,1,987.0,0.0,32.0,32.0,0.0553480349481105,63.87446098960936,4141.5458984375,,,,,
988,1,988.0,0.0,32.0,32.0,0.1301725208759308,66.99848501011729,4410.1875,,,,,
989,1,989.0,0.0,32.0,32.0,0.1252380460500717,72.08800408989191,4707.24365234375,,,,,
990,1,990.0,0.0,32.0,32.0,0.2477733492851257,67.87552498281002,4373.68212890625,,,,,
991,1,991.0,0.0,32.0,32.0,0.2934139370918274,65.33546897117049,4507.0009765625,,,,,
992,1,992.0,0.0,32.0,32.0,0.128402441740036,71.30958698689938,4620.6474609375,,,,,
993,1,993.0,0.0,32.0,32.0,0.267300009727478,68.70532804168761,4478.59765625,,,,,
994,1,994.0,0.0,32.0,32.0,0.251069575548172,66.66401901748031,4266.18798828125,,,,,
995,1,995.0,0.0,32.0,32.0,0.2522200345993042,59.81173901818693,4070.55908203125,,,,,
996,1,996.0,0.0,32.0,32.0,0.2121815383434295,62.55200400482863,4296.8486328125,,,,,
997,1,997.0,0.0,32.0,32.0,0.0811349898576736,58.07553499471396,3936.96923828125,,,,,
998,1,998.0,0.0,32.0,32.0,0.3550024926662445,66.7523869778961,4478.59765625,,,,,
999,1,999.0,0.0,32.0,32.0,0.3432051539421081,60.686463955789804,4167.0595703125,,,,,
1000,1,1000.0,0.0,32.0,32.0,0.1448659151792526,67.09444208536297,4266.18798828125,,,,,
1001,1,1001.0,0.0,32.0,32.0,0.3030016720294952,72.26180995348841,4707.24365234375,,,,,
1002,1,1002.0,0.0,32.0,32.0,0.0869954377412796,73.11994605697691,4742.36328125,,,,,
1003,1,1003.0,0.0,32.0,32.0,0.3246673941612243,69.14721895009279,4580.70947265625,,,,,
1004,1,1004.0,0.0,32.0,32.0,0.2344264686107635,69.69784700777382,4580.70947265625,,,,,
1005,1,1005.0,0.0,32.0,32.0,0.2058951556682586,71.07391906902194,4620.6474609375,,,,,
1006,1,1006.0,0.0,32.0,32.0,0.4643732011318207,69.8646689997986,4478.59765625,,,,,
1007,1,1007.0,0.0,32.0,32.0,0.1447246372699737,67.15225300285965,4620.6474609375,,,,,
1008,1,1008.0,0.0,32.0,32.0,0.139995202422142,73.51154403295368,4742.36328125,,,,,
1009,1,1009.0,0.0,32.0,32.0,0.1703919768333435,69.138552993536,4478.59765625,,,,,
1010,1,1010.0,0.0,32.0,32.0,0.1703312993049621,68.54828400537372,4580.70947265625,,,,,
1011,1,1011.0,0.0,32.0,32.0,0.0690259039402008,68.00736405421048,4433.673828125,,,,,
1012,1,1012.0,0.0,32.0,32.0,0.1726625561714172,68.58382292557508,4580.70947265625,,,,,
1013,1,1013.0,0.0,32.0,32.0,0.2724193036556244,58.91865305602551,4005.6650390625,,,,,
1014,1,1014.0,0.0,32.0,32.0,0.2240325212478637,68.80263797938824,4547.10205078125,,,,,
1015,1,1015.0,0.0,32.0,32.0,0.220273345708847,69.87654801923782,4707.24365234375,,,,,
1016,1,1016.0,0.0,32.0,32.0,0.141760841012001,69.08012100029737,4478.59765625,,,,,
1017,1,1017.0,0.0,32.0,32.0,0.111793041229248,76.67384902015328,4823.25,,,,,
1018,1,1018.0,0.0,32.0,32.0,0.1211359575390815,73.36433604359627,4707.24365234375,,,,,
1019,1,1019.0,0.0,32.0,32.0,0.0289359353482723,58.644713019020855,3988.67919921875,,,,,
1020,1,1020.0,0.0,32.0,32.0,0.2582419216632843,77.01461995020509,4986.9404296875,,,,,
1021,1,1021.0,0.0,32.0,32.0,0.3464884757995605,70.60056191403419,4507.0009765625,,,,,
1022,1,1022.0,0.0,32.0,32.0,0.3121230900287628,68.80487501621246,4433.673828125,,,,,
1023,1,1023.0,0.0,32.0,32.0,0.1104236096143722,63.88616003096104,4410.1875,,,,,
1024,1,1024.0,0.0,32.0,32.0,0.13543501496315,66.16345408838242,4266.18798828125,,,,,
1025,1,1025.0,0.0,32.0,32.0,0.116906076669693,66.34824094362557,4321.28564453125,,,,,
1026,1,1026.0,0.0,32.0,32.0,0.0267309434711933,64.58054506219923,4233.71875,,,,,
1027,1,1027.0,0.0,32.0,32.0,0.2316267639398574,64.30320208892226,4233.71875,,,,,
1028,1,1028.0,0.0,32.0,32.0,0.10079275816679,64.21792798209935,4167.0595703125,,,,,
1029,1,1029.0,0.0,32.0,32.0,0.0479309596121311,66.68547703884542,4373.68212890625,,,,,
1030,1,1030.0,0.0,32.0,32.0,0.2991458177566528,68.73169098980725,4478.59765625,,,,,
1031,1,1031.0,0.0,32.0,32.0,0.2541760802268982,66.67185807600617,4547.10205078125,,,,,
1032,1,1032.0,0.0,32.0,32.0,0.1286484897136688,63.897123909555376,4296.8486328125,,,,,
1033,1,1033.0,0.0,32.0,32.0,0.1037598848342895,65.44351007323712,4266.18798828125,,,,,
1034,1,1034.0,0.0,32.0,32.0,0.1358017921447754,72.84473604522645,4707.24365234375,,,,,
1035,1,1035.0,0.0,32.0,32.0,0.2774014472961426,69.5106410421431,4507.0009765625,,,,,
1036,1,1036.0,0.0,32.0,32.0,0.1235184594988823,69.869952974841,4547.10205078125,,,,,
1037,1,1037.0,0.0,32.0,32.0,0.1242151260375976,64.9340630043298,4204.07421875,,,,,
1038,1,1038.0,0.0,32.0,32.0,0.1216095685958862,76.41781005077064,4790.67919921875,,,,,
1039,1,1039.0,0.0,32.0,32.0,0.3022534251213074,76.48019003681839,4986.9404296875,,,,,
1040,1,1040.0,0.0,32.0,32.0,0.2549453973770141,60.52842002827674,4109.82958984375,,,,,
1041,1,1041.0,0.0,32.0,32.0,0.0781253427267074,68.55103408452123,4547.10205078125,,,,,
1042,1,1042.0,0.0,32.0,32.0,0.1632851660251617,80.47283592168242,5121.52001953125,,,,,
1043,1,1043.0,0.0,32.0,32.0,0.2561059296131134,73.01861303858459,4707.24365234375,,,,,
1044,1,1044.0,0.0,32.0,32.0,0.3530069887638092,64.12776198703796,4167.0595703125,,,,,
1045,1,1045.0,0.0,32.0,32.0,0.2893680036067962,71.88864995259792,4620.6474609375,,,,,
1046,1,1046.0,0.0,32.0,32.0,0.1491773724555969,77.25454296451062,4823.25,,,,,
1047,1,1047.0,0.0,32.0,32.0,0.0560478568077087,61.86476291622967,4296.8486328125,,,,,
1048,1,1048.0,0.0,32.0,32.0,0.4647948741912842,67.03495502006263,4373.68212890625,,,,,
1049,1,1049.0,0.0,32.0,32.0,0.1839992254972458,77.22963800188154,4957.591796875,,,,,
1050,1,1050.0,0.0,32.0,32.0,0.1889783442020416,74.71765205264091,4768.525390625,,,,,
1051,1,1051.0,0.0,32.0,32.0,0.2052309811115265,59.93769399356097,4070.55908203125,,,,,
1052,1,1052.0,0.0,32.0,32.0,0.1794507652521133,65.90863305609673,4266.18798828125,,,,,
1053,1,1053.0,0.0,32.0,32.0,0.2053301632404327,63.57253796886653,4296.8486328125,,,,,
1054,1,1054.0,0.0,32.0,32.0,0.2094227969646453,66.37802603654563,4410.1875,,,,,
1055,1,1055.0,0.0,32.0,32.0,0.3645414113998413,55.91169197577983,4050.37158203125,,,,,
1056,1,1056.0,0.0,32.0,32.0,0.084757849574089,66.09704694710672,4321.28564453125,,,,,
1057,1,1057.0,0.0,32.0,32.0,0.1534934043884277,69.19701001606882,4478.59765625,,,,,
1058,1,1058.0,0.0,32.0,32.0,0.1275511682033538,65.79283403698355,4266.18798828125,,,,,
1059,1,1059.0,0.0,32.0,32.0,0.0496008582413196,64.04679990373552,4204.07421875,,,,,
1060,1,1060.0,0.0,32.0,32.0,0.2695826590061188,65.27140003163368,4233.71875,,,,,
1061,1,1061.0,0.0,32.0,32.0,0.1340268701314926,69.10324306227267,4580.70947265625,,,,,
1062,1,1062.0,0.0,32.0,32.0,0.120869368314743,70.45226194895804,4547.10205078125,,,,,
1063,1,1063.0,0.0,32.0,32.0,0.1512356102466583,66.66359107475728,4507.0009765625,,,,,
1064,1,1064.0,0.0,32.0,32.0,0.137361854314804,72.96003098599613,4644.845703125,,,,,
1065,1,1065.0,0.0,32.0,32.0,0.1965001821517944,72.28719105478376,4742.36328125,,,,,
1066,1,1066.0,0.0,32.0,32.0,0.1653753221035003,73.31688900012523,4707.24365234375,,,,,
1067,1,1067.0,0.0,32.0,32.0,0.2463865578174591,67.0158410212025,4321.28564453125,,,,,
1068,1,1068.0,0.0,32.0,32.0,0.1787671148777008,66.8546468950808,4321.28564453125,,,,,
1069,1,1069.0,0.0,32.0,32.0,0.1645032465457916,81.88446401618421,5150.5615234375,,,,,
1070,1,1070.0,0.0,32.0,32.0,0.2313622236251831,67.42012104950845,4547.10205078125,,,,,
1071,1,1071.0,0.0,32.0,32.0,0.0251820012927055,67.77414306998253,4410.1875,,,,,
1072,1,1072.0,0.0,32.0,32.0,0.0717519745230674,64.35918097849935,4204.07421875,,,,,
1073,1,1073.0,0.0,32.0,32.0,0.1984823644161224,76.75941195338964,4858.0166015625,,,,,
1074,1,1074.0,0.0,32.0,32.0,0.096238724887371,69.35576803516597,4507.0009765625,,,,,
1075,1,1075.0,0.0,32.0,32.0,0.2134599834680557,76.49535196833313,4858.0166015625,,,,,
1076,1,1076.0,0.0,32.0,32.0,0.2668339908123016,69.98073204886168,4507.0009765625,,,,,
1077,1,1077.0,0.0,32.0,32.0,0.1185311451554298,67.32233101502061,4321.28564453125,,,,,
1078,1,1078.0,0.0,32.0,32.0,0.050182856619358,55.20705203525722,3936.96923828125,,,,,
1079,1,1079.0,0.0,32.0,32.0,0.1029026061296463,66.50366692338139,4433.673828125,,,,,
1080,1,1080.0,0.0,32.0,32.0,0.2428161799907684,69.81542997527868,4478.59765625,,,,,
1081,1,1081.0,0.0,32.0,32.0,0.4990542531013489,67.32036103494465,4433.673828125,,,,,
1082,1,1082.0,0.0,32.0,32.0,0.0578180663287639,59.83099993318319,4070.55908203125,,,,,
1083,1,1083.0,0.0,32.0,32.0,0.3088929355144501,70.62402903102338,4644.845703125,,,,,
1084,1,1084.0,0.0,32.0,32.0,0.1131855621933937,67.11256795097142,4373.68212890625,,,,,
1085,1,1085.0,0.0,32.0,32.0,0.2433902621269226,71.58577698282897,4644.845703125,,,,,
1086,1,1086.0,0.0,32.0,32.0,0.1651419997215271,60.4160709772259,4204.07421875,,,,,
1087,1,1087.0,0.0,32.0,32.0,0.1985262632369995,68.13423102721572,4433.673828125,,,,,
1088,1,1088.0,0.0,32.0,32.0,0.5454425811767578,64.84262505546212,4233.71875,,,,,
1089,1,1089.0,0.0,32.0,32.0,0.0602995306253433,73.80425103474408,4768.525390625,,,,,
1090,1,1090.0,0.0,32.0,32.0,0.3317471444606781,68.04643105715513,4410.1875,,,,,
1091,1,1091.0,0.0,32.0,32.0,0.2234429717063903,68.99516691919416,4478.59765625,,,,,
1092,1,1092.0,0.0,32.0,32.0,0.0666250437498092,64.86969499383122,4204.07421875,,,,,
1093,1,1093.0,0.0,32.0,32.0,0.1588595360517501,58.80063294898719,4005.6650390625,,,,,
1094,1,1094.0,0.0,32.0,32.0,0.0752695798873901,78.21224094368517,5150.5615234375,,,,,
1095,1,1095.0,0.0,32.0,32.0,0.1073404103517532,167.93959902133793,4167.0595703125,,,,,
1096,1,1096.0,0.0,32.0,32.0,0.230711430311203,59.55830600578338,4644.845703125,,,,,
1097,1,1097.0,0.0,32.0,32.0,0.1093111708760261,66.06831296812743,4620.6474609375,,,,,
1098,1,1098.0,0.0,32.0,32.0,0.1834205538034439,63.531256979331374,4433.673828125,,,,,
1099,1,1099.0,0.0,32.0,32.0,0.157087430357933,66.75028300378472,4742.36328125,,,,,
1100,1,1100.0,0.0,32.0,32.0,0.2721498310565948,55.69764005485922,4296.8486328125,,,,,
1101,1,1101.0,0.0,32.0,32.0,0.2249005436897277,66.38312409631908,4644.845703125,,,,,
1102,1,1102.0,0.0,32.0,32.0,0.0993176102638244,66.27523200586438,4433.673828125,,,,,
1103,1,1103.0,0.0,32.0,32.0,0.1897148638963699,71.09918200876564,4707.24365234375,,,,,
1104,1,1104.0,0.0,32.0,32.0,0.2162597775459289,80.16941498499364,5046.08544921875,,,,,
1105,1,1105.0,0.0,32.0,32.0,0.1859775185585022,80.5219819303602,5019.46142578125,,,,,
1106,1,1106.0,0.0,32.0,32.0,0.1330059468746185,76.92410598974675,4858.0166015625,,,,,
1107,1,1107.0,0.0,32.0,32.0,0.1404245197772979,70.56414091493934,4266.18798828125,,,,,
1108,1,1108.0,0.0,32.0,32.0,0.2431369721889495,95.39173892699182,4913.80078125,,,,,
1109,1,1109.0,0.0,32.0,32.0,0.451090931892395,88.08873302768916,5121.52001953125,,,,,
1110,1,1110.0,0.0,32.0,32.0,0.1904790699481964,63.75972100067884,4204.07421875,,,,,
1111,1,1111.0,0.0,32.0,32.0,0.1999557316303253,58.576725074090064,4109.82958984375,,,,,
1112,1,1112.0,0.0,32.0,32.0,0.2906966507434845,62.82022700179368,4373.68212890625,,,,,
1113,1,1113.0,0.0,32.0,32.0,0.0936962664127349,64.80445200577378,4410.1875,,,,,
1114,1,1114.0,0.0,32.0,32.0,0.3020887970924377,64.98203496448696,4507.0009765625,,,,,
1115,1,1115.0,0.0,32.0,32.0,0.2088707089424133,64.33906895108521,4620.6474609375,,,,,
1116,1,1116.0,0.0,32.0,32.0,0.2543954849243164,61.45152996759862,4141.5458984375,,,,,
1117,1,1117.0,0.0,32.0,32.0,0.1832624971866607,72.36269791610539,4768.525390625,,,,,
1118,1,1118.0,0.0,32.0,32.0,0.0961698442697525,72.79488793574274,4768.525390625,,,,,
1119,1,1119.0,0.0,32.0,32.0,0.2676460146903991,77.62254890985787,4957.591796875,,,,,
1120,1,1120.0,0.0,32.0,32.0,0.2472874820232391,83.60041200648993,5019.46142578125,,,,,
1121,1,1121.0,0.0,32.0,32.0,0.1678546667098999,78.1145979417488,4644.845703125,,,,,
1122,1,1122.0,0.0,32.0,32.0,0.1133279800415039,68.2009820593521,4266.18798828125,,,,,
1123,1,1123.0,0.0,32.0,32.0,0.0789982974529266,71.130700991489,4373.68212890625,,,,,
1124,1,1124.0,0.0,32.0,32.0,0.2692437171936035,61.02147093042731,4070.55908203125,,,,,
1125,1,1125.0,0.0,32.0,32.0,0.1158395931124687,68.85747599881142,4644.845703125,,,,,
1126,1,1126.0,0.0,32.0,32.0,0.2300480306148529,81.57780696637928,5235.14501953125,,,,,
1127,1,1127.0,0.0,32.0,32.0,0.0876571983098983,67.45467300061136,4478.59765625,,,,,
1128,1,1128.0,0.0,32.0,32.0,0.0207940563559532,69.43301309365779,4742.36328125,,,,,
1129,1,1129.0,0.0,32.0,32.0,0.1136002838611602,65.20377192646265,4321.28564453125,,,,,
1130,1,1130.0,0.0,32.0,32.0,0.2107002139091491,63.41845507267863,4580.70947265625,,,,,
1131,1,1131.0,0.0,32.0,32.0,0.2867130041122436,63.36668995209038,4204.07421875,,,,,
1132,1,1132.0,0.0,32.0,32.0,0.1880214065313339,67.51716905273497,4478.59765625,,,,,
1133,1,1133.0,0.0,32.0,32.0,0.2578231692314148,70.8673499757424,4547.10205078125,,,,,
1134,1,1134.0,0.0,32.0,32.0,0.2415439039468765,71.38799002859741,4507.0009765625,,,,,
1135,1,1135.0,0.0,32.0,32.0,0.5708978176116943,69.82388498727232,4266.18798828125,,,,,
1136,1,1136.0,0.0,32.0,32.0,0.2209713459014892,73.61410500016063,4507.0009765625,,,,,
1137,1,1137.0,0.0,32.0,32.0,0.2980720996856689,70.78747998457402,4433.673828125,,,,,
1138,1,1138.0,0.0,32.0,32.0,0.121749460697174,75.26415202300996,4957.591796875,,,,,
1139,1,1139.0,0.0,32.0,32.0,0.1411028653383255,69.27323201671243,4507.0009765625,,,,,
1140,1,1140.0,0.0,32.0,32.0,0.414472758769989,77.62482890393585,5046.08544921875,,,,,
1141,1,1141.0,0.0,32.0,32.0,0.308784931898117,68.00152803771198,4547.10205078125,,,,,
1142,1,1142.0,0.0,32.0,32.0,0.1570488065481186,71.00093399640173,4742.36328125,,,,,
1143,1,1143.0,0.0,32.0,32.0,0.0907314866781234,74.18170594610274,4858.0166015625,,,,,
1144,1,1144.0,0.0,32.0,32.0,0.1750244796276092,68.91212903428823,4580.70947265625,,,,,
1145,1,1145.0,0.0,32.0,32.0,0.1732823699712753,69.16138401720673,4707.24365234375,,,,,
1146,1,1146.0,0.0,32.0,32.0,0.1435694992542266,64.49249503202736,4204.07421875,,,,,
1147,1,1147.0,0.0,32.0,32.0,0.3612388074398041,64.98922198079526,4204.07421875,,,,,
1148,1,1148.0,0.0,32.0,32.0,0.2042631804943084,85.75952902901918,5150.5615234375,,,,,
1149,1,1149.0,0.0,32.0,32.0,0.0799603313207626,68.95204202737659,4204.07421875,,,,,
1150,1,1150.0,0.0,32.0,32.0,0.1504584550857544,70.2006439678371,4478.59765625,,,,,
1151,1,1151.0,0.0,32.0,32.0,0.2550124824047088,69.87729808315635,4410.1875,,,,,
1152,1,1152.0,0.0,32.0,32.0,0.2033745199441909,72.27899495046586,4644.845703125,,,,,
1153,1,1153.0,0.0,32.0,32.0,0.2370250523090362,68.76223790459335,4707.24365234375,,,,,
1154,1,1154.0,0.0,32.0,32.0,0.2533319890499115,75.38433198351413,4823.25,,,,,
1155,1,1155.0,0.0,32.0,32.0,0.0509844869375228,65.61386596877128,4266.18798828125,,,,,
1156,1,1156.0,0.0,32.0,32.0,0.2478945553302765,67.79317290056497,4547.10205078125,,,,,
1157,1,1157.0,0.0,32.0,32.0,0.1642922461032867,71.16921606939286,4707.24365234375,,,,,
1158,1,1158.0,0.0,32.0,32.0,0.058076586574316,62.51525203697384,4296.8486328125,,,,,
1159,1,1159.0,0.0,32.0,32.0,0.2173362821340561,62.33804998919368,4167.0595703125,,,,,
1160,1,1160.0,0.0,32.0,32.0,0.2626680135726928,73.85596202220768,4768.525390625,,,,,
1161,1,1161.0,0.0,32.0,32.0,0.0598458647727966,59.50634297914803,4141.5458984375,,,,,
1162,1,1162.0,0.0,32.0,32.0,0.0901204794645309,78.26928608119488,4790.67919921875,,,,,
1163,1,1163.0,0.0,32.0,32.0,0.0891911089420318,70.78953098971397,4321.28564453125,,,,,
1164,1,1164.0,0.0,32.0,32.0,0.1921699494123459,79.52289504464716,4882.7529296875,,,,,
1165,1,1165.0,0.0,32.0,32.0,0.0755809396505355,72.16502609662712,4620.6474609375,,,,,
1166,1,1166.0,0.0,32.0,32.0,0.0789699330925941,69.59421595092863,4410.1875,,,,,
1167,1,1167.0,0.0,32.0,32.0,0.0329511389136314,64.03154495637864,4233.71875,,,,,
1168,1,1168.0,0.0,32.0,32.0,0.2245608568191528,76.46640704479069,4823.25,,,,,
1169,1,1169.0,0.0,32.0,32.0,0.0120487120002508,75.36922092549503,5046.08544921875,,,,,
1170,1,1170.0,0.0,32.0,32.0,0.0397989824414253,58.8351950282231,4050.37158203125,,,,,
1171,1,1171.0,0.0,32.0,32.0,0.1735139042139053,71.1029089288786,4768.525390625,,,,,
1172,1,1172.0,0.0,32.0,32.0,0.6207190752029419,67.25603307131678,4410.1875,,,,,
1173,1,1173.0,0.0,32.0,32.0,0.3206679821014404,70.393759990111,4644.845703125,,,,,
1174,1,1174.0,0.0,32.0,32.0,0.0503791272640228,63.94333695061505,4204.07421875,,,,,
1175,1,1175.0,0.0,32.0,32.0,0.1823962032794952,70.04606199916452,4547.10205078125,,,,,
1176,1,1176.0,0.0,32.0,32.0,0.1960360556840896,73.59546096995473,4620.6474609375,,,,,
1177,1,1177.0,0.0,32.0,32.0,0.2189147770404815,61.78353796713054,4167.0595703125,,,,,
1178,1,1178.0,0.0,32.0,32.0,0.1878373324871063,73.93582200165838,4742.36328125,,,,,
1179,1,1179.0,0.0,32.0,32.0,0.3741555213928222,64.91243501659483,4141.5458984375,,,,,
1180,1,1180.0,0.0,32.0,32.0,0.2914863228797912,72.92784191668034,4742.36328125,,,,,
1181,1,1181.0,0.0,32.0,32.0,0.1171301305294036,72.76300003286451,4707.24365234375,,,,,
1182,1,1182.0,0.0,32.0,32.0,0.248832106590271,63.56967007741332,4167.0595703125,,,,,
1183,1,1183.0,0.0,32.0,32.0,0.255923181772232,66.7222129413858,4373.68212890625,,,,,
1184,1,1184.0,0.0,32.0,32.0,0.3916350305080414,72.29192205704749,4742.36328125,,,,,
1185,1,1185.0,0.0,32.0,32.0,0.2296351641416549,65.17304794397205,4478.59765625,,,,,
1186,1,1186.0,0.0,32.0,32.0,0.2833940386772156,63.32664599176496,4233.71875,,,,,
1187,1,1187.0,0.0,32.0,32.0,0.1980789601802826,67.71187507547438,4478.59765625,,,,,
1188,1,1188.0,0.0,32.0,32.0,0.0279102325439453,68.5306309023872,4478.59765625,,,,,
1189,1,1189.0,0.0,32.0,32.0,0.0721123814582824,73.98946001194417,4768.525390625,,,,,
1190,1,1190.0,0.0,32.0,32.0,0.1782040297985077,74.57241404335946,4742.36328125,,,,,
1191,1,1191.0,0.0,32.0,32.0,0.1267635226249694,69.70839202404022,4433.673828125,,,,,
1192,1,1192.0,0.0,32.0,32.0,0.159407153725624,79.21101606916636,4882.7529296875,,,,,
1193,1,1193.0,0.0,32.0,32.0,0.1651255786418914,68.36856796871871,4620.6474609375,,,,,
1194,1,1194.0,0.0,32.0,32.0,0.1569612026214599,65.11575100012124,4204.07421875,,,,,
1195,1,1195.0,0.0,32.0,32.0,0.3636786341667175,66.78915396332741,4410.1875,,,,,
1196,1,1196.0,0.0,32.0,32.0,0.1231145560741424,73.38063197676092,4707.24365234375,,,,,
1197,1,1197.0,0.0,32.0,32.0,0.1668549478054046,62.86540708970279,4296.8486328125,,,,,
1198,1,1198.0,0.0,32.0,32.0,0.1305154263973236,62.460490968078375,4167.0595703125,,,,,
1199,1,1199.0,0.0,32.0,32.0,0.1178634464740753,67.39213096443564,4478.59765625,,,,,
1200,1,1200.0,0.0,32.0,32.0,0.0555570274591445,67.49345501884818,4433.673828125,,,,,
1201,1,1201.0,0.0,32.0,32.0,0.3462066650390625,62.82103701960296,4321.28564453125,,,,,
1202,1,1202.0,0.0,32.0,32.0,0.1269898563623428,77.10375299211591,4858.0166015625,,,,,
1203,1,1203.0,0.0,32.0,32.0,0.1170365884900093,77.53397908527404,4790.67919921875,,,,,
1204,1,1204.0,0.0,32.0,32.0,0.0579650551080703,78.52451992221177,4790.67919921875,,,,,
1205,1,1205.0,0.0,32.0,32.0,0.2695424556732178,72.73290399461985,4644.845703125,,,,,
1206,1,1206.0,0.0,32.0,32.0,0.1812214702367782,60.99551392253488,4109.82958984375,,,,,
1207,1,1207.0,0.0,32.0,32.0,0.3202476501464844,69.05855296645314,4580.70947265625,,,,,
1208,1,1208.0,0.0,32.0,32.0,0.1110346689820289,69.44420596119016,4742.36328125,,,,,
1209,1,1209.0,0.0,32.0,32.0,0.2548783421516418,65.53202995564789,4233.71875,,,,,
1210,1,1210.0,0.0,32.0,32.0,0.0588769763708114,68.28559399582446,4507.0009765625,,,,,
1211,1,1211.0,0.0,32.0,32.0,0.2136122584342956,76.57400204334408,4858.0166015625,,,,,
1212,1,1212.0,0.0,32.0,32.0,0.1406615674495697,69.04130207840353,4478.59765625,,,,,
1213,1,1213.0,0.0,32.0,32.0,0.1753705292940139,75.7659679511562,4823.25,,,,,
1214,1,1214.0,0.0,32.0,32.0,0.1442652344703674,67.31211405713111,4410.1875,,,,,
1215,1,1215.0,0.0,32.0,32.0,0.043622437864542,66.80652499198914,4410.1875,,,,,
1216,1,1216.0,0.0,32.0,32.0,0.2107241600751876,68.6664569657296,4644.845703125,,,,,
1217,1,1217.0,0.0,32.0,32.0,0.1158033832907676,72.56942195817828,4644.845703125,,,,,
1218,1,1218.0,0.0,32.0,32.0,0.0331625267863273,64.73922706209123,4141.5458984375,,,,,
1219,1,1219.0,0.0,32.0,32.0,0.1187461093068122,63.39355499949306,4167.0595703125,,,,,
1220,1,1220.0,0.0,32.0,32.0,0.3546534776687622,64.63912199251354,4233.71875,,,,,
1221,1,1221.0,0.0,32.0,32.0,0.3080329298973083,70.69862203206867,4547.10205078125,,,,,
1222,1,1222.0,0.0,32.0,32.0,0.2682960629463196,67.13153701275587,4266.18798828125,,,,,
1223,1,1223.0,0.0,32.0,32.0,0.1389183104038238,77.72148796357214,4957.591796875,,,,,
1224,1,1224.0,0.0,32.0,32.0,0.0335379503667354,62.96524591743946,4266.18798828125,,,,,
1225,1,1225.0,0.0,32.0,32.0,0.1285586953163147,76.6066589858383,4790.67919921875,,,,,
1226,1,1226.0,0.0,32.0,32.0,0.1741462349891662,81.85508497990668,5121.52001953125,,,,,
1227,1,1227.0,0.0,32.0,32.0,0.2248480767011642,58.86007903609425,4050.37158203125,,,,,
1228,1,1228.0,0.0,32.0,32.0,0.0621867626905441,64.92959801107645,4321.28564453125,,,,,
1229,1,1229.0,0.0,32.0,32.0,0.3047131896018982,69.25896601751447,4547.10205078125,,,,,
1230,1,1230.0,0.0,32.0,32.0,0.2754152715206146,60.34959095995873,4109.82958984375,,,,,
1231,1,1231.0,0.0,32.0,32.0,0.0991204753518104,66.86050200369209,4373.68212890625,,,,,
1232,1,1232.0,0.0,32.0,32.0,0.0327777415513992,70.46606892254204,4742.36328125,,,,,
1233,1,1233.0,0.0,32.0,32.0,0.055975642055273,68.59158410225064,4433.673828125,,,,,
1234,1,1234.0,0.0,32.0,32.0,0.3390018343925476,64.41678397823125,4296.8486328125,,,,,
1235,1,1235.0,0.0,32.0,32.0,0.0219255667179822,63.16646502818912,4296.8486328125,,,,,
1236,1,1236.0,0.0,32.0,32.0,0.0506315268576145,59.14078699424863,4109.82958984375,,,,,
1237,1,1237.0,0.0,32.0,32.0,0.0422400310635566,69.02019097469747,4580.70947265625,,,,,
1238,1,1238.0,0.0,32.0,32.0,0.1558831930160522,77.19105703290552,4823.25,,,,,
1239,1,1239.0,0.0,32.0,32.0,0.0801232680678367,70.67519496195018,4547.10205078125,,,,,
1240,1,1240.0,0.0,32.0,32.0,0.205185517668724,60.11406099423766,4296.8486328125,,,,,
1241,1,1241.0,0.0,32.0,32.0,0.0861764401197433,65.02579501830041,4266.18798828125,,,,,
1242,1,1242.0,0.0,32.0,32.0,0.1422245353460312,77.33638898935169,4858.0166015625,,,,,
1243,1,1243.0,0.0,32.0,32.0,0.0158297438174486,64.2807079711929,4167.0595703125,,,,,
1244,1,1244.0,0.0,32.0,32.0,0.260638415813446,80.43269999325275,5121.52001953125,,,,,
1245,1,1245.0,0.0,32.0,32.0,0.0475289784371852,68.9933350076899,4410.1875,,,,,
1246,1,1246.0,0.0,32.0,32.0,0.0128283631056547,63.86188801843673,4296.8486328125,,,,,
1247,1,1247.0,0.0,32.0,32.0,0.0169714652001857,68.99387191515416,4580.70947265625,,,,,
1248,1,1248.0,0.0,32.0,32.0,0.1863794475793838,63.6164810275659,4373.68212890625,,,,,
1249,1,1249.0,0.0,32.0,32.0,0.3799747228622436,66.81084900628775,4373.68212890625,,,,,
1250,1,1250.0,0.0,32.0,32.0,0.094597190618515,69.66769101563841,4507.0009765625,,,,,
1251,1,1251.0,0.0,32.0,32.0,0.2782407402992248,66.34776701685041,4266.18798828125,,,,,
1252,1,1252.0,0.0,32.0,32.0,0.2985296249389648,77.94332399498671,4882.7529296875,,,,,
1253,1,1253.0,0.0,32.0,32.0,0.0209331102669239,78.59174301847816,4957.591796875,,,,,
1254,1,1254.0,0.0,32.0,32.0,0.1223834380507469,78.09527404606342,4986.9404296875,,,,,
1255,1,1255.0,0.0,32.0,32.0,0.1868591904640197,64.16227400768548,4478.59765625,,,,,
1256,1,1256.0,0.0,32.0,32.0,0.0378026030957698,69.0017290180549,4478.59765625,,,,,
1257,1,1257.0,0.0,32.0,32.0,0.3038899004459381,65.35768392495811,4266.18798828125,,,,,
1258,1,1258.0,0.0,32.0,32.0,0.0102972816675901,71.80007302667946,4620.6474609375,,,,,
1259,1,1259.0,0.0,32.0,32.0,0.1460050344467163,68.19373997859657,4433.673828125,,,,,
1260,1,1260.0,0.0,32.0,32.0,0.2072430104017257,63.7878340203315,4167.0595703125,,,,,
1261,1,1261.0,0.0,32.0,32.0,0.0685978606343269,76.07450790237635,4882.7529296875,,,,,
1262,1,1262.0,0.0,32.0,32.0,0.0283812377601861,69.85623005311936,4410.1875,,,,,
1263,1,1263.0,0.0,32.0,32.0,0.1836438924074173,64.1554290195927,4433.673828125,,,,,
1264,1,1264.0,0.0,32.0,32.0,0.023660147562623,67.03770800959319,4321.28564453125,,,,,
1265,1,1265.0,0.0,32.0,32.0,0.2120718359947204,67.5276149995625,4373.68212890625,,,,,
1266,1,1266.0,0.0,32.0,32.0,0.1107264012098312,81.4834909979254,5097.54638671875,,,,,
1267,1,1267.0,0.0,32.0,32.0,0.1823846101760864,69.65512200258672,4507.0009765625,,,,,
1268,1,1268.0,0.0,32.0,32.0,0.1329169869422912,64.06065996270627,4296.8486328125,,,,,
1269,1,1269.0,0.0,32.0,32.0,0.0388882458209991,62.827538000419736,4296.8486328125,,,,,
1270,1,1270.0,0.0,32.0,32.0,0.3018437027931213,68.10475897509605,4580.70947265625,,,,,
1271,1,1271.0,0.0,32.0,32.0,0.0687746405601501,64.96923102531582,4580.70947265625,,,,,
1272,1,1272.0,0.0,32.0,32.0,0.1750615090131759,64.93747199419886,4204.07421875,,,,,
1273,1,1273.0,0.0,32.0,32.0,0.3633678555488586,68.80127300973982,4580.70947265625,,,,,
1274,1,1274.0,0.0,32.0,32.0,0.1346497237682342,69.56441106740385,4580.70947265625,,,,,
1275,1,1275.0,0.0,32.0,32.0,0.0950458422303199,66.95494102314115,4321.28564453125,,,,,
1276,1,1276.0,0.0,32.0,32.0,0.0684130117297172,68.12461593654007,4433.673828125,,,,,
1277,1,1277.0,0.0,32.0,32.0,0.1436671316623687,69.60757100023329,4547.10205078125,,,,,
1278,1,1278.0,0.0,32.0,32.0,0.0431995466351509,58.36452206131071,3936.96923828125,,,,,
1279,1,1279.0,0.0,32.0,32.0,0.2908081710338592,61.699791927821934,4373.68212890625,,,,,
1280,1,1280.0,0.0,32.0,32.0,0.4154057800769806,68.19780601654202,4373.68212890625,,,,,
1281,1,1281.0,0.0,32.0,32.0,0.236259639263153,72.66037294175476,4707.24365234375,,,,,
1282,1,1282.0,0.0,32.0,32.0,0.279888778924942,77.98811898101121,4823.25,,,,,
1283,1,1283.0,0.0,32.0,32.0,0.0605874881148338,72.11378193460405,4620.6474609375,,,,,
1284,1,1284.0,0.0,32.0,32.0,0.2070994526147842,66.58198998775333,4321.28564453125,,,,,
1285,1,1285.0,0.0,32.0,32.0,0.1773185580968856,77.91962707415223,4986.9404296875,,,,,
1286,1,1286.0,0.0,32.0,32.0,0.277468591928482,67.48522608540952,4321.28564453125,,,,,
1287,1,1287.0,0.0,32.0,32.0,0.1908510625362396,72.08715099841356,4823.25,,,,,
1288,1,1288.0,0.0,32.0,32.0,0.1314848065376281,64.24900400452316,4141.5458984375,,,,,
1289,1,1289.0,0.0,32.0,32.0,0.1750375032424926,68.31313902512193,4478.59765625,,,,,
1290,1,1290.0,0.0,32.0,32.0,0.1468879580497741,76.88598800450563,4858.0166015625,,,,,
1291,1,1291.0,0.0,32.0,32.0,0.3790408968925476,74.21440701000392,4707.24365234375,,,,,
1292,1,1292.0,0.0,32.0,32.0,0.4495619535446167,67.07194691989571,4410.1875,,,,,
1293,1,1293.0,0.0,32.0,32.0,0.261435866355896,68.8814390450716,4478.59765625,,,,,
1294,1,1294.0,0.0,32.0,32.0,0.2861727476119995,68.90035106334835,4507.0009765625,,,,,
1295,1,1295.0,0.0,32.0,32.0,0.11337910592556,69.08894702792168,4707.24365234375,,,,,
1296,1,1296.0,0.0,32.0,32.0,0.1701377928256988,72.38453696481884,4644.845703125,,,,,
1297,1,1297.0,0.0,32.0,32.0,0.2436262518167495,63.37456393521279,4296.8486328125,,,,,
1298,1,1298.0,0.0,32.0,32.0,0.1372029483318328,64.62985801044852,4233.71875,,,,,
1299,1,1299.0,0.0,32.0,32.0,0.3393395543098449,77.10986991878599,4957.591796875,,,,,
1300,1,1300.0,0.0,32.0,32.0,0.2102762460708618,63.9118270482868,4141.5458984375,,,,,
1301,1,1301.0,0.0,32.0,32.0,0.3301248550415039,65.17737696412951,4266.18798828125,,,,,
1302,1,1302.0,0.0,32.0,32.0,0.0745305716991424,66.0372159909457,4266.18798828125,,,,,
1303,1,1303.0,0.0,32.0,32.0,0.0304180234670639,63.98757197894156,4373.68212890625,,,,,
1304,1,1304.0,0.0,32.0,32.0,0.1692295372486114,68.34419490769506,4507.0009765625,,,,,
1305,1,1305.0,0.0,32.0,32.0,0.2885986864566803,83.93698197323829,5203.0224609375,,,,,
1306,1,1306.0,0.0,32.0,32.0,0.3355906009674072,79.10233992151916,4986.9404296875,,,,,
1307,1,1307.0,0.0,32.0,32.0,0.2618829011917114,81.52872498612851,5046.08544921875,,,,,
1308,1,1308.0,0.0,32.0,32.0,0.1454278230667114,61.12447497434914,4109.82958984375,,,,,
1309,1,1309.0,0.0,32.0,32.0,0.1469059586524963,59.18686604127288,4070.55908203125,,,,,
1310,1,1310.0,0.0,32.0,32.0,0.3816567063331604,67.23705504555255,4433.673828125,,,,,
1311,1,1311.0,0.0,32.0,32.0,0.1556811034679412,60.48648699652404,4233.71875,,,,,
1312,1,1312.0,0.0,32.0,32.0,0.1642138659954071,67.6876560319215,4433.673828125,,,,,
1313,1,1313.0,0.0,32.0,32.0,0.2569562792778015,73.12776800245047,4742.36328125,,,,,
1314,1,1314.0,0.0,32.0,32.0,0.1621405333280563,83.61624798271805,5150.5615234375,,,,,
1315,1,1315.0,0.0,32.0,32.0,0.1384226083755493,77.28944893460721,4823.25,,,,,
1316,1,1316.0,0.0,32.0,32.0,0.2500295341014862,68.39476595632732,4410.1875,,,,,
1317,1,1317.0,0.0,32.0,32.0,0.1220394521951675,67.82451400067657,4478.59765625,,,,,
1318,1,1318.0,0.0,32.0,32.0,0.0978446677327156,60.43833401054144,4233.71875,,,,,
1319,1,1319.0,0.0,32.0,32.0,0.290556788444519,60.81397505477071,4070.55908203125,,,,,
1320,1,1320.0,0.0,32.0,32.0,0.1751176714897155,68.24688706547022,4410.1875,,,,,
1321,1,1321.0,0.0,32.0,32.0,0.1401063203811645,79.55360796768218,5046.08544921875,,,,,
1322,1,1322.0,0.0,32.0,32.0,0.0954792350530624,77.67122494988143,4790.67919921875,,,,,
1323,1,1323.0,0.0,32.0,32.0,0.1739485561847686,68.30866995733231,4321.28564453125,,,,,
1324,1,1324.0,0.0,32.0,32.0,0.2221268564462661,68.15236492548138,4507.0009765625,,,,,
1325,1,1325.0,0.0,32.0,32.0,0.1229607239365577,76.66140701621771,4957.591796875,,,,,
1326,1,1326.0,0.0,32.0,32.0,0.1117756217718124,57.20720696263015,4070.55908203125,,,,,
1327,1,1327.0,0.0,32.0,32.0,0.1979128569364547,71.07900304254144,4644.845703125,,,,,
1328,1,1328.0,0.0,32.0,32.0,0.2347016036510467,68.8437910284847,4507.0009765625,,,,,
1329,1,1329.0,0.0,32.0,32.0,0.1241411939263343,68.93322605174035,4478.59765625,,,,,
1330,1,1330.0,0.0,32.0,32.0,0.20145283639431,68.60520201735198,4580.70947265625,,,,,
1331,1,1331.0,0.0,32.0,32.0,0.1916952431201934,66.46473810542375,4266.18798828125,,,,,
1332,1,1332.0,0.0,32.0,32.0,0.1704549938440323,68.77546897158027,4507.0009765625,,,,,
1333,1,1333.0,0.0,32.0,32.0,0.2586842179298401,69.03907505329698,4580.70947265625,,,,,
1334,1,1334.0,0.0,32.0,32.0,0.2330091446638107,60.16979704145342,4296.8486328125,,,,,
1335,1,1335.0,0.0,32.0,32.0,0.2633583545684814,67.74940202012658,4478.59765625,,,,,
1336,1,1336.0,0.0,32.0,32.0,0.1027820035815239,74.47858504019678,4742.36328125,,,,,
1337,1,1337.0,0.0,32.0,32.0,0.3222448229789734,68.4968939749524,4410.1875,,,,,
1338,1,1338.0,0.0,32.0,32.0,0.1297493726015091,58.27224801760167,3936.96923828125,,,,,
1339,1,1339.0,0.0,32.0,32.0,0.0860693603754043,72.28494610171765,4742.36328125,,,,,
1340,1,1340.0,0.0,32.0,32.0,0.1162100881338119,72.78507994487882,4644.845703125,,,,,
1341,1,1341.0,0.0,32.0,32.0,0.1889068633317947,77.0404530921951,4882.7529296875,,,,,
1342,1,1342.0,0.0,32.0,32.0,0.1420125365257263,64.59438009187579,4433.673828125,,,,,
1343,1,1343.0,0.0,32.0,32.0,0.0535514131188392,70.8301990525797,4644.845703125,,,,,
1344,1,1344.0,0.0,32.0,32.0,0.0972415953874588,75.96002798527479,4790.67919921875,,,,,
1345,1,1345.0,0.0,32.0,32.0,0.2637615501880646,73.60799994785339,4742.36328125,,,,,
1346,1,1346.0,0.0,32.0,32.0,0.1249207407236099,68.21289693471044,4507.0009765625,,,,,
1347,1,1347.0,0.0,32.0,32.0,0.1170090734958648,72.18125695362687,4644.845703125,,,,,
1348,1,1348.0,0.0,32.0,32.0,0.2518052160739898,77.19456392806023,4957.591796875,,,,,
1349,1,1349.0,0.0,32.0,32.0,0.1070666089653968,69.75853606127203,4707.24365234375,,,,,
1350,1,1350.0,0.0,32.0,32.0,0.3121488094329834,65.18337002489716,4233.71875,,,,,
1351,1,1351.0,0.0,32.0,32.0,0.3168349862098694,72.27270700968802,4742.36328125,,,,,
1352,1,1352.0,0.0,32.0,32.0,0.385055661201477,72.89444003254175,4707.24365234375,,,,,
1353,1,1353.0,0.0,32.0,32.0,0.0686274468898773,77.52194895874709,4823.25,,,,,
1354,1,1354.0,0.0,32.0,32.0,0.3624568581581116,68.89954709913582,4410.1875,,,,,
1355,1,1355.0,0.0,32.0,32.0,0.1532431542873382,64.18255099561065,4204.07421875,,,,,
1356,1,1356.0,0.0,32.0,32.0,0.0899491086602211,69.0384809859097,4547.10205078125,,,,,
1357,1,1357.0,0.0,32.0,32.0,0.2774369716644287,63.24972701258957,4433.673828125,,,,,
1358,1,1358.0,0.0,32.0,32.0,0.2041173130273819,69.1118910908699,4580.70947265625,,,,,
1359,1,1359.0,0.0,32.0,32.0,0.3014439344406128,66.9399710604921,4373.68212890625,,,,,
1360,1,1360.0,0.0,32.0,32.0,0.0619799457490444,67.59203702677041,4321.28564453125,,,,,
1361,1,1361.0,0.0,32.0,32.0,0.2477382868528366,68.33891605492681,4507.0009765625,,,,,
1362,1,1362.0,0.0,32.0,32.0,0.1481831222772598,69.87822498194873,4507.0009765625,,,,,
1363,1,1363.0,0.0,32.0,32.0,0.1209825649857521,71.65455399081111,4644.845703125,,,,,
1364,1,1364.0,0.0,32.0,32.0,0.0762250050902366,63.88236291240901,4141.5458984375,,,,,
1365,1,1365.0,0.0,32.0,32.0,0.2223184257745742,66.38371897861362,4620.6474609375,,,,,
1366,1,1366.0,0.0,32.0,32.0,0.1590313762426376,63.66788304876536,4167.0595703125,,,,,
1367,1,1367.0,0.0,32.0,32.0,0.0852845311164856,69.87896701321006,4580.70947265625,,,,,
1368,1,1368.0,0.0,32.0,32.0,0.1192769482731819,64.2100980039686,4296.8486328125,,,,,
1369,1,1369.0,0.0,32.0,32.0,0.2315817922353744,79.23326606396586,5046.08544921875,,,,,
1370,1,1370.0,0.0,32.0,32.0,0.1539026200771331,76.96019799914211,4790.67919921875,,,,,
1371,1,1371.0,0.0,32.0,32.0,0.1123314127326011,75.16506197862327,4768.525390625,,,,,
1372,1,1372.0,0.0,32.0,32.0,0.069588802754879,67.88417196366936,4433.673828125,,,,,
1373,1,1373.0,0.0,32.0,32.0,0.3109511435031891,63.902277033776045,4507.0009765625,,,,,
1374,1,1374.0,0.0,32.0,32.0,0.193468227982521,78.238639049232,4882.7529296875,,,,,
1375,1,1375.0,0.0,32.0,32.0,0.3876480162143707,72.02772796154022,4644.845703125,,,,,
1376,1,1376.0,0.0,32.0,32.0,0.2749552130699157,66.95064308587462,4373.68212890625,,,,,
1377,1,1377.0,0.0,32.0,32.0,0.069372646510601,69.55680798273534,4580.70947265625,,,,,
1378,1,1378.0,0.0,32.0,32.0,0.187476173043251,69.58810600917786,4547.10205078125,,,,,
1379,1,1379.0,0.0,32.0,32.0,0.3571248948574066,67.09125405177474,4373.68212890625,,,,,
1380,1,1380.0,0.0,32.0,32.0,0.2654899358749389,67.05583003349602,4321.28564453125,,,,,
1381,1,1381.0,0.0,32.0,32.0,0.1251651346683502,65.07372704800218,4547.10205078125,,,,,
1382,1,1382.0,0.0,32.0,32.0,0.1594707667827606,69.68477100599557,4547.10205078125,,,,,
1383,1,1383.0,0.0,32.0,32.0,0.1912205666303634,63.41965799219906,4167.0595703125,,,,,
1384,1,1384.0,0.0,32.0,32.0,0.1370683014392852,69.13882202934474,4478.59765625,,,,,
1385,1,1385.0,0.0,32.0,32.0,0.1729729026556015,69.31233196519315,4547.10205078125,,,,,
1386,1,1386.0,0.0,32.0,32.0,0.1383328735828399,83.40573706664145,5203.0224609375,,,,,
1387,1,1387.0,0.0,32.0,32.0,0.2651951313018799,69.54142695758492,4478.59765625,,,,,
1388,1,1388.0,0.0,32.0,32.0,0.0563248172402381,59.60272904485464,4070.55908203125,,,,,
1389,1,1389.0,0.0,32.0,32.0,0.0500139519572258,69.62645903695375,4768.525390625,,,,,
1390,1,1390.0,0.0,32.0,32.0,0.2089796364307403,68.02428793162107,4410.1875,,,,,
1391,1,1391.0,0.0,32.0,32.0,0.0587780177593231,68.43621202278882,4478.59765625,,,,,
1392,1,1392.0,0.0,32.0,32.0,0.0223788637667894,65.17295492812991,4233.71875,,,,,
1393,1,1393.0,0.0,32.0,32.0,0.0812774822115898,66.03235704824328,4266.18798828125,,,,,
1394,1,1394.0,0.0,32.0,32.0,0.3925566971302032,80.00327704939991,5046.08544921875,,,,,
1395,1,1395.0,0.0,32.0,32.0,0.1670619994401931,64.9807209847495,4167.0595703125,,,,,
1396,1,1396.0,0.0,32.0,32.0,0.3035152554512024,67.26400600746274,4373.68212890625,,,,,
1397,1,1397.0,0.0,32.0,32.0,0.1216330677270889,62.47603497467935,4321.28564453125,,,,,
1398,1,1398.0,0.0,32.0,32.0,0.384783923625946,68.48758389241993,4478.59765625,,,,,
1399,1,1399.0,0.0,32.0,32.0,0.0838609561324119,63.724947976879776,4296.8486328125,,,,,
1400,1,1400.0,0.0,32.0,32.0,0.0295735523104667,72.07399304024875,4742.36328125,,,,,
1401,1,1401.0,0.0,32.0,32.0,0.3465235233306885,78.40936002321541,4957.591796875,,,,,
1402,1,1402.0,0.0,32.0,32.0,0.0677125602960586,72.28401501197368,4620.6474609375,,,,,
1403,1,1403.0,0.0,32.0,32.0,0.2006087601184845,67.12787202559412,4373.68212890625,,,,,
1404,1,1404.0,0.0,32.0,32.0,0.1210991293191909,74.57497797440737,4768.525390625,,,,,
1405,1,1405.0,0.0,32.0,32.0,0.2844590544700622,60.85853697732091,4204.07421875,,,,,
1406,1,1406.0,0.0,32.0,32.0,0.1820436716079712,63.358946004882455,4296.8486328125,,,,,
1407,1,1407.0,0.0,32.0,32.0,0.190623477101326,65.7199890119955,4266.18798828125,,,,,
1408,1,1408.0,0.0,32.0,32.0,0.0993597880005836,63.86448000557721,4167.0595703125,,,,,
1409,1,1409.0,0.0,32.0,32.0,0.0939318537712097,68.64368403330445,4580.70947265625,,,,,
1410,1,1410.0,0.0,32.0,32.0,0.2096444964408874,66.9541050447151,4266.18798828125,,,,,
1411,1,1411.0,0.0,32.0,32.0,0.1954231560230255,67.21313600428402,4410.1875,,,,,
1412,1,1412.0,0.0,32.0,32.0,0.2509822845458984,67.05642305314541,4321.28564453125,,,,,
1413,1,1413.0,0.0,32.0,32.0,0.0760372355580329,60.44446805026382,4204.07421875,,,,,
1414,1,1414.0,0.0,32.0,32.0,0.2019941210746765,62.68767197616398,4141.5458984375,,,,,
1415,1,1415.0,0.0,32.0,32.0,0.0909174382686615,66.68227899353951,4373.68212890625,,,,,
1416,1,1416.0,0.0,32.0,32.0,0.1935873627662658,69.05172299593687,4410.1875,,,,,
1417,1,1417.0,0.0,32.0,32.0,0.0454577133059501,73.5639650374651,4768.525390625,,,,,
1418,1,1418.0,0.0,32.0,32.0,0.2786633968353271,73.85803200304508,4707.24365234375,,,,,
1419,1,1419.0,0.0,32.0,32.0,0.0347883105278015,69.87480609677732,4547.10205078125,,,,,
1420,1,1420.0,0.0,32.0,32.0,0.4317549765110016,66.83796108700335,4321.28564453125,,,,,
1421,1,1421.0,0.0,32.0,32.0,0.0885488241910934,73.70037899818271,4882.7529296875,,,,,
1422,1,1422.0,0.0,32.0,32.0,0.1738694012165069,64.91268204990774,4167.0595703125,,,,,
1423,1,1423.0,0.0,32.0,32.0,0.0654527395963668,68.4759960277006,4580.70947265625,,,,,
1424,1,1424.0,0.0,32.0,32.0,0.1913524866104126,69.19675401877612,4580.70947265625,,,,,
1425,1,1425.0,0.0,32.0,32.0,0.1714747250080108,66.98825501371175,4321.28564453125,,,,,
1426,1,1426.0,0.0,32.0,32.0,0.0929103717207908,68.71534697711468,4478.59765625,,,,,
1427,1,1427.0,0.0,32.0,32.0,0.0557883977890014,67.23072298336774,4433.673828125,,,,,
1428,1,1428.0,0.0,32.0,32.0,0.2036153525114059,69.05992398969829,4507.0009765625,,,,,
1429,1,1429.0,0.0,32.0,32.0,0.2004455178976059,71.98532100301236,4823.25,,,,,
1430,1,1430.0,0.0,32.0,32.0,0.1104981899261474,68.64595506340265,4410.1875,,,,,
1431,1,1431.0,0.0,32.0,32.0,0.1157686859369278,68.36610904429108,4433.673828125,,,,,
1432,1,1432.0,0.0,32.0,32.0,0.4794678390026092,77.58702302817255,4957.591796875,,,,,
1433,1,1433.0,0.0,32.0,32.0,0.1001097410917282,61.99386902153492,4109.82958984375,,,,,
1434,1,1434.0,0.0,32.0,32.0,0.1162556409835815,70.56678808294237,4644.845703125,,,,,
1435,1,1435.0,0.0,32.0,32.0,0.4147465825080871,66.77368294913322,4321.28564453125,,,,,
1436,1,1436.0,0.0,32.0,32.0,0.1467528939247131,74.0791610442102,4768.525390625,,,,,
1437,1,1437.0,0.0,32.0,32.0,0.2759254872798919,62.46316898614168,4373.68212890625,,,,,
1438,1,1438.0,0.0,32.0,32.0,0.1391702592372894,72.2868280718103,4644.845703125,,,,,
1439,1,1439.0,0.0,32.0,32.0,0.0992441922426223,65.90830406639725,4266.18798828125,,,,,
1440,1,1440.0,0.0,32.0,32.0,0.1351738572120666,68.66816699039191,4478.59765625,,,,,
1441,1,1441.0,0.0,32.0,32.0,0.2660090029239654,68.19063797593117,4478.59765625,,,,,
1442,1,1442.0,0.0,32.0,32.0,0.1551536619663238,71.70035701710731,4644.845703125,,,,,
1443,1,1443.0,0.0,32.0,32.0,0.1206586211919784,59.034233912825584,4050.37158203125,,,,,
1444,1,1444.0,0.0,32.0,32.0,0.2391780316829681,67.42023897822946,4507.0009765625,,,,,
1445,1,1445.0,0.0,32.0,32.0,0.1490472853183746,62.92037293314934,4547.10205078125,,,,,
1446,1,1446.0,0.0,32.0,32.0,0.1463004350662231,64.61055506952107,4167.0595703125,,,,,
1447,1,1447.0,0.0,32.0,32.0,0.2921427190303802,74.94401896838099,4768.525390625,,,,,
1448,1,1448.0,0.0,32.0,32.0,0.1928338855504989,68.84925195481628,4433.673828125,,,,,
1449,1,1449.0,0.0,32.0,32.0,0.1629373729228973,66.58205599524081,4321.28564453125,,,,,
1450,1,1450.0,0.0,32.0,32.0,0.090484894812107,67.3972200602293,4321.28564453125,,,,,
1451,1,1451.0,0.0,32.0,32.0,0.1209868937730789,67.10240291431546,4410.1875,,,,,
1452,1,1452.0,0.0,32.0,32.0,0.3973292410373688,63.65483999252319,4167.0595703125,,,,,
1453,1,1453.0,0.0,32.0,32.0,0.322746604681015,66.79596507456154,4644.845703125,,,,,
1454,1,1454.0,0.0,32.0,32.0,0.072735458612442,77.63497694395483,4882.7529296875,,,,,
1455,1,1455.0,0.0,32.0,32.0,0.0996160060167312,68.062852951698,4321.28564453125,,,,,
1456,1,1456.0,0.0,32.0,32.0,0.220149740576744,64.03031700756401,4296.8486328125,,,,,
1457,1,1457.0,0.0,32.0,32.0,0.4450196921825409,77.23044999875128,4913.80078125,,,,,
1458,1,1458.0,0.0,32.0,32.0,0.2055158168077469,67.68532493151724,4373.68212890625,,,,,
1459,1,1459.0,0.0,32.0,32.0,0.1050874590873718,68.20831599179655,4507.0009765625,,,,,
1460,1,1460.0,0.0,32.0,32.0,0.040714219212532,74.6683010365814,4768.525390625,,,,,
1461,1,1461.0,0.0,32.0,32.0,0.2735898792743683,62.38371296785772,4266.18798828125,,,,,
1462,1,1462.0,0.0,32.0,32.0,0.065082274377346,68.95336601883173,4433.673828125,,,,,
1463,1,1463.0,0.0,32.0,32.0,0.0611606650054454,60.199333005584776,4109.82958984375,,,,,
1464,1,1464.0,0.0,32.0,32.0,0.3220321238040924,65.37503201980144,4266.18798828125,,,,,
1465,1,1465.0,0.0,32.0,32.0,0.2529081702232361,73.89282202348113,4768.525390625,,,,,
1466,1,1466.0,0.0,32.0,32.0,0.3544176816940307,64.37116605229676,4167.0595703125,,,,,
1467,1,1467.0,0.0,32.0,32.0,0.2668168246746063,65.1935669593513,4266.18798828125,,,,,
1468,1,1468.0,0.0,32.0,32.0,0.3460020422935486,68.57473100535572,4433.673828125,,,,,
1469,1,1469.0,0.0,32.0,32.0,0.0573044791817665,63.3875320199877,4433.673828125,,,,,
1470,1,1470.0,0.0,32.0,32.0,0.1466151475906372,58.69514506775886,4005.6650390625,,,,,
1471,1,1471.0,0.0,32.0,32.0,0.230015367269516,68.28679598402232,4547.10205078125,,,,,
1472,1,1472.0,0.0,32.0,32.0,0.1075861304998397,78.7261159857735,4882.7529296875,,,,,
1473,1,1473.0,0.0,32.0,32.0,0.297589361667633,68.09349998366088,4433.673828125,,,,,
1474,1,1474.0,0.0,32.0,32.0,0.1108385100960731,69.03696293011308,4507.0009765625,,,,,
1475,1,1475.0,0.0,32.0,32.0,0.2328433692455291,78.62448901869357,4957.591796875,,,,,
1476,1,1476.0,0.0,32.0,32.0,0.2433116436004638,71.38718198984861,4478.59765625,,,,,
1477,1,1477.0,0.0,32.0,32.0,0.0916450917720794,63.54741600807756,4478.59765625,,,,,
1478,1,1478.0,0.0,32.0,32.0,0.1262980997562408,64.63859300129116,4233.71875,,,,,
1479,1,1479.0,0.0,32.0,32.0,0.1171008199453353,72.6784321013838,4707.24365234375,,,,,
1480,1,1480.0,0.0,32.0,32.0,0.1840986609458923,66.3354879943654,4266.18798828125,,,,,
1481,1,1481.0,0.0,32.0,32.0,0.0557173192501068,75.88058605324477,4790.67919921875,,,,,
1482,1,1482.0,0.0,32.0,32.0,0.1013963222503662,66.28927297424525,4296.8486328125,,,,,
1483,1,1483.0,0.0,32.0,32.0,0.2231878340244293,63.15293209627271,4204.07421875,,,,,
1484,1,1484.0,0.0,32.0,32.0,0.3241459429264068,66.45451800432056,4433.673828125,,,,,
1485,1,1485.0,0.0,32.0,32.0,0.3816170394420624,61.7692400701344,4373.68212890625,,,,,
1486,1,1486.0,0.0,32.0,32.0,0.3043869733810425,73.90654797200114,4768.525390625,,,,,
1487,1,1487.0,0.0,32.0,32.0,0.0980033949017524,69.77863900829107,4580.70947265625,,,,,
1488,1,1488.0,0.0,32.0,32.0,0.3861940205097198,75.62774198595434,4742.36328125,,,,,
1489,1,1489.0,0.0,32.0,32.0,0.261586844921112,64.6640780614689,4233.71875,,,,,
1490,1,1490.0,0.0,32.0,32.0,0.2870796918869018,67.40806193556637,4410.1875,,,,,
1491,1,1491.0,0.0,32.0,32.0,0.2542844712734222,72.02874193899333,4644.845703125,,,,,
1492,1,1492.0,0.0,32.0,32.0,0.2396886050701141,72.32676399871707,4707.24365234375,,,,,
1493,1,1493.0,0.0,32.0,32.0,0.2082504332065582,59.70995395909995,4167.0595703125,,,,,
1494,1,1494.0,0.0,32.0,32.0,0.0964701995253562,59.91846299730241,4109.82958984375,,,,,
1495,1,1495.0,0.0,32.0,32.0,0.1048716306686401,67.99829099327326,4478.59765625,,,,,
1496,1,1496.0,0.0,32.0,32.0,0.3175901770591736,64.03346394654363,4167.0595703125,,,,,
1497,1,1497.0,0.0,32.0,32.0,0.2057844698429107,67.72617797832936,4373.68212890625,,,,,
1498,1,1498.0,0.0,32.0,32.0,0.0894666910171508,66.48220506031066,4373.68212890625,,,,,
1499,1,1499.0,0.0,32.0,32.0,0.191000148653984,77.00592093169689,4986.9404296875,,,,,
1500,1,1500.0,0.0,32.0,32.0,0.098638966679573,69.40863304771483,4433.673828125,,,,,
1501,1,1501.0,0.0,32.0,32.0,0.0750560611486435,67.64679006300867,4644.845703125,,,,,
1502,1,1502.0,0.0,32.0,32.0,0.0746151059865951,73.08457302860916,4742.36328125,,,,,
1503,1,1503.0,0.0,32.0,32.0,0.2120502889156341,77.96618295833468,4957.591796875,,,,,
1504,1,1504.0,0.0,32.0,32.0,0.4002661108970642,68.22311296127737,4321.28564453125,,,,,
1505,1,1505.0,0.0,32.0,32.0,0.2087958455085754,65.71227707900107,4373.68212890625,,,,,
1506,1,1506.0,0.0,32.0,32.0,0.0511292070150375,67.55217397585511,4321.28564453125,,,,,
1507,1,1507.0,0.0,32.0,32.0,0.1039180308580398,67.58834200445563,4433.673828125,,,,,
1508,1,1508.0,0.0,32.0,32.0,0.123652271926403,62.88894102908671,4167.0595703125,,,,,
1509,1,1509.0,0.0,32.0,32.0,0.3061782419681549,72.23680906463414,4790.67919921875,,,,,
1510,1,1510.0,0.0,32.0,32.0,0.0537892952561378,64.83075104188174,4296.8486328125,,,,,
1511,1,1511.0,0.0,32.0,32.0,0.2103312760591507,65.36655500531197,4266.18798828125,,,,,
1512,1,1512.0,0.0,32.0,32.0,0.2434767633676529,78.9617239497602,5019.46142578125,,,,,
1513,1,1513.0,0.0,32.0,32.0,0.1599130630493164,70.72623504791409,4547.10205078125,,,,,
1514,1,1514.0,0.0,32.0,32.0,0.2648510932922363,68.8167680054903,4478.59765625,,,,,
1515,1,1515.0,0.0,32.0,32.0,0.1720960289239883,76.90055703278631,4823.25,,,,,
1516,1,1516.0,0.0,32.0,32.0,0.0447329692542552,67.52070202492177,4266.18798828125,,,,,
1517,1,1517.0,0.0,32.0,32.0,0.4183551073074341,62.86590895615518,4410.1875,,,,,
1518,1,1518.0,0.0,32.0,32.0,0.0378878191113472,64.91317809559405,4233.71875,,,,,
1519,1,1519.0,0.0,32.0,32.0,0.1447515487670898,72.83606205601245,4707.24365234375,,,,,
1520,1,1520.0,0.0,32.0,32.0,0.1931246370077133,71.5694579994306,4620.6474609375,,,,,
1521,1,1521.0,0.0,32.0,32.0,0.3930741548538208,78.09801504481584,4913.80078125,,,,,
1522,1,1522.0,0.0,32.0,32.0,0.2019691169261932,81.57866401597857,5097.54638671875,,,,,
1523,1,1523.0,0.0,32.0,32.0,0.2936484813690185,72.28839001618326,4644.845703125,,,,,
1524,1,1524.0,0.0,32.0,32.0,0.1312898099422454,69.17101796716452,4768.525390625,,,,,
1525,1,1525.0,0.0,32.0,32.0,0.2901089787483215,68.93822504207492,4507.0009765625,,,,,
1526,1,1526.0,0.0,32.0,32.0,0.2770468890666961,68.18119599483907,4433.673828125,,,,,
1527,1,1527.0,0.0,32.0,32.0,0.2390688955783844,73.39076302014291,4768.525390625,,,,,
1528,1,1528.0,0.0,32.0,32.0,0.2324760109186172,69.84520505648106,4580.70947265625,,,,,
1529,1,1529.0,0.0,32.0,32.0,0.2395638227462768,69.25083207897842,4507.0009765625,,,,,
1530,1,1530.0,0.0,32.0,32.0,0.285908579826355,66.66708691045642,4266.18798828125,,,,,
1531,1,1531.0,0.0,32.0,32.0,0.176710158586502,77.04235706478357,4986.9404296875,,,,,
1532,1,1532.0,0.0,32.0,32.0,0.1584033221006393,72.84236594568938,4790.67919921875,,,,,
1533,1,1533.0,0.0,32.0,32.0,0.1000966578722,68.58010694850236,4410.1875,,,,,
1534,1,1534.0,0.0,32.0,32.0,0.250422865152359,66.26544496975839,4373.68212890625,,,,,
1535,1,1535.0,0.0,32.0,32.0,0.0897490009665489,64.12966398056597,4296.8486328125,,,,,
1536,1,1536.0,0.0,32.0,32.0,0.1800480037927627,63.85512999258936,4204.07421875,,,,,
1537,1,1537.0,0.0,32.0,32.0,0.0553964748978614,76.7123440746218,4858.0166015625,,,,,
1538,1,1538.0,0.0,32.0,32.0,0.3051941096782684,68.37567989714444,4410.1875,,,,,
1539,1,1539.0,0.0,32.0,32.0,0.0201697461307048,64.44687698967755,4233.71875,,,,,
1540,1,1540.0,0.0,32.0,32.0,0.2541086673736572,74.01870598550886,4882.7529296875,,,,,
1541,1,1541.0,0.0,32.0,32.0,0.2901549041271209,73.89679399784654,4742.36328125,,,,,
1542,1,1542.0,0.0,32.0,32.0,0.3729592263698578,67.0944059966132,4321.28564453125,,,,,
1543,1,1543.0,0.0,32.0,32.0,0.4817487299442291,65.05312502849847,4233.71875,,,,,
1544,1,1544.0,0.0,32.0,32.0,0.1158210188150405,66.40417000744492,4373.68212890625,,,,,
1545,1,1545.0,0.0,32.0,32.0,0.3530558943748474,68.80271504633129,4507.0009765625,,,,,
1546,1,1546.0,0.0,32.0,32.0,0.1775290220975875,72.40938802715391,4644.845703125,,,,,
1547,1,1547.0,0.0,32.0,32.0,0.0937974825501442,69.31816902942955,4547.10205078125,,,,,
1548,1,1548.0,0.0,32.0,32.0,0.3408665657043457,77.96643499750644,5097.54638671875,,,,,
1549,1,1549.0,0.0,32.0,32.0,0.3165012896060943,68.5252690454945,4478.59765625,,,,,
1550,1,1550.0,0.0,32.0,32.0,0.4646657705307007,63.22709692176432,4296.8486328125,,,,,
1551,1,1551.0,0.0,32.0,32.0,0.2697126567363739,71.16327004041523,4620.6474609375,,,,,
1552,1,1552.0,0.0,32.0,32.0,0.0901197642087936,72.5065500009805,4742.36328125,,,,,
1553,1,1553.0,0.0,32.0,32.0,0.2403469383716583,74.41895396914333,4768.525390625,,,,,
1554,1,1554.0,0.0,32.0,32.0,0.1545089036226272,77.38315698225051,4858.0166015625,,,,,
1555,1,1555.0,0.0,32.0,32.0,0.1651755720376968,73.33649497013539,4823.25,,,,,
1556,1,1556.0,0.0,32.0,32.0,0.0469756722450256,70.13928797096014,4547.10205078125,,,,,
1557,1,1557.0,0.0,32.0,32.0,0.1856291592121124,64.07517101615667,4204.07421875,,,,,
1558,1,1558.0,0.0,32.0,32.0,0.2749315798282623,67.0406180433929,4410.1875,,,,,
1559,1,1559.0,0.0,32.0,32.0,0.1468652635812759,63.784318044781685,4296.8486328125,,,,,
1560,1,1560.0,0.0,32.0,32.0,0.1378550678491592,66.38162501621991,4266.18798828125,,,,,
1561,1,1561.0,0.0,32.0,32.0,0.1234497055411338,69.43765992764384,4547.10205078125,,,,,
1562,1,1562.0,0.0,32.0,32.0,0.1226173192262649,70.2660329407081,4478.59765625,,,,,
1563,1,1563.0,0.0,32.0,32.0,0.0391375832259655,71.9789300346747,4882.7529296875,,,,,
1564,1,1564.0,0.0,32.0,32.0,0.169921725988388,66.72264193184674,4266.18798828125,,,,,
1565,1,1565.0,0.0,32.0,32.0,0.1147369444370269,66.61109498236328,4373.68212890625,,,,,
1566,1,1566.0,0.0,32.0,32.0,0.2643423974514007,70.1438799733296,4580.70947265625,,,,,
1567,1,1567.0,0.0,32.0,32.0,0.0979257225990295,81.33210800588131,5097.54638671875,,,,,
1568,1,1568.0,0.0,32.0,32.0,0.0202609077095985,72.74164294358343,4644.845703125,,,,,
1569,1,1569.0,0.0,32.0,32.0,0.2351677566766739,78.42024497222155,4882.7529296875,,,,,
1570,1,1570.0,0.0,32.0,32.0,0.1706444025039672,61.797196976840496,4266.18798828125,,,,,
1571,1,1571.0,0.0,32.0,32.0,0.2745989859104156,67.66794202849269,4478.59765625,,,,,
1572,1,1572.0,0.0,32.0,32.0,0.1672768592834472,67.72155500948429,4433.673828125,,,,,
1573,1,1573.0,0.0,32.0,32.0,0.1894980370998382,76.84564706869423,4957.591796875,,,,,
1574,1,1574.0,0.0,32.0,32.0,0.2397903352975845,70.35007304511964,4580.70947265625,,,,,
1575,1,1575.0,0.0,32.0,32.0,0.1653542965650558,65.1492930483073,4233.71875,,,,,
1576,1,1576.0,0.0,32.0,32.0,0.1841490566730499,77.3132829926908,4790.67919921875,,,,,
1577,1,1577.0,0.0,32.0,32.0,0.0307585261762142,70.29103999957442,4580.70947265625,,,,,
1578,1,1578.0,0.0,32.0,32.0,0.2993206083774566,64.48517495300621,4507.0009765625,,,,,
1579,1,1579.0,0.0,32.0,32.0,0.0212325081229209,69.07175795640796,4580.70947265625,,,,,
1580,1,1580.0,0.0,32.0,32.0,0.1203891038894653,68.88422998599708,4478.59765625,,,,,
1581,1,1581.0,0.0,32.0,32.0,0.0130689814686775,68.73894797172397,4478.59765625,,,,,
1582,1,1582.0,0.0,32.0,32.0,0.3391566872596741,68.23012803215533,4433.673828125,,,,,
1583,1,1583.0,0.0,32.0,32.0,0.1580716073513031,71.21624401770532,4620.6474609375,,,,,
1584,1,1584.0,0.0,32.0,32.0,0.3534733057022095,67.85876699723303,4433.673828125,,,,,
1585,1,1585.0,0.0,32.0,32.0,0.0668173506855964,67.86292302422225,4433.673828125,,,,,
1586,1,1586.0,0.0,32.0,32.0,0.1126122176647186,71.50028797332197,4823.25,,,,,
1587,1,1587.0,0.0,32.0,32.0,0.2121570855379104,65.600625006482,4204.07421875,,,,,
1588,1,1588.0,0.0,32.0,32.0,0.5888116359710693,76.05473708827049,4790.67919921875,,,,,
1589,1,1589.0,0.0,32.0,32.0,0.406920313835144,78.51017697248608,4823.25,,,,,
1590,1,1590.0,0.0,32.0,32.0,0.1768166571855545,80.3079690085724,4913.80078125,,,,,
1591,1,1591.0,0.0,32.0,32.0,0.125453233718872,73.32695997320116,4707.24365234375,,,,,
1592,1,1592.0,0.0,32.0,32.0,0.0354249663650989,67.935814964585,4478.59765625,,,,,
1593,1,1593.0,0.0,32.0,32.0,0.3131622076034546,67.93124508112669,4742.36328125,,,,,
1594,1,1594.0,0.0,32.0,32.0,0.2196488231420517,66.23832508921623,4266.18798828125,,,,,
1595,1,1595.0,0.0,32.0,32.0,0.0848685353994369,71.59135804977268,4644.845703125,,,,,
1596,1,1596.0,0.0,32.0,32.0,0.1462621688842773,67.42125493474305,4410.1875,,,,,
1597,1,1597.0,0.0,32.0,32.0,0.327108770608902,69.43497096654028,4507.0009765625,,,,,
1598,1,1598.0,0.0,32.0,32.0,0.1401014924049377,78.7384279537946,5121.52001953125,,,,,
1599,1,1599.0,0.0,32.0,32.0,0.2029165923595428,61.61540001630783,4109.82958984375,,,,,
1600,1,1600.0,0.0,32.0,32.0,0.5529928207397461,72.16839492321014,4742.36328125,,,,,
1601,1,1601.0,0.0,32.0,32.0,0.0309865474700927,60.05923496559262,4296.8486328125,,,,,
1602,1,1602.0,0.0,32.0,32.0,0.1588479727506637,68.04048700723797,4478.59765625,,,,,
1603,1,1603.0,0.0,32.0,32.0,0.3312350213527679,68.34824103862047,4433.673828125,,,,,
1604,1,1604.0,0.0,32.0,32.0,0.4531349539756775,77.74766196962446,4823.25,,,,,
1605,1,1605.0,0.0,32.0,32.0,0.1141470670700073,71.01434702053666,4580.70947265625,,,,,
1606,1,1606.0,0.0,32.0,32.0,0.0535869635641574,68.88311204966158,4478.59765625,,,,,
1607,1,1607.0,0.0,32.0,32.0,0.2091069370508194,73.25585093349218,4707.24365234375,,,,,
1608,1,1608.0,0.0,32.0,32.0,0.0349917113780975,79.23151308204979,4913.80078125,,,,,
1609,1,1609.0,0.0,32.0,32.0,0.2438205480575561,63.33279202226549,4433.673828125,,,,,
1610,1,1610.0,0.0,32.0,32.0,0.2920959591865539,69.3027819506824,4580.70947265625,,,,,
1611,1,1611.0,0.0,32.0,32.0,0.0985353589057922,58.206450077705085,4050.37158203125,,,,,
1612,1,1612.0,0.0,32.0,32.0,0.048365268856287,66.33880501613021,4410.1875,,,,,
1613,1,1613.0,0.0,32.0,32.0,0.037207718938589,82.82800891902298,5150.5615234375,,,,,
1614,1,1614.0,0.0,32.0,32.0,0.1322771906852722,68.61749792005867,4410.1875,,,,,
1615,1,1615.0,0.0,32.0,32.0,0.1258305758237838,67.07405997440219,4433.673828125,,,,,
1616,1,1616.0,0.0,32.0,32.0,0.2936663031578064,69.73437906708568,4507.0009765625,,,,,
1617,1,1617.0,0.0,32.0,32.0,0.2728408277034759,75.1556899631396,5046.08544921875,,,,,
1618,1,1618.0,0.0,32.0,32.0,0.0703656747937202,64.60984400473535,4141.5458984375,,,,,
1619,1,1619.0,0.0,32.0,32.0,0.198007196187973,76.1815570294857,4858.0166015625,,,,,
1620,1,1620.0,0.0,32.0,32.0,0.1116136312484741,67.41854001302272,4266.18798828125,,,,,
1621,1,1621.0,0.0,32.0,32.0,0.3434821367263794,67.95990897808224,4373.68212890625,,,,,
1622,1,1622.0,0.0,32.0,32.0,0.0568835958838462,63.849922036752105,4296.8486328125,,,,,
1623,1,1623.0,0.0,32.0,32.0,0.0513863041996955,76.04120392352343,4957.591796875,,,,,
1624,1,1624.0,0.0,32.0,32.0,0.3186655640602112,77.8065100312233,4858.0166015625,,,,,
1625,1,1625.0,0.0,32.0,32.0,0.2540728151798248,58.854470029473305,4141.5458984375,,,,,
1626,1,1626.0,0.0,32.0,32.0,0.3427957594394684,73.28948401845992,4768.525390625,,,,,
1627,1,1627.0,0.0,32.0,32.0,0.2384254187345504,81.3050129218027,5097.54638671875,,,,,
1628,1,1628.0,0.0,32.0,32.0,0.1844298243522644,71.8114459887147,4644.845703125,,,,,
1629,1,1629.0,0.0,32.0,32.0,0.1639616340398788,66.1994160618633,4410.1875,,,,,
1630,1,1630.0,0.0,32.0,32.0,0.2080843448638916,69.56932495813817,4507.0009765625,,,,,
1631,1,1631.0,0.0,32.0,32.0,0.157567098736763,73.32289800979197,4707.24365234375,,,,,
1632,1,1632.0,0.0,32.0,32.0,0.0944307595491409,66.84643100015819,4321.28564453125,,,,,
1633,1,1633.0,0.0,32.0,32.0,0.1130017042160034,64.48984204325825,4507.0009765625,,,,,
1634,1,1634.0,0.0,32.0,32.0,0.1253026127815246,69.77390800602734,4507.0009765625,,,,,
1635,1,1635.0,0.0,32.0,32.0,0.2062846720218658,71.06383191421628,4620.6474609375,,,,,
1636,1,1636.0,0.0,32.0,32.0,0.0612126886844635,65.2283129747957,4233.71875,,,,,
1637,1,1637.0,0.0,32.0,32.0,0.0919788554310798,58.60151490196586,4050.37158203125,,,,,
1638,1,1638.0,0.0,32.0,32.0,0.1135840266942977,56.40018300618976,3910.7353515625,,,,,
1639,1,1639.0,0.0,32.0,32.0,0.1460272818803787,65.87829592172056,4410.1875,,,,,
1640,1,1640.0,0.0,32.0,32.0,0.1072027161717414,68.51131899747998,4507.0009765625,,,,,
1641,1,1641.0,0.0,32.0,32.0,0.0748034864664077,59.35475195292384,4296.8486328125,,,,,
1642,1,1642.0,0.0,32.0,32.0,0.0992376282811164,64.20923001132905,4233.71875,,,,,
1643,1,1643.0,0.0,32.0,32.0,0.0669430792331695,68.43155599199235,4478.59765625,,,,,
1644,1,1644.0,0.0,32.0,32.0,0.21851547062397,64.78882406372577,4233.71875,,,,,
1645,1,1645.0,0.0,32.0,32.0,0.2410013079643249,69.35159501153976,4507.0009765625,,,,,
1646,1,1646.0,0.0,32.0,32.0,0.0975676551461219,64.06571995466948,4296.8486328125,,,,,
1647,1,1647.0,0.0,32.0,32.0,0.4220713376998901,72.56124308332801,4707.24365234375,,,,,
1648,1,1648.0,0.0,32.0,32.0,0.4509472250938415,69.24212502781302,4433.673828125,,,,,
1649,1,1649.0,0.0,32.0,32.0,0.1795518845319748,77.1748999832198,5121.52001953125,,,,,
1650,1,1650.0,0.0,32.0,32.0,0.265725314617157,69.0165429841727,4373.68212890625,,,,,
1651,1,1651.0,0.0,32.0,32.0,0.4173829555511474,65.64235698897392,4266.18798828125,,,,,
1652,1,1652.0,0.0,32.0,32.0,0.0910528004169464,74.31779499165714,4742.36328125,,,,,
1653,1,1653.0,0.0,32.0,32.0,0.2159900367259979,61.86612392775714,4167.0595703125,,,,,
1654,1,1654.0,0.0,32.0,32.0,0.3071311712265014,79.18587105814368,5019.46142578125,,,,,
1655,1,1655.0,0.0,32.0,32.0,0.2952606678009033,68.13616503495723,4410.1875,,,,,
1656,1,1656.0,0.0,32.0,32.0,0.1821313649415969,68.544568028301,4478.59765625,,,,,
1657,1,1657.0,0.0,32.0,32.0,0.2235551178455352,67.0339270727709,4707.24365234375,,,,,
1658,1,1658.0,0.0,32.0,32.0,0.1092243045568466,68.25218198355287,4410.1875,,,,,
1659,1,1659.0,0.0,32.0,32.0,0.1239364221692085,59.06192096881568,4050.37158203125,,,,,
1660,1,1660.0,0.0,32.0,32.0,0.2017351239919662,67.71049101371318,4580.70947265625,,,,,
1661,1,1661.0,0.0,32.0,32.0,0.1566534340381622,69.48695902246982,4410.1875,,,,,
1662,1,1662.0,0.0,32.0,32.0,0.175756961107254,69.36074991244823,4580.70947265625,,,,,
1663,1,1663.0,0.0,32.0,32.0,0.1107375398278236,68.57551797293127,4373.68212890625,,,,,
1664,1,1664.0,0.0,32.0,32.0,0.093462198972702,68.91579600051045,4547.10205078125,,,,,
1665,1,1665.0,0.0,32.0,32.0,0.1559201776981353,61.471646069549024,4507.0009765625,,,,,
1666,1,1666.0,0.0,32.0,32.0,0.2602852582931518,67.75985402055085,4410.1875,,,,,
1667,1,1667.0,0.0,32.0,32.0,0.1423826366662979,67.51397100742906,4410.1875,,,,,
1668,1,1668.0,0.0,32.0,32.0,0.2844870686531067,67.87329993676394,4410.1875,,,,,
1669,1,1669.0,0.0,32.0,32.0,0.3013686537742615,73.55561503209174,4768.525390625,,,,,
1670,1,1670.0,0.0,32.0,32.0,0.156304121017456,66.98245601728559,4373.68212890625,,,,,
1671,1,1671.0,0.0,32.0,32.0,0.1439915001392364,75.51588292699307,4790.67919921875,,,,,
1672,1,1672.0,0.0,32.0,32.0,0.0827948227524757,67.39831995218992,4266.18798828125,,,,,
1673,1,1673.0,0.0,32.0,32.0,0.1678746789693832,61.804210068658,4373.68212890625,,,,,
1674,1,1674.0,0.0,32.0,32.0,0.1163252666592598,67.5310930237174,4373.68212890625,,,,,
1675,1,1675.0,0.0,32.0,32.0,0.144205242395401,77.8285349952057,4957.591796875,,,,,
1676,1,1676.0,0.0,32.0,32.0,0.0541063025593757,74.4384890422225,4644.845703125,,,,,
1677,1,1677.0,0.0,32.0,32.0,0.3103914856910705,67.41869694087654,4410.1875,,,,,
1678,1,1678.0,0.0,32.0,32.0,0.2324592322111129,67.16991495341063,4433.673828125,,,,,
1679,1,1679.0,0.0,32.0,32.0,0.4967401623725891,64.07283304724842,4296.8486328125,,,,,
1680,1,1680.0,0.0,32.0,32.0,0.3879507184028625,75.38849406410009,4790.67919921875,,,,,
1681,1,1681.0,0.0,32.0,32.0,0.1367900371551513,53.96239401306957,3988.67919921875,,,,,
1682,1,1682.0,0.0,32.0,32.0,0.1561697423458099,65.87732397019863,4373.68212890625,,,,,
1683,1,1683.0,0.0,32.0,32.0,0.2869174778461456,67.8848089883104,4410.1875,,,,,
1684,1,1684.0,0.0,32.0,32.0,0.0480922311544418,67.09707202389836,4433.673828125,,,,,
1685,1,1685.0,0.0,32.0,32.0,0.0481692478060722,71.32642401847988,4620.6474609375,,,,,
1686,1,1686.0,0.0,32.0,32.0,0.061061106622219,67.6200829911977,4433.673828125,,,,,
1687,1,1687.0,0.0,32.0,32.0,0.1762108206748962,58.82746796123684,4050.37158203125,,,,,
1688,1,1688.0,0.0,32.0,32.0,0.14201121032238,66.8726289877668,4410.1875,,,,,
1689,1,1689.0,0.0,32.0,32.0,0.1840855330228805,59.9951510084793,4204.07421875,,,,,
1690,1,1690.0,0.0,32.0,32.0,0.225273460149765,67.76852405164391,4433.673828125,,,,,
1691,1,1691.0,0.0,32.0,32.0,0.1922685354948043,60.835076961666346,4070.55908203125,,,,,
1692,1,1692.0,0.0,32.0,32.0,0.1682442128658294,62.22634599544108,4141.5458984375,,,,,
1693,1,1693.0,0.0,32.0,32.0,0.2744075357913971,70.33410097938031,4547.10205078125,,,,,
1694,1,1694.0,0.0,32.0,32.0,0.0715582221746444,67.95389100443572,4433.673828125,,,,,
1695,1,1695.0,0.0,32.0,32.0,0.1055139452219009,71.5988710289821,4620.6474609375,,,,,
1696,1,1696.0,0.0,32.0,32.0,0.033324796706438,70.52472303621471,4620.6474609375,,,,,
1697,1,1697.0,0.0,32.0,32.0,0.1118770018219947,60.30729203484952,4233.71875,,,,,
1698,1,1698.0,0.0,32.0,32.0,0.0584605708718299,76.96870993822813,4986.9404296875,,,,,
1699,1,1699.0,0.0,32.0,32.0,0.0238616652786731,68.54052795097232,4410.1875,,,,,
1700,1,1700.0,0.0,32.0,32.0,0.0741634964942932,69.0216850489378,4507.0009765625,,,,,
1701,1,1701.0,0.0,32.0,32.0,0.0956933051347732,68.46543599385768,4478.59765625,,,,,
1702,1,1702.0,0.0,32.0,32.0,0.0403285473585128,66.68144196737558,4373.68212890625,,,,,
1703,1,1703.0,0.0,32.0,32.0,0.0524163991212844,65.23493805434555,4233.71875,,,,,
1704,1,1704.0,0.0,32.0,32.0,0.1665483266115188,71.93963800091296,4644.845703125,,,,,
1705,1,1705.0,0.0,32.0,32.0,0.2115587294101715,70.53074997384101,4823.25,,,,,
1706,1,1706.0,0.0,32.0,32.0,0.5515077710151672,65.30213390942663,4167.0595703125,,,,,
1707,1,1707.0,0.0,32.0,32.0,0.1847785264253616,71.42648694571108,4620.6474609375,,,,,
1708,1,1708.0,0.0,32.0,32.0,0.268302708864212,67.26993306074291,4233.71875,,,,,
1709,1,1709.0,0.0,32.0,32.0,0.297910988330841,82.22457999363542,5121.52001953125,,,,,
1710,1,1710.0,0.0,32.0,32.0,0.2832449674606323,69.384346017614,4507.0009765625,,,,,
1711,1,1711.0,0.0,32.0,32.0,0.209778219461441,79.23876901622862,5046.08544921875,,,,,
1712,1,1712.0,0.0,32.0,32.0,0.0181425884366035,77.32429797761142,5097.54638671875,,,,,
1713,1,1713.0,0.0,32.0,32.0,0.2416669279336929,68.71391204185784,4478.59765625,,,,,
1714,1,1714.0,0.0,32.0,32.0,0.0435941219329834,63.87168099172413,4296.8486328125,,,,,
1715,1,1715.0,0.0,32.0,32.0,0.0987431034445762,64.04142791870981,4233.71875,,,,,
1716,1,1716.0,0.0,32.0,32.0,0.0918808430433273,77.67683593556285,4882.7529296875,,,,,
1717,1,1717.0,0.0,32.0,32.0,0.495666354894638,67.27526907343417,4321.28564453125,,,,,
1718,1,1718.0,0.0,32.0,32.0,0.1316017061471939,67.71371304057539,4410.1875,,,,,
1719,1,1719.0,0.0,32.0,32.0,0.1162410527467727,72.48397707007825,4707.24365234375,,,,,
1720,1,1720.0,0.0,32.0,32.0,0.1409674137830734,74.53208300285041,4882.7529296875,,,,,
1721,1,1721.0,0.0,32.0,32.0,0.2193885147571563,78.41154595371336,4823.25,,,,,
1722,1,1722.0,0.0,32.0,32.0,0.1008949875831604,72.02473701909184,4507.0009765625,,,,,
1723,1,1723.0,0.0,32.0,32.0,0.0724692866206169,70.74999902397394,4707.24365234375,,,,,
1724,1,1724.0,0.0,32.0,32.0,0.0702395290136337,64.90686594042927,4233.71875,,,,,
1725,1,1725.0,0.0,32.0,32.0,0.0652613341808319,66.94013602100313,4266.18798828125,,,,,
1726,1,1726.0,0.0,32.0,32.0,0.2856218218803406,70.37669303826988,4620.6474609375,,,,,
1727,1,1727.0,0.0,32.0,32.0,0.2241646945476532,64.98602393548936,4547.10205078125,,,,,
1728,1,1728.0,0.0,32.0,32.0,0.0436139851808548,72.25878909230232,4707.24365234375,,,,,
1729,1,1729.0,0.0,32.0,32.0,0.0989668369293212,66.76685798447579,4373.68212890625,,,,,
1730,1,1730.0,0.0,32.0,32.0,0.1806576251983642,68.70659603737295,4507.0009765625,,,,,
1731,1,1731.0,0.0,32.0,32.0,0.2383716106414795,76.24746102374047,4790.67919921875,,,,,
1732,1,1732.0,0.0,32.0,32.0,0.0857203677296638,69.25392406992614,4433.673828125,,,,,
1733,1,1733.0,0.0,32.0,32.0,0.2703392505645752,75.91931999195367,4913.80078125,,,,,
1734,1,1734.0,0.0,32.0,32.0,0.1610277593135833,75.51285799127072,4768.525390625,,,,,
1735,1,1735.0,0.0,32.0,32.0,0.3121724426746368,60.31814101152122,4296.8486328125,,,,,
1736,1,1736.0,0.0,32.0,32.0,0.3272291719913482,68.7367080245167,4507.0009765625,,,,,
1737,1,1737.0,0.0,32.0,32.0,0.2247739732265472,75.9234509896487,4790.67919921875,,,,,
1738,1,1738.0,0.0,32.0,32.0,0.1911552548408508,73.5030040377751,4707.24365234375,,,,,
1739,1,1739.0,0.0,32.0,32.0,0.1616248786449432,79.04522004537284,5046.08544921875,,,,,
1740,1,1740.0,0.0,32.0,32.0,0.1689582169055938,65.6859379960224,4204.07421875,,,,,
1741,1,1741.0,0.0,32.0,32.0,0.022287230938673,59.604468988254666,4050.37158203125,,,,,
1742,1,1742.0,0.0,32.0,32.0,0.1784403026103973,65.15880604274571,4373.68212890625,,,,,
1743,1,1743.0,0.0,32.0,32.0,0.1301421076059341,60.14119402971119,4433.673828125,,,,,
1744,1,1744.0,0.0,32.0,32.0,0.3134124875068664,65.50758902449161,4233.71875,,,,,
1745,1,1745.0,0.0,32.0,32.0,0.0644170641899108,67.71202606614679,4433.673828125,,,,,
1746,1,1746.0,0.0,32.0,32.0,0.1900959461927414,66.50939502287656,4373.68212890625,,,,,
1747,1,1747.0,0.0,32.0,32.0,0.2859240472316742,73.37101793382317,4742.36328125,,,,,
1748,1,1748.0,0.0,32.0,32.0,0.0317074283957481,65.34531805664301,4204.07421875,,,,,
1749,1,1749.0,0.0,32.0,32.0,0.0776550769805908,77.6927110273391,4858.0166015625,,,,,
1750,1,1750.0,0.0,32.0,32.0,0.2798305749893188,69.84805397223681,4547.10205078125,,,,,
1751,1,1751.0,0.0,32.0,32.0,0.0628599300980568,62.887507025152445,4410.1875,,,,,
1752,1,1752.0,0.0,32.0,32.0,0.1372516751289367,64.37358597759157,4204.07421875,,,,,
1753,1,1753.0,0.0,32.0,32.0,0.1768300235271453,69.2832909990102,4580.70947265625,,,,,
1754,1,1754.0,0.0,32.0,32.0,0.1167237684130668,69.25122707616538,4507.0009765625,,,,,
1755,1,1755.0,0.0,32.0,32.0,0.0536900758743286,66.88738893717527,4321.28564453125,,,,,
1756,1,1756.0,0.0,32.0,32.0,0.0928046405315399,70.53728599566966,4620.6474609375,,,,,
1757,1,1757.0,0.0,32.0,32.0,0.131044864654541,60.53440901450813,4109.82958984375,,,,,
1758,1,1758.0,0.0,32.0,32.0,0.0658925622701644,72.38486991263926,4707.24365234375,,,,,
1759,1,1759.0,0.0,32.0,32.0,0.0949623212218284,63.8940529897809,4547.10205078125,,,,,
1760,1,1760.0,0.0,32.0,32.0,0.1017761379480362,63.7786400038749,4167.0595703125,,,,,
1761,1,1761.0,0.0,32.0,32.0,0.1787968575954437,76.5633819391951,4858.0166015625,,,,,
1762,1,1762.0,0.0,32.0,32.0,0.3164351880550384,61.75070395693183,4050.37158203125,,,,,
1763,1,1763.0,0.0,32.0,32.0,0.2598571181297302,61.726561980322,4141.5458984375,,,,,
1764,1,1764.0,0.0,32.0,32.0,0.0356143414974212,72.05399603117257,4707.24365234375,,,,,
1765,1,1765.0,0.0,32.0,32.0,0.1733501255512237,70.20912203006446,4478.59765625,,,,,
1766,1,1766.0,0.0,32.0,32.0,0.2209107428789138,67.29097897186875,4433.673828125,,,,,
1767,1,1767.0,0.0,32.0,32.0,0.1525712609291076,66.29722099751234,4620.6474609375,,,,,
1768,1,1768.0,0.0,32.0,32.0,0.2092544287443161,68.58103000558913,4507.0009765625,,,,,
1769,1,1769.0,0.0,32.0,32.0,0.3179457187652588,68.88262508437037,4433.673828125,,,,,
1770,1,1770.0,0.0,32.0,32.0,0.1570307463407516,77.01244507916272,4986.9404296875,,,,,
1771,1,1771.0,0.0,32.0,32.0,0.1103319600224495,69.73190000280738,4507.0009765625,,,,,
1772,1,1772.0,0.0,32.0,32.0,0.3099634051322937,73.76017805654556,4768.525390625,,,,,
1773,1,1773.0,0.0,32.0,32.0,0.1690635681152343,68.67943599354476,4507.0009765625,,,,,
1774,1,1774.0,0.0,32.0,32.0,0.262992799282074,79.08544701058418,4913.80078125,,,,,
1775,1,1775.0,0.0,32.0,32.0,0.2406761646270752,69.14472789503634,4707.24365234375,,,,,
1776,1,1776.0,0.0,32.0,32.0,0.0499699339270591,63.1505970377475,4141.5458984375,,,,,
1777,1,1777.0,0.0,32.0,32.0,0.0988539308309555,68.83858295623213,4547.10205078125,,,,,
1778,1,1778.0,0.0,32.0,32.0,0.0335230007767677,69.42622899077833,4580.70947265625,,,,,
1779,1,1779.0,0.0,32.0,32.0,0.1948429495096206,67.89135804865509,4433.673828125,,,,,
1780,1,1780.0,0.0,32.0,32.0,0.0524677336215972,67.73957598488778,4410.1875,,,,,
1781,1,1781.0,0.0,32.0,32.0,0.2141541838645935,66.98338291607797,4373.68212890625,,,,,
1782,1,1782.0,0.0,32.0,32.0,0.0514624081552028,65.08936802856624,4296.8486328125,,,,,
1783,1,1783.0,0.0,32.0,32.0,0.257183313369751,59.53720805700869,4321.28564453125,,,,,
1784,1,1784.0,0.0,32.0,32.0,0.2453815639019012,63.30864189658314,4296.8486328125,,,,,
1785,1,1785.0,0.0,32.0,32.0,0.1672471463680267,62.43540102150291,4296.8486328125,,,,,
1786,1,1786.0,0.0,32.0,32.0,0.2374996691942215,65.66837395075709,4266.18798828125,,,,,
1787,1,1787.0,0.0,32.0,32.0,0.2281052321195602,67.13846500497311,4321.28564453125,,,,,
1788,1,1788.0,0.0,32.0,32.0,0.2382353693246841,76.61017496138811,4858.0166015625,,,,,
1789,1,1789.0,0.0,32.0,32.0,0.2701600790023803,70.41664398275316,4478.59765625,,,,,
1790,1,1790.0,0.0,32.0,32.0,0.4374528527259826,79.26410401705652,4986.9404296875,,,,,
1791,1,1791.0,0.0,32.0,32.0,0.2556265592575073,58.847453095950186,4296.8486328125,,,,,
1792,1,1792.0,0.0,32.0,32.0,0.2064610421657562,65.73454104363918,4266.18798828125,,,,,
1793,1,1793.0,0.0,32.0,32.0,0.225060224533081,69.14771301671863,4547.10205078125,,,,,
1794,1,1794.0,0.0,32.0,32.0,0.1176430583000183,72.6466920459643,4644.845703125,,,,,
1795,1,1795.0,0.0,32.0,32.0,0.1996063739061355,68.55033594183624,4478.59765625,,,,,
1796,1,1796.0,0.0,32.0,32.0,0.2557827830314636,60.109218931756914,4109.82958984375,,,,,
1797,1,1797.0,0.0,32.0,32.0,0.1335479170083999,67.59966304525733,4410.1875,,,,,
1798,1,1798.0,0.0,32.0,32.0,0.1879476010799408,68.90992599073797,4580.70947265625,,,,,
1799,1,1799.0,0.0,32.0,32.0,0.2176371216773986,65.55293395649642,4644.845703125,,,,,
1800,1,1800.0,0.0,32.0,32.0,0.1739734709262848,69.08024102449417,4547.10205078125,,,,,
1801,1,1801.0,0.0,32.0,32.0,0.1061301603913307,76.6679790103808,4790.67919921875,,,,,
1802,1,1802.0,0.0,32.0,32.0,0.2264871001243591,76.21532992925495,4790.67919921875,,,,,
1803,1,1803.0,0.0,32.0,32.0,0.1940408051013946,66.04001205414534,4233.71875,,,,,
1804,1,1804.0,0.0,32.0,32.0,0.0830617100000381,73.70410696603358,4707.24365234375,,,,,
1805,1,1805.0,0.0,32.0,32.0,0.2040334492921829,67.48575193341821,4373.68212890625,,,,,
1806,1,1806.0,0.0,32.0,32.0,0.2549973726272583,76.62504503969103,4790.67919921875,,,,,
1807,1,1807.0,0.0,32.0,32.0,0.1681632101535797,59.24555996898562,4296.8486328125,,,,,
1808,1,1808.0,0.0,32.0,32.0,0.2366743385791778,69.29976202081889,4547.10205078125,,,,,
1809,1,1809.0,0.0,32.0,32.0,0.0814396440982818,66.43983803223819,4321.28564453125,,,,,
1810,1,1810.0,0.0,32.0,32.0,0.1135313212871551,66.62155000958592,4373.68212890625,,,,,
1811,1,1811.0,0.0,32.0,32.0,0.2422049343585968,69.27818700205535,4580.70947265625,,,,,
1812,1,1812.0,0.0,32.0,32.0,0.0901708453893661,63.27725003939122,4296.8486328125,,,,,
1813,1,1813.0,0.0,32.0,32.0,0.2876796722412109,68.34592204540968,4580.70947265625,,,,,
1814,1,1814.0,0.0,32.0,32.0,0.3357162773609161,71.47726893890649,4644.845703125,,,,,
1815,1,1815.0,0.0,32.0,32.0,0.1104042083024978,64.50906000100076,4547.10205078125,,,,,
1816,1,1816.0,0.0,32.0,32.0,0.2861984074115753,76.29670901224017,4790.67919921875,,,,,
1817,1,1817.0,0.0,32.0,32.0,0.0890034586191177,79.02152196038514,4882.7529296875,,,,,
1818,1,1818.0,0.0,32.0,32.0,0.0561416447162628,69.62998793460429,4478.59765625,,,,,
1819,1,1819.0,0.0,32.0,32.0,0.4171122312545776,75.03718102816492,4957.591796875,,,,,
1820,1,1820.0,0.0,32.0,32.0,0.0806358456611633,66.61800295114517,4167.0595703125,,,,,
1821,1,1821.0,0.0,32.0,32.0,0.2184448093175888,69.36704402323812,4580.70947265625,,,,,
1822,1,1822.0,0.0,32.0,32.0,0.161336287856102,65.04191108979285,4547.10205078125,,,,,
1823,1,1823.0,0.0,32.0,32.0,0.0433904714882373,70.16893301624805,4547.10205078125,,,,,
1824,1,1824.0,0.0,32.0,32.0,0.0726483166217804,63.662244006991386,4296.8486328125,,,,,
1825,1,1825.0,0.0,32.0,32.0,0.2447233647108078,78.06649198755622,5019.46142578125,,,,,
1826,1,1826.0,0.0,32.0,32.0,0.1099517121911048,76.29651599563658,4790.67919921875,,,,,
1827,1,1827.0,0.0,32.0,32.0,0.2638417780399322,73.18214001134038,4742.36328125,,,,,
1828,1,1828.0,0.0,32.0,32.0,0.0277134887874126,59.94077306240797,4070.55908203125,,,,,
1829,1,1829.0,0.0,32.0,32.0,0.0174449868500232,68.38649709243327,4478.59765625,,,,,
1830,1,1830.0,0.0,32.0,32.0,0.2123017013072967,65.87532302364707,4644.845703125,,,,,
1831,1,1831.0,0.0,32.0,32.0,0.1358575820922851,67.66461697407067,4266.18798828125,,,,,
1832,1,1832.0,0.0,32.0,32.0,0.1441788077354431,63.31796396989375,4167.0595703125,,,,,
1833,1,1833.0,0.0,32.0,32.0,0.0848445519804954,65.60061790514737,4266.18798828125,,,,,
1834,1,1834.0,0.0,32.0,32.0,0.0681620687246322,65.34398510120809,4233.71875,,,,,
1835,1,1835.0,0.0,32.0,32.0,0.0439858585596084,69.91378997918218,4507.0009765625,,,,,
1836,1,1836.0,0.0,32.0,32.0,0.1887936145067215,69.70817502588034,4580.70947265625,,,,,
1837,1,1837.0,0.0,32.0,32.0,0.2482394278049469,78.17571598570794,4858.0166015625,,,,,
1838,1,1838.0,0.0,32.0,32.0,0.082523189485073,68.31124902237207,4742.36328125,,,,,
1839,1,1839.0,0.0,32.0,32.0,0.2220948338508606,63.65127791650593,4167.0595703125,,,,,
1840,1,1840.0,0.0,32.0,32.0,0.4070970416069031,62.72470497060567,4141.5458984375,,,,,
1841,1,1841.0,0.0,32.0,32.0,0.1402343064546585,75.76031505595893,4620.6474609375,,,,,
1842,1,1842.0,0.0,32.0,32.0,0.1120962053537368,63.111835974268615,4266.18798828125,,,,,
1843,1,1843.0,0.0,32.0,32.0,0.0829917937517166,68.88005405198783,4478.59765625,,,,,
1844,1,1844.0,0.0,32.0,32.0,0.0283567272126674,66.12800795119256,4266.18798828125,,,,,
1845,1,1845.0,0.0,32.0,32.0,0.2140383720397949,65.78072707634419,4373.68212890625,,,,,
1846,1,1846.0,0.0,32.0,32.0,0.0187168344855308,61.73943297471851,4321.28564453125,,,,,
1847,1,1847.0,0.0,32.0,32.0,0.2352283298969268,66.1585929337889,4266.18798828125,,,,,
1848,1,1848.0,0.0,32.0,32.0,0.4519316852092743,66.80470600258559,4321.28564453125,,,,,
1849,1,1849.0,0.0,32.0,32.0,0.1980424225330352,69.47358907200396,4507.0009765625,,,,,
1850,1,1850.0,0.0,32.0,32.0,0.3413097858428955,63.384925946593285,4141.5458984375,,,,,
1851,1,1851.0,0.0,32.0,32.0,0.1572747081518173,69.44862089585513,4580.70947265625,,,,,
1852,1,1852.0,0.0,32.0,32.0,0.3171193599700928,68.75478895381093,4410.1875,,,,,
1853,1,1853.0,0.0,32.0,32.0,0.140034332871437,66.2711150944233,4266.18798828125,,,,,
1854,1,1854.0,0.0,32.0,32.0,0.2213822603225708,63.660973100923,4547.10205078125,,,,,
1855,1,1855.0,0.0,32.0,32.0,0.270446240901947,69.09445207566023,4478.59765625,,,,,
1856,1,1856.0,0.0,32.0,32.0,0.1686968952417373,59.18525997549296,4050.37158203125,,,,,
1857,1,1857.0,0.0,32.0,32.0,0.1182309240102768,67.34760198742151,4433.673828125,,,,,
1858,1,1858.0,0.0,32.0,32.0,0.1857963055372238,68.48269503097981,4580.70947265625,,,,,
1859,1,1859.0,0.0,32.0,32.0,0.1854566484689712,78.78132408950478,4913.80078125,,,,,
1860,1,1860.0,0.0,32.0,32.0,0.2931486070156097,75.15289599541575,4768.525390625,,,,,
1861,1,1861.0,0.0,32.0,32.0,0.1980582326650619,63.25601495336741,4296.8486328125,,,,,
1862,1,1862.0,0.0,32.0,32.0,0.1345697045326233,57.85903998184949,4233.71875,,,,,
1863,1,1863.0,0.0,32.0,32.0,0.2811423242092132,63.51023295428604,4141.5458984375,,,,,
1864,1,1864.0,0.0,32.0,32.0,0.1123852506279945,64.08206594642252,4296.8486328125,,,,,
1865,1,1865.0,0.0,32.0,32.0,0.2471077293157577,71.16518507245928,4644.845703125,,,,,
1866,1,1866.0,0.0,32.0,32.0,0.3610273599624634,72.46930699329823,4644.845703125,,,,,
1867,1,1867.0,0.0,32.0,32.0,0.0927085280418396,68.40919598471373,4478.59765625,,,,,
1868,1,1868.0,0.0,32.0,32.0,0.2064487636089325,64.17903793044388,4296.8486328125,,,,,
1869,1,1869.0,0.0,32.0,32.0,0.0917622596025466,81.96147298440337,5203.0224609375,,,,,
1870,1,1870.0,0.0,32.0,32.0,0.2138152420520782,67.80857406556606,4742.36328125,,,,,
1871,1,1871.0,0.0,32.0,32.0,0.3064043521881103,68.86236707214266,4433.673828125,,,,,
1872,1,1872.0,0.0,32.0,32.0,0.0471677221357822,66.61576998885721,4373.68212890625,,,,,
1873,1,1873.0,0.0,32.0,32.0,0.1903213858604431,69.09471203107387,4478.59765625,,,,,
1874,1,1874.0,0.0,32.0,32.0,0.0227724164724349,60.16899296082556,4109.82958984375,,,,,
1875,1,1875.0,0.0,32.0,32.0,0.3556165397167206,75.67562500480562,4823.25,,,,,
1876,1,1876.0,0.0,32.0,32.0,0.0494713857769966,68.19386000279337,4373.68212890625,,,,,
1877,1,1877.0,0.0,32.0,32.0,0.3767004013061523,66.3459530333057,4321.28564453125,,,,,
1878,1,1878.0,0.0,32.0,32.0,0.0468863286077976,60.94529805704951,4321.28564453125,,,,,
1879,1,1879.0,0.0,32.0,32.0,0.2355310618877411,69.22310497611761,4580.70947265625,,,,,
1880,1,1880.0,0.0,32.0,32.0,0.2138402760028839,68.622812977992,4507.0009765625,,,,,
1881,1,1881.0,0.0,32.0,32.0,0.1359058916568756,68.48772894591093,4373.68212890625,,,,,
1882,1,1882.0,0.0,32.0,32.0,0.0385741330683231,68.31157300621271,4507.0009765625,,,,,
1883,1,1883.0,0.0,32.0,32.0,0.4431009888648987,59.00271807331592,4005.6650390625,,,,,
1884,1,1884.0,0.0,32.0,32.0,0.1404040157794952,68.33515001926571,4478.59765625,,,,,
1885,1,1885.0,0.0,32.0,32.0,0.2773293256759643,67.33884301502258,4433.673828125,,,,,
1886,1,1886.0,0.0,32.0,32.0,0.129148319363594,71.98750006500632,4882.7529296875,,,,,
1887,1,1887.0,0.0,32.0,32.0,0.159877598285675,72.2146729240194,4620.6474609375,,,,,
1888,1,1888.0,0.0,32.0,32.0,0.1507953703403473,77.43402093183249,4882.7529296875,,,,,
1889,1,1889.0,0.0,32.0,32.0,0.2373035103082656,66.17604801431298,4233.71875,,,,,
1890,1,1890.0,0.0,32.0,32.0,0.157576709985733,67.51411105506122,4410.1875,,,,,
1891,1,1891.0,0.0,32.0,32.0,0.1898827105760574,66.80265895556659,4321.28564453125,,,,,
1892,1,1892.0,0.0,32.0,32.0,0.1593789607286453,66.30259205121547,4233.71875,,,,,
1893,1,1893.0,0.0,32.0,32.0,0.1248845607042312,67.47038499452174,4507.0009765625,,,,,
1894,1,1894.0,0.0,32.0,32.0,0.0348020121455192,68.62973503302783,4742.36328125,,,,,
1895,1,1895.0,0.0,32.0,32.0,0.2155061960220337,77.84024509601295,4790.67919921875,,,,,
1896,1,1896.0,0.0,32.0,32.0,0.3847911357879638,64.58995398133993,4167.0595703125,,,,,
1897,1,1897.0,0.0,32.0,32.0,0.2278403639793396,68.67648602928966,4478.59765625,,,,,
1898,1,1898.0,0.0,32.0,32.0,0.289556473493576,70.5836140550673,4620.6474609375,,,,,
1899,1,1899.0,0.0,32.0,32.0,0.1266123205423355,68.91720904968679,4580.70947265625,,,,,
1900,1,1900.0,0.0,32.0,32.0,0.0748040229082107,60.45321596320719,4070.55908203125,,,,,
1901,1,1901.0,0.0,32.0,32.0,0.216572880744934,63.35236190352589,4296.8486328125,,,,,
1902,1,1902.0,0.0,32.0,32.0,0.0869046151638031,61.5902179852128,4478.59765625,,,,,
1903,1,1903.0,0.0,32.0,32.0,0.137367695569992,79.99635906890035,4823.25,,,,,
1904,1,1904.0,0.0,32.0,32.0,0.1380026042461395,70.28123992495239,4580.70947265625,,,,,
1905,1,1905.0,0.0,32.0,32.0,0.175051212310791,72.78858497738838,4707.24365234375,,,,,
1906,1,1906.0,0.0,32.0,32.0,0.2596226334571838,59.20913896989077,4050.37158203125,,,,,
1907,1,1907.0,0.0,32.0,32.0,0.1796444058418274,66.0872959997505,4321.28564453125,,,,,
1908,1,1908.0,0.0,32.0,32.0,0.1040516346693039,69.07500699162483,4547.10205078125,,,,,
1909,1,1909.0,0.0,32.0,32.0,0.1286991089582443,68.97882290650159,4547.10205078125,,,,,
1910,1,1910.0,0.0,32.0,32.0,0.1216071993112564,58.070693048648536,4141.5458984375,,,,,
1911,1,1911.0,0.0,32.0,32.0,0.2361636161804199,68.81456996779889,4547.10205078125,,,,,
1912,1,1912.0,0.0,32.0,32.0,0.4070780873298645,64.56075294408947,4204.07421875,,,,,
1913,1,1913.0,0.0,32.0,32.0,0.2285855710506439,69.31227003224194,4507.0009765625,,,,,
1914,1,1914.0,0.0,32.0,32.0,0.3972083628177643,72.39238906186074,4644.845703125,,,,,
1915,1,1915.0,0.0,32.0,32.0,0.1666547656059265,66.3000550121069,4373.68212890625,,,,,
1916,1,1916.0,0.0,32.0,32.0,0.3364576697349548,64.41286101471633,4233.71875,,,,,
1917,1,1917.0,0.0,32.0,32.0,0.099914975464344,68.54360504075885,4433.673828125,,,,,
1918,1,1918.0,0.0,32.0,32.0,0.2199638485908508,58.957152999937534,4167.0595703125,,,,,
1919,1,1919.0,0.0,32.0,32.0,0.2726553976535797,76.65170996915549,4858.0166015625,,,,,
1920,1,1920.0,0.0,32.0,32.0,0.2045858651399612,66.37301191221923,4233.71875,,,,,
1921,1,1921.0,0.0,32.0,32.0,0.0594765283167362,81.53954602312297,5121.52001953125,,,,,
1922,1,1922.0,0.0,32.0,32.0,0.0973551124334335,72.94979400467128,4644.845703125,,,,,
1923,1,1923.0,0.0,32.0,32.0,0.4123921692371368,67.11176596581936,4373.68212890625,,,,,
1924,1,1924.0,0.0,32.0,32.0,0.2053225934505462,68.75955604482442,4507.0009765625,,,,,
1925,1,1925.0,0.0,32.0,32.0,0.1916271746158599,64.96244901791215,4233.71875,,,,,
1926,1,1926.0,0.0,32.0,32.0,0.0785559266805648,57.913241907954216,4204.07421875,,,,,
1927,1,1927.0,0.0,32.0,32.0,0.3427853286266327,67.9344900418073,4433.673828125,,,,,
1928,1,1928.0,0.0,32.0,32.0,0.2498318403959274,67.41052400320768,4321.28564453125,,,,,
1929,1,1929.0,0.0,32.0,32.0,0.1640627831220626,76.06190303340554,4790.67919921875,,,,,
1930,1,1930.0,0.0,32.0,32.0,0.0823037475347518,68.82953108288348,4433.673828125,,,,,
1931,1,1931.0,0.0,32.0,32.0,0.1296850442886352,76.58269605599344,4790.67919921875,,,,,
1932,1,1932.0,0.0,32.0,32.0,0.2103484869003296,65.00589603092521,4233.71875,,,,,
1933,1,1933.0,0.0,32.0,32.0,0.1882722079753875,68.68627096991986,4433.673828125,,,,,
1934,1,1934.0,0.0,32.0,32.0,0.1199704781174659,61.62334501277656,4410.1875,,,,,
1935,1,1935.0,0.0,32.0,32.0,0.1886704862117767,69.66439390089363,4620.6474609375,,,,,
1936,1,1936.0,0.0,32.0,32.0,0.2647258043289184,67.5470040878281,4373.68212890625,,,,,
1937,1,1937.0,0.0,32.0,32.0,0.0504560433328151,73.9420629106462,4768.525390625,,,,,
1938,1,1938.0,0.0,32.0,32.0,0.1050176993012428,65.60244597494602,4233.71875,,,,,
1939,1,1939.0,0.0,32.0,32.0,0.1963268220424652,67.48245994094759,4410.1875,,,,,
1940,1,1940.0,0.0,32.0,32.0,0.1479049772024154,69.44744603242725,4580.70947265625,,,,,
1941,1,1941.0,0.0,32.0,32.0,0.0663473904132843,72.74268695618957,4742.36328125,,,,,
1942,1,1942.0,0.0,32.0,32.0,0.0791397243738174,62.4286059755832,4478.59765625,,,,,
1943,1,1943.0,0.0,32.0,32.0,0.2811979353427887,79.63624899275601,5019.46142578125,,,,,
1944,1,1944.0,0.0,32.0,32.0,0.2495482265949249,68.81680700462312,4410.1875,,,,,
1945,1,1945.0,0.0,32.0,32.0,0.0400163382291793,69.07141103874892,4507.0009765625,,,,,
1946,1,1946.0,0.0,32.0,32.0,0.2429698407649994,67.33180594164878,4433.673828125,,,,,
1947,1,1947.0,0.0,32.0,32.0,0.1718927323818206,64.61771007161587,4296.8486328125,,,,,
1948,1,1948.0,0.0,32.0,32.0,0.0696154907345771,69.15095809381455,4547.10205078125,,,,,
1949,1,1949.0,0.0,32.0,32.0,0.0620518922805786,81.36875205673277,5121.52001953125,,,,,
1950,1,1950.0,0.0,32.0,32.0,0.2316423654556274,59.66738401912153,4204.07421875,,,,,
1951,1,1951.0,0.0,32.0,32.0,0.2079787403345108,71.15386193618178,4620.6474609375,,,,,
1952,1,1952.0,0.0,32.0,32.0,0.3729870617389679,68.37549898773432,4580.70947265625,,,,,
1953,1,1953.0,0.0,32.0,32.0,0.0713260620832443,63.90693795401603,4167.0595703125,,,,,
1954,1,1954.0,0.0,32.0,32.0,0.0465039052069187,76.7636849777773,4957.591796875,,,,,
1955,1,1955.0,0.0,32.0,32.0,0.3508121371269226,68.56073590461165,4373.68212890625,,,,,
1956,1,1956.0,0.0,32.0,32.0,0.2553935050964355,67.15151004027575,4410.1875,,,,,
1957,1,1957.0,0.0,32.0,32.0,0.0595503225922584,70.26267494075,4410.1875,,,,,
1958,1,1958.0,0.0,32.0,32.0,0.0084784887731075,58.36199701298028,4233.71875,,,,,
1959,1,1959.0,0.0,32.0,32.0,0.1504620760679245,69.54698904883116,4547.10205078125,,,,,
1960,1,1960.0,0.0,32.0,32.0,0.3652371764183044,69.41689492668957,4478.59765625,,,,,
1961,1,1961.0,0.0,32.0,32.0,0.1925541907548904,69.51484701130539,4547.10205078125,,,,,
1962,1,1962.0,0.0,32.0,32.0,0.2758558094501495,65.36296207923442,4233.71875,,,,,
1963,1,1963.0,0.0,32.0,32.0,0.2959522604942322,67.3115320969373,4321.28564453125,,,,,
1964,1,1964.0,0.0,32.0,32.0,0.0687148571014404,67.48502899426967,4410.1875,,,,,
1965,1,1965.0,0.0,32.0,32.0,0.220623642206192,76.37482194695622,4790.67919921875,,,,,
1966,1,1966.0,0.0,32.0,32.0,0.2341781258583068,57.84480797592551,4141.5458984375,,,,,
1967,1,1967.0,0.0,32.0,32.0,0.0785094499588012,63.96800198126584,4204.07421875,,,,,
1968,1,1968.0,0.0,32.0,32.0,0.2051437795162201,67.04342400189489,4433.673828125,,,,,
1969,1,1969.0,0.0,32.0,32.0,0.3609351217746734,70.98849699832499,4620.6474609375,,,,,
1970,1,1970.0,0.0,32.0,32.0,0.3176779747009277,69.13102604448795,4433.673828125,,,,,
1971,1,1971.0,0.0,32.0,32.0,0.2194411754608154,69.11786901764572,4507.0009765625,,,,,
1972,1,1972.0,0.0,32.0,32.0,0.1184092313051223,63.50051693152636,4141.5458984375,,,,,
1973,1,1973.0,0.0,32.0,32.0,0.3818081617355346,67.00036698020995,4433.673828125,,,,,
1974,1,1974.0,0.0,32.0,32.0,0.1085293442010879,65.17848593648523,4620.6474609375,,,,,
1975,1,1975.0,0.0,32.0,32.0,0.0719577148556709,78.44814902637154,4882.7529296875,,,,,
1976,1,1976.0,0.0,32.0,32.0,0.2885188162326813,70.49855403602123,4547.10205078125,,,,,
1977,1,1977.0,0.0,32.0,32.0,0.2560386657714844,73.18016292992979,4707.24365234375,,,,,
1978,1,1978.0,0.0,32.0,32.0,0.1096308529376983,64.91195096168667,4266.18798828125,,,,,
1979,1,1979.0,0.0,32.0,32.0,0.2115938365459442,69.43831802345812,4507.0009765625,,,,,
1980,1,1980.0,0.0,32.0,32.0,0.1337696313858032,77.92426191736013,4957.591796875,,,,,
1981,1,1981.0,0.0,32.0,32.0,0.0582618936896324,67.0131309889257,4707.24365234375,,,,,
1982,1,1982.0,0.0,32.0,32.0,0.3816814422607422,69.3385440390557,4580.70947265625,,,,,
1983,1,1983.0,0.0,32.0,32.0,0.1975826770067215,68.75590002164245,4507.0009765625,,,,,
1984,1,1984.0,0.0,32.0,32.0,0.0171027667820453,72.93718296568841,4742.36328125,,,,,
1985,1,1985.0,0.0,32.0,32.0,0.0920475721359252,58.59504593536258,3988.67919921875,,,,,
1986,1,1986.0,0.0,32.0,32.0,0.0275961719453334,67.54806695971638,4580.70947265625,,,,,
1987,1,1987.0,0.0,32.0,32.0,0.1287654638290405,64.07058495096862,4167.0595703125,,,,,
1988,1,1988.0,0.0,32.0,32.0,0.2580335736274719,69.85987396910787,4580.70947265625,,,,,
1989,1,1989.0,0.0,32.0,32.0,0.0905920714139938,65.36322401370853,4620.6474609375,,,,,
1990,1,1990.0,0.0,32.0,32.0,0.3401458263397217,71.52894895989448,4620.6474609375,,,,,
1991,1,1991.0,0.0,32.0,32.0,0.0115448059514164,76.55977900139987,4858.0166015625,,,,,
1992,1,1992.0,0.0,32.0,32.0,0.3453350663185119,67.18550098594278,4266.18798828125,,,,,
1993,1,1993.0,0.0,32.0,32.0,0.087609514594078,74.12540097720921,4768.525390625,,,,,
1994,1,1994.0,0.0,32.0,32.0,0.0634969994425773,64.9143309565261,4204.07421875,,,,,
1995,1,1995.0,0.0,32.0,32.0,0.291194349527359,78.9441589731723,4913.80078125,,,,,
1996,1,1996.0,0.0,32.0,32.0,0.2096461057662964,60.05426601041109,4204.07421875,,,,,
1997,1,1997.0,0.0,32.0,32.0,0.4798551499843597,72.20688299275935,4742.36328125,,,,,
1998,1,1998.0,0.0,32.0,32.0,0.4707111716270447,80.03085700329393,5046.08544921875,,,,,
1999,1,1999.0,0.0,32.0,32.0,0.2157799005508422,68.94564791582525,4433.673828125,,,,,
2000,1,2000.0,0.0,32.0,32.0,0.1150191873311996,63.318189000710845,4167.0595703125,,,,,
2001,1,2001.0,0.0,32.0,32.0,0.1045456007122993,70.70253905840218,4644.845703125,,,,,
2002,1,2002.0,0.0,32.0,32.0,0.412986159324646,68.80894105415791,4410.1875,,,,,
2003,1,2003.0,0.0,32.0,32.0,0.1467428058385849,67.52306001726538,4433.673828125,,,,,
2004,1,2004.0,0.0,32.0,32.0,0.1622110158205032,58.3223570138216,4204.07421875,,,,,
2005,1,2005.0,0.0,32.0,32.0,0.1947945058345794,77.1723979851231,4790.67919921875,,,,,
2006,1,2006.0,0.0,32.0,32.0,0.1358297169208526,79.66773305088282,4882.7529296875,,,,,
2007,1,2007.0,0.0,32.0,32.0,0.1056076809763908,71.86924701090902,4620.6474609375,,,,,
2008,1,2008.0,0.0,32.0,32.0,0.2229398190975189,72.28074909653515,4707.24365234375,,,,,
2009,1,2009.0,0.0,32.0,32.0,0.1585713028907776,69.52028092928231,4580.70947265625,,,,,
2010,1,2010.0,0.0,32.0,32.0,0.1397690922021865,68.67630197666585,4580.70947265625,,,,,
2011,1,2011.0,0.0,32.0,32.0,0.0879245400428772,60.49744598567486,4109.82958984375,,,,,
2012,1,2012.0,0.0,32.0,32.0,0.1360999643802642,52.67742299474776,4050.37158203125,,,,,
2013,1,2013.0,0.0,32.0,32.0,0.07275902479887,66.45004404708743,4373.68212890625,,,,,
2014,1,2014.0,0.0,32.0,32.0,0.1745843440294265,75.42385999113321,4790.67919921875,,,,,
2015,1,2015.0,0.0,32.0,32.0,0.0437351614236831,78.5845419159159,4882.7529296875,,,,,
2016,1,2016.0,0.0,32.0,32.0,0.2714356780052185,64.50330500956625,4296.8486328125,,,,,
2017,1,2017.0,0.0,32.0,32.0,0.3714955151081085,67.57854798343033,4478.59765625,,,,,
2018,1,2018.0,0.0,32.0,32.0,0.3854773640632629,67.74626602418721,4478.59765625,,,,,
2019,1,2019.0,0.0,32.0,32.0,0.1542456150054931,63.560020993463695,4141.5458984375,,,,,
2020,1,2020.0,0.0,32.0,32.0,0.1168619021773338,54.38437801785767,4109.82958984375,,,,,
2021,1,2021.0,0.0,32.0,32.0,0.0655205696821212,75.62394998967648,4790.67919921875,,,,,
2022,1,2022.0,0.0,32.0,32.0,0.0850314646959304,65.84828195627779,4204.07421875,,,,,
2023,1,2023.0,0.0,32.0,32.0,0.1346649825572967,68.27092298772186,4507.0009765625,,,,,
2024,1,2024.0,0.0,32.0,32.0,0.0793795883655548,67.03756505157799,4373.68212890625,,,,,
2025,1,2025.0,0.0,32.0,32.0,0.4270082116127014,69.66921593993902,4580.70947265625,,,,,
2026,1,2026.0,0.0,32.0,32.0,0.4382520020008087,68.28878493979573,4433.673828125,,,,,
2027,1,2027.0,0.0,32.0,32.0,0.3947553038597107,69.37465001828969,4547.10205078125,,,,,
2028,1,2028.0,0.0,32.0,32.0,0.2682589590549469,60.50109898205847,4433.673828125,,,,,
2029,1,2029.0,0.0,32.0,32.0,0.3086835443973541,69.81512601487339,4478.59765625,,,,,
2030,1,2030.0,0.0,32.0,32.0,0.2366913557052612,63.309994991868734,4296.8486328125,,,,,
2031,1,2031.0,0.0,32.0,32.0,0.0922484993934631,62.9200009861961,4296.8486328125,,,,,
2032,1,2032.0,0.0,32.0,32.0,0.1182333081960678,69.56278905272484,4547.10205078125,,,,,
2033,1,2033.0,0.0,32.0,32.0,0.1287119686603546,76.01522107142955,4790.67919921875,,,,,
2034,1,2034.0,0.0,32.0,32.0,0.0640022158622741,65.67728403024375,4233.71875,,,,,
2035,1,2035.0,0.0,32.0,32.0,0.1388828754425048,68.07520892471075,4478.59765625,,,,,
2036,1,2036.0,0.0,32.0,32.0,0.08307496458292,58.76361997798085,4204.07421875,,,,,
2037,1,2037.0,0.0,32.0,32.0,0.1407862305641174,72.42462306749076,4742.36328125,,,,,
2038,1,2038.0,0.0,32.0,32.0,0.0186497159302234,68.59019806142896,4410.1875,,,,,
2039,1,2039.0,0.0,32.0,32.0,0.5040243268013,73.0011350242421,4707.24365234375,,,,,
2040,1,2040.0,0.0,32.0,32.0,0.2472327947616577,64.37512999400496,4296.8486328125,,,,,
2041,1,2041.0,0.0,32.0,32.0,0.2093444615602493,68.090740009211,4507.0009765625,,,,,
2042,1,2042.0,0.0,32.0,32.0,0.2596492767333984,68.51604301482439,4507.0009765625,,,,,
2043,1,2043.0,0.0,32.0,32.0,0.1659232378005981,70.17974997870624,4547.10205078125,,,,,
2044,1,2044.0,0.0,32.0,32.0,0.1533269584178924,70.88557106908411,4858.0166015625,,,,,
2045,1,2045.0,0.0,32.0,32.0,0.0840659141540527,66.27818301785737,4233.71875,,,,,
2046,1,2046.0,0.0,32.0,32.0,0.1940049827098846,63.833183026872575,4204.07421875,,,,,
2047,1,2047.0,0.0,32.0,32.0,0.2043576687574386,68.17823997698724,4410.1875,,,,,
2048,1,2048.0,0.0,32.0,32.0,0.1706014275550842,72.41875305771828,4742.36328125,,,,,
2049,1,2049.0,0.0,32.0,32.0,0.0781683251261711,80.07437305059284,5019.46142578125,,,,,
2050,1,2050.0,0.0,32.0,32.0,0.0538734123110771,79.9589459784329,5046.08544921875,,,,,
2051,1,2051.0,0.0,32.0,32.0,0.26182422041893,62.35898600425571,4433.673828125,,,,,
2052,1,2052.0,0.0,32.0,32.0,0.1377368569374084,79.33041593059897,5019.46142578125,,,,,
2053,1,2053.0,0.0,32.0,32.0,0.2195661813020706,68.67879000492394,4321.28564453125,,,,,
2054,1,2054.0,0.0,32.0,32.0,0.4684029221534729,67.37364002037793,4373.68212890625,,,,,
2055,1,2055.0,0.0,32.0,32.0,0.1133681014180183,71.75373006612062,4742.36328125,,,,,
2056,1,2056.0,0.0,32.0,32.0,0.0553541928529739,64.6342319669202,4204.07421875,,,,,
2057,1,2057.0,0.0,32.0,32.0,0.0256247967481613,73.00961297005415,4742.36328125,,,,,
2058,1,2058.0,0.0,32.0,32.0,0.2238776981830597,67.23408005200326,4373.68212890625,,,,,
2059,1,2059.0,0.0,32.0,32.0,0.089494988322258,62.32123693916947,4580.70947265625,,,,,
2060,1,2060.0,0.0,32.0,32.0,0.1817947626113891,68.60825698822737,4507.0009765625,,,,,
2061,1,2061.0,0.0,32.0,32.0,0.0236087907105684,70.07281994447112,4547.10205078125,,,,,
2062,1,2062.0,0.0,32.0,32.0,0.1494676172733307,68.81143501959741,4478.59765625,,,,,
2063,1,2063.0,0.0,32.0,32.0,0.051046147942543,69.82823309954256,4547.10205078125,,,,,
2064,1,2064.0,0.0,32.0,32.0,0.0639717802405357,63.51445196196437,4296.8486328125,,,,,
2065,1,2065.0,0.0,32.0,32.0,0.082403190433979,68.96495795808733,4547.10205078125,,,,,
2066,1,2066.0,0.0,32.0,32.0,0.1504078954458236,67.87194299977273,4373.68212890625,,,,,
2067,1,2067.0,0.0,32.0,32.0,0.0432609841227531,57.03208199702203,4141.5458984375,,,,,
2068,1,2068.0,0.0,32.0,32.0,0.138289988040924,77.11603306233883,4823.25,,,,,
2069,1,2069.0,0.0,32.0,32.0,0.3860661387443542,78.96039891056716,4957.591796875,,,,,
2070,1,2070.0,0.0,32.0,32.0,0.0165364947170019,80.11819596868008,4986.9404296875,,,,,
2071,1,2071.0,0.0,32.0,32.0,0.3011553883552551,66.343042999506,4266.18798828125,,,,,
2072,1,2072.0,0.0,32.0,32.0,0.097531571984291,68.84673004969954,4507.0009765625,,,,,
2073,1,2073.0,0.0,32.0,32.0,0.045081440359354,71.51681103277951,4707.24365234375,,,,,
2074,1,2074.0,0.0,32.0,32.0,0.1142446920275688,71.8430409906432,4986.9404296875,,,,,
2075,1,2075.0,0.0,32.0,32.0,0.1562303155660629,68.95528302993625,4433.673828125,,,,,
2076,1,2076.0,0.0,32.0,32.0,0.0811983346939086,76.3910299865529,4823.25,,,,,
2077,1,2077.0,0.0,32.0,32.0,0.1539006382226944,73.26764508616179,4742.36328125,,,,,
2078,1,2078.0,0.0,32.0,32.0,0.1668894737958908,67.73345498368144,4478.59765625,,,,,
2079,1,2079.0,0.0,32.0,32.0,0.1323132216930389,63.07429389562458,4141.5458984375,,,,,
2080,1,2080.0,0.0,32.0,32.0,0.0493293851613998,70.48100198153406,4620.6474609375,,,,,
2081,1,2081.0,0.0,32.0,32.0,0.1046819388866424,68.33874201402068,4433.673828125,,,,,
2082,1,2082.0,0.0,32.0,32.0,0.3055854439735412,62.562397914007306,4507.0009765625,,,,,
2083,1,2083.0,0.0,32.0,32.0,0.1760839521884918,70.99809101782739,4580.70947265625,,,,,
2084,1,2084.0,0.0,32.0,32.0,0.3986520767211914,75.03584295045584,4768.525390625,,,,,
2085,1,2085.0,0.0,32.0,32.0,0.288538783788681,67.40550405811518,4373.68212890625,,,,,
2086,1,2086.0,0.0,32.0,32.0,0.1481914222240448,68.33449797704816,4580.70947265625,,,,,
2087,1,2087.0,0.0,32.0,32.0,0.2923810482025146,64.55756595823914,4167.0595703125,,,,,
2088,1,2088.0,0.0,32.0,32.0,0.1328170448541641,68.52630502544343,4478.59765625,,,,,
2089,1,2089.0,0.0,32.0,32.0,0.1054545566439628,68.52505204733461,4507.0009765625,,,,,
2090,1,2090.0,0.0,32.0,32.0,0.2901330888271332,65.5843080021441,4644.845703125,,,,,
2091,1,2091.0,0.0,32.0,32.0,0.2331518083810806,63.20248194970191,4296.8486328125,,,,,
2092,1,2092.0,0.0,32.0,32.0,0.1800484955310821,78.33439495880157,4913.80078125,,,,,
2093,1,2093.0,0.0,32.0,32.0,0.0596601217985153,68.85865598451346,4373.68212890625,,,,,
2094,1,2094.0,0.0,32.0,32.0,0.188455045223236,68.15119192469865,4478.59765625,,,,,
2095,1,2095.0,0.0,32.0,32.0,0.1802620887756347,79.64162493590266,5046.08544921875,,,,,
2096,1,2096.0,0.0,32.0,32.0,0.176736980676651,70.57195995002985,4507.0009765625,,,,,
2097,1,2097.0,0.0,32.0,32.0,0.1631609052419662,72.05323094967753,4858.0166015625,,,,,
2098,1,2098.0,0.0,32.0,32.0,0.2837057113647461,67.33321899082512,4742.36328125,,,,,
2099,1,2099.0,0.0,32.0,32.0,0.1165805011987686,77.89239101111889,4882.7529296875,,,,,
2100,1,2100.0,0.0,32.0,32.0,0.2228236198425293,77.34588498715311,4858.0166015625,,,,,
2101,1,2101.0,0.0,32.0,32.0,0.2477390468120575,80.67454397678375,5019.46142578125,,,,,
2102,1,2102.0,0.0,32.0,32.0,0.1436568200588226,78.4254320897162,4957.591796875,,,,,
2103,1,2103.0,0.0,32.0,32.0,0.1813762336969375,68.3085119817406,4410.1875,,,,,
2104,1,2104.0,0.0,32.0,32.0,0.3207184672355652,76.84550096746534,4823.25,,,,,
2105,1,2105.0,0.0,21.0,21.0,0.1776850670576095,52.74589906912297,3824.1669921875,,,,,
2105,1,,1.0,32.0,32.0,,52.74589906912297,3824.1669921875,0.9357798165137616,0.1705950212531856,0.9607566556296308,0.1150118639475871,0.0249768391158692
