step,epoch,step_in_epoch,probe/is_eval,sys/effective_batch_size,sys/device_batch_size,train/loss,sys/time_per_step_ms,sys/peak_memory_mb,val/acc,val/loss,train/acc,train/loss_eval,gap/train_minus_val
1,1,1.0,0.0,32.0,32.0,0.687744140625,339.6761509939097,2292.42724609375,,,,,
2,1,2.0,0.0,32.0,32.0,0.6845703125,42.91430104058236,2733.1826171875,,,,,
3,1,3.0,0.0,32.0,32.0,0.6851806640625,45.307890977710485,2906.24462890625,,,,,
4,1,4.0,0.0,32.0,32.0,0.69189453125,49.62973797228187,2907.79931640625,,,,,
5,1,5.0,0.0,32.0,32.0,0.694580078125,40.29068595264107,2694.33349609375,,,,,
6,1,6.0,0.0,32.0,32.0,0.6885986328125,48.419400001876056,2970.58984375,,,,,
7,1,7.0,0.0,32.0,32.0,0.7061767578125,45.35103496164084,2907.79931640625,,,,,
8,1,8.0,0.0,32.0,32.0,0.698486328125,39.437977015040815,2694.33349609375,,,,,
9,1,9.0,0.0,32.0,32.0,0.6959228515625,46.61653900984675,3050.8896484375,,,,,
10,1,10.0,0.0,32.0,32.0,0.69287109375,40.6930290046148,2727.7080078125,,,,,
11,1,11.0,0.0,32.0,32.0,0.6923828125,46.33000900503248,2970.58984375,,,,,
12,1,12.0,0.0,32.0,32.0,0.692138671875,39.01907696854323,2513.87451171875,,,,,
13,1,13.0,0.0,32.0,32.0,0.67987060546875,36.7698980262503,2619.28369140625,,,,,
14,1,14.0,0.0,32.0,32.0,0.703857421875,38.82566397078335,2694.33349609375,,,,,
15,1,15.0,0.0,32.0,32.0,0.6954345703125,48.855229979380965,3087.69775390625,,,,,
16,1,16.0,0.0,32.0,32.0,0.689208984375,39.31878198636696,2683.17138671875,,,,,
17,1,17.0,0.0,32.0,32.0,0.6849365234375,38.48519700113684,2491.71826171875,,,,,
18,1,18.0,0.0,32.0,32.0,0.68701171875,47.400388051755726,2694.33349609375,,,,,
19,1,19.0,0.0,32.0,32.0,0.6859130859375,53.011130017694086,2778.75830078125,,,,,
20,1,20.0,0.0,32.0,32.0,0.7001953125,53.23071498423815,2778.75830078125,,,,,
21,1,21.0,0.0,32.0,32.0,0.680908203125,51.11919797491282,2557.56201171875,,,,,
22,1,22.0,0.0,32.0,32.0,0.6876220703125,61.07586796861142,2951.76416015625,,,,,
23,1,23.0,0.0,32.0,32.0,0.684326171875,47.071061038877815,2625.908203125,,,,,
24,1,24.0,0.0,32.0,32.0,0.697998046875,45.19162198994309,2727.7080078125,,,,,
25,1,25.0,0.0,32.0,32.0,0.697998046875,48.19926398340613,3009.92138671875,,,,,
26,1,26.0,0.0,32.0,32.0,0.7105712890625,42.246812023222446,2727.7080078125,,,,,
27,1,27.0,0.0,32.0,32.0,0.6839599609375,48.23976196348667,2963.337890625,,,,,
28,1,28.0,0.0,32.0,32.0,0.6876220703125,47.09507001098245,2904.6611328125,,,,,
29,1,29.0,0.0,32.0,32.0,0.7022705078125,41.00062599172816,2727.7080078125,,,,,
30,1,30.0,0.0,32.0,32.0,0.7042236328125,39.83159898780286,2588.3369140625,,,,,
31,1,31.0,0.0,32.0,32.0,0.6944580078125,39.32140197139233,2694.33349609375,,,,,
32,1,32.0,0.0,32.0,32.0,0.6993408203125,45.76060100225732,2907.79931640625,,,,,
33,1,33.0,0.0,32.0,32.0,0.697265625,51.355688017793,3087.69775390625,,,,,
34,1,34.0,0.0,32.0,32.0,0.6981201171875,39.23178999684751,2694.33349609375,,,,,
35,1,35.0,0.0,32.0,32.0,0.68896484375,42.39065997535363,2867.99169921875,,,,,
36,1,36.0,0.0,32.0,32.0,0.695556640625,53.28485299833119,3272.55712890625,,,,,
37,1,37.0,0.0,32.0,32.0,0.7052001953125,42.71095700096339,2588.3369140625,,,,,
38,1,38.0,0.0,32.0,32.0,0.6978759765625,42.51425800612196,2683.17138671875,,,,,
39,1,39.0,0.0,32.0,32.0,0.701904296875,45.53001798922196,2733.4013671875,,,,,
40,1,40.0,0.0,32.0,32.0,0.6697998046875,56.78484903182834,3025.73583984375,,,,,
41,1,41.0,0.0,32.0,32.0,0.6934814453125,52.03923495719209,2801.326171875,,,,,
42,1,42.0,0.0,32.0,32.0,0.6973876953125,48.3541110297665,2727.7080078125,,,,,
43,1,43.0,0.0,32.0,32.0,0.68701171875,52.59906401624903,2875.06591796875,,,,,
44,1,44.0,0.0,32.0,32.0,0.679443359375,44.650110008660704,2513.87451171875,,,,,
45,1,45.0,0.0,32.0,32.0,0.701171875,43.397556990385056,2655.9453125,,,,,
46,1,46.0,0.0,32.0,32.0,0.696533203125,42.732970032375306,2683.17138671875,,,,,
47,1,47.0,0.0,32.0,32.0,0.69580078125,42.715235031209886,2727.7080078125,,,,,
48,1,48.0,0.0,32.0,32.0,0.6890869140625,41.568817978259176,2727.7080078125,,,,,
49,1,49.0,0.0,32.0,32.0,0.6920166015625,41.57493001548573,2733.4013671875,,,,,
50,1,50.0,0.0,32.0,32.0,0.6954345703125,41.03574901819229,2733.4013671875,,,,,
51,1,51.0,0.0,32.0,32.0,0.6932373046875,43.2649269932881,2867.99169921875,,,,,
52,1,52.0,0.0,32.0,32.0,0.68658447265625,40.47892399830744,2694.33349609375,,,,,
53,1,53.0,0.0,32.0,32.0,0.6953125,46.587081043981016,3025.73583984375,,,,,
54,1,54.0,0.0,32.0,32.0,0.686279296875,41.57600499456749,2694.33349609375,,,,,
55,1,55.0,0.0,32.0,32.0,0.6900634765625,40.31210602261126,2694.33349609375,,,,,
56,1,56.0,0.0,32.0,32.0,0.69091796875,40.17101600766182,2733.4013671875,,,,,
57,1,57.0,0.0,32.0,32.0,0.6944580078125,38.01535599632189,2619.28369140625,,,,,
58,1,58.0,0.0,32.0,32.0,0.6990966796875,43.86150802019984,2816.134765625,,,,,
59,1,59.0,0.0,32.0,32.0,0.691162109375,48.47119399346411,3025.73583984375,,,,,
60,1,60.0,0.0,32.0,32.0,0.6766357421875,42.760312964674085,2694.33349609375,,,,,
61,1,61.0,0.0,32.0,32.0,0.70068359375,53.375831979792565,2970.58984375,,,,,
62,1,62.0,0.0,32.0,32.0,0.6661376953125,54.18967397417873,2951.76416015625,,,,,
63,1,63.0,0.0,32.0,32.0,0.67578125,46.53892701026052,2513.87451171875,,,,,
64,1,64.0,0.0,32.0,32.0,0.67724609375,46.66031198576093,2588.3369140625,,,,,
65,1,65.0,0.0,32.0,32.0,0.6947021484375,48.03025396540761,2778.75830078125,,,,,
66,1,66.0,0.0,32.0,32.0,0.6942138671875,45.886713021900505,2778.75830078125,,,,,
67,1,67.0,0.0,32.0,32.0,0.697509765625,44.70659699290991,2778.75830078125,,,,,
68,1,68.0,0.0,32.0,32.0,0.6873779296875,52.5926339905709,2963.337890625,,,,,
69,1,69.0,0.0,32.0,32.0,0.6888427734375,40.172222012188286,2447.654296875,,,,,
70,1,70.0,0.0,32.0,32.0,0.66796875,40.79843795625493,2683.17138671875,,,,,
71,1,71.0,0.0,32.0,32.0,0.68450927734375,39.60360604105517,2491.71826171875,,,,,
72,1,72.0,0.0,32.0,32.0,0.68878173828125,47.414905042387545,3009.92138671875,,,,,
73,1,73.0,0.0,32.0,32.0,0.7095947265625,42.81435103621334,2778.75830078125,,,,,
74,1,74.0,0.0,32.0,32.0,0.7060546875,41.705701034516096,2727.7080078125,,,,,
75,1,75.0,0.0,32.0,32.0,0.69287109375,42.7789279492572,2801.326171875,,,,,
76,1,76.0,0.0,32.0,32.0,0.6888427734375,40.07074102992192,2727.7080078125,,,,,
77,1,77.0,0.0,32.0,32.0,0.6766357421875,41.061309981159866,2733.4013671875,,,,,
78,1,78.0,0.0,32.0,32.0,0.695556640625,43.273069022689015,2867.99169921875,,,,,
79,1,79.0,0.0,32.0,32.0,0.692626953125,42.03633696306497,2766.93994140625,,,,,
80,1,80.0,0.0,32.0,32.0,0.67822265625,42.54415899049491,2766.93994140625,,,,,
81,1,81.0,0.0,32.0,32.0,0.6737060546875,41.17455298546702,2625.908203125,,,,,
82,1,82.0,0.0,32.0,32.0,0.7161865234375,41.51384497527033,2513.87451171875,,,,,
83,1,83.0,0.0,32.0,32.0,0.69757080078125,44.62604300351813,2766.93994140625,,,,,
84,1,84.0,0.0,32.0,32.0,0.689453125,47.59429401019588,2816.134765625,,,,,
85,1,85.0,0.0,32.0,32.0,0.68701171875,44.5664799772203,2694.33349609375,,,,,
86,1,86.0,0.0,32.0,32.0,0.704833984375,50.1760879997164,2867.99169921875,,,,,
87,1,87.0,0.0,32.0,32.0,0.6964111328125,45.62465398339555,2766.93994140625,,,,,
88,1,88.0,0.0,32.0,32.0,0.6944580078125,49.877638986799866,2906.4150390625,,,,,
89,1,89.0,0.0,32.0,32.0,0.69580078125,46.62917501991615,2801.326171875,,,,,
90,1,90.0,0.0,32.0,32.0,0.693603515625,44.376344012562186,2733.4013671875,,,,,
91,1,91.0,0.0,32.0,32.0,0.6873779296875,52.53351398278028,3050.8896484375,,,,,
92,1,92.0,0.0,32.0,32.0,0.6976318359375,49.06510695582256,2904.6611328125,,,,,
93,1,93.0,0.0,32.0,32.0,0.67523193359375,42.052528995554894,2513.87451171875,,,,,
94,1,94.0,0.0,32.0,32.0,0.6856689453125,44.081614003516734,2907.79931640625,,,,,
95,1,95.0,0.0,32.0,32.0,0.6832275390625,49.87648798851296,2963.337890625,,,,,
96,1,96.0,0.0,32.0,32.0,0.68212890625,49.34991500340402,3025.73583984375,,,,,
97,1,97.0,0.0,32.0,32.0,0.6942138671875,45.85642699385062,2906.4150390625,,,,,
98,1,98.0,0.0,32.0,32.0,0.66748046875,42.96109703136608,2778.75830078125,,,,,
99,1,99.0,0.0,32.0,32.0,0.677978515625,41.15920898038894,2766.93994140625,,,,,
100,1,100.0,0.0,32.0,32.0,0.6959228515625,40.05661298288032,2513.87451171875,,,,,
101,1,101.0,0.0,32.0,32.0,0.685546875,49.5640549925156,2970.58984375,,,,,
102,1,102.0,0.0,32.0,32.0,0.70263671875,43.15843398217112,2766.93994140625,,,,,
103,1,103.0,0.0,32.0,32.0,0.66259765625,41.83006094535813,2563.7587890625,,,,,
104,1,104.0,0.0,32.0,32.0,0.67529296875,43.72191603761166,2778.75830078125,,,,,
105,1,105.0,0.0,32.0,32.0,0.6832275390625,45.30904704006389,2766.93994140625,,,,,
106,1,106.0,0.0,32.0,32.0,0.69549560546875,47.85449197515845,2875.06591796875,,,,,
107,1,107.0,0.0,32.0,32.0,0.693115234375,51.38153402367607,2951.76416015625,,,,,
108,1,108.0,0.0,32.0,32.0,0.67059326171875,45.47604901017621,2694.33349609375,,,,,
109,1,109.0,0.0,32.0,32.0,0.7015380859375,43.516214995179325,2655.9453125,,,,,
110,1,110.0,0.0,32.0,32.0,0.68609619140625,42.27465501753613,2619.28369140625,,,,,
111,1,111.0,0.0,32.0,32.0,0.6845703125,46.423210005741566,2816.134765625,,,,,
112,1,112.0,0.0,32.0,32.0,0.7039794921875,50.093236030079424,2907.79931640625,,,,,
113,1,113.0,0.0,32.0,32.0,0.6761474609375,48.1070620007813,2875.06591796875,,,,,
114,1,114.0,0.0,32.0,32.0,0.6943359375,45.35846598446369,2816.134765625,,,,,
115,1,115.0,0.0,32.0,32.0,0.693115234375,48.71625802479684,2907.79931640625,,,,,
116,1,116.0,0.0,32.0,32.0,0.69580078125,43.786629976239055,2733.4013671875,,,,,
117,1,117.0,0.0,32.0,32.0,0.6929931640625,41.74250102369115,2588.3369140625,,,,,
118,1,118.0,0.0,32.0,32.0,0.705322265625,41.20554099790752,2683.17138671875,,,,,
119,1,119.0,0.0,32.0,32.0,0.68243408203125,43.00393199082464,2801.326171875,,,,,
120,1,120.0,0.0,32.0,32.0,0.66461181640625,44.516749039758,2875.06591796875,,,,,
121,1,121.0,0.0,32.0,32.0,0.68017578125,54.05363498721272,3181.74951171875,,,,,
122,1,122.0,0.0,32.0,32.0,0.681640625,41.55660601099953,2513.87451171875,,,,,
123,1,123.0,0.0,32.0,32.0,0.6949462890625,46.03846202371642,2906.4150390625,,,,,
124,1,124.0,0.0,32.0,32.0,0.66314697265625,43.41321799438447,2733.4013671875,,,,,
125,1,125.0,0.0,32.0,32.0,0.69189453125,41.71056603081525,2513.87451171875,,,,,
126,1,126.0,0.0,32.0,32.0,0.65716552734375,47.537604987155646,2867.99169921875,,,,,
127,1,127.0,0.0,32.0,32.0,0.7034912109375,42.92464698664844,2683.17138671875,,,,,
128,1,128.0,0.0,32.0,32.0,0.67926025390625,53.403572004754096,3050.8896484375,,,,,
129,1,129.0,0.0,32.0,32.0,0.6668701171875,51.70766799710691,2907.79931640625,,,,,
130,1,130.0,0.0,32.0,32.0,0.63873291015625,44.40908099059016,2625.908203125,,,,,
131,1,131.0,0.0,32.0,32.0,0.658935546875,50.87005899986252,2907.79931640625,,,,,
132,1,132.0,0.0,32.0,32.0,0.66668701171875,52.86076199263334,2963.337890625,,,,,
133,1,133.0,0.0,32.0,32.0,0.66436767578125,50.87495397310704,2951.76416015625,,,,,
134,1,134.0,0.0,32.0,32.0,0.6376953125,43.48728398326784,2683.17138671875,,,,,
135,1,135.0,0.0,32.0,32.0,0.6224365234375,43.30527997808531,2733.4013671875,,,,,
136,1,136.0,0.0,32.0,32.0,0.65911865234375,41.78413999034092,2563.7587890625,,,,,
137,1,137.0,0.0,32.0,32.0,0.6583251953125,41.47558601107448,2683.17138671875,,,,,
138,1,138.0,0.0,32.0,32.0,0.62518310546875,47.965246019884944,2904.6611328125,,,,,
139,1,139.0,0.0,32.0,32.0,0.7025146484375,42.93153103208169,2557.56201171875,,,,,
140,1,140.0,0.0,32.0,32.0,0.61419677734375,44.89677195670083,2875.06591796875,,,,,
141,1,141.0,0.0,32.0,32.0,0.60748291015625,38.13111298950389,2481.373046875,,,,,
142,1,142.0,0.0,32.0,32.0,0.583740234375,44.88742002286017,2906.4150390625,,,,,
143,1,143.0,0.0,32.0,32.0,0.5521240234375,42.24091401556507,2733.4013671875,,,,,
144,1,144.0,0.0,32.0,32.0,0.5286865234375,48.94073895411566,2907.79931640625,,,,,
145,1,145.0,0.0,32.0,32.0,0.521392822265625,44.4438949925825,2733.4013671875,,,,,
146,1,146.0,0.0,32.0,32.0,0.5557861328125,47.04080702504143,2906.4150390625,,,,,
147,1,147.0,0.0,32.0,32.0,0.482696533203125,46.00475600454956,2816.134765625,,,,,
148,1,148.0,0.0,32.0,32.0,0.478607177734375,45.5490670283325,2801.326171875,,,,,
149,1,149.0,0.0,32.0,32.0,0.4638671875,47.52611299045384,2906.4150390625,,,,,
150,1,150.0,0.0,32.0,32.0,0.53509521484375,43.05183200631291,2625.908203125,,,,,
151,1,151.0,0.0,32.0,32.0,0.55517578125,48.30482002580538,2875.06591796875,,,,,
152,1,152.0,0.0,32.0,32.0,0.5753173828125,50.24524702457711,2951.76416015625,,,,,
153,1,153.0,0.0,32.0,32.0,0.435302734375,43.44279295764864,2625.908203125,,,,,
154,1,154.0,0.0,32.0,32.0,0.3988494873046875,43.87328203301877,2588.3369140625,,,,,
155,1,155.0,0.0,32.0,32.0,0.344940185546875,41.67056002188474,2619.28369140625,,,,,
156,1,156.0,0.0,32.0,32.0,0.4259796142578125,46.08402500161901,2867.99169921875,,,,,
157,1,157.0,0.0,32.0,32.0,0.4796295166015625,46.46897199563682,2875.06591796875,,,,,
158,1,158.0,0.0,32.0,32.0,0.57861328125,49.45076402509585,2904.6611328125,,,,,
159,1,159.0,0.0,32.0,32.0,0.407989501953125,49.49658300029114,3009.92138671875,,,,,
160,1,160.0,0.0,32.0,32.0,0.4837799072265625,46.68143100570887,2816.134765625,,,,,
161,1,161.0,0.0,32.0,32.0,0.497528076171875,42.06499003339559,2733.4013671875,,,,,
162,1,162.0,0.0,32.0,32.0,0.3461761474609375,41.95210902253166,2588.3369140625,,,,,
163,1,163.0,0.0,32.0,32.0,0.311767578125,40.97150400048122,2694.33349609375,,,,,
164,1,164.0,0.0,32.0,32.0,0.4125823974609375,42.473996989429,2727.7080078125,,,,,
165,1,165.0,0.0,32.0,32.0,0.387298583984375,51.130829961039126,3034.4814453125,,,,,
166,1,166.0,0.0,32.0,32.0,0.626556396484375,43.52136596571654,2727.7080078125,,,,,
167,1,167.0,0.0,32.0,32.0,0.4620132446289062,42.81709302449599,2766.93994140625,,,,,
168,1,168.0,0.0,32.0,32.0,0.296630859375,42.54275298444554,2694.33349609375,,,,,
169,1,169.0,0.0,32.0,32.0,0.29852294921875,47.53754800185561,2906.4150390625,,,,,
170,1,170.0,0.0,32.0,32.0,0.224945068359375,43.10944798635319,2683.17138671875,,,,,
171,1,171.0,0.0,32.0,32.0,0.4267349243164062,45.8706880453974,2816.134765625,,,,,
172,1,172.0,0.0,32.0,32.0,0.3625946044921875,41.29329096758738,2491.71826171875,,,,,
173,1,173.0,0.0,32.0,32.0,0.2546768188476562,47.29489202145487,2875.06591796875,,,,,
174,1,174.0,0.0,32.0,32.0,0.5407180786132812,44.94887398323044,2766.93994140625,,,,,
175,1,175.0,0.0,32.0,32.0,0.3215484619140625,47.01007000403479,2875.06591796875,,,,,
176,1,176.0,0.0,32.0,32.0,0.3072662353515625,43.03998698014766,2655.9453125,,,,,
177,1,177.0,0.0,32.0,32.0,0.1520233154296875,45.80137203447521,2816.134765625,,,,,
178,1,178.0,0.0,32.0,32.0,0.54071044921875,42.291137971915305,2683.17138671875,,,,,
179,1,179.0,0.0,32.0,32.0,0.3427276611328125,40.501286974176764,2619.28369140625,,,,,
180,1,180.0,0.0,32.0,32.0,0.2371597290039062,52.96209699008614,3103.48876953125,,,,,
181,1,181.0,0.0,32.0,32.0,0.4187393188476562,43.09127002488822,2563.7587890625,,,,,
182,1,182.0,0.0,32.0,32.0,0.1757659912109375,50.37697998341173,2970.58984375,,,,,
183,1,183.0,0.0,32.0,32.0,0.47998046875,49.43242197623477,2904.6611328125,,,,,
184,1,184.0,0.0,32.0,32.0,0.2692794799804687,44.98889995738864,2801.326171875,,,,,
185,1,185.0,0.0,32.0,32.0,0.3812942504882812,41.27715196227655,2563.7587890625,,,,,
186,1,186.0,0.0,32.0,32.0,0.3106155395507812,52.30807402404025,3103.48876953125,,,,,
187,1,187.0,0.0,32.0,32.0,0.42218017578125,43.11707301530987,2557.56201171875,,,,,
188,1,188.0,0.0,32.0,32.0,0.2598648071289062,42.593256977852434,2733.4013671875,,,,,
189,1,189.0,0.0,32.0,32.0,0.4250259399414062,49.13735302397981,2904.6611328125,,,,,
190,1,190.0,0.0,32.0,32.0,0.1293487548828125,43.95108902826905,2557.56201171875,,,,,
191,1,191.0,0.0,32.0,32.0,0.3602676391601562,50.48896704101935,2951.76416015625,,,,,
192,1,192.0,0.0,32.0,32.0,0.4969940185546875,43.25630998937413,2655.9453125,,,,,
193,1,193.0,0.0,32.0,32.0,0.2822418212890625,45.816592988558114,2801.326171875,,,,,
194,1,194.0,0.0,32.0,32.0,0.3375511169433594,44.13274902617559,2766.93994140625,,,,,
195,1,195.0,0.0,32.0,32.0,0.433837890625,56.135923019610345,3181.74951171875,,,,,
196,1,196.0,0.0,32.0,32.0,0.4027175903320312,45.45764694921672,2778.75830078125,,,,,
197,1,197.0,0.0,32.0,32.0,0.3199386596679687,43.00099500687793,2588.3369140625,,,,,
198,1,198.0,0.0,32.0,32.0,0.5307540893554688,42.89082798641175,2694.33349609375,,,,,
199,1,199.0,0.0,32.0,32.0,0.2329330444335937,38.71069295564666,2481.373046875,,,,,
200,1,200.0,0.0,32.0,32.0,0.3287315368652344,50.15353497583419,2951.76416015625,,,,,
201,1,201.0,0.0,32.0,32.0,0.3914375305175781,50.43224798282608,2951.76416015625,,,,,
202,1,202.0,0.0,32.0,32.0,0.3676414489746094,50.78548297751695,2907.79931640625,,,,,
203,1,203.0,0.0,32.0,32.0,0.3807373046875,45.29626900330186,2801.326171875,,,,,
204,1,204.0,0.0,32.0,32.0,0.2955322265625,41.83830396505073,2655.9453125,,,,,
205,1,205.0,0.0,32.0,32.0,0.2218246459960937,50.30037899268791,2963.337890625,,,,,
206,1,206.0,0.0,32.0,32.0,0.421722412109375,50.61284900875762,2970.58984375,,,,,
207,1,207.0,0.0,32.0,32.0,0.457763671875,54.48664998402819,3124.951171875,,,,,
208,1,208.0,0.0,32.0,32.0,0.3580474853515625,40.87333602365106,2491.71826171875,,,,,
209,1,209.0,0.0,32.0,32.0,0.2774810791015625,45.55874003563076,2867.99169921875,,,,,
210,1,210.0,0.0,32.0,32.0,0.2995147705078125,53.38472401490435,3087.69775390625,,,,,
211,1,211.0,0.0,32.0,32.0,0.4344100952148437,42.8722039796412,2683.17138671875,,,,,
212,1,212.0,0.0,32.0,32.0,0.2763137817382812,50.43961200863123,2907.79931640625,,,,,
213,1,213.0,0.0,32.0,32.0,0.34521484375,44.38980499980971,2733.4013671875,,,,,
214,1,214.0,0.0,32.0,32.0,0.2844314575195312,41.90923803253099,2513.87451171875,,,,,
215,1,215.0,0.0,32.0,32.0,0.41607666015625,43.7001830432564,2766.93994140625,,,,,
216,1,216.0,0.0,32.0,32.0,0.35528564453125,45.58147100033239,2766.93994140625,,,,,
217,1,217.0,0.0,32.0,32.0,0.2028121948242187,51.93313001655042,2970.58984375,,,,,
218,1,218.0,0.0,32.0,32.0,0.455230712890625,50.63710600370541,3009.92138671875,,,,,
219,1,219.0,0.0,32.0,32.0,0.2640457153320312,44.97531405650079,2801.326171875,,,,,
220,1,220.0,0.0,32.0,32.0,0.3308334350585937,42.47284901794046,2563.7587890625,,,,,
221,1,221.0,0.0,32.0,32.0,0.179290771484375,49.54819701379165,3009.92138671875,,,,,
222,1,222.0,0.0,32.0,32.0,0.4272842407226562,44.350308016873896,2588.3369140625,,,,,
223,1,223.0,0.0,32.0,32.0,0.1475296020507812,41.86990001471713,2625.908203125,,,,,
224,1,224.0,0.0,32.0,32.0,0.2341651916503906,48.35138603812084,2907.79931640625,,,,,
225,1,225.0,0.0,32.0,32.0,0.3675537109375,43.15903998212889,2683.17138671875,,,,,
226,1,226.0,0.0,32.0,32.0,0.376708984375,42.34147199895233,2683.17138671875,,,,,
227,1,227.0,0.0,32.0,32.0,0.15399169921875,42.27095097303391,2727.7080078125,,,,,
228,1,228.0,0.0,32.0,32.0,0.3504638671875,42.090519971679896,2694.33349609375,,,,,
229,1,229.0,0.0,32.0,32.0,0.2100028991699218,42.297154024709016,2694.33349609375,,,,,
230,1,230.0,0.0,32.0,32.0,0.4277267456054687,57.23857501288876,3259.31494140625,,,,,
231,1,231.0,0.0,32.0,32.0,0.2045669555664062,46.50219698669389,2867.99169921875,,,,,
232,1,232.0,0.0,32.0,32.0,0.5119705200195312,44.01917301584035,2778.75830078125,,,,,
233,1,233.0,0.0,32.0,32.0,0.3053474426269531,52.26961197331548,3050.8896484375,,,,,
234,1,234.0,0.0,32.0,32.0,0.1634788513183593,52.05095297424123,2963.337890625,,,,,
235,1,235.0,0.0,32.0,32.0,0.3184738159179687,43.76941098598763,2733.4013671875,,,,,
236,1,236.0,0.0,32.0,32.0,0.2383842468261718,37.542220030445606,2440.67236328125,,,,,
237,1,237.0,0.0,32.0,32.0,0.2699012756347656,41.99262900510803,2557.56201171875,,,,,
238,1,238.0,0.0,32.0,32.0,0.3439178466796875,49.921733036171645,2904.6611328125,,,,,
239,1,239.0,0.0,32.0,32.0,0.2843551635742187,52.74402699433267,2970.58984375,,,,,
240,1,240.0,0.0,32.0,32.0,0.4912033081054687,42.65033901901916,2625.908203125,,,,,
241,1,241.0,0.0,32.0,32.0,0.3383216857910156,50.77133601298556,3025.73583984375,,,,,
242,1,242.0,0.0,32.0,32.0,0.4350509643554687,42.51935996580869,2655.9453125,,,,,
243,1,243.0,0.0,32.0,32.0,0.2199935913085937,41.9549920479767,2563.7587890625,,,,,
244,1,244.0,0.0,32.0,32.0,0.2615509033203125,45.89890403440222,2867.99169921875,,,,,
245,1,245.0,0.0,32.0,32.0,0.3347206115722656,46.69316200306639,2875.06591796875,,,,,
246,1,246.0,0.0,32.0,32.0,0.2943382263183594,46.42989399144426,2875.06591796875,,,,,
247,1,247.0,0.0,32.0,32.0,0.6179656982421875,41.728844051249325,2655.9453125,,,,,
248,1,248.0,0.0,32.0,32.0,0.3946380615234375,45.16248998697847,2801.326171875,,,,,
249,1,249.0,0.0,32.0,32.0,0.3921165466308594,45.44960096245632,2816.134765625,,,,,
250,1,250.0,0.0,32.0,32.0,0.2865409851074219,45.243613014463335,2867.99169921875,,,,,
251,1,251.0,0.0,32.0,32.0,0.2171363830566406,43.29670802690089,2733.4013671875,,,,,
252,1,252.0,0.0,32.0,32.0,0.193817138671875,55.73018896393478,3181.74951171875,,,,,
253,1,253.0,0.0,32.0,32.0,0.2757415771484375,43.06415299652144,2727.7080078125,,,,,
254,1,254.0,0.0,32.0,32.0,0.5408248901367188,49.93938305415213,3009.92138671875,,,,,
255,1,255.0,0.0,32.0,32.0,0.1722335815429687,43.06574899237603,2513.87451171875,,,,,
256,1,256.0,0.0,32.0,32.0,0.3621368408203125,43.43049699673429,2766.93994140625,,,,,
257,1,257.0,0.0,32.0,32.0,0.5878486633300781,45.83674197783694,2816.134765625,,,,,
258,1,258.0,0.0,32.0,32.0,0.3648147583007812,46.84462200384587,2875.06591796875,,,,,
259,1,259.0,0.0,32.0,32.0,0.2072525024414062,42.26138902595267,2625.908203125,,,,,
260,1,260.0,0.0,32.0,32.0,0.4135665893554687,42.3135919845663,2694.33349609375,,,,,
261,1,261.0,0.0,32.0,32.0,0.2344169616699218,40.91661999700591,2619.28369140625,,,,,
262,1,262.0,0.0,32.0,32.0,0.3183975219726562,43.54831797536463,2727.7080078125,,,,,
263,1,263.0,0.0,32.0,32.0,0.248687744140625,41.65707697393373,2625.908203125,,,,,
264,1,264.0,0.0,32.0,32.0,0.4555282592773437,41.97834699880332,2625.908203125,,,,,
265,1,265.0,0.0,32.0,32.0,0.2047843933105468,41.25873098382726,2655.9453125,,,,,
266,1,266.0,0.0,32.0,32.0,0.2581062316894531,46.529656974598765,2875.06591796875,,,,,
267,1,267.0,0.0,32.0,32.0,0.2717437744140625,53.04440099280328,3087.69775390625,,,,,
268,1,268.0,0.0,32.0,32.0,0.4615859985351562,46.99098702985793,2875.06591796875,,,,,
269,1,269.0,0.0,32.0,32.0,0.2360191345214843,41.93623800529167,2683.17138671875,,,,,
270,1,270.0,0.0,32.0,32.0,0.17034912109375,42.967321001924574,2778.75830078125,,,,,
271,1,271.0,0.0,32.0,32.0,0.2730712890625,53.63200599094853,3087.69775390625,,,,,
272,1,272.0,0.0,32.0,32.0,0.2705917358398437,49.66485500335693,2951.76416015625,,,,,
273,1,273.0,0.0,32.0,32.0,0.2225418090820312,51.5676669892855,2907.79931640625,,,,,
274,1,274.0,0.0,32.0,32.0,0.2834434509277344,51.62481497973204,2963.337890625,,,,,
275,1,275.0,0.0,32.0,32.0,0.3082618713378906,43.80212299292907,2727.7080078125,,,,,
276,1,276.0,0.0,32.0,32.0,0.2703094482421875,40.90556100709364,2683.17138671875,,,,,
277,1,277.0,0.0,32.0,32.0,0.2798385620117187,45.36282399203628,2816.134765625,,,,,
278,1,278.0,0.0,32.0,32.0,0.4755859375,43.36186702130362,2588.3369140625,,,,,
279,1,279.0,0.0,32.0,32.0,0.2568016052246094,42.82345902174711,2655.9453125,,,,,
280,1,280.0,0.0,32.0,32.0,0.4418296813964844,43.00786898238584,2683.17138671875,,,,,
281,1,281.0,0.0,32.0,32.0,0.258331298828125,42.334341967944056,2655.9453125,,,,,
282,1,282.0,0.0,32.0,32.0,0.1392478942871093,51.48177698720247,3034.4814453125,,,,,
283,1,283.0,0.0,32.0,32.0,0.1721172332763672,49.155669985339046,2906.4150390625,,,,,
284,1,284.0,0.0,32.0,32.0,0.302337646484375,42.98885498428717,2727.7080078125,,,,,
285,1,285.0,0.0,32.0,32.0,0.3140869140625,42.29657497489825,2563.7587890625,,,,,
286,1,286.0,0.0,32.0,32.0,0.5612678527832031,52.50023101689294,3050.8896484375,,,,,
287,1,287.0,0.0,32.0,32.0,0.2634468078613281,43.93068002536893,2778.75830078125,,,,,
288,1,288.0,0.0,32.0,32.0,0.2801055908203125,49.20293501345441,3025.73583984375,,,,,
289,1,289.0,0.0,32.0,32.0,0.1543731689453125,50.5351250176318,3009.92138671875,,,,,
290,1,290.0,0.0,32.0,32.0,0.1872215270996093,52.53323999932036,3050.8896484375,,,,,
291,1,291.0,0.0,32.0,32.0,0.3139419555664062,42.37268399447203,2625.908203125,,,,,
292,1,292.0,0.0,32.0,32.0,0.3825607299804687,48.76576201058924,3009.92138671875,,,,,
293,1,293.0,0.0,32.0,32.0,0.4265174865722656,43.52237196872011,2557.56201171875,,,,,
294,1,294.0,0.0,32.0,32.0,0.2330951690673828,42.23301401361823,2563.7587890625,,,,,
295,1,295.0,0.0,32.0,32.0,0.2017288208007812,43.13083394663408,2727.7080078125,,,,,
296,1,296.0,0.0,32.0,32.0,0.2907752990722656,50.11727998498827,2963.337890625,,,,,
297,1,297.0,0.0,32.0,32.0,0.4007148742675781,43.0075969779864,2625.908203125,,,,,
298,1,298.0,0.0,32.0,32.0,0.2270889282226562,45.58860999532044,2816.134765625,,,,,
299,1,299.0,0.0,32.0,32.0,0.1406478881835937,48.043474031146616,2904.6611328125,,,,,
300,1,300.0,0.0,32.0,32.0,0.214263916015625,55.20860804244876,3103.48876953125,,,,,
301,1,301.0,0.0,32.0,32.0,0.2072200775146484,41.81612498359755,2356.01708984375,,,,,
302,1,302.0,0.0,32.0,32.0,0.2047843933105468,39.02173094684258,2655.9453125,,,,,
303,1,303.0,0.0,32.0,32.0,0.1537456512451172,42.99261601408944,2588.3369140625,,,,,
304,1,304.0,0.0,32.0,32.0,0.343597412109375,51.47059302544221,2963.337890625,,,,,
305,1,305.0,0.0,32.0,32.0,0.3381519317626953,43.09286997886375,2694.33349609375,,,,,
306,1,306.0,0.0,32.0,32.0,0.355325698852539,44.57861196715385,2801.326171875,,,,,
307,1,307.0,0.0,32.0,32.0,0.3497962951660156,43.83449995657429,2588.3369140625,,,,,
308,1,308.0,0.0,32.0,32.0,0.1533889770507812,45.62660999363288,2801.326171875,,,,,
309,1,309.0,0.0,32.0,32.0,0.27471923828125,43.101632967591286,2727.7080078125,,,,,
310,1,310.0,0.0,32.0,32.0,0.3896865844726562,41.91483103204519,2778.75830078125,,,,,
311,1,311.0,0.0,32.0,32.0,0.3312187194824219,49.07352197915316,2904.6611328125,,,,,
312,1,312.0,0.0,32.0,32.0,0.2884902954101562,45.805207977537066,2801.326171875,,,,,
313,1,313.0,0.0,32.0,32.0,0.2820510864257812,45.66227202303708,2816.134765625,,,,,
314,1,314.0,0.0,32.0,32.0,0.2107505798339843,45.98479700507596,2867.99169921875,,,,,
315,1,315.0,0.0,32.0,32.0,0.2977180480957031,43.98196598049253,2733.4013671875,,,,,
316,1,316.0,0.0,32.0,32.0,0.3348541259765625,49.41388999577612,3009.92138671875,,,,,
317,1,317.0,0.0,32.0,32.0,0.339599609375,45.6208570394665,2801.326171875,,,,,
318,1,318.0,0.0,32.0,32.0,0.161773681640625,42.4748330260627,2683.17138671875,,,,,
319,1,319.0,0.0,32.0,32.0,0.2335014343261718,46.757659991271794,2875.06591796875,,,,,
320,1,320.0,0.0,32.0,32.0,0.1592464447021484,50.29809701954946,2907.79931640625,,,,,
321,1,321.0,0.0,32.0,32.0,0.4358291625976562,54.45528501877561,3087.69775390625,,,,,
322,1,322.0,0.0,32.0,32.0,0.278848648071289,44.31129602016881,2588.3369140625,,,,,
323,1,323.0,0.0,32.0,32.0,0.134307861328125,46.4527879958041,2867.99169921875,,,,,
324,1,324.0,0.0,32.0,32.0,0.4281349182128906,49.57917099818587,2951.76416015625,,,,,
325,1,325.0,0.0,32.0,32.0,0.4536705017089844,43.384678021539,2563.7587890625,,,,,
326,1,326.0,0.0,32.0,32.0,0.3748321533203125,50.02839199732989,3009.92138671875,,,,,
327,1,327.0,0.0,32.0,32.0,0.2380428314208984,50.320868962444365,2904.6611328125,,,,,
328,1,328.0,0.0,32.0,32.0,0.1763210296630859,47.80335002578795,2875.06591796875,,,,,
329,1,329.0,0.0,32.0,32.0,0.1519012451171875,42.59093099972233,2694.33349609375,,,,,
330,1,330.0,0.0,32.0,32.0,0.2525043487548828,41.41012200852856,2625.908203125,,,,,
331,1,331.0,0.0,32.0,32.0,0.5341720581054688,41.71815299196169,2683.17138671875,,,,,
332,1,332.0,0.0,32.0,32.0,0.1797218322753906,42.14600898558274,2733.4013671875,,,,,
333,1,333.0,0.0,32.0,32.0,0.3839931488037109,53.74287097947672,3087.69775390625,,,,,
334,1,334.0,0.0,32.0,32.0,0.3552494049072265,43.16219798056409,2557.56201171875,,,,,
335,1,335.0,0.0,32.0,32.0,0.3098411560058594,43.43687498476356,2727.7080078125,,,,,
336,1,336.0,0.0,32.0,32.0,0.1973228454589843,50.01630302285776,2951.76416015625,,,,,
337,1,337.0,0.0,32.0,32.0,0.3161029815673828,42.655336030293256,2625.908203125,,,,,
338,1,338.0,0.0,32.0,32.0,0.2059516906738281,42.23368602106348,2557.56201171875,,,,,
339,1,339.0,0.0,32.0,32.0,0.3936996459960937,52.08355002105236,3050.8896484375,,,,,
340,1,340.0,0.0,32.0,32.0,0.1868057250976562,50.63591996440664,2904.6611328125,,,,,
341,1,341.0,0.0,32.0,32.0,0.2470474243164062,43.54587499983609,2655.9453125,,,,,
342,1,342.0,0.0,32.0,32.0,0.279327392578125,50.13536097249016,3009.92138671875,,,,,
343,1,343.0,0.0,32.0,32.0,0.3738288879394531,43.18495298502967,2588.3369140625,,,,,
344,1,344.0,0.0,32.0,32.0,0.26177978515625,42.0443739858456,2625.908203125,,,,,
345,1,345.0,0.0,32.0,32.0,0.2322235107421875,49.55844802316278,2904.6611328125,,,,,
346,1,346.0,0.0,32.0,32.0,0.2884445190429687,45.60660902643576,2778.75830078125,,,,,
347,1,347.0,0.0,32.0,32.0,0.2964019775390625,49.90786802954972,3025.73583984375,,,,,
348,1,348.0,0.0,32.0,32.0,0.2303314208984375,50.22779601858929,2904.6611328125,,,,,
349,1,349.0,0.0,32.0,32.0,0.205841064453125,47.89503500796855,2875.06591796875,,,,,
350,1,350.0,0.0,32.0,32.0,0.0983695983886718,42.1001750510186,2563.7587890625,,,,,
351,1,351.0,0.0,32.0,32.0,0.3547439575195312,43.01864898297936,2778.75830078125,,,,,
352,1,352.0,0.0,32.0,32.0,0.1071662902832031,49.21750701032579,3009.92138671875,,,,,
353,1,353.0,0.0,32.0,32.0,0.4689922332763672,44.13019499043003,2694.33349609375,,,,,
354,1,354.0,0.0,32.0,32.0,0.0951690673828125,48.50840900326148,2907.79931640625,,,,,
355,1,355.0,0.0,32.0,32.0,0.2826309204101562,47.47912898892537,2875.06591796875,,,,,
356,1,356.0,0.0,32.0,32.0,0.0637340545654296,50.37053901469335,3009.92138671875,,,,,
357,1,357.0,0.0,32.0,32.0,0.1625957489013672,43.48944703815505,2557.56201171875,,,,,
358,1,358.0,0.0,32.0,32.0,0.2986068725585937,50.41379097383469,3025.73583984375,,,,,
359,1,359.0,0.0,32.0,32.0,0.1157436370849609,52.14037804398686,3034.4814453125,,,,,
360,1,360.0,0.0,32.0,32.0,0.3051567077636719,51.10793997300789,3009.92138671875,,,,,
361,1,361.0,0.0,32.0,32.0,0.1166954040527343,47.44701302843168,2867.99169921875,,,,,
362,1,362.0,0.0,32.0,32.0,0.2816333770751953,41.85110196704045,2625.908203125,,,,,
363,1,363.0,0.0,32.0,32.0,0.3677196502685547,41.93629103247076,2563.7587890625,,,,,
364,1,364.0,0.0,32.0,32.0,0.0731792449951171,46.95829801494256,2867.99169921875,,,,,
365,1,365.0,0.0,32.0,32.0,0.4053077697753906,45.736458036117256,2875.06591796875,,,,,
366,1,366.0,0.0,32.0,32.0,0.140045166015625,42.76852996554226,2557.56201171875,,,,,
367,1,367.0,0.0,32.0,32.0,0.467264175415039,42.98247100086883,2694.33349609375,,,,,
368,1,368.0,0.0,32.0,32.0,0.1949882507324218,42.383289022836834,2683.17138671875,,,,,
369,1,369.0,0.0,32.0,32.0,0.3149375915527344,44.29853102192283,2778.75830078125,,,,,
370,1,370.0,0.0,32.0,32.0,0.216714859008789,45.46339000808075,2816.134765625,,,,,
371,1,371.0,0.0,32.0,32.0,0.191965103149414,49.3994650314562,3025.73583984375,,,,,
372,1,372.0,0.0,32.0,32.0,0.6040973663330078,44.37646100996062,2766.93994140625,,,,,
373,1,373.0,0.0,32.0,32.0,0.4264001846313476,41.87821701634675,2655.9453125,,,,,
374,1,374.0,0.0,32.0,32.0,0.2703170776367187,46.852433995809406,2867.99169921875,,,,,
375,1,375.0,0.0,32.0,32.0,0.110137939453125,43.03742601769045,2694.33349609375,,,,,
376,1,376.0,0.0,32.0,32.0,0.097085952758789,43.83162001613528,2733.4013671875,,,,,
377,1,377.0,0.0,32.0,32.0,0.2055282592773437,42.646168963983655,2766.93994140625,,,,,
378,1,378.0,0.0,32.0,32.0,0.1347866058349609,48.835317022167146,2904.6611328125,,,,,
379,1,379.0,0.0,32.0,32.0,0.1759090423583984,44.58620201330632,2733.4013671875,,,,,
380,1,380.0,0.0,32.0,32.0,0.2684745788574219,45.65158998593688,2816.134765625,,,,,
381,1,381.0,0.0,32.0,32.0,0.3974275588989258,57.37849703291431,3221.6025390625,,,,,
382,1,382.0,0.0,32.0,32.0,0.1625576019287109,52.04344703815877,2970.58984375,,,,,
383,1,383.0,0.0,32.0,32.0,0.1666603088378906,51.27797002205625,2907.79931640625,,,,,
384,1,384.0,0.0,32.0,32.0,0.1840248107910156,44.41330197732896,2766.93994140625,,,,,
385,1,385.0,0.0,32.0,32.0,0.4720287322998047,45.48544296994805,2801.326171875,,,,,
386,1,386.0,0.0,32.0,32.0,0.2585649490356445,36.94614296546206,2440.67236328125,,,,,
387,1,387.0,0.0,32.0,32.0,0.2295475006103515,43.23057399597019,2733.4013671875,,,,,
388,1,388.0,0.0,32.0,32.0,0.3406515121459961,45.64374900655821,2875.06591796875,,,,,
389,1,389.0,0.0,32.0,32.0,0.3217792510986328,42.63869498390704,2694.33349609375,,,,,
390,1,390.0,0.0,32.0,32.0,0.093851089477539,49.15070399874821,2904.6611328125,,,,,
391,1,391.0,0.0,32.0,32.0,0.1685924530029297,44.35056704096496,2733.4013671875,,,,,
392,1,392.0,0.0,32.0,32.0,0.3662090301513672,41.76066297804937,2625.908203125,,,,,
393,1,393.0,0.0,32.0,32.0,0.3622207641601562,42.87023103097454,2766.93994140625,,,,,
394,1,394.0,0.0,32.0,32.0,0.3435440063476562,46.88989103306085,2875.06591796875,,,,,
395,1,395.0,0.0,32.0,32.0,0.5002517700195312,42.785986966919154,2625.908203125,,,,,
396,1,396.0,0.0,32.0,32.0,0.3734951019287109,50.07869401015341,2951.76416015625,,,,,
397,1,397.0,0.0,32.0,32.0,0.1292552947998047,44.7581050102599,2588.3369140625,,,,,
398,1,398.0,0.0,32.0,32.0,0.3054981231689453,47.70129302050918,2906.4150390625,,,,,
399,1,399.0,0.0,32.0,32.0,0.1110210418701171,42.215940018650144,2588.3369140625,,,,,
400,1,400.0,0.0,32.0,32.0,0.2548999786376953,46.12956900382415,2867.99169921875,,,,,
401,1,401.0,0.0,32.0,32.0,0.4128503799438476,47.12870699586347,2816.134765625,,,,,
402,1,402.0,0.0,32.0,32.0,0.2890710830688476,46.49309400701896,2875.06591796875,,,,,
403,1,403.0,0.0,32.0,32.0,0.3439102172851562,42.237080982886255,2655.9453125,,,,,
404,1,404.0,0.0,32.0,32.0,0.2706336975097656,51.09485797584057,2963.337890625,,,,,
405,1,405.0,0.0,32.0,32.0,0.1972522735595703,51.10959801822901,3025.73583984375,,,,,
406,1,406.0,0.0,32.0,32.0,0.3267059326171875,51.83239403413609,2907.79931640625,,,,,
407,1,407.0,0.0,32.0,32.0,0.2695999145507812,50.88222899939865,2907.79931640625,,,,,
408,1,408.0,0.0,32.0,32.0,0.2769298553466797,38.95229997579008,2447.654296875,,,,,
409,1,409.0,0.0,32.0,32.0,0.1893196105957031,49.51496596913785,3009.92138671875,,,,,
410,1,410.0,0.0,32.0,32.0,0.2527084350585937,46.27446597442031,2875.06591796875,,,,,
411,1,411.0,0.0,32.0,32.0,0.1702041625976562,42.81823802739382,2557.56201171875,,,,,
412,1,412.0,0.0,32.0,32.0,0.2594509124755859,52.23967297933996,3050.8896484375,,,,,
413,1,413.0,0.0,32.0,32.0,0.1522102355957031,46.875369967892766,2867.99169921875,,,,,
414,1,414.0,0.0,32.0,32.0,0.3805160522460937,49.3965269997716,2904.6611328125,,,,,
415,1,415.0,0.0,32.0,32.0,0.3661518096923828,41.83436499442905,2619.28369140625,,,,,
416,1,416.0,0.0,32.0,32.0,0.4292869567871094,45.98992201499641,2875.06591796875,,,,,
417,1,417.0,0.0,32.0,32.0,0.3044414520263672,54.35352103086189,3087.69775390625,,,,,
418,1,418.0,0.0,32.0,32.0,0.1486530303955078,54.75492496043444,3087.69775390625,,,,,
419,1,419.0,0.0,32.0,32.0,0.2037763595581054,42.67108003841713,2625.908203125,,,,,
420,1,420.0,0.0,32.0,32.0,0.344125747680664,41.26832901965827,2625.908203125,,,,,
421,1,421.0,0.0,32.0,32.0,0.3420162200927734,35.876884998288006,2417.24462890625,,,,,
422,1,422.0,0.0,32.0,32.0,0.1581583023071289,48.65541198523715,2907.79931640625,,,,,
423,1,423.0,0.0,32.0,32.0,0.2716312408447265,38.853281002957374,2417.24462890625,,,,,
424,1,424.0,0.0,32.0,32.0,0.3464260101318359,45.26283702580258,2816.134765625,,,,,
425,1,425.0,0.0,32.0,32.0,0.2598037719726562,44.326425006147474,2766.93994140625,,,,,
426,1,426.0,0.0,32.0,32.0,0.2608919143676758,43.051288987044245,2694.33349609375,,,,,
427,1,427.0,0.0,32.0,32.0,0.4374675750732422,42.43739997036755,2683.17138671875,,,,,
428,1,428.0,0.0,32.0,32.0,0.1630783081054687,49.971542961429805,2907.79931640625,,,,,
429,1,429.0,0.0,32.0,32.0,0.1877641677856445,59.02229197090492,3221.6025390625,,,,,
430,1,430.0,0.0,32.0,32.0,0.5088872909545898,44.19136699289084,2694.33349609375,,,,,
431,1,431.0,0.0,32.0,32.0,0.297708511352539,42.752466979436576,2727.7080078125,,,,,
432,1,432.0,0.0,32.0,32.0,0.2707977294921875,42.4311239621602,2694.33349609375,,,,,
433,1,433.0,0.0,32.0,32.0,0.279642105102539,41.739329986739904,2906.4150390625,,,,,
434,1,434.0,0.0,32.0,32.0,0.3044147491455078,51.16495699621737,2907.79931640625,,,,,
435,1,435.0,0.0,32.0,32.0,0.2103042602539062,43.06139796972275,2655.9453125,,,,,
436,1,436.0,0.0,32.0,32.0,0.5588550567626953,40.965953026898205,2619.28369140625,,,,,
437,1,437.0,0.0,32.0,32.0,0.3915615081787109,43.13140403246507,2778.75830078125,,,,,
438,1,438.0,0.0,32.0,32.0,0.2759208679199219,42.29134402703494,2513.87451171875,,,,,
439,1,439.0,0.0,32.0,32.0,0.4087867736816406,42.23542899126187,2625.908203125,,,,,
440,1,440.0,0.0,32.0,32.0,0.2690391540527344,55.27925997739658,3161.05322265625,,,,,
441,1,441.0,0.0,32.0,32.0,0.235544204711914,43.3096950291656,2683.17138671875,,,,,
442,1,442.0,0.0,32.0,32.0,0.2055130004882812,37.96524502104148,2481.373046875,,,,,
443,1,443.0,0.0,32.0,32.0,0.1526975631713867,48.06923697469756,2906.4150390625,,,,,
444,1,444.0,0.0,32.0,32.0,0.2693653106689453,43.49787998944521,2778.75830078125,,,,,
445,1,445.0,0.0,32.0,32.0,0.174448013305664,43.65781502565369,2801.326171875,,,,,
446,1,446.0,0.0,32.0,32.0,0.3265581130981445,50.50626798765734,3009.92138671875,,,,,
447,1,447.0,0.0,32.0,32.0,0.3916606903076172,39.31227599969134,2447.654296875,,,,,
448,1,448.0,0.0,32.0,32.0,0.2232332229614257,42.85877599613741,2733.4013671875,,,,,
449,1,449.0,0.0,32.0,32.0,0.2305841445922851,49.80192898074165,2951.76416015625,,,,,
450,1,450.0,0.0,32.0,32.0,0.196690559387207,47.79669700656086,2816.134765625,,,,,
451,1,451.0,0.0,32.0,32.0,0.1514873504638672,56.39094498474151,3194.6259765625,,,,,
452,1,452.0,0.0,32.0,32.0,0.3698196411132812,44.488864950835705,2733.4013671875,,,,,
453,1,453.0,0.0,32.0,32.0,0.2113370895385742,48.63378999289125,2951.76416015625,,,,,
454,1,454.0,0.0,32.0,32.0,0.3629674911499023,44.20099902199581,2694.33349609375,,,,,
455,1,455.0,0.0,32.0,32.0,0.2858772277832031,45.742725022137165,2801.326171875,,,,,
456,1,456.0,0.0,32.0,32.0,0.3354015350341797,43.708865996450186,2801.326171875,,,,,
457,1,457.0,0.0,32.0,32.0,0.2100200653076172,54.87059598090127,3161.05322265625,,,,,
458,1,458.0,0.0,32.0,32.0,0.3281898498535156,44.13047397974879,2733.4013671875,,,,,
459,1,459.0,0.0,32.0,32.0,0.1511363983154297,42.00628999387845,2625.908203125,,,,,
460,1,460.0,0.0,32.0,32.0,0.4025096893310547,45.15898099634797,2801.326171875,,,,,
461,1,461.0,0.0,32.0,32.0,0.1204509735107421,44.02560304151848,2733.4013671875,,,,,
462,1,462.0,0.0,32.0,32.0,0.243865966796875,42.11688501527533,2655.9453125,,,,,
463,1,463.0,0.0,32.0,32.0,0.4658269882202148,42.03847801545635,2683.17138671875,,,,,
464,1,464.0,0.0,32.0,32.0,0.2917289733886719,44.45272102020681,2801.326171875,,,,,
465,1,465.0,0.0,32.0,32.0,0.1540508270263672,43.87582099298015,2733.4013671875,,,,,
466,1,466.0,0.0,32.0,32.0,0.2540950775146484,51.53900000732392,3025.73583984375,,,,,
467,1,467.0,0.0,32.0,32.0,0.1476955413818359,55.9280930319801,3171.31201171875,,,,,
468,1,468.0,0.0,32.0,32.0,0.3417625427246094,41.73140600323677,2619.28369140625,,,,,
469,1,469.0,0.0,32.0,32.0,0.3116416931152344,42.80354600632563,2733.4013671875,,,,,
470,1,470.0,0.0,32.0,32.0,0.2035446166992187,49.35196100268513,2904.6611328125,,,,,
471,1,471.0,0.0,32.0,32.0,0.2110710144042968,48.16483502509072,2867.99169921875,,,,,
472,1,472.0,0.0,32.0,32.0,0.3113727569580078,43.34795096656308,2588.3369140625,,,,,
473,1,473.0,0.0,32.0,32.0,0.4199752807617187,45.61462497804314,2816.134765625,,,,,
474,1,474.0,0.0,32.0,32.0,0.1587791442871093,45.465869014151394,2801.326171875,,,,,
475,1,475.0,0.0,32.0,32.0,0.3612823486328125,57.439616008196026,3221.6025390625,,,,,
476,1,476.0,0.0,32.0,32.0,0.1515254974365234,44.53504999401048,2733.4013671875,,,,,
477,1,477.0,0.0,32.0,32.0,0.2106914520263672,49.34047401184216,3009.92138671875,,,,,
478,1,478.0,0.0,32.0,32.0,0.3187847137451172,42.198567010927945,2655.9453125,,,,,
479,1,479.0,0.0,32.0,32.0,0.430246353149414,49.61669602198526,3025.73583984375,,,,,
480,1,480.0,0.0,32.0,32.0,0.285614013671875,48.16963500343263,2867.99169921875,,,,,
481,1,481.0,0.0,32.0,32.0,0.2099952697753906,50.19861797336489,2904.6611328125,,,,,
482,1,482.0,0.0,32.0,32.0,0.3656978607177734,45.77526799403131,2801.326171875,,,,,
483,1,483.0,0.0,32.0,32.0,0.2376155853271484,45.51838798215613,2816.134765625,,,,,
484,1,484.0,0.0,32.0,32.0,0.3864669799804687,49.58804603666067,2907.79931640625,,,,,
485,1,485.0,0.0,32.0,32.0,0.3139114379882812,51.93787900498137,2963.337890625,,,,,
486,1,486.0,0.0,32.0,32.0,0.2849903106689453,52.81486996682361,3050.8896484375,,,,,
487,1,487.0,0.0,32.0,32.0,0.1255435943603515,51.64909205632284,2951.76416015625,,,,,
488,1,488.0,0.0,32.0,32.0,0.3191986083984375,47.50146099831909,2875.06591796875,,,,,
489,1,489.0,0.0,32.0,32.0,0.2908468246459961,49.2609060020186,2951.76416015625,,,,,
490,1,490.0,0.0,32.0,32.0,0.2091865539550781,56.61081400467083,3181.74951171875,,,,,
491,1,491.0,0.0,32.0,32.0,0.2543296813964844,44.79082202306017,2588.3369140625,,,,,
492,1,492.0,0.0,32.0,32.0,0.340484619140625,43.23269397718832,2733.4013671875,,,,,
493,1,493.0,0.0,32.0,32.0,0.1681079864501953,49.92965899873525,2907.79931640625,,,,,
494,1,494.0,0.0,32.0,32.0,0.1415319442749023,50.98001903388649,2907.79931640625,,,,,
495,1,495.0,0.0,32.0,32.0,0.1032495498657226,47.85069701028988,2875.06591796875,,,,,
496,1,496.0,0.0,32.0,32.0,0.0590181350708007,52.19861696241424,3050.8896484375,,,,,
497,1,497.0,0.0,32.0,32.0,0.3907909393310547,43.25614799745381,2694.33349609375,,,,,
498,1,498.0,0.0,32.0,32.0,0.2452230453491211,57.06493102479726,3221.6025390625,,,,,
499,1,499.0,0.0,32.0,32.0,0.2368831634521484,43.12216903781518,2655.9453125,,,,,
500,1,500.0,0.0,32.0,32.0,0.4716157913208008,45.5019410001114,2875.06591796875,,,,,
501,1,501.0,0.0,32.0,32.0,0.0406923294067382,46.06114799389616,2816.134765625,,,,,
502,1,502.0,0.0,32.0,32.0,0.2572803497314453,41.51566402288154,2513.87451171875,,,,,
503,1,503.0,0.0,32.0,32.0,0.2471141815185547,43.63130999263376,2778.75830078125,,,,,
504,1,504.0,0.0,32.0,32.0,0.1961941719055175,42.90332499658689,2655.9453125,,,,,
505,1,505.0,0.0,32.0,32.0,0.5896167755126953,46.18528496939689,2816.134765625,,,,,
506,1,506.0,0.0,32.0,32.0,0.2262306213378906,52.21821099985391,3050.8896484375,,,,,
507,1,507.0,0.0,32.0,32.0,0.1846623420715332,46.55709699727595,2801.326171875,,,,,
508,1,508.0,0.0,32.0,32.0,0.3038930892944336,43.179944972507656,2727.7080078125,,,,,
509,1,509.0,0.0,32.0,32.0,0.2094788551330566,42.14306402718648,2557.56201171875,,,,,
510,1,510.0,0.0,32.0,32.0,0.3534140586853027,50.59931398136541,2907.79931640625,,,,,
511,1,511.0,0.0,32.0,32.0,0.3744878768920898,42.06442297436297,2694.33349609375,,,,,
512,1,512.0,0.0,32.0,32.0,0.4003057479858398,44.51547400094569,2801.326171875,,,,,
513,1,513.0,0.0,32.0,32.0,0.2433404922485351,43.68588700890541,2588.3369140625,,,,,
514,1,514.0,0.0,32.0,32.0,0.3447065353393554,46.41271004220471,2816.134765625,,,,,
515,1,515.0,0.0,32.0,32.0,0.3759918212890625,50.10584503179416,2904.6611328125,,,,,
516,1,516.0,0.0,32.0,32.0,0.3613033294677734,42.496979993302375,2513.87451171875,,,,,
517,1,517.0,0.0,32.0,32.0,0.3142452239990234,45.93318997649476,2816.134765625,,,,,
518,1,518.0,0.0,32.0,32.0,0.2353363037109375,51.88981897663325,3034.4814453125,,,,,
519,1,519.0,0.0,32.0,32.0,0.3140420913696289,52.43491003056988,2970.58984375,,,,,
520,1,520.0,0.0,32.0,32.0,0.3158111572265625,51.80718400515616,2970.58984375,,,,,
521,1,521.0,0.0,32.0,32.0,0.3462677001953125,42.2679340117611,2619.28369140625,,,,,
522,1,522.0,0.0,32.0,32.0,0.2559947967529297,47.67566901864484,2904.6611328125,,,,,
523,1,523.0,0.0,32.0,32.0,0.3077659606933594,46.86579201370478,2816.134765625,,,,,
524,1,524.0,0.0,32.0,32.0,0.2283935546875,42.191209038719535,2683.17138671875,,,,,
525,1,525.0,0.0,32.0,32.0,0.2320766448974609,42.21777099883184,2655.9453125,,,,,
526,1,526.0,0.0,32.0,32.0,0.1125974655151367,42.68783400766552,2655.9453125,,,,,
527,1,527.0,0.0,32.0,32.0,0.443338394165039,42.27038501994684,2694.33349609375,,,,,
528,1,528.0,0.0,32.0,32.0,0.1753568649291992,43.4806760167703,2766.93994140625,,,,,
529,1,529.0,0.0,32.0,32.0,0.193735122680664,50.80077599268407,3025.73583984375,,,,,
530,1,530.0,0.0,32.0,32.0,0.1740050315856933,43.07814798085019,2625.908203125,,,,,
531,1,531.0,0.0,32.0,32.0,0.2713136672973633,43.20820595603436,2727.7080078125,,,,,
532,1,532.0,0.0,32.0,32.0,0.4658937454223633,46.5750900330022,2875.06591796875,,,,,
533,1,533.0,0.0,32.0,32.0,0.3533134460449219,42.68112499266863,2683.17138671875,,,,,
534,1,534.0,0.0,32.0,32.0,0.2416868209838867,44.220570998732,2816.134765625,,,,,
535,1,535.0,0.0,32.0,32.0,0.1341495513916015,46.27977701602504,2867.99169921875,,,,,
536,1,536.0,0.0,32.0,32.0,0.4717073440551758,47.605680010747164,2906.4150390625,,,,,
537,1,537.0,0.0,32.0,32.0,0.1955680847167968,56.083704985212535,3171.31201171875,,,,,
538,1,538.0,0.0,32.0,32.0,0.0434951782226562,43.08854497503489,2625.908203125,,,,,
539,1,539.0,0.0,32.0,32.0,0.2722463607788086,44.312283978797495,2766.93994140625,,,,,
540,1,540.0,0.0,32.0,32.0,0.4032526016235351,43.04627899546176,2694.33349609375,,,,,
541,1,541.0,0.0,32.0,32.0,0.2046308517456054,41.69250902486965,2655.9453125,,,,,
542,1,542.0,0.0,32.0,32.0,0.4363479614257812,42.20562503905967,2655.9453125,,,,,
543,1,543.0,0.0,32.0,32.0,0.2644481658935547,46.36619496159256,2816.134765625,,,,,
544,1,544.0,0.0,32.0,32.0,0.2640132904052734,50.374002021271735,2907.79931640625,,,,,
545,1,545.0,0.0,32.0,32.0,0.4284381866455078,45.49340903759003,2951.76416015625,,,,,
546,1,546.0,0.0,32.0,32.0,0.3506326675415039,55.20385998534039,3087.69775390625,,,,,
547,1,547.0,0.0,32.0,32.0,0.1809749603271484,47.48581303283572,2875.06591796875,,,,,
548,1,548.0,0.0,32.0,32.0,0.3251752853393554,48.80188498646021,2904.6611328125,,,,,
549,1,549.0,0.0,32.0,32.0,0.4632234573364258,44.14016101509333,2727.7080078125,,,,,
550,1,550.0,0.0,32.0,32.0,0.3908224105834961,42.21629799576476,2625.908203125,,,,,
551,1,551.0,0.0,32.0,32.0,0.2358903884887695,45.94702401664108,2816.134765625,,,,,
552,1,552.0,0.0,32.0,32.0,0.2151212692260742,42.69845603266731,2694.33349609375,,,,,
553,1,553.0,0.0,32.0,32.0,0.4417743682861328,44.448480010032654,2801.326171875,,,,,
554,1,554.0,0.0,32.0,32.0,0.1330757141113281,46.29583499627188,2816.134765625,,,,,
555,1,555.0,0.0,32.0,32.0,0.1430606842041015,50.51038699457422,2907.79931640625,,,,,
556,1,556.0,0.0,32.0,32.0,0.2426090240478515,42.98013699008152,2733.4013671875,,,,,
557,1,557.0,0.0,32.0,32.0,0.1994895935058593,46.07861500699073,2816.134765625,,,,,
558,1,558.0,0.0,32.0,32.0,0.2784976959228515,41.73917800653726,2513.87451171875,,,,,
559,1,559.0,0.0,32.0,32.0,0.1645088195800781,43.75176801113412,2778.75830078125,,,,,
560,1,560.0,0.0,32.0,32.0,0.2656688690185547,43.4127320186235,2727.7080078125,,,,,
561,1,561.0,0.0,32.0,32.0,0.2179489135742187,42.87485097302124,2694.33349609375,,,,,
562,1,562.0,0.0,32.0,32.0,0.148773193359375,43.8703449908644,2766.93994140625,,,,,
563,1,563.0,0.0,32.0,32.0,0.3620939254760742,48.04360296111554,2906.4150390625,,,,,
564,1,564.0,0.0,32.0,32.0,0.0900182723999023,47.73759300587699,2906.4150390625,,,,,
565,1,565.0,0.0,32.0,32.0,0.3187980651855469,46.63485899800435,2816.134765625,,,,,
566,1,566.0,0.0,32.0,32.0,0.1274747848510742,49.8427749844268,3009.92138671875,,,,,
567,1,567.0,0.0,32.0,32.0,0.3182134628295898,45.05215596873313,2588.3369140625,,,,,
568,1,568.0,0.0,32.0,32.0,0.3299922943115234,46.369527000933886,2906.4150390625,,,,,
569,1,569.0,0.0,32.0,32.0,0.2669677734375,56.060275004711,3181.74951171875,,,,,
570,1,570.0,0.0,32.0,32.0,0.5657520294189453,45.11596797965467,2778.75830078125,,,,,
571,1,571.0,0.0,32.0,32.0,0.1334209442138672,42.17395500745624,2625.908203125,,,,,
572,1,572.0,0.0,32.0,32.0,0.1590995788574218,46.08938400633633,2867.99169921875,,,,,
573,1,573.0,0.0,32.0,32.0,0.4536666870117187,46.37448996072635,2816.134765625,,,,,
574,1,574.0,0.0,32.0,32.0,0.3383197784423828,42.81094501493499,2694.33349609375,,,,,
575,1,575.0,0.0,32.0,32.0,0.4258565902709961,43.54152298765257,2766.93994140625,,,,,
576,1,576.0,0.0,32.0,32.0,0.3807058334350586,47.04212100477889,2875.06591796875,,,,,
577,1,577.0,0.0,32.0,32.0,0.2774124145507812,44.33909000363201,2766.93994140625,,,,,
578,1,578.0,0.0,32.0,32.0,0.2223396301269531,44.031928991898894,2766.93994140625,,,,,
579,1,579.0,0.0,32.0,32.0,0.1453208923339843,42.02885599806905,2766.93994140625,,,,,
580,1,580.0,0.0,32.0,32.0,0.2078990936279297,45.76936503872275,2816.134765625,,,,,
581,1,581.0,0.0,32.0,32.0,0.2791519165039062,41.05438297847286,2491.71826171875,,,,,
582,1,582.0,0.0,32.0,32.0,0.2601728439331054,40.85333400871605,2491.71826171875,,,,,
583,1,583.0,0.0,32.0,32.0,0.1816644668579101,42.86712396424264,2683.17138671875,,,,,
584,1,584.0,0.0,32.0,32.0,0.0620641708374023,44.028923031874,2733.4013671875,,,,,
585,1,585.0,0.0,32.0,32.0,0.3021373748779297,43.57770702335984,2766.93994140625,,,,,
586,1,586.0,0.0,32.0,32.0,0.1858301162719726,49.26468600751832,2904.6611328125,,,,,
587,1,587.0,0.0,32.0,32.0,0.4480953216552734,45.14219600241631,2733.4013671875,,,,,
588,1,588.0,0.0,32.0,32.0,0.2984943389892578,48.084122012369335,2906.4150390625,,,,,
589,1,589.0,0.0,32.0,32.0,0.3015069961547851,50.64794200006872,2951.76416015625,,,,,
590,1,590.0,0.0,32.0,32.0,0.6536245346069336,44.8150000302121,2588.3369140625,,,,,
591,1,591.0,0.0,32.0,32.0,0.4646515846252441,42.24347899435088,2733.4013671875,,,,,
592,1,592.0,0.0,32.0,32.0,0.0560469627380371,43.75111201079562,2733.4013671875,,,,,
593,1,593.0,0.0,32.0,32.0,0.3556385040283203,50.459203019272536,2904.6611328125,,,,,
594,1,594.0,0.0,32.0,32.0,0.3167376518249511,44.52059604227543,2778.75830078125,,,,,
595,1,595.0,0.0,32.0,32.0,0.5889992713928223,43.91266201855615,2733.4013671875,,,,,
596,1,596.0,0.0,32.0,32.0,0.3200645446777344,56.38300097780302,3194.6259765625,,,,,
597,1,597.0,0.0,32.0,32.0,0.4081649780273437,57.73064901586622,3194.6259765625,,,,,
598,1,598.0,0.0,32.0,32.0,0.193979263305664,47.77224897406995,2867.99169921875,,,,,
599,1,599.0,0.0,32.0,32.0,0.2672500610351562,44.06585800461471,2733.4013671875,,,,,
600,1,600.0,0.0,32.0,32.0,0.2622632980346679,49.62141398573294,2907.79931640625,,,,,
601,1,601.0,0.0,32.0,32.0,0.3100929260253906,44.896460021846,2778.75830078125,,,,,
602,1,602.0,0.0,32.0,32.0,0.1305446624755859,42.39615600090474,2766.93994140625,,,,,
603,1,603.0,0.0,32.0,32.0,0.3793792724609375,42.72220702841878,2694.33349609375,,,,,
604,1,604.0,0.0,32.0,32.0,0.1580066680908203,43.27764204936102,2778.75830078125,,,,,
605,1,605.0,0.0,32.0,32.0,0.3493251800537109,49.90759602515027,2907.79931640625,,,,,
606,1,606.0,0.0,32.0,32.0,0.3278388977050781,48.46699396148324,2867.99169921875,,,,,
607,1,607.0,0.0,32.0,32.0,0.1232271194458007,49.13095699157566,2904.6611328125,,,,,
608,1,608.0,0.0,32.0,32.0,0.180908203125,51.831210032105446,2951.76416015625,,,,,
609,1,609.0,0.0,32.0,32.0,0.248270034790039,58.50330495741218,3221.6025390625,,,,,
610,1,610.0,0.0,32.0,32.0,0.22802734375,44.62176898960024,2766.93994140625,,,,,
611,1,611.0,0.0,32.0,32.0,0.1857376098632812,44.01871701702476,2766.93994140625,,,,,
612,1,612.0,0.0,32.0,32.0,0.0842056274414062,44.04592502396554,2727.7080078125,,,,,
613,1,613.0,0.0,32.0,32.0,0.3114442825317383,40.510815975721925,2655.9453125,,,,,
614,1,614.0,0.0,32.0,32.0,0.3250455856323242,42.05662797903642,2625.908203125,,,,,
615,1,615.0,0.0,32.0,32.0,0.3057661056518554,43.27778599690646,2766.93994140625,,,,,
616,1,616.0,0.0,32.0,32.0,0.2708272933959961,42.89130197139457,2694.33349609375,,,,,
617,1,617.0,0.0,32.0,32.0,0.3637857437133789,43.03362697828561,2557.56201171875,,,,,
618,1,618.0,0.0,32.0,32.0,0.2016611099243164,44.46664702845737,2766.93994140625,,,,,
619,1,619.0,0.0,32.0,32.0,0.1513147354125976,52.43751098169014,3034.4814453125,,,,,
620,1,620.0,0.0,32.0,32.0,0.4166975021362304,42.89808601606637,2625.908203125,,,,,
621,1,621.0,0.0,32.0,32.0,0.3503084182739258,43.72345301089808,2733.4013671875,,,,,
622,1,622.0,0.0,32.0,32.0,0.2827920913696289,51.83443095302209,2970.58984375,,,,,
623,1,623.0,0.0,32.0,32.0,0.648280143737793,43.08696801308543,2563.7587890625,,,,,
624,1,624.0,0.0,32.0,32.0,0.110964298248291,52.1845780313015,3034.4814453125,,,,,
625,1,625.0,0.0,32.0,32.0,0.0544815063476562,41.70360299758613,2694.33349609375,,,,,
626,1,626.0,0.0,32.0,32.0,0.253448486328125,42.41114802425727,2694.33349609375,,,,,
627,1,627.0,0.0,32.0,32.0,0.4176139831542969,41.54244397068396,2513.87451171875,,,,,
628,1,628.0,0.0,32.0,32.0,0.1816987991333007,46.68042703997344,2867.99169921875,,,,,
629,1,629.0,0.0,32.0,32.0,0.1931285858154297,51.19090498192236,2963.337890625,,,,,
630,1,630.0,0.0,32.0,32.0,0.3664999008178711,44.883563998155296,2778.75830078125,,,,,
631,1,631.0,0.0,32.0,32.0,0.3526811599731445,43.34410501178354,2683.17138671875,,,,,
632,1,632.0,0.0,32.0,32.0,0.1715803146362304,57.475821988191456,3272.55712890625,,,,,
633,1,633.0,0.0,32.0,32.0,0.2365627288818359,43.643311015330255,2655.9453125,,,,,
634,1,634.0,0.0,32.0,32.0,0.2746543884277344,42.21166198840365,2625.908203125,,,,,
635,1,635.0,0.0,32.0,32.0,0.3469505310058594,37.966540025081486,2481.373046875,,,,,
636,1,636.0,0.0,32.0,32.0,0.4138164520263672,49.14665600517765,2904.6611328125,,,,,
637,1,637.0,0.0,32.0,32.0,0.4336977005004883,55.08237599860877,3124.951171875,,,,,
638,1,638.0,0.0,32.0,32.0,0.2364645004272461,44.70994498115033,2588.3369140625,,,,,
639,1,639.0,0.0,32.0,32.0,0.1711931228637695,44.613825040869415,2778.75830078125,,,,,
640,1,640.0,0.0,32.0,32.0,0.4582443237304687,42.67925396561623,2625.908203125,,,,,
641,1,641.0,0.0,32.0,32.0,0.1642017364501953,41.06441600015387,2619.28369140625,,,,,
642,1,642.0,0.0,32.0,32.0,0.117166519165039,49.09787402721122,2904.6611328125,,,,,
643,1,643.0,0.0,32.0,32.0,0.2171344757080078,48.671342025045305,2875.06591796875,,,,,
644,1,644.0,0.0,32.0,32.0,0.1621074676513672,46.3661759858951,2816.134765625,,,,,
645,1,645.0,0.0,32.0,32.0,0.1480112075805664,43.81714802002534,2766.93994140625,,,,,
646,1,646.0,0.0,32.0,32.0,0.1920557022094726,41.40757297864184,2619.28369140625,,,,,
647,1,647.0,0.0,32.0,32.0,0.1835460662841797,42.09434695076197,2694.33349609375,,,,,
648,1,648.0,0.0,32.0,32.0,0.4447917938232422,48.64239698508754,2951.76416015625,,,,,
649,1,649.0,0.0,32.0,32.0,0.3265790939331054,43.12834900338203,2683.17138671875,,,,,
650,1,650.0,0.0,32.0,32.0,0.2990798950195312,46.24130600132048,2816.134765625,,,,,
651,1,651.0,0.0,32.0,32.0,0.1988124847412109,43.29826304456219,2655.9453125,,,,,
652,1,652.0,0.0,32.0,32.0,0.2027406692504882,47.783742018509656,2906.4150390625,,,,,
653,1,653.0,0.0,32.0,32.0,0.2971553802490234,54.405774048063904,3087.69775390625,,,,,
654,1,654.0,0.0,32.0,32.0,0.0896549224853515,44.16468198178336,2733.4013671875,,,,,
655,1,655.0,0.0,32.0,32.0,0.240943431854248,47.37229103920981,2906.4150390625,,,,,
656,1,656.0,0.0,32.0,32.0,0.3903656005859375,42.75829799007624,2655.9453125,,,,,
657,1,657.0,0.0,32.0,32.0,0.1810216903686523,37.42236603284255,2417.24462890625,,,,,
658,1,658.0,0.0,32.0,32.0,0.2699289321899414,45.019336976110935,2801.326171875,,,,,
659,1,659.0,0.0,32.0,32.0,0.3208074569702148,40.88862496428192,2867.99169921875,,,,,
660,1,660.0,0.0,32.0,32.0,0.2333459854125976,42.8725240053609,2683.17138671875,,,,,
661,1,661.0,0.0,32.0,32.0,0.1627388000488281,43.00405195681378,2563.7587890625,,,,,
662,1,662.0,0.0,32.0,32.0,0.2198419570922851,43.9777469728142,2766.93994140625,,,,,
663,1,663.0,0.0,32.0,32.0,0.1944046020507812,44.26595097174868,2733.4013671875,,,,,
664,1,664.0,0.0,32.0,32.0,0.2088756561279297,45.15600501326844,2801.326171875,,,,,
665,1,665.0,0.0,32.0,32.0,0.286417007446289,42.75393596617505,2683.17138671875,,,,,
666,1,666.0,0.0,32.0,32.0,0.5295467376708984,43.52422396186739,2727.7080078125,,,,,
667,1,667.0,0.0,32.0,32.0,0.2446041107177734,44.18842698214576,2778.75830078125,,,,,
668,1,668.0,0.0,32.0,32.0,0.3240489959716797,49.92428299738094,2907.79931640625,,,,,
669,1,669.0,0.0,32.0,32.0,0.1085109710693359,43.23839902644977,2655.9453125,,,,,
670,1,670.0,0.0,32.0,32.0,0.2977027893066406,45.687357953283936,2801.326171875,,,,,
671,1,671.0,0.0,32.0,32.0,0.1832818984985351,41.81758599588648,2588.3369140625,,,,,
672,1,672.0,0.0,32.0,32.0,0.1940879821777343,43.45930501585826,2727.7080078125,,,,,
673,1,673.0,0.0,32.0,32.0,0.2202091217041015,52.29354096809402,3034.4814453125,,,,,
674,1,674.0,0.0,32.0,32.0,0.2975845336914062,42.21602901816368,2619.28369140625,,,,,
675,1,675.0,0.0,32.0,32.0,0.2069683074951172,41.41576198162511,2491.71826171875,,,,,
676,1,676.0,0.0,32.0,32.0,0.2649250030517578,41.54919501161203,2513.87451171875,,,,,
677,1,677.0,0.0,32.0,32.0,0.2505855560302734,55.05213100695983,3161.05322265625,,,,,
678,1,678.0,0.0,32.0,32.0,0.353546142578125,43.13867399469018,2625.908203125,,,,,
679,1,679.0,0.0,32.0,32.0,0.3012104034423828,45.18911801278591,2801.326171875,,,,,
680,1,680.0,0.0,32.0,32.0,0.1916561126708984,45.4015220166184,2801.326171875,,,,,
681,1,681.0,0.0,32.0,32.0,0.1071834564208984,42.8381779929623,2683.17138671875,,,,,
682,1,682.0,0.0,32.0,32.0,0.2608642578125,38.7867380050011,2447.654296875,,,,,
683,1,683.0,0.0,32.0,32.0,0.1508045196533203,44.08455896191299,2816.134765625,,,,,
684,1,684.0,0.0,32.0,32.0,0.2937469482421875,42.502035037614405,2563.7587890625,,,,,
685,1,685.0,0.0,32.0,32.0,0.1810455322265625,45.61635799473152,2816.134765625,,,,,
686,1,686.0,0.0,32.0,32.0,0.3036079406738281,42.42899100063369,2655.9453125,,,,,
687,1,687.0,0.0,32.0,32.0,0.45831298828125,44.10074296174571,2766.93994140625,,,,,
688,1,688.0,0.0,32.0,32.0,0.1877975463867187,46.85676301596686,2867.99169921875,,,,,
689,1,689.0,0.0,32.0,32.0,0.2820806503295898,56.199065991677344,3194.6259765625,,,,,
690,1,690.0,0.0,32.0,32.0,0.2714309692382812,44.148799031972885,2694.33349609375,,,,,
691,1,691.0,0.0,32.0,32.0,0.1852569580078125,46.28236498683691,2816.134765625,,,,,
692,1,692.0,0.0,32.0,32.0,0.1384801864624023,43.969132006168365,2778.75830078125,,,,,
693,1,693.0,0.0,32.0,32.0,0.3912038803100586,47.4216919974424,2875.06591796875,,,,,
694,1,694.0,0.0,32.0,32.0,0.2614521980285644,41.13036498893052,2557.56201171875,,,,,
695,1,695.0,0.0,32.0,32.0,0.4075489044189453,51.86618503648788,3050.8896484375,,,,,
696,1,696.0,0.0,32.0,32.0,0.4119377136230469,48.4979180037044,2906.4150390625,,,,,
697,1,697.0,0.0,32.0,32.0,0.3435249328613281,52.93738900218159,3034.4814453125,,,,,
698,1,698.0,0.0,32.0,32.0,0.3064136505126953,40.536749991588295,2481.373046875,,,,,
699,1,699.0,0.0,32.0,32.0,0.3482208251953125,43.4542809962295,2778.75830078125,,,,,
700,1,700.0,0.0,32.0,32.0,0.2568893432617187,50.40242697577924,3009.92138671875,,,,,
701,1,701.0,0.0,32.0,32.0,0.1899909973144531,42.35239198897034,2491.71826171875,,,,,
702,1,702.0,0.0,32.0,32.0,0.3176631927490234,43.98260702146217,2778.75830078125,,,,,
703,1,703.0,0.0,32.0,32.0,0.3171577453613281,52.888638980221,3050.8896484375,,,,,
704,1,704.0,0.0,32.0,32.0,0.4249801635742187,53.18523501046002,3034.4814453125,,,,,
705,1,705.0,0.0,32.0,32.0,0.2570266723632812,49.55940699437633,2951.76416015625,,,,,
706,1,706.0,0.0,32.0,32.0,0.2563209533691406,42.63465199619532,2625.908203125,,,,,
707,1,707.0,0.0,32.0,32.0,0.2115554809570312,50.37212400930002,2970.58984375,,,,,
708,1,708.0,0.0,32.0,32.0,0.1555118560791015,44.547760975547135,2727.7080078125,,,,,
709,1,709.0,0.0,32.0,32.0,0.2638511657714844,50.316029984969646,2951.76416015625,,,,,
710,1,710.0,0.0,32.0,32.0,0.2976016998291015,44.20178500004113,2694.33349609375,,,,,
711,1,711.0,0.0,32.0,32.0,0.383976936340332,55.78922497807071,3171.31201171875,,,,,
712,1,712.0,0.0,32.0,32.0,0.3020296096801758,43.949389015324414,2694.33349609375,,,,,
713,1,713.0,0.0,32.0,32.0,0.2221393585205078,42.88870003074408,2694.33349609375,,,,,
714,1,714.0,0.0,32.0,32.0,0.3224735260009765,42.1158509561792,2563.7587890625,,,,,
715,1,715.0,0.0,32.0,32.0,0.1597557067871093,43.17063797498122,2727.7080078125,,,,,
716,1,716.0,0.0,32.0,32.0,0.3265810012817383,40.22408998571336,2683.17138671875,,,,,
717,1,717.0,0.0,32.0,32.0,0.055464744567871,46.2506579933688,2816.134765625,,,,,
718,1,718.0,0.0,32.0,32.0,0.3534727096557617,47.53351002000272,2875.06591796875,,,,,
719,1,719.0,0.0,32.0,32.0,0.3039379119873047,42.3734619980678,2625.908203125,,,,,
720,1,720.0,0.0,32.0,32.0,0.2842798233032226,51.57175898784772,3034.4814453125,,,,,
721,1,721.0,0.0,32.0,32.0,0.1972818374633789,58.41886100824922,3194.6259765625,,,,,
722,1,722.0,0.0,32.0,32.0,0.2637519836425781,50.93595100333914,2904.6611328125,,,,,
723,1,723.0,0.0,32.0,32.0,0.2460451126098632,48.787806998007,2906.4150390625,,,,,
724,1,724.0,0.0,32.0,32.0,0.4784498214721679,43.17918897140771,2683.17138671875,,,,,
725,1,725.0,0.0,32.0,32.0,0.2423076629638672,42.2034640214406,2625.908203125,,,,,
726,1,726.0,0.0,32.0,32.0,0.2940216064453125,43.44250401481986,2588.3369140625,,,,,
727,1,727.0,0.0,32.0,32.0,0.1917800903320312,45.09538400452584,2867.99169921875,,,,,
728,1,728.0,0.0,32.0,32.0,0.2854652404785156,50.81763199996203,3009.92138671875,,,,,
729,1,729.0,0.0,32.0,32.0,0.1969375610351562,44.88127800868824,2588.3369140625,,,,,
730,1,730.0,0.0,32.0,32.0,0.3067569732666015,46.84647696558386,2875.06591796875,,,,,
731,1,731.0,0.0,32.0,32.0,0.3155193328857422,38.98337797727436,2481.373046875,,,,,
732,1,732.0,0.0,32.0,32.0,0.1769294738769531,46.32234602468088,2816.134765625,,,,,
733,1,733.0,0.0,32.0,32.0,0.2406368255615234,45.13643297832459,2801.326171875,,,,,
734,1,734.0,0.0,32.0,32.0,0.1807289123535156,44.080974999815226,2778.75830078125,,,,,
735,1,735.0,0.0,32.0,32.0,0.284646987915039,48.25886298203841,2906.4150390625,,,,,
736,1,736.0,0.0,32.0,32.0,0.2264080047607422,54.67795900767669,3161.05322265625,,,,,
737,1,737.0,0.0,32.0,32.0,0.3129501342773437,45.04470003303141,2778.75830078125,,,,,
738,1,738.0,0.0,32.0,32.0,0.315826416015625,39.46600895142183,2619.28369140625,,,,,
739,1,739.0,0.0,32.0,32.0,0.2910480499267578,45.77297501964495,2867.99169921875,,,,,
740,1,740.0,0.0,32.0,32.0,0.372018814086914,43.76153595512733,2766.93994140625,,,,,
741,1,741.0,0.0,32.0,32.0,0.3685817718505859,44.12969102850184,2733.4013671875,,,,,
742,1,742.0,0.0,32.0,32.0,0.2091064453125,43.25515398522839,2557.56201171875,,,,,
743,1,743.0,0.0,32.0,32.0,0.2838287353515625,50.53527496056631,2907.79931640625,,,,,
744,1,744.0,0.0,32.0,32.0,0.2139148712158203,48.70334902079776,2867.99169921875,,,,,
745,1,745.0,0.0,32.0,32.0,0.3040485382080078,44.038032996468246,2733.4013671875,,,,,
746,1,746.0,0.0,32.0,32.0,0.2520751953125,50.13407301157713,2907.79931640625,,,,,
747,1,747.0,0.0,32.0,32.0,0.2668838500976562,45.13919603778049,2733.4013671875,,,,,
748,1,748.0,0.0,32.0,32.0,0.2708015441894531,43.9475669991225,2733.4013671875,,,,,
749,1,749.0,0.0,32.0,32.0,0.2928638458251953,48.41175000183284,2970.58984375,,,,,
750,1,750.0,0.0,32.0,32.0,0.2517957687377929,47.55374300293624,2816.134765625,,,,,
751,1,751.0,0.0,32.0,32.0,0.3283100128173828,46.947629016358405,2875.06591796875,,,,,
752,1,752.0,0.0,32.0,32.0,0.3956947326660156,50.49220600631088,2907.79931640625,,,,,
753,1,753.0,0.0,32.0,32.0,0.4842472076416015,48.59572503482923,2906.4150390625,,,,,
754,1,754.0,0.0,32.0,32.0,0.2178668975830078,43.60447498038411,2733.4013671875,,,,,
755,1,755.0,0.0,32.0,32.0,0.5824375152587891,42.38090902799741,2563.7587890625,,,,,
756,1,756.0,0.0,32.0,32.0,0.1819496154785156,38.11608703108504,2447.654296875,,,,,
757,1,757.0,0.0,32.0,32.0,0.2348365783691406,50.9900149772875,3009.92138671875,,,,,
758,1,758.0,0.0,32.0,32.0,0.4036216735839844,43.72250300366432,2683.17138671875,,,,,
759,1,759.0,0.0,32.0,32.0,0.5286598205566406,44.20072404900566,2766.93994140625,,,,,
760,1,760.0,0.0,32.0,32.0,0.3342037200927734,41.08139598974958,2727.7080078125,,,,,
761,1,761.0,0.0,32.0,32.0,0.1986198425292968,42.472416011150926,2655.9453125,,,,,
762,1,762.0,0.0,32.0,32.0,0.1400985717773437,43.80283103091642,2778.75830078125,,,,,
763,1,763.0,0.0,32.0,32.0,0.3097476959228515,49.90810697199777,2907.79931640625,,,,,
764,1,764.0,0.0,32.0,32.0,0.1451320648193359,44.4170210394077,2683.17138671875,,,,,
765,1,765.0,0.0,32.0,32.0,0.5295162200927734,49.74142898572609,2904.6611328125,,,,,
766,1,766.0,0.0,32.0,32.0,0.288578987121582,43.87769696768373,2694.33349609375,,,,,
767,1,767.0,0.0,32.0,32.0,0.15228271484375,44.06617698259652,2733.4013671875,,,,,
768,1,768.0,0.0,32.0,32.0,0.4390649795532226,42.512752988841385,2625.908203125,,,,,
769,1,769.0,0.0,32.0,32.0,0.1704959869384765,45.93132698209956,2816.134765625,,,,,
770,1,770.0,0.0,32.0,32.0,0.1642103195190429,50.34239299129695,3025.73583984375,,,,,
771,1,771.0,0.0,32.0,32.0,0.4279346466064453,40.31422303523868,2619.28369140625,,,,,
772,1,772.0,0.0,32.0,32.0,0.0825023651123046,47.94180201133713,2906.4150390625,,,,,
773,1,773.0,0.0,32.0,32.0,0.1071853637695312,44.17881602421403,2588.3369140625,,,,,
774,1,774.0,0.0,32.0,32.0,0.2712116241455078,41.06721596326679,2619.28369140625,,,,,
775,1,775.0,0.0,32.0,32.0,0.2348232269287109,43.778238992672414,2766.93994140625,,,,,
776,1,776.0,0.0,32.0,32.0,0.0873861312866211,42.55566099891439,2655.9453125,,,,,
777,1,777.0,0.0,32.0,32.0,0.3799924850463867,57.72344401339069,3221.6025390625,,,,,
778,1,778.0,0.0,32.0,32.0,0.272282600402832,47.46458202134818,2816.134765625,,,,,
779,1,779.0,0.0,32.0,32.0,0.2970809936523437,45.01361795701087,2801.326171875,,,,,
780,1,780.0,0.0,32.0,32.0,0.0602102279663085,41.40492301667109,2619.28369140625,,,,,
781,1,781.0,0.0,32.0,32.0,0.0334081649780273,46.14406795008108,2816.134765625,,,,,
782,1,782.0,0.0,32.0,32.0,0.2911329269409179,41.13940300885588,2778.75830078125,,,,,
783,1,783.0,0.0,32.0,32.0,0.3914060592651367,43.83179801516235,2733.4013671875,,,,,
784,1,784.0,0.0,32.0,32.0,0.2554473876953125,50.21708097774536,2951.76416015625,,,,,
785,1,785.0,0.0,32.0,32.0,0.1288719177246093,45.22862401790917,2766.93994140625,,,,,
786,1,786.0,0.0,32.0,32.0,0.2474346160888672,50.37081200862304,3009.92138671875,,,,,
787,1,787.0,0.0,32.0,32.0,0.3394908905029297,49.30561099899933,2906.4150390625,,,,,
788,1,788.0,0.0,32.0,32.0,0.0893630981445312,50.69635598920286,3025.73583984375,,,,,
789,1,789.0,0.0,32.0,32.0,0.1020460128784179,46.90920497523621,2801.326171875,,,,,
790,1,790.0,0.0,32.0,32.0,0.0632400512695312,50.132444011978805,2951.76416015625,,,,,
791,1,791.0,0.0,32.0,32.0,0.1986951828002929,48.17749198991805,2867.99169921875,,,,,
792,1,792.0,0.0,32.0,32.0,0.3634672164916992,51.965143997222185,3034.4814453125,,,,,
793,1,793.0,0.0,32.0,32.0,0.3106584548950195,42.1956570353359,2727.7080078125,,,,,
794,1,794.0,0.0,32.0,32.0,0.3337163925170898,55.63889199402183,3171.31201171875,,,,,
795,1,795.0,0.0,32.0,32.0,0.4590005874633789,43.56455203378573,2694.33349609375,,,,,
796,1,796.0,0.0,32.0,32.0,0.1807527542114257,51.750553015153855,2963.337890625,,,,,
797,1,797.0,0.0,32.0,32.0,0.2261180877685547,44.06073101563379,2778.75830078125,,,,,
798,1,798.0,0.0,32.0,32.0,0.3417940139770508,42.336006998084486,2563.7587890625,,,,,
799,1,799.0,0.0,32.0,32.0,0.2549009323120117,54.97508897678927,3124.951171875,,,,,
800,1,800.0,0.0,32.0,32.0,0.3273572921752929,44.241307012271136,2727.7080078125,,,,,
801,1,801.0,0.0,32.0,32.0,0.1042871475219726,44.01009198045358,2733.4013671875,,,,,
802,1,802.0,0.0,32.0,32.0,0.3566093444824219,44.89407502114773,2801.326171875,,,,,
803,1,803.0,0.0,32.0,32.0,0.2161273956298828,46.01194901624695,2867.99169921875,,,,,
804,1,804.0,0.0,32.0,32.0,0.2626943588256836,43.46758796600625,2801.326171875,,,,,
805,1,805.0,0.0,32.0,32.0,0.3551082611083984,54.33464195812121,3087.69775390625,,,,,
806,1,806.0,0.0,32.0,32.0,0.1270828247070312,39.565299986861646,2440.67236328125,,,,,
807,1,807.0,0.0,32.0,32.0,0.1803398132324218,52.42988298414275,3050.8896484375,,,,,
808,1,808.0,0.0,32.0,32.0,0.1719284057617187,44.29899295791984,2733.4013671875,,,,,
809,1,809.0,0.0,32.0,32.0,0.3158607482910156,48.01293701166287,2906.4150390625,,,,,
810,1,810.0,0.0,32.0,32.0,0.1189279556274414,44.17225200450048,2727.7080078125,,,,,
811,1,811.0,0.0,32.0,32.0,0.1187391281127929,49.77222997695208,2904.6611328125,,,,,
812,1,812.0,0.0,32.0,32.0,0.1796836853027343,43.8207239494659,2694.33349609375,,,,,
813,1,813.0,0.0,32.0,32.0,0.4497737884521484,48.32570703001693,2906.4150390625,,,,,
814,1,814.0,0.0,32.0,32.0,0.2215585708618164,41.45396902458742,2619.28369140625,,,,,
815,1,815.0,0.0,32.0,32.0,0.148630142211914,35.3277389658615,2447.654296875,,,,,
816,1,816.0,0.0,32.0,32.0,0.1316595077514648,42.94598801061511,2727.7080078125,,,,,
817,1,817.0,0.0,32.0,32.0,0.3836536407470703,45.26879801414907,2801.326171875,,,,,
818,1,818.0,0.0,32.0,32.0,0.3705987930297851,50.89652497554198,2907.79931640625,,,,,
819,1,819.0,0.0,32.0,32.0,0.2477607727050781,43.723431997932494,2563.7587890625,,,,,
820,1,820.0,0.0,32.0,32.0,0.2501993179321289,50.65809999359772,2907.79931640625,,,,,
821,1,821.0,0.0,32.0,32.0,0.1634316444396972,44.06395100522786,2694.33349609375,,,,,
822,1,822.0,0.0,32.0,32.0,0.2472982406616211,50.27438997058198,3025.73583984375,,,,,
823,1,823.0,0.0,32.0,32.0,0.1111574172973632,40.403574996162206,2481.373046875,,,,,
824,1,824.0,0.0,32.0,32.0,0.2110013961791992,41.36442200979218,2513.87451171875,,,,,
825,1,825.0,0.0,32.0,32.0,0.4088926315307617,47.330153989605606,2875.06591796875,,,,,
826,1,826.0,0.0,32.0,32.0,0.1966981887817382,38.777435023803264,2447.654296875,,,,,
827,1,827.0,0.0,32.0,32.0,0.2407259941101074,46.9972729915753,3009.92138671875,,,,,
828,1,828.0,0.0,32.0,32.0,0.1588096618652343,44.95452897390351,2766.93994140625,,,,,
829,1,829.0,0.0,32.0,32.0,0.3537073135375976,42.90528100682423,2557.56201171875,,,,,
830,1,830.0,0.0,32.0,32.0,0.1559057235717773,43.74664998613298,2727.7080078125,,,,,
831,1,831.0,0.0,32.0,32.0,0.2060422897338867,50.80662801628933,2963.337890625,,,,,
832,1,832.0,0.0,32.0,32.0,0.4518861770629883,43.81211800500751,2655.9453125,,,,,
833,1,833.0,0.0,32.0,32.0,0.2412652969360351,44.49663800187409,2778.75830078125,,,,,
834,1,834.0,0.0,32.0,32.0,0.2923240661621094,41.66236001765356,2619.28369140625,,,,,
835,1,835.0,0.0,32.0,32.0,0.2147789001464843,40.71516304975376,2619.28369140625,,,,,
836,1,836.0,0.0,32.0,32.0,0.2783155441284179,43.61377999885008,2588.3369140625,,,,,
837,1,837.0,0.0,32.0,32.0,0.2590770721435547,42.04501101048663,2513.87451171875,,,,,
838,1,838.0,0.0,32.0,32.0,0.3119058609008789,47.39912803051993,2875.06591796875,,,,,
839,1,839.0,0.0,32.0,32.0,0.2470827102661132,40.12319300090894,2625.908203125,,,,,
840,1,840.0,0.0,32.0,32.0,0.2809228897094726,41.07472096802667,2491.71826171875,,,,,
841,1,841.0,0.0,32.0,32.0,0.2746868133544922,49.65335404267535,2907.79931640625,,,,,
842,1,842.0,0.0,32.0,32.0,0.1957931518554687,54.49656199198216,3050.8896484375,,,,,
843,1,843.0,0.0,32.0,32.0,0.3147249221801758,47.67175897723064,2816.134765625,,,,,
844,1,844.0,0.0,32.0,32.0,0.2444047927856445,53.76750597497448,3103.48876953125,,,,,
845,1,845.0,0.0,32.0,32.0,0.2847566604614258,50.91042997082696,3009.92138671875,,,,,
846,1,846.0,0.0,32.0,32.0,0.2979383468627929,46.08540202025324,2801.326171875,,,,,
847,1,847.0,0.0,32.0,32.0,0.1576595306396484,52.68949299352244,3050.8896484375,,,,,
848,1,848.0,0.0,32.0,32.0,0.3332109451293945,42.23873297451064,2619.28369140625,,,,,
849,1,849.0,0.0,32.0,32.0,0.2398481369018554,44.57307298434898,2801.326171875,,,,,
850,1,850.0,0.0,32.0,32.0,0.1832408905029297,39.47969304863364,2625.908203125,,,,,
851,1,851.0,0.0,32.0,32.0,0.4121122360229492,43.617755989544094,2588.3369140625,,,,,
852,1,852.0,0.0,32.0,32.0,0.2263240814208984,44.33347895974293,2778.75830078125,,,,,
853,1,853.0,0.0,32.0,32.0,0.2183437347412109,48.66778303403407,2906.4150390625,,,,,
854,1,854.0,0.0,32.0,32.0,0.2279539108276367,47.568184963893145,2867.99169921875,,,,,
855,1,855.0,0.0,32.0,32.0,0.2331914901733398,41.55627399450168,2491.71826171875,,,,,
856,1,856.0,0.0,32.0,32.0,0.3353109359741211,45.95891496865079,2801.326171875,,,,,
857,1,857.0,0.0,32.0,32.0,0.2933907508850097,42.34242904931307,2683.17138671875,,,,,
858,1,858.0,0.0,32.0,32.0,0.3246984481811523,45.768250012770295,2816.134765625,,,,,
859,1,859.0,0.0,32.0,32.0,0.4574427604675293,45.71742098778486,2801.326171875,,,,,
860,1,860.0,0.0,32.0,32.0,0.1935844421386718,51.59778299275786,2970.58984375,,,,,
861,1,861.0,0.0,32.0,32.0,0.314615249633789,44.48881995631382,2778.75830078125,,,,,
862,1,862.0,0.0,32.0,32.0,0.1666469573974609,39.80515501461923,2513.87451171875,,,,,
863,1,863.0,0.0,32.0,32.0,0.1935710906982422,48.11219900147989,2906.4150390625,,,,,
864,1,864.0,0.0,32.0,32.0,0.2863168716430664,47.137746994849294,2867.99169921875,,,,,
865,1,865.0,0.0,32.0,32.0,0.1158037185668945,42.52416803501546,2625.908203125,,,,,
866,1,866.0,0.0,32.0,32.0,0.3891406059265136,49.88799098646268,2904.6611328125,,,,,
867,1,867.0,0.0,32.0,32.0,0.2017397880554199,57.43359198095277,3181.74951171875,,,,,
868,1,868.0,0.0,32.0,32.0,0.2660613059997558,46.95664200698957,2816.134765625,,,,,
869,1,869.0,0.0,32.0,32.0,0.2533717155456543,45.40017701219767,2801.326171875,,,,,
870,1,870.0,0.0,32.0,32.0,0.3179407119750976,55.77789701055735,3181.74951171875,,,,,
871,1,871.0,0.0,32.0,32.0,0.1468706130981445,55.19186402671039,3103.48876953125,,,,,
872,1,872.0,0.0,32.0,32.0,0.1800723075866699,44.389989983756095,2778.75830078125,,,,,
873,1,873.0,0.0,32.0,32.0,0.3739080429077148,44.75455899955705,2867.99169921875,,,,,
874,1,874.0,0.0,32.0,32.0,0.2191362380981445,49.78467297041789,2904.6611328125,,,,,
875,1,875.0,0.0,32.0,32.0,0.4038915634155273,53.0289729940705,2970.58984375,,,,,
876,1,876.0,0.0,32.0,32.0,0.1376943588256836,43.32862503360957,2563.7587890625,,,,,
877,1,877.0,0.0,32.0,32.0,0.1306123733520507,46.33734602248296,2867.99169921875,,,,,
878,1,878.0,0.0,32.0,32.0,0.114389419555664,45.7452799892053,2801.326171875,,,,,
879,1,879.0,0.0,32.0,32.0,0.2744855880737304,47.07364796195179,2875.06591796875,,,,,
880,1,880.0,0.0,32.0,32.0,0.3107166290283203,44.30942999897525,2778.75830078125,,,,,
881,1,881.0,0.0,32.0,32.0,0.1353359222412109,44.0919260145165,2778.75830078125,,,,,
882,1,882.0,0.0,32.0,32.0,0.2936620712280273,56.380531983450055,3171.31201171875,,,,,
883,1,883.0,0.0,32.0,32.0,0.1106452941894531,42.22671000752598,2619.28369140625,,,,,
884,1,884.0,0.0,32.0,32.0,0.4514522552490234,37.25167002994567,2727.7080078125,,,,,
885,1,885.0,0.0,32.0,32.0,0.1834688186645507,41.571205016225576,2513.87451171875,,,,,
886,1,886.0,0.0,32.0,32.0,0.2199211120605468,42.37643402302638,2625.908203125,,,,,
887,1,887.0,0.0,32.0,32.0,0.3841161727905273,43.41586097143591,2733.4013671875,,,,,
888,1,888.0,0.0,32.0,32.0,0.2575798034667969,42.28981700725853,2625.908203125,,,,,
889,1,889.0,0.0,32.0,32.0,0.3080663681030273,58.1338859628886,3259.31494140625,,,,,
890,1,890.0,0.0,32.0,32.0,0.3223018646240234,44.605461007449776,2727.7080078125,,,,,
891,1,891.0,0.0,32.0,32.0,0.2775325775146484,42.96141298254952,2683.17138671875,,,,,
892,1,892.0,0.0,32.0,32.0,0.1974964141845703,40.97168002044782,2619.28369140625,,,,,
893,1,893.0,0.0,32.0,32.0,0.178232192993164,44.3053690250963,2727.7080078125,,,,,
894,1,894.0,0.0,32.0,32.0,0.1092948913574218,44.417224009521306,2801.326171875,,,,,
895,1,895.0,0.0,32.0,32.0,0.1654748916625976,42.55935800028965,2683.17138671875,,,,,
896,1,896.0,0.0,32.0,32.0,0.3424339294433594,43.848949018865824,2816.134765625,,,,,
897,1,897.0,0.0,32.0,32.0,0.1519079208374023,45.93189398292452,2801.326171875,,,,,
898,1,898.0,0.0,32.0,32.0,0.3260822296142578,43.87054196558893,2766.93994140625,,,,,
899,1,899.0,0.0,32.0,32.0,0.0961847305297851,41.82927700458095,2513.87451171875,,,,,
900,1,900.0,0.0,32.0,32.0,0.2316341400146484,43.45937195466831,2766.93994140625,,,,,
901,1,901.0,0.0,32.0,32.0,0.2838621139526367,43.15156798111275,2557.56201171875,,,,,
902,1,902.0,0.0,32.0,32.0,0.2205820083618164,42.835181986447424,2557.56201171875,,,,,
903,1,903.0,0.0,32.0,32.0,0.1251163482666015,48.19099302403629,2875.06591796875,,,,,
904,1,904.0,0.0,32.0,32.0,0.1390457153320312,42.89042402524501,2655.9453125,,,,,
905,1,905.0,0.0,32.0,32.0,0.2474594116210937,50.79321999801323,2951.76416015625,,,,,
906,1,906.0,0.0,32.0,32.0,0.2450218200683593,48.87197498464957,2906.4150390625,,,,,
907,1,907.0,0.0,32.0,32.0,0.1585617065429687,43.51740900892764,2727.7080078125,,,,,
908,1,908.0,0.0,32.0,32.0,0.1849079132080078,52.32717702165246,3161.05322265625,,,,,
909,1,909.0,0.0,32.0,32.0,0.4828839302062988,42.94851695885882,2513.87451171875,,,,,
910,1,910.0,0.0,32.0,32.0,0.353738784790039,47.93245799373835,2906.4150390625,,,,,
911,1,911.0,0.0,32.0,32.0,0.2353582382202148,50.805901002604514,3025.73583984375,,,,,
912,1,912.0,0.0,32.0,32.0,0.3775568008422851,43.53550303494558,2655.9453125,,,,,
913,1,913.0,0.0,32.0,32.0,0.2697582244873047,43.41714398469776,2694.33349609375,,,,,
914,1,914.0,0.0,32.0,32.0,0.1384191513061523,52.6444889837876,3050.8896484375,,,,,
915,1,915.0,0.0,32.0,32.0,0.085113525390625,48.33806201349944,2875.06591796875,,,,,
916,1,916.0,0.0,32.0,32.0,0.2923355102539062,53.92062896862626,3087.69775390625,,,,,
917,1,917.0,0.0,32.0,32.0,0.263071060180664,48.17645600996912,2867.99169921875,,,,,
918,1,918.0,0.0,32.0,32.0,0.2289886474609375,46.81967897340655,2867.99169921875,,,,,
919,1,919.0,0.0,32.0,32.0,0.0811328887939453,42.99213597550988,2816.134765625,,,,,
920,1,920.0,0.0,32.0,32.0,0.3322925567626953,50.27849203906953,2906.4150390625,,,,,
921,1,921.0,0.0,32.0,32.0,0.2243900299072265,52.16991697670892,3103.48876953125,,,,,
922,1,922.0,0.0,32.0,32.0,0.3541574478149414,44.78345398092642,2766.93994140625,,,,,
923,1,923.0,0.0,32.0,32.0,0.0693559646606445,47.76653496082872,2906.4150390625,,,,,
924,1,924.0,0.0,32.0,32.0,0.256082534790039,43.8636330072768,2727.7080078125,,,,,
925,1,925.0,0.0,32.0,32.0,0.189554214477539,44.51099800644442,2778.75830078125,,,,,
926,1,926.0,0.0,32.0,32.0,0.2357921600341797,39.00867898482829,2481.373046875,,,,,
927,1,927.0,0.0,32.0,32.0,0.318817138671875,43.84151997510344,2778.75830078125,,,,,
928,1,928.0,0.0,32.0,32.0,0.088357925415039,37.54427604144439,2417.24462890625,,,,,
929,1,929.0,0.0,32.0,32.0,0.1751117706298828,42.59321803692728,2683.17138671875,,,,,
930,1,930.0,0.0,32.0,32.0,0.1575756072998047,45.05774402059615,2816.134765625,,,,,
931,1,931.0,0.0,32.0,32.0,0.3507976531982422,47.35614004312083,3009.92138671875,,,,,
932,1,932.0,0.0,32.0,32.0,0.1891193389892578,49.41139998845756,2906.4150390625,,,,,
933,1,933.0,0.0,32.0,32.0,0.3735389709472656,53.11021604575217,3050.8896484375,,,,,
934,1,934.0,0.0,32.0,32.0,0.2246036529541015,48.2230709749274,2875.06591796875,,,,,
935,1,935.0,0.0,32.0,32.0,0.3283729553222656,54.77668298408389,3087.69775390625,,,,,
936,1,936.0,0.0,32.0,32.0,0.243295669555664,42.31368302134797,2491.71826171875,,,,,
937,1,937.0,0.0,32.0,32.0,0.3010749816894531,40.94294999958947,2619.28369140625,,,,,
938,1,938.0,0.0,32.0,32.0,0.2774906158447265,50.29651097720489,2907.79931640625,,,,,
939,1,939.0,0.0,32.0,32.0,0.3011016845703125,46.072903962340206,2801.326171875,,,,,
940,1,940.0,0.0,32.0,32.0,0.2791366577148437,50.09138199966401,2907.79931640625,,,,,
941,1,941.0,0.0,32.0,32.0,0.2449531555175781,47.98534500878304,2816.134765625,,,,,
942,1,942.0,0.0,32.0,32.0,0.2773399353027344,50.39282300276682,3087.69775390625,,,,,
943,1,943.0,0.0,32.0,32.0,0.1750335693359375,43.340764997992665,2655.9453125,,,,,
944,1,944.0,0.0,32.0,32.0,0.2622699737548828,45.8819440100342,2816.134765625,,,,,
945,1,945.0,0.0,32.0,32.0,0.2279949188232422,50.16185500426218,2907.79931640625,,,,,
946,1,946.0,0.0,32.0,32.0,0.0640029907226562,42.372336029075086,2619.28369140625,,,,,
947,1,947.0,0.0,32.0,32.0,0.1013622283935546,43.66921802284196,2727.7080078125,,,,,
948,1,948.0,0.0,32.0,32.0,0.6579360961914062,45.51504796836525,2816.134765625,,,,,
949,1,949.0,0.0,32.0,32.0,0.2328929901123047,46.89159500412643,2875.06591796875,,,,,
950,1,950.0,0.0,32.0,32.0,0.2495546340942382,47.180554014630616,2875.06591796875,,,,,
951,1,951.0,0.0,32.0,32.0,0.3726892471313476,51.436892012134194,2970.58984375,,,,,
952,1,952.0,0.0,32.0,32.0,0.441141128540039,44.89222198026255,2733.4013671875,,,,,
953,1,953.0,0.0,32.0,32.0,0.0708675384521484,39.74070795811713,2694.33349609375,,,,,
954,1,954.0,0.0,32.0,32.0,0.4146442413330078,45.7635410130024,2816.134765625,,,,,
955,1,955.0,0.0,32.0,32.0,0.2615337371826172,47.8062320034951,2875.06591796875,,,,,
956,1,956.0,0.0,32.0,32.0,0.167398452758789,41.81146097835153,2491.71826171875,,,,,
957,1,957.0,0.0,32.0,32.0,0.111485481262207,43.69118897011504,2778.75830078125,,,,,
958,1,958.0,0.0,32.0,32.0,0.3998212814331054,50.61105702770874,2907.79931640625,,,,,
959,1,959.0,0.0,32.0,32.0,0.3347835540771484,49.66665699612349,2906.4150390625,,,,,
960,1,960.0,0.0,32.0,32.0,0.3474464416503906,42.81344398623333,2655.9453125,,,,,
961,1,961.0,0.0,32.0,32.0,0.3124012947082519,48.27242804458365,2906.4150390625,,,,,
962,1,962.0,0.0,32.0,32.0,0.1395750045776367,47.43011301616207,2867.99169921875,,,,,
963,1,963.0,0.0,32.0,32.0,0.2583370208740234,41.81187797803432,2491.71826171875,,,,,
964,1,964.0,0.0,32.0,32.0,0.3282966613769531,39.74596195621416,2694.33349609375,,,,,
965,1,965.0,0.0,32.0,32.0,0.1006803512573242,43.21235598763451,2733.4013671875,,,,,
966,1,966.0,0.0,32.0,32.0,0.2214460372924804,43.535862991120666,2694.33349609375,,,,,
967,1,967.0,0.0,32.0,32.0,0.2875308990478515,44.55713398056105,2778.75830078125,,,,,
968,1,968.0,0.0,32.0,32.0,0.3312845230102539,50.406825030222535,2951.76416015625,,,,,
969,1,969.0,0.0,32.0,32.0,0.115640640258789,48.29780099680647,2867.99169921875,,,,,
970,1,970.0,0.0,32.0,32.0,0.2928466796875,54.08858699956909,3087.69775390625,,,,,
971,1,971.0,0.0,32.0,32.0,0.4629535675048828,48.63464803202078,2906.4150390625,,,,,
972,1,972.0,0.0,32.0,32.0,0.5566444396972656,46.45327100297436,2816.134765625,,,,,
973,1,973.0,0.0,32.0,32.0,0.0590267181396484,43.24729600921273,2727.7080078125,,,,,
974,1,974.0,0.0,32.0,32.0,0.6913642883300781,45.77246302505955,2801.326171875,,,,,
975,1,975.0,0.0,32.0,32.0,0.3870220184326172,40.867605013772845,2588.3369140625,,,,,
976,1,976.0,0.0,32.0,32.0,0.269968032836914,42.49664500821382,2655.9453125,,,,,
977,1,977.0,0.0,32.0,32.0,0.237548828125,46.4346359949559,2816.134765625,,,,,
978,1,978.0,0.0,32.0,32.0,0.2199516296386718,42.07039799075574,2655.9453125,,,,,
979,1,979.0,0.0,32.0,32.0,0.3010292053222656,50.69237598218024,3009.92138671875,,,,,
980,1,980.0,0.0,32.0,32.0,0.3106880187988281,52.70396900596097,2963.337890625,,,,,
981,1,981.0,0.0,32.0,32.0,0.20068359375,43.59507997287437,2694.33349609375,,,,,
982,1,982.0,0.0,32.0,32.0,0.1742744445800781,47.33416304225102,2906.4150390625,,,,,
983,1,983.0,0.0,32.0,32.0,0.1783103942871093,47.04829701222479,2816.134765625,,,,,
984,1,984.0,0.0,32.0,32.0,0.1532058715820312,50.54423899855465,2951.76416015625,,,,,
985,1,985.0,0.0,32.0,32.0,0.1564483642578125,52.03434097347781,2963.337890625,,,,,
986,1,986.0,0.0,32.0,32.0,0.3717880249023437,43.99313300382346,2816.134765625,,,,,
987,1,987.0,0.0,32.0,32.0,0.2368392944335937,47.38129302859306,2906.4150390625,,,,,
988,1,988.0,0.0,32.0,32.0,0.1885623931884765,51.99771001935005,3025.73583984375,,,,,
989,1,989.0,0.0,32.0,32.0,0.276803970336914,45.16709997551516,2733.4013671875,,,,,
990,1,990.0,0.0,32.0,32.0,0.3523845672607422,38.67479000473395,2447.654296875,,,,,
991,1,991.0,0.0,32.0,32.0,0.4169521331787109,42.41952102165669,2694.33349609375,,,,,
992,1,992.0,0.0,32.0,32.0,0.240793228149414,47.40329005289823,2867.99169921875,,,,,
993,1,993.0,0.0,32.0,32.0,0.3291797637939453,55.19592697964981,3161.05322265625,,,,,
994,1,994.0,0.0,32.0,32.0,0.2207508087158203,44.626369955949485,2727.7080078125,,,,,
995,1,995.0,0.0,32.0,32.0,0.188089370727539,43.24027802795172,2727.7080078125,,,,,
996,1,996.0,0.0,32.0,32.0,0.3630046844482422,43.50826801965013,2588.3369140625,,,,,
997,1,997.0,0.0,32.0,32.0,0.1960639953613281,45.97873397869989,2970.58984375,,,,,
998,1,998.0,0.0,32.0,32.0,0.2225475311279297,46.56187898945063,2816.134765625,,,,,
999,1,999.0,0.0,32.0,32.0,0.3089485168457031,41.32089205086231,2619.28369140625,,,,,
1000,1,1000.0,0.0,32.0,32.0,0.4372749328613281,45.49854603828862,2801.326171875,,,,,
1001,1,1001.0,0.0,32.0,32.0,0.1772937774658203,42.36940399277955,2619.28369140625,,,,,
1002,1,1002.0,0.0,32.0,32.0,0.3363609313964844,43.74564602039754,2766.93994140625,,,,,
1003,1,1003.0,0.0,32.0,32.0,0.2473201751708984,51.93679104559124,2951.76416015625,,,,,
1004,1,1004.0,0.0,32.0,32.0,0.2364101409912109,51.938127959147096,2970.58984375,,,,,
1005,1,1005.0,0.0,32.0,32.0,0.4360466003417969,41.886780003551394,2619.28369140625,,,,,
1006,1,1006.0,0.0,32.0,32.0,0.2409210205078125,43.962865020148456,2778.75830078125,,,,,
1007,1,1007.0,0.0,32.0,32.0,0.2251739501953125,42.89726499700919,2683.17138671875,,,,,
1008,1,1008.0,0.0,32.0,32.0,0.5071601867675781,38.1804250064306,2491.71826171875,,,,,
1009,1,1009.0,0.0,32.0,32.0,0.3072757720947265,51.82184703880921,2970.58984375,,,,,
1010,1,1010.0,0.0,32.0,32.0,0.5021533966064453,42.90789196966216,2513.87451171875,,,,,
1011,1,1011.0,0.0,32.0,32.0,0.306427001953125,53.110240027308464,3050.8896484375,,,,,
1012,1,1012.0,0.0,32.0,32.0,0.2852439880371094,42.44121501687914,2619.28369140625,,,,,
1013,1,1013.0,0.0,32.0,32.0,0.1085567474365234,45.032478985376656,2801.326171875,,,,,
1014,1,1014.0,0.0,32.0,32.0,0.2416820526123047,47.854961012490094,2875.06591796875,,,,,
1015,1,1015.0,0.0,32.0,32.0,0.3043746948242187,46.68432101607323,2867.99169921875,,,,,
1016,1,1016.0,0.0,32.0,32.0,0.3630561828613281,43.86432800674811,2778.75830078125,,,,,
1017,1,1017.0,0.0,32.0,32.0,0.3020992279052734,43.17697003716603,2683.17138671875,,,,,
1018,1,1018.0,0.0,32.0,32.0,0.1240215301513671,38.3571989950724,2481.373046875,,,,,
1019,1,1019.0,0.0,32.0,32.0,0.1869754791259765,43.76255703391507,2588.3369140625,,,,,
1020,1,1020.0,0.0,32.0,32.0,0.1971874237060547,47.43345902534202,2951.76416015625,,,,,
1021,1,1021.0,0.0,32.0,32.0,0.272653579711914,51.70779803302139,2907.79931640625,,,,,
1022,1,1022.0,0.0,32.0,32.0,0.4103603363037109,47.708506986964494,2867.99169921875,,,,,
1023,1,1023.0,0.0,32.0,32.0,0.2153778076171875,47.37740498967469,2875.06591796875,,,,,
1024,1,1024.0,0.0,32.0,32.0,0.194732666015625,44.43624202394858,2766.93994140625,,,,,
1025,1,1025.0,0.0,32.0,32.0,0.5731639862060547,43.13368699513376,2655.9453125,,,,,
1026,1,1026.0,0.0,32.0,32.0,0.2407875061035156,42.67759301001206,2683.17138671875,,,,,
1027,1,1027.0,0.0,32.0,32.0,0.255131721496582,50.362273992504925,3009.92138671875,,,,,
1028,1,1028.0,0.0,32.0,32.0,0.2077293395996093,44.65543298283592,2733.4013671875,,,,,
1029,1,1029.0,0.0,32.0,32.0,0.1325836181640625,51.09252204420045,2963.337890625,,,,,
1030,1,1030.0,0.0,32.0,32.0,0.2188549041748047,42.66568797174841,2619.28369140625,,,,,
1031,1,1031.0,0.0,32.0,32.0,0.2560863494873047,42.50920499907807,2801.326171875,,,,,
1032,1,1032.0,0.0,32.0,32.0,0.1296749114990234,42.60734701529145,2694.33349609375,,,,,
1033,1,1033.0,0.0,32.0,32.0,0.1932449340820312,42.46535000856966,2655.9453125,,,,,
1034,1,1034.0,0.0,32.0,32.0,0.1877975463867187,42.99702902790159,2683.17138671875,,,,,
1035,1,1035.0,0.0,32.0,32.0,0.4189682006835937,55.05733797326684,3124.951171875,,,,,
1036,1,1036.0,0.0,32.0,32.0,0.2949237823486328,43.81034499965608,2694.33349609375,,,,,
1037,1,1037.0,0.0,32.0,32.0,0.1469841003417968,44.4195109885186,2766.93994140625,,,,,
1038,1,1038.0,0.0,32.0,32.0,0.2027616500854492,52.1648779977113,2963.337890625,,,,,
1039,1,1039.0,0.0,32.0,32.0,0.2599945068359375,47.49879002338275,2875.06591796875,,,,,
1040,1,1040.0,0.0,32.0,32.0,0.3637905120849609,42.95003798324615,2694.33349609375,,,,,
1041,1,1041.0,0.0,32.0,32.0,0.2295799255371093,43.70107699651271,2778.75830078125,,,,,
1042,1,1042.0,0.0,32.0,32.0,0.2588939666748047,47.85414802609012,2963.337890625,,,,,
1043,1,1043.0,0.0,32.0,32.0,0.1784095764160156,46.76801501773298,2801.326171875,,,,,
1044,1,1044.0,0.0,32.0,32.0,0.1898260116577148,50.11823901440948,2907.79931640625,,,,,
1045,1,1045.0,0.0,32.0,32.0,0.2646398544311523,43.56971196830273,2625.908203125,,,,,
1046,1,1046.0,0.0,32.0,32.0,0.3691635131835937,43.793157034087926,2733.4013671875,,,,,
1047,1,1047.0,0.0,32.0,32.0,0.2342615127563476,46.13041703123599,2816.134765625,,,,,
1048,1,1048.0,0.0,32.0,32.0,0.363774299621582,42.508568963967264,2694.33349609375,,,,,
1049,1,1049.0,0.0,32.0,32.0,0.4063825607299804,43.76692301593721,2727.7080078125,,,,,
1050,1,1050.0,0.0,32.0,32.0,0.2628870010375976,51.69503402430564,2951.76416015625,,,,,
1051,1,1051.0,0.0,32.0,32.0,0.0948486328125,45.132347964681685,2766.93994140625,,,,,
1052,1,1052.0,0.0,32.0,32.0,0.2783660888671875,46.67120199883357,2816.134765625,,,,,
1053,1,1053.0,0.0,32.0,32.0,0.3380126953125,44.607364980038255,2906.4150390625,,,,,
1054,1,1054.0,0.0,32.0,32.0,0.1964578628540039,51.67770700063557,2970.58984375,,,,,
1055,1,1055.0,0.0,32.0,32.0,0.3307628631591797,44.37649401370436,2727.7080078125,,,,,
1056,1,1056.0,0.0,32.0,32.0,0.2542963027954101,44.97271100990474,2801.326171875,,,,,
1057,1,1057.0,0.0,32.0,32.0,0.2780590057373047,43.10070298379287,2694.33349609375,,,,,
1058,1,1058.0,0.0,32.0,32.0,0.3003625869750976,52.96652001561597,3050.8896484375,,,,,
1059,1,1059.0,0.0,32.0,32.0,0.2768211364746094,46.91126599209383,2816.134765625,,,,,
1060,1,1060.0,0.0,32.0,32.0,0.1286373138427734,43.14217099454254,2683.17138671875,,,,,
1061,1,1061.0,0.0,32.0,32.0,0.4288825988769531,52.56167595507577,3050.8896484375,,,,,
1062,1,1062.0,0.0,32.0,32.0,0.2495346069335937,56.35640298714861,3124.951171875,,,,,
1063,1,1063.0,0.0,32.0,32.0,0.180551528930664,46.543142991140485,2816.134765625,,,,,
1064,1,1064.0,0.0,32.0,32.0,0.4340772628784179,42.44368302170187,2801.326171875,,,,,
1065,1,1065.0,0.0,32.0,32.0,0.3035812377929687,45.824429020285606,2801.326171875,,,,,
1066,1,1066.0,0.0,32.0,32.0,0.1584234237670898,45.22429802455008,2801.326171875,,,,,
1067,1,1067.0,0.0,32.0,32.0,0.286355972290039,49.62107999017462,2904.6611328125,,,,,
1068,1,1068.0,0.0,32.0,32.0,0.6072902679443359,43.44648797996342,2557.56201171875,,,,,
1069,1,1069.0,0.0,32.0,32.0,0.2463150024414062,43.61105797579512,2727.7080078125,,,,,
1070,1,1070.0,0.0,32.0,32.0,0.3138351440429687,41.452496021520346,2491.71826171875,,,,,
1071,1,1071.0,0.0,32.0,32.0,0.2369270324707031,43.75795798841864,2766.93994140625,,,,,
1072,1,1072.0,0.0,32.0,32.0,0.2765493392944336,43.20354200899601,2557.56201171875,,,,,
1073,1,1073.0,0.0,32.0,32.0,0.2404327392578125,44.53691898379475,2766.93994140625,,,,,
1074,1,1074.0,0.0,32.0,32.0,0.3059167861938476,43.305468978360295,2655.9453125,,,,,
1075,1,1075.0,0.0,32.0,32.0,0.0905370712280273,47.66707599628717,2906.4150390625,,,,,
1076,1,1076.0,0.0,32.0,32.0,0.1871109008789062,44.28796499269083,2867.99169921875,,,,,
1077,1,1077.0,0.0,32.0,32.0,0.4067907333374023,43.0708930362016,2557.56201171875,,,,,
1078,1,1078.0,0.0,32.0,32.0,0.2026863098144531,51.48543004179373,2963.337890625,,,,,
1079,1,1079.0,0.0,32.0,32.0,0.2263517379760742,43.669622973538935,2655.9453125,,,,,
1080,1,1080.0,0.0,32.0,32.0,0.2972621917724609,42.77139797341079,2557.56201171875,,,,,
1081,1,1081.0,0.0,32.0,32.0,0.1378583908081054,43.80146600306034,2733.4013671875,,,,,
1082,1,1082.0,0.0,32.0,32.0,0.1515731811523437,43.62024198053405,2733.4013671875,,,,,
1083,1,1083.0,0.0,32.0,32.0,0.4323921203613281,44.05369999585673,2733.4013671875,,,,,
1084,1,1084.0,0.0,32.0,32.0,0.132455825805664,48.35647699655965,2906.4150390625,,,,,
1085,1,1085.0,0.0,32.0,32.0,0.4358329772949219,45.70621997117996,2801.326171875,,,,,
1086,1,1086.0,0.0,32.0,32.0,0.3368206024169922,43.89120201813057,2778.75830078125,,,,,
1087,1,1087.0,0.0,32.0,32.0,0.2758560180664062,44.53690204536542,2733.4013671875,,,,,
1088,1,1088.0,0.0,32.0,32.0,0.333688735961914,55.03502703504637,3259.31494140625,,,,,
1089,1,1089.0,0.0,32.0,32.0,0.3301258087158203,43.62652602139861,2655.9453125,,,,,
1090,1,1090.0,0.0,32.0,32.0,0.3562984466552734,43.8486950006336,2733.4013671875,,,,,
1091,1,1091.0,0.0,32.0,32.0,0.377908706665039,45.54073803592473,2816.134765625,,,,,
1092,1,1092.0,0.0,32.0,32.0,0.2536582946777344,42.25111199775711,2655.9453125,,,,,
1093,1,1093.0,0.0,32.0,32.0,0.2866744995117187,44.06111303251237,2588.3369140625,,,,,
1094,1,1094.0,0.0,32.0,32.0,0.3046646118164062,43.48619800293818,2694.33349609375,,,,,
1095,1,1095.0,0.0,32.0,32.0,0.2291145324707031,43.01468399353325,2557.56201171875,,,,,
1096,1,1096.0,0.0,32.0,32.0,0.3095512390136719,43.84599201148376,2727.7080078125,,,,,
1097,1,1097.0,0.0,32.0,32.0,0.302337646484375,43.65858703386039,2588.3369140625,,,,,
1098,1,1098.0,0.0,32.0,32.0,0.1700286865234375,44.27316196961328,2778.75830078125,,,,,
1099,1,1099.0,0.0,32.0,32.0,0.280130386352539,46.30896297749132,2801.326171875,,,,,
1100,1,1100.0,0.0,32.0,32.0,0.1514015197753906,38.96552900550887,2625.908203125,,,,,
1101,1,1101.0,0.0,32.0,32.0,0.3340530395507812,40.99342098925263,2619.28369140625,,,,,
1102,1,1102.0,0.0,32.0,32.0,0.2433738708496093,46.59580800216645,2867.99169921875,,,,,
1103,1,1103.0,0.0,32.0,32.0,0.2076587677001953,51.11480702180416,2907.79931640625,,,,,
1104,1,1104.0,0.0,32.0,32.0,0.2855701446533203,48.379339976236224,2875.06591796875,,,,,
1105,1,1105.0,0.0,32.0,32.0,0.2012062072753906,43.24707196792588,2683.17138671875,,,,,
1106,1,1106.0,0.0,32.0,32.0,0.5009183883666992,43.959835020359606,2727.7080078125,,,,,
1107,1,1107.0,0.0,32.0,32.0,0.1975288391113281,53.74370899517089,3103.48876953125,,,,,
1108,1,1108.0,0.0,32.0,32.0,0.189798355102539,45.0414139777422,2766.93994140625,,,,,
1109,1,1109.0,0.0,32.0,32.0,0.2315750122070312,47.58266900898889,2875.06591796875,,,,,
1110,1,1110.0,0.0,32.0,32.0,0.1096210479736328,47.1379259834066,2875.06591796875,,,,,
1111,1,1111.0,0.0,32.0,32.0,0.531163215637207,36.627284018322825,2655.9453125,,,,,
1112,1,1112.0,0.0,32.0,32.0,0.2651796340942383,42.76707797544077,2655.9453125,,,,,
1113,1,1113.0,0.0,32.0,32.0,0.2306699752807617,60.80698501318693,3287.220703125,,,,,
1114,1,1114.0,0.0,32.0,32.0,0.2373361587524414,47.26522997952998,2816.134765625,,,,,
1115,1,1115.0,0.0,32.0,32.0,0.4338607788085937,51.45487701520324,2970.58984375,,,,,
1116,1,1116.0,0.0,32.0,32.0,0.1525087356567382,43.441580957733095,2683.17138671875,,,,,
1117,1,1117.0,0.0,32.0,32.0,0.1941795349121093,42.12522099260241,2655.9453125,,,,,
1118,1,1118.0,0.0,32.0,32.0,0.2243165969848632,49.94907398940995,2904.6611328125,,,,,
1119,1,1119.0,0.0,32.0,32.0,0.1521596908569336,44.060051033739,2683.17138671875,,,,,
1120,1,1120.0,0.0,32.0,32.0,0.2345542907714843,43.59682998619974,2727.7080078125,,,,,
1121,1,1121.0,0.0,32.0,32.0,0.2205991744995117,41.657209978438914,2655.9453125,,,,,
1122,1,1122.0,0.0,32.0,32.0,0.1507444381713867,46.92635801620781,2904.6611328125,,,,,
1123,1,1123.0,0.0,32.0,32.0,0.2701711654663086,51.94811301771552,2907.79931640625,,,,,
1124,1,1124.0,0.0,32.0,32.0,0.2267904281616211,44.65920099755749,2727.7080078125,,,,,
1125,1,1125.0,0.0,32.0,32.0,0.0846319198608398,46.202372992411256,2801.326171875,,,,,
1126,1,1126.0,0.0,32.0,32.0,0.4266834259033203,53.77043201588094,3103.48876953125,,,,,
1127,1,1127.0,0.0,32.0,32.0,0.1562542915344238,44.04833499575034,2694.33349609375,,,,,
1128,1,1128.0,0.0,32.0,32.0,0.2661247253417969,42.74899500887841,2655.9453125,,,,,
1129,1,1129.0,0.0,32.0,32.0,0.2355942726135254,46.70890903798863,2875.06591796875,,,,,
1130,1,1130.0,0.0,32.0,32.0,0.2241320610046386,41.542576043866575,2491.71826171875,,,,,
1131,1,1131.0,0.0,32.0,32.0,0.0909047126770019,58.69682604679838,3259.31494140625,,,,,
1132,1,1132.0,0.0,32.0,32.0,0.3227019309997558,56.49988498771563,3124.951171875,,,,,
1133,1,1133.0,0.0,32.0,32.0,0.2682094573974609,42.78969200095162,2801.326171875,,,,,
1134,1,1134.0,0.0,32.0,32.0,0.6256093978881836,46.442075981758535,2816.134765625,,,,,
1135,1,1135.0,0.0,32.0,32.0,0.4911155700683594,46.47710802964866,2816.134765625,,,,,
1136,1,1136.0,0.0,32.0,32.0,0.3167791366577148,43.96748298313469,2801.326171875,,,,,
1137,1,1137.0,0.0,32.0,32.0,0.2925014495849609,46.88492097193375,2875.06591796875,,,,,
1138,1,1138.0,0.0,32.0,32.0,0.3722038269042969,51.91365099744871,3025.73583984375,,,,,
1139,1,1139.0,0.0,32.0,32.0,0.1648588180541992,51.86351900920272,3009.92138671875,,,,,
1140,1,1140.0,0.0,32.0,32.0,0.2839317321777344,52.87830298766494,3050.8896484375,,,,,
1141,1,1141.0,0.0,32.0,32.0,0.3050308227539062,43.7320179771632,2694.33349609375,,,,,
1142,1,1142.0,0.0,32.0,32.0,0.2553300857543945,152.81135099940002,3034.4814453125,,,,,
1143,1,1143.0,0.0,32.0,32.0,0.1691865921020507,34.96928000822663,2588.3369140625,,,,,
1144,1,1144.0,0.0,32.0,32.0,0.3327817916870117,46.294043015223,2963.337890625,,,,,
1145,1,1145.0,0.0,32.0,32.0,0.2165250778198242,41.34068597340956,2778.75830078125,,,,,
1146,1,1146.0,0.0,32.0,32.0,0.2429685592651367,39.55582500202581,2655.9453125,,,,,
1147,1,1147.0,0.0,32.0,32.0,0.2825536727905273,39.578907017130405,2557.56201171875,,,,,
1148,1,1148.0,0.0,32.0,32.0,0.2792434692382812,46.86724202474579,2907.79931640625,,,,,
1149,1,1149.0,0.0,32.0,32.0,0.0922870635986328,41.9787050341256,2727.7080078125,,,,,
1150,1,1150.0,0.0,32.0,32.0,0.1013345718383789,42.42806200636551,2588.3369140625,,,,,
1151,1,1151.0,0.0,32.0,32.0,0.4053316116333008,42.31770598562434,2694.33349609375,,,,,
1152,1,1152.0,0.0,32.0,32.0,0.2297916412353515,51.67042603716254,3034.4814453125,,,,,
1153,1,1153.0,0.0,32.0,32.0,0.1440162658691406,51.318386977072805,2963.337890625,,,,,
1154,1,1154.0,0.0,32.0,32.0,0.3496074676513672,41.64312302600592,2619.28369140625,,,,,
1155,1,1155.0,0.0,32.0,32.0,0.2490043640136718,45.66601803526282,2904.6611328125,,,,,
1156,1,1156.0,0.0,32.0,32.0,0.3407726287841797,53.40287700528279,3050.8896484375,,,,,
1157,1,1157.0,0.0,32.0,32.0,0.3086357116699219,48.47537900786847,2875.06591796875,,,,,
1158,1,1158.0,0.0,32.0,32.0,0.1161022186279296,42.0848079957068,2625.908203125,,,,,
1159,1,1159.0,0.0,32.0,32.0,0.1462182998657226,49.939116986934096,2904.6611328125,,,,,
1160,1,1160.0,0.0,32.0,32.0,0.2486915588378906,47.17746598180384,2766.93994140625,,,,,
1161,1,1161.0,0.0,32.0,32.0,0.1253719329833984,52.237918018363416,2733.4013671875,,,,,
1162,1,1162.0,0.0,32.0,32.0,0.2757034301757812,56.16087600355968,2801.326171875,,,,,
1163,1,1163.0,0.0,32.0,32.0,0.310943603515625,62.04450299264863,3221.6025390625,,,,,
1164,1,1164.0,0.0,32.0,32.0,0.1005706787109375,43.59167203074321,2683.17138671875,,,,,
1165,1,1165.0,0.0,32.0,32.0,0.2110919952392578,38.62963599385694,2683.17138671875,,,,,
1166,1,1166.0,0.0,32.0,32.0,0.133951187133789,44.8479549959302,2867.99169921875,,,,,
1167,1,1167.0,0.0,32.0,32.0,0.3069343566894531,40.915302000939846,2683.17138671875,,,,,
1168,1,1168.0,0.0,32.0,32.0,0.1263141632080078,40.29088601237163,2513.87451171875,,,,,
1169,1,1169.0,0.0,32.0,32.0,0.171304702758789,43.22614497505128,2801.326171875,,,,,
1170,1,1170.0,0.0,32.0,32.0,0.0971021652221679,48.72694599907845,3025.73583984375,,,,,
1171,1,1171.0,0.0,32.0,32.0,0.1083812713623046,45.87546299444512,2867.99169921875,,,,,
1172,1,1172.0,0.0,32.0,32.0,0.4303960800170898,42.677002027630806,2727.7080078125,,,,,
1173,1,1173.0,0.0,32.0,32.0,0.2906227111816406,41.744978982023895,2557.56201171875,,,,,
1174,1,1174.0,0.0,32.0,32.0,0.2858180999755859,41.41473094932735,2513.87451171875,,,,,
1175,1,1175.0,0.0,32.0,32.0,0.132577896118164,40.89284600922838,2619.28369140625,,,,,
1176,1,1176.0,0.0,32.0,32.0,0.2198286056518554,42.3066770308651,2694.33349609375,,,,,
1177,1,1177.0,0.0,32.0,32.0,0.1640634536743164,38.5907799936831,2655.9453125,,,,,
1178,1,1178.0,0.0,32.0,32.0,0.5885715484619141,50.089659984223545,2951.76416015625,,,,,
1179,1,1179.0,0.0,32.0,32.0,0.385955810546875,45.67223798949272,2766.93994140625,,,,,
1180,1,1180.0,0.0,32.0,32.0,0.2635097503662109,42.892767989542335,2513.87451171875,,,,,
1181,1,1181.0,0.0,32.0,32.0,0.2523155212402344,53.97717299638316,2951.76416015625,,,,,
1182,1,1182.0,0.0,32.0,32.0,0.5270633697509766,50.62350101070479,2766.93994140625,,,,,
1183,1,1183.0,0.0,32.0,32.0,0.30731201171875,48.302139970473945,2733.4013671875,,,,,
1184,1,1184.0,0.0,32.0,32.0,0.2106990814208984,48.84717700770125,2801.326171875,,,,,
1185,1,1185.0,0.0,32.0,32.0,0.2222747802734375,52.33414401300252,2907.79931640625,,,,,
1186,1,1186.0,0.0,32.0,32.0,0.138742446899414,46.901418012566864,2801.326171875,,,,,
1187,1,1187.0,0.0,32.0,32.0,0.0942554473876953,54.03488199226558,3124.951171875,,,,,
1188,1,1188.0,0.0,32.0,32.0,0.1582908630371093,43.27141103567556,2875.06591796875,,,,,
1189,1,1189.0,0.0,32.0,32.0,0.4780902862548828,41.651412029750645,2557.56201171875,,,,,
1190,1,1190.0,0.0,32.0,32.0,0.4391059875488281,48.62693598261103,2951.76416015625,,,,,
1191,1,1191.0,0.0,32.0,32.0,0.726837158203125,50.20767700625584,2951.76416015625,,,,,
1192,1,1192.0,0.0,32.0,32.0,0.1633176803588867,42.805764998774976,2655.9453125,,,,,
1193,1,1193.0,0.0,32.0,32.0,0.3152961730957031,42.44996403576806,2733.4013671875,,,,,
1194,1,1194.0,0.0,32.0,32.0,0.1102046966552734,41.46646399749443,2557.56201171875,,,,,
1195,1,1195.0,0.0,32.0,32.0,0.3239221572875976,46.30039999028668,2867.99169921875,,,,,
1196,1,1196.0,0.0,32.0,32.0,0.1312332153320312,41.671679995488375,2655.9453125,,,,,
1197,1,1197.0,0.0,32.0,32.0,0.2930784225463867,51.73047602875158,2951.76416015625,,,,,
1198,1,1198.0,0.0,32.0,32.0,0.4070816040039062,50.998588965740055,3009.92138671875,,,,,
1199,1,1199.0,0.0,32.0,32.0,0.1065788269042968,40.448507003020495,2694.33349609375,,,,,
1200,1,1200.0,0.0,32.0,32.0,0.1356496810913086,47.27022297447547,2816.134765625,,,,,
1201,1,1201.0,0.0,32.0,32.0,0.2329120635986328,52.06744198221713,2904.6611328125,,,,,
1202,1,1202.0,0.0,32.0,32.0,0.3574943542480469,47.385624959133565,2588.3369140625,,,,,
1203,1,1203.0,0.0,32.0,32.0,0.196746826171875,62.44415801484138,3221.6025390625,,,,,
1204,1,1204.0,0.0,32.0,32.0,0.3755130767822265,49.260340980254114,2816.134765625,,,,,
1205,1,1205.0,0.0,32.0,32.0,0.2182750701904297,46.15805798675865,2778.75830078125,,,,,
1206,1,1206.0,0.0,32.0,32.0,0.1851034164428711,47.110910003539175,2816.134765625,,,,,
1207,1,1207.0,0.0,32.0,32.0,0.2174320220947265,42.7529530134052,2683.17138671875,,,,,
1208,1,1208.0,0.0,32.0,32.0,0.2555866241455078,43.72073902050033,2778.75830078125,,,,,
1209,1,1209.0,0.0,32.0,32.0,0.1508636474609375,40.86059698602185,2619.28369140625,,,,,
1210,1,1210.0,0.0,32.0,32.0,0.2754545211791992,39.89833197556436,2778.75830078125,,,,,
1211,1,1211.0,0.0,32.0,32.0,0.2328853607177734,41.70546500245109,2625.908203125,,,,,
1212,1,1212.0,0.0,32.0,32.0,0.2081794738769531,45.76826101401821,2875.06591796875,,,,,
1213,1,1213.0,0.0,32.0,32.0,0.2086567878723144,49.06757699791342,2951.76416015625,,,,,
1214,1,1214.0,0.0,32.0,32.0,0.3596811294555664,51.54342501191422,2963.337890625,,,,,
1215,1,1215.0,0.0,32.0,32.0,0.371896743774414,41.72448901226744,2625.908203125,,,,,
1216,1,1216.0,0.0,32.0,32.0,0.3902840614318847,44.5536730112508,2816.134765625,,,,,
1217,1,1217.0,0.0,32.0,32.0,0.2583632469177246,42.43591899285093,2694.33349609375,,,,,
1218,1,1218.0,0.0,32.0,32.0,0.3318319320678711,42.15242998907343,2557.56201171875,,,,,
1219,1,1219.0,0.0,32.0,32.0,0.3922176361083984,43.93824900034815,2727.7080078125,,,,,
1220,1,1220.0,0.0,32.0,32.0,0.2679443359375,43.356985959690064,2727.7080078125,,,,,
1221,1,1221.0,0.0,32.0,32.0,0.1027173995971679,46.19718296453357,2801.326171875,,,,,
1222,1,1222.0,0.0,32.0,32.0,0.3594808578491211,49.41393999615684,3009.92138671875,,,,,
1223,1,1223.0,0.0,32.0,32.0,0.1535396575927734,43.98385004606098,2619.28369140625,,,,,
1224,1,1224.0,0.0,32.0,32.0,0.2166814804077148,55.097020987886935,3034.4814453125,,,,,
1225,1,1225.0,0.0,32.0,32.0,0.254551887512207,49.11623802036047,2816.134765625,,,,,
1226,1,1226.0,0.0,32.0,32.0,0.1648416519165039,45.875795010942966,2766.93994140625,,,,,
1227,1,1227.0,0.0,32.0,32.0,0.3559246063232422,47.98587202094495,2875.06591796875,,,,,
1228,1,1228.0,0.0,32.0,32.0,0.2849292755126953,43.38738397927955,2694.33349609375,,,,,
1229,1,1229.0,0.0,32.0,32.0,0.279062271118164,50.54327700054273,2970.58984375,,,,,
1230,1,1230.0,0.0,32.0,32.0,0.3859405517578125,41.99774697190151,2619.28369140625,,,,,
1231,1,1231.0,0.0,32.0,32.0,0.4394798278808594,43.37950103217736,2766.93994140625,,,,,
1232,1,1232.0,0.0,32.0,32.0,0.1964130401611328,46.678014972712845,2875.06591796875,,,,,
1233,1,1233.0,0.0,32.0,32.0,0.2143783569335937,46.54775600647554,2951.76416015625,,,,,
1234,1,1234.0,0.0,32.0,32.0,0.2584953308105469,44.28207501769066,2766.93994140625,,,,,
1235,1,1235.0,0.0,32.0,32.0,0.2889175415039062,49.39206497510895,2904.6611328125,,,,,
1236,1,1236.0,0.0,32.0,32.0,0.553497314453125,45.1516630128026,2801.326171875,,,,,
1237,1,1237.0,0.0,32.0,32.0,0.3915672302246094,46.47169902455062,2906.4150390625,,,,,
1238,1,1238.0,0.0,32.0,32.0,0.2681903839111328,45.65824696328491,2801.326171875,,,,,
1239,1,1239.0,0.0,32.0,32.0,0.3512849807739258,40.82379600731656,2491.71826171875,,,,,
1240,1,1240.0,0.0,32.0,32.0,0.3232269287109375,57.15972505277023,3221.6025390625,,,,,
1241,1,1241.0,0.0,32.0,32.0,0.2762470245361328,45.69421202177182,2727.7080078125,,,,,
1242,1,1242.0,0.0,32.0,32.0,0.2906398773193359,44.74840499460697,2766.93994140625,,,,,
1243,1,1243.0,0.0,32.0,32.0,0.3452224731445312,44.33049698127434,2727.7080078125,,,,,
1244,1,1244.0,0.0,32.0,32.0,0.2324352264404297,40.13386100996286,2563.7587890625,,,,,
1245,1,1245.0,0.0,32.0,32.0,0.2500591278076172,52.67200799426064,2904.6611328125,,,,,
1246,1,1246.0,0.0,32.0,32.0,0.2123117446899414,45.63919099746272,2563.7587890625,,,,,
1247,1,1247.0,0.0,32.0,32.0,0.1306705474853515,42.93288697954267,2513.87451171875,,,,,
1248,1,1248.0,0.0,32.0,32.0,0.2226362228393554,51.87417002161965,2963.337890625,,,,,
1249,1,1249.0,0.0,32.0,32.0,0.3314170837402344,44.8869820102118,2778.75830078125,,,,,
1250,1,1250.0,0.0,32.0,32.0,0.1686325073242187,43.10082201845944,2655.9453125,,,,,
1251,1,1251.0,0.0,32.0,32.0,0.4085464477539062,43.77587902126834,2727.7080078125,,,,,
1252,1,1252.0,0.0,32.0,32.0,0.1794099807739257,44.34566298732534,2801.326171875,,,,,
1253,1,1253.0,0.0,32.0,32.0,0.1216011047363281,45.079993025865406,2801.326171875,,,,,
1254,1,1254.0,0.0,32.0,32.0,0.2550907135009765,53.97514102514833,3087.69775390625,,,,,
1255,1,1255.0,0.0,32.0,32.0,0.1242561340332031,39.99745799228549,2766.93994140625,,,,,
1256,1,1256.0,0.0,32.0,32.0,0.2147693634033203,51.8044059863314,3034.4814453125,,,,,
1257,1,1257.0,0.0,32.0,32.0,0.1649761199951172,49.84018398681656,3009.92138671875,,,,,
1258,1,1258.0,0.0,32.0,32.0,0.2186536788940429,51.574145967606455,2951.76416015625,,,,,
1259,1,1259.0,0.0,32.0,32.0,0.2699079513549804,44.03053497662768,2766.93994140625,,,,,
1260,1,1260.0,0.0,32.0,32.0,0.4181652069091797,42.34021803131327,2683.17138671875,,,,,
1261,1,1261.0,0.0,32.0,32.0,0.396759033203125,42.85479197278619,2557.56201171875,,,,,
1262,1,1262.0,0.0,32.0,32.0,0.4325790405273437,44.47577899554744,2588.3369140625,,,,,
1263,1,1263.0,0.0,32.0,32.0,0.2453012466430664,44.56861602375284,2733.4013671875,,,,,
1264,1,1264.0,0.0,32.0,32.0,0.4201211929321289,44.39220402855426,2588.3369140625,,,,,
1265,1,1265.0,0.0,32.0,32.0,0.5274105072021484,45.024355000350624,2694.33349609375,,,,,
1266,1,1266.0,0.0,32.0,32.0,0.1536645889282226,41.85194900492206,2778.75830078125,,,,,
1267,1,1267.0,0.0,32.0,32.0,0.1936550140380859,44.89911301061511,2733.4013671875,,,,,
1268,1,1268.0,0.0,32.0,32.0,0.3768653869628906,47.906697960570455,2875.06591796875,,,,,
1269,1,1269.0,0.0,32.0,32.0,0.2293853759765625,45.235229015816,2733.4013671875,,,,,
1270,1,1270.0,0.0,32.0,32.0,0.1729164123535156,41.75725398818031,2619.28369140625,,,,,
1271,1,1271.0,0.0,32.0,32.0,0.4311981201171875,49.76475902367383,3009.92138671875,,,,,
1272,1,1272.0,0.0,32.0,32.0,0.3347377777099609,56.060547998640686,3124.951171875,,,,,
1273,1,1273.0,0.0,32.0,32.0,0.3011741638183594,46.907016017939895,2816.134765625,,,,,
1274,1,1274.0,0.0,32.0,32.0,0.2327651977539062,47.14557400438935,2875.06591796875,,,,,
1275,1,1275.0,0.0,32.0,32.0,0.0944023132324218,46.37211299268529,2867.99169921875,,,,,
1276,1,1276.0,0.0,32.0,32.0,0.1963405609130859,42.645231005735695,2683.17138671875,,,,,
1277,1,1277.0,0.0,32.0,32.0,0.3502960205078125,46.293211984448135,2951.76416015625,,,,,
1278,1,1278.0,0.0,32.0,32.0,0.1566162109375,53.02335001761094,3034.4814453125,,,,,
1279,1,1279.0,0.0,32.0,32.0,0.2248268127441406,54.47564995847642,3103.48876953125,,,,,
1280,1,1280.0,0.0,32.0,32.0,0.1885833740234375,45.39610800566152,2801.326171875,,,,,
1281,1,1281.0,0.0,32.0,32.0,0.33001708984375,47.05636401195079,2875.06591796875,,,,,
1282,1,1282.0,0.0,32.0,32.0,0.3298568725585937,43.48727501928806,2727.7080078125,,,,,
1283,1,1283.0,0.0,32.0,32.0,0.2062969207763672,43.51693601347506,2727.7080078125,,,,,
1284,1,1284.0,0.0,32.0,32.0,0.5067844390869141,42.879712011199445,2655.9453125,,,,,
1285,1,1285.0,0.0,32.0,32.0,0.4340839385986328,54.17953600408509,3034.4814453125,,,,,
1286,1,1286.0,0.0,32.0,32.0,0.3855648040771484,44.41662901081145,2683.17138671875,,,,,
1287,1,1287.0,0.0,32.0,32.0,0.28448486328125,41.9455700321123,2491.71826171875,,,,,
1288,1,1288.0,0.0,32.0,32.0,0.1498279571533203,41.48806998273358,2778.75830078125,,,,,
1289,1,1289.0,0.0,32.0,32.0,0.3591556549072265,49.43674604874104,2906.4150390625,,,,,
1290,1,1290.0,0.0,32.0,32.0,0.2864341735839844,43.27585798455402,2694.33349609375,,,,,
1291,1,1291.0,0.0,32.0,32.0,0.2229042053222656,43.12656604452059,2557.56201171875,,,,,
1292,1,1292.0,0.0,32.0,32.0,0.20623779296875,46.69443500461057,2816.134765625,,,,,
1293,1,1293.0,0.0,32.0,32.0,0.2230415344238281,43.875686009414494,2778.75830078125,,,,,
1294,1,1294.0,0.0,32.0,32.0,0.3049850463867187,42.859619949013,2655.9453125,,,,,
1295,1,1295.0,0.0,32.0,32.0,0.5070991516113281,42.92445600731298,2683.17138671875,,,,,
1296,1,1296.0,0.0,32.0,32.0,0.274423599243164,43.15446497639641,2727.7080078125,,,,,
1297,1,1297.0,0.0,32.0,32.0,0.1275405883789062,42.17436898034066,2563.7587890625,,,,,
1298,1,1298.0,0.0,32.0,32.0,0.1573143005371093,49.63151103584096,2904.6611328125,,,,,
1299,1,1299.0,0.0,32.0,32.0,0.1830673217773437,42.70968900527805,2625.908203125,,,,,
1300,1,1300.0,0.0,32.0,32.0,0.46405029296875,39.73877296084538,2727.7080078125,,,,,
1301,1,1301.0,0.0,32.0,32.0,0.2079944610595703,43.99670200655237,2733.4013671875,,,,,
1302,1,1302.0,0.0,32.0,32.0,0.5135936737060547,56.61328200949356,3194.6259765625,,,,,
1303,1,1303.0,0.0,32.0,32.0,0.3134613037109375,42.26293199462816,2491.71826171875,,,,,
1304,1,1304.0,0.0,32.0,32.0,0.2158231735229492,42.6033660187386,2683.17138671875,,,,,
1305,1,1305.0,0.0,32.0,32.0,0.3278465270996094,42.50913701253012,2683.17138671875,,,,,
1306,1,1306.0,0.0,32.0,32.0,0.3321609497070312,43.020355980843306,2683.17138671875,,,,,
1307,1,1307.0,0.0,32.0,32.0,0.1723079681396484,44.33639999479056,2727.7080078125,,,,,
1308,1,1308.0,0.0,32.0,32.0,0.1289176940917968,57.50685301609337,3171.31201171875,,,,,
1309,1,1309.0,0.0,32.0,32.0,0.2186927795410156,41.065844998229295,2447.654296875,,,,,
1310,1,1310.0,0.0,32.0,32.0,0.0743255615234375,44.44933100603521,2766.93994140625,,,,,
1311,1,1311.0,0.0,32.0,32.0,0.3693761825561523,43.1657470180653,2816.134765625,,,,,
1312,1,1312.0,0.0,32.0,32.0,0.1661252975463867,46.450592984911054,2816.134765625,,,,,
1313,1,1313.0,0.0,32.0,32.0,0.27880859375,44.063613982871175,2733.4013671875,,,,,
1314,1,1314.0,0.0,32.0,32.0,0.0912790298461914,46.98727501090616,2816.134765625,,,,,
1315,1,1315.0,0.0,32.0,32.0,0.0494747161865234,45.753774989862,2816.134765625,,,,,
1316,1,1316.0,0.0,32.0,32.0,0.0351848602294921,51.52723903302103,2970.58984375,,,,,
1317,1,1317.0,0.0,32.0,32.0,0.2127437591552734,46.5877850074321,2816.134765625,,,,,
1318,1,1318.0,0.0,32.0,32.0,0.2918992042541504,47.03206603880972,2906.4150390625,,,,,
1319,1,1319.0,0.0,32.0,32.0,0.2697377204895019,44.77909195702523,2778.75830078125,,,,,
1320,1,1320.0,0.0,32.0,32.0,0.7948341369628906,41.54565499629825,2619.28369140625,,,,,
1321,1,1321.0,0.0,32.0,32.0,0.4566664695739746,43.11321402201429,2588.3369140625,,,,,
1322,1,1322.0,0.0,32.0,32.0,0.1337490081787109,37.19438798725605,2619.28369140625,,,,,
1323,1,1323.0,0.0,32.0,32.0,0.5767550468444824,43.548130022827536,2766.93994140625,,,,,
1324,1,1324.0,0.0,32.0,32.0,0.3802027702331543,37.72149101132527,2417.24462890625,,,,,
1325,1,1325.0,0.0,32.0,32.0,0.1566991806030273,49.28095295326784,2904.6611328125,,,,,
1326,1,1326.0,0.0,32.0,32.0,0.5106472969055176,45.20545800914988,2733.4013671875,,,,,
1327,1,1327.0,0.0,32.0,32.0,0.1071367263793945,44.519041024614125,2766.93994140625,,,,,
1328,1,1328.0,0.0,32.0,32.0,0.2646732330322265,51.083825004752725,2951.76416015625,,,,,
1329,1,1329.0,0.0,32.0,32.0,0.0394439697265625,45.57578603271395,2733.4013671875,,,,,
1330,1,1330.0,0.0,32.0,32.0,0.4241523742675781,45.892786991316825,2801.326171875,,,,,
1331,1,1331.0,0.0,32.0,32.0,0.3569059371948242,47.05760895740241,2816.134765625,,,,,
1332,1,1332.0,0.0,32.0,32.0,0.3010063171386719,51.12330598058179,3025.73583984375,,,,,
1333,1,1333.0,0.0,32.0,32.0,0.4436187744140625,50.75272498652339,3124.951171875,,,,,
1334,1,1334.0,0.0,32.0,32.0,0.3771781921386719,46.262271993327886,2588.3369140625,,,,,
1335,1,1335.0,0.0,32.0,32.0,0.3039512634277344,42.62012901017442,2694.33349609375,,,,,
1336,1,1336.0,0.0,32.0,32.0,0.3549842834472656,45.91765598161146,2801.326171875,,,,,
1337,1,1337.0,0.0,32.0,32.0,0.3147773742675781,43.44017099356279,2727.7080078125,,,,,
1338,1,1338.0,0.0,32.0,32.0,0.3911857604980469,42.28420200524852,2655.9453125,,,,,
1339,1,1339.0,0.0,32.0,32.0,0.2488250732421875,54.2416189564392,3087.69775390625,,,,,
1340,1,1340.0,0.0,32.0,32.0,0.1713027954101562,44.22024701489136,2766.93994140625,,,,,
1341,1,1341.0,0.0,32.0,32.0,0.2716789245605469,38.79401501035318,2481.373046875,,,,,
1342,1,1342.0,0.0,32.0,32.0,0.3149528503417969,43.47439302364364,2766.93994140625,,,,,
1343,1,1343.0,0.0,32.0,32.0,0.4312725067138672,43.664270953740925,2727.7080078125,,,,,
1344,1,1344.0,0.0,32.0,32.0,0.1726398468017578,46.80249601369724,2867.99169921875,,,,,
1345,1,1345.0,0.0,32.0,32.0,0.2772884368896484,39.64678104966879,2733.4013671875,,,,,
1346,1,1346.0,0.0,32.0,32.0,0.2301197052001953,52.08860395941883,3034.4814453125,,,,,
1347,1,1347.0,0.0,32.0,32.0,0.2800750732421875,47.84523800481111,2816.134765625,,,,,
1348,1,1348.0,0.0,32.0,32.0,0.2781686782836914,51.48177297087386,2963.337890625,,,,,
1349,1,1349.0,0.0,32.0,32.0,0.339177131652832,49.642222991678864,2906.4150390625,,,,,
1350,1,1350.0,0.0,32.0,32.0,0.3215951919555664,47.60519601404667,2867.99169921875,,,,,
1351,1,1351.0,0.0,32.0,32.0,0.1259002685546875,43.7729120021686,2557.56201171875,,,,,
1352,1,1352.0,0.0,32.0,32.0,0.3743543624877929,51.65157100418583,2970.58984375,,,,,
1353,1,1353.0,0.0,32.0,32.0,0.6873455047607422,42.54632903030142,2619.28369140625,,,,,
1354,1,1354.0,0.0,32.0,32.0,0.2772960662841797,43.90044196043164,2727.7080078125,,,,,
1355,1,1355.0,0.0,32.0,32.0,0.3874416351318359,51.1589539819397,2907.79931640625,,,,,
1356,1,1356.0,0.0,32.0,32.0,0.4481019973754883,39.93092000018805,2655.9453125,,,,,
1357,1,1357.0,0.0,32.0,32.0,0.3063850402832031,42.277650034520775,2513.87451171875,,,,,
1358,1,1358.0,0.0,32.0,32.0,0.15264892578125,43.04544802289456,2694.33349609375,,,,,
1359,1,1359.0,0.0,32.0,32.0,0.3352794647216797,44.31614896748215,2778.75830078125,,,,,
1360,1,1360.0,0.0,32.0,32.0,0.385141372680664,45.08425301173702,2801.326171875,,,,,
1361,1,1361.0,0.0,32.0,32.0,0.4325771331787109,47.090197971556336,2875.06591796875,,,,,
1362,1,1362.0,0.0,32.0,32.0,0.3686122894287109,51.0479059885256,2904.6611328125,,,,,
1363,1,1363.0,0.0,32.0,32.0,0.2211227416992187,45.81314197275788,2801.326171875,,,,,
1364,1,1364.0,0.0,32.0,32.0,0.3294486999511719,42.24138299468905,2655.9453125,,,,,
1365,1,1365.0,0.0,32.0,32.0,0.3833274841308594,45.33868801081553,2801.326171875,,,,,
1366,1,1366.0,0.0,32.0,32.0,0.333932876586914,42.96694498043507,2557.56201171875,,,,,
1367,1,1367.0,0.0,32.0,32.0,0.327239990234375,45.9932679659687,2816.134765625,,,,,
1368,1,1368.0,0.0,32.0,32.0,0.2046375274658203,46.73925798851997,3009.92138671875,,,,,
1369,1,1369.0,0.0,32.0,32.0,0.2742919921875,48.523792007472366,2875.06591796875,,,,,
1370,1,1370.0,0.0,32.0,32.0,0.3791961669921875,51.222562964539975,2904.6611328125,,,,,
1371,1,1371.0,0.0,32.0,32.0,0.2690582275390625,45.28543102787808,2588.3369140625,,,,,
1372,1,1372.0,0.0,32.0,32.0,0.2585296630859375,51.11179803498089,2907.79931640625,,,,,
1373,1,1373.0,0.0,32.0,32.0,0.2760524749755859,53.14206302864477,2970.58984375,,,,,
1374,1,1374.0,0.0,32.0,32.0,0.4973812103271484,45.107003999874,2766.93994140625,,,,,
1375,1,1375.0,0.0,32.0,32.0,0.1325092315673828,47.21924796467647,2816.134765625,,,,,
1376,1,1376.0,0.0,32.0,32.0,0.2094402313232422,49.9402720015496,2904.6611328125,,,,,
1377,1,1377.0,0.0,32.0,32.0,0.26007080078125,55.347918008919805,3087.69775390625,,,,,
1378,1,1378.0,0.0,32.0,32.0,0.2885398864746094,47.831262985710055,2867.99169921875,,,,,
1379,1,1379.0,0.0,32.0,32.0,0.2171096801757812,39.28237699437887,2727.7080078125,,,,,
1380,1,1380.0,0.0,32.0,32.0,0.2624950408935547,43.28438296215609,2733.4013671875,,,,,
1381,1,1381.0,0.0,32.0,32.0,0.1826763153076172,43.5531769762747,2733.4013671875,,,,,
1382,1,1382.0,0.0,32.0,32.0,0.0884265899658203,42.86341200349853,2694.33349609375,,,,,
1383,1,1383.0,0.0,32.0,32.0,0.1147823333740234,44.20034500071779,2766.93994140625,,,,,
1384,1,1384.0,0.0,32.0,32.0,0.0413284301757812,55.33091397956014,3124.951171875,,,,,
1385,1,1385.0,0.0,32.0,32.0,0.5307464599609375,51.60573101602495,2951.76416015625,,,,,
1386,1,1386.0,0.0,32.0,32.0,0.2084913253784179,46.46105400752276,2801.326171875,,,,,
1387,1,1387.0,0.0,32.0,32.0,0.2727365493774414,48.07715298375115,2906.4150390625,,,,,
1388,1,1388.0,0.0,32.0,32.0,0.1000308990478515,47.16739500872791,2875.06591796875,,,,,
1389,1,1389.0,0.0,32.0,32.0,0.3477096557617187,56.15140299778432,3171.31201171875,,,,,
1390,1,1390.0,0.0,32.0,32.0,0.4847612380981445,42.3122170032002,2801.326171875,,,,,
1391,1,1391.0,0.0,32.0,32.0,0.1962270736694336,48.34893299266696,2906.4150390625,,,,,
1392,1,1392.0,0.0,32.0,32.0,0.1765499114990234,42.88965795421973,2625.908203125,,,,,
1393,1,1393.0,0.0,32.0,32.0,0.3651704788208008,43.95475599449128,2733.4013671875,,,,,
1394,1,1394.0,0.0,32.0,32.0,0.6952810287475586,44.467458967119455,2778.75830078125,,,,,
1395,1,1395.0,0.0,32.0,32.0,0.3938016891479492,44.53455295879394,2727.7080078125,,,,,
1396,1,1396.0,0.0,32.0,32.0,0.4453325271606445,42.19539201585576,2619.28369140625,,,,,
1397,1,1397.0,0.0,32.0,32.0,0.3047370910644531,44.94504403555766,2727.7080078125,,,,,
1398,1,1398.0,0.0,32.0,32.0,0.3760719299316406,49.44656597217545,2904.6611328125,,,,,
1399,1,1399.0,0.0,32.0,32.0,0.0844593048095703,44.19864498777315,2563.7587890625,,,,,
1400,1,1400.0,0.0,32.0,32.0,0.3829154968261719,42.51343198120594,2563.7587890625,,,,,
1401,1,1401.0,0.0,32.0,32.0,0.1133937835693359,44.967328023631126,2801.326171875,,,,,
1402,1,1402.0,0.0,32.0,32.0,0.2984485626220703,42.48665698105469,2875.06591796875,,,,,
1403,1,1403.0,0.0,32.0,32.0,0.2316627502441406,44.156566029414535,2727.7080078125,,,,,
1404,1,1404.0,0.0,32.0,32.0,0.0563297271728515,44.35444797854871,2778.75830078125,,,,,
1405,1,1405.0,0.0,32.0,32.0,0.379861831665039,44.11450796760619,2778.75830078125,,,,,
1406,1,1406.0,0.0,32.0,32.0,0.1855010986328125,43.84704999392852,2766.93994140625,,,,,
1407,1,1407.0,0.0,32.0,32.0,0.2024736404418945,44.70288101583719,2778.75830078125,,,,,
1408,1,1408.0,0.0,32.0,32.0,0.1708259582519531,44.18471298413351,2588.3369140625,,,,,
1409,1,1409.0,0.0,32.0,32.0,0.3071861267089844,50.65657803788781,3025.73583984375,,,,,
1410,1,1410.0,0.0,32.0,32.0,0.3468561172485351,44.93440903024748,2727.7080078125,,,,,
1411,1,1411.0,0.0,32.0,32.0,0.3727006912231445,48.221691977232695,2875.06591796875,,,,,
1412,1,1412.0,0.0,32.0,32.0,0.2762565612792969,42.61793597834185,2683.17138671875,,,,,
1413,1,1413.0,0.0,32.0,32.0,0.4323110580444336,43.80136996041984,2733.4013671875,,,,,
1414,1,1414.0,0.0,32.0,32.0,0.2309017181396484,37.69948199624196,2619.28369140625,,,,,
1415,1,1415.0,0.0,32.0,32.0,0.1100730895996093,47.40950500126928,2867.99169921875,,,,,
1416,1,1416.0,0.0,32.0,32.0,0.1926584243774414,52.086545038037,2963.337890625,,,,,
1417,1,1417.0,0.0,32.0,32.0,0.3795557022094726,46.7932730098255,2801.326171875,,,,,
1418,1,1418.0,0.0,32.0,32.0,0.1821269989013672,43.7207089853473,2727.7080078125,,,,,
1419,1,1419.0,0.0,32.0,32.0,0.0721731185913086,45.399127004202455,2801.326171875,,,,,
1420,1,1420.0,0.0,32.0,32.0,0.2768306732177734,44.21409504720941,2766.93994140625,,,,,
1421,1,1421.0,0.0,32.0,32.0,0.2584896087646484,44.54458999680355,2778.75830078125,,,,,
1422,1,1422.0,0.0,32.0,32.0,0.2651786804199219,46.617055020760745,2816.134765625,,,,,
1423,1,1423.0,0.0,32.0,32.0,0.2337102890014648,42.525203025434166,2683.17138671875,,,,,
1424,1,1424.0,0.0,32.0,32.0,0.2234153747558593,47.00115602463484,2867.99169921875,,,,,
1425,1,1425.0,0.0,32.0,32.0,0.1691856384277343,39.8316570208408,2727.7080078125,,,,,
1426,1,1426.0,0.0,32.0,32.0,0.1740245819091797,50.892248982563615,2963.337890625,,,,,
1427,1,1427.0,0.0,32.0,32.0,0.6069135665893555,42.68712899647653,2625.908203125,,,,,
1428,1,1428.0,0.0,32.0,32.0,0.243255615234375,50.43155897874385,3009.92138671875,,,,,
1429,1,1429.0,0.0,32.0,32.0,0.7508401870727539,50.71976798353717,2904.6611328125,,,,,
1430,1,1430.0,0.0,32.0,32.0,0.3450183868408203,39.52810697956011,2440.67236328125,,,,,
1431,1,1431.0,0.0,32.0,32.0,0.1813621520996093,42.01302799629048,2625.908203125,,,,,
1432,1,1432.0,0.0,32.0,32.0,0.3833141326904297,44.73019996657968,2778.75830078125,,,,,
1433,1,1433.0,0.0,32.0,32.0,0.1948013305664062,48.24573203222826,2906.4150390625,,,,,
1434,1,1434.0,0.0,32.0,32.0,0.5587921142578125,43.09336101869121,2563.7587890625,,,,,
1435,1,1435.0,0.0,32.0,32.0,0.522186279296875,47.79637703904882,2867.99169921875,,,,,
1436,1,1436.0,0.0,32.0,32.0,0.4940681457519531,37.749338953290135,2625.908203125,,,,,
1437,1,1437.0,0.0,32.0,32.0,0.2988510131835937,46.16683599306271,2816.134765625,,,,,
1438,1,1438.0,0.0,32.0,32.0,0.1865463256835937,52.05068102804944,2963.337890625,,,,,
1439,1,1439.0,0.0,32.0,32.0,0.4341354370117187,51.1343139805831,2907.79931640625,,,,,
1440,1,1440.0,0.0,32.0,32.0,0.4156036376953125,45.02881702501327,2694.33349609375,,,,,
1441,1,1441.0,0.0,32.0,32.0,0.293121337890625,45.51506094867364,2801.326171875,,,,,
1442,1,1442.0,0.0,32.0,32.0,0.434539794921875,43.77424897393212,2588.3369140625,,,,,
1443,1,1443.0,0.0,32.0,32.0,0.291015625,44.09458098234609,2766.93994140625,,,,,
1444,1,1444.0,0.0,32.0,32.0,0.3272552490234375,47.122276038862765,2816.134765625,,,,,
1445,1,1445.0,0.0,32.0,32.0,0.362762451171875,43.35051198722795,2727.7080078125,,,,,
1446,1,1446.0,0.0,32.0,32.0,0.2394485473632812,53.93631098559126,3087.69775390625,,,,,
1447,1,1447.0,0.0,32.0,32.0,0.3181571960449219,36.94323397940025,2694.33349609375,,,,,
1448,1,1448.0,0.0,32.0,32.0,0.2075080871582031,38.60989195527509,2481.373046875,,,,,
1449,1,1449.0,0.0,32.0,32.0,0.2568359375,51.71575502026826,3034.4814453125,,,,,
1450,1,1450.0,0.0,32.0,32.0,0.3246955871582031,44.20797398779541,2557.56201171875,,,,,
1451,1,1451.0,0.0,32.0,32.0,0.2592201232910156,43.96732500754297,2727.7080078125,,,,,
1452,1,1452.0,0.0,32.0,32.0,0.0724105834960937,42.83519904129207,2683.17138671875,,,,,
1453,1,1453.0,0.0,32.0,32.0,0.2107582092285156,42.24119201535359,2625.908203125,,,,,
1454,1,1454.0,0.0,32.0,32.0,0.2677831649780273,52.79578996123746,3034.4814453125,,,,,
1455,1,1455.0,0.0,32.0,32.0,0.2086801528930664,44.663442007731646,2727.7080078125,,,,,
1456,1,1456.0,0.0,32.0,32.0,0.6201076507568359,50.43328396277502,2907.79931640625,,,,,
1457,1,1457.0,0.0,32.0,32.0,0.077493667602539,49.525197013281286,2906.4150390625,,,,,
1458,1,1458.0,0.0,32.0,32.0,0.0417938232421875,43.407392979133874,2875.06591796875,,,,,
1459,1,1459.0,0.0,32.0,32.0,0.366830825805664,57.39609297597781,3171.31201171875,,,,,
1460,1,1460.0,0.0,32.0,32.0,0.1793155670166015,43.793891032692045,2683.17138671875,,,,,
1461,1,1461.0,0.0,32.0,32.0,0.0543880462646484,44.42946502240375,2778.75830078125,,,,,
1462,1,1462.0,0.0,32.0,32.0,0.3880882263183594,50.77948101097718,2951.76416015625,,,,,
1463,1,1463.0,0.0,32.0,32.0,0.3101177215576172,42.49862302094698,2619.28369140625,,,,,
1464,1,1464.0,0.0,32.0,32.0,0.1447334289550781,42.71380399586633,2655.9453125,,,,,
1465,1,1465.0,0.0,32.0,32.0,0.4870338439941406,42.78536996571347,2683.17138671875,,,,,
1466,1,1466.0,0.0,32.0,32.0,0.2973670959472656,50.77732796780765,2963.337890625,,,,,
1467,1,1467.0,0.0,32.0,32.0,0.6858606338500977,45.84157798672095,2801.326171875,,,,,
1468,1,1468.0,0.0,32.0,32.0,0.0988121032714843,43.13997703138739,2694.33349609375,,,,,
1469,1,1469.0,0.0,32.0,32.0,0.4004936218261719,39.56386598292738,2778.75830078125,,,,,
1470,1,1470.0,0.0,32.0,32.0,0.3093147277832031,43.50481100846082,2733.4013671875,,,,,
1471,1,1471.0,0.0,32.0,32.0,0.2776241302490234,41.89141496317461,2491.71826171875,,,,,
1472,1,1472.0,0.0,32.0,32.0,0.1938533782958984,43.66146097891033,2733.4013671875,,,,,
1473,1,1473.0,0.0,32.0,32.0,0.1610851287841797,43.08567597763613,2557.56201171875,,,,,
1474,1,1474.0,0.0,32.0,32.0,0.319706916809082,43.27222995925695,2557.56201171875,,,,,
1475,1,1475.0,0.0,32.0,32.0,0.0900611877441406,56.6090089851059,3181.74951171875,,,,,
1476,1,1476.0,0.0,32.0,32.0,0.2913475036621094,40.19945301115513,2417.24462890625,,,,,
1477,1,1477.0,0.0,32.0,32.0,0.1414985656738281,50.16782000893727,3009.92138671875,,,,,
1478,1,1478.0,0.0,32.0,32.0,0.2737140655517578,52.386383002158254,2951.76416015625,,,,,
1479,1,1479.0,0.0,32.0,32.0,0.6996688842773438,45.44663400156424,2778.75830078125,,,,,
1480,1,1480.0,0.0,32.0,32.0,0.3978605270385742,40.19544104812667,2778.75830078125,,,,,
1481,1,1481.0,0.0,32.0,32.0,0.5897798538208008,52.68921604147181,2970.58984375,,,,,
1482,1,1482.0,0.0,32.0,32.0,0.2902889251708984,43.755585968028754,2694.33349609375,,,,,
1483,1,1483.0,0.0,32.0,32.0,0.5039501190185547,50.8082690066658,2951.76416015625,,,,,
1484,1,1484.0,0.0,32.0,32.0,0.4059724807739258,45.264088024850935,2727.7080078125,,,,,
1485,1,1485.0,0.0,32.0,32.0,0.3006095886230469,43.90971997054294,2778.75830078125,,,,,
1486,1,1486.0,0.0,32.0,32.0,0.1944389343261718,42.43153898278251,2625.908203125,,,,,
1487,1,1487.0,0.0,32.0,32.0,0.1105623245239257,46.65804503019899,2816.134765625,,,,,
1488,1,1488.0,0.0,32.0,32.0,0.256103515625,46.2011790368706,2816.134765625,,,,,
1489,1,1489.0,0.0,32.0,32.0,0.1785507202148437,50.72887300048024,2963.337890625,,,,,
1490,1,1490.0,0.0,32.0,32.0,0.2017974853515625,43.58795698499307,2683.17138671875,,,,,
1491,1,1491.0,0.0,32.0,32.0,0.4158077239990234,39.54759996850044,2778.75830078125,,,,,
1492,1,1492.0,0.0,32.0,32.0,0.1746110916137695,54.32653997559101,3087.69775390625,,,,,
1493,1,1493.0,0.0,32.0,32.0,0.2920484542846679,45.87973601883277,2801.326171875,,,,,
1494,1,1494.0,0.0,32.0,32.0,0.2333793640136718,53.88898099772632,3103.48876953125,,,,,
1495,1,1495.0,0.0,32.0,32.0,0.2208781242370605,44.92610099259764,2733.4013671875,,,,,
1496,1,1496.0,0.0,32.0,32.0,0.313425064086914,47.4520490388386,2875.06591796875,,,,,
1497,1,1497.0,0.0,32.0,32.0,0.2401418685913086,46.20633501326665,2801.326171875,,,,,
1498,1,1498.0,0.0,32.0,32.0,0.2663345336914062,50.45917798997834,2904.6611328125,,,,,
1499,1,1499.0,0.0,32.0,32.0,0.157778263092041,45.294590992853045,2766.93994140625,,,,,
1500,1,1500.0,0.0,32.0,32.0,0.2033686637878418,48.09136601397768,2875.06591796875,,,,,
1501,1,1501.0,0.0,32.0,32.0,0.1760463714599609,46.69014899991453,2816.134765625,,,,,
1502,1,1502.0,0.0,32.0,32.0,0.1848878860473632,38.51994196884334,2683.17138671875,,,,,
1503,1,1503.0,0.0,32.0,32.0,0.1906781196594238,41.74732003593817,2619.28369140625,,,,,
1504,1,1504.0,0.0,32.0,32.0,0.3333392143249511,44.07897201599553,2727.7080078125,,,,,
1505,1,1505.0,0.0,32.0,32.0,0.195993423461914,45.90786504559219,2801.326171875,,,,,
1506,1,1506.0,0.0,32.0,32.0,0.1283621788024902,42.49700799118728,2655.9453125,,,,,
1507,1,1507.0,0.0,32.0,32.0,0.2198729515075683,58.39751003077254,3221.6025390625,,,,,
1508,1,1508.0,0.0,32.0,32.0,0.4556612968444824,45.55612697731704,2778.75830078125,,,,,
1509,1,1509.0,0.0,32.0,32.0,0.2602157592773437,41.59627499757335,2619.28369140625,,,,,
1510,1,1510.0,0.0,32.0,32.0,0.1168813705444336,57.2992890374735,3221.6025390625,,,,,
1511,1,1511.0,0.0,32.0,32.0,0.1745252609252929,43.081053998321295,2625.908203125,,,,,
1512,1,1512.0,0.0,32.0,32.0,0.2819643020629883,46.138542995322496,2816.134765625,,,,,
1513,1,1513.0,0.0,32.0,32.0,0.2234516143798828,45.49320397200063,2951.76416015625,,,,,
1514,1,1514.0,0.0,32.0,32.0,0.2707414627075195,49.116058042272925,2906.4150390625,,,,,
1515,1,1515.0,0.0,32.0,32.0,0.2823657989501953,51.24451202573255,2963.337890625,,,,,
1516,1,1516.0,0.0,32.0,32.0,0.1527700424194336,51.616956014186144,2951.76416015625,,,,,
1517,1,1517.0,0.0,32.0,32.0,0.6058034896850586,49.01147197233513,2906.4150390625,,,,,
1518,1,1518.0,0.0,32.0,32.0,0.3573675155639648,53.36060997797176,3034.4814453125,,,,,
1519,1,1519.0,0.0,32.0,32.0,0.3668384552001953,46.32071702508256,2801.326171875,,,,,
1520,1,1520.0,0.0,32.0,32.0,0.2935323715209961,51.43580003641546,2907.79931640625,,,,,
1521,1,1521.0,0.0,32.0,32.0,0.2042751312255859,43.41505101183429,2683.17138671875,,,,,
1522,1,1522.0,0.0,32.0,32.0,0.1796703338623047,47.70591598935425,2875.06591796875,,,,,
1523,1,1523.0,0.0,32.0,32.0,0.1865787506103515,44.10256200935692,2727.7080078125,,,,,
1524,1,1524.0,0.0,32.0,32.0,0.4471378326416015,38.10007800348103,2655.9453125,,,,,
1525,1,1525.0,0.0,32.0,32.0,0.2505645751953125,42.34014399116859,2683.17138671875,,,,,
1526,1,1526.0,0.0,32.0,32.0,0.1582870483398437,41.295538016129285,2619.28369140625,,,,,
1527,1,1527.0,0.0,32.0,32.0,0.3521499633789062,46.30344698671252,2816.134765625,,,,,
1528,1,1528.0,0.0,32.0,32.0,0.2683334350585937,46.81363800773397,2816.134765625,,,,,
1529,1,1529.0,0.0,32.0,32.0,0.3942680358886719,47.13911598082632,2875.06591796875,,,,,
1530,1,1530.0,0.0,32.0,32.0,0.1268367767333984,44.4794119684957,2766.93994140625,,,,,
1531,1,1531.0,0.0,32.0,32.0,0.4864692687988281,55.05798099329695,3087.69775390625,,,,,
1532,1,1532.0,0.0,32.0,32.0,0.1236286163330078,44.12284697173163,2733.4013671875,,,,,
1533,1,1533.0,0.0,32.0,32.0,0.3862953186035156,51.1252039577812,2951.76416015625,,,,,
1534,1,1534.0,0.0,32.0,32.0,0.2067031860351562,44.2769950022921,2727.7080078125,,,,,
1535,1,1535.0,0.0,32.0,32.0,0.4659309387207031,36.640258971601725,2619.28369140625,,,,,
1536,1,1536.0,0.0,32.0,32.0,0.326761245727539,43.259005004074425,2727.7080078125,,,,,
1537,1,1537.0,0.0,32.0,32.0,0.261178970336914,42.84390603424981,2655.9453125,,,,,
1538,1,1538.0,0.0,32.0,32.0,0.2602710723876953,44.723499042447656,2778.75830078125,,,,,
1539,1,1539.0,0.0,32.0,32.0,0.260232925415039,45.72445194935426,2801.326171875,,,,,
1540,1,1540.0,0.0,32.0,32.0,0.2265033721923828,41.63163498742506,2491.71826171875,,,,,
1541,1,1541.0,0.0,32.0,32.0,0.3948841094970703,44.17336801998317,2766.93994140625,,,,,
1542,1,1542.0,0.0,32.0,32.0,0.3143234252929687,46.458986995276064,2801.326171875,,,,,
1543,1,1543.0,0.0,32.0,32.0,0.2128734588623047,41.561663965694606,2619.28369140625,,,,,
1544,1,1544.0,0.0,32.0,32.0,0.1798629760742187,43.51155902259052,2588.3369140625,,,,,
1545,1,1545.0,0.0,32.0,32.0,0.1439990997314453,47.89580003125593,2867.99169921875,,,,,
1546,1,1546.0,0.0,32.0,32.0,0.1031169891357421,44.35191402444616,2733.4013671875,,,,,
1547,1,1547.0,0.0,32.0,32.0,0.1932754516601562,47.81349195400253,3034.4814453125,,,,,
1548,1,1548.0,0.0,32.0,32.0,0.2365131378173828,47.468789969570935,2816.134765625,,,,,
1549,1,1549.0,0.0,32.0,32.0,0.4690427780151367,44.06443698098883,2766.93994140625,,,,,
1550,1,1550.0,0.0,32.0,32.0,0.4096870422363281,43.76041202340275,2733.4013671875,,,,,
1551,1,1551.0,0.0,32.0,32.0,0.2273426055908203,47.22183203557506,2867.99169921875,,,,,
1552,1,1552.0,0.0,32.0,32.0,0.3733558654785156,47.0059749786742,2816.134765625,,,,,
1553,1,1553.0,0.0,32.0,32.0,0.2677669525146484,42.29834396392107,2655.9453125,,,,,
1554,1,1554.0,0.0,32.0,32.0,0.1510372161865234,50.081950961612165,2904.6611328125,,,,,
1555,1,1555.0,0.0,32.0,32.0,0.3343048095703125,44.57881103735417,2694.33349609375,,,,,
1556,1,1556.0,0.0,32.0,32.0,0.2269630432128906,44.273926003370434,2588.3369140625,,,,,
1557,1,1557.0,0.0,32.0,32.0,0.2728748321533203,45.650840969756246,2801.326171875,,,,,
1558,1,1558.0,0.0,32.0,32.0,0.3769311904907226,35.73926299577579,2625.908203125,,,,,
1559,1,1559.0,0.0,32.0,32.0,0.166574478149414,44.45484600728378,2778.75830078125,,,,,
1560,1,1560.0,0.0,32.0,32.0,0.3244876861572265,43.12152200145647,2683.17138671875,,,,,
1561,1,1561.0,0.0,32.0,32.0,0.1663074493408203,43.95831096917391,2778.75830078125,,,,,
1562,1,1562.0,0.0,32.0,32.0,0.1475887298583984,50.70711101870984,2904.6611328125,,,,,
1563,1,1563.0,0.0,32.0,32.0,0.1080904006958007,44.65862299548462,2694.33349609375,,,,,
1564,1,1564.0,0.0,32.0,32.0,0.2946434020996094,43.6097850324586,2727.7080078125,,,,,
1565,1,1565.0,0.0,32.0,32.0,0.0706090927124023,46.53139197034761,2816.134765625,,,,,
1566,1,1566.0,0.0,32.0,32.0,0.1474637985229492,42.84557298524305,2625.908203125,,,,,
1567,1,1567.0,0.0,32.0,32.0,0.4401078224182129,42.8879979881458,2655.9453125,,,,,
1568,1,1568.0,0.0,32.0,32.0,0.2292561531066894,44.66406401479617,2778.75830078125,,,,,
1569,1,1569.0,0.0,32.0,32.0,0.3049979209899902,47.18922596657649,2875.06591796875,,,,,
1570,1,1570.0,0.0,32.0,32.0,0.2855567932128906,41.02848196635023,2801.326171875,,,,,
1571,1,1571.0,0.0,32.0,32.0,0.3248224258422851,56.894351029768586,3194.6259765625,,,,,
1572,1,1572.0,0.0,32.0,32.0,0.2239809036254882,42.9647050332278,2491.71826171875,,,,,
1573,1,1573.0,0.0,32.0,32.0,0.3448348045349121,47.11619496811181,2867.99169921875,,,,,
1574,1,1574.0,0.0,32.0,32.0,0.3341197967529297,50.42975797550753,3025.73583984375,,,,,
1575,1,1575.0,0.0,32.0,32.0,0.3696150779724121,44.10478001227602,2655.9453125,,,,,
1576,1,1576.0,0.0,32.0,32.0,0.354095458984375,44.05965900514275,2778.75830078125,,,,,
1577,1,1577.0,0.0,32.0,32.0,0.4501256942749023,42.87133098114282,2683.17138671875,,,,,
1578,1,1578.0,0.0,32.0,32.0,0.4771051406860351,43.33890200359747,2694.33349609375,,,,,
1579,1,1579.0,0.0,32.0,32.0,0.3049545288085937,42.92075498960912,2655.9453125,,,,,
1580,1,1580.0,0.0,32.0,32.0,0.2171535491943359,44.42227800609544,2733.4013671875,,,,,
1581,1,1581.0,0.0,32.0,32.0,0.2789020538330078,37.28138603037223,2619.28369140625,,,,,
1582,1,1582.0,0.0,32.0,32.0,0.3020133972167969,42.65071800909936,2727.7080078125,,,,,
1583,1,1583.0,0.0,32.0,32.0,0.1995735168457031,42.32003801735118,2655.9453125,,,,,
1584,1,1584.0,0.0,32.0,32.0,0.3485908508300781,43.37711195694283,2557.56201171875,,,,,
1585,1,1585.0,0.0,32.0,32.0,0.244537353515625,44.442335958592594,2766.93994140625,,,,,
1586,1,1586.0,0.0,32.0,32.0,0.3417472839355469,43.01868099719286,2563.7587890625,,,,,
1587,1,1587.0,0.0,32.0,32.0,0.1770858764648437,48.49796701455489,2906.4150390625,,,,,
1588,1,1588.0,0.0,32.0,32.0,0.1906700134277343,56.74243898829445,3171.31201171875,,,,,
1589,1,1589.0,0.0,32.0,32.0,0.2392120361328125,43.81390998605639,2563.7587890625,,,,,
1590,1,1590.0,0.0,32.0,32.0,0.2891120910644531,44.163179001770914,2766.93994140625,,,,,
1591,1,1591.0,0.0,32.0,32.0,0.2004776000976562,44.40595000050962,2588.3369140625,,,,,
1592,1,1592.0,0.0,32.0,32.0,0.1826400756835937,44.37266499735415,2727.7080078125,,,,,
1593,1,1593.0,0.0,32.0,32.0,0.2240829467773437,38.50588598288596,2694.33349609375,,,,,
1594,1,1594.0,0.0,32.0,32.0,0.3476524353027344,42.41601703688502,2625.908203125,,,,,
1595,1,1595.0,0.0,32.0,32.0,0.113128662109375,44.0799740026705,2778.75830078125,,,,,
1596,1,1596.0,0.0,32.0,32.0,0.2516937255859375,48.68102102773264,2875.06591796875,,,,,
1597,1,1597.0,0.0,32.0,32.0,0.3105392456054687,42.90237801615149,2683.17138671875,,,,,
1598,1,1598.0,0.0,32.0,32.0,0.1916885375976562,50.41752697434276,3025.73583984375,,,,,
1599,1,1599.0,0.0,32.0,32.0,0.4048843383789062,43.81768399616704,2625.908203125,,,,,
1600,1,1600.0,0.0,32.0,32.0,0.3123016357421875,50.86651595775038,2951.76416015625,,,,,
1601,1,1601.0,0.0,32.0,32.0,0.1040401458740234,44.903477013576776,2727.7080078125,,,,,
1602,1,1602.0,0.0,32.0,32.0,0.0684013366699218,52.15295503148809,2970.58984375,,,,,
1603,1,1603.0,0.0,32.0,32.0,0.3676910400390625,42.09225799422711,2491.71826171875,,,,,
1604,1,1604.0,0.0,32.0,32.0,0.1768379211425781,41.27460299059749,2816.134765625,,,,,
1605,1,1605.0,0.0,32.0,32.0,0.4565353393554687,44.176740979310125,2733.4013671875,,,,,
1606,1,1606.0,0.0,32.0,32.0,0.2644786834716797,43.81616803584621,2563.7587890625,,,,,
1607,1,1607.0,0.0,32.0,32.0,0.3691864013671875,41.48624499794096,2625.908203125,,,,,
1608,1,1608.0,0.0,32.0,32.0,0.0687770843505859,43.45953301526606,2727.7080078125,,,,,
1609,1,1609.0,0.0,32.0,32.0,0.1820182800292968,51.13920796429738,2951.76416015625,,,,,
1610,1,1610.0,0.0,32.0,32.0,0.1763648986816406,51.15511902840808,2904.6611328125,,,,,
1611,1,1611.0,0.0,32.0,32.0,0.4063072204589844,45.91201501898468,2778.75830078125,,,,,
1612,1,1612.0,0.0,32.0,32.0,0.3484706878662109,47.35666100168601,2867.99169921875,,,,,
1613,1,1613.0,0.0,32.0,32.0,0.1468639373779297,46.39307997422293,2816.134765625,,,,,
1614,1,1614.0,0.0,32.0,32.0,0.2198619842529297,48.322550021111965,2906.4150390625,,,,,
1615,1,1615.0,0.0,32.0,32.0,0.2646007537841797,41.847072017844766,2766.93994140625,,,,,
1616,1,1616.0,0.0,32.0,32.0,0.2143592834472656,43.43663400504738,2733.4013671875,,,,,
1617,1,1617.0,0.0,32.0,32.0,0.5078563690185547,50.2697869669646,3009.92138671875,,,,,
1618,1,1618.0,0.0,32.0,32.0,0.3512535095214844,48.188437009230256,2867.99169921875,,,,,
1619,1,1619.0,0.0,32.0,32.0,0.3243865966796875,43.24467701371759,2683.17138671875,,,,,
1620,1,1620.0,0.0,32.0,32.0,0.3826160430908203,51.31384899141267,2907.79931640625,,,,,
1621,1,1621.0,0.0,32.0,32.0,0.2384548187255859,43.77545299939811,2655.9453125,,,,,
1622,1,1622.0,0.0,32.0,32.0,0.3842735290527344,43.46780700143427,2694.33349609375,,,,,
1623,1,1623.0,0.0,32.0,32.0,0.2362327575683593,52.31803498463705,2970.58984375,,,,,
1624,1,1624.0,0.0,32.0,32.0,0.2489585876464843,43.30251697683707,2683.17138671875,,,,,
1625,1,1625.0,0.0,32.0,32.0,0.187997817993164,41.57868295442313,2619.28369140625,,,,,
1626,1,1626.0,0.0,32.0,32.0,0.2570724487304687,36.38752701226622,2619.28369140625,,,,,
1627,1,1627.0,0.0,32.0,32.0,0.3350505828857422,42.416115989908576,2655.9453125,,,,,
1628,1,1628.0,0.0,32.0,32.0,0.2664527893066406,44.26015098579228,2766.93994140625,,,,,
1629,1,1629.0,0.0,32.0,32.0,0.4196548461914062,51.14827398210764,2963.337890625,,,,,
1630,1,1630.0,0.0,32.0,32.0,0.3240604400634765,49.50040695257485,2906.4150390625,,,,,
1631,1,1631.0,0.0,32.0,32.0,0.2141036987304687,43.11407299246639,2694.33349609375,,,,,
1632,1,1632.0,0.0,32.0,32.0,0.3904037475585937,47.62926301918924,2906.4150390625,,,,,
1633,1,1633.0,0.0,32.0,32.0,0.197610855102539,54.13693800801411,3050.8896484375,,,,,
1634,1,1634.0,0.0,32.0,32.0,0.2753639221191406,46.761461009737104,2801.326171875,,,,,
1635,1,1635.0,0.0,32.0,32.0,0.2900342941284179,48.451646987814456,2906.4150390625,,,,,
1636,1,1636.0,0.0,32.0,32.0,0.30517578125,44.01403898373246,2766.93994140625,,,,,
1637,1,1637.0,0.0,32.0,32.0,0.139404296875,38.75331999734044,2727.7080078125,,,,,
1638,1,1638.0,0.0,32.0,32.0,0.2091026306152343,47.98692598706111,2906.4150390625,,,,,
1639,1,1639.0,0.0,32.0,32.0,0.1961383819580078,51.18513404158875,2951.76416015625,,,,,
1640,1,1640.0,0.0,32.0,32.0,0.1223354339599609,44.02451199712232,2683.17138671875,,,,,
1641,1,1641.0,0.0,32.0,32.0,0.209442138671875,52.5070820003748,2963.337890625,,,,,
1642,1,1642.0,0.0,32.0,32.0,0.0897750854492187,56.7060470348224,3124.951171875,,,,,
1643,1,1643.0,0.0,32.0,32.0,0.2088966369628906,44.62214303202927,2766.93994140625,,,,,
1644,1,1644.0,0.0,32.0,32.0,0.2378711700439453,50.58224603999406,3009.92138671875,,,,,
1645,1,1645.0,0.0,32.0,32.0,0.2878246307373047,43.80249802488834,2683.17138671875,,,,,
1646,1,1646.0,0.0,32.0,32.0,0.3500385284423828,43.29344496363774,2727.7080078125,,,,,
1647,1,1647.0,0.0,32.0,32.0,0.1263847351074218,47.04872198635712,2875.06591796875,,,,,
1648,1,1648.0,0.0,32.0,32.0,0.3068580627441406,46.3641929673031,2951.76416015625,,,,,
1649,1,1649.0,0.0,32.0,32.0,0.3356647491455078,43.75167901162058,2563.7587890625,,,,,
1650,1,1650.0,0.0,32.0,32.0,0.2270832061767578,57.01369699090719,3194.6259765625,,,,,
1651,1,1651.0,0.0,32.0,32.0,0.1062068939208984,49.20160700567067,2906.4150390625,,,,,
1652,1,1652.0,0.0,32.0,32.0,0.122568130493164,47.84803400980309,2867.99169921875,,,,,
1653,1,1653.0,0.0,32.0,32.0,0.2784137725830078,44.60182995535433,2733.4013671875,,,,,
1654,1,1654.0,0.0,32.0,32.0,0.2528953552246094,51.51383299380541,3025.73583984375,,,,,
1655,1,1655.0,0.0,32.0,32.0,0.095285415649414,48.06238698074594,2867.99169921875,,,,,
1656,1,1656.0,0.0,32.0,32.0,0.2405471801757812,41.66298400377855,2491.71826171875,,,,,
1657,1,1657.0,0.0,32.0,32.0,0.3753547668457031,40.98838596837595,2619.28369140625,,,,,
1658,1,1658.0,0.0,32.0,32.0,0.201120376586914,43.541534047108144,2733.4013671875,,,,,
1659,1,1659.0,0.0,32.0,32.0,0.2339553833007812,39.474868040997535,2727.7080078125,,,,,
1660,1,1660.0,0.0,32.0,32.0,0.31304931640625,46.62151000229642,2816.134765625,,,,,
1661,1,1661.0,0.0,32.0,32.0,0.121185302734375,43.95546502200887,2588.3369140625,,,,,
1662,1,1662.0,0.0,32.0,32.0,0.3649177551269531,44.77348300861195,2778.75830078125,,,,,
1663,1,1663.0,0.0,32.0,32.0,0.1875457763671875,47.10374400019646,2816.134765625,,,,,
1664,1,1664.0,0.0,32.0,32.0,0.0819816589355468,45.83183996146545,2801.326171875,,,,,
1665,1,1665.0,0.0,32.0,32.0,0.3345947265625,47.32580797281116,2867.99169921875,,,,,
1666,1,1666.0,0.0,32.0,32.0,0.1407470703125,42.588892043568194,2625.908203125,,,,,
1667,1,1667.0,0.0,32.0,32.0,0.24871826171875,50.29616801766679,2951.76416015625,,,,,
1668,1,1668.0,0.0,32.0,32.0,0.1089363098144531,44.738600961864,2733.4013671875,,,,,
1669,1,1669.0,0.0,32.0,32.0,0.0647926330566406,44.40519399940968,2733.4013671875,,,,,
1670,1,1670.0,0.0,32.0,32.0,0.1933116912841797,42.93790803058073,2557.56201171875,,,,,
1671,1,1671.0,0.0,32.0,32.0,0.2672576904296875,32.123305019922554,2481.373046875,,,,,
1672,1,1672.0,0.0,32.0,32.0,0.1176338195800781,47.06368496408686,2875.06591796875,,,,,
1673,1,1673.0,0.0,32.0,32.0,0.2342824935913086,48.766141990199685,2906.4150390625,,,,,
1674,1,1674.0,0.0,32.0,32.0,0.6109962463378906,43.04902401054278,2655.9453125,,,,,
1675,1,1675.0,0.0,32.0,32.0,0.3183565139770508,44.0326479729265,2778.75830078125,,,,,
1676,1,1676.0,0.0,32.0,32.0,0.2279815673828125,44.672282005194575,2778.75830078125,,,,,
1677,1,1677.0,0.0,32.0,32.0,0.3749027252197265,44.325958006083965,2733.4013671875,,,,,
1678,1,1678.0,0.0,32.0,32.0,0.502197265625,51.23493500286713,2904.6611328125,,,,,
1679,1,1679.0,0.0,32.0,32.0,0.4699554443359375,44.024854025337845,2683.17138671875,,,,,
1680,1,1680.0,0.0,32.0,32.0,0.2873172760009765,44.24619203200564,2766.93994140625,,,,,
1681,1,1681.0,0.0,32.0,32.0,0.18939208984375,42.87899797782302,2655.9453125,,,,,
1682,1,1682.0,0.0,32.0,32.0,0.2253284454345703,56.60571600310504,3181.74951171875,,,,,
1683,1,1683.0,0.0,32.0,32.0,0.2956924438476562,49.65538397664204,3050.8896484375,,,,,
1684,1,1684.0,0.0,32.0,32.0,0.1710205078125,44.19436398893595,2694.33349609375,,,,,
1685,1,1685.0,0.0,32.0,32.0,0.1994132995605468,46.606844989582896,2816.134765625,,,,,
1686,1,1686.0,0.0,32.0,32.0,0.2586650848388672,52.03995102783665,3034.4814453125,,,,,
1687,1,1687.0,0.0,32.0,32.0,0.2148942947387695,47.3425830132328,2816.134765625,,,,,
1688,1,1688.0,0.0,32.0,32.0,0.3903656005859375,43.21883601369336,2727.7080078125,,,,,
1689,1,1689.0,0.0,32.0,32.0,0.1973018646240234,48.36276004789397,2875.06591796875,,,,,
1690,1,1690.0,0.0,32.0,32.0,0.2108001708984375,50.81540602259338,3009.92138671875,,,,,
1691,1,1691.0,0.0,32.0,32.0,0.2197513580322265,43.96508098579943,2694.33349609375,,,,,
1692,1,1692.0,0.0,32.0,32.0,0.260650634765625,46.89655703259632,2867.99169921875,,,,,
1693,1,1693.0,0.0,32.0,32.0,0.4349031448364258,44.70655700424686,2778.75830078125,,,,,
1694,1,1694.0,0.0,32.0,32.0,0.3361110687255859,39.38892501173541,2766.93994140625,,,,,
1695,1,1695.0,0.0,32.0,32.0,0.4741077423095703,45.3593370039016,2801.326171875,,,,,
1696,1,1696.0,0.0,32.0,32.0,0.3335409164428711,46.03061202215031,2801.326171875,,,,,
1697,1,1697.0,0.0,32.0,32.0,0.2527112960815429,50.740793987642974,2951.76416015625,,,,,
1698,1,1698.0,0.0,32.0,32.0,0.2221822738647461,55.78774004243314,3103.48876953125,,,,,
1699,1,1699.0,0.0,32.0,32.0,0.2053937911987304,42.16139100026339,2619.28369140625,,,,,
1700,1,1700.0,0.0,32.0,32.0,0.205728530883789,45.55913503281772,2801.326171875,,,,,
1701,1,1701.0,0.0,32.0,32.0,0.0704832077026367,44.10331102553755,2727.7080078125,,,,,
1702,1,1702.0,0.0,32.0,32.0,0.3337640762329101,43.39730297215283,2625.908203125,,,,,
1703,1,1703.0,0.0,32.0,32.0,0.0928249359130859,39.12118298467249,2481.373046875,,,,,
1704,1,1704.0,0.0,32.0,32.0,0.1964688301086425,42.75046399561688,2694.33349609375,,,,,
1705,1,1705.0,0.0,32.0,32.0,0.4505124092102051,50.391542026773095,2907.79931640625,,,,,
1706,1,1706.0,0.0,32.0,32.0,0.2892804145812988,44.66662800405175,2875.06591796875,,,,,
1707,1,1707.0,0.0,32.0,32.0,0.2720198631286621,53.48495399812237,3050.8896484375,,,,,
1708,1,1708.0,0.0,32.0,32.0,0.2622661590576172,45.469362987205386,2766.93994140625,,,,,
1709,1,1709.0,0.0,32.0,32.0,0.3690376281738281,46.89120803959668,2875.06591796875,,,,,
1710,1,1710.0,0.0,32.0,32.0,0.1783876419067382,44.49742002179846,2766.93994140625,,,,,
1711,1,1711.0,0.0,32.0,32.0,0.2467422485351562,43.22008101735264,2655.9453125,,,,,
1712,1,1712.0,0.0,32.0,32.0,0.1496825218200683,49.85295201186091,2904.6611328125,,,,,
1713,1,1713.0,0.0,32.0,32.0,0.0852155685424804,39.55433599185199,2481.373046875,,,,,
1714,1,1714.0,0.0,32.0,32.0,0.3882699012756347,42.30103100417182,2625.908203125,,,,,
1715,1,1715.0,0.0,32.0,32.0,0.2109074592590332,42.58879699045792,2655.9453125,,,,,
1716,1,1716.0,0.0,32.0,32.0,0.2597966194152832,39.13154703332111,2481.373046875,,,,,
1717,1,1717.0,0.0,32.0,32.0,0.4584798812866211,50.33102096058428,2904.6611328125,,,,,
1718,1,1718.0,0.0,32.0,32.0,0.5428218841552734,38.38203602936119,2655.9453125,,,,,
1719,1,1719.0,0.0,32.0,32.0,0.5347933769226074,44.142906030174345,2733.4013671875,,,,,
1720,1,1720.0,0.0,32.0,32.0,0.2134103775024414,44.115750992204994,2733.4013671875,,,,,
1721,1,1721.0,0.0,32.0,32.0,0.3683357238769531,48.22592897107825,2875.06591796875,,,,,
1722,1,1722.0,0.0,32.0,32.0,0.1511688232421875,44.52772799413651,2766.93994140625,,,,,
1723,1,1723.0,0.0,32.0,32.0,0.0494136810302734,43.5676199849695,2557.56201171875,,,,,
1724,1,1724.0,0.0,32.0,32.0,0.2589530944824219,42.535506014246494,2625.908203125,,,,,
1725,1,1725.0,0.0,32.0,32.0,0.0577802658081054,47.9758259607479,2875.06591796875,,,,,
1726,1,1726.0,0.0,32.0,32.0,0.2805156707763672,39.56408897647634,2481.373046875,,,,,
1727,1,1727.0,0.0,32.0,32.0,0.2657575607299804,50.89358799159527,2951.76416015625,,,,,
1728,1,1728.0,0.0,32.0,32.0,0.1398859024047851,54.79899002239108,3050.8896484375,,,,,
1729,1,1729.0,0.0,32.0,32.0,0.2366065979003906,40.1470210053958,2778.75830078125,,,,,
1730,1,1730.0,0.0,32.0,32.0,0.1694307327270507,54.46876998757944,3087.69775390625,,,,,
1731,1,1731.0,0.0,32.0,32.0,0.2295694351196289,44.25173904746771,2727.7080078125,,,,,
1732,1,1732.0,0.0,32.0,32.0,0.1185188293457031,51.67920200619847,2963.337890625,,,,,
1733,1,1733.0,0.0,32.0,32.0,0.3638830184936523,51.2911660480313,2907.79931640625,,,,,
1734,1,1734.0,0.0,32.0,32.0,0.4081859588623047,63.38371796300635,3314.02294921875,,,,,
1735,1,1735.0,0.0,32.0,32.0,0.1032638549804687,47.984874981921166,2875.06591796875,,,,,
1736,1,1736.0,0.0,32.0,32.0,0.1016769409179687,50.95624999376014,2951.76416015625,,,,,
1737,1,1737.0,0.0,32.0,32.0,0.5489006042480469,48.16837701946497,2875.06591796875,,,,,
1738,1,1738.0,0.0,32.0,32.0,0.6733341217041016,48.13738301163539,2906.4150390625,,,,,
1739,1,1739.0,0.0,32.0,32.0,0.2184715270996093,45.95828300807625,2951.76416015625,,,,,
1740,1,1740.0,0.0,32.0,32.0,0.3544158935546875,45.3175000147894,2778.75830078125,,,,,
1741,1,1741.0,0.0,32.0,32.0,0.3083648681640625,52.65427299309522,2963.337890625,,,,,
1742,1,1742.0,0.0,32.0,32.0,0.2388038635253906,46.12791404360905,2801.326171875,,,,,
1743,1,1743.0,0.0,32.0,32.0,0.1676101684570312,47.91313002351672,2875.06591796875,,,,,
1744,1,1744.0,0.0,32.0,32.0,0.2010993957519531,47.38688695942983,2867.99169921875,,,,,
1745,1,1745.0,0.0,32.0,32.0,0.2567558288574219,43.45196601934731,2727.7080078125,,,,,
1746,1,1746.0,0.0,32.0,32.0,0.228057861328125,37.47571900021285,2417.24462890625,,,,,
1747,1,1747.0,0.0,32.0,32.0,0.2242660522460937,54.722774017136544,3103.48876953125,,,,,
1748,1,1748.0,0.0,32.0,32.0,0.3926868438720703,51.467400044202805,2907.79931640625,,,,,
1749,1,1749.0,0.0,32.0,32.0,0.2617378234863281,45.73392600286752,2766.93994140625,,,,,
1750,1,1750.0,0.0,32.0,32.0,0.2394580841064453,45.77076103305444,2907.79931640625,,,,,
1751,1,1751.0,0.0,32.0,32.0,0.3065166473388672,45.32466595992446,2588.3369140625,,,,,
1752,1,1752.0,0.0,32.0,32.0,0.3315410614013672,42.607747949659824,2655.9453125,,,,,
1753,1,1753.0,0.0,32.0,32.0,0.336338996887207,43.83725603111088,2766.93994140625,,,,,
1754,1,1754.0,0.0,32.0,32.0,0.3691549301147461,47.25664400029928,2778.75830078125,,,,,
1755,1,1755.0,0.0,32.0,32.0,0.1678009033203125,45.181413006503135,2801.326171875,,,,,
1756,1,1756.0,0.0,32.0,32.0,0.3580045700073242,54.35680801747367,3087.69775390625,,,,,
1757,1,1757.0,0.0,32.0,32.0,0.1988697052001953,51.39782599871978,2904.6611328125,,,,,
1758,1,1758.0,0.0,32.0,32.0,0.4764595031738281,51.518342981580645,2951.76416015625,,,,,
1759,1,1759.0,0.0,32.0,32.0,0.2587223052978515,51.27988901222125,3009.92138671875,,,,,
1760,1,1760.0,0.0,32.0,32.0,0.2165946960449218,46.719414996914566,2801.326171875,,,,,
1761,1,1761.0,0.0,32.0,32.0,0.1247100830078125,41.70728201279417,2816.134765625,,,,,
1762,1,1762.0,0.0,32.0,32.0,0.3666458129882812,52.03723104204983,2970.58984375,,,,,
1763,1,1763.0,0.0,32.0,32.0,0.219085693359375,43.49362599896267,2655.9453125,,,,,
1764,1,1764.0,0.0,32.0,32.0,0.1386222839355468,50.91241199988872,3025.73583984375,,,,,
1765,1,1765.0,0.0,32.0,32.0,0.3623085021972656,44.20700401533395,2557.56201171875,,,,,
1766,1,1766.0,0.0,32.0,32.0,0.3345756530761719,50.83800997817889,3009.92138671875,,,,,
1767,1,1767.0,0.0,32.0,32.0,0.3698081970214844,47.28256404632703,2816.134765625,,,,,
1768,1,1768.0,0.0,32.0,32.0,0.3138961791992187,50.54157896665856,2904.6611328125,,,,,
1769,1,1769.0,0.0,32.0,32.0,0.37249755859375,48.37125597987324,2906.4150390625,,,,,
1770,1,1770.0,0.0,32.0,32.0,0.231414794921875,49.23916497500613,2906.4150390625,,,,,
1771,1,1771.0,0.0,32.0,32.0,0.2121925354003906,50.602114002686,2907.79931640625,,,,,
1772,1,1772.0,0.0,32.0,32.0,0.2175750732421875,39.35782297048718,2694.33349609375,,,,,
1773,1,1773.0,0.0,32.0,32.0,0.2034683227539062,44.30323204724118,2766.93994140625,,,,,
1774,1,1774.0,0.0,32.0,32.0,0.2245635986328125,44.841819966677576,2778.75830078125,,,,,
1775,1,1775.0,0.0,32.0,32.0,0.3229522705078125,48.07289800373837,2906.4150390625,,,,,
1776,1,1776.0,0.0,32.0,32.0,0.1679611206054687,42.0431750244461,2491.71826171875,,,,,
1777,1,1777.0,0.0,32.0,32.0,0.3094596862792969,43.636702990625054,2727.7080078125,,,,,
1778,1,1778.0,0.0,32.0,32.0,0.2405776977539062,49.916238989681005,2907.79931640625,,,,,
1779,1,1779.0,0.0,32.0,32.0,0.5887660980224609,52.73101996863261,2951.76416015625,,,,,
1780,1,1780.0,0.0,32.0,32.0,0.315561294555664,42.77188301784918,2619.28369140625,,,,,
1781,1,1781.0,0.0,32.0,32.0,0.3777389526367187,44.30166003294289,2766.93994140625,,,,,
1782,1,1782.0,0.0,32.0,32.0,0.3307018280029297,43.186954979319125,2655.9453125,,,,,
1783,1,1783.0,0.0,32.0,32.0,0.3429012298583984,43.306413979735225,2625.908203125,,,,,
1784,1,1784.0,0.0,32.0,32.0,0.4372272491455078,31.752041017170995,2447.654296875,,,,,
1785,1,1785.0,0.0,32.0,32.0,0.3118209838867187,38.068444991949946,2447.654296875,,,,,
1786,1,1786.0,0.0,32.0,32.0,0.2909126281738281,45.79639103030786,2816.134765625,,,,,
1787,1,1787.0,0.0,32.0,32.0,0.3601303100585937,50.14793400187045,2951.76416015625,,,,,
1788,1,1788.0,0.0,32.0,32.0,0.2544059753417969,42.804543976672,2619.28369140625,,,,,
1789,1,1789.0,0.0,32.0,32.0,0.1795463562011718,42.45324799558148,2625.908203125,,,,,
1790,1,1790.0,0.0,32.0,32.0,0.2924461364746094,47.03147296095267,2867.99169921875,,,,,
1791,1,1791.0,0.0,32.0,32.0,0.3294048309326172,43.91388199292123,2727.7080078125,,,,,
1792,1,1792.0,0.0,32.0,32.0,0.1855087280273437,46.998138015624136,2816.134765625,,,,,
1793,1,1793.0,0.0,32.0,32.0,0.2459640502929687,50.791702000424266,3025.73583984375,,,,,
1794,1,1794.0,0.0,32.0,32.0,0.1934900283813476,53.64381597610191,3034.4814453125,,,,,
1795,1,1795.0,0.0,32.0,32.0,0.3634939193725586,48.75131999142468,2906.4150390625,,,,,
1796,1,1796.0,0.0,32.0,32.0,0.1518621444702148,39.73219700856134,2778.75830078125,,,,,
1797,1,1797.0,0.0,32.0,32.0,0.1729183197021484,44.090732000768185,2766.93994140625,,,,,
1798,1,1798.0,0.0,32.0,32.0,0.3264803886413574,42.455724033061415,2683.17138671875,,,,,
1799,1,1799.0,0.0,32.0,32.0,0.2593131065368652,50.38950004382059,2907.79931640625,,,,,
1800,1,1800.0,0.0,32.0,32.0,0.0649662017822265,52.13177797850221,2904.6611328125,,,,,
1801,1,1801.0,0.0,32.0,32.0,0.3340411186218261,52.19192599179223,3009.92138671875,,,,,
1802,1,1802.0,0.0,32.0,32.0,0.1413707733154297,43.37092599598691,2625.908203125,,,,,
1803,1,1803.0,0.0,32.0,32.0,0.3551883697509765,50.588670012075454,2904.6611328125,,,,,
1804,1,1804.0,0.0,32.0,32.0,0.4726142883300781,55.69477198878303,3087.69775390625,,,,,
1805,1,1805.0,0.0,32.0,32.0,0.05438232421875,43.48392901010811,2683.17138671875,,,,,
1806,1,1806.0,0.0,32.0,32.0,0.1620168685913086,51.37369700241834,2963.337890625,,,,,
1807,1,1807.0,0.0,32.0,32.0,0.3518338203430176,42.755537026096135,2875.06591796875,,,,,
1808,1,1808.0,0.0,32.0,32.0,0.5748319625854492,44.072638964280486,2727.7080078125,,,,,
1809,1,1809.0,0.0,32.0,32.0,0.1579751968383789,43.03052101749927,2557.56201171875,,,,,
1810,1,1810.0,0.0,32.0,32.0,0.2121543884277343,44.33145700022578,2766.93994140625,,,,,
1811,1,1811.0,0.0,32.0,32.0,0.4668951034545898,43.30711398506537,2557.56201171875,,,,,
1812,1,1812.0,0.0,32.0,32.0,0.3002090454101562,42.81475697644055,2655.9453125,,,,,
1813,1,1813.0,0.0,32.0,32.0,0.252817153930664,52.60099802399054,2963.337890625,,,,,
1814,1,1814.0,0.0,32.0,32.0,0.1612443923950195,48.051888996269554,2875.06591796875,,,,,
1815,1,1815.0,0.0,32.0,32.0,0.1598730087280273,51.37235700385645,2951.76416015625,,,,,
1816,1,1816.0,0.0,32.0,32.0,0.2189188003540039,56.98763899272308,3171.31201171875,,,,,
1817,1,1817.0,0.0,32.0,32.0,0.1832737922668457,42.90393699193373,2655.9453125,,,,,
1818,1,1818.0,0.0,32.0,32.0,0.2751293182373047,36.89268202288076,2625.908203125,,,,,
1819,1,1819.0,0.0,32.0,32.0,0.0487565994262695,41.48905497277156,2491.71826171875,,,,,
1820,1,1820.0,0.0,32.0,32.0,0.1525964736938476,42.67306096153334,2557.56201171875,,,,,
1821,1,1821.0,0.0,32.0,32.0,0.3928375244140625,43.66220498923212,2655.9453125,,,,,
1822,1,1822.0,0.0,32.0,32.0,0.6054229736328125,44.128547015134245,2683.17138671875,,,,,
1823,1,1823.0,0.0,32.0,32.0,0.3380532264709472,46.7431690194644,2867.99169921875,,,,,
1824,1,1824.0,0.0,32.0,32.0,0.162200927734375,44.82381400885061,2778.75830078125,,,,,
1825,1,1825.0,0.0,32.0,32.0,0.2808914184570312,54.129058960825205,3050.8896484375,,,,,
1826,1,1826.0,0.0,32.0,32.0,0.2463417053222656,52.73937003221363,2951.76416015625,,,,,
1827,1,1827.0,0.0,32.0,32.0,0.3554515838623047,53.36931301280856,3034.4814453125,,,,,
1828,1,1828.0,0.0,32.0,32.0,0.2172164916992187,49.33821799932048,2906.4150390625,,,,,
1829,1,1829.0,0.0,32.0,32.0,0.4004154205322265,48.81405900232494,3087.69775390625,,,,,
1830,1,1830.0,0.0,32.0,32.0,0.1891498565673828,43.99539495352656,2727.7080078125,,,,,
1831,1,1831.0,0.0,32.0,32.0,0.1748065948486328,43.163151014596224,2727.7080078125,,,,,
1832,1,1832.0,0.0,32.0,32.0,0.1478385925292968,43.07677096221596,2694.33349609375,,,,,
1833,1,1833.0,0.0,32.0,32.0,0.2760734558105469,47.58202703669667,2867.99169921875,,,,,
1834,1,1834.0,0.0,32.0,32.0,0.2659053802490234,46.48701101541519,2801.326171875,,,,,
1835,1,1835.0,0.0,32.0,32.0,0.2513236999511719,55.79540797043592,3171.31201171875,,,,,
1836,1,1836.0,0.0,32.0,32.0,0.249155044555664,56.7017620196566,3161.05322265625,,,,,
1837,1,1837.0,0.0,32.0,32.0,0.2931728363037109,43.122575036250055,2625.908203125,,,,,
1838,1,1838.0,0.0,32.0,32.0,0.2168941497802734,42.94051602482796,2557.56201171875,,,,,
1839,1,1839.0,0.0,32.0,32.0,0.2212200164794922,51.46078998222947,2970.58984375,,,,,
1840,1,1840.0,0.0,32.0,32.0,0.3046531677246094,41.778840997722,2801.326171875,,,,,
1841,1,1841.0,0.0,32.0,32.0,0.1641502380371093,43.39156503556296,2694.33349609375,,,,,
1842,1,1842.0,0.0,32.0,32.0,0.19158935546875,44.29031501058489,2766.93994140625,,,,,
1843,1,1843.0,0.0,32.0,32.0,0.2149333953857422,44.77341898018494,2778.75830078125,,,,,
1844,1,1844.0,0.0,32.0,32.0,0.1338109970092773,51.31386301945895,2951.76416015625,,,,,
1845,1,1845.0,0.0,32.0,32.0,0.1360282897949218,45.85321800550446,2766.93994140625,,,,,
1846,1,1846.0,0.0,32.0,32.0,0.0944108963012695,42.63646097388119,2625.908203125,,,,,
1847,1,1847.0,0.0,32.0,32.0,0.3354644775390625,52.44081100681797,2970.58984375,,,,,
1848,1,1848.0,0.0,32.0,32.0,0.2099494934082031,46.654161997139454,2801.326171875,,,,,
1849,1,1849.0,0.0,32.0,32.0,0.2939453125,45.914862013887614,2801.326171875,,,,,
1850,1,1850.0,0.0,32.0,32.0,0.2393693923950195,49.37027598498389,2904.6611328125,,,,,
1851,1,1851.0,0.0,32.0,32.0,0.1474037170410156,39.92990299593657,2766.93994140625,,,,,
1852,1,1852.0,0.0,32.0,32.0,0.1824016571044922,43.94012602278963,2733.4013671875,,,,,
1853,1,1853.0,0.0,32.0,32.0,0.3841428756713867,49.92087301798165,3009.92138671875,,,,,
1854,1,1854.0,0.0,32.0,32.0,0.5325803756713867,45.57686595944688,2778.75830078125,,,,,
1855,1,1855.0,0.0,32.0,32.0,0.4463014602661133,42.91992197977379,2625.908203125,,,,,
1856,1,1856.0,0.0,32.0,32.0,0.3164987564086914,51.492293016053736,2970.58984375,,,,,
1857,1,1857.0,0.0,32.0,32.0,0.372446060180664,45.06837099324912,2588.3369140625,,,,,
1858,1,1858.0,0.0,32.0,32.0,0.2517127990722656,43.08133904123679,2655.9453125,,,,,
1859,1,1859.0,0.0,32.0,32.0,0.2837171554565429,50.13587599387392,2951.76416015625,,,,,
1860,1,1860.0,0.0,32.0,32.0,0.3139247894287109,45.81933002918959,2778.75830078125,,,,,
1861,1,1861.0,0.0,32.0,32.0,0.2278652191162109,51.04232195299119,3009.92138671875,,,,,
1862,1,1862.0,0.0,32.0,32.0,0.3188037872314453,43.102713010739535,2875.06591796875,,,,,
1863,1,1863.0,0.0,32.0,32.0,0.4337425231933594,47.48707800172269,2867.99169921875,,,,,
1864,1,1864.0,0.0,32.0,32.0,0.5423736572265625,42.88446198916063,2683.17138671875,,,,,
1865,1,1865.0,0.0,32.0,32.0,0.4235801696777344,46.62020702380687,2816.134765625,,,,,
1866,1,1866.0,0.0,32.0,32.0,0.3639793395996094,43.544826039578766,2683.17138671875,,,,,
1867,1,1867.0,0.0,32.0,32.0,0.3403549194335937,43.233380012679845,2655.9453125,,,,,
1868,1,1868.0,0.0,32.0,32.0,0.2627182006835937,45.49562803003937,2801.326171875,,,,,
1869,1,1869.0,0.0,32.0,32.0,0.2713813781738281,45.01135600730777,2778.75830078125,,,,,
1870,1,1870.0,0.0,32.0,32.0,0.2025184631347656,51.24412098666653,2951.76416015625,,,,,
1871,1,1871.0,0.0,32.0,32.0,0.3883209228515625,51.44404398743063,2907.79931640625,,,,,
1872,1,1872.0,0.0,32.0,32.0,0.2900829315185547,44.95507798856124,2727.7080078125,,,,,
1873,1,1873.0,0.0,32.0,32.0,0.4808712005615234,36.7068350315094,2513.87451171875,,,,,
1874,1,1874.0,0.0,32.0,32.0,0.1508750915527343,50.901200040243566,2963.337890625,,,,,
1875,1,1875.0,0.0,32.0,32.0,0.4014110565185547,43.9013569848612,2683.17138671875,,,,,
1876,1,1876.0,0.0,32.0,32.0,0.3781986236572265,43.20167301921174,2694.33349609375,,,,,
1877,1,1877.0,0.0,32.0,32.0,0.3609447479248047,46.9289009924978,2867.99169921875,,,,,
1878,1,1878.0,0.0,32.0,32.0,0.2512683868408203,50.90693803504109,2907.79931640625,,,,,
1879,1,1879.0,0.0,32.0,32.0,0.4505538940429687,43.25583198806271,2655.9453125,,,,,
1880,1,1880.0,0.0,32.0,32.0,0.1616525650024414,45.69745698245242,2801.326171875,,,,,
1881,1,1881.0,0.0,32.0,32.0,0.2642135620117187,43.47462102305144,2694.33349609375,,,,,
1882,1,1882.0,0.0,32.0,32.0,0.2265586853027343,45.41575204348192,2766.93994140625,,,,,
1883,1,1883.0,0.0,32.0,32.0,0.1897258758544922,41.43840802134946,2619.28369140625,,,,,
1884,1,1884.0,0.0,32.0,32.0,0.3473320007324219,53.89983102213591,3087.69775390625,,,,,
1885,1,1885.0,0.0,32.0,32.0,0.1093273162841796,40.2392300311476,2778.75830078125,,,,,
1886,1,1886.0,0.0,32.0,32.0,0.1465930938720703,52.12036304874346,2970.58984375,,,,,
1887,1,1887.0,0.0,32.0,32.0,0.3060760498046875,52.289418992586434,2951.76416015625,,,,,
1888,1,1888.0,0.0,32.0,32.0,0.365304946899414,44.23072095960379,2557.56201171875,,,,,
1889,1,1889.0,0.0,32.0,32.0,0.1985969543457031,44.16037001647055,2733.4013671875,,,,,
1890,1,1890.0,0.0,32.0,32.0,0.5048160552978516,50.7436579791829,2904.6611328125,,,,,
1891,1,1891.0,0.0,32.0,32.0,0.3148117065429687,54.43164298776537,3050.8896484375,,,,,
1892,1,1892.0,0.0,32.0,32.0,0.2138919830322265,40.7440519775264,2481.373046875,,,,,
1893,1,1893.0,0.0,32.0,32.0,0.3720779418945312,42.270092002581805,2655.9453125,,,,,
1894,1,1894.0,0.0,32.0,32.0,0.2904548645019531,46.87485302565619,2875.06591796875,,,,,
1895,1,1895.0,0.0,32.0,32.0,0.17083740234375,54.99386601150036,3103.48876953125,,,,,
1896,1,1896.0,0.0,32.0,32.0,0.2319984436035156,44.85426703467965,2963.337890625,,,,,
1897,1,1897.0,0.0,32.0,32.0,0.4459800720214844,43.48385502817109,2683.17138671875,,,,,
1898,1,1898.0,0.0,32.0,32.0,0.3219223022460937,46.77738802274689,2867.99169921875,,,,,
1899,1,1899.0,0.0,32.0,32.0,0.32098388671875,47.806885035242885,2875.06591796875,,,,,
1900,1,1900.0,0.0,32.0,32.0,0.231353759765625,45.6901720026508,2801.326171875,,,,,
1901,1,1901.0,0.0,32.0,32.0,0.1023368835449218,42.45222103781998,2655.9453125,,,,,
1902,1,1902.0,0.0,32.0,32.0,0.2625808715820312,44.45217299507931,2778.75830078125,,,,,
1903,1,1903.0,0.0,32.0,32.0,0.2163581848144531,48.90274204080925,2906.4150390625,,,,,
1904,1,1904.0,0.0,32.0,32.0,0.3072986602783203,42.91653900872916,2625.908203125,,,,,
1905,1,1905.0,0.0,32.0,32.0,0.2551803588867187,47.62010101694614,2906.4150390625,,,,,
1906,1,1906.0,0.0,32.0,32.0,0.1199531555175781,52.88929701782763,3025.73583984375,,,,,
1907,1,1907.0,0.0,32.0,32.0,0.0561342239379882,46.694481978192925,2951.76416015625,,,,,
1908,1,1908.0,0.0,32.0,32.0,0.3556809425354004,52.73264704737812,2963.337890625,,,,,
1909,1,1909.0,0.0,32.0,32.0,0.1790542602539062,48.05501800728962,2875.06591796875,,,,,
1910,1,1910.0,0.0,32.0,32.0,0.4354457855224609,48.66682400461286,2906.4150390625,,,,,
1911,1,1911.0,0.0,32.0,32.0,0.2519893646240234,56.92199099576101,3171.31201171875,,,,,
1912,1,1912.0,0.0,32.0,32.0,0.0979423522949218,44.883143971674144,2588.3369140625,,,,,
1913,1,1913.0,0.0,32.0,32.0,0.1928815841674804,52.397895022295415,2970.58984375,,,,,
1914,1,1914.0,0.0,32.0,32.0,0.4057216644287109,51.94529000436887,2963.337890625,,,,,
1915,1,1915.0,0.0,32.0,32.0,0.4062261581420898,44.66519603738561,2727.7080078125,,,,,
1916,1,1916.0,0.0,32.0,32.0,0.5622262954711914,50.2659430494532,2904.6611328125,,,,,
1917,1,1917.0,0.0,32.0,32.0,0.1849966049194336,48.39172901120037,2875.06591796875,,,,,
1918,1,1918.0,0.0,32.0,32.0,0.2238597869873047,38.375323987565935,2766.93994140625,,,,,
1919,1,1919.0,0.0,32.0,32.0,0.3567619323730469,42.49454202363268,2683.17138671875,,,,,
1920,1,1920.0,0.0,32.0,32.0,0.3971099853515625,44.03713898500428,2778.75830078125,,,,,
1921,1,1921.0,0.0,32.0,32.0,0.3752975463867187,47.92151297442615,2875.06591796875,,,,,
1922,1,1922.0,0.0,32.0,32.0,0.1354427337646484,47.74945799726993,2875.06591796875,,,,,
1923,1,1923.0,0.0,32.0,32.0,0.3979873657226562,44.31368299992755,2766.93994140625,,,,,
1924,1,1924.0,0.0,32.0,32.0,0.1809940338134765,42.73642599582672,2625.908203125,,,,,
1925,1,1925.0,0.0,32.0,32.0,0.33740234375,47.6433250005357,2867.99169921875,,,,,
1926,1,1926.0,0.0,32.0,32.0,0.3959197998046875,45.86789204040542,2801.326171875,,,,,
1927,1,1927.0,0.0,32.0,32.0,0.3668899536132812,47.327035979833454,2867.99169921875,,,,,
1928,1,1928.0,0.0,32.0,32.0,0.3860511779785156,43.618016003165394,2655.9453125,,,,,
1929,1,1929.0,0.0,32.0,32.0,0.4544200897216797,56.8857190082781,3171.31201171875,,,,,
1930,1,1930.0,0.0,32.0,32.0,0.1791954040527343,43.47660200437531,2906.4150390625,,,,,
1931,1,1931.0,0.0,32.0,32.0,0.4492759704589844,47.55416500847787,2867.99169921875,,,,,
1932,1,1932.0,0.0,32.0,32.0,0.2824020385742187,44.83809298835695,2778.75830078125,,,,,
1933,1,1933.0,0.0,32.0,32.0,0.1340103149414062,47.38640401046723,2867.99169921875,,,,,
1934,1,1934.0,0.0,32.0,32.0,0.2265434265136718,44.079985993448645,2778.75830078125,,,,,
1935,1,1935.0,0.0,32.0,32.0,0.2477874755859375,43.17514301510528,2563.7587890625,,,,,
1936,1,1936.0,0.0,32.0,32.0,0.3728179931640625,44.84291502740234,2778.75830078125,,,,,
1937,1,1937.0,0.0,32.0,32.0,0.2779502868652344,53.02406498230994,3050.8896484375,,,,,
1938,1,1938.0,0.0,32.0,32.0,0.2506752014160156,52.21483000786975,2951.76416015625,,,,,
1939,1,1939.0,0.0,32.0,32.0,0.2683677673339844,46.25629400834441,2801.326171875,,,,,
1940,1,1940.0,0.0,32.0,32.0,0.3028221130371094,53.64920699503273,3050.8896484375,,,,,
1941,1,1941.0,0.0,32.0,32.0,0.3721065521240234,41.70014400733635,2875.06591796875,,,,,
1942,1,1942.0,0.0,32.0,32.0,0.2429847717285156,41.66569502558559,2619.28369140625,,,,,
1943,1,1943.0,0.0,32.0,32.0,0.2243633270263672,53.906454995740205,3087.69775390625,,,,,
1944,1,1944.0,0.0,32.0,32.0,0.2192306518554687,48.9922109991312,2906.4150390625,,,,,
1945,1,1945.0,0.0,32.0,32.0,0.1547718048095703,48.43698599142954,2906.4150390625,,,,,
1946,1,1946.0,0.0,32.0,32.0,0.3288536071777344,52.17268597334623,2970.58984375,,,,,
1947,1,1947.0,0.0,32.0,32.0,0.3594341278076172,43.36840601172298,2655.9453125,,,,,
1948,1,1948.0,0.0,32.0,32.0,0.1600666046142578,46.3648050208576,2816.134765625,,,,,
1949,1,1949.0,0.0,32.0,32.0,0.2864933013916015,48.398590995930135,2906.4150390625,,,,,
1950,1,1950.0,0.0,32.0,32.0,0.121408462524414,46.21925402898341,2801.326171875,,,,,
1951,1,1951.0,0.0,32.0,32.0,0.2110748291015625,47.17113700462505,2867.99169921875,,,,,
1952,1,1952.0,0.0,32.0,32.0,0.1981134414672851,49.974093970377,3103.48876953125,,,,,
1953,1,1953.0,0.0,32.0,32.0,0.2470302581787109,51.73619097331539,2907.79931640625,,,,,
1954,1,1954.0,0.0,32.0,32.0,0.6469879150390625,44.72104000160471,2727.7080078125,,,,,
1955,1,1955.0,0.0,32.0,32.0,0.1355009078979492,43.70788397500292,2778.75830078125,,,,,
1956,1,1956.0,0.0,32.0,32.0,0.0742435455322265,41.84783797245473,2619.28369140625,,,,,
1957,1,1957.0,0.0,32.0,32.0,0.2879304885864258,42.35810099635273,2625.908203125,,,,,
1958,1,1958.0,0.0,32.0,32.0,0.2511396408081054,54.41523500485346,3087.69775390625,,,,,
1959,1,1959.0,0.0,32.0,32.0,0.0922088623046875,51.778169989120215,3025.73583984375,,,,,
1960,1,1960.0,0.0,32.0,32.0,0.1160230636596679,45.48258503200486,2778.75830078125,,,,,
1961,1,1961.0,0.0,32.0,32.0,0.3615341186523437,44.19484699610621,2766.93994140625,,,,,
1962,1,1962.0,0.0,32.0,32.0,0.3213586807250976,43.08518103789538,2683.17138671875,,,,,
1963,1,1963.0,0.0,32.0,32.0,0.3859319686889648,38.41840598033741,2727.7080078125,,,,,
1964,1,1964.0,0.0,32.0,32.0,0.5171413421630859,43.462641013320535,2683.17138671875,,,,,
1965,1,1965.0,0.0,32.0,32.0,0.24041748046875,42.42955998051912,2683.17138671875,,,,,
1966,1,1966.0,0.0,32.0,32.0,0.4035072326660156,46.65421700337902,2867.99169921875,,,,,
1967,1,1967.0,0.0,32.0,32.0,0.1033935546875,44.548092992044985,2727.7080078125,,,,,
1968,1,1968.0,0.0,32.0,32.0,0.3582410812377929,51.53990199323744,2951.76416015625,,,,,
1969,1,1969.0,0.0,32.0,32.0,0.3566646575927734,57.33314901590347,3124.951171875,,,,,
1970,1,1970.0,0.0,32.0,32.0,0.2260951995849609,45.05456599872559,2766.93994140625,,,,,
1971,1,1971.0,0.0,32.0,32.0,0.4074020385742187,41.65935900527984,2619.28369140625,,,,,
1972,1,1972.0,0.0,32.0,32.0,0.3036689758300781,42.92447899933904,2683.17138671875,,,,,
1973,1,1973.0,0.0,32.0,32.0,0.3323898315429687,48.25670598074794,2867.99169921875,,,,,
1974,1,1974.0,0.0,32.0,32.0,0.1474380493164062,37.40498999832198,2655.9453125,,,,,
1975,1,1975.0,0.0,32.0,32.0,0.166025161743164,42.52341599203646,2655.9453125,,,,,
1976,1,1976.0,0.0,32.0,32.0,0.1617393493652343,51.74859199905768,2963.337890625,,,,,
1977,1,1977.0,0.0,32.0,32.0,0.4287757873535156,45.05469504510984,2778.75830078125,,,,,
1978,1,1978.0,0.0,32.0,32.0,0.2804756164550781,46.59724497469142,2816.134765625,,,,,
1979,1,1979.0,0.0,32.0,32.0,0.1671924591064453,51.90331401536241,2963.337890625,,,,,
1980,1,1980.0,0.0,32.0,32.0,0.2763137817382812,44.44789502304047,2727.7080078125,,,,,
1981,1,1981.0,0.0,32.0,32.0,0.2327775955200195,43.90203405637294,2588.3369140625,,,,,
1982,1,1982.0,0.0,32.0,32.0,0.1684522628784179,41.88473103567958,2619.28369140625,,,,,
1983,1,1983.0,0.0,32.0,32.0,0.1068859100341796,47.19554696930573,2867.99169921875,,,,,
1984,1,1984.0,0.0,32.0,32.0,0.0990161895751953,43.965296004898846,2733.4013671875,,,,,
1985,1,1985.0,0.0,32.0,32.0,0.256474494934082,54.48064202209935,3087.69775390625,,,,,
1986,1,1986.0,0.0,32.0,32.0,0.327977180480957,41.7969289701432,2867.99169921875,,,,,
1987,1,1987.0,0.0,32.0,32.0,0.0826554298400878,46.55251698568463,2816.134765625,,,,,
1988,1,1988.0,0.0,32.0,32.0,0.1640424728393554,50.853310036472976,2907.79931640625,,,,,
1989,1,1989.0,0.0,32.0,32.0,0.3288793563842773,45.43594201095402,2766.93994140625,,,,,
1990,1,1990.0,0.0,32.0,32.0,0.1980228424072265,57.93344398261979,3194.6259765625,,,,,
1991,1,1991.0,0.0,32.0,32.0,0.2029075622558593,44.09824899630621,2655.9453125,,,,,
1992,1,1992.0,0.0,32.0,32.0,0.2040119171142578,62.99697997746989,3314.02294921875,,,,,
1993,1,1993.0,0.0,32.0,32.0,0.2581758499145508,45.1412089751102,2727.7080078125,,,,,
1994,1,1994.0,0.0,32.0,32.0,0.1758604049682617,50.323983014095575,2904.6611328125,,,,,
1995,1,1995.0,0.0,32.0,32.0,0.4370150566101074,45.18975404789671,2778.75830078125,,,,,
1996,1,1996.0,0.0,32.0,32.0,0.2749176025390625,51.6088439617306,2970.58984375,,,,,
1997,1,1997.0,0.0,32.0,32.0,0.1391153335571289,45.94246100168675,3009.92138671875,,,,,
1998,1,1998.0,0.0,32.0,32.0,0.4047069549560547,53.96447901148349,3050.8896484375,,,,,
1999,1,1999.0,0.0,32.0,32.0,0.4786138534545898,48.83566801436245,2906.4150390625,,,,,
2000,1,2000.0,0.0,32.0,32.0,0.2683343887329101,50.86850398220122,2904.6611328125,,,,,
2001,1,2001.0,0.0,32.0,32.0,0.30279541015625,46.318857988808304,2801.326171875,,,,,
2002,1,2002.0,0.0,32.0,32.0,0.2841014862060547,41.44072497729212,2491.71826171875,,,,,
2003,1,2003.0,0.0,32.0,32.0,0.1795263290405273,46.71805602265522,2867.99169921875,,,,,
2004,1,2004.0,0.0,32.0,32.0,0.2613964080810547,41.94231703877449,2619.28369140625,,,,,
2005,1,2005.0,0.0,32.0,32.0,0.3273944854736328,45.43773602927104,2801.326171875,,,,,
2006,1,2006.0,0.0,32.0,32.0,0.223118782043457,43.31410204758868,2733.4013671875,,,,,
2007,1,2007.0,0.0,32.0,32.0,0.2617149353027344,51.39545403653756,3025.73583984375,,,,,
2008,1,2008.0,0.0,32.0,32.0,0.4909830093383789,38.22228597709909,2778.75830078125,,,,,
2009,1,2009.0,0.0,32.0,32.0,0.1626763343811035,46.07360699446872,2778.75830078125,,,,,
2010,1,2010.0,0.0,32.0,32.0,0.2455945014953613,48.0057870154269,2875.06591796875,,,,,
2011,1,2011.0,0.0,32.0,32.0,0.420750617980957,43.53653901489452,2655.9453125,,,,,
2012,1,2012.0,0.0,32.0,32.0,0.1476688385009765,43.450157972984016,2727.7080078125,,,,,
2013,1,2013.0,0.0,32.0,32.0,0.7113947868347168,43.249876995105296,2557.56201171875,,,,,
2014,1,2014.0,0.0,32.0,32.0,0.2392988204956054,43.67163899587467,2694.33349609375,,,,,
2015,1,2015.0,0.0,32.0,32.0,0.1521840095520019,53.62530500860885,3034.4814453125,,,,,
2016,1,2016.0,0.0,32.0,32.0,0.274601936340332,41.93340701749548,2619.28369140625,,,,,
2017,1,2017.0,0.0,32.0,32.0,0.3390312194824219,43.13951201038435,2557.56201171875,,,,,
2018,1,2018.0,0.0,32.0,32.0,0.1791543960571289,55.22493500029668,3103.48876953125,,,,,
2019,1,2019.0,0.0,32.0,32.0,0.204355239868164,48.12271700939164,3050.8896484375,,,,,
2020,1,2020.0,0.0,32.0,32.0,0.134404182434082,43.70428301626816,2683.17138671875,,,,,
2021,1,2021.0,0.0,32.0,32.0,0.1597824096679687,56.04987300466746,3161.05322265625,,,,,
2022,1,2022.0,0.0,32.0,32.0,0.2759943008422851,52.14812100166455,2963.337890625,,,,,
2023,1,2023.0,0.0,32.0,32.0,0.3364744186401367,49.65230700327084,2906.4150390625,,,,,
2024,1,2024.0,0.0,32.0,32.0,0.0567865371704101,43.98898495128378,2733.4013671875,,,,,
2025,1,2025.0,0.0,32.0,32.0,0.2981443405151367,43.48553396994248,2588.3369140625,,,,,
2026,1,2026.0,0.0,32.0,32.0,0.4017496109008789,45.62029498629272,2778.75830078125,,,,,
2027,1,2027.0,0.0,32.0,32.0,0.4754447937011719,43.98176999529824,2766.93994140625,,,,,
2028,1,2028.0,0.0,32.0,32.0,0.1387834548950195,51.19434994412586,2963.337890625,,,,,
2029,1,2029.0,0.0,32.0,32.0,0.1264047622680664,48.58172999229282,2867.99169921875,,,,,
2030,1,2030.0,0.0,32.0,32.0,0.2460241317749023,46.32680997019634,2970.58984375,,,,,
2031,1,2031.0,0.0,32.0,32.0,0.2247829437255859,52.5259540299885,2963.337890625,,,,,
2032,1,2032.0,0.0,32.0,32.0,0.3509759902954101,51.33244802709669,2904.6611328125,,,,,
2033,1,2033.0,0.0,32.0,32.0,0.3237686157226562,40.146725019440055,2481.373046875,,,,,
2034,1,2034.0,0.0,32.0,32.0,0.120208740234375,43.84846199536696,2766.93994140625,,,,,
2035,1,2035.0,0.0,32.0,32.0,0.1779413223266601,44.8093640152365,2778.75830078125,,,,,
2036,1,2036.0,0.0,32.0,32.0,0.103921890258789,39.07163901021704,2481.373046875,,,,,
2037,1,2037.0,0.0,32.0,32.0,0.1575727462768554,43.7669160310179,2733.4013671875,,,,,
2038,1,2038.0,0.0,32.0,32.0,0.3268203735351562,56.29827699158341,3124.951171875,,,,,
2039,1,2039.0,0.0,32.0,32.0,0.1209316253662109,45.11447297409177,2733.4013671875,,,,,
2040,1,2040.0,0.0,32.0,32.0,0.1947555541992187,51.74995702691376,3009.92138671875,,,,,
2041,1,2041.0,0.0,32.0,32.0,0.2959108352661133,36.822020018007606,2619.28369140625,,,,,
2042,1,2042.0,0.0,32.0,32.0,0.1988687515258789,51.43889196915552,2951.76416015625,,,,,
2043,1,2043.0,0.0,32.0,32.0,0.1395044326782226,56.5585540025495,3124.951171875,,,,,
2044,1,2044.0,0.0,32.0,32.0,0.1176605224609375,55.060943006537855,3087.69775390625,,,,,
2045,1,2045.0,0.0,32.0,32.0,0.1422891616821289,52.46513499878347,2963.337890625,,,,,
2046,1,2046.0,0.0,32.0,32.0,0.2698936462402344,46.71493195928633,2816.134765625,,,,,
2047,1,2047.0,0.0,32.0,32.0,0.2162122726440429,43.86163305025548,2588.3369140625,,,,,
2048,1,2048.0,0.0,32.0,32.0,0.1667289733886718,43.98764600045979,2733.4013671875,,,,,
2049,1,2049.0,0.0,32.0,32.0,0.1618547439575195,42.50320896971971,2563.7587890625,,,,,
2050,1,2050.0,0.0,32.0,32.0,0.5208225250244141,46.58918001223356,2816.134765625,,,,,
2051,1,2051.0,0.0,32.0,32.0,0.147104263305664,44.51935802353546,2733.4013671875,,,,,
2052,1,2052.0,0.0,32.0,32.0,0.1407003402709961,37.22230700077489,2513.87451171875,,,,,
2053,1,2053.0,0.0,32.0,32.0,0.1937541961669922,50.52125104703009,3009.92138671875,,,,,
2054,1,2054.0,0.0,32.0,32.0,0.1759796142578125,44.33196596801281,2683.17138671875,,,,,
2055,1,2055.0,0.0,32.0,32.0,0.1665382385253906,43.8083210028708,2694.33349609375,,,,,
2056,1,2056.0,0.0,32.0,32.0,0.2278041839599609,37.84414700930938,2417.24462890625,,,,,
2057,1,2057.0,0.0,32.0,32.0,0.1704692840576172,42.40945097990334,2655.9453125,,,,,
2058,1,2058.0,0.0,32.0,32.0,0.1812057495117187,41.370813036337495,2491.71826171875,,,,,
2059,1,2059.0,0.0,32.0,32.0,0.1945133209228515,44.585136987734586,2766.93994140625,,,,,
2060,1,2060.0,0.0,32.0,32.0,0.1112661361694336,51.263861008919775,2904.6611328125,,,,,
2061,1,2061.0,0.0,32.0,32.0,0.3055257797241211,48.938121006358415,2867.99169921875,,,,,
2062,1,2062.0,0.0,32.0,32.0,0.3144636154174804,43.39723597513512,2694.33349609375,,,,,
2063,1,2063.0,0.0,32.0,32.0,0.313359260559082,42.41139302030206,2513.87451171875,,,,,
2064,1,2064.0,0.0,32.0,32.0,0.3867244720458984,38.54990500258282,2778.75830078125,,,,,
2065,1,2065.0,0.0,32.0,32.0,0.2404232025146484,46.20282200630754,2801.326171875,,,,,
2066,1,2066.0,0.0,32.0,32.0,0.1236810684204101,42.80847101472318,2683.17138671875,,,,,
2067,1,2067.0,0.0,32.0,32.0,0.4237070083618164,52.94921901077032,3034.4814453125,,,,,
2068,1,2068.0,0.0,32.0,32.0,0.3874292373657226,44.63443002896384,2766.93994140625,,,,,
2069,1,2069.0,0.0,32.0,32.0,0.578669548034668,51.84462998295203,2970.58984375,,,,,
2070,1,2070.0,0.0,32.0,32.0,0.2308406829833984,52.33984696678817,2963.337890625,,,,,
2071,1,2071.0,0.0,32.0,32.0,0.1763191223144531,46.66096199071035,2801.326171875,,,,,
2072,1,2072.0,0.0,32.0,32.0,0.2425079345703125,45.40961200837046,2801.326171875,,,,,
2073,1,2073.0,0.0,32.0,32.0,0.3707427978515625,43.25827903812751,2727.7080078125,,,,,
2074,1,2074.0,0.0,32.0,32.0,0.4535598754882812,52.131426986306906,2963.337890625,,,,,
2075,1,2075.0,0.0,32.0,32.0,0.1970176696777343,45.40873103542253,2907.79931640625,,,,,
2076,1,2076.0,0.0,32.0,32.0,0.2672901153564453,52.87384800612927,2951.76416015625,,,,,
2077,1,2077.0,0.0,32.0,32.0,0.2886257171630859,44.1231100121513,2694.33349609375,,,,,
2078,1,2078.0,0.0,32.0,32.0,0.2571773529052734,44.352400000207126,2766.93994140625,,,,,
2079,1,2079.0,0.0,32.0,32.0,0.1395378112792968,44.77659601252526,2766.93994140625,,,,,
2080,1,2080.0,0.0,32.0,32.0,0.2066993713378906,46.81111802347005,2816.134765625,,,,,
2081,1,2081.0,0.0,32.0,32.0,0.4203472137451172,44.01130200130865,2766.93994140625,,,,,
2082,1,2082.0,0.0,32.0,32.0,0.3224506378173828,43.260194011963904,2683.17138671875,,,,,
2083,1,2083.0,0.0,32.0,32.0,0.2383384704589843,44.40393805271015,2727.7080078125,,,,,
2084,1,2084.0,0.0,32.0,32.0,0.5869865417480469,46.350052987691015,2816.134765625,,,,,
2085,1,2085.0,0.0,32.0,32.0,0.1858901977539062,42.85626299679279,2683.17138671875,,,,,
2086,1,2086.0,0.0,32.0,32.0,0.2510280609130859,35.58899601921439,2491.71826171875,,,,,
2087,1,2087.0,0.0,32.0,32.0,0.1879787445068359,44.06256799120456,2778.75830078125,,,,,
2088,1,2088.0,0.0,32.0,32.0,0.1963691711425781,43.41242904774845,2655.9453125,,,,,
2089,1,2089.0,0.0,32.0,32.0,0.23828125,43.02849102532491,2655.9453125,,,,,
2090,1,2090.0,0.0,32.0,32.0,0.323801040649414,51.195228996220976,2963.337890625,,,,,
2091,1,2091.0,0.0,32.0,32.0,0.3259029388427734,45.06964603206143,2733.4013671875,,,,,
2092,1,2092.0,0.0,32.0,32.0,0.0716724395751953,44.06033497070894,2727.7080078125,,,,,
2093,1,2093.0,0.0,32.0,32.0,0.3339672088623047,43.72119501931593,2778.75830078125,,,,,
2094,1,2094.0,0.0,32.0,32.0,0.2768135070800781,47.41108999587596,2867.99169921875,,,,,
2095,1,2095.0,0.0,32.0,32.0,0.1553478240966797,56.17199494736269,3161.05322265625,,,,,
2096,1,2096.0,0.0,32.0,32.0,0.33404541015625,43.502445972990245,2625.908203125,,,,,
2097,1,2097.0,0.0,32.0,32.0,0.1547975540161132,42.87428501993418,2588.3369140625,,,,,
2098,1,2098.0,0.0,32.0,32.0,0.192962646484375,41.91890399670229,2875.06591796875,,,,,
2099,1,2099.0,0.0,32.0,32.0,0.2605848312377929,53.443014970980585,3050.8896484375,,,,,
2100,1,2100.0,0.0,32.0,32.0,0.2042245864868164,44.61676097707823,2683.17138671875,,,,,
2101,1,2101.0,0.0,32.0,32.0,0.2992639541625976,47.474063001573086,2875.06591796875,,,,,
2102,1,2102.0,0.0,32.0,32.0,0.2522735595703125,41.84481501579285,2619.28369140625,,,,,
2103,1,2103.0,0.0,32.0,32.0,0.3184995651245117,44.12906599463895,2727.7080078125,,,,,
2104,1,2104.0,0.0,32.0,32.0,0.5778160095214844,52.646873984485865,3050.8896484375,,,,,
2105,1,2105.0,0.0,21.0,21.0,0.1875741183757782,39.54967297613621,2415.19384765625,,,,,
2105,1,,1.0,32.0,32.0,,39.54967297613621,2415.19384765625,0.8899082568807339,0.2654719107917377,0.9292194390414112,0.1821852817445675,0.0393111821606771
2106,2,1.0,0.0,32.0,32.0,0.2226142883300781,35.34606599714607,2733.4013671875,,,,,
2107,2,2.0,0.0,32.0,32.0,0.207794189453125,33.85037701809779,2727.7080078125,,,,,
2108,2,3.0,0.0,32.0,32.0,0.2862606048583984,45.4589570290409,2816.134765625,,,,,
2109,2,4.0,0.0,32.0,32.0,0.2100543975830078,53.74865495832637,3103.48876953125,,,,,
2110,2,5.0,0.0,32.0,32.0,0.1306095123291015,44.38275698339567,2766.93994140625,,,,,
2111,2,6.0,0.0,32.0,32.0,0.098785400390625,43.29276498174295,2727.7080078125,,,,,
2112,2,7.0,0.0,32.0,32.0,0.2055950164794922,43.833359028212726,2588.3369140625,,,,,
2113,2,8.0,0.0,32.0,32.0,0.2021598815917968,43.680009024683386,2694.33349609375,,,,,
2114,2,9.0,0.0,32.0,32.0,0.2365360260009765,58.76947200158611,3259.31494140625,,,,,
2115,2,10.0,0.0,32.0,32.0,0.3335685729980469,42.049559007864445,2619.28369140625,,,,,
2116,2,11.0,0.0,32.0,32.0,0.2147216796875,46.21572501491755,2816.134765625,,,,,
2117,2,12.0,0.0,32.0,32.0,0.4958915710449219,49.6568710077554,2904.6611328125,,,,,
2118,2,13.0,0.0,32.0,32.0,0.1947345733642578,44.00951199932024,2904.6611328125,,,,,
2119,2,14.0,0.0,32.0,32.0,0.1520557403564453,46.1190429632552,2801.326171875,,,,,
2120,2,15.0,0.0,32.0,32.0,0.2750616073608398,42.24413400515914,2513.87451171875,,,,,
2121,2,16.0,0.0,32.0,32.0,0.134861946105957,41.77349602105096,2513.87451171875,,,,,
2122,2,17.0,0.0,32.0,32.0,0.2876014709472656,52.93912498746067,3034.4814453125,,,,,
2123,2,18.0,0.0,32.0,32.0,0.1874637603759765,45.01281102420762,2733.4013671875,,,,,
2124,2,19.0,0.0,32.0,32.0,0.2202672958374023,46.13542201695964,2801.326171875,,,,,
2125,2,20.0,0.0,32.0,32.0,0.5216445922851562,42.2936340328306,2491.71826171875,,,,,
2126,2,21.0,0.0,32.0,32.0,0.2730979919433594,44.11235102452338,2778.75830078125,,,,,
2127,2,22.0,0.0,32.0,32.0,0.2400112152099609,44.69842201797292,2766.93994140625,,,,,
2128,2,23.0,0.0,32.0,32.0,0.0943431854248046,52.63305298285559,3034.4814453125,,,,,
2129,2,24.0,0.0,32.0,32.0,0.1049995422363281,43.59847999876365,2907.79931640625,,,,,
2130,2,25.0,0.0,32.0,32.0,0.1310882568359375,43.63650101004168,2557.56201171875,,,,,
2131,2,26.0,0.0,32.0,32.0,0.177438735961914,43.67928602732718,2766.93994140625,,,,,
2132,2,27.0,0.0,32.0,32.0,0.0845718383789062,51.00172897800803,2970.58984375,,,,,
2133,2,28.0,0.0,32.0,32.0,0.1567573547363281,43.27623097924516,2563.7587890625,,,,,
2134,2,29.0,0.0,32.0,32.0,0.3483905792236328,50.8724229875952,3025.73583984375,,,,,
2135,2,30.0,0.0,32.0,32.0,0.2800235748291015,42.703332961536944,2619.28369140625,,,,,
2136,2,31.0,0.0,32.0,32.0,0.4780216217041015,42.981293983757496,2683.17138671875,,,,,
2137,2,32.0,0.0,32.0,32.0,0.0913314819335937,44.52818498248234,2588.3369140625,,,,,
2138,2,33.0,0.0,32.0,32.0,0.0454034805297851,47.29303199565038,2867.99169921875,,,,,
2139,2,34.0,0.0,32.0,32.0,0.2214860916137695,50.90823298087344,2907.79931640625,,,,,
2140,2,35.0,0.0,32.0,32.0,0.2055215835571289,37.59426303440705,2778.75830078125,,,,,
2141,2,36.0,0.0,32.0,32.0,0.0771150588989257,43.073333974462,2694.33349609375,,,,,
2142,2,37.0,0.0,32.0,32.0,0.2462806701660156,43.790747004095465,2727.7080078125,,,,,
2143,2,38.0,0.0,32.0,32.0,0.2035017013549804,48.55248099192977,2906.4150390625,,,,,
2144,2,39.0,0.0,32.0,32.0,0.1307449340820312,51.077912969049066,2907.79931640625,,,,,
2145,2,40.0,0.0,32.0,32.0,0.0936555862426757,44.71367102814838,2557.56201171875,,,,,
2146,2,41.0,0.0,32.0,32.0,0.0859041213989257,44.00619200896472,2727.7080078125,,,,,
2147,2,42.0,0.0,32.0,32.0,0.2663192749023437,42.52584901405498,2683.17138671875,,,,,
2148,2,43.0,0.0,32.0,32.0,0.0771141052246093,50.85423501441255,3025.73583984375,,,,,
2149,2,44.0,0.0,32.0,32.0,0.1117057800292968,48.91288798535243,2867.99169921875,,,,,
2150,2,45.0,0.0,32.0,32.0,0.0899724960327148,54.08357200212777,3087.69775390625,,,,,
2151,2,46.0,0.0,32.0,32.0,0.1159620285034179,36.540900997351855,2733.4013671875,,,,,
2152,2,47.0,0.0,32.0,32.0,0.5145082473754883,37.252433015964925,2440.67236328125,,,,,
2153,2,48.0,0.0,32.0,32.0,0.3627133369445801,48.83060895372182,2904.6611328125,,,,,
2154,2,49.0,0.0,32.0,32.0,0.106630802154541,49.15501095820218,2867.99169921875,,,,,
2155,2,50.0,0.0,32.0,32.0,0.0506300926208496,47.2315379884094,2875.06591796875,,,,,
2156,2,51.0,0.0,32.0,32.0,0.5304131507873535,48.15087700262666,2906.4150390625,,,,,
2157,2,52.0,0.0,32.0,32.0,0.1982307434082031,51.21952603803948,2951.76416015625,,,,,
2158,2,53.0,0.0,32.0,32.0,0.2259178161621093,53.760509996209294,3050.8896484375,,,,,
2159,2,54.0,0.0,32.0,32.0,0.1919116973876953,44.6145260357298,2778.75830078125,,,,,
2160,2,55.0,0.0,32.0,32.0,0.1901731491088867,42.9531600093469,2694.33349609375,,,,,
2161,2,56.0,0.0,32.0,32.0,0.0682630538940429,52.12496698368341,3034.4814453125,,,,,
2162,2,57.0,0.0,32.0,32.0,0.2851905822753906,39.19051797129214,2801.326171875,,,,,
2163,2,58.0,0.0,32.0,32.0,0.3327865600585937,46.86518496600911,2867.99169921875,,,,,
2164,2,59.0,0.0,32.0,32.0,0.2128877639770507,43.553358991630375,2683.17138671875,,,,,
2165,2,60.0,0.0,32.0,32.0,0.2645492553710937,43.00053400220349,2683.17138671875,,,,,
2166,2,61.0,0.0,32.0,32.0,0.1693449020385742,43.4071869822219,2733.4013671875,,,,,
2167,2,62.0,0.0,32.0,32.0,0.30609130859375,42.8435790236108,2694.33349609375,,,,,
2168,2,63.0,0.0,32.0,32.0,0.2036008834838867,47.57193202385679,2867.99169921875,,,,,
2169,2,64.0,0.0,32.0,32.0,0.2513809204101562,43.355925008654594,2694.33349609375,,,,,
2170,2,65.0,0.0,32.0,32.0,0.2326307296752929,44.9671020032838,2801.326171875,,,,,
2171,2,66.0,0.0,32.0,32.0,0.26849365234375,43.122379982378334,2694.33349609375,,,,,
2172,2,67.0,0.0,32.0,32.0,0.1607780456542968,52.44180600857362,3050.8896484375,,,,,
2173,2,68.0,0.0,32.0,32.0,0.4027366638183594,42.864112998358905,2625.908203125,,,,,
2174,2,69.0,0.0,32.0,32.0,0.2317495346069336,36.58988099778071,2733.4013671875,,,,,
2175,2,70.0,0.0,32.0,32.0,0.1772565841674804,44.24481897149235,2733.4013671875,,,,,
2176,2,71.0,0.0,32.0,32.0,0.4571237564086914,44.07990799518302,2733.4013671875,,,,,
2177,2,72.0,0.0,32.0,32.0,0.2011747360229492,45.9827909944579,2816.134765625,,,,,
2178,2,73.0,0.0,32.0,32.0,0.2508373260498047,47.360536991618574,2906.4150390625,,,,,
2179,2,74.0,0.0,32.0,32.0,0.1878280639648437,45.35748600028455,2778.75830078125,,,,,
2180,2,75.0,0.0,32.0,32.0,0.292001724243164,52.22337401937693,2970.58984375,,,,,
2181,2,76.0,0.0,32.0,32.0,0.1483287811279297,43.278415978420526,2557.56201171875,,,,,
2182,2,77.0,0.0,32.0,32.0,0.2867431640625,53.39416099013761,3050.8896484375,,,,,
2183,2,78.0,0.0,32.0,32.0,0.1336755752563476,44.99738599406555,2778.75830078125,,,,,
2184,2,79.0,0.0,32.0,32.0,0.3964653015136719,43.072080006822944,2625.908203125,,,,,
2185,2,80.0,0.0,32.0,32.0,0.2006568908691406,38.84613997070119,2816.134765625,,,,,
2186,2,81.0,0.0,32.0,32.0,0.0728969573974609,42.656150995753706,2557.56201171875,,,,,
2187,2,82.0,0.0,32.0,32.0,0.1353778839111328,43.156375002581626,2694.33349609375,,,,,
2188,2,83.0,0.0,32.0,32.0,0.1329975128173828,43.75370603520423,2727.7080078125,,,,,
2189,2,84.0,0.0,32.0,32.0,0.3631401062011719,43.8113670097664,2588.3369140625,,,,,
2190,2,85.0,0.0,32.0,32.0,0.1670341491699218,50.34201400121674,2907.79931640625,,,,,
2191,2,86.0,0.0,32.0,32.0,0.3415117263793945,51.59224499948323,3009.92138671875,,,,,
2192,2,87.0,0.0,32.0,32.0,0.0800151824951171,52.23521200241521,2963.337890625,,,,,
2193,2,88.0,0.0,32.0,32.0,0.2769508361816406,44.96120801195502,2778.75830078125,,,,,
2194,2,89.0,0.0,32.0,32.0,0.2197856903076172,43.99924899917096,2727.7080078125,,,,,
2195,2,90.0,0.0,32.0,32.0,0.1429958343505859,54.40292303683236,3124.951171875,,,,,
2196,2,91.0,0.0,32.0,32.0,0.0806922912597656,39.19626597780734,2801.326171875,,,,,
2197,2,92.0,0.0,32.0,32.0,0.0949974060058593,47.43675200734288,2906.4150390625,,,,,
2198,2,93.0,0.0,32.0,32.0,0.4348201751708984,47.87901398958638,2867.99169921875,,,,,
2199,2,94.0,0.0,32.0,32.0,0.042093276977539,50.299115013331175,2907.79931640625,,,,,
2200,2,95.0,0.0,32.0,32.0,0.3540678024291992,51.01796495728195,2904.6611328125,,,,,
2201,2,96.0,0.0,32.0,32.0,0.1074361801147461,51.65720300283283,3025.73583984375,,,,,
2202,2,97.0,0.0,32.0,32.0,0.5281953811645508,52.22605098970234,2951.76416015625,,,,,
2203,2,98.0,0.0,32.0,32.0,0.1846828460693359,43.06065401760861,2625.908203125,,,,,
2204,2,99.0,0.0,32.0,32.0,0.3289947509765625,46.48517403984442,2816.134765625,,,,,
2205,2,100.0,0.0,32.0,32.0,0.3700551986694336,55.19726098282263,3103.48876953125,,,,,
2206,2,101.0,0.0,32.0,32.0,0.5237693786621094,44.95471203699708,2778.75830078125,,,,,
2207,2,102.0,0.0,32.0,32.0,0.4531068801879883,48.53290203027427,3171.31201171875,,,,,
2208,2,103.0,0.0,32.0,32.0,0.60894775390625,44.318487984128296,2727.7080078125,,,,,
2209,2,104.0,0.0,32.0,32.0,0.0925045013427734,42.62942203786224,2683.17138671875,,,,,
2210,2,105.0,0.0,32.0,32.0,0.5278921127319336,46.16903798887506,2816.134765625,,,,,
2211,2,106.0,0.0,32.0,32.0,0.2963151931762695,41.70353501103818,2513.87451171875,,,,,
2212,2,107.0,0.0,32.0,32.0,0.354166030883789,43.54993597371504,2733.4013671875,,,,,
2213,2,108.0,0.0,32.0,32.0,0.2798242568969726,45.47947499668226,2801.326171875,,,,,
2214,2,109.0,0.0,32.0,32.0,0.3623332977294922,43.89675299171358,2766.93994140625,,,,,
2215,2,110.0,0.0,32.0,32.0,0.1791667938232422,42.325907968916,2513.87451171875,,,,,
2216,2,111.0,0.0,32.0,32.0,0.3095903396606445,43.779588013421744,2778.75830078125,,,,,
2217,2,112.0,0.0,32.0,32.0,0.3982524871826172,43.49019605433568,2557.56201171875,,,,,
2218,2,113.0,0.0,32.0,32.0,0.4471101760864258,42.802042968105525,2625.908203125,,,,,
2219,2,114.0,0.0,32.0,32.0,0.2185592651367187,39.594660978764296,2906.4150390625,,,,,
2220,2,115.0,0.0,32.0,32.0,0.2604732513427734,45.71927699726075,2801.326171875,,,,,
2221,2,116.0,0.0,32.0,32.0,0.3198394775390625,43.01976301940158,2683.17138671875,,,,,
2222,2,117.0,0.0,32.0,32.0,0.13800048828125,42.986521031707525,2563.7587890625,,,,,
2223,2,118.0,0.0,32.0,32.0,0.2733821868896484,51.39027000404894,2951.76416015625,,,,,
2224,2,119.0,0.0,32.0,32.0,0.2910041809082031,46.98726302012801,2801.326171875,,,,,
2225,2,120.0,0.0,32.0,32.0,0.1790351867675781,43.50968898506835,2694.33349609375,,,,,
2226,2,121.0,0.0,32.0,32.0,0.2293758392333984,45.39091599872336,2801.326171875,,,,,
2227,2,122.0,0.0,32.0,32.0,0.1861991882324218,55.99940899992362,3181.74951171875,,,,,
2228,2,123.0,0.0,32.0,32.0,0.1069984436035156,43.083377997390926,2625.908203125,,,,,
2229,2,124.0,0.0,32.0,32.0,0.1606082916259765,50.35768402740359,2907.79931640625,,,,,
2230,2,125.0,0.0,32.0,32.0,0.1960639953613281,36.84925701236352,2683.17138671875,,,,,
2231,2,126.0,0.0,32.0,32.0,0.2633934020996094,50.67597498418763,2963.337890625,,,,,
2232,2,127.0,0.0,32.0,32.0,0.2064895629882812,52.29576799320057,2970.58984375,,,,,
2233,2,128.0,0.0,32.0,32.0,0.0914716720581054,58.409933000802994,3221.6025390625,,,,,
2234,2,129.0,0.0,32.0,32.0,0.1122961044311523,45.09326902916655,2588.3369140625,,,,,
2235,2,130.0,0.0,32.0,32.0,0.1502113342285156,43.36776997661218,2727.7080078125,,,,,
2236,2,131.0,0.0,32.0,32.0,0.0570154190063476,42.66599594848231,2694.33349609375,,,,,
2237,2,132.0,0.0,32.0,32.0,0.0870685577392578,46.87713400926441,2867.99169921875,,,,,
2238,2,133.0,0.0,32.0,32.0,0.1253433227539062,42.77507500955835,2563.7587890625,,,,,
2239,2,134.0,0.0,32.0,32.0,0.1737585067749023,50.36195600405336,2907.79931640625,,,,,
2240,2,135.0,0.0,32.0,32.0,0.0475482940673828,45.70676200091839,2766.93994140625,,,,,
2241,2,136.0,0.0,32.0,32.0,0.2442884445190429,37.33993601053953,2801.326171875,,,,,
2242,2,137.0,0.0,32.0,32.0,0.1019668579101562,43.9025919768028,2733.4013671875,,,,,
2243,2,138.0,0.0,32.0,32.0,0.1532278060913086,43.98116801166907,2766.93994140625,,,,,
2244,2,139.0,0.0,32.0,32.0,0.0261478424072265,44.90356502356008,2778.75830078125,,,,,
2245,2,140.0,0.0,32.0,32.0,0.2855873107910156,44.27096899598837,2588.3369140625,,,,,
2246,2,141.0,0.0,32.0,32.0,0.1426191329956054,43.126631004270166,2694.33349609375,,,,,
2247,2,142.0,0.0,32.0,32.0,0.3916115760803222,51.15289898822084,2907.79931640625,,,,,
2248,2,143.0,0.0,32.0,32.0,0.2000904083251953,46.01452895440161,2766.93994140625,,,,,
2249,2,144.0,0.0,32.0,32.0,0.0756416320800781,43.86188701028004,2766.93994140625,,,,,
2250,2,145.0,0.0,32.0,32.0,0.1552939414978027,51.18258798029274,3025.73583984375,,,,,
2251,2,146.0,0.0,32.0,32.0,0.2283649444580078,43.03475801134482,2625.908203125,,,,,
2252,2,147.0,0.0,32.0,32.0,0.2129411697387695,43.13156800344586,2733.4013671875,,,,,
2253,2,148.0,0.0,32.0,32.0,0.0404338836669921,33.55691401520744,2619.28369140625,,,,,
2254,2,149.0,0.0,32.0,32.0,0.1337456703186035,50.466768036130816,2951.76416015625,,,,,
2255,2,150.0,0.0,32.0,32.0,0.0260214805603027,48.10902301687747,2867.99169921875,,,,,
2256,2,151.0,0.0,32.0,32.0,0.4602794647216797,43.77851297613233,2733.4013671875,,,,,
2257,2,152.0,0.0,32.0,32.0,0.1424732208251953,42.81933599850163,2683.17138671875,,,,,
2258,2,153.0,0.0,32.0,32.0,0.1690406799316406,44.01527903974056,2766.93994140625,,,,,
2259,2,154.0,0.0,32.0,32.0,0.2250947952270507,42.75412100832909,2655.9453125,,,,,
2260,2,155.0,0.0,32.0,32.0,0.0242466926574707,42.29322401806712,2683.17138671875,,,,,
2261,2,156.0,0.0,32.0,32.0,0.1128597259521484,46.6897749574855,2867.99169921875,,,,,
2262,2,157.0,0.0,32.0,32.0,0.334446907043457,47.957227972801775,2875.06591796875,,,,,
2263,2,158.0,0.0,32.0,32.0,0.3842759132385254,42.555213032756,2655.9453125,,,,,
2264,2,159.0,0.0,32.0,32.0,0.4803228378295898,52.48405999736861,3050.8896484375,,,,,
2265,2,160.0,0.0,32.0,32.0,0.1000847816467285,40.62169301323593,2875.06591796875,,,,,
2266,2,161.0,0.0,32.0,32.0,0.1010313034057617,44.17176998686045,2766.93994140625,,,,,
2267,2,162.0,0.0,32.0,32.0,0.1133670806884765,43.07728499406949,2694.33349609375,,,,,
2268,2,163.0,0.0,32.0,32.0,0.2684454917907715,56.72937800409272,3171.31201171875,,,,,
2269,2,164.0,0.0,32.0,32.0,0.2588443756103515,51.1047060135752,2904.6611328125,,,,,
2270,2,165.0,0.0,32.0,32.0,0.2800483703613281,43.20433601969853,2625.908203125,,,,,
2271,2,166.0,0.0,32.0,32.0,0.1395130157470703,47.557727026287466,2906.4150390625,,,,,
2272,2,167.0,0.0,32.0,32.0,0.2668228149414062,52.06035799346864,2951.76416015625,,,,,
2273,2,168.0,0.0,32.0,32.0,0.4021816253662109,56.76341598154977,3171.31201171875,,,,,
2274,2,169.0,0.0,32.0,32.0,0.1493430137634277,44.367617985699326,2727.7080078125,,,,,
2275,2,170.0,0.0,32.0,32.0,0.0802946090698242,50.39418302476406,2951.76416015625,,,,,
2276,2,171.0,0.0,32.0,32.0,0.3367795944213867,43.331235996447504,2907.79931640625,,,,,
2277,2,172.0,0.0,32.0,32.0,0.1195955276489257,46.34405503747985,2801.326171875,,,,,
2278,2,173.0,0.0,32.0,32.0,0.1532716751098632,44.16914499597624,2766.93994140625,,,,,
2279,2,174.0,0.0,32.0,32.0,0.1302533149719238,45.03386403666809,2801.326171875,,,,,
2280,2,175.0,0.0,32.0,32.0,0.130533218383789,49.45337999379262,2907.79931640625,,,,,
2281,2,176.0,0.0,32.0,32.0,0.1679682731628418,48.84802404558286,2875.06591796875,,,,,
2282,2,177.0,0.0,32.0,32.0,0.0669450759887695,47.442101989872754,2875.06591796875,,,,,
2283,2,178.0,0.0,32.0,32.0,0.0815024375915527,44.47149601764977,2778.75830078125,,,,,
2284,2,179.0,0.0,32.0,32.0,0.0738234519958496,42.80605795793235,2625.908203125,,,,,
2285,2,180.0,0.0,32.0,32.0,0.0713977813720703,42.34730900498107,2625.908203125,,,,,
2286,2,181.0,0.0,32.0,32.0,0.4274792671203613,42.24034701474011,2683.17138671875,,,,,
2287,2,182.0,0.0,32.0,32.0,0.2024149894714355,54.67081302776933,3124.951171875,,,,,
2288,2,183.0,0.0,32.0,32.0,0.153717041015625,40.49460397800431,2867.99169921875,,,,,
2289,2,184.0,0.0,32.0,32.0,0.231635570526123,54.78473601397127,3103.48876953125,,,,,
2290,2,185.0,0.0,32.0,32.0,0.2124643325805664,50.96236401004717,3009.92138671875,,,,,
2291,2,186.0,0.0,32.0,32.0,0.0996956825256347,45.45297799631953,2588.3369140625,,,,,
2292,2,187.0,0.0,32.0,32.0,0.2437520027160644,44.17560901492834,2766.93994140625,,,,,
2293,2,188.0,0.0,32.0,32.0,0.4131217002868652,43.91716100508347,2766.93994140625,,,,,
2294,2,189.0,0.0,32.0,32.0,0.445650577545166,51.74356896895915,2963.337890625,,,,,
2295,2,190.0,0.0,32.0,32.0,0.3848490715026855,44.36105099739507,2727.7080078125,,,,,
2296,2,191.0,0.0,32.0,32.0,0.3789486885070801,46.53545102337375,2867.99169921875,,,,,
2297,2,192.0,0.0,32.0,32.0,0.1433262825012207,43.50729996804148,2694.33349609375,,,,,
2298,2,193.0,0.0,32.0,32.0,0.46588134765625,41.48115002317354,2491.71826171875,,,,,
2299,2,194.0,0.0,32.0,32.0,0.258087158203125,38.34834002191201,2816.134765625,,,,,
2300,2,195.0,0.0,32.0,32.0,0.0605316162109375,45.85593903902918,2816.134765625,,,,,
2301,2,196.0,0.0,32.0,32.0,0.0631208419799804,55.3231539670378,3124.951171875,,,,,
2302,2,197.0,0.0,32.0,32.0,0.2313652038574218,43.05485903751105,2625.908203125,,,,,
2303,2,198.0,0.0,32.0,32.0,0.3638772964477539,47.40580200450495,2875.06591796875,,,,,
2304,2,199.0,0.0,32.0,32.0,0.3221988677978515,52.0045289886184,2963.337890625,,,,,
2305,2,200.0,0.0,32.0,32.0,0.271148681640625,50.51863798871637,2904.6611328125,,,,,
2306,2,201.0,0.0,32.0,32.0,0.1455612182617187,43.737163010519,2655.9453125,,,,,
2307,2,202.0,0.0,32.0,32.0,0.1194419860839843,49.460262001957744,3009.92138671875,,,,,
2308,2,203.0,0.0,32.0,32.0,0.0947113037109375,42.37249301513657,2619.28369140625,,,,,
2309,2,204.0,0.0,32.0,32.0,0.0973434448242187,43.303108017425984,2694.33349609375,,,,,
2310,2,205.0,0.0,32.0,32.0,0.1962032318115234,35.05877900170162,2694.33349609375,,,,,
2311,2,206.0,0.0,32.0,32.0,0.301126480102539,45.562329003587365,2816.134765625,,,,,
2312,2,207.0,0.0,32.0,32.0,0.2402076721191406,44.08938001142815,2766.93994140625,,,,,
2313,2,208.0,0.0,32.0,32.0,0.5384397506713867,47.87899600341916,2875.06591796875,,,,,
2314,2,209.0,0.0,32.0,32.0,0.3270673751831054,44.09685399150476,2588.3369140625,,,,,
2315,2,210.0,0.0,32.0,32.0,0.1050071716308593,50.8845149888657,3025.73583984375,,,,,
2316,2,211.0,0.0,32.0,32.0,0.2578725814819336,48.957998980768025,2867.99169921875,,,,,
2317,2,212.0,0.0,32.0,32.0,0.0465764999389648,43.78719202941284,2727.7080078125,,,,,
2318,2,213.0,0.0,32.0,32.0,0.0683727264404296,52.77766095241532,3050.8896484375,,,,,
2319,2,214.0,0.0,32.0,32.0,0.7231874465942383,53.44054795568809,3050.8896484375,,,,,
2320,2,215.0,0.0,32.0,32.0,0.3261709213256836,48.14210603944957,2816.134765625,,,,,
2321,2,216.0,0.0,32.0,32.0,0.3952398300170898,34.636033000424504,2727.7080078125,,,,,
2322,2,217.0,0.0,32.0,32.0,0.1678323745727539,40.910013020038605,2619.28369140625,,,,,
2323,2,218.0,0.0,32.0,32.0,0.3069543838500976,50.328731012996286,2951.76416015625,,,,,
2324,2,219.0,0.0,32.0,32.0,0.3723955154418945,47.16694098897278,2816.134765625,,,,,
2325,2,220.0,0.0,32.0,32.0,0.2598943710327148,43.11321099521592,2694.33349609375,,,,,
2326,2,221.0,0.0,32.0,32.0,0.1883220672607422,44.06969901174307,2778.75830078125,,,,,
2327,2,222.0,0.0,32.0,32.0,0.3221759796142578,42.98829502658919,2655.9453125,,,,,
2328,2,223.0,0.0,32.0,32.0,0.3733596801757812,43.21291099768132,2694.33349609375,,,,,
2329,2,224.0,0.0,32.0,32.0,0.0626239776611328,43.88193099293858,2766.93994140625,,,,,
2330,2,225.0,0.0,32.0,32.0,0.1095447540283203,52.87934502121061,3050.8896484375,,,,,
2331,2,226.0,0.0,32.0,32.0,0.1237449645996093,48.45945897977799,2875.06591796875,,,,,
2332,2,227.0,0.0,32.0,32.0,0.0816211700439453,46.08448001090437,2816.134765625,,,,,
2333,2,228.0,0.0,32.0,32.0,0.0728664398193359,33.777388045564294,2683.17138671875,,,,,
2334,2,229.0,0.0,32.0,32.0,0.3214054107666015,45.486852002795786,2801.326171875,,,,,
2335,2,230.0,0.0,32.0,32.0,0.1713943481445312,43.93256700132042,2766.93994140625,,,,,
2336,2,231.0,0.0,32.0,32.0,0.304107666015625,45.8125889999792,2801.326171875,,,,,
2337,2,232.0,0.0,32.0,32.0,0.7776479721069336,43.69862301973626,2766.93994140625,,,,,
2338,2,233.0,0.0,32.0,32.0,0.1968765258789062,46.05883196927607,2801.326171875,,,,,
2339,2,234.0,0.0,32.0,32.0,0.1001119613647461,55.24179898202419,3124.951171875,,,,,
2340,2,235.0,0.0,32.0,32.0,0.3758583068847656,51.38729297323152,2907.79931640625,,,,,
2341,2,236.0,0.0,32.0,32.0,0.2903938293457031,48.60809398815036,2875.06591796875,,,,,
2342,2,237.0,0.0,32.0,32.0,0.3426990509033203,43.73495903564617,2588.3369140625,,,,,
2343,2,238.0,0.0,32.0,32.0,0.1766376495361328,41.587158979382366,2619.28369140625,,,,,
2344,2,239.0,0.0,32.0,32.0,0.2897958755493164,32.71486499579623,2683.17138671875,,,,,
2345,2,240.0,0.0,32.0,32.0,0.1340780258178711,52.34425101662055,3034.4814453125,,,,,
2346,2,241.0,0.0,32.0,32.0,0.0976724624633789,47.54414805211127,2816.134765625,,,,,
2347,2,242.0,0.0,32.0,32.0,0.0814800262451171,44.03863201150671,2778.75830078125,,,,,
2348,2,243.0,0.0,32.0,32.0,0.1954708099365234,44.46998599451035,2766.93994140625,,,,,
2349,2,244.0,0.0,32.0,32.0,0.1674270629882812,43.90494100516662,2727.7080078125,,,,,
2350,2,245.0,0.0,32.0,32.0,0.1099758148193359,50.9351349901408,2963.337890625,,,,,
2351,2,246.0,0.0,32.0,32.0,0.252695083618164,44.25128002185375,2727.7080078125,,,,,
2352,2,247.0,0.0,32.0,32.0,0.3695325851440429,51.38270498719066,2951.76416015625,,,,,
2353,2,248.0,0.0,32.0,32.0,0.3209714889526367,55.643316998612136,3103.48876953125,,,,,
2354,2,249.0,0.0,32.0,32.0,0.2600555419921875,46.00755503633991,2801.326171875,,,,,
2355,2,250.0,0.0,32.0,32.0,0.1031961441040039,34.04195397160947,2563.7587890625,,,,,
2356,2,251.0,0.0,32.0,32.0,0.1034126281738281,47.81019303482026,2906.4150390625,,,,,
2357,2,252.0,0.0,32.0,32.0,0.2839803695678711,50.12628901749849,3009.92138671875,,,,,
2358,2,253.0,0.0,32.0,32.0,0.3650398254394531,44.13493402535096,2557.56201171875,,,,,
2359,2,254.0,0.0,32.0,32.0,0.1915826797485351,47.468925011344254,2867.99169921875,,,,,
2360,2,255.0,0.0,32.0,32.0,0.1318435668945312,43.97926299134269,2766.93994140625,,,,,
2361,2,256.0,0.0,32.0,32.0,0.143869400024414,50.49634899478406,2904.6611328125,,,,,
2362,2,257.0,0.0,32.0,32.0,0.0691776275634765,43.54505200171843,2655.9453125,,,,,
2363,2,258.0,0.0,32.0,32.0,0.1974086761474609,41.09168995637447,2619.28369140625,,,,,
2364,2,259.0,0.0,32.0,32.0,0.11468505859375,42.85024502314627,2778.75830078125,,,,,
2365,2,260.0,0.0,32.0,32.0,0.0191469192504882,63.214899972081184,3314.02294921875,,,,,
2366,2,261.0,0.0,32.0,32.0,0.2507762908935547,50.389249983709306,3194.6259765625,,,,,
2367,2,262.0,0.0,32.0,32.0,0.2156376838684082,50.62851501861587,2766.93994140625,,,,,
2368,2,263.0,0.0,32.0,32.0,0.4333043098449707,42.20572696067393,2778.75830078125,,,,,
2369,2,264.0,0.0,32.0,32.0,0.2919745445251465,43.510465999133885,2766.93994140625,,,,,
2370,2,265.0,0.0,32.0,32.0,0.1187415122985839,56.63440003991127,3171.31201171875,,,,,
2371,2,266.0,0.0,32.0,32.0,0.1482033729553222,51.59785895375535,2951.76416015625,,,,,
2372,2,267.0,0.0,32.0,32.0,0.2623448371887207,52.00944998068735,2907.79931640625,,,,,
2373,2,268.0,0.0,32.0,32.0,0.1995992660522461,47.90381004568189,2867.99169921875,,,,,
2374,2,269.0,0.0,32.0,32.0,0.3285832405090332,52.97152703860775,3034.4814453125,,,,,
2375,2,270.0,0.0,32.0,32.0,0.1981263160705566,42.92130400426686,2655.9453125,,,,,
2376,2,271.0,0.0,32.0,32.0,0.1974329948425293,43.84889098582789,2766.93994140625,,,,,
2377,2,272.0,0.0,32.0,32.0,0.1307454109191894,42.3862969619222,2907.79931640625,,,,,
2378,2,273.0,0.0,32.0,32.0,0.2566041946411133,45.36021401872858,2766.93994140625,,,,,
2379,2,274.0,0.0,32.0,32.0,0.102935791015625,44.17136200936511,2778.75830078125,,,,,
2380,2,275.0,0.0,32.0,32.0,0.1625857353210449,42.78854501899332,2655.9453125,,,,,
2381,2,276.0,0.0,32.0,32.0,0.1923246383666992,42.99449996324256,2683.17138671875,,,,,
2382,2,277.0,0.0,32.0,32.0,0.2447967529296875,46.08716099755839,2875.06591796875,,,,,
2383,2,278.0,0.0,32.0,32.0,0.1666126251220703,44.03327399631962,2766.93994140625,,,,,
2384,2,279.0,0.0,32.0,32.0,0.1775360107421875,42.82458202214912,2683.17138671875,,,,,
2385,2,280.0,0.0,32.0,32.0,0.3778886795043945,43.74481301056221,2727.7080078125,,,,,
2386,2,281.0,0.0,32.0,32.0,0.2011623382568359,48.29029802931473,2906.4150390625,,,,,
2387,2,282.0,0.0,32.0,32.0,0.1938066482543945,46.83856398332864,2816.134765625,,,,,
2388,2,283.0,0.0,32.0,32.0,0.206212043762207,41.79765697335824,2513.87451171875,,,,,
2389,2,284.0,0.0,32.0,32.0,0.1412067413330078,35.057224973570555,2727.7080078125,,,,,
2390,2,285.0,0.0,32.0,32.0,0.2060213088989257,45.706115022767335,2816.134765625,,,,,
2391,2,286.0,0.0,32.0,32.0,0.0500392913818359,42.72527003195137,2655.9453125,,,,,
2392,2,287.0,0.0,32.0,32.0,0.3242053985595703,44.09834899706766,2778.75830078125,,,,,
2393,2,288.0,0.0,32.0,32.0,0.0974664688110351,43.15580503316596,2625.908203125,,,,,
2394,2,289.0,0.0,32.0,32.0,0.3287773132324219,50.51548103801906,2907.79931640625,,,,,
2395,2,290.0,0.0,32.0,32.0,0.059147834777832,44.837057997938246,2727.7080078125,,,,,
2396,2,291.0,0.0,32.0,32.0,0.08378267288208,44.06969697447494,2727.7080078125,,,,,
2397,2,292.0,0.0,32.0,32.0,0.2547435760498047,47.16153198387474,2875.06591796875,,,,,
2398,2,293.0,0.0,32.0,32.0,0.0951447486877441,42.16304601868615,2655.9453125,,,,,
2399,2,294.0,0.0,32.0,32.0,0.1442270278930664,41.37021600035951,2619.28369140625,,,,,
2400,2,295.0,0.0,32.0,32.0,0.2178602218627929,47.09268198348582,2875.06591796875,,,,,
2401,2,296.0,0.0,32.0,32.0,0.2857818603515625,42.61117102578282,2907.79931640625,,,,,
2402,2,297.0,0.0,32.0,32.0,0.0382041931152343,44.77268300252035,2733.4013671875,,,,,
2403,2,298.0,0.0,32.0,32.0,0.1763343811035156,44.72047695890069,2778.75830078125,,,,,
2404,2,299.0,0.0,32.0,32.0,0.3360977172851562,43.13835204811767,2727.7080078125,,,,,
2405,2,300.0,0.0,32.0,32.0,0.2528219223022461,43.15610899357125,2733.4013671875,,,,,
2406,2,301.0,0.0,32.0,32.0,0.3446321487426758,52.32542398152873,3034.4814453125,,,,,
2407,2,302.0,0.0,32.0,32.0,0.2946615219116211,44.643527013249695,2727.7080078125,,,,,
2408,2,303.0,0.0,32.0,32.0,0.0781831741333007,49.64194697095081,2904.6611328125,,,,,
2409,2,304.0,0.0,32.0,32.0,0.4021272659301758,51.862608990632,2907.79931640625,,,,,
2410,2,305.0,0.0,32.0,32.0,0.0869979858398437,44.26676000002772,2727.7080078125,,,,,
2411,2,306.0,0.0,32.0,32.0,0.2276248931884765,41.260575002525,2619.28369140625,,,,,
2412,2,307.0,0.0,32.0,32.0,0.0740489959716796,38.0014959955588,2867.99169921875,,,,,
2413,2,308.0,0.0,32.0,32.0,0.2562808990478515,50.95921503379941,2951.76416015625,,,,,
2414,2,309.0,0.0,32.0,32.0,0.1907234191894531,42.447589978110045,2619.28369140625,,,,,
2415,2,310.0,0.0,32.0,32.0,0.0487289428710937,42.22771100467071,2625.908203125,,,,,
2416,2,311.0,0.0,32.0,32.0,0.1675701141357422,51.52701394399628,2907.79931640625,,,,,
2417,2,312.0,0.0,32.0,32.0,0.1300544738769531,58.21375799132511,3194.6259765625,,,,,
2418,2,313.0,0.0,32.0,32.0,0.028451919555664,48.12998196575791,2867.99169921875,,,,,
2419,2,314.0,0.0,32.0,32.0,0.3000030517578125,44.18873699614778,2778.75830078125,,,,,
2420,2,315.0,0.0,32.0,32.0,0.2997655868530273,44.01822603540495,2733.4013671875,,,,,
2421,2,316.0,0.0,32.0,32.0,0.1683988571166992,50.24055496323854,3025.73583984375,,,,,
2422,2,317.0,0.0,32.0,32.0,0.1946010589599609,48.24731894768775,2867.99169921875,,,,,
2423,2,318.0,0.0,32.0,32.0,0.0819902420043945,38.33765699528158,2875.06591796875,,,,,
2424,2,319.0,0.0,32.0,32.0,0.0311508178710937,53.98883204907179,3103.48876953125,,,,,
2425,2,320.0,0.0,32.0,32.0,0.0242061614990234,50.78919598599896,2951.76416015625,,,,,
2426,2,321.0,0.0,32.0,32.0,0.1816282272338867,45.82650598604232,2778.75830078125,,,,,
2427,2,322.0,0.0,32.0,32.0,0.2904987335205078,47.52716398797929,2906.4150390625,,,,,
2428,2,323.0,0.0,32.0,32.0,0.0800056457519531,42.40348801249638,2563.7587890625,,,,,
2429,2,324.0,0.0,32.0,32.0,0.5109710693359375,42.823305004276335,2557.56201171875,,,,,
2430,2,325.0,0.0,32.0,32.0,0.3143529891967773,41.58670897595584,2491.71826171875,,,,,
2431,2,326.0,0.0,32.0,32.0,0.3130393028259277,44.3640899611637,2778.75830078125,,,,,
2432,2,327.0,0.0,32.0,32.0,0.2513909339904785,52.320079994387925,3034.4814453125,,,,,
2433,2,328.0,0.0,32.0,32.0,0.0085725784301757,52.07975301891565,2951.76416015625,,,,,
2434,2,329.0,0.0,32.0,32.0,0.2557792663574219,34.81304901652038,2513.87451171875,,,,,
2435,2,330.0,0.0,32.0,32.0,0.2568411827087402,47.4634490092285,2906.4150390625,,,,,
2436,2,331.0,0.0,32.0,32.0,0.0091800689697265,44.10479700891301,2694.33349609375,,,,,
2437,2,332.0,0.0,32.0,32.0,0.53369140625,50.29280896997079,3009.92138671875,,,,,
2438,2,333.0,0.0,32.0,32.0,0.3614988327026367,43.52488904260099,2655.9453125,,,,,
2439,2,334.0,0.0,32.0,32.0,0.0197844505310058,44.258096953853965,2766.93994140625,,,,,
2440,2,335.0,0.0,32.0,32.0,0.2464017868041992,43.16006600856781,2683.17138671875,,,,,
2441,2,336.0,0.0,32.0,32.0,0.1383886337280273,44.66947901528329,2801.326171875,,,,,
2442,2,337.0,0.0,32.0,32.0,0.6000900268554688,50.299901980906725,3009.92138671875,,,,,
2443,2,338.0,0.0,32.0,32.0,0.2842259407043457,55.38525298470631,3103.48876953125,,,,,
2444,2,339.0,0.0,32.0,32.0,0.0991401672363281,51.34406598517671,2907.79931640625,,,,,
2445,2,340.0,0.0,32.0,32.0,0.2016477584838867,34.63196399388835,2683.17138671875,,,,,
2446,2,341.0,0.0,32.0,32.0,0.0957221984863281,42.57422400405631,2683.17138671875,,,,,
2447,2,342.0,0.0,32.0,32.0,0.1278219223022461,50.7208330091089,3025.73583984375,,,,,
2448,2,343.0,0.0,32.0,32.0,0.2238292694091797,44.76208100095391,2778.75830078125,,,,,
2449,2,344.0,0.0,32.0,32.0,0.2163286209106445,43.87768800370395,2733.4013671875,,,,,
2450,2,345.0,0.0,32.0,32.0,0.2466659545898437,42.58241300703958,2557.56201171875,,,,,
2451,2,346.0,0.0,32.0,32.0,0.3541774749755859,44.732109003234655,2766.93994140625,,,,,
2452,2,347.0,0.0,32.0,32.0,0.1517496109008789,53.91146300826222,3087.69775390625,,,,,
2453,2,348.0,0.0,32.0,32.0,0.1520948410034179,42.30689204996452,2619.28369140625,,,,,
2454,2,349.0,0.0,32.0,32.0,0.2702093124389648,43.66621299413964,2727.7080078125,,,,,
2455,2,350.0,0.0,32.0,32.0,0.2874584197998047,45.47165997792035,2801.326171875,,,,,
2456,2,351.0,0.0,32.0,32.0,0.1849689483642578,42.64180798782036,2683.17138671875,,,,,
2457,2,352.0,0.0,32.0,32.0,0.1164350509643554,45.95453198999167,3087.69775390625,,,,,
2458,2,353.0,0.0,32.0,32.0,0.218505859375,52.61895398143679,2970.58984375,,,,,
2459,2,354.0,0.0,32.0,32.0,0.2446432113647461,55.60479796258733,3103.48876953125,,,,,
2460,2,355.0,0.0,32.0,32.0,0.2107324600219726,40.06175795802847,2481.373046875,,,,,
2461,2,356.0,0.0,32.0,32.0,0.0980176925659179,54.86845696577802,3161.05322265625,,,,,
2462,2,357.0,0.0,32.0,32.0,0.3037605285644531,47.74972901213914,2875.06591796875,,,,,
2463,2,358.0,0.0,32.0,32.0,0.2180094718933105,43.70754602132365,2694.33349609375,,,,,
2464,2,359.0,0.0,32.0,32.0,0.3159427642822265,45.37610802799463,2801.326171875,,,,,
2465,2,360.0,0.0,32.0,32.0,0.1485962867736816,47.16758301947266,2906.4150390625,,,,,
2466,2,361.0,0.0,32.0,32.0,0.2898793220520019,44.37134100589901,2778.75830078125,,,,,
2467,2,362.0,0.0,32.0,32.0,0.2520508766174316,43.50575600983575,2694.33349609375,,,,,
2468,2,363.0,0.0,32.0,32.0,0.1281361579895019,43.27663400908932,3034.4814453125,,,,,
2469,2,364.0,0.0,32.0,32.0,0.1533503532409668,47.23437095526606,2816.134765625,,,,,
2470,2,365.0,0.0,32.0,32.0,0.2738909721374511,37.18071698676795,2440.67236328125,,,,,
2471,2,366.0,0.0,32.0,32.0,0.366422176361084,43.009501008782536,2727.7080078125,,,,,
2472,2,367.0,0.0,32.0,32.0,0.2854566574096679,46.03349498938769,2816.134765625,,,,,
2473,2,368.0,0.0,32.0,32.0,0.3902144432067871,50.24486198090017,2951.76416015625,,,,,
2474,2,369.0,0.0,32.0,32.0,0.3890538215637207,45.25187000399456,2733.4013671875,,,,,
2475,2,370.0,0.0,32.0,32.0,0.2643032073974609,43.32963097840548,2694.33349609375,,,,,
2476,2,371.0,0.0,32.0,32.0,0.1078691482543945,43.03613002412021,2733.4013671875,,,,,
2477,2,372.0,0.0,32.0,32.0,0.2321090698242187,46.29345599096269,2816.134765625,,,,,
2478,2,373.0,0.0,32.0,32.0,0.2261457443237304,57.49180697603151,3194.6259765625,,,,,
2479,2,374.0,0.0,32.0,32.0,0.4001493453979492,35.88260401738808,2683.17138671875,,,,,
2480,2,375.0,0.0,32.0,32.0,0.3099231719970703,42.63834498124197,2655.9453125,,,,,
2481,2,376.0,0.0,32.0,32.0,0.2509536743164062,41.97649098932743,2513.87451171875,,,,,
2482,2,377.0,0.0,32.0,32.0,0.0662479400634765,42.35622496344149,2683.17138671875,,,,,
2483,2,378.0,0.0,32.0,32.0,0.0817070007324218,42.94373100856319,2694.33349609375,,,,,
2484,2,379.0,0.0,32.0,32.0,0.1661815643310547,44.04447501292452,2733.4013671875,,,,,
2485,2,380.0,0.0,32.0,32.0,0.253549575805664,51.79034196771681,2963.337890625,,,,,
2486,2,381.0,0.0,32.0,32.0,0.3711071014404297,51.19102302705869,3025.73583984375,,,,,
2487,2,382.0,0.0,32.0,32.0,0.3510799407958984,46.68051702901721,2801.326171875,,,,,
2488,2,383.0,0.0,32.0,32.0,0.1982803344726562,46.89954401692376,2875.06591796875,,,,,
2489,2,384.0,0.0,32.0,32.0,0.3030071258544922,42.83498000586405,2655.9453125,,,,,
2490,2,385.0,0.0,32.0,32.0,0.376007080078125,41.83392296545208,2513.87451171875,,,,,
2491,2,386.0,0.0,32.0,32.0,0.1486682891845703,34.67158600687981,2694.33349609375,,,,,
2492,2,387.0,0.0,32.0,32.0,0.29705810546875,47.2011259989813,2906.4150390625,,,,,
2493,2,388.0,0.0,32.0,32.0,0.2055606842041015,44.01660099392757,2778.75830078125,,,,,
2494,2,389.0,0.0,32.0,32.0,0.3807868957519531,48.44549798872322,2906.4150390625,,,,,
2495,2,390.0,0.0,32.0,32.0,0.1297168731689453,42.80568897956982,2655.9453125,,,,,
2496,2,391.0,0.0,32.0,32.0,0.130340576171875,40.92135600512847,2619.28369140625,,,,,
2497,2,392.0,0.0,32.0,32.0,0.1881484985351562,44.99077401123941,2801.326171875,,,,,
2498,2,393.0,0.0,32.0,32.0,0.1880111694335937,51.49421200621873,3025.73583984375,,,,,
2499,2,394.0,0.0,32.0,32.0,0.3720149993896484,45.07674602791667,2727.7080078125,,,,,
2500,2,395.0,0.0,32.0,32.0,0.279123306274414,44.16913801105693,2733.4013671875,,,,,
2501,2,396.0,0.0,32.0,32.0,0.0833587646484375,42.937332997098565,2683.17138671875,,,,,
2502,2,397.0,0.0,32.0,32.0,0.4477367401123047,44.19649502960965,2778.75830078125,,,,,
2503,2,398.0,0.0,32.0,32.0,0.1565322875976562,30.9214320150204,2481.373046875,,,,,
2504,2,399.0,0.0,32.0,32.0,0.1124591827392578,42.37177001778037,2557.56201171875,,,,,
2505,2,400.0,0.0,32.0,32.0,0.1342983245849609,46.2481519789435,2816.134765625,,,,,
2506,2,401.0,0.0,32.0,32.0,0.2378578186035156,42.04651596955955,2513.87451171875,,,,,
2507,2,402.0,0.0,32.0,32.0,0.2163772583007812,43.958578957244754,2733.4013671875,,,,,
2508,2,403.0,0.0,32.0,32.0,0.0983142852783203,44.35292101697996,2733.4013671875,,,,,
2509,2,404.0,0.0,32.0,32.0,0.365701675415039,52.43989900918677,3034.4814453125,,,,,
2510,2,405.0,0.0,32.0,32.0,0.2446575164794922,47.243640990927815,2816.134765625,,,,,
2511,2,406.0,0.0,32.0,32.0,0.0687255859375,42.668225010856986,2557.56201171875,,,,,
2512,2,407.0,0.0,32.0,32.0,0.1328048706054687,44.86462200293317,2801.326171875,,,,,
2513,2,408.0,0.0,32.0,32.0,0.2197256088256836,50.73357996298,3025.73583984375,,,,,
2514,2,409.0,0.0,32.0,32.0,0.2894210815429687,44.864066992886364,2727.7080078125,,,,,
2515,2,410.0,0.0,32.0,32.0,0.3307142257690429,34.10968102980405,2694.33349609375,,,,,
2516,2,411.0,0.0,32.0,32.0,0.021529197692871,49.98063296079636,2907.79931640625,,,,,
2517,2,412.0,0.0,32.0,32.0,0.1033439636230468,44.537412002682686,2727.7080078125,,,,,
2518,2,413.0,0.0,32.0,32.0,0.1814451217651367,43.766918999608606,2766.93994140625,,,,,
2519,2,414.0,0.0,32.0,32.0,0.0474214553833007,50.05381797673181,2904.6611328125,,,,,
2520,2,415.0,0.0,32.0,32.0,0.2423124313354492,45.214851037599146,2727.7080078125,,,,,
2521,2,416.0,0.0,32.0,32.0,0.1718511581420898,50.11774098966271,2907.79931640625,,,,,
2522,2,417.0,0.0,32.0,32.0,0.0170631408691406,47.66898800153285,2816.134765625,,,,,
2523,2,418.0,0.0,32.0,32.0,0.3039107322692871,44.0379049978219,2766.93994140625,,,,,
2524,2,419.0,0.0,32.0,32.0,0.1258339881896972,52.43431800045073,3050.8896484375,,,,,
2525,2,420.0,0.0,32.0,32.0,0.2565135955810547,51.34936998365447,2904.6611328125,,,,,
2526,2,421.0,0.0,32.0,32.0,0.22410249710083,35.86495196213946,2778.75830078125,,,,,
2527,2,422.0,0.0,32.0,32.0,0.1838288307189941,43.051570013631135,2655.9453125,,,,,
2528,2,423.0,0.0,32.0,32.0,0.3084659576416015,43.81005396135152,2727.7080078125,,,,,
2529,2,424.0,0.0,32.0,32.0,0.3925423622131347,37.12597698904574,2419.0927734375,,,,,
2530,2,425.0,0.0,32.0,32.0,0.1796422004699707,41.89382999902591,2655.9453125,,,,,
2531,2,426.0,0.0,32.0,32.0,0.2158780097961425,143.5399699839763,2875.06591796875,,,,,
2532,2,427.0,0.0,32.0,32.0,0.1157903671264648,37.06966497702524,2733.4013671875,,,,,
2533,2,428.0,0.0,32.0,32.0,0.2524876594543457,40.15051596798003,2733.4013671875,,,,,
2534,2,429.0,0.0,32.0,32.0,0.0663595199584961,47.156780026853085,2970.58984375,,,,,
2535,2,430.0,0.0,32.0,32.0,0.0715432167053222,40.94842402264476,2727.7080078125,,,,,
2536,2,431.0,0.0,32.0,32.0,0.3238968849182129,30.180639994796365,2694.33349609375,,,,,
2537,2,432.0,0.0,32.0,32.0,0.1629862785339355,39.73554499680176,2733.4013671875,,,,,
2538,2,433.0,0.0,32.0,32.0,0.0710887908935546,39.45475397631526,2683.17138671875,,,,,
2539,2,434.0,0.0,32.0,32.0,0.203564167022705,48.41676604701206,3025.73583984375,,,,,
2540,2,435.0,0.0,32.0,32.0,0.1287188529968261,42.2348550055176,2655.9453125,,,,,
2541,2,436.0,0.0,32.0,32.0,0.0720734596252441,41.18027299409732,2655.9453125,,,,,
2542,2,437.0,0.0,32.0,32.0,0.0969471931457519,41.65558499516919,2563.7587890625,,,,,
2543,2,438.0,0.0,32.0,32.0,0.1510596275329589,46.86136596137658,2906.4150390625,,,,,
2544,2,439.0,0.0,32.0,32.0,0.2845339775085449,42.687416018452495,2655.9453125,,,,,
2545,2,440.0,0.0,32.0,32.0,0.0773568153381347,43.08296000817791,2683.17138671875,,,,,
2546,2,441.0,0.0,32.0,32.0,0.3091087341308594,54.37230598181486,3103.48876953125,,,,,
2547,2,442.0,0.0,32.0,32.0,0.2451543807983398,52.31148604070768,2907.79931640625,,,,,
2548,2,443.0,0.0,32.0,32.0,0.0790371894836425,34.96253804769367,2778.75830078125,,,,,
2549,2,444.0,0.0,32.0,32.0,0.2668595314025879,41.66801797691733,2619.28369140625,,,,,
2550,2,445.0,0.0,32.0,32.0,0.4895622730255127,50.20490102469921,2801.326171875,,,,,
2551,2,446.0,0.0,32.0,32.0,0.1643223762512207,56.150772026740015,2801.326171875,,,,,
2552,2,447.0,0.0,32.0,32.0,0.4455130100250244,52.41505795856938,2801.326171875,,,,,
2553,2,448.0,0.0,32.0,32.0,0.3050665855407715,44.91864098235965,2683.17138671875,,,,,
2554,2,449.0,0.0,32.0,32.0,0.1052885055541992,46.98194900993258,2867.99169921875,,,,,
2555,2,450.0,0.0,32.0,32.0,0.0393009185791015,44.172052992507815,2801.326171875,,,,,
2556,2,451.0,0.0,32.0,32.0,0.2706379890441894,48.15998702542856,3009.92138671875,,,,,
2557,2,452.0,0.0,32.0,32.0,0.1676759719848632,42.22037299768999,2727.7080078125,,,,,
2558,2,453.0,0.0,32.0,32.0,0.1616907119750976,41.73542995704338,2766.93994140625,,,,,
2559,2,454.0,0.0,32.0,32.0,0.0837440490722656,39.18190201511607,2970.58984375,,,,,
2560,2,455.0,0.0,32.0,32.0,0.2612676620483398,46.0541810025461,2875.06591796875,,,,,
2561,2,456.0,0.0,32.0,32.0,0.4503860473632812,42.41088003618643,2727.7080078125,,,,,
2562,2,457.0,0.0,32.0,32.0,0.1209912300109863,48.33826603135094,2907.79931640625,,,,,
2563,2,458.0,0.0,32.0,32.0,0.4544591903686523,42.15181100880727,2513.87451171875,,,,,
2564,2,459.0,0.0,32.0,32.0,0.2851066589355469,41.60018695984036,2655.9453125,,,,,
2565,2,460.0,0.0,32.0,32.0,0.2043676376342773,40.67463701358065,2619.28369140625,,,,,
2566,2,461.0,0.0,32.0,32.0,0.2924709320068359,49.81596203288064,2907.79931640625,,,,,
2567,2,462.0,0.0,32.0,32.0,0.3754940032958984,48.0788919958286,2875.06591796875,,,,,
2568,2,463.0,0.0,32.0,32.0,0.2218532562255859,41.84268100652844,2491.71826171875,,,,,
2569,2,464.0,0.0,32.0,32.0,0.3176460266113281,46.98464198736474,2816.134765625,,,,,
2570,2,465.0,0.0,32.0,32.0,0.3079376220703125,46.3229559827596,2766.93994140625,,,,,
2571,2,466.0,0.0,32.0,32.0,0.1264095306396484,38.47728099208325,2727.7080078125,,,,,
2572,2,467.0,0.0,32.0,32.0,0.1736869812011718,47.3370150430128,2683.17138671875,,,,,
2573,2,468.0,0.0,32.0,32.0,0.1561012268066406,60.1914239814505,3171.31201171875,,,,,
2574,2,469.0,0.0,32.0,32.0,0.3174247741699219,44.29329500999302,2619.28369140625,,,,,
2575,2,470.0,0.0,32.0,32.0,0.1870670318603515,43.59860101249069,2694.33349609375,,,,,
2576,2,471.0,0.0,32.0,32.0,0.133824348449707,46.11672298051417,2816.134765625,,,,,
2577,2,472.0,0.0,32.0,32.0,0.2487764358520507,43.12224703608081,2727.7080078125,,,,,
2578,2,473.0,0.0,32.0,32.0,0.2263870239257812,42.03984997002408,2727.7080078125,,,,,
2579,2,474.0,0.0,32.0,32.0,0.2343006134033203,43.83847099961713,2816.134765625,,,,,
2580,2,475.0,0.0,32.0,32.0,0.0441627502441406,41.95988900028169,2733.4013671875,,,,,
2581,2,476.0,0.0,32.0,32.0,0.1521501541137695,41.48221202194691,2683.17138671875,,,,,
2582,2,477.0,0.0,32.0,32.0,0.3136072158813476,44.47493999032304,2816.134765625,,,,,
2583,2,478.0,0.0,32.0,32.0,0.2553539276123047,32.80633396934718,2694.33349609375,,,,,
2584,2,479.0,0.0,32.0,32.0,0.1285171508789062,46.07467702589929,2875.06591796875,,,,,
2585,2,480.0,0.0,32.0,32.0,0.1244525909423828,53.488821955397725,3171.31201171875,,,,,
2586,2,481.0,0.0,32.0,32.0,0.2892990112304687,44.44832500303164,2766.93994140625,,,,,
2587,2,482.0,0.0,32.0,32.0,0.4016437530517578,49.95748103829101,2907.79931640625,,,,,
2588,2,483.0,0.0,32.0,32.0,0.0844440460205078,44.944047986064106,2588.3369140625,,,,,
2589,2,484.0,0.0,32.0,32.0,0.1524801254272461,43.00878295907751,2655.9453125,,,,,
2590,2,485.0,0.0,32.0,32.0,0.3396673202514648,45.03021901473403,2778.75830078125,,,,,
2591,2,486.0,0.0,32.0,32.0,0.3848791122436523,44.5896289893426,2683.17138671875,,,,,
2592,2,487.0,0.0,32.0,32.0,0.224365234375,46.54631298035383,2778.75830078125,,,,,
2593,2,488.0,0.0,32.0,32.0,0.2900600433349609,50.52443599561229,2875.06591796875,,,,,
2594,2,489.0,0.0,32.0,32.0,0.2331790924072265,37.28299302747473,2727.7080078125,,,,,
2595,2,490.0,0.0,32.0,32.0,0.0814876556396484,43.24895504396409,2619.28369140625,,,,,
2596,2,491.0,0.0,32.0,32.0,0.2678489685058594,45.83115200512111,2778.75830078125,,,,,
2597,2,492.0,0.0,32.0,32.0,0.1260890960693359,42.94295801082626,2683.17138671875,,,,,
2598,2,493.0,0.0,32.0,32.0,0.4339313507080078,45.71382299764082,2816.134765625,,,,,
2599,2,494.0,0.0,32.0,32.0,0.2006568908691406,42.42025502026081,2694.33349609375,,,,,
2600,2,495.0,0.0,32.0,32.0,0.3717861175537109,43.11995004536584,2733.4013671875,,,,,
2601,2,496.0,0.0,32.0,32.0,0.2355403900146484,46.35392903583124,2906.4150390625,,,,,
2602,2,497.0,0.0,32.0,32.0,0.1054496765136718,45.76470400206745,2875.06591796875,,,,,
2603,2,498.0,0.0,32.0,32.0,0.2139873504638672,43.25594299007207,2733.4013671875,,,,,
2604,2,499.0,0.0,32.0,32.0,0.2406253814697265,49.63754798518494,3025.73583984375,,,,,
2605,2,500.0,0.0,32.0,32.0,0.2494335174560547,44.86178298247978,2801.326171875,,,,,
2606,2,501.0,0.0,32.0,32.0,0.1152610778808593,39.69776397570968,2904.6611328125,,,,,
2607,2,502.0,0.0,32.0,32.0,0.1651544570922851,42.666269990149885,2683.17138671875,,,,,
2608,2,503.0,0.0,32.0,32.0,0.2033863067626953,40.48494400922209,2619.28369140625,,,,,
2609,2,504.0,0.0,32.0,32.0,0.2875909805297851,42.93639399111271,2588.3369140625,,,,,
2610,2,505.0,0.0,32.0,32.0,0.0425491333007812,45.88442901149392,2801.326171875,,,,,
2611,2,506.0,0.0,32.0,32.0,0.0436773300170898,44.84933300409466,2778.75830078125,,,,,
2612,2,507.0,0.0,32.0,32.0,0.0900239944458007,44.05418498208746,2655.9453125,,,,,
2613,2,508.0,0.0,32.0,32.0,0.1735467910766601,44.1863409942016,2694.33349609375,,,,,
2614,2,509.0,0.0,32.0,32.0,0.2715072631835937,48.06282196659595,2816.134765625,,,,,
2615,2,510.0,0.0,32.0,32.0,0.2628254890441894,45.172496989835054,2683.17138671875,,,,,
2616,2,511.0,0.0,32.0,32.0,0.5784492492675781,44.47998700197786,2683.17138671875,,,,,
2617,2,512.0,0.0,32.0,32.0,0.07794189453125,42.36822400707752,2491.71826171875,,,,,
2618,2,513.0,0.0,32.0,32.0,0.1472177505493164,47.79125394998118,3171.31201171875,,,,,
2619,2,514.0,0.0,32.0,32.0,0.6245341300964355,44.58659800002352,2727.7080078125,,,,,
2620,2,515.0,0.0,32.0,32.0,0.2763705253601074,45.02643900923431,2801.326171875,,,,,
2621,2,516.0,0.0,32.0,32.0,0.4338192939758301,42.46959602460265,2557.56201171875,,,,,
2622,2,517.0,0.0,32.0,32.0,0.1152429580688476,38.44645997742191,2447.654296875,,,,,
2623,2,518.0,0.0,32.0,32.0,0.0593910217285156,42.4171980121173,2727.7080078125,,,,,
2624,2,519.0,0.0,32.0,32.0,0.1570549011230468,43.27158298110589,2766.93994140625,,,,,
2625,2,520.0,0.0,32.0,32.0,0.2406187057495117,41.69942904263735,2683.17138671875,,,,,
2626,2,521.0,0.0,32.0,32.0,0.0191316604614257,44.49006397044286,2816.134765625,,,,,
2627,2,522.0,0.0,32.0,32.0,0.1916761398315429,42.20894898753613,2557.56201171875,,,,,
2628,2,523.0,0.0,32.0,32.0,0.2788667678833008,43.58658497221768,2778.75830078125,,,,,
2629,2,524.0,0.0,32.0,32.0,0.3603496551513672,50.59597099898383,2951.76416015625,,,,,
2630,2,525.0,0.0,32.0,32.0,0.264556884765625,41.46060202037916,2907.79931640625,,,,,
2631,2,526.0,0.0,32.0,32.0,0.0641841888427734,42.14367299573496,2619.28369140625,,,,,
2632,2,527.0,0.0,32.0,32.0,0.1028156280517578,42.346239963080734,2683.17138671875,,,,,
2633,2,528.0,0.0,32.0,32.0,0.3290424346923828,47.45459603145719,2906.4150390625,,,,,
2634,2,529.0,0.0,32.0,32.0,0.0452404022216796,45.552792958915234,2778.75830078125,,,,,
2635,2,530.0,0.0,32.0,32.0,0.1318225860595703,52.8969659935683,2907.79931640625,,,,,
2636,2,531.0,0.0,32.0,32.0,0.2457780838012695,46.96241399506107,2778.75830078125,,,,,
2637,2,532.0,0.0,32.0,32.0,0.3316822052001953,59.7854689694941,3221.6025390625,,,,,
2638,2,533.0,0.0,32.0,32.0,0.0289077758789062,45.14358099550009,2683.17138671875,,,,,
2639,2,534.0,0.0,32.0,32.0,0.035196304321289,43.21698000421748,2683.17138671875,,,,,
2640,2,535.0,0.0,32.0,32.0,0.0225257873535156,43.84024295723066,2766.93994140625,,,,,
2641,2,536.0,0.0,32.0,32.0,0.1223535537719726,34.77418201509863,2778.75830078125,,,,,
2642,2,537.0,0.0,32.0,32.0,0.025425910949707,43.71847596485168,2733.4013671875,,,,,
2643,2,538.0,0.0,32.0,32.0,0.3149328231811523,41.69346101116389,2625.908203125,,,,,
2644,2,539.0,0.0,32.0,32.0,0.6857638359069824,42.92500298470259,2733.4013671875,,,,,
2645,2,540.0,0.0,32.0,32.0,0.3637394905090332,44.970700051635504,2816.134765625,,,,,
2646,2,541.0,0.0,32.0,32.0,0.0200505256652832,49.554384022485465,3009.92138671875,,,,,
2647,2,542.0,0.0,32.0,32.0,0.4925956726074219,43.07357600191608,2694.33349609375,,,,,
2648,2,543.0,0.0,32.0,32.0,0.3712258338928222,44.583240000065416,2816.134765625,,,,,
2649,2,544.0,0.0,32.0,32.0,0.0792860984802246,56.79821199737489,3221.6025390625,,,,,
2650,2,545.0,0.0,32.0,32.0,0.1188726425170898,46.92279698792845,2816.134765625,,,,,
2651,2,546.0,0.0,32.0,32.0,0.3794631958007812,47.94351599412039,2906.4150390625,,,,,
2652,2,547.0,0.0,32.0,32.0,0.2466645240783691,47.439775022212416,2875.06591796875,,,,,
2653,2,548.0,0.0,32.0,32.0,0.289492130279541,40.90138897299767,2951.76416015625,,,,,
2654,2,549.0,0.0,32.0,32.0,0.2027316093444824,47.36628703540191,2801.326171875,,,,,
2655,2,550.0,0.0,32.0,32.0,0.0773248672485351,44.16805400978774,2733.4013671875,,,,,
2656,2,551.0,0.0,32.0,32.0,0.1237616539001464,52.259872027207166,2951.76416015625,,,,,
2657,2,552.0,0.0,32.0,32.0,0.1028203964233398,46.571774990297854,2778.75830078125,,,,,
2658,2,553.0,0.0,32.0,32.0,0.4424448013305664,46.828085964079946,2801.326171875,,,,,
2659,2,554.0,0.0,32.0,32.0,0.3798103332519531,49.41601998871192,2906.4150390625,,,,,
2660,2,555.0,0.0,32.0,32.0,0.2177581787109375,53.10854397248477,3050.8896484375,,,,,
2661,2,556.0,0.0,32.0,32.0,0.1266942024230957,45.47725699376315,2778.75830078125,,,,,
2662,2,557.0,0.0,32.0,32.0,0.1944227218627929,42.19386097975075,2513.87451171875,,,,,
2663,2,558.0,0.0,32.0,32.0,0.0701675415039062,49.44516997784376,2951.76416015625,,,,,
2664,2,559.0,0.0,32.0,32.0,0.2511072158813476,34.181402006652206,2727.7080078125,,,,,
2665,2,560.0,0.0,32.0,32.0,0.1747093200683593,46.63883795728907,2906.4150390625,,,,,
2666,2,561.0,0.0,32.0,32.0,0.0731496810913086,46.52248701313511,2867.99169921875,,,,,
2667,2,562.0,0.0,32.0,32.0,0.1156167984008789,46.60977103048936,2875.06591796875,,,,,
2668,2,563.0,0.0,32.0,32.0,0.4994525909423828,45.2680800226517,2816.134765625,,,,,
2669,2,564.0,0.0,32.0,32.0,0.0986404418945312,45.95703299855813,2867.99169921875,,,,,
2670,2,565.0,0.0,32.0,32.0,0.3849658966064453,44.82165799709037,2778.75830078125,,,,,
2671,2,566.0,0.0,32.0,32.0,0.2046089172363281,43.95433596801013,2733.4013671875,,,,,
2672,2,567.0,0.0,32.0,32.0,0.2398624420166015,53.99491998832673,3124.951171875,,,,,
2673,2,568.0,0.0,32.0,32.0,0.1721229553222656,46.649419993627816,2801.326171875,,,,,
2674,2,569.0,0.0,32.0,32.0,0.1912517547607422,50.358148000668734,2907.79931640625,,,,,
2675,2,570.0,0.0,32.0,32.0,0.361851692199707,50.45764497481287,3272.55712890625,,,,,
2676,2,571.0,0.0,32.0,32.0,0.183389663696289,46.48548102704808,2778.75830078125,,,,,
2677,2,572.0,0.0,32.0,32.0,0.25189208984375,42.81781299505383,2625.908203125,,,,,
2678,2,573.0,0.0,32.0,32.0,0.170816421508789,43.24379097670317,2694.33349609375,,,,,
2679,2,574.0,0.0,32.0,32.0,0.0942401885986328,43.067862978205085,2683.17138671875,,,,,
2680,2,575.0,0.0,32.0,32.0,0.2118568420410156,44.37524598324672,2733.4013671875,,,,,
2681,2,576.0,0.0,32.0,32.0,0.1414165496826172,42.51470003509894,2619.28369140625,,,,,
2682,2,577.0,0.0,32.0,32.0,0.0864219665527343,43.52419095812365,2727.7080078125,,,,,
2683,2,578.0,0.0,32.0,32.0,0.1727333068847656,43.60026400536299,2733.4013671875,,,,,
2684,2,579.0,0.0,32.0,32.0,0.0617961883544921,41.98259499389678,2655.9453125,,,,,
2685,2,580.0,0.0,32.0,32.0,0.2132072448730468,43.80791500443593,2766.93994140625,,,,,
2686,2,581.0,0.0,32.0,32.0,0.182525634765625,48.07538801105693,2906.4150390625,,,,,
2687,2,582.0,0.0,32.0,32.0,0.0717601776123046,32.81371103366837,2655.9453125,,,,,
2688,2,583.0,0.0,32.0,32.0,0.2418298721313476,41.80450999410823,2683.17138671875,,,,,
2689,2,584.0,0.0,32.0,32.0,0.0174808502197265,41.17652302375063,2655.9453125,,,,,
2690,2,585.0,0.0,32.0,32.0,0.2070779800415039,42.15126397321001,2563.7587890625,,,,,
2691,2,586.0,0.0,32.0,32.0,0.1726284027099609,54.91259798873216,3124.951171875,,,,,
2692,2,587.0,0.0,32.0,32.0,0.2873001098632812,52.04150598729029,2970.58984375,,,,,
2693,2,588.0,0.0,32.0,32.0,0.2962522506713867,51.5664640115574,2951.76416015625,,,,,
2694,2,589.0,0.0,32.0,32.0,0.1073017120361328,51.28483503358439,2904.6611328125,,,,,
2695,2,590.0,0.0,32.0,32.0,0.1707906723022461,42.20627201721072,2619.28369140625,,,,,
2696,2,591.0,0.0,32.0,32.0,0.2661409378051758,44.83252699719742,2801.326171875,,,,,
2697,2,592.0,0.0,32.0,32.0,0.2445707321166992,44.65362202608958,2766.93994140625,,,,,
2698,2,593.0,0.0,32.0,32.0,0.1977081298828125,43.35349495522678,2963.337890625,,,,,
2699,2,594.0,0.0,32.0,32.0,0.476022720336914,44.73447101190686,2766.93994140625,,,,,
2700,2,595.0,0.0,32.0,32.0,0.2695770263671875,52.93507501482964,2970.58984375,,,,,
2701,2,596.0,0.0,32.0,32.0,0.2841482162475586,46.52406001696363,2801.326171875,,,,,
2702,2,597.0,0.0,32.0,32.0,0.3351526260375976,46.62671900587157,2816.134765625,,,,,
2703,2,598.0,0.0,32.0,32.0,0.1409053802490234,52.48246499104425,3050.8896484375,,,,,
2704,2,599.0,0.0,32.0,32.0,0.2668666839599609,50.797968986444175,3009.92138671875,,,,,
2705,2,600.0,0.0,32.0,32.0,0.5127449035644531,58.212272997479886,3221.6025390625,,,,,
2706,2,601.0,0.0,32.0,32.0,0.4421930313110351,51.35940603213385,2951.76416015625,,,,,
2707,2,602.0,0.0,32.0,32.0,0.3139801025390625,47.32447100104764,2867.99169921875,,,,,
2708,2,603.0,0.0,32.0,32.0,0.1988067626953125,41.99158400297165,2557.56201171875,,,,,
2709,2,604.0,0.0,32.0,32.0,0.1723308563232422,36.14234202541411,2867.99169921875,,,,,
2710,2,605.0,0.0,32.0,32.0,0.1439971923828125,43.61353104468435,2778.75830078125,,,,,
2711,2,606.0,0.0,32.0,32.0,0.1597709655761718,51.995106972754,2970.58984375,,,,,
2712,2,607.0,0.0,32.0,32.0,0.2786769866943359,43.00128301838413,2694.33349609375,,,,,
2713,2,608.0,0.0,32.0,32.0,0.2056217193603515,42.26002696668729,2625.908203125,,,,,
2714,2,609.0,0.0,32.0,32.0,0.2603263854980469,43.94957097247243,2766.93994140625,,,,,
2715,2,610.0,0.0,32.0,32.0,0.3914623260498047,41.69110697694123,2619.28369140625,,,,,
2716,2,611.0,0.0,32.0,32.0,0.1728649139404297,44.20157300774008,2733.4013671875,,,,,
2717,2,612.0,0.0,32.0,32.0,0.1446971893310547,43.254908989183605,2683.17138671875,,,,,
2718,2,613.0,0.0,32.0,32.0,0.2188835144042968,48.01284498535097,2906.4150390625,,,,,
2719,2,614.0,0.0,32.0,32.0,0.1419582366943359,51.24026403063908,2904.6611328125,,,,,
2720,2,615.0,0.0,32.0,32.0,0.1295967102050781,49.17026497423649,2906.4150390625,,,,,
2721,2,616.0,0.0,32.0,32.0,0.2854671478271484,33.34445197833702,2625.908203125,,,,,
2722,2,617.0,0.0,32.0,32.0,0.0838508605957031,44.16732996469364,2733.4013671875,,,,,
2723,2,618.0,0.0,32.0,32.0,0.2888069152832031,43.2276829960756,2694.33349609375,,,,,
2724,2,619.0,0.0,32.0,32.0,0.1841058731079101,49.663572979625314,3025.73583984375,,,,,
2725,2,620.0,0.0,32.0,32.0,0.0844898223876953,44.24909100634977,2683.17138671875,,,,,
2726,2,621.0,0.0,32.0,32.0,0.1949539184570312,42.65290597686544,2655.9453125,,,,,
2727,2,622.0,0.0,32.0,32.0,0.2500009536743164,45.06967798806727,2801.326171875,,,,,
2728,2,623.0,0.0,32.0,32.0,0.2489528656005859,41.43187700537965,2655.9453125,,,,,
2729,2,624.0,0.0,32.0,32.0,0.2795705795288086,42.38054598681629,2683.17138671875,,,,,
2730,2,625.0,0.0,32.0,32.0,0.2521052360534668,45.43859098339453,2816.134765625,,,,,
2731,2,626.0,0.0,32.0,32.0,0.3073263168334961,47.27381799602881,2875.06591796875,,,,,
2732,2,627.0,0.0,32.0,32.0,0.1132493019104003,46.74498300300911,2875.06591796875,,,,,
2733,2,628.0,0.0,32.0,32.0,0.1706023216247558,33.72267901431769,2727.7080078125,,,,,
2734,2,629.0,0.0,32.0,32.0,0.2767677307128906,41.19213001104072,2619.28369140625,,,,,
2735,2,630.0,0.0,32.0,32.0,0.0925345420837402,42.39461099496111,2557.56201171875,,,,,
2736,2,631.0,0.0,32.0,32.0,0.1340904235839843,50.595871987752616,2951.76416015625,,,,,
2737,2,632.0,0.0,32.0,32.0,0.0998511314392089,45.48016801709309,2778.75830078125,,,,,
2738,2,633.0,0.0,32.0,32.0,0.2019357681274414,44.88790000323206,2778.75830078125,,,,,
2739,2,634.0,0.0,32.0,32.0,0.361513614654541,43.97080501075834,2727.7080078125,,,,,
2740,2,635.0,0.0,32.0,32.0,0.0947504043579101,41.20301397051662,2619.28369140625,,,,,
2741,2,636.0,0.0,32.0,32.0,0.267366886138916,43.05441200267524,2557.56201171875,,,,,
2742,2,637.0,0.0,32.0,32.0,0.2845568656921386,51.43751297146082,2951.76416015625,,,,,
2743,2,638.0,0.0,32.0,32.0,0.2716851234436035,46.00092000328005,2766.93994140625,,,,,
2744,2,639.0,0.0,32.0,32.0,0.0878939628601074,44.03196298517287,2766.93994140625,,,,,
2745,2,640.0,0.0,32.0,32.0,0.0963735580444336,36.90691199153662,2875.06591796875,,,,,
2746,2,641.0,0.0,32.0,32.0,0.1423931121826172,42.76128695346415,2655.9453125,,,,,
2747,2,642.0,0.0,32.0,32.0,0.2325778007507324,46.89616500400007,2875.06591796875,,,,,
2748,2,643.0,0.0,32.0,32.0,0.2733192443847656,45.47827300848439,2801.326171875,,,,,
2749,2,644.0,0.0,32.0,32.0,0.1417341232299804,42.26484696846455,2625.908203125,,,,,
2750,2,645.0,0.0,32.0,32.0,0.1941957473754882,44.174181995913386,2766.93994140625,,,,,
2751,2,646.0,0.0,32.0,32.0,0.0792551040649414,49.64619397651404,2907.79931640625,,,,,
2752,2,647.0,0.0,32.0,32.0,0.2061657905578613,48.96387597545981,2906.4150390625,,,,,
2753,2,648.0,0.0,32.0,32.0,0.2410726547241211,57.21709300996736,3221.6025390625,,,,,
2754,2,649.0,0.0,32.0,32.0,0.066314697265625,47.0789649989456,2816.134765625,,,,,
2755,2,650.0,0.0,32.0,32.0,0.2480802536010742,42.05925099086016,2683.17138671875,,,,,
2756,2,651.0,0.0,32.0,32.0,0.1470956802368164,33.01327198278159,2727.7080078125,,,,,
2757,2,652.0,0.0,32.0,32.0,0.4280233383178711,44.17277697939426,2778.75830078125,,,,,
2758,2,653.0,0.0,32.0,32.0,0.0529937744140625,42.88468597223982,2563.7587890625,,,,,
2759,2,654.0,0.0,32.0,32.0,0.2606372833251953,44.08732400042936,2733.4013671875,,,,,
2760,2,655.0,0.0,32.0,32.0,0.1488962173461914,43.87331899488345,2588.3369140625,,,,,
2761,2,656.0,0.0,32.0,32.0,0.4061994552612304,42.858146014623344,2655.9453125,,,,,
2762,2,657.0,0.0,32.0,32.0,0.1247243881225586,42.6632110029459,2625.908203125,,,,,
2763,2,658.0,0.0,32.0,32.0,0.3983144760131836,53.04556700866669,3009.92138671875,,,,,
2764,2,659.0,0.0,32.0,32.0,0.0308237075805664,45.98071897635237,2778.75830078125,,,,,
2765,2,660.0,0.0,32.0,32.0,0.2147111892700195,43.37319702608511,2683.17138671875,,,,,
2766,2,661.0,0.0,32.0,32.0,0.0512514114379882,50.68890599068254,2907.79931640625,,,,,
2767,2,662.0,0.0,32.0,32.0,0.2361907958984375,48.66105696419254,2875.06591796875,,,,,
2768,2,663.0,0.0,32.0,32.0,0.0437450408935546,32.32680499786511,2563.7587890625,,,,,
2769,2,664.0,0.0,32.0,32.0,0.2287788391113281,42.24797600181773,2655.9453125,,,,,
2770,2,665.0,0.0,32.0,32.0,0.1709709167480468,43.14513597637415,2766.93994140625,,,,,
2771,2,666.0,0.0,32.0,32.0,0.0990238189697265,49.59979496197775,2904.6611328125,,,,,
2772,2,667.0,0.0,32.0,32.0,0.5291500091552734,47.65891301212832,2816.134765625,,,,,
2773,2,668.0,0.0,32.0,32.0,0.2790365219116211,38.062422012444586,2447.654296875,,,,,
2774,2,669.0,0.0,32.0,32.0,0.4339981079101562,43.44572999980301,2778.75830078125,,,,,
2775,2,670.0,0.0,32.0,32.0,0.2051525115966797,50.45146797783673,2951.76416015625,,,,,
2776,2,671.0,0.0,32.0,32.0,0.1849308013916015,51.24640202848241,2904.6611328125,,,,,
2777,2,672.0,0.0,32.0,32.0,0.2049102783203125,44.33032602537424,2727.7080078125,,,,,
2778,2,673.0,0.0,32.0,32.0,0.315155029296875,43.10720995999873,2694.33349609375,,,,,
2779,2,674.0,0.0,32.0,32.0,0.0718746185302734,44.42085104528815,2766.93994140625,,,,,
2780,2,675.0,0.0,32.0,32.0,0.5017204284667969,33.29560597194359,2694.33349609375,,,,,
2781,2,676.0,0.0,32.0,32.0,0.1595172882080078,40.17354804091156,2619.28369140625,,,,,
2782,2,677.0,0.0,32.0,32.0,0.2139911651611328,43.17126801470295,2778.75830078125,,,,,
2783,2,678.0,0.0,32.0,32.0,0.1403656005859375,53.8299530162476,3050.8896484375,,,,,
2784,2,679.0,0.0,32.0,32.0,0.1006507873535156,45.51066999556497,2778.75830078125,,,,,
2785,2,680.0,0.0,32.0,32.0,0.2109241485595703,51.026052969973534,3009.92138671875,,,,,
2786,2,681.0,0.0,32.0,32.0,0.388580322265625,43.5501909814775,2625.908203125,,,,,
2787,2,682.0,0.0,32.0,32.0,0.2429943084716797,43.03581698331982,2694.33349609375,,,,,
2788,2,683.0,0.0,32.0,32.0,0.1016578674316406,42.96420799801126,2557.56201171875,,,,,
2789,2,684.0,0.0,32.0,32.0,0.127197265625,42.72857098840177,2655.9453125,,,,,
2790,2,685.0,0.0,32.0,32.0,0.2718391418457031,42.53694001818076,2655.9453125,,,,,
2791,2,686.0,0.0,32.0,32.0,0.0876197814941406,50.45578902354464,2951.76416015625,,,,,
2792,2,687.0,0.0,32.0,32.0,0.0619430541992187,44.70277595100925,3087.69775390625,,,,,
2793,2,688.0,0.0,32.0,32.0,0.0968360900878906,46.2982599856332,2625.908203125,,,,,
2794,2,689.0,0.0,32.0,32.0,0.173166275024414,49.598717014305294,2963.337890625,,,,,
2795,2,690.0,0.0,32.0,32.0,0.2680225372314453,54.50262199155986,3087.69775390625,,,,,
2796,2,691.0,0.0,32.0,32.0,0.4647369384765625,48.6471820040606,2906.4150390625,,,,,
2797,2,692.0,0.0,32.0,32.0,0.1500463485717773,47.84228699281812,2906.4150390625,,,,,
2798,2,693.0,0.0,32.0,32.0,0.2265653610229492,49.901229969691485,2904.6611328125,,,,,
2799,2,694.0,0.0,32.0,32.0,0.1663675308227539,44.42007298348472,2727.7080078125,,,,,
2800,2,695.0,0.0,32.0,32.0,0.2218122482299804,43.676486995536834,2766.93994140625,,,,,
2801,2,696.0,0.0,32.0,32.0,0.353759765625,42.589235003106296,2563.7587890625,,,,,
2802,2,697.0,0.0,32.0,32.0,0.1398181915283203,44.92668801685795,2801.326171875,,,,,
2803,2,698.0,0.0,32.0,32.0,0.4967479705810547,35.93789302976802,2801.326171875,,,,,
2804,2,699.0,0.0,32.0,32.0,0.4257221221923828,43.6857080203481,2733.4013671875,,,,,
2805,2,700.0,0.0,32.0,32.0,0.203857421875,51.65167601080611,2963.337890625,,,,,
2806,2,701.0,0.0,32.0,32.0,0.0519447326660156,43.81504200864583,2625.908203125,,,,,
2807,2,702.0,0.0,32.0,32.0,0.4356193542480469,42.9758409736678,2694.33349609375,,,,,
2808,2,703.0,0.0,32.0,32.0,0.1577205657958984,41.07123403809965,2619.28369140625,,,,,
2809,2,704.0,0.0,32.0,32.0,0.3483238220214844,42.41215001093224,2683.17138671875,,,,,
2810,2,705.0,0.0,32.0,32.0,0.2523193359375,43.20183803793043,2727.7080078125,,,,,
2811,2,706.0,0.0,32.0,32.0,0.2259254455566406,52.109211042989045,2970.58984375,,,,,
2812,2,707.0,0.0,32.0,32.0,0.3108291625976562,44.71359198214486,2733.4013671875,,,,,
2813,2,708.0,0.0,32.0,32.0,0.3126678466796875,42.99285099841654,2683.17138671875,,,,,
2814,2,709.0,0.0,32.0,32.0,0.120758056640625,46.851938997861,2875.06591796875,,,,,
2815,2,710.0,0.0,32.0,32.0,0.1420440673828125,37.49071498168632,2875.06591796875,,,,,
2816,2,711.0,0.0,32.0,32.0,0.2852020263671875,53.77490201499313,3050.8896484375,,,,,
2817,2,712.0,0.0,32.0,32.0,0.224334716796875,43.73038501944393,2727.7080078125,,,,,
2818,2,713.0,0.0,32.0,32.0,0.29742431640625,46.95243999594823,2906.4150390625,,,,,
2819,2,714.0,0.0,32.0,32.0,0.1447982788085937,39.25204300321639,2481.373046875,,,,,
2820,2,715.0,0.0,32.0,32.0,0.2618484497070312,43.83515199879184,2778.75830078125,,,,,
2821,2,716.0,0.0,32.0,32.0,0.0794944763183593,43.6600610264577,2727.7080078125,,,,,
2822,2,717.0,0.0,32.0,32.0,0.2402992248535156,42.69418196054176,2694.33349609375,,,,,
2823,2,718.0,0.0,32.0,32.0,0.0666275024414062,48.92164497869089,2951.76416015625,,,,,
2824,2,719.0,0.0,32.0,32.0,0.1839714050292968,39.76215503644198,2481.373046875,,,,,
2825,2,720.0,0.0,32.0,32.0,0.3413524627685547,42.79585700714961,2563.7587890625,,,,,
2826,2,721.0,0.0,32.0,32.0,0.3572120666503906,44.852722028736025,2766.93994140625,,,,,
2827,2,722.0,0.0,32.0,32.0,0.056985855102539,42.313613987062126,2970.58984375,,,,,
2828,2,723.0,0.0,32.0,32.0,0.2144489288330078,47.2043480258435,2801.326171875,,,,,
2829,2,724.0,0.0,32.0,32.0,0.3274993896484375,42.45543299475685,2625.908203125,,,,,
2830,2,725.0,0.0,32.0,32.0,0.5144023895263672,48.821163014508784,2904.6611328125,,,,,
2831,2,726.0,0.0,32.0,32.0,0.2367801666259765,48.94861299544573,2875.06591796875,,,,,
2832,2,727.0,0.0,32.0,32.0,0.4297809600830078,47.18174698064104,2867.99169921875,,,,,
2833,2,728.0,0.0,32.0,32.0,0.364267349243164,43.81429497152567,2727.7080078125,,,,,
2834,2,729.0,0.0,32.0,32.0,0.2951698303222656,43.04862400749698,2694.33349609375,,,,,
2835,2,730.0,0.0,32.0,32.0,0.3151102066040039,46.363940986339,2816.134765625,,,,,
2836,2,731.0,0.0,32.0,32.0,0.219430923461914,43.58473396860063,2733.4013671875,,,,,
2837,2,732.0,0.0,32.0,32.0,0.224370002746582,51.23815295519307,2963.337890625,,,,,
2838,2,733.0,0.0,32.0,32.0,0.2299089431762695,35.36300896666944,2801.326171875,,,,,
2839,2,734.0,0.0,32.0,32.0,0.1663169860839843,41.74713499378413,2513.87451171875,,,,,
2840,2,735.0,0.0,32.0,32.0,0.1596708297729492,43.68102696025744,2778.75830078125,,,,,
2841,2,736.0,0.0,32.0,32.0,0.1419925689697265,47.50020400388166,2816.134765625,,,,,
2842,2,737.0,0.0,32.0,32.0,0.1607980728149414,49.9203409999609,2951.76416015625,,,,,
2843,2,738.0,0.0,32.0,32.0,0.223154067993164,43.1240220204927,2683.17138671875,,,,,
2844,2,739.0,0.0,32.0,32.0,0.2119264602661132,46.86955001670867,2867.99169921875,,,,,
2845,2,740.0,0.0,32.0,32.0,0.2680158615112304,49.83113199705258,2904.6611328125,,,,,
2846,2,741.0,0.0,32.0,32.0,0.0657720565795898,44.69883401179686,2766.93994140625,,,,,
2847,2,742.0,0.0,32.0,32.0,0.3013849258422851,47.99688298953697,2875.06591796875,,,,,
2848,2,743.0,0.0,32.0,32.0,0.1358184814453125,41.661177994683385,2619.28369140625,,,,,
2849,2,744.0,0.0,32.0,32.0,0.2168254852294922,42.90847096126527,2766.93994140625,,,,,
2850,2,745.0,0.0,32.0,32.0,0.3635969161987304,41.15833801915869,2963.337890625,,,,,
2851,2,746.0,0.0,32.0,32.0,0.2548789978027344,52.30644997209311,2963.337890625,,,,,
2852,2,747.0,0.0,32.0,32.0,0.0889234542846679,57.54554900340736,3181.74951171875,,,,,
2853,2,748.0,0.0,32.0,32.0,0.372690200805664,44.19476498151198,2694.33349609375,,,,,
2854,2,749.0,0.0,32.0,32.0,0.1688098907470703,41.425201983656734,2619.28369140625,,,,,
2855,2,750.0,0.0,32.0,32.0,0.3235921859741211,45.8456960041076,2816.134765625,,,,,
2856,2,751.0,0.0,32.0,32.0,0.2707700729370117,43.74809900764376,2766.93994140625,,,,,
2857,2,752.0,0.0,32.0,32.0,0.1433238983154297,42.58296696934849,2683.17138671875,,,,,
2858,2,753.0,0.0,32.0,32.0,0.3346204757690429,42.31489304220304,2655.9453125,,,,,
2859,2,754.0,0.0,32.0,32.0,0.3426504135131836,43.7604520120658,2733.4013671875,,,,,
2860,2,755.0,0.0,32.0,32.0,0.0576705932617187,46.606396965216845,2816.134765625,,,,,
2861,2,756.0,0.0,32.0,32.0,0.1621770858764648,32.57342102006078,2694.33349609375,,,,,
2862,2,757.0,0.0,32.0,32.0,0.0879659652709961,50.60557898832485,2970.58984375,,,,,
2863,2,758.0,0.0,32.0,32.0,0.1467018127441406,49.18587201973424,2906.4150390625,,,,,
2864,2,759.0,0.0,32.0,32.0,0.1460990905761718,44.034861959517,2778.75830078125,,,,,
2865,2,760.0,0.0,32.0,32.0,0.1222524642944336,37.49673697166145,2419.0927734375,,,,,
2866,2,761.0,0.0,32.0,32.0,0.1978969573974609,43.21776900906116,2766.93994140625,,,,,
2867,2,762.0,0.0,32.0,32.0,0.3188104629516601,44.64287799783051,2766.93994140625,,,,,
2868,2,763.0,0.0,32.0,32.0,0.1058664321899414,48.02144900895655,2875.06591796875,,,,,
2869,2,764.0,0.0,32.0,32.0,0.2349128723144531,42.82885900465772,2694.33349609375,,,,,
2870,2,765.0,0.0,32.0,32.0,0.6432743072509766,49.56202604807913,2904.6611328125,,,,,
2871,2,766.0,0.0,32.0,32.0,0.0667047500610351,44.28749799262732,2694.33349609375,,,,,
2872,2,767.0,0.0,32.0,32.0,0.1307687759399414,42.79483697609976,2683.17138671875,,,,,
2873,2,768.0,0.0,32.0,32.0,0.2020244598388672,32.48333797091618,2563.7587890625,,,,,
2874,2,769.0,0.0,32.0,32.0,0.2746505737304687,43.49119903054088,2727.7080078125,,,,,
2875,2,770.0,0.0,32.0,32.0,0.3575563430786133,51.17722501745448,2951.76416015625,,,,,
2876,2,771.0,0.0,32.0,32.0,0.2188262939453125,52.01849102741107,2951.76416015625,,,,,
2877,2,772.0,0.0,32.0,32.0,0.2259340286254882,43.64045400870964,2625.908203125,,,,,
2878,2,773.0,0.0,32.0,32.0,0.4144706726074219,41.42131202388555,2491.71826171875,,,,,
2879,2,774.0,0.0,32.0,32.0,0.1779937744140625,49.55677600810304,2951.76416015625,,,,,
2880,2,775.0,0.0,32.0,32.0,0.1308059692382812,51.46019300445914,2904.6611328125,,,,,
2881,2,776.0,0.0,32.0,32.0,0.2714767456054687,42.81559999799356,2625.908203125,,,,,
2882,2,777.0,0.0,32.0,32.0,0.1845664978027343,42.41999401710928,2694.33349609375,,,,,
2883,2,778.0,0.0,32.0,32.0,0.0805015563964843,43.91711298376322,2766.93994140625,,,,,
2884,2,779.0,0.0,32.0,32.0,0.0980072021484375,42.27348504355177,2513.87451171875,,,,,
2885,2,780.0,0.0,32.0,32.0,0.0806694030761718,36.75261698663235,2867.99169921875,,,,,
2886,2,781.0,0.0,32.0,32.0,0.1601028442382812,51.10444698948413,2970.58984375,,,,,
2887,2,782.0,0.0,32.0,32.0,0.1591415405273437,52.46050702407956,2963.337890625,,,,,
2888,2,783.0,0.0,32.0,32.0,0.0980377197265625,50.72500801179558,2951.76416015625,,,,,
2889,2,784.0,0.0,32.0,32.0,0.1214332580566406,48.56018000282347,2875.06591796875,,,,,
2890,2,785.0,0.0,32.0,32.0,0.1763076782226562,38.39202900417149,2417.24462890625,,,,,
2891,2,786.0,0.0,32.0,32.0,0.2996902465820312,51.10236199107021,3034.4814453125,,,,,
2892,2,787.0,0.0,32.0,32.0,0.3443412780761719,52.20711400033906,3025.73583984375,,,,,
2893,2,788.0,0.0,32.0,32.0,0.1507244110107422,51.12866498529911,3009.92138671875,,,,,
2894,2,789.0,0.0,32.0,32.0,0.2505531311035156,42.04930202104151,2619.28369140625,,,,,
2895,2,790.0,0.0,32.0,32.0,0.2723541259765625,43.348194973077625,2588.3369140625,,,,,
2896,2,791.0,0.0,32.0,32.0,0.2377586364746093,46.20968899689615,3181.74951171875,,,,,
2897,2,792.0,0.0,32.0,32.0,0.2307987213134765,51.48345499765128,2907.79931640625,,,,,
2898,2,793.0,0.0,32.0,32.0,0.1880340576171875,43.85653196368367,2694.33349609375,,,,,
2899,2,794.0,0.0,32.0,32.0,0.6145362854003906,54.432896024081856,3087.69775390625,,,,,
2900,2,795.0,0.0,32.0,32.0,0.1451625823974609,43.02203399129212,2625.908203125,,,,,
2901,2,796.0,0.0,32.0,32.0,0.2148799896240234,48.8124749972485,2906.4150390625,,,,,
2902,2,797.0,0.0,32.0,32.0,0.0542240142822265,51.35011998936534,2963.337890625,,,,,
2903,2,798.0,0.0,32.0,32.0,0.2158126831054687,43.62235200824216,2694.33349609375,,,,,
2904,2,799.0,0.0,32.0,32.0,0.3250617980957031,46.59959097625688,2875.06591796875,,,,,
2905,2,800.0,0.0,32.0,32.0,0.1612014770507812,46.671835007146,2867.99169921875,,,,,
2906,2,801.0,0.0,32.0,32.0,0.2281627655029297,42.90017200401053,2557.56201171875,,,,,
2907,2,802.0,0.0,32.0,32.0,0.3479690551757812,34.65681296074763,2801.326171875,,,,,
2908,2,803.0,0.0,32.0,32.0,0.0342845916748046,46.39264597790316,2867.99169921875,,,,,
2909,2,804.0,0.0,32.0,32.0,0.7408542633056641,44.17097999248654,2733.4013671875,,,,,
2910,2,805.0,0.0,32.0,32.0,0.2444133758544922,42.77358402032405,2694.33349609375,,,,,
2911,2,806.0,0.0,32.0,32.0,0.1498966217041015,62.738231965340674,3314.02294921875,,,,,
2912,2,807.0,0.0,32.0,32.0,0.1712913513183593,51.29123799270019,3009.92138671875,,,,,
2913,2,808.0,0.0,32.0,32.0,0.4507274627685547,48.7521140021272,2867.99169921875,,,,,
2914,2,809.0,0.0,32.0,32.0,0.2306461334228515,43.42573101166636,2778.75830078125,,,,,
2915,2,810.0,0.0,32.0,32.0,0.2287158966064453,43.6458220356144,2588.3369140625,,,,,
2916,2,811.0,0.0,32.0,32.0,0.2708797454833984,42.43095003766939,2655.9453125,,,,,
2917,2,812.0,0.0,32.0,32.0,0.2200088500976562,44.22917403280735,2588.3369140625,,,,,
2918,2,813.0,0.0,32.0,32.0,0.118814468383789,28.739569999743253,2481.373046875,,,,,
2919,2,814.0,0.0,32.0,32.0,0.4129257202148437,50.63165305182338,3009.92138671875,,,,,
2920,2,815.0,0.0,32.0,32.0,0.1566886901855468,46.80882702814415,2801.326171875,,,,,
2921,2,816.0,0.0,32.0,32.0,0.0649261474609375,44.1078600124456,2733.4013671875,,,,,
2922,2,817.0,0.0,32.0,32.0,0.2185287475585937,43.94968401174992,2557.56201171875,,,,,
2923,2,818.0,0.0,32.0,32.0,0.1269359588623047,42.3856460256502,2655.9453125,,,,,
2924,2,819.0,0.0,32.0,32.0,0.2490348815917968,50.584410957526416,2963.337890625,,,,,
2925,2,820.0,0.0,32.0,32.0,0.0940866470336914,43.96678798366338,2683.17138671875,,,,,
2926,2,821.0,0.0,32.0,32.0,0.0258350372314453,50.17073702765629,2907.79931640625,,,,,
2927,2,822.0,0.0,32.0,32.0,0.0248117446899414,57.414019014686346,3194.6259765625,,,,,
2928,2,823.0,0.0,32.0,32.0,0.2763004302978515,43.07785996934399,2655.9453125,,,,,
2929,2,824.0,0.0,32.0,32.0,0.3788919448852539,37.304233002942055,2906.4150390625,,,,,
2930,2,825.0,0.0,32.0,32.0,0.2632122039794922,52.41100798593834,3050.8896484375,,,,,
2931,2,826.0,0.0,32.0,32.0,0.3461494445800781,46.67962703388184,2801.326171875,,,,,
2932,2,827.0,0.0,32.0,32.0,0.1135444641113281,43.4188800281845,2694.33349609375,,,,,
2933,2,828.0,0.0,32.0,32.0,0.2029371261596679,46.99434695066884,2867.99169921875,,,,,
2934,2,829.0,0.0,32.0,32.0,0.3896093368530273,43.82992000319064,2733.4013671875,,,,,
2935,2,830.0,0.0,32.0,32.0,0.1374320983886718,37.68391598714516,2440.67236328125,,,,,
2936,2,831.0,0.0,32.0,32.0,0.0985546112060546,41.863963997457176,2563.7587890625,,,,,
2937,2,832.0,0.0,32.0,32.0,0.0575723648071289,43.86660200543702,2733.4013671875,,,,,
2938,2,833.0,0.0,32.0,32.0,0.1769371032714843,44.35290797846392,2733.4013671875,,,,,
2939,2,834.0,0.0,32.0,32.0,0.0100603103637695,45.920050994027406,2816.134765625,,,,,
2940,2,835.0,0.0,32.0,32.0,0.0068902969360351,50.7217530393973,2951.76416015625,,,,,
2941,2,836.0,0.0,32.0,32.0,0.0220842361450195,37.39712102105841,2816.134765625,,,,,
2942,2,837.0,0.0,32.0,32.0,0.0881528854370117,46.60275898640976,2867.99169921875,,,,,
2943,2,838.0,0.0,32.0,32.0,0.4570536613464355,43.76608703751117,2727.7080078125,,,,,
2944,2,839.0,0.0,32.0,32.0,0.1802539825439453,44.49892503907904,2766.93994140625,,,,,
2945,2,840.0,0.0,32.0,32.0,0.4034862518310547,45.12394295306876,2801.326171875,,,,,
2946,2,841.0,0.0,32.0,32.0,0.0188093185424804,44.84350699931383,2801.326171875,,,,,
2947,2,842.0,0.0,32.0,32.0,0.1428537368774414,43.764812988229096,2727.7080078125,,,,,
2948,2,843.0,0.0,32.0,32.0,0.355039119720459,54.13593200501055,3103.48876953125,,,,,
2949,2,844.0,0.0,32.0,32.0,0.038886547088623,50.992175994906574,2904.6611328125,,,,,
2950,2,845.0,0.0,32.0,32.0,0.0132699012756347,44.38460001256317,2727.7080078125,,,,,
2951,2,846.0,0.0,32.0,32.0,0.3600096702575683,43.52382099023089,2766.93994140625,,,,,
2952,2,847.0,0.0,32.0,32.0,0.1708536148071289,31.891204009298235,2655.9453125,,,,,
2953,2,848.0,0.0,32.0,32.0,0.0355243682861328,43.48710196791217,2588.3369140625,,,,,
2954,2,849.0,0.0,32.0,32.0,0.2894377708435058,43.45565399853513,2683.17138671875,,,,,
2955,2,850.0,0.0,32.0,32.0,0.3096280097961426,52.1556320018135,3034.4814453125,,,,,
2956,2,851.0,0.0,32.0,32.0,0.1775856018066406,43.86665398487821,2694.33349609375,,,,,
2957,2,852.0,0.0,32.0,32.0,0.2675428390502929,45.429827994666994,2766.93994140625,,,,,
2958,2,853.0,0.0,32.0,32.0,0.2235069274902343,46.12411599373445,2816.134765625,,,,,
2959,2,854.0,0.0,32.0,32.0,0.1714315414428711,43.56727201957256,2766.93994140625,,,,,
2960,2,855.0,0.0,32.0,32.0,0.2198638916015625,44.007227988913655,2727.7080078125,,,,,
2961,2,856.0,0.0,32.0,32.0,0.3183727264404297,44.03020697645843,2588.3369140625,,,,,
2962,2,857.0,0.0,32.0,32.0,0.2348108291625976,44.44593598600477,2778.75830078125,,,,,
2963,2,858.0,0.0,32.0,32.0,0.1074085235595703,54.546432045754045,3087.69775390625,,,,,
2964,2,859.0,0.0,32.0,32.0,0.2701892852783203,37.24072000477463,2875.06591796875,,,,,
2965,2,860.0,0.0,32.0,32.0,0.3012599945068359,46.19431204628199,2816.134765625,,,,,
2966,2,861.0,0.0,32.0,32.0,0.1227502822875976,44.241480994969606,2778.75830078125,,,,,
2967,2,862.0,0.0,32.0,32.0,0.1151790618896484,57.3120039771311,3221.6025390625,,,,,
2968,2,863.0,0.0,32.0,32.0,0.3405265808105469,44.624408008530736,2588.3369140625,,,,,
2969,2,864.0,0.0,32.0,32.0,0.1522235870361328,54.5931090018712,3124.951171875,,,,,
2970,2,865.0,0.0,32.0,32.0,0.0791549682617187,51.3475050101988,2904.6611328125,,,,,
2971,2,866.0,0.0,32.0,32.0,0.3416919708251953,43.38108096271753,2625.908203125,,,,,
2972,2,867.0,0.0,32.0,32.0,0.1857671737670898,50.6701169651933,2951.76416015625,,,,,
2973,2,868.0,0.0,32.0,32.0,0.2053604125976562,50.76028098119423,2951.76416015625,,,,,
2974,2,869.0,0.0,32.0,32.0,0.2470054626464843,52.17367003206164,2951.76416015625,,,,,
2975,2,870.0,0.0,32.0,32.0,0.2281570434570312,39.58968998631463,2904.6611328125,,,,,
2976,2,871.0,0.0,32.0,32.0,0.1710491180419922,50.73985899798572,2904.6611328125,,,,,
2977,2,872.0,0.0,32.0,32.0,0.3380203247070312,43.343544006347656,2683.17138671875,,,,,
2978,2,873.0,0.0,32.0,32.0,0.1081485748291015,45.81843601772562,2816.134765625,,,,,
2979,2,874.0,0.0,32.0,32.0,0.2005863189697265,44.15919998427853,2766.93994140625,,,,,
2980,2,875.0,0.0,32.0,32.0,0.1345329284667968,42.726347979623824,2683.17138671875,,,,,
2981,2,876.0,0.0,32.0,32.0,0.047739028930664,43.48932404536754,2778.75830078125,,,,,
2982,2,877.0,0.0,32.0,32.0,0.1831188201904297,42.55141504108906,2625.908203125,,,,,
2983,2,878.0,0.0,32.0,32.0,0.1655445098876953,45.85596401011571,2801.326171875,,,,,
2984,2,879.0,0.0,32.0,32.0,0.2540626525878906,43.85024501243606,2733.4013671875,,,,,
2985,2,880.0,0.0,32.0,32.0,0.4456768035888672,43.03966002771631,2727.7080078125,,,,,
2986,2,881.0,0.0,32.0,32.0,0.4287300109863281,42.71997400792316,2655.9453125,,,,,
2987,2,882.0,0.0,32.0,32.0,0.2386226654052734,48.06632699910551,2337.52294921875,,,,,
2988,2,883.0,0.0,32.0,32.0,0.2487373352050781,45.84157303906977,3034.4814453125,,,,,
2989,2,884.0,0.0,32.0,32.0,0.3623390197753906,52.14182299096137,2951.76416015625,,,,,
2990,2,885.0,0.0,32.0,32.0,0.1222515106201171,43.38163702050224,2513.87451171875,,,,,
2991,2,886.0,0.0,32.0,32.0,0.2027301788330078,42.73321304935962,2557.56201171875,,,,,
2992,2,887.0,0.0,32.0,32.0,0.3990631103515625,43.06943900883198,2694.33349609375,,,,,
2993,2,888.0,0.0,32.0,32.0,0.275970458984375,50.13837502337992,2904.6611328125,,,,,
2994,2,889.0,0.0,32.0,32.0,0.07672119140625,48.04925201460719,2875.06591796875,,,,,
2995,2,890.0,0.0,32.0,32.0,0.0797481536865234,44.52064499491826,2727.7080078125,,,,,
2996,2,891.0,0.0,32.0,32.0,0.2870826721191406,43.681206996552646,2733.4013671875,,,,,
2997,2,892.0,0.0,32.0,32.0,0.2235317230224609,37.37468097824603,2440.67236328125,,,,,
2998,2,893.0,0.0,32.0,32.0,0.102121353149414,31.1500639654696,2625.908203125,,,,,
2999,2,894.0,0.0,32.0,32.0,0.1044654846191406,45.79994798405096,2816.134765625,,,,,
3000,2,895.0,0.0,32.0,32.0,0.2665557861328125,42.34126902883872,2655.9453125,,,,,
3001,2,896.0,0.0,32.0,32.0,0.4750204086303711,43.93857199465856,2588.3369140625,,,,,
3002,2,897.0,0.0,32.0,32.0,0.322789192199707,47.45975200785324,2867.99169921875,,,,,
3003,2,898.0,0.0,32.0,32.0,0.2366762161254882,45.43290100991726,2801.326171875,,,,,
3004,2,899.0,0.0,32.0,32.0,0.1642303466796875,43.88729896163568,2727.7080078125,,,,,
3005,2,900.0,0.0,32.0,32.0,0.1121139526367187,41.84266802622005,2513.87451171875,,,,,
3006,2,901.0,0.0,32.0,32.0,0.1572952270507812,43.20233903126791,2625.908203125,,,,,
3007,2,902.0,0.0,32.0,32.0,0.2704238891601562,54.008193023037165,3034.4814453125,,,,,
3008,2,903.0,0.0,32.0,32.0,0.3434886932373047,43.08108502300456,2694.33349609375,,,,,
3009,2,904.0,0.0,32.0,32.0,0.2002334594726562,43.39109204011038,2766.93994140625,,,,,
3010,2,905.0,0.0,32.0,32.0,0.1116390228271484,39.50476198224351,3009.92138671875,,,,,
3011,2,906.0,0.0,32.0,32.0,0.3707332611083984,58.63533000228927,3221.6025390625,,,,,
3012,2,907.0,0.0,32.0,32.0,0.2225456237792968,47.568185022100806,2875.06591796875,,,,,
3013,2,908.0,0.0,32.0,32.0,0.2827606201171875,47.88907500915229,2906.4150390625,,,,,
3014,2,909.0,0.0,32.0,32.0,0.2416877746582031,58.32135502714664,3221.6025390625,,,,,
3015,2,910.0,0.0,32.0,32.0,0.1336536407470703,51.47284304257482,2951.76416015625,,,,,
3016,2,911.0,0.0,32.0,32.0,0.4818496704101562,43.627841980196536,2655.9453125,,,,,
3017,2,912.0,0.0,32.0,32.0,0.3347015380859375,42.097557976376265,2625.908203125,,,,,
3018,2,913.0,0.0,32.0,32.0,0.3890457153320312,45.02446297556162,2816.134765625,,,,,
3019,2,914.0,0.0,32.0,32.0,0.1906871795654297,40.94222898129374,2491.71826171875,,,,,
3020,2,915.0,0.0,32.0,32.0,0.1303291320800781,46.39491799753159,2867.99169921875,,,,,
3021,2,916.0,0.0,32.0,32.0,0.0750942230224609,32.35455404501408,2683.17138671875,,,,,
3022,2,917.0,0.0,32.0,32.0,0.23492431640625,46.86760401818901,2867.99169921875,,,,,
3023,2,918.0,0.0,32.0,32.0,0.2066192626953125,44.35346304671839,2766.93994140625,,,,,
3024,2,919.0,0.0,32.0,32.0,0.2470626831054687,44.122670020442456,2778.75830078125,,,,,
3025,2,920.0,0.0,32.0,32.0,0.1527824401855468,44.70243002288044,2778.75830078125,,,,,
3026,2,921.0,0.0,32.0,32.0,0.0871162414550781,51.152567961253226,2951.76416015625,,,,,
3027,2,922.0,0.0,32.0,32.0,0.3188343048095703,46.89900402445346,2801.326171875,,,,,
3028,2,923.0,0.0,32.0,32.0,0.159799575805664,45.83262599771842,2801.326171875,,,,,
3029,2,924.0,0.0,32.0,32.0,0.149118423461914,49.81672699796036,3025.73583984375,,,,,
3030,2,925.0,0.0,32.0,32.0,0.126108169555664,51.62521899910644,2904.6611328125,,,,,
3031,2,926.0,0.0,32.0,32.0,0.1638031005859375,40.145276056136936,2481.373046875,,,,,
3032,2,927.0,0.0,32.0,32.0,0.4594602584838867,31.818298040889204,2683.17138671875,,,,,
3033,2,928.0,0.0,32.0,32.0,0.0928401947021484,45.62991898274049,2816.134765625,,,,,
3034,2,929.0,0.0,32.0,32.0,0.0302181243896484,51.02476000320166,2904.6611328125,,,,,
3035,2,930.0,0.0,32.0,32.0,0.2064228057861328,44.531794963404536,2778.75830078125,,,,,
3036,2,931.0,0.0,32.0,32.0,0.2120132446289062,44.4445830071345,2766.93994140625,,,,,
3037,2,932.0,0.0,32.0,32.0,0.0938568115234375,42.07640897948295,2513.87451171875,,,,,
3038,2,933.0,0.0,32.0,32.0,0.2939710617065429,42.660904000513256,2557.56201171875,,,,,
3039,2,934.0,0.0,32.0,32.0,0.2010307312011718,43.53367199655622,2778.75830078125,,,,,
3040,2,935.0,0.0,32.0,32.0,0.0138788223266601,47.70623100921512,2906.4150390625,,,,,
3041,2,936.0,0.0,32.0,32.0,0.3633337020874023,43.53991302195936,2683.17138671875,,,,,
3042,2,937.0,0.0,32.0,32.0,0.1873645782470703,43.3848780230619,2694.33349609375,,,,,
3043,2,938.0,0.0,32.0,32.0,0.1594877243041992,39.18870497727767,2481.373046875,,,,,
3044,2,939.0,0.0,32.0,32.0,0.3513650894165039,31.448737950995564,2655.9453125,,,,,
3045,2,940.0,0.0,32.0,32.0,0.0955581665039062,45.48356297891587,2816.134765625,,,,,
3046,2,941.0,0.0,32.0,32.0,0.2508926391601562,44.121112034190446,2733.4013671875,,,,,
3047,2,942.0,0.0,32.0,32.0,0.5321693420410156,44.30865804897621,2766.93994140625,,,,,
3048,2,943.0,0.0,32.0,32.0,0.3197841644287109,51.93528695963323,2951.76416015625,,,,,
3049,2,944.0,0.0,32.0,32.0,0.3198633193969726,47.2316219820641,2816.134765625,,,,,
3050,2,945.0,0.0,32.0,32.0,0.2047100067138672,41.29999200813472,2619.28369140625,,,,,
3051,2,946.0,0.0,32.0,32.0,0.0906038284301757,48.51773596601561,2906.4150390625,,,,,
3052,2,947.0,0.0,32.0,32.0,0.2882747650146484,42.849810037296265,2563.7587890625,,,,,
3053,2,948.0,0.0,32.0,32.0,0.1476850509643554,45.8646229817532,2816.134765625,,,,,
3054,2,949.0,0.0,32.0,32.0,0.2343635559082031,45.26479600463063,2801.326171875,,,,,
3055,2,950.0,0.0,32.0,32.0,0.2022933959960937,43.59146801289171,2733.4013671875,,,,,
3056,2,951.0,0.0,32.0,32.0,0.2625675201416015,32.20009698998183,2694.33349609375,,,,,
3057,2,952.0,0.0,32.0,32.0,0.2279300689697265,43.925988022238016,2766.93994140625,,,,,
3058,2,953.0,0.0,32.0,32.0,0.1692218780517578,43.73337799916044,2727.7080078125,,,,,
3059,2,954.0,0.0,32.0,32.0,0.1628704071044922,50.31359300483018,2904.6611328125,,,,,
3060,2,955.0,0.0,32.0,32.0,0.2457046508789062,42.82786604017019,2655.9453125,,,,,
3061,2,956.0,0.0,32.0,32.0,0.1704750061035156,51.17018101736903,2963.337890625,,,,,
3062,2,957.0,0.0,32.0,32.0,0.3466224670410156,44.12730102194473,2733.4013671875,,,,,
3063,2,958.0,0.0,32.0,32.0,0.2326526641845703,44.12700602551922,2778.75830078125,,,,,
3064,2,959.0,0.0,32.0,32.0,0.2836389541625976,45.591756992507726,2801.326171875,,,,,
3065,2,960.0,0.0,32.0,32.0,0.1183862686157226,43.09188900515437,2683.17138671875,,,,,
3066,2,961.0,0.0,32.0,32.0,0.3687477111816406,43.72635198524222,2766.93994140625,,,,,
3067,2,962.0,0.0,32.0,32.0,0.170842170715332,42.43766498984769,2683.17138671875,,,,,
3068,2,963.0,0.0,32.0,32.0,0.2722644805908203,39.45799503708258,2907.79931640625,,,,,
3069,2,964.0,0.0,32.0,32.0,0.3956184387207031,42.70269203698263,2491.71826171875,,,,,
3070,2,965.0,0.0,32.0,32.0,0.1186447143554687,46.569953963626176,2816.134765625,,,,,
3071,2,966.0,0.0,32.0,32.0,0.2260017395019531,41.73029202502221,2491.71826171875,,,,,
3072,2,967.0,0.0,32.0,32.0,0.3553009033203125,46.64465400855988,2867.99169921875,,,,,
3073,2,968.0,0.0,32.0,32.0,0.2507095336914062,54.84795401571319,3087.69775390625,,,,,
3074,2,969.0,0.0,32.0,32.0,0.2687835693359375,47.838347032666206,2875.06591796875,,,,,
3075,2,970.0,0.0,32.0,32.0,0.1680498123168945,38.5790629661642,2447.654296875,,,,,
3076,2,971.0,0.0,32.0,32.0,0.2812957763671875,42.662540974561125,2694.33349609375,,,,,
3077,2,972.0,0.0,32.0,32.0,0.1939706802368164,46.83990799821913,2867.99169921875,,,,,
3078,2,973.0,0.0,32.0,32.0,0.1363744735717773,50.10882101487368,3009.92138671875,,,,,
3079,2,974.0,0.0,32.0,32.0,0.2521905899047851,40.10805097641423,2907.79931640625,,,,,
3080,2,975.0,0.0,32.0,32.0,0.3482799530029297,43.617360992357135,2683.17138671875,,,,,
3081,2,976.0,0.0,32.0,32.0,0.1792240142822265,46.15341703174636,2816.134765625,,,,,
3082,2,977.0,0.0,32.0,32.0,0.1974420547485351,46.7183250002563,2875.06591796875,,,,,
3083,2,978.0,0.0,32.0,32.0,0.1379919052124023,49.91139000048861,2907.79931640625,,,,,
3084,2,979.0,0.0,32.0,32.0,0.5449190139770508,41.50709102395922,2481.373046875,,,,,
3085,2,980.0,0.0,32.0,32.0,0.0707244873046875,42.05719201127067,2655.9453125,,,,,
3086,2,981.0,0.0,32.0,32.0,0.1431150436401367,42.14332497213036,2625.908203125,,,,,
3087,2,982.0,0.0,32.0,32.0,0.3028945922851562,41.6503400192596,2655.9453125,,,,,
3088,2,983.0,0.0,32.0,32.0,0.2192516326904297,51.16329400334507,2963.337890625,,,,,
3089,2,984.0,0.0,32.0,32.0,0.1329679489135742,43.73886098619551,2625.908203125,,,,,
3090,2,985.0,0.0,32.0,32.0,0.2871284484863281,47.332900983747095,2875.06591796875,,,,,
3091,2,986.0,0.0,32.0,32.0,0.0583667755126953,46.18205304723233,3194.6259765625,,,,,
3092,2,987.0,0.0,32.0,32.0,0.1031646728515625,45.10350298369303,2778.75830078125,,,,,
3093,2,988.0,0.0,32.0,32.0,0.1358928680419922,47.80620901146904,2875.06591796875,,,,,
3094,2,989.0,0.0,32.0,32.0,0.0389814376831054,44.6404559770599,2778.75830078125,,,,,
3095,2,990.0,0.0,32.0,32.0,0.2973031997680664,47.03223000979051,2867.99169921875,,,,,
3096,2,991.0,0.0,32.0,32.0,0.1475915908813476,45.98649003310129,2801.326171875,,,,,
3097,2,992.0,0.0,32.0,32.0,0.1925745010375976,42.88682900369167,2683.17138671875,,,,,
3098,2,993.0,0.0,32.0,32.0,0.369326114654541,43.51365001639351,2778.75830078125,,,,,
3099,2,994.0,0.0,32.0,32.0,0.0701150894165039,38.11016399413347,2372.5361328125,,,,,
3100,2,995.0,0.0,32.0,32.0,0.2562518119812011,50.58567400556058,3034.4814453125,,,,,
3101,2,996.0,0.0,32.0,32.0,0.120513916015625,44.70002796733752,2727.7080078125,,,,,
3102,2,997.0,0.0,32.0,32.0,0.1281328201293945,41.41967400209978,2619.28369140625,,,,,
3103,2,998.0,0.0,32.0,32.0,0.3093509674072265,38.88235596241429,3009.92138671875,,,,,
3104,2,999.0,0.0,32.0,32.0,0.1588730812072754,45.064917008858174,2733.4013671875,,,,,
3105,2,1000.0,0.0,32.0,32.0,0.3072576522827148,43.13771898159757,2683.17138671875,,,,,
3106,2,1001.0,0.0,32.0,32.0,0.1298356056213379,49.94238197105005,2907.79931640625,,,,,
3107,2,1002.0,0.0,32.0,32.0,0.2345776557922363,43.290783010888845,2655.9453125,,,,,
3108,2,1003.0,0.0,32.0,32.0,0.3212928771972656,46.2627990054898,2816.134765625,,,,,
3109,2,1004.0,0.0,32.0,32.0,0.2278261184692382,43.21274202084169,2557.56201171875,,,,,
3110,2,1005.0,0.0,32.0,32.0,0.1680145263671875,43.89354301383719,2727.7080078125,,,,,
3111,2,1006.0,0.0,32.0,32.0,0.3251352310180664,42.04578202916309,2625.908203125,,,,,
3112,2,1007.0,0.0,32.0,32.0,0.2632989883422851,42.19470999669284,2625.908203125,,,,,
3113,2,1008.0,0.0,32.0,32.0,0.1604270935058593,47.54986899206415,2875.06591796875,,,,,
3114,2,1009.0,0.0,32.0,32.0,0.2402601242065429,44.58530800184235,2778.75830078125,,,,,
3115,2,1010.0,0.0,32.0,32.0,0.2204813957214355,41.91233101300895,3050.8896484375,,,,,
3116,2,1011.0,0.0,32.0,32.0,0.2425432205200195,49.23719598446041,2906.4150390625,,,,,
3117,2,1012.0,0.0,32.0,32.0,0.3098921775817871,44.683434010948986,2733.4013671875,,,,,
3118,2,1013.0,0.0,32.0,32.0,0.3113212585449219,44.788353028707206,2588.3369140625,,,,,
3119,2,1014.0,0.0,32.0,32.0,0.4016180038452148,54.19828201411292,3087.69775390625,,,,,
3120,2,1015.0,0.0,32.0,32.0,0.2612299919128418,47.45546303456649,2816.134765625,,,,,
3121,2,1016.0,0.0,32.0,32.0,0.1889758110046386,58.28036001184955,3221.6025390625,,,,,
3122,2,1017.0,0.0,32.0,32.0,0.2896990776062011,44.89061003550887,2733.4013671875,,,,,
3123,2,1018.0,0.0,32.0,32.0,0.1009426116943359,43.93549996893853,2588.3369140625,,,,,
3124,2,1019.0,0.0,32.0,32.0,0.3103280067443847,54.66638202778995,3009.92138671875,,,,,
3125,2,1020.0,0.0,32.0,32.0,0.1094832420349121,52.29073500959203,3009.92138671875,,,,,
3126,2,1021.0,0.0,32.0,32.0,0.0570044517517089,39.14556099334732,2867.99169921875,,,,,
3127,2,1022.0,0.0,32.0,32.0,0.1100296974182128,52.46571003226563,2963.337890625,,,,,
3128,2,1023.0,0.0,32.0,32.0,0.1018781661987304,52.25711601087824,2963.337890625,,,,,
3129,2,1024.0,0.0,32.0,32.0,0.3068442344665527,44.88866403698921,2694.33349609375,,,,,
3130,2,1025.0,0.0,32.0,32.0,0.1883115768432617,53.80653298925608,3050.8896484375,,,,,
3131,2,1026.0,0.0,32.0,32.0,0.053774356842041,46.327269985340536,2778.75830078125,,,,,
3132,2,1027.0,0.0,32.0,32.0,0.2980670928955078,43.097404995933175,2625.908203125,,,,,
3133,2,1028.0,0.0,32.0,32.0,0.1188993453979492,54.04076899867505,3087.69775390625,,,,,
3134,2,1029.0,0.0,32.0,32.0,0.0591564178466796,54.27181004779413,3050.8896484375,,,,,
3135,2,1030.0,0.0,32.0,32.0,0.4017257690429687,48.607470002025366,2683.17138671875,,,,,
3136,2,1031.0,0.0,32.0,32.0,0.4713845252990722,45.76877900399268,2801.326171875,,,,,
3137,2,1032.0,0.0,32.0,32.0,0.234344482421875,34.126354032196105,2513.87451171875,,,,,
3138,2,1033.0,0.0,32.0,32.0,0.1016221046447753,43.17097499733791,2588.3369140625,,,,,
3139,2,1034.0,0.0,32.0,32.0,0.1809163093566894,44.12338900147006,2733.4013671875,,,,,
3140,2,1035.0,0.0,32.0,32.0,0.195709228515625,50.25922501226887,2951.76416015625,,,,,
3141,2,1036.0,0.0,32.0,32.0,0.1153802871704101,43.800137005746365,2563.7587890625,,,,,
3142,2,1037.0,0.0,32.0,32.0,0.162881851196289,43.09467296116054,2557.56201171875,,,,,
3143,2,1038.0,0.0,32.0,32.0,0.1909704208374023,44.71423994982615,2778.75830078125,,,,,
3144,2,1039.0,0.0,32.0,32.0,0.1860580444335937,52.66079097054899,3050.8896484375,,,,,
3145,2,1040.0,0.0,32.0,32.0,0.3614377975463867,57.72571003763005,3161.05322265625,,,,,
3146,2,1041.0,0.0,32.0,32.0,0.1330132484436035,50.37255602655932,2801.326171875,,,,,
3147,2,1042.0,0.0,32.0,32.0,0.1687569618225097,49.46138599188998,2906.4150390625,,,,,
3148,2,1043.0,0.0,32.0,32.0,0.3734793663024902,46.452909999061376,3194.6259765625,,,,,
3149,2,1044.0,0.0,32.0,32.0,0.0838761329650878,44.87484402488917,2766.93994140625,,,,,
3150,2,1045.0,0.0,32.0,32.0,0.1915235519409179,42.6370479981415,2625.908203125,,,,,
3151,2,1046.0,0.0,32.0,32.0,0.3108267784118652,42.66117000952363,2563.7587890625,,,,,
3152,2,1047.0,0.0,32.0,32.0,0.3716645240783691,44.85951701644808,2801.326171875,,,,,
3153,2,1048.0,0.0,32.0,32.0,0.4149003028869629,47.54515603417531,2875.06591796875,,,,,
3154,2,1049.0,0.0,32.0,32.0,0.3577079772949219,53.94695803988725,3034.4814453125,,,,,
3155,2,1050.0,0.0,32.0,32.0,0.0980730056762695,46.99765099212527,2801.326171875,,,,,
3156,2,1051.0,0.0,32.0,32.0,0.0697212219238281,56.7574099986814,3161.05322265625,,,,,
3157,2,1052.0,0.0,32.0,32.0,0.3020668029785156,43.29543199855834,2683.17138671875,,,,,
3158,2,1053.0,0.0,32.0,32.0,0.088991641998291,48.59686002600938,2778.75830078125,,,,,
3159,2,1054.0,0.0,32.0,32.0,0.0826559066772461,32.93117496650666,2694.33349609375,,,,,
3160,2,1055.0,0.0,32.0,32.0,0.1943788528442382,43.3605529833585,2588.3369140625,,,,,
3161,2,1056.0,0.0,32.0,32.0,0.164377212524414,61.73771299654618,3287.220703125,,,,,
3162,2,1057.0,0.0,32.0,32.0,0.2075719833374023,44.96273002587259,2778.75830078125,,,,,
3163,2,1058.0,0.0,32.0,32.0,0.247161865234375,40.96371604828164,2619.28369140625,,,,,
3164,2,1059.0,0.0,32.0,32.0,0.2433462142944336,42.25364100420848,2655.9453125,,,,,
3165,2,1060.0,0.0,32.0,32.0,0.0256834030151367,47.34016401926056,2867.99169921875,,,,,
3166,2,1061.0,0.0,32.0,32.0,0.1734209060668945,44.11622398765758,2733.4013671875,,,,,
3167,2,1062.0,0.0,32.0,32.0,0.2928218841552734,48.06488304166123,2906.4150390625,,,,,
3168,2,1063.0,0.0,32.0,32.0,0.1673765182495117,50.34568399423733,2907.79931640625,,,,,
3169,2,1064.0,0.0,32.0,32.0,0.2718124389648437,43.16509497584775,2513.87451171875,,,,,
3170,2,1065.0,0.0,32.0,32.0,0.3533458709716797,32.9887040425092,2588.3369140625,,,,,
3171,2,1066.0,0.0,32.0,32.0,0.3003292083740234,42.62779001146555,2563.7587890625,,,,,
3172,2,1067.0,0.0,32.0,32.0,0.3568248748779297,42.68831596709788,2694.33349609375,,,,,
3173,2,1068.0,0.0,32.0,32.0,0.3425006866455078,44.2461550119333,2733.4013671875,,,,,
3174,2,1069.0,0.0,32.0,32.0,0.1909370422363281,43.056193040683866,2563.7587890625,,,,,
3175,2,1070.0,0.0,32.0,32.0,0.2140884399414062,43.10942499432713,2655.9453125,,,,,
3176,2,1071.0,0.0,32.0,32.0,0.1120452880859375,49.73464296199381,2904.6611328125,,,,,
3177,2,1072.0,0.0,32.0,32.0,0.2606353759765625,44.139143952634186,2655.9453125,,,,,
3178,2,1073.0,0.0,32.0,32.0,0.2897911071777344,50.959107000380754,2907.79931640625,,,,,
3179,2,1074.0,0.0,32.0,32.0,0.2342376708984375,43.57450600946322,2683.17138671875,,,,,
3180,2,1075.0,0.0,32.0,32.0,0.1448936462402343,41.22004302917048,2513.87451171875,,,,,
3181,2,1076.0,0.0,32.0,32.0,0.1355438232421875,47.013239993248135,2875.06591796875,,,,,
3182,2,1077.0,0.0,32.0,32.0,0.105600357055664,36.32400603964925,2867.99169921875,,,,,
3183,2,1078.0,0.0,32.0,32.0,0.2975482940673828,46.1188200279139,2816.134765625,,,,,
3184,2,1079.0,0.0,32.0,32.0,0.4433650970458984,42.06806101137772,2625.908203125,,,,,
3185,2,1080.0,0.0,32.0,32.0,0.5695285797119141,45.53937300806865,2801.326171875,,,,,
3186,2,1081.0,0.0,32.0,32.0,0.3657054901123047,42.804682976566255,2694.33349609375,,,,,
3187,2,1082.0,0.0,32.0,32.0,0.1172103881835937,42.38135204650462,2655.9453125,,,,,
3188,2,1083.0,0.0,32.0,32.0,0.2577877044677734,49.49055099859834,2951.76416015625,,,,,
3189,2,1084.0,0.0,32.0,32.0,0.1322784423828125,45.30156502733007,2778.75830078125,,,,,
3190,2,1085.0,0.0,32.0,32.0,0.0694236755371093,43.18463400704786,2694.33349609375,,,,,
3191,2,1086.0,0.0,32.0,32.0,0.0920162200927734,42.264438001438975,2625.908203125,,,,,
3192,2,1087.0,0.0,32.0,32.0,0.3242053985595703,43.25854999478906,2727.7080078125,,,,,
3193,2,1088.0,0.0,32.0,32.0,0.2278976440429687,45.87555699981749,2801.326171875,,,,,
3194,2,1089.0,0.0,32.0,32.0,0.3092021942138672,39.12427503382787,2904.6611328125,,,,,
3195,2,1090.0,0.0,32.0,32.0,0.2802600860595703,44.752838963177055,2588.3369140625,,,,,
3196,2,1091.0,0.0,32.0,32.0,0.3425178527832031,46.53986403718591,2816.134765625,,,,,
3197,2,1092.0,0.0,32.0,32.0,0.2599411010742187,50.606762000825256,3025.73583984375,,,,,
3198,2,1093.0,0.0,32.0,32.0,0.1370735168457031,47.87171899806708,2816.134765625,,,,,
3199,2,1094.0,0.0,32.0,32.0,0.1400623321533203,50.44181202538312,2907.79931640625,,,,,
3200,2,1095.0,0.0,32.0,32.0,0.1228523254394531,43.94168296130374,2683.17138671875,,,,,
3201,2,1096.0,0.0,32.0,32.0,0.2305107116699218,45.17977498471737,2801.326171875,,,,,
3202,2,1097.0,0.0,32.0,32.0,0.3774185180664062,53.70937299448997,3087.69775390625,,,,,
3203,2,1098.0,0.0,32.0,32.0,0.102874755859375,44.95880595641211,2766.93994140625,,,,,
3204,2,1099.0,0.0,32.0,32.0,0.3755970001220703,45.15442700358108,2801.326171875,,,,,
3205,2,1100.0,0.0,32.0,32.0,0.2194957733154297,31.153318006545305,2655.9453125,,,,,
3206,2,1101.0,0.0,32.0,32.0,0.0445423126220703,49.49181398842484,2904.6611328125,,,,,
3207,2,1102.0,0.0,32.0,32.0,0.0394039154052734,43.45924500375986,2694.33349609375,,,,,
3208,2,1103.0,0.0,32.0,32.0,0.2015247344970703,41.91021900624037,2655.9453125,,,,,
3209,2,1104.0,0.0,32.0,32.0,0.2374525070190429,50.05897901719436,2951.76416015625,,,,,
3210,2,1105.0,0.0,32.0,32.0,0.0240516662597656,51.6317060100846,2904.6611328125,,,,,
3211,2,1106.0,0.0,32.0,32.0,0.1181573867797851,53.38237702380866,3034.4814453125,,,,,
3212,2,1107.0,0.0,32.0,32.0,0.1777677536010742,44.44200202124193,2778.75830078125,,,,,
3213,2,1108.0,0.0,32.0,32.0,0.353367805480957,44.95415900601074,2801.326171875,,,,,
3214,2,1109.0,0.0,32.0,32.0,0.3546624183654785,50.79038895200938,3009.92138671875,,,,,
3215,2,1110.0,0.0,32.0,32.0,0.0279817581176757,44.22301601152867,2727.7080078125,,,,,
3216,2,1111.0,0.0,32.0,32.0,0.2638149261474609,32.035436015576124,2694.33349609375,,,,,
3217,2,1112.0,0.0,32.0,32.0,0.345855712890625,42.739005002658814,2683.17138671875,,,,,
3218,2,1113.0,0.0,32.0,32.0,0.1841058731079101,44.17774098692462,2766.93994140625,,,,,
3219,2,1114.0,0.0,32.0,32.0,0.2267112731933593,52.625150012318045,2970.58984375,,,,,
3220,2,1115.0,0.0,32.0,32.0,0.1941556930541992,51.80139600997791,2951.76416015625,,,,,
3221,2,1116.0,0.0,32.0,32.0,0.2785348892211914,50.93191599007696,2907.79931640625,,,,,
3222,2,1117.0,0.0,32.0,32.0,0.1277284622192382,48.87561401119456,2906.4150390625,,,,,
3223,2,1118.0,0.0,32.0,32.0,0.0355892181396484,44.11796201020479,2588.3369140625,,,,,
3224,2,1119.0,0.0,32.0,32.0,0.3363361358642578,45.73684197384864,2816.134765625,,,,,
3225,2,1120.0,0.0,32.0,32.0,0.2399139404296875,41.771607007831335,2655.9453125,,,,,
3226,2,1121.0,0.0,32.0,32.0,0.2431907653808593,43.670669954735786,2727.7080078125,,,,,
3227,2,1122.0,0.0,32.0,32.0,0.0823345184326171,32.02848503133282,2694.33349609375,,,,,
3228,2,1123.0,0.0,32.0,32.0,0.3921413421630859,42.68423595931381,2727.7080078125,,,,,
3229,2,1124.0,0.0,32.0,32.0,0.4154491424560547,49.352400994393975,3009.92138671875,,,,,
3230,2,1125.0,0.0,32.0,32.0,0.213287353515625,48.62680903170258,2867.99169921875,,,,,
3231,2,1126.0,0.0,32.0,32.0,0.337493896484375,44.04248797800392,2766.93994140625,,,,,
3232,2,1127.0,0.0,32.0,32.0,0.0904350280761718,45.50709202885628,2778.75830078125,,,,,
3233,2,1128.0,0.0,32.0,32.0,0.2780284881591797,41.431181016378105,2625.908203125,,,,,
3234,2,1129.0,0.0,32.0,32.0,0.1604881286621093,47.232209995854646,2867.99169921875,,,,,
3235,2,1130.0,0.0,32.0,32.0,0.1224498748779296,44.51718303607777,2778.75830078125,,,,,
3236,2,1131.0,0.0,32.0,32.0,0.2848834991455078,42.85405797418207,2557.56201171875,,,,,
3237,2,1132.0,0.0,32.0,32.0,0.2609481811523437,51.676645991392434,2963.337890625,,,,,
3238,2,1133.0,0.0,32.0,32.0,0.1653861999511718,43.24136301875114,2563.7587890625,,,,,
3239,2,1134.0,0.0,32.0,32.0,0.1000633239746093,39.71933200955391,2951.76416015625,,,,,
3240,2,1135.0,0.0,32.0,32.0,0.2407989501953125,48.61492395866662,2875.06591796875,,,,,
3241,2,1136.0,0.0,32.0,32.0,0.3914108276367187,42.55543800536543,2625.908203125,,,,,
3242,2,1137.0,0.0,32.0,32.0,0.2458953857421875,43.89420902589336,2733.4013671875,,,,,
3243,2,1138.0,0.0,32.0,32.0,0.2356090545654297,44.3173450184986,2778.75830078125,,,,,
3244,2,1139.0,0.0,32.0,32.0,0.1967239379882812,43.335977010428905,2694.33349609375,,,,,
3245,2,1140.0,0.0,32.0,32.0,0.2131595611572265,43.76388603122905,2766.93994140625,,,,,
3246,2,1141.0,0.0,32.0,32.0,0.0740566253662109,43.66940102772787,2733.4013671875,,,,,
3247,2,1142.0,0.0,32.0,32.0,0.1976089477539062,47.688044025562704,2875.06591796875,,,,,
3248,2,1143.0,0.0,32.0,32.0,0.165252685546875,42.91061102412641,2557.56201171875,,,,,
3249,2,1144.0,0.0,32.0,32.0,0.3695831298828125,40.80267599783838,2491.71826171875,,,,,
3250,2,1145.0,0.0,32.0,32.0,0.2227058410644531,41.11565003404394,2619.28369140625,,,,,
3251,2,1146.0,0.0,32.0,32.0,0.2049121856689453,36.44239297136664,2906.4150390625,,,,,
3252,2,1147.0,0.0,32.0,32.0,0.1769886016845703,56.88334198202938,3181.74951171875,,,,,
3253,2,1148.0,0.0,32.0,32.0,0.11767578125,48.35507698589936,2875.06591796875,,,,,
3254,2,1149.0,0.0,32.0,32.0,0.1587448120117187,43.154937971848994,2557.56201171875,,,,,
3255,2,1150.0,0.0,32.0,32.0,0.2712364196777344,44.26331998547539,2778.75830078125,,,,,
3256,2,1151.0,0.0,32.0,32.0,0.134500503540039,51.21460498776287,2970.58984375,,,,,
3257,2,1152.0,0.0,32.0,32.0,0.2092189788818359,48.169495014008135,2867.99169921875,,,,,
3258,2,1153.0,0.0,32.0,32.0,0.0660152435302734,49.93547196500003,2904.6611328125,,,,,
3259,2,1154.0,0.0,32.0,32.0,0.2858390808105469,46.00975499488413,2778.75830078125,,,,,
3260,2,1155.0,0.0,32.0,32.0,0.2226905822753906,42.70918300608173,2625.908203125,,,,,
3261,2,1156.0,0.0,32.0,32.0,0.2952232360839844,38.23910601204261,2481.373046875,,,,,
3262,2,1157.0,0.0,32.0,32.0,0.1407384872436523,32.39943599328399,2733.4013671875,,,,,
3263,2,1158.0,0.0,32.0,32.0,0.1225624084472656,41.30659898510203,2619.28369140625,,,,,
3264,2,1159.0,0.0,32.0,32.0,0.1891155242919922,43.3704320457764,2727.7080078125,,,,,
3265,2,1160.0,0.0,32.0,32.0,0.3719472885131836,42.40541998296976,2625.908203125,,,,,
3266,2,1161.0,0.0,32.0,32.0,0.4051074981689453,43.9245339948684,2778.75830078125,,,,,
3267,2,1162.0,0.0,32.0,32.0,0.1080760955810546,42.33255097642541,2625.908203125,,,,,
3268,2,1163.0,0.0,32.0,32.0,0.3038082122802734,46.83114099316299,2867.99169921875,,,,,
3269,2,1164.0,0.0,32.0,32.0,0.1297340393066406,54.03696995927021,3103.48876953125,,,,,
3270,2,1165.0,0.0,32.0,32.0,0.1838693618774414,42.778676957823336,2655.9453125,,,,,
3271,2,1166.0,0.0,32.0,32.0,0.1048965454101562,45.40699301287532,2816.134765625,,,,,
3272,2,1167.0,0.0,32.0,32.0,0.1812992095947265,46.96669999975711,2867.99169921875,,,,,
3273,2,1168.0,0.0,32.0,32.0,0.1287755966186523,43.99524495238438,2694.33349609375,,,,,
3274,2,1169.0,0.0,32.0,32.0,0.1968326568603515,44.1342779668048,3124.951171875,,,,,
3275,2,1170.0,0.0,32.0,32.0,0.0797767639160156,43.357813032343984,2513.87451171875,,,,,
3276,2,1171.0,0.0,32.0,32.0,0.0357618331909179,49.78150699753314,2951.76416015625,,,,,
3277,2,1172.0,0.0,32.0,32.0,0.0268964767456054,44.75995601387695,2727.7080078125,,,,,
3278,2,1173.0,0.0,32.0,32.0,0.6079530715942383,43.97650499595329,2733.4013671875,,,,,
3279,2,1174.0,0.0,32.0,32.0,0.1164808273315429,43.84609701810405,2733.4013671875,,,,,
3280,2,1175.0,0.0,32.0,32.0,0.4296474456787109,46.63312202319503,2875.06591796875,,,,,
3281,2,1176.0,0.0,32.0,32.0,0.2618188858032226,46.25853401375935,2801.326171875,,,,,
3282,2,1177.0,0.0,32.0,32.0,0.3020968437194824,46.24920297646895,2816.134765625,,,,,
3283,2,1178.0,0.0,32.0,32.0,0.2244091033935547,45.72143504628912,2816.134765625,,,,,
3284,2,1179.0,0.0,32.0,32.0,0.2916421890258789,46.70101299416274,2816.134765625,,,,,
3285,2,1180.0,0.0,32.0,32.0,0.1501369476318359,40.017018967773765,2963.337890625,,,,,
3286,2,1181.0,0.0,32.0,32.0,0.0457897186279296,44.3810069700703,2766.93994140625,,,,,
3287,2,1182.0,0.0,32.0,32.0,0.2331018447875976,41.79780697450042,2619.28369140625,,,,,
3288,2,1183.0,0.0,32.0,32.0,0.1797122955322265,43.789975985419005,2588.3369140625,,,,,
3289,2,1184.0,0.0,32.0,32.0,0.5015335083007812,46.81266500847414,2875.06591796875,,,,,
3290,2,1185.0,0.0,32.0,32.0,0.267679214477539,44.00817403802648,2766.93994140625,,,,,
3291,2,1186.0,0.0,32.0,32.0,0.0682010650634765,54.2170949629508,3087.69775390625,,,,,
3292,2,1187.0,0.0,32.0,32.0,0.3309459686279297,43.61855599563569,2557.56201171875,,,,,
3293,2,1188.0,0.0,32.0,32.0,0.0394020080566406,43.922901968471706,2766.93994140625,,,,,
3294,2,1189.0,0.0,32.0,32.0,0.0799160003662109,41.76295502111316,2619.28369140625,,,,,
3295,2,1190.0,0.0,32.0,32.0,0.3870620727539062,42.88816201733425,2694.33349609375,,,,,
3296,2,1191.0,0.0,32.0,32.0,0.0836448669433593,46.87776300124824,2867.99169921875,,,,,
3297,2,1192.0,0.0,32.0,32.0,0.2756843566894531,41.70497896848247,3034.4814453125,,,,,
3298,2,1193.0,0.0,32.0,32.0,0.1070213317871093,51.70101497787982,2963.337890625,,,,,
3299,2,1194.0,0.0,32.0,32.0,0.1117115020751953,56.22625397518277,3161.05322265625,,,,,
3300,2,1195.0,0.0,32.0,32.0,0.1485252380371093,48.0420159874484,2875.06591796875,,,,,
3301,2,1196.0,0.0,32.0,32.0,0.3124427795410156,45.87908397661522,2801.326171875,,,,,
3302,2,1197.0,0.0,32.0,32.0,0.2845993041992187,43.91356703126803,2778.75830078125,,,,,
3303,2,1198.0,0.0,32.0,32.0,0.4298381805419922,51.25241097994149,2963.337890625,,,,,
3304,2,1199.0,0.0,32.0,32.0,0.3915042877197265,47.70718299550936,2875.06591796875,,,,,
3305,2,1200.0,0.0,32.0,32.0,0.0454750061035156,49.54994504805654,2904.6611328125,,,,,
3306,2,1201.0,0.0,32.0,32.0,0.1540470123291015,43.652499036397785,2655.9453125,,,,,
3307,2,1202.0,0.0,32.0,32.0,0.2805137634277344,54.20034099370241,3087.69775390625,,,,,
3308,2,1203.0,0.0,32.0,32.0,0.1166248321533203,32.43101196130738,2683.17138671875,,,,,
3309,2,1204.0,0.0,32.0,32.0,0.3122901916503906,41.14390001632273,2513.87451171875,,,,,
3310,2,1205.0,0.0,32.0,32.0,0.2709999084472656,41.89433000283316,2625.908203125,,,,,
3311,2,1206.0,0.0,32.0,32.0,0.2700614929199219,41.70628997962922,2625.908203125,,,,,
3312,2,1207.0,0.0,32.0,32.0,0.1104869842529296,52.14148300001398,3050.8896484375,,,,,
3313,2,1208.0,0.0,32.0,32.0,0.0613880157470703,43.5553080169484,2655.9453125,,,,,
3314,2,1209.0,0.0,32.0,32.0,0.2467613220214843,46.48964700754732,2816.134765625,,,,,
3315,2,1210.0,0.0,32.0,32.0,0.2572135925292969,50.98967597587034,2963.337890625,,,,,
3316,2,1211.0,0.0,32.0,32.0,0.3127021789550781,47.745565010700375,2875.06591796875,,,,,
3317,2,1212.0,0.0,32.0,32.0,0.3906154632568359,45.92679697088897,2816.134765625,,,,,
3318,2,1213.0,0.0,32.0,32.0,0.0757102966308593,51.84255103813484,2963.337890625,,,,,
3319,2,1214.0,0.0,32.0,32.0,0.0935478210449218,42.0016500283964,2619.28369140625,,,,,
3320,2,1215.0,0.0,32.0,32.0,0.1252250671386718,36.93313302937895,2906.4150390625,,,,,
3321,2,1216.0,0.0,32.0,32.0,0.390899658203125,53.713767032604665,3034.4814453125,,,,,
3322,2,1217.0,0.0,32.0,32.0,0.0565853118896484,50.95033696852624,3009.92138671875,,,,,
3323,2,1218.0,0.0,32.0,32.0,0.098297119140625,44.70662598032504,2588.3369140625,,,,,
3324,2,1219.0,0.0,32.0,32.0,0.1938800811767578,46.742153994273394,2867.99169921875,,,,,
3325,2,1220.0,0.0,32.0,32.0,0.3830032348632812,44.448409986216575,2778.75830078125,,,,,
3326,2,1221.0,0.0,32.0,32.0,0.0936775207519531,45.96787499031052,2801.326171875,,,,,
3327,2,1222.0,0.0,32.0,32.0,0.0967674255371093,40.94800603343174,2619.28369140625,,,,,
3328,2,1223.0,0.0,32.0,32.0,0.1456184387207031,41.59324301872402,2655.9453125,,,,,
3329,2,1224.0,0.0,32.0,32.0,0.1431131362915039,45.04089098190889,2801.326171875,,,,,
3330,2,1225.0,0.0,32.0,32.0,0.3732490539550781,46.09768197406083,2816.134765625,,,,,
3331,2,1226.0,0.0,32.0,32.0,0.1613807678222656,41.90142900915816,2625.908203125,,,,,
3332,2,1227.0,0.0,32.0,32.0,0.1229114532470703,31.925503979437053,2683.17138671875,,,,,
3333,2,1228.0,0.0,32.0,32.0,0.0887813568115234,46.96242499630898,2906.4150390625,,,,,
3334,2,1229.0,0.0,32.0,32.0,0.0639572143554687,57.59131198283285,3181.74951171875,,,,,
3335,2,1230.0,0.0,32.0,32.0,0.2028770446777343,55.41910702595487,3103.48876953125,,,,,
3336,2,1231.0,0.0,32.0,32.0,0.1416730880737304,45.52068200428039,2801.326171875,,,,,
3337,2,1232.0,0.0,32.0,32.0,0.1762723922729492,51.449685997795314,2970.58984375,,,,,
3338,2,1233.0,0.0,32.0,32.0,0.4112186431884765,44.25610299222171,2766.93994140625,,,,,
3339,2,1234.0,0.0,32.0,32.0,0.4953813552856445,46.539963979739696,2816.134765625,,,,,
3340,2,1235.0,0.0,32.0,32.0,0.0143470764160156,44.69001799589023,2778.75830078125,,,,,
3341,2,1236.0,0.0,32.0,32.0,0.1194038391113281,44.21854199608788,2778.75830078125,,,,,
3342,2,1237.0,0.0,32.0,32.0,0.321502685546875,42.87657700479031,2557.56201171875,,,,,
3343,2,1238.0,0.0,32.0,32.0,0.2016458511352539,34.79948599124327,2801.326171875,,,,,
3344,2,1239.0,0.0,32.0,32.0,0.1820917129516601,53.23518899967894,3050.8896484375,,,,,
3345,2,1240.0,0.0,32.0,32.0,0.2864208221435547,48.34477498661727,2867.99169921875,,,,,
3346,2,1241.0,0.0,32.0,32.0,0.2103271484375,55.26565795298666,3124.951171875,,,,,
3347,2,1242.0,0.0,32.0,32.0,0.2307958602905273,48.71503397589549,2906.4150390625,,,,,
3348,2,1243.0,0.0,32.0,32.0,0.4240050315856933,43.48958103219047,2766.93994140625,,,,,
3349,2,1244.0,0.0,32.0,32.0,0.343663215637207,45.91640399303287,2867.99169921875,,,,,
3350,2,1245.0,0.0,32.0,32.0,0.0725502967834472,46.51248798472807,2816.134765625,,,,,
3351,2,1246.0,0.0,32.0,32.0,0.2316823005676269,45.8005330292508,2816.134765625,,,,,
3352,2,1247.0,0.0,32.0,32.0,0.1150197982788086,43.258399004116654,2588.3369140625,,,,,
3353,2,1248.0,0.0,32.0,32.0,0.3318977355957031,50.22603599354625,2907.79931640625,,,,,
3354,2,1249.0,0.0,32.0,32.0,0.272252082824707,37.56142099155113,2875.06591796875,,,,,
3355,2,1250.0,0.0,32.0,32.0,0.3616681098937988,41.28052503801882,2619.28369140625,,,,,
3356,2,1251.0,0.0,32.0,32.0,0.2511444091796875,50.14676199061796,2907.79931640625,,,,,
3357,2,1252.0,0.0,32.0,32.0,0.2960453033447265,44.18276099022478,2694.33349609375,,,,,
3358,2,1253.0,0.0,32.0,32.0,0.2933740615844726,43.70541096432135,2588.3369140625,,,,,
3359,2,1254.0,0.0,32.0,32.0,0.1878919601440429,50.34451495157555,2904.6611328125,,,,,
3360,2,1255.0,0.0,32.0,32.0,0.2956924438476562,42.763057979755104,2619.28369140625,,,,,
3361,2,1256.0,0.0,32.0,32.0,0.3649044036865234,49.70127204433084,2904.6611328125,,,,,
3362,2,1257.0,0.0,32.0,32.0,0.2727251052856445,43.86668204097077,2557.56201171875,,,,,
3363,2,1258.0,0.0,32.0,32.0,0.1530294418334961,42.98827797174454,2683.17138671875,,,,,
3364,2,1259.0,0.0,32.0,32.0,0.1092491149902343,53.97016496863216,3124.951171875,,,,,
3365,2,1260.0,0.0,32.0,32.0,0.1430301666259765,44.01513503398746,3087.69775390625,,,,,
3366,2,1261.0,0.0,32.0,32.0,0.2420167922973632,44.42653397563845,2766.93994140625,,,,,
3367,2,1262.0,0.0,32.0,32.0,0.4464015960693359,44.10059202928096,2727.7080078125,,,,,
3368,2,1263.0,0.0,32.0,32.0,0.1887760162353515,41.46193398628384,2619.28369140625,,,,,
3369,2,1264.0,0.0,32.0,32.0,0.1827497482299804,41.68150899931789,2619.28369140625,,,,,
3370,2,1265.0,0.0,32.0,32.0,0.1731710433959961,49.6831979835406,3025.73583984375,,,,,
3371,2,1266.0,0.0,32.0,32.0,0.2771615982055664,44.79998897295445,2766.93994140625,,,,,
3372,2,1267.0,0.0,32.0,32.0,0.289804458618164,43.89050498139113,2778.75830078125,,,,,
3373,2,1268.0,0.0,32.0,32.0,0.2586231231689453,55.37190998438746,3124.951171875,,,,,
3374,2,1269.0,0.0,32.0,32.0,0.1463899612426757,43.49745897343382,2655.9453125,,,,,
3375,2,1270.0,0.0,32.0,32.0,0.1663227081298828,49.81933499220759,2907.79931640625,,,,,
3376,2,1271.0,0.0,32.0,32.0,0.0979280471801757,37.52971201902256,2906.4150390625,,,,,
3377,2,1272.0,0.0,32.0,32.0,0.1358785629272461,47.77521098731086,2875.06591796875,,,,,
3378,2,1273.0,0.0,32.0,32.0,0.2607736587524414,43.66390104405582,2766.93994140625,,,,,
3379,2,1274.0,0.0,32.0,32.0,0.2491693496704101,44.48438703548163,2778.75830078125,,,,,
3380,2,1275.0,0.0,32.0,32.0,0.0474653244018554,43.841745995450765,2683.17138671875,,,,,
3381,2,1276.0,0.0,32.0,32.0,0.067997932434082,43.58948301523924,2588.3369140625,,,,,
3382,2,1277.0,0.0,32.0,32.0,0.1511945724487304,55.531803984194994,3171.31201171875,,,,,
3383,2,1278.0,0.0,32.0,32.0,0.3903779983520508,44.68311095843092,2766.93994140625,,,,,
3384,2,1279.0,0.0,32.0,32.0,0.2066278457641601,41.14853299688548,2491.71826171875,,,,,
3385,2,1280.0,0.0,32.0,32.0,0.3495674133300781,43.52244699839503,2766.93994140625,,,,,
3386,2,1281.0,0.0,32.0,32.0,0.1763248443603515,48.400759987998754,2906.4150390625,,,,,
3387,2,1282.0,0.0,32.0,32.0,0.0511360168457031,43.1318850023672,2563.7587890625,,,,,
3388,2,1283.0,0.0,32.0,32.0,0.2186441421508789,33.063630980905145,2733.4013671875,,,,,
3389,2,1284.0,0.0,32.0,32.0,0.304234504699707,43.21358999004588,2727.7080078125,,,,,
3390,2,1285.0,0.0,32.0,32.0,0.2179174423217773,42.2379489755258,2625.908203125,,,,,
3391,2,1286.0,0.0,32.0,32.0,0.1520280838012695,43.11589902499691,2694.33349609375,,,,,
3392,2,1287.0,0.0,32.0,32.0,0.1050786972045898,44.45479100104421,2766.93994140625,,,,,
3393,2,1288.0,0.0,32.0,32.0,0.1411552429199218,43.79673302173615,2588.3369140625,,,,,
3394,2,1289.0,0.0,32.0,32.0,0.132730484008789,42.68370399950072,2655.9453125,,,,,
3395,2,1290.0,0.0,32.0,32.0,0.2346811294555664,49.51155098387972,2904.6611328125,,,,,
3396,2,1291.0,0.0,32.0,32.0,0.3106403350830078,45.1849729870446,2766.93994140625,,,,,
3397,2,1292.0,0.0,32.0,32.0,0.094853401184082,41.59488499863073,2491.71826171875,,,,,
3398,2,1293.0,0.0,32.0,32.0,0.3180913925170898,46.94729798939079,2906.4150390625,,,,,
3399,2,1294.0,0.0,32.0,32.0,0.1056537628173828,46.91701103001833,2816.134765625,,,,,
3400,2,1295.0,0.0,32.0,32.0,0.0965089797973632,40.055741963442415,2963.337890625,,,,,
3401,2,1296.0,0.0,32.0,32.0,0.118387222290039,52.09404998458922,2963.337890625,,,,,
3402,2,1297.0,0.0,32.0,32.0,0.1494331359863281,43.68482797872275,2727.7080078125,,,,,
3403,2,1298.0,0.0,32.0,32.0,0.2122573852539062,43.90471096849069,2766.93994140625,,,,,
3404,2,1299.0,0.0,32.0,32.0,0.2548408508300781,42.91637695860118,2683.17138671875,,,,,
3405,2,1300.0,0.0,32.0,32.0,0.1586966514587402,50.04542600363493,2904.6611328125,,,,,
3406,2,1301.0,0.0,32.0,32.0,0.1175088882446289,42.93037496972829,2655.9453125,,,,,
3407,2,1302.0,0.0,32.0,32.0,0.1392326354980468,47.17950901249424,2875.06591796875,,,,,
3408,2,1303.0,0.0,32.0,32.0,0.0562362670898437,48.317445965949446,2906.4150390625,,,,,
3409,2,1304.0,0.0,32.0,32.0,0.0343432426452636,52.619048045016825,3050.8896484375,,,,,
3410,2,1305.0,0.0,32.0,32.0,0.2355880737304687,44.261559029109776,2683.17138671875,,,,,
3411,2,1306.0,0.0,32.0,32.0,0.2562346458435058,32.37941302359104,2733.4013671875,,,,,
3412,2,1307.0,0.0,32.0,32.0,0.1973843574523925,45.90422898763791,2816.134765625,,,,,
3413,2,1308.0,0.0,32.0,32.0,0.1240210533142089,43.96954504773021,2778.75830078125,,,,,
3414,2,1309.0,0.0,32.0,32.0,0.1507816314697265,43.8300590030849,2588.3369140625,,,,,
3415,2,1310.0,0.0,32.0,32.0,0.1994905471801757,50.56638899259269,3025.73583984375,,,,,
3416,2,1311.0,0.0,32.0,32.0,0.1183786392211914,43.34672802360728,2513.87451171875,,,,,
3417,2,1312.0,0.0,32.0,32.0,0.0659246444702148,48.40227001113817,2906.4150390625,,,,,
3418,2,1313.0,0.0,32.0,32.0,0.0825729370117187,44.07626698957756,2588.3369140625,,,,,
3419,2,1314.0,0.0,32.0,32.0,0.2479104995727539,38.55212603230029,2481.373046875,,,,,
3420,2,1315.0,0.0,32.0,32.0,0.2856807708740234,49.71150198252872,2951.76416015625,,,,,
3421,2,1316.0,0.0,32.0,32.0,0.177530288696289,45.2485530404374,2733.4013671875,,,,,
3422,2,1317.0,0.0,32.0,32.0,0.242955207824707,43.49386499961838,2727.7080078125,,,,,
3423,2,1318.0,0.0,32.0,32.0,0.3907151222229004,35.73391801910475,2867.99169921875,,,,,
3424,2,1319.0,0.0,32.0,32.0,0.2283687591552734,43.62458601826802,2733.4013671875,,,,,
3425,2,1320.0,0.0,32.0,32.0,0.1835184097290039,45.84544396493584,2801.326171875,,,,,
3426,2,1321.0,0.0,32.0,32.0,0.1045122146606445,42.2143519972451,2655.9453125,,,,,
3427,2,1322.0,0.0,32.0,32.0,0.3254766464233398,43.78390300553292,2766.93994140625,,,,,
3428,2,1323.0,0.0,32.0,32.0,0.3036670684814453,50.19171198364347,2904.6611328125,,,,,
3429,2,1324.0,0.0,32.0,32.0,0.1870660781860351,49.17709599249065,2906.4150390625,,,,,
3430,2,1325.0,0.0,32.0,32.0,0.1498880386352539,43.07390801841393,2694.33349609375,,,,,
3431,2,1326.0,0.0,32.0,32.0,0.2609119415283203,47.37731203204021,2875.06591796875,,,,,
3432,2,1327.0,0.0,32.0,32.0,0.2958869934082031,47.46990202693269,2906.4150390625,,,,,
3433,2,1328.0,0.0,32.0,32.0,0.1567764282226562,43.020161043386906,2694.33349609375,,,,,
3434,2,1329.0,0.0,32.0,32.0,0.2689094543457031,48.027181008365005,2906.4150390625,,,,,
3435,2,1330.0,0.0,32.0,32.0,0.4731521606445312,31.62593499291688,2683.17138671875,,,,,
3436,2,1331.0,0.0,32.0,32.0,0.3913803100585937,40.66791501827538,2619.28369140625,,,,,
3437,2,1332.0,0.0,32.0,32.0,0.322906494140625,53.82179300067946,3087.69775390625,,,,,
3438,2,1333.0,0.0,32.0,32.0,0.1986503601074218,43.94737299298868,2694.33349609375,,,,,
3439,2,1334.0,0.0,32.0,32.0,0.1731338500976562,41.17047198815271,2619.28369140625,,,,,
3440,2,1335.0,0.0,32.0,32.0,0.0778961181640625,41.51039000134915,2655.9453125,,,,,
3441,2,1336.0,0.0,32.0,32.0,0.2345314025878906,44.09749899059534,2766.93994140625,,,,,
3442,2,1337.0,0.0,32.0,32.0,0.2186775207519531,55.671459005679935,3161.05322265625,,,,,
3443,2,1338.0,0.0,32.0,32.0,0.1839866638183593,48.43596002319828,2906.4150390625,,,,,
3444,2,1339.0,0.0,32.0,32.0,0.2083511352539062,47.85181098850444,2867.99169921875,,,,,
3445,2,1340.0,0.0,32.0,32.0,0.2401103973388672,43.48024597857148,2727.7080078125,,,,,
3446,2,1341.0,0.0,32.0,32.0,0.3423957824707031,50.80098402686417,2970.58984375,,,,,
3447,2,1342.0,0.0,32.0,32.0,0.0980262756347656,36.515361978672445,2875.06591796875,,,,,
3448,2,1343.0,0.0,32.0,32.0,0.0680732727050781,53.93609905149788,3087.69775390625,,,,,
3449,2,1344.0,0.0,32.0,32.0,0.1531829833984375,51.40310199931264,2951.76416015625,,,,,
3450,2,1345.0,0.0,32.0,32.0,0.1769161224365234,44.95201702229679,2778.75830078125,,,,,
3451,2,1346.0,0.0,32.0,32.0,0.0406703948974609,43.1408709846437,2655.9453125,,,,,
3452,2,1347.0,0.0,32.0,32.0,0.1390800476074218,42.06697200424969,2625.908203125,,,,,
3453,2,1348.0,0.0,32.0,32.0,0.3792896270751953,47.42192500270903,2906.4150390625,,,,,
3454,2,1349.0,0.0,32.0,32.0,0.6058177947998047,46.11975804436952,2801.326171875,,,,,
3455,2,1350.0,0.0,32.0,32.0,0.4801921844482422,46.30101902876049,2816.134765625,,,,,
3456,2,1351.0,0.0,32.0,32.0,0.270242691040039,42.1945100533776,2683.17138671875,,,,,
3457,2,1352.0,0.0,32.0,32.0,0.0192527770996093,42.622554989065975,2557.56201171875,,,,,
3458,2,1353.0,0.0,32.0,32.0,0.0767936706542968,47.44407796533778,2875.06591796875,,,,,
3459,2,1354.0,0.0,32.0,32.0,0.4121894836425781,40.01142899505794,2963.337890625,,,,,
3460,2,1355.0,0.0,32.0,32.0,0.3875083923339844,54.58263400942087,3103.48876953125,,,,,
3461,2,1356.0,0.0,32.0,32.0,0.5087318420410156,47.88478900445625,2906.4150390625,,,,,
3462,2,1357.0,0.0,32.0,32.0,0.2961692810058594,44.72619196167216,2778.75830078125,,,,,
3463,2,1358.0,0.0,32.0,32.0,0.1518878936767578,43.16305799875408,2557.56201171875,,,,,
3464,2,1359.0,0.0,32.0,32.0,0.2862777709960937,52.14507097844034,2970.58984375,,,,,
3465,2,1360.0,0.0,32.0,32.0,0.0442237854003906,51.94808996748179,2963.337890625,,,,,
3466,2,1361.0,0.0,32.0,32.0,0.1618995666503906,47.79055499238893,2875.06591796875,,,,,
3467,2,1362.0,0.0,32.0,32.0,0.3401355743408203,49.87840203102678,2904.6611328125,,,,,
3468,2,1363.0,0.0,32.0,32.0,0.4867305755615234,47.48295102035627,2867.99169921875,,,,,
3469,2,1364.0,0.0,32.0,32.0,0.5713710784912109,43.369991006329656,2694.33349609375,,,,,
3470,2,1365.0,0.0,32.0,32.0,0.1457328796386718,32.760681002400815,2588.3369140625,,,,,
3471,2,1366.0,0.0,32.0,32.0,0.0314750671386718,54.62581396568567,3161.05322265625,,,,,
3472,2,1367.0,0.0,32.0,32.0,0.3976821899414062,47.41734801791608,2816.134765625,,,,,
3473,2,1368.0,0.0,32.0,32.0,0.2337417602539062,43.49739901954308,2727.7080078125,,,,,
3474,2,1369.0,0.0,32.0,32.0,0.386474609375,52.37198597751558,3034.4814453125,,,,,
3475,2,1370.0,0.0,32.0,32.0,0.1394824981689453,56.51364801451564,3171.31201171875,,,,,
3476,2,1371.0,0.0,32.0,32.0,0.1433372497558593,52.09160200320184,2951.76416015625,,,,,
3477,2,1372.0,0.0,32.0,32.0,0.301919937133789,51.122325006872416,3009.92138671875,,,,,
3478,2,1373.0,0.0,32.0,32.0,0.4049568176269531,48.01186098484322,2906.4150390625,,,,,
3479,2,1374.0,0.0,32.0,32.0,0.4591617584228515,42.55562898470089,2655.9453125,,,,,
3480,2,1375.0,0.0,32.0,32.0,0.2812538146972656,41.65423900121823,2513.87451171875,,,,,
3481,2,1376.0,0.0,32.0,32.0,0.10833740234375,33.07254402898252,2778.75830078125,,,,,
3482,2,1377.0,0.0,32.0,32.0,0.2392654418945312,43.10449602780864,2727.7080078125,,,,,
3483,2,1378.0,0.0,32.0,32.0,0.1527328491210937,43.28592895762995,2588.3369140625,,,,,
3484,2,1379.0,0.0,32.0,32.0,0.2738876342773437,54.713377030566335,3087.69775390625,,,,,
3485,2,1380.0,0.0,32.0,32.0,0.3851776123046875,50.708548980765045,2904.6611328125,,,,,
3486,2,1381.0,0.0,32.0,32.0,0.382232666015625,44.1030950169079,2694.33349609375,,,,,
3487,2,1382.0,0.0,32.0,32.0,0.2622947692871094,44.12242898251861,2733.4013671875,,,,,
3488,2,1383.0,0.0,32.0,32.0,0.0968017578125,45.29982799431309,2801.326171875,,,,,
3489,2,1384.0,0.0,32.0,32.0,0.3179168701171875,43.130416015628725,2694.33349609375,,,,,
3490,2,1385.0,0.0,32.0,32.0,0.0729560852050781,51.04195198509842,2970.58984375,,,,,
3491,2,1386.0,0.0,32.0,32.0,0.2221603393554687,44.384601002093405,2778.75830078125,,,,,
3492,2,1387.0,0.0,32.0,32.0,0.1981124877929687,41.429384029470384,2491.71826171875,,,,,
3493,2,1388.0,0.0,32.0,32.0,0.1690139770507812,31.72882302897051,2655.9453125,,,,,
3494,2,1389.0,0.0,32.0,32.0,0.3628730773925781,43.49416994955391,2766.93994140625,,,,,
3495,2,1390.0,0.0,32.0,32.0,0.1021003723144531,46.05635005282238,2801.326171875,,,,,
3496,2,1391.0,0.0,32.0,32.0,0.4047355651855469,42.32857300667092,2625.908203125,,,,,
3497,2,1392.0,0.0,32.0,32.0,0.2905960083007812,50.23279401939362,3025.73583984375,,,,,
3498,2,1393.0,0.0,32.0,32.0,0.3504142761230469,46.99958302080631,2801.326171875,,,,,
3499,2,1394.0,0.0,32.0,32.0,0.2531280517578125,46.05288000311703,2816.134765625,,,,,
3500,2,1395.0,0.0,32.0,32.0,0.0797882080078125,49.851894029416144,2904.6611328125,,,,,
3501,2,1396.0,0.0,32.0,32.0,0.0874748229980468,51.85028101550415,3025.73583984375,,,,,
3502,2,1397.0,0.0,32.0,32.0,0.2637290954589844,44.55704399151728,2766.93994140625,,,,,
3503,2,1398.0,0.0,32.0,32.0,0.19683837890625,44.06764602754265,2766.93994140625,,,,,
3504,2,1399.0,0.0,32.0,32.0,0.2119255065917968,38.5840890230611,2951.76416015625,,,,,
3505,2,1400.0,0.0,32.0,32.0,0.4092254638671875,51.4644900104031,3009.92138671875,,,,,
3506,2,1401.0,0.0,32.0,32.0,0.2325897216796875,43.82129496661946,2557.56201171875,,,,,
3507,2,1402.0,0.0,32.0,32.0,0.1376304626464843,41.43395402934402,2619.28369140625,,,,,
3508,2,1403.0,0.0,32.0,32.0,0.0936088562011718,51.7075409879908,2970.58984375,,,,,
3509,2,1404.0,0.0,32.0,32.0,0.1716575622558593,42.85124997841194,2625.908203125,,,,,
3510,2,1405.0,0.0,32.0,32.0,0.1485557556152343,49.264826986473054,2904.6611328125,,,,,
3511,2,1406.0,0.0,32.0,32.0,0.2654609680175781,42.43990103714168,2619.28369140625,,,,,
3512,2,1407.0,0.0,32.0,32.0,0.2794456481933594,42.4284870387055,2625.908203125,,,,,
3513,2,1408.0,0.0,32.0,32.0,0.1687507629394531,55.37214898504317,3171.31201171875,,,,,
3514,2,1409.0,0.0,32.0,32.0,0.3548698425292969,44.00801000883803,2683.17138671875,,,,,
3515,2,1410.0,0.0,32.0,32.0,0.0499534606933593,31.32997901411727,2655.9453125,,,,,
3516,2,1411.0,0.0,32.0,32.0,0.0849609375,41.99664003681392,2694.33349609375,,,,,
3517,2,1412.0,0.0,32.0,32.0,0.2887725830078125,50.97683996427804,2963.337890625,,,,,
3518,2,1413.0,0.0,32.0,32.0,0.2437667846679687,44.10837701288983,2683.17138671875,,,,,
3519,2,1414.0,0.0,32.0,32.0,0.262359619140625,54.06023503746837,3087.69775390625,,,,,
3520,2,1415.0,0.0,32.0,32.0,0.2606468200683594,58.70172200957313,3221.6025390625,,,,,
3521,2,1416.0,0.0,32.0,32.0,0.4178237915039062,42.31837601400912,2619.28369140625,,,,,
3522,2,1417.0,0.0,32.0,32.0,0.3593978881835937,47.08368796855211,2875.06591796875,,,,,
3523,2,1418.0,0.0,32.0,32.0,0.1624679565429687,46.7917860369198,2867.99169921875,,,,,
3524,2,1419.0,0.0,32.0,32.0,0.13134765625,43.66371902870014,2733.4013671875,,,,,
3525,2,1420.0,0.0,32.0,32.0,0.241851806640625,44.461983954533935,2778.75830078125,,,,,
3526,2,1421.0,0.0,32.0,32.0,0.2770919799804687,35.61237402027473,2867.99169921875,,,,,
3527,2,1422.0,0.0,32.0,32.0,0.135711669921875,43.670641956850886,2778.75830078125,,,,,
3528,2,1423.0,0.0,32.0,32.0,0.1924285888671875,54.81465102639049,3087.69775390625,,,,,
3529,2,1424.0,0.0,32.0,32.0,0.1667709350585937,43.28923299908638,2694.33349609375,,,,,
3530,2,1425.0,0.0,32.0,32.0,0.27911376953125,42.86475898697972,2557.56201171875,,,,,
3531,2,1426.0,0.0,32.0,32.0,0.4542217254638672,43.908351042773575,2733.4013671875,,,,,
3532,2,1427.0,0.0,32.0,32.0,0.1925525665283203,43.1995450053364,2683.17138671875,,,,,
3533,2,1428.0,0.0,32.0,32.0,0.3222637176513672,44.2635560175404,2766.93994140625,,,,,
3534,2,1429.0,0.0,32.0,32.0,0.1776847839355468,45.20272696390748,2801.326171875,,,,,
3535,2,1430.0,0.0,32.0,32.0,0.3950996398925781,47.11953701917082,2875.06591796875,,,,,
3536,2,1431.0,0.0,32.0,32.0,0.419219970703125,42.53189399605617,2563.7587890625,,,,,
3537,2,1432.0,0.0,32.0,32.0,0.2798995971679687,47.57145798066631,2906.4150390625,,,,,
3538,2,1433.0,0.0,32.0,32.0,0.2150840759277343,33.332537044771016,2733.4013671875,,,,,
3539,2,1434.0,0.0,32.0,32.0,0.2363548278808593,43.737239961046726,2766.93994140625,,,,,
3540,2,1435.0,0.0,32.0,32.0,0.2871551513671875,53.16510598640889,3050.8896484375,,,,,
3541,2,1436.0,0.0,32.0,32.0,0.1354103088378906,45.580036006867886,2766.93994140625,,,,,
3542,2,1437.0,0.0,32.0,32.0,0.2286033630371093,47.4011970218271,2867.99169921875,,,,,
3543,2,1438.0,0.0,32.0,32.0,0.2289810180664062,43.64155599614605,2588.3369140625,,,,,
3544,2,1439.0,0.0,32.0,32.0,0.3170204162597656,47.97966295154765,2906.4150390625,,,,,
3545,2,1440.0,0.0,32.0,32.0,0.2998046875,43.41326199937612,2655.9453125,,,,,
3546,2,1441.0,0.0,32.0,32.0,0.3790054321289062,46.83512804331258,2875.06591796875,,,,,
3547,2,1442.0,0.0,32.0,32.0,0.56103515625,46.70837399316952,2867.99169921875,,,,,
3548,2,1443.0,0.0,32.0,32.0,0.232452392578125,50.40011397795752,2904.6611328125,,,,,
3549,2,1444.0,0.0,32.0,32.0,0.2376251220703125,33.91478699631989,2778.75830078125,,,,,
3550,2,1445.0,0.0,32.0,32.0,0.410430908203125,44.90968701429665,2801.326171875,,,,,
3551,2,1446.0,0.0,32.0,32.0,0.4610519409179687,44.035147002432495,2733.4013671875,,,,,
3552,2,1447.0,0.0,32.0,32.0,0.2491607666015625,42.06207598326728,2625.908203125,,,,,
3553,2,1448.0,0.0,32.0,32.0,0.30218505859375,43.27234398806468,2727.7080078125,,,,,
3554,2,1449.0,0.0,32.0,32.0,0.215118408203125,46.09892499865964,2816.134765625,,,,,
3555,2,1450.0,0.0,32.0,32.0,0.1768074035644531,42.84799500601366,2557.56201171875,,,,,
3556,2,1451.0,0.0,32.0,32.0,0.2875175476074219,44.25090301083401,2778.75830078125,,,,,
3557,2,1452.0,0.0,32.0,32.0,0.3833045959472656,47.26442799437791,2875.06591796875,,,,,
3558,2,1453.0,0.0,32.0,32.0,0.1609954833984375,43.08789101196453,2694.33349609375,,,,,
3559,2,1454.0,0.0,32.0,32.0,0.2136306762695312,47.19895595917478,2867.99169921875,,,,,
3560,2,1455.0,0.0,32.0,32.0,0.3274955749511719,49.99685601796955,2904.6611328125,,,,,
3561,2,1456.0,0.0,32.0,32.0,0.3220558166503906,32.63268998125568,2655.9453125,,,,,
3562,2,1457.0,0.0,32.0,32.0,0.2482967376708984,50.50945997936651,2904.6611328125,,,,,
3563,2,1458.0,0.0,32.0,32.0,0.1381893157958984,50.88055896339938,3009.92138671875,,,,,
3564,2,1459.0,0.0,32.0,32.0,0.0797119140625,46.69670795556158,2801.326171875,,,,,
3565,2,1460.0,0.0,32.0,32.0,0.3541755676269531,46.03409796254709,2867.99169921875,,,,,
3566,2,1461.0,0.0,32.0,32.0,0.3994998931884765,44.5040850318037,2766.93994140625,,,,,
3567,2,1462.0,0.0,32.0,32.0,0.1385822296142578,44.34932296862826,2778.75830078125,,,,,
3568,2,1463.0,0.0,32.0,32.0,0.1960468292236328,50.26707903016359,2907.79931640625,,,,,
3569,2,1464.0,0.0,32.0,32.0,0.186990737915039,48.60458004986867,2875.06591796875,,,,,
3570,2,1465.0,0.0,32.0,32.0,0.1202316284179687,43.30152296461165,2557.56201171875,,,,,
3571,2,1466.0,0.0,32.0,32.0,0.2397537231445312,42.53663105191663,2563.7587890625,,,,,
3572,2,1467.0,0.0,32.0,32.0,0.3342342376708984,45.315883005969226,3194.6259765625,,,,,
3573,2,1468.0,0.0,32.0,32.0,0.3992919921875,44.47853600140661,2733.4013671875,,,,,
3574,2,1469.0,0.0,32.0,32.0,0.2287712097167968,51.96656502084807,2970.58984375,,,,,
3575,2,1470.0,0.0,32.0,32.0,0.3933067321777344,44.32409798027948,2766.93994140625,,,,,
3576,2,1471.0,0.0,32.0,32.0,0.0637779235839843,49.96530100470409,2907.79931640625,,,,,
3577,2,1472.0,0.0,32.0,32.0,0.2622222900390625,51.57725798198953,2951.76416015625,,,,,
3578,2,1473.0,0.0,32.0,32.0,0.1380615234375,48.23672398924828,2875.06591796875,,,,,
3579,2,1474.0,0.0,32.0,32.0,0.3059768676757812,45.84259999683127,2801.326171875,,,,,
3580,2,1475.0,0.0,32.0,32.0,0.2242431640625,50.07251497590914,2907.79931640625,,,,,
3581,2,1476.0,0.0,32.0,32.0,0.3830184936523437,43.6846119700931,2655.9453125,,,,,
3582,2,1477.0,0.0,32.0,32.0,0.3848037719726562,43.86833700118586,2588.3369140625,,,,,
3583,2,1478.0,0.0,32.0,32.0,0.309600830078125,35.525387967936695,2867.99169921875,,,,,
3584,2,1479.0,0.0,32.0,32.0,0.231689453125,47.20647202339023,2867.99169921875,,,,,
3585,2,1480.0,0.0,32.0,32.0,0.3109130859375,50.724141008686274,2951.76416015625,,,,,
3586,2,1481.0,0.0,32.0,32.0,0.1609039306640625,44.97773601906374,2733.4013671875,,,,,
3587,2,1482.0,0.0,32.0,32.0,0.1825408935546875,43.42761501902714,2588.3369140625,,,,,
3588,2,1483.0,0.0,32.0,32.0,0.2022247314453125,48.23847400257364,2906.4150390625,,,,,
3589,2,1484.0,0.0,32.0,32.0,0.1565704345703125,50.54754100274295,2904.6611328125,,,,,
3590,2,1485.0,0.0,32.0,32.0,0.2187042236328125,51.74804502166808,2951.76416015625,,,,,
3591,2,1486.0,0.0,32.0,32.0,0.2116661071777343,50.555602996610105,2904.6611328125,,,,,
3592,2,1487.0,0.0,32.0,32.0,0.2679367065429687,43.74399199150503,2557.56201171875,,,,,
3593,2,1488.0,0.0,32.0,32.0,0.2079238891601562,51.608629000838846,3034.4814453125,,,,,
3594,2,1489.0,0.0,32.0,32.0,0.2289161682128906,31.637165986467156,2513.87451171875,,,,,
3595,2,1490.0,0.0,32.0,32.0,0.1354923248291015,46.31268099183217,2875.06591796875,,,,,
3596,2,1491.0,0.0,32.0,32.0,0.2347602844238281,42.29880595812574,2683.17138671875,,,,,
3597,2,1492.0,0.0,32.0,32.0,0.2565994262695312,42.805965000297874,2655.9453125,,,,,
3598,2,1493.0,0.0,32.0,32.0,0.2744331359863281,46.91659798845649,2867.99169921875,,,,,
3599,2,1494.0,0.0,32.0,32.0,0.1294364929199218,46.950800984632224,2875.06591796875,,,,,
3600,2,1495.0,0.0,32.0,32.0,0.3687019348144531,46.86190496431664,2867.99169921875,,,,,
3601,2,1496.0,0.0,32.0,32.0,0.6448783874511719,56.70913204085082,3171.31201171875,,,,,
3602,2,1497.0,0.0,32.0,32.0,0.1226406097412109,55.55296002421528,3087.69775390625,,,,,
3603,2,1498.0,0.0,32.0,32.0,0.2629528045654297,51.90112098352984,2963.337890625,,,,,
3604,2,1499.0,0.0,32.0,32.0,0.1264114379882812,51.212531980127096,2951.76416015625,,,,,
3605,2,1500.0,0.0,32.0,32.0,0.4640617370605469,35.03388701938093,2801.326171875,,,,,
3606,2,1501.0,0.0,32.0,32.0,0.0959033966064453,53.26714098919183,3050.8896484375,,,,,
3607,2,1502.0,0.0,32.0,32.0,0.123483657836914,56.822512997314334,3161.05322265625,,,,,
3608,2,1503.0,0.0,32.0,32.0,0.0615577697753906,43.70943905087188,2733.4013671875,,,,,
3609,2,1504.0,0.0,32.0,32.0,0.3987178802490234,47.9803389753215,2906.4150390625,,,,,
3610,2,1505.0,0.0,32.0,32.0,0.1835002899169922,50.47300097066909,2951.76416015625,,,,,
3611,2,1506.0,0.0,32.0,32.0,0.4343547821044922,43.75134198926389,2683.17138671875,,,,,
3612,2,1507.0,0.0,32.0,32.0,0.216012954711914,44.10857800394297,2733.4013671875,,,,,
3613,2,1508.0,0.0,32.0,32.0,0.0411014556884765,53.54334198636934,3103.48876953125,,,,,
3614,2,1509.0,0.0,32.0,32.0,0.1794681549072265,45.84084096131846,2801.326171875,,,,,
3615,2,1510.0,0.0,32.0,32.0,0.2334671020507812,42.03528800280765,2625.908203125,,,,,
3616,2,1511.0,0.0,32.0,32.0,0.2701148986816406,39.47547596180812,2963.337890625,,,,,
3617,2,1512.0,0.0,32.0,32.0,0.1399364471435547,42.95147501397878,2563.7587890625,,,,,
3618,2,1513.0,0.0,32.0,32.0,0.134674072265625,38.55664702132344,2481.373046875,,,,,
3619,2,1514.0,0.0,32.0,32.0,0.1944255828857422,46.04111495427787,2816.134765625,,,,,
3620,2,1515.0,0.0,32.0,32.0,0.2410697937011718,43.48087002290413,2694.33349609375,,,,,
3621,2,1516.0,0.0,32.0,32.0,0.0647296905517578,42.57142398273572,2683.17138671875,,,,,
3622,2,1517.0,0.0,32.0,32.0,0.2548542022705078,58.052885986398906,3259.31494140625,,,,,
3623,2,1518.0,0.0,32.0,32.0,0.2357559204101562,43.84727496653795,2694.33349609375,,,,,
3624,2,1519.0,0.0,32.0,32.0,0.3521099090576172,44.550999999046326,2733.4013671875,,,,,
3625,2,1520.0,0.0,32.0,32.0,0.383340835571289,44.4726999849081,2766.93994140625,,,,,
3626,2,1521.0,0.0,32.0,32.0,0.1444282531738281,44.23758899793029,2766.93994140625,,,,,
3627,2,1522.0,0.0,32.0,32.0,0.2776260375976562,50.26246199849993,3009.92138671875,,,,,
3628,2,1523.0,0.0,32.0,32.0,0.055633544921875,35.53779301000759,2801.326171875,,,,,
3629,2,1524.0,0.0,32.0,32.0,0.1162834167480468,47.05198103329167,2906.4150390625,,,,,
3630,2,1525.0,0.0,32.0,32.0,0.2256488800048828,42.83426498295739,2655.9453125,,,,,
3631,2,1526.0,0.0,32.0,32.0,0.2433452606201172,46.41104897018522,2816.134765625,,,,,
3632,2,1527.0,0.0,32.0,32.0,0.2395668029785156,46.10834998311475,2816.134765625,,,,,
3633,2,1528.0,0.0,32.0,32.0,0.2388839721679687,42.911326978355646,2727.7080078125,,,,,
3634,2,1529.0,0.0,32.0,32.0,0.3694839477539062,42.48284496134147,2655.9453125,,,,,
3635,2,1530.0,0.0,32.0,32.0,0.3173389434814453,55.6071309838444,3161.05322265625,,,,,
3636,2,1531.0,0.0,32.0,32.0,0.1268024444580078,58.7832200108096,3259.31494140625,,,,,
3637,2,1532.0,0.0,32.0,32.0,0.2922439575195312,44.60088803898543,2733.4013671875,,,,,
3638,2,1533.0,0.0,32.0,32.0,0.4171009063720703,37.550261011347175,2440.67236328125,,,,,
3639,2,1534.0,0.0,32.0,32.0,0.3617935180664062,31.11367195378989,2563.7587890625,,,,,
3640,2,1535.0,0.0,32.0,32.0,0.2968463897705078,41.98453505523503,2563.7587890625,,,,,
3641,2,1536.0,0.0,32.0,32.0,0.796844482421875,43.44770597526804,2727.7080078125,,,,,
3642,2,1537.0,0.0,32.0,32.0,0.0522422790527343,49.79466600343585,2904.6611328125,,,,,
3643,2,1538.0,0.0,32.0,32.0,0.1812095642089843,52.08882800070569,2907.79931640625,,,,,
3644,2,1539.0,0.0,32.0,32.0,0.0742053985595703,44.535166991408914,2727.7080078125,,,,,
3645,2,1540.0,0.0,32.0,32.0,0.2446193695068359,51.18913698242977,3025.73583984375,,,,,
3646,2,1541.0,0.0,32.0,32.0,0.1116180419921875,53.01242298446596,3034.4814453125,,,,,
3647,2,1542.0,0.0,32.0,32.0,0.2487621307373047,44.6562540018931,2727.7080078125,,,,,
3648,2,1543.0,0.0,32.0,32.0,0.2806968688964844,55.84437801735476,3087.69775390625,,,,,
3649,2,1544.0,0.0,32.0,32.0,0.0471382141113281,41.58179502701387,2513.87451171875,,,,,
3650,2,1545.0,0.0,32.0,32.0,0.5699615478515625,39.14447297574952,2907.79931640625,,,,,
3651,2,1546.0,0.0,32.0,32.0,0.1729774475097656,50.55721302051097,2904.6611328125,,,,,
3652,2,1547.0,0.0,32.0,32.0,0.0548515319824218,47.036299016326666,2816.134765625,,,,,
3653,2,1548.0,0.0,32.0,32.0,0.2027816772460937,46.11650103470311,2816.134765625,,,,,
3654,2,1549.0,0.0,32.0,32.0,0.1025009155273437,40.7568120281212,2619.28369140625,,,,,
3655,2,1550.0,0.0,32.0,32.0,0.8257179260253906,50.6127699627541,2907.79931640625,,,,,
3656,2,1551.0,0.0,32.0,32.0,0.1598854064941406,43.59140701126307,2683.17138671875,,,,,
3657,2,1552.0,0.0,32.0,32.0,0.1393241882324218,43.90034900279716,2727.7080078125,,,,,
3658,2,1553.0,0.0,32.0,32.0,0.3863677978515625,45.763822039589286,2801.326171875,,,,,
3659,2,1554.0,0.0,32.0,32.0,0.1263160705566406,43.83155796676874,2766.93994140625,,,,,
3660,2,1555.0,0.0,32.0,32.0,0.2683868408203125,46.54392600059509,2875.06591796875,,,,,
3661,2,1556.0,0.0,32.0,32.0,0.2084579467773437,38.949727022554725,2951.76416015625,,,,,
3662,2,1557.0,0.0,32.0,32.0,0.202362060546875,44.2923050140962,2778.75830078125,,,,,
3663,2,1558.0,0.0,32.0,32.0,0.5923538208007812,43.61803102074191,2733.4013671875,,,,,
3664,2,1559.0,0.0,32.0,32.0,0.4391593933105469,43.72856003465131,2733.4013671875,,,,,
3665,2,1560.0,0.0,32.0,32.0,0.3433837890625,44.62258698185906,2766.93994140625,,,,,
3666,2,1561.0,0.0,32.0,32.0,0.3320198059082031,55.46657601371408,3087.69775390625,,,,,
3667,2,1562.0,0.0,32.0,32.0,0.1481361389160156,43.44280302757397,2655.9453125,,,,,
3668,2,1563.0,0.0,32.0,32.0,0.2237052917480468,42.37332899356261,2619.28369140625,,,,,
3669,2,1564.0,0.0,32.0,32.0,0.1638031005859375,46.94815602852032,2875.06591796875,,,,,
3670,2,1565.0,0.0,32.0,32.0,0.1052589416503906,42.817167995963246,2727.7080078125,,,,,
3671,2,1566.0,0.0,32.0,32.0,0.17718505859375,43.99460001150146,2733.4013671875,,,,,
3672,2,1567.0,0.0,32.0,32.0,0.27001953125,43.96657599136233,2588.3369140625,,,,,
3673,2,1568.0,0.0,32.0,32.0,0.1198043823242187,30.50432400777936,2619.28369140625,,,,,
3674,2,1569.0,0.0,32.0,32.0,0.0621566772460937,40.64488300355151,2619.28369140625,,,,,
3675,2,1570.0,0.0,32.0,32.0,0.2470245361328125,42.24562598392368,2694.33349609375,,,,,
3676,2,1571.0,0.0,32.0,32.0,0.3044509887695312,42.81263705343008,2557.56201171875,,,,,
3677,2,1572.0,0.0,32.0,32.0,0.2047348022460937,38.52913004811853,2447.654296875,,,,,
3678,2,1573.0,0.0,32.0,32.0,0.1667404174804687,49.79030101094395,2904.6611328125,,,,,
3679,2,1574.0,0.0,32.0,32.0,0.2126045227050781,44.31937000481412,2683.17138671875,,,,,
3680,2,1575.0,0.0,32.0,32.0,0.2461814880371093,50.61445402679965,3025.73583984375,,,,,
3681,2,1576.0,0.0,32.0,32.0,0.3239402770996094,46.54568596743047,2801.326171875,,,,,
3682,2,1577.0,0.0,32.0,32.0,0.1512489318847656,43.7157119740732,2727.7080078125,,,,,
3683,2,1578.0,0.0,32.0,32.0,0.2708549499511719,42.6554839941673,2727.7080078125,,,,,
3684,2,1579.0,0.0,32.0,32.0,0.3466644287109375,42.54677298013121,2557.56201171875,,,,,
3685,2,1580.0,0.0,32.0,32.0,0.1404380798339843,32.02498896280304,2655.9453125,,,,,
3686,2,1581.0,0.0,32.0,32.0,0.3286514282226562,53.00558602903038,3050.8896484375,,,,,
3687,2,1582.0,0.0,32.0,32.0,0.2037315368652343,52.22382099600509,3025.73583984375,,,,,
3688,2,1583.0,0.0,32.0,32.0,0.1706123352050781,57.46743199415505,3181.74951171875,,,,,
3689,2,1584.0,0.0,32.0,32.0,0.1464996337890625,42.35924000386149,2619.28369140625,,,,,
3690,2,1585.0,0.0,32.0,32.0,0.3282966613769531,41.99751804117113,2513.87451171875,,,,,
3691,2,1586.0,0.0,32.0,32.0,0.27783203125,47.23449097946286,2906.4150390625,,,,,
3692,2,1587.0,0.0,32.0,32.0,0.1624908447265625,47.53474798053503,2875.06591796875,,,,,
3693,2,1588.0,0.0,32.0,32.0,0.1654624938964843,47.25276003591716,2816.134765625,,,,,
3694,2,1589.0,0.0,32.0,32.0,0.2471694946289062,41.38427198631689,2625.908203125,,,,,
3695,2,1590.0,0.0,32.0,32.0,0.1048088073730468,40.984697989188135,2491.71826171875,,,,,
3696,2,1591.0,0.0,32.0,32.0,0.1398658752441406,38.9622210059315,2907.79931640625,,,,,
3697,2,1592.0,0.0,32.0,32.0,0.1993522644042968,46.26821604324505,2816.134765625,,,,,
3698,2,1593.0,0.0,32.0,32.0,0.1596946716308593,46.753995993640274,2875.06591796875,,,,,
3699,2,1594.0,0.0,32.0,32.0,0.1098213195800781,43.169160024262965,2655.9453125,,,,,
3700,2,1595.0,0.0,32.0,32.0,0.2326393127441406,53.2103719888255,3050.8896484375,,,,,
3701,2,1596.0,0.0,32.0,32.0,0.1646156311035156,43.41701802331954,2655.9453125,,,,,
3702,2,1597.0,0.0,32.0,32.0,0.3673286437988281,43.68030105251819,2733.4013671875,,,,,
3703,2,1598.0,0.0,32.0,32.0,0.50927734375,53.6869450006634,3087.69775390625,,,,,
3704,2,1599.0,0.0,32.0,32.0,0.2262306213378906,47.66098299296573,2867.99169921875,,,,,
3705,2,1600.0,0.0,32.0,32.0,0.3228340148925781,43.53812499903143,2727.7080078125,,,,,
3706,2,1601.0,0.0,32.0,32.0,0.1485786437988281,47.53461497602984,2906.4150390625,,,,,
3707,2,1602.0,0.0,32.0,32.0,0.3759040832519531,36.68974299216643,2867.99169921875,,,,,
3708,2,1603.0,0.0,32.0,32.0,0.0864334106445312,53.868965012952685,3087.69775390625,,,,,
3709,2,1604.0,0.0,32.0,32.0,0.1715850830078125,52.77229601051658,2963.337890625,,,,,
3710,2,1605.0,0.0,32.0,32.0,0.2852935791015625,46.165265957824886,2801.326171875,,,,,
3711,2,1606.0,0.0,32.0,32.0,0.23291015625,54.05583197716624,3087.69775390625,,,,,
3712,2,1607.0,0.0,32.0,32.0,0.163330078125,52.21431405516341,2963.337890625,,,,,
3713,2,1608.0,0.0,32.0,32.0,0.1846771240234375,38.65428396966309,2372.5361328125,,,,,
3714,2,1609.0,0.0,32.0,32.0,0.1952590942382812,42.39163000602275,2733.4013671875,,,,,
3715,2,1610.0,0.0,32.0,32.0,0.1761093139648437,43.04322798270732,2778.75830078125,,,,,
3716,2,1611.0,0.0,32.0,32.0,0.14166259765625,44.05756195774302,2778.75830078125,,,,,
3717,2,1612.0,0.0,32.0,32.0,0.1247024536132812,44.60015101358295,2766.93994140625,,,,,
3718,2,1613.0,0.0,32.0,32.0,0.284759521484375,32.245678012259305,2727.7080078125,,,,,
3719,2,1614.0,0.0,32.0,32.0,0.0516338348388671,44.38592499354854,2801.326171875,,,,,
3720,2,1615.0,0.0,32.0,32.0,0.1498489379882812,42.31121897464618,2655.9453125,,,,,
3721,2,1616.0,0.0,32.0,32.0,0.1596431732177734,50.984256027732044,2907.79931640625,,,,,
3722,2,1617.0,0.0,32.0,32.0,0.2399177551269531,44.76092499680817,2727.7080078125,,,,,
3723,2,1618.0,0.0,32.0,32.0,0.0812969207763671,43.38897502748296,2727.7080078125,,,,,
3724,2,1619.0,0.0,32.0,32.0,0.4088973999023437,45.33073399215937,2801.326171875,,,,,
3725,2,1620.0,0.0,32.0,32.0,0.08660888671875,46.381778025534,2816.134765625,,,,,
3726,2,1621.0,0.0,32.0,32.0,0.4659156799316406,51.04779900284484,2963.337890625,,,,,
3727,2,1622.0,0.0,32.0,32.0,0.3945541381835937,43.54137904010713,2683.17138671875,,,,,
3728,2,1623.0,0.0,32.0,32.0,0.0559940338134765,42.535362008493394,2655.9453125,,,,,
3729,2,1624.0,0.0,32.0,32.0,0.2218704223632812,44.06997602200136,2588.3369140625,,,,,
3730,2,1625.0,0.0,32.0,32.0,0.0823192596435546,32.13323501404375,2655.9453125,,,,,
3731,2,1626.0,0.0,32.0,32.0,0.3076972961425781,50.95227097626776,2963.337890625,,,,,
3732,2,1627.0,0.0,32.0,32.0,0.2556686401367187,48.51370898541063,2906.4150390625,,,,,
3733,2,1628.0,0.0,32.0,32.0,0.2287158966064453,44.67327200109139,2766.93994140625,,,,,
3734,2,1629.0,0.0,32.0,32.0,0.1921901702880859,44.61965599330142,2766.93994140625,,,,,
3735,2,1630.0,0.0,32.0,32.0,0.1241970062255859,47.08481300622225,2816.134765625,,,,,
3736,2,1631.0,0.0,32.0,32.0,0.1359157562255859,50.26631098007783,2970.58984375,,,,,
3737,2,1632.0,0.0,32.0,32.0,0.163278579711914,46.76681302953512,2801.326171875,,,,,
3738,2,1633.0,0.0,32.0,32.0,0.1242332458496093,42.69164497964084,2694.33349609375,,,,,
3739,2,1634.0,0.0,32.0,32.0,0.1198482513427734,42.00488899368793,2683.17138671875,,,,,
3740,2,1635.0,0.0,32.0,32.0,0.2999458312988281,41.035804024431854,2491.71826171875,,,,,
3741,2,1636.0,0.0,32.0,32.0,0.3052349090576172,40.739894029684365,2619.28369140625,,,,,
3742,2,1637.0,0.0,32.0,32.0,0.0814247131347656,32.55827201064676,2694.33349609375,,,,,
3743,2,1638.0,0.0,32.0,32.0,0.1622905731201172,43.31293801078573,2778.75830078125,,,,,
3744,2,1639.0,0.0,32.0,32.0,0.2544460296630859,43.13704400556162,2683.17138671875,,,,,
3745,2,1640.0,0.0,32.0,32.0,0.2244338989257812,37.21429297002032,2440.67236328125,,,,,
3746,2,1641.0,0.0,32.0,32.0,0.2455635070800781,49.60823501460254,2907.79931640625,,,,,
3747,2,1642.0,0.0,32.0,32.0,0.1372718811035156,45.59452703688294,2778.75830078125,,,,,
3748,2,1643.0,0.0,32.0,32.0,0.2080192565917968,44.75474305218086,2778.75830078125,,,,,
3749,2,1644.0,0.0,32.0,32.0,0.161905288696289,44.34301896253601,2766.93994140625,,,,,
3750,2,1645.0,0.0,32.0,32.0,0.10760498046875,37.92900004191324,2440.67236328125,,,,,
3751,2,1646.0,0.0,32.0,32.0,0.3796443939208984,41.92470299312845,2683.17138671875,,,,,
3752,2,1647.0,0.0,32.0,32.0,0.0940093994140625,50.55573600111529,2951.76416015625,,,,,
3753,2,1648.0,0.0,32.0,32.0,0.4260845184326172,46.97439697338268,2801.326171875,,,,,
3754,2,1649.0,0.0,32.0,32.0,0.2344303131103515,33.23503001593053,2778.75830078125,,,,,
3755,2,1650.0,0.0,32.0,32.0,0.1727275848388672,47.20524599542841,2867.99169921875,,,,,
3756,2,1651.0,0.0,32.0,32.0,0.3205413818359375,43.61108399461955,2588.3369140625,,,,,
3757,2,1652.0,0.0,32.0,32.0,0.2265739440917968,42.53662499831989,2683.17138671875,,,,,
3758,2,1653.0,0.0,32.0,32.0,0.2612686157226562,42.86095302086324,2694.33349609375,,,,,
3759,2,1654.0,0.0,32.0,32.0,0.2160625457763672,52.5089250295423,3034.4814453125,,,,,
3760,2,1655.0,0.0,32.0,32.0,0.27496337890625,50.25743698934093,2904.6611328125,,,,,
3761,2,1656.0,0.0,32.0,32.0,0.3231258392333984,43.6309989891015,2563.7587890625,,,,,
3762,2,1657.0,0.0,32.0,32.0,0.1818923950195312,57.43788601830602,3259.31494140625,,,,,
3763,2,1658.0,0.0,32.0,32.0,0.0404396057128906,57.12497298372909,3181.74951171875,,,,,
3764,2,1659.0,0.0,32.0,32.0,0.2882328033447265,54.85854297876358,3087.69775390625,,,,,
3765,2,1660.0,0.0,32.0,32.0,0.2258491516113281,32.137761008925736,2557.56201171875,,,,,
3766,2,1661.0,0.0,32.0,32.0,0.0659599304199218,42.26162296254188,2655.9453125,,,,,
3767,2,1662.0,0.0,32.0,32.0,0.1743888854980468,43.817888014018536,2733.4013671875,,,,,
3768,2,1663.0,0.0,32.0,32.0,0.0911712646484375,42.75345703354105,2557.56201171875,,,,,
3769,2,1664.0,0.0,32.0,32.0,0.0622787475585937,42.98318602377549,2683.17138671875,,,,,
3770,2,1665.0,0.0,32.0,32.0,0.1019325256347656,45.936421025544405,2816.134765625,,,,,
3771,2,1666.0,0.0,32.0,32.0,0.0377254486083984,51.66543601080775,2963.337890625,,,,,
3772,2,1667.0,0.0,32.0,32.0,0.1525287628173828,44.01812999276444,2733.4013671875,,,,,
3773,2,1668.0,0.0,32.0,32.0,0.1806316375732422,53.16130700521171,3050.8896484375,,,,,
3774,2,1669.0,0.0,32.0,32.0,0.3223085403442383,53.51671297103167,3050.8896484375,,,,,
3775,2,1670.0,0.0,32.0,32.0,0.2741651535034179,51.668924978002906,3009.92138671875,,,,,
3776,2,1671.0,0.0,32.0,32.0,0.0940284729003906,30.93468601582572,2619.28369140625,,,,,
3777,2,1672.0,0.0,32.0,32.0,0.3216419219970703,42.775189969688654,2733.4013671875,,,,,
3778,2,1673.0,0.0,32.0,32.0,0.0395832061767578,49.58067100960761,2904.6611328125,,,,,
3779,2,1674.0,0.0,32.0,32.0,0.1196231842041015,52.32283199438825,2970.58984375,,,,,
3780,2,1675.0,0.0,32.0,32.0,0.0965690612792968,52.06480604829267,2970.58984375,,,,,
3781,2,1676.0,0.0,32.0,32.0,0.471200942993164,50.45986198820174,2907.79931640625,,,,,
3782,2,1677.0,0.0,32.0,32.0,0.1798734664916992,52.00291803339496,2970.58984375,,,,,
3783,2,1678.0,0.0,32.0,32.0,0.1717300415039062,44.84415799379349,2733.4013671875,,,,,
3784,2,1679.0,0.0,32.0,32.0,0.3381729125976562,42.24200599128381,2625.908203125,,,,,
3785,2,1680.0,0.0,32.0,32.0,0.0137910842895507,51.72265996225178,3050.8896484375,,,,,
3786,2,1681.0,0.0,32.0,32.0,0.5710735321044922,42.943686014041305,2513.87451171875,,,,,
3787,2,1682.0,0.0,32.0,32.0,0.1776657104492187,35.530968045350164,2875.06591796875,,,,,
3788,2,1683.0,0.0,32.0,32.0,0.1008453369140625,50.44653202639893,2963.337890625,,,,,
3789,2,1684.0,0.0,32.0,32.0,0.4364662170410156,43.47362398402765,2625.908203125,,,,,
3790,2,1685.0,0.0,32.0,32.0,0.0510826110839843,47.13702801382169,2875.06591796875,,,,,
3791,2,1686.0,0.0,32.0,32.0,0.2898883819580078,43.46988699398935,2778.75830078125,,,,,
3792,2,1687.0,0.0,32.0,32.0,0.5060710906982422,42.54227800993249,2625.908203125,,,,,
3793,2,1688.0,0.0,32.0,32.0,0.1380367279052734,43.95798599580303,2733.4013671875,,,,,
3794,2,1689.0,0.0,32.0,32.0,0.168222427368164,44.09541399218142,2727.7080078125,,,,,
3795,2,1690.0,0.0,32.0,32.0,0.2339096069335937,44.00449700187892,2733.4013671875,,,,,
3796,2,1691.0,0.0,32.0,32.0,0.0878219604492187,47.43567598052323,2801.326171875,,,,,
3797,2,1692.0,0.0,32.0,32.0,0.0442733764648437,43.322122015524656,2766.93994140625,,,,,
3798,2,1693.0,0.0,32.0,32.0,0.0349292755126953,42.63294400880113,2625.908203125,,,,,
3799,2,1694.0,0.0,32.0,32.0,0.3084011077880859,32.1235730079934,2727.7080078125,,,,,
3800,2,1695.0,0.0,32.0,32.0,0.2542533874511719,45.084245037287474,2816.134765625,,,,,
3801,2,1696.0,0.0,32.0,32.0,0.282052993774414,42.88708500098437,2683.17138671875,,,,,
3802,2,1697.0,0.0,32.0,32.0,0.0943660736083984,54.88216603407636,3124.951171875,,,,,
3803,2,1698.0,0.0,32.0,32.0,0.0772933959960937,47.06414497923106,2816.134765625,,,,,
3804,2,1699.0,0.0,32.0,32.0,0.1382522583007812,42.3303060233593,2655.9453125,,,,,
3805,2,1700.0,0.0,32.0,32.0,0.1148090362548828,45.42926896829158,2801.326171875,,,,,
3806,2,1701.0,0.0,32.0,32.0,0.2035236358642578,51.17224802961573,2970.58984375,,,,,
3807,2,1702.0,0.0,32.0,32.0,0.2166004180908203,42.31642402010039,2619.28369140625,,,,,
3808,2,1703.0,0.0,32.0,32.0,0.2870826721191406,42.14332299306989,2655.9453125,,,,,
3809,2,1704.0,0.0,32.0,32.0,0.1579399108886718,43.56121504679322,2733.4013671875,,,,,
3810,2,1705.0,0.0,32.0,32.0,0.1462726593017578,43.101696006488055,2727.7080078125,,,,,
3811,2,1706.0,0.0,32.0,32.0,0.1833343505859375,40.233099018223584,2970.58984375,,,,,
3812,2,1707.0,0.0,32.0,32.0,0.0807151794433593,50.18242599908263,2907.79931640625,,,,,
3813,2,1708.0,0.0,32.0,32.0,0.2780990600585937,44.369414972607046,2557.56201171875,,,,,
3814,2,1709.0,0.0,32.0,32.0,0.2643756866455078,52.98463598592207,2970.58984375,,,,,
3815,2,1710.0,0.0,32.0,32.0,0.1297836303710937,44.08247402170673,2727.7080078125,,,,,
3816,2,1711.0,0.0,32.0,32.0,0.2717247009277344,46.40636697877199,2816.134765625,,,,,
3817,2,1712.0,0.0,32.0,32.0,0.2313995361328125,46.29218496847898,2867.99169921875,,,,,
3818,2,1713.0,0.0,32.0,32.0,0.2226810455322265,50.56015495210886,2904.6611328125,,,,,
3819,2,1714.0,0.0,32.0,32.0,0.2964763641357422,48.784389975480735,2906.4150390625,,,,,
3820,2,1715.0,0.0,32.0,32.0,0.1058769226074218,45.258814992848784,2588.3369140625,,,,,
3821,2,1716.0,0.0,32.0,32.0,0.1394367218017578,40.68499302957207,2655.9453125,,,,,
3822,2,1717.0,0.0,32.0,32.0,0.2299327850341797,39.70848798053339,2963.337890625,,,,,
3823,2,1718.0,0.0,32.0,32.0,0.1678066253662109,56.671488971915096,3194.6259765625,,,,,
3824,2,1719.0,0.0,32.0,32.0,0.2046260833740234,43.82283898303285,2557.56201171875,,,,,
3825,2,1720.0,0.0,32.0,32.0,0.1752529144287109,42.40887198830024,2625.908203125,,,,,
3826,2,1721.0,0.0,32.0,32.0,0.2247867584228515,42.50842100009322,2655.9453125,,,,,
3827,2,1722.0,0.0,32.0,32.0,0.1086483001708984,46.129837981425226,2801.326171875,,,,,
3828,2,1723.0,0.0,32.0,32.0,0.1716880798339843,50.0502290087752,2951.76416015625,,,,,
3829,2,1724.0,0.0,32.0,32.0,0.091958999633789,44.3570030038245,2727.7080078125,,,,,
3830,2,1725.0,0.0,32.0,32.0,0.1180496215820312,43.3178850216791,2694.33349609375,,,,,
3831,2,1726.0,0.0,32.0,32.0,0.1127920150756836,38.119211967568845,2481.373046875,,,,,
3832,2,1727.0,0.0,32.0,32.0,0.1430225372314453,43.80691301776096,2778.75830078125,,,,,
3833,2,1728.0,0.0,32.0,32.0,0.2404193878173828,41.67248797602952,2619.28369140625,,,,,
3834,2,1729.0,0.0,32.0,32.0,0.2414836883544922,40.41501495521516,3050.8896484375,,,,,
3835,2,1730.0,0.0,32.0,32.0,0.1263294219970703,52.51553800189868,3025.73583984375,,,,,
3836,2,1731.0,0.0,32.0,32.0,0.3020191192626953,43.91749500064179,2683.17138671875,,,,,
3837,2,1732.0,0.0,32.0,32.0,0.1299409866333007,42.56196803180501,2655.9453125,,,,,
3838,2,1733.0,0.0,32.0,32.0,0.2131338119506836,56.5116640063934,3181.74951171875,,,,,
3839,2,1734.0,0.0,32.0,32.0,0.1560020446777343,56.62160599604249,3171.31201171875,,,,,
3840,2,1735.0,0.0,32.0,32.0,0.2042779922485351,51.1573440162465,2907.79931640625,,,,,
3841,2,1736.0,0.0,32.0,32.0,0.2098312377929687,51.892805960960686,2970.58984375,,,,,
3842,2,1737.0,0.0,32.0,32.0,0.0655517578125,43.85729500791058,2727.7080078125,,,,,
3843,2,1738.0,0.0,32.0,32.0,0.264535903930664,41.97336599463597,2563.7587890625,,,,,
3844,2,1739.0,0.0,32.0,32.0,0.3870983123779297,46.92614101804793,2875.06591796875,,,,,
3845,2,1740.0,0.0,32.0,32.0,0.1524677276611328,32.94996003387496,2778.75830078125,,,,,
3846,2,1741.0,0.0,32.0,32.0,0.0895614624023437,43.82960498332977,2778.75830078125,,,,,
3847,2,1742.0,0.0,32.0,32.0,0.2327384948730468,42.27330902358517,2491.71826171875,,,,,
3848,2,1743.0,0.0,32.0,32.0,0.4287261962890625,49.65808300767094,3009.92138671875,,,,,
3849,2,1744.0,0.0,32.0,32.0,0.2380828857421875,44.14716304745525,2557.56201171875,,,,,
3850,2,1745.0,0.0,32.0,32.0,0.2329988479614257,43.22042199783027,2694.33349609375,,,,,
3851,2,1746.0,0.0,32.0,32.0,0.1069822311401367,49.72234403248876,2904.6611328125,,,,,
3852,2,1747.0,0.0,32.0,32.0,0.2637281417846679,50.76731997542083,2904.6611328125,,,,,
3853,2,1748.0,0.0,32.0,32.0,0.1323223114013672,43.31566498149186,2683.17138671875,,,,,
3854,2,1749.0,0.0,32.0,32.0,0.1580543518066406,41.701573005411774,2625.908203125,,,,,
3855,2,1750.0,0.0,32.0,32.0,0.1654396057128906,46.81745800189674,2867.99169921875,,,,,
3856,2,1751.0,0.0,32.0,32.0,0.2815170288085937,44.53528701560572,2778.75830078125,,,,,
3857,2,1752.0,0.0,32.0,32.0,0.0215816497802734,32.60237700305879,2733.4013671875,,,,,
3858,2,1753.0,0.0,32.0,32.0,0.4098224639892578,50.86195701733232,2963.337890625,,,,,
3859,2,1754.0,0.0,32.0,32.0,0.2329120635986328,52.85995302256197,2970.58984375,,,,,
3860,2,1755.0,0.0,32.0,32.0,0.0267457962036132,47.79892205260694,2875.06591796875,,,,,
3861,2,1756.0,0.0,32.0,32.0,0.423227310180664,52.99363500671461,3050.8896484375,,,,,
3862,2,1757.0,0.0,32.0,32.0,0.0223865509033203,39.195634017232805,2440.67236328125,,,,,
3863,2,1758.0,0.0,32.0,32.0,0.1176977157592773,42.039194027893245,2727.7080078125,,,,,
3864,2,1759.0,0.0,32.0,32.0,0.2117185592651367,50.94368499703705,3025.73583984375,,,,,
3865,2,1760.0,0.0,32.0,32.0,0.4744958877563476,51.9262200105004,2970.58984375,,,,,
3866,2,1761.0,0.0,32.0,32.0,0.1435041427612304,51.396497001405805,3009.92138671875,,,,,
3867,2,1762.0,0.0,32.0,32.0,0.1006345748901367,44.549896963872015,2778.75830078125,,,,,
3868,2,1763.0,0.0,32.0,32.0,0.3764562606811523,35.16922099515796,2816.134765625,,,,,
3869,2,1764.0,0.0,32.0,32.0,0.1803789138793945,49.11579698091373,2951.76416015625,,,,,
3870,2,1765.0,0.0,32.0,32.0,0.4089479446411133,44.475434988271445,2733.4013671875,,,,,
3871,2,1766.0,0.0,32.0,32.0,0.2331609725952148,44.53628999181092,2778.75830078125,,,,,
3872,2,1767.0,0.0,32.0,32.0,0.1502618789672851,42.83082601614296,2655.9453125,,,,,
3873,2,1768.0,0.0,32.0,32.0,0.0986404418945312,50.00512598780915,3025.73583984375,,,,,
3874,2,1769.0,0.0,32.0,32.0,0.1986722946166992,52.11595998844132,2907.79931640625,,,,,
3875,2,1770.0,0.0,32.0,32.0,0.3633661270141601,44.59973197663203,2766.93994140625,,,,,
3876,2,1771.0,0.0,32.0,32.0,0.1463022232055664,43.79319195868448,2733.4013671875,,,,,
3877,2,1772.0,0.0,32.0,32.0,0.0944795608520507,47.76344902347773,2906.4150390625,,,,,
3878,2,1773.0,0.0,32.0,32.0,0.1117105484008789,41.61570995347574,2491.71826171875,,,,,
3879,2,1774.0,0.0,32.0,32.0,0.0259780883789062,44.95430301176384,2801.326171875,,,,,
3880,2,1775.0,0.0,32.0,32.0,0.3492031097412109,27.290561993140727,2419.0927734375,,,,,
3881,2,1776.0,0.0,32.0,32.0,0.1477689743041992,42.658632970415056,2778.75830078125,,,,,
3882,2,1777.0,0.0,32.0,32.0,0.2410163879394531,50.99888704717159,2907.79931640625,,,,,
3883,2,1778.0,0.0,32.0,32.0,0.2122774124145507,47.63751896098256,2875.06591796875,,,,,
3884,2,1779.0,0.0,32.0,32.0,0.1341571807861328,42.22932097036392,2513.87451171875,,,,,
3885,2,1780.0,0.0,32.0,32.0,0.1690883636474609,47.73607203969732,2906.4150390625,,,,,
3886,2,1781.0,0.0,32.0,32.0,0.0732612609863281,55.49380404409021,3124.951171875,,,,,
3887,2,1782.0,0.0,32.0,32.0,0.1826858520507812,46.92017997149378,2816.134765625,,,,,
3888,2,1783.0,0.0,32.0,32.0,0.4439105987548828,46.29927600035444,2875.06591796875,,,,,
3889,2,1784.0,0.0,32.0,32.0,0.0587635040283203,54.33229496702552,3087.69775390625,,,,,
3890,2,1785.0,0.0,32.0,32.0,0.1322488784790039,43.1812210008502,2683.17138671875,,,,,
3891,2,1786.0,0.0,32.0,32.0,0.5000133514404297,35.513659997377545,2875.06591796875,,,,,
3892,2,1787.0,0.0,32.0,32.0,0.09918212890625,51.01576499873772,3034.4814453125,,,,,
3893,2,1788.0,0.0,32.0,32.0,0.5407238006591797,56.71814404195175,3194.6259765625,,,,,
3894,2,1789.0,0.0,32.0,32.0,0.1497707366943359,51.97690799832344,2951.76416015625,,,,,
3895,2,1790.0,0.0,32.0,32.0,0.1828937530517578,44.51734101166949,2727.7080078125,,,,,
3896,2,1791.0,0.0,32.0,32.0,0.0302257537841796,45.258593978360295,2801.326171875,,,,,
3897,2,1792.0,0.0,32.0,32.0,0.1622314453125,41.72489495249465,2619.28369140625,,,,,
3898,2,1793.0,0.0,32.0,32.0,0.5770206451416016,43.51817298447713,2733.4013671875,,,,,
3899,2,1794.0,0.0,32.0,32.0,0.2435569763183593,53.2559429993853,3050.8896484375,,,,,
3900,2,1795.0,0.0,32.0,32.0,0.0665340423583984,46.041773981414735,2801.326171875,,,,,
3901,2,1796.0,0.0,32.0,32.0,0.2888832092285156,44.40713697113097,2778.75830078125,,,,,
3902,2,1797.0,0.0,32.0,32.0,0.3568458557128906,30.90801200596616,2625.908203125,,,,,
3903,2,1798.0,0.0,32.0,32.0,0.2463359832763672,42.68016101559624,2727.7080078125,,,,,
3904,2,1799.0,0.0,32.0,32.0,0.3113975524902344,49.93361205561087,3009.92138671875,,,,,
3905,2,1800.0,0.0,32.0,32.0,0.0774440765380859,47.02627402730286,2816.134765625,,,,,
3906,2,1801.0,0.0,32.0,32.0,0.1789627075195312,51.20632698526606,2963.337890625,,,,,
3907,2,1802.0,0.0,32.0,32.0,0.0791835784912109,44.57447002641857,2727.7080078125,,,,,
3908,2,1803.0,0.0,32.0,32.0,0.2635173797607422,43.459790002088994,2733.4013671875,,,,,
3909,2,1804.0,0.0,32.0,32.0,0.1301250457763672,52.200572041329,3034.4814453125,,,,,
3910,2,1805.0,0.0,32.0,32.0,0.2507877349853515,55.86903903167695,3124.951171875,,,,,
3911,2,1806.0,0.0,32.0,32.0,0.090057373046875,47.72091895574704,2875.06591796875,,,,,
3912,2,1807.0,0.0,32.0,32.0,0.1822547912597656,42.076314042788,2655.9453125,,,,,
3913,2,1808.0,0.0,32.0,32.0,0.098337173461914,39.369257050566375,2963.337890625,,,,,
3914,2,1809.0,0.0,32.0,32.0,0.1081581115722656,43.78942999755964,2733.4013671875,,,,,
3915,2,1810.0,0.0,32.0,32.0,0.084808349609375,41.11034004017711,2619.28369140625,,,,,
3916,2,1811.0,0.0,32.0,32.0,0.1371002197265625,45.717829023487866,2816.134765625,,,,,
3917,2,1812.0,0.0,32.0,32.0,0.2126216888427734,43.76162000698969,2588.3369140625,,,,,
3918,2,1813.0,0.0,32.0,32.0,0.7245750427246094,44.46564096724615,2778.75830078125,,,,,
3919,2,1814.0,0.0,32.0,32.0,0.3172798156738281,46.51718301465735,2801.326171875,,,,,
3920,2,1815.0,0.0,32.0,32.0,0.3020782470703125,42.728653002996,2683.17138671875,,,,,
3921,2,1816.0,0.0,32.0,32.0,0.3072700500488281,44.18881598394364,2588.3369140625,,,,,
3922,2,1817.0,0.0,32.0,32.0,0.1992950439453125,51.40487098833546,2951.76416015625,,,,,
3923,2,1818.0,0.0,32.0,32.0,0.0573196411132812,45.95078696729615,2801.326171875,,,,,
3924,2,1819.0,0.0,32.0,32.0,0.2075729370117187,46.80038703372702,2867.99169921875,,,,,
3925,2,1820.0,0.0,32.0,32.0,0.4262161254882812,29.837331967428327,2619.28369140625,,,,,
3926,2,1821.0,0.0,32.0,32.0,0.2313652038574218,55.07790402043611,3181.74951171875,,,,,
3927,2,1822.0,0.0,32.0,32.0,0.2144508361816406,44.655831006821245,2727.7080078125,,,,,
3928,2,1823.0,0.0,32.0,32.0,0.1518402099609375,43.56240999186412,2733.4013671875,,,,,
3929,2,1824.0,0.0,32.0,32.0,0.1185455322265625,49.5526299928315,2907.79931640625,,,,,
3930,2,1825.0,0.0,32.0,32.0,0.107635498046875,53.05443803081289,2970.58984375,,,,,
3931,2,1826.0,0.0,32.0,32.0,0.1424522399902343,119.1587460343726,2694.33349609375,,,,,
3932,2,1827.0,0.0,32.0,32.0,0.1337509155273437,38.30682998523116,2588.3369140625,,,,,
3933,2,1828.0,0.0,32.0,32.0,0.2191314697265625,45.76571501092985,2963.337890625,,,,,
3934,2,1829.0,0.0,32.0,32.0,0.2061538696289062,43.74618298606947,2816.134765625,,,,,
3935,2,1830.0,0.0,32.0,32.0,0.1128673553466796,35.48461297759786,3009.92138671875,,,,,
3936,2,1831.0,0.0,32.0,32.0,0.2801322937011719,40.49606702756137,2655.9453125,,,,,
3937,2,1832.0,0.0,32.0,32.0,0.5142860412597656,45.54237198317424,2906.4150390625,,,,,
3938,2,1833.0,0.0,32.0,32.0,0.1039581298828125,46.98533494956792,2906.4150390625,,,,,
3939,2,1834.0,0.0,32.0,32.0,0.0539131164550781,42.66702302265912,2694.33349609375,,,,,
3940,2,1835.0,0.0,32.0,32.0,0.172006607055664,44.77376700378954,2816.134765625,,,,,
3941,2,1836.0,0.0,32.0,32.0,0.2722282409667969,42.35270898789168,2694.33349609375,,,,,
3942,2,1837.0,0.0,32.0,32.0,0.0232601165771484,44.00236101355404,2778.75830078125,,,,,
3943,2,1838.0,0.0,32.0,32.0,0.0886058807373046,51.13916500704363,2951.76416015625,,,,,
3944,2,1839.0,0.0,32.0,32.0,0.3572063446044922,43.45117299817503,2694.33349609375,,,,,
3945,2,1840.0,0.0,32.0,32.0,0.353616714477539,45.52745900582522,2801.326171875,,,,,
3946,2,1841.0,0.0,32.0,32.0,0.057016372680664,42.81869996339083,2683.17138671875,,,,,
3947,2,1842.0,0.0,32.0,32.0,0.2877159118652344,31.392379954922944,2694.33349609375,,,,,
3948,2,1843.0,0.0,32.0,32.0,0.1401176452636718,41.77369299577549,2683.17138671875,,,,,
3949,2,1844.0,0.0,32.0,32.0,0.19366455078125,42.68685303395614,2694.33349609375,,,,,
3950,2,1845.0,0.0,32.0,32.0,0.1526927947998047,48.20397600997239,2766.93994140625,,,,,
3951,2,1846.0,0.0,32.0,32.0,0.1199398040771484,58.084780001081526,2801.326171875,,,,,
3952,2,1847.0,0.0,32.0,32.0,0.1162471771240234,65.9958670148626,3221.6025390625,,,,,
3953,2,1848.0,0.0,32.0,32.0,0.0408229827880859,44.95795100228861,2778.75830078125,,,,,
3954,2,1849.0,0.0,32.0,32.0,0.0786914825439453,42.01370198279619,2683.17138671875,,,,,
3955,2,1850.0,0.0,32.0,32.0,0.2485160827636718,52.019307971932,3087.69775390625,,,,,
3956,2,1851.0,0.0,32.0,32.0,0.1181049346923828,48.92776702763513,3009.92138671875,,,,,
3957,2,1852.0,0.0,32.0,32.0,0.4455490112304687,44.21568097313866,2801.326171875,,,,,
3958,2,1853.0,0.0,32.0,32.0,0.1655998229980468,30.793963000178337,2683.17138671875,,,,,
3959,2,1854.0,0.0,32.0,32.0,0.6372890472412109,39.73329399013892,2625.908203125,,,,,
3960,2,1855.0,0.0,32.0,32.0,0.1576900482177734,48.54052601149306,2963.337890625,,,,,
3961,2,1856.0,0.0,32.0,32.0,0.3481979370117187,43.28332102159038,2733.4013671875,,,,,
3962,2,1857.0,0.0,32.0,32.0,0.4390735626220703,42.52400604309514,2694.33349609375,,,,,
3963,2,1858.0,0.0,32.0,32.0,0.1638202667236328,45.357460039667785,2801.326171875,,,,,
3964,2,1859.0,0.0,32.0,32.0,0.0587196350097656,46.514984976965934,2867.99169921875,,,,,
3965,2,1860.0,0.0,32.0,32.0,0.1657600402832031,41.92281299037859,2513.87451171875,,,,,
3966,2,1861.0,0.0,32.0,32.0,0.2720298767089844,47.03410400543362,2875.06591796875,,,,,
3967,2,1862.0,0.0,32.0,32.0,0.4300384521484375,47.255798999685794,2867.99169921875,,,,,
3968,2,1863.0,0.0,32.0,32.0,0.0830497741699218,50.95312400953844,2970.58984375,,,,,
3969,2,1864.0,0.0,32.0,32.0,0.1081466674804687,52.75630299001932,2951.76416015625,,,,,
3970,2,1865.0,0.0,32.0,32.0,0.0699996948242187,37.50060399761424,2816.134765625,,,,,
3971,2,1866.0,0.0,32.0,32.0,0.309844970703125,46.55241302680224,2778.75830078125,,,,,
3972,2,1867.0,0.0,32.0,32.0,0.14007568359375,47.67135204747319,2778.75830078125,,,,,
3973,2,1868.0,0.0,32.0,32.0,0.0436668395996093,49.64891204144806,2867.99169921875,,,,,
3974,2,1869.0,0.0,32.0,32.0,0.2591209411621094,50.85841799154878,2951.76416015625,,,,,
3975,2,1870.0,0.0,32.0,32.0,0.1387062072753906,51.88456503674388,2963.337890625,,,,,
3976,2,1871.0,0.0,32.0,32.0,0.2333946228027343,37.62722300598398,2419.0927734375,,,,,
3977,2,1872.0,0.0,32.0,32.0,0.157379150390625,42.03035600949079,2778.75830078125,,,,,
3978,2,1873.0,0.0,32.0,32.0,0.2322883605957031,42.69135202048346,2727.7080078125,,,,,
3979,2,1874.0,0.0,32.0,32.0,0.3108062744140625,42.30674303835258,2733.4013671875,,,,,
3980,2,1875.0,0.0,32.0,32.0,0.3465938568115234,41.59577703103423,2683.17138671875,,,,,
3981,2,1876.0,0.0,32.0,32.0,0.1641120910644531,41.523499006871134,2513.87451171875,,,,,
3982,2,1877.0,0.0,32.0,32.0,0.2094841003417968,34.01142900111154,2816.134765625,,,,,
3983,2,1878.0,0.0,32.0,32.0,0.3549842834472656,42.47071704594418,2733.4013671875,,,,,
3984,2,1879.0,0.0,32.0,32.0,0.2524642944335937,42.64580301241949,2727.7080078125,,,,,
3985,2,1880.0,0.0,32.0,32.0,0.5189552307128906,43.37059403769672,2766.93994140625,,,,,
3986,2,1881.0,0.0,32.0,32.0,0.4777107238769531,45.49382900586352,2801.326171875,,,,,
3987,2,1882.0,0.0,32.0,32.0,0.0712356567382812,54.76316198473796,3161.05322265625,,,,,
3988,2,1883.0,0.0,32.0,32.0,0.4107894897460937,54.84588298713789,3087.69775390625,,,,,
3989,2,1884.0,0.0,32.0,32.0,0.1289596557617187,49.47528400225565,2906.4150390625,,,,,
3990,2,1885.0,0.0,32.0,32.0,0.3781585693359375,51.68918502749875,2907.79931640625,,,,,
3991,2,1886.0,0.0,32.0,32.0,0.1353988647460937,44.390377996023744,2619.28369140625,,,,,
3992,2,1887.0,0.0,32.0,32.0,0.2828636169433594,45.57787597877905,2727.7080078125,,,,,
3993,2,1888.0,0.0,32.0,32.0,0.0923233032226562,33.69898098753765,2727.7080078125,,,,,
3994,2,1889.0,0.0,32.0,32.0,0.0913238525390625,50.816547009162605,2907.79931640625,,,,,
3995,2,1890.0,0.0,32.0,32.0,0.0938148498535156,44.05526700429618,2683.17138671875,,,,,
3996,2,1891.0,0.0,32.0,32.0,0.0538520812988281,41.6133789694868,2619.28369140625,,,,,
3997,2,1892.0,0.0,32.0,32.0,0.20697021484375,46.21408501407132,2875.06591796875,,,,,
3998,2,1893.0,0.0,32.0,32.0,0.1280860900878906,45.35915201995522,2801.326171875,,,,,
3999,2,1894.0,0.0,32.0,32.0,0.1715774536132812,44.50522898696363,2801.326171875,,,,,
4000,2,1895.0,0.0,32.0,32.0,0.2732887268066406,41.9232280110009,2694.33349609375,,,,,
4001,2,1896.0,0.0,32.0,32.0,0.1629409790039062,49.656074959784746,3025.73583984375,,,,,
4002,2,1897.0,0.0,32.0,32.0,0.1886558532714843,46.08106898376718,2801.326171875,,,,,
4003,2,1898.0,0.0,32.0,32.0,0.3443336486816406,41.38096503447741,2655.9453125,,,,,
4004,2,1899.0,0.0,32.0,32.0,0.1663475036621093,41.73132200958207,2694.33349609375,,,,,
4005,2,1900.0,0.0,32.0,32.0,0.0323371887207031,31.73847700236365,2694.33349609375,,,,,
4006,2,1901.0,0.0,32.0,32.0,0.0838565826416015,40.614739002194256,2625.908203125,,,,,
4007,2,1902.0,0.0,32.0,32.0,0.3111343383789062,54.90994197316468,3171.31201171875,,,,,
4008,2,1903.0,0.0,32.0,32.0,0.2592983245849609,46.86481197131798,2816.134765625,,,,,
4009,2,1904.0,0.0,32.0,32.0,0.066141128540039,42.932162003126,2683.17138671875,,,,,
4010,2,1905.0,0.0,32.0,32.0,0.3181972503662109,50.75997702078894,2951.76416015625,,,,,
4011,2,1906.0,0.0,32.0,32.0,0.2236194610595703,47.52740298863501,2801.326171875,,,,,
4012,2,1907.0,0.0,32.0,32.0,0.3408584594726562,48.59576700255275,2867.99169921875,,,,,
4013,2,1908.0,0.0,32.0,32.0,0.0786857604980468,43.68297598557547,2683.17138671875,,,,,
4014,2,1909.0,0.0,32.0,32.0,0.0366344451904296,43.81306900177151,2694.33349609375,,,,,
4015,2,1910.0,0.0,32.0,32.0,0.2180957794189453,45.36417702911422,2766.93994140625,,,,,
4016,2,1911.0,0.0,32.0,32.0,0.0373973846435546,43.51855197455734,2557.56201171875,,,,,
4017,2,1912.0,0.0,32.0,32.0,0.2523174285888672,32.71025000140071,2727.7080078125,,,,,
4018,2,1913.0,0.0,32.0,32.0,0.2903251647949219,43.96377602824941,2778.75830078125,,,,,
4019,2,1914.0,0.0,32.0,32.0,0.3089618682861328,44.16061198571697,2778.75830078125,,,,,
4020,2,1915.0,0.0,32.0,32.0,0.1495571136474609,42.18400298850611,2563.7587890625,,,,,
4021,2,1916.0,0.0,32.0,32.0,0.1802806854248047,42.95361501863226,2588.3369140625,,,,,
4022,2,1917.0,0.0,32.0,32.0,0.2989826202392578,42.1571449842304,2625.908203125,,,,,
4023,2,1918.0,0.0,32.0,32.0,0.1344165802001953,41.31735599366948,2625.908203125,,,,,
4024,2,1919.0,0.0,32.0,32.0,0.225830078125,46.95837199687958,2906.4150390625,,,,,
4025,2,1920.0,0.0,32.0,32.0,0.1375541687011718,46.88177799107507,2875.06591796875,,,,,
4026,2,1921.0,0.0,32.0,32.0,0.0777225494384765,53.06017899420112,3087.69775390625,,,,,
4027,2,1922.0,0.0,32.0,32.0,0.2171306610107422,43.04594598943368,2694.33349609375,,,,,
4028,2,1923.0,0.0,32.0,32.0,0.2969722747802734,43.37882401887328,2766.93994140625,,,,,
4029,2,1924.0,0.0,32.0,32.0,0.379556655883789,40.64015200128779,3050.8896484375,,,,,
4030,2,1925.0,0.0,32.0,32.0,0.1466045379638672,43.25691203121096,2694.33349609375,,,,,
4031,2,1926.0,0.0,32.0,32.0,0.0456485748291015,47.39234497537837,2906.4150390625,,,,,
4032,2,1927.0,0.0,32.0,32.0,0.0499534606933593,54.662791022565216,3050.8896484375,,,,,
4033,2,1928.0,0.0,32.0,32.0,0.0866584777832031,53.58487501507625,2907.79931640625,,,,,
4034,2,1929.0,0.0,32.0,32.0,0.3043937683105469,51.90369702177122,2963.337890625,,,,,
4035,2,1930.0,0.0,32.0,32.0,0.1195907592773437,42.829660000279546,2619.28369140625,,,,,
4036,2,1931.0,0.0,32.0,32.0,0.2031116485595703,51.75986199174076,3009.92138671875,,,,,
4037,2,1932.0,0.0,32.0,32.0,0.0732383728027343,44.14040799019858,2683.17138671875,,,,,
4038,2,1933.0,0.0,32.0,32.0,0.2445640563964843,43.66098699392751,2727.7080078125,,,,,
4039,2,1934.0,0.0,32.0,32.0,0.18505859375,41.14016698440537,2491.71826171875,,,,,
4040,2,1935.0,0.0,32.0,32.0,0.1463489532470703,31.936487997882068,2778.75830078125,,,,,
4041,2,1936.0,0.0,32.0,32.0,0.186309814453125,41.4502730127424,2513.87451171875,,,,,
4042,2,1937.0,0.0,32.0,32.0,0.2987098693847656,49.47824403643608,2951.76416015625,,,,,
4043,2,1938.0,0.0,32.0,32.0,0.1271038055419922,47.8352649952285,2867.99169921875,,,,,
4044,2,1939.0,0.0,32.0,32.0,0.1372222900390625,49.46027399273589,2951.76416015625,,,,,
4045,2,1940.0,0.0,32.0,32.0,0.053375244140625,44.29872101172805,2733.4013671875,,,,,
4046,2,1941.0,0.0,32.0,32.0,0.1194591522216796,48.19428001064807,2904.6611328125,,,,,
4047,2,1942.0,0.0,32.0,32.0,0.296854019165039,44.56210101488978,2588.3369140625,,,,,
4048,2,1943.0,0.0,32.0,32.0,0.1822547912597656,51.328095025382936,2963.337890625,,,,,
4049,2,1944.0,0.0,32.0,32.0,0.1138458251953125,43.88913197908551,2733.4013671875,,,,,
4050,2,1945.0,0.0,32.0,32.0,0.2840824127197265,42.44234994985163,2694.33349609375,,,,,
4051,2,1946.0,0.0,32.0,32.0,0.1493091583251953,42.81258798437193,2683.17138671875,,,,,
4052,2,1947.0,0.0,32.0,32.0,0.1139335632324218,33.21427898481488,2766.93994140625,,,,,
4053,2,1948.0,0.0,32.0,32.0,0.4338626861572265,40.958250989206135,2491.71826171875,,,,,
4054,2,1949.0,0.0,32.0,32.0,0.3227958679199219,44.57495803944767,2733.4013671875,,,,,
4055,2,1950.0,0.0,32.0,32.0,0.2755813598632812,44.27762801060453,2733.4013671875,,,,,
4056,2,1951.0,0.0,32.0,32.0,0.1943511962890625,44.16942602256313,2694.33349609375,,,,,
4057,2,1952.0,0.0,32.0,32.0,0.3423519134521484,44.758233008906245,2694.33349609375,,,,,
4058,2,1953.0,0.0,32.0,32.0,0.1133155822753906,42.690761969424784,2513.87451171875,,,,,
4059,2,1954.0,0.0,32.0,32.0,0.1181087493896484,50.549300969578326,2907.79931640625,,,,,
4060,2,1955.0,0.0,32.0,32.0,0.1872539520263672,48.04475500714034,2816.134765625,,,,,
4061,2,1956.0,0.0,32.0,32.0,0.0993404388427734,50.38282397435978,2970.58984375,,,,,
4062,2,1957.0,0.0,32.0,32.0,0.0829486846923828,43.3846180094406,2694.33349609375,,,,,
4063,2,1958.0,0.0,32.0,32.0,0.381814956665039,43.38731896132231,2727.7080078125,,,,,
4064,2,1959.0,0.0,32.0,32.0,0.2793140411376953,33.41881703818217,2801.326171875,,,,,
4065,2,1960.0,0.0,32.0,32.0,0.2107467651367187,42.14266297640279,2694.33349609375,,,,,
4066,2,1961.0,0.0,32.0,32.0,0.0934772491455078,53.02286299411208,3087.69775390625,,,,,
4067,2,1962.0,0.0,32.0,32.0,0.2717800140380859,47.69373696763069,2906.4150390625,,,,,
4068,2,1963.0,0.0,32.0,32.0,0.1858558654785156,50.22356996778399,2907.79931640625,,,,,
4069,2,1964.0,0.0,32.0,32.0,0.1206283569335937,47.47230495559052,2875.06591796875,,,,,
4070,2,1965.0,0.0,32.0,32.0,0.0743007659912109,50.15620402991772,2951.76416015625,,,,,
4071,2,1966.0,0.0,32.0,32.0,0.1897354125976562,44.94711000006646,2588.3369140625,,,,,
4072,2,1967.0,0.0,32.0,32.0,0.212738037109375,42.669927002862096,2655.9453125,,,,,
4073,2,1968.0,0.0,32.0,32.0,0.0777111053466796,42.76306496467441,2557.56201171875,,,,,
4074,2,1969.0,0.0,32.0,32.0,0.0879707336425781,51.02170299505815,2951.76416015625,,,,,
4075,2,1970.0,0.0,32.0,32.0,0.0488224029541015,33.28030701959506,2733.4013671875,,,,,
4076,2,1971.0,0.0,32.0,32.0,0.0998878479003906,42.82122204313055,2655.9453125,,,,,
4077,2,1972.0,0.0,32.0,32.0,0.2498283386230468,51.94121500244364,2907.79931640625,,,,,
4078,2,1973.0,0.0,32.0,32.0,0.2140827178955078,44.67970499536023,2694.33349609375,,,,,
4079,2,1974.0,0.0,32.0,32.0,0.5111007690429688,50.63588899793103,3009.92138671875,,,,,
4080,2,1975.0,0.0,32.0,32.0,0.2778921127319336,46.63799103582278,2801.326171875,,,,,
4081,2,1976.0,0.0,32.0,32.0,0.3962793350219726,49.93465903680772,3009.92138671875,,,,,
4082,2,1977.0,0.0,32.0,32.0,0.1280412673950195,55.44508097227663,3087.69775390625,,,,,
4083,2,1978.0,0.0,32.0,32.0,0.0683135986328125,47.99326695501804,2875.06591796875,,,,,
4084,2,1979.0,0.0,32.0,32.0,0.2028779983520507,49.17335702339187,2951.76416015625,,,,,
4085,2,1980.0,0.0,32.0,32.0,0.0769309997558593,48.19840798154473,2906.4150390625,,,,,
4086,2,1981.0,0.0,32.0,32.0,0.042032241821289,34.352938004303724,2816.134765625,,,,,
4087,2,1982.0,0.0,32.0,32.0,0.1528301239013672,46.67298001004383,2906.4150390625,,,,,
4088,2,1983.0,0.0,32.0,32.0,0.4946708679199219,46.167435008101165,2816.134765625,,,,,
4089,2,1984.0,0.0,32.0,32.0,0.0779714584350586,44.61367998737842,2801.326171875,,,,,
4090,2,1985.0,0.0,32.0,32.0,0.2752113342285156,46.3597439811565,2867.99169921875,,,,,
4091,2,1986.0,0.0,32.0,32.0,0.1761913299560547,48.15095500089228,2906.4150390625,,,,,
4092,2,1987.0,0.0,32.0,32.0,0.0758428573608398,43.54224895359948,2733.4013671875,,,,,
4093,2,1988.0,0.0,32.0,32.0,0.2400741577148437,41.86327703064308,2655.9453125,,,,,
4094,2,1989.0,0.0,32.0,32.0,0.1335430145263672,42.202729964628816,2513.87451171875,,,,,
4095,2,1990.0,0.0,32.0,32.0,0.3839626312255859,47.01136000221595,2867.99169921875,,,,,
4096,2,1991.0,0.0,32.0,32.0,0.2208175659179687,44.493392982985824,2727.7080078125,,,,,
4097,2,1992.0,0.0,32.0,32.0,0.0675201416015625,41.650555038359016,2619.28369140625,,,,,
4098,2,1993.0,0.0,32.0,32.0,0.1752891540527343,40.880747023038566,3034.4814453125,,,,,
4099,2,1994.0,0.0,32.0,32.0,0.1962471008300781,47.150096972472966,2816.134765625,,,,,
4100,2,1995.0,0.0,32.0,32.0,0.6746425628662109,43.73561299871653,2733.4013671875,,,,,
4101,2,1996.0,0.0,32.0,32.0,0.4087696075439453,44.222409022040665,2588.3369140625,,,,,
4102,2,1997.0,0.0,32.0,32.0,0.1547775268554687,51.57875700388104,3009.92138671875,,,,,
4103,2,1998.0,0.0,32.0,32.0,0.4655475616455078,45.09320098441094,2766.93994140625,,,,,
4104,2,1999.0,0.0,32.0,32.0,0.3663043975830078,47.40036901785061,2875.06591796875,,,,,
4105,2,2000.0,0.0,32.0,32.0,0.1940364837646484,51.14923702785745,2963.337890625,,,,,
4106,2,2001.0,0.0,32.0,32.0,0.1875038146972656,50.83962203934789,3025.73583984375,,,,,
4107,2,2002.0,0.0,32.0,32.0,0.1587142944335937,42.05433401511982,2491.71826171875,,,,,
4108,2,2003.0,0.0,32.0,32.0,0.1602249145507812,42.54241503076628,2694.33349609375,,,,,
4109,2,2004.0,0.0,32.0,32.0,0.199462890625,31.842114054597918,2727.7080078125,,,,,
4110,2,2005.0,0.0,32.0,32.0,0.0864410400390625,50.46936694998294,3034.4814453125,,,,,
4111,2,2006.0,0.0,32.0,32.0,0.1860275268554687,43.14737103413791,2683.17138671875,,,,,
4112,2,2007.0,0.0,32.0,32.0,0.1548385620117187,43.34173898678273,2778.75830078125,,,,,
4113,2,2008.0,0.0,32.0,32.0,0.1248588562011718,47.21327300649136,2867.99169921875,,,,,
4114,2,2009.0,0.0,32.0,32.0,0.2036361694335937,43.55191200738773,2733.4013671875,,,,,
4115,2,2010.0,0.0,32.0,32.0,0.3046302795410156,44.87776302266866,2801.326171875,,,,,
4116,2,2011.0,0.0,32.0,32.0,0.3963241577148437,45.6938809948042,2801.326171875,,,,,
4117,2,2012.0,0.0,32.0,32.0,0.242950439453125,44.025215960573405,2694.33349609375,,,,,
4118,2,2013.0,0.0,32.0,32.0,0.241241455078125,48.20230003679171,2875.06591796875,,,,,
4119,2,2014.0,0.0,32.0,32.0,0.2880096435546875,49.22011401504278,2904.6611328125,,,,,
4120,2,2015.0,0.0,32.0,32.0,0.239837646484375,44.56392000429332,2694.33349609375,,,,,
4121,2,2016.0,0.0,32.0,32.0,0.1993331909179687,32.61210001073778,2766.93994140625,,,,,
4122,2,2017.0,0.0,32.0,32.0,0.1664657592773437,44.072808988858014,2766.93994140625,,,,,
4123,2,2018.0,0.0,32.0,32.0,0.1711349487304687,47.52606904366985,2867.99169921875,,,,,
4124,2,2019.0,0.0,32.0,32.0,0.165252685546875,43.97050995612517,2778.75830078125,,,,,
4125,2,2020.0,0.0,32.0,32.0,0.1924171447753906,51.16764199919999,2963.337890625,,,,,
4126,2,2021.0,0.0,32.0,32.0,0.3230934143066406,47.08090197527781,2801.326171875,,,,,
4127,2,2022.0,0.0,32.0,32.0,0.3368606567382812,41.675900982227176,2625.908203125,,,,,
4128,2,2023.0,0.0,32.0,32.0,0.2481002807617187,46.39121500076726,2867.99169921875,,,,,
4129,2,2024.0,0.0,32.0,32.0,0.1575164794921875,50.27861800044775,3009.92138671875,,,,,
4130,2,2025.0,0.0,32.0,32.0,0.0933761596679687,42.55775100318715,2513.87451171875,,,,,
4131,2,2026.0,0.0,32.0,32.0,0.3956489562988281,46.05914698913693,2867.99169921875,,,,,
4132,2,2027.0,0.0,32.0,32.0,0.0751571655273437,41.70668695587665,2491.71826171875,,,,,
4133,2,2028.0,0.0,32.0,32.0,0.111785888671875,30.800399952568117,2655.9453125,,,,,
4134,2,2029.0,0.0,32.0,32.0,0.1827468872070312,40.15005403198302,2491.71826171875,,,,,
4135,2,2030.0,0.0,32.0,32.0,0.1784820556640625,49.69423299189657,2951.76416015625,,,,,
4136,2,2031.0,0.0,32.0,32.0,0.0505180358886718,53.47218702081591,3034.4814453125,,,,,
4137,2,2032.0,0.0,32.0,32.0,0.18841552734375,52.427647984586656,2970.58984375,,,,,
4138,2,2033.0,0.0,32.0,32.0,0.056976318359375,45.343127043452114,2778.75830078125,,,,,
4139,2,2034.0,0.0,32.0,32.0,0.2369937896728515,47.52643697429448,2867.99169921875,,,,,
4140,2,2035.0,0.0,32.0,32.0,0.0291366577148437,44.17414095951244,2588.3369140625,,,,,
4141,2,2036.0,0.0,32.0,32.0,0.3031272888183594,58.51904000155628,3272.55712890625,,,,,
4142,2,2037.0,0.0,32.0,32.0,0.0870933532714843,53.53689601179212,2970.58984375,,,,,
4143,2,2038.0,0.0,32.0,32.0,0.1022977828979492,44.711127993650734,2766.93994140625,,,,,
4144,2,2039.0,0.0,32.0,32.0,0.1026649475097656,34.1282730223611,2801.326171875,,,,,
4145,2,2040.0,0.0,32.0,32.0,0.1065073013305664,42.99151798477397,2766.93994140625,,,,,
4146,2,2041.0,0.0,32.0,32.0,0.1981229782104492,43.90293796313927,2778.75830078125,,,,,
4147,2,2042.0,0.0,32.0,32.0,0.1979932785034179,51.7589709488675,2970.58984375,,,,,
4148,2,2043.0,0.0,32.0,32.0,0.1118726730346679,51.50778294773773,2970.58984375,,,,,
4149,2,2044.0,0.0,32.0,32.0,0.0305042266845703,41.82469297666103,2619.28369140625,,,,,
4150,2,2045.0,0.0,32.0,32.0,0.2539539337158203,43.19429903989658,2694.33349609375,,,,,
4151,2,2046.0,0.0,32.0,32.0,0.0423240661621093,43.58983301790431,2727.7080078125,,,,,
4152,2,2047.0,0.0,32.0,32.0,0.4568061828613281,49.81470201164484,3009.92138671875,,,,,
4153,2,2048.0,0.0,32.0,32.0,0.2007932662963867,43.13325701514259,2655.9453125,,,,,
4154,2,2049.0,0.0,32.0,32.0,0.1686420440673828,41.74309398513287,2655.9453125,,,,,
4155,2,2050.0,0.0,32.0,32.0,0.2796993255615234,50.20637402776629,2907.79931640625,,,,,
4156,2,2051.0,0.0,32.0,32.0,0.3320064544677734,33.34687900496647,2766.93994140625,,,,,
4157,2,2052.0,0.0,32.0,32.0,0.2716007232666015,46.55113199260086,2867.99169921875,,,,,
4158,2,2053.0,0.0,32.0,32.0,0.3222532272338867,43.55052800383419,2727.7080078125,,,,,
4159,2,2054.0,0.0,32.0,32.0,0.1584329605102539,37.15111903147772,2356.01708984375,,,,,
4160,2,2055.0,0.0,32.0,32.0,0.2455873489379882,36.76970902597532,2447.654296875,,,,,
4161,2,2056.0,0.0,32.0,32.0,0.5203952789306641,42.32079500798136,2683.17138671875,,,,,
4162,2,2057.0,0.0,32.0,32.0,0.1221580505371093,51.24071700265631,2963.337890625,,,,,
4163,2,2058.0,0.0,32.0,32.0,0.0269069671630859,50.04618701059371,2906.4150390625,,,,,
4164,2,2059.0,0.0,32.0,32.0,0.2832069396972656,43.80490904441103,2727.7080078125,,,,,
4165,2,2060.0,0.0,32.0,32.0,0.1567115783691406,50.561936979647726,2951.76416015625,,,,,
4166,2,2061.0,0.0,32.0,32.0,0.310953140258789,45.02680798759684,2778.75830078125,,,,,
4167,2,2062.0,0.0,32.0,32.0,0.2195396423339843,43.05423999903724,2557.56201171875,,,,,
4168,2,2063.0,0.0,32.0,32.0,0.2444953918457031,32.74120402056724,2727.7080078125,,,,,
4169,2,2064.0,0.0,32.0,32.0,0.2493057250976562,47.03665699344128,2906.4150390625,,,,,
4170,2,2065.0,0.0,32.0,32.0,0.3301506042480469,46.80273198755458,2867.99169921875,,,,,
4171,2,2066.0,0.0,32.0,32.0,0.0418548583984375,42.23487095441669,2513.87451171875,,,,,
4172,2,2067.0,0.0,32.0,32.0,0.2711524963378906,43.16719999769703,2727.7080078125,,,,,
4173,2,2068.0,0.0,32.0,32.0,0.0460166931152343,50.61874503735453,2951.76416015625,,,,,
4174,2,2069.0,0.0,32.0,32.0,0.1702613830566406,44.88767799921334,2588.3369140625,,,,,
4175,2,2070.0,0.0,32.0,32.0,0.2646675109863281,44.04016403714195,2766.93994140625,,,,,
4176,2,2071.0,0.0,32.0,32.0,0.2092475891113281,42.76691202539951,2557.56201171875,,,,,
4177,2,2072.0,0.0,32.0,32.0,0.1343917846679687,50.25038297753781,3009.92138671875,,,,,
4178,2,2073.0,0.0,32.0,32.0,0.2619819641113281,45.12306395918131,2766.93994140625,,,,,
4179,2,2074.0,0.0,32.0,32.0,0.2091064453125,53.00076195271686,3034.4814453125,,,,,
4180,2,2075.0,0.0,32.0,32.0,0.1416549682617187,35.97860102308914,2867.99169921875,,,,,
4181,2,2076.0,0.0,32.0,32.0,0.0309867858886718,44.215461995918304,2801.326171875,,,,,
4182,2,2077.0,0.0,32.0,32.0,0.1740150451660156,40.99297599168494,2491.71826171875,,,,,
4183,2,2078.0,0.0,32.0,32.0,0.1164321899414062,43.3743090252392,2727.7080078125,,,,,
4184,2,2079.0,0.0,32.0,32.0,0.2195358276367187,42.32996399514377,2625.908203125,,,,,
4185,2,2080.0,0.0,32.0,32.0,0.333587646484375,42.9075289866887,2683.17138671875,,,,,
4186,2,2081.0,0.0,32.0,32.0,0.1159248352050781,47.70912404637784,2875.06591796875,,,,,
4187,2,2082.0,0.0,32.0,32.0,0.4148292541503906,43.61366498051211,2727.7080078125,,,,,
4188,2,2083.0,0.0,32.0,32.0,0.1631832122802734,43.025498976930976,2683.17138671875,,,,,
4189,2,2084.0,0.0,32.0,32.0,0.0368804931640625,46.67104402324185,2875.06591796875,,,,,
4190,2,2085.0,0.0,32.0,32.0,0.2313499450683593,42.90078498888761,2563.7587890625,,,,,
4191,2,2086.0,0.0,32.0,32.0,0.0346832275390625,51.22910701902583,2970.58984375,,,,,
4192,2,2087.0,0.0,32.0,32.0,0.228240966796875,40.21290095988661,2963.337890625,,,,,
4193,2,2088.0,0.0,32.0,32.0,0.0609169006347656,49.9475909746252,2907.79931640625,,,,,
4194,2,2089.0,0.0,32.0,32.0,0.1581916809082031,42.39983396837488,2491.71826171875,,,,,
4195,2,2090.0,0.0,32.0,32.0,0.2390174865722656,52.12767003104091,3050.8896484375,,,,,
4196,2,2091.0,0.0,32.0,32.0,0.3340511322021484,42.74783603614196,2625.908203125,,,,,
4197,2,2092.0,0.0,32.0,32.0,0.2878189086914062,54.173543001525104,3103.48876953125,,,,,
4198,2,2093.0,0.0,32.0,32.0,0.144378662109375,51.40187998767942,2907.79931640625,,,,,
4199,2,2094.0,0.0,32.0,32.0,0.1889762878417968,53.73246502131224,3050.8896484375,,,,,
4200,2,2095.0,0.0,32.0,32.0,0.2785720825195312,43.32894703838974,2625.908203125,,,,,
4201,2,2096.0,0.0,32.0,32.0,0.350677490234375,47.53636894747615,2906.4150390625,,,,,
4202,2,2097.0,0.0,32.0,32.0,0.3906421661376953,42.37208695849404,2778.75830078125,,,,,
4203,2,2098.0,0.0,32.0,32.0,0.3056602478027344,31.52149898232892,2619.28369140625,,,,,
4204,2,2099.0,0.0,32.0,32.0,0.0363903045654296,49.63523399783298,2970.58984375,,,,,
4205,2,2100.0,0.0,32.0,32.0,0.1902580261230468,54.74785401020199,3103.48876953125,,,,,
4206,2,2101.0,0.0,32.0,32.0,0.3408889770507812,43.03062299732119,2655.9453125,,,,,
4207,2,2102.0,0.0,32.0,32.0,0.3177871704101562,42.981781996786594,2727.7080078125,,,,,
4208,2,2103.0,0.0,32.0,32.0,0.3594074249267578,43.7670269748196,2766.93994140625,,,,,
4209,2,2104.0,0.0,32.0,32.0,0.08905029296875,45.84850696846843,2801.326171875,,,,,
4210,2,2105.0,0.0,21.0,21.0,0.2229556143283844,41.74234898528084,2508.625,,,,,
4210,2,,1.0,32.0,32.0,,41.74234898528084,2508.625,0.9162844036697247,0.2506154356524348,0.9623750909441864,0.1267964685251693,0.0460906872744615
4211,3,1.0,0.0,32.0,32.0,0.4729518890380859,35.319190996233374,2766.93994140625,,,,,
4212,3,2.0,0.0,32.0,32.0,0.2332687377929687,32.33573999023065,2778.75830078125,,,,,
4213,3,3.0,0.0,32.0,32.0,0.0285282135009765,42.62133198790252,2727.7080078125,,,,,
4214,3,4.0,0.0,32.0,32.0,0.0709800720214843,49.400480987969786,3009.92138671875,,,,,
4215,3,5.0,0.0,32.0,32.0,0.1231098175048828,42.65194502659142,2655.9453125,,,,,
4216,3,6.0,0.0,32.0,32.0,0.0331592559814453,40.728354011662304,2619.28369140625,,,,,
4217,3,7.0,0.0,32.0,32.0,0.0834636688232421,42.6108569954522,2727.7080078125,,,,,
4218,3,8.0,0.0,32.0,32.0,0.2670516967773437,43.641560012474656,2733.4013671875,,,,,
4219,3,9.0,0.0,32.0,32.0,0.1778621673583984,42.77968098176643,2655.9453125,,,,,
4220,3,10.0,0.0,32.0,32.0,0.0330047607421875,41.90688097150996,2625.908203125,,,,,
4221,3,11.0,0.0,32.0,32.0,0.1755027770996093,42.38727898336947,2557.56201171875,,,,,
4222,3,12.0,0.0,32.0,32.0,0.5458164215087891,44.14682503556833,2766.93994140625,,,,,
4223,3,13.0,0.0,32.0,32.0,0.0890884399414062,43.82217396050692,2727.7080078125,,,,,
4224,3,14.0,0.0,32.0,32.0,0.1170501708984375,32.80904301209375,2766.93994140625,,,,,
4225,3,15.0,0.0,32.0,32.0,0.2669143676757812,46.35583597701043,2867.99169921875,,,,,
4226,3,16.0,0.0,32.0,32.0,0.1464138031005859,42.348289978690445,2655.9453125,,,,,
4227,3,17.0,0.0,32.0,32.0,0.2011756896972656,44.100744009483606,2778.75830078125,,,,,
4228,3,18.0,0.0,32.0,32.0,0.1342287063598632,51.26688798191026,2904.6611328125,,,,,
4229,3,19.0,0.0,32.0,32.0,0.4198589324951172,47.84285102505237,2867.99169921875,,,,,
4230,3,20.0,0.0,32.0,32.0,0.1166305541992187,56.46597105078399,3161.05322265625,,,,,
4231,3,21.0,0.0,32.0,32.0,0.3458919525146484,48.86396101210266,2875.06591796875,,,,,
4232,3,22.0,0.0,32.0,32.0,0.2945880889892578,42.95328899752349,2563.7587890625,,,,,
4233,3,23.0,0.0,32.0,32.0,0.0794878005981445,43.13428100431338,2588.3369140625,,,,,
4234,3,24.0,0.0,32.0,32.0,0.1895217895507812,42.48511703917757,2694.33349609375,,,,,
4235,3,25.0,0.0,32.0,32.0,0.0807685852050781,31.288504949770868,2683.17138671875,,,,,
4236,3,26.0,0.0,32.0,32.0,0.1003856658935546,48.97209600312635,2951.76416015625,,,,,
4237,3,27.0,0.0,32.0,32.0,0.163665771484375,43.97652100306004,2766.93994140625,,,,,
4238,3,28.0,0.0,32.0,32.0,0.1000785827636718,42.60433401213959,2655.9453125,,,,,
4239,3,29.0,0.0,32.0,32.0,0.0796489715576171,43.66886697243899,2778.75830078125,,,,,
4240,3,30.0,0.0,32.0,32.0,0.2269191741943359,44.02386298170313,2778.75830078125,,,,,
4241,3,31.0,0.0,32.0,32.0,0.1438331604003906,42.57114697247744,2694.33349609375,,,,,
4242,3,32.0,0.0,32.0,32.0,0.181131362915039,50.52129598334432,2963.337890625,,,,,
4243,3,33.0,0.0,32.0,32.0,0.0298938751220703,54.02661295374856,3050.8896484375,,,,,
4244,3,34.0,0.0,32.0,32.0,0.051797866821289,51.32541700731963,2907.79931640625,,,,,
4245,3,35.0,0.0,32.0,32.0,0.0374670028686523,47.83768398920074,2875.06591796875,,,,,
4246,3,36.0,0.0,32.0,32.0,0.1315107345581054,32.75528101949021,2766.93994140625,,,,,
4247,3,37.0,0.0,32.0,32.0,0.4113302230834961,47.111912979744375,2906.4150390625,,,,,
4248,3,38.0,0.0,32.0,32.0,0.1618299484252929,43.74782199738547,2727.7080078125,,,,,
4249,3,39.0,0.0,32.0,32.0,0.3718824386596679,44.22837297897786,2733.4013671875,,,,,
4250,3,40.0,0.0,32.0,32.0,0.032663345336914,43.27328997896984,2694.33349609375,,,,,
4251,3,41.0,0.0,32.0,32.0,0.0148191452026367,47.72976698586717,2867.99169921875,,,,,
4252,3,42.0,0.0,32.0,32.0,0.0456485748291015,50.85799400694668,3025.73583984375,,,,,
4253,3,43.0,0.0,32.0,32.0,0.1401968002319336,51.20216601062566,2907.79931640625,,,,,
4254,3,44.0,0.0,32.0,32.0,0.1615972518920898,44.85127399675548,2766.93994140625,,,,,
4255,3,45.0,0.0,32.0,32.0,0.0129594802856445,41.000486991833895,2491.71826171875,,,,,
4256,3,46.0,0.0,32.0,32.0,0.0145635604858398,49.62356900796294,2907.79931640625,,,,,
4257,3,47.0,0.0,32.0,32.0,0.2744617462158203,50.1639079884626,2904.6611328125,,,,,
4258,3,48.0,0.0,32.0,32.0,0.2608566284179687,36.17140097776428,2906.4150390625,,,,,
4259,3,49.0,0.0,32.0,32.0,0.340489387512207,43.26984100043774,2733.4013671875,,,,,
4260,3,50.0,0.0,32.0,32.0,0.282958984375,42.76679799659178,2694.33349609375,,,,,
4261,3,51.0,0.0,32.0,32.0,0.5202751159667969,41.53681796742603,2733.4013671875,,,,,
4262,3,52.0,0.0,32.0,32.0,0.0137281417846679,51.851383002940565,2970.58984375,,,,,
4263,3,53.0,0.0,32.0,32.0,0.0125398635864257,42.90908400435001,2655.9453125,,,,,
4264,3,54.0,0.0,32.0,32.0,0.2788877487182617,46.29417700925842,2816.134765625,,,,,
4265,3,55.0,0.0,32.0,32.0,0.1651430130004882,44.25903200171888,2778.75830078125,,,,,
4266,3,56.0,0.0,32.0,32.0,0.2204570770263672,43.45864802598953,2727.7080078125,,,,,
4267,3,57.0,0.0,32.0,32.0,0.2734708786010742,43.370025989133865,2778.75830078125,,,,,
4268,3,58.0,0.0,32.0,32.0,0.0341310501098632,46.68933601351455,2816.134765625,,,,,
4269,3,59.0,0.0,32.0,32.0,0.2570390701293945,45.8545419969596,2801.326171875,,,,,
4270,3,60.0,0.0,32.0,32.0,0.121098518371582,32.26560901384801,2766.93994140625,,,,,
4271,3,61.0,0.0,32.0,32.0,0.0846490859985351,45.43100902810693,2801.326171875,,,,,
4272,3,62.0,0.0,32.0,32.0,0.018538475036621,47.38202202133834,2875.06591796875,,,,,
4273,3,63.0,0.0,32.0,32.0,0.0177783966064453,41.97945800842717,2619.28369140625,,,,,
4274,3,64.0,0.0,32.0,32.0,0.2009334564208984,41.42457997659221,2655.9453125,,,,,
4275,3,65.0,0.0,32.0,32.0,0.2249917984008789,42.65664902050048,2563.7587890625,,,,,
4276,3,66.0,0.0,32.0,32.0,0.1590871810913086,44.75497599923983,2801.326171875,,,,,
4277,3,67.0,0.0,32.0,32.0,0.1870803833007812,51.07545800274238,2951.76416015625,,,,,
4278,3,68.0,0.0,32.0,32.0,0.1693859100341797,47.13674902450293,2816.134765625,,,,,
4279,3,69.0,0.0,32.0,32.0,0.0638570785522461,44.98637595679611,2801.326171875,,,,,
4280,3,70.0,0.0,32.0,32.0,0.0973081588745117,42.31254698242992,2683.17138671875,,,,,
4281,3,71.0,0.0,32.0,32.0,0.0192079544067382,41.92630300531164,2557.56201171875,,,,,
4282,3,72.0,0.0,32.0,32.0,0.1510791778564453,31.61103097954765,2694.33349609375,,,,,
4283,3,73.0,0.0,32.0,32.0,0.1781864166259765,42.81960998196155,2733.4013671875,,,,,
4284,3,74.0,0.0,32.0,32.0,0.0152387619018554,45.47672101762146,2801.326171875,,,,,
4285,3,75.0,0.0,32.0,32.0,0.0978555679321289,49.92852202849463,2904.6611328125,,,,,
4286,3,76.0,0.0,32.0,32.0,0.3113346099853515,43.67892001755536,2694.33349609375,,,,,
4287,3,77.0,0.0,32.0,32.0,0.1878843307495117,50.70347496075556,3009.92138671875,,,,,
4288,3,78.0,0.0,32.0,32.0,0.2296047210693359,50.83212401950732,2907.79931640625,,,,,
4289,3,79.0,0.0,32.0,32.0,0.0792865753173828,44.60154700791463,2694.33349609375,,,,,
4290,3,80.0,0.0,32.0,32.0,0.1341180801391601,43.876454001292586,2778.75830078125,,,,,
4291,3,81.0,0.0,32.0,32.0,0.1341657638549804,43.65680000046268,2766.93994140625,,,,,
4292,3,82.0,0.0,32.0,32.0,0.1798629760742187,47.98611596925184,2906.4150390625,,,,,
4293,3,83.0,0.0,32.0,32.0,0.2956495285034179,47.71852004341781,2867.99169921875,,,,,
4294,3,84.0,0.0,32.0,32.0,0.4444351196289062,30.87106498423964,2625.908203125,,,,,
4295,3,85.0,0.0,32.0,32.0,0.0868148803710937,42.219577007927,2727.7080078125,,,,,
4296,3,86.0,0.0,32.0,32.0,0.1846847534179687,50.21586903603748,2907.79931640625,,,,,
4297,3,87.0,0.0,32.0,32.0,0.0324535369873046,53.33108402555808,3050.8896484375,,,,,
4298,3,88.0,0.0,32.0,32.0,0.0177841186523437,48.36232803063467,2875.06591796875,,,,,
4299,3,89.0,0.0,32.0,32.0,0.1277923583984375,45.06432800553739,2801.326171875,,,,,
4300,3,90.0,0.0,32.0,32.0,0.2898149490356445,45.9661060012877,2816.134765625,,,,,
4301,3,91.0,0.0,32.0,32.0,0.0630617141723632,43.53193799033761,2727.7080078125,,,,,
4302,3,92.0,0.0,32.0,32.0,0.0263528823852539,51.69277999084443,3050.8896484375,,,,,
4303,3,93.0,0.0,32.0,32.0,0.1121463775634765,42.77794802328572,2625.908203125,,,,,
4304,3,94.0,0.0,32.0,32.0,0.2856006622314453,42.80115198343992,2694.33349609375,,,,,
4305,3,95.0,0.0,32.0,32.0,0.0126419067382812,51.27023201202974,2963.337890625,,,,,
4306,3,96.0,0.0,32.0,32.0,0.31390380859375,31.099128013011068,2655.9453125,,,,,
4307,3,97.0,0.0,32.0,32.0,0.1259260177612304,49.57668302813545,2951.76416015625,,,,,
4308,3,98.0,0.0,32.0,32.0,0.2357521057128906,53.03756601642817,3034.4814453125,,,,,
4309,3,99.0,0.0,32.0,32.0,0.0184097290039062,47.13354801060632,2816.134765625,,,,,
4310,3,100.0,0.0,32.0,32.0,0.3028745651245117,43.56881999410689,2733.4013671875,,,,,
4311,3,101.0,0.0,32.0,32.0,0.1496763229370117,43.93414995865896,2778.75830078125,,,,,
4312,3,102.0,0.0,32.0,32.0,0.1285152435302734,44.25104398978874,2727.7080078125,,,,,
4313,3,103.0,0.0,32.0,32.0,0.019012451171875,42.96013398561627,2557.56201171875,,,,,
4314,3,104.0,0.0,32.0,32.0,0.1588277816772461,42.84361196914688,2694.33349609375,,,,,
4315,3,105.0,0.0,32.0,32.0,0.1133365631103515,44.62315799901262,2801.326171875,,,,,
4316,3,106.0,0.0,32.0,32.0,0.368051528930664,51.02937197079882,3025.73583984375,,,,,
4317,3,107.0,0.0,32.0,32.0,0.0189056396484375,47.184092982206494,2816.134765625,,,,,
4318,3,108.0,0.0,32.0,32.0,0.0387325286865234,36.36705095414072,2875.06591796875,,,,,
4319,3,109.0,0.0,32.0,32.0,0.0237007141113281,56.45556200761348,3181.74951171875,,,,,
4320,3,110.0,0.0,32.0,32.0,0.26239013671875,43.13641699263826,2727.7080078125,,,,,
4321,3,111.0,0.0,32.0,32.0,0.074986457824707,49.03981299139559,2904.6611328125,,,,,
4322,3,112.0,0.0,32.0,32.0,0.1914634704589843,52.768042020034045,2963.337890625,,,,,
4323,3,113.0,0.0,32.0,32.0,0.018564224243164,47.32418700587005,2906.4150390625,,,,,
4324,3,114.0,0.0,32.0,32.0,0.2250947952270507,53.10152500169352,3034.4814453125,,,,,
4325,3,115.0,0.0,32.0,32.0,0.3376026153564453,47.568781999871135,2875.06591796875,,,,,
4326,3,116.0,0.0,32.0,32.0,0.4003334045410156,41.45347897429019,2619.28369140625,,,,,
4327,3,117.0,0.0,32.0,32.0,0.3181343078613281,49.95182796847075,3009.92138671875,,,,,
4328,3,118.0,0.0,32.0,32.0,0.1439323425292968,46.06147902086377,2801.326171875,,,,,
4329,3,119.0,0.0,32.0,32.0,0.0189943313598632,35.13172297971323,2875.06591796875,,,,,
4330,3,120.0,0.0,32.0,32.0,0.3374309539794922,41.0799480159767,2513.87451171875,,,,,
4331,3,121.0,0.0,32.0,32.0,0.0652923583984375,42.53020498435944,2557.56201171875,,,,,
4332,3,122.0,0.0,32.0,32.0,0.0236568450927734,50.43517000740394,3009.92138671875,,,,,
4333,3,123.0,0.0,32.0,32.0,0.2733383178710937,46.83133604703471,2801.326171875,,,,,
4334,3,124.0,0.0,32.0,32.0,0.1479635238647461,41.90985095920041,2655.9453125,,,,,
4335,3,125.0,0.0,32.0,32.0,0.0571165084838867,50.95229297876358,2963.337890625,,,,,
4336,3,126.0,0.0,32.0,32.0,0.3658370971679687,44.92663801647723,2733.4013671875,,,,,
4337,3,127.0,0.0,32.0,32.0,0.1495170593261718,43.07523602619767,2683.17138671875,,,,,
4338,3,128.0,0.0,32.0,32.0,0.2108058929443359,43.18049602443352,2733.4013671875,,,,,
4339,3,129.0,0.0,32.0,32.0,0.2770462036132812,44.123738014604896,2733.4013671875,,,,,
4340,3,130.0,0.0,32.0,32.0,0.2440071105957031,43.81997499149293,2733.4013671875,,,,,
4341,3,131.0,0.0,32.0,32.0,0.026214599609375,31.75853798165917,2727.7080078125,,,,,
4342,3,132.0,0.0,32.0,32.0,0.0920963287353515,42.80801600543782,2727.7080078125,,,,,
4343,3,133.0,0.0,32.0,32.0,0.0764675140380859,51.66815902339295,3034.4814453125,,,,,
4344,3,134.0,0.0,32.0,32.0,0.0749874114990234,43.84171299170703,2557.56201171875,,,,,
4345,3,135.0,0.0,32.0,32.0,0.3975391387939453,42.84065001411364,2563.7587890625,,,,,
4346,3,136.0,0.0,32.0,32.0,0.1779441833496093,47.18517902074382,2867.99169921875,,,,,
4347,3,137.0,0.0,32.0,32.0,0.0274887084960937,50.61174300499261,2907.79931640625,,,,,
4348,3,138.0,0.0,32.0,32.0,0.1152610778808593,43.933523003943264,2557.56201171875,,,,,
4349,3,139.0,0.0,32.0,32.0,0.2979278564453125,50.64482300076634,2951.76416015625,,,,,
4350,3,140.0,0.0,32.0,32.0,0.192483901977539,42.07052604760975,2619.28369140625,,,,,
4351,3,141.0,0.0,32.0,32.0,0.297922134399414,42.78716299450025,2733.4013671875,,,,,
4352,3,142.0,0.0,32.0,32.0,0.2857875823974609,43.38218300836161,2733.4013671875,,,,,
4353,3,143.0,0.0,32.0,32.0,0.201507568359375,32.53902599681169,2733.4013671875,,,,,
4354,3,144.0,0.0,32.0,32.0,0.0417022705078125,48.68014698149637,3009.92138671875,,,,,
4355,3,145.0,0.0,32.0,32.0,0.2061004638671875,46.16196098504588,2801.326171875,,,,,
4356,3,146.0,0.0,32.0,32.0,0.1910820007324218,37.55476395599544,2372.5361328125,,,,,
4357,3,147.0,0.0,32.0,32.0,0.1471424102783203,36.31760104326531,2419.0927734375,,,,,
4358,3,148.0,0.0,32.0,32.0,0.2024612426757812,43.047465034760535,2778.75830078125,,,,,
4359,3,149.0,0.0,32.0,32.0,0.1681575775146484,53.52737801149488,3050.8896484375,,,,,
4360,3,150.0,0.0,32.0,32.0,0.1081867218017578,47.03149001579732,2816.134765625,,,,,
4361,3,151.0,0.0,32.0,32.0,0.071451187133789,47.74132801685482,2875.06591796875,,,,,
4362,3,152.0,0.0,32.0,32.0,0.1368980407714843,50.28687498997897,3025.73583984375,,,,,
4363,3,153.0,0.0,32.0,32.0,0.23321533203125,51.22716102050617,2904.6611328125,,,,,
4364,3,154.0,0.0,32.0,32.0,0.2352561950683593,43.39240997796878,2683.17138671875,,,,,
4365,3,155.0,0.0,32.0,32.0,0.3203182220458984,34.175142005551606,2801.326171875,,,,,
4366,3,156.0,0.0,32.0,32.0,0.0672073364257812,49.13220799062401,2951.76416015625,,,,,
4367,3,157.0,0.0,32.0,32.0,0.1958122253417968,47.55260702222586,2867.99169921875,,,,,
4368,3,158.0,0.0,32.0,32.0,0.1396827697753906,50.34092703135684,2904.6611328125,,,,,
4369,3,159.0,0.0,32.0,32.0,0.2191696166992187,50.47824897337705,2904.6611328125,,,,,
4370,3,160.0,0.0,32.0,32.0,0.4096450805664062,44.05656398739666,2683.17138671875,,,,,
4371,3,161.0,0.0,32.0,32.0,0.0816268920898437,42.76691999984905,2727.7080078125,,,,,
4372,3,162.0,0.0,32.0,32.0,0.201395034790039,42.92440804420039,2727.7080078125,,,,,
4373,3,163.0,0.0,32.0,32.0,0.1362953186035156,44.92397897411138,2816.134765625,,,,,
4374,3,164.0,0.0,32.0,32.0,0.0811500549316406,46.779019001405686,2867.99169921875,,,,,
4375,3,165.0,0.0,32.0,32.0,0.1857318878173828,43.01276995101944,2655.9453125,,,,,
4376,3,166.0,0.0,32.0,32.0,0.1192760467529296,50.32540298998356,2951.76416015625,,,,,
4377,3,167.0,0.0,32.0,32.0,0.128030776977539,35.15396500006318,2816.134765625,,,,,
4378,3,168.0,0.0,32.0,32.0,0.2413921356201172,42.66512597678229,2778.75830078125,,,,,
4379,3,169.0,0.0,32.0,32.0,0.1778583526611328,51.26224999548867,2963.337890625,,,,,
4380,3,170.0,0.0,32.0,32.0,0.0683746337890625,43.59133297111839,2655.9453125,,,,,
4381,3,171.0,0.0,32.0,32.0,0.0348548889160156,44.06700999243185,2766.93994140625,,,,,
4382,3,172.0,0.0,32.0,32.0,0.034433364868164,50.06321502150968,2951.76416015625,,,,,
4383,3,173.0,0.0,32.0,32.0,0.1667098999023437,45.93990900320932,2733.4013671875,,,,,
4384,3,174.0,0.0,32.0,32.0,0.0617618560791015,42.65059099998325,2683.17138671875,,,,,
4385,3,175.0,0.0,32.0,32.0,0.0711269378662109,42.150605004280806,2694.33349609375,,,,,
4386,3,176.0,0.0,32.0,32.0,0.0817079544067382,46.728488989174366,2867.99169921875,,,,,
4387,3,177.0,0.0,32.0,32.0,0.1732549667358398,54.32697903597728,3087.69775390625,,,,,
4388,3,178.0,0.0,32.0,32.0,0.052128791809082,32.97210700111464,2766.93994140625,,,,,
4389,3,179.0,0.0,32.0,32.0,0.1505680084228515,42.046535992994905,2655.9453125,,,,,
4390,3,180.0,0.0,32.0,32.0,0.0664215087890625,44.071440992411226,2588.3369140625,,,,,
4391,3,181.0,0.0,32.0,32.0,0.326150894165039,43.73859101906419,2778.75830078125,,,,,
4392,3,182.0,0.0,32.0,32.0,0.013442039489746,43.57929900288582,2727.7080078125,,,,,
4393,3,183.0,0.0,32.0,32.0,0.2031221389770507,50.77654996421188,2963.337890625,,,,,
4394,3,184.0,0.0,32.0,32.0,0.1389532089233398,44.55423599574715,2778.75830078125,,,,,
4395,3,185.0,0.0,32.0,32.0,0.1466627120971679,47.38039994845167,2867.99169921875,,,,,
4396,3,186.0,0.0,32.0,32.0,0.0472688674926757,55.29317702166736,3124.951171875,,,,,
4397,3,187.0,0.0,32.0,32.0,0.0206880569458007,42.929724033456296,2625.908203125,,,,,
4398,3,188.0,0.0,32.0,32.0,0.3217582702636719,43.17682998953387,2727.7080078125,,,,,
4399,3,189.0,0.0,32.0,32.0,0.0403070449829101,56.94110301556066,3221.6025390625,,,,,
4400,3,190.0,0.0,32.0,32.0,0.0180339813232421,38.29614201094955,2904.6611328125,,,,,
4401,3,191.0,0.0,32.0,32.0,0.1569747924804687,50.85151101229712,2907.79931640625,,,,,
4402,3,192.0,0.0,32.0,32.0,0.0243787765502929,52.37744399346411,2970.58984375,,,,,
4403,3,193.0,0.0,32.0,32.0,0.0145816802978515,52.9224940109998,2970.58984375,,,,,
4404,3,194.0,0.0,32.0,32.0,0.0271949768066406,50.80149800051004,2951.76416015625,,,,,
4405,3,195.0,0.0,32.0,32.0,0.5813140869140625,48.050493001937866,2867.99169921875,,,,,
4406,3,196.0,0.0,32.0,32.0,0.0477447509765625,43.95639902213589,2733.4013671875,,,,,
4407,3,197.0,0.0,32.0,32.0,0.311166763305664,43.88389299856499,2778.75830078125,,,,,
4408,3,198.0,0.0,32.0,32.0,0.2990856170654297,48.14616299699992,2906.4150390625,,,,,
4409,3,199.0,0.0,32.0,32.0,0.1443767547607422,53.91293996945024,3087.69775390625,,,,,
4410,3,200.0,0.0,32.0,32.0,0.1970100402832031,52.03678703401238,2963.337890625,,,,,
4411,3,201.0,0.0,32.0,32.0,0.2746639251708984,32.317594974301755,2727.7080078125,,,,,
4412,3,202.0,0.0,32.0,32.0,0.1317253112792968,41.37018701294437,2655.9453125,,,,,
4413,3,203.0,0.0,32.0,32.0,0.1478710174560547,43.07084501488134,2733.4013671875,,,,,
4414,3,204.0,0.0,32.0,32.0,0.0973644256591796,43.199740001000464,2778.75830078125,,,,,
4415,3,205.0,0.0,32.0,32.0,0.2458381652832031,42.596517014317214,2683.17138671875,,,,,
4416,3,206.0,0.0,32.0,32.0,0.6226387023925781,50.00489699887112,2907.79931640625,,,,,
4417,3,207.0,0.0,32.0,32.0,0.1044883728027343,47.853472002316266,2875.06591796875,,,,,
4418,3,208.0,0.0,32.0,32.0,0.0617637634277343,47.1044720034115,2875.06591796875,,,,,
4419,3,209.0,0.0,32.0,32.0,0.1364364624023437,42.09176602307707,2513.87451171875,,,,,
4420,3,210.0,0.0,32.0,32.0,0.4043998718261719,50.4444669932127,2951.76416015625,,,,,
4421,3,211.0,0.0,32.0,32.0,0.1849632263183593,43.429485987871885,2563.7587890625,,,,,
4422,3,212.0,0.0,32.0,32.0,0.149749755859375,45.48433399759233,2801.326171875,,,,,
4423,3,213.0,0.0,32.0,32.0,0.0791358947753906,37.76438400382176,2904.6611328125,,,,,
4424,3,214.0,0.0,32.0,32.0,0.3289108276367187,43.89147204346955,2694.33349609375,,,,,
4425,3,215.0,0.0,32.0,32.0,0.1823501586914062,41.36909398948774,2619.28369140625,,,,,
4426,3,216.0,0.0,32.0,32.0,0.0799560546875,43.987379991449416,2733.4013671875,,,,,
4427,3,217.0,0.0,32.0,32.0,0.412811279296875,46.59564100438729,2867.99169921875,,,,,
4428,3,218.0,0.0,32.0,32.0,0.2946090698242187,41.33308999007568,2491.71826171875,,,,,
4429,3,219.0,0.0,32.0,32.0,0.066162109375,38.17861201241613,2447.654296875,,,,,
4430,3,220.0,0.0,32.0,32.0,0.1217727661132812,43.38253499008715,2766.93994140625,,,,,
4431,3,221.0,0.0,32.0,32.0,0.2457046508789062,48.45583200221881,2875.06591796875,,,,,
4432,3,222.0,0.0,32.0,32.0,0.2397689819335937,41.2762769847177,2619.28369140625,,,,,
4433,3,223.0,0.0,32.0,32.0,0.1760826110839843,43.45601599197835,2766.93994140625,,,,,
4434,3,224.0,0.0,32.0,32.0,0.2905960083007812,41.70728096505627,2655.9453125,,,,,
4435,3,225.0,0.0,32.0,32.0,0.0836601257324218,35.51623004022986,2875.06591796875,,,,,
4436,3,226.0,0.0,32.0,32.0,0.0492362976074218,43.27061300864443,2766.93994140625,,,,,
4437,3,227.0,0.0,32.0,32.0,0.1516838073730468,43.68029604665935,2766.93994140625,,,,,
4438,3,228.0,0.0,32.0,32.0,0.1629867553710937,43.16266602836549,2727.7080078125,,,,,
4439,3,229.0,0.0,32.0,32.0,0.2639732360839844,49.83880597865209,2904.6611328125,,,,,
4440,3,230.0,0.0,32.0,32.0,0.3810195922851562,47.95496800215915,2875.06591796875,,,,,
4441,3,231.0,0.0,32.0,32.0,0.14312744140625,43.3254599920474,2727.7080078125,,,,,
4442,3,232.0,0.0,32.0,32.0,0.1569557189941406,42.83117601880804,2557.56201171875,,,,,
4443,3,233.0,0.0,32.0,32.0,0.0474967956542968,43.08374604443088,2655.9453125,,,,,
4444,3,234.0,0.0,32.0,32.0,0.0859642028808593,43.09456999180839,2683.17138671875,,,,,
4445,3,235.0,0.0,32.0,32.0,0.0409908294677734,43.4583899914287,2727.7080078125,,,,,
4446,3,236.0,0.0,32.0,32.0,0.1133785247802734,46.08216497581452,2867.99169921875,,,,,
4447,3,237.0,0.0,32.0,32.0,0.029092788696289,32.28622296592221,2727.7080078125,,,,,
4448,3,238.0,0.0,32.0,32.0,0.2741107940673828,41.59343399805948,2655.9453125,,,,,
4449,3,239.0,0.0,32.0,32.0,0.0845680236816406,42.73415100760758,2694.33349609375,,,,,
4450,3,240.0,0.0,32.0,32.0,0.2930717468261719,53.34030801896006,3087.69775390625,,,,,
4451,3,241.0,0.0,32.0,32.0,0.3091754913330078,42.46318299556151,2619.28369140625,,,,,
4452,3,242.0,0.0,32.0,32.0,0.145050048828125,42.75982902618125,2683.17138671875,,,,,
4453,3,243.0,0.0,32.0,32.0,0.2052555084228515,42.489463987294585,2694.33349609375,,,,,
4454,3,244.0,0.0,32.0,32.0,0.1355342864990234,43.09422499500215,2733.4013671875,,,,,
4455,3,245.0,0.0,32.0,32.0,0.0215511322021484,42.84623399144039,2655.9453125,,,,,
4456,3,246.0,0.0,32.0,32.0,0.2011890411376953,51.90149397822097,2970.58984375,,,,,
4457,3,247.0,0.0,32.0,32.0,0.5899085998535156,47.113219974562526,2867.99169921875,,,,,
4458,3,248.0,0.0,32.0,32.0,0.3818264007568359,43.99709700373933,2778.75830078125,,,,,
4459,3,249.0,0.0,32.0,32.0,0.061614990234375,38.047029986046255,2951.76416015625,,,,,
4460,3,250.0,0.0,32.0,32.0,0.1439094543457031,50.62329303473234,2904.6611328125,,,,,
4461,3,251.0,0.0,32.0,32.0,0.0246334075927734,44.57092995289713,2766.93994140625,,,,,
4462,3,252.0,0.0,32.0,32.0,0.1105518341064453,42.2422339906916,2683.17138671875,,,,,
4463,3,253.0,0.0,32.0,32.0,0.038665771484375,52.275637979619205,3034.4814453125,,,,,
4464,3,254.0,0.0,32.0,32.0,0.126688003540039,48.34260395728052,2778.75830078125,,,,,
4465,3,255.0,0.0,32.0,32.0,0.355936050415039,41.438754997216165,2655.9453125,,,,,
4466,3,256.0,0.0,32.0,32.0,0.1099128723144531,42.905174021143466,2557.56201171875,,,,,
4467,3,257.0,0.0,32.0,32.0,0.2800884246826172,42.83481399761513,2625.908203125,,,,,
4468,3,258.0,0.0,32.0,32.0,0.3057727813720703,42.60968300513923,2655.9453125,,,,,
4469,3,259.0,0.0,32.0,32.0,0.3832302093505859,42.36721200868488,2655.9453125,,,,,
4470,3,260.0,0.0,32.0,32.0,0.0539741516113281,43.328244995791465,2766.93994140625,,,,,
4471,3,261.0,0.0,32.0,32.0,0.1478500366210937,32.74073998909444,2766.93994140625,,,,,
4472,3,262.0,0.0,32.0,32.0,0.0975399017333984,42.67555597471073,2727.7080078125,,,,,
4473,3,263.0,0.0,32.0,32.0,0.2345781326293945,38.513187028002,2481.373046875,,,,,
4474,3,264.0,0.0,32.0,32.0,0.3338937759399414,54.09045296255499,3103.48876953125,,,,,
4475,3,265.0,0.0,32.0,32.0,0.2088546752929687,41.78217699518427,2491.71826171875,,,,,
4476,3,266.0,0.0,32.0,32.0,0.0346527099609375,43.87969797244296,2778.75830078125,,,,,
4477,3,267.0,0.0,32.0,32.0,0.1708946228027343,50.39627494988963,2907.79931640625,,,,,
4478,3,268.0,0.0,32.0,32.0,0.204925537109375,52.32534598326311,2970.58984375,,,,,
4479,3,269.0,0.0,32.0,32.0,0.0206146240234375,54.27511304151267,3103.48876953125,,,,,
4480,3,270.0,0.0,32.0,32.0,0.0944538116455078,43.05710800690576,2625.908203125,,,,,
4481,3,271.0,0.0,32.0,32.0,0.1635189056396484,42.97758900793269,2694.33349609375,,,,,
4482,3,272.0,0.0,32.0,32.0,0.1397819519042968,46.27904400695115,2867.99169921875,,,,,
4483,3,273.0,0.0,32.0,32.0,0.1670608520507812,37.95247100060806,2904.6611328125,,,,,
4484,3,274.0,0.0,32.0,32.0,0.0415935516357421,43.49994700169191,2766.93994140625,,,,,
4485,3,275.0,0.0,32.0,32.0,0.0467090606689453,42.36908000893891,2563.7587890625,,,,,
4486,3,276.0,0.0,32.0,32.0,0.1521358489990234,42.005836963653564,2625.908203125,,,,,
4487,3,277.0,0.0,32.0,32.0,0.1585750579833984,46.686072018928826,2867.99169921875,,,,,
4488,3,278.0,0.0,32.0,32.0,0.1504039764404297,43.64332900149748,2694.33349609375,,,,,
4489,3,279.0,0.0,32.0,32.0,0.2206687927246093,43.99280197685584,2778.75830078125,,,,,
4490,3,280.0,0.0,32.0,32.0,0.3023929595947265,42.12455899687484,2625.908203125,,,,,
4491,3,281.0,0.0,32.0,32.0,0.2850837707519531,42.81134298071265,2694.33349609375,,,,,
4492,3,282.0,0.0,32.0,32.0,0.1284351348876953,43.18200598936528,2683.17138671875,,,,,
4493,3,283.0,0.0,32.0,32.0,0.0704917907714843,43.91627199947834,2778.75830078125,,,,,
4494,3,284.0,0.0,32.0,32.0,0.0271930694580078,44.1380999982357,2733.4013671875,,,,,
4495,3,285.0,0.0,32.0,32.0,0.0715999603271484,32.31683699414134,2778.75830078125,,,,,
4496,3,286.0,0.0,32.0,32.0,0.13568115234375,53.52002300787717,3103.48876953125,,,,,
4497,3,287.0,0.0,32.0,32.0,0.1394672393798828,43.90715103363618,2733.4013671875,,,,,
4498,3,288.0,0.0,32.0,32.0,0.0194091796875,50.03672296879813,2904.6611328125,,,,,
4499,3,289.0,0.0,32.0,32.0,0.2353706359863281,50.70520000299439,2907.79931640625,,,,,
4500,3,290.0,0.0,32.0,32.0,0.0782432556152343,56.73020204994828,3161.05322265625,,,,,
4501,3,291.0,0.0,32.0,32.0,0.0406112670898437,43.74161304440349,2655.9453125,,,,,
4502,3,292.0,0.0,32.0,32.0,0.1979961395263672,42.76053898502141,2694.33349609375,,,,,
4503,3,293.0,0.0,32.0,32.0,0.2671804428100586,50.68547604605556,3009.92138671875,,,,,
4504,3,294.0,0.0,32.0,32.0,0.1856117248535156,56.43393704667688,3171.31201171875,,,,,
4505,3,295.0,0.0,32.0,32.0,0.1547813415527343,44.23434700584039,2727.7080078125,,,,,
4506,3,296.0,0.0,32.0,32.0,0.0524749755859375,34.935130970552564,2867.99169921875,,,,,
4507,3,297.0,0.0,32.0,32.0,0.1098175048828125,41.257564967963845,2563.7587890625,,,,,
4508,3,298.0,0.0,32.0,32.0,0.2495651245117187,38.16894395276904,2447.654296875,,,,,
4509,3,299.0,0.0,32.0,32.0,0.1316719055175781,52.39746900042519,3050.8896484375,,,,,
4510,3,300.0,0.0,32.0,32.0,0.2221221923828125,44.59055099869147,2766.93994140625,,,,,
4511,3,301.0,0.0,32.0,32.0,0.0775680541992187,43.56621199985966,2727.7080078125,,,,,
4512,3,302.0,0.0,32.0,32.0,0.1442775726318359,42.40013897651807,2655.9453125,,,,,
4513,3,303.0,0.0,32.0,32.0,0.1759586334228515,50.20459403749555,2951.76416015625,,,,,
4514,3,304.0,0.0,32.0,32.0,0.2536983489990234,51.56728200381622,3009.92138671875,,,,,
4515,3,305.0,0.0,32.0,32.0,0.1487579345703125,45.88200699072331,2801.326171875,,,,,
4516,3,306.0,0.0,32.0,32.0,0.1126594543457031,44.13604101864621,2588.3369140625,,,,,
4517,3,307.0,0.0,32.0,32.0,0.0858802795410156,42.80054999981076,2694.33349609375,,,,,
4518,3,308.0,0.0,32.0,32.0,0.26226806640625,37.64700697502121,2904.6611328125,,,,,
4519,3,309.0,0.0,32.0,32.0,0.2411613464355468,51.18729901732877,2907.79931640625,,,,,
4520,3,310.0,0.0,32.0,32.0,0.1678047180175781,47.136927023530006,2816.134765625,,,,,
4521,3,311.0,0.0,32.0,32.0,0.2107219696044922,55.62010500580072,3171.31201171875,,,,,
4522,3,312.0,0.0,32.0,32.0,0.1609230041503906,62.18074896605685,3287.220703125,,,,,
4523,3,313.0,0.0,32.0,32.0,0.1112518310546875,44.54998701112345,2727.7080078125,,,,,
4524,3,314.0,0.0,32.0,32.0,0.0416240692138671,42.048086994327605,2513.87451171875,,,,,
4525,3,315.0,0.0,32.0,32.0,0.2313003540039062,42.7296879934147,2683.17138671875,,,,,
4526,3,316.0,0.0,32.0,32.0,0.1827945709228515,38.04410801967606,2447.654296875,,,,,
4527,3,317.0,0.0,32.0,32.0,0.0851459503173828,40.63747497275472,2491.71826171875,,,,,
4528,3,318.0,0.0,32.0,32.0,0.1101512908935546,42.56006999639794,2694.33349609375,,,,,
4529,3,319.0,0.0,32.0,32.0,0.0439357757568359,31.611072015948597,2694.33349609375,,,,,
4530,3,320.0,0.0,32.0,32.0,0.048440933227539,49.3282459792681,3009.92138671875,,,,,
4531,3,321.0,0.0,32.0,32.0,0.0646839141845703,51.34643701603636,2907.79931640625,,,,,
4532,3,322.0,0.0,32.0,32.0,0.236572265625,44.00504502700642,2727.7080078125,,,,,
4533,3,323.0,0.0,32.0,32.0,0.2019901275634765,44.13057601777837,2778.75830078125,,,,,
4534,3,324.0,0.0,32.0,32.0,0.3189544677734375,41.71727999346331,2619.28369140625,,,,,
4535,3,325.0,0.0,32.0,32.0,0.2041759490966797,43.51302998838946,2733.4013671875,,,,,
4536,3,326.0,0.0,32.0,32.0,0.3042755126953125,49.569875991437584,3009.92138671875,,,,,
4537,3,327.0,0.0,32.0,32.0,0.1817989349365234,44.04455499025062,2683.17138671875,,,,,
4538,3,328.0,0.0,32.0,32.0,0.1312942504882812,43.64539298694581,2727.7080078125,,,,,
4539,3,329.0,0.0,32.0,32.0,0.2100505828857422,49.45775103988126,2904.6611328125,,,,,
4540,3,330.0,0.0,32.0,32.0,0.158823013305664,51.441430987324566,2904.6611328125,,,,,
4541,3,331.0,0.0,32.0,32.0,0.018951416015625,35.89890000876039,2906.4150390625,,,,,
4542,3,332.0,0.0,32.0,32.0,0.0959320068359375,49.90028101019561,2951.76416015625,,,,,
4543,3,333.0,0.0,32.0,32.0,0.167825698852539,44.43939495831728,2733.4013671875,,,,,
4544,3,334.0,0.0,32.0,32.0,0.1617202758789062,47.12121997727081,2875.06591796875,,,,,
4545,3,335.0,0.0,32.0,32.0,0.2289314270019531,45.55640404578298,2801.326171875,,,,,
4546,3,336.0,0.0,32.0,32.0,0.0994491577148437,40.57680501136929,2619.28369140625,,,,,
4547,3,337.0,0.0,32.0,32.0,0.0841789245605468,50.26468099094927,2963.337890625,,,,,
4548,3,338.0,0.0,32.0,32.0,0.2870750427246094,53.66068199509755,3034.4814453125,,,,,
4549,3,339.0,0.0,32.0,32.0,0.2020721435546875,47.710677958093584,2875.06591796875,,,,,
4550,3,340.0,0.0,32.0,32.0,0.1152687072753906,45.37766100838781,2801.326171875,,,,,
4551,3,341.0,0.0,32.0,32.0,0.42724609375,43.85140299564228,2766.93994140625,,,,,
4552,3,342.0,0.0,32.0,32.0,0.0641403198242187,30.98337899427861,2655.9453125,,,,,
4553,3,343.0,0.0,32.0,32.0,0.149148941040039,54.911027022171766,3171.31201171875,,,,,
4554,3,344.0,0.0,32.0,32.0,0.2276153564453125,43.87852101353928,2727.7080078125,,,,,
4555,3,345.0,0.0,32.0,32.0,0.0731925964355468,45.92630104161799,2816.134765625,,,,,
4556,3,346.0,0.0,32.0,32.0,0.1196613311767578,46.61709198262543,2875.06591796875,,,,,
4557,3,347.0,0.0,32.0,32.0,0.0419940948486328,50.93435698654503,2963.337890625,,,,,
4558,3,348.0,0.0,32.0,32.0,0.2286930084228515,55.68810796830803,3124.951171875,,,,,
4559,3,349.0,0.0,32.0,32.0,0.0843944549560546,52.16532404301688,2951.76416015625,,,,,
4560,3,350.0,0.0,32.0,32.0,0.1551876068115234,52.18433303525672,2963.337890625,,,,,
4561,3,351.0,0.0,32.0,32.0,0.3610172271728515,47.797309001907706,2875.06591796875,,,,,
4562,3,352.0,0.0,32.0,32.0,0.1605796813964843,51.058213983196765,2963.337890625,,,,,
4563,3,353.0,0.0,32.0,32.0,0.2313709259033203,36.55632899608463,2906.4150390625,,,,,
4564,3,354.0,0.0,32.0,32.0,0.2647075653076172,43.038768984843045,2694.33349609375,,,,,
4565,3,355.0,0.0,32.0,32.0,0.1847476959228515,42.80506196664646,2727.7080078125,,,,,
4566,3,356.0,0.0,32.0,32.0,0.1576061248779297,43.97162701934576,2778.75830078125,,,,,
4567,3,357.0,0.0,32.0,32.0,0.0327072143554687,42.8394460468553,2683.17138671875,,,,,
4568,3,358.0,0.0,32.0,32.0,0.1528549194335937,42.97329700784758,2733.4013671875,,,,,
4569,3,359.0,0.0,32.0,32.0,0.245218276977539,58.2013429957442,3259.31494140625,,,,,
4570,3,360.0,0.0,32.0,32.0,0.1035709381103515,51.38617899501696,2904.6611328125,,,,,
4571,3,361.0,0.0,32.0,32.0,0.1038837432861328,45.03435001242906,2778.75830078125,,,,,
4572,3,362.0,0.0,32.0,32.0,0.0892887115478515,42.30412800097838,2625.908203125,,,,,
4573,3,363.0,0.0,32.0,32.0,0.1596412658691406,44.29941403213888,2801.326171875,,,,,
4574,3,364.0,0.0,32.0,32.0,0.0877056121826171,46.96798999793828,2875.06591796875,,,,,
4575,3,365.0,0.0,32.0,32.0,0.1473426818847656,31.911559985019267,2733.4013671875,,,,,
4576,3,366.0,0.0,32.0,32.0,0.2009487152099609,42.76045499136672,2727.7080078125,,,,,
4577,3,367.0,0.0,32.0,32.0,0.0255661010742187,42.191663000267,2683.17138671875,,,,,
4578,3,368.0,0.0,32.0,32.0,0.1219615936279296,43.54276199592277,2733.4013671875,,,,,
4579,3,369.0,0.0,32.0,32.0,0.1212348937988281,47.53173096105456,2867.99169921875,,,,,
4580,3,370.0,0.0,32.0,32.0,0.1388740539550781,54.201291990466416,3087.69775390625,,,,,
4581,3,371.0,0.0,32.0,32.0,0.0689496994018554,51.0504930280149,2904.6611328125,,,,,
4582,3,372.0,0.0,32.0,32.0,0.0953874588012695,46.78605496883392,2801.326171875,,,,,
4583,3,373.0,0.0,32.0,32.0,0.1736421585083007,50.39690597914159,2904.6611328125,,,,,
4584,3,374.0,0.0,32.0,32.0,0.2800884246826172,46.7149110045284,2816.134765625,,,,,
4585,3,375.0,0.0,32.0,32.0,0.1674327850341797,45.76817300403491,2816.134765625,,,,,
4586,3,376.0,0.0,32.0,32.0,0.0174446105957031,31.856727960985157,2778.75830078125,,,,,
4587,3,377.0,0.0,32.0,32.0,0.0731325149536132,46.495937975123525,2867.99169921875,,,,,
4588,3,378.0,0.0,32.0,32.0,0.421971321105957,43.56283595552668,2733.4013671875,,,,,
4589,3,379.0,0.0,32.0,32.0,0.318979263305664,43.51652198238298,2727.7080078125,,,,,
4590,3,380.0,0.0,32.0,32.0,0.0224370956420898,42.34333604108542,2625.908203125,,,,,
4591,3,381.0,0.0,32.0,32.0,0.0742044448852539,40.74968403438106,2619.28369140625,,,,,
4592,3,382.0,0.0,32.0,32.0,0.1449031829833984,45.11018400080502,2816.134765625,,,,,
4593,3,383.0,0.0,32.0,32.0,0.5537538528442383,42.27816901402548,2655.9453125,,,,,
4594,3,384.0,0.0,32.0,32.0,0.1925106048583984,46.50640505133197,2816.134765625,,,,,
4595,3,385.0,0.0,32.0,32.0,0.018355369567871,49.99781702645123,3009.92138671875,,,,,
4596,3,386.0,0.0,32.0,32.0,0.0998687744140625,44.85299397492781,2778.75830078125,,,,,
4597,3,387.0,0.0,32.0,32.0,0.4884500503540039,42.43122303159908,2563.7587890625,,,,,
4598,3,388.0,0.0,32.0,32.0,0.1551294326782226,34.24972895300016,2816.134765625,,,,,
4599,3,389.0,0.0,32.0,32.0,0.1627330780029297,42.93424199568108,2727.7080078125,,,,,
4600,3,390.0,0.0,32.0,32.0,0.0803680419921875,51.13477096892893,2963.337890625,,,,,
4601,3,391.0,0.0,32.0,32.0,0.2393102645874023,46.73681198619306,2816.134765625,,,,,
4602,3,392.0,0.0,32.0,32.0,0.2518949508666992,43.99441595887765,2766.93994140625,,,,,
4603,3,393.0,0.0,32.0,32.0,0.3150644302368164,44.27159600891173,2733.4013671875,,,,,
4604,3,394.0,0.0,32.0,32.0,0.1574001312255859,42.45946602895856,2563.7587890625,,,,,
4605,3,395.0,0.0,32.0,32.0,0.0801267623901367,43.977604014799,2733.4013671875,,,,,
4606,3,396.0,0.0,32.0,32.0,0.1460857391357422,43.6315750121139,2727.7080078125,,,,,
4607,3,397.0,0.0,32.0,32.0,0.0465517044067382,46.03388404939324,2816.134765625,,,,,
4608,3,398.0,0.0,32.0,32.0,0.2125072479248047,45.34729500301182,2801.326171875,,,,,
4609,3,399.0,0.0,32.0,32.0,0.1978693008422851,41.92480503115803,2625.908203125,,,,,
4610,3,400.0,0.0,32.0,32.0,0.2098884582519531,38.03060494828969,2904.6611328125,,,,,
4611,3,401.0,0.0,32.0,32.0,0.0337038040161132,50.22224102867767,2907.79931640625,,,,,
4612,3,402.0,0.0,32.0,32.0,0.1058511734008789,47.3555339849554,2816.134765625,,,,,
4613,3,403.0,0.0,32.0,32.0,0.1282434463500976,45.315844006836414,2816.134765625,,,,,
4614,3,404.0,0.0,32.0,32.0,0.0248937606811523,44.79701200034469,2801.326171875,,,,,
4615,3,405.0,0.0,32.0,32.0,0.0464019775390625,49.59183000028133,2904.6611328125,,,,,
4616,3,406.0,0.0,32.0,32.0,0.0208101272583007,44.33470999356359,2694.33349609375,,,,,
4617,3,407.0,0.0,32.0,32.0,0.157073974609375,42.924212000798434,2683.17138671875,,,,,
4618,3,408.0,0.0,32.0,32.0,0.1609745025634765,41.57885099994019,2625.908203125,,,,,
4619,3,409.0,0.0,32.0,32.0,0.0247735977172851,49.04653399717063,2904.6611328125,,,,,
4620,3,410.0,0.0,32.0,32.0,0.0984954833984375,43.58570300973952,2655.9453125,,,,,
4621,3,411.0,0.0,32.0,32.0,0.4292850494384765,43.88830595416948,2766.93994140625,,,,,
4622,3,412.0,0.0,32.0,32.0,0.2681503295898437,33.606318989768624,2801.326171875,,,,,
4623,3,413.0,0.0,32.0,32.0,0.0349998474121093,43.46864699618891,2778.75830078125,,,,,
4624,3,414.0,0.0,32.0,32.0,0.1393499374389648,50.63797399634496,3009.92138671875,,,,,
4625,3,415.0,0.0,32.0,32.0,0.1258831024169922,43.33359701558948,2625.908203125,,,,,
4626,3,416.0,0.0,32.0,32.0,0.225351333618164,43.9103509997949,2778.75830078125,,,,,
4627,3,417.0,0.0,32.0,32.0,0.2528305053710937,46.44257400650531,2816.134765625,,,,,
4628,3,418.0,0.0,32.0,32.0,0.2214174270629882,42.17645601602271,2625.908203125,,,,,
4629,3,419.0,0.0,32.0,32.0,0.4142570495605469,43.31716598244384,2588.3369140625,,,,,
4630,3,420.0,0.0,32.0,32.0,0.2859506607055664,51.80209403624758,2970.58984375,,,,,
4631,3,421.0,0.0,32.0,32.0,0.2250785827636718,56.38856504810974,3171.31201171875,,,,,
4632,3,422.0,0.0,32.0,32.0,0.1198110580444336,51.18489498272538,2907.79931640625,,,,,
4633,3,423.0,0.0,32.0,32.0,0.1684827804565429,36.44466400146485,2906.4150390625,,,,,
4634,3,424.0,0.0,32.0,32.0,0.1635007858276367,44.60071603534743,2816.134765625,,,,,
4635,3,425.0,0.0,32.0,32.0,0.2232484817504882,43.27051399741322,2766.93994140625,,,,,
4636,3,426.0,0.0,32.0,32.0,0.1697731018066406,46.1462379898876,2801.326171875,,,,,
4637,3,427.0,0.0,32.0,32.0,0.0418224334716796,47.9607559973374,2906.4150390625,,,,,
4638,3,428.0,0.0,32.0,32.0,0.312932014465332,43.13764604739845,2727.7080078125,,,,,
4639,3,429.0,0.0,32.0,32.0,0.1332168579101562,41.98435001308098,2625.908203125,,,,,
4640,3,430.0,0.0,32.0,32.0,0.1349906921386718,51.56459100544453,2970.58984375,,,,,
4641,3,431.0,0.0,32.0,32.0,0.3030805587768554,46.112217009067535,2801.326171875,,,,,
4642,3,432.0,0.0,32.0,32.0,0.1476001739501953,42.79833898181096,2683.17138671875,,,,,
4643,3,433.0,0.0,32.0,32.0,0.1021337509155273,47.19641903648153,2906.4150390625,,,,,
4644,3,434.0,0.0,32.0,32.0,0.0357589721679687,50.43464299524203,2904.6611328125,,,,,
4645,3,435.0,0.0,32.0,32.0,0.2465028762817382,36.515420011710376,2906.4150390625,,,,,
4646,3,436.0,0.0,32.0,32.0,0.0418224334716796,50.34342402359471,2963.337890625,,,,,
4647,3,437.0,0.0,32.0,32.0,0.2247581481933593,44.87227398203686,2766.93994140625,,,,,
4648,3,438.0,0.0,32.0,32.0,0.0994033813476562,43.885899998713285,2766.93994140625,,,,,
4649,3,439.0,0.0,32.0,32.0,0.119699478149414,52.27047303924337,3050.8896484375,,,,,
4650,3,440.0,0.0,32.0,32.0,0.1456880569458007,43.55927900178358,2557.56201171875,,,,,
4651,3,441.0,0.0,32.0,32.0,0.4882354736328125,50.21033197408542,2907.79931640625,,,,,
4652,3,442.0,0.0,32.0,32.0,0.0944252014160156,43.38118201121688,2513.87451171875,,,,,
4653,3,443.0,0.0,32.0,32.0,0.0950832366943359,47.50602802960202,2875.06591796875,,,,,
4654,3,444.0,0.0,32.0,32.0,0.2718152999877929,45.81266501918435,2816.134765625,,,,,
4655,3,445.0,0.0,32.0,32.0,0.1454191207885742,43.28005097340792,2778.75830078125,,,,,
4656,3,446.0,0.0,32.0,32.0,0.1894645690917968,38.91469904920086,3025.73583984375,,,,,
4657,3,447.0,0.0,32.0,32.0,0.0701112747192382,47.6337029831484,2875.06591796875,,,,,
4658,3,448.0,0.0,32.0,32.0,0.2612452507019043,49.80263998731971,2904.6611328125,,,,,
4659,3,449.0,0.0,32.0,32.0,0.1439504623413086,50.70772103499621,2951.76416015625,,,,,
4660,3,450.0,0.0,32.0,32.0,0.2246646881103515,47.364361002109945,2801.326171875,,,,,
4661,3,451.0,0.0,32.0,32.0,0.0507464408874511,42.813756968826056,2727.7080078125,,,,,
4662,3,452.0,0.0,32.0,32.0,0.1243505477905273,50.656655977945775,2970.58984375,,,,,
4663,3,453.0,0.0,32.0,32.0,0.1672086715698242,43.51759603014216,2563.7587890625,,,,,
4664,3,454.0,0.0,32.0,32.0,0.0302047729492187,43.97747904295102,2588.3369140625,,,,,
4665,3,455.0,0.0,32.0,32.0,0.1028766632080078,42.85204299958423,2694.33349609375,,,,,
4666,3,456.0,0.0,32.0,32.0,0.0279951095581054,43.50677999900654,2727.7080078125,,,,,
4667,3,457.0,0.0,32.0,32.0,0.2568817138671875,40.27306201169267,3050.8896484375,,,,,
4668,3,458.0,0.0,32.0,32.0,0.3848524093627929,52.29333200259134,3050.8896484375,,,,,
4669,3,459.0,0.0,32.0,32.0,0.0328469276428222,45.768797979690135,2801.326171875,,,,,
4670,3,460.0,0.0,32.0,32.0,0.0333380699157714,46.50187602965161,2875.06591796875,,,,,
4671,3,461.0,0.0,32.0,32.0,0.15104341506958,54.70866203540936,3103.48876953125,,,,,
4672,3,462.0,0.0,32.0,32.0,0.1983990669250488,44.96642801677808,2766.93994140625,,,,,
4673,3,463.0,0.0,32.0,32.0,0.3500404357910156,44.17341499356553,2733.4013671875,,,,,
4674,3,464.0,0.0,32.0,32.0,0.4111881256103515,53.72062901733443,3087.69775390625,,,,,
4675,3,465.0,0.0,32.0,32.0,0.2669210433959961,44.2621519905515,2588.3369140625,,,,,
4676,3,466.0,0.0,32.0,32.0,0.3128533363342285,50.61498697614297,2951.76416015625,,,,,
4677,3,467.0,0.0,32.0,32.0,0.113931655883789,44.4054760155268,2733.4013671875,,,,,
4678,3,468.0,0.0,32.0,32.0,0.1864938735961914,35.62087198952213,2906.4150390625,,,,,
4679,3,469.0,0.0,32.0,32.0,0.3509073257446289,41.78967297775671,2655.9453125,,,,,
4680,3,470.0,0.0,32.0,32.0,0.2657661437988281,61.96958100190386,3314.02294921875,,,,,
4681,3,471.0,0.0,32.0,32.0,0.0539875030517578,44.57756003830582,2727.7080078125,,,,,
4682,3,472.0,0.0,32.0,32.0,0.1953840255737304,48.03409002488479,2906.4150390625,,,,,
4683,3,473.0,0.0,32.0,32.0,0.2649259567260742,45.60309200314805,2801.326171875,,,,,
4684,3,474.0,0.0,32.0,32.0,0.3239860534667969,39.15115003474057,2481.373046875,,,,,
4685,3,475.0,0.0,32.0,32.0,0.0798358917236328,48.784574028104544,2904.6611328125,,,,,
4686,3,476.0,0.0,32.0,32.0,0.2692813873291015,51.42878100741655,2907.79931640625,,,,,
4687,3,477.0,0.0,32.0,32.0,0.0894918441772461,41.92869702819735,2619.28369140625,,,,,
4688,3,478.0,0.0,32.0,32.0,0.0357608795166015,46.603403985500336,2875.06591796875,,,,,
4689,3,479.0,0.0,32.0,32.0,0.0732097625732421,34.67622905736789,2816.134765625,,,,,
4690,3,480.0,0.0,32.0,32.0,0.0957469940185546,41.74749000230804,2683.17138671875,,,,,
4691,3,481.0,0.0,32.0,32.0,0.1701889038085937,50.12536700814962,3025.73583984375,,,,,
4692,3,482.0,0.0,32.0,32.0,0.1717033386230468,44.43524399539456,2766.93994140625,,,,,
4693,3,483.0,0.0,32.0,32.0,0.3506355285644531,55.99532404448837,3171.31201171875,,,,,
4694,3,484.0,0.0,32.0,32.0,0.1665868759155273,51.894477976020426,2963.337890625,,,,,
4695,3,485.0,0.0,32.0,32.0,0.502650260925293,58.11807600548491,3221.6025390625,,,,,
4696,3,486.0,0.0,32.0,32.0,0.0526313781738281,47.0579820103012,2801.326171875,,,,,
4697,3,487.0,0.0,32.0,32.0,0.15338134765625,43.58458297792822,2588.3369140625,,,,,
4698,3,488.0,0.0,32.0,32.0,0.4855365753173828,37.45693404925987,2417.24462890625,,,,,
4699,3,489.0,0.0,32.0,32.0,0.341008186340332,41.0020460258238,2513.87451171875,,,,,
4700,3,490.0,0.0,32.0,32.0,0.2322807312011718,31.51956299552694,2683.17138671875,,,,,
4701,3,491.0,0.0,32.0,32.0,0.0957012176513671,46.59813898615539,2906.4150390625,,,,,
4702,3,492.0,0.0,32.0,32.0,0.0482282638549804,42.66932501923293,2513.87451171875,,,,,
4703,3,493.0,0.0,32.0,32.0,0.1435394287109375,40.806538017932326,2619.28369140625,,,,,
4704,3,494.0,0.0,32.0,32.0,0.344395637512207,40.367086010519415,2491.71826171875,,,,,
4705,3,495.0,0.0,32.0,32.0,0.1067409515380859,43.15920599037781,2733.4013671875,,,,,
4706,3,496.0,0.0,32.0,32.0,0.0600318908691406,42.41913300938904,2625.908203125,,,,,
4707,3,497.0,0.0,32.0,32.0,0.0822134017944336,42.3881399910897,2513.87451171875,,,,,
4708,3,498.0,0.0,32.0,32.0,0.196476936340332,48.037990054581314,2867.99169921875,,,,,
4709,3,499.0,0.0,32.0,32.0,0.3684473037719726,45.36105797160417,2801.326171875,,,,,
4710,3,500.0,0.0,32.0,32.0,0.0580034255981445,43.37131103966385,2588.3369140625,,,,,
4711,3,501.0,0.0,32.0,32.0,0.0736408233642578,54.38450496876612,3103.48876953125,,,,,
4712,3,502.0,0.0,32.0,32.0,0.0338058471679687,32.13833598420024,2491.71826171875,,,,,
4713,3,503.0,0.0,32.0,32.0,0.1385698318481445,41.42121400218457,2683.17138671875,,,,,
4714,3,504.0,0.0,32.0,32.0,0.1067438125610351,44.96100405231118,2801.326171875,,,,,
4715,3,505.0,0.0,32.0,32.0,0.2057609558105468,43.35540201282129,2778.75830078125,,,,,
4716,3,506.0,0.0,32.0,32.0,0.2036714553833007,55.9983029961586,3171.31201171875,,,,,
4717,3,507.0,0.0,32.0,32.0,0.0980215072631836,48.61515900120139,2906.4150390625,,,,,
4718,3,508.0,0.0,32.0,32.0,0.3432960510253906,43.23808895424008,2683.17138671875,,,,,
4719,3,509.0,0.0,32.0,32.0,0.2341823577880859,54.56575099378824,3124.951171875,,,,,
4720,3,510.0,0.0,32.0,32.0,0.1221990585327148,52.02093400293961,3025.73583984375,,,,,
4721,3,511.0,0.0,32.0,32.0,0.2611675262451172,46.83850897708908,2816.134765625,,,,,
4722,3,512.0,0.0,32.0,32.0,0.0897026062011718,46.63682001410052,2867.99169921875,,,,,
4723,3,513.0,0.0,32.0,32.0,0.1232175827026367,33.88577903388068,2801.326171875,,,,,
4724,3,514.0,0.0,32.0,32.0,0.0392379760742187,48.831817985046655,2907.79931640625,,,,,
4725,3,515.0,0.0,32.0,32.0,0.2790718078613281,44.77635398507118,2733.4013671875,,,,,
4726,3,516.0,0.0,32.0,32.0,0.2637462615966797,43.75822504516691,2778.75830078125,,,,,
4727,3,517.0,0.0,32.0,32.0,0.0956897735595703,43.576901021879166,2766.93994140625,,,,,
4728,3,518.0,0.0,32.0,32.0,0.0765657424926757,43.28534402884543,2694.33349609375,,,,,
4729,3,519.0,0.0,32.0,32.0,0.1682643890380859,42.81039297347888,2683.17138671875,,,,,
4730,3,520.0,0.0,32.0,32.0,0.0893545150756836,43.4938840335235,2727.7080078125,,,,,
4731,3,521.0,0.0,32.0,32.0,0.1082029342651367,44.64237694628537,2766.93994140625,,,,,
4732,3,522.0,0.0,32.0,32.0,0.4021110534667969,50.43260601814836,2907.79931640625,,,,,
4733,3,523.0,0.0,32.0,32.0,0.2038393020629882,51.76866200054064,2951.76416015625,,,,,
4734,3,524.0,0.0,32.0,32.0,0.1907501220703125,46.62954999366775,2816.134765625,,,,,
4735,3,525.0,0.0,32.0,32.0,0.1473064422607422,37.79947804287076,2951.76416015625,,,,,
4736,3,526.0,0.0,32.0,32.0,0.1579513549804687,42.39435098133981,2625.908203125,,,,,
4737,3,527.0,0.0,32.0,32.0,0.0839366912841796,42.46811900520697,2694.33349609375,,,,,
4738,3,528.0,0.0,32.0,32.0,0.0322446823120117,43.702055991161615,2733.4013671875,,,,,
4739,3,529.0,0.0,32.0,32.0,0.2727460861206054,43.45376999117434,2727.7080078125,,,,,
4740,3,530.0,0.0,32.0,32.0,0.3229532241821289,41.326797974761575,2491.71826171875,,,,,
4741,3,531.0,0.0,32.0,32.0,0.0687265396118164,46.81847000028938,2875.06591796875,,,,,
4742,3,532.0,0.0,32.0,32.0,0.1913776397705078,44.62033504387364,2766.93994140625,,,,,
4743,3,533.0,0.0,32.0,32.0,0.257512092590332,52.84120497526601,3050.8896484375,,,,,
4744,3,534.0,0.0,32.0,32.0,0.0974321365356445,43.23062702314928,2557.56201171875,,,,,
4745,3,535.0,0.0,32.0,32.0,0.3796844482421875,43.97487198002637,2588.3369140625,,,,,
4746,3,536.0,0.0,32.0,32.0,0.134735107421875,53.98167704697698,3087.69775390625,,,,,
4747,3,537.0,0.0,32.0,32.0,0.2236957550048828,33.23277900926769,2557.56201171875,,,,,
4748,3,538.0,0.0,32.0,32.0,0.0352907180786132,41.90790600841865,2683.17138671875,,,,,
4749,3,539.0,0.0,32.0,32.0,0.1029939651489257,50.357890024315566,2951.76416015625,,,,,
4750,3,540.0,0.0,32.0,32.0,0.0815086364746093,45.12823699042201,2778.75830078125,,,,,
4751,3,541.0,0.0,32.0,32.0,0.1836156845092773,46.4814699953422,2816.134765625,,,,,
4752,3,542.0,0.0,32.0,32.0,0.1398172378540039,43.25175902340561,2766.93994140625,,,,,
4753,3,543.0,0.0,32.0,32.0,0.1663827896118164,48.2401879853569,2906.4150390625,,,,,
4754,3,544.0,0.0,32.0,32.0,0.1580438613891601,51.37152603128925,2951.76416015625,,,,,
4755,3,545.0,0.0,32.0,32.0,0.0332460403442382,46.62588896462694,2801.326171875,,,,,
4756,3,546.0,0.0,32.0,32.0,0.1343832015991211,48.06602897588164,2906.4150390625,,,,,
4757,3,547.0,0.0,32.0,32.0,0.1352462768554687,46.77544703008607,2875.06591796875,,,,,
4758,3,548.0,0.0,32.0,32.0,0.0802936553955078,30.17679398180917,2619.28369140625,,,,,
4759,3,549.0,0.0,32.0,32.0,0.1395101547241211,42.125412030145526,2733.4013671875,,,,,
4760,3,550.0,0.0,32.0,32.0,0.3908014297485351,41.86968196881935,2655.9453125,,,,,
4761,3,551.0,0.0,32.0,32.0,0.0741157531738281,43.00991399213672,2733.4013671875,,,,,
4762,3,552.0,0.0,32.0,32.0,0.3217325210571289,50.30180601170287,2907.79931640625,,,,,
4763,3,553.0,0.0,32.0,32.0,0.3328537940979004,44.82141503831372,2727.7080078125,,,,,
4764,3,554.0,0.0,32.0,32.0,0.2722387313842773,42.67279600026086,2563.7587890625,,,,,
4765,3,555.0,0.0,32.0,32.0,0.1242108345031738,43.49830996943638,2778.75830078125,,,,,
4766,3,556.0,0.0,32.0,32.0,0.1754741668701172,56.503266969230026,3181.74951171875,,,,,
4767,3,557.0,0.0,32.0,32.0,0.3657131195068359,51.12275102874264,2904.6611328125,,,,,
4768,3,558.0,0.0,32.0,32.0,0.0453777313232421,52.58613097248599,2963.337890625,,,,,
4769,3,559.0,0.0,32.0,32.0,0.193277359008789,32.48428297229111,2733.4013671875,,,,,
4770,3,560.0,0.0,32.0,32.0,0.1237659454345703,43.78974001156166,2801.326171875,,,,,
4771,3,561.0,0.0,32.0,32.0,0.2260360717773437,45.66874401643872,2875.06591796875,,,,,
4772,3,562.0,0.0,32.0,32.0,0.0357780456542968,44.098931015469134,2766.93994140625,,,,,
4773,3,563.0,0.0,32.0,32.0,0.2312355041503906,52.00384900672361,2970.58984375,,,,,
4774,3,564.0,0.0,32.0,32.0,0.3517026901245117,55.59275997802615,3124.951171875,,,,,
4775,3,565.0,0.0,32.0,32.0,0.0761270523071289,48.38962201029062,2906.4150390625,,,,,
4776,3,566.0,0.0,32.0,32.0,0.2484722137451172,47.04325500642881,2816.134765625,,,,,
4777,3,567.0,0.0,32.0,32.0,0.4410877227783203,42.98036597901955,2557.56201171875,,,,,
4778,3,568.0,0.0,32.0,32.0,0.0535125732421875,43.75366499880329,2778.75830078125,,,,,
4779,3,569.0,0.0,32.0,32.0,0.2372593879699707,43.70748298242688,2733.4013671875,,,,,
4780,3,570.0,0.0,32.0,32.0,0.2152366638183593,38.10709499521181,2951.76416015625,,,,,
4781,3,571.0,0.0,32.0,32.0,0.0755205154418945,46.076932980213314,2816.134765625,,,,,
4782,3,572.0,0.0,32.0,32.0,0.0966043472290039,46.0091230343096,2816.134765625,,,,,
4783,3,573.0,0.0,32.0,32.0,0.298837661743164,43.81631902651861,2766.93994140625,,,,,
4784,3,574.0,0.0,32.0,32.0,0.1224470138549804,45.12127698399127,2816.134765625,,,,,
4785,3,575.0,0.0,32.0,32.0,0.2432403564453125,41.12056398298592,2619.28369140625,,,,,
4786,3,576.0,0.0,32.0,32.0,0.0999374389648437,46.77827999694273,2875.06591796875,,,,,
4787,3,577.0,0.0,32.0,32.0,0.0787553787231445,55.35657197469845,3124.951171875,,,,,
4788,3,578.0,0.0,32.0,32.0,0.0418653488159179,42.86346398293972,2619.28369140625,,,,,
4789,3,579.0,0.0,32.0,32.0,0.2441396713256836,47.56908799754456,2875.06591796875,,,,,
4790,3,580.0,0.0,32.0,32.0,0.0676174163818359,50.832235952839255,2963.337890625,,,,,
4791,3,581.0,0.0,32.0,32.0,0.1592035293579101,30.1547980052419,2619.28369140625,,,,,
4792,3,582.0,0.0,32.0,32.0,0.353919506072998,41.47570696659386,2557.56201171875,,,,,
4793,3,583.0,0.0,32.0,32.0,0.0364894866943359,49.684258992783725,2951.76416015625,,,,,
4794,3,584.0,0.0,32.0,32.0,0.1394586563110351,48.22807398159057,2867.99169921875,,,,,
4795,3,585.0,0.0,32.0,32.0,0.1239757537841796,42.91306203231216,2694.33349609375,,,,,
4796,3,586.0,0.0,32.0,32.0,0.2638521194458008,43.18626399617642,2727.7080078125,,,,,
4797,3,587.0,0.0,32.0,32.0,0.1282262802124023,47.75837698252872,2906.4150390625,,,,,
4798,3,588.0,0.0,32.0,32.0,0.3341917991638183,50.98241497762501,2907.79931640625,,,,,
4799,3,589.0,0.0,32.0,32.0,0.0586967468261718,44.50158501276746,2727.7080078125,,,,,
4800,3,590.0,0.0,32.0,32.0,0.3203554153442383,46.26230202848092,2816.134765625,,,,,
4801,3,591.0,0.0,32.0,32.0,0.1215500831604003,47.252713004127145,2906.4150390625,,,,,
4802,3,592.0,0.0,32.0,32.0,0.1572656631469726,45.819170016329736,2816.134765625,,,,,
4803,3,593.0,0.0,32.0,32.0,0.0322284698486328,35.68519395776093,2906.4150390625,,,,,
4804,3,594.0,0.0,32.0,32.0,0.1379685401916504,42.691520997323096,2727.7080078125,,,,,
4805,3,595.0,0.0,32.0,32.0,0.1059403419494628,49.56296103773639,3009.92138671875,,,,,
4806,3,596.0,0.0,32.0,32.0,0.1218628883361816,46.255615015979856,2801.326171875,,,,,
4807,3,597.0,0.0,32.0,32.0,0.2331266403198242,50.01364799682051,3009.92138671875,,,,,
4808,3,598.0,0.0,32.0,32.0,0.1956925392150879,45.2108770259656,2733.4013671875,,,,,
4809,3,599.0,0.0,32.0,32.0,0.398831844329834,50.155322009231895,3009.92138671875,,,,,
4810,3,600.0,0.0,32.0,32.0,0.4890131950378418,45.70299998158589,2778.75830078125,,,,,
4811,3,601.0,0.0,32.0,32.0,0.0326642990112304,46.57882504398003,2816.134765625,,,,,
4812,3,602.0,0.0,32.0,32.0,0.2866244316101074,41.28190199844539,2625.908203125,,,,,
4813,3,603.0,0.0,32.0,32.0,0.069798469543457,44.340888038277626,2801.326171875,,,,,
4814,3,604.0,0.0,32.0,32.0,0.1399364471435547,31.603755021933463,2694.33349609375,,,,,
4815,3,605.0,0.0,32.0,32.0,0.0244569778442382,49.23096799757332,2907.79931640625,,,,,
4816,3,606.0,0.0,32.0,32.0,0.1044740676879882,56.30454397760332,3124.951171875,,,,,
4817,3,607.0,0.0,32.0,32.0,0.2047929763793945,43.01537398714572,2694.33349609375,,,,,
4818,3,608.0,0.0,32.0,32.0,0.2217998504638672,57.8178379801102,3259.31494140625,,,,,
4819,3,609.0,0.0,32.0,32.0,0.4379453659057617,44.82840601122007,2588.3369140625,,,,,
4820,3,610.0,0.0,32.0,32.0,0.2429580688476562,43.56254200683907,2727.7080078125,,,,,
4821,3,611.0,0.0,32.0,32.0,0.2266130447387695,43.47137198783457,2694.33349609375,,,,,
4822,3,612.0,0.0,32.0,32.0,0.2243776321411132,50.54188100621104,2951.76416015625,,,,,
4823,3,613.0,0.0,32.0,32.0,0.2116336822509765,50.47006800305098,2904.6611328125,,,,,
4824,3,614.0,0.0,32.0,32.0,0.3016414642333984,44.2439480102621,2766.93994140625,,,,,
4825,3,615.0,0.0,32.0,32.0,0.0943202972412109,29.64183798758313,2619.28369140625,,,,,
4826,3,616.0,0.0,32.0,32.0,0.1681976318359375,44.35352596919984,2816.134765625,,,,,
4827,3,617.0,0.0,32.0,32.0,0.2003335952758789,45.65864696633071,2801.326171875,,,,,
4828,3,618.0,0.0,32.0,32.0,0.0737476348876953,43.43821102520451,2733.4013671875,,,,,
4829,3,619.0,0.0,32.0,32.0,0.2109756469726562,48.74168802052736,2907.79931640625,,,,,
4830,3,620.0,0.0,32.0,32.0,0.1183805465698242,43.31165296025574,2625.908203125,,,,,
4831,3,621.0,0.0,32.0,32.0,0.078582763671875,51.95469199679792,3025.73583984375,,,,,
4832,3,622.0,0.0,32.0,32.0,0.1300535202026367,51.524511014577,2904.6611328125,,,,,
4833,3,623.0,0.0,32.0,32.0,0.0660734176635742,43.8221039948985,2694.33349609375,,,,,
4834,3,624.0,0.0,32.0,32.0,0.1673564910888672,44.56387698883191,2801.326171875,,,,,
4835,3,625.0,0.0,32.0,32.0,0.2054920196533203,42.32616699300706,2625.908203125,,,,,
4836,3,626.0,0.0,32.0,32.0,0.2764892578125,46.02046601939946,2816.134765625,,,,,
4837,3,627.0,0.0,32.0,32.0,0.2491827011108398,31.165747030172497,2727.7080078125,,,,,
4838,3,628.0,0.0,32.0,32.0,0.2708463668823242,43.54476201115176,2766.93994140625,,,,,
4839,3,629.0,0.0,32.0,32.0,0.1926965713500976,42.63814399018884,2655.9453125,,,,,
4840,3,630.0,0.0,32.0,32.0,0.2023420333862304,50.96633598441258,2907.79931640625,,,,,
4841,3,631.0,0.0,32.0,32.0,0.0439271926879882,47.49429097864777,2867.99169921875,,,,,
4842,3,632.0,0.0,32.0,32.0,0.1036624908447265,46.95866198744625,2867.99169921875,,,,,
4843,3,633.0,0.0,32.0,32.0,0.1027231216430664,41.92508297273889,2513.87451171875,,,,,
4844,3,634.0,0.0,32.0,32.0,0.0573244094848632,42.53664601128549,2683.17138671875,,,,,
4845,3,635.0,0.0,32.0,32.0,0.2093353271484375,43.17122197244316,2733.4013671875,,,,,
4846,3,636.0,0.0,32.0,32.0,0.0491037368774414,47.9415999725461,2906.4150390625,,,,,
4847,3,637.0,0.0,32.0,32.0,0.0354747772216796,45.26208300376311,2766.93994140625,,,,,
4848,3,638.0,0.0,32.0,32.0,0.1168899536132812,42.706905980594456,2694.33349609375,,,,,
4849,3,639.0,0.0,32.0,32.0,0.0606155395507812,30.31840902986005,2655.9453125,,,,,
4850,3,640.0,0.0,32.0,32.0,0.0877885818481445,45.34721001982689,2867.99169921875,,,,,
4851,3,641.0,0.0,32.0,32.0,0.1095514297485351,46.2963450117968,2875.06591796875,,,,,
4852,3,642.0,0.0,32.0,32.0,0.2595796585083008,42.59303497383371,2625.908203125,,,,,
4853,3,643.0,0.0,32.0,32.0,0.0353021621704101,42.83292702166364,2694.33349609375,,,,,
4854,3,644.0,0.0,32.0,32.0,0.2187929153442382,47.38040000665933,2875.06591796875,,,,,
4855,3,645.0,0.0,32.0,32.0,0.0217971801757812,43.88880002079532,2588.3369140625,,,,,
4856,3,646.0,0.0,32.0,32.0,0.3222360610961914,51.87104298966005,2963.337890625,,,,,
4857,3,647.0,0.0,32.0,32.0,0.1525068283081054,57.35414999071509,3194.6259765625,,,,,
4858,3,648.0,0.0,32.0,32.0,0.1050281524658203,43.72932697879151,2563.7587890625,,,,,
4859,3,649.0,0.0,32.0,32.0,0.1263427734375,47.32333600986749,2875.06591796875,,,,,
4860,3,650.0,0.0,32.0,32.0,0.0418243408203125,40.27316597057506,3034.4814453125,,,,,
4861,3,651.0,0.0,32.0,32.0,0.315861701965332,46.59796500345692,2867.99169921875,,,,,
4862,3,652.0,0.0,32.0,32.0,0.1829299926757812,51.89328501001,3034.4814453125,,,,,
4863,3,653.0,0.0,32.0,32.0,0.3590660095214844,44.63383095571771,2733.4013671875,,,,,
4864,3,654.0,0.0,32.0,32.0,0.3910427093505859,43.50561095634475,2766.93994140625,,,,,
4865,3,655.0,0.0,32.0,32.0,0.1316614151000976,41.35604004841298,2619.28369140625,,,,,
4866,3,656.0,0.0,32.0,32.0,0.0898342132568359,40.85783497430384,2619.28369140625,,,,,
4867,3,657.0,0.0,32.0,32.0,0.1685857772827148,50.41102302493528,2907.79931640625,,,,,
4868,3,658.0,0.0,32.0,32.0,0.3969068527221679,39.56187202129513,2372.5361328125,,,,,
4869,3,659.0,0.0,32.0,32.0,0.0144214630126953,41.18485900107771,2513.87451171875,,,,,
4870,3,660.0,0.0,32.0,32.0,0.3240861892700195,40.7282100059092,2491.71826171875,,,,,
4871,3,661.0,0.0,32.0,32.0,0.037078857421875,43.36559004150331,2766.93994140625,,,,,
4872,3,662.0,0.0,32.0,32.0,0.083104133605957,30.127295991405845,2619.28369140625,,,,,
4873,3,663.0,0.0,32.0,32.0,0.0475635528564453,43.29753399360925,2778.75830078125,,,,,
4874,3,664.0,0.0,32.0,32.0,0.1577405929565429,42.781039024703205,2655.9453125,,,,,
4875,3,665.0,0.0,32.0,32.0,0.1846256256103515,44.70599099295214,2801.326171875,,,,,
4876,3,666.0,0.0,32.0,32.0,0.1683645248413086,43.73794799903408,2778.75830078125,,,,,
4877,3,667.0,0.0,32.0,32.0,0.1230983734130859,43.47400600090623,2557.56201171875,,,,,
4878,3,668.0,0.0,32.0,32.0,0.0306825637817382,46.34605901082978,2816.134765625,,,,,
4879,3,669.0,0.0,32.0,32.0,0.0727767944335937,42.58485202444717,2563.7587890625,,,,,
4880,3,670.0,0.0,32.0,32.0,0.1059999465942382,45.4166229465045,2801.326171875,,,,,
4881,3,671.0,0.0,32.0,32.0,0.2645473480224609,50.488449982367456,2904.6611328125,,,,,
4882,3,672.0,0.0,32.0,32.0,0.1727123260498047,48.62184001831338,2906.4150390625,,,,,
4883,3,673.0,0.0,32.0,32.0,0.2010231018066406,42.48345200903714,2625.908203125,,,,,
4884,3,674.0,0.0,32.0,32.0,0.1938972473144531,41.833194030914456,3087.69775390625,,,,,
4885,3,675.0,0.0,32.0,32.0,0.0238037109375,50.279013987164944,2907.79931640625,,,,,
4886,3,676.0,0.0,32.0,32.0,0.0423259735107421,45.67581898299977,2801.326171875,,,,,
4887,3,677.0,0.0,32.0,32.0,0.2614269256591797,43.32270595477894,2733.4013671875,,,,,
4888,3,678.0,0.0,32.0,32.0,0.1804962158203125,42.85320697817952,2655.9453125,,,,,
4889,3,679.0,0.0,32.0,32.0,0.1888198852539062,48.50343702128157,2906.4150390625,,,,,
4890,3,680.0,0.0,32.0,32.0,0.159637451171875,50.34669296583161,2951.76416015625,,,,,
4891,3,681.0,0.0,32.0,32.0,0.046142578125,45.25497503345832,2778.75830078125,,,,,
4892,3,682.0,0.0,32.0,32.0,0.3365135192871094,50.00723496777937,3009.92138671875,,,,,
4893,3,683.0,0.0,32.0,32.0,0.0365028381347656,51.26199097139761,2951.76416015625,,,,,
4894,3,684.0,0.0,32.0,32.0,0.3644943237304687,44.06796797411516,2557.56201171875,,,,,
4895,3,685.0,0.0,32.0,32.0,0.1889266967773437,35.03048396669328,2875.06591796875,,,,,
4896,3,686.0,0.0,32.0,32.0,0.2460594177246093,43.00678300205618,2778.75830078125,,,,,
4897,3,687.0,0.0,32.0,32.0,0.2643661499023437,40.92121298890561,2619.28369140625,,,,,
4898,3,688.0,0.0,32.0,32.0,0.027740478515625,42.20840899506584,2694.33349609375,,,,,
4899,3,689.0,0.0,32.0,32.0,0.2478218078613281,42.290785000659525,2683.17138671875,,,,,
4900,3,690.0,0.0,32.0,32.0,0.0728645324707031,43.60367497429252,2778.75830078125,,,,,
4901,3,691.0,0.0,32.0,32.0,0.0253753662109375,44.99178699916229,2766.93994140625,,,,,
4902,3,692.0,0.0,32.0,32.0,0.1613044738769531,55.72831997415051,3161.05322265625,,,,,
4903,3,693.0,0.0,32.0,32.0,0.2885608673095703,52.08573996787891,2951.76416015625,,,,,
4904,3,694.0,0.0,32.0,32.0,0.02947998046875,47.67137701855973,2875.06591796875,,,,,
4905,3,695.0,0.0,32.0,32.0,0.1991653442382812,42.3311369959265,2513.87451171875,,,,,
4906,3,696.0,0.0,32.0,32.0,0.0370769500732421,42.359735001809895,2683.17138671875,,,,,
4907,3,697.0,0.0,32.0,32.0,0.1909122467041015,31.541205011308197,2727.7080078125,,,,,
4908,3,698.0,0.0,32.0,32.0,0.3213615417480469,50.263219978660345,2963.337890625,,,,,
4909,3,699.0,0.0,32.0,32.0,0.0436058044433593,51.3817309984006,2951.76416015625,,,,,
4910,3,700.0,0.0,32.0,32.0,0.0268707275390625,43.65106503246352,2557.56201171875,,,,,
4911,3,701.0,0.0,32.0,32.0,0.1537399291992187,50.5809229798615,2951.76416015625,,,,,
4912,3,702.0,0.0,32.0,32.0,0.0363807678222656,47.60057001840323,2867.99169921875,,,,,
4913,3,703.0,0.0,32.0,32.0,0.02618408203125,43.97572198649869,2727.7080078125,,,,,
4914,3,704.0,0.0,32.0,32.0,0.277231216430664,42.142677993979305,2513.87451171875,,,,,
4915,3,705.0,0.0,32.0,32.0,0.1349391937255859,44.03871996328235,2733.4013671875,,,,,
4916,3,706.0,0.0,32.0,32.0,0.2658367156982422,51.54334299732,2970.58984375,,,,,
4917,3,707.0,0.0,32.0,32.0,0.1402664184570312,53.21106204064563,3034.4814453125,,,,,
4918,3,708.0,0.0,32.0,32.0,0.2756996154785156,41.850192996207625,3103.48876953125,,,,,
4919,3,709.0,0.0,32.0,32.0,0.023172378540039,50.03205995308235,2963.337890625,,,,,
4920,3,710.0,0.0,32.0,32.0,0.2908058166503906,42.60346601950005,2655.9453125,,,,,
4921,3,711.0,0.0,32.0,32.0,0.5174026489257812,49.47918799007312,2904.6611328125,,,,,
4922,3,712.0,0.0,32.0,32.0,0.1712474822998047,43.113569961860776,2563.7587890625,,,,,
4923,3,713.0,0.0,32.0,32.0,0.0249519348144531,41.47749103140086,2619.28369140625,,,,,
4924,3,714.0,0.0,32.0,32.0,0.3368492126464844,52.139203005936,2963.337890625,,,,,
4925,3,715.0,0.0,32.0,32.0,0.5254669189453125,43.56224497314543,2694.33349609375,,,,,
4926,3,716.0,0.0,32.0,32.0,0.1353302001953125,54.284866026137024,3103.48876953125,,,,,
4927,3,717.0,0.0,32.0,32.0,0.1517601013183593,46.475591021589935,2816.134765625,,,,,
4928,3,718.0,0.0,32.0,32.0,0.2004928588867187,42.47933701844886,2655.9453125,,,,,
4929,3,719.0,0.0,32.0,32.0,0.1316719055175781,34.72633095225319,2867.99169921875,,,,,
4930,3,720.0,0.0,32.0,32.0,0.4107131958007812,53.14641701988876,3103.48876953125,,,,,
4931,3,721.0,0.0,32.0,32.0,0.3260726928710937,43.13625500071794,2683.17138671875,,,,,
4932,3,722.0,0.0,32.0,32.0,0.1665840148925781,43.12564298743382,2727.7080078125,,,,,
4933,3,723.0,0.0,32.0,32.0,0.3039875030517578,45.86214700248093,2816.134765625,,,,,
4934,3,724.0,0.0,32.0,32.0,0.0758323669433593,47.20400599762797,2875.06591796875,,,,,
4935,3,725.0,0.0,32.0,32.0,0.2189445495605468,50.46839901478961,2907.79931640625,,,,,
4936,3,726.0,0.0,32.0,32.0,0.1434860229492187,44.99298898736015,2766.93994140625,,,,,
4937,3,727.0,0.0,32.0,32.0,0.0602531433105468,44.96520198881626,2733.4013671875,,,,,
4938,3,728.0,0.0,32.0,32.0,0.1047019958496093,42.3889119992964,2557.56201171875,,,,,
4939,3,729.0,0.0,32.0,32.0,0.212646484375,43.597614974714816,2778.75830078125,,,,,
4940,3,730.0,0.0,32.0,32.0,0.0387687683105468,50.47292297240347,2951.76416015625,,,,,
4941,3,731.0,0.0,32.0,32.0,0.0408248901367187,30.951980035752054,2655.9453125,,,,,
4942,3,732.0,0.0,32.0,32.0,0.2849922180175781,50.69338798057288,2970.58984375,,,,,
4943,3,733.0,0.0,32.0,32.0,0.1563930511474609,43.02897799061611,2655.9453125,,,,,
4944,3,734.0,0.0,32.0,32.0,0.02484130859375,55.60717900516465,3124.951171875,,,,,
4945,3,735.0,0.0,32.0,32.0,0.3280696868896484,50.8903720183298,2904.6611328125,,,,,
4946,3,736.0,0.0,32.0,32.0,0.0285453796386718,51.23879900202155,2951.76416015625,,,,,
4947,3,737.0,0.0,32.0,32.0,0.1256046295166015,45.26889702538029,2766.93994140625,,,,,
4948,3,738.0,0.0,32.0,32.0,0.061777114868164,44.040145992767066,2733.4013671875,,,,,
4949,3,739.0,0.0,32.0,32.0,0.2892074584960937,43.213229975663126,2588.3369140625,,,,,
4950,3,740.0,0.0,32.0,32.0,0.0191841125488281,50.60185701586306,2951.76416015625,,,,,
4951,3,741.0,0.0,32.0,32.0,0.3015823364257812,54.64877898339182,3087.69775390625,,,,,
4952,3,742.0,0.0,32.0,32.0,0.1977138519287109,32.20830101054162,2766.93994140625,,,,,
4953,3,743.0,0.0,32.0,32.0,0.1517372131347656,42.52173699205741,2557.56201171875,,,,,
4954,3,744.0,0.0,32.0,32.0,0.0788631439208984,43.49825001554564,2766.93994140625,,,,,
4955,3,745.0,0.0,32.0,32.0,0.0223770141601562,47.41178901167586,2875.06591796875,,,,,
4956,3,746.0,0.0,32.0,32.0,0.2372417449951172,42.90778300492093,2683.17138671875,,,,,
4957,3,747.0,0.0,32.0,32.0,0.079202651977539,41.45138297462836,2625.908203125,,,,,
4958,3,748.0,0.0,32.0,32.0,0.1017169952392578,54.822853999212384,3161.05322265625,,,,,
4959,3,749.0,0.0,32.0,32.0,0.1579742431640625,46.551192994229496,2801.326171875,,,,,
4960,3,750.0,0.0,32.0,32.0,0.0523033142089843,47.15485405176878,2867.99169921875,,,,,
4961,3,751.0,0.0,32.0,32.0,0.2607707977294922,41.707712050993,2619.28369140625,,,,,
4962,3,752.0,0.0,32.0,32.0,0.177042007446289,44.2469870322384,2778.75830078125,,,,,
4963,3,753.0,0.0,32.0,32.0,0.2702846527099609,52.02919599832967,3034.4814453125,,,,,
4964,3,754.0,0.0,32.0,32.0,0.3885383605957031,38.60914998222143,2951.76416015625,,,,,
4965,3,755.0,0.0,32.0,32.0,0.1716442108154297,47.67629696289077,2867.99169921875,,,,,
4966,3,756.0,0.0,32.0,32.0,0.0737247467041015,43.30446996027604,2683.17138671875,,,,,
4967,3,757.0,0.0,32.0,32.0,0.1944580078125,43.48297999240458,2733.4013671875,,,,,
4968,3,758.0,0.0,32.0,32.0,0.1727848052978515,43.385554978158325,2733.4013671875,,,,,
4969,3,759.0,0.0,32.0,32.0,0.1659317016601562,49.62725099176168,2904.6611328125,,,,,
4970,3,760.0,0.0,32.0,32.0,0.201822280883789,56.35360698215664,3161.05322265625,,,,,
4971,3,761.0,0.0,32.0,32.0,0.181610107421875,44.51223200885579,2694.33349609375,,,,,
4972,3,762.0,0.0,32.0,32.0,0.1373748779296875,46.30074300803244,2816.134765625,,,,,
4973,3,763.0,0.0,32.0,32.0,0.0634670257568359,42.84693294903264,2778.75830078125,,,,,
4974,3,764.0,0.0,32.0,32.0,0.0997180938720703,37.56042098393664,2417.24462890625,,,,,
4975,3,765.0,0.0,32.0,32.0,0.0358467102050781,57.085595035459846,3221.6025390625,,,,,
4976,3,766.0,0.0,32.0,32.0,0.1275882720947265,31.81054996093735,2683.17138671875,,,,,
4977,3,767.0,0.0,32.0,32.0,0.3747749328613281,49.68032898614183,3025.73583984375,,,,,
4978,3,768.0,0.0,32.0,32.0,0.2951488494873047,47.16619796818122,2867.99169921875,,,,,
4979,3,769.0,0.0,32.0,32.0,0.24578857421875,42.878616019152105,2683.17138671875,,,,,
4980,3,770.0,0.0,32.0,32.0,0.2748908996582031,45.31851701904088,2801.326171875,,,,,
4981,3,771.0,0.0,32.0,32.0,0.2584075927734375,43.344804958906025,2727.7080078125,,,,,
4982,3,772.0,0.0,32.0,32.0,0.0813102722167968,56.447930983267725,3194.6259765625,,,,,
4983,3,773.0,0.0,32.0,32.0,0.099100112915039,56.182464002631605,3103.48876953125,,,,,
4984,3,774.0,0.0,32.0,32.0,0.02569580078125,49.05417701229453,2906.4150390625,,,,,
4985,3,775.0,0.0,32.0,32.0,0.088052749633789,50.05285301012918,2904.6611328125,,,,,
4986,3,776.0,0.0,32.0,32.0,0.0430755615234375,45.01038603484631,2766.93994140625,,,,,
4987,3,777.0,0.0,32.0,32.0,0.0263023376464843,38.910000992473215,2907.79931640625,,,,,
4988,3,778.0,0.0,32.0,32.0,0.1155529022216796,42.42240299936384,2694.33349609375,,,,,
4989,3,779.0,0.0,32.0,32.0,0.1556873321533203,44.99097203370184,2816.134765625,,,,,
4990,3,780.0,0.0,32.0,32.0,0.1874580383300781,43.846773041877896,2766.93994140625,,,,,
4991,3,781.0,0.0,32.0,32.0,0.0676136016845703,42.57682600291446,2625.908203125,,,,,
4992,3,782.0,0.0,32.0,32.0,0.0788211822509765,38.03692298242822,2447.654296875,,,,,
4993,3,783.0,0.0,32.0,32.0,0.4183311462402344,41.85540199978277,2625.908203125,,,,,
4994,3,784.0,0.0,32.0,32.0,0.3068523406982422,46.04348901193589,2816.134765625,,,,,
4995,3,785.0,0.0,32.0,32.0,0.1665191650390625,48.1469520018436,2906.4150390625,,,,,
4996,3,786.0,0.0,32.0,32.0,0.2285366058349609,44.4878590060398,2778.75830078125,,,,,
4997,3,787.0,0.0,32.0,32.0,0.0273799896240234,37.513947987463325,2417.24462890625,,,,,
4998,3,788.0,0.0,32.0,32.0,0.0533561706542968,42.932853975798935,2727.7080078125,,,,,
4999,3,789.0,0.0,32.0,32.0,0.0591011047363281,31.22451202943921,2727.7080078125,,,,,
5000,3,790.0,0.0,32.0,32.0,0.3019008636474609,42.4461510265246,2727.7080078125,,,,,
5001,3,791.0,0.0,32.0,32.0,0.3782310485839844,49.37497997889295,2904.6611328125,,,,,
5002,3,792.0,0.0,32.0,32.0,0.3955669403076172,45.43555999407545,2778.75830078125,,,,,
5003,3,793.0,0.0,32.0,32.0,0.2987251281738281,51.547071954701096,2970.58984375,,,,,
5004,3,794.0,0.0,32.0,32.0,0.1092376708984375,55.01210899092257,3087.69775390625,,,,,
5005,3,795.0,0.0,32.0,32.0,0.0484771728515625,47.779623011592776,2867.99169921875,,,,,
5006,3,796.0,0.0,32.0,32.0,0.0432815551757812,52.63844801811501,2970.58984375,,,,,
5007,3,797.0,0.0,32.0,32.0,0.3330154418945312,45.07327498868108,2778.75830078125,,,,,
5008,3,798.0,0.0,32.0,32.0,0.0442333221435546,52.16746701626107,2970.58984375,,,,,
5009,3,799.0,0.0,32.0,32.0,0.1067886352539062,41.80238500703126,2491.71826171875,,,,,
5010,3,800.0,0.0,32.0,32.0,0.1294670104980468,34.23953097080812,2816.134765625,,,,,
5011,3,801.0,0.0,32.0,32.0,0.1811065673828125,35.81480903085321,2440.67236328125,,,,,
5012,3,802.0,0.0,32.0,32.0,0.2780189514160156,41.5240969741717,2683.17138671875,,,,,
5013,3,803.0,0.0,32.0,32.0,0.0960350036621093,49.72722299862653,2951.76416015625,,,,,
5014,3,804.0,0.0,32.0,32.0,0.1394405364990234,48.22974500712007,2875.06591796875,,,,,
5015,3,805.0,0.0,32.0,32.0,0.2332496643066406,50.410208001267165,3025.73583984375,,,,,
5016,3,806.0,0.0,32.0,32.0,0.1729907989501953,44.48338598012924,2727.7080078125,,,,,
5017,3,807.0,0.0,32.0,32.0,0.1688137054443359,48.556528985500336,2906.4150390625,,,,,
5018,3,808.0,0.0,32.0,32.0,0.0419025421142578,47.19285003375262,2867.99169921875,,,,,
5019,3,809.0,0.0,32.0,32.0,0.1303119659423828,43.78139699110761,2778.75830078125,,,,,
5020,3,810.0,0.0,32.0,32.0,0.13714599609375,47.42397100199014,2875.06591796875,,,,,
5021,3,811.0,0.0,32.0,32.0,0.1828727722167968,49.4080749922432,2904.6611328125,,,,,
5022,3,812.0,0.0,32.0,32.0,0.103271484375,38.523732975590974,2951.76416015625,,,,,
5023,3,813.0,0.0,32.0,32.0,0.0923194885253906,57.97147302655503,3221.6025390625,,,,,
5024,3,814.0,0.0,32.0,32.0,0.1254138946533203,51.40873696655035,3025.73583984375,,,,,
5025,3,815.0,0.0,32.0,32.0,0.0285701751708984,48.46501495921984,2875.06591796875,,,,,
5026,3,816.0,0.0,32.0,32.0,0.1156692504882812,43.10874396469444,2694.33349609375,,,,,
5027,3,817.0,0.0,32.0,32.0,0.2428169250488281,42.50023199710995,2655.9453125,,,,,
5028,3,818.0,0.0,32.0,32.0,0.3158168792724609,52.80230101197958,2963.337890625,,,,,
5029,3,819.0,0.0,32.0,32.0,0.2500190734863281,48.79294103011489,2906.4150390625,,,,,
5030,3,820.0,0.0,32.0,32.0,0.1582145690917968,42.92882897425443,2683.17138671875,,,,,
5031,3,821.0,0.0,32.0,32.0,0.0871925354003906,42.296764033380896,2683.17138671875,,,,,
5032,3,822.0,0.0,32.0,32.0,0.3351402282714844,49.1881929920055,2907.79931640625,,,,,
5033,3,823.0,0.0,32.0,32.0,0.0398826599121093,38.519588008057326,2907.79931640625,,,,,
5034,3,824.0,0.0,32.0,32.0,0.1239986419677734,41.58435395220295,2619.28369140625,,,,,
5035,3,825.0,0.0,32.0,32.0,0.1364059448242187,49.235331011004746,2904.6611328125,,,,,
5036,3,826.0,0.0,32.0,32.0,0.222808837890625,47.205558978021145,2816.134765625,,,,,
5037,3,827.0,0.0,32.0,32.0,0.1655960083007812,49.66246197000146,3025.73583984375,,,,,
5038,3,828.0,0.0,32.0,32.0,0.1501388549804687,43.93003595760092,2557.56201171875,,,,,
5039,3,829.0,0.0,32.0,32.0,0.2323875427246093,42.50806104391813,2655.9453125,,,,,
5040,3,830.0,0.0,32.0,32.0,0.1374034881591797,42.601465014740825,2694.33349609375,,,,,
5041,3,831.0,0.0,32.0,32.0,0.1649990081787109,37.7057499717921,2440.67236328125,,,,,
5042,3,832.0,0.0,32.0,32.0,0.0586185455322265,53.64468100015074,3103.48876953125,,,,,
5043,3,833.0,0.0,32.0,32.0,0.1922779083251953,44.8878729948774,2733.4013671875,,,,,
5044,3,834.0,0.0,32.0,32.0,0.0359420776367187,51.03154596872628,2963.337890625,,,,,
5045,3,835.0,0.0,32.0,32.0,0.1447620391845703,36.19708598125726,2906.4150390625,,,,,
5046,3,836.0,0.0,32.0,32.0,0.177621841430664,52.80993494670838,3050.8896484375,,,,,
5047,3,837.0,0.0,32.0,32.0,0.2453861236572265,43.21199795231223,2655.9453125,,,,,
5048,3,838.0,0.0,32.0,32.0,0.1197223663330078,43.448952957987785,2727.7080078125,,,,,
5049,3,839.0,0.0,32.0,32.0,0.1471843719482422,43.903324054554105,2766.93994140625,,,,,
5050,3,840.0,0.0,32.0,32.0,0.022500991821289,50.49458600115031,2904.6611328125,,,,,
5051,3,841.0,0.0,32.0,32.0,0.1299972534179687,47.44958900846541,2875.06591796875,,,,,
5052,3,842.0,0.0,32.0,32.0,0.1988430023193359,44.93134800577536,2778.75830078125,,,,,
5053,3,843.0,0.0,32.0,32.0,0.2257232666015625,58.02599602611736,3221.6025390625,,,,,
5054,3,844.0,0.0,32.0,32.0,0.1007394790649414,43.35467499913648,2683.17138671875,,,,,
5055,3,845.0,0.0,32.0,32.0,0.1148681640625,42.35250101191923,2683.17138671875,,,,,
5056,3,846.0,0.0,32.0,32.0,0.204782485961914,32.1595540153794,2766.93994140625,,,,,
5057,3,847.0,0.0,32.0,32.0,0.2786769866943359,40.921894018538296,2655.9453125,,,,,
5058,3,848.0,0.0,32.0,32.0,0.136749267578125,56.41321203438565,3194.6259765625,,,,,
5059,3,849.0,0.0,32.0,32.0,0.0282840728759765,55.77771505340934,3124.951171875,,,,,
5060,3,850.0,0.0,32.0,32.0,0.0453987121582031,41.83956596534699,2491.71826171875,,,,,
5061,3,851.0,0.0,32.0,32.0,0.1521062850952148,40.93254101462662,2619.28369140625,,,,,
5062,3,852.0,0.0,32.0,32.0,0.3377981185913086,45.240722014568746,2816.134765625,,,,,
5063,3,853.0,0.0,32.0,32.0,0.2449016571044922,53.43357898527756,3050.8896484375,,,,,
5064,3,854.0,0.0,32.0,32.0,0.1794853210449218,51.6464930260554,3009.92138671875,,,,,
5065,3,855.0,0.0,32.0,32.0,0.2813959121704101,45.13592203147709,2778.75830078125,,,,,
5066,3,856.0,0.0,32.0,32.0,0.1401758193969726,47.66345204552636,2906.4150390625,,,,,
5067,3,857.0,0.0,32.0,32.0,0.163797378540039,44.66512001818046,3194.6259765625,,,,,
5068,3,858.0,0.0,32.0,32.0,0.1438674926757812,47.9839050094597,2875.06591796875,,,,,
5069,3,859.0,0.0,32.0,32.0,0.4602870941162109,42.176532035227865,2563.7587890625,,,,,
5070,3,860.0,0.0,32.0,32.0,0.1198806762695312,44.89377199206501,2801.326171875,,,,,
5071,3,861.0,0.0,32.0,32.0,0.5395431518554688,44.42931798985228,2766.93994140625,,,,,
5072,3,862.0,0.0,32.0,32.0,0.3432531356811523,46.03694297838956,2801.326171875,,,,,
5073,3,863.0,0.0,32.0,32.0,0.1227827072143554,37.46506798779592,2419.0927734375,,,,,
5074,3,864.0,0.0,32.0,32.0,0.160374641418457,42.03293198952451,2557.56201171875,,,,,
5075,3,865.0,0.0,32.0,32.0,0.217386245727539,43.33406098885462,2694.33349609375,,,,,
5076,3,866.0,0.0,32.0,32.0,0.2764778137207031,44.99737499281764,2801.326171875,,,,,
5077,3,867.0,0.0,32.0,32.0,0.1503725051879882,47.69197094719857,2906.4150390625,,,,,
5078,3,868.0,0.0,32.0,32.0,0.110112190246582,46.25735996523872,2816.134765625,,,,,
5079,3,869.0,0.0,32.0,32.0,0.0794353485107421,30.15567199327052,2619.28369140625,,,,,
5080,3,870.0,0.0,32.0,32.0,0.1126327514648437,47.15339798713103,2906.4150390625,,,,,
5081,3,871.0,0.0,32.0,32.0,0.087320327758789,46.58992099575698,2867.99169921875,,,,,
5082,3,872.0,0.0,32.0,32.0,0.2514104843139648,42.338978964835405,2694.33349609375,,,,,
5083,3,873.0,0.0,32.0,32.0,0.0472288131713867,43.85422897757962,2733.4013671875,,,,,
5084,3,874.0,0.0,32.0,32.0,0.37127685546875,44.18007400818169,2778.75830078125,,,,,
5085,3,875.0,0.0,32.0,32.0,0.1431293487548828,44.24857796402648,2778.75830078125,,,,,
5086,3,876.0,0.0,32.0,32.0,0.0430583953857421,43.997203989420086,2766.93994140625,,,,,
5087,3,877.0,0.0,32.0,32.0,0.0293331146240234,54.77232701377943,3087.69775390625,,,,,
5088,3,878.0,0.0,32.0,32.0,0.2416610717773437,55.140120966825634,3087.69775390625,,,,,
5089,3,879.0,0.0,32.0,32.0,0.2408046722412109,44.79560500476509,2766.93994140625,,,,,
5090,3,880.0,0.0,32.0,32.0,0.1231861114501953,33.48863695282489,2801.326171875,,,,,
5091,3,881.0,0.0,32.0,32.0,0.21038818359375,52.29313002200797,3034.4814453125,,,,,
5092,3,882.0,0.0,32.0,32.0,0.1477613449096679,46.63373500807211,2816.134765625,,,,,
5093,3,883.0,0.0,32.0,32.0,0.2833538055419922,43.25963696464896,2694.33349609375,,,,,
5094,3,884.0,0.0,32.0,32.0,0.316929817199707,51.3084179838188,2970.58984375,,,,,
5095,3,885.0,0.0,32.0,32.0,0.1089649200439453,45.72607600130141,2801.326171875,,,,,
5096,3,886.0,0.0,32.0,32.0,0.1507883071899414,41.1474920110777,2619.28369140625,,,,,
5097,3,887.0,0.0,32.0,32.0,0.1137371063232421,50.29810999985784,2904.6611328125,,,,,
5098,3,888.0,0.0,32.0,32.0,0.1364192962646484,43.69060904718936,2563.7587890625,,,,,
5099,3,889.0,0.0,32.0,32.0,0.133310317993164,42.781286989338696,2694.33349609375,,,,,
5100,3,890.0,0.0,32.0,32.0,0.4363336563110351,43.84978796588257,2733.4013671875,,,,,
5101,3,891.0,0.0,32.0,32.0,0.0831050872802734,42.36888902960345,2694.33349609375,,,,,
5102,3,892.0,0.0,32.0,32.0,0.1031646728515625,32.37507800804451,2778.75830078125,,,,,
5103,3,893.0,0.0,32.0,32.0,0.2661561965942383,44.89118099445477,2816.134765625,,,,,
5104,3,894.0,0.0,32.0,32.0,0.0964307785034179,43.5711289756,2727.7080078125,,,,,
5105,3,895.0,0.0,32.0,32.0,0.1637887954711914,44.58869999507442,2801.326171875,,,,,
5106,3,896.0,0.0,32.0,32.0,0.2462882995605468,45.902470999863,2816.134765625,,,,,
5107,3,897.0,0.0,32.0,32.0,0.0404787063598632,42.21759596839547,2655.9453125,,,,,
5108,3,898.0,0.0,32.0,32.0,0.2051839828491211,48.31895203096792,2906.4150390625,,,,,
5109,3,899.0,0.0,32.0,32.0,0.1450672149658203,46.03613103972748,2801.326171875,,,,,
5110,3,900.0,0.0,32.0,32.0,0.1740579605102539,44.477893970906734,2778.75830078125,,,,,
5111,3,901.0,0.0,32.0,32.0,0.0426445007324218,50.7591319619678,2904.6611328125,,,,,
5112,3,902.0,0.0,32.0,32.0,0.241861343383789,43.65373600739986,2683.17138671875,,,,,
5113,3,903.0,0.0,32.0,32.0,0.1270341873168945,50.76175800058991,2951.76416015625,,,,,
5114,3,904.0,0.0,32.0,32.0,0.022130012512207,32.402987009845674,2733.4013671875,,,,,
5115,3,905.0,0.0,32.0,32.0,0.1881389617919922,52.08061600569636,3050.8896484375,,,,,
5116,3,906.0,0.0,32.0,32.0,0.0251455307006835,47.11763397790492,2867.99169921875,,,,,
5117,3,907.0,0.0,32.0,32.0,0.427464485168457,42.114716954529285,2513.87451171875,,,,,
5118,3,908.0,0.0,32.0,32.0,0.1345834732055664,41.84647399233654,2625.908203125,,,,,
5119,3,909.0,0.0,32.0,32.0,0.0507822036743164,44.31043902877718,2778.75830078125,,,,,
5120,3,910.0,0.0,32.0,32.0,0.2787618637084961,43.92741800984368,2766.93994140625,,,,,
5121,3,911.0,0.0,32.0,32.0,0.1025953292846679,42.469333042390645,2563.7587890625,,,,,
5122,3,912.0,0.0,32.0,32.0,0.1764421463012695,46.71273601707071,2867.99169921875,,,,,
5123,3,913.0,0.0,32.0,32.0,0.6210298538208008,39.14859099313617,2481.373046875,,,,,
5124,3,914.0,0.0,32.0,32.0,0.1271438598632812,47.18892998062074,2906.4150390625,,,,,
5125,3,915.0,0.0,32.0,32.0,0.2603597640991211,46.548479003831744,2867.99169921875,,,,,
5126,3,916.0,0.0,32.0,32.0,0.0500440597534179,31.01216198410839,2563.7587890625,,,,,
5127,3,917.0,0.0,32.0,32.0,0.4957685470581054,45.864887011703104,2906.4150390625,,,,,
5128,3,918.0,0.0,32.0,32.0,0.1979436874389648,43.74696203740314,2778.75830078125,,,,,
5129,3,919.0,0.0,32.0,32.0,0.0297746658325195,48.15328895347193,2906.4150390625,,,,,
5130,3,920.0,0.0,32.0,32.0,0.1567583084106445,52.37807502271608,2970.58984375,,,,,
5131,3,921.0,0.0,32.0,32.0,0.0323371887207031,42.60979499667883,2625.908203125,,,,,
5132,3,922.0,0.0,32.0,32.0,0.2665548324584961,50.51584797911346,2907.79931640625,,,,,
5133,3,923.0,0.0,32.0,32.0,0.0659799575805664,45.22191296564415,2766.93994140625,,,,,
5134,3,924.0,0.0,32.0,32.0,0.2229461669921875,46.61042004590854,2816.134765625,,,,,
5135,3,925.0,0.0,32.0,32.0,0.0255718231201171,50.82540796138346,2907.79931640625,,,,,
5136,3,926.0,0.0,32.0,32.0,0.1195144653320312,44.20739499619231,2727.7080078125,,,,,
5137,3,927.0,0.0,32.0,32.0,0.2583065032958984,38.16304501378909,2951.76416015625,,,,,
5138,3,928.0,0.0,32.0,32.0,0.2617483139038086,49.48546300875023,2904.6611328125,,,,,
5139,3,929.0,0.0,32.0,32.0,0.2040433883666992,59.30256703868508,3259.31494140625,,,,,
5140,3,930.0,0.0,32.0,32.0,0.0341691970825195,43.22837002109736,2655.9453125,,,,,
5141,3,931.0,0.0,32.0,32.0,0.0275554656982421,44.94798398809508,2801.326171875,,,,,
5142,3,932.0,0.0,32.0,32.0,0.1744546890258789,46.84347397414968,2906.4150390625,,,,,
5143,3,933.0,0.0,32.0,32.0,0.1270427703857422,44.51593698468059,2778.75830078125,,,,,
5144,3,934.0,0.0,32.0,32.0,0.1189594268798828,53.22305596200749,3034.4814453125,,,,,
5145,3,935.0,0.0,32.0,32.0,0.2379293441772461,43.2207640260458,2655.9453125,,,,,
5146,3,936.0,0.0,32.0,32.0,0.1149101257324218,42.20963001716882,2557.56201171875,,,,,
5147,3,937.0,0.0,32.0,32.0,0.2821807861328125,43.598646007012576,2733.4013671875,,,,,
5148,3,938.0,0.0,32.0,32.0,0.022003173828125,30.17476398963481,2625.908203125,,,,,
5149,3,939.0,0.0,32.0,32.0,0.2479629516601562,45.391142019070685,2867.99169921875,,,,,
5150,3,940.0,0.0,32.0,32.0,0.2825021743774414,42.98803902929649,2694.33349609375,,,,,
5151,3,941.0,0.0,32.0,32.0,0.0806112289428711,43.70901099173352,2588.3369140625,,,,,
5152,3,942.0,0.0,32.0,32.0,0.2091398239135742,42.906521004624665,2655.9453125,,,,,
5153,3,943.0,0.0,32.0,32.0,0.032536506652832,41.81179899023846,2513.87451171875,,,,,
5154,3,944.0,0.0,32.0,32.0,0.0924015045166015,52.37727501662448,3050.8896484375,,,,,
5155,3,945.0,0.0,32.0,32.0,0.0181093215942382,44.49356201803312,2557.56201171875,,,,,
5156,3,946.0,0.0,32.0,32.0,0.3040657043457031,43.42052899301052,2694.33349609375,,,,,
5157,3,947.0,0.0,32.0,32.0,0.154606819152832,44.15582597721368,2727.7080078125,,,,,
5158,3,948.0,0.0,32.0,32.0,0.02490234375,51.11330095678568,2963.337890625,,,,,
5159,3,949.0,0.0,32.0,32.0,0.2781982421875,50.49850599607453,2904.6611328125,,,,,
5160,3,950.0,0.0,32.0,32.0,0.1330404281616211,36.13204800058156,2906.4150390625,,,,,
5161,3,951.0,0.0,32.0,32.0,0.1471986770629882,55.54667999967933,3171.31201171875,,,,,
5162,3,952.0,0.0,32.0,32.0,0.2091665267944336,55.28375302674249,3124.951171875,,,,,
5163,3,953.0,0.0,32.0,32.0,0.1416473388671875,57.10860097315162,3181.74951171875,,,,,
5164,3,954.0,0.0,32.0,32.0,0.2158260345458984,52.8484060196206,2970.58984375,,,,,
5165,3,955.0,0.0,32.0,32.0,0.1288833618164062,48.13144798390567,2906.4150390625,,,,,
5166,3,956.0,0.0,32.0,32.0,0.1475429534912109,44.33747701114044,2733.4013671875,,,,,
5167,3,957.0,0.0,32.0,32.0,0.4576835632324219,50.84687500493601,2963.337890625,,,,,
5168,3,958.0,0.0,32.0,32.0,0.1800251007080078,44.29015802452341,2766.93994140625,,,,,
5169,3,959.0,0.0,32.0,32.0,0.1602468490600586,51.78699700627476,2970.58984375,,,,,
5170,3,960.0,0.0,32.0,32.0,0.2626457214355469,43.061976961325854,2683.17138671875,,,,,
5171,3,961.0,0.0,32.0,32.0,0.1514844894409179,34.46513001108542,2875.06591796875,,,,,
5172,3,962.0,0.0,32.0,32.0,0.1797304153442382,51.670136977918446,2951.76416015625,,,,,
5173,3,963.0,0.0,32.0,32.0,0.2670841217041015,51.21174099622294,3025.73583984375,,,,,
5174,3,964.0,0.0,32.0,32.0,0.183237075805664,43.79067302215845,2563.7587890625,,,,,
5175,3,965.0,0.0,32.0,32.0,0.1740198135375976,47.48373798793182,2875.06591796875,,,,,
5176,3,966.0,0.0,32.0,32.0,0.3497285842895508,42.664337961468846,2694.33349609375,,,,,
5177,3,967.0,0.0,32.0,32.0,0.0498533248901367,41.85593198053539,2655.9453125,,,,,
5178,3,968.0,0.0,32.0,32.0,0.4879398345947265,43.76584198325872,2727.7080078125,,,,,
5179,3,969.0,0.0,32.0,32.0,0.14849853515625,54.47186896344647,3087.69775390625,,,,,
5180,3,970.0,0.0,32.0,32.0,0.0956439971923828,50.40323099819943,2904.6611328125,,,,,
5181,3,971.0,0.0,32.0,32.0,0.0478668212890625,43.47608803072944,2625.908203125,,,,,
5182,3,972.0,0.0,32.0,32.0,0.0323753356933593,37.29918197495863,2907.79931640625,,,,,
5183,3,973.0,0.0,32.0,32.0,0.288731575012207,51.75533099099994,2951.76416015625,,,,,
5184,3,974.0,0.0,32.0,32.0,0.0257644653320312,44.15187198901549,2727.7080078125,,,,,
5185,3,975.0,0.0,32.0,32.0,0.1504440307617187,42.60668100323528,2563.7587890625,,,,,
5186,3,976.0,0.0,32.0,32.0,0.3291778564453125,47.61312704067677,2875.06591796875,,,,,
5187,3,977.0,0.0,32.0,32.0,0.175811767578125,41.14499903516844,2619.28369140625,,,,,
5188,3,978.0,0.0,32.0,32.0,0.3561897277832031,41.17447603493929,2513.87451171875,,,,,
5189,3,979.0,0.0,32.0,32.0,0.4979734420776367,46.4820169727318,2867.99169921875,,,,,
5190,3,980.0,0.0,32.0,32.0,0.2763996124267578,47.77840099995956,2816.134765625,,,,,
5191,3,981.0,0.0,32.0,32.0,0.107457160949707,43.52468199795112,2733.4013671875,,,,,
5192,3,982.0,0.0,32.0,32.0,0.2004871368408203,41.366984019987285,2513.87451171875,,,,,
5193,3,983.0,0.0,32.0,32.0,0.0294685363769531,43.47204300574958,2778.75830078125,,,,,
5194,3,984.0,0.0,32.0,32.0,0.0317745208740234,34.71511701354757,2816.134765625,,,,,
5195,3,985.0,0.0,32.0,32.0,0.3115978240966797,41.30811896175146,2655.9453125,,,,,
5196,3,986.0,0.0,32.0,32.0,0.4184169769287109,44.29653298575431,2801.326171875,,,,,
5197,3,987.0,0.0,32.0,32.0,0.0291023254394531,43.38232899317518,2727.7080078125,,,,,
5198,3,988.0,0.0,32.0,32.0,0.1688852310180664,41.48899199208245,2491.71826171875,,,,,
5199,3,989.0,0.0,32.0,32.0,0.1451244354248047,42.39876102656126,2557.56201171875,,,,,
5200,3,990.0,0.0,32.0,32.0,0.3123760223388672,47.18141403282061,2816.134765625,,,,,
5201,3,991.0,0.0,32.0,32.0,0.2743358612060547,42.883318034000695,2683.17138671875,,,,,
5202,3,992.0,0.0,32.0,32.0,0.1478958129882812,43.39388298103586,2727.7080078125,,,,,
5203,3,993.0,0.0,32.0,32.0,0.2956924438476562,46.3793680537492,2816.134765625,,,,,
5204,3,994.0,0.0,32.0,32.0,0.1576004028320312,45.9309599827975,2801.326171875,,,,,
5205,3,995.0,0.0,32.0,32.0,0.313690185546875,51.85139901004732,2970.58984375,,,,,
5206,3,996.0,0.0,32.0,32.0,0.1448326110839843,31.142197956796736,2683.17138671875,,,,,
5207,3,997.0,0.0,32.0,32.0,0.044830322265625,42.68689302261919,2733.4013671875,,,,,
5208,3,998.0,0.0,32.0,32.0,0.2927665710449219,41.80590400937945,2655.9453125,,,,,
5209,3,999.0,0.0,32.0,32.0,0.1072101593017578,42.51285002101213,2683.17138671875,,,,,
5210,3,1000.0,0.0,32.0,32.0,0.1804828643798828,47.92876995634288,2906.4150390625,,,,,
5211,3,1001.0,0.0,32.0,32.0,0.2331523895263672,43.33545098779723,2683.17138671875,,,,,
5212,3,1002.0,0.0,32.0,32.0,0.0526752471923828,46.61406797822565,2875.06591796875,,,,,
5213,3,1003.0,0.0,32.0,32.0,0.097116470336914,43.39415597496554,2727.7080078125,,,,,
5214,3,1004.0,0.0,32.0,32.0,0.0730323791503906,43.16759097855538,2683.17138671875,,,,,
5215,3,1005.0,0.0,32.0,32.0,0.316680908203125,50.58378295507282,2907.79931640625,,,,,
5216,3,1006.0,0.0,32.0,32.0,0.2859573364257812,44.72016601357609,2766.93994140625,,,,,
5217,3,1007.0,0.0,32.0,32.0,0.2854290008544922,43.59059000853449,2727.7080078125,,,,,
5218,3,1008.0,0.0,32.0,32.0,0.1215267181396484,33.96015497855842,2867.99169921875,,,,,
5219,3,1009.0,0.0,32.0,32.0,0.2278785705566406,44.70405197935179,2801.326171875,,,,,
5220,3,1010.0,0.0,32.0,32.0,0.0456714630126953,43.49301202455536,2727.7080078125,,,,,
5221,3,1011.0,0.0,32.0,32.0,0.0438442230224609,41.30241501843557,2619.28369140625,,,,,
5222,3,1012.0,0.0,32.0,32.0,0.1393375396728515,38.43636298552156,2481.373046875,,,,,
5223,3,1013.0,0.0,32.0,32.0,0.0462589263916015,49.45909901289269,2904.6611328125,,,,,
5224,3,1014.0,0.0,32.0,32.0,0.0449981689453125,52.00642300769687,3025.73583984375,,,,,
5225,3,1015.0,0.0,32.0,32.0,0.2667446136474609,53.30801103264093,2970.58984375,,,,,
5226,3,1016.0,0.0,32.0,32.0,0.0620937347412109,49.04470499604941,2906.4150390625,,,,,
5227,3,1017.0,0.0,32.0,32.0,0.0259284973144531,43.94146398408338,2778.75830078125,,,,,
5228,3,1018.0,0.0,32.0,32.0,0.1604385375976562,42.76073299115524,2694.33349609375,,,,,
5229,3,1019.0,0.0,32.0,32.0,0.0996379852294921,49.082593992352486,2904.6611328125,,,,,
5230,3,1020.0,0.0,32.0,32.0,0.0198097229003906,39.46442797314376,2963.337890625,,,,,
5231,3,1021.0,0.0,32.0,32.0,0.0321073532104492,50.77807995257899,2951.76416015625,,,,,
5232,3,1022.0,0.0,32.0,32.0,0.3057622909545898,44.69295399030671,2778.75830078125,,,,,
5233,3,1023.0,0.0,32.0,32.0,0.1295118331909179,47.05305001698434,2867.99169921875,,,,,
5234,3,1024.0,0.0,32.0,32.0,0.2336702346801757,43.45104796811938,2778.75830078125,,,,,
5235,3,1025.0,0.0,32.0,32.0,0.180699348449707,43.76166500151157,2778.75830078125,,,,,
5236,3,1026.0,0.0,32.0,32.0,0.1013345718383789,52.74060199735686,2963.337890625,,,,,
5237,3,1027.0,0.0,32.0,32.0,0.0518112182617187,42.92279598303139,2625.908203125,,,,,
5238,3,1028.0,0.0,32.0,32.0,0.0770654678344726,41.90688102971762,2625.908203125,,,,,
5239,3,1029.0,0.0,32.0,32.0,0.2681598663330078,43.04210300324485,2733.4013671875,,,,,
5240,3,1030.0,0.0,32.0,32.0,0.1913623809814453,41.21238400693983,2491.71826171875,,,,,
5241,3,1031.0,0.0,32.0,32.0,0.173436164855957,41.984056995715946,2625.908203125,,,,,
5242,3,1032.0,0.0,32.0,32.0,0.0183277130126953,30.52934497827664,2513.87451171875,,,,,
5243,3,1033.0,0.0,32.0,32.0,0.0784692764282226,41.93724202923477,2694.33349609375,,,,,
5244,3,1034.0,0.0,32.0,32.0,0.0171499252319335,49.64437201851979,2951.76416015625,,,,,
5245,3,1035.0,0.0,32.0,32.0,0.1717081069946289,45.3917880076915,2727.7080078125,,,,,
5246,3,1036.0,0.0,32.0,32.0,0.3464460372924804,46.97185702389106,2867.99169921875,,,,,
5247,3,1037.0,0.0,32.0,32.0,0.1685171127319336,41.56199801946059,2491.71826171875,,,,,
5248,3,1038.0,0.0,32.0,32.0,0.1642055511474609,47.23068099701777,2906.4150390625,,,,,
5249,3,1039.0,0.0,32.0,32.0,0.0311803817749023,44.72547996556386,2588.3369140625,,,,,
5250,3,1040.0,0.0,32.0,32.0,0.2003650665283203,51.35561601491645,2970.58984375,,,,,
5251,3,1041.0,0.0,32.0,32.0,0.3669004440307617,44.938559003639966,2733.4013671875,,,,,
5252,3,1042.0,0.0,32.0,32.0,0.2693395614624023,42.99260198604316,2694.33349609375,,,,,
5253,3,1043.0,0.0,32.0,32.0,0.2340965270996093,44.88742398098111,2801.326171875,,,,,
5254,3,1044.0,0.0,32.0,32.0,0.180704116821289,32.45545004028827,2588.3369140625,,,,,
5255,3,1045.0,0.0,32.0,32.0,0.0276994705200195,45.8229299983941,2906.4150390625,,,,,
5256,3,1046.0,0.0,32.0,32.0,0.2756156921386719,49.67250704066828,2907.79931640625,,,,,
5257,3,1047.0,0.0,32.0,32.0,0.1547632217407226,48.64265298238024,2867.99169921875,,,,,
5258,3,1048.0,0.0,32.0,32.0,0.4640541076660156,49.96955703245476,3009.92138671875,,,,,
5259,3,1049.0,0.0,32.0,32.0,0.0235567092895507,52.711058990098536,2963.337890625,,,,,
5260,3,1050.0,0.0,32.0,32.0,0.2343482971191406,44.613963982556015,2778.75830078125,,,,,
5261,3,1051.0,0.0,32.0,32.0,0.2924795150756836,51.786075986456126,2963.337890625,,,,,
5262,3,1052.0,0.0,32.0,32.0,0.2318239212036132,46.51142697548494,2816.134765625,,,,,
5263,3,1053.0,0.0,32.0,32.0,0.2776384353637695,42.59599500801414,2727.7080078125,,,,,
5264,3,1054.0,0.0,32.0,32.0,0.1058635711669921,52.84965399187058,3050.8896484375,,,,,
5265,3,1055.0,0.0,32.0,32.0,0.2127246856689453,32.56758500356227,2733.4013671875,,,,,
5266,3,1056.0,0.0,32.0,32.0,0.2971000671386719,48.720827035140246,2904.6611328125,,,,,
5267,3,1057.0,0.0,32.0,32.0,0.110447883605957,58.583527978044,3272.55712890625,,,,,
5268,3,1058.0,0.0,32.0,32.0,0.0565605163574218,44.475103029981256,2733.4013671875,,,,,
5269,3,1059.0,0.0,32.0,32.0,0.1384897232055664,45.3527049976401,2801.326171875,,,,,
5270,3,1060.0,0.0,32.0,32.0,0.1345958709716797,42.858280998189,2683.17138671875,,,,,
5271,3,1061.0,0.0,32.0,32.0,0.2677164077758789,52.62147600296885,3050.8896484375,,,,,
5272,3,1062.0,0.0,32.0,32.0,0.025343894958496,49.420738010667264,2906.4150390625,,,,,
5273,3,1063.0,0.0,32.0,32.0,0.4300212860107422,52.17322596581653,3050.8896484375,,,,,
5274,3,1064.0,0.0,32.0,32.0,0.1208267211914062,44.34918699553237,2733.4013671875,,,,,
5275,3,1065.0,0.0,32.0,32.0,0.0682020187377929,50.37825996987522,3009.92138671875,,,,,
5276,3,1066.0,0.0,32.0,32.0,0.2933616638183594,35.47483397414908,2875.06591796875,,,,,
5277,3,1067.0,0.0,32.0,32.0,0.1634159088134765,49.041035992559046,3025.73583984375,,,,,
5278,3,1068.0,0.0,32.0,32.0,0.1248426437377929,46.68637900613248,2801.326171875,,,,,
5279,3,1069.0,0.0,32.0,32.0,0.1632337570190429,41.065475961659104,2491.71826171875,,,,,
5280,3,1070.0,0.0,32.0,32.0,0.42242431640625,51.47388600744307,2970.58984375,,,,,
5281,3,1071.0,0.0,32.0,32.0,0.1369333267211914,44.649482995737344,2778.75830078125,,,,,
5282,3,1072.0,0.0,32.0,32.0,0.1681461334228515,42.799071001354605,2655.9453125,,,,,
5283,3,1073.0,0.0,32.0,32.0,0.2012109756469726,44.74387801019475,2766.93994140625,,,,,
5284,3,1074.0,0.0,32.0,32.0,0.1239213943481445,50.34589098067954,3025.73583984375,,,,,
5285,3,1075.0,0.0,32.0,32.0,0.0581922531127929,44.056971964892,2694.33349609375,,,,,
5286,3,1076.0,0.0,32.0,32.0,0.1239690780639648,55.4363580304198,3181.74951171875,,,,,
5287,3,1077.0,0.0,32.0,32.0,0.0520143508911132,43.56912401271984,3171.31201171875,,,,,
5288,3,1078.0,0.0,32.0,32.0,0.2813215255737304,44.94509601499885,2766.93994140625,,,,,
5289,3,1079.0,0.0,32.0,32.0,0.1376533508300781,43.19153499091044,2727.7080078125,,,,,
5290,3,1080.0,0.0,32.0,32.0,0.0932111740112304,40.57285998715088,2619.28369140625,,,,,
5291,3,1081.0,0.0,32.0,32.0,0.2833452224731445,50.88474100921303,2963.337890625,,,,,
5292,3,1082.0,0.0,32.0,32.0,0.0468816757202148,43.67239796556533,2694.33349609375,,,,,
5293,3,1083.0,0.0,32.0,32.0,0.0823431015014648,45.06925097666681,2801.326171875,,,,,
5294,3,1084.0,0.0,32.0,32.0,0.0620069503784179,43.53645001538098,2727.7080078125,,,,,
5295,3,1085.0,0.0,32.0,32.0,0.1327075958251953,55.02095504198223,3087.69775390625,,,,,
5296,3,1086.0,0.0,32.0,32.0,0.0197658538818359,122.02586804050952,2588.3369140625,,,,,
5297,3,1087.0,0.0,32.0,32.0,0.0600605010986328,30.08165000937879,2733.4013671875,,,,,
5298,3,1088.0,0.0,32.0,32.0,0.0225143432617187,46.55781103065237,3034.4814453125,,,,,
5299,3,1089.0,0.0,32.0,32.0,0.0792536735534668,40.07020400604233,2683.17138671875,,,,,
5300,3,1090.0,0.0,32.0,32.0,0.1770515441894531,38.4261260041967,2655.9453125,,,,,
5301,3,1091.0,0.0,32.0,32.0,0.1909742355346679,46.41543800244108,2907.79931640625,,,,,
5302,3,1092.0,0.0,32.0,32.0,0.4778461456298828,43.7912400229834,2801.326171875,,,,,
5303,3,1093.0,0.0,32.0,32.0,0.1971840858459472,41.35784698883072,2694.33349609375,,,,,
5304,3,1094.0,0.0,32.0,32.0,0.4126372337341308,41.672582970932126,2683.17138671875,,,,,
5305,3,1095.0,0.0,32.0,32.0,0.0511574745178222,43.362866970710456,2766.93994140625,,,,,
5306,3,1096.0,0.0,32.0,32.0,0.2651262283325195,49.474537023343146,2907.79931640625,,,,,
5307,3,1097.0,0.0,32.0,32.0,0.4584951400756836,56.631084997206926,3181.74951171875,,,,,
5308,3,1098.0,0.0,32.0,32.0,0.1349635124206543,43.91278105322272,2733.4013671875,,,,,
5309,3,1099.0,0.0,32.0,32.0,0.1593513488769531,29.67635699314997,2655.9453125,,,,,
5310,3,1100.0,0.0,32.0,32.0,0.0947308540344238,42.74369101040065,2766.93994140625,,,,,
5311,3,1101.0,0.0,32.0,32.0,0.0293288230895996,41.967458033468574,2683.17138671875,,,,,
5312,3,1102.0,0.0,32.0,32.0,0.3132696151733398,44.54314196482301,2801.326171875,,,,,
5313,3,1103.0,0.0,32.0,32.0,0.1987924575805664,43.63863100297749,2727.7080078125,,,,,
5314,3,1104.0,0.0,32.0,32.0,0.1040124893188476,42.80435899272561,2625.908203125,,,,,
5315,3,1105.0,0.0,32.0,32.0,0.2289409637451172,60.82554196473211,3009.92138671875,,,,,
5316,3,1106.0,0.0,32.0,32.0,0.0980911254882812,52.53789300331846,2619.28369140625,,,,,
5317,3,1107.0,0.0,32.0,32.0,0.0205554962158203,55.13728002551943,2906.4150390625,,,,,
5318,3,1108.0,0.0,32.0,32.0,0.2283620834350586,44.03395601548255,2727.7080078125,,,,,
5319,3,1109.0,0.0,32.0,32.0,0.030379295349121,43.75986801460385,2801.326171875,,,,,
5320,3,1110.0,0.0,32.0,32.0,0.3777627944946289,30.09790799114853,2778.75830078125,,,,,
5321,3,1111.0,0.0,32.0,32.0,0.5205678939819336,40.92663899064064,2727.7080078125,,,,,
5322,3,1112.0,0.0,32.0,32.0,0.2978801727294922,41.0438870312646,2766.93994140625,,,,,
5323,3,1113.0,0.0,32.0,32.0,0.3601493835449219,48.85171301430091,2963.337890625,,,,,
5324,3,1114.0,0.0,32.0,32.0,0.1723718643188476,42.36218699952588,2694.33349609375,,,,,
5325,3,1115.0,0.0,32.0,32.0,0.1897125244140625,44.49835798004642,2816.134765625,,,,,
5326,3,1116.0,0.0,32.0,32.0,0.2450771331787109,40.97264801384881,2683.17138671875,,,,,
5327,3,1117.0,0.0,32.0,32.0,0.1428794860839843,41.56327596865594,2557.56201171875,,,,,
5328,3,1118.0,0.0,32.0,32.0,0.2283563613891601,54.23756700474769,3087.69775390625,,,,,
5329,3,1119.0,0.0,32.0,32.0,0.1341590881347656,43.24171697953716,2557.56201171875,,,,,
5330,3,1120.0,0.0,32.0,32.0,0.2867908477783203,43.51031297119334,2727.7080078125,,,,,
5331,3,1121.0,0.0,32.0,32.0,0.3093271255493164,41.32620000746101,2655.9453125,,,,,
5332,3,1122.0,0.0,32.0,32.0,0.1349153518676757,31.161510036326945,2694.33349609375,,,,,
5333,3,1123.0,0.0,32.0,32.0,0.2103691101074218,49.23294496256858,3025.73583984375,,,,,
5334,3,1124.0,0.0,32.0,32.0,0.4149436950683594,54.44470304064453,3050.8896484375,,,,,
5335,3,1125.0,0.0,32.0,32.0,0.1890783309936523,51.05494800955057,2875.06591796875,,,,,
5336,3,1126.0,0.0,32.0,32.0,0.1595325469970703,47.21825203159824,2563.7587890625,,,,,
5337,3,1127.0,0.0,32.0,32.0,0.1218166351318359,57.58221499854699,3050.8896484375,,,,,
5338,3,1128.0,0.0,32.0,32.0,0.1888847351074218,44.55918102758005,2619.28369140625,,,,,
5339,3,1129.0,0.0,32.0,32.0,0.0502195358276367,43.74827799620107,2694.33349609375,,,,,
5340,3,1130.0,0.0,32.0,32.0,0.2809314727783203,43.773279001470655,2588.3369140625,,,,,
5341,3,1131.0,0.0,32.0,32.0,0.4588356018066406,50.02454697387293,3025.73583984375,,,,,
5342,3,1132.0,0.0,32.0,32.0,0.175541877746582,41.70116997556761,2655.9453125,,,,,
5343,3,1133.0,0.0,32.0,32.0,0.1729497909545898,37.32220100937411,3009.92138671875,,,,,
5344,3,1134.0,0.0,32.0,32.0,0.0676336288452148,41.01823701057583,2694.33349609375,,,,,
5345,3,1135.0,0.0,32.0,32.0,0.2301578521728515,49.96257595485076,3050.8896484375,,,,,
5346,3,1136.0,0.0,32.0,32.0,0.2862405776977539,46.53742897789925,2875.06591796875,,,,,
5347,3,1137.0,0.0,32.0,32.0,0.2845687866210937,40.60244502034038,2625.908203125,,,,,
5348,3,1138.0,0.0,32.0,32.0,0.2069339752197265,44.43957097828388,2816.134765625,,,,,
5349,3,1139.0,0.0,32.0,32.0,0.05950927734375,56.80859903804958,3259.31494140625,,,,,
5350,3,1140.0,0.0,32.0,32.0,0.3199539184570312,51.89588700886816,2963.337890625,,,,,
5351,3,1141.0,0.0,32.0,32.0,0.2618141174316406,44.36784604331479,2733.4013671875,,,,,
5352,3,1142.0,0.0,32.0,32.0,0.0444393157958984,40.81417398992926,2619.28369140625,,,,,
5353,3,1143.0,0.0,32.0,32.0,0.0982913970947265,51.19824502617121,3034.4814453125,,,,,
5354,3,1144.0,0.0,32.0,32.0,0.1323318481445312,38.362744031474,2970.58984375,,,,,
5355,3,1145.0,0.0,32.0,32.0,0.1395950317382812,53.74833202222362,2907.79931640625,,,,,
5356,3,1146.0,0.0,32.0,32.0,0.3565559387207031,49.82324101729319,2816.134765625,,,,,
5357,3,1147.0,0.0,32.0,32.0,0.5027618408203125,58.46694100182504,3124.951171875,,,,,
5358,3,1148.0,0.0,32.0,32.0,0.0640411376953125,45.7696850062348,2694.33349609375,,,,,
5359,3,1149.0,0.0,32.0,32.0,0.0459918975830078,45.85947003215552,2801.326171875,,,,,
5360,3,1150.0,0.0,32.0,32.0,0.146677017211914,43.79938397323713,2588.3369140625,,,,,
5361,3,1151.0,0.0,32.0,32.0,0.1655082702636718,50.72656099218875,3009.92138671875,,,,,
5362,3,1152.0,0.0,32.0,32.0,0.1213531494140625,46.78882099688053,2816.134765625,,,,,
5363,3,1153.0,0.0,32.0,32.0,0.292612075805664,52.72203596541658,3087.69775390625,,,,,
5364,3,1154.0,0.0,32.0,32.0,0.0469512939453125,43.22757699992508,2778.75830078125,,,,,
5365,3,1155.0,0.0,32.0,32.0,0.335733413696289,29.303053044714037,2619.28369140625,,,,,
5366,3,1156.0,0.0,32.0,32.0,0.048501968383789,39.48120499262586,2625.908203125,,,,,
5367,3,1157.0,0.0,32.0,32.0,0.351593017578125,41.14354297053069,2557.56201171875,,,,,
5368,3,1158.0,0.0,32.0,32.0,0.3425846099853515,48.460725985933095,2904.6611328125,,,,,
5369,3,1159.0,0.0,32.0,32.0,0.0395641326904296,43.50180801702663,2766.93994140625,,,,,
5370,3,1160.0,0.0,32.0,32.0,0.1643695831298828,49.36652799369767,2904.6611328125,,,,,
5371,3,1161.0,0.0,32.0,32.0,0.1987628936767578,46.07254103757441,2801.326171875,,,,,
5372,3,1162.0,0.0,32.0,32.0,0.1258068084716797,43.21319900918752,2727.7080078125,,,,,
5373,3,1163.0,0.0,32.0,32.0,0.1318340301513672,43.7456929939799,2588.3369140625,,,,,
5374,3,1164.0,0.0,32.0,32.0,0.3929786682128906,42.900325963273644,2655.9453125,,,,,
5375,3,1165.0,0.0,32.0,32.0,0.0349483489990234,52.81567497877404,2951.76416015625,,,,,
5376,3,1166.0,0.0,32.0,32.0,0.1053581237792968,45.99837103160098,2683.17138671875,,,,,
5377,3,1167.0,0.0,32.0,32.0,0.1681041717529297,29.33158405357972,2440.67236328125,,,,,
5378,3,1168.0,0.0,32.0,32.0,0.1833839416503906,48.4451319789514,2904.6611328125,,,,,
5379,3,1169.0,0.0,32.0,32.0,0.1364307403564453,52.60239099152386,2907.79931640625,,,,,
5380,3,1170.0,0.0,32.0,32.0,0.042694091796875,45.899796998128295,2778.75830078125,,,,,
5381,3,1171.0,0.0,32.0,32.0,0.0905513763427734,44.038393010851,2727.7080078125,,,,,
5382,3,1172.0,0.0,32.0,32.0,0.2582473754882812,44.07482704846189,2733.4013671875,,,,,
5383,3,1173.0,0.0,32.0,32.0,0.2948112487792969,42.16670896857977,2655.9453125,,,,,
5384,3,1174.0,0.0,32.0,32.0,0.3281383514404297,43.16115099936724,2727.7080078125,,,,,
5385,3,1175.0,0.0,32.0,32.0,0.0955924987792968,42.732918984256685,2727.7080078125,,,,,
5386,3,1176.0,0.0,32.0,32.0,0.2042388916015625,49.52001600759104,2951.76416015625,,,,,
5387,3,1177.0,0.0,32.0,32.0,0.1895980834960937,47.04071598825976,2867.99169921875,,,,,
5388,3,1178.0,0.0,32.0,32.0,0.2542381286621094,42.7453099982813,2778.75830078125,,,,,
5389,3,1179.0,0.0,32.0,32.0,0.2982177734375,37.403772003017366,2907.79931640625,,,,,
5390,3,1180.0,0.0,32.0,32.0,0.1675605773925781,43.30181796103716,2766.93994140625,,,,,
5391,3,1181.0,0.0,32.0,32.0,0.0477104187011718,42.86293603945524,2778.75830078125,,,,,
5392,3,1182.0,0.0,32.0,32.0,0.1670112609863281,43.4838900109753,2733.4013671875,,,,,
5393,3,1183.0,0.0,32.0,32.0,0.2088603973388672,41.88329400494695,2625.908203125,,,,,
5394,3,1184.0,0.0,32.0,32.0,0.1498336791992187,52.77409695554525,3050.8896484375,,,,,
5395,3,1185.0,0.0,32.0,32.0,0.0646247863769531,46.93276999751106,2801.326171875,,,,,
5396,3,1186.0,0.0,32.0,32.0,0.202188491821289,45.07709702011198,2694.33349609375,,,,,
5397,3,1187.0,0.0,32.0,32.0,0.1473217010498047,45.73043901473284,2766.93994140625,,,,,
5398,3,1188.0,0.0,32.0,32.0,0.0688762664794921,45.86757504148409,2801.326171875,,,,,
5399,3,1189.0,0.0,32.0,32.0,0.1372222900390625,44.43544597597793,2727.7080078125,,,,,
5400,3,1190.0,0.0,32.0,32.0,0.285287857055664,42.56848699878901,2513.87451171875,,,,,
5401,3,1191.0,0.0,32.0,32.0,0.2423915863037109,34.40485702594742,2816.134765625,,,,,
5402,3,1192.0,0.0,32.0,32.0,0.247802734375,41.92716401303187,2655.9453125,,,,,
5403,3,1193.0,0.0,32.0,32.0,0.15704345703125,51.33413698058576,3025.73583984375,,,,,
5404,3,1194.0,0.0,32.0,32.0,0.0332279205322265,38.73674402711913,2440.67236328125,,,,,
5405,3,1195.0,0.0,32.0,32.0,0.0787220001220703,49.21261500567198,2951.76416015625,,,,,
5406,3,1196.0,0.0,32.0,32.0,0.0550308227539062,51.2583099771291,2907.79931640625,,,,,
5407,3,1197.0,0.0,32.0,32.0,0.1903972625732422,50.872954016085714,2951.76416015625,,,,,
5408,3,1198.0,0.0,32.0,32.0,0.0299644470214843,44.41738995956257,2766.93994140625,,,,,
5409,3,1199.0,0.0,32.0,32.0,0.0983867645263671,51.35063402121887,3050.8896484375,,,,,
5410,3,1200.0,0.0,32.0,32.0,0.1321487426757812,43.436028994619846,2563.7587890625,,,,,
5411,3,1201.0,0.0,32.0,32.0,0.24554443359375,49.95992797194049,2963.337890625,,,,,
5412,3,1202.0,0.0,32.0,32.0,0.5633258819580078,39.01906003011391,2970.58984375,,,,,
5413,3,1203.0,0.0,32.0,32.0,0.2156028747558593,44.43813499528915,2801.326171875,,,,,
5414,3,1204.0,0.0,32.0,32.0,0.1533222198486328,50.70664797676727,3009.92138671875,,,,,
5415,3,1205.0,0.0,32.0,32.0,0.1083736419677734,43.1868489831686,2655.9453125,,,,,
5416,3,1206.0,0.0,32.0,32.0,0.2292947769165039,47.71708004409447,2875.06591796875,,,,,
5417,3,1207.0,0.0,32.0,32.0,0.1963825225830078,49.03978301445022,2906.4150390625,,,,,
5418,3,1208.0,0.0,32.0,32.0,0.1552734375,42.21772099845112,2491.71826171875,,,,,
5419,3,1209.0,0.0,32.0,32.0,0.1463356018066406,44.514188019093126,2766.93994140625,,,,,
5420,3,1210.0,0.0,32.0,32.0,0.0442714691162109,52.08985396893695,2907.79931640625,,,,,
5421,3,1211.0,0.0,32.0,32.0,0.2647733688354492,44.80688500916585,2733.4013671875,,,,,
5422,3,1212.0,0.0,32.0,32.0,0.202056884765625,51.75981699721888,2970.58984375,,,,,
5423,3,1213.0,0.0,32.0,32.0,0.1800928115844726,32.612046983558685,2557.56201171875,,,,,
5424,3,1214.0,0.0,32.0,32.0,0.1411504745483398,41.79560398915783,2557.56201171875,,,,,
5425,3,1215.0,0.0,32.0,32.0,0.0806522369384765,41.54346999712288,2619.28369140625,,,,,
5426,3,1216.0,0.0,32.0,32.0,0.0915155410766601,50.05336896283552,2951.76416015625,,,,,
5427,3,1217.0,0.0,32.0,32.0,0.1513528823852539,44.448170985560864,2733.4013671875,,,,,
5428,3,1218.0,0.0,32.0,32.0,0.2467317581176757,46.42932995921001,2867.99169921875,,,,,
5429,3,1219.0,0.0,32.0,32.0,0.428506851196289,50.06481101736426,3025.73583984375,,,,,
5430,3,1220.0,0.0,32.0,32.0,0.0860214233398437,43.28259901376441,2694.33349609375,,,,,
5431,3,1221.0,0.0,32.0,32.0,0.2597475051879883,41.4250289904885,2619.28369140625,,,,,
5432,3,1222.0,0.0,32.0,32.0,0.1556205749511718,49.811029981356114,3009.92138671875,,,,,
5433,3,1223.0,0.0,32.0,32.0,0.213841438293457,46.267118013929576,2816.134765625,,,,,
5434,3,1224.0,0.0,32.0,32.0,0.3186960220336914,44.96769199613482,2801.326171875,,,,,
5435,3,1225.0,0.0,32.0,32.0,0.3083477020263672,41.22178797842935,3103.48876953125,,,,,
5436,3,1226.0,0.0,32.0,32.0,0.2929916381835937,44.36988302040845,2727.7080078125,,,,,
5437,3,1227.0,0.0,32.0,32.0,0.1227617263793945,42.93762898305431,2694.33349609375,,,,,
5438,3,1228.0,0.0,32.0,32.0,0.0406064987182617,42.442389007192105,2655.9453125,,,,,
5439,3,1229.0,0.0,32.0,32.0,0.0590181350708007,42.21809102455154,2655.9453125,,,,,
5440,3,1230.0,0.0,32.0,32.0,0.1536140441894531,42.66837000614032,2625.908203125,,,,,
5441,3,1231.0,0.0,32.0,32.0,0.1706829071044922,53.36482799611986,3034.4814453125,,,,,
5442,3,1232.0,0.0,32.0,32.0,0.2020845413208007,49.26909197820351,2906.4150390625,,,,,
5443,3,1233.0,0.0,32.0,32.0,0.1578664779663086,44.87035400234163,2727.7080078125,,,,,
5444,3,1234.0,0.0,32.0,32.0,0.1618709564208984,50.46066199429333,2907.79931640625,,,,,
5445,3,1235.0,0.0,32.0,32.0,0.0306615829467773,44.45423599099741,2727.7080078125,,,,,
5446,3,1236.0,0.0,32.0,32.0,0.0346450805664062,31.382712011691183,2778.75830078125,,,,,
5447,3,1237.0,0.0,32.0,32.0,0.4352598190307617,50.73638400062919,2970.58984375,,,,,
5448,3,1238.0,0.0,32.0,32.0,0.0712661743164062,44.10777299199253,2727.7080078125,,,,,
5449,3,1239.0,0.0,32.0,32.0,0.4771413803100586,50.90981599641964,2963.337890625,,,,,
5450,3,1240.0,0.0,32.0,32.0,0.1820201873779297,43.94238500390202,2778.75830078125,,,,,
5451,3,1241.0,0.0,32.0,32.0,0.2241106033325195,46.63099895697087,2867.99169921875,,,,,
5452,3,1242.0,0.0,32.0,32.0,0.1858558654785156,42.00655402382836,2625.908203125,,,,,
5453,3,1243.0,0.0,32.0,32.0,0.3015670776367187,51.596467033959925,3034.4814453125,,,,,
5454,3,1244.0,0.0,32.0,32.0,0.0950870513916015,43.41129102976993,2625.908203125,,,,,
5455,3,1245.0,0.0,32.0,32.0,0.0350847244262695,50.90930702863261,2970.58984375,,,,,
5456,3,1246.0,0.0,32.0,32.0,0.0526866912841796,43.33677503746003,2655.9453125,,,,,
5457,3,1247.0,0.0,32.0,32.0,0.2420845031738281,30.469721998088065,2655.9453125,,,,,
5458,3,1248.0,0.0,32.0,32.0,0.2480897903442382,45.44091399293393,2867.99169921875,,,,,
5459,3,1249.0,0.0,32.0,32.0,0.2916603088378906,42.15515404939652,2513.87451171875,,,,,
5460,3,1250.0,0.0,32.0,32.0,0.2739410400390625,42.61498502455652,2655.9453125,,,,,
5461,3,1251.0,0.0,32.0,32.0,0.1364736557006836,44.18699804227799,2683.17138671875,,,,,
5462,3,1252.0,0.0,32.0,32.0,0.0866098403930664,56.053405976854265,3161.05322265625,,,,,
5463,3,1253.0,0.0,32.0,32.0,0.3016433715820312,43.82777999853715,2557.56201171875,,,,,
5464,3,1254.0,0.0,32.0,32.0,0.066349983215332,47.452554979827255,2875.06591796875,,,,,
5465,3,1255.0,0.0,32.0,32.0,0.2368698120117187,48.98043803405017,2906.4150390625,,,,,
5466,3,1256.0,0.0,32.0,32.0,0.0228147506713867,42.8857000079006,2563.7587890625,,,,,
5467,3,1257.0,0.0,32.0,32.0,0.1576299667358398,45.835145050659776,2816.134765625,,,,,
5468,3,1258.0,0.0,32.0,32.0,0.1102933883666992,43.26631798176095,2727.7080078125,,,,,
5469,3,1259.0,0.0,32.0,32.0,0.2170038223266601,31.914060993585736,2766.93994140625,,,,,
5470,3,1260.0,0.0,32.0,32.0,0.1842632293701172,50.71430798852816,3034.4814453125,,,,,
5471,3,1261.0,0.0,32.0,32.0,0.1233987808227539,44.79961603647098,2778.75830078125,,,,,
5472,3,1262.0,0.0,32.0,32.0,0.0995798110961914,41.75027197925374,2513.87451171875,,,,,
5473,3,1263.0,0.0,32.0,32.0,0.0894250869750976,57.23939702147618,3221.6025390625,,,,,
5474,3,1264.0,0.0,32.0,32.0,0.1473569869995117,48.54064900428057,2906.4150390625,,,,,
5475,3,1265.0,0.0,32.0,32.0,0.0773200988769531,44.26629998488352,2766.93994140625,,,,,
5476,3,1266.0,0.0,32.0,32.0,0.0984115600585937,46.69501702301204,2801.326171875,,,,,
5477,3,1267.0,0.0,32.0,32.0,0.212475299835205,42.47458599274978,2683.17138671875,,,,,
5478,3,1268.0,0.0,32.0,32.0,0.1059532165527343,45.58839299716056,2816.134765625,,,,,
5479,3,1269.0,0.0,32.0,32.0,0.0333623886108398,43.24471997097135,2778.75830078125,,,,,
5480,3,1270.0,0.0,32.0,32.0,0.128514289855957,42.75925300316885,3124.951171875,,,,,
5481,3,1271.0,0.0,32.0,32.0,0.132904052734375,44.63783698156476,2778.75830078125,,,,,
5482,3,1272.0,0.0,32.0,32.0,0.0350770950317382,43.50912501104176,2655.9453125,,,,,
5483,3,1273.0,0.0,32.0,32.0,0.0972805023193359,49.909790977835655,2907.79931640625,,,,,
5484,3,1274.0,0.0,32.0,32.0,0.0791234970092773,53.6363139981404,2970.58984375,,,,,
5485,3,1275.0,0.0,32.0,32.0,0.239715576171875,51.259025989566,2951.76416015625,,,,,
5486,3,1276.0,0.0,32.0,32.0,0.3125944137573242,52.34851397108287,2951.76416015625,,,,,
5487,3,1277.0,0.0,32.0,32.0,0.0437355041503906,44.94626400992274,2766.93994140625,,,,,
5488,3,1278.0,0.0,32.0,32.0,0.0381813049316406,42.41135698975995,2625.908203125,,,,,
5489,3,1279.0,0.0,32.0,32.0,0.026885986328125,43.58244600007311,2766.93994140625,,,,,
5490,3,1280.0,0.0,32.0,32.0,0.1616959571838379,46.73015198204666,2875.06591796875,,,,,
5491,3,1281.0,0.0,32.0,32.0,0.3036870956420898,42.31678001815453,3171.31201171875,,,,,
5492,3,1282.0,0.0,32.0,32.0,0.073315143585205,46.70234600780532,2867.99169921875,,,,,
5493,3,1283.0,0.0,32.0,32.0,0.1442251205444336,45.36296403966844,2801.326171875,,,,,
5494,3,1284.0,0.0,32.0,32.0,0.205662727355957,47.07855597371236,2906.4150390625,,,,,
5495,3,1285.0,0.0,32.0,32.0,0.0349636077880859,42.41073300363496,2513.87451171875,,,,,
5496,3,1286.0,0.0,32.0,32.0,0.1428484916687011,53.890413022600114,3087.69775390625,,,,,
5497,3,1287.0,0.0,32.0,32.0,0.123387336730957,52.0522270235233,2963.337890625,,,,,
5498,3,1288.0,0.0,32.0,32.0,0.1125802993774414,45.99892196711153,2801.326171875,,,,,
5499,3,1289.0,0.0,32.0,32.0,0.1513662338256836,43.91310503706336,2766.93994140625,,,,,
5500,3,1290.0,0.0,32.0,32.0,0.137481689453125,42.62754699448124,2625.908203125,,,,,
5501,3,1291.0,0.0,32.0,32.0,0.3957109451293945,50.986990972887725,3025.73583984375,,,,,
5502,3,1292.0,0.0,32.0,32.0,0.3914880752563476,32.749001984484494,2778.75830078125,,,,,
5503,3,1293.0,0.0,32.0,32.0,0.1573314666748047,41.79925000062212,2557.56201171875,,,,,
5504,3,1294.0,0.0,32.0,32.0,0.3366584777832031,45.84681201959029,2801.326171875,,,,,
5505,3,1295.0,0.0,32.0,32.0,0.1902780532836914,54.31244301144034,3087.69775390625,,,,,
5506,3,1296.0,0.0,32.0,32.0,0.1957149505615234,44.643478002399206,2727.7080078125,,,,,
5507,3,1297.0,0.0,32.0,32.0,0.0418872833251953,44.03334198286757,2766.93994140625,,,,,
5508,3,1298.0,0.0,32.0,32.0,0.0354747772216796,44.3733370047994,2778.75830078125,,,,,
5509,3,1299.0,0.0,32.0,32.0,0.3072748184204101,45.14079698128626,2766.93994140625,,,,,
5510,3,1300.0,0.0,32.0,32.0,0.1339960098266601,44.39038102282211,2766.93994140625,,,,,
5511,3,1301.0,0.0,32.0,32.0,0.030069351196289,42.41202800767496,2563.7587890625,,,,,
5512,3,1302.0,0.0,32.0,32.0,0.0341825485229492,42.29513800237328,2694.33349609375,,,,,
5513,3,1303.0,0.0,32.0,32.0,0.3660058975219726,51.8293030327186,3034.4814453125,,,,,
5514,3,1304.0,0.0,32.0,32.0,0.1522932052612304,31.66483697714284,2727.7080078125,,,,,
5515,3,1305.0,0.0,32.0,32.0,0.1811294555664062,49.05462899478152,3025.73583984375,,,,,
5516,3,1306.0,0.0,32.0,32.0,0.2678890228271484,41.81775898905471,2619.28369140625,,,,,
5517,3,1307.0,0.0,32.0,32.0,0.1251363754272461,53.43293596524745,3087.69775390625,,,,,
5518,3,1308.0,0.0,32.0,32.0,0.3168792724609375,52.30614397441968,2963.337890625,,,,,
5519,3,1309.0,0.0,32.0,32.0,0.4878149032592773,43.77803899114952,2727.7080078125,,,,,
5520,3,1310.0,0.0,32.0,32.0,0.4849138259887695,42.27736697066575,2683.17138671875,,,,,
5521,3,1311.0,0.0,32.0,32.0,0.1747035980224609,44.90786499809474,2733.4013671875,,,,,
5522,3,1312.0,0.0,32.0,32.0,0.1062994003295898,42.28916001738981,2625.908203125,,,,,
5523,3,1313.0,0.0,32.0,32.0,0.0755386352539062,40.82531400490552,2619.28369140625,,,,,
5524,3,1314.0,0.0,32.0,32.0,0.2594108581542969,49.72504300531,2907.79931640625,,,,,
5525,3,1315.0,0.0,32.0,32.0,0.0887928009033203,48.97578898817301,2875.06591796875,,,,,
5526,3,1316.0,0.0,32.0,32.0,0.1072101593017578,39.26524805137888,2970.58984375,,,,,
5527,3,1317.0,0.0,32.0,32.0,0.2394371032714843,43.00838598283008,2727.7080078125,,,,,
5528,3,1318.0,0.0,32.0,32.0,0.2270984649658203,45.63443397637457,2816.134765625,,,,,
5529,3,1319.0,0.0,32.0,32.0,0.3502330780029297,38.591463991906494,2447.654296875,,,,,
5530,3,1320.0,0.0,32.0,32.0,0.1829566955566406,42.53501596394926,2683.17138671875,,,,,
5531,3,1321.0,0.0,32.0,32.0,0.0363445281982421,48.206979990936816,2906.4150390625,,,,,
5532,3,1322.0,0.0,32.0,32.0,0.0961360931396484,42.40963404299691,2513.87451171875,,,,,
5533,3,1323.0,0.0,32.0,32.0,0.2824993133544922,42.53983497619629,2683.17138671875,,,,,
5534,3,1324.0,0.0,32.0,32.0,0.2429218292236328,43.38441899744794,2733.4013671875,,,,,
5535,3,1325.0,0.0,32.0,32.0,0.2420578002929687,45.36553303478286,2801.326171875,,,,,
5536,3,1326.0,0.0,32.0,32.0,0.2220001220703125,47.323230013716966,2875.06591796875,,,,,
5537,3,1327.0,0.0,32.0,32.0,0.0687923431396484,52.03197099035606,3034.4814453125,,,,,
5538,3,1328.0,0.0,32.0,32.0,0.0801162719726562,30.10083199478686,2563.7587890625,,,,,
5539,3,1329.0,0.0,32.0,32.0,0.0631580352783203,42.89242497179657,2727.7080078125,,,,,
5540,3,1330.0,0.0,32.0,32.0,0.214263916015625,41.84542299481109,2625.908203125,,,,,
5541,3,1331.0,0.0,32.0,32.0,0.0662727355957031,55.24078197777271,3161.05322265625,,,,,
5542,3,1332.0,0.0,32.0,32.0,0.0414638519287109,44.3478689994663,2727.7080078125,,,,,
5543,3,1333.0,0.0,32.0,32.0,0.1416168212890625,42.75845200754702,2694.33349609375,,,,,
5544,3,1334.0,0.0,32.0,32.0,0.2238426208496093,42.22194297472015,2625.908203125,,,,,
5545,3,1335.0,0.0,32.0,32.0,0.0374069213867187,55.94173999270424,3087.69775390625,,,,,
5546,3,1336.0,0.0,32.0,32.0,0.1923160552978515,43.25274599250406,2683.17138671875,,,,,
5547,3,1337.0,0.0,32.0,32.0,0.0794696807861328,44.10000197822228,2778.75830078125,,,,,
5548,3,1338.0,0.0,32.0,32.0,0.1316089630126953,55.68540596868843,3171.31201171875,,,,,
5549,3,1339.0,0.0,32.0,32.0,0.1141414642333984,31.125475012231615,2766.93994140625,,,,,
5550,3,1340.0,0.0,32.0,32.0,0.1700115203857422,43.06367901153863,2766.93994140625,,,,,
5551,3,1341.0,0.0,32.0,32.0,0.374643325805664,43.74064097646624,2727.7080078125,,,,,
5552,3,1342.0,0.0,32.0,32.0,0.2216167449951172,47.39069897914305,2875.06591796875,,,,,
5553,3,1343.0,0.0,32.0,32.0,0.1905021667480468,41.42996104201302,2619.28369140625,,,,,
5554,3,1344.0,0.0,32.0,32.0,0.086282730102539,42.18120401492342,2694.33349609375,,,,,
5555,3,1345.0,0.0,32.0,32.0,0.4640464782714844,41.19170899502933,2491.71826171875,,,,,
5556,3,1346.0,0.0,32.0,32.0,0.0943374633789062,43.54630701709539,2766.93994140625,,,,,
5557,3,1347.0,0.0,32.0,32.0,0.0761928558349609,56.64048402104527,3124.951171875,,,,,
5558,3,1348.0,0.0,32.0,32.0,0.0917434692382812,43.61024301033467,2683.17138671875,,,,,
5559,3,1349.0,0.0,32.0,32.0,0.1485557556152343,43.50604704814032,2588.3369140625,,,,,
5560,3,1350.0,0.0,32.0,32.0,0.1308937072753906,47.0857479958795,2875.06591796875,,,,,
5561,3,1351.0,0.0,32.0,32.0,0.313385009765625,31.74771298654377,2733.4013671875,,,,,
5562,3,1352.0,0.0,32.0,32.0,0.05474853515625,42.63194795930758,2766.93994140625,,,,,
5563,3,1353.0,0.0,32.0,32.0,0.162607192993164,50.562852004077286,2907.79931640625,,,,,
5564,3,1354.0,0.0,32.0,32.0,0.0281543731689453,39.874220034107566,2447.654296875,,,,,
5565,3,1355.0,0.0,32.0,32.0,0.0236377716064453,43.79653400974348,2778.75830078125,,,,,
5566,3,1356.0,0.0,32.0,32.0,0.0332851409912109,53.79582499153912,3050.8896484375,,,,,
5567,3,1357.0,0.0,32.0,32.0,0.1798896789550781,44.92389602819458,2778.75830078125,,,,,
5568,3,1358.0,0.0,32.0,32.0,0.1440067291259765,43.0875729653053,2655.9453125,,,,,
5569,3,1359.0,0.0,32.0,32.0,0.2460708618164062,57.22497799433768,3194.6259765625,,,,,
5570,3,1360.0,0.0,32.0,32.0,0.1453418731689453,51.42002296634018,2951.76416015625,,,,,
5571,3,1361.0,0.0,32.0,32.0,0.237945556640625,42.72774502169341,2625.908203125,,,,,
5572,3,1362.0,0.0,32.0,32.0,0.0628299713134765,41.52434098068625,3087.69775390625,,,,,
5573,3,1363.0,0.0,32.0,32.0,0.0672988891601562,42.85541601711884,2727.7080078125,,,,,
5574,3,1364.0,0.0,32.0,32.0,0.1404438018798828,41.91667499253526,2655.9453125,,,,,
5575,3,1365.0,0.0,32.0,32.0,0.1414699554443359,42.7171399933286,2727.7080078125,,,,,
5576,3,1366.0,0.0,32.0,32.0,0.3518009185791015,42.49958001310006,2683.17138671875,,,,,
5577,3,1367.0,0.0,32.0,32.0,0.0906028747558593,51.55727901728824,2970.58984375,,,,,
5578,3,1368.0,0.0,32.0,32.0,0.4070949554443359,42.58628003299236,2513.87451171875,,,,,
5579,3,1369.0,0.0,32.0,32.0,0.209014892578125,46.34124599397183,2816.134765625,,,,,
5580,3,1370.0,0.0,32.0,32.0,0.3752346038818359,46.78408498875797,2816.134765625,,,,,
5581,3,1371.0,0.0,32.0,32.0,0.2753734588623047,42.1737230499275,2683.17138671875,,,,,
5582,3,1372.0,0.0,32.0,32.0,0.3208084106445312,46.01100698346272,2816.134765625,,,,,
5583,3,1373.0,0.0,32.0,32.0,0.1464080810546875,44.62931799935177,2778.75830078125,,,,,
5584,3,1374.0,0.0,32.0,32.0,0.2364616394042968,31.531972985249013,2683.17138671875,,,,,
5585,3,1375.0,0.0,32.0,32.0,0.1451892852783203,40.57651798939333,2655.9453125,,,,,
5586,3,1376.0,0.0,32.0,32.0,0.3062992095947265,42.72722499445081,2683.17138671875,,,,,
5587,3,1377.0,0.0,32.0,32.0,0.4348106384277344,38.3447390049696,2447.654296875,,,,,
5588,3,1378.0,0.0,32.0,32.0,0.1149845123291015,47.01456695329398,2875.06591796875,,,,,
5589,3,1379.0,0.0,32.0,32.0,0.0666618347167968,47.55965701770037,2875.06591796875,,,,,
5590,3,1380.0,0.0,32.0,32.0,0.4087963104248047,43.69943303754553,2727.7080078125,,,,,
5591,3,1381.0,0.0,32.0,32.0,0.2190361022949218,44.83726003672928,2778.75830078125,,,,,
5592,3,1382.0,0.0,32.0,32.0,0.1972980499267578,43.40776102617383,2563.7587890625,,,,,
5593,3,1383.0,0.0,32.0,32.0,0.1974220275878906,45.16940703615546,2801.326171875,,,,,
5594,3,1384.0,0.0,32.0,32.0,0.1264915466308593,47.26059001404792,2875.06591796875,,,,,
5595,3,1385.0,0.0,32.0,32.0,0.1968116760253906,40.92376201879233,2619.28369140625,,,,,
5596,3,1386.0,0.0,32.0,32.0,0.1554718017578125,30.746590986382216,2588.3369140625,,,,,
5597,3,1387.0,0.0,32.0,32.0,0.165679931640625,49.85842102905736,2963.337890625,,,,,
5598,3,1388.0,0.0,32.0,32.0,0.1773834228515625,43.00607298500836,2655.9453125,,,,,
5599,3,1389.0,0.0,32.0,32.0,0.0455455780029296,42.26864298107103,2655.9453125,,,,,
5600,3,1390.0,0.0,32.0,32.0,0.159759521484375,41.0261310171336,2491.71826171875,,,,,
5601,3,1391.0,0.0,32.0,32.0,0.3009548187255859,54.16530801448971,3103.48876953125,,,,,
5602,3,1392.0,0.0,32.0,32.0,0.1117382049560546,43.25012298068032,2683.17138671875,,,,,
5603,3,1393.0,0.0,32.0,32.0,0.0778484344482421,38.41776901390404,2481.373046875,,,,,
5604,3,1394.0,0.0,32.0,32.0,0.0814056396484375,47.39633703138679,2875.06591796875,,,,,
5605,3,1395.0,0.0,32.0,32.0,0.0468311309814453,46.50498100090772,2816.134765625,,,,,
5606,3,1396.0,0.0,32.0,32.0,0.1824169158935547,43.97525597596541,2727.7080078125,,,,,
5607,3,1397.0,0.0,32.0,32.0,0.2936420440673828,51.51091597508639,2963.337890625,,,,,
5608,3,1398.0,0.0,32.0,32.0,0.0745086669921875,35.39503802312538,2906.4150390625,,,,,
5609,3,1399.0,0.0,32.0,32.0,0.2334117889404297,42.83799702534452,2727.7080078125,,,,,
5610,3,1400.0,0.0,32.0,32.0,0.053018569946289,43.461825989652425,2766.93994140625,,,,,
5611,3,1401.0,0.0,32.0,32.0,0.1748466491699218,46.4973240159452,2816.134765625,,,,,
5612,3,1402.0,0.0,32.0,32.0,0.1649799346923828,46.529872983228415,2867.99169921875,,,,,
5613,3,1403.0,0.0,32.0,32.0,0.2234725952148437,49.7956569888629,2904.6611328125,,,,,
5614,3,1404.0,0.0,32.0,32.0,0.1091575622558593,45.38196395151317,2766.93994140625,,,,,
5615,3,1405.0,0.0,32.0,32.0,0.3879852294921875,50.70244596572593,3009.92138671875,,,,,
5616,3,1406.0,0.0,32.0,32.0,0.1116142272949218,53.81845199735835,3050.8896484375,,,,,
5617,3,1407.0,0.0,32.0,32.0,0.3726253509521484,44.28129695588723,2588.3369140625,,,,,
5618,3,1408.0,0.0,32.0,32.0,0.318450927734375,42.491363012231886,2625.908203125,,,,,
5619,3,1409.0,0.0,32.0,32.0,0.0218753814697265,31.89252899028361,2801.326171875,,,,,
5620,3,1410.0,0.0,32.0,32.0,0.159637451171875,45.45399697963149,2867.99169921875,,,,,
5621,3,1411.0,0.0,32.0,32.0,0.1209526062011718,46.15394299617037,2816.134765625,,,,,
5622,3,1412.0,0.0,32.0,32.0,0.2600002288818359,43.12709998339415,2727.7080078125,,,,,
5623,3,1413.0,0.0,32.0,32.0,0.1463832855224609,50.65117997583002,2970.58984375,,,,,
5624,3,1414.0,0.0,32.0,32.0,0.206613540649414,55.36915297852829,3087.69775390625,,,,,
5625,3,1415.0,0.0,32.0,32.0,0.1490631103515625,47.98057395964861,2875.06591796875,,,,,
5626,3,1416.0,0.0,32.0,32.0,0.3769645690917969,42.36308595864102,2513.87451171875,,,,,
5627,3,1417.0,0.0,32.0,32.0,0.2177162170410156,46.42105899984017,2816.134765625,,,,,
5628,3,1418.0,0.0,32.0,32.0,0.0524253845214843,46.79920803755522,2875.06591796875,,,,,
5629,3,1419.0,0.0,32.0,32.0,0.0602264404296875,48.36254002293572,2906.4150390625,,,,,
5630,3,1420.0,0.0,32.0,32.0,0.0674095153808593,43.19558897987008,3171.31201171875,,,,,
5631,3,1421.0,0.0,32.0,32.0,0.0870094299316406,41.63857200182974,2491.71826171875,,,,,
5632,3,1422.0,0.0,32.0,32.0,0.04632568359375,50.965348025783896,2963.337890625,,,,,
5633,3,1423.0,0.0,32.0,32.0,0.3108482360839844,43.91095699975267,2727.7080078125,,,,,
5634,3,1424.0,0.0,32.0,32.0,0.1516227722167968,46.64276202674955,2875.06591796875,,,,,
5635,3,1425.0,0.0,32.0,32.0,0.274810791015625,43.01576199941337,2683.17138671875,,,,,
5636,3,1426.0,0.0,32.0,32.0,0.0417308807373046,44.16606499580666,2733.4013671875,,,,,
5637,3,1427.0,0.0,32.0,32.0,0.1901187896728515,43.56585699133575,2557.56201171875,,,,,
5638,3,1428.0,0.0,32.0,32.0,0.2327728271484375,50.67242600489408,2907.79931640625,,,,,
5639,3,1429.0,0.0,32.0,32.0,0.186319351196289,52.77984502026811,2970.58984375,,,,,
5640,3,1430.0,0.0,32.0,32.0,0.1617641448974609,42.9628900019452,2655.9453125,,,,,
5641,3,1431.0,0.0,32.0,32.0,0.0518522262573242,38.85085001820698,2970.58984375,,,,,
5642,3,1432.0,0.0,32.0,32.0,0.3799724578857422,42.00693499296904,2655.9453125,,,,,
5643,3,1433.0,0.0,32.0,32.0,0.1490859985351562,41.50123201543465,2625.908203125,,,,,
5644,3,1434.0,0.0,32.0,32.0,0.1321735382080078,46.59877001540736,2867.99169921875,,,,,
5645,3,1435.0,0.0,32.0,32.0,0.089365005493164,46.21497099287808,2816.134765625,,,,,
5646,3,1436.0,0.0,32.0,32.0,0.2685222625732422,45.62783701112494,2816.134765625,,,,,
5647,3,1437.0,0.0,32.0,32.0,0.4225978851318359,50.94359198119491,3025.73583984375,,,,,
5648,3,1438.0,0.0,32.0,32.0,0.0181941986083984,43.119293986819685,2625.908203125,,,,,
5649,3,1439.0,0.0,32.0,32.0,0.4007444381713867,42.87649702746421,2563.7587890625,,,,,
5650,3,1440.0,0.0,32.0,32.0,0.0304641723632812,46.21368797961623,2816.134765625,,,,,
5651,3,1441.0,0.0,32.0,32.0,0.3129100799560547,50.61532399849966,3009.92138671875,,,,,
5652,3,1442.0,0.0,32.0,32.0,0.2357311248779297,50.98272999748588,2907.79931640625,,,,,
5653,3,1443.0,0.0,32.0,32.0,0.1900901794433593,31.36030700989068,2625.908203125,,,,,
5654,3,1444.0,0.0,32.0,32.0,0.161294937133789,41.62635700777173,2683.17138671875,,,,,
5655,3,1445.0,0.0,32.0,32.0,0.2554969787597656,43.77976595424116,2778.75830078125,,,,,
5656,3,1446.0,0.0,32.0,32.0,0.2069416046142578,47.48548398492858,2867.99169921875,,,,,
5657,3,1447.0,0.0,32.0,32.0,0.0752639770507812,50.16990902367979,2904.6611328125,,,,,
5658,3,1448.0,0.0,32.0,32.0,0.0251903533935546,51.55091697815806,2904.6611328125,,,,,
5659,3,1449.0,0.0,32.0,32.0,0.0994796752929687,51.2606049887836,2907.79931640625,,,,,
5660,3,1450.0,0.0,32.0,32.0,0.2141284942626953,52.21659899689257,2904.6611328125,,,,,
5661,3,1451.0,0.0,32.0,32.0,0.1309967041015625,48.00670099211857,2875.06591796875,,,,,
5662,3,1452.0,0.0,32.0,32.0,0.16046142578125,50.45111896470189,3025.73583984375,,,,,
5663,3,1453.0,0.0,32.0,32.0,0.2667465209960937,42.75140503887087,2625.908203125,,,,,
5664,3,1454.0,0.0,32.0,32.0,0.2062187194824218,36.73623001668602,2951.76416015625,,,,,
5665,3,1455.0,0.0,32.0,32.0,0.1297550201416015,47.16823401395232,2906.4150390625,,,,,
5666,3,1456.0,0.0,32.0,32.0,0.1111373901367187,44.246615027077496,2766.93994140625,,,,,
5667,3,1457.0,0.0,32.0,32.0,0.0391082763671875,45.186433009803295,2801.326171875,,,,,
5668,3,1458.0,0.0,32.0,32.0,0.1297569274902343,43.21620002156124,2766.93994140625,,,,,
5669,3,1459.0,0.0,32.0,32.0,0.0270290374755859,43.00162300933152,2563.7587890625,,,,,
5670,3,1460.0,0.0,32.0,32.0,0.1132526397705078,47.93940001400188,2906.4150390625,,,,,
5671,3,1461.0,0.0,32.0,32.0,0.12335205078125,55.01599202398211,3103.48876953125,,,,,
5672,3,1462.0,0.0,32.0,32.0,0.022165298461914,55.30975398141891,3087.69775390625,,,,,
5673,3,1463.0,0.0,32.0,32.0,0.3466510772705078,57.220777962356806,3181.74951171875,,,,,
5674,3,1464.0,0.0,32.0,32.0,0.0817413330078125,50.98248500144109,2904.6611328125,,,,,
5675,3,1465.0,0.0,32.0,32.0,0.0602493286132812,33.232039015274495,2801.326171875,,,,,
5676,3,1466.0,0.0,32.0,32.0,0.0304985046386718,36.990377004258335,2372.5361328125,,,,,
5677,3,1467.0,0.0,32.0,32.0,0.2103023529052734,49.70864998176694,2963.337890625,,,,,
5678,3,1468.0,0.0,32.0,32.0,0.0394115447998046,50.37182598607615,3009.92138671875,,,,,
5679,3,1469.0,0.0,32.0,32.0,0.2864894866943359,43.350099003873765,2625.908203125,,,,,
5680,3,1470.0,0.0,32.0,32.0,0.2065200805664062,44.34214998036623,2778.75830078125,,,,,
5681,3,1471.0,0.0,32.0,32.0,0.122201919555664,52.200673962943256,3034.4814453125,,,,,
5682,3,1472.0,0.0,32.0,32.0,0.2154788970947265,46.359819010831416,2801.326171875,,,,,
5683,3,1473.0,0.0,32.0,32.0,0.1640281677246093,49.9904039897956,2907.79931640625,,,,,
5684,3,1474.0,0.0,32.0,32.0,0.0642127990722656,51.79722001776099,2963.337890625,,,,,
5685,3,1475.0,0.0,32.0,32.0,0.1537761688232422,43.543485982809216,2694.33349609375,,,,,
5686,3,1476.0,0.0,32.0,32.0,0.0162544250488281,30.403362005017694,2655.9453125,,,,,
5687,3,1477.0,0.0,32.0,32.0,0.2824935913085937,41.63341195089743,2727.7080078125,,,,,
5688,3,1478.0,0.0,32.0,32.0,0.1276283264160156,43.4678610181436,2766.93994140625,,,,,
5689,3,1479.0,0.0,32.0,32.0,0.3089981079101562,50.17671297537163,2951.76416015625,,,,,
5690,3,1480.0,0.0,32.0,32.0,0.3637428283691406,51.31499096751213,2907.79931640625,,,,,
5691,3,1481.0,0.0,32.0,32.0,0.0575008392333984,52.342202980071306,2963.337890625,,,,,
5692,3,1482.0,0.0,32.0,32.0,0.1446151733398437,51.10254499595612,2904.6611328125,,,,,
5693,3,1483.0,0.0,32.0,32.0,0.3735103607177734,48.16224897513166,2867.99169921875,,,,,
5694,3,1484.0,0.0,32.0,32.0,0.6242351531982422,45.13958498137072,2778.75830078125,,,,,
5695,3,1485.0,0.0,32.0,32.0,0.246988296508789,44.14546402404085,2588.3369140625,,,,,
5696,3,1486.0,0.0,32.0,32.0,0.0928630828857421,44.73828803747893,2801.326171875,,,,,
5697,3,1487.0,0.0,32.0,32.0,0.0704669952392578,30.351787980180237,2625.908203125,,,,,
5698,3,1488.0,0.0,32.0,32.0,0.4307270050048828,42.36465599387884,2778.75830078125,,,,,
5699,3,1489.0,0.0,32.0,32.0,0.0359783172607421,42.34657296910882,2683.17138671875,,,,,
5700,3,1490.0,0.0,32.0,32.0,0.1804428100585937,41.93057201337069,2625.908203125,,,,,
5701,3,1491.0,0.0,32.0,32.0,0.1040992736816406,44.24626502441242,2766.93994140625,,,,,
5702,3,1492.0,0.0,32.0,32.0,0.1994171142578125,43.17876696586609,2694.33349609375,,,,,
5703,3,1493.0,0.0,32.0,32.0,0.0464611053466796,47.185738978441805,2875.06591796875,,,,,
5704,3,1494.0,0.0,32.0,32.0,0.3240871429443359,42.90298500563949,2563.7587890625,,,,,
5705,3,1495.0,0.0,32.0,32.0,0.0971832275390625,50.571694038808346,2904.6611328125,,,,,
5706,3,1496.0,0.0,32.0,32.0,0.1031703948974609,43.80442702677101,2625.908203125,,,,,
5707,3,1497.0,0.0,32.0,32.0,0.1276607513427734,45.99699395475909,2816.134765625,,,,,
5708,3,1498.0,0.0,32.0,32.0,0.0874271392822265,42.903817957267165,2766.93994140625,,,,,
5709,3,1499.0,0.0,32.0,32.0,0.2063198089599609,30.736928049009293,2694.33349609375,,,,,
5710,3,1500.0,0.0,32.0,32.0,0.0859222412109375,41.67915298603475,2694.33349609375,,,,,
5711,3,1501.0,0.0,32.0,32.0,0.1688499450683593,49.04946603346616,2907.79931640625,,,,,
5712,3,1502.0,0.0,32.0,32.0,0.3724536895751953,57.8353829914704,3181.74951171875,,,,,
5713,3,1503.0,0.0,32.0,32.0,0.3312797546386719,49.49581698747352,2906.4150390625,,,,,
5714,3,1504.0,0.0,32.0,32.0,0.0394248962402343,45.822429994586855,2801.326171875,,,,,
5715,3,1505.0,0.0,32.0,32.0,0.0596065521240234,44.93371298303828,2801.326171875,,,,,
5716,3,1506.0,0.0,32.0,32.0,0.3393154144287109,44.03091000858694,2727.7080078125,,,,,
5717,3,1507.0,0.0,32.0,32.0,0.2340621948242187,50.93531799502671,2951.76416015625,,,,,
5718,3,1508.0,0.0,32.0,32.0,0.1153697967529296,47.64887900091708,2867.99169921875,,,,,
5719,3,1509.0,0.0,32.0,32.0,0.3292045593261719,42.86174301523715,2694.33349609375,,,,,
5720,3,1510.0,0.0,32.0,32.0,0.3430500030517578,32.1139840525575,2801.326171875,,,,,
5721,3,1511.0,0.0,32.0,32.0,0.0215625762939453,41.866789979394525,2683.17138671875,,,,,
5722,3,1512.0,0.0,32.0,32.0,0.1992244720458984,49.92924199905247,3009.92138671875,,,,,
5723,3,1513.0,0.0,32.0,32.0,0.0955982208251953,51.18133098585531,3025.73583984375,,,,,
5724,3,1514.0,0.0,32.0,32.0,0.1570549011230468,46.4979040552862,2801.326171875,,,,,
5725,3,1515.0,0.0,32.0,32.0,0.0245361328125,43.14274800708517,2683.17138671875,,,,,
5726,3,1516.0,0.0,32.0,32.0,0.218902587890625,47.11983801098541,2906.4150390625,,,,,
5727,3,1517.0,0.0,32.0,32.0,0.2137279510498047,51.31415103096515,2951.76416015625,,,,,
5728,3,1518.0,0.0,32.0,32.0,0.0325679779052734,51.59008898772299,2907.79931640625,,,,,
5729,3,1519.0,0.0,32.0,32.0,0.2685699462890625,44.220215000677854,2727.7080078125,,,,,
5730,3,1520.0,0.0,32.0,32.0,0.2190303802490234,41.6518910205923,2625.908203125,,,,,
5731,3,1521.0,0.0,32.0,32.0,0.329193115234375,31.455874966923147,2733.4013671875,,,,,
5732,3,1522.0,0.0,32.0,32.0,0.146371841430664,42.42695902939886,2778.75830078125,,,,,
5733,3,1523.0,0.0,32.0,32.0,0.3291053771972656,50.49822496948764,2904.6611328125,,,,,
5734,3,1524.0,0.0,32.0,32.0,0.1497154235839843,43.421571026556194,2694.33349609375,,,,,
5735,3,1525.0,0.0,32.0,32.0,0.1974544525146484,45.25504499906674,2801.326171875,,,,,
5736,3,1526.0,0.0,32.0,32.0,0.0236129760742187,43.90462499577552,2766.93994140625,,,,,
5737,3,1527.0,0.0,32.0,32.0,0.0409889221191406,51.03980004787445,2951.76416015625,,,,,
5738,3,1528.0,0.0,32.0,32.0,0.3096332550048828,44.69729802804068,2727.7080078125,,,,,
5739,3,1529.0,0.0,32.0,32.0,0.0294399261474609,54.736594029236585,3087.69775390625,,,,,
5740,3,1530.0,0.0,32.0,32.0,0.1312599182128906,41.79081000620499,2619.28369140625,,,,,
5741,3,1531.0,0.0,32.0,32.0,0.0735015869140625,46.740126970689744,2816.134765625,,,,,
5742,3,1532.0,0.0,32.0,32.0,0.2504253387451172,42.04302199650556,2694.33349609375,,,,,
5743,3,1533.0,0.0,32.0,32.0,0.0673465728759765,40.10505898622796,3050.8896484375,,,,,
5744,3,1534.0,0.0,32.0,32.0,0.2203025817871093,43.57561096549034,2778.75830078125,,,,,
5745,3,1535.0,0.0,32.0,32.0,0.2363357543945312,46.590094978455454,2875.06591796875,,,,,
5746,3,1536.0,0.0,32.0,32.0,0.1486682891845703,43.94234798382968,2588.3369140625,,,,,
5747,3,1537.0,0.0,32.0,32.0,0.0193500518798828,47.5714830099605,2875.06591796875,,,,,
5748,3,1538.0,0.0,32.0,32.0,0.2515850067138672,46.629626012872905,2816.134765625,,,,,
5749,3,1539.0,0.0,32.0,32.0,0.1557502746582031,47.37993096932769,2867.99169921875,,,,,
5750,3,1540.0,0.0,32.0,32.0,0.2411632537841797,46.74334701849148,2816.134765625,,,,,
5751,3,1541.0,0.0,32.0,32.0,0.0592899322509765,53.49813203793019,3103.48876953125,,,,,
5752,3,1542.0,0.0,32.0,32.0,0.3005104064941406,50.443948013708,2904.6611328125,,,,,
5753,3,1543.0,0.0,32.0,32.0,0.1555156707763672,52.5500180083327,2970.58984375,,,,,
5754,3,1544.0,0.0,32.0,32.0,0.2195281982421875,35.3725950117223,2906.4150390625,,,,,
5755,3,1545.0,0.0,32.0,32.0,0.114542007446289,42.36518096877262,2727.7080078125,,,,,
5756,3,1546.0,0.0,32.0,32.0,0.1001873016357421,49.37268799403682,2907.79931640625,,,,,
5757,3,1547.0,0.0,32.0,32.0,0.2551536560058594,47.64495900599286,2816.134765625,,,,,
5758,3,1548.0,0.0,32.0,32.0,0.2828216552734375,45.66787800285965,2801.326171875,,,,,
5759,3,1549.0,0.0,32.0,32.0,0.0342617034912109,42.56304900627583,2683.17138671875,,,,,
5760,3,1550.0,0.0,32.0,32.0,0.1406917572021484,43.12230501091108,2694.33349609375,,,,,
5761,3,1551.0,0.0,32.0,32.0,0.3561573028564453,50.81561399856582,3025.73583984375,,,,,
5762,3,1552.0,0.0,32.0,32.0,0.280130386352539,42.36600600415841,2619.28369140625,,,,,
5763,3,1553.0,0.0,32.0,32.0,0.1057205200195312,42.70473803626373,2694.33349609375,,,,,
5764,3,1554.0,0.0,32.0,32.0,0.0529117584228515,42.70144202746451,2694.33349609375,,,,,
5765,3,1555.0,0.0,32.0,32.0,0.0765209197998046,43.86464203707874,2766.93994140625,,,,,
5766,3,1556.0,0.0,32.0,32.0,0.0259990692138671,29.852768988348544,2683.17138671875,,,,,
5767,3,1557.0,0.0,32.0,32.0,0.1596813201904297,43.08314400259405,2778.75830078125,,,,,
5768,3,1558.0,0.0,32.0,32.0,0.3443832397460937,47.32542397687212,2875.06591796875,,,,,
5769,3,1559.0,0.0,32.0,32.0,0.2901725769042969,54.700063017662615,3087.69775390625,,,,,
5770,3,1560.0,0.0,32.0,32.0,0.1378669738769531,51.20556300971657,2907.79931640625,,,,,
5771,3,1561.0,0.0,32.0,32.0,0.0242137908935546,43.6237400281243,2557.56201171875,,,,,
5772,3,1562.0,0.0,32.0,32.0,0.0334701538085937,45.97077798098326,2801.326171875,,,,,
5773,3,1563.0,0.0,32.0,32.0,0.3196277618408203,43.02316904067993,2655.9453125,,,,,
5774,3,1564.0,0.0,32.0,32.0,0.0215091705322265,41.2002700031735,2491.71826171875,,,,,
5775,3,1565.0,0.0,32.0,32.0,0.1433296203613281,42.94058500090614,2694.33349609375,,,,,
5776,3,1566.0,0.0,32.0,32.0,0.3128070831298828,46.82294698432088,2875.06591796875,,,,,
5777,3,1567.0,0.0,32.0,32.0,0.2800064086914062,45.02008500276133,2801.326171875,,,,,
5778,3,1568.0,0.0,32.0,32.0,0.1939373016357422,30.78994300449267,2727.7080078125,,,,,
5779,3,1569.0,0.0,32.0,32.0,0.1860103607177734,42.3742460552603,2727.7080078125,,,,,
5780,3,1570.0,0.0,32.0,32.0,0.1950130462646484,51.59043800085783,3034.4814453125,,,,,
5781,3,1571.0,0.0,32.0,32.0,0.1442375183105468,44.5999390212819,2727.7080078125,,,,,
5782,3,1572.0,0.0,32.0,32.0,0.2336673736572265,42.83502005273476,2683.17138671875,,,,,
5783,3,1573.0,0.0,32.0,32.0,0.248178482055664,52.2324470221065,3050.8896484375,,,,,
5784,3,1574.0,0.0,32.0,32.0,0.046905517578125,45.375499001238495,2766.93994140625,,,,,
5785,3,1575.0,0.0,32.0,32.0,0.1341381072998047,44.48744695400819,2766.93994140625,,,,,
5786,3,1576.0,0.0,32.0,32.0,0.1674098968505859,47.15142899658531,2875.06591796875,,,,,
5787,3,1577.0,0.0,32.0,32.0,0.1461658477783203,42.49429103219882,2625.908203125,,,,,
5788,3,1578.0,0.0,32.0,32.0,0.2455406188964843,51.53340398101136,2970.58984375,,,,,
5789,3,1579.0,0.0,32.0,32.0,0.3869876861572265,43.14640100346878,2557.56201171875,,,,,
5790,3,1580.0,0.0,32.0,32.0,0.0291461944580078,39.437567989807576,3050.8896484375,,,,,
5791,3,1581.0,0.0,32.0,32.0,0.0685596466064453,43.65505900932476,2557.56201171875,,,,,
5792,3,1582.0,0.0,32.0,32.0,0.1575069427490234,57.519146997947246,3221.6025390625,,,,,
5793,3,1583.0,0.0,32.0,32.0,0.1412010192871093,56.3166179927066,3171.31201171875,,,,,
5794,3,1584.0,0.0,32.0,32.0,0.266580581665039,44.71977497451008,2778.75830078125,,,,,
5795,3,1585.0,0.0,32.0,32.0,0.0732688903808593,42.62761201243848,2625.908203125,,,,,
5796,3,1586.0,0.0,32.0,32.0,0.155364990234375,50.52320699905977,2907.79931640625,,,,,
5797,3,1587.0,0.0,32.0,32.0,0.0225963592529296,44.35172502417117,2557.56201171875,,,,,
5798,3,1588.0,0.0,32.0,32.0,0.1864681243896484,47.78895300114527,2906.4150390625,,,,,
5799,3,1589.0,0.0,32.0,32.0,0.0301647186279296,43.56622300110757,2766.93994140625,,,,,
5800,3,1590.0,0.0,32.0,32.0,0.0247783660888671,43.05566597031429,2727.7080078125,,,,,
5801,3,1591.0,0.0,32.0,32.0,0.2078590393066406,41.25692503293976,3087.69775390625,,,,,
5802,3,1592.0,0.0,32.0,32.0,0.1036319732666015,42.54267696524039,2655.9453125,,,,,
5803,3,1593.0,0.0,32.0,32.0,0.1798458099365234,46.26787599408999,2816.134765625,,,,,
5804,3,1594.0,0.0,32.0,32.0,0.3058452606201172,42.09461901336908,2513.87451171875,,,,,
5805,3,1595.0,0.0,32.0,32.0,0.0939178466796875,44.74867903627455,2801.326171875,,,,,
5806,3,1596.0,0.0,32.0,32.0,0.3710784912109375,42.95624705264345,2694.33349609375,,,,,
5807,3,1597.0,0.0,32.0,32.0,0.193338394165039,52.894123014993966,3050.8896484375,,,,,
5808,3,1598.0,0.0,32.0,32.0,0.0221099853515625,44.00862503098324,2683.17138671875,,,,,
5809,3,1599.0,0.0,32.0,32.0,0.3271617889404297,43.01140405004844,2694.33349609375,,,,,
5810,3,1600.0,0.0,32.0,32.0,0.1432266235351562,43.74288202961907,2733.4013671875,,,,,
5811,3,1601.0,0.0,32.0,32.0,0.0226497650146484,43.16852701595053,2694.33349609375,,,,,
5812,3,1602.0,0.0,32.0,32.0,0.0348052978515625,50.83616997580975,2963.337890625,,,,,
5813,3,1603.0,0.0,32.0,32.0,0.3367538452148437,37.548428983427584,3009.92138671875,,,,,
5814,3,1604.0,0.0,32.0,32.0,0.4125633239746094,57.764461962506175,3221.6025390625,,,,,
5815,3,1605.0,0.0,32.0,32.0,0.1901254653930664,39.03443802846596,2440.67236328125,,,,,
5816,3,1606.0,0.0,32.0,32.0,0.0444278717041015,41.20507399784401,2513.87451171875,,,,,
5817,3,1607.0,0.0,32.0,32.0,0.213261604309082,46.53570696245879,2875.06591796875,,,,,
5818,3,1608.0,0.0,32.0,32.0,0.0506401062011718,44.13644102169201,2588.3369140625,,,,,
5819,3,1609.0,0.0,32.0,32.0,0.165013313293457,52.61428898666054,3050.8896484375,,,,,
5820,3,1610.0,0.0,32.0,32.0,0.1904420852661132,45.4686830053106,2588.3369140625,,,,,
5821,3,1611.0,0.0,32.0,32.0,0.2273483276367187,44.776818016543984,2727.7080078125,,,,,
5822,3,1612.0,0.0,32.0,32.0,0.3290157318115234,46.89196596154943,2875.06591796875,,,,,
5823,3,1613.0,0.0,32.0,32.0,0.1403675079345703,47.14430798776448,2875.06591796875,,,,,
5824,3,1614.0,0.0,32.0,32.0,0.0223884582519531,30.265627952758223,2733.4013671875,,,,,
5825,3,1615.0,0.0,32.0,32.0,0.313974380493164,43.193374993279576,2816.134765625,,,,,
5826,3,1616.0,0.0,32.0,32.0,0.1381673812866211,42.65610600123182,2727.7080078125,,,,,
5827,3,1617.0,0.0,32.0,32.0,0.1245975494384765,43.27499400824309,2778.75830078125,,,,,
5828,3,1618.0,0.0,32.0,32.0,0.1003074645996093,41.63564700866118,2619.28369140625,,,,,
5829,3,1619.0,0.0,32.0,32.0,0.3577299118041992,51.078616990707815,2970.58984375,,,,,
5830,3,1620.0,0.0,32.0,32.0,0.2146778106689453,50.84796401206404,2907.79931640625,,,,,
5831,3,1621.0,0.0,32.0,32.0,0.0991935729980468,49.59984100423753,2906.4150390625,,,,,
5832,3,1622.0,0.0,32.0,32.0,0.113138198852539,43.68605097988621,2563.7587890625,,,,,
5833,3,1623.0,0.0,32.0,32.0,0.030867576599121,43.22410904569551,2733.4013671875,,,,,
5834,3,1624.0,0.0,32.0,32.0,0.0298871994018554,42.28088702075184,2625.908203125,,,,,
5835,3,1625.0,0.0,32.0,32.0,0.2979793548583984,43.13310299767181,2694.33349609375,,,,,
5836,3,1626.0,0.0,32.0,32.0,0.1833257675170898,31.538805982563645,2588.3369140625,,,,,
5837,3,1627.0,0.0,32.0,32.0,0.2099857330322265,42.129062989261,2694.33349609375,,,,,
5838,3,1628.0,0.0,32.0,32.0,0.1614742279052734,42.96975198667496,2727.7080078125,,,,,
5839,3,1629.0,0.0,32.0,32.0,0.085087776184082,46.96403903653845,2867.99169921875,,,,,
5840,3,1630.0,0.0,32.0,32.0,0.0989675521850586,46.28789995331317,2816.134765625,,,,,
5841,3,1631.0,0.0,32.0,32.0,0.3952369689941406,42.75611403863877,2557.56201171875,,,,,
5842,3,1632.0,0.0,32.0,32.0,0.1365194320678711,37.7258529770188,2440.67236328125,,,,,
5843,3,1633.0,0.0,32.0,32.0,0.1017923355102539,45.56684498675168,2801.326171875,,,,,
5844,3,1634.0,0.0,32.0,32.0,0.3218288421630859,47.05563897732645,2801.326171875,,,,,
5845,3,1635.0,0.0,32.0,32.0,0.077824592590332,45.48458702629432,2801.326171875,,,,,
5846,3,1636.0,0.0,32.0,32.0,0.3251962661743164,51.17965204408392,3034.4814453125,,,,,
5847,3,1637.0,0.0,32.0,32.0,0.1686544418334961,48.12901996774599,2867.99169921875,,,,,
5848,3,1638.0,0.0,32.0,32.0,0.1443300247192382,31.76796500338241,2727.7080078125,,,,,
5849,3,1639.0,0.0,32.0,32.0,0.2968854904174804,48.396284983027726,3025.73583984375,,,,,
5850,3,1640.0,0.0,32.0,32.0,0.2972335815429687,44.46361801819876,2778.75830078125,,,,,
5851,3,1641.0,0.0,32.0,32.0,0.2326364517211914,47.37982398364693,2867.99169921875,,,,,
5852,3,1642.0,0.0,32.0,32.0,0.0618572235107421,43.92030299641192,2766.93994140625,,,,,
5853,3,1643.0,0.0,32.0,32.0,0.1262092590332031,49.63980196043849,2907.79931640625,,,,,
5854,3,1644.0,0.0,32.0,32.0,0.0440444946289062,49.59753103321418,2906.4150390625,,,,,
5855,3,1645.0,0.0,32.0,32.0,0.0970983505249023,44.55615201732144,2766.93994140625,,,,,
5856,3,1646.0,0.0,32.0,32.0,0.1028814315795898,47.1800789819099,2816.134765625,,,,,
5857,3,1647.0,0.0,32.0,32.0,0.1288509368896484,43.80153003148735,2766.93994140625,,,,,
5858,3,1648.0,0.0,32.0,32.0,0.1921806335449218,43.34734403528273,2733.4013671875,,,,,
5859,3,1649.0,0.0,32.0,32.0,0.1087722778320312,42.25969599792734,2683.17138671875,,,,,
5860,3,1650.0,0.0,32.0,32.0,0.0871477127075195,34.56097102025524,2867.99169921875,,,,,
5861,3,1651.0,0.0,32.0,32.0,0.2090702056884765,41.50140000274405,2683.17138671875,,,,,
5862,3,1652.0,0.0,32.0,32.0,0.1122598648071289,45.14151701005176,2816.134765625,,,,,
5863,3,1653.0,0.0,32.0,32.0,0.2714700698852539,54.17911399854347,3087.69775390625,,,,,
5864,3,1654.0,0.0,32.0,32.0,0.2705888748168945,47.72386304102838,2867.99169921875,,,,,
5865,3,1655.0,0.0,32.0,32.0,0.2449102401733398,47.950036998372525,2906.4150390625,,,,,
5866,3,1656.0,0.0,32.0,32.0,0.0254030227661132,46.262912976089865,2801.326171875,,,,,
5867,3,1657.0,0.0,32.0,32.0,0.1227378845214843,43.881516030523926,2727.7080078125,,,,,
5868,3,1658.0,0.0,32.0,32.0,0.1410598754882812,57.90884199086577,3221.6025390625,,,,,
5869,3,1659.0,0.0,32.0,32.0,0.4116997718811035,43.08283899445087,2625.908203125,,,,,
5870,3,1660.0,0.0,32.0,32.0,0.0757904052734375,46.67982301907614,2867.99169921875,,,,,
5871,3,1661.0,0.0,32.0,32.0,0.15936279296875,43.14578900812194,3194.6259765625,,,,,
5872,3,1662.0,0.0,32.0,32.0,0.1818437576293945,42.56562696537003,2655.9453125,,,,,
5873,3,1663.0,0.0,32.0,32.0,0.0284090042114257,49.38876902451739,2907.79931640625,,,,,
5874,3,1664.0,0.0,32.0,32.0,0.0170984268188476,55.47403998207301,3087.69775390625,,,,,
5875,3,1665.0,0.0,32.0,32.0,0.1679105758666992,40.42699898127466,2447.654296875,,,,,
5876,3,1666.0,0.0,32.0,32.0,0.2181692123413086,43.23358502006158,2778.75830078125,,,,,
5877,3,1667.0,0.0,32.0,32.0,0.1907987594604492,42.849159974139184,2557.56201171875,,,,,
5878,3,1668.0,0.0,32.0,32.0,0.0318336486816406,48.4985529910773,2906.4150390625,,,,,
5879,3,1669.0,0.0,32.0,32.0,0.1385269165039062,41.76117299357429,2619.28369140625,,,,,
5880,3,1670.0,0.0,32.0,32.0,0.1400957107543945,42.62165998807177,2683.17138671875,,,,,
5881,3,1671.0,0.0,32.0,32.0,0.085763931274414,46.51833698153496,2875.06591796875,,,,,
5882,3,1672.0,0.0,32.0,32.0,0.1694068908691406,50.58989999815822,2907.79931640625,,,,,
5883,3,1673.0,0.0,32.0,32.0,0.3412466049194336,31.240854994393885,2683.17138671875,,,,,
5884,3,1674.0,0.0,32.0,32.0,0.0213713645935058,50.34375604009256,2963.337890625,,,,,
5885,3,1675.0,0.0,32.0,32.0,0.0374274253845214,43.86024601990357,2727.7080078125,,,,,
5886,3,1676.0,0.0,32.0,32.0,0.3733024597167969,50.99278298439458,2951.76416015625,,,,,
5887,3,1677.0,0.0,32.0,32.0,0.1447062492370605,44.77345297345892,2778.75830078125,,,,,
5888,3,1678.0,0.0,32.0,32.0,0.0364661216735839,56.19759403634816,3161.05322265625,,,,,
5889,3,1679.0,0.0,32.0,32.0,0.2090191841125488,39.91811501327902,2447.654296875,,,,,
5890,3,1680.0,0.0,32.0,32.0,0.3234815597534179,43.78207604167983,2766.93994140625,,,,,
5891,3,1681.0,0.0,32.0,32.0,0.3604273796081543,56.40466301701963,3181.74951171875,,,,,
5892,3,1682.0,0.0,32.0,32.0,0.066925048828125,46.75085900817066,2816.134765625,,,,,
5893,3,1683.0,0.0,32.0,32.0,0.3520841598510742,43.86722703929991,2727.7080078125,,,,,
5894,3,1684.0,0.0,32.0,32.0,0.0162358283996582,44.37979502836242,3221.6025390625,,,,,
5895,3,1685.0,0.0,32.0,32.0,0.4675769805908203,42.83739498350769,2694.33349609375,,,,,
5896,3,1686.0,0.0,32.0,32.0,0.0858936309814453,42.07207402214408,2683.17138671875,,,,,
5897,3,1687.0,0.0,32.0,32.0,0.133434772491455,42.226176999975,2563.7587890625,,,,,
5898,3,1688.0,0.0,32.0,32.0,0.1167922019958496,42.74072399130091,2557.56201171875,,,,,
5899,3,1689.0,0.0,32.0,32.0,0.217782974243164,51.51423800271005,2963.337890625,,,,,
5900,3,1690.0,0.0,32.0,32.0,0.1309547424316406,42.74170403368771,2655.9453125,,,,,
5901,3,1691.0,0.0,32.0,32.0,0.1163973808288574,46.03972897166386,2816.134765625,,,,,
5902,3,1692.0,0.0,32.0,32.0,0.1503825187683105,51.44334497163072,3009.92138671875,,,,,
5903,3,1693.0,0.0,32.0,32.0,0.3089523315429687,44.28888898110017,2727.7080078125,,,,,
5904,3,1694.0,0.0,32.0,32.0,0.2087788581848144,43.80553896771744,2727.7080078125,,,,,
5905,3,1695.0,0.0,32.0,32.0,0.1329007148742675,46.45277600502595,2867.99169921875,,,,,
5906,3,1696.0,0.0,32.0,32.0,0.1230144500732421,30.304014042485505,2513.87451171875,,,,,
5907,3,1697.0,0.0,32.0,32.0,0.1093440055847168,45.82102200947702,2875.06591796875,,,,,
5908,3,1698.0,0.0,32.0,32.0,0.1228618621826171,42.00256301555783,2513.87451171875,,,,,
5909,3,1699.0,0.0,32.0,32.0,0.0788617134094238,43.39305299799889,2766.93994140625,,,,,
5910,3,1700.0,0.0,32.0,32.0,0.5119333267211914,43.84148598182946,2588.3369140625,,,,,
5911,3,1701.0,0.0,32.0,32.0,0.0431456565856933,54.66973397415131,3103.48876953125,,,,,
5912,3,1702.0,0.0,32.0,32.0,0.1614809036254882,44.28094998002052,2727.7080078125,,,,,
5913,3,1703.0,0.0,32.0,32.0,0.3528094291687011,43.32094296114519,2563.7587890625,,,,,
5914,3,1704.0,0.0,32.0,32.0,0.0838623046875,45.71381496498361,2801.326171875,,,,,
5915,3,1705.0,0.0,32.0,32.0,0.121006965637207,51.26848601503298,2970.58984375,,,,,
5916,3,1706.0,0.0,32.0,32.0,0.2304983139038086,54.797496006358415,3087.69775390625,,,,,
5917,3,1707.0,0.0,32.0,32.0,0.1538105010986328,42.20721899764612,3161.05322265625,,,,,
5918,3,1708.0,0.0,32.0,32.0,0.0311460494995117,51.01479799486697,2907.79931640625,,,,,
5919,3,1709.0,0.0,32.0,32.0,0.1404175758361816,42.66274400288239,2625.908203125,,,,,
5920,3,1710.0,0.0,32.0,32.0,0.2848858833312988,42.75058698840439,2727.7080078125,,,,,
5921,3,1711.0,0.0,32.0,32.0,0.1714692115783691,50.15205999370664,2951.76416015625,,,,,
5922,3,1712.0,0.0,32.0,32.0,0.0205330848693847,43.11499901814386,2625.908203125,,,,,
5923,3,1713.0,0.0,32.0,32.0,0.2801713943481445,47.13322001043707,2906.4150390625,,,,,
5924,3,1714.0,0.0,32.0,32.0,0.3965320587158203,47.82010102644563,2867.99169921875,,,,,
5925,3,1715.0,0.0,32.0,32.0,0.1101241111755371,41.88571101985872,2491.71826171875,,,,,
5926,3,1716.0,0.0,32.0,32.0,0.1988663673400879,42.028555006254464,2513.87451171875,,,,,
5927,3,1717.0,0.0,32.0,32.0,0.1082043647766113,42.69157903036103,2694.33349609375,,,,,
5928,3,1718.0,0.0,32.0,32.0,0.2187886238098144,41.62690002704039,2619.28369140625,,,,,
5929,3,1719.0,0.0,32.0,32.0,0.3943953514099121,31.10111498972401,2557.56201171875,,,,,
5930,3,1720.0,0.0,32.0,32.0,0.0585584640502929,41.85627296101302,2683.17138671875,,,,,
5931,3,1721.0,0.0,32.0,32.0,0.2090163230895996,41.68573900824413,2655.9453125,,,,,
5932,3,1722.0,0.0,32.0,32.0,0.1934084892272949,43.09639398707077,2588.3369140625,,,,,
5933,3,1723.0,0.0,32.0,32.0,0.2432112693786621,51.61409900756553,2963.337890625,,,,,
5934,3,1724.0,0.0,32.0,32.0,0.1996521949768066,43.47750899614766,2683.17138671875,,,,,
5935,3,1725.0,0.0,32.0,32.0,0.2806272506713867,43.66321297129616,2766.93994140625,,,,,
5936,3,1726.0,0.0,32.0,32.0,0.1456289291381836,43.53512398665771,2557.56201171875,,,,,
5937,3,1727.0,0.0,32.0,32.0,0.0367560386657714,48.32253896165639,2906.4150390625,,,,,
5938,3,1728.0,0.0,32.0,32.0,0.2121410369873047,54.31953998049721,3087.69775390625,,,,,
5939,3,1729.0,0.0,32.0,32.0,0.2191381454467773,44.91262603551149,2778.75830078125,,,,,
5940,3,1730.0,0.0,32.0,32.0,0.2431592941284179,53.74570103595033,3087.69775390625,,,,,
5941,3,1731.0,0.0,32.0,32.0,0.0731573104858398,42.79889102326706,3194.6259765625,,,,,
5942,3,1732.0,0.0,32.0,32.0,0.0366997718811035,43.38548198575154,2683.17138671875,,,,,
5943,3,1733.0,0.0,32.0,32.0,0.0503416061401367,49.73922698991373,2951.76416015625,,,,,
5944,3,1734.0,0.0,32.0,32.0,0.0367498397827148,47.51366400159896,2816.134765625,,,,,
5945,3,1735.0,0.0,32.0,32.0,0.0216350555419921,57.047780021093786,3221.6025390625,,,,,
5946,3,1736.0,0.0,32.0,32.0,0.0917000770568847,43.4396350174211,2563.7587890625,,,,,
5947,3,1737.0,0.0,32.0,32.0,0.0365533828735351,42.98867000034079,2655.9453125,,,,,
5948,3,1738.0,0.0,32.0,32.0,0.124460220336914,43.64881099900231,2727.7080078125,,,,,
5949,3,1739.0,0.0,32.0,32.0,0.050729751586914,46.74927302403376,2867.99169921875,,,,,
5950,3,1740.0,0.0,32.0,32.0,0.0248146057128906,43.19396399660036,2694.33349609375,,,,,
5951,3,1741.0,0.0,32.0,32.0,0.0196757316589355,52.10107896709815,3034.4814453125,,,,,
5952,3,1742.0,0.0,32.0,32.0,0.251894474029541,28.806875983718783,2491.71826171875,,,,,
5953,3,1743.0,0.0,32.0,32.0,0.1563014984130859,45.63216003589332,2816.134765625,,,,,
5954,3,1744.0,0.0,32.0,32.0,0.1246571540832519,41.67995002353564,2625.908203125,,,,,
5955,3,1745.0,0.0,32.0,32.0,0.131230354309082,50.12484401231632,2904.6611328125,,,,,
5956,3,1746.0,0.0,32.0,32.0,0.381436824798584,44.70548499375582,2778.75830078125,,,,,
5957,3,1747.0,0.0,32.0,32.0,0.124795913696289,47.06477199215442,2867.99169921875,,,,,
5958,3,1748.0,0.0,32.0,32.0,0.0284538269042968,41.667252022307366,2619.28369140625,,,,,
5959,3,1749.0,0.0,32.0,32.0,0.1682620048522949,42.687452980317175,2625.908203125,,,,,
5960,3,1750.0,0.0,32.0,32.0,0.0370302200317382,41.74531099852175,2619.28369140625,,,,,
5961,3,1751.0,0.0,32.0,32.0,0.16392183303833,42.782028031069785,2727.7080078125,,,,,
5962,3,1752.0,0.0,32.0,32.0,0.1541290283203125,42.87069896236062,2778.75830078125,,,,,
5963,3,1753.0,0.0,32.0,32.0,0.1393370628356933,45.41958100162447,2801.326171875,,,,,
5964,3,1754.0,0.0,32.0,32.0,0.1622838973999023,29.351442004553974,2625.908203125,,,,,
5965,3,1755.0,0.0,32.0,32.0,0.1177945137023925,49.31542999111116,2951.76416015625,,,,,
5966,3,1756.0,0.0,32.0,32.0,0.0272464752197265,48.31911396468058,2875.06591796875,,,,,
5967,3,1757.0,0.0,32.0,32.0,0.031559944152832,43.40197303099558,2727.7080078125,,,,,
5968,3,1758.0,0.0,32.0,32.0,0.0656337738037109,41.75042797578499,2513.87451171875,,,,,
5969,3,1759.0,0.0,32.0,32.0,0.056856632232666,52.71288700168952,3103.48876953125,,,,,
5970,3,1760.0,0.0,32.0,32.0,0.0540986061096191,52.41012497572228,2970.58984375,,,,,
5971,3,1761.0,0.0,32.0,32.0,0.2983794212341308,52.48716997448355,2907.79931640625,,,,,
5972,3,1762.0,0.0,32.0,32.0,0.1856026649475097,53.934093040879816,3050.8896484375,,,,,
5973,3,1763.0,0.0,32.0,32.0,0.0771803855895996,46.1586460005492,2801.326171875,,,,,
5974,3,1764.0,0.0,32.0,32.0,0.1714215278625488,43.24611695483327,2766.93994140625,,,,,
5975,3,1765.0,0.0,32.0,32.0,0.3218183517456054,30.970111023634672,2683.17138671875,,,,,
5976,3,1766.0,0.0,32.0,32.0,0.173438549041748,45.306845975574106,2875.06591796875,,,,,
5977,3,1767.0,0.0,32.0,32.0,0.0625448226928711,61.49760098196566,3314.02294921875,,,,,
5978,3,1768.0,0.0,32.0,32.0,0.3728284835815429,45.0754800112918,2733.4013671875,,,,,
5979,3,1769.0,0.0,32.0,32.0,0.0148215293884277,45.8167580072768,2801.326171875,,,,,
5980,3,1770.0,0.0,32.0,32.0,0.2145719528198242,51.686665043234825,3050.8896484375,,,,,
5981,3,1771.0,0.0,32.0,32.0,0.0129899978637695,42.721597012132406,2513.87451171875,,,,,
5982,3,1772.0,0.0,32.0,32.0,0.2717251777648926,43.67176705272868,2557.56201171875,,,,,
5983,3,1773.0,0.0,32.0,32.0,0.1551203727722168,41.91709798760712,2513.87451171875,,,,,
5984,3,1774.0,0.0,32.0,32.0,0.01593017578125,49.52340602176264,3009.92138671875,,,,,
5985,3,1775.0,0.0,32.0,32.0,0.1372504234313964,45.02191400388256,2733.4013671875,,,,,
5986,3,1776.0,0.0,32.0,32.0,0.0176668167114257,32.68548799678683,2867.99169921875,,,,,
5987,3,1777.0,0.0,32.0,32.0,0.1120009422302246,42.4919209908694,2733.4013671875,,,,,
5988,3,1778.0,0.0,32.0,32.0,0.0377845764160156,43.39683003490791,2733.4013671875,,,,,
5989,3,1779.0,0.0,32.0,32.0,0.1762747764587402,42.8890609764494,2727.7080078125,,,,,
5990,3,1780.0,0.0,32.0,32.0,0.2350330352783203,46.49397905450314,2867.99169921875,,,,,
5991,3,1781.0,0.0,32.0,32.0,0.0747528076171875,45.27057899395004,2801.326171875,,,,,
5992,3,1782.0,0.0,32.0,32.0,0.2960205078125,42.70538600394502,2625.908203125,,,,,
5993,3,1783.0,0.0,32.0,32.0,0.1348409652709961,43.044010002631694,2655.9453125,,,,,
5994,3,1784.0,0.0,32.0,32.0,0.1990680694580078,43.28137403354049,2655.9453125,,,,,
5995,3,1785.0,0.0,32.0,32.0,0.0448389053344726,44.69299002084881,2778.75830078125,,,,,
5996,3,1786.0,0.0,32.0,32.0,0.1677665710449218,46.10473196953535,2867.99169921875,,,,,
5997,3,1787.0,0.0,32.0,32.0,0.4176063537597656,43.08910801773891,2694.33349609375,,,,,
5998,3,1788.0,0.0,32.0,32.0,0.2557640075683594,30.77779000159353,2733.4013671875,,,,,
5999,3,1789.0,0.0,32.0,32.0,0.0376577377319335,49.64644502615556,2951.76416015625,,,,,
6000,3,1790.0,0.0,32.0,32.0,0.0295877456665039,43.36516000330448,2625.908203125,,,,,
6001,3,1791.0,0.0,32.0,32.0,0.3145313262939453,45.73718900792301,2816.134765625,,,,,
6002,3,1792.0,0.0,32.0,32.0,0.0501260757446289,49.42996002500877,3009.92138671875,,,,,
6003,3,1793.0,0.0,32.0,32.0,0.1858177185058593,44.80899899499491,2588.3369140625,,,,,
6004,3,1794.0,0.0,32.0,32.0,0.0479507446289062,43.73066301923245,2588.3369140625,,,,,
6005,3,1795.0,0.0,32.0,32.0,0.1562976837158203,43.65442297421396,2557.56201171875,,,,,
6006,3,1796.0,0.0,32.0,32.0,0.1259346008300781,42.73651103721932,2625.908203125,,,,,
6007,3,1797.0,0.0,32.0,32.0,0.3317346572875976,41.07484099222347,2619.28369140625,,,,,
6008,3,1798.0,0.0,32.0,32.0,0.2587356567382812,50.5639179609716,2904.6611328125,,,,,
6009,3,1799.0,0.0,32.0,32.0,0.3390884399414062,42.87309804931283,2625.908203125,,,,,
6010,3,1800.0,0.0,32.0,32.0,0.1735610961914062,31.169697002042085,2588.3369140625,,,,,
6011,3,1801.0,0.0,32.0,32.0,0.0993461608886718,42.7380750188604,2733.4013671875,,,,,
6012,3,1802.0,0.0,32.0,32.0,0.0230112075805664,51.04807001771405,3034.4814453125,,,,,
6013,3,1803.0,0.0,32.0,32.0,0.1541347503662109,51.5162399969995,3009.92138671875,,,,,
6014,3,1804.0,0.0,32.0,32.0,0.0502433776855468,47.71392996190116,2867.99169921875,,,,,
6015,3,1805.0,0.0,32.0,32.0,0.1733379364013672,44.73104898352176,2778.75830078125,,,,,
6016,3,1806.0,0.0,32.0,32.0,0.2108297348022461,43.04768203292042,2694.33349609375,,,,,
6017,3,1807.0,0.0,32.0,32.0,0.0524778366088867,42.368874012026936,2655.9453125,,,,,
6018,3,1808.0,0.0,32.0,32.0,0.2796449661254883,43.721970985643566,2766.93994140625,,,,,
6019,3,1809.0,0.0,32.0,32.0,0.0311279296875,47.10423405049369,2867.99169921875,,,,,
6020,3,1810.0,0.0,32.0,32.0,0.0552148818969726,44.58926199004054,2778.75830078125,,,,,
6021,3,1811.0,0.0,32.0,32.0,0.1563663482666015,43.98427001433447,2778.75830078125,,,,,
6022,3,1812.0,0.0,32.0,32.0,0.3702144622802734,30.510796001181006,2625.908203125,,,,,
6023,3,1813.0,0.0,32.0,32.0,0.0132703781127929,48.38160600047559,3009.92138671875,,,,,
6024,3,1814.0,0.0,32.0,32.0,0.1872510910034179,49.87795097986236,2801.326171875,,,,,
6025,3,1815.0,0.0,32.0,32.0,0.036940574645996,55.80702901352197,3272.55712890625,,,,,
6026,3,1816.0,0.0,32.0,32.0,0.3048181533813476,51.25215998850763,2951.76416015625,,,,,
6027,3,1817.0,0.0,32.0,32.0,0.3769693374633789,51.14602402318269,2963.337890625,,,,,
6028,3,1818.0,0.0,32.0,32.0,0.2349491119384765,48.89831104082987,2875.06591796875,,,,,
6029,3,1819.0,0.0,32.0,32.0,0.1397562026977539,43.20296901278198,2694.33349609375,,,,,
6030,3,1820.0,0.0,32.0,32.0,0.1730146408081054,43.171158991754055,2778.75830078125,,,,,
6031,3,1821.0,0.0,32.0,32.0,0.1872920989990234,45.1576950144954,2801.326171875,,,,,
6032,3,1822.0,0.0,32.0,32.0,0.4366111755371094,40.83775304025039,2491.71826171875,,,,,
6033,3,1823.0,0.0,32.0,32.0,0.1506967544555664,32.51505398657173,2588.3369140625,,,,,
6034,3,1824.0,0.0,32.0,32.0,0.1723175048828125,49.36371900839731,2907.79931640625,,,,,
6035,3,1825.0,0.0,32.0,32.0,0.0815181732177734,43.42199000529945,2683.17138671875,,,,,
6036,3,1826.0,0.0,32.0,32.0,0.2764701843261719,49.318056961055845,3009.92138671875,,,,,
6037,3,1827.0,0.0,32.0,32.0,0.3499860763549804,44.87728397361934,2727.7080078125,,,,,
6038,3,1828.0,0.0,32.0,32.0,0.3062524795532226,41.70970601262525,2625.908203125,,,,,
6039,3,1829.0,0.0,32.0,32.0,0.2591724395751953,41.53818299528211,2513.87451171875,,,,,
6040,3,1830.0,0.0,32.0,32.0,0.1619071960449218,41.89759399741888,2513.87451171875,,,,,
6041,3,1831.0,0.0,32.0,32.0,0.1778507232666015,51.31451395573095,2951.76416015625,,,,,
6042,3,1832.0,0.0,32.0,32.0,0.1279869079589843,51.7694529844448,3009.92138671875,,,,,
6043,3,1833.0,0.0,32.0,32.0,0.1734991073608398,44.673142954707146,2727.7080078125,,,,,
6044,3,1834.0,0.0,32.0,32.0,0.26312255859375,47.262543987017125,2875.06591796875,,,,,
6045,3,1835.0,0.0,32.0,32.0,0.2607259750366211,37.7681179670617,2951.76416015625,,,,,
6046,3,1836.0,0.0,32.0,32.0,0.1669158935546875,55.381937010679394,3181.74951171875,,,,,
6047,3,1837.0,0.0,32.0,32.0,0.1065855026245117,46.89849202986807,2816.134765625,,,,,
6048,3,1838.0,0.0,32.0,32.0,0.2028455734252929,44.19276397675276,2778.75830078125,,,,,
6049,3,1839.0,0.0,32.0,32.0,0.2621841430664062,49.45790598867461,2907.79931640625,,,,,
6050,3,1840.0,0.0,32.0,32.0,0.1217098236083984,44.63208495872095,2727.7080078125,,,,,
6051,3,1841.0,0.0,32.0,32.0,0.1958427429199218,42.37673000898212,2655.9453125,,,,,
6052,3,1842.0,0.0,32.0,32.0,0.3389015197753906,42.78135602362454,2557.56201171875,,,,,
6053,3,1843.0,0.0,32.0,32.0,0.080423355102539,43.648555991239846,2778.75830078125,,,,,
6054,3,1844.0,0.0,32.0,32.0,0.0633583068847656,43.72956498991698,2727.7080078125,,,,,
6055,3,1845.0,0.0,32.0,32.0,0.1789979934692382,43.03943499689922,2694.33349609375,,,,,
6056,3,1846.0,0.0,32.0,32.0,0.0993614196777343,43.760896020103246,2588.3369140625,,,,,
6057,3,1847.0,0.0,32.0,32.0,0.1173257827758789,34.83823500573635,2875.06591796875,,,,,
6058,3,1848.0,0.0,32.0,32.0,0.1729555130004882,45.81134201725945,2906.4150390625,,,,,
6059,3,1849.0,0.0,32.0,32.0,0.0417375564575195,41.9443070422858,2625.908203125,,,,,
6060,3,1850.0,0.0,32.0,32.0,0.0678091049194336,49.91987597895786,2951.76416015625,,,,,
6061,3,1851.0,0.0,32.0,32.0,0.1125650405883789,45.12677498860285,2733.4013671875,,,,,
6062,3,1852.0,0.0,32.0,32.0,0.061406135559082,42.33586700865999,2655.9453125,,,,,
6063,3,1853.0,0.0,32.0,32.0,0.173501968383789,43.92352601280436,2588.3369140625,,,,,
6064,3,1854.0,0.0,32.0,32.0,0.1038784980773925,45.19465198973194,2778.75830078125,,,,,
6065,3,1855.0,0.0,32.0,32.0,0.3071479797363281,45.0027390033938,2778.75830078125,,,,,
6066,3,1856.0,0.0,32.0,32.0,0.2114973068237304,42.37727995496243,2625.908203125,,,,,
6067,3,1857.0,0.0,32.0,32.0,0.2574062347412109,43.59652998391539,2766.93994140625,,,,,
6068,3,1858.0,0.0,32.0,32.0,0.1365747451782226,45.51034700125456,2801.326171875,,,,,
6069,3,1859.0,0.0,32.0,32.0,0.1159677505493164,30.258688027970493,2683.17138671875,,,,,
6070,3,1860.0,0.0,32.0,32.0,0.1137228012084961,45.41760502615944,2867.99169921875,,,,,
6071,3,1861.0,0.0,32.0,32.0,0.1543254852294922,44.32617197744548,2766.93994140625,,,,,
6072,3,1862.0,0.0,32.0,32.0,0.0845584869384765,48.075541970320046,2875.06591796875,,,,,
6073,3,1863.0,0.0,32.0,32.0,0.3548498153686523,46.352592995390296,2875.06591796875,,,,,
6074,3,1864.0,0.0,32.0,32.0,0.0485210418701171,42.73417196236551,2557.56201171875,,,,,
6075,3,1865.0,0.0,32.0,32.0,0.0566015243530273,44.23582303570584,2766.93994140625,,,,,
6076,3,1866.0,0.0,32.0,32.0,0.065500259399414,47.47346398653463,2875.06591796875,,,,,
6077,3,1867.0,0.0,32.0,32.0,0.0900249481201171,47.6276749977842,2875.06591796875,,,,,
6078,3,1868.0,0.0,32.0,32.0,0.0883054733276367,50.82255299203098,2907.79931640625,,,,,
6079,3,1869.0,0.0,32.0,32.0,0.2643890380859375,43.77065203152597,2727.7080078125,,,,,
6080,3,1870.0,0.0,32.0,32.0,0.0525360107421875,46.55509203439578,2906.4150390625,,,,,
6081,3,1871.0,0.0,32.0,32.0,0.1430082321166992,30.61199001967907,2655.9453125,,,,,
6082,3,1872.0,0.0,32.0,32.0,0.1614923477172851,42.23628400359303,2733.4013671875,,,,,
6083,3,1873.0,0.0,32.0,32.0,0.0289459228515625,50.29203300364316,2907.79931640625,,,,,
6084,3,1874.0,0.0,32.0,32.0,0.2260637283325195,52.56747599923983,2963.337890625,,,,,
6085,3,1875.0,0.0,32.0,32.0,0.3541765213012695,44.00033998535946,2683.17138671875,,,,,
6086,3,1876.0,0.0,32.0,32.0,0.057098388671875,42.58485400350765,2655.9453125,,,,,
6087,3,1877.0,0.0,32.0,32.0,0.2478761672973632,45.157491986174136,2801.326171875,,,,,
6088,3,1878.0,0.0,32.0,32.0,0.1037702560424804,44.199272990226746,2733.4013671875,,,,,
6089,3,1879.0,0.0,32.0,32.0,0.1898612976074218,50.22977699991316,2904.6611328125,,,,,
6090,3,1880.0,0.0,32.0,32.0,0.0153045654296875,41.96301597403362,2619.28369140625,,,,,
6091,3,1881.0,0.0,32.0,32.0,0.1556167602539062,41.5983900311403,2513.87451171875,,,,,
6092,3,1882.0,0.0,32.0,32.0,0.2997713088989258,44.52779900748283,2801.326171875,,,,,
6093,3,1883.0,0.0,32.0,32.0,0.0367364883422851,31.00360697135329,2655.9453125,,,,,
6094,3,1884.0,0.0,32.0,32.0,0.1922597885131836,44.23329001292586,2816.134765625,,,,,
6095,3,1885.0,0.0,32.0,32.0,0.1482524871826172,42.49353596242145,2727.7080078125,,,,,
6096,3,1886.0,0.0,32.0,32.0,0.3151025772094726,43.56735397595912,2733.4013671875,,,,,
6097,3,1887.0,0.0,32.0,32.0,0.0791540145874023,43.51204598788172,2694.33349609375,,,,,
6098,3,1888.0,0.0,32.0,32.0,0.3049249649047851,45.53160298382864,2801.326171875,,,,,
6099,3,1889.0,0.0,32.0,32.0,0.3712720870971679,49.81048300396651,2951.76416015625,,,,,
6100,3,1890.0,0.0,32.0,32.0,0.1658048629760742,46.88054800499231,2801.326171875,,,,,
6101,3,1891.0,0.0,32.0,32.0,0.3530406951904297,43.694215011782944,2778.75830078125,,,,,
6102,3,1892.0,0.0,32.0,32.0,0.0838356018066406,45.354907982982695,2816.134765625,,,,,
6103,3,1893.0,0.0,32.0,32.0,0.1910934448242187,43.78086799988523,2766.93994140625,,,,,
6104,3,1894.0,0.0,32.0,32.0,0.0670127868652343,42.904770001769066,2683.17138671875,,,,,
6105,3,1895.0,0.0,32.0,32.0,0.2037563323974609,37.52100100973621,3025.73583984375,,,,,
6106,3,1896.0,0.0,32.0,32.0,0.1976032257080078,50.74197502108291,2904.6611328125,,,,,
6107,3,1897.0,0.0,32.0,32.0,0.4098377227783203,53.37952804984525,3050.8896484375,,,,,
6108,3,1898.0,0.0,32.0,32.0,0.3027706146240234,43.14684099517763,2655.9453125,,,,,
6109,3,1899.0,0.0,32.0,32.0,0.0982952117919921,50.71880901232362,2951.76416015625,,,,,
6110,3,1900.0,0.0,32.0,32.0,0.1419010162353515,45.228063012473285,2766.93994140625,,,,,
6111,3,1901.0,0.0,32.0,32.0,0.2613124847412109,45.71212700102478,2816.134765625,,,,,
6112,3,1902.0,0.0,32.0,32.0,0.0284786224365234,41.43282398581505,2619.28369140625,,,,,
6113,3,1903.0,0.0,32.0,32.0,0.1417903900146484,42.67645301297307,2683.17138671875,,,,,
6114,3,1904.0,0.0,32.0,32.0,0.2224178314208984,43.56561100576073,2778.75830078125,,,,,
6115,3,1905.0,0.0,32.0,32.0,0.205087661743164,50.747472036164254,3009.92138671875,,,,,
6116,3,1906.0,0.0,32.0,32.0,0.1522502899169922,32.3219129932113,2766.93994140625,,,,,
6117,3,1907.0,0.0,32.0,32.0,0.1297607421875,41.25421500066295,2655.9453125,,,,,
6118,3,1908.0,0.0,32.0,32.0,0.0769662857055664,40.96795502118766,2625.908203125,,,,,
6119,3,1909.0,0.0,32.0,32.0,0.1998128890991211,45.71352200582624,2867.99169921875,,,,,
6120,3,1910.0,0.0,32.0,32.0,0.0481300354003906,42.81256499234587,2655.9453125,,,,,
6121,3,1911.0,0.0,32.0,32.0,0.300969123840332,42.64840699033812,2625.908203125,,,,,
6122,3,1912.0,0.0,32.0,32.0,0.2370338439941406,42.98811801709235,2727.7080078125,,,,,
6123,3,1913.0,0.0,32.0,32.0,0.0676116943359375,41.58389603253454,2513.87451171875,,,,,
6124,3,1914.0,0.0,32.0,32.0,0.1956186294555664,44.44105201400816,2766.93994140625,,,,,
6125,3,1915.0,0.0,32.0,32.0,0.1807689666748047,43.36092702578753,2727.7080078125,,,,,
6126,3,1916.0,0.0,32.0,32.0,0.1254596710205078,43.02904399810359,2694.33349609375,,,,,
6127,3,1917.0,0.0,32.0,32.0,0.1196956634521484,46.62369500147179,2816.134765625,,,,,
6128,3,1918.0,0.0,32.0,32.0,0.0454311370849609,31.4910359447822,2733.4013671875,,,,,
6129,3,1919.0,0.0,32.0,32.0,0.0324840545654296,48.79644198808819,3009.92138671875,,,,,
6130,3,1920.0,0.0,32.0,32.0,0.1220588684082031,48.59310196479783,2906.4150390625,,,,,
6131,3,1921.0,0.0,32.0,32.0,0.1578731536865234,43.79786003846675,2733.4013671875,,,,,
6132,3,1922.0,0.0,32.0,32.0,0.2063636779785156,47.214539954438806,2867.99169921875,,,,,
6133,3,1923.0,0.0,32.0,32.0,0.1212310791015625,42.68445604247973,2655.9453125,,,,,
6134,3,1924.0,0.0,32.0,32.0,0.3552188873291015,52.1673250477761,3050.8896484375,,,,,
6135,3,1925.0,0.0,32.0,32.0,0.0288467407226562,45.2477969811298,2588.3369140625,,,,,
6136,3,1926.0,0.0,32.0,32.0,0.2883892059326172,43.43381500802934,2694.33349609375,,,,,
6137,3,1927.0,0.0,32.0,32.0,0.079620361328125,43.597831041552126,2733.4013671875,,,,,
6138,3,1928.0,0.0,32.0,32.0,0.27996826171875,46.75770096946508,2875.06591796875,,,,,
6139,3,1929.0,0.0,32.0,32.0,0.0372066497802734,44.12137501640245,2766.93994140625,,,,,
6140,3,1930.0,0.0,32.0,32.0,0.1838665008544922,37.50606201356277,2907.79931640625,,,,,
6141,3,1931.0,0.0,32.0,32.0,0.1840648651123047,43.22917299577966,2733.4013671875,,,,,
6142,3,1932.0,0.0,32.0,32.0,0.1233940124511718,41.86235897941515,2563.7587890625,,,,,
6143,3,1933.0,0.0,32.0,32.0,0.2888145446777344,43.25285099912435,2766.93994140625,,,,,
6144,3,1934.0,0.0,32.0,32.0,0.2137393951416015,43.025438964832574,2683.17138671875,,,,,
6145,3,1935.0,0.0,32.0,32.0,0.0348949432373046,46.51931900298223,2875.06591796875,,,,,
6146,3,1936.0,0.0,32.0,32.0,0.0960903167724609,44.16208801558241,2727.7080078125,,,,,
6147,3,1937.0,0.0,32.0,32.0,0.16473388671875,42.62139200000093,2683.17138671875,,,,,
6148,3,1938.0,0.0,32.0,32.0,0.2134075164794922,41.55909799737856,2619.28369140625,,,,,
6149,3,1939.0,0.0,32.0,32.0,0.1392478942871093,47.43963800137863,2906.4150390625,,,,,
6150,3,1940.0,0.0,32.0,32.0,0.412881851196289,51.87477299477905,3025.73583984375,,,,,
6151,3,1941.0,0.0,32.0,32.0,0.0343360900878906,47.13837499730289,2816.134765625,,,,,
6152,3,1942.0,0.0,32.0,32.0,0.4391994476318359,33.52125402307138,2875.06591796875,,,,,
6153,3,1943.0,0.0,32.0,32.0,0.0274925231933593,46.327364980243146,2875.06591796875,,,,,
6154,3,1944.0,0.0,32.0,32.0,0.1384468078613281,52.83162597334013,3050.8896484375,,,,,
6155,3,1945.0,0.0,32.0,32.0,0.1097488403320312,56.50619900552556,3124.951171875,,,,,
6156,3,1946.0,0.0,32.0,32.0,0.1781234741210937,42.76040196418762,2513.87451171875,,,,,
6157,3,1947.0,0.0,32.0,32.0,0.1315364837646484,46.11013300018385,2816.134765625,,,,,
6158,3,1948.0,0.0,32.0,32.0,0.0909538269042968,51.34418199304491,3009.92138671875,,,,,
6159,3,1949.0,0.0,32.0,32.0,0.097726821899414,45.21309002302587,2778.75830078125,,,,,
6160,3,1950.0,0.0,32.0,32.0,0.0484561920166015,43.06703101610765,2694.33349609375,,,,,
6161,3,1951.0,0.0,32.0,32.0,0.0402431488037109,46.78525804774836,2867.99169921875,,,,,
6162,3,1952.0,0.0,32.0,32.0,0.0343894958496093,46.17625003447756,2867.99169921875,,,,,
6163,3,1953.0,0.0,32.0,32.0,0.0345649719238281,29.793322028126568,2694.33349609375,,,,,
6164,3,1954.0,0.0,32.0,32.0,0.1365642547607422,42.10365802282468,2778.75830078125,,,,,
6165,3,1955.0,0.0,32.0,32.0,0.4620933532714844,46.39120999490842,2875.06591796875,,,,,
6166,3,1956.0,0.0,32.0,32.0,0.1562614440917968,50.75092002516613,3025.73583984375,,,,,
6167,3,1957.0,0.0,32.0,32.0,0.0168418884277343,46.085248002782464,2801.326171875,,,,,
6168,3,1958.0,0.0,32.0,32.0,0.0676841735839843,46.845643024425954,2875.06591796875,,,,,
6169,3,1959.0,0.0,32.0,32.0,0.0473003387451171,52.60672600707039,2963.337890625,,,,,
6170,3,1960.0,0.0,32.0,32.0,0.051213264465332,43.6941430089064,2694.33349609375,,,,,
6171,3,1961.0,0.0,32.0,32.0,0.1684131622314453,42.94978600228205,2683.17138671875,,,,,
6172,3,1962.0,0.0,32.0,32.0,0.1249990463256836,41.86945798574016,2625.908203125,,,,,
6173,3,1963.0,0.0,32.0,32.0,0.0255374908447265,41.15373000968248,2619.28369140625,,,,,
6174,3,1964.0,0.0,32.0,32.0,0.0177803039550781,49.727887962944806,2904.6611328125,,,,,
6175,3,1965.0,0.0,32.0,32.0,0.439971923828125,30.67426395136863,2625.908203125,,,,,
6176,3,1966.0,0.0,32.0,32.0,0.2711029052734375,48.15279401373118,2907.79931640625,,,,,
6177,3,1967.0,0.0,32.0,32.0,0.1764545440673828,38.81615400314331,2356.01708984375,,,,,
6178,3,1968.0,0.0,32.0,32.0,0.2241525650024414,45.43294099858031,2867.99169921875,,,,,
6179,3,1969.0,0.0,32.0,32.0,0.2406148910522461,41.47535096853972,2619.28369140625,,,,,
6180,3,1970.0,0.0,32.0,32.0,0.0126466751098632,47.75967099703848,2906.4150390625,,,,,
6181,3,1971.0,0.0,32.0,32.0,0.0136299133300781,50.25992699665949,3009.92138671875,,,,,
6182,3,1972.0,0.0,32.0,32.0,0.1799850463867187,45.600029989145696,2778.75830078125,,,,,
6183,3,1973.0,0.0,32.0,32.0,0.0191192626953125,44.04242301825434,2733.4013671875,,,,,
6184,3,1974.0,0.0,32.0,32.0,0.013256549835205,49.21562800882384,2951.76416015625,,,,,
6185,3,1975.0,0.0,32.0,32.0,0.2231321334838867,50.96630100160837,2907.79931640625,,,,,
6186,3,1976.0,0.0,32.0,32.0,0.1116690635681152,43.90447301557288,2727.7080078125,,,,,
6187,3,1977.0,0.0,32.0,32.0,0.0678730010986328,30.623607977759093,2733.4013671875,,,,,
6188,3,1978.0,0.0,32.0,32.0,0.0145773887634277,45.721874048467726,2906.4150390625,,,,,
6189,3,1979.0,0.0,32.0,32.0,0.2101325988769531,43.003670987673104,2557.56201171875,,,,,
6190,3,1980.0,0.0,32.0,32.0,0.0591597557067871,42.05827496480197,2513.87451171875,,,,,
6191,3,1981.0,0.0,32.0,32.0,0.1494231224060058,44.020204979460686,2588.3369140625,,,,,
6192,3,1982.0,0.0,32.0,32.0,0.065558910369873,44.084466993808746,2588.3369140625,,,,,
6193,3,1983.0,0.0,32.0,32.0,0.2790150642395019,45.50798900891096,2801.326171875,,,,,
6194,3,1984.0,0.0,32.0,32.0,0.0455093383789062,55.95027795061469,3087.69775390625,,,,,
6195,3,1985.0,0.0,32.0,32.0,0.1480259895324707,44.55491702537984,2733.4013671875,,,,,
6196,3,1986.0,0.0,32.0,32.0,0.174288272857666,46.31495900684968,2816.134765625,,,,,
6197,3,1987.0,0.0,32.0,32.0,0.2765030860900879,46.32582201156765,2816.134765625,,,,,
6198,3,1988.0,0.0,32.0,32.0,0.1292409896850586,47.50492400489748,2906.4150390625,,,,,
6199,3,1989.0,0.0,32.0,32.0,0.4602022171020508,33.675240993034095,2875.06591796875,,,,,
6200,3,1990.0,0.0,32.0,32.0,0.2806577682495117,48.788255953695625,2907.79931640625,,,,,
6201,3,1991.0,0.0,32.0,32.0,0.1213970184326171,45.057453971821815,2588.3369140625,,,,,
6202,3,1992.0,0.0,32.0,32.0,0.3209362030029297,50.2939639845863,2951.76416015625,,,,,
6203,3,1993.0,0.0,32.0,32.0,0.2533292770385742,47.796160040888935,2867.99169921875,,,,,
6204,3,1994.0,0.0,32.0,32.0,0.0171499252319335,50.540999975055456,2963.337890625,,,,,
6205,3,1995.0,0.0,32.0,32.0,0.3396387100219726,43.51803701138124,2683.17138671875,,,,,
6206,3,1996.0,0.0,32.0,32.0,0.0412578582763671,46.60163098014891,2801.326171875,,,,,
6207,3,1997.0,0.0,32.0,32.0,0.5089359283447266,42.68173698801547,2727.7080078125,,,,,
6208,3,1998.0,0.0,32.0,32.0,0.0174236297607421,41.32550396025181,2625.908203125,,,,,
6209,3,1999.0,0.0,32.0,32.0,0.1227684020996093,42.061240994371474,2625.908203125,,,,,
6210,3,2000.0,0.0,32.0,32.0,0.0879449844360351,47.292187984567136,2906.4150390625,,,,,
6211,3,2001.0,0.0,32.0,32.0,0.1032543182373046,32.54602901870385,2801.326171875,,,,,
6212,3,2002.0,0.0,32.0,32.0,0.1136999130249023,42.51509497407824,2588.3369140625,,,,,
6213,3,2003.0,0.0,32.0,32.0,0.0868721008300781,47.08313196897507,2867.99169921875,,,,,
6214,3,2004.0,0.0,32.0,32.0,0.1398687362670898,44.12701999535784,2588.3369140625,,,,,
6215,3,2005.0,0.0,32.0,32.0,0.0198526382446289,44.15888601215556,2766.93994140625,,,,,
6216,3,2006.0,0.0,32.0,32.0,0.0330734252929687,47.49228904256597,2867.99169921875,,,,,
6217,3,2007.0,0.0,32.0,32.0,0.1314105987548828,42.9840290453285,2655.9453125,,,,,
6218,3,2008.0,0.0,32.0,32.0,0.0940933227539062,43.84262103121728,2694.33349609375,,,,,
6219,3,2009.0,0.0,32.0,32.0,0.203826904296875,55.41101598646492,3171.31201171875,,,,,
6220,3,2010.0,0.0,32.0,32.0,0.3764095306396484,50.68692396162078,2904.6611328125,,,,,
6221,3,2011.0,0.0,32.0,32.0,0.0831575393676757,43.7750939745456,2694.33349609375,,,,,
6222,3,2012.0,0.0,32.0,32.0,0.1539983749389648,47.17902198899537,2867.99169921875,,,,,
6223,3,2013.0,0.0,32.0,32.0,0.0784635543823242,33.86945300735533,2816.134765625,,,,,
6224,3,2014.0,0.0,32.0,32.0,0.1945304870605468,41.74477100605145,2733.4013671875,,,,,
6225,3,2015.0,0.0,32.0,32.0,0.3994503021240234,37.96275099739432,2481.373046875,,,,,
6226,3,2016.0,0.0,32.0,32.0,0.0637979507446289,46.18679796112701,2906.4150390625,,,,,
6227,3,2017.0,0.0,32.0,32.0,0.1169271469116211,45.4765900503844,2801.326171875,,,,,
6228,3,2018.0,0.0,32.0,32.0,0.0405893325805664,43.66913705598563,2727.7080078125,,,,,
6229,3,2019.0,0.0,32.0,32.0,0.1123285293579101,44.06230500899255,2766.93994140625,,,,,
6230,3,2020.0,0.0,32.0,32.0,0.0732183456420898,42.74851898662746,2625.908203125,,,,,
6231,3,2021.0,0.0,32.0,32.0,0.2201251983642578,50.72338104946539,2951.76416015625,,,,,
6232,3,2022.0,0.0,32.0,32.0,0.0980596542358398,53.445647994522005,3034.4814453125,,,,,
6233,3,2023.0,0.0,32.0,32.0,0.2275371551513672,50.93208304606378,2904.6611328125,,,,,
6234,3,2024.0,0.0,32.0,32.0,0.2275781631469726,46.244317025411874,2801.326171875,,,,,
6235,3,2025.0,0.0,32.0,32.0,0.0761289596557617,34.580700972583145,2867.99169921875,,,,,
6236,3,2026.0,0.0,32.0,32.0,0.1161680221557617,48.6568880151026,3009.92138671875,,,,,
6237,3,2027.0,0.0,32.0,32.0,0.1946907043457031,53.23123902780935,3034.4814453125,,,,,
6238,3,2028.0,0.0,32.0,32.0,0.2240171432495117,46.41602397896349,2816.134765625,,,,,
6239,3,2029.0,0.0,32.0,32.0,0.2607631683349609,42.65052202390507,2694.33349609375,,,,,
6240,3,2030.0,0.0,32.0,32.0,0.107487678527832,44.10848999395967,2766.93994140625,,,,,
6241,3,2031.0,0.0,32.0,32.0,0.1729345321655273,44.0535350353457,2727.7080078125,,,,,
6242,3,2032.0,0.0,32.0,32.0,0.125248908996582,57.33361904276535,3194.6259765625,,,,,
6243,3,2033.0,0.0,32.0,32.0,0.2282886505126953,53.0561720370315,2963.337890625,,,,,
6244,3,2034.0,0.0,32.0,32.0,0.1724987030029297,42.891938996035606,2655.9453125,,,,,
6245,3,2035.0,0.0,32.0,32.0,0.0619964599609375,46.38335999334231,2867.99169921875,,,,,
6246,3,2036.0,0.0,32.0,32.0,0.1717848777770996,30.84468701854348,2694.33349609375,,,,,
6247,3,2037.0,0.0,32.0,32.0,0.0789394378662109,45.21976399701089,2867.99169921875,,,,,
6248,3,2038.0,0.0,32.0,32.0,0.1728658676147461,40.48525699181482,2619.28369140625,,,,,
6249,3,2039.0,0.0,32.0,32.0,0.1131863594055175,43.00559201510623,2588.3369140625,,,,,
6250,3,2040.0,0.0,32.0,32.0,0.2033314704895019,41.85992997372523,2513.87451171875,,,,,
6251,3,2041.0,0.0,32.0,32.0,0.1504764556884765,43.5046999482438,2778.75830078125,,,,,
6252,3,2042.0,0.0,32.0,32.0,0.0212230682373046,38.85676298523322,2481.373046875,,,,,
6253,3,2043.0,0.0,32.0,32.0,0.1809616088867187,46.97862401371822,2875.06591796875,,,,,
6254,3,2044.0,0.0,32.0,32.0,0.4774446487426758,46.941793989390135,2801.326171875,,,,,
6255,3,2045.0,0.0,32.0,32.0,0.0415287017822265,52.334108971990645,3034.4814453125,,,,,
6256,3,2046.0,0.0,32.0,32.0,0.0481204986572265,47.93098702793941,2867.99169921875,,,,,
6257,3,2047.0,0.0,32.0,32.0,0.0462894439697265,42.88036102661863,2694.33349609375,,,,,
6258,3,2048.0,0.0,32.0,32.0,0.1759719848632812,33.67240395164117,2867.99169921875,,,,,
6259,3,2049.0,0.0,32.0,32.0,0.0896797180175781,45.148538949433714,2816.134765625,,,,,
6260,3,2050.0,0.0,32.0,32.0,0.0898723602294921,42.49230801360682,2557.56201171875,,,,,
6261,3,2051.0,0.0,32.0,32.0,0.3489894866943359,47.06584400264546,2867.99169921875,,,,,
6262,3,2052.0,0.0,32.0,32.0,0.1849651336669922,46.58409499097616,2816.134765625,,,,,
6263,3,2053.0,0.0,32.0,32.0,0.2274637222290039,47.2412959788926,2875.06591796875,,,,,
6264,3,2054.0,0.0,32.0,32.0,0.1571760177612304,46.65044497232884,2816.134765625,,,,,
6265,3,2055.0,0.0,32.0,32.0,0.234684944152832,53.51739900652319,3050.8896484375,,,,,
6266,3,2056.0,0.0,32.0,32.0,0.0197219848632812,45.34229898126796,2778.75830078125,,,,,
6267,3,2057.0,0.0,32.0,32.0,0.3211679458618164,42.32066700933501,2563.7587890625,,,,,
6268,3,2058.0,0.0,32.0,32.0,0.3420038223266601,44.73296599462629,2801.326171875,,,,,
6269,3,2059.0,0.0,32.0,32.0,0.4060897827148437,44.69686595257372,2801.326171875,,,,,
6270,3,2060.0,0.0,32.0,32.0,0.0267219543457031,32.35268301796168,2816.134765625,,,,,
6271,3,2061.0,0.0,32.0,32.0,0.3034982681274414,44.0066930023022,2801.326171875,,,,,
6272,3,2062.0,0.0,32.0,32.0,0.3944549560546875,43.20809798082337,2727.7080078125,,,,,
6273,3,2063.0,0.0,32.0,32.0,0.3238143920898437,44.34644099092111,2588.3369140625,,,,,
6274,3,2064.0,0.0,32.0,32.0,0.067361831665039,42.61027701431885,2655.9453125,,,,,
6275,3,2065.0,0.0,32.0,32.0,0.2294731140136718,50.29642902081832,2951.76416015625,,,,,
6276,3,2066.0,0.0,32.0,32.0,0.1583366394042968,47.43162100203335,2801.326171875,,,,,
6277,3,2067.0,0.0,32.0,32.0,0.25830078125,44.89599302178249,2766.93994140625,,,,,
6278,3,2068.0,0.0,32.0,32.0,0.0395622253417968,44.99738296726719,2778.75830078125,,,,,
6279,3,2069.0,0.0,32.0,32.0,0.1441001892089843,44.29173702374101,2766.93994140625,,,,,
6280,3,2070.0,0.0,32.0,32.0,0.0378570556640625,42.445216968189925,2683.17138671875,,,,,
6281,3,2071.0,0.0,32.0,32.0,0.0412216186523437,45.974949025549,2816.134765625,,,,,
6282,3,2072.0,0.0,32.0,32.0,0.0327835083007812,31.40115196583793,2588.3369140625,,,,,
6283,3,2073.0,0.0,32.0,32.0,0.1483345031738281,40.51113198511303,2619.28369140625,,,,,
6284,3,2074.0,0.0,32.0,32.0,0.1347808837890625,41.147548996377736,2625.908203125,,,,,
6285,3,2075.0,0.0,32.0,32.0,0.251312255859375,46.68906697770581,2906.4150390625,,,,,
6286,3,2076.0,0.0,32.0,32.0,0.1431999206542968,43.257095967419446,2563.7587890625,,,,,
6287,3,2077.0,0.0,32.0,32.0,0.140716552734375,42.64353099279106,2563.7587890625,,,,,
6288,3,2078.0,0.0,32.0,32.0,0.1730690002441406,43.78399299457669,2588.3369140625,,,,,
6289,3,2079.0,0.0,32.0,32.0,0.106048583984375,55.87708501843736,3124.951171875,,,,,
6290,3,2080.0,0.0,32.0,32.0,0.4118270874023437,47.77867399388924,2816.134765625,,,,,
6291,3,2081.0,0.0,32.0,32.0,0.1420631408691406,41.40192299382761,2513.87451171875,,,,,
6292,3,2082.0,0.0,32.0,32.0,0.2494697570800781,41.5513759944588,2513.87451171875,,,,,
6293,3,2083.0,0.0,32.0,32.0,0.2326240539550781,38.167659018654376,2481.373046875,,,,,
6294,3,2084.0,0.0,32.0,32.0,0.2549400329589844,28.481740970164537,2481.373046875,,,,,
6295,3,2085.0,0.0,32.0,32.0,0.2264633178710937,39.85271800775081,2694.33349609375,,,,,
6296,3,2086.0,0.0,32.0,32.0,0.255523681640625,41.67050699470565,2513.87451171875,,,,,
6297,3,2087.0,0.0,32.0,32.0,0.043853759765625,41.47509502945468,2619.28369140625,,,,,
6298,3,2088.0,0.0,32.0,32.0,0.3046302795410156,43.6696260003373,2733.4013671875,,,,,
6299,3,2089.0,0.0,32.0,32.0,0.4783821105957031,41.23346600681543,2491.71826171875,,,,,
6300,3,2090.0,0.0,32.0,32.0,0.3369903564453125,42.51413402380422,2563.7587890625,,,,,
6301,3,2091.0,0.0,32.0,32.0,0.4782791137695312,50.91969599016011,2951.76416015625,,,,,
6302,3,2092.0,0.0,32.0,32.0,0.1971588134765625,45.721095986664295,2727.7080078125,,,,,
6303,3,2093.0,0.0,32.0,32.0,0.1025543212890625,44.36450800858438,2588.3369140625,,,,,
6304,3,2094.0,0.0,32.0,32.0,0.1433639526367187,52.31203400762752,2970.58984375,,,,,
6305,3,2095.0,0.0,32.0,32.0,0.2340011596679687,46.4376540039666,2816.134765625,,,,,
6306,3,2096.0,0.0,32.0,32.0,0.137725830078125,36.15540900500491,2904.6611328125,,,,,
6307,3,2097.0,0.0,32.0,32.0,0.0705337524414062,48.8722849986516,3009.92138671875,,,,,
6308,3,2098.0,0.0,32.0,32.0,0.4074020385742187,42.914354999084026,2655.9453125,,,,,
6309,3,2099.0,0.0,32.0,32.0,0.2138595581054687,41.98543599341065,2563.7587890625,,,,,
6310,3,2100.0,0.0,32.0,32.0,0.1772537231445312,42.765816033352166,2694.33349609375,,,,,
6311,3,2101.0,0.0,32.0,32.0,0.2235336303710937,44.33065099874512,2733.4013671875,,,,,
6312,3,2102.0,0.0,32.0,32.0,0.072723388671875,43.511936033610255,2766.93994140625,,,,,
6313,3,2103.0,0.0,32.0,32.0,0.296539306640625,55.46130798757076,3087.69775390625,,,,,
6314,3,2104.0,0.0,32.0,32.0,0.2194938659667968,46.5410869801417,2801.326171875,,,,,
6315,3,2105.0,0.0,21.0,21.0,0.0664643794298172,42.04832797404379,2661.42431640625,,,,,
6315,3,,1.0,32.0,32.0,,42.04832797404379,2661.42431640625,0.8956422018348624,0.3261654496725116,0.9682697590164664,0.1240254922391683,0.072627557181604
