step,epoch,step_in_epoch,probe/is_eval,sys/effective_batch_size,sys/device_batch_size,train/loss,sys/time_per_step_ms,sys/peak_memory_mb,val/acc,val/loss,train/acc,train/loss_eval,gap/train_minus_val
1,1,1.0,0.0,32.0,32.0,0.68603515625,338.0169539595954,2025.26904296875,,,,,
2,1,2.0,0.0,32.0,32.0,0.691162109375,35.550531989429146,2496.3740234375,,,,,
3,1,3.0,0.0,32.0,32.0,0.6876220703125,38.0835150135681,2692.7841796875,,,,,
4,1,4.0,0.0,32.0,32.0,0.6942138671875,38.6298339581117,2687.3701171875,,,,,
5,1,5.0,0.0,32.0,32.0,0.6981201171875,38.62946497974917,2655.02490234375,,,,,
6,1,6.0,0.0,32.0,32.0,0.682861328125,38.24604401597753,2574.6875,,,,,
7,1,7.0,0.0,32.0,32.0,0.69818115234375,36.712411034386605,2563.3828125,,,,,
8,1,8.0,0.0,32.0,32.0,0.6871337890625,32.51052199630067,2214.8603515625,,,,,
9,1,9.0,0.0,32.0,32.0,0.708251953125,39.459110994357616,2790.72021484375,,,,,
10,1,10.0,0.0,32.0,32.0,0.6890869140625,36.93608101457357,2563.3828125,,,,,
11,1,11.0,0.0,32.0,32.0,0.7041015625,37.44029701920226,2574.6875,,,,,
12,1,12.0,0.0,32.0,32.0,0.7088623046875,35.63204198144376,2543.56884765625,,,,,
13,1,13.0,0.0,32.0,32.0,0.709228515625,41.29914595978335,2790.72021484375,,,,,
14,1,14.0,0.0,32.0,32.0,0.702880859375,34.65430100914091,2398.12548828125,,,,,
15,1,15.0,0.0,32.0,32.0,0.6795654296875,36.301578977145255,2563.3828125,,,,,
16,1,16.0,0.0,32.0,32.0,0.6837158203125,42.65823098830879,2852.0673828125,,,,,
17,1,17.0,0.0,32.0,32.0,0.6910400390625,34.73361296346411,2410.10546875,,,,,
18,1,18.0,0.0,32.0,32.0,0.692138671875,36.30011196946725,2574.6875,,,,,
19,1,19.0,0.0,32.0,32.0,0.6923828125,36.873838980682194,2543.56884765625,,,,,
20,1,20.0,0.0,32.0,32.0,0.7027587890625,43.08338701957837,2574.6875,,,,,
21,1,21.0,0.0,32.0,32.0,0.6846923828125,49.676130001898855,2660.82958984375,,,,,
22,1,22.0,0.0,32.0,32.0,0.6785888671875,45.55977904237807,2435.498046875,,,,,
23,1,23.0,0.0,32.0,32.0,0.697509765625,60.87633705465123,2965.60693359375,,,,,
24,1,24.0,0.0,32.0,32.0,0.6842041015625,51.00682098418474,2660.82958984375,,,,,
25,1,25.0,0.0,32.0,32.0,0.7064208984375,45.1590740121901,2533.17626953125,,,,,
26,1,26.0,0.0,32.0,32.0,0.687255859375,50.26299803284928,2822.1865234375,,,,,
27,1,27.0,0.0,32.0,32.0,0.6990966796875,45.44125800020993,2754.88671875,,,,,
28,1,28.0,0.0,32.0,32.0,0.6983642578125,39.58078700816259,2563.3828125,,,,,
29,1,29.0,0.0,32.0,32.0,0.6885986328125,37.93917398434132,2507.1259765625,,,,,
30,1,30.0,0.0,32.0,32.0,0.677001953125,45.88436201447621,2876.80908203125,,,,,
31,1,31.0,0.0,32.0,32.0,0.6998291015625,38.198005000595,2660.82958984375,,,,,
32,1,32.0,0.0,32.0,32.0,0.6927490234375,35.63022398157045,2498.1083984375,,,,,
33,1,33.0,0.0,32.0,32.0,0.68792724609375,36.13126603886485,2543.56884765625,,,,,
34,1,34.0,0.0,32.0,32.0,0.6783447265625,35.511553985998034,2498.1083984375,,,,,
35,1,35.0,0.0,32.0,32.0,0.690185546875,34.79065396822989,2465.03271484375,,,,,
36,1,36.0,0.0,32.0,32.0,0.7021484375,37.04552998533472,2563.3828125,,,,,
37,1,37.0,0.0,32.0,32.0,0.6705322265625,40.273864986374974,2696.84033203125,,,,,
38,1,38.0,0.0,32.0,32.0,0.7147216796875,46.52992699993774,2876.80908203125,,,,,
39,1,39.0,0.0,32.0,32.0,0.6685791015625,35.47348896972835,2477.59716796875,,,,,
40,1,40.0,0.0,32.0,32.0,0.690673828125,35.751713963691145,2507.1259765625,,,,,
41,1,41.0,0.0,32.0,32.0,0.6614990234375,35.43706703931093,2315.2705078125,,,,,
42,1,42.0,0.0,32.0,32.0,0.68798828125,42.52068197820336,2696.84033203125,,,,,
43,1,43.0,0.0,32.0,32.0,0.6739501953125,46.8697469914332,2761.908203125,,,,,
44,1,44.0,0.0,32.0,32.0,0.7249755859375,48.036810010671616,2730.66845703125,,,,,
45,1,45.0,0.0,32.0,32.0,0.6689453125,42.701683996710926,2465.03271484375,,,,,
46,1,46.0,0.0,32.0,32.0,0.721923828125,41.983249015174806,2435.498046875,,,,,
47,1,47.0,0.0,32.0,32.0,0.709228515625,44.08158699516207,2377.17919921875,,,,,
48,1,48.0,0.0,32.0,32.0,0.7103271484375,44.56294799456373,2563.3828125,,,,,
49,1,49.0,0.0,32.0,32.0,0.689453125,47.800294996704906,2690.6982421875,,,,,
50,1,50.0,0.0,32.0,32.0,0.671142578125,44.62636896641925,2687.3701171875,,,,,
51,1,51.0,0.0,32.0,32.0,0.68353271484375,38.60136301955208,2398.12548828125,,,,,
52,1,52.0,0.0,32.0,32.0,0.65081787109375,38.54757995577529,2543.56884765625,,,,,
53,1,53.0,0.0,32.0,32.0,0.684814453125,37.0746540138498,2410.10546875,,,,,
54,1,54.0,0.0,32.0,32.0,0.68487548828125,37.00640599709004,2498.1083984375,,,,,
55,1,55.0,0.0,32.0,32.0,0.70257568359375,47.14077099924907,2965.60693359375,,,,,
56,1,56.0,0.0,32.0,32.0,0.6685791015625,37.652720988262445,2543.56884765625,,,,,
57,1,57.0,0.0,32.0,32.0,0.7020263671875,32.04519802238792,2233.6396484375,,,,,
58,1,58.0,0.0,32.0,32.0,0.6893310546875,34.446151985321194,2465.03271484375,,,,,
59,1,59.0,0.0,32.0,32.0,0.67578125,35.028979007620364,2435.498046875,,,,,
60,1,60.0,0.0,32.0,32.0,0.6998291015625,43.68994600372389,2822.1865234375,,,,,
61,1,61.0,0.0,32.0,32.0,0.70068359375,36.3761360058561,2477.59716796875,,,,,
62,1,62.0,0.0,32.0,32.0,0.6800537109375,34.56786501919851,2435.498046875,,,,,
63,1,63.0,0.0,32.0,32.0,0.68505859375,35.860395000781864,2507.1259765625,,,,,
64,1,64.0,0.0,32.0,32.0,0.6790771484375,40.86074302904308,2690.6982421875,,,,,
65,1,65.0,0.0,32.0,32.0,0.675048828125,38.610623974818736,2377.17919921875,,,,,
66,1,66.0,0.0,32.0,32.0,0.669921875,37.800288992002606,2477.59716796875,,,,,
67,1,67.0,0.0,32.0,32.0,0.663818359375,40.88131198659539,2574.6875,,,,,
68,1,68.0,0.0,32.0,32.0,0.67333984375,46.47852899506688,2754.88671875,,,,,
69,1,69.0,0.0,32.0,32.0,0.6556396484375,40.96068296348676,2543.56884765625,,,,,
70,1,70.0,0.0,32.0,32.0,0.64111328125,37.05910395365208,2249.71875,,,,,
71,1,71.0,0.0,32.0,32.0,0.6552734375,40.67118396051228,2349.4912109375,,,,,
72,1,72.0,0.0,32.0,32.0,0.60943603515625,43.75125298975036,2655.02490234375,,,,,
73,1,73.0,0.0,32.0,32.0,0.5745849609375,47.37282096175477,2730.66845703125,,,,,
74,1,74.0,0.0,32.0,32.0,0.57666015625,43.01449097692967,2533.17626953125,,,,,
75,1,75.0,0.0,32.0,32.0,0.512664794921875,43.58980798861012,2687.3701171875,,,,,
76,1,76.0,0.0,32.0,32.0,0.49700927734375,39.44201394915581,2498.1083984375,,,,,
77,1,77.0,0.0,32.0,32.0,0.437744140625,39.15217495523393,2533.17626953125,,,,,
78,1,78.0,0.0,32.0,32.0,0.432220458984375,34.16141198249534,2249.71875,,,,,
79,1,79.0,0.0,32.0,32.0,0.41326904296875,37.54650696646422,2356.935546875,,,,,
80,1,80.0,0.0,32.0,32.0,0.4219512939453125,42.00922098243609,2696.84033203125,,,,,
81,1,81.0,0.0,32.0,32.0,0.6804962158203125,37.50752698397264,2465.03271484375,,,,,
82,1,82.0,0.0,32.0,32.0,0.3979339599609375,39.48909399332479,2687.3701171875,,,,,
83,1,83.0,0.0,32.0,32.0,0.4173431396484375,35.71473195916042,2398.12548828125,,,,,
84,1,84.0,0.0,32.0,32.0,0.659820556640625,40.195143956225365,2690.6982421875,,,,,
85,1,85.0,0.0,32.0,32.0,0.4411849975585937,37.55750099662691,2507.1259765625,,,,,
86,1,86.0,0.0,32.0,32.0,0.3807907104492187,35.802294965833426,2315.2705078125,,,,,
87,1,87.0,0.0,32.0,32.0,0.545501708984375,34.6389000187628,2435.498046875,,,,,
88,1,88.0,0.0,32.0,32.0,0.5327644348144531,38.92357397126034,2660.82958984375,,,,,
89,1,89.0,0.0,32.0,32.0,0.4369239807128906,42.41195996291936,2730.66845703125,,,,,
90,1,90.0,0.0,32.0,32.0,0.6937065124511719,38.79483899800107,2507.1259765625,,,,,
91,1,91.0,0.0,32.0,32.0,0.8444938659667969,42.84130997257307,2690.6982421875,,,,,
92,1,92.0,0.0,32.0,32.0,0.8405723571777344,41.90328798722476,2574.6875,,,,,
93,1,93.0,0.0,32.0,32.0,0.8025436401367188,47.754077007994056,2822.1865234375,,,,,
94,1,94.0,0.0,32.0,32.0,0.4496536254882812,40.87866103509441,2498.1083984375,,,,,
95,1,95.0,0.0,32.0,32.0,0.3199920654296875,46.52313300175592,2730.66845703125,,,,,
96,1,96.0,0.0,32.0,32.0,0.3859710693359375,47.85479500424117,2754.88671875,,,,,
97,1,97.0,0.0,32.0,32.0,0.5336685180664062,43.187696021050215,2574.6875,,,,,
98,1,98.0,0.0,32.0,32.0,0.398101806640625,42.70206700311974,2574.6875,,,,,
99,1,99.0,0.0,32.0,32.0,0.3592376708984375,38.72270800638944,2398.12548828125,,,,,
100,1,100.0,0.0,32.0,32.0,0.2686767578125,41.69422900304198,2574.6875,,,,,
101,1,101.0,0.0,32.0,32.0,0.4043045043945312,41.8606479652226,2655.02490234375,,,,,
102,1,102.0,0.0,32.0,32.0,0.3270645141601562,37.65167202800512,2410.10546875,,,,,
103,1,103.0,0.0,32.0,32.0,0.653106689453125,37.75305696763098,2477.59716796875,,,,,
104,1,104.0,0.0,32.0,32.0,0.3392486572265625,44.1275030025281,2761.908203125,,,,,
105,1,105.0,0.0,32.0,32.0,0.3770294189453125,34.12283398211002,2533.17626953125,,,,,
106,1,106.0,0.0,32.0,32.0,0.280914306640625,40.1631590211764,2660.82958984375,,,,,
107,1,107.0,0.0,32.0,32.0,0.2998275756835937,43.41389896580949,2790.72021484375,,,,,
108,1,108.0,0.0,32.0,32.0,0.4466629028320312,37.61010500602424,2507.1259765625,,,,,
109,1,109.0,0.0,32.0,32.0,0.4462432861328125,35.78529501101002,2435.498046875,,,,,
110,1,110.0,0.0,32.0,32.0,0.5799789428710938,44.13360502803698,2822.1865234375,,,,,
111,1,111.0,0.0,32.0,32.0,0.4631729125976562,37.75343601591885,2507.1259765625,,,,,
112,1,112.0,0.0,32.0,32.0,0.2974853515625,42.76447603479028,2761.908203125,,,,,
113,1,113.0,0.0,32.0,32.0,0.4126052856445312,36.073017050512135,2398.12548828125,,,,,
114,1,114.0,0.0,32.0,32.0,0.2137374877929687,37.950147001538426,2507.1259765625,,,,,
115,1,115.0,0.0,32.0,32.0,0.3781356811523437,38.36911101825535,2356.935546875,,,,,
116,1,116.0,0.0,32.0,32.0,0.259796142578125,45.44310696655885,2790.72021484375,,,,,
117,1,117.0,0.0,32.0,32.0,0.2654266357421875,39.00766803417355,2435.498046875,,,,,
118,1,118.0,0.0,32.0,32.0,0.4096450805664062,41.06870898976922,2574.6875,,,,,
119,1,119.0,0.0,32.0,32.0,0.3413314819335937,42.240780021529645,2655.02490234375,,,,,
120,1,120.0,0.0,32.0,32.0,0.3181381225585937,42.62161097722128,2660.82958984375,,,,,
121,1,121.0,0.0,32.0,32.0,0.4547119140625,39.61621597409248,2410.10546875,,,,,
122,1,122.0,0.0,32.0,32.0,0.3896903991699219,38.73245598515496,2410.10546875,,,,,
123,1,123.0,0.0,32.0,32.0,0.5035476684570312,39.24443596042693,2498.1083984375,,,,,
124,1,124.0,0.0,32.0,32.0,0.2216110229492187,39.42002699477598,2465.03271484375,,,,,
125,1,125.0,0.0,32.0,32.0,0.2071113586425781,39.633874024730176,2533.17626953125,,,,,
126,1,126.0,0.0,32.0,32.0,0.4115982055664062,41.75625700736418,2687.3701171875,,,,,
127,1,127.0,0.0,32.0,32.0,0.4074287414550781,38.30263303825632,2410.10546875,,,,,
128,1,128.0,0.0,32.0,32.0,0.5606231689453125,40.87541601620615,2687.3701171875,,,,,
129,1,129.0,0.0,32.0,32.0,0.7057533264160156,37.02822397463024,2398.12548828125,,,,,
130,1,130.0,0.0,32.0,32.0,0.3485031127929687,43.29758998937905,2761.908203125,,,,,
131,1,131.0,0.0,32.0,32.0,0.6717376708984375,41.40866198576987,2690.6982421875,,,,,
132,1,132.0,0.0,32.0,32.0,0.3507308959960937,40.75543599901721,2574.6875,,,,,
133,1,133.0,0.0,32.0,32.0,0.3480415344238281,39.28832896053791,2563.3828125,,,,,
134,1,134.0,0.0,32.0,32.0,0.3685684204101562,39.65593600878492,2574.6875,,,,,
135,1,135.0,0.0,32.0,32.0,0.4987754821777344,41.80792602710426,2690.6982421875,,,,,
136,1,136.0,0.0,32.0,32.0,0.3333740234375,38.08938100701198,2477.59716796875,,,,,
137,1,137.0,0.0,32.0,32.0,0.3700180053710937,37.94126998400316,2498.1083984375,,,,,
138,1,138.0,0.0,32.0,32.0,0.2617034912109375,38.127217965666205,2533.17626953125,,,,,
139,1,139.0,0.0,32.0,32.0,0.2867965698242187,37.35379601130262,2435.498046875,,,,,
140,1,140.0,0.0,32.0,32.0,0.3663482666015625,37.91907196864486,2477.59716796875,,,,,
141,1,141.0,0.0,32.0,32.0,0.536651611328125,37.22486103652045,2398.12548828125,,,,,
142,1,142.0,0.0,32.0,32.0,0.3884963989257812,37.10702498210594,2398.12548828125,,,,,
143,1,143.0,0.0,32.0,32.0,0.25262451171875,38.11095398850739,2435.498046875,,,,,
144,1,144.0,0.0,32.0,32.0,0.2345962524414062,38.90633600531146,2477.59716796875,,,,,
145,1,145.0,0.0,32.0,32.0,0.3782005310058594,43.05863898480311,2655.02490234375,,,,,
146,1,146.0,0.0,32.0,32.0,0.4400787353515625,40.27726501226425,2533.17626953125,,,,,
147,1,147.0,0.0,32.0,32.0,0.5784721374511719,49.83733099652454,2876.80908203125,,,,,
148,1,148.0,0.0,32.0,32.0,0.6665458679199219,39.80336396489293,2533.17626953125,,,,,
149,1,149.0,0.0,32.0,32.0,0.2892532348632812,47.96912299934775,2852.0673828125,,,,,
150,1,150.0,0.0,32.0,32.0,0.2166213989257812,42.243695992510766,2655.02490234375,,,,,
151,1,151.0,0.0,32.0,32.0,0.3175506591796875,49.8023210093379,2946.62548828125,,,,,
152,1,152.0,0.0,32.0,32.0,0.11944580078125,38.8702679774724,2533.17626953125,,,,,
153,1,153.0,0.0,32.0,32.0,0.5276336669921875,40.32841499429196,2574.6875,,,,,
154,1,154.0,0.0,32.0,32.0,0.434173583984375,43.9215469523333,2761.908203125,,,,,
155,1,155.0,0.0,32.0,32.0,0.2194595336914062,38.54167298413813,2477.59716796875,,,,,
156,1,156.0,0.0,32.0,32.0,0.2722053527832031,36.53332503745333,2410.10546875,,,,,
157,1,157.0,0.0,32.0,32.0,0.4516448974609375,39.22105400124565,2563.3828125,,,,,
158,1,158.0,0.0,32.0,32.0,0.2309379577636718,37.872952001634985,2507.1259765625,,,,,
159,1,159.0,0.0,32.0,32.0,0.1108856201171875,43.038667005021125,2754.88671875,,,,,
160,1,160.0,0.0,32.0,32.0,0.4059982299804687,48.35787502815947,2888.2919921875,,,,,
161,1,161.0,0.0,32.0,32.0,0.3179855346679687,42.60859201895073,2690.6982421875,,,,,
162,1,162.0,0.0,32.0,32.0,0.313995361328125,38.251899008173496,2465.03271484375,,,,,
163,1,163.0,0.0,32.0,32.0,0.3550949096679687,38.467428006697446,2498.1083984375,,,,,
164,1,164.0,0.0,32.0,32.0,0.3627243041992187,37.579769967123866,2410.10546875,,,,,
165,1,165.0,0.0,32.0,32.0,0.3797225952148437,37.1154309832491,2398.12548828125,,,,,
166,1,166.0,0.0,32.0,32.0,0.4024276733398437,44.030098943039775,2730.66845703125,,,,,
167,1,167.0,0.0,32.0,32.0,0.2934951782226562,40.720616991166025,2533.17626953125,,,,,
168,1,168.0,0.0,32.0,32.0,0.3934059143066406,38.45188400009647,2410.10546875,,,,,
169,1,169.0,0.0,32.0,32.0,0.48480224609375,41.47633694810793,2687.3701171875,,,,,
170,1,170.0,0.0,32.0,32.0,0.3652305603027344,42.724583006929606,2687.3701171875,,,,,
171,1,171.0,0.0,32.0,32.0,0.259857177734375,44.0267919912003,2696.84033203125,,,,,
172,1,172.0,0.0,32.0,32.0,0.5948333740234375,41.14222101634368,2507.1259765625,,,,,
173,1,173.0,0.0,32.0,32.0,0.3969573974609375,39.04603002592921,2498.1083984375,,,,,
174,1,174.0,0.0,32.0,32.0,0.3432979583740234,38.1764080375433,2315.2705078125,,,,,
175,1,175.0,0.0,32.0,32.0,0.2916393280029297,34.214165003504604,2273.755859375,,,,,
176,1,176.0,0.0,32.0,32.0,0.2417507171630859,36.94644599454477,2410.10546875,,,,,
177,1,177.0,0.0,32.0,32.0,0.3198814392089844,39.79507397161797,2563.3828125,,,,,
178,1,178.0,0.0,32.0,32.0,0.2661991119384765,45.13561102794483,2790.72021484375,,,,,
179,1,179.0,0.0,32.0,32.0,0.2483768463134765,38.82883198093623,2507.1259765625,,,,,
180,1,180.0,0.0,32.0,32.0,0.2646408081054687,37.97317901626229,2498.1083984375,,,,,
181,1,181.0,0.0,32.0,32.0,0.3282279968261719,39.89634499885142,2574.6875,,,,,
182,1,182.0,0.0,32.0,32.0,0.1342048645019531,41.93104797741398,2730.66845703125,,,,,
183,1,183.0,0.0,32.0,32.0,0.5132904052734375,40.84756103111431,2655.02490234375,,,,,
184,1,184.0,0.0,32.0,32.0,0.1448326110839843,42.74628701386973,2730.66845703125,,,,,
185,1,185.0,0.0,32.0,32.0,0.239114761352539,45.66788498777896,2790.72021484375,,,,,
186,1,186.0,0.0,32.0,32.0,0.6643352508544922,47.68250399501994,2822.1865234375,,,,,
187,1,187.0,0.0,32.0,32.0,0.2992877960205078,41.39351099729538,2660.82958984375,,,,,
188,1,188.0,0.0,32.0,32.0,0.4013080596923828,36.93694999674335,2398.12548828125,,,,,
189,1,189.0,0.0,32.0,32.0,0.3137130737304687,44.22890400746837,2761.908203125,,,,,
190,1,190.0,0.0,32.0,32.0,0.2394218444824218,44.16188894538209,2730.66845703125,,,,,
191,1,191.0,0.0,32.0,32.0,0.1334075927734375,39.83703698031604,2465.03271484375,,,,,
192,1,192.0,0.0,32.0,32.0,0.2527236938476562,47.85543796606362,2852.0673828125,,,,,
193,1,193.0,0.0,32.0,32.0,0.2495231628417968,40.29441997408867,2543.56884765625,,,,,
194,1,194.0,0.0,32.0,32.0,0.4555015563964844,41.9748910353519,2655.02490234375,,,,,
195,1,195.0,0.0,32.0,32.0,0.2976303100585937,39.73891300847754,2543.56884765625,,,,,
196,1,196.0,0.0,32.0,32.0,0.2597999572753906,38.68343500653282,2477.59716796875,,,,,
197,1,197.0,0.0,32.0,32.0,0.3993988037109375,38.92759402515367,2507.1259765625,,,,,
198,1,198.0,0.0,32.0,32.0,0.2378807067871093,41.18040099274367,2660.82958984375,,,,,
199,1,199.0,0.0,32.0,32.0,0.3109092712402344,39.308840001467615,2533.17626953125,,,,,
200,1,200.0,0.0,32.0,32.0,0.1963424682617187,35.440648964140564,2273.755859375,,,,,
201,1,201.0,0.0,32.0,32.0,0.1283111572265625,40.20512104034424,2660.82958984375,,,,,
202,1,202.0,0.0,32.0,32.0,0.1968841552734375,38.66043797461316,2498.1083984375,,,,,
203,1,203.0,0.0,32.0,32.0,0.3259563446044922,40.466537000611424,2574.6875,,,,,
204,1,204.0,0.0,32.0,32.0,0.308319091796875,49.66170701663941,2956.64208984375,,,,,
205,1,205.0,0.0,32.0,32.0,0.2162418365478515,42.82850801246241,2730.66845703125,,,,,
206,1,206.0,0.0,32.0,32.0,0.30743408203125,40.62239202903584,2574.6875,,,,,
207,1,207.0,0.0,32.0,32.0,0.3146286010742187,37.8318689763546,2543.56884765625,,,,,
208,1,208.0,0.0,32.0,32.0,0.3748970031738281,38.59523904975504,2543.56884765625,,,,,
209,1,209.0,0.0,32.0,32.0,0.3170585632324219,36.97499301051721,2398.12548828125,,,,,
210,1,210.0,0.0,32.0,32.0,0.1695709228515625,38.17612200509757,2533.17626953125,,,,,
211,1,211.0,0.0,32.0,32.0,0.3571376800537109,37.182055006269366,2398.12548828125,,,,,
212,1,212.0,0.0,32.0,32.0,0.2647533416748047,40.29573901789263,2574.6875,,,,,
213,1,213.0,0.0,32.0,32.0,0.2375392913818359,39.76973000681028,2533.17626953125,,,,,
214,1,214.0,0.0,32.0,32.0,0.3540248870849609,39.33596797287464,2543.56884765625,,,,,
215,1,215.0,0.0,32.0,32.0,0.2483577728271484,45.13733700150624,2754.88671875,,,,,
216,1,216.0,0.0,32.0,32.0,0.2198219299316406,39.63334299623966,2507.1259765625,,,,,
217,1,217.0,0.0,32.0,32.0,0.5673789978027344,41.65107599692419,2574.6875,,,,,
218,1,218.0,0.0,32.0,32.0,0.122344970703125,45.14512198511511,2754.88671875,,,,,
219,1,219.0,0.0,32.0,32.0,0.2199115753173828,45.86588096572086,2761.908203125,,,,,
220,1,220.0,0.0,32.0,32.0,0.2749404907226562,37.15016500791535,2398.12548828125,,,,,
221,1,221.0,0.0,32.0,32.0,0.2280235290527343,39.08510901965201,2543.56884765625,,,,,
222,1,222.0,0.0,32.0,32.0,0.1815834045410156,49.41373399924487,2876.80908203125,,,,,
223,1,223.0,0.0,32.0,32.0,0.2109909057617187,43.47471595974639,2696.84033203125,,,,,
224,1,224.0,0.0,32.0,32.0,0.3872346878051758,46.25571396900341,2790.72021484375,,,,,
225,1,225.0,0.0,32.0,32.0,0.1932277679443359,39.31468998780474,2498.1083984375,,,,,
226,1,226.0,0.0,32.0,32.0,0.4648246765136719,36.62963001988828,2398.12548828125,,,,,
227,1,227.0,0.0,32.0,32.0,0.1875524520874023,42.49492002418265,2690.6982421875,,,,,
228,1,228.0,0.0,32.0,32.0,0.4268360137939453,41.08942503808066,2574.6875,,,,,
229,1,229.0,0.0,32.0,32.0,0.3477687835693359,38.78462099237368,2377.17919921875,,,,,
230,1,230.0,0.0,32.0,32.0,0.1629142761230468,39.34862703317776,2563.3828125,,,,,
231,1,231.0,0.0,32.0,32.0,0.6005229949951172,48.3564009773545,2876.80908203125,,,,,
232,1,232.0,0.0,32.0,32.0,0.499612808227539,33.66774704772979,2543.56884765625,,,,,
233,1,233.0,0.0,32.0,32.0,0.2757911682128906,38.53863698896021,2507.1259765625,,,,,
234,1,234.0,0.0,32.0,32.0,0.2307853698730468,54.633008025120944,3087.77978515625,,,,,
235,1,235.0,0.0,32.0,32.0,0.3559036254882812,39.66865799156949,2349.4912109375,,,,,
236,1,236.0,0.0,32.0,32.0,0.2738304138183594,44.50269398512319,2730.66845703125,,,,,
237,1,237.0,0.0,32.0,32.0,0.2756538391113281,44.56778598250821,2690.6982421875,,,,,
238,1,238.0,0.0,32.0,32.0,0.3774185180664062,40.84182204678655,2377.17919921875,,,,,
239,1,239.0,0.0,32.0,32.0,0.3189544677734375,37.9960160353221,2435.498046875,,,,,
240,1,240.0,0.0,32.0,32.0,0.2851734161376953,40.96276802010834,2574.6875,,,,,
241,1,241.0,0.0,32.0,32.0,0.1803646087646484,43.29236398916692,2690.6982421875,,,,,
242,1,242.0,0.0,32.0,32.0,0.3263072967529297,41.94201197242364,2563.3828125,,,,,
243,1,243.0,0.0,32.0,32.0,0.414316177368164,41.51387297315523,2574.6875,,,,,
244,1,244.0,0.0,32.0,32.0,0.443826675415039,43.129383004270494,2696.84033203125,,,,,
245,1,245.0,0.0,32.0,32.0,0.1841926574707031,39.66595995007083,2477.59716796875,,,,,
246,1,246.0,0.0,32.0,32.0,0.1471595764160156,38.29319996293634,2410.10546875,,,,,
247,1,247.0,0.0,32.0,32.0,0.2788887023925781,39.71871198154986,2377.17919921875,,,,,
248,1,248.0,0.0,32.0,32.0,0.2263603210449218,34.32588197756559,2273.755859375,,,,,
249,1,249.0,0.0,32.0,32.0,0.397705078125,43.32312202313915,2754.88671875,,,,,
250,1,250.0,0.0,32.0,32.0,0.2235374450683593,47.39974596304819,2852.0673828125,,,,,
251,1,251.0,0.0,32.0,32.0,0.4766693115234375,46.80600902065635,2852.0673828125,,,,,
252,1,252.0,0.0,32.0,32.0,0.332916259765625,38.908138987608254,2507.1259765625,,,,,
253,1,253.0,0.0,32.0,32.0,0.2289295196533203,37.96195599716157,2498.1083984375,,,,,
254,1,254.0,0.0,32.0,32.0,0.4043083190917969,43.94622397376224,2754.88671875,,,,,
255,1,255.0,0.0,32.0,32.0,0.2082862854003906,38.49961800733581,2477.59716796875,,,,,
256,1,256.0,0.0,32.0,32.0,0.3204612731933594,40.27672699885443,2574.6875,,,,,
257,1,257.0,0.0,32.0,32.0,0.3745651245117187,37.60207997402176,2356.935546875,,,,,
258,1,258.0,0.0,32.0,32.0,0.1981964111328125,43.02812000969425,2690.6982421875,,,,,
259,1,259.0,0.0,32.0,32.0,0.3942680358886719,42.46865399181843,2660.82958984375,,,,,
260,1,260.0,0.0,32.0,32.0,0.454742431640625,40.8885310171172,2563.3828125,,,,,
261,1,261.0,0.0,32.0,32.0,0.3977851867675781,39.79151701787487,2533.17626953125,,,,,
262,1,262.0,0.0,32.0,32.0,0.2900009155273437,42.12833102792501,2687.3701171875,,,,,
263,1,263.0,0.0,32.0,32.0,0.3375511169433594,50.35883700475097,2914.046875,,,,,
264,1,264.0,0.0,32.0,32.0,0.2767906188964844,38.08031097287312,2398.12548828125,,,,,
265,1,265.0,0.0,32.0,32.0,0.4113121032714844,37.50346304150298,2435.498046875,,,,,
266,1,266.0,0.0,32.0,32.0,0.3847923278808594,40.50838097464293,2574.6875,,,,,
267,1,267.0,0.0,32.0,32.0,0.2707366943359375,38.45112200360745,2435.498046875,,,,,
268,1,268.0,0.0,32.0,32.0,0.3809814453125,39.14911102037877,2543.56884765625,,,,,
269,1,269.0,0.0,32.0,32.0,0.278757095336914,39.05418899375945,2477.59716796875,,,,,
270,1,270.0,0.0,32.0,32.0,0.2630367279052734,37.520156998652965,2315.2705078125,,,,,
271,1,271.0,0.0,32.0,32.0,0.3240966796875,48.508998996112496,2876.80908203125,,,,,
272,1,272.0,0.0,32.0,32.0,0.3093318939208984,38.98749902145937,2543.56884765625,,,,,
273,1,273.0,0.0,32.0,32.0,0.1486721038818359,45.39164900779724,2790.72021484375,,,,,
274,1,274.0,0.0,32.0,32.0,0.5552921295166016,44.447112013585865,2696.84033203125,,,,,
275,1,275.0,0.0,32.0,32.0,0.8720235824584961,38.52050198474899,2410.10546875,,,,,
276,1,276.0,0.0,32.0,32.0,0.2812957763671875,44.56193803343922,2754.88671875,,,,,
277,1,277.0,0.0,32.0,32.0,0.5858936309814453,40.65165901556611,2574.6875,,,,,
278,1,278.0,0.0,32.0,32.0,0.4433403015136719,39.92798004765064,2574.6875,,,,,
279,1,279.0,0.0,32.0,32.0,0.3018684387207031,40.26333498768509,2655.02490234375,,,,,
280,1,280.0,0.0,32.0,32.0,0.4591331481933594,38.05843100417405,2477.59716796875,,,,,
281,1,281.0,0.0,32.0,32.0,0.345916748046875,37.3728460399434,2298.90478515625,,,,,
282,1,282.0,0.0,32.0,32.0,0.3293914794921875,41.34776402497664,2660.82958984375,,,,,
283,1,283.0,0.0,32.0,32.0,0.3765373229980469,42.50411898829043,2730.66845703125,,,,,
284,1,284.0,0.0,32.0,32.0,0.2846603393554687,39.02640304295346,2465.03271484375,,,,,
285,1,285.0,0.0,32.0,32.0,0.2890701293945312,40.954652009531856,2574.6875,,,,,
286,1,286.0,0.0,32.0,32.0,0.3055953979492187,41.74090002197772,2660.82958984375,,,,,
287,1,287.0,0.0,32.0,32.0,0.2935104370117187,46.15805501816794,2790.72021484375,,,,,
288,1,288.0,0.0,32.0,32.0,0.2725334167480469,38.780100003350526,2435.498046875,,,,,
289,1,289.0,0.0,32.0,32.0,0.2670860290527344,41.75908298930153,2687.3701171875,,,,,
290,1,290.0,0.0,32.0,32.0,0.1603164672851562,39.07113097375259,2477.59716796875,,,,,
291,1,291.0,0.0,32.0,32.0,0.2270011901855468,42.298766027670354,2687.3701171875,,,,,
292,1,292.0,0.0,32.0,32.0,0.2134132385253906,44.31095096515492,2690.6982421875,,,,,
293,1,293.0,0.0,32.0,32.0,0.5336341857910156,41.88264498952776,2655.02490234375,,,,,
294,1,294.0,0.0,32.0,32.0,0.3541450500488281,38.76793698873371,2498.1083984375,,,,,
295,1,295.0,0.0,32.0,32.0,0.2248439788818359,42.13030898245052,2730.66845703125,,,,,
296,1,296.0,0.0,32.0,32.0,0.142862319946289,51.30375199951232,2956.64208984375,,,,,
297,1,297.0,0.0,32.0,32.0,0.3336868286132812,42.354275996331125,2660.82958984375,,,,,
298,1,298.0,0.0,32.0,32.0,0.3887004852294922,51.23707902384922,3000.7802734375,,,,,
299,1,299.0,0.0,32.0,32.0,0.368133544921875,39.36276404419914,2543.56884765625,,,,,
300,1,300.0,0.0,32.0,32.0,0.2427482604980468,45.47271103365347,2810.46826171875,,,,,
301,1,301.0,0.0,32.0,32.0,0.372314453125,39.46699999505654,2533.17626953125,,,,,
302,1,302.0,0.0,32.0,32.0,0.4486541748046875,39.3013340071775,2533.17626953125,,,,,
303,1,303.0,0.0,32.0,32.0,0.4172592163085937,41.75346897682175,2687.3701171875,,,,,
304,1,304.0,0.0,32.0,32.0,0.208587646484375,40.13174801366404,2563.3828125,,,,,
305,1,305.0,0.0,32.0,32.0,0.208282470703125,37.16179303592071,2398.12548828125,,,,,
306,1,306.0,0.0,32.0,32.0,0.3095989227294922,37.43902395945042,2435.498046875,,,,,
307,1,307.0,0.0,32.0,32.0,0.4011154174804687,39.62178499205038,2574.6875,,,,,
308,1,308.0,0.0,32.0,32.0,0.3166027069091797,39.34976999880746,2377.17919921875,,,,,
309,1,309.0,0.0,32.0,32.0,0.2682228088378906,41.42083402257413,2655.02490234375,,,,,
310,1,310.0,0.0,32.0,32.0,0.6463165283203125,38.959753001108766,2477.59716796875,,,,,
311,1,311.0,0.0,32.0,32.0,0.2766885757446289,38.72347000287846,2477.59716796875,,,,,
312,1,312.0,0.0,32.0,32.0,0.3915309906005859,40.739744959864765,2563.3828125,,,,,
313,1,313.0,0.0,32.0,32.0,0.1544637680053711,39.24842702690512,2498.1083984375,,,,,
314,1,314.0,0.0,32.0,32.0,0.3969669342041015,38.64278004039079,2477.59716796875,,,,,
315,1,315.0,0.0,32.0,32.0,0.3152580261230469,37.5901730149053,2398.12548828125,,,,,
316,1,316.0,0.0,32.0,32.0,0.1592731475830078,38.78026700112969,2533.17626953125,,,,,
317,1,317.0,0.0,32.0,32.0,0.2405014038085937,38.928436988499016,2543.56884765625,,,,,
318,1,318.0,0.0,32.0,32.0,0.2592525482177734,37.25702397059649,2398.12548828125,,,,,
319,1,319.0,0.0,32.0,32.0,0.3878002166748047,39.47747900383547,2563.3828125,,,,,
320,1,320.0,0.0,32.0,32.0,0.217721939086914,38.42401003930718,2543.56884765625,,,,,
321,1,321.0,0.0,32.0,32.0,0.3763418197631836,49.301756953354925,2876.80908203125,,,,,
322,1,322.0,0.0,32.0,32.0,0.2291545867919922,51.62817804375664,2956.64208984375,,,,,
323,1,323.0,0.0,32.0,32.0,0.2784576416015625,43.0450530257076,2690.6982421875,,,,,
324,1,324.0,0.0,32.0,32.0,0.1883687973022461,40.59461801080033,2377.17919921875,,,,,
325,1,325.0,0.0,32.0,32.0,0.321441650390625,38.25921099632978,2477.59716796875,,,,,
326,1,326.0,0.0,32.0,32.0,0.3322324752807617,40.65264499513432,2655.02490234375,,,,,
327,1,327.0,0.0,32.0,32.0,0.3498449325561523,40.9156649839133,2655.02490234375,,,,,
328,1,328.0,0.0,32.0,32.0,0.3829355239868164,41.47875600028783,2660.82958984375,,,,,
329,1,329.0,0.0,32.0,32.0,0.2857799530029297,39.20028498396277,2477.59716796875,,,,,
330,1,330.0,0.0,32.0,32.0,0.4555130004882812,38.84197695879266,2507.1259765625,,,,,
331,1,331.0,0.0,32.0,32.0,0.2423973083496093,37.54817496519536,2410.10546875,,,,,
332,1,332.0,0.0,32.0,32.0,0.4227466583251953,42.83294401830062,2754.88671875,,,,,
333,1,333.0,0.0,32.0,32.0,0.2634439468383789,44.48456299724057,2730.66845703125,,,,,
334,1,334.0,0.0,32.0,32.0,0.2843923568725586,42.212262051180005,2574.6875,,,,,
335,1,335.0,0.0,32.0,32.0,0.2429399490356445,40.37923400755972,2563.3828125,,,,,
336,1,336.0,0.0,32.0,32.0,0.2948141098022461,45.715418993495405,2810.46826171875,,,,,
337,1,337.0,0.0,32.0,32.0,0.2314538955688476,38.172036001924425,2398.12548828125,,,,,
338,1,338.0,0.0,32.0,32.0,0.4848041534423828,36.509288009256124,2398.12548828125,,,,,
339,1,339.0,0.0,32.0,32.0,0.3287229537963867,38.08218095218763,2543.56884765625,,,,,
340,1,340.0,0.0,32.0,32.0,0.2561635971069336,34.76060496177524,2273.755859375,,,,,
341,1,341.0,0.0,32.0,32.0,0.191131591796875,43.66843798197806,2730.66845703125,,,,,
342,1,342.0,0.0,32.0,32.0,0.1984395980834961,38.9963950146921,2465.03271484375,,,,,
343,1,343.0,0.0,32.0,32.0,0.2132844924926757,46.8322079977952,2852.0673828125,,,,,
344,1,344.0,0.0,32.0,32.0,0.3438215255737304,37.89646696532145,2410.10546875,,,,,
345,1,345.0,0.0,32.0,32.0,0.2670211791992187,37.31693199370056,2533.17626953125,,,,,
346,1,346.0,0.0,32.0,32.0,0.2485466003417968,43.63978200126439,2696.84033203125,,,,,
347,1,347.0,0.0,32.0,32.0,0.214761734008789,39.99777999706566,2533.17626953125,,,,,
348,1,348.0,0.0,32.0,32.0,0.1120052337646484,40.906378999352455,2574.6875,,,,,
349,1,349.0,0.0,32.0,32.0,0.1493549346923828,37.65824600122869,2410.10546875,,,,,
350,1,350.0,0.0,32.0,32.0,0.1347498893737793,44.60792598547414,2790.72021484375,,,,,
351,1,351.0,0.0,32.0,32.0,0.0942163467407226,45.65445997286588,2761.908203125,,,,,
352,1,352.0,0.0,32.0,32.0,0.3928546905517578,51.99588800314814,3000.7802734375,,,,,
353,1,353.0,0.0,32.0,32.0,0.1983261108398437,38.60322100808844,2410.10546875,,,,,
354,1,354.0,0.0,32.0,32.0,0.1472992897033691,38.35695603629574,2498.1083984375,,,,,
355,1,355.0,0.0,32.0,32.0,0.3220329284667969,38.44869299791753,2498.1083984375,,,,,
356,1,356.0,0.0,32.0,32.0,0.0854754447937011,49.81795197818428,2956.64208984375,,,,,
357,1,357.0,0.0,32.0,32.0,0.6213874816894531,37.29807899799198,2660.82958984375,,,,,
358,1,358.0,0.0,32.0,32.0,0.0220050811767578,44.36088999500498,2730.66845703125,,,,,
359,1,359.0,0.0,32.0,32.0,0.3498811721801758,40.869279007893056,2563.3828125,,,,,
360,1,360.0,0.0,32.0,32.0,0.0788593292236328,39.26470602164045,2533.17626953125,,,,,
361,1,361.0,0.0,32.0,32.0,0.3797483444213867,40.3148970217444,2563.3828125,,,,,
362,1,362.0,0.0,32.0,32.0,0.4455490112304687,40.77318200143054,2655.02490234375,,,,,
363,1,363.0,0.0,32.0,32.0,0.2029132843017578,45.25931103853509,2810.46826171875,,,,,
364,1,364.0,0.0,32.0,32.0,0.1940584182739257,49.93600398302078,2888.2919921875,,,,,
365,1,365.0,0.0,32.0,32.0,0.1949429512023925,38.15219399984926,2435.498046875,,,,,
366,1,366.0,0.0,32.0,32.0,0.1263957023620605,40.6695359852165,2655.02490234375,,,,,
367,1,367.0,0.0,32.0,32.0,0.6926350593566895,45.17807299271226,2790.72021484375,,,,,
368,1,368.0,0.0,32.0,32.0,0.2882909774780273,43.33746002521366,2690.6982421875,,,,,
369,1,369.0,0.0,32.0,32.0,0.1419019699096679,42.23130398895592,2465.03271484375,,,,,
370,1,370.0,0.0,32.0,32.0,0.3537330627441406,38.48707198631018,2377.17919921875,,,,,
371,1,371.0,0.0,32.0,32.0,0.3128647804260254,43.04350604070351,2730.66845703125,,,,,
372,1,372.0,0.0,32.0,32.0,0.1933112144470214,39.97438098303974,2507.1259765625,,,,,
373,1,373.0,0.0,32.0,32.0,0.1434617042541504,38.49499300122261,2349.4912109375,,,,,
374,1,374.0,0.0,32.0,32.0,0.2953052520751953,38.35754800820723,2477.59716796875,,,,,
375,1,375.0,0.0,32.0,32.0,0.3904132843017578,39.06108299270272,2498.1083984375,,,,,
376,1,376.0,0.0,32.0,32.0,0.3089146614074707,41.380364971701056,2660.82958984375,,,,,
377,1,377.0,0.0,32.0,32.0,0.2774477005004883,44.48297497583553,2696.84033203125,,,,,
378,1,378.0,0.0,32.0,32.0,0.2304363250732422,38.82642899407074,2315.2705078125,,,,,
379,1,379.0,0.0,32.0,32.0,0.2049160003662109,43.63093001302332,2696.84033203125,,,,,
380,1,380.0,0.0,32.0,32.0,0.300572395324707,39.03419600101188,2435.498046875,,,,,
381,1,381.0,0.0,32.0,32.0,0.3177156448364258,44.41306198714301,2761.908203125,,,,,
382,1,382.0,0.0,32.0,32.0,0.2168540954589843,32.49744500499219,2213.51806640625,,,,,
383,1,383.0,0.0,32.0,32.0,0.2650947570800781,36.67772299377248,2298.90478515625,,,,,
384,1,384.0,0.0,32.0,32.0,0.3671035766601562,38.30526297679171,2507.1259765625,,,,,
385,1,385.0,0.0,32.0,32.0,0.2265567779541015,37.26198803633452,2398.12548828125,,,,,
386,1,386.0,0.0,32.0,32.0,0.1143226623535156,38.71949599124491,2543.56884765625,,,,,
387,1,387.0,0.0,32.0,32.0,0.3798704147338867,44.27263099933043,2696.84033203125,,,,,
388,1,388.0,0.0,32.0,32.0,0.1086578369140625,42.81159496167675,2687.3701171875,,,,,
389,1,389.0,0.0,32.0,32.0,0.2739219665527344,51.60847003571689,3000.7802734375,,,,,
390,1,390.0,0.0,32.0,32.0,0.4358444213867187,40.48725997563452,2563.3828125,,,,,
391,1,391.0,0.0,32.0,32.0,0.2254047393798828,39.60546804592013,2507.1259765625,,,,,
392,1,392.0,0.0,32.0,32.0,0.2344398498535156,38.30139199271798,2465.03271484375,,,,,
393,1,393.0,0.0,32.0,32.0,0.0589237213134765,40.51911900751293,2655.02490234375,,,,,
394,1,394.0,0.0,32.0,32.0,0.2998790740966797,43.66268799640238,2696.84033203125,,,,,
395,1,395.0,0.0,32.0,32.0,0.1832332611083984,44.51449401676655,2754.88671875,,,,,
396,1,396.0,0.0,32.0,32.0,0.2512569427490234,39.12509995279834,2477.59716796875,,,,,
397,1,397.0,0.0,32.0,32.0,0.1252212524414062,33.33085298072547,2233.6396484375,,,,,
398,1,398.0,0.0,32.0,32.0,0.3167452812194824,40.10849504265934,2655.02490234375,,,,,
399,1,399.0,0.0,32.0,32.0,0.4325208663940429,39.64963200269267,2377.17919921875,,,,,
400,1,400.0,0.0,32.0,32.0,0.3540525436401367,43.86803397210315,2730.66845703125,,,,,
401,1,401.0,0.0,32.0,32.0,0.3238506317138672,39.56544201355428,2498.1083984375,,,,,
402,1,402.0,0.0,32.0,32.0,0.108184814453125,44.50742399785668,2730.66845703125,,,,,
403,1,403.0,0.0,32.0,32.0,0.2140355110168457,38.321282947435975,2398.12548828125,,,,,
404,1,404.0,0.0,32.0,32.0,0.418576717376709,37.9633650300093,2410.10546875,,,,,
405,1,405.0,0.0,32.0,32.0,0.3021926879882812,40.39569204906002,2574.6875,,,,,
406,1,406.0,0.0,32.0,32.0,0.3896656036376953,38.72239199699834,2543.56884765625,,,,,
407,1,407.0,0.0,32.0,32.0,0.1404705047607422,37.3804839910008,2398.12548828125,,,,,
408,1,408.0,0.0,32.0,32.0,0.2437000274658203,39.69710599631071,2660.82958984375,,,,,
409,1,409.0,0.0,32.0,32.0,0.1179428100585937,39.32641999563202,2533.17626953125,,,,,
410,1,410.0,0.0,32.0,32.0,0.1690044403076172,38.79689902532846,2356.935546875,,,,,
411,1,411.0,0.0,32.0,32.0,0.1801872253417968,43.277961027342826,2690.6982421875,,,,,
412,1,412.0,0.0,32.0,32.0,0.2988872528076172,39.506798959337175,2349.4912109375,,,,,
413,1,413.0,0.0,32.0,32.0,0.2963333129882812,38.1379239843227,2435.498046875,,,,,
414,1,414.0,0.0,32.0,32.0,0.1129674911499023,38.51677203783765,2477.59716796875,,,,,
415,1,415.0,0.0,32.0,32.0,0.3559913635253906,38.3133229915984,2465.03271484375,,,,,
416,1,416.0,0.0,32.0,32.0,0.2782316207885742,45.34285102272406,2810.46826171875,,,,,
417,1,417.0,0.0,32.0,32.0,0.0809249877929687,39.52461096923798,2507.1259765625,,,,,
418,1,418.0,0.0,32.0,32.0,0.1267623901367187,37.21501701511443,2398.12548828125,,,,,
419,1,419.0,0.0,32.0,32.0,0.4149484634399414,40.81323102582246,2574.6875,,,,,
420,1,420.0,0.0,32.0,32.0,0.2176828384399414,38.35443500429392,2465.03271484375,,,,,
421,1,421.0,0.0,32.0,32.0,0.3571605682373047,36.05828899890184,2435.498046875,,,,,
422,1,422.0,0.0,32.0,32.0,0.2423295974731445,37.81921602785587,2435.498046875,,,,,
423,1,423.0,0.0,32.0,32.0,0.351445198059082,34.38971599098295,2273.755859375,,,,,
424,1,424.0,0.0,32.0,32.0,0.4231882095336914,39.86726596485824,2655.02490234375,,,,,
425,1,425.0,0.0,32.0,32.0,0.0549640655517578,51.6864390228875,3000.7802734375,,,,,
426,1,426.0,0.0,32.0,32.0,0.3122816085815429,40.42998002842069,2533.17626953125,,,,,
427,1,427.0,0.0,32.0,32.0,0.265446662902832,40.22214200813323,2377.17919921875,,,,,
428,1,428.0,0.0,32.0,32.0,0.8784523010253906,41.132352023851126,2660.82958984375,,,,,
429,1,429.0,0.0,32.0,32.0,0.5582561492919922,47.072849003598094,2822.1865234375,,,,,
430,1,430.0,0.0,32.0,32.0,0.3846111297607422,44.94268598500639,2761.908203125,,,,,
431,1,431.0,0.0,32.0,32.0,0.1998653411865234,38.64803200121969,2435.498046875,,,,,
432,1,432.0,0.0,32.0,32.0,0.3070125579833984,38.9995839796029,2349.4912109375,,,,,
433,1,433.0,0.0,32.0,32.0,0.1495285034179687,40.15248699579388,2574.6875,,,,,
434,1,434.0,0.0,32.0,32.0,0.2498693466186523,39.30149902589619,2574.6875,,,,,
435,1,435.0,0.0,32.0,32.0,0.6673393249511719,41.46295698592439,2660.82958984375,,,,,
436,1,436.0,0.0,32.0,32.0,0.3927860260009765,48.18701196927577,2852.0673828125,,,,,
437,1,437.0,0.0,32.0,32.0,0.4439239501953125,39.0109249856323,2477.59716796875,,,,,
438,1,438.0,0.0,32.0,32.0,0.1813507080078125,43.64470497239381,2730.66845703125,,,,,
439,1,439.0,0.0,32.0,32.0,0.3221683502197265,42.58758301148191,2687.3701171875,,,,,
440,1,440.0,0.0,32.0,32.0,0.3491630554199219,44.48518599383533,2730.66845703125,,,,,
441,1,441.0,0.0,32.0,32.0,0.3393478393554687,34.3858550186269,2233.6396484375,,,,,
442,1,442.0,0.0,32.0,32.0,0.2601661682128906,37.37909998744726,2435.498046875,,,,,
443,1,443.0,0.0,32.0,32.0,0.379556655883789,38.71307900408283,2533.17626953125,,,,,
444,1,444.0,0.0,32.0,32.0,0.303070068359375,41.66296700714156,2687.3701171875,,,,,
445,1,445.0,0.0,32.0,32.0,0.265472412109375,39.708900032565,2356.935546875,,,,,
446,1,446.0,0.0,32.0,32.0,0.4108009338378906,38.72269100975245,2533.17626953125,,,,,
447,1,447.0,0.0,32.0,32.0,0.3192043304443359,37.990360986441374,2543.56884765625,,,,,
448,1,448.0,0.0,32.0,32.0,0.304147720336914,47.458613000344485,2822.1865234375,,,,,
449,1,449.0,0.0,32.0,32.0,0.2885856628417969,38.93348498968408,2435.498046875,,,,,
450,1,450.0,0.0,32.0,32.0,0.2516632080078125,38.1016640458256,2477.59716796875,,,,,
451,1,451.0,0.0,32.0,32.0,0.2495708465576172,39.280032040551305,2543.56884765625,,,,,
452,1,452.0,0.0,32.0,32.0,0.3443260192871094,38.128415995743126,2410.10546875,,,,,
453,1,453.0,0.0,32.0,32.0,0.389657974243164,50.71748699992895,2978.1904296875,,,,,
454,1,454.0,0.0,32.0,32.0,0.2148513793945312,42.36023599514738,2660.82958984375,,,,,
455,1,455.0,0.0,32.0,32.0,0.1459064483642578,43.62593300174922,2730.66845703125,,,,,
456,1,456.0,0.0,32.0,32.0,0.2211217880249023,39.78910302976146,2543.56884765625,,,,,
457,1,457.0,0.0,32.0,32.0,0.1563434600830078,50.496326002758,2956.64208984375,,,,,
458,1,458.0,0.0,32.0,32.0,0.1386251449584961,40.0132869835943,2507.1259765625,,,,,
459,1,459.0,0.0,32.0,32.0,0.1899232864379882,37.84188802819699,2477.59716796875,,,,,
460,1,460.0,0.0,32.0,32.0,0.4565486907958984,39.25843199249357,2356.935546875,,,,,
461,1,461.0,0.0,32.0,32.0,0.3085403442382812,37.89799200603738,2465.03271484375,,,,,
462,1,462.0,0.0,32.0,32.0,0.2172255516052246,51.94481398211792,3023.82470703125,,,,,
463,1,463.0,0.0,32.0,32.0,0.5584516525268555,42.55582799669355,2687.3701171875,,,,,
464,1,464.0,0.0,32.0,32.0,0.4233608245849609,40.87723098928109,2563.3828125,,,,,
465,1,465.0,0.0,32.0,32.0,0.4926319122314453,43.764558038674295,2730.66845703125,,,,,
466,1,466.0,0.0,32.0,32.0,0.2665252685546875,45.83440802525729,2761.908203125,,,,,
467,1,467.0,0.0,32.0,32.0,0.3407802581787109,39.14473298937082,2356.935546875,,,,,
468,1,468.0,0.0,32.0,32.0,0.284881591796875,41.294003021903336,2660.82958984375,,,,,
469,1,469.0,0.0,32.0,32.0,0.3140449523925781,37.71507099736482,2410.10546875,,,,,
470,1,470.0,0.0,32.0,32.0,0.1150035858154296,45.49236199818552,2810.46826171875,,,,,
471,1,471.0,0.0,32.0,32.0,0.5308599472045898,37.69181499956176,2498.1083984375,,,,,
472,1,472.0,0.0,32.0,32.0,0.3359375,44.25691399956122,2754.88671875,,,,,
473,1,473.0,0.0,32.0,32.0,0.2667694091796875,37.56775701185688,2398.12548828125,,,,,
474,1,474.0,0.0,32.0,32.0,0.4215984344482422,38.93355198670179,2533.17626953125,,,,,
475,1,475.0,0.0,32.0,32.0,0.2415542602539062,40.20261496771127,2563.3828125,,,,,
476,1,476.0,0.0,32.0,32.0,0.4828910827636719,40.21140100667253,2563.3828125,,,,,
477,1,477.0,0.0,32.0,32.0,0.3363800048828125,39.51683099148795,2507.1259765625,,,,,
478,1,478.0,0.0,32.0,32.0,0.1931228637695312,38.22259098524228,2465.03271484375,,,,,
479,1,479.0,0.0,32.0,32.0,0.3425445556640625,37.90237702196464,2435.498046875,,,,,
480,1,480.0,0.0,32.0,32.0,0.2834625244140625,41.1240549874492,2660.82958984375,,,,,
481,1,481.0,0.0,32.0,32.0,0.3881721496582031,40.84086598595604,2563.3828125,,,,,
482,1,482.0,0.0,32.0,32.0,0.1929092407226562,38.3345209993422,2435.498046875,,,,,
483,1,483.0,0.0,32.0,32.0,0.2460746765136718,46.86863801907748,2822.1865234375,,,,,
484,1,484.0,0.0,32.0,32.0,0.2222442626953125,34.62885500630364,2498.1083984375,,,,,
485,1,485.0,0.0,32.0,32.0,0.2899074554443359,39.15985795902088,2507.1259765625,,,,,
486,1,486.0,0.0,32.0,32.0,0.3314399719238281,47.667837992776185,2852.0673828125,,,,,
487,1,487.0,0.0,32.0,32.0,0.2346649169921875,38.836680992972106,2410.10546875,,,,,
488,1,488.0,0.0,32.0,32.0,0.2650737762451172,38.79618999781087,2498.1083984375,,,,,
489,1,489.0,0.0,32.0,32.0,0.1952838897705078,45.22936599096283,2754.88671875,,,,,
490,1,490.0,0.0,32.0,32.0,0.1349897384643554,38.36083598434925,2410.10546875,,,,,
491,1,491.0,0.0,32.0,32.0,0.1762380599975586,40.54897202877328,2655.02490234375,,,,,
492,1,492.0,0.0,32.0,32.0,0.4381055831909179,37.61289000976831,2410.10546875,,,,,
493,1,493.0,0.0,32.0,32.0,0.2849206924438476,39.78909098077565,2563.3828125,,,,,
494,1,494.0,0.0,32.0,32.0,0.3257007598876953,38.9795660157688,2356.935546875,,,,,
495,1,495.0,0.0,32.0,32.0,0.4197940826416015,38.81587798241526,2356.935546875,,,,,
496,1,496.0,0.0,32.0,32.0,0.3208332061767578,44.18919398449361,2730.66845703125,,,,,
497,1,497.0,0.0,32.0,32.0,0.4480724334716797,48.96528401877731,2914.046875,,,,,
498,1,498.0,0.0,32.0,32.0,0.2048816680908203,39.16962101357058,2507.1259765625,,,,,
499,1,499.0,0.0,32.0,32.0,0.5834779739379883,36.883372988086194,2398.12548828125,,,,,
500,1,500.0,0.0,32.0,32.0,0.3359918594360351,40.40505096781999,2655.02490234375,,,,,
501,1,501.0,0.0,32.0,32.0,0.2520837783813476,41.40994098270312,2660.82958984375,,,,,
502,1,502.0,0.0,32.0,32.0,0.3149137496948242,43.868597014807165,2690.6982421875,,,,,
503,1,503.0,0.0,32.0,32.0,0.243840217590332,46.25065001891926,2790.72021484375,,,,,
504,1,504.0,0.0,32.0,32.0,0.2355270385742187,41.789820010308176,2655.02490234375,,,,,
505,1,505.0,0.0,32.0,32.0,0.2816724777221679,39.09634501906112,2543.56884765625,,,,,
506,1,506.0,0.0,32.0,32.0,0.390665054321289,41.56318702735007,2660.82958984375,,,,,
507,1,507.0,0.0,32.0,32.0,0.2943239212036133,38.42261101817712,2465.03271484375,,,,,
508,1,508.0,0.0,32.0,32.0,0.3411388397216797,47.48262197244912,2852.0673828125,,,,,
509,1,509.0,0.0,32.0,32.0,0.2000446319580078,39.37772399513051,2377.17919921875,,,,,
510,1,510.0,0.0,32.0,32.0,0.1715898513793945,38.95068599376828,2349.4912109375,,,,,
511,1,511.0,0.0,32.0,32.0,0.2426977157592773,44.72447303123772,2754.88671875,,,,,
512,1,512.0,0.0,32.0,32.0,0.4461135864257812,42.021538014523685,2655.02490234375,,,,,
513,1,513.0,0.0,32.0,32.0,0.2530479431152344,47.7406139834784,2852.0673828125,,,,,
514,1,514.0,0.0,32.0,32.0,0.4321861267089844,41.534318996127695,2655.02490234375,,,,,
515,1,515.0,0.0,32.0,32.0,0.1851582527160644,43.385035009123385,2690.6982421875,,,,,
516,1,516.0,0.0,32.0,32.0,0.5033292770385742,45.30117800459266,2754.88671875,,,,,
517,1,517.0,0.0,32.0,32.0,0.2857017517089844,40.545140975154936,2563.3828125,,,,,
518,1,518.0,0.0,32.0,32.0,0.2305388450622558,50.5444859736599,2965.60693359375,,,,,
519,1,519.0,0.0,32.0,32.0,0.320840835571289,44.35006499988958,2730.66845703125,,,,,
520,1,520.0,0.0,32.0,32.0,0.2469797134399414,39.99461402418092,2507.1259765625,,,,,
521,1,521.0,0.0,32.0,32.0,0.4290251731872558,44.14397000800818,2810.46826171875,,,,,
522,1,522.0,0.0,32.0,32.0,0.2562255859375,41.55294899828732,2574.6875,,,,,
523,1,523.0,0.0,32.0,32.0,0.1813173294067382,38.84477901738137,2543.56884765625,,,,,
524,1,524.0,0.0,32.0,32.0,0.1658635139465332,39.08039402449504,2507.1259765625,,,,,
525,1,525.0,0.0,32.0,32.0,0.1465568542480468,39.44766195490956,2533.17626953125,,,,,
526,1,526.0,0.0,32.0,32.0,0.3142690658569336,38.63015194656328,2477.59716796875,,,,,
527,1,527.0,0.0,32.0,32.0,0.2941713333129883,44.12617796333507,2690.6982421875,,,,,
528,1,528.0,0.0,32.0,32.0,0.2965412139892578,42.68935904838145,2687.3701171875,,,,,
529,1,529.0,0.0,32.0,32.0,0.1720161437988281,37.56003500893712,2398.12548828125,,,,,
530,1,530.0,0.0,32.0,32.0,0.3120217323303222,43.71859802631661,2754.88671875,,,,,
531,1,531.0,0.0,32.0,32.0,0.1552629470825195,45.58203398482874,2754.88671875,,,,,
532,1,532.0,0.0,32.0,32.0,0.1845359802246093,41.983963979873806,2660.82958984375,,,,,
533,1,533.0,0.0,32.0,32.0,0.2654752731323242,43.19130600197241,2696.84033203125,,,,,
534,1,534.0,0.0,32.0,32.0,0.4713497161865234,40.00012495089322,2498.1083984375,,,,,
535,1,535.0,0.0,32.0,32.0,0.1462345123291015,38.23237703181803,2435.498046875,,,,,
536,1,536.0,0.0,32.0,32.0,0.2079668045043945,43.233719014097005,2696.84033203125,,,,,
537,1,537.0,0.0,32.0,32.0,0.2962512969970703,40.62934999819845,2377.17919921875,,,,,
538,1,538.0,0.0,32.0,32.0,0.3654108047485351,38.20015804376453,2315.2705078125,,,,,
539,1,539.0,0.0,32.0,32.0,0.2106704711914062,38.53622195310891,2498.1083984375,,,,,
540,1,540.0,0.0,32.0,32.0,0.2816438674926758,38.29826798755676,2349.4912109375,,,,,
541,1,541.0,0.0,32.0,32.0,0.2432689666748047,49.13672601105645,2876.80908203125,,,,,
542,1,542.0,0.0,32.0,32.0,0.2346839904785156,38.76561700599268,2349.4912109375,,,,,
543,1,543.0,0.0,32.0,32.0,0.3116207122802734,39.10808003274724,2533.17626953125,,,,,
544,1,544.0,0.0,32.0,32.0,0.1732349395751953,42.93239302933216,2315.2705078125,,,,,
545,1,545.0,0.0,32.0,32.0,0.3784523010253906,38.06362597970292,2533.17626953125,,,,,
546,1,546.0,0.0,32.0,32.0,0.1970643997192382,47.196977015119046,2876.80908203125,,,,,
547,1,547.0,0.0,32.0,32.0,0.2126197814941406,47.75644303299487,2852.0673828125,,,,,
548,1,548.0,0.0,32.0,32.0,0.3229293823242187,48.80515899276361,2876.80908203125,,,,,
549,1,549.0,0.0,32.0,32.0,0.3807086944580078,44.36328704468906,2696.84033203125,,,,,
550,1,550.0,0.0,32.0,32.0,0.2410259246826172,44.42690999712795,2690.6982421875,,,,,
551,1,551.0,0.0,32.0,32.0,0.1956782341003418,41.37425601948053,2574.6875,,,,,
552,1,552.0,0.0,32.0,32.0,0.197824478149414,40.47263297252357,2574.6875,,,,,
553,1,553.0,0.0,32.0,32.0,0.2358593940734863,43.96808298770338,2696.84033203125,,,,,
554,1,554.0,0.0,32.0,32.0,0.2169642448425293,40.29873595573008,2543.56884765625,,,,,
555,1,555.0,0.0,32.0,32.0,0.1284828186035156,40.54277000250295,2533.17626953125,,,,,
556,1,556.0,0.0,32.0,32.0,0.236335277557373,44.28312595700845,2696.84033203125,,,,,
557,1,557.0,0.0,32.0,32.0,0.1156539916992187,40.3839600039646,2533.17626953125,,,,,
558,1,558.0,0.0,32.0,32.0,0.5177164077758789,37.69378503784537,2477.59716796875,,,,,
559,1,559.0,0.0,32.0,32.0,0.0479907989501953,44.34073297306895,2696.84033203125,,,,,
560,1,560.0,0.0,32.0,32.0,0.4170846939086914,46.11004499020055,2790.72021484375,,,,,
561,1,561.0,0.0,32.0,32.0,0.3543825149536133,39.37203797977418,2507.1259765625,,,,,
562,1,562.0,0.0,32.0,32.0,0.1297159194946289,40.50708102295175,2574.6875,,,,,
563,1,563.0,0.0,32.0,32.0,0.594904899597168,44.26425794372335,2754.88671875,,,,,
564,1,564.0,0.0,32.0,32.0,0.4247951507568359,40.849500976037234,2563.3828125,,,,,
565,1,565.0,0.0,32.0,32.0,0.5949020385742188,39.97420001542196,2543.56884765625,,,,,
566,1,566.0,0.0,32.0,32.0,0.3518257141113281,48.09119901619852,2852.0673828125,,,,,
567,1,567.0,0.0,32.0,32.0,0.0956306457519531,39.017365023028105,2349.4912109375,,,,,
568,1,568.0,0.0,32.0,32.0,0.2111692428588867,43.35967800579965,2690.6982421875,,,,,
569,1,569.0,0.0,32.0,32.0,0.3550386428833008,40.95582599984482,2563.3828125,,,,,
570,1,570.0,0.0,32.0,32.0,0.2553672790527344,36.40410100342706,2410.10546875,,,,,
571,1,571.0,0.0,32.0,32.0,0.3112144470214844,37.798598990775645,2315.2705078125,,,,,
572,1,572.0,0.0,32.0,32.0,0.1890602111816406,38.89277600683272,2543.56884765625,,,,,
573,1,573.0,0.0,32.0,32.0,0.1338977813720703,39.24507601186633,2498.1083984375,,,,,
574,1,574.0,0.0,32.0,32.0,0.1817188262939453,38.083569961600006,2435.498046875,,,,,
575,1,575.0,0.0,32.0,32.0,0.2720565795898437,40.82071298034862,2660.82958984375,,,,,
576,1,576.0,0.0,32.0,32.0,0.6128253936767578,39.03497301507741,2356.935546875,,,,,
577,1,577.0,0.0,32.0,32.0,0.193185806274414,39.00169697590172,2498.1083984375,,,,,
578,1,578.0,0.0,32.0,32.0,0.3211231231689453,41.07207496417686,2574.6875,,,,,
579,1,579.0,0.0,32.0,32.0,0.4999637603759765,39.12419802509248,2498.1083984375,,,,,
580,1,580.0,0.0,32.0,32.0,0.5126514434814453,38.34467596607283,2435.498046875,,,,,
581,1,581.0,0.0,32.0,32.0,0.3747329711914062,43.81547204684466,2690.6982421875,,,,,
582,1,582.0,0.0,32.0,32.0,0.2742958068847656,39.42038503009826,2477.59716796875,,,,,
583,1,583.0,0.0,32.0,32.0,0.3189888000488281,37.09558700211346,2465.03271484375,,,,,
584,1,584.0,0.0,32.0,32.0,0.2720832824707031,40.29763996368274,2563.3828125,,,,,
585,1,585.0,0.0,32.0,32.0,0.3325271606445312,38.90918695833534,2356.935546875,,,,,
586,1,586.0,0.0,32.0,32.0,0.1574821472167968,38.629062997642905,2477.59716796875,,,,,
587,1,587.0,0.0,32.0,32.0,0.4124031066894531,40.86819803342223,2574.6875,,,,,
588,1,588.0,0.0,32.0,32.0,0.1419830322265625,38.49890502169728,2315.2705078125,,,,,
589,1,589.0,0.0,32.0,32.0,0.0580806732177734,44.9123129947111,2761.908203125,,,,,
590,1,590.0,0.0,32.0,32.0,0.2734203338623047,46.05540097691119,2810.46826171875,,,,,
591,1,591.0,0.0,32.0,32.0,0.1891288757324218,39.81903701787815,2507.1259765625,,,,,
592,1,592.0,0.0,32.0,32.0,0.7566356658935547,41.617310023866594,2660.82958984375,,,,,
593,1,593.0,0.0,32.0,32.0,0.2902755737304687,34.92654801812023,2273.755859375,,,,,
594,1,594.0,0.0,32.0,32.0,0.212411880493164,36.69820900540799,2398.12548828125,,,,,
595,1,595.0,0.0,32.0,32.0,0.2253189086914062,37.770050985272974,2349.4912109375,,,,,
596,1,596.0,0.0,32.0,32.0,0.3957347869873047,36.87625401653349,2465.03271484375,,,,,
597,1,597.0,0.0,32.0,32.0,0.1160345077514648,40.9472250030376,2655.02490234375,,,,,
598,1,598.0,0.0,32.0,32.0,0.3732671737670898,39.36594299739227,2533.17626953125,,,,,
599,1,599.0,0.0,32.0,32.0,0.0727624893188476,39.155250997282565,2507.1259765625,,,,,
600,1,600.0,0.0,32.0,32.0,0.1515674591064453,51.13677098415792,3000.7802734375,,,,,
601,1,601.0,0.0,32.0,32.0,0.2671422958374023,51.79425800452009,2956.64208984375,,,,,
602,1,602.0,0.0,32.0,32.0,0.1686410903930664,44.217475049663335,2696.84033203125,,,,,
603,1,603.0,0.0,32.0,32.0,0.3202037811279297,47.37373802345246,2810.46826171875,,,,,
604,1,604.0,0.0,32.0,32.0,0.4410247802734375,39.25701201660559,2435.498046875,,,,,
605,1,605.0,0.0,32.0,32.0,0.3741302490234375,39.47768599027768,2507.1259765625,,,,,
606,1,606.0,0.0,32.0,32.0,0.1795024871826172,41.89544002292678,2660.82958984375,,,,,
607,1,607.0,0.0,32.0,32.0,0.2497215270996093,38.57344598509371,2435.498046875,,,,,
608,1,608.0,0.0,32.0,32.0,0.1038169860839843,35.29391303891316,2660.82958984375,,,,,
609,1,609.0,0.0,32.0,32.0,0.346811294555664,39.66316999867559,2377.17919921875,,,,,
610,1,610.0,0.0,32.0,32.0,0.1009731292724609,41.10566497547552,2574.6875,,,,,
611,1,611.0,0.0,32.0,32.0,0.4226245880126953,42.96379804145545,2696.84033203125,,,,,
612,1,612.0,0.0,32.0,32.0,0.4769020080566406,39.74660800304264,2507.1259765625,,,,,
613,1,613.0,0.0,32.0,32.0,0.2053203582763672,41.23140795854852,2574.6875,,,,,
614,1,614.0,0.0,32.0,32.0,0.1570930480957031,38.26468897750601,2465.03271484375,,,,,
615,1,615.0,0.0,32.0,32.0,0.1957283020019531,38.82952895946801,2477.59716796875,,,,,
616,1,616.0,0.0,32.0,32.0,0.2852287292480469,39.31127698160708,2533.17626953125,,,,,
617,1,617.0,0.0,32.0,32.0,0.2124252319335937,47.01732797548175,2822.1865234375,,,,,
618,1,618.0,0.0,32.0,32.0,0.2341728210449218,38.79985801177099,2465.03271484375,,,,,
619,1,619.0,0.0,32.0,32.0,0.3965606689453125,38.58142101671547,2349.4912109375,,,,,
620,1,620.0,0.0,32.0,32.0,0.3061485290527344,39.9483329965733,2563.3828125,,,,,
621,1,621.0,0.0,32.0,32.0,0.3158855438232422,39.813425042666495,2660.82958984375,,,,,
622,1,622.0,0.0,32.0,32.0,0.2611579895019531,39.37368199694902,2507.1259765625,,,,,
623,1,623.0,0.0,32.0,32.0,0.2138290405273437,41.69112700037658,2655.02490234375,,,,,
624,1,624.0,0.0,32.0,32.0,0.3851184844970703,40.263254020828754,2377.17919921875,,,,,
625,1,625.0,0.0,32.0,32.0,0.5683269500732422,38.64752204390243,2349.4912109375,,,,,
626,1,626.0,0.0,32.0,32.0,0.2257881164550781,38.58150803716853,2315.2705078125,,,,,
627,1,627.0,0.0,32.0,32.0,0.4640560150146484,50.54243002086878,2956.64208984375,,,,,
628,1,628.0,0.0,32.0,32.0,0.468292236328125,39.89820199785754,2498.1083984375,,,,,
629,1,629.0,0.0,32.0,32.0,0.1954689025878906,40.71069596102461,2563.3828125,,,,,
630,1,630.0,0.0,32.0,32.0,0.1732730865478515,46.03881895309314,2810.46826171875,,,,,
631,1,631.0,0.0,32.0,32.0,0.2709197998046875,39.35199999250472,2498.1083984375,,,,,
632,1,632.0,0.0,32.0,32.0,0.2112884521484375,39.09712302265689,2356.935546875,,,,,
633,1,633.0,0.0,32.0,32.0,0.3281116485595703,43.590092041995376,2730.66845703125,,,,,
634,1,634.0,0.0,32.0,32.0,0.1849899291992187,44.75239897146821,2790.72021484375,,,,,
635,1,635.0,0.0,32.0,32.0,0.2375392913818359,46.153608011081815,2761.908203125,,,,,
636,1,636.0,0.0,32.0,32.0,0.1529712677001953,39.05619302531704,2477.59716796875,,,,,
637,1,637.0,0.0,32.0,32.0,0.3194999694824219,40.32926302170381,2563.3828125,,,,,
638,1,638.0,0.0,32.0,32.0,0.1165122985839843,44.43883802741766,2761.908203125,,,,,
639,1,639.0,0.0,32.0,32.0,0.2575283050537109,38.84966403711587,2477.59716796875,,,,,
640,1,640.0,0.0,32.0,32.0,0.1476783752441406,39.11029302980751,2533.17626953125,,,,,
641,1,641.0,0.0,32.0,32.0,0.2980499267578125,38.0307009909302,2435.498046875,,,,,
642,1,642.0,0.0,32.0,32.0,0.229705810546875,43.56071300571784,2696.84033203125,,,,,
643,1,643.0,0.0,32.0,32.0,0.1283397674560547,44.90207496564835,2696.84033203125,,,,,
644,1,644.0,0.0,32.0,32.0,0.1079425811767578,39.947383978869766,2349.4912109375,,,,,
645,1,645.0,0.0,32.0,32.0,0.266606330871582,39.66968099121004,2543.56884765625,,,,,
646,1,646.0,0.0,32.0,32.0,0.2175493240356445,37.22959099104628,2477.59716796875,,,,,
647,1,647.0,0.0,32.0,32.0,0.4372491836547851,47.88009403273463,2852.0673828125,,,,,
648,1,648.0,0.0,32.0,32.0,0.2475690841674804,43.89408399583772,2690.6982421875,,,,,
649,1,649.0,0.0,32.0,32.0,0.2978706359863281,34.54980696551502,2213.51806640625,,,,,
650,1,650.0,0.0,32.0,32.0,0.2202491760253906,38.4895529714413,2356.935546875,,,,,
651,1,651.0,0.0,32.0,32.0,0.2842974662780761,38.48360199481249,2435.498046875,,,,,
652,1,652.0,0.0,32.0,32.0,0.2783136367797851,39.2314390046522,2507.1259765625,,,,,
653,1,653.0,0.0,32.0,32.0,0.2915005683898926,42.76189400115982,2687.3701171875,,,,,
654,1,654.0,0.0,32.0,32.0,0.1790571212768554,38.91822096193209,2465.03271484375,,,,,
655,1,655.0,0.0,32.0,32.0,0.2864260673522949,37.74743503890932,2435.498046875,,,,,
656,1,656.0,0.0,32.0,32.0,0.2199811935424804,40.91837001033127,2574.6875,,,,,
657,1,657.0,0.0,32.0,32.0,0.1897830963134765,39.27093400852755,2498.1083984375,,,,,
658,1,658.0,0.0,32.0,32.0,0.1752452850341797,42.01399500016123,2660.82958984375,,,,,
659,1,659.0,0.0,32.0,32.0,0.4820051193237304,39.41628604661673,2655.02490234375,,,,,
660,1,660.0,0.0,32.0,32.0,0.2635993957519531,38.82542398059741,2507.1259765625,,,,,
661,1,661.0,0.0,32.0,32.0,0.2223777770996093,40.33050098223612,2563.3828125,,,,,
662,1,662.0,0.0,32.0,32.0,0.2001056671142578,39.23277999274433,2533.17626953125,,,,,
663,1,663.0,0.0,32.0,32.0,0.3218812942504883,38.376162003260106,2465.03271484375,,,,,
664,1,664.0,0.0,32.0,32.0,0.2458763122558593,38.63165498478338,2498.1083984375,,,,,
665,1,665.0,0.0,32.0,32.0,0.1654896736145019,39.00347900344059,2507.1259765625,,,,,
666,1,666.0,0.0,32.0,32.0,0.2736759185791015,48.32637397339568,2852.0673828125,,,,,
667,1,667.0,0.0,32.0,32.0,0.2143268585205078,39.92481797467917,2533.17626953125,,,,,
668,1,668.0,0.0,32.0,32.0,0.275674819946289,39.03639601776376,2498.1083984375,,,,,
669,1,669.0,0.0,32.0,32.0,0.2000761032104492,41.25061695231125,2655.02490234375,,,,,
670,1,670.0,0.0,32.0,32.0,0.1999349594116211,40.36312998505309,2377.17919921875,,,,,
671,1,671.0,0.0,32.0,32.0,0.2670407295227051,39.41804298665375,2533.17626953125,,,,,
672,1,672.0,0.0,32.0,32.0,0.1658535003662109,37.46799804503098,2356.935546875,,,,,
673,1,673.0,0.0,32.0,32.0,0.2067222595214843,44.92128099082038,2761.908203125,,,,,
674,1,674.0,0.0,32.0,32.0,0.1740016937255859,46.30599700612947,2790.72021484375,,,,,
675,1,675.0,0.0,32.0,32.0,0.0719242095947265,42.69577097147703,2660.82958984375,,,,,
676,1,676.0,0.0,32.0,32.0,0.1295528411865234,41.798781021498144,2660.82958984375,,,,,
677,1,677.0,0.0,32.0,32.0,0.3699626922607422,43.82900602649897,2690.6982421875,,,,,
678,1,678.0,0.0,32.0,32.0,0.1979665756225586,40.733821981120855,2543.56884765625,,,,,
679,1,679.0,0.0,32.0,32.0,0.1117501258850097,42.04521398060024,2660.82958984375,,,,,
680,1,680.0,0.0,32.0,32.0,0.2754831314086914,39.076982997357845,2477.59716796875,,,,,
681,1,681.0,0.0,32.0,32.0,0.4565925598144531,39.654367021285,2533.17626953125,,,,,
682,1,682.0,0.0,32.0,32.0,0.2830848693847656,43.671923980582505,2690.6982421875,,,,,
683,1,683.0,0.0,32.0,32.0,0.1514873504638672,42.2468229662627,2660.82958984375,,,,,
684,1,684.0,0.0,32.0,32.0,0.4903116226196289,37.51734603429213,2543.56884765625,,,,,
685,1,685.0,0.0,32.0,32.0,0.2260990142822265,41.71990096801892,2655.02490234375,,,,,
686,1,686.0,0.0,32.0,32.0,0.3404550552368164,40.28906603343785,2377.17919921875,,,,,
687,1,687.0,0.0,32.0,32.0,0.1746473312377929,39.11981103010476,2533.17626953125,,,,,
688,1,688.0,0.0,32.0,32.0,0.4510307312011719,47.36590798711404,2822.1865234375,,,,,
689,1,689.0,0.0,32.0,32.0,0.2704296112060547,39.448844036087394,2533.17626953125,,,,,
690,1,690.0,0.0,32.0,32.0,0.2234516143798828,43.39203494600952,2730.66845703125,,,,,
691,1,691.0,0.0,32.0,32.0,0.274017333984375,42.03649098053575,2655.02490234375,,,,,
692,1,692.0,0.0,32.0,32.0,0.3116817474365234,44.53163803555071,2696.84033203125,,,,,
693,1,693.0,0.0,32.0,32.0,0.1042537689208984,41.53608501655981,2377.17919921875,,,,,
694,1,694.0,0.0,32.0,32.0,0.2218971252441406,39.38649798510596,2533.17626953125,,,,,
695,1,695.0,0.0,32.0,32.0,0.3162860870361328,40.57419596938416,2563.3828125,,,,,
696,1,696.0,0.0,32.0,32.0,0.3187637329101562,49.87802699906752,2914.046875,,,,,
697,1,697.0,0.0,32.0,32.0,0.4548244476318359,36.64496797136962,2465.03271484375,,,,,
698,1,698.0,0.0,32.0,32.0,0.0700130462646484,40.97180196549744,2574.6875,,,,,
699,1,699.0,0.0,32.0,32.0,0.5057239532470703,38.3435920230113,2435.498046875,,,,,
700,1,700.0,0.0,32.0,32.0,0.3048992156982422,38.74214499955997,2498.1083984375,,,,,
701,1,701.0,0.0,32.0,32.0,0.0691490173339843,41.71861003851518,2660.82958984375,,,,,
702,1,702.0,0.0,32.0,32.0,0.5541286468505859,45.882279984653,2761.908203125,,,,,
703,1,703.0,0.0,32.0,32.0,0.2523126602172851,39.35947903664783,2435.498046875,,,,,
704,1,704.0,0.0,32.0,32.0,0.1658363342285156,38.24090398848057,2465.03271484375,,,,,
705,1,705.0,0.0,32.0,32.0,0.2928524017333984,40.0078590027988,2507.1259765625,,,,,
706,1,706.0,0.0,32.0,32.0,0.117584228515625,38.70371502125636,2477.59716796875,,,,,
707,1,707.0,0.0,32.0,32.0,0.2087793350219726,38.83003594819456,2477.59716796875,,,,,
708,1,708.0,0.0,32.0,32.0,0.1338357925415039,38.47919398685917,2465.03271484375,,,,,
709,1,709.0,0.0,32.0,32.0,0.0904922485351562,45.29184999410063,2790.72021484375,,,,,
710,1,710.0,0.0,32.0,32.0,0.1806554794311523,43.06568898027763,2696.84033203125,,,,,
711,1,711.0,0.0,32.0,32.0,0.203683853149414,48.20010298863053,2852.0673828125,,,,,
712,1,712.0,0.0,32.0,32.0,0.2440376281738281,48.84868499357253,2888.2919921875,,,,,
713,1,713.0,0.0,32.0,32.0,0.1994624137878418,41.23801802052185,2574.6875,,,,,
714,1,714.0,0.0,32.0,32.0,0.3820466995239258,38.93094300292432,2498.1083984375,,,,,
715,1,715.0,0.0,32.0,32.0,0.2433037757873535,50.84556102519855,2978.1904296875,,,,,
716,1,716.0,0.0,32.0,32.0,0.0965442657470703,56.21126800542697,3087.77978515625,,,,,
717,1,717.0,0.0,32.0,32.0,0.4864301681518554,40.60418298467994,2507.1259765625,,,,,
718,1,718.0,0.0,32.0,32.0,0.5149645805358887,38.51495200069621,2477.59716796875,,,,,
719,1,719.0,0.0,32.0,32.0,0.173471450805664,51.43628403311595,2978.1904296875,,,,,
720,1,720.0,0.0,32.0,32.0,0.5425786972045898,40.14951799763367,2356.935546875,,,,,
721,1,721.0,0.0,32.0,32.0,0.6202974319458008,36.30472498480231,2410.10546875,,,,,
722,1,722.0,0.0,32.0,32.0,0.2745742797851562,43.6759699950926,2690.6982421875,,,,,
723,1,723.0,0.0,32.0,32.0,0.2367820739746093,46.25342896906659,2790.72021484375,,,,,
724,1,724.0,0.0,32.0,32.0,0.1582660675048828,39.87708198837936,2533.17626953125,,,,,
725,1,725.0,0.0,32.0,32.0,0.1702404022216797,38.94828201737255,2477.59716796875,,,,,
726,1,726.0,0.0,32.0,32.0,0.298379898071289,45.82639399450272,2810.46826171875,,,,,
727,1,727.0,0.0,32.0,32.0,0.4330310821533203,40.39722104789689,2543.56884765625,,,,,
728,1,728.0,0.0,32.0,32.0,0.2346458435058593,41.32477199891582,2563.3828125,,,,,
729,1,729.0,0.0,32.0,32.0,0.1119012832641601,44.53452001325786,2696.84033203125,,,,,
730,1,730.0,0.0,32.0,32.0,0.3546390533447265,39.78520701639354,2498.1083984375,,,,,
731,1,731.0,0.0,32.0,32.0,0.1476211547851562,34.59607099648565,2249.71875,,,,,
732,1,732.0,0.0,32.0,32.0,0.1228351593017578,40.15237500425428,2563.3828125,,,,,
733,1,733.0,0.0,32.0,32.0,0.3268585205078125,40.304801950696856,2563.3828125,,,,,
734,1,734.0,0.0,32.0,32.0,0.2213945388793945,33.76470698276535,2498.1083984375,,,,,
735,1,735.0,0.0,32.0,32.0,0.086435317993164,45.35321000730619,2790.72021484375,,,,,
736,1,736.0,0.0,32.0,32.0,0.1440238952636718,40.78148800181225,2563.3828125,,,,,
737,1,737.0,0.0,32.0,32.0,0.1690845489501953,41.20045504532754,2660.82958984375,,,,,
738,1,738.0,0.0,32.0,32.0,0.063760757446289,38.23864099103957,2435.498046875,,,,,
739,1,739.0,0.0,32.0,32.0,0.2340583801269531,40.1937150163576,2563.3828125,,,,,
740,1,740.0,0.0,32.0,32.0,0.3662033081054687,38.662500970531255,2477.59716796875,,,,,
741,1,741.0,0.0,32.0,32.0,0.1895809173583984,38.2063600118272,2410.10546875,,,,,
742,1,742.0,0.0,32.0,32.0,0.0449190139770507,39.32738903677091,2507.1259765625,,,,,
743,1,743.0,0.0,32.0,32.0,0.3527793884277344,38.97052101092413,2465.03271484375,,,,,
744,1,744.0,0.0,32.0,32.0,0.2616186141967773,46.53811099706218,2810.46826171875,,,,,
745,1,745.0,0.0,32.0,32.0,0.1921253204345703,34.96472799452022,2233.6396484375,,,,,
746,1,746.0,0.0,32.0,32.0,0.2991619110107422,40.66078696632758,2655.02490234375,,,,,
747,1,747.0,0.0,32.0,32.0,0.3633584976196289,41.569587017875165,2690.6982421875,,,,,
748,1,748.0,0.0,32.0,32.0,0.1620292663574218,39.044439035933465,2349.4912109375,,,,,
749,1,749.0,0.0,32.0,32.0,0.1593241691589355,41.67462699115276,2687.3701171875,,,,,
750,1,750.0,0.0,32.0,32.0,0.6226081848144531,41.6766669950448,2574.6875,,,,,
751,1,751.0,0.0,32.0,32.0,0.3425111770629883,43.9231910277158,2690.6982421875,,,,,
752,1,752.0,0.0,32.0,32.0,0.251713752746582,40.34205904463306,2498.1083984375,,,,,
753,1,753.0,0.0,32.0,32.0,0.614771842956543,39.94210000382736,2543.56884765625,,,,,
754,1,754.0,0.0,32.0,32.0,0.1950111389160156,39.08813599264249,2477.59716796875,,,,,
755,1,755.0,0.0,32.0,32.0,0.2693710327148437,44.984552019741386,2761.908203125,,,,,
756,1,756.0,0.0,32.0,32.0,0.4529781341552734,41.22100002132356,2563.3828125,,,,,
757,1,757.0,0.0,32.0,32.0,0.2996578216552734,39.14704197086394,2356.935546875,,,,,
758,1,758.0,0.0,32.0,32.0,0.2258224487304687,39.43828900810331,2543.56884765625,,,,,
759,1,759.0,0.0,32.0,32.0,0.2122440338134765,38.49790903041139,2410.10546875,,,,,
760,1,760.0,0.0,32.0,32.0,0.2540168762207031,37.11930400459096,2498.1083984375,,,,,
761,1,761.0,0.0,32.0,32.0,0.2560577392578125,40.13674898305908,2563.3828125,,,,,
762,1,762.0,0.0,32.0,32.0,0.266122817993164,38.655626005493104,2356.935546875,,,,,
763,1,763.0,0.0,32.0,32.0,0.2959804534912109,38.80185401067138,2498.1083984375,,,,,
764,1,764.0,0.0,32.0,32.0,0.2493324279785156,40.602376975584775,2563.3828125,,,,,
765,1,765.0,0.0,32.0,32.0,0.3548727035522461,45.80945399357006,2790.72021484375,,,,,
766,1,766.0,0.0,32.0,32.0,0.2796211242675781,39.838528027758,2356.935546875,,,,,
767,1,767.0,0.0,32.0,32.0,0.3801326751708984,40.85964901605621,2563.3828125,,,,,
768,1,768.0,0.0,32.0,32.0,0.2597484588623047,49.09822100307792,2876.80908203125,,,,,
769,1,769.0,0.0,32.0,32.0,0.1433973312377929,50.598739995621145,2946.62548828125,,,,,
770,1,770.0,0.0,32.0,32.0,0.2236762046813964,39.05380901414901,2477.59716796875,,,,,
771,1,771.0,0.0,32.0,32.0,0.326085090637207,40.38659995421767,2563.3828125,,,,,
772,1,772.0,0.0,32.0,32.0,0.2496023178100586,37.199190992396325,2533.17626953125,,,,,
773,1,773.0,0.0,32.0,32.0,0.2084026336669922,49.204786017071456,2876.80908203125,,,,,
774,1,774.0,0.0,32.0,32.0,0.3902816772460937,43.27416903106496,2687.3701171875,,,,,
775,1,775.0,0.0,32.0,32.0,0.1958141326904297,38.10063598211855,2398.12548828125,,,,,
776,1,776.0,0.0,32.0,32.0,0.240849494934082,44.67893997207284,2754.88671875,,,,,
777,1,777.0,0.0,32.0,32.0,0.261636734008789,35.021890013013035,2249.71875,,,,,
778,1,778.0,0.0,32.0,32.0,0.1071920394897461,38.24224299751222,2465.03271484375,,,,,
779,1,779.0,0.0,32.0,32.0,0.2968678474426269,39.36855302890763,2533.17626953125,,,,,
780,1,780.0,0.0,32.0,32.0,0.2529134750366211,44.87334203440696,2730.66845703125,,,,,
781,1,781.0,0.0,32.0,32.0,0.2700176239013672,46.174373012036085,2754.88671875,,,,,
782,1,782.0,0.0,32.0,32.0,0.1586780548095703,40.51982396049425,2377.17919921875,,,,,
783,1,783.0,0.0,32.0,32.0,0.4176445007324219,38.48439804278314,2465.03271484375,,,,,
784,1,784.0,0.0,32.0,32.0,0.2286219596862793,38.11690100701526,2477.59716796875,,,,,
785,1,785.0,0.0,32.0,32.0,0.0887656211853027,35.53192800609395,2315.2705078125,,,,,
786,1,786.0,0.0,32.0,32.0,0.1668996810913086,38.303654990158975,2507.1259765625,,,,,
787,1,787.0,0.0,32.0,32.0,0.3709650039672851,40.298105974216014,2533.17626953125,,,,,
788,1,788.0,0.0,32.0,32.0,0.3051338195800781,40.33308697398752,2377.17919921875,,,,,
789,1,789.0,0.0,32.0,32.0,0.2107572555541992,38.69848896283656,2465.03271484375,,,,,
790,1,790.0,0.0,32.0,32.0,0.298891544342041,39.216168981511146,2498.1083984375,,,,,
791,1,791.0,0.0,32.0,32.0,0.1442699432373047,45.48080696258694,2754.88671875,,,,,
792,1,792.0,0.0,32.0,32.0,0.0572152137756347,39.88389699952677,2356.935546875,,,,,
793,1,793.0,0.0,32.0,32.0,0.284520149230957,50.38342997431755,2965.60693359375,,,,,
794,1,794.0,0.0,32.0,32.0,0.042726993560791,49.53417903743684,2876.80908203125,,,,,
795,1,795.0,0.0,32.0,32.0,0.3065237998962402,37.48895798344165,2398.12548828125,,,,,
796,1,796.0,0.0,32.0,32.0,0.4272699356079101,38.98349095834419,2533.17626953125,,,,,
797,1,797.0,0.0,32.0,32.0,0.1341824531555175,38.76296896487474,2465.03271484375,,,,,
798,1,798.0,0.0,32.0,32.0,0.1566581726074218,41.93742299685255,2696.84033203125,,,,,
799,1,799.0,0.0,32.0,32.0,0.3761329650878906,39.11452600732446,2435.498046875,,,,,
800,1,800.0,0.0,32.0,32.0,0.3240966796875,41.37848096434027,2574.6875,,,,,
801,1,801.0,0.0,32.0,32.0,0.3068065643310547,49.08076400170103,2888.2919921875,,,,,
802,1,802.0,0.0,32.0,32.0,0.0866909027099609,45.551424962468445,2754.88671875,,,,,
803,1,803.0,0.0,32.0,32.0,0.5013837814331055,47.98098100582138,2822.1865234375,,,,,
804,1,804.0,0.0,32.0,32.0,0.0522842407226562,45.58254202129319,2761.908203125,,,,,
805,1,805.0,0.0,32.0,32.0,0.1712884902954101,45.02215498359874,2730.66845703125,,,,,
806,1,806.0,0.0,32.0,32.0,0.2342462539672851,40.2539320057258,2543.56884765625,,,,,
807,1,807.0,0.0,32.0,32.0,0.2013921737670898,40.10529594961554,2377.17919921875,,,,,
808,1,808.0,0.0,32.0,32.0,0.365203857421875,45.41792802046984,2810.46826171875,,,,,
809,1,809.0,0.0,32.0,32.0,0.2266054153442382,43.67202601861209,2730.66845703125,,,,,
810,1,810.0,0.0,32.0,32.0,0.1010761260986328,43.16086001927033,2761.908203125,,,,,
811,1,811.0,0.0,32.0,32.0,0.1474714279174804,45.96564098028466,2754.88671875,,,,,
812,1,812.0,0.0,32.0,32.0,0.1625576019287109,39.37401302391663,2349.4912109375,,,,,
813,1,813.0,0.0,32.0,32.0,0.0981559753417968,44.11701398203149,2696.84033203125,,,,,
814,1,814.0,0.0,32.0,32.0,0.3235645294189453,41.96721100015566,2574.6875,,,,,
815,1,815.0,0.0,32.0,32.0,0.3628711700439453,44.36112201074138,2754.88671875,,,,,
816,1,816.0,0.0,32.0,32.0,0.2115602493286132,39.26630498608574,2315.2705078125,,,,,
817,1,817.0,0.0,32.0,32.0,0.2207508087158203,41.03929101256654,2574.6875,,,,,
818,1,818.0,0.0,32.0,32.0,0.2917985916137695,39.33635202702135,2533.17626953125,,,,,
819,1,819.0,0.0,32.0,32.0,0.1774024963378906,38.899362029042095,2477.59716796875,,,,,
820,1,820.0,0.0,32.0,32.0,0.3775272369384765,42.30756801553071,2687.3701171875,,,,,
821,1,821.0,0.0,32.0,32.0,0.1430931091308593,38.85414899559692,2435.498046875,,,,,
822,1,822.0,0.0,32.0,32.0,0.1141176223754882,39.08019996015355,2660.82958984375,,,,,
823,1,823.0,0.0,32.0,32.0,0.1369609832763672,44.69037003582344,2730.66845703125,,,,,
824,1,824.0,0.0,32.0,32.0,0.2855796813964844,39.62271101772785,2465.03271484375,,,,,
825,1,825.0,0.0,32.0,32.0,0.3216810226440429,47.658858995419,2852.0673828125,,,,,
826,1,826.0,0.0,32.0,32.0,0.1307497024536132,49.36649097362533,2876.80908203125,,,,,
827,1,827.0,0.0,32.0,32.0,0.3168010711669922,45.33336899476126,2730.66845703125,,,,,
828,1,828.0,0.0,32.0,32.0,0.2614717483520508,42.53899498144165,2655.02490234375,,,,,
829,1,829.0,0.0,32.0,32.0,0.243570327758789,37.92705899104476,2465.03271484375,,,,,
830,1,830.0,0.0,32.0,32.0,0.3876924514770508,37.55034098867327,2435.498046875,,,,,
831,1,831.0,0.0,32.0,32.0,0.1843385696411132,40.73509102454409,2655.02490234375,,,,,
832,1,832.0,0.0,32.0,32.0,0.129486083984375,41.03243601275608,2660.82958984375,,,,,
833,1,833.0,0.0,32.0,32.0,0.3384561538696289,42.12297196500003,2687.3701171875,,,,,
834,1,834.0,0.0,32.0,32.0,0.1017084121704101,38.32677099853754,2563.3828125,,,,,
835,1,835.0,0.0,32.0,32.0,0.1467313766479492,39.85861095134169,2543.56884765625,,,,,
836,1,836.0,0.0,32.0,32.0,0.2881669998168945,39.04060600325465,2465.03271484375,,,,,
837,1,837.0,0.0,32.0,32.0,0.3743972778320312,38.9819159754552,2507.1259765625,,,,,
838,1,838.0,0.0,32.0,32.0,0.2759895324707031,41.539733996614814,2574.6875,,,,,
839,1,839.0,0.0,32.0,32.0,0.2574672698974609,39.40627002157271,2533.17626953125,,,,,
840,1,840.0,0.0,32.0,32.0,0.1505632400512695,42.479877010919154,2687.3701171875,,,,,
841,1,841.0,0.0,32.0,32.0,0.0997991561889648,42.16076998272911,2655.02490234375,,,,,
842,1,842.0,0.0,32.0,32.0,0.2916374206542969,40.34354898612946,2377.17919921875,,,,,
843,1,843.0,0.0,32.0,32.0,0.2999811172485351,39.29400903871283,2507.1259765625,,,,,
844,1,844.0,0.0,32.0,32.0,0.2097959518432617,38.760545023251325,2465.03271484375,,,,,
845,1,845.0,0.0,32.0,32.0,0.283719539642334,40.57668603491038,2563.3828125,,,,,
846,1,846.0,0.0,32.0,32.0,0.3265657424926758,44.61246699793264,2696.84033203125,,,,,
847,1,847.0,0.0,32.0,32.0,0.058354377746582,37.90767298778519,2507.1259765625,,,,,
848,1,848.0,0.0,32.0,32.0,0.2101650238037109,46.55490600271151,2790.72021484375,,,,,
849,1,849.0,0.0,32.0,32.0,0.6485772132873535,40.00094399088994,2533.17626953125,,,,,
850,1,850.0,0.0,32.0,32.0,0.2613692283630371,39.43960298784077,2507.1259765625,,,,,
851,1,851.0,0.0,32.0,32.0,0.3420357704162597,41.19439999340102,2574.6875,,,,,
852,1,852.0,0.0,32.0,32.0,0.1095438003540039,44.38177699921653,2790.72021484375,,,,,
853,1,853.0,0.0,32.0,32.0,0.194037914276123,50.978027982637286,2914.046875,,,,,
854,1,854.0,0.0,32.0,32.0,0.3095378875732422,38.96761999931186,2349.4912109375,,,,,
855,1,855.0,0.0,32.0,32.0,0.2215299606323242,39.51736801536754,2507.1259765625,,,,,
856,1,856.0,0.0,32.0,32.0,0.2491903305053711,40.99069896619767,2655.02490234375,,,,,
857,1,857.0,0.0,32.0,32.0,0.2704367637634277,39.28525699302554,2543.56884765625,,,,,
858,1,858.0,0.0,32.0,32.0,0.2198066711425781,41.34850803529844,2574.6875,,,,,
859,1,859.0,0.0,32.0,32.0,0.306854248046875,39.1911169863306,2754.88671875,,,,,
860,1,860.0,0.0,32.0,32.0,0.2608594894409179,55.68055500043556,3056.90625,,,,,
861,1,861.0,0.0,32.0,32.0,0.2169132232666015,40.42168997693807,2356.935546875,,,,,
862,1,862.0,0.0,32.0,32.0,0.2905006408691406,45.017894997727126,2761.908203125,,,,,
863,1,863.0,0.0,32.0,32.0,0.3864068984985351,39.4030719762668,2465.03271484375,,,,,
864,1,864.0,0.0,32.0,32.0,0.1918001174926757,50.634364946745336,2965.60693359375,,,,,
865,1,865.0,0.0,32.0,32.0,0.4190516471862793,42.0446660136804,2655.02490234375,,,,,
866,1,866.0,0.0,32.0,32.0,0.2543034553527832,40.52998102270067,2563.3828125,,,,,
867,1,867.0,0.0,32.0,32.0,0.1682071685791015,40.88369302917272,2563.3828125,,,,,
868,1,868.0,0.0,32.0,32.0,0.3062934875488281,38.93401601817459,2465.03271484375,,,,,
869,1,869.0,0.0,32.0,32.0,0.2036600112915039,38.49060501670465,2465.03271484375,,,,,
870,1,870.0,0.0,32.0,32.0,0.1911540031433105,41.14479798590765,2574.6875,,,,,
871,1,871.0,0.0,32.0,32.0,0.1403236389160156,36.71933297300711,2498.1083984375,,,,,
872,1,872.0,0.0,32.0,32.0,0.3203678131103515,38.62340899650008,2435.498046875,,,,,
873,1,873.0,0.0,32.0,32.0,0.2062845230102539,38.83931605378166,2498.1083984375,,,,,
874,1,874.0,0.0,32.0,32.0,0.1623148918151855,41.04134300723672,2574.6875,,,,,
875,1,875.0,0.0,32.0,32.0,0.0589265823364257,40.97024601651356,2574.6875,,,,,
876,1,876.0,0.0,32.0,32.0,0.1606421470642089,39.22083700308576,2533.17626953125,,,,,
877,1,877.0,0.0,32.0,32.0,0.1090989112854003,39.6703279693611,2543.56884765625,,,,,
878,1,878.0,0.0,32.0,32.0,0.2210700511932373,39.30550697259605,2543.56884765625,,,,,
879,1,879.0,0.0,32.0,32.0,0.530125617980957,38.60091097885743,2477.59716796875,,,,,
880,1,880.0,0.0,32.0,32.0,0.4107697010040283,43.99464902235195,2696.84033203125,,,,,
881,1,881.0,0.0,32.0,32.0,0.3335051536560058,44.87217799760401,2730.66845703125,,,,,
882,1,882.0,0.0,32.0,32.0,0.3076539039611816,36.46834602113813,2273.755859375,,,,,
883,1,883.0,0.0,32.0,32.0,0.1029944419860839,39.12412404315546,2543.56884765625,,,,,
884,1,884.0,0.0,32.0,32.0,0.1218371391296386,38.56959601398557,2655.02490234375,,,,,
885,1,885.0,0.0,32.0,32.0,0.3104100227355957,39.89002498565242,2533.17626953125,,,,,
886,1,886.0,0.0,32.0,32.0,0.2587709426879883,39.56284996820614,2507.1259765625,,,,,
887,1,887.0,0.0,32.0,32.0,0.0816636085510253,38.83928898721933,2477.59716796875,,,,,
888,1,888.0,0.0,32.0,32.0,0.5755772590637207,40.51238595275208,2563.3828125,,,,,
889,1,889.0,0.0,32.0,32.0,0.1825509071350097,39.4727629609406,2349.4912109375,,,,,
890,1,890.0,0.0,32.0,32.0,0.2730245590209961,41.60769999725744,2660.82958984375,,,,,
891,1,891.0,0.0,32.0,32.0,0.3897037506103515,51.540558983106166,2965.60693359375,,,,,
892,1,892.0,0.0,32.0,32.0,0.0257401466369628,52.07865999545902,2978.1904296875,,,,,
893,1,893.0,0.0,32.0,32.0,0.4952473640441894,39.95294397464022,2498.1083984375,,,,,
894,1,894.0,0.0,32.0,32.0,0.1588115692138672,45.540193968918175,2754.88671875,,,,,
895,1,895.0,0.0,32.0,32.0,0.0871210098266601,39.892884029541165,2498.1083984375,,,,,
896,1,896.0,0.0,32.0,32.0,0.1406698226928711,34.68436101684347,2398.12548828125,,,,,
897,1,897.0,0.0,32.0,32.0,0.3464536666870117,37.621995026711375,2435.498046875,,,,,
898,1,898.0,0.0,32.0,32.0,0.2376995086669922,39.33429496828467,2543.56884765625,,,,,
899,1,899.0,0.0,32.0,32.0,0.3115139007568359,38.71025599073619,2465.03271484375,,,,,
900,1,900.0,0.0,32.0,32.0,0.1765947341918945,49.258359998930246,2914.046875,,,,,
901,1,901.0,0.0,32.0,32.0,0.2300386428833007,39.309098036028445,2507.1259765625,,,,,
902,1,902.0,0.0,32.0,32.0,0.2356786727905273,43.10807603178546,2690.6982421875,,,,,
903,1,903.0,0.0,32.0,32.0,0.3626899719238281,41.24858102295548,2563.3828125,,,,,
904,1,904.0,0.0,32.0,32.0,0.2382545471191406,38.88864297186956,2435.498046875,,,,,
905,1,905.0,0.0,32.0,32.0,0.2507762908935547,39.18807598529384,2533.17626953125,,,,,
906,1,906.0,0.0,32.0,32.0,0.2806110382080078,38.76472299452871,2465.03271484375,,,,,
907,1,907.0,0.0,32.0,32.0,0.2438611984252929,47.6054530008696,2852.0673828125,,,,,
908,1,908.0,0.0,32.0,32.0,0.2180461883544922,42.106284003239125,2574.6875,,,,,
909,1,909.0,0.0,32.0,32.0,0.1713733673095703,36.91784804686904,2498.1083984375,,,,,
910,1,910.0,0.0,32.0,32.0,0.2503242492675781,41.90577898407355,2660.82958984375,,,,,
911,1,911.0,0.0,32.0,32.0,0.1446590423583984,48.17786702187732,2852.0673828125,,,,,
912,1,912.0,0.0,32.0,32.0,0.1620445251464843,40.095957985613495,2543.56884765625,,,,,
913,1,913.0,0.0,32.0,32.0,0.2743377685546875,41.07294499408454,2574.6875,,,,,
914,1,914.0,0.0,32.0,32.0,0.2423286437988281,49.23093901015818,2888.2919921875,,,,,
915,1,915.0,0.0,32.0,32.0,0.267277717590332,38.62970200134441,2410.10546875,,,,,
916,1,916.0,0.0,32.0,32.0,0.1992444992065429,47.9557920480147,2852.0673828125,,,,,
917,1,917.0,0.0,32.0,32.0,0.2366762161254882,38.73716801172122,2435.498046875,,,,,
918,1,918.0,0.0,32.0,32.0,0.1235485076904296,41.10132099594921,2574.6875,,,,,
919,1,919.0,0.0,32.0,32.0,0.1529703140258789,37.18448500148952,2398.12548828125,,,,,
920,1,920.0,0.0,32.0,32.0,0.172830581665039,38.871739001479,2543.56884765625,,,,,
921,1,921.0,0.0,32.0,32.0,0.0654854774475097,36.58453898970038,2507.1259765625,,,,,
922,1,922.0,0.0,32.0,32.0,0.2301454544067382,39.75485096452758,2533.17626953125,,,,,
923,1,923.0,0.0,32.0,32.0,0.3060312271118164,38.87361899251118,2356.935546875,,,,,
924,1,924.0,0.0,32.0,32.0,0.212411880493164,38.02323096897453,2435.498046875,,,,,
925,1,925.0,0.0,32.0,32.0,0.1735725402832031,41.21198796201497,2655.02490234375,,,,,
926,1,926.0,0.0,32.0,32.0,0.2961440086364746,40.93043599277735,2563.3828125,,,,,
927,1,927.0,0.0,32.0,32.0,0.2914185523986816,41.144386981613934,2574.6875,,,,,
928,1,928.0,0.0,32.0,32.0,0.1469483375549316,41.17386898724362,2655.02490234375,,,,,
929,1,929.0,0.0,32.0,32.0,0.1040773391723632,44.500181975308806,2754.88671875,,,,,
930,1,930.0,0.0,32.0,32.0,0.1968073844909668,41.830184985883534,2574.6875,,,,,
931,1,931.0,0.0,32.0,32.0,0.2958517074584961,49.74541999399662,2888.2919921875,,,,,
932,1,932.0,0.0,32.0,32.0,0.4270768165588379,39.45064300205559,2507.1259765625,,,,,
933,1,933.0,0.0,32.0,32.0,0.2558741569519043,45.36236502462998,2754.88671875,,,,,
934,1,934.0,0.0,32.0,32.0,0.4147324562072754,35.403045010752976,2298.90478515625,,,,,
935,1,935.0,0.0,32.0,32.0,0.2544622421264648,38.74902904499322,2477.59716796875,,,,,
936,1,936.0,0.0,32.0,32.0,0.3014760017395019,45.6174350110814,2790.72021484375,,,,,
937,1,937.0,0.0,32.0,32.0,0.1371231079101562,41.98771197116002,2655.02490234375,,,,,
938,1,938.0,0.0,32.0,32.0,0.2357044219970703,41.38134903041646,2574.6875,,,,,
939,1,939.0,0.0,32.0,32.0,0.3741488456726074,41.06196103384718,2563.3828125,,,,,
940,1,940.0,0.0,32.0,32.0,0.3644776344299316,44.812628999352455,2696.84033203125,,,,,
941,1,941.0,0.0,32.0,32.0,0.3181533813476562,45.59436999261379,2730.66845703125,,,,,
942,1,942.0,0.0,32.0,32.0,0.2732377052307129,46.21282103471458,2790.72021484375,,,,,
943,1,943.0,0.0,32.0,32.0,0.1435070037841797,45.548278954811394,2754.88671875,,,,,
944,1,944.0,0.0,32.0,32.0,0.1757435798645019,39.385190000757575,2498.1083984375,,,,,
945,1,945.0,0.0,32.0,32.0,0.1606903076171875,39.23308098455891,2507.1259765625,,,,,
946,1,946.0,0.0,32.0,32.0,0.2701416015625,41.17148701334372,2696.84033203125,,,,,
947,1,947.0,0.0,32.0,32.0,0.3110332489013672,40.21669598296285,2543.56884765625,,,,,
948,1,948.0,0.0,32.0,32.0,0.2036457061767578,41.46825900534168,2574.6875,,,,,
949,1,949.0,0.0,32.0,32.0,0.2094707489013672,50.93733803369105,2978.1904296875,,,,,
950,1,950.0,0.0,32.0,32.0,0.4328455924987793,37.94647200265899,2398.12548828125,,,,,
951,1,951.0,0.0,32.0,32.0,0.1214504241943359,38.51447399938479,2498.1083984375,,,,,
952,1,952.0,0.0,32.0,32.0,0.1462683677673339,49.5580910355784,2914.046875,,,,,
953,1,953.0,0.0,32.0,32.0,0.2043037414550781,42.38300496945158,2687.3701171875,,,,,
954,1,954.0,0.0,32.0,32.0,0.2823066711425781,41.82112897979096,2660.82958984375,,,,,
955,1,955.0,0.0,32.0,32.0,0.3613395690917969,39.49488000944257,2498.1083984375,,,,,
956,1,956.0,0.0,32.0,32.0,0.2698225975036621,44.85498700523749,2761.908203125,,,,,
957,1,957.0,0.0,32.0,32.0,0.1938414573669433,41.28792695701122,2563.3828125,,,,,
958,1,958.0,0.0,32.0,32.0,0.2787580490112304,37.00924501754344,2533.17626953125,,,,,
959,1,959.0,0.0,32.0,32.0,0.2874050140380859,44.53083605039865,2696.84033203125,,,,,
960,1,960.0,0.0,32.0,32.0,0.2034711837768554,46.38741503003985,2754.88671875,,,,,
961,1,961.0,0.0,32.0,32.0,0.1460075378417968,39.28030002862215,2315.2705078125,,,,,
962,1,962.0,0.0,32.0,32.0,0.1573467254638672,38.52010500850156,2465.03271484375,,,,,
963,1,963.0,0.0,32.0,32.0,0.1702651977539062,44.55087496899069,2696.84033203125,,,,,
964,1,964.0,0.0,32.0,32.0,0.1302623748779297,38.77445898251608,2435.498046875,,,,,
965,1,965.0,0.0,32.0,32.0,0.3647022247314453,41.02568799862638,2574.6875,,,,,
966,1,966.0,0.0,32.0,32.0,0.1984901428222656,43.665295001119375,2690.6982421875,,,,,
967,1,967.0,0.0,32.0,32.0,0.1039834022521972,39.92003097664565,2498.1083984375,,,,,
968,1,968.0,0.0,32.0,32.0,0.3719902038574219,49.49440900236368,2876.80908203125,,,,,
969,1,969.0,0.0,32.0,32.0,0.2214593887329101,39.58267701091245,2507.1259765625,,,,,
970,1,970.0,0.0,32.0,32.0,0.0993452072143554,39.36898801475763,2687.3701171875,,,,,
971,1,971.0,0.0,32.0,32.0,0.3651056289672851,38.37694798130542,2410.10546875,,,,,
972,1,972.0,0.0,32.0,32.0,0.442298412322998,38.64783700555563,2356.935546875,,,,,
973,1,973.0,0.0,32.0,32.0,0.4453554153442383,50.332739017903805,2956.64208984375,,,,,
974,1,974.0,0.0,32.0,32.0,0.1554574966430664,39.45019899401814,2356.935546875,,,,,
975,1,975.0,0.0,32.0,32.0,0.1660594940185547,44.602206035051495,2730.66845703125,,,,,
976,1,976.0,0.0,32.0,32.0,0.1489725112915039,40.09671899257228,2498.1083984375,,,,,
977,1,977.0,0.0,32.0,32.0,0.3925056457519531,43.60134294256568,2690.6982421875,,,,,
978,1,978.0,0.0,32.0,32.0,0.2821502685546875,46.427758992649615,2761.908203125,,,,,
979,1,979.0,0.0,32.0,32.0,0.1256666183471679,42.1748980297707,2687.3701171875,,,,,
980,1,980.0,0.0,32.0,32.0,0.2377777099609375,50.98710901802406,2956.64208984375,,,,,
981,1,981.0,0.0,32.0,32.0,0.2087249755859375,40.41932499967516,2533.17626953125,,,,,
982,1,982.0,0.0,32.0,32.0,0.2094345092773437,33.0059279804118,2398.12548828125,,,,,
983,1,983.0,0.0,32.0,32.0,0.2601795196533203,38.56262698536739,2477.59716796875,,,,,
984,1,984.0,0.0,32.0,32.0,0.1364288330078125,44.02288899291307,2690.6982421875,,,,,
985,1,985.0,0.0,32.0,32.0,0.1237096786499023,42.13169403374195,2574.6875,,,,,
986,1,986.0,0.0,32.0,32.0,0.2929325103759765,41.76265699788928,2687.3701171875,,,,,
987,1,987.0,0.0,32.0,32.0,0.3217267990112304,41.55197401996702,2574.6875,,,,,
988,1,988.0,0.0,32.0,32.0,0.0989837646484375,37.61565999593586,2398.12548828125,,,,,
989,1,989.0,0.0,32.0,32.0,0.1008415222167968,37.60923200752586,2465.03271484375,,,,,
990,1,990.0,0.0,32.0,32.0,0.15167236328125,38.91351004131138,2477.59716796875,,,,,
991,1,991.0,0.0,32.0,32.0,0.1743202209472656,40.90171999996528,2574.6875,,,,,
992,1,992.0,0.0,32.0,32.0,0.4934024810791015,43.49822399672121,2690.6982421875,,,,,
993,1,993.0,0.0,32.0,32.0,0.3010158538818359,39.61439098929986,2465.03271484375,,,,,
994,1,994.0,0.0,32.0,32.0,0.1191043853759765,38.09103404637426,2410.10546875,,,,,
995,1,995.0,0.0,32.0,32.0,0.2061305046081543,36.05572995729744,2507.1259765625,,,,,
996,1,996.0,0.0,32.0,32.0,0.1733121871948242,41.44853499019519,2655.02490234375,,,,,
997,1,997.0,0.0,32.0,32.0,0.0297865867614746,37.6148690120317,2398.12548828125,,,,,
998,1,998.0,0.0,32.0,32.0,0.2051920890808105,40.1599410106428,2563.3828125,,,,,
999,1,999.0,0.0,32.0,32.0,0.2209720611572265,37.62317297514528,2398.12548828125,,,,,
1000,1,1000.0,0.0,32.0,32.0,0.0292940139770507,50.745895016007125,3023.82470703125,,,,,
1001,1,1001.0,0.0,32.0,32.0,0.2907471656799316,40.417206997517496,2507.1259765625,,,,,
1002,1,1002.0,0.0,32.0,32.0,0.3767347335815429,41.7085430235602,2574.6875,,,,,
1003,1,1003.0,0.0,32.0,32.0,0.2910952568054199,39.58306804997847,2349.4912109375,,,,,
1004,1,1004.0,0.0,32.0,32.0,0.1420116424560547,39.49741297401488,2507.1259765625,,,,,
1005,1,1005.0,0.0,32.0,32.0,0.3070797920227051,44.57677301252261,2690.6982421875,,,,,
1006,1,1006.0,0.0,32.0,32.0,0.3828911781311035,43.23389101773501,2687.3701171875,,,,,
1007,1,1007.0,0.0,32.0,32.0,0.137341022491455,41.91886004991829,2655.02490234375,,,,,
1008,1,1008.0,0.0,32.0,32.0,0.084573745727539,34.658282995224,2398.12548828125,,,,,
1009,1,1009.0,0.0,32.0,32.0,0.2511701583862304,34.451925952453166,2249.71875,,,,,
1010,1,1010.0,0.0,32.0,32.0,0.1429452896118164,43.96216000895947,2730.66845703125,,,,,
1011,1,1011.0,0.0,32.0,32.0,0.3760757446289062,47.02207300579175,2810.46826171875,,,,,
1012,1,1012.0,0.0,32.0,32.0,0.2918243408203125,39.90403399802744,2533.17626953125,,,,,
1013,1,1013.0,0.0,32.0,32.0,0.177591323852539,39.17353000724688,2507.1259765625,,,,,
1014,1,1014.0,0.0,32.0,32.0,0.1743111610412597,38.42450602678582,2477.59716796875,,,,,
1015,1,1015.0,0.0,32.0,32.0,0.2239236831665039,42.00613801367581,2687.3701171875,,,,,
1016,1,1016.0,0.0,32.0,32.0,0.1079068183898925,39.91151798982173,2543.56884765625,,,,,
1017,1,1017.0,0.0,32.0,32.0,0.3589701652526855,38.015506986994296,2398.12548828125,,,,,
1018,1,1018.0,0.0,32.0,32.0,0.1265182495117187,43.176539009436965,2690.6982421875,,,,,
1019,1,1019.0,0.0,32.0,32.0,0.1480073928833007,40.17925198422745,2543.56884765625,,,,,
1020,1,1020.0,0.0,32.0,32.0,0.2418417930603027,39.0693920198828,2477.59716796875,,,,,
1021,1,1021.0,0.0,32.0,32.0,0.2353906631469726,42.91602899320424,2810.46826171875,,,,,
1022,1,1022.0,0.0,32.0,32.0,0.1302270889282226,41.05931299272925,2563.3828125,,,,,
1023,1,1023.0,0.0,32.0,32.0,0.2953639030456543,39.085205004084855,2477.59716796875,,,,,
1024,1,1024.0,0.0,32.0,32.0,0.3126745223999023,38.74138597166166,2543.56884765625,,,,,
1025,1,1025.0,0.0,32.0,32.0,0.4470210075378418,44.67175400350243,2690.6982421875,,,,,
1026,1,1026.0,0.0,32.0,32.0,0.1189231872558593,38.701169018168,2398.12548828125,,,,,
1027,1,1027.0,0.0,32.0,32.0,0.1080179214477539,38.36714196950197,2477.59716796875,,,,,
1028,1,1028.0,0.0,32.0,32.0,0.3853387832641601,41.846729000099,2660.82958984375,,,,,
1029,1,1029.0,0.0,32.0,32.0,0.1865301132202148,38.85515499860048,2465.03271484375,,,,,
1030,1,1030.0,0.0,32.0,32.0,0.1287183761596679,46.161664999090135,2790.72021484375,,,,,
1031,1,1031.0,0.0,32.0,32.0,0.1004877090454101,42.00023598968983,2660.82958984375,,,,,
1032,1,1032.0,0.0,32.0,32.0,0.4315271377563476,40.00205401098356,2543.56884765625,,,,,
1033,1,1033.0,0.0,32.0,32.0,0.1891918182373047,39.704035967588425,2349.4912109375,,,,,
1034,1,1034.0,0.0,32.0,32.0,0.4589996337890625,41.90622997703031,2761.908203125,,,,,
1035,1,1035.0,0.0,32.0,32.0,0.2672204971313476,35.30683001736179,2273.755859375,,,,,
1036,1,1036.0,0.0,32.0,32.0,0.0929498672485351,38.0693570477888,2465.03271484375,,,,,
1037,1,1037.0,0.0,32.0,32.0,0.0547199249267578,47.11847600992769,2852.0673828125,,,,,
1038,1,1038.0,0.0,32.0,32.0,0.1413822174072265,35.287278005853295,2273.755859375,,,,,
1039,1,1039.0,0.0,32.0,32.0,0.1183423995971679,44.37517700716853,2730.66845703125,,,,,
1040,1,1040.0,0.0,32.0,32.0,0.2409844398498535,42.591578036081046,2574.6875,,,,,
1041,1,1041.0,0.0,32.0,32.0,0.1473350524902343,38.47730299457908,2410.10546875,,,,,
1042,1,1042.0,0.0,32.0,32.0,0.2039108276367187,47.12564399233088,2822.1865234375,,,,,
1043,1,1043.0,0.0,32.0,32.0,0.1754369735717773,38.88093197019771,2477.59716796875,,,,,
1044,1,1044.0,0.0,32.0,32.0,0.2687339782714844,37.926401011645794,2410.10546875,,,,,
1045,1,1045.0,0.0,32.0,32.0,0.4238862991333008,39.52748497249559,2533.17626953125,,,,,
1046,1,1046.0,0.0,32.0,32.0,0.0937633514404296,38.98697200929746,2533.17626953125,,,,,
1047,1,1047.0,0.0,32.0,32.0,0.2586469650268554,36.34604898979888,2543.56884765625,,,,,
1048,1,1048.0,0.0,32.0,32.0,0.344670295715332,39.70850200857967,2533.17626953125,,,,,
1049,1,1049.0,0.0,32.0,32.0,0.2114524841308593,42.141949001234025,2687.3701171875,,,,,
1050,1,1050.0,0.0,32.0,32.0,0.2829561233520508,38.40841801138595,2435.498046875,,,,,
1051,1,1051.0,0.0,32.0,32.0,0.1168804168701171,39.46365503361449,2533.17626953125,,,,,
1052,1,1052.0,0.0,32.0,32.0,0.3888254165649414,39.2358039971441,2498.1083984375,,,,,
1053,1,1053.0,0.0,32.0,32.0,0.2372074127197265,37.87482401821762,2398.12548828125,,,,,
1054,1,1054.0,0.0,32.0,32.0,0.2398610115051269,41.44055600045249,2660.82958984375,,,,,
1055,1,1055.0,0.0,32.0,32.0,0.1524214744567871,41.8023859965615,2574.6875,,,,,
1056,1,1056.0,0.0,32.0,32.0,0.2841677665710449,41.35902400594205,2574.6875,,,,,
1057,1,1057.0,0.0,32.0,32.0,0.2090368270874023,41.65660601574928,2660.82958984375,,,,,
1058,1,1058.0,0.0,32.0,32.0,0.1441569328308105,40.05980200599879,2507.1259765625,,,,,
1059,1,1059.0,0.0,32.0,32.0,0.3735637664794922,39.11354503361508,2356.935546875,,,,,
1060,1,1060.0,0.0,32.0,32.0,0.0996665954589843,36.76479397108778,2377.17919921875,,,,,
1061,1,1061.0,0.0,32.0,32.0,0.3058986663818359,47.17312502907589,2852.0673828125,,,,,
1062,1,1062.0,0.0,32.0,32.0,0.3229684829711914,39.79857102967799,2477.59716796875,,,,,
1063,1,1063.0,0.0,32.0,32.0,0.2755565643310547,41.9782450189814,2655.02490234375,,,,,
1064,1,1064.0,0.0,32.0,32.0,0.3317775726318359,43.11879799934104,2465.03271484375,,,,,
1065,1,1065.0,0.0,32.0,32.0,0.2424879074096679,38.67377300048247,2543.56884765625,,,,,
1066,1,1066.0,0.0,32.0,32.0,0.2481060028076172,41.08754300978035,2563.3828125,,,,,
1067,1,1067.0,0.0,32.0,32.0,0.298858642578125,40.33965902635828,2377.17919921875,,,,,
1068,1,1068.0,0.0,32.0,32.0,0.2781400680541992,43.17647602874786,2696.84033203125,,,,,
1069,1,1069.0,0.0,32.0,32.0,0.1926069259643554,39.817139972001314,2543.56884765625,,,,,
1070,1,1070.0,0.0,32.0,32.0,0.1196227073669433,38.33045600913465,2435.498046875,,,,,
1071,1,1071.0,0.0,32.0,32.0,0.2493305206298828,40.949925023596734,2574.6875,,,,,
1072,1,1072.0,0.0,32.0,32.0,0.3176937103271484,38.01725903758779,2410.10546875,,,,,
1073,1,1073.0,0.0,32.0,32.0,0.2199125289916992,35.535291011910886,2477.59716796875,,,,,
1074,1,1074.0,0.0,32.0,32.0,0.1275310516357422,37.92504296870902,2410.10546875,,,,,
1075,1,1075.0,0.0,32.0,32.0,0.1924538612365722,38.03434903966263,2410.10546875,,,,,
1076,1,1076.0,0.0,32.0,32.0,0.3172063827514648,50.29374099103734,2914.046875,,,,,
1077,1,1077.0,0.0,32.0,32.0,0.120182991027832,41.13516095094383,2377.17919921875,,,,,
1078,1,1078.0,0.0,32.0,32.0,0.0988039970397949,38.43368397792801,2435.498046875,,,,,
1079,1,1079.0,0.0,32.0,32.0,0.2093157768249511,45.14013900188729,2790.72021484375,,,,,
1080,1,1080.0,0.0,32.0,32.0,0.1358509063720703,41.575588984414935,2563.3828125,,,,,
1081,1,1081.0,0.0,32.0,32.0,0.0373387336730957,40.08905298542231,2543.56884765625,,,,,
1082,1,1082.0,0.0,32.0,32.0,0.0437629222869873,38.1512800231576,2398.12548828125,,,,,
1083,1,1083.0,0.0,32.0,32.0,0.3924412727355957,39.16922298958525,2533.17626953125,,,,,
1084,1,1084.0,0.0,32.0,32.0,0.113246202468872,42.257116991095245,2687.3701171875,,,,,
1085,1,1085.0,0.0,32.0,32.0,0.4093823432922363,41.35540599236265,2563.3828125,,,,,
1086,1,1086.0,0.0,32.0,32.0,0.2473328113555908,39.40417000558227,2655.02490234375,,,,,
1087,1,1087.0,0.0,32.0,32.0,0.0699267387390136,41.52592201717198,2655.02490234375,,,,,
1088,1,1088.0,0.0,32.0,32.0,0.4813711643218994,41.73225804697722,2687.3701171875,,,,,
1089,1,1089.0,0.0,32.0,32.0,0.0162296295166015,41.55838204314932,2660.82958984375,,,,,
1090,1,1090.0,0.0,32.0,32.0,0.2390511035919189,40.35108699463308,2563.3828125,,,,,
1091,1,1091.0,0.0,32.0,32.0,0.3595538139343261,39.01490999851376,2498.1083984375,,,,,
1092,1,1092.0,0.0,32.0,32.0,0.5602240562438965,38.20440400158986,2435.498046875,,,,,
1093,1,1093.0,0.0,32.0,32.0,0.2789037227630615,40.134389011655,2563.3828125,,,,,
1094,1,1094.0,0.0,32.0,32.0,0.0135235786437988,50.89308804599568,2965.60693359375,,,,,
1095,1,1095.0,0.0,32.0,32.0,0.296600341796875,46.03826499078423,2761.908203125,,,,,
1096,1,1096.0,0.0,32.0,32.0,0.3364152908325195,39.64947699569166,2498.1083984375,,,,,
1097,1,1097.0,0.0,32.0,32.0,0.3826355934143066,39.22114899614826,2507.1259765625,,,,,
1098,1,1098.0,0.0,32.0,32.0,0.0717272758483886,41.31522797979415,2730.66845703125,,,,,
1099,1,1099.0,0.0,32.0,32.0,0.0487751960754394,48.63986402051523,2852.0673828125,,,,,
1100,1,1100.0,0.0,32.0,32.0,0.3390908241271972,50.66801799694076,2876.80908203125,,,,,
1101,1,1101.0,0.0,32.0,32.0,0.2006683349609375,49.24320400459692,2888.2919921875,,,,,
1102,1,1102.0,0.0,32.0,32.0,0.1952800750732422,39.35855202144012,2498.1083984375,,,,,
1103,1,1103.0,0.0,32.0,32.0,0.1275506019592285,39.83713901834562,2533.17626953125,,,,,
1104,1,1104.0,0.0,32.0,32.0,0.275357723236084,51.37362901587039,2956.64208984375,,,,,
1105,1,1105.0,0.0,32.0,32.0,0.0984663963317871,45.73321499628946,2790.72021484375,,,,,
1106,1,1106.0,0.0,32.0,32.0,0.0767989158630371,44.95206801220775,2690.6982421875,,,,,
1107,1,1107.0,0.0,32.0,32.0,0.0665364265441894,45.70116498507559,2696.84033203125,,,,,
1108,1,1108.0,0.0,32.0,32.0,0.0427842140197753,42.07918798783794,2574.6875,,,,,
1109,1,1109.0,0.0,32.0,32.0,0.3888936042785644,34.22956500435248,2377.17919921875,,,,,
1110,1,1110.0,0.0,32.0,32.0,0.2390122413635254,41.26177297439426,2660.82958984375,,,,,
1111,1,1111.0,0.0,32.0,32.0,0.1703758239746093,41.53404000680894,2655.02490234375,,,,,
1112,1,1112.0,0.0,32.0,32.0,0.2613005638122558,40.19489703932777,2543.56884765625,,,,,
1113,1,1113.0,0.0,32.0,32.0,0.4677739143371582,43.6457300093025,2696.84033203125,,,,,
1114,1,1114.0,0.0,32.0,32.0,0.2784023284912109,44.87990302732214,2696.84033203125,,,,,
1115,1,1115.0,0.0,32.0,32.0,0.2571916580200195,38.71066099964082,2298.90478515625,,,,,
1116,1,1116.0,0.0,32.0,32.0,0.1923971176147461,41.400859015993774,2655.02490234375,,,,,
1117,1,1117.0,0.0,32.0,32.0,0.1273689270019531,41.58350301440805,2574.6875,,,,,
1118,1,1118.0,0.0,32.0,32.0,0.0758519172668457,39.25873601110652,2543.56884765625,,,,,
1119,1,1119.0,0.0,32.0,32.0,0.2800450325012207,41.38506797607988,2660.82958984375,,,,,
1120,1,1120.0,0.0,32.0,32.0,0.1674761772155761,38.23638899484649,2410.10546875,,,,,
1121,1,1121.0,0.0,32.0,32.0,0.2185173034667968,40.99347296869382,2574.6875,,,,,
1122,1,1122.0,0.0,32.0,32.0,0.4862489700317383,47.475352010224015,2956.64208984375,,,,,
1123,1,1123.0,0.0,32.0,32.0,0.2036733627319336,44.73168001277372,2690.6982421875,,,,,
1124,1,1124.0,0.0,32.0,32.0,0.3896021842956543,39.81336997821927,2435.498046875,,,,,
1125,1,1125.0,0.0,32.0,32.0,0.1204099655151367,38.91829098574817,2349.4912109375,,,,,
1126,1,1126.0,0.0,32.0,32.0,0.2093100547790527,41.96678899461404,2655.02490234375,,,,,
1127,1,1127.0,0.0,32.0,32.0,0.2608766555786133,39.46076094871387,2356.935546875,,,,,
1128,1,1128.0,0.0,32.0,32.0,0.4184980392456054,39.76911102654413,2533.17626953125,,,,,
1129,1,1129.0,0.0,32.0,32.0,0.1680712699890136,38.90464099822566,2435.498046875,,,,,
1130,1,1130.0,0.0,32.0,32.0,0.1624898910522461,44.40763499587774,2690.6982421875,,,,,
1131,1,1131.0,0.0,32.0,32.0,0.1855487823486328,39.84223701991141,2498.1083984375,,,,,
1132,1,1132.0,0.0,32.0,32.0,0.262176513671875,39.25927501404658,2507.1259765625,,,,,
1133,1,1133.0,0.0,32.0,32.0,0.2565593719482422,39.75437104236335,2377.17919921875,,,,,
1134,1,1134.0,0.0,32.0,32.0,0.0786404609680175,38.148496998474,2315.2705078125,,,,,
1135,1,1135.0,0.0,32.0,32.0,0.3176937103271484,34.88973499042913,2349.4912109375,,,,,
1136,1,1136.0,0.0,32.0,32.0,0.3196849822998047,38.45792298670858,2465.03271484375,,,,,
1137,1,1137.0,0.0,32.0,32.0,0.2910270690917969,44.40879204776138,2730.66845703125,,,,,
1138,1,1138.0,0.0,32.0,32.0,0.4003458023071289,40.53806501906365,2543.56884765625,,,,,
1139,1,1139.0,0.0,32.0,32.0,0.1711492538452148,44.03173900209367,2690.6982421875,,,,,
1140,1,1140.0,0.0,32.0,32.0,0.1789412498474121,39.0438879840076,2435.498046875,,,,,
1141,1,1141.0,0.0,32.0,32.0,0.1004562377929687,43.50614600116387,2730.66845703125,,,,,
1142,1,1142.0,0.0,32.0,32.0,0.2572526931762695,40.83417699439451,2356.935546875,,,,,
1143,1,1143.0,0.0,32.0,32.0,0.2590723037719726,38.90371602028608,2477.59716796875,,,,,
1144,1,1144.0,0.0,32.0,32.0,0.3019742965698242,39.03937095310539,2356.935546875,,,,,
1145,1,1145.0,0.0,32.0,32.0,0.2391471862792968,39.165831985883415,2507.1259765625,,,,,
1146,1,1146.0,0.0,32.0,32.0,0.164072036743164,150.1623920048587,2876.80908203125,,,,,
1147,1,1147.0,0.0,32.0,32.0,0.1120896339416503,29.099112027324736,2298.90478515625,,,,,
1148,1,1148.0,0.0,32.0,32.0,0.1942858695983886,41.50021402165294,2810.46826171875,,,,,
1149,1,1149.0,0.0,32.0,32.0,0.389707088470459,37.04714501509443,2533.17626953125,,,,,
1150,1,1150.0,0.0,32.0,32.0,0.3135895729064941,35.48774297814816,2435.498046875,,,,,
1151,1,1151.0,0.0,32.0,32.0,0.120060920715332,35.860398958902806,2543.56884765625,,,,,
1152,1,1152.0,0.0,32.0,32.0,0.2518539428710937,37.29755798121914,2356.935546875,,,,,
1153,1,1153.0,0.0,32.0,32.0,0.2504010200500488,37.08043502410874,2543.56884765625,,,,,
1154,1,1154.0,0.0,32.0,32.0,0.3528861999511719,41.5859540225938,2696.84033203125,,,,,
1155,1,1155.0,0.0,32.0,32.0,0.3189468383789062,42.76801599189639,2696.84033203125,,,,,
1156,1,1156.0,0.0,32.0,32.0,0.2850260734558105,41.03663895512,2687.3701171875,,,,,
1157,1,1157.0,0.0,32.0,32.0,0.1098203659057617,44.01224700268358,2761.908203125,,,,,
1158,1,1158.0,0.0,32.0,32.0,0.2702693939208984,39.46864599129185,2533.17626953125,,,,,
1159,1,1159.0,0.0,32.0,32.0,0.201970100402832,41.14832996856421,2660.82958984375,,,,,
1160,1,1160.0,0.0,32.0,32.0,0.0892963409423828,35.27770302025601,2435.498046875,,,,,
1161,1,1161.0,0.0,32.0,32.0,0.1808404922485351,51.149704959243536,3037.9208984375,,,,,
1162,1,1162.0,0.0,32.0,32.0,0.3136229515075683,45.13989604311064,2696.84033203125,,,,,
1163,1,1163.0,0.0,32.0,32.0,0.2219715118408203,45.474799000658095,2754.88671875,,,,,
1164,1,1164.0,0.0,32.0,32.0,0.2367386817932129,40.06501298863441,2507.1259765625,,,,,
1165,1,1165.0,0.0,32.0,32.0,0.298004150390625,39.43085897481069,2543.56884765625,,,,,
1166,1,1166.0,0.0,32.0,32.0,0.3371925354003906,41.9711850117892,2563.3828125,,,,,
1167,1,1167.0,0.0,32.0,32.0,0.0894680023193359,47.54326900001615,2507.1259765625,,,,,
1168,1,1168.0,0.0,32.0,32.0,0.0962610244750976,48.39796997839585,2498.1083984375,,,,,
1169,1,1169.0,0.0,32.0,32.0,0.0688314437866211,43.41334896162152,2410.10546875,,,,,
1170,1,1170.0,0.0,32.0,32.0,0.3504772186279297,41.47906700382009,2543.56884765625,,,,,
1171,1,1171.0,0.0,32.0,32.0,0.2409534454345703,39.91240600589663,2349.4912109375,,,,,
1172,1,1172.0,0.0,32.0,32.0,0.1566667556762695,45.902515994384885,2946.62548828125,,,,,
1173,1,1173.0,0.0,32.0,32.0,0.4234123229980469,40.82498699426651,2687.3701171875,,,,,
1174,1,1174.0,0.0,32.0,32.0,0.2049999237060547,34.251981996931136,2273.755859375,,,,,
1175,1,1175.0,0.0,32.0,32.0,0.1991758346557617,37.77809801977128,2377.17919921875,,,,,
1176,1,1176.0,0.0,32.0,32.0,0.1011199951171875,39.200875035021454,2574.6875,,,,,
1177,1,1177.0,0.0,32.0,32.0,0.1341304779052734,36.83475899742916,2410.10546875,,,,,
1178,1,1178.0,0.0,32.0,32.0,0.3283815383911133,39.35807599918917,2574.6875,,,,,
1179,1,1179.0,0.0,32.0,32.0,0.1427421569824218,43.8209610292688,2761.908203125,,,,,
1180,1,1180.0,0.0,32.0,32.0,0.0458641052246093,40.58911703759805,2655.02490234375,,,,,
1181,1,1181.0,0.0,32.0,32.0,0.706425666809082,37.81166498083621,2477.59716796875,,,,,
1182,1,1182.0,0.0,32.0,32.0,0.1594743728637695,40.39620194816962,2574.6875,,,,,
1183,1,1183.0,0.0,32.0,32.0,0.548649787902832,43.417109991423786,2696.84033203125,,,,,
1184,1,1184.0,0.0,32.0,32.0,0.3543643951416015,38.50693197455257,2410.10546875,,,,,
1185,1,1185.0,0.0,32.0,32.0,0.0710096359252929,33.17072300706059,2398.12548828125,,,,,
1186,1,1186.0,0.0,32.0,32.0,0.1207456588745117,48.25440404238179,2888.2919921875,,,,,
1187,1,1187.0,0.0,32.0,32.0,0.1027517318725586,36.99937200872228,2398.12548828125,,,,,
1188,1,1188.0,0.0,32.0,32.0,0.2494325637817382,43.28348900889978,2690.6982421875,,,,,
1189,1,1189.0,0.0,32.0,32.0,0.2871007919311523,44.75107800681144,2660.82958984375,,,,,
1190,1,1190.0,0.0,32.0,32.0,0.2896585464477539,50.10692198993638,2790.72021484375,,,,,
1191,1,1191.0,0.0,32.0,32.0,0.1440362930297851,46.8558999709785,2660.82958984375,,,,,
1192,1,1192.0,0.0,32.0,32.0,0.1351985931396484,43.113580031786114,2543.56884765625,,,,,
1193,1,1193.0,0.0,32.0,32.0,0.198007583618164,44.93826697580516,2687.3701171875,,,,,
1194,1,1194.0,0.0,32.0,32.0,0.1300725936889648,41.00579099031165,2507.1259765625,,,,,
1195,1,1195.0,0.0,32.0,32.0,0.0719881057739257,41.55490000266582,2563.3828125,,,,,
1196,1,1196.0,0.0,32.0,32.0,0.071929931640625,39.187592046801,2498.1083984375,,,,,
1197,1,1197.0,0.0,32.0,32.0,0.2942566871643066,34.92105402983725,2498.1083984375,,,,,
1198,1,1198.0,0.0,32.0,32.0,0.0380973815917968,39.67832500347868,2563.3828125,,,,,
1199,1,1199.0,0.0,32.0,32.0,0.1578798294067382,38.488002959638834,2498.1083984375,,,,,
1200,1,1200.0,0.0,32.0,32.0,0.1546401977539062,38.79507596138865,2377.17919921875,,,,,
1201,1,1201.0,0.0,32.0,32.0,0.1354279518127441,45.92138098087162,2822.1865234375,,,,,
1202,1,1202.0,0.0,32.0,32.0,0.2504749298095703,37.73778199683875,2477.59716796875,,,,,
1203,1,1203.0,0.0,32.0,32.0,0.144357681274414,48.46168600488454,2946.62548828125,,,,,
1204,1,1204.0,0.0,32.0,32.0,0.6580915451049805,37.57798502920196,2465.03271484375,,,,,
1205,1,1205.0,0.0,32.0,32.0,0.0993199348449707,38.083497958723456,2349.4912109375,,,,,
1206,1,1206.0,0.0,32.0,32.0,0.1639652252197265,45.29351904056966,2810.46826171875,,,,,
1207,1,1207.0,0.0,32.0,32.0,0.0665521621704101,40.697471995372325,2563.3828125,,,,,
1208,1,1208.0,0.0,32.0,32.0,0.4090833663940429,37.05585701391101,2398.12548828125,,,,,
1209,1,1209.0,0.0,32.0,32.0,0.1707010269165039,37.62507397914305,2477.59716796875,,,,,
1210,1,1210.0,0.0,32.0,32.0,0.5216732025146484,40.18275497946888,2696.84033203125,,,,,
1211,1,1211.0,0.0,32.0,32.0,0.162393569946289,39.37942499760538,2398.12548828125,,,,,
1212,1,1212.0,0.0,32.0,32.0,0.2227802276611328,40.0575750390999,2498.1083984375,,,,,
1213,1,1213.0,0.0,32.0,32.0,0.1076393127441406,40.21078097866848,2315.2705078125,,,,,
1214,1,1214.0,0.0,32.0,32.0,0.2063961029052734,41.1452540429309,2543.56884765625,,,,,
1215,1,1215.0,0.0,32.0,32.0,0.1718616485595703,42.41698305122554,2533.17626953125,,,,,
1216,1,1216.0,0.0,32.0,32.0,0.2464542388916015,41.337631992064416,2465.03271484375,,,,,
1217,1,1217.0,0.0,32.0,32.0,0.2918300628662109,41.65156901581213,2543.56884765625,,,,,
1218,1,1218.0,0.0,32.0,32.0,0.1151371002197265,43.60738903051242,2660.82958984375,,,,,
1219,1,1219.0,0.0,32.0,32.0,0.5163688659667969,42.79908898752183,2655.02490234375,,,,,
1220,1,1220.0,0.0,32.0,32.0,0.1092510223388671,39.95184297673404,2377.17919921875,,,,,
1221,1,1221.0,0.0,32.0,32.0,0.2190513610839843,40.14546301914379,2563.3828125,,,,,
1222,1,1222.0,0.0,32.0,32.0,0.0535182952880859,43.744277965743095,2730.66845703125,,,,,
1223,1,1223.0,0.0,32.0,32.0,0.2117824554443359,36.26712900586426,2533.17626953125,,,,,
1224,1,1224.0,0.0,32.0,32.0,0.1349105834960937,49.19242602773011,2946.62548828125,,,,,
1225,1,1225.0,0.0,32.0,32.0,0.118356704711914,43.07435697410256,2690.6982421875,,,,,
1226,1,1226.0,0.0,32.0,32.0,0.2354097366333007,38.71001402148977,2498.1083984375,,,,,
1227,1,1227.0,0.0,32.0,32.0,0.0618858337402343,46.19298403849825,2852.0673828125,,,,,
1228,1,1228.0,0.0,32.0,32.0,0.0708446502685546,41.36588401161134,2687.3701171875,,,,,
1229,1,1229.0,0.0,32.0,32.0,0.3442211151123047,43.3608929743059,2690.6982421875,,,,,
1230,1,1230.0,0.0,32.0,32.0,0.2152872085571289,44.29363401141018,2690.6982421875,,,,,
1231,1,1231.0,0.0,32.0,32.0,0.3786735534667969,39.80855504050851,2533.17626953125,,,,,
1232,1,1232.0,0.0,32.0,32.0,0.2186498641967773,42.009403987322,2660.82958984375,,,,,
1233,1,1233.0,0.0,32.0,32.0,0.3460378646850586,42.04504803055897,2655.02490234375,,,,,
1234,1,1234.0,0.0,32.0,32.0,0.2872314453125,40.092136012390256,2377.17919921875,,,,,
1235,1,1235.0,0.0,32.0,32.0,0.0422630310058593,33.68538699578494,2543.56884765625,,,,,
1236,1,1236.0,0.0,32.0,32.0,0.2390422821044922,46.27394600538537,2754.88671875,,,,,
1237,1,1237.0,0.0,32.0,32.0,0.207890510559082,41.58050799742341,2356.935546875,,,,,
1238,1,1238.0,0.0,32.0,32.0,0.0905923843383789,40.85603298153728,2507.1259765625,,,,,
1239,1,1239.0,0.0,32.0,32.0,0.0582098960876464,44.372174015734345,2687.3701171875,,,,,
1240,1,1240.0,0.0,32.0,32.0,0.1906933784484863,44.8240339756012,2507.1259765625,,,,,
1241,1,1241.0,0.0,32.0,32.0,0.1663136482238769,38.475519977509975,2498.1083984375,,,,,
1242,1,1242.0,0.0,32.0,32.0,0.1834406852722168,44.01910601882264,2690.6982421875,,,,,
1243,1,1243.0,0.0,32.0,32.0,0.0604715347290039,44.327926996629685,2690.6982421875,,,,,
1244,1,1244.0,0.0,32.0,32.0,0.3651037216186523,42.04184201080352,2574.6875,,,,,
1245,1,1245.0,0.0,32.0,32.0,0.331489086151123,38.26488496270031,2465.03271484375,,,,,
1246,1,1246.0,0.0,32.0,32.0,0.1979103088378906,43.8148999819532,2690.6982421875,,,,,
1247,1,1247.0,0.0,32.0,32.0,0.0839743614196777,45.452074031345546,2876.80908203125,,,,,
1248,1,1248.0,0.0,32.0,32.0,0.3551869392395019,44.19199202675373,2790.72021484375,,,,,
1249,1,1249.0,0.0,32.0,32.0,0.1305518150329589,39.22705800505355,2543.56884765625,,,,,
1250,1,1250.0,0.0,32.0,32.0,0.2194194793701172,48.22393401991576,2888.2919921875,,,,,
1251,1,1251.0,0.0,32.0,32.0,0.2437343597412109,37.081071990542114,2398.12548828125,,,,,
1252,1,1252.0,0.0,32.0,32.0,0.2001781463623047,36.897135025355965,2398.12548828125,,,,,
1253,1,1253.0,0.0,32.0,32.0,0.2791767120361328,39.707497984636575,2563.3828125,,,,,
1254,1,1254.0,0.0,32.0,32.0,0.369607925415039,38.02161297062412,2410.10546875,,,,,
1255,1,1255.0,0.0,32.0,32.0,0.0504035949707031,38.63488702336326,2507.1259765625,,,,,
1256,1,1256.0,0.0,32.0,32.0,0.1801319122314453,34.95194704737514,2273.755859375,,,,,
1257,1,1257.0,0.0,32.0,32.0,0.2083644866943359,41.30332299973816,2687.3701171875,,,,,
1258,1,1258.0,0.0,32.0,32.0,0.1968336105346679,42.066450987476856,2574.6875,,,,,
1259,1,1259.0,0.0,32.0,32.0,0.216318130493164,41.34050401626155,2563.3828125,,,,,
1260,1,1260.0,0.0,32.0,32.0,0.3762884140014648,37.623310985509306,2356.935546875,,,,,
1261,1,1261.0,0.0,32.0,32.0,0.2960700988769531,43.21329604135826,2687.3701171875,,,,,
1262,1,1262.0,0.0,32.0,32.0,0.1990480422973632,41.8794639990665,2507.1259765625,,,,,
1263,1,1263.0,0.0,32.0,32.0,0.2972898483276367,39.66771601699293,2410.10546875,,,,,
1264,1,1264.0,0.0,32.0,32.0,0.155308723449707,38.93214504932985,2410.10546875,,,,,
1265,1,1265.0,0.0,32.0,32.0,0.1329898834228515,39.9260480189696,2533.17626953125,,,,,
1266,1,1266.0,0.0,32.0,32.0,0.3373680114746094,40.34646798390895,2543.56884765625,,,,,
1267,1,1267.0,0.0,32.0,32.0,0.2154092788696289,39.087793964426965,2435.498046875,,,,,
1268,1,1268.0,0.0,32.0,32.0,0.4987306594848633,38.6250700103119,2498.1083984375,,,,,
1269,1,1269.0,0.0,32.0,32.0,0.2345657348632812,38.34144299617037,2465.03271484375,,,,,
1270,1,1270.0,0.0,32.0,32.0,0.2827606201171875,37.682315974961966,2298.90478515625,,,,,
1271,1,1271.0,0.0,32.0,32.0,0.2565193176269531,40.58510100003332,2660.82958984375,,,,,
1272,1,1272.0,0.0,32.0,32.0,0.1714410781860351,38.58799498993904,2477.59716796875,,,,,
1273,1,1273.0,0.0,32.0,32.0,0.1641044616699218,43.59057097462937,2822.1865234375,,,,,
1274,1,1274.0,0.0,32.0,32.0,0.1108055114746093,39.929626043885946,2507.1259765625,,,,,
1275,1,1275.0,0.0,32.0,32.0,0.2121353149414062,39.43347203312442,2533.17626953125,,,,,
1276,1,1276.0,0.0,32.0,32.0,0.1781468391418457,38.3795480011031,2465.03271484375,,,,,
1277,1,1277.0,0.0,32.0,32.0,0.1549725532531738,38.075282995123416,2435.498046875,,,,,
1278,1,1278.0,0.0,32.0,32.0,0.2953453063964844,49.46183500578627,2946.62548828125,,,,,
1279,1,1279.0,0.0,32.0,32.0,0.2779874801635742,39.33650598628447,2533.17626953125,,,,,
1280,1,1280.0,0.0,32.0,32.0,0.2328634262084961,37.93002403108403,2435.498046875,,,,,
1281,1,1281.0,0.0,32.0,32.0,0.1786470413208007,39.00929802330211,2507.1259765625,,,,,
1282,1,1282.0,0.0,32.0,32.0,0.3929562568664551,42.50317194964737,2687.3701171875,,,,,
1283,1,1283.0,0.0,32.0,32.0,0.5430526733398438,39.74941797787324,2507.1259765625,,,,,
1284,1,1284.0,0.0,32.0,32.0,0.1852436065673828,40.34240095643327,2533.17626953125,,,,,
1285,1,1285.0,0.0,32.0,32.0,0.162755012512207,39.62645604042336,2465.03271484375,,,,,
1286,1,1286.0,0.0,32.0,32.0,0.1964349746704101,41.29240399925038,2690.6982421875,,,,,
1287,1,1287.0,0.0,32.0,32.0,0.2788496017456054,43.99090603692457,2660.82958984375,,,,,
1288,1,1288.0,0.0,32.0,32.0,0.2866835594177246,41.232421004679054,2356.935546875,,,,,
1289,1,1289.0,0.0,32.0,32.0,0.1689615249633789,39.78082200046629,2498.1083984375,,,,,
1290,1,1290.0,0.0,32.0,32.0,0.1592183113098144,42.92428301414475,2687.3701171875,,,,,
1291,1,1291.0,0.0,32.0,32.0,0.2536005973815918,39.40386901376769,2465.03271484375,,,,,
1292,1,1292.0,0.0,32.0,32.0,0.1993203163146972,39.77780399145559,2507.1259765625,,,,,
1293,1,1293.0,0.0,32.0,32.0,0.1980729103088379,38.210074009839445,2315.2705078125,,,,,
1294,1,1294.0,0.0,32.0,32.0,0.3254146575927734,41.15674103377387,2660.82958984375,,,,,
1295,1,1295.0,0.0,32.0,32.0,0.3814239501953125,38.23401499539614,2435.498046875,,,,,
1296,1,1296.0,0.0,32.0,32.0,0.2582964897155761,39.07276998506859,2507.1259765625,,,,,
1297,1,1297.0,0.0,32.0,32.0,0.1265678405761718,41.02899500867352,2574.6875,,,,,
1298,1,1298.0,0.0,32.0,32.0,0.3113994598388672,38.83639205014333,2498.1083984375,,,,,
1299,1,1299.0,0.0,32.0,32.0,0.2185473442077636,34.92889099288732,2349.4912109375,,,,,
1300,1,1300.0,0.0,32.0,32.0,0.1551618576049804,37.81052300473675,2435.498046875,,,,,
1301,1,1301.0,0.0,32.0,32.0,0.2369318008422851,41.39952798141167,2687.3701171875,,,,,
1302,1,1302.0,0.0,32.0,32.0,0.0714397430419921,39.728362986352295,2498.1083984375,,,,,
1303,1,1303.0,0.0,32.0,32.0,0.4024810791015625,38.49604801507667,2498.1083984375,,,,,
1304,1,1304.0,0.0,32.0,32.0,0.2045431137084961,41.2414480233565,2660.82958984375,,,,,
1305,1,1305.0,0.0,32.0,32.0,0.2464776039123535,41.75792296882719,2655.02490234375,,,,,
1306,1,1306.0,0.0,32.0,32.0,0.3872299194335937,44.582890055608,2730.66845703125,,,,,
1307,1,1307.0,0.0,32.0,32.0,0.0912976264953613,40.49280099570751,2498.1083984375,,,,,
1308,1,1308.0,0.0,32.0,32.0,0.123605728149414,39.5267799613066,2498.1083984375,,,,,
1309,1,1309.0,0.0,32.0,32.0,0.5401487350463867,39.6658870158717,2356.935546875,,,,,
1310,1,1310.0,0.0,32.0,32.0,0.202178955078125,39.06291798921302,2315.2705078125,,,,,
1311,1,1311.0,0.0,32.0,32.0,0.3310699462890625,46.72191001009196,2810.46826171875,,,,,
1312,1,1312.0,0.0,32.0,32.0,0.2158327102661132,38.067312038037926,2563.3828125,,,,,
1313,1,1313.0,0.0,32.0,32.0,0.2683391571044922,39.49336399091408,2465.03271484375,,,,,
1314,1,1314.0,0.0,32.0,32.0,0.1867733001708984,40.300442022271454,2543.56884765625,,,,,
1315,1,1315.0,0.0,32.0,32.0,0.2432699203491211,42.77117998572066,2687.3701171875,,,,,
1316,1,1316.0,0.0,32.0,32.0,0.1190967559814453,38.82514202268794,2298.90478515625,,,,,
1317,1,1317.0,0.0,32.0,32.0,0.2004585266113281,41.19612002978101,2655.02490234375,,,,,
1318,1,1318.0,0.0,32.0,32.0,0.281071662902832,38.851935998536646,2465.03271484375,,,,,
1319,1,1319.0,0.0,32.0,32.0,0.1274013519287109,37.18650504015386,2398.12548828125,,,,,
1320,1,1320.0,0.0,32.0,32.0,0.1358613967895507,38.752113992813975,2507.1259765625,,,,,
1321,1,1321.0,0.0,32.0,32.0,0.1115903854370117,38.95187302259728,2498.1083984375,,,,,
1322,1,1322.0,0.0,32.0,32.0,0.1569404602050781,50.56019400944933,2978.1904296875,,,,,
1323,1,1323.0,0.0,32.0,32.0,0.1205406188964843,44.98297901591286,2690.6982421875,,,,,
1324,1,1324.0,0.0,32.0,32.0,0.19989013671875,40.48387502552941,2377.17919921875,,,,,
1325,1,1325.0,0.0,32.0,32.0,0.2796030044555664,37.32639900408685,2655.02490234375,,,,,
1326,1,1326.0,0.0,32.0,32.0,0.2538061141967773,41.71423299703747,2687.3701171875,,,,,
1327,1,1327.0,0.0,32.0,32.0,0.213109016418457,39.03872397495434,2465.03271484375,,,,,
1328,1,1328.0,0.0,32.0,32.0,0.1753911972045898,41.10809601843357,2655.02490234375,,,,,
1329,1,1329.0,0.0,32.0,32.0,0.1839256286621093,45.03034899244085,2696.84033203125,,,,,
1330,1,1330.0,0.0,32.0,32.0,0.0371789932250976,39.4757820176892,2435.498046875,,,,,
1331,1,1331.0,0.0,32.0,32.0,0.3311786651611328,44.463397993240505,2730.66845703125,,,,,
1332,1,1332.0,0.0,32.0,32.0,0.1166152954101562,45.70258298190311,2730.66845703125,,,,,
1333,1,1333.0,0.0,32.0,32.0,0.1680717468261718,51.56601499766112,2946.62548828125,,,,,
1334,1,1334.0,0.0,32.0,32.0,0.1451950073242187,40.47843598527834,2507.1259765625,,,,,
1335,1,1335.0,0.0,32.0,32.0,0.4334068298339844,46.26308201113716,2730.66845703125,,,,,
1336,1,1336.0,0.0,32.0,32.0,0.3871517181396484,38.598056009504944,2398.12548828125,,,,,
1337,1,1337.0,0.0,32.0,32.0,0.1673774719238281,34.79198401328176,2477.59716796875,,,,,
1338,1,1338.0,0.0,32.0,32.0,0.2761917114257812,38.05440099677071,2410.10546875,,,,,
1339,1,1339.0,0.0,32.0,32.0,0.0659008026123046,41.37330502271652,2655.02490234375,,,,,
1340,1,1340.0,0.0,32.0,32.0,0.2004337310791015,49.91375200916082,2888.2919921875,,,,,
1341,1,1341.0,0.0,32.0,32.0,0.4431896209716797,42.31508000520989,2687.3701171875,,,,,
1342,1,1342.0,0.0,32.0,32.0,0.2248191833496093,45.106116973329335,2754.88671875,,,,,
1343,1,1343.0,0.0,32.0,32.0,0.0545501708984375,39.932663028594106,2507.1259765625,,,,,
1344,1,1344.0,0.0,32.0,32.0,0.0487575531005859,40.80604895716533,2655.02490234375,,,,,
1345,1,1345.0,0.0,32.0,32.0,0.1369247436523437,33.99705304764211,2213.51806640625,,,,,
1346,1,1346.0,0.0,32.0,32.0,0.1789321899414062,36.87909198924899,2298.90478515625,,,,,
1347,1,1347.0,0.0,32.0,32.0,0.2728242874145508,37.362500035669655,2435.498046875,,,,,
1348,1,1348.0,0.0,32.0,32.0,0.1886825561523437,38.19378500338644,2477.59716796875,,,,,
1349,1,1349.0,0.0,32.0,32.0,0.2027359008789062,38.97593100555241,2533.17626953125,,,,,
1350,1,1350.0,0.0,32.0,32.0,0.3523311614990234,30.066689010709524,2213.51806640625,,,,,
1351,1,1351.0,0.0,32.0,32.0,0.1151027679443359,46.86199000570923,2852.0673828125,,,,,
1352,1,1352.0,0.0,32.0,32.0,0.3388500213623047,38.99477596860379,2435.498046875,,,,,
1353,1,1353.0,0.0,32.0,32.0,0.2748274803161621,38.82586001418531,2507.1259765625,,,,,
1354,1,1354.0,0.0,32.0,32.0,0.1082267761230468,43.63208101131022,2690.6982421875,,,,,
1355,1,1355.0,0.0,32.0,32.0,0.2331194877624511,52.14593996061012,2914.046875,,,,,
1356,1,1356.0,0.0,32.0,32.0,0.5326786041259766,40.29946599621326,2477.59716796875,,,,,
1357,1,1357.0,0.0,32.0,32.0,0.3161535263061523,42.52379899844527,2687.3701171875,,,,,
1358,1,1358.0,0.0,32.0,32.0,0.0149774551391601,39.398505992721766,2410.10546875,,,,,
1359,1,1359.0,0.0,32.0,32.0,0.1133546829223632,39.02618697611615,2465.03271484375,,,,,
1360,1,1360.0,0.0,32.0,32.0,0.2163286209106445,38.93409104784951,2465.03271484375,,,,,
1361,1,1361.0,0.0,32.0,32.0,0.0809164047241211,39.590641972608864,2507.1259765625,,,,,
1362,1,1362.0,0.0,32.0,32.0,0.4119234085083008,45.66756100393832,2761.908203125,,,,,
1363,1,1363.0,0.0,32.0,32.0,0.3206338882446289,29.525637975893915,2465.03271484375,,,,,
1364,1,1364.0,0.0,32.0,32.0,0.1213798522949218,38.66192704299465,2315.2705078125,,,,,
1365,1,1365.0,0.0,32.0,32.0,0.3684854507446289,38.82644302211702,2498.1083984375,,,,,
1366,1,1366.0,0.0,32.0,32.0,0.3049259185791015,38.627383997663856,2465.03271484375,,,,,
1367,1,1367.0,0.0,32.0,32.0,0.404794692993164,41.04917001677677,2574.6875,,,,,
1368,1,1368.0,0.0,32.0,32.0,0.2605762481689453,41.51636100141332,2655.02490234375,,,,,
1369,1,1369.0,0.0,32.0,32.0,0.0753278732299804,39.023993012961,2477.59716796875,,,,,
1370,1,1370.0,0.0,32.0,32.0,0.31683349609375,43.18092099856585,2690.6982421875,,,,,
1371,1,1371.0,0.0,32.0,32.0,0.2615032196044922,40.26033001719043,2498.1083984375,,,,,
1372,1,1372.0,0.0,32.0,32.0,0.15338134765625,40.24677304551005,2563.3828125,,,,,
1373,1,1373.0,0.0,32.0,32.0,0.2288999557495117,38.99933898355812,2498.1083984375,,,,,
1374,1,1374.0,0.0,32.0,32.0,0.25311279296875,41.81782802334055,2660.82958984375,,,,,
1375,1,1375.0,0.0,32.0,32.0,0.3957176208496094,38.92930701840669,2349.4912109375,,,,,
1376,1,1376.0,0.0,32.0,32.0,0.2169303894042968,34.507740987464786,2477.59716796875,,,,,
1377,1,1377.0,0.0,32.0,32.0,0.2783679962158203,40.18438403727487,2377.17919921875,,,,,
1378,1,1378.0,0.0,32.0,32.0,0.2206764221191406,44.39418599940837,2730.66845703125,,,,,
1379,1,1379.0,0.0,32.0,32.0,0.2219667434692382,39.98207999393344,2435.498046875,,,,,
1380,1,1380.0,0.0,32.0,32.0,0.3232383728027344,41.94983997149393,2574.6875,,,,,
1381,1,1381.0,0.0,32.0,32.0,0.1752901077270507,39.29726500064135,2465.03271484375,,,,,
1382,1,1382.0,0.0,32.0,32.0,0.2545022964477539,41.76183795789257,2655.02490234375,,,,,
1383,1,1383.0,0.0,32.0,32.0,0.3040304183959961,50.11610698420554,2914.046875,,,,,
1384,1,1384.0,0.0,32.0,32.0,0.281773567199707,40.52629601210356,2507.1259765625,,,,,
1385,1,1385.0,0.0,32.0,32.0,0.2011785507202148,44.7826570016332,2730.66845703125,,,,,
1386,1,1386.0,0.0,32.0,32.0,0.1904020309448242,45.68386194296181,2696.84033203125,,,,,
1387,1,1387.0,0.0,32.0,32.0,0.1665668487548828,42.52831102348864,2655.02490234375,,,,,
1388,1,1388.0,0.0,32.0,32.0,0.1604366302490234,37.66714397352189,2655.02490234375,,,,,
1389,1,1389.0,0.0,32.0,32.0,0.1750993728637695,39.50355801498517,2507.1259765625,,,,,
1390,1,1390.0,0.0,32.0,32.0,0.3573150634765625,39.1493079951033,2498.1083984375,,,,,
1391,1,1391.0,0.0,32.0,32.0,0.1783065795898437,38.12696400564164,2435.498046875,,,,,
1392,1,1392.0,0.0,32.0,32.0,0.2429041862487793,38.54928398504853,2507.1259765625,,,,,
1393,1,1393.0,0.0,32.0,32.0,0.3115549087524414,38.90781500376761,2477.59716796875,,,,,
1394,1,1394.0,0.0,32.0,32.0,0.2087459564208984,40.05392797989771,2377.17919921875,,,,,
1395,1,1395.0,0.0,32.0,32.0,0.0966763496398925,38.67940197233111,2477.59716796875,,,,,
1396,1,1396.0,0.0,32.0,32.0,0.130462646484375,40.17130995634943,2377.17919921875,,,,,
1397,1,1397.0,0.0,32.0,32.0,0.1065120697021484,43.58435299945995,2690.6982421875,,,,,
1398,1,1398.0,0.0,32.0,32.0,0.4462437629699707,42.709573986940086,2574.6875,,,,,
1399,1,1399.0,0.0,32.0,32.0,0.1135282516479492,39.9743239977397,2377.17919921875,,,,,
1400,1,1400.0,0.0,32.0,32.0,0.2547760009765625,51.65131797548384,3000.7802734375,,,,,
1401,1,1401.0,0.0,32.0,32.0,0.2587337493896484,36.47226101020351,2533.17626953125,,,,,
1402,1,1402.0,0.0,32.0,32.0,0.1669549942016601,39.67658296460286,2498.1083984375,,,,,
1403,1,1403.0,0.0,32.0,32.0,0.3117775917053222,47.84612898947671,2822.1865234375,,,,,
1404,1,1404.0,0.0,32.0,32.0,0.1081514358520507,53.1154969939962,3000.7802734375,,,,,
1405,1,1405.0,0.0,32.0,32.0,0.2116355895996093,42.85181994782761,2687.3701171875,,,,,
1406,1,1406.0,0.0,32.0,32.0,0.2948989868164062,39.740955049637705,2349.4912109375,,,,,
1407,1,1407.0,0.0,32.0,32.0,0.3024635314941406,39.61787995649502,2543.56884765625,,,,,
1408,1,1408.0,0.0,32.0,32.0,0.1695799827575683,52.71501198876649,3000.7802734375,,,,,
1409,1,1409.0,0.0,32.0,32.0,0.2223434448242187,39.67817104421556,2465.03271484375,,,,,
1410,1,1410.0,0.0,32.0,32.0,0.1529946327209472,48.51227201288566,2852.0673828125,,,,,
1411,1,1411.0,0.0,32.0,32.0,0.1170158386230468,40.94877996249125,2563.3828125,,,,,
1412,1,1412.0,0.0,32.0,32.0,0.3639593124389648,38.64922502543777,2465.03271484375,,,,,
1413,1,1413.0,0.0,32.0,32.0,0.1406898498535156,41.29505797754973,2810.46826171875,,,,,
1414,1,1414.0,0.0,32.0,32.0,0.2200260162353515,42.5513630034402,2660.82958984375,,,,,
1415,1,1415.0,0.0,32.0,32.0,0.122873306274414,39.28411600645632,2477.59716796875,,,,,
1416,1,1416.0,0.0,32.0,32.0,0.1194267272949218,42.055019992403686,2687.3701171875,,,,,
1417,1,1417.0,0.0,32.0,32.0,0.1485505104064941,40.47697404166684,2465.03271484375,,,,,
1418,1,1418.0,0.0,32.0,32.0,0.219982624053955,37.374904030002654,2498.1083984375,,,,,
1419,1,1419.0,0.0,32.0,32.0,0.1497716903686523,41.775020014029,2687.3701171875,,,,,
1420,1,1420.0,0.0,32.0,32.0,0.3485035896301269,43.74489199835807,2533.17626953125,,,,,
1421,1,1421.0,0.0,32.0,32.0,0.5573511123657227,42.86106600193307,2696.84033203125,,,,,
1422,1,1422.0,0.0,32.0,32.0,0.1683950424194336,41.96651099482551,2563.3828125,,,,,
1423,1,1423.0,0.0,32.0,32.0,0.0578737258911132,40.96466704504565,2563.3828125,,,,,
1424,1,1424.0,0.0,32.0,32.0,0.056157112121582,47.85877803806216,2822.1865234375,,,,,
1425,1,1425.0,0.0,32.0,32.0,0.1955995559692382,35.9765489702113,2498.1083984375,,,,,
1426,1,1426.0,0.0,32.0,32.0,0.1687469482421875,41.77401098422706,2574.6875,,,,,
1427,1,1427.0,0.0,32.0,32.0,0.0509600639343261,38.22066995780915,2298.90478515625,,,,,
1428,1,1428.0,0.0,32.0,32.0,0.2645316123962402,39.53302901936695,2507.1259765625,,,,,
1429,1,1429.0,0.0,32.0,32.0,0.3559622764587402,39.07584701664746,2349.4912109375,,,,,
1430,1,1430.0,0.0,32.0,32.0,0.2457075119018554,44.68292597448453,2730.66845703125,,,,,
1431,1,1431.0,0.0,32.0,32.0,0.0428566932678222,45.15089601045474,2696.84033203125,,,,,
1432,1,1432.0,0.0,32.0,32.0,0.213749885559082,43.00153499934822,2655.02490234375,,,,,
1433,1,1433.0,0.0,32.0,32.0,0.3115520477294922,51.04487499920651,2946.62548828125,,,,,
1434,1,1434.0,0.0,32.0,32.0,0.1916618347167968,40.730201988480985,2563.3828125,,,,,
1435,1,1435.0,0.0,32.0,32.0,0.1369390487670898,38.95084100076929,2477.59716796875,,,,,
1436,1,1436.0,0.0,32.0,32.0,0.1420965194702148,42.070735013112426,2687.3701171875,,,,,
1437,1,1437.0,0.0,32.0,32.0,0.1138563156127929,36.47721203742549,2356.935546875,,,,,
1438,1,1438.0,0.0,32.0,32.0,0.2108230590820312,39.12586095975712,2498.1083984375,,,,,
1439,1,1439.0,0.0,32.0,32.0,0.2957229614257812,34.2446900322102,2213.51806640625,,,,,
1440,1,1440.0,0.0,32.0,32.0,0.2797803878784179,38.2314840098843,2498.1083984375,,,,,
1441,1,1441.0,0.0,32.0,32.0,0.3211755752563476,39.24015397205949,2498.1083984375,,,,,
1442,1,1442.0,0.0,32.0,32.0,0.3309335708618164,37.53099398454651,2398.12548828125,,,,,
1443,1,1443.0,0.0,32.0,32.0,0.1265220642089843,44.86802703468129,2761.908203125,,,,,
1444,1,1444.0,0.0,32.0,32.0,0.2186613082885742,41.69942694716156,2660.82958984375,,,,,
1445,1,1445.0,0.0,32.0,32.0,0.1491889953613281,41.44004202680662,2660.82958984375,,,,,
1446,1,1446.0,0.0,32.0,32.0,0.2370681762695312,38.584080000873655,2435.498046875,,,,,
1447,1,1447.0,0.0,32.0,32.0,0.3814773559570312,43.83945104200393,2730.66845703125,,,,,
1448,1,1448.0,0.0,32.0,32.0,0.3763618469238281,39.83996802708134,2465.03271484375,,,,,
1449,1,1449.0,0.0,32.0,32.0,0.2150239944458007,41.10382002545521,2563.3828125,,,,,
1450,1,1450.0,0.0,32.0,32.0,0.0665817260742187,34.17666896712035,2398.12548828125,,,,,
1451,1,1451.0,0.0,32.0,32.0,0.2617130279541015,40.933729032985866,2655.02490234375,,,,,
1452,1,1452.0,0.0,32.0,32.0,0.2848653793334961,40.15320504549891,2533.17626953125,,,,,
1453,1,1453.0,0.0,32.0,32.0,0.09735107421875,36.18478705175221,2249.71875,,,,,
1454,1,1454.0,0.0,32.0,32.0,0.1498079299926757,40.30550498282537,2655.02490234375,,,,,
1455,1,1455.0,0.0,32.0,32.0,0.3783693313598633,40.26113101281226,2543.56884765625,,,,,
1456,1,1456.0,0.0,32.0,32.0,0.361790657043457,39.471939962822944,2477.59716796875,,,,,
1457,1,1457.0,0.0,32.0,32.0,0.2403278350830078,39.34332402423024,2498.1083984375,,,,,
1458,1,1458.0,0.0,32.0,32.0,0.2130098342895507,43.58092398615554,2690.6982421875,,,,,
1459,1,1459.0,0.0,32.0,32.0,0.2470693588256836,51.7950439825654,2914.046875,,,,,
1460,1,1460.0,0.0,32.0,32.0,0.331491470336914,39.2824379960075,2477.59716796875,,,,,
1461,1,1461.0,0.0,32.0,32.0,0.2587795257568359,39.30982603924349,2498.1083984375,,,,,
1462,1,1462.0,0.0,32.0,32.0,0.309478759765625,38.2639390300028,2435.498046875,,,,,
1463,1,1463.0,0.0,32.0,32.0,0.4276752471923828,33.50707801291719,2398.12548828125,,,,,
1464,1,1464.0,0.0,32.0,32.0,0.1399879455566406,37.24994999356568,2398.12548828125,,,,,
1465,1,1465.0,0.0,32.0,32.0,0.2147450447082519,38.19264599587768,2435.498046875,,,,,
1466,1,1466.0,0.0,32.0,32.0,0.2770476341247558,44.45880500134081,2730.66845703125,,,,,
1467,1,1467.0,0.0,32.0,32.0,0.1014795303344726,39.83610001159832,2498.1083984375,,,,,
1468,1,1468.0,0.0,32.0,32.0,0.3745841979980469,39.07870303373784,2465.03271484375,,,,,
1469,1,1469.0,0.0,32.0,32.0,0.2069835662841797,40.31153698451817,2563.3828125,,,,,
1470,1,1470.0,0.0,32.0,32.0,0.0989913940429687,45.500698033720255,2754.88671875,,,,,
1471,1,1471.0,0.0,32.0,32.0,0.1224040985107421,39.15310697630048,2477.59716796875,,,,,
1472,1,1472.0,0.0,32.0,32.0,0.2212367057800293,38.26051997020841,2410.10546875,,,,,
1473,1,1473.0,0.0,32.0,32.0,0.4596481323242187,38.84682303760201,2507.1259765625,,,,,
1474,1,1474.0,0.0,32.0,32.0,0.1494503021240234,39.21068401541561,2507.1259765625,,,,,
1475,1,1475.0,0.0,32.0,32.0,0.2343721389770507,39.292058965656906,2349.4912109375,,,,,
1476,1,1476.0,0.0,32.0,32.0,0.1698250770568847,39.81783596100286,2696.84033203125,,,,,
1477,1,1477.0,0.0,32.0,32.0,0.4729056358337402,40.30179197434336,2543.56884765625,,,,,
1478,1,1478.0,0.0,32.0,32.0,0.2722706794738769,39.23120402032509,2465.03271484375,,,,,
1479,1,1479.0,0.0,32.0,32.0,0.2430815696716308,43.65606099599973,2690.6982421875,,,,,
1480,1,1480.0,0.0,32.0,32.0,0.3479428291320801,40.83974397508428,2356.935546875,,,,,
1481,1,1481.0,0.0,32.0,32.0,0.3001947402954101,39.39627396175638,2498.1083984375,,,,,
1482,1,1482.0,0.0,32.0,32.0,0.0301074981689453,44.01083302218467,2690.6982421875,,,,,
1483,1,1483.0,0.0,32.0,32.0,0.1913719177246093,46.50775197660551,2754.88671875,,,,,
1484,1,1484.0,0.0,32.0,32.0,0.4458694458007812,40.316950995475054,2533.17626953125,,,,,
1485,1,1485.0,0.0,32.0,32.0,0.3357758522033691,42.30609897058457,2687.3701171875,,,,,
1486,1,1486.0,0.0,32.0,32.0,0.1160483360290527,48.006812983658165,2852.0673828125,,,,,
1487,1,1487.0,0.0,32.0,32.0,0.2069735527038574,40.04175798036158,2507.1259765625,,,,,
1488,1,1488.0,0.0,32.0,32.0,0.3185944557189941,33.10679999412969,2498.1083984375,,,,,
1489,1,1489.0,0.0,32.0,32.0,0.1650910377502441,42.06988296937197,2660.82958984375,,,,,
1490,1,1490.0,0.0,32.0,32.0,0.1379642486572265,39.719629974570125,2498.1083984375,,,,,
1491,1,1491.0,0.0,32.0,32.0,0.2206859588623047,44.6280479663983,2730.66845703125,,,,,
1492,1,1492.0,0.0,32.0,32.0,0.1045379638671875,39.45517796091736,2410.10546875,,,,,
1493,1,1493.0,0.0,32.0,32.0,0.0431346893310546,42.40397404646501,2687.3701171875,,,,,
1494,1,1494.0,0.0,32.0,32.0,0.041457176208496,38.67502597859129,2410.10546875,,,,,
1495,1,1495.0,0.0,32.0,32.0,0.1282033920288086,38.34373003337532,2356.935546875,,,,,
1496,1,1496.0,0.0,32.0,32.0,0.1887569427490234,41.27654497278854,2655.02490234375,,,,,
1497,1,1497.0,0.0,32.0,32.0,0.2564277648925781,38.65568299079314,2315.2705078125,,,,,
1498,1,1498.0,0.0,32.0,32.0,0.2981061935424804,37.27411600993946,2398.12548828125,,,,,
1499,1,1499.0,0.0,32.0,32.0,0.2929725646972656,50.85085501195863,2956.64208984375,,,,,
1500,1,1500.0,0.0,32.0,32.0,0.1342716217041015,38.27715001534671,2398.12548828125,,,,,
1501,1,1501.0,0.0,32.0,32.0,0.2095041275024414,36.83747700415552,2687.3701171875,,,,,
1502,1,1502.0,0.0,32.0,32.0,0.3778333663940429,45.92781397514045,2790.72021484375,,,,,
1503,1,1503.0,0.0,32.0,32.0,0.2519369125366211,48.3336909674108,2822.1865234375,,,,,
1504,1,1504.0,0.0,32.0,32.0,0.2979860305786133,41.83014895534143,2660.82958984375,,,,,
1505,1,1505.0,0.0,32.0,32.0,0.1973958015441894,45.387500955257565,2761.908203125,,,,,
1506,1,1506.0,0.0,32.0,32.0,0.0961613655090332,51.12876498606056,2914.046875,,,,,
1507,1,1507.0,0.0,32.0,32.0,0.190134048461914,44.35652698157355,2690.6982421875,,,,,
1508,1,1508.0,0.0,32.0,32.0,0.0960121154785156,46.25307704554871,2790.72021484375,,,,,
1509,1,1509.0,0.0,32.0,32.0,0.2436232566833496,42.91808698326349,2660.82958984375,,,,,
1510,1,1510.0,0.0,32.0,32.0,0.308906078338623,39.71004899358377,2356.935546875,,,,,
1511,1,1511.0,0.0,32.0,32.0,0.1976385116577148,39.355898974463344,2498.1083984375,,,,,
1512,1,1512.0,0.0,32.0,32.0,0.0954890251159668,41.90567100886256,2655.02490234375,,,,,
1513,1,1513.0,0.0,32.0,32.0,0.2774534225463867,44.358996965456754,2822.1865234375,,,,,
1514,1,1514.0,0.0,32.0,32.0,0.2948951721191406,42.56588697899133,2687.3701171875,,,,,
1515,1,1515.0,0.0,32.0,32.0,0.1869354248046875,40.34758498892188,2543.56884765625,,,,,
1516,1,1516.0,0.0,32.0,32.0,0.2170381546020507,41.8689509970136,2655.02490234375,,,,,
1517,1,1517.0,0.0,32.0,32.0,0.1126871109008789,39.061828050762415,2477.59716796875,,,,,
1518,1,1518.0,0.0,32.0,32.0,0.1995258331298828,39.73200899781659,2543.56884765625,,,,,
1519,1,1519.0,0.0,32.0,32.0,0.155951976776123,48.52073296206072,2822.1865234375,,,,,
1520,1,1520.0,0.0,32.0,32.0,0.1120295524597168,39.84888701234013,2533.17626953125,,,,,
1521,1,1521.0,0.0,32.0,32.0,0.0666131973266601,37.79146500164643,2298.90478515625,,,,,
1522,1,1522.0,0.0,32.0,32.0,0.1005496978759765,41.04509099852294,2574.6875,,,,,
1523,1,1523.0,0.0,32.0,32.0,0.0845003128051757,39.85910303890705,2507.1259765625,,,,,
1524,1,1524.0,0.0,32.0,32.0,0.0803799629211425,44.5535610197112,2730.66845703125,,,,,
1525,1,1525.0,0.0,32.0,32.0,0.1083383560180664,35.42633500183001,2507.1259765625,,,,,
1526,1,1526.0,0.0,32.0,32.0,0.3671474456787109,38.78432500641793,2477.59716796875,,,,,
1527,1,1527.0,0.0,32.0,32.0,0.305410623550415,43.40017901267856,2690.6982421875,,,,,
1528,1,1528.0,0.0,32.0,32.0,0.1451950073242187,39.697978005278856,2477.59716796875,,,,,
1529,1,1529.0,0.0,32.0,32.0,0.2369546890258789,41.45076300483197,2574.6875,,,,,
1530,1,1530.0,0.0,32.0,32.0,0.0213003158569335,45.34308897564188,2754.88671875,,,,,
1531,1,1531.0,0.0,32.0,32.0,0.173898696899414,41.654594999272376,2563.3828125,,,,,
1532,1,1532.0,0.0,32.0,32.0,0.2786817550659179,45.504703011829406,2696.84033203125,,,,,
1533,1,1533.0,0.0,32.0,32.0,0.3945851325988769,39.99948501586914,2498.1083984375,,,,,
1534,1,1534.0,0.0,32.0,32.0,0.3291792869567871,39.56416004803032,2498.1083984375,,,,,
1535,1,1535.0,0.0,32.0,32.0,0.1015810966491699,39.47503300150856,2543.56884765625,,,,,
1536,1,1536.0,0.0,32.0,32.0,0.5594754219055176,41.813728981651366,2660.82958984375,,,,,
1537,1,1537.0,0.0,32.0,32.0,0.6779570579528809,42.38326800987125,2687.3701171875,,,,,
1538,1,1538.0,0.0,32.0,32.0,0.283109188079834,35.43861402431503,2533.17626953125,,,,,
1539,1,1539.0,0.0,32.0,32.0,0.0339393615722656,51.70702200848609,2965.60693359375,,,,,
1540,1,1540.0,0.0,32.0,32.0,0.4562129974365234,40.09855899494141,2477.59716796875,,,,,
1541,1,1541.0,0.0,32.0,32.0,0.5657453536987305,40.06329399999231,2498.1083984375,,,,,
1542,1,1542.0,0.0,32.0,32.0,0.1469583511352539,39.3307069898583,2477.59716796875,,,,,
1543,1,1543.0,0.0,32.0,32.0,0.1950254440307617,49.64375897543505,2888.2919921875,,,,,
1544,1,1544.0,0.0,32.0,32.0,0.3662405014038086,38.758368988055736,2477.59716796875,,,,,
1545,1,1545.0,0.0,32.0,32.0,0.1223287582397461,38.528849952854216,2498.1083984375,,,,,
1546,1,1546.0,0.0,32.0,32.0,0.0253639221191406,41.69441101839766,2655.02490234375,,,,,
1547,1,1547.0,0.0,32.0,32.0,0.1712017059326172,36.178486014250666,2273.755859375,,,,,
1548,1,1548.0,0.0,32.0,32.0,0.1881685256958007,38.25426194816828,2533.17626953125,,,,,
1549,1,1549.0,0.0,32.0,32.0,0.1281871795654297,39.50212901690975,2533.17626953125,,,,,
1550,1,1550.0,0.0,32.0,32.0,0.1546869277954101,41.96780599886552,2687.3701171875,,,,,
1551,1,1551.0,0.0,32.0,32.0,0.1027460098266601,36.18596302112565,2377.17919921875,,,,,
1552,1,1552.0,0.0,32.0,32.0,0.0934915542602539,39.41027395194397,2533.17626953125,,,,,
1553,1,1553.0,0.0,32.0,32.0,0.3306484222412109,41.83965199626982,2574.6875,,,,,
1554,1,1554.0,0.0,32.0,32.0,0.173558235168457,41.18614597246051,2563.3828125,,,,,
1555,1,1555.0,0.0,32.0,32.0,0.3663625717163086,39.13757600821555,2435.498046875,,,,,
1556,1,1556.0,0.0,32.0,32.0,0.0610065460205078,42.00427897740156,2687.3701171875,,,,,
1557,1,1557.0,0.0,32.0,32.0,0.1459836959838867,40.24360998300836,2507.1259765625,,,,,
1558,1,1558.0,0.0,32.0,32.0,0.1545791625976562,51.04861303698272,2946.62548828125,,,,,
1559,1,1559.0,0.0,32.0,32.0,0.0884113311767578,40.096073993481696,2543.56884765625,,,,,
1560,1,1560.0,0.0,32.0,32.0,0.4563484191894531,46.10769002465531,2810.46826171875,,,,,
1561,1,1561.0,0.0,32.0,32.0,0.0952625274658203,40.22938397247344,2349.4912109375,,,,,
1562,1,1562.0,0.0,32.0,32.0,0.1327676773071289,37.53386600874365,2398.12548828125,,,,,
1563,1,1563.0,0.0,32.0,32.0,0.2150602340698242,40.94449803233147,2574.6875,,,,,
1564,1,1564.0,0.0,32.0,32.0,0.3128013610839844,34.6197200124152,2435.498046875,,,,,
1565,1,1565.0,0.0,32.0,32.0,0.1365814208984375,39.36520603019744,2507.1259765625,,,,,
1566,1,1566.0,0.0,32.0,32.0,0.1582159996032714,48.24206803459674,2852.0673828125,,,,,
1567,1,1567.0,0.0,32.0,32.0,0.1696057319641113,38.98732399102301,2410.10546875,,,,,
1568,1,1568.0,0.0,32.0,32.0,0.1558823585510254,38.052722986321896,2410.10546875,,,,,
1569,1,1569.0,0.0,32.0,32.0,0.1846952438354492,45.669084996916354,2790.72021484375,,,,,
1570,1,1570.0,0.0,32.0,32.0,0.3595838546752929,46.34686902863905,2790.72021484375,,,,,
1571,1,1571.0,0.0,32.0,32.0,0.2545104026794433,38.39692298788577,2435.498046875,,,,,
1572,1,1572.0,0.0,32.0,32.0,0.0614113807678222,43.23123098583892,2696.84033203125,,,,,
1573,1,1573.0,0.0,32.0,32.0,0.2395119667053222,40.35680094966665,2507.1259765625,,,,,
1574,1,1574.0,0.0,32.0,32.0,0.2879443168640136,42.36506897723302,2687.3701171875,,,,,
1575,1,1575.0,0.0,32.0,32.0,0.286165714263916,44.36284099938348,2690.6982421875,,,,,
1576,1,1576.0,0.0,32.0,32.0,0.2185173034667968,40.995755000039935,2730.66845703125,,,,,
1577,1,1577.0,0.0,32.0,32.0,0.1742796897888183,39.078422996681184,2410.10546875,,,,,
1578,1,1578.0,0.0,32.0,32.0,0.1720132827758789,41.44995904061943,2660.82958984375,,,,,
1579,1,1579.0,0.0,32.0,32.0,0.1571664810180664,38.86072098976001,2465.03271484375,,,,,
1580,1,1580.0,0.0,32.0,32.0,0.1557178497314453,38.46236795652658,2315.2705078125,,,,,
1581,1,1581.0,0.0,32.0,32.0,0.1776647567749023,49.12904102820903,2876.80908203125,,,,,
1582,1,1582.0,0.0,32.0,32.0,0.1825747489929199,39.28018402075395,2349.4912109375,,,,,
1583,1,1583.0,0.0,32.0,32.0,0.2164340019226074,39.395505969878286,2507.1259765625,,,,,
1584,1,1584.0,0.0,32.0,32.0,0.3484606742858886,48.615292995236814,2852.0673828125,,,,,
1585,1,1585.0,0.0,32.0,32.0,0.4826793670654297,40.11012002592906,2477.59716796875,,,,,
1586,1,1586.0,0.0,32.0,32.0,0.2780208587646484,39.42260099574924,2465.03271484375,,,,,
1587,1,1587.0,0.0,32.0,32.0,0.134744644165039,41.86329199001193,2655.02490234375,,,,,
1588,1,1588.0,0.0,32.0,32.0,0.1376819610595703,41.88621503999457,2563.3828125,,,,,
1589,1,1589.0,0.0,32.0,32.0,0.0483474731445312,34.66950298752636,2533.17626953125,,,,,
1590,1,1590.0,0.0,32.0,32.0,0.1249933242797851,43.30410703551024,2690.6982421875,,,,,
1591,1,1591.0,0.0,32.0,32.0,0.1574039459228515,40.18968000309542,2533.17626953125,,,,,
1592,1,1592.0,0.0,32.0,32.0,0.2369561195373535,39.658388996031135,2507.1259765625,,,,,
1593,1,1593.0,0.0,32.0,32.0,0.0746946334838867,39.12276995833963,2507.1259765625,,,,,
1594,1,1594.0,0.0,32.0,32.0,0.1260924339294433,40.46856000786647,2563.3828125,,,,,
1595,1,1595.0,0.0,32.0,32.0,0.2449231147766113,41.56543198041618,2655.02490234375,,,,,
1596,1,1596.0,0.0,32.0,32.0,0.1753606796264648,41.19571199407801,2563.3828125,,,,,
1597,1,1597.0,0.0,32.0,32.0,0.2163434028625488,40.71159200975672,2563.3828125,,,,,
1598,1,1598.0,0.0,32.0,32.0,0.1204872131347656,44.03222299879417,2696.84033203125,,,,,
1599,1,1599.0,0.0,32.0,32.0,0.0707545280456543,46.13150900695473,2730.66845703125,,,,,
1600,1,1600.0,0.0,32.0,32.0,0.190615177154541,40.886919014155865,2543.56884765625,,,,,
1601,1,1601.0,0.0,32.0,32.0,0.1045150756835937,48.15926001174376,2822.1865234375,,,,,
1602,1,1602.0,0.0,32.0,32.0,0.3044500350952148,36.86949500115588,2574.6875,,,,,
1603,1,1603.0,0.0,32.0,32.0,0.1221141815185546,38.77235599793494,2465.03271484375,,,,,
1604,1,1604.0,0.0,32.0,32.0,0.1166939735412597,39.081079012248665,2356.935546875,,,,,
1605,1,1605.0,0.0,32.0,32.0,0.1243476867675781,38.454005029052496,2465.03271484375,,,,,
1606,1,1606.0,0.0,32.0,32.0,0.2319855690002441,39.87745498307049,2533.17626953125,,,,,
1607,1,1607.0,0.0,32.0,32.0,0.2742128372192383,39.25124602392316,2465.03271484375,,,,,
1608,1,1608.0,0.0,32.0,32.0,0.441411018371582,41.05177603196353,2377.17919921875,,,,,
1609,1,1609.0,0.0,32.0,32.0,0.2419342994689941,48.11492498265579,2852.0673828125,,,,,
1610,1,1610.0,0.0,32.0,32.0,0.0589599609375,39.62885000510141,2435.498046875,,,,,
1611,1,1611.0,0.0,32.0,32.0,0.0703496932983398,41.760687017813325,2574.6875,,,,,
1612,1,1612.0,0.0,32.0,32.0,0.1136050224304199,39.28028797963634,2477.59716796875,,,,,
1613,1,1613.0,0.0,32.0,32.0,0.3600897789001465,40.59451096691191,2563.3828125,,,,,
1614,1,1614.0,0.0,32.0,32.0,0.0793628692626953,41.48371098563075,2574.6875,,,,,
1615,1,1615.0,0.0,32.0,32.0,0.0430397987365722,34.92768795695156,2574.6875,,,,,
1616,1,1616.0,0.0,32.0,32.0,0.2127685546875,38.8814159668982,2498.1083984375,,,,,
1617,1,1617.0,0.0,32.0,32.0,0.1367468833923339,38.8865569839254,2507.1259765625,,,,,
1618,1,1618.0,0.0,32.0,32.0,0.397641658782959,45.60430796118453,2810.46826171875,,,,,
1619,1,1619.0,0.0,32.0,32.0,0.1082630157470703,39.80899997986853,2533.17626953125,,,,,
1620,1,1620.0,0.0,32.0,32.0,0.1316089630126953,38.315578014589846,2298.90478515625,,,,,
1621,1,1621.0,0.0,32.0,32.0,0.1755919456481933,41.31870705168694,2660.82958984375,,,,,
1622,1,1622.0,0.0,32.0,32.0,0.6580743789672852,42.20997402444482,2660.82958984375,,,,,
1623,1,1623.0,0.0,32.0,32.0,0.1262178421020507,39.805282023735344,2498.1083984375,,,,,
1624,1,1624.0,0.0,32.0,32.0,0.0507502555847168,38.34528999868781,2410.10546875,,,,,
1625,1,1625.0,0.0,32.0,32.0,0.3010616302490234,38.939256977755576,2349.4912109375,,,,,
1626,1,1626.0,0.0,32.0,32.0,0.4165620803833008,38.6231750017032,2477.59716796875,,,,,
1627,1,1627.0,0.0,32.0,32.0,0.2384281158447265,52.27850703522563,3023.82470703125,,,,,
1628,1,1628.0,0.0,32.0,32.0,0.2547101974487304,45.094267989043146,2852.0673828125,,,,,
1629,1,1629.0,0.0,32.0,32.0,0.3353729248046875,42.24617802537978,2660.82958984375,,,,,
1630,1,1630.0,0.0,32.0,32.0,0.1203970909118652,40.08983704261482,2543.56884765625,,,,,
1631,1,1631.0,0.0,32.0,32.0,0.2839064598083496,39.36262405477464,2465.03271484375,,,,,
1632,1,1632.0,0.0,32.0,32.0,0.1825814247131347,38.22279302403331,2398.12548828125,,,,,
1633,1,1633.0,0.0,32.0,32.0,0.1701793670654297,41.49519698694348,2660.82958984375,,,,,
1634,1,1634.0,0.0,32.0,32.0,0.3114910125732422,48.690625990275294,2822.1865234375,,,,,
1635,1,1635.0,0.0,32.0,32.0,0.2971696853637695,39.578887983225286,2477.59716796875,,,,,
1636,1,1636.0,0.0,32.0,32.0,0.225191593170166,39.73696200409904,2543.56884765625,,,,,
1637,1,1637.0,0.0,32.0,32.0,0.1855831146240234,45.09533295640722,2754.88671875,,,,,
1638,1,1638.0,0.0,32.0,32.0,0.2208824157714843,40.46228597871959,2377.17919921875,,,,,
1639,1,1639.0,0.0,32.0,32.0,0.319577693939209,38.20185200311244,2465.03271484375,,,,,
1640,1,1640.0,0.0,32.0,32.0,0.13177490234375,33.14049303298816,2435.498046875,,,,,
1641,1,1641.0,0.0,32.0,32.0,0.1065821647644043,39.75510300369933,2377.17919921875,,,,,
1642,1,1642.0,0.0,32.0,32.0,0.1014966964721679,37.336787034291774,2398.12548828125,,,,,
1643,1,1643.0,0.0,32.0,32.0,0.1132383346557617,35.237196017988026,2273.755859375,,,,,
1644,1,1644.0,0.0,32.0,32.0,0.1863884925842285,43.57992095174268,2730.66845703125,,,,,
1645,1,1645.0,0.0,32.0,32.0,0.242680549621582,40.668478002771735,2533.17626953125,,,,,
1646,1,1646.0,0.0,32.0,32.0,0.3600325584411621,38.68225001497194,2435.498046875,,,,,
1647,1,1647.0,0.0,32.0,32.0,0.3016514778137207,38.32825500285253,2410.10546875,,,,,
1648,1,1648.0,0.0,32.0,32.0,0.1781425476074218,41.87735100276768,2687.3701171875,,,,,
1649,1,1649.0,0.0,32.0,32.0,0.2799186706542969,44.301848975010216,2696.84033203125,,,,,
1650,1,1650.0,0.0,32.0,32.0,0.2967166900634765,39.3919839989394,2315.2705078125,,,,,
1651,1,1651.0,0.0,32.0,32.0,0.1515231132507324,41.3746580015868,2655.02490234375,,,,,
1652,1,1652.0,0.0,32.0,32.0,0.7158293724060059,39.80698902159929,2507.1259765625,,,,,
1653,1,1653.0,0.0,32.0,32.0,0.0436797142028808,29.820161988027397,2233.6396484375,,,,,
1654,1,1654.0,0.0,32.0,32.0,0.4311718940734863,40.60198599472642,2563.3828125,,,,,
1655,1,1655.0,0.0,32.0,32.0,0.2590293884277344,38.7973350007087,2465.03271484375,,,,,
1656,1,1656.0,0.0,32.0,32.0,0.1632881164550781,42.151918984018266,2655.02490234375,,,,,
1657,1,1657.0,0.0,32.0,32.0,0.0979156494140625,40.75328097678721,2563.3828125,,,,,
1658,1,1658.0,0.0,32.0,32.0,0.2755231857299804,39.8057010024786,2533.17626953125,,,,,
1659,1,1659.0,0.0,32.0,32.0,0.2465934753417968,40.243365976493806,2533.17626953125,,,,,
1660,1,1660.0,0.0,32.0,32.0,0.1186885833740234,39.59910396952182,2543.56884765625,,,,,
1661,1,1661.0,0.0,32.0,32.0,0.3578681945800781,39.29542796686292,2315.2705078125,,,,,
1662,1,1662.0,0.0,32.0,32.0,0.1265144348144531,40.07901198929176,2377.17919921875,,,,,
1663,1,1663.0,0.0,32.0,32.0,0.2952880859375,37.42735303239897,2398.12548828125,,,,,
1664,1,1664.0,0.0,32.0,32.0,0.1270294189453125,43.50371001055464,2730.66845703125,,,,,
1665,1,1665.0,0.0,32.0,32.0,0.2899398803710937,42.514247994404286,2660.82958984375,,,,,
1666,1,1666.0,0.0,32.0,32.0,0.2401103973388672,37.11397701408714,2660.82958984375,,,,,
1667,1,1667.0,0.0,32.0,32.0,0.3036918640136719,41.09765199245885,2563.3828125,,,,,
1668,1,1668.0,0.0,32.0,32.0,0.1085643768310546,39.20007904525846,2465.03271484375,,,,,
1669,1,1669.0,0.0,32.0,32.0,0.1437950134277343,40.89425801066682,2563.3828125,,,,,
1670,1,1670.0,0.0,32.0,32.0,0.3833026885986328,45.23521597729996,2754.88671875,,,,,
1671,1,1671.0,0.0,32.0,32.0,0.4081172943115234,40.2661960106343,2498.1083984375,,,,,
1672,1,1672.0,0.0,32.0,32.0,0.1158733367919921,39.976944972295314,2543.56884765625,,,,,
1673,1,1673.0,0.0,32.0,32.0,0.1389713287353515,42.26769600063562,2660.82958984375,,,,,
1674,1,1674.0,0.0,32.0,32.0,0.1995697021484375,40.43462802655995,2377.17919921875,,,,,
1675,1,1675.0,0.0,32.0,32.0,0.1426277160644531,45.267860987223685,2761.908203125,,,,,
1676,1,1676.0,0.0,32.0,32.0,0.2888870239257812,41.470232012216,2574.6875,,,,,
1677,1,1677.0,0.0,32.0,32.0,0.4196071624755859,44.70438999123871,2696.84033203125,,,,,
1678,1,1678.0,0.0,32.0,32.0,0.1337528228759765,34.841747023165226,2465.03271484375,,,,,
1679,1,1679.0,0.0,32.0,32.0,0.1155052185058593,40.52040999522433,2377.17919921875,,,,,
1680,1,1680.0,0.0,32.0,32.0,0.355234146118164,42.335378006100655,2687.3701171875,,,,,
1681,1,1681.0,0.0,32.0,32.0,0.1925516128540039,46.63835099199787,2754.88671875,,,,,
1682,1,1682.0,0.0,32.0,32.0,0.3149576187133789,39.18748698197305,2477.59716796875,,,,,
1683,1,1683.0,0.0,32.0,32.0,0.1889476776123047,42.189653031528,2687.3701171875,,,,,
1684,1,1684.0,0.0,32.0,32.0,0.4185771942138672,36.7036159732379,2273.755859375,,,,,
1685,1,1685.0,0.0,32.0,32.0,0.070261001586914,39.9435039726086,2563.3828125,,,,,
1686,1,1686.0,0.0,32.0,32.0,0.5198984146118164,40.94294697279111,2655.02490234375,,,,,
1687,1,1687.0,0.0,32.0,32.0,0.2471532821655273,38.50010997848585,2410.10546875,,,,,
1688,1,1688.0,0.0,32.0,32.0,0.0370140075683593,37.97156596556306,2435.498046875,,,,,
1689,1,1689.0,0.0,32.0,32.0,0.377695083618164,44.99035701155663,2761.908203125,,,,,
1690,1,1690.0,0.0,32.0,32.0,0.2761030197143554,48.03620302118361,2822.1865234375,,,,,
1691,1,1691.0,0.0,32.0,32.0,0.1437244415283203,38.46519801300019,2687.3701171875,,,,,
1692,1,1692.0,0.0,32.0,32.0,0.1365032196044922,39.4666789798066,2465.03271484375,,,,,
1693,1,1693.0,0.0,32.0,32.0,0.1164779663085937,45.896018971689045,2761.908203125,,,,,
1694,1,1694.0,0.0,32.0,32.0,0.1822223663330078,40.16924498137087,2507.1259765625,,,,,
1695,1,1695.0,0.0,32.0,32.0,0.3235530853271484,38.93415897618979,2465.03271484375,,,,,
1696,1,1696.0,0.0,32.0,32.0,0.1324806213378906,45.06455099908635,2761.908203125,,,,,
1697,1,1697.0,0.0,32.0,32.0,0.0777139663696289,39.70505797769874,2498.1083984375,,,,,
1698,1,1698.0,0.0,32.0,32.0,0.1207799911499023,49.8949849861674,2876.80908203125,,,,,
1699,1,1699.0,0.0,32.0,32.0,0.1895990371704101,38.77782804192975,2435.498046875,,,,,
1700,1,1700.0,0.0,32.0,32.0,0.0382423400878906,37.98782598460093,2398.12548828125,,,,,
1701,1,1701.0,0.0,32.0,32.0,0.1348609924316406,46.49358202004805,2810.46826171875,,,,,
1702,1,1702.0,0.0,32.0,32.0,0.1127490997314453,39.14214600808919,2435.498046875,,,,,
1703,1,1703.0,0.0,32.0,32.0,0.1698894500732422,33.07582903653383,2410.10546875,,,,,
1704,1,1704.0,0.0,32.0,32.0,0.0595917701721191,38.597479986492544,2356.935546875,,,,,
1705,1,1705.0,0.0,32.0,32.0,0.1456665992736816,39.85389898298308,2533.17626953125,,,,,
1706,1,1706.0,0.0,32.0,32.0,0.093174934387207,40.99083098117262,2563.3828125,,,,,
1707,1,1707.0,0.0,32.0,32.0,0.3034682273864746,47.86059004254639,2852.0673828125,,,,,
1708,1,1708.0,0.0,32.0,32.0,0.2273807525634765,39.151991019025445,2477.59716796875,,,,,
1709,1,1709.0,0.0,32.0,32.0,0.1737661361694336,38.36888901423663,2435.498046875,,,,,
1710,1,1710.0,0.0,32.0,32.0,0.2357740402221679,38.07958000106737,2477.59716796875,,,,,
1711,1,1711.0,0.0,32.0,32.0,0.1319198608398437,45.3052680240944,2754.88671875,,,,,
1712,1,1712.0,0.0,32.0,32.0,0.3672375679016113,38.75579102896154,2435.498046875,,,,,
1713,1,1713.0,0.0,32.0,32.0,0.0409512519836425,43.6736429692246,2690.6982421875,,,,,
1714,1,1714.0,0.0,32.0,32.0,0.0342926979064941,39.97990000061691,2465.03271484375,,,,,
1715,1,1715.0,0.0,32.0,32.0,0.1984939575195312,50.02868501469493,2888.2919921875,,,,,
1716,1,1716.0,0.0,32.0,32.0,0.0868701934814453,36.97203000774607,2655.02490234375,,,,,
1717,1,1717.0,0.0,32.0,32.0,0.1408853530883789,41.80381400510669,2660.82958984375,,,,,
1718,1,1718.0,0.0,32.0,32.0,0.2483558654785156,40.12537398375571,2543.56884765625,,,,,
1719,1,1719.0,0.0,32.0,32.0,0.1928687095642089,39.59317598491907,2498.1083984375,,,,,
1720,1,1720.0,0.0,32.0,32.0,0.3820366859436035,39.54814397729933,2543.56884765625,,,,,
1721,1,1721.0,0.0,32.0,32.0,0.1542129516601562,41.17270198184997,2563.3828125,,,,,
1722,1,1722.0,0.0,32.0,32.0,0.1663680076599121,39.951809972990304,2507.1259765625,,,,,
1723,1,1723.0,0.0,32.0,32.0,0.0758590698242187,41.57432995270938,2574.6875,,,,,
1724,1,1724.0,0.0,32.0,32.0,0.2305798530578613,48.95817302167416,2852.0673828125,,,,,
1725,1,1725.0,0.0,32.0,32.0,0.2003698348999023,53.05367801338434,3000.7802734375,,,,,
1726,1,1726.0,0.0,32.0,32.0,0.4021682739257812,40.08059197803959,2543.56884765625,,,,,
1727,1,1727.0,0.0,32.0,32.0,0.0812759399414062,42.06522600725293,2655.02490234375,,,,,
1728,1,1728.0,0.0,32.0,32.0,0.336677074432373,30.102398013696074,2273.755859375,,,,,
1729,1,1729.0,0.0,32.0,32.0,0.1667885780334472,38.00669696647674,2465.03271484375,,,,,
1730,1,1730.0,0.0,32.0,32.0,0.1923027038574218,44.77043799124658,2754.88671875,,,,,
1731,1,1731.0,0.0,32.0,32.0,0.1276874542236328,45.93102500075474,2754.88671875,,,,,
1732,1,1732.0,0.0,32.0,32.0,0.097015380859375,39.82133598765358,2356.935546875,,,,,
1733,1,1733.0,0.0,32.0,32.0,0.2776632308959961,37.43448702152818,2398.12548828125,,,,,
1734,1,1734.0,0.0,32.0,32.0,0.3843250274658203,48.30531502375379,2876.80908203125,,,,,
1735,1,1735.0,0.0,32.0,32.0,0.0437960624694824,49.195992993190885,2876.80908203125,,,,,
1736,1,1736.0,0.0,32.0,32.0,0.1637749671936035,43.140541994944215,2687.3701171875,,,,,
1737,1,1737.0,0.0,32.0,32.0,0.1020197868347168,41.16416198667139,2543.56884765625,,,,,
1738,1,1738.0,0.0,32.0,32.0,0.0882391929626464,43.927192979026586,2690.6982421875,,,,,
1739,1,1739.0,0.0,32.0,32.0,0.2669754028320312,45.74253299506381,2761.908203125,,,,,
1740,1,1740.0,0.0,32.0,32.0,0.2342190742492675,43.75522496411577,2876.80908203125,,,,,
1741,1,1741.0,0.0,32.0,32.0,0.1542844772338867,39.39912602072582,2507.1259765625,,,,,
1742,1,1742.0,0.0,32.0,32.0,0.202303409576416,41.621791024226695,2660.82958984375,,,,,
1743,1,1743.0,0.0,32.0,32.0,0.1911902427673339,41.90313600702211,2660.82958984375,,,,,
1744,1,1744.0,0.0,32.0,32.0,0.1468148231506347,39.87517801579088,2498.1083984375,,,,,
1745,1,1745.0,0.0,32.0,32.0,0.3394203186035156,39.04568200232461,2315.2705078125,,,,,
1746,1,1746.0,0.0,32.0,32.0,0.100503921508789,39.07914605224505,2498.1083984375,,,,,
1747,1,1747.0,0.0,32.0,32.0,0.3470487594604492,39.74812797969207,2356.935546875,,,,,
1748,1,1748.0,0.0,32.0,32.0,0.0292901992797851,38.62096200464293,2435.498046875,,,,,
1749,1,1749.0,0.0,32.0,32.0,0.1553940773010254,39.33761501684785,2498.1083984375,,,,,
1750,1,1750.0,0.0,32.0,32.0,0.4484672546386719,38.48460601875559,2410.10546875,,,,,
1751,1,1751.0,0.0,32.0,32.0,0.1505084037780761,41.62114899372682,2687.3701171875,,,,,
1752,1,1752.0,0.0,32.0,32.0,0.3490223884582519,50.51230697426945,2876.80908203125,,,,,
1753,1,1753.0,0.0,32.0,32.0,0.1240577697753906,33.70377700775862,2315.2705078125,,,,,
1754,1,1754.0,0.0,32.0,32.0,0.2569494247436523,40.700559969991446,2563.3828125,,,,,
1755,1,1755.0,0.0,32.0,32.0,0.5167407989501953,39.00668799178675,2465.03271484375,,,,,
1756,1,1756.0,0.0,32.0,32.0,0.3361258506774902,45.06581200985238,2754.88671875,,,,,
1757,1,1757.0,0.0,32.0,32.0,0.339932918548584,41.53380997013301,2563.3828125,,,,,
1758,1,1758.0,0.0,32.0,32.0,0.101722240447998,46.06238199630752,2810.46826171875,,,,,
1759,1,1759.0,0.0,32.0,32.0,0.0566072463989257,40.1643380173482,2533.17626953125,,,,,
1760,1,1760.0,0.0,32.0,32.0,0.0685362815856933,44.121985032688826,2690.6982421875,,,,,
1761,1,1761.0,0.0,32.0,32.0,0.3770332336425781,40.02847196534276,2477.59716796875,,,,,
1762,1,1762.0,0.0,32.0,32.0,0.1244268417358398,44.41575799137354,2690.6982421875,,,,,
1763,1,1763.0,0.0,32.0,32.0,0.1226959228515625,40.4529960360378,2507.1259765625,,,,,
1764,1,1764.0,0.0,32.0,32.0,0.3029022216796875,39.66270497767255,2356.935546875,,,,,
1765,1,1765.0,0.0,32.0,32.0,0.2661094665527344,44.91620499175042,2730.66845703125,,,,,
1766,1,1766.0,0.0,32.0,32.0,0.2181963920593261,41.71995498472825,2810.46826171875,,,,,
1767,1,1767.0,0.0,32.0,32.0,0.6386194229125977,45.91132700443268,2761.908203125,,,,,
1768,1,1768.0,0.0,32.0,32.0,0.2952256202697754,39.21336901839823,2435.498046875,,,,,
1769,1,1769.0,0.0,32.0,32.0,0.1126327514648437,42.69366001244634,2687.3701171875,,,,,
1770,1,1770.0,0.0,32.0,32.0,0.1942396163940429,52.06262198043987,2978.1904296875,,,,,
1771,1,1771.0,0.0,32.0,32.0,0.3086366653442383,40.26810999494046,2543.56884765625,,,,,
1772,1,1772.0,0.0,32.0,32.0,0.3217554092407226,39.09142600605264,2465.03271484375,,,,,
1773,1,1773.0,0.0,32.0,32.0,0.195195198059082,41.58986400580034,2660.82958984375,,,,,
1774,1,1774.0,0.0,32.0,32.0,0.301462173461914,38.947177992668,2435.498046875,,,,,
1775,1,1775.0,0.0,32.0,32.0,0.1954784393310547,46.06622300343588,2574.6875,,,,,
1776,1,1776.0,0.0,32.0,32.0,0.1963472366333007,40.92831799061969,2660.82958984375,,,,,
1777,1,1777.0,0.0,32.0,32.0,0.2110004425048828,42.33778698835522,2660.82958984375,,,,,
1778,1,1778.0,0.0,32.0,32.0,0.2271003723144531,42.77745098806918,2822.1865234375,,,,,
1779,1,1779.0,0.0,32.0,32.0,0.1212835311889648,39.70758599461988,2356.935546875,,,,,
1780,1,1780.0,0.0,32.0,32.0,0.1795911788940429,38.116451003588736,2435.498046875,,,,,
1781,1,1781.0,0.0,32.0,32.0,0.204075813293457,38.35850401083008,2477.59716796875,,,,,
1782,1,1782.0,0.0,32.0,32.0,0.261819839477539,39.747425995301455,2543.56884765625,,,,,
1783,1,1783.0,0.0,32.0,32.0,0.255620002746582,39.2891259980388,2477.59716796875,,,,,
1784,1,1784.0,0.0,32.0,32.0,0.2018823623657226,39.77158199995756,2507.1259765625,,,,,
1785,1,1785.0,0.0,32.0,32.0,0.207427978515625,41.42199899069965,2563.3828125,,,,,
1786,1,1786.0,0.0,32.0,32.0,0.1848382949829101,42.27587400237098,2660.82958984375,,,,,
1787,1,1787.0,0.0,32.0,32.0,0.2778501510620117,38.7413430144079,2410.10546875,,,,,
1788,1,1788.0,0.0,32.0,32.0,0.106760025024414,40.416744945105165,2563.3828125,,,,,
1789,1,1789.0,0.0,32.0,32.0,0.1865167617797851,35.348022007383406,2249.71875,,,,,
1790,1,1790.0,0.0,32.0,32.0,0.2517662048339844,37.666301999706775,2298.90478515625,,,,,
1791,1,1791.0,0.0,32.0,32.0,0.3408775329589844,44.35263102641329,2888.2919921875,,,,,
1792,1,1792.0,0.0,32.0,32.0,0.1350479125976562,39.06977997394279,2435.498046875,,,,,
1793,1,1793.0,0.0,32.0,32.0,0.1403436660766601,45.43846898013726,2790.72021484375,,,,,
1794,1,1794.0,0.0,32.0,32.0,0.0736398696899414,40.59380502440035,2533.17626953125,,,,,
1795,1,1795.0,0.0,32.0,32.0,0.2678966522216797,44.661341002210975,2696.84033203125,,,,,
1796,1,1796.0,0.0,32.0,32.0,0.1139593124389648,52.7258210349828,3000.7802734375,,,,,
1797,1,1797.0,0.0,32.0,32.0,0.1522493362426757,46.79212195333093,2761.908203125,,,,,
1798,1,1798.0,0.0,32.0,32.0,0.2113046646118164,41.898263967596,2574.6875,,,,,
1799,1,1799.0,0.0,32.0,32.0,0.4729852676391601,41.31326999049634,2655.02490234375,,,,,
1800,1,1800.0,0.0,32.0,32.0,0.6439790725708008,39.48535298695788,2498.1083984375,,,,,
1801,1,1801.0,0.0,32.0,32.0,0.1686067581176757,43.79489505663514,2730.66845703125,,,,,
1802,1,1802.0,0.0,32.0,32.0,0.0997276306152343,40.46712600393221,2349.4912109375,,,,,
1803,1,1803.0,0.0,32.0,32.0,0.2405815124511718,36.57586401095614,2660.82958984375,,,,,
1804,1,1804.0,0.0,32.0,32.0,0.1183900833129882,45.89801700785756,2761.908203125,,,,,
1805,1,1805.0,0.0,32.0,32.0,0.4688282012939453,41.955867025535554,2574.6875,,,,,
1806,1,1806.0,0.0,32.0,32.0,0.3042945861816406,45.75270600616932,2810.46826171875,,,,,
1807,1,1807.0,0.0,32.0,32.0,0.0657501220703125,39.7424740367569,2349.4912109375,,,,,
1808,1,1808.0,0.0,32.0,32.0,0.218658447265625,43.62961900187656,2696.84033203125,,,,,
1809,1,1809.0,0.0,32.0,32.0,0.1919202804565429,47.28632199112326,2810.46826171875,,,,,
1810,1,1810.0,0.0,32.0,32.0,0.2119207382202148,52.39384202286601,2965.60693359375,,,,,
1811,1,1811.0,0.0,32.0,32.0,0.1435060501098632,39.550426008645445,2477.59716796875,,,,,
1812,1,1812.0,0.0,32.0,32.0,0.3558416366577148,40.08090600837022,2533.17626953125,,,,,
1813,1,1813.0,0.0,32.0,32.0,0.1457052230834961,47.00420895824209,2810.46826171875,,,,,
1814,1,1814.0,0.0,32.0,32.0,0.1704845428466797,44.53697399003431,2690.6982421875,,,,,
1815,1,1815.0,0.0,32.0,32.0,0.0640382766723632,37.289272993803024,2660.82958984375,,,,,
1816,1,1816.0,0.0,32.0,32.0,0.2328481674194336,38.72905200114474,2435.498046875,,,,,
1817,1,1817.0,0.0,32.0,32.0,0.2269754409790039,37.919722963124514,2435.498046875,,,,,
1818,1,1818.0,0.0,32.0,32.0,0.418649673461914,42.17289900407195,2687.3701171875,,,,,
1819,1,1819.0,0.0,32.0,32.0,0.0722179412841796,39.09208899131045,2410.10546875,,,,,
1820,1,1820.0,0.0,32.0,32.0,0.1612749099731445,44.65195001102984,2754.88671875,,,,,
1821,1,1821.0,0.0,32.0,32.0,0.3903264999389648,40.44241103110835,2543.56884765625,,,,,
1822,1,1822.0,0.0,32.0,32.0,0.1418075561523437,39.63141603162512,2498.1083984375,,,,,
1823,1,1823.0,0.0,32.0,32.0,0.0867395401000976,44.47517200605944,2730.66845703125,,,,,
1824,1,1824.0,0.0,32.0,32.0,0.1412768363952636,45.721772010438144,2696.84033203125,,,,,
1825,1,1825.0,0.0,32.0,32.0,0.4479618072509765,39.7600150317885,2315.2705078125,,,,,
1826,1,1826.0,0.0,32.0,32.0,0.1723575592041015,39.50942901428789,2543.56884765625,,,,,
1827,1,1827.0,0.0,32.0,32.0,0.1263074874877929,40.53346900036559,2563.3828125,,,,,
1828,1,1828.0,0.0,32.0,32.0,0.2097172737121582,34.27059098612517,2507.1259765625,,,,,
1829,1,1829.0,0.0,32.0,32.0,0.0910263061523437,48.95855399081484,2888.2919921875,,,,,
1830,1,1830.0,0.0,32.0,32.0,0.2237939834594726,41.63481103023514,2574.6875,,,,,
1831,1,1831.0,0.0,32.0,32.0,0.257634162902832,39.67707295669243,2498.1083984375,,,,,
1832,1,1832.0,0.0,32.0,32.0,0.1183624267578125,40.39030900457874,2356.935546875,,,,,
1833,1,1833.0,0.0,32.0,32.0,0.1479358673095703,41.04559903498739,2563.3828125,,,,,
1834,1,1834.0,0.0,32.0,32.0,0.1442189216613769,39.230182010214776,2465.03271484375,,,,,
1835,1,1835.0,0.0,32.0,32.0,0.1943941116333007,40.91858299216256,2563.3828125,,,,,
1836,1,1836.0,0.0,32.0,32.0,0.2073640823364257,47.2201089723967,2810.46826171875,,,,,
1837,1,1837.0,0.0,32.0,32.0,0.1798906326293945,42.4633439979516,2655.02490234375,,,,,
1838,1,1838.0,0.0,32.0,32.0,0.4288969039916992,44.39926199847832,2730.66845703125,,,,,
1839,1,1839.0,0.0,32.0,32.0,0.0695037841796875,46.223850979004055,2754.88671875,,,,,
1840,1,1840.0,0.0,32.0,32.0,0.2853403091430664,34.03129702201113,2477.59716796875,,,,,
1841,1,1841.0,0.0,32.0,32.0,0.0399856567382812,38.58971100999042,2410.10546875,,,,,
1842,1,1842.0,0.0,32.0,32.0,0.1333217620849609,39.40004599280656,2507.1259765625,,,,,
1843,1,1843.0,0.0,32.0,32.0,0.2895622253417969,38.43525401316583,2410.10546875,,,,,
1844,1,1844.0,0.0,32.0,32.0,0.4355354309082031,39.78009300772101,2377.17919921875,,,,,
1845,1,1845.0,0.0,32.0,32.0,0.26300048828125,38.89034996973351,2465.03271484375,,,,,
1846,1,1846.0,0.0,32.0,32.0,0.386810302734375,40.07761302636936,2377.17919921875,,,,,
1847,1,1847.0,0.0,32.0,32.0,0.4440994262695312,41.40831000404432,2655.02490234375,,,,,
1848,1,1848.0,0.0,32.0,32.0,0.2053070068359375,38.104212959297,2398.12548828125,,,,,
1849,1,1849.0,0.0,32.0,32.0,0.2197265625,35.95712600508705,2273.755859375,,,,,
1850,1,1850.0,0.0,32.0,32.0,0.1757469177246093,38.769331004004925,2377.17919921875,,,,,
1851,1,1851.0,0.0,32.0,32.0,0.2049751281738281,39.23592303181067,2543.56884765625,,,,,
1852,1,1852.0,0.0,32.0,32.0,0.1752243041992187,39.15264899842441,2465.03271484375,,,,,
1853,1,1853.0,0.0,32.0,32.0,0.2470893859863281,33.46662997500971,2477.59716796875,,,,,
1854,1,1854.0,0.0,32.0,32.0,0.3205833435058594,38.35869097383693,2410.10546875,,,,,
1855,1,1855.0,0.0,32.0,32.0,0.2406120300292968,39.544555998872966,2533.17626953125,,,,,
1856,1,1856.0,0.0,32.0,32.0,0.2648277282714844,40.00231699319557,2543.56884765625,,,,,
1857,1,1857.0,0.0,32.0,32.0,0.2836265563964844,41.294110007584095,2563.3828125,,,,,
1858,1,1858.0,0.0,32.0,32.0,0.230255126953125,39.42247002851218,2465.03271484375,,,,,
1859,1,1859.0,0.0,32.0,32.0,0.2904052734375,42.63834998710081,2687.3701171875,,,,,
1860,1,1860.0,0.0,32.0,32.0,0.3264350891113281,42.8554349928163,2655.02490234375,,,,,
1861,1,1861.0,0.0,32.0,32.0,0.1786231994628906,45.914576039649546,2790.72021484375,,,,,
1862,1,1862.0,0.0,32.0,32.0,0.3924789428710937,40.77295900788158,2533.17626953125,,,,,
1863,1,1863.0,0.0,32.0,32.0,0.1710853576660156,39.86651002196595,2498.1083984375,,,,,
1864,1,1864.0,0.0,32.0,32.0,0.2914581298828125,41.642145020887256,2574.6875,,,,,
1865,1,1865.0,0.0,32.0,32.0,0.224700927734375,40.67900305381045,2563.3828125,,,,,
1866,1,1866.0,0.0,32.0,32.0,0.204620361328125,36.98648599674925,2696.84033203125,,,,,
1867,1,1867.0,0.0,32.0,32.0,0.1809959411621093,38.50298997713253,2398.12548828125,,,,,
1868,1,1868.0,0.0,32.0,32.0,0.148406982421875,43.16739900968969,2690.6982421875,,,,,
1869,1,1869.0,0.0,32.0,32.0,0.1793098449707031,45.44423101469874,2696.84033203125,,,,,
1870,1,1870.0,0.0,32.0,32.0,0.298828125,45.63946800772101,2690.6982421875,,,,,
1871,1,1871.0,0.0,32.0,32.0,0.2252655029296875,41.79765598382801,2563.3828125,,,,,
1872,1,1872.0,0.0,32.0,32.0,0.2255191802978515,39.44891499122605,2356.935546875,,,,,
1873,1,1873.0,0.0,32.0,32.0,0.1604423522949218,47.16879199258983,2822.1865234375,,,,,
1874,1,1874.0,0.0,32.0,32.0,0.0602397918701171,44.3412009626627,2730.66845703125,,,,,
1875,1,1875.0,0.0,32.0,32.0,0.0703182220458984,35.895255976356566,2273.755859375,,,,,
1876,1,1876.0,0.0,32.0,32.0,0.4067239761352539,44.056077022105455,2730.66845703125,,,,,
1877,1,1877.0,0.0,32.0,32.0,0.0748558044433593,40.27305799536407,2498.1083984375,,,,,
1878,1,1878.0,0.0,32.0,32.0,0.6018209457397461,41.14038503030315,2790.72021484375,,,,,
1879,1,1879.0,0.0,32.0,32.0,0.0855932235717773,45.55585904745385,2754.88671875,,,,,
1880,1,1880.0,0.0,32.0,32.0,0.0628719329833984,38.86110702296719,2435.498046875,,,,,
1881,1,1881.0,0.0,32.0,32.0,0.2914943695068359,40.91394698480144,2574.6875,,,,,
1882,1,1882.0,0.0,32.0,32.0,0.3064832687377929,39.71219598315656,2356.935546875,,,,,
1883,1,1883.0,0.0,32.0,32.0,0.323007583618164,41.50805599056184,2574.6875,,,,,
1884,1,1884.0,0.0,32.0,32.0,0.2797880172729492,44.85226102406159,2696.84033203125,,,,,
1885,1,1885.0,0.0,32.0,32.0,0.0220184326171875,41.57076100818813,2533.17626953125,,,,,
1886,1,1886.0,0.0,32.0,32.0,0.1761999130249023,47.1677880268544,2810.46826171875,,,,,
1887,1,1887.0,0.0,32.0,32.0,0.2802104949951172,48.61875099595636,2822.1865234375,,,,,
1888,1,1888.0,0.0,32.0,32.0,0.2780957221984863,45.35366297932342,2754.88671875,,,,,
1889,1,1889.0,0.0,32.0,32.0,0.0760474205017089,41.75009502796456,2655.02490234375,,,,,
1890,1,1890.0,0.0,32.0,32.0,0.1221880912780761,34.26574403420091,2543.56884765625,,,,,
1891,1,1891.0,0.0,32.0,32.0,0.090282917022705,38.79104496445507,2465.03271484375,,,,,
1892,1,1892.0,0.0,32.0,32.0,0.3266596794128418,44.4924880284816,2696.84033203125,,,,,
1893,1,1893.0,0.0,32.0,32.0,0.1130690574645996,40.00467999139801,2349.4912109375,,,,,
1894,1,1894.0,0.0,32.0,32.0,0.299285888671875,43.87756698997691,2696.84033203125,,,,,
1895,1,1895.0,0.0,32.0,32.0,0.2571439743041992,39.32961297687143,2435.498046875,,,,,
1896,1,1896.0,0.0,32.0,32.0,0.3167371749877929,41.25602002022788,2574.6875,,,,,
1897,1,1897.0,0.0,32.0,32.0,0.191561222076416,38.16486103460193,2298.90478515625,,,,,
1898,1,1898.0,0.0,32.0,32.0,0.4776954650878906,43.745158007368445,2730.66845703125,,,,,
1899,1,1899.0,0.0,32.0,32.0,0.1810364723205566,41.426133015193045,2533.17626953125,,,,,
1900,1,1900.0,0.0,32.0,32.0,0.1489114761352539,45.938930998090655,2761.908203125,,,,,
1901,1,1901.0,0.0,32.0,32.0,0.1098833084106445,44.918489002157,2730.66845703125,,,,,
1902,1,1902.0,0.0,32.0,32.0,0.1253471374511718,40.03876901697368,2507.1259765625,,,,,
1903,1,1903.0,0.0,32.0,32.0,0.4174814224243164,29.812366992700845,2273.755859375,,,,,
1904,1,1904.0,0.0,32.0,32.0,0.1403036117553711,45.342312019784,2790.72021484375,,,,,
1905,1,1905.0,0.0,32.0,32.0,0.31341552734375,38.83659699931741,2435.498046875,,,,,
1906,1,1906.0,0.0,32.0,32.0,0.1418237686157226,39.62183196563274,2533.17626953125,,,,,
1907,1,1907.0,0.0,32.0,32.0,0.1874427795410156,39.78456405457109,2498.1083984375,,,,,
1908,1,1908.0,0.0,32.0,32.0,0.2520828247070312,39.34815200045705,2477.59716796875,,,,,
1909,1,1909.0,0.0,32.0,32.0,0.2164831161499023,40.805586031638086,2377.17919921875,,,,,
1910,1,1910.0,0.0,32.0,32.0,0.234527587890625,38.77551696496084,2315.2705078125,,,,,
1911,1,1911.0,0.0,32.0,32.0,0.117462158203125,38.6609309935011,2465.03271484375,,,,,
1912,1,1912.0,0.0,32.0,32.0,0.3724021911621094,39.83500297181308,2533.17626953125,,,,,
1913,1,1913.0,0.0,32.0,32.0,0.2518348693847656,49.665828992147,2876.80908203125,,,,,
1914,1,1914.0,0.0,32.0,32.0,0.1869564056396484,42.987601016648114,2660.82958984375,,,,,
1915,1,1915.0,0.0,32.0,32.0,0.0878829956054687,48.16502198809758,2822.1865234375,,,,,
1916,1,1916.0,0.0,32.0,32.0,0.2423896789550781,45.85708200465888,2956.64208984375,,,,,
1917,1,1917.0,0.0,32.0,32.0,0.2139739990234375,39.79987697675824,2356.935546875,,,,,
1918,1,1918.0,0.0,32.0,32.0,0.2002506256103515,39.88423600094393,2507.1259765625,,,,,
1919,1,1919.0,0.0,32.0,32.0,0.2469749450683593,38.76129002310336,2435.498046875,,,,,
1920,1,1920.0,0.0,32.0,32.0,0.3348655700683594,40.77783197863028,2563.3828125,,,,,
1921,1,1921.0,0.0,32.0,32.0,0.2996501922607422,38.60013099620119,2410.10546875,,,,,
1922,1,1922.0,0.0,32.0,32.0,0.214426040649414,51.78661097306758,3000.7802734375,,,,,
1923,1,1923.0,0.0,32.0,32.0,0.0435695648193359,44.49007904622704,2690.6982421875,,,,,
1924,1,1924.0,0.0,32.0,32.0,0.1587638854980468,39.61898700799793,2477.59716796875,,,,,
1925,1,1925.0,0.0,32.0,32.0,0.1081981658935546,34.31433899095282,2233.6396484375,,,,,
1926,1,1926.0,0.0,32.0,32.0,0.0316963195800781,38.40343502815813,2498.1083984375,,,,,
1927,1,1927.0,0.0,32.0,32.0,0.2914009094238281,42.78711997903884,2690.6982421875,,,,,
1928,1,1928.0,0.0,32.0,32.0,0.3687620162963867,40.08027695817873,2465.03271484375,,,,,
1929,1,1929.0,0.0,32.0,32.0,0.1862845420837402,40.24620598647744,2761.908203125,,,,,
1930,1,1930.0,0.0,32.0,32.0,0.2901897430419922,40.81810900242999,2533.17626953125,,,,,
1931,1,1931.0,0.0,32.0,32.0,0.2236571311950683,45.57594802463427,2730.66845703125,,,,,
1932,1,1932.0,0.0,32.0,32.0,0.00877046585083,42.37839102279395,2574.6875,,,,,
1933,1,1933.0,0.0,32.0,32.0,0.3382081985473633,43.87838300317526,2730.66845703125,,,,,
1934,1,1934.0,0.0,32.0,32.0,0.4910478591918945,42.93223901186138,2660.82958984375,,,,,
1935,1,1935.0,0.0,32.0,32.0,0.3529314994812011,38.77261700108647,2410.10546875,,,,,
1936,1,1936.0,0.0,32.0,32.0,0.2160873413085937,39.950621023308486,2377.17919921875,,,,,
1937,1,1937.0,0.0,32.0,32.0,0.1677179336547851,38.58026000671089,2465.03271484375,,,,,
1938,1,1938.0,0.0,32.0,32.0,0.5200624465942383,38.47344103269279,2410.10546875,,,,,
1939,1,1939.0,0.0,32.0,32.0,0.3232560157775879,49.32864400325343,2888.2919921875,,,,,
1940,1,1940.0,0.0,32.0,32.0,0.3724217414855957,39.633627980947495,2465.03271484375,,,,,
1941,1,1941.0,0.0,32.0,32.0,0.2045869827270507,38.48841303260997,2730.66845703125,,,,,
1942,1,1942.0,0.0,32.0,32.0,0.043581485748291,39.412409998476505,2315.2705078125,,,,,
1943,1,1943.0,0.0,32.0,32.0,0.256906509399414,38.58613700140268,2465.03271484375,,,,,
1944,1,1944.0,0.0,32.0,32.0,0.1515769958496093,38.29045599559322,2410.10546875,,,,,
1945,1,1945.0,0.0,32.0,32.0,0.2260680198669433,38.78338501090184,2498.1083984375,,,,,
1946,1,1946.0,0.0,32.0,32.0,0.0343260765075683,38.77121297409758,2465.03271484375,,,,,
1947,1,1947.0,0.0,32.0,32.0,0.2296895980834961,39.6647080196999,2498.1083984375,,,,,
1948,1,1948.0,0.0,32.0,32.0,0.3151764869689941,42.24260902265087,2687.3701171875,,,,,
1949,1,1949.0,0.0,32.0,32.0,0.0865263938903808,39.45386200211942,2543.56884765625,,,,,
1950,1,1950.0,0.0,32.0,32.0,0.1180810928344726,44.21441798331216,2563.3828125,,,,,
1951,1,1951.0,0.0,32.0,32.0,0.2149696350097656,40.67047400167212,2655.02490234375,,,,,
1952,1,1952.0,0.0,32.0,32.0,0.1066079139709472,42.05547401215881,2655.02490234375,,,,,
1953,1,1953.0,0.0,32.0,32.0,0.2753152847290039,40.114422037731856,2349.4912109375,,,,,
1954,1,1954.0,0.0,32.0,32.0,0.2997870445251465,39.5106109790504,2754.88671875,,,,,
1955,1,1955.0,0.0,32.0,32.0,0.2982449531555176,40.18354404252023,2543.56884765625,,,,,
1956,1,1956.0,0.0,32.0,32.0,0.3309478759765625,39.58357701776549,2435.498046875,,,,,
1957,1,1957.0,0.0,32.0,32.0,0.2904329299926758,42.276044958271086,2660.82958984375,,,,,
1958,1,1958.0,0.0,32.0,32.0,0.2580938339233398,40.017488005105406,2507.1259765625,,,,,
1959,1,1959.0,0.0,32.0,32.0,0.3993234634399414,38.97350805345923,2435.498046875,,,,,
1960,1,1960.0,0.0,32.0,32.0,0.1768455505371093,38.53648097719997,2435.498046875,,,,,
1961,1,1961.0,0.0,32.0,32.0,0.3795614242553711,38.30533399013802,2435.498046875,,,,,
1962,1,1962.0,0.0,32.0,32.0,0.2240180969238281,37.42406202945858,2398.12548828125,,,,,
1963,1,1963.0,0.0,32.0,32.0,0.1048583984375,38.15471398411319,2315.2705078125,,,,,
1964,1,1964.0,0.0,32.0,32.0,0.2072010040283203,45.53263902198523,2790.72021484375,,,,,
1965,1,1965.0,0.0,32.0,32.0,0.2163925170898437,42.597109044436365,2574.6875,,,,,
1966,1,1966.0,0.0,32.0,32.0,0.1024494171142578,39.20855600154027,2477.59716796875,,,,,
1967,1,1967.0,0.0,32.0,32.0,0.2206716537475586,33.588160993531346,2507.1259765625,,,,,
1968,1,1968.0,0.0,32.0,32.0,0.0967931747436523,39.825162035413086,2533.17626953125,,,,,
1969,1,1969.0,0.0,32.0,32.0,0.1725797653198242,45.62854499090463,2754.88671875,,,,,
1970,1,1970.0,0.0,32.0,32.0,0.1262092590332031,47.44623100850731,2852.0673828125,,,,,
1971,1,1971.0,0.0,32.0,32.0,0.0871524810791015,35.92604899313301,2273.755859375,,,,,
1972,1,1972.0,0.0,32.0,32.0,0.2513675689697265,40.03985895542428,2563.3828125,,,,,
1973,1,1973.0,0.0,32.0,32.0,0.13238525390625,38.390959962271154,2435.498046875,,,,,
1974,1,1974.0,0.0,32.0,32.0,0.0206556320190429,40.05016700830311,2563.3828125,,,,,
1975,1,1975.0,0.0,32.0,32.0,0.0211000442504882,41.579873010050505,2574.6875,,,,,
1976,1,1976.0,0.0,32.0,32.0,0.2205362319946289,39.01268902700394,2465.03271484375,,,,,
1977,1,1977.0,0.0,32.0,32.0,0.0287971496582031,38.62866101553664,2465.03271484375,,,,,
1978,1,1978.0,0.0,32.0,32.0,0.0902719497680664,39.92211597505957,2543.56884765625,,,,,
1979,1,1979.0,0.0,32.0,32.0,0.2857460975646972,40.4983310145326,2543.56884765625,,,,,
1980,1,1980.0,0.0,32.0,32.0,0.0572912693023681,35.5885389726609,2377.17919921875,,,,,
1981,1,1981.0,0.0,32.0,32.0,0.528355598449707,42.21155203413218,2655.02490234375,,,,,
1982,1,1982.0,0.0,32.0,32.0,0.1038064956665039,40.03145301248878,2507.1259765625,,,,,
1983,1,1983.0,0.0,32.0,32.0,0.0851025581359863,42.522203002590686,2660.82958984375,,,,,
1984,1,1984.0,0.0,32.0,32.0,0.4611401557922363,45.53144500823692,2696.84033203125,,,,,
1985,1,1985.0,0.0,32.0,32.0,0.143463134765625,52.1460619638674,2978.1904296875,,,,,
1986,1,1986.0,0.0,32.0,32.0,0.2346069812774658,45.531468000262976,2696.84033203125,,,,,
1987,1,1987.0,0.0,32.0,32.0,0.6484665870666504,41.67649400187656,2533.17626953125,,,,,
1988,1,1988.0,0.0,32.0,32.0,0.3851881027221679,39.38561299582943,2543.56884765625,,,,,
1989,1,1989.0,0.0,32.0,32.0,0.2752189636230469,51.88449198612943,3023.82470703125,,,,,
1990,1,1990.0,0.0,32.0,32.0,0.0714726448059082,47.37280902918428,2810.46826171875,,,,,
1991,1,1991.0,0.0,32.0,32.0,0.3182630538940429,44.31189794559032,2690.6982421875,,,,,
1992,1,1992.0,0.0,32.0,32.0,0.3109650611877441,34.79104599682614,2574.6875,,,,,
1993,1,1993.0,0.0,32.0,32.0,0.1486473083496093,39.71304802689701,2356.935546875,,,,,
1994,1,1994.0,0.0,32.0,32.0,0.2934842109680176,40.940068021882325,2574.6875,,,,,
1995,1,1995.0,0.0,32.0,32.0,0.2950825691223144,47.90598899126053,2822.1865234375,,,,,
1996,1,1996.0,0.0,32.0,32.0,0.1484608650207519,42.62430703965947,2687.3701171875,,,,,
1997,1,1997.0,0.0,32.0,32.0,0.0915422439575195,49.65319397160784,2876.80908203125,,,,,
1998,1,1998.0,0.0,32.0,32.0,0.3700075149536133,39.4756380119361,2356.935546875,,,,,
1999,1,1999.0,0.0,32.0,32.0,0.1764345169067382,38.50277099991217,2465.03271484375,,,,,
2000,1,2000.0,0.0,32.0,32.0,0.3488907814025879,39.56151398597285,2543.56884765625,,,,,
2001,1,2001.0,0.0,32.0,32.0,0.4044651985168457,45.780026994179934,2754.88671875,,,,,
2002,1,2002.0,0.0,32.0,32.0,0.1734580993652343,40.961965976748616,2543.56884765625,,,,,
2003,1,2003.0,0.0,32.0,32.0,0.141026496887207,47.02196596190333,2790.72021484375,,,,,
2004,1,2004.0,0.0,32.0,32.0,0.1670417785644531,37.428294017445296,2687.3701171875,,,,,
2005,1,2005.0,0.0,32.0,32.0,0.1948475837707519,39.1198790166527,2435.498046875,,,,,
2006,1,2006.0,0.0,32.0,32.0,0.1513586044311523,37.95667801750824,2435.498046875,,,,,
2007,1,2007.0,0.0,32.0,32.0,0.2261905670166015,49.89314603153616,2876.80908203125,,,,,
2008,1,2008.0,0.0,32.0,32.0,0.2212734222412109,50.34939898177981,2888.2919921875,,,,,
2009,1,2009.0,0.0,32.0,32.0,0.0773773193359375,39.22993800370023,2498.1083984375,,,,,
2010,1,2010.0,0.0,32.0,32.0,0.2554483413696289,40.25466501479968,2377.17919921875,,,,,
2011,1,2011.0,0.0,32.0,32.0,0.4595551490783691,40.7067560008727,2563.3828125,,,,,
2012,1,2012.0,0.0,32.0,32.0,0.1506004333496093,41.112039994914085,2563.3828125,,,,,
2013,1,2013.0,0.0,32.0,32.0,0.4268836975097656,45.9053490194492,2761.908203125,,,,,
2014,1,2014.0,0.0,32.0,32.0,0.1863746643066406,39.956744003575295,2498.1083984375,,,,,
2015,1,2015.0,0.0,32.0,32.0,0.1857829093933105,38.97149802651256,2465.03271484375,,,,,
2016,1,2016.0,0.0,32.0,32.0,0.2645025253295898,37.97386097721756,2690.6982421875,,,,,
2017,1,2017.0,0.0,32.0,32.0,0.1315789222717285,40.96438700798899,2533.17626953125,,,,,
2018,1,2018.0,0.0,32.0,32.0,0.1748561859130859,42.45996999088675,2574.6875,,,,,
2019,1,2019.0,0.0,32.0,32.0,0.2082777023315429,38.14351302571595,2298.90478515625,,,,,
2020,1,2020.0,0.0,32.0,32.0,0.2292122840881347,38.33218396175653,2435.498046875,,,,,
2021,1,2021.0,0.0,32.0,32.0,0.4174604415893554,52.25390300620347,2978.1904296875,,,,,
2022,1,2022.0,0.0,32.0,32.0,0.1890788078308105,41.59479995723814,2574.6875,,,,,
2023,1,2023.0,0.0,32.0,32.0,0.1442737579345703,38.95497595658526,2498.1083984375,,,,,
2024,1,2024.0,0.0,32.0,32.0,0.2778449058532715,50.544894009362906,2914.046875,,,,,
2025,1,2025.0,0.0,32.0,32.0,0.0296311378479003,42.48991998611018,2655.02490234375,,,,,
2026,1,2026.0,0.0,32.0,32.0,0.2858829498291015,41.70340800192207,2574.6875,,,,,
2027,1,2027.0,0.0,32.0,32.0,0.1574101448059082,39.15189899271354,2477.59716796875,,,,,
2028,1,2028.0,0.0,32.0,32.0,0.1218085289001464,36.12138598691672,2660.82958984375,,,,,
2029,1,2029.0,0.0,32.0,32.0,0.3518390655517578,46.06163699645549,2761.908203125,,,,,
2030,1,2030.0,0.0,32.0,32.0,0.0287084579467773,45.18986603943631,2690.6982421875,,,,,
2031,1,2031.0,0.0,32.0,32.0,0.2501821517944336,40.719247015658766,2498.1083984375,,,,,
2032,1,2032.0,0.0,32.0,32.0,0.0907039642333984,42.23218298284337,2687.3701171875,,,,,
2033,1,2033.0,0.0,32.0,32.0,0.2672109603881836,41.403825976885855,2574.6875,,,,,
2034,1,2034.0,0.0,32.0,32.0,0.1548686027526855,37.817306991200894,2398.12548828125,,,,,
2035,1,2035.0,0.0,32.0,32.0,0.3788609504699707,37.73783100768924,2435.498046875,,,,,
2036,1,2036.0,0.0,32.0,32.0,0.1763920783996582,41.90036602085456,2687.3701171875,,,,,
2037,1,2037.0,0.0,32.0,32.0,0.7229228019714355,39.8895550169982,2543.56884765625,,,,,
2038,1,2038.0,0.0,32.0,32.0,0.0941104888916015,39.72778399474919,2543.56884765625,,,,,
2039,1,2039.0,0.0,32.0,32.0,0.4097023010253906,39.3639100366272,2477.59716796875,,,,,
2040,1,2040.0,0.0,32.0,32.0,0.2437686920166015,41.917066962923855,2660.82958984375,,,,,
2041,1,2041.0,0.0,32.0,32.0,0.0796208381652832,38.45873102545738,2690.6982421875,,,,,
2042,1,2042.0,0.0,32.0,32.0,0.1795530319213867,42.51482803374529,2655.02490234375,,,,,
2043,1,2043.0,0.0,32.0,32.0,0.0917348861694336,39.90355896530673,2498.1083984375,,,,,
2044,1,2044.0,0.0,32.0,32.0,0.089242935180664,39.8345259600319,2507.1259765625,,,,,
2045,1,2045.0,0.0,32.0,32.0,0.1250267028808593,44.303606962785125,2690.6982421875,,,,,
2046,1,2046.0,0.0,32.0,32.0,0.3147563934326172,42.61926899198443,2660.82958984375,,,,,
2047,1,2047.0,0.0,32.0,32.0,0.1440386772155761,38.67958299815655,2398.12548828125,,,,,
2048,1,2048.0,0.0,32.0,32.0,0.0953073501586914,49.12375099956989,2876.80908203125,,,,,
2049,1,2049.0,0.0,32.0,32.0,0.1195878982543945,41.61078395554796,2574.6875,,,,,
2050,1,2050.0,0.0,32.0,32.0,0.1463031768798828,45.22640403592959,2761.908203125,,,,,
2051,1,2051.0,0.0,32.0,32.0,0.1087932586669921,39.85165705671534,2477.59716796875,,,,,
2052,1,2052.0,0.0,32.0,32.0,0.2678117752075195,39.70536799170077,2477.59716796875,,,,,
2053,1,2053.0,0.0,32.0,32.0,0.4116163253784179,40.74258299078792,2790.72021484375,,,,,
2054,1,2054.0,0.0,32.0,32.0,0.3886075019836426,40.181995020248,2543.56884765625,,,,,
2055,1,2055.0,0.0,32.0,32.0,0.0584211349487304,47.76773299090564,2852.0673828125,,,,,
2056,1,2056.0,0.0,32.0,32.0,0.2284965515136718,39.70315697370097,2498.1083984375,,,,,
2057,1,2057.0,0.0,32.0,32.0,0.2549247741699219,40.4943409957923,2563.3828125,,,,,
2058,1,2058.0,0.0,32.0,32.0,0.1199960708618164,39.0326349879615,2315.2705078125,,,,,
2059,1,2059.0,0.0,32.0,32.0,0.3230848312377929,39.22790504293516,2533.17626953125,,,,,
2060,1,2060.0,0.0,32.0,32.0,0.1752128601074218,49.65049203019589,2876.80908203125,,,,,
2061,1,2061.0,0.0,32.0,32.0,0.2447490692138672,41.827192006167024,2563.3828125,,,,,
2062,1,2062.0,0.0,32.0,32.0,0.1371021270751953,39.26704602781683,2356.935546875,,,,,
2063,1,2063.0,0.0,32.0,32.0,0.4541606903076172,38.9178289915435,2477.59716796875,,,,,
2064,1,2064.0,0.0,32.0,32.0,0.3091058731079101,50.12607999378815,2914.046875,,,,,
2065,1,2065.0,0.0,32.0,32.0,0.2059745788574218,28.689508035313334,2214.8603515625,,,,,
2066,1,2066.0,0.0,32.0,32.0,0.220712661743164,37.9491180065088,2349.4912109375,,,,,
2067,1,2067.0,0.0,32.0,32.0,0.17437744140625,39.4764129887335,2543.56884765625,,,,,
2068,1,2068.0,0.0,32.0,32.0,0.2119903564453125,46.495439019054174,2790.72021484375,,,,,
2069,1,2069.0,0.0,32.0,32.0,0.226353645324707,54.02058700565249,3037.9208984375,,,,,
2070,1,2070.0,0.0,32.0,32.0,0.3958454132080078,35.73959699133411,2249.71875,,,,,
2071,1,2071.0,0.0,32.0,32.0,0.3628482818603515,41.26710200216621,2574.6875,,,,,
2072,1,2072.0,0.0,32.0,32.0,0.2585735321044922,38.63906697370112,2315.2705078125,,,,,
2073,1,2073.0,0.0,32.0,32.0,0.1616096496582031,41.23330197762698,2574.6875,,,,,
2074,1,2074.0,0.0,32.0,32.0,0.233957290649414,41.73200600780547,2660.82958984375,,,,,
2075,1,2075.0,0.0,32.0,32.0,0.3370227813720703,46.47196101723239,2790.72021484375,,,,,
2076,1,2076.0,0.0,32.0,32.0,0.1979904174804687,40.62611801782623,2543.56884765625,,,,,
2077,1,2077.0,0.0,32.0,32.0,0.1380290985107422,40.12211901135743,2533.17626953125,,,,,
2078,1,2078.0,0.0,32.0,32.0,0.1188201904296875,34.1146340360865,2507.1259765625,,,,,
2079,1,2079.0,0.0,32.0,32.0,0.1362724304199218,39.5039469585754,2543.56884765625,,,,,
2080,1,2080.0,0.0,32.0,32.0,0.2941493988037109,38.844816968776286,2435.498046875,,,,,
2081,1,2081.0,0.0,32.0,32.0,0.1533231735229492,39.583085977938026,2533.17626953125,,,,,
2082,1,2082.0,0.0,32.0,32.0,0.3307523727416992,39.21969496877864,2477.59716796875,,,,,
2083,1,2083.0,0.0,32.0,32.0,0.1085634231567382,47.97570599475876,2822.1865234375,,,,,
2084,1,2084.0,0.0,32.0,32.0,0.062453269958496,39.73149502417073,2498.1083984375,,,,,
2085,1,2085.0,0.0,32.0,32.0,0.0874147415161132,45.86538398871198,2790.72021484375,,,,,
2086,1,2086.0,0.0,32.0,32.0,0.0492677688598632,46.28814000170678,2810.46826171875,,,,,
2087,1,2087.0,0.0,32.0,32.0,0.2468814849853515,45.2632469823584,2696.84033203125,,,,,
2088,1,2088.0,0.0,32.0,32.0,0.2621870040893554,45.92765704728663,2696.84033203125,,,,,
2089,1,2089.0,0.0,32.0,32.0,0.1999855041503906,39.29634200176224,2477.59716796875,,,,,
2090,1,2090.0,0.0,32.0,32.0,0.1062293052673339,33.04208203917369,2498.1083984375,,,,,
2091,1,2091.0,0.0,32.0,32.0,0.0316100120544433,41.7182490346022,2574.6875,,,,,
2092,1,2092.0,0.0,32.0,32.0,0.1342096328735351,41.74774402054027,2660.82958984375,,,,,
2093,1,2093.0,0.0,32.0,32.0,0.76025390625,40.172335982788354,2543.56884765625,,,,,
2094,1,2094.0,0.0,32.0,32.0,0.291994571685791,38.581960019655526,2298.90478515625,,,,,
2095,1,2095.0,0.0,32.0,32.0,0.2921810150146484,40.25896801613271,2377.17919921875,,,,,
2096,1,2096.0,0.0,32.0,32.0,0.3439407348632812,37.65754000050947,2398.12548828125,,,,,
2097,1,2097.0,0.0,32.0,32.0,0.0315589904785156,40.10392498457804,2574.6875,,,,,
2098,1,2098.0,0.0,32.0,32.0,0.2543373107910156,38.07498002424836,2298.90478515625,,,,,
2099,1,2099.0,0.0,32.0,32.0,0.2437925338745117,39.49842898873612,2356.935546875,,,,,
2100,1,2100.0,0.0,32.0,32.0,0.2344002723693847,39.68816302949563,2543.56884765625,,,,,
2101,1,2101.0,0.0,32.0,32.0,0.1632890701293945,42.366978013888,2660.82958984375,,,,,
2102,1,2102.0,0.0,32.0,32.0,0.2381834983825683,39.64583005290479,2498.1083984375,,,,,
2103,1,2103.0,0.0,32.0,32.0,0.352640151977539,38.21579099167138,2690.6982421875,,,,,
2104,1,2104.0,0.0,32.0,32.0,0.1758527755737304,45.6497099949047,2730.66845703125,,,,,
2105,1,2105.0,0.0,21.0,21.0,0.231949582695961,41.75556398695335,2364.2646484375,,,,,
2105,1,,1.0,32.0,32.0,,41.75556398695335,2364.2646484375,0.9220183486238532,0.2494141645729541,0.9567773834800812,0.1319394714944507,0.0347590348562281
2106,2,1.0,0.0,32.0,32.0,0.2478713989257812,31.49506699992344,2398.12548828125,,,,,
2107,2,2.0,0.0,32.0,32.0,0.1185293197631836,38.06821099715307,2876.80908203125,,,,,
2108,2,3.0,0.0,32.0,32.0,0.0586738586425781,43.16950601059944,2690.6982421875,,,,,
2109,2,4.0,0.0,32.0,32.0,0.2046623229980468,40.05788400536403,2507.1259765625,,,,,
2110,2,5.0,0.0,32.0,32.0,0.0346012115478515,38.92310697119683,2465.03271484375,,,,,
2111,2,6.0,0.0,32.0,32.0,0.103189468383789,41.79195698816329,2687.3701171875,,,,,
2112,2,7.0,0.0,32.0,32.0,0.1416339874267578,50.96821900224313,2946.62548828125,,,,,
2113,2,8.0,0.0,32.0,32.0,0.0229473114013671,39.31671800091863,2465.03271484375,,,,,
2114,2,9.0,0.0,32.0,32.0,0.27508544921875,39.08636799314991,2498.1083984375,,,,,
2115,2,10.0,0.0,32.0,32.0,0.5565757751464844,39.00772205088288,2498.1083984375,,,,,
2116,2,11.0,0.0,32.0,32.0,0.1465435028076172,37.75686596054584,2398.12548828125,,,,,
2117,2,12.0,0.0,32.0,32.0,0.0489025115966796,45.56294297799468,2790.72021484375,,,,,
2118,2,13.0,0.0,32.0,32.0,0.1173877716064453,38.86883397353813,2435.498046875,,,,,
2119,2,14.0,0.0,32.0,32.0,0.094369888305664,39.85845000715926,2498.1083984375,,,,,
2120,2,15.0,0.0,32.0,32.0,0.1528177261352539,27.699022029992197,2249.71875,,,,,
2121,2,16.0,0.0,32.0,32.0,0.0614194869995117,48.91681601293385,2888.2919921875,,,,,
2122,2,17.0,0.0,32.0,32.0,0.1074237823486328,45.91509298188612,2810.46826171875,,,,,
2123,2,18.0,0.0,32.0,32.0,0.0436029434204101,40.18128098687157,2349.4912109375,,,,,
2124,2,19.0,0.0,32.0,32.0,0.1452817916870117,41.10913100885227,2574.6875,,,,,
2125,2,20.0,0.0,32.0,32.0,0.0906682014465332,39.413987018633634,2477.59716796875,,,,,
2126,2,21.0,0.0,32.0,32.0,0.3349089622497558,38.78609900129959,2349.4912109375,,,,,
2127,2,22.0,0.0,32.0,32.0,0.0719819068908691,46.17491696262732,2754.88671875,,,,,
2128,2,23.0,0.0,32.0,32.0,0.2184934616088867,41.00596002535895,2533.17626953125,,,,,
2129,2,24.0,0.0,32.0,32.0,0.1191267967224121,38.95888105034828,2315.2705078125,,,,,
2130,2,25.0,0.0,32.0,32.0,0.3262691497802734,38.38790097506717,2477.59716796875,,,,,
2131,2,26.0,0.0,32.0,32.0,0.1886153221130371,39.50376901775599,2507.1259765625,,,,,
2132,2,27.0,0.0,32.0,32.0,0.3261747360229492,42.12609998648986,2687.3701171875,,,,,
2133,2,28.0,0.0,32.0,32.0,0.1357345581054687,31.81343199685216,2498.1083984375,,,,,
2134,2,29.0,0.0,32.0,32.0,0.2165102958679199,40.30957102077082,2563.3828125,,,,,
2135,2,30.0,0.0,32.0,32.0,0.1106653213500976,39.360714959912,2356.935546875,,,,,
2136,2,31.0,0.0,32.0,32.0,0.2045760154724121,38.64045400405303,2435.498046875,,,,,
2137,2,32.0,0.0,32.0,32.0,0.186037540435791,47.50066302949563,2822.1865234375,,,,,
2138,2,33.0,0.0,32.0,32.0,0.1534929275512695,42.30051103513688,2655.02490234375,,,,,
2139,2,34.0,0.0,32.0,32.0,0.0427784919738769,38.13263203483075,2410.10546875,,,,,
2140,2,35.0,0.0,32.0,32.0,0.0757837295532226,40.986070001963526,2574.6875,,,,,
2141,2,36.0,0.0,32.0,32.0,0.0322952270507812,39.8577600135468,2533.17626953125,,,,,
2142,2,37.0,0.0,32.0,32.0,0.1732492446899414,39.99913902953267,2533.17626953125,,,,,
2143,2,38.0,0.0,32.0,32.0,0.3456974029541015,38.465471006929874,2410.10546875,,,,,
2144,2,39.0,0.0,32.0,32.0,0.3576107025146484,40.69884703494608,2574.6875,,,,,
2145,2,40.0,0.0,32.0,32.0,0.2057771682739257,50.598847039509565,2946.62548828125,,,,,
2146,2,41.0,0.0,32.0,32.0,0.2737836837768554,32.00252202805132,2543.56884765625,,,,,
2147,2,42.0,0.0,32.0,32.0,0.0389680862426757,39.718454994726926,2507.1259765625,,,,,
2148,2,43.0,0.0,32.0,32.0,0.1496272087097168,43.88959897914901,2696.84033203125,,,,,
2149,2,44.0,0.0,32.0,32.0,0.2514433860778808,40.64348200336099,2356.935546875,,,,,
2150,2,45.0,0.0,32.0,32.0,0.2214608192443847,38.84244500659406,2410.10546875,,,,,
2151,2,46.0,0.0,32.0,32.0,0.1071510314941406,38.79326599417254,2435.498046875,,,,,
2152,2,47.0,0.0,32.0,32.0,0.3463153839111328,40.90191202703864,2574.6875,,,,,
2153,2,48.0,0.0,32.0,32.0,0.0351605415344238,39.59619003580883,2533.17626953125,,,,,
2154,2,49.0,0.0,32.0,32.0,0.0287041664123535,43.86201495071873,2690.6982421875,,,,,
2155,2,50.0,0.0,32.0,32.0,0.0911712646484375,45.2981719863601,2696.84033203125,,,,,
2156,2,51.0,0.0,32.0,32.0,0.0763430595397949,51.025221997406334,2876.80908203125,,,,,
2157,2,52.0,0.0,32.0,32.0,0.1361227035522461,40.3828889830038,2563.3828125,,,,,
2158,2,53.0,0.0,32.0,32.0,0.0180115699768066,39.27197796292603,2507.1259765625,,,,,
2159,2,54.0,0.0,32.0,32.0,0.0140490531921386,30.6416759849526,2398.12548828125,,,,,
2160,2,55.0,0.0,32.0,32.0,0.115973949432373,38.39469898957759,2498.1083984375,,,,,
2161,2,56.0,0.0,32.0,32.0,0.0228438377380371,47.83914500148967,2852.0673828125,,,,,
2162,2,57.0,0.0,32.0,32.0,0.0149073600769042,42.38622501725331,2660.82958984375,,,,,
2163,2,58.0,0.0,32.0,32.0,0.0074594020843505,40.42075702454895,2533.17626953125,,,,,
2164,2,59.0,0.0,32.0,32.0,0.1038391590118408,38.32832199987024,2298.90478515625,,,,,
2165,2,60.0,0.0,32.0,32.0,0.0296447277069091,39.345651981420815,2498.1083984375,,,,,
2166,2,61.0,0.0,32.0,32.0,0.534912109375,39.32879801141098,2507.1259765625,,,,,
2167,2,62.0,0.0,32.0,32.0,0.1863353252410888,38.642434985376894,2465.03271484375,,,,,
2168,2,63.0,0.0,32.0,32.0,0.0091240406036376,39.299923984799534,2543.56884765625,,,,,
2169,2,64.0,0.0,32.0,32.0,0.0135250091552734,42.628308990970254,2687.3701171875,,,,,
2170,2,65.0,0.0,32.0,32.0,0.2066917419433593,38.06973504833877,2398.12548828125,,,,,
2171,2,66.0,0.0,32.0,32.0,0.5871496200561523,38.0301620461978,2465.03271484375,,,,,
2172,2,67.0,0.0,32.0,32.0,0.5288283824920654,32.16000599786639,2356.935546875,,,,,
2173,2,68.0,0.0,32.0,32.0,0.0999886989593505,41.21641902020201,2574.6875,,,,,
2174,2,69.0,0.0,32.0,32.0,0.3859438896179199,39.906054036691785,2543.56884765625,,,,,
2175,2,70.0,0.0,32.0,32.0,0.5460042953491211,49.79733302025125,2876.80908203125,,,,,
2176,2,71.0,0.0,32.0,32.0,0.2756032943725586,41.40705894678831,2563.3828125,,,,,
2177,2,72.0,0.0,32.0,32.0,0.2266473770141601,44.52677798690274,2754.88671875,,,,,
2178,2,73.0,0.0,32.0,32.0,0.2853269577026367,43.15913299797103,2687.3701171875,,,,,
2179,2,74.0,0.0,32.0,32.0,0.2449069023132324,38.41310198185965,2398.12548828125,,,,,
2180,2,75.0,0.0,32.0,32.0,0.340402603149414,39.70456699607894,2377.17919921875,,,,,
2181,2,76.0,0.0,32.0,32.0,0.1655378341674804,38.36060903267935,2465.03271484375,,,,,
2182,2,77.0,0.0,32.0,32.0,0.3531327247619629,38.64026098744944,2477.59716796875,,,,,
2183,2,78.0,0.0,32.0,32.0,0.2472724914550781,40.38093995768577,2563.3828125,,,,,
2184,2,79.0,0.0,32.0,32.0,0.1563568115234375,38.98225800367072,2477.59716796875,,,,,
2185,2,80.0,0.0,32.0,32.0,0.2755384445190429,32.40397904301062,2356.935546875,,,,,
2186,2,81.0,0.0,32.0,32.0,0.1892938613891601,41.9482120196335,2687.3701171875,,,,,
2187,2,82.0,0.0,32.0,32.0,0.0948991775512695,41.85085598146543,2574.6875,,,,,
2188,2,83.0,0.0,32.0,32.0,0.0498151779174804,42.48235397972167,2687.3701171875,,,,,
2189,2,84.0,0.0,32.0,32.0,0.0874366760253906,40.30976304784417,2543.56884765625,,,,,
2190,2,85.0,0.0,32.0,32.0,0.2285499572753906,46.95397597970441,2810.46826171875,,,,,
2191,2,86.0,0.0,32.0,32.0,0.0934581756591796,39.60045299027115,2349.4912109375,,,,,
2192,2,87.0,0.0,32.0,32.0,0.2373075485229492,41.56865400727838,2687.3701171875,,,,,
2193,2,88.0,0.0,32.0,32.0,0.129343032836914,40.054745972156525,2507.1259765625,,,,,
2194,2,89.0,0.0,32.0,32.0,0.0291976928710937,38.02130499389023,2435.498046875,,,,,
2195,2,90.0,0.0,32.0,32.0,0.0696449279785156,38.453824003227055,2477.59716796875,,,,,
2196,2,91.0,0.0,32.0,32.0,0.2154779434204101,38.60480198636651,2465.03271484375,,,,,
2197,2,92.0,0.0,32.0,32.0,0.2017498016357422,39.98822800349444,2377.17919921875,,,,,
2198,2,93.0,0.0,32.0,32.0,0.1005334854125976,33.895265951287,2660.82958984375,,,,,
2199,2,94.0,0.0,32.0,32.0,0.128918170928955,39.204136992339045,2498.1083984375,,,,,
2200,2,95.0,0.0,32.0,32.0,0.1323413848876953,34.79614498792216,2273.755859375,,,,,
2201,2,96.0,0.0,32.0,32.0,0.3054108619689941,48.00800397060812,2822.1865234375,,,,,
2202,2,97.0,0.0,32.0,32.0,0.3064470291137695,40.17853399273008,2533.17626953125,,,,,
2203,2,98.0,0.0,32.0,32.0,0.0490942001342773,44.0813890309073,2690.6982421875,,,,,
2204,2,99.0,0.0,32.0,32.0,0.0183734893798828,42.651130992453545,2574.6875,,,,,
2205,2,100.0,0.0,32.0,32.0,0.2926454544067383,38.76606200356037,2477.59716796875,,,,,
2206,2,101.0,0.0,32.0,32.0,0.0110597610473632,38.68848597630858,2410.10546875,,,,,
2207,2,102.0,0.0,32.0,32.0,0.0459179878234863,40.9286170033738,2574.6875,,,,,
2208,2,103.0,0.0,32.0,32.0,0.0712432861328125,42.06827899906784,2687.3701171875,,,,,
2209,2,104.0,0.0,32.0,32.0,0.0114955902099609,39.811003021895885,2356.935546875,,,,,
2210,2,105.0,0.0,32.0,32.0,0.2089018821716308,38.40147802839056,2435.498046875,,,,,
2211,2,106.0,0.0,32.0,32.0,0.4991440773010254,31.55072801746428,2498.1083984375,,,,,
2212,2,107.0,0.0,32.0,32.0,0.2667841911315918,41.75801499513909,2660.82958984375,,,,,
2213,2,108.0,0.0,32.0,32.0,0.0762495994567871,39.61428999900818,2349.4912109375,,,,,
2214,2,109.0,0.0,32.0,32.0,0.0400681495666503,45.10929901152849,2754.88671875,,,,,
2215,2,110.0,0.0,32.0,32.0,0.0526289939880371,39.6855510189198,2498.1083984375,,,,,
2216,2,111.0,0.0,32.0,32.0,0.1823110580444336,46.42466001678258,2754.88671875,,,,,
2217,2,112.0,0.0,32.0,32.0,0.0307545661926269,48.40107704512775,2888.2919921875,,,,,
2218,2,113.0,0.0,32.0,32.0,0.1832952499389648,37.880591000430286,2398.12548828125,,,,,
2219,2,114.0,0.0,32.0,32.0,0.0157332420349121,40.79009697306901,2574.6875,,,,,
2220,2,115.0,0.0,32.0,32.0,0.0734429359436035,41.473194025456905,2655.02490234375,,,,,
2221,2,116.0,0.0,32.0,32.0,0.1847248077392578,38.90533198136836,2435.498046875,,,,,
2222,2,117.0,0.0,32.0,32.0,0.0129575729370117,39.12224300438538,2498.1083984375,,,,,
2223,2,118.0,0.0,32.0,32.0,0.2366642951965332,41.84634797275066,2660.82958984375,,,,,
2224,2,119.0,0.0,32.0,32.0,0.1140906810760498,44.92053802823648,3000.7802734375,,,,,
2225,2,120.0,0.0,32.0,32.0,0.1362385749816894,35.75745096895844,2273.755859375,,,,,
2226,2,121.0,0.0,32.0,32.0,0.0636394023895263,43.355551024433225,2730.66845703125,,,,,
2227,2,122.0,0.0,32.0,32.0,0.0513668060302734,46.28029401646927,2754.88671875,,,,,
2228,2,123.0,0.0,32.0,32.0,0.178786039352417,46.22046300210059,2790.72021484375,,,,,
2229,2,124.0,0.0,32.0,32.0,0.3576750755310058,40.70186900207773,2377.17919921875,,,,,
2230,2,125.0,0.0,32.0,32.0,0.0687899589538574,38.792742008809,2477.59716796875,,,,,
2231,2,126.0,0.0,32.0,32.0,0.0772175788879394,38.76205999404192,2498.1083984375,,,,,
2232,2,127.0,0.0,32.0,32.0,0.2646737098693847,38.35858998354525,2435.498046875,,,,,
2233,2,128.0,0.0,32.0,32.0,0.2988243103027344,41.04193003149703,2563.3828125,,,,,
2234,2,129.0,0.0,32.0,32.0,0.1624155044555664,45.46725301770493,2790.72021484375,,,,,
2235,2,130.0,0.0,32.0,32.0,0.3316588401794433,38.73953700531274,2435.498046875,,,,,
2236,2,131.0,0.0,32.0,32.0,0.2958507537841797,30.129151011351496,2498.1083984375,,,,,
2237,2,132.0,0.0,32.0,32.0,0.1294202804565429,39.372530998662114,2507.1259765625,,,,,
2238,2,133.0,0.0,32.0,32.0,0.0780239105224609,46.14942200714722,2810.46826171875,,,,,
2239,2,134.0,0.0,32.0,32.0,0.2068281173706054,40.10815196670592,2498.1083984375,,,,,
2240,2,135.0,0.0,32.0,32.0,0.0728282928466796,41.20269598206505,2563.3828125,,,,,
2241,2,136.0,0.0,32.0,32.0,0.1176328659057617,41.963708004914224,2660.82958984375,,,,,
2242,2,137.0,0.0,32.0,32.0,0.1527681350708007,38.77528704470024,2410.10546875,,,,,
2243,2,138.0,0.0,32.0,32.0,0.0409059524536132,41.28419305197895,2574.6875,,,,,
2244,2,139.0,0.0,32.0,32.0,0.0519618988037109,40.89740297058597,2563.3828125,,,,,
2245,2,140.0,0.0,32.0,32.0,0.2902898788452148,48.47474303096533,2852.0673828125,,,,,
2246,2,141.0,0.0,32.0,32.0,0.066080093383789,40.86462600389496,2377.17919921875,,,,,
2247,2,142.0,0.0,32.0,32.0,0.0674419403076171,38.88272098265588,2507.1259765625,,,,,
2248,2,143.0,0.0,32.0,32.0,0.0373921394348144,39.933030027896166,2533.17626953125,,,,,
2249,2,144.0,0.0,32.0,32.0,0.0720462799072265,42.37606597598642,2965.60693359375,,,,,
2250,2,145.0,0.0,32.0,32.0,0.0162324905395507,51.03991198120639,2914.046875,,,,,
2251,2,146.0,0.0,32.0,32.0,0.2467975616455078,39.73311802837998,2543.56884765625,,,,,
2252,2,147.0,0.0,32.0,32.0,0.0516695976257324,35.121067019645125,2249.71875,,,,,
2253,2,148.0,0.0,32.0,32.0,0.5345187187194824,40.58845504187048,2655.02490234375,,,,,
2254,2,149.0,0.0,32.0,32.0,0.113532543182373,39.00375100784004,2356.935546875,,,,,
2255,2,150.0,0.0,32.0,32.0,0.2651181221008301,38.21315802633762,2410.10546875,,,,,
2256,2,151.0,0.0,32.0,32.0,0.1901693344116211,40.41668400168419,2563.3828125,,,,,
2257,2,152.0,0.0,32.0,32.0,0.1041274070739746,41.28302598837763,2660.82958984375,,,,,
2258,2,153.0,0.0,32.0,32.0,0.3086953163146972,40.609258983749896,2563.3828125,,,,,
2259,2,154.0,0.0,32.0,32.0,0.0369491577148437,40.7023869920522,2563.3828125,,,,,
2260,2,155.0,0.0,32.0,32.0,0.0822987556457519,39.66399101773277,2507.1259765625,,,,,
2261,2,156.0,0.0,32.0,32.0,0.1350197792053222,46.593559032771736,2810.46826171875,,,,,
2262,2,157.0,0.0,32.0,32.0,0.0759706497192382,32.20949100796133,2315.2705078125,,,,,
2263,2,158.0,0.0,32.0,32.0,0.0687189102172851,39.447210961952806,2533.17626953125,,,,,
2264,2,159.0,0.0,32.0,32.0,0.1265158653259277,44.849795987829566,2696.84033203125,,,,,
2265,2,160.0,0.0,32.0,32.0,0.2033514976501464,41.379563976079226,2377.17919921875,,,,,
2266,2,161.0,0.0,32.0,32.0,0.1922564506530761,50.23577099200338,2914.046875,,,,,
2267,2,162.0,0.0,32.0,32.0,0.1691226959228515,44.69600098673254,2730.66845703125,,,,,
2268,2,163.0,0.0,32.0,32.0,0.0614528656005859,42.95521398307756,2660.82958984375,,,,,
2269,2,164.0,0.0,32.0,32.0,0.0373635292053222,38.748801976908,2435.498046875,,,,,
2270,2,165.0,0.0,32.0,32.0,0.2910537719726562,37.65574097633362,2398.12548828125,,,,,
2271,2,166.0,0.0,32.0,32.0,0.0170087814331054,39.84148002928123,2563.3828125,,,,,
2272,2,167.0,0.0,32.0,32.0,0.1365575790405273,39.41943199606612,2498.1083984375,,,,,
2273,2,168.0,0.0,32.0,32.0,0.2382078170776367,49.76624896517024,2876.80908203125,,,,,
2274,2,169.0,0.0,32.0,32.0,0.2431135177612304,29.50813999632373,2398.12548828125,,,,,
2275,2,170.0,0.0,32.0,32.0,0.1752152442932129,38.39539003092796,2477.59716796875,,,,,
2276,2,171.0,0.0,32.0,32.0,0.0661096572875976,42.80309402383864,2690.6982421875,,,,,
2277,2,172.0,0.0,32.0,32.0,0.1273636817932129,45.23400502512232,2754.88671875,,,,,
2278,2,173.0,0.0,32.0,32.0,0.4484038352966308,51.60455597797409,2965.60693359375,,,,,
2279,2,174.0,0.0,32.0,32.0,0.023378849029541,38.9196120086126,2435.498046875,,,,,
2280,2,175.0,0.0,32.0,32.0,0.1387243270874023,41.029776039067656,2655.02490234375,,,,,
2281,2,176.0,0.0,32.0,32.0,0.3438191413879394,37.52382897073403,2398.12548828125,,,,,
2282,2,177.0,0.0,32.0,32.0,0.0696086883544921,40.90893000829965,2660.82958984375,,,,,
2283,2,178.0,0.0,32.0,32.0,0.0579605102539062,39.558178978040814,2356.935546875,,,,,
2284,2,179.0,0.0,32.0,32.0,0.2033009529113769,47.80575603945181,2822.1865234375,,,,,
2285,2,180.0,0.0,32.0,32.0,0.0797200202941894,41.62806802196428,2574.6875,,,,,
2286,2,181.0,0.0,32.0,32.0,0.1634254455566406,38.48627599654719,2410.10546875,,,,,
2287,2,182.0,0.0,32.0,32.0,0.2094359397888183,33.6860700044781,2687.3701171875,,,,,
2288,2,183.0,0.0,32.0,32.0,0.1829457283020019,39.422267000190914,2465.03271484375,,,,,
2289,2,184.0,0.0,32.0,32.0,0.2489323616027832,45.41031399276108,2761.908203125,,,,,
2290,2,185.0,0.0,32.0,32.0,0.0916991233825683,43.54771599173546,2687.3701171875,,,,,
2291,2,186.0,0.0,32.0,32.0,0.2788262367248535,38.95226400345564,2298.90478515625,,,,,
2292,2,187.0,0.0,32.0,32.0,0.0769577026367187,38.81670901319012,2477.59716796875,,,,,
2293,2,188.0,0.0,32.0,32.0,0.1006021499633789,45.3237290494144,2761.908203125,,,,,
2294,2,189.0,0.0,32.0,32.0,0.1688933372497558,38.63542899489403,2435.498046875,,,,,
2295,2,190.0,0.0,32.0,32.0,0.1460003852844238,43.40749600669369,2690.6982421875,,,,,
2296,2,191.0,0.0,32.0,32.0,0.4210138320922851,43.04298805072904,2687.3701171875,,,,,
2297,2,192.0,0.0,32.0,32.0,0.0488252639770507,39.05521100386977,2477.59716796875,,,,,
2298,2,193.0,0.0,32.0,32.0,0.3065156936645508,48.61962702125311,2888.2919921875,,,,,
2299,2,194.0,0.0,32.0,32.0,0.0596294403076171,36.49161302018911,2730.66845703125,,,,,
2300,2,195.0,0.0,32.0,32.0,0.1676840782165527,39.57273199921474,2465.03271484375,,,,,
2301,2,196.0,0.0,32.0,32.0,0.1492934226989746,47.03043500194326,2822.1865234375,,,,,
2302,2,197.0,0.0,32.0,32.0,0.2783002853393554,40.21593299694359,2533.17626953125,,,,,
2303,2,198.0,0.0,32.0,32.0,0.0436835289001464,41.129377961624414,2655.02490234375,,,,,
2304,2,199.0,0.0,32.0,32.0,0.0368008613586425,44.1085749771446,2690.6982421875,,,,,
2305,2,200.0,0.0,32.0,32.0,0.0734839439392089,39.22830295050517,2315.2705078125,,,,,
2306,2,201.0,0.0,32.0,32.0,0.3279237747192383,37.68985101487488,2398.12548828125,,,,,
2307,2,202.0,0.0,32.0,32.0,0.1531581878662109,39.18100398732349,2543.56884765625,,,,,
2308,2,203.0,0.0,32.0,32.0,0.1039395332336425,44.71791099058464,2730.66845703125,,,,,
2309,2,204.0,0.0,32.0,32.0,0.1378002166748047,40.21764802746475,2498.1083984375,,,,,
2310,2,205.0,0.0,32.0,32.0,0.0760607719421386,44.27902097813785,2690.6982421875,,,,,
2311,2,206.0,0.0,32.0,32.0,0.1625914573669433,40.747798047959805,2356.935546875,,,,,
2312,2,207.0,0.0,32.0,32.0,0.0995998382568359,40.28607701184228,2852.0673828125,,,,,
2313,2,208.0,0.0,32.0,32.0,0.1197652816772461,38.77351403934881,2298.90478515625,,,,,
2314,2,209.0,0.0,32.0,32.0,0.1624455451965332,44.177753967233,2690.6982421875,,,,,
2315,2,210.0,0.0,32.0,32.0,0.0120878219604492,52.33114201109856,2965.60693359375,,,,,
2316,2,211.0,0.0,32.0,32.0,0.0720624923706054,38.3532730047591,2410.10546875,,,,,
2317,2,212.0,0.0,32.0,32.0,0.1132612228393554,43.125992990098894,2690.6982421875,,,,,
2318,2,213.0,0.0,32.0,32.0,0.010568618774414,40.40885699214414,2543.56884765625,,,,,
2319,2,214.0,0.0,32.0,32.0,0.1805524826049804,39.39321596408263,2498.1083984375,,,,,
2320,2,215.0,0.0,32.0,32.0,0.4456186294555664,41.30453697871417,2660.82958984375,,,,,
2321,2,216.0,0.0,32.0,32.0,0.0505142211914062,44.6203569881618,2696.84033203125,,,,,
2322,2,217.0,0.0,32.0,32.0,0.195934772491455,42.211554013192654,2574.6875,,,,,
2323,2,218.0,0.0,32.0,32.0,0.1313939094543457,41.60970594966784,2655.02490234375,,,,,
2324,2,219.0,0.0,32.0,32.0,0.1965150833129882,30.57359898230061,2465.03271484375,,,,,
2325,2,220.0,0.0,32.0,32.0,0.2728171348571777,37.87589003331959,2435.498046875,,,,,
2326,2,221.0,0.0,32.0,32.0,0.2161269187927246,44.86839199671522,2754.88671875,,,,,
2327,2,222.0,0.0,32.0,32.0,0.0780067443847656,39.66901602689177,2498.1083984375,,,,,
2328,2,223.0,0.0,32.0,32.0,0.1125297546386718,37.33155300142244,2398.12548828125,,,,,
2329,2,224.0,0.0,32.0,32.0,0.0149803161621093,39.24094903049991,2507.1259765625,,,,,
2330,2,225.0,0.0,32.0,32.0,0.1147608757019043,38.44490397023037,2477.59716796875,,,,,
2331,2,226.0,0.0,32.0,32.0,0.1163578033447265,38.94176799803972,2356.935546875,,,,,
2332,2,227.0,0.0,32.0,32.0,0.0792279243469238,45.62019201694056,2754.88671875,,,,,
2333,2,228.0,0.0,32.0,32.0,0.0250911712646484,40.28811398893595,2543.56884765625,,,,,
2334,2,229.0,0.0,32.0,32.0,0.3191413879394531,38.77843002555892,2465.03271484375,,,,,
2335,2,230.0,0.0,32.0,32.0,0.1000537872314453,40.91839399188757,2563.3828125,,,,,
2336,2,231.0,0.0,32.0,32.0,0.3000259399414062,39.27993099205196,2498.1083984375,,,,,
2337,2,232.0,0.0,32.0,32.0,0.2622394561767578,37.322890013456345,2790.72021484375,,,,,
2338,2,233.0,0.0,32.0,32.0,0.4361796379089355,40.46344000380486,2507.1259765625,,,,,
2339,2,234.0,0.0,32.0,32.0,0.2058653831481933,39.996613981202245,2533.17626953125,,,,,
2340,2,235.0,0.0,32.0,32.0,0.1015620231628418,48.00816997885704,2852.0673828125,,,,,
2341,2,236.0,0.0,32.0,32.0,0.2527914047241211,40.11292295763269,2533.17626953125,,,,,
2342,2,237.0,0.0,32.0,32.0,0.1384549140930175,44.45806803414598,2730.66845703125,,,,,
2343,2,238.0,0.0,32.0,32.0,0.0490250587463378,39.52665196266025,2507.1259765625,,,,,
2344,2,239.0,0.0,32.0,32.0,0.0938916206359863,38.53721200721338,2315.2705078125,,,,,
2345,2,240.0,0.0,32.0,32.0,0.1208844184875488,41.54594597639516,2660.82958984375,,,,,
2346,2,241.0,0.0,32.0,32.0,0.1300468444824218,38.77589700277895,2315.2705078125,,,,,
2347,2,242.0,0.0,32.0,32.0,0.3027706146240234,44.42311997991055,2761.908203125,,,,,
2348,2,243.0,0.0,32.0,32.0,0.0980458259582519,44.673335971310735,2696.84033203125,,,,,
2349,2,244.0,0.0,32.0,32.0,0.1727614402770996,31.26833401620388,2435.498046875,,,,,
2350,2,245.0,0.0,32.0,32.0,0.193615436553955,43.25582302408293,2574.6875,,,,,
2351,2,246.0,0.0,32.0,32.0,0.2599477767944336,38.43808401143178,2543.56884765625,,,,,
2352,2,247.0,0.0,32.0,32.0,0.0541634559631347,39.857342024333775,2533.17626953125,,,,,
2353,2,248.0,0.0,32.0,32.0,0.0308046340942382,37.81386802438647,2398.12548828125,,,,,
2354,2,249.0,0.0,32.0,32.0,0.0255327224731445,39.72555900691077,2377.17919921875,,,,,
2355,2,250.0,0.0,32.0,32.0,0.1884288787841797,41.4824680192396,2655.02490234375,,,,,
2356,2,251.0,0.0,32.0,32.0,0.2958216667175293,39.200177998282015,2465.03271484375,,,,,
2357,2,252.0,0.0,32.0,32.0,0.0545732975006103,38.01979497075081,2298.90478515625,,,,,
2358,2,253.0,0.0,32.0,32.0,0.1192936897277832,37.24560502450913,2398.12548828125,,,,,
2359,2,254.0,0.0,32.0,32.0,0.0682284832000732,41.44243604969233,2687.3701171875,,,,,
2360,2,255.0,0.0,32.0,32.0,0.0290031433105468,42.72330802632496,2687.3701171875,,,,,
2361,2,256.0,0.0,32.0,32.0,0.1805293560028076,38.282344001345336,2398.12548828125,,,,,
2362,2,257.0,0.0,32.0,32.0,0.1779255867004394,40.18022498348728,2876.80908203125,,,,,
2363,2,258.0,0.0,32.0,32.0,0.0836076736450195,39.819904952310026,2533.17626953125,,,,,
2364,2,259.0,0.0,32.0,32.0,0.0791437625885009,38.28875196631998,2435.498046875,,,,,
2365,2,260.0,0.0,32.0,32.0,0.3230993747711181,44.62853498989716,2754.88671875,,,,,
2366,2,261.0,0.0,32.0,32.0,0.2164287567138672,39.01472297729924,2477.59716796875,,,,,
2367,2,262.0,0.0,32.0,32.0,0.0734388828277587,40.5393959954381,2377.17919921875,,,,,
2368,2,263.0,0.0,32.0,32.0,0.3559393882751465,44.12700998364016,2730.66845703125,,,,,
2369,2,264.0,0.0,32.0,32.0,0.1321873664855957,40.85760598536581,2543.56884765625,,,,,
2370,2,265.0,0.0,32.0,32.0,0.1511092185974121,42.33885899884626,2687.3701171875,,,,,
2371,2,266.0,0.0,32.0,32.0,0.2289237976074218,39.53681100392714,2498.1083984375,,,,,
2372,2,267.0,0.0,32.0,32.0,0.0873854160308837,40.87103297933936,2563.3828125,,,,,
2373,2,268.0,0.0,32.0,32.0,0.2924463748931885,49.94314897339791,2876.80908203125,,,,,
2374,2,269.0,0.0,32.0,32.0,0.1448445320129394,32.43790799751878,2563.3828125,,,,,
2375,2,270.0,0.0,32.0,32.0,0.3092613220214844,38.47276198212057,2435.498046875,,,,,
2376,2,271.0,0.0,32.0,32.0,0.2905530929565429,34.01924500940368,2213.51806640625,,,,,
2377,2,272.0,0.0,32.0,32.0,0.0368452072143554,37.66883799107745,2477.59716796875,,,,,
2378,2,273.0,0.0,32.0,32.0,0.0799884796142578,38.71176397660747,2435.498046875,,,,,
2379,2,274.0,0.0,32.0,32.0,0.1258687973022461,39.601129014045,2507.1259765625,,,,,
2380,2,275.0,0.0,32.0,32.0,0.134279727935791,38.72911096550524,2435.498046875,,,,,
2381,2,276.0,0.0,32.0,32.0,0.0470376014709472,49.09028200199828,2876.80908203125,,,,,
2382,2,277.0,0.0,32.0,32.0,0.217297077178955,39.54104898730293,2533.17626953125,,,,,
2383,2,278.0,0.0,32.0,32.0,0.1497321128845214,47.76451899670064,2822.1865234375,,,,,
2384,2,279.0,0.0,32.0,32.0,0.0558695793151855,45.23468599654734,2730.66845703125,,,,,
2385,2,280.0,0.0,32.0,32.0,0.3064107894897461,42.28484799386933,2655.02490234375,,,,,
2386,2,281.0,0.0,32.0,32.0,0.0672786235809326,40.37680302280933,2533.17626953125,,,,,
2387,2,282.0,0.0,32.0,32.0,0.1708185672760009,31.53425100026652,2563.3828125,,,,,
2388,2,283.0,0.0,32.0,32.0,0.0426950454711914,39.20320299221203,2507.1259765625,,,,,
2389,2,284.0,0.0,32.0,32.0,0.1295526027679443,37.55522100254893,2398.12548828125,,,,,
2390,2,285.0,0.0,32.0,32.0,0.179692268371582,44.6389049757272,2761.908203125,,,,,
2391,2,286.0,0.0,32.0,32.0,0.1435685157775879,38.69582602055743,2410.10546875,,,,,
2392,2,287.0,0.0,32.0,32.0,0.1739149093627929,38.90861995751038,2498.1083984375,,,,,
2393,2,288.0,0.0,32.0,32.0,0.0494461059570312,40.4601949849166,2563.3828125,,,,,
2394,2,289.0,0.0,32.0,32.0,0.2369976043701172,38.02475903648883,2410.10546875,,,,,
2395,2,290.0,0.0,32.0,32.0,0.1058917045593261,38.74557901872322,2477.59716796875,,,,,
2396,2,291.0,0.0,32.0,32.0,0.141357421875,39.88918103277683,2543.56884765625,,,,,
2397,2,292.0,0.0,32.0,32.0,0.0265130996704101,41.895192000083625,2574.6875,,,,,
2398,2,293.0,0.0,32.0,32.0,0.1417601108551025,43.94884698558599,2730.66845703125,,,,,
2399,2,294.0,0.0,32.0,32.0,0.3550784587860107,39.91127305198461,2543.56884765625,,,,,
2400,2,295.0,0.0,32.0,32.0,0.1092603206634521,30.59746697545052,2477.59716796875,,,,,
2401,2,296.0,0.0,32.0,32.0,0.2704575061798095,47.64086898649112,2822.1865234375,,,,,
2402,2,297.0,0.0,32.0,32.0,0.0658814907073974,42.140335019212216,2574.6875,,,,,
2403,2,298.0,0.0,32.0,32.0,0.0716011524200439,41.875839000567794,2660.82958984375,,,,,
2404,2,299.0,0.0,32.0,32.0,0.2277724742889404,48.036255000624806,2822.1865234375,,,,,
2405,2,300.0,0.0,32.0,32.0,0.0471308231353759,41.58487997483462,2660.82958984375,,,,,
2406,2,301.0,0.0,32.0,32.0,0.2086794376373291,41.43719899002463,2574.6875,,,,,
2407,2,302.0,0.0,32.0,32.0,0.0657763481140136,44.3549039773643,2730.66845703125,,,,,
2408,2,303.0,0.0,32.0,32.0,0.1398360729217529,44.09853095421568,2655.02490234375,,,,,
2409,2,304.0,0.0,32.0,32.0,0.0195963382720947,41.324303951114416,2655.02490234375,,,,,
2410,2,305.0,0.0,32.0,32.0,0.1604366302490234,41.403946990612894,2655.02490234375,,,,,
2411,2,306.0,0.0,32.0,32.0,0.1518270969390869,40.3064540005289,2377.17919921875,,,,,
2412,2,307.0,0.0,32.0,32.0,0.314979076385498,30.215366976335645,2349.4912109375,,,,,
2413,2,308.0,0.0,32.0,32.0,0.2851157188415527,48.97094500483945,2888.2919921875,,,,,
2414,2,309.0,0.0,32.0,32.0,0.2488825321197509,45.13624001992866,2761.908203125,,,,,
2415,2,310.0,0.0,32.0,32.0,0.0370254516601562,42.10361198056489,2574.6875,,,,,
2416,2,311.0,0.0,32.0,32.0,0.3225984573364258,44.084171007853,2690.6982421875,,,,,
2417,2,312.0,0.0,32.0,32.0,0.2153797149658203,44.20073400251568,2690.6982421875,,,,,
2418,2,313.0,0.0,32.0,32.0,0.142773151397705,42.59005596395582,2660.82958984375,,,,,
2419,2,314.0,0.0,32.0,32.0,0.0743334293365478,43.746447016019374,2690.6982421875,,,,,
2420,2,315.0,0.0,32.0,32.0,0.0371315479278564,39.10361503949389,2435.498046875,,,,,
2421,2,316.0,0.0,32.0,32.0,0.2389540672302246,39.31398701388389,2507.1259765625,,,,,
2422,2,317.0,0.0,32.0,32.0,0.0246376991271972,41.57451703213155,2574.6875,,,,,
2423,2,318.0,0.0,32.0,32.0,0.2597508430480957,40.044930996373296,2533.17626953125,,,,,
2424,2,319.0,0.0,32.0,32.0,0.1199598312377929,39.84013304580003,2852.0673828125,,,,,
2425,2,320.0,0.0,32.0,32.0,0.5127382278442383,41.881591954734176,2655.02490234375,,,,,
2426,2,321.0,0.0,32.0,32.0,0.1001074314117431,41.23520903522149,2655.02490234375,,,,,
2427,2,322.0,0.0,32.0,32.0,0.2739510536193847,50.9631679742597,2956.64208984375,,,,,
2428,2,323.0,0.0,32.0,32.0,0.02042818069458,40.08287802571431,2543.56884765625,,,,,
2429,2,324.0,0.0,32.0,32.0,0.0617601871490478,34.31087400531396,2233.6396484375,,,,,
2430,2,325.0,0.0,32.0,32.0,0.2246768474578857,40.99918401334435,2660.82958984375,,,,,
2431,2,326.0,0.0,32.0,32.0,0.1910953521728515,39.154284982942045,2349.4912109375,,,,,
2432,2,327.0,0.0,32.0,32.0,0.1338942050933838,39.41647696774453,2507.1259765625,,,,,
2433,2,328.0,0.0,32.0,32.0,0.2775318622589111,39.98134197900072,2507.1259765625,,,,,
2434,2,329.0,0.0,32.0,32.0,0.1925809383392334,39.01411400875077,2477.59716796875,,,,,
2435,2,330.0,0.0,32.0,32.0,0.0400223731994628,39.43213896127418,2543.56884765625,,,,,
2436,2,331.0,0.0,32.0,32.0,0.0223145484924316,45.05676496773958,2730.66845703125,,,,,
2437,2,332.0,0.0,32.0,32.0,0.029414415359497,30.1485059899278,2435.498046875,,,,,
2438,2,333.0,0.0,32.0,32.0,0.1133821010589599,41.42316500656307,2574.6875,,,,,
2439,2,334.0,0.0,32.0,32.0,0.0751705169677734,44.80353102553636,2696.84033203125,,,,,
2440,2,335.0,0.0,32.0,32.0,0.1270625591278076,39.36916601378471,2533.17626953125,,,,,
2441,2,336.0,0.0,32.0,32.0,0.1558175086975097,39.21145299682394,2507.1259765625,,,,,
2442,2,337.0,0.0,32.0,32.0,0.0155165195465087,38.97118801251054,2498.1083984375,,,,,
2443,2,338.0,0.0,32.0,32.0,0.1227455139160156,38.8964349986054,2356.935546875,,,,,
2444,2,339.0,0.0,32.0,32.0,0.0941805839538574,38.77055796328932,2477.59716796875,,,,,
2445,2,340.0,0.0,32.0,32.0,0.1415209770202636,50.06580799818039,2946.62548828125,,,,,
2446,2,341.0,0.0,32.0,32.0,0.1194579601287841,40.35087901866064,2533.17626953125,,,,,
2447,2,342.0,0.0,32.0,32.0,0.0095636844635009,46.91918799653649,2810.46826171875,,,,,
2448,2,343.0,0.0,32.0,32.0,0.1414525508880615,39.00938900187612,2435.498046875,,,,,
2449,2,344.0,0.0,32.0,32.0,0.5918471813201904,38.528934004716575,2465.03271484375,,,,,
2450,2,345.0,0.0,32.0,32.0,0.272897720336914,32.426977006252855,2563.3828125,,,,,
2451,2,346.0,0.0,32.0,32.0,0.4283111095428467,42.40055795526132,2574.6875,,,,,
2452,2,347.0,0.0,32.0,32.0,0.0117292404174804,38.17422798601911,2298.90478515625,,,,,
2453,2,348.0,0.0,32.0,32.0,0.0610830783843994,41.061077965423465,2660.82958984375,,,,,
2454,2,349.0,0.0,32.0,32.0,0.3115761280059814,44.74950098665431,2754.88671875,,,,,
2455,2,350.0,0.0,32.0,32.0,0.1705141067504882,39.268384978640825,2498.1083984375,,,,,
2456,2,351.0,0.0,32.0,32.0,0.1145431995391845,43.909544008784,2730.66845703125,,,,,
2457,2,352.0,0.0,32.0,32.0,0.0574276447296142,42.69119299715385,2660.82958984375,,,,,
2458,2,353.0,0.0,32.0,32.0,0.2128767967224121,40.06169701460749,2533.17626953125,,,,,
2459,2,354.0,0.0,32.0,32.0,0.0882654190063476,40.03614198882133,2533.17626953125,,,,,
2460,2,355.0,0.0,32.0,32.0,0.2521853446960449,38.57121901819482,2410.10546875,,,,,
2461,2,356.0,0.0,32.0,32.0,0.0609717369079589,40.89371202280745,2655.02490234375,,,,,
2462,2,357.0,0.0,32.0,32.0,0.314321756362915,45.510872034356,2761.908203125,,,,,
2463,2,358.0,0.0,32.0,32.0,0.0305352210998535,31.91059600794688,2533.17626953125,,,,,
2464,2,359.0,0.0,32.0,32.0,0.3675260543823242,49.88485499052331,2914.046875,,,,,
2465,2,360.0,0.0,32.0,32.0,0.2178671360015869,38.83599198888987,2477.59716796875,,,,,
2466,2,361.0,0.0,32.0,32.0,0.2122797966003418,40.28084798483178,2563.3828125,,,,,
2467,2,362.0,0.0,32.0,32.0,0.0599312782287597,40.08629801683128,2377.17919921875,,,,,
2468,2,363.0,0.0,32.0,32.0,0.0787277221679687,37.72771399235353,2298.90478515625,,,,,
2469,2,364.0,0.0,32.0,32.0,0.0602688789367675,38.68055698694661,2349.4912109375,,,,,
2470,2,365.0,0.0,32.0,32.0,0.1805357933044433,40.23673397023231,2377.17919921875,,,,,
2471,2,366.0,0.0,32.0,32.0,0.0867617130279541,47.937299008481205,2822.1865234375,,,,,
2472,2,367.0,0.0,32.0,32.0,0.1399810314178466,43.01709297578782,2687.3701171875,,,,,
2473,2,368.0,0.0,32.0,32.0,0.0763688087463378,43.38882496813312,2660.82958984375,,,,,
2474,2,369.0,0.0,32.0,32.0,0.0938081741333007,44.52325101010501,2730.66845703125,,,,,
2475,2,370.0,0.0,32.0,32.0,0.112999677658081,40.01968202646822,2507.1259765625,,,,,
2476,2,371.0,0.0,32.0,32.0,0.0453929901123046,30.461735965218395,2507.1259765625,,,,,
2477,2,372.0,0.0,32.0,32.0,0.2871401309967041,39.60045700659976,2543.56884765625,,,,,
2478,2,373.0,0.0,32.0,32.0,0.0881593227386474,43.72684302506968,2696.84033203125,,,,,
2479,2,374.0,0.0,32.0,32.0,0.0583047866821289,42.89927700301632,2660.82958984375,,,,,
2480,2,375.0,0.0,32.0,32.0,0.0562124252319335,39.542616985272616,2356.935546875,,,,,
2481,2,376.0,0.0,32.0,32.0,0.3003239631652832,39.5292550092563,2543.56884765625,,,,,
2482,2,377.0,0.0,32.0,32.0,0.2335960865020752,39.361665956676006,2465.03271484375,,,,,
2483,2,378.0,0.0,32.0,32.0,0.4152405261993408,34.87380099250004,2273.755859375,,,,,
2484,2,379.0,0.0,32.0,32.0,0.1178045272827148,38.288386014755815,2533.17626953125,,,,,
2485,2,380.0,0.0,32.0,32.0,0.2823948860168457,38.484750024508685,2410.10546875,,,,,
2486,2,381.0,0.0,32.0,32.0,0.1300411224365234,45.12318602064624,2790.72021484375,,,,,
2487,2,382.0,0.0,32.0,32.0,0.1903471946716308,41.367180994711816,2563.3828125,,,,,
2488,2,383.0,0.0,32.0,32.0,0.2599048614501953,38.35093998350203,2298.90478515625,,,,,
2489,2,384.0,0.0,32.0,32.0,0.1097719669342041,40.71312502492219,2914.046875,,,,,
2490,2,385.0,0.0,32.0,32.0,0.2017903327941894,47.917507996317,2852.0673828125,,,,,
2491,2,386.0,0.0,32.0,32.0,0.4154300689697265,39.0634469804354,2477.59716796875,,,,,
2492,2,387.0,0.0,32.0,32.0,0.2201542854309082,41.30721098044887,2660.82958984375,,,,,
2493,2,388.0,0.0,32.0,32.0,0.234529972076416,45.725856034550816,2761.908203125,,,,,
2494,2,389.0,0.0,32.0,32.0,0.1790246963500976,46.74145102035254,2790.72021484375,,,,,
2495,2,390.0,0.0,32.0,32.0,0.1274218559265136,40.21896299673245,2507.1259765625,,,,,
2496,2,391.0,0.0,32.0,32.0,0.1376266479492187,39.164570975117385,2477.59716796875,,,,,
2497,2,392.0,0.0,32.0,32.0,0.1632027626037597,43.43561897985637,2690.6982421875,,,,,
2498,2,393.0,0.0,32.0,32.0,0.0734057426452636,44.7005300084129,2696.84033203125,,,,,
2499,2,394.0,0.0,32.0,32.0,0.1269116401672363,45.49186798976734,2730.66845703125,,,,,
2500,2,395.0,0.0,32.0,32.0,0.3232851028442383,38.44690998084843,2398.12548828125,,,,,
2501,2,396.0,0.0,32.0,32.0,0.1294999122619629,35.74538102839142,2730.66845703125,,,,,
2502,2,397.0,0.0,32.0,32.0,0.2238173484802246,40.46593699604273,2507.1259765625,,,,,
2503,2,398.0,0.0,32.0,32.0,0.1101093292236328,38.62769703846425,2435.498046875,,,,,
2504,2,399.0,0.0,32.0,32.0,0.0948729515075683,39.92068901425228,2533.17626953125,,,,,
2505,2,400.0,0.0,32.0,32.0,0.0385222434997558,39.32590497424826,2533.17626953125,,,,,
2506,2,401.0,0.0,32.0,32.0,0.1038875579833984,36.13996302010492,2273.755859375,,,,,
2507,2,402.0,0.0,32.0,32.0,0.1553702354431152,46.61071195732802,2822.1865234375,,,,,
2508,2,403.0,0.0,32.0,32.0,0.1104702949523925,41.29924898734316,2574.6875,,,,,
2509,2,404.0,0.0,32.0,32.0,0.0567700862884521,39.23319902969524,2543.56884765625,,,,,
2510,2,405.0,0.0,32.0,32.0,0.3472943305969238,39.47547799907625,2533.17626953125,,,,,
2511,2,406.0,0.0,32.0,32.0,0.0991840362548828,39.26948696607724,2507.1259765625,,,,,
2512,2,407.0,0.0,32.0,32.0,0.2144536972045898,43.60201000235975,2690.6982421875,,,,,
2513,2,408.0,0.0,32.0,32.0,0.1887438297271728,39.91059400141239,2498.1083984375,,,,,
2514,2,409.0,0.0,32.0,32.0,0.2050907611846923,28.03419402334839,2398.12548828125,,,,,
2515,2,410.0,0.0,32.0,32.0,0.2205703258514404,37.58203604957089,2435.498046875,,,,,
2516,2,411.0,0.0,32.0,32.0,0.4097869396209717,37.56369696930051,2398.12548828125,,,,,
2517,2,412.0,0.0,32.0,32.0,0.2397007942199707,39.7246340289712,2543.56884765625,,,,,
2518,2,413.0,0.0,32.0,32.0,0.0797410011291503,48.28752798493952,2852.0673828125,,,,,
2519,2,414.0,0.0,32.0,32.0,0.0474138259887695,41.73254600027576,2574.6875,,,,,
2520,2,415.0,0.0,32.0,32.0,0.2527227401733398,44.00415503187105,2696.84033203125,,,,,
2521,2,416.0,0.0,32.0,32.0,0.1236557960510253,47.24541399627924,2810.46826171875,,,,,
2522,2,417.0,0.0,32.0,32.0,0.1177024841308593,41.97915596887469,2574.6875,,,,,
2523,2,418.0,0.0,32.0,32.0,0.1575593948364257,41.35214496636763,2660.82958984375,,,,,
2524,2,419.0,0.0,32.0,32.0,0.0893769264221191,39.74052099511027,2543.56884765625,,,,,
2525,2,420.0,0.0,32.0,32.0,0.3971948623657226,38.06683298898861,2154.8759765625,,,,,
2526,2,421.0,0.0,32.0,32.0,0.0458059310913085,35.96918500261381,2398.12548828125,,,,,
2527,2,422.0,0.0,32.0,32.0,0.3074312210083008,35.22700897883624,2754.88671875,,,,,
2528,2,423.0,0.0,32.0,32.0,0.0423078536987304,46.702897001523525,2730.66845703125,,,,,
2529,2,424.0,0.0,32.0,32.0,0.0579109191894531,40.85754504194483,2655.02490234375,,,,,
2530,2,425.0,0.0,32.0,32.0,0.2852821350097656,40.78934498829767,2563.3828125,,,,,
2531,2,426.0,0.0,32.0,32.0,0.019045352935791,39.68379198340699,2533.17626953125,,,,,
2532,2,427.0,0.0,32.0,32.0,0.1041574478149414,47.38495202036575,2822.1865234375,,,,,
2533,2,428.0,0.0,32.0,32.0,0.0198078155517578,39.84819597098976,2498.1083984375,,,,,
2534,2,429.0,0.0,32.0,32.0,0.0363154411315918,44.46182795800269,2761.908203125,,,,,
2535,2,430.0,0.0,32.0,32.0,0.2859344482421875,51.290208008140326,2978.1904296875,,,,,
2536,2,431.0,0.0,32.0,32.0,0.3014745712280273,51.6898610512726,2956.64208984375,,,,,
2537,2,432.0,0.0,32.0,32.0,0.014850378036499,39.74182397359982,2507.1259765625,,,,,
2538,2,433.0,0.0,32.0,32.0,0.0740375518798828,42.04386402852833,2687.3701171875,,,,,
2539,2,434.0,0.0,32.0,32.0,0.2292790412902832,35.5557199800387,2690.6982421875,,,,,
2540,2,435.0,0.0,32.0,32.0,0.3003828525543213,47.03269200399518,2790.72021484375,,,,,
2541,2,436.0,0.0,32.0,32.0,0.2361297607421875,38.86633197544143,2477.59716796875,,,,,
2542,2,437.0,0.0,32.0,32.0,0.1577033996582031,51.63666402222589,3023.82470703125,,,,,
2543,2,438.0,0.0,32.0,32.0,0.0893950462341308,39.63325096992776,2477.59716796875,,,,,
2544,2,439.0,0.0,32.0,32.0,0.1610875129699707,39.02393201133236,2477.59716796875,,,,,
2545,2,440.0,0.0,32.0,32.0,0.038431167602539,46.758966986089945,2810.46826171875,,,,,
2546,2,441.0,0.0,32.0,32.0,0.2131948471069336,40.16773100011051,2349.4912109375,,,,,
2547,2,442.0,0.0,32.0,32.0,0.3058366775512695,134.6213009674102,2507.1259765625,,,,,
2548,2,443.0,0.0,32.0,32.0,0.2485055923461914,32.16116799740121,2356.935546875,,,,,
2549,2,444.0,0.0,32.0,32.0,0.1143789291381836,29.50478199636564,2377.17919921875,,,,,
2550,2,445.0,0.0,32.0,32.0,0.279240608215332,37.364125018939376,2655.02490234375,,,,,
2551,2,446.0,0.0,32.0,32.0,0.1535372734069824,35.431937023531646,2435.498046875,,,,,
2552,2,447.0,0.0,32.0,32.0,0.1118149757385253,35.21291597280651,2465.03271484375,,,,,
2553,2,448.0,0.0,32.0,32.0,0.1220788955688476,38.08215801836923,2574.6875,,,,,
2554,2,449.0,0.0,32.0,32.0,0.0387201309204101,36.57176299020648,2507.1259765625,,,,,
2555,2,450.0,0.0,32.0,32.0,0.0346865653991699,35.59563000453636,2410.10546875,,,,,
2556,2,451.0,0.0,32.0,32.0,0.0333456993103027,40.4420790146105,2696.84033203125,,,,,
2557,2,452.0,0.0,32.0,32.0,0.1751718521118164,44.7616939782165,2761.908203125,,,,,
2558,2,453.0,0.0,32.0,32.0,0.1388444900512695,43.95453201141208,2690.6982421875,,,,,
2559,2,454.0,0.0,32.0,32.0,0.0275602340698242,51.359842997044325,3000.7802734375,,,,,
2560,2,455.0,0.0,32.0,32.0,0.1780967712402343,38.53818698553368,2435.498046875,,,,,
2561,2,456.0,0.0,32.0,32.0,0.0983405113220214,38.812295999377966,2356.935546875,,,,,
2562,2,457.0,0.0,32.0,32.0,0.1366815567016601,26.4964519883506,2249.71875,,,,,
2563,2,458.0,0.0,32.0,32.0,0.1332054138183593,38.642845989670604,2533.17626953125,,,,,
2564,2,459.0,0.0,32.0,32.0,0.1765303611755371,40.00356799224392,2377.17919921875,,,,,
2565,2,460.0,0.0,32.0,32.0,0.114509105682373,40.42970505543053,2563.3828125,,,,,
2566,2,461.0,0.0,32.0,32.0,0.2285351753234863,40.87738395901397,2563.3828125,,,,,
2567,2,462.0,0.0,32.0,32.0,0.0138969421386718,38.8767039985396,2465.03271484375,,,,,
2568,2,463.0,0.0,32.0,32.0,0.2118520736694336,46.82395001873374,2687.3701171875,,,,,
2569,2,464.0,0.0,32.0,32.0,0.2603538036346435,55.38267904194072,2754.88671875,,,,,
2570,2,465.0,0.0,32.0,32.0,0.1675796508789062,52.141155989374965,2696.84033203125,,,,,
2571,2,466.0,0.0,32.0,32.0,0.0113921165466308,45.56099802721292,2574.6875,,,,,
2572,2,467.0,0.0,32.0,32.0,0.044764757156372,45.07135500898585,2730.66845703125,,,,,
2573,2,468.0,0.0,32.0,32.0,0.1625926494598388,38.13802299555391,2410.10546875,,,,,
2574,2,469.0,0.0,32.0,32.0,0.3347492218017578,27.845030010212213,2465.03271484375,,,,,
2575,2,470.0,0.0,32.0,32.0,0.1416585445404052,38.9088349766098,2563.3828125,,,,,
2576,2,471.0,0.0,32.0,32.0,0.1506030559539795,37.25608700187877,2543.56884765625,,,,,
2577,2,472.0,0.0,32.0,32.0,0.080280065536499,38.39278203668073,2563.3828125,,,,,
2578,2,473.0,0.0,32.0,32.0,0.3676083087921142,43.31139702117071,2790.72021484375,,,,,
2579,2,474.0,0.0,32.0,32.0,0.2102992534637451,40.386523003689945,2687.3701171875,,,,,
2580,2,475.0,0.0,32.0,32.0,0.089754581451416,38.29637297894806,2543.56884765625,,,,,
2581,2,476.0,0.0,32.0,32.0,0.2365341186523437,37.75591298472136,2498.1083984375,,,,,
2582,2,477.0,0.0,32.0,32.0,0.0266482830047607,48.03919803816825,2876.80908203125,,,,,
2583,2,478.0,0.0,32.0,32.0,0.1088526248931884,40.63777002738789,2655.02490234375,,,,,
2584,2,479.0,0.0,32.0,32.0,0.3104748725891113,34.622778999619186,2249.71875,,,,,
2585,2,480.0,0.0,32.0,32.0,0.2630062103271484,38.68509002495557,2507.1259765625,,,,,
2586,2,481.0,0.0,32.0,32.0,0.1295413970947265,44.64198800269514,2790.72021484375,,,,,
2587,2,482.0,0.0,32.0,32.0,0.1483969688415527,30.536041012965143,2543.56884765625,,,,,
2588,2,483.0,0.0,32.0,32.0,0.1900868415832519,41.03792301611975,2563.3828125,,,,,
2589,2,484.0,0.0,32.0,32.0,0.1786098480224609,46.42964398954064,2790.72021484375,,,,,
2590,2,485.0,0.0,32.0,32.0,0.1671552658081054,40.59328098082915,2410.10546875,,,,,
2591,2,486.0,0.0,32.0,32.0,0.1680402755737304,43.02312299842015,2533.17626953125,,,,,
2592,2,487.0,0.0,32.0,32.0,0.146855354309082,61.36570603121072,3056.90625,,,,,
2593,2,488.0,0.0,32.0,32.0,0.2418327331542968,42.6844569738023,2477.59716796875,,,,,
2594,2,489.0,0.0,32.0,32.0,0.041335105895996,41.68661404401064,2533.17626953125,,,,,
2595,2,490.0,0.0,32.0,32.0,0.0498585700988769,42.38284798339009,2574.6875,,,,,
2596,2,491.0,0.0,32.0,32.0,0.2108302116394043,41.83834599098191,2655.02490234375,,,,,
2597,2,492.0,0.0,32.0,32.0,0.0421977043151855,43.6795839923434,2696.84033203125,,,,,
2598,2,493.0,0.0,32.0,32.0,0.1786689758300781,43.959091999568045,2696.84033203125,,,,,
2599,2,494.0,0.0,32.0,32.0,0.0244374275207519,39.42206501960754,2876.80908203125,,,,,
2600,2,495.0,0.0,32.0,32.0,0.4344382286071777,37.8671939834021,2356.935546875,,,,,
2601,2,496.0,0.0,32.0,32.0,0.1686391830444336,48.83755597984418,2978.1904296875,,,,,
2602,2,497.0,0.0,32.0,32.0,0.0499377250671386,38.0297540104948,2315.2705078125,,,,,
2603,2,498.0,0.0,32.0,32.0,0.1163887977600097,39.71905296202749,2574.6875,,,,,
2604,2,499.0,0.0,32.0,32.0,0.0186200141906738,38.94391201902181,2377.17919921875,,,,,
2605,2,500.0,0.0,32.0,32.0,0.5131573677062988,37.934071966446936,2349.4912109375,,,,,
2606,2,501.0,0.0,32.0,32.0,0.064702033996582,38.73367904452607,2377.17919921875,,,,,
2607,2,502.0,0.0,32.0,32.0,0.2929329872131347,38.81531796650961,2377.17919921875,,,,,
2608,2,503.0,0.0,32.0,32.0,0.0158205032348632,37.88377204909921,2477.59716796875,,,,,
2609,2,504.0,0.0,32.0,32.0,0.2677578926086426,37.41334000369534,2298.90478515625,,,,,
2610,2,505.0,0.0,32.0,32.0,0.1716792583465576,39.43459200672805,2377.17919921875,,,,,
2611,2,506.0,0.0,32.0,32.0,0.1918659210205078,39.84337899601087,2507.1259765625,,,,,
2612,2,507.0,0.0,32.0,32.0,0.2148470878601074,31.295899010729045,2543.56884765625,,,,,
2613,2,508.0,0.0,32.0,32.0,0.2788047790527344,42.45816799812019,2574.6875,,,,,
2614,2,509.0,0.0,32.0,32.0,0.1415033340454101,46.631156001240015,2730.66845703125,,,,,
2615,2,510.0,0.0,32.0,32.0,0.2680368423461914,46.18338402360678,2660.82958984375,,,,,
2616,2,511.0,0.0,32.0,32.0,0.0397915840148925,41.87820403603837,2349.4912109375,,,,,
2617,2,512.0,0.0,32.0,32.0,0.2609891891479492,39.46270304732025,2410.10546875,,,,,
2618,2,513.0,0.0,32.0,32.0,0.2015433311462402,46.03412200231105,2761.908203125,,,,,
2619,2,514.0,0.0,32.0,32.0,0.1450171470642089,45.32936902251095,2730.66845703125,,,,,
2620,2,515.0,0.0,32.0,32.0,0.0521526336669921,52.227558044251055,2956.64208984375,,,,,
2621,2,516.0,0.0,32.0,32.0,0.2156848907470703,40.284432005137205,2377.17919921875,,,,,
2622,2,517.0,0.0,32.0,32.0,0.1223421096801757,37.905200966633856,2477.59716796875,,,,,
2623,2,518.0,0.0,32.0,32.0,0.2041735649108886,39.059075992554426,2377.17919921875,,,,,
2624,2,519.0,0.0,32.0,32.0,0.25396728515625,30.447082011960447,2377.17919921875,,,,,
2625,2,520.0,0.0,32.0,32.0,0.1899948120117187,40.36329902010039,2687.3701171875,,,,,
2626,2,521.0,0.0,32.0,32.0,0.1989045143127441,40.97438504686579,2574.6875,,,,,
2627,2,522.0,0.0,32.0,32.0,0.141542911529541,39.94750999845565,2574.6875,,,,,
2628,2,523.0,0.0,32.0,32.0,0.194559097290039,38.16215100232512,2507.1259765625,,,,,
2629,2,524.0,0.0,32.0,32.0,0.2357587814331054,37.81882097246125,2477.59716796875,,,,,
2630,2,525.0,0.0,32.0,32.0,0.2161808013916015,40.86689301766455,2687.3701171875,,,,,
2631,2,526.0,0.0,32.0,32.0,0.1030225753784179,44.23824098194018,2754.88671875,,,,,
2632,2,527.0,0.0,32.0,32.0,0.1472620964050293,39.30250200210139,2507.1259765625,,,,,
2633,2,528.0,0.0,32.0,32.0,0.2960515022277832,40.09693500120193,2377.17919921875,,,,,
2634,2,529.0,0.0,32.0,32.0,0.0844202041625976,39.19405594933778,2356.935546875,,,,,
2635,2,530.0,0.0,32.0,32.0,0.1044178009033203,45.44182599056512,2761.908203125,,,,,
2636,2,531.0,0.0,32.0,32.0,0.0489149093627929,41.270784044172615,2533.17626953125,,,,,
2637,2,532.0,0.0,32.0,32.0,0.3588218688964844,32.2414489928633,2533.17626953125,,,,,
2638,2,533.0,0.0,32.0,32.0,0.1568450927734375,49.06535905320197,2790.72021484375,,,,,
2639,2,534.0,0.0,32.0,32.0,0.127655029296875,40.66478897584602,2298.90478515625,,,,,
2640,2,535.0,0.0,32.0,32.0,0.0398635864257812,52.65590496128425,3023.82470703125,,,,,
2641,2,536.0,0.0,32.0,32.0,0.1096606254577636,41.08035698300228,2356.935546875,,,,,
2642,2,537.0,0.0,32.0,32.0,0.0214037895202636,40.13261297950521,2507.1259765625,,,,,
2643,2,538.0,0.0,32.0,32.0,0.0765790939331054,41.98712605284527,2660.82958984375,,,,,
2644,2,539.0,0.0,32.0,32.0,0.2703804969787597,41.34099296061322,2574.6875,,,,,
2645,2,540.0,0.0,32.0,32.0,0.115497350692749,44.92543404921889,2790.72021484375,,,,,
2646,2,541.0,0.0,32.0,32.0,0.0077531337738037,38.81095495307818,2410.10546875,,,,,
2647,2,542.0,0.0,32.0,32.0,0.3516767024993896,41.21249198215082,2687.3701171875,,,,,
2648,2,543.0,0.0,32.0,32.0,0.2906801700592041,43.51328097982332,2696.84033203125,,,,,
2649,2,544.0,0.0,32.0,32.0,0.1393470764160156,29.373244964517653,2435.498046875,,,,,
2650,2,545.0,0.0,32.0,32.0,0.2239608764648437,34.286903974134475,2273.755859375,,,,,
2651,2,546.0,0.0,32.0,32.0,0.3162264823913574,41.50507197482512,2696.84033203125,,,,,
2652,2,547.0,0.0,32.0,32.0,0.006178855895996,38.167533988598734,2477.59716796875,,,,,
2653,2,548.0,0.0,32.0,32.0,0.1272680759429931,34.55240902258083,2273.755859375,,,,,
2654,2,549.0,0.0,32.0,32.0,0.2826554775238037,47.52474697306752,2888.2919921875,,,,,
2655,2,550.0,0.0,32.0,32.0,0.2654509544372558,39.58269499707967,2377.17919921875,,,,,
2656,2,551.0,0.0,32.0,32.0,0.038964033126831,40.83564598113298,2660.82958984375,,,,,
2657,2,552.0,0.0,32.0,32.0,0.2668607234954834,48.29419503221288,2852.0673828125,,,,,
2658,2,553.0,0.0,32.0,32.0,0.079402208328247,41.53784201480448,2563.3828125,,,,,
2659,2,554.0,0.0,32.0,32.0,0.2512822151184082,42.523240961600095,2660.82958984375,,,,,
2660,2,555.0,0.0,32.0,32.0,0.3364267349243164,40.655179996974766,2356.935546875,,,,,
2661,2,556.0,0.0,32.0,32.0,0.4134137630462646,45.369643019512296,2730.66845703125,,,,,
2662,2,557.0,0.0,32.0,32.0,0.2997012138366699,32.77124499436468,2507.1259765625,,,,,
2663,2,558.0,0.0,32.0,32.0,0.0489640235900878,39.94507703464478,2315.2705078125,,,,,
2664,2,559.0,0.0,32.0,32.0,0.2639226913452148,41.996252024546266,2655.02490234375,,,,,
2665,2,560.0,0.0,32.0,32.0,0.091381549835205,43.4933920041658,2687.3701171875,,,,,
2666,2,561.0,0.0,32.0,32.0,0.1267285346984863,40.28792300960049,2498.1083984375,,,,,
2667,2,562.0,0.0,32.0,32.0,0.2069694995880127,45.47533096047118,2790.72021484375,,,,,
2668,2,563.0,0.0,32.0,32.0,0.2574081420898437,40.71202699560672,2563.3828125,,,,,
2669,2,564.0,0.0,32.0,32.0,0.1804742813110351,38.18478295579553,2435.498046875,,,,,
2670,2,565.0,0.0,32.0,32.0,0.2096486091613769,38.649214955512434,2543.56884765625,,,,,
2671,2,566.0,0.0,32.0,32.0,0.0659523010253906,40.23741598939523,2377.17919921875,,,,,
2672,2,567.0,0.0,32.0,32.0,0.0368165969848632,43.36206498555839,2730.66845703125,,,,,
2673,2,568.0,0.0,32.0,32.0,0.0699367523193359,38.89920999063179,2477.59716796875,,,,,
2674,2,569.0,0.0,32.0,32.0,0.355508804321289,38.6541269836016,2533.17626953125,,,,,
2675,2,570.0,0.0,32.0,32.0,0.0227861404418945,29.165598039980978,2543.56884765625,,,,,
2676,2,571.0,0.0,32.0,32.0,0.3750333786010742,38.82811201037839,2507.1259765625,,,,,
2677,2,572.0,0.0,32.0,32.0,0.0477447509765625,39.331586041953415,2377.17919921875,,,,,
2678,2,573.0,0.0,32.0,32.0,0.1578474044799804,38.74042595271021,2533.17626953125,,,,,
2679,2,574.0,0.0,32.0,32.0,0.1666259765625,38.947495049797,2498.1083984375,,,,,
2680,2,575.0,0.0,32.0,32.0,0.0305185317993164,40.88904499076307,2574.6875,,,,,
2681,2,576.0,0.0,32.0,32.0,0.1079959869384765,41.653037013020366,2574.6875,,,,,
2682,2,577.0,0.0,32.0,32.0,0.1221990585327148,41.14028200274333,2574.6875,,,,,
2683,2,578.0,0.0,32.0,32.0,0.1456880569458007,42.10756404791027,2660.82958984375,,,,,
2684,2,579.0,0.0,32.0,32.0,0.0501871109008789,41.68781597400084,2377.17919921875,,,,,
2685,2,580.0,0.0,32.0,32.0,0.176645278930664,39.54311099369079,2315.2705078125,,,,,
2686,2,581.0,0.0,32.0,32.0,0.0874223709106445,41.946249024476856,2655.02490234375,,,,,
2687,2,582.0,0.0,32.0,32.0,0.0985860824584961,39.60284101776779,2465.03271484375,,,,,
2688,2,583.0,0.0,32.0,32.0,0.1620721817016601,37.06601297017187,2761.908203125,,,,,
2689,2,584.0,0.0,32.0,32.0,0.0294752120971679,40.56355397915468,2507.1259765625,,,,,
2690,2,585.0,0.0,32.0,32.0,0.073918342590332,44.7578759631142,2730.66845703125,,,,,
2691,2,586.0,0.0,32.0,32.0,0.117161750793457,39.41244800807908,2477.59716796875,,,,,
2692,2,587.0,0.0,32.0,32.0,0.1179304122924804,34.200872003566474,2154.8759765625,,,,,
2693,2,588.0,0.0,32.0,32.0,0.0130281448364257,39.764065004419535,2563.3828125,,,,,
2694,2,589.0,0.0,32.0,32.0,0.1868848800659179,42.384373024106026,2687.3701171875,,,,,
2695,2,590.0,0.0,32.0,32.0,0.0159883499145507,40.77999602304772,2574.6875,,,,,
2696,2,591.0,0.0,32.0,32.0,0.0142822265625,37.65473701059818,2435.498046875,,,,,
2697,2,592.0,0.0,32.0,32.0,0.2062582969665527,37.111090030521154,2410.10546875,,,,,
2698,2,593.0,0.0,32.0,32.0,0.2081837654113769,38.82838803110644,2543.56884765625,,,,,
2699,2,594.0,0.0,32.0,32.0,0.0181107521057128,38.34751399699599,2465.03271484375,,,,,
2700,2,595.0,0.0,32.0,32.0,0.0061869621276855,38.21304900338873,2349.4912109375,,,,,
2701,2,596.0,0.0,32.0,32.0,0.1570372581481933,27.79548498801887,2398.12548828125,,,,,
2702,2,597.0,0.0,32.0,32.0,0.2146439552307129,47.21555195283145,2876.80908203125,,,,,
2703,2,598.0,0.0,32.0,32.0,0.1641159057617187,38.99668203666806,2498.1083984375,,,,,
2704,2,599.0,0.0,32.0,32.0,0.0437526702880859,38.09615800855681,2435.498046875,,,,,
2705,2,600.0,0.0,32.0,32.0,0.1293807029724121,39.51162897283211,2377.17919921875,,,,,
2706,2,601.0,0.0,32.0,32.0,0.096996784210205,51.6483040410094,2965.60693359375,,,,,
2707,2,602.0,0.0,32.0,32.0,0.0560355186462402,44.579063018318266,2690.6982421875,,,,,
2708,2,603.0,0.0,32.0,32.0,0.2587332725524902,42.64186799991876,2574.6875,,,,,
2709,2,604.0,0.0,32.0,32.0,0.01133394241333,43.168489006347954,2660.82958984375,,,,,
2710,2,605.0,0.0,32.0,32.0,0.3131177425384521,41.66608297964558,2563.3828125,,,,,
2711,2,606.0,0.0,32.0,32.0,0.0092482566833496,38.30222302349284,2398.12548828125,,,,,
2712,2,607.0,0.0,32.0,32.0,0.0107414722442626,41.447807976510376,2660.82958984375,,,,,
2713,2,608.0,0.0,32.0,32.0,0.0057940483093261,45.492340985219926,2754.88671875,,,,,
2714,2,609.0,0.0,32.0,32.0,0.4384198188781738,36.37794096721336,2761.908203125,,,,,
2715,2,610.0,0.0,32.0,32.0,0.0514378547668457,39.37122697243467,2477.59716796875,,,,,
2716,2,611.0,0.0,32.0,32.0,0.1948328018188476,41.49762500310317,2574.6875,,,,,
2717,2,612.0,0.0,32.0,32.0,0.1757593154907226,38.35826698923484,2410.10546875,,,,,
2718,2,613.0,0.0,32.0,32.0,0.2359092235565185,38.95622002892196,2543.56884765625,,,,,
2719,2,614.0,0.0,32.0,32.0,0.0053944587707519,38.4278449928388,2465.03271484375,,,,,
2720,2,615.0,0.0,32.0,32.0,0.4612555503845215,38.8081640121527,2498.1083984375,,,,,
2721,2,616.0,0.0,32.0,32.0,0.5806684494018555,44.2658020183444,2730.66845703125,,,,,
2722,2,617.0,0.0,32.0,32.0,0.213409423828125,44.03667099541053,2690.6982421875,,,,,
2723,2,618.0,0.0,32.0,32.0,0.1972432136535644,39.39107700716704,2507.1259765625,,,,,
2724,2,619.0,0.0,32.0,32.0,0.0172035694122314,37.7445460180752,2465.03271484375,,,,,
2725,2,620.0,0.0,32.0,32.0,0.0112736225128173,51.25933000817895,3000.7802734375,,,,,
2726,2,621.0,0.0,32.0,32.0,0.5768795013427734,40.780638984870166,2563.3828125,,,,,
2727,2,622.0,0.0,32.0,32.0,0.197542667388916,30.78879800159484,2563.3828125,,,,,
2728,2,623.0,0.0,32.0,32.0,0.4078938961029053,41.11704300157726,2660.82958984375,,,,,
2729,2,624.0,0.0,32.0,32.0,0.6604728698730469,44.55268196761608,2696.84033203125,,,,,
2730,2,625.0,0.0,32.0,32.0,0.2732691764831543,40.82498903153464,2533.17626953125,,,,,
2731,2,626.0,0.0,32.0,32.0,0.0072135925292968,39.83376995893195,2477.59716796875,,,,,
2732,2,627.0,0.0,32.0,32.0,0.5917220115661621,40.33971403259784,2507.1259765625,,,,,
2733,2,628.0,0.0,32.0,32.0,0.0189251899719238,38.84484397713095,2410.10546875,,,,,
2734,2,629.0,0.0,32.0,32.0,0.0680646896362304,38.85317302774638,2435.498046875,,,,,
2735,2,630.0,0.0,32.0,32.0,0.0737662315368652,39.15106598287821,2498.1083984375,,,,,
2736,2,631.0,0.0,32.0,32.0,0.255709171295166,50.021784962154925,2876.80908203125,,,,,
2737,2,632.0,0.0,32.0,32.0,0.1395740509033203,38.81179197924212,2477.59716796875,,,,,
2738,2,633.0,0.0,32.0,32.0,0.1419706344604492,55.68332399707288,3087.77978515625,,,,,
2739,2,634.0,0.0,32.0,32.0,0.1209087371826171,31.157580961007625,2543.56884765625,,,,,
2740,2,635.0,0.0,32.0,32.0,0.1657962799072265,39.33288302505389,2498.1083984375,,,,,
2741,2,636.0,0.0,32.0,32.0,0.2693824768066406,39.016241033095866,2507.1259765625,,,,,
2742,2,637.0,0.0,32.0,32.0,0.1503534317016601,37.93924895580858,2435.498046875,,,,,
2743,2,638.0,0.0,32.0,32.0,0.2479047775268554,43.64787903614342,2730.66845703125,,,,,
2744,2,639.0,0.0,32.0,32.0,0.1716394424438476,41.49789299117401,2574.6875,,,,,
2745,2,640.0,0.0,32.0,32.0,0.1077346801757812,39.1259629977867,2533.17626953125,,,,,
2746,2,641.0,0.0,32.0,32.0,0.1573858261108398,40.893092984333634,2655.02490234375,,,,,
2747,2,642.0,0.0,32.0,32.0,0.1049985885620117,38.09539700159803,2435.498046875,,,,,
2748,2,643.0,0.0,32.0,32.0,0.1980543136596679,37.935239961370826,2435.498046875,,,,,
2749,2,644.0,0.0,32.0,32.0,0.2263746261596679,39.10986101254821,2543.56884765625,,,,,
2750,2,645.0,0.0,32.0,32.0,0.388916015625,39.13579799700528,2507.1259765625,,,,,
2751,2,646.0,0.0,32.0,32.0,0.3420276641845703,40.800534945447,2574.6875,,,,,
2752,2,647.0,0.0,32.0,32.0,0.1051855087280273,31.761259015183896,2574.6875,,,,,
2753,2,648.0,0.0,32.0,32.0,0.1762619018554687,45.00014701625332,2754.88671875,,,,,
2754,2,649.0,0.0,32.0,32.0,0.0681495666503906,40.42779299197719,2356.935546875,,,,,
2755,2,650.0,0.0,32.0,32.0,0.1766824722290039,39.81048497371376,2507.1259765625,,,,,
2756,2,651.0,0.0,32.0,32.0,0.0760316848754882,42.1906880219467,2655.02490234375,,,,,
2757,2,652.0,0.0,32.0,32.0,0.1527605056762695,44.647625007200986,2690.6982421875,,,,,
2758,2,653.0,0.0,32.0,32.0,0.032379150390625,41.23947297921404,2533.17626953125,,,,,
2759,2,654.0,0.0,32.0,32.0,0.0878067016601562,35.30108800623566,2273.755859375,,,,,
2760,2,655.0,0.0,32.0,32.0,0.3120384216308594,41.62740200990811,2687.3701171875,,,,,
2761,2,656.0,0.0,32.0,32.0,0.1352100372314453,38.813635997939855,2410.10546875,,,,,
2762,2,657.0,0.0,32.0,32.0,0.0352363586425781,41.52200900716707,2655.02490234375,,,,,
2763,2,658.0,0.0,32.0,32.0,0.2480916976928711,38.64231496118009,2410.10546875,,,,,
2764,2,659.0,0.0,32.0,32.0,0.122776985168457,35.74490797473118,2273.755859375,,,,,
2765,2,660.0,0.0,32.0,32.0,0.2946081161499023,33.556222973857075,2696.84033203125,,,,,
2766,2,661.0,0.0,32.0,32.0,0.1455636024475097,41.6721900110133,2655.02490234375,,,,,
2767,2,662.0,0.0,32.0,32.0,0.1707735061645507,41.46506800316274,2574.6875,,,,,
2768,2,663.0,0.0,32.0,32.0,0.0441679954528808,34.89371296018362,2273.755859375,,,,,
2769,2,664.0,0.0,32.0,32.0,0.064091682434082,40.77379597583786,2660.82958984375,,,,,
2770,2,665.0,0.0,32.0,32.0,0.0546126365661621,38.074113021139055,2435.498046875,,,,,
2771,2,666.0,0.0,32.0,32.0,0.0832433700561523,44.12699496606365,2754.88671875,,,,,
2772,2,667.0,0.0,32.0,32.0,0.3264117240905761,45.28451600344852,2754.88671875,,,,,
2773,2,668.0,0.0,32.0,32.0,0.1541767120361328,39.34212797321379,2356.935546875,,,,,
2774,2,669.0,0.0,32.0,32.0,0.1521863937377929,38.55153103359044,2477.59716796875,,,,,
2775,2,670.0,0.0,32.0,32.0,0.0320467948913574,41.47656599525362,2687.3701171875,,,,,
2776,2,671.0,0.0,32.0,32.0,0.1341176033020019,39.567758969496936,2543.56884765625,,,,,
2777,2,672.0,0.0,32.0,32.0,0.1804337501525879,40.00785696553066,2543.56884765625,,,,,
2778,2,673.0,0.0,32.0,32.0,0.2006611824035644,34.68111297115684,2730.66845703125,,,,,
2779,2,674.0,0.0,32.0,32.0,0.0851163864135742,51.11726000905037,2914.046875,,,,,
2780,2,675.0,0.0,32.0,32.0,0.0850882530212402,46.55699001159519,2761.908203125,,,,,
2781,2,676.0,0.0,32.0,32.0,0.1549744606018066,46.38870799681172,2790.72021484375,,,,,
2782,2,677.0,0.0,32.0,32.0,0.1680068969726562,43.40716800652445,2687.3701171875,,,,,
2783,2,678.0,0.0,32.0,32.0,0.1304731369018554,45.1985010295175,2690.6982421875,,,,,
2784,2,679.0,0.0,32.0,32.0,0.0816917419433593,40.37265805527568,2507.1259765625,,,,,
2785,2,680.0,0.0,32.0,32.0,0.0532946586608886,41.65205400204286,2655.02490234375,,,,,
2786,2,681.0,0.0,32.0,32.0,0.2385578155517578,38.96845900453627,2498.1083984375,,,,,
2787,2,682.0,0.0,32.0,32.0,0.2135248184204101,48.89053205261007,2876.80908203125,,,,,
2788,2,683.0,0.0,32.0,32.0,0.3161053657531738,41.927410988137126,2687.3701171875,,,,,
2789,2,684.0,0.0,32.0,32.0,0.0557737350463867,43.08368900092319,2655.02490234375,,,,,
2790,2,685.0,0.0,32.0,32.0,0.0987262725830078,35.174207005184144,2730.66845703125,,,,,
2791,2,686.0,0.0,32.0,32.0,0.1605424880981445,40.90917302528396,2563.3828125,,,,,
2792,2,687.0,0.0,32.0,32.0,0.1598043441772461,33.69124804157764,2213.51806640625,,,,,
2793,2,688.0,0.0,32.0,32.0,0.4135808944702148,41.1720679840073,2687.3701171875,,,,,
2794,2,689.0,0.0,32.0,32.0,0.0549631118774414,45.25438795099035,2754.88671875,,,,,
2795,2,690.0,0.0,32.0,32.0,0.1370620727539062,37.71698195487261,2298.90478515625,,,,,
2796,2,691.0,0.0,32.0,32.0,0.0163955688476562,43.86210499797016,2754.88671875,,,,,
2797,2,692.0,0.0,32.0,32.0,0.0436601638793945,38.802809023763984,2477.59716796875,,,,,
2798,2,693.0,0.0,32.0,32.0,0.3179554939270019,45.60006497194991,2810.46826171875,,,,,
2799,2,694.0,0.0,32.0,32.0,0.2881660461425781,42.06723195966333,2660.82958984375,,,,,
2800,2,695.0,0.0,32.0,32.0,0.1559123992919922,44.36335701029748,2690.6982421875,,,,,
2801,2,696.0,0.0,32.0,32.0,0.3246426582336426,40.45761696761474,2507.1259765625,,,,,
2802,2,697.0,0.0,32.0,32.0,0.2355127334594726,38.7815140420571,2410.10546875,,,,,
2803,2,698.0,0.0,32.0,32.0,0.0615196228027343,32.375205017160624,2574.6875,,,,,
2804,2,699.0,0.0,32.0,32.0,0.0331411361694335,39.24115496920422,2498.1083984375,,,,,
2805,2,700.0,0.0,32.0,32.0,0.420989990234375,39.42418599035591,2507.1259765625,,,,,
2806,2,701.0,0.0,32.0,32.0,0.0748090744018554,39.9740079883486,2507.1259765625,,,,,
2807,2,702.0,0.0,32.0,32.0,0.1075201034545898,39.35832798015326,2349.4912109375,,,,,
2808,2,703.0,0.0,32.0,32.0,0.0517482757568359,39.387664990499616,2507.1259765625,,,,,
2809,2,704.0,0.0,32.0,32.0,0.1218156814575195,37.69641299732029,2298.90478515625,,,,,
2810,2,705.0,0.0,32.0,32.0,0.058760643005371,45.0411339988932,2761.908203125,,,,,
2811,2,706.0,0.0,32.0,32.0,0.1768207550048828,40.90686695417389,2377.17919921875,,,,,
2812,2,707.0,0.0,32.0,32.0,0.2928519248962402,39.28485600044951,2543.56884765625,,,,,
2813,2,708.0,0.0,32.0,32.0,0.1316423416137695,39.60208699572832,2533.17626953125,,,,,
2814,2,709.0,0.0,32.0,32.0,0.2949504852294922,41.333834000397474,2660.82958984375,,,,,
2815,2,710.0,0.0,32.0,32.0,0.0254173278808593,47.12234000908211,2822.1865234375,,,,,
2816,2,711.0,0.0,32.0,32.0,0.0576896667480468,36.90824599470943,2810.46826171875,,,,,
2817,2,712.0,0.0,32.0,32.0,0.3164172172546386,46.00363498320803,2790.72021484375,,,,,
2818,2,713.0,0.0,32.0,32.0,0.1065583229064941,41.02112597320229,2563.3828125,,,,,
2819,2,714.0,0.0,32.0,32.0,0.1238508224487304,38.487104000523686,2498.1083984375,,,,,
2820,2,715.0,0.0,32.0,32.0,0.0510363578796386,38.79879298619926,2507.1259765625,,,,,
2821,2,716.0,0.0,32.0,32.0,0.179326057434082,43.29520801547915,2690.6982421875,,,,,
2822,2,717.0,0.0,32.0,32.0,0.0183720588684082,39.1670890385285,2435.498046875,,,,,
2823,2,718.0,0.0,32.0,32.0,0.0595622062683105,45.10802199365571,2790.72021484375,,,,,
2824,2,719.0,0.0,32.0,32.0,0.1894192695617675,40.469727013260126,2349.4912109375,,,,,
2825,2,720.0,0.0,32.0,32.0,0.1116561889648437,38.40692702215165,2410.10546875,,,,,
2826,2,721.0,0.0,32.0,32.0,0.2072663307189941,39.33433897327632,2533.17626953125,,,,,
2827,2,722.0,0.0,32.0,32.0,0.178959846496582,39.95137702440843,2543.56884765625,,,,,
2828,2,723.0,0.0,32.0,32.0,0.1481556892395019,44.87165500177071,2696.84033203125,,,,,
2829,2,724.0,0.0,32.0,32.0,0.030832290649414,32.99253503791988,2655.02490234375,,,,,
2830,2,725.0,0.0,32.0,32.0,0.5161070823669434,40.13141401810572,2349.4912109375,,,,,
2831,2,726.0,0.0,32.0,32.0,0.3466815948486328,39.240820973645896,2498.1083984375,,,,,
2832,2,727.0,0.0,32.0,32.0,0.1042103767395019,39.41412700805813,2533.17626953125,,,,,
2833,2,728.0,0.0,32.0,32.0,0.2323088645935058,51.741392991971225,3000.7802734375,,,,,
2834,2,729.0,0.0,32.0,32.0,0.1247014999389648,45.71368504548445,2761.908203125,,,,,
2835,2,730.0,0.0,32.0,32.0,0.0203886032104492,41.59701697062701,2574.6875,,,,,
2836,2,731.0,0.0,32.0,32.0,0.0700082778930664,51.701618009246886,3023.82470703125,,,,,
2837,2,732.0,0.0,32.0,32.0,0.1685037612915039,38.27362903393805,2398.12548828125,,,,,
2838,2,733.0,0.0,32.0,32.0,0.0317068099975585,37.8335599671118,2465.03271484375,,,,,
2839,2,734.0,0.0,32.0,32.0,0.166778564453125,38.54096296709031,2477.59716796875,,,,,
2840,2,735.0,0.0,32.0,32.0,0.172487735748291,39.14011997403577,2507.1259765625,,,,,
2841,2,736.0,0.0,32.0,32.0,0.1276531219482422,41.23783099930733,2655.02490234375,,,,,
2842,2,737.0,0.0,32.0,32.0,0.1177902221679687,27.653962024487555,2398.12548828125,,,,,
2843,2,738.0,0.0,32.0,32.0,0.0392446517944335,37.54861804191023,2315.2705078125,,,,,
2844,2,739.0,0.0,32.0,32.0,0.2996959686279297,46.72481201123446,2852.0673828125,,,,,
2845,2,740.0,0.0,32.0,32.0,0.1411552429199218,39.4302950007841,2477.59716796875,,,,,
2846,2,741.0,0.0,32.0,32.0,0.0637550354003906,39.09568500239402,2465.03271484375,,,,,
2847,2,742.0,0.0,32.0,32.0,0.2414898872375488,41.805584041867405,2687.3701171875,,,,,
2848,2,743.0,0.0,32.0,32.0,0.0978755950927734,40.25230597471818,2543.56884765625,,,,,
2849,2,744.0,0.0,32.0,32.0,0.1693382263183593,39.100812980905175,2465.03271484375,,,,,
2850,2,745.0,0.0,32.0,32.0,0.0366902351379394,39.39875302603468,2507.1259765625,,,,,
2851,2,746.0,0.0,32.0,32.0,0.0991382598876953,39.81220501009375,2533.17626953125,,,,,
2852,2,747.0,0.0,32.0,32.0,0.0784597396850586,39.24533701501787,2315.2705078125,,,,,
2853,2,748.0,0.0,32.0,32.0,0.0650291442871093,44.26175099797547,2730.66845703125,,,,,
2854,2,749.0,0.0,32.0,32.0,0.0659675598144531,42.64157998841256,2574.6875,,,,,
2855,2,750.0,0.0,32.0,32.0,0.4274239540100097,30.12204001424834,2507.1259765625,,,,,
2856,2,751.0,0.0,32.0,32.0,0.0534038543701171,39.6074999589473,2507.1259765625,,,,,
2857,2,752.0,0.0,32.0,32.0,0.1835832595825195,38.004996022209525,2398.12548828125,,,,,
2858,2,753.0,0.0,32.0,32.0,0.0526018142700195,44.185778009705245,2696.84033203125,,,,,
2859,2,754.0,0.0,32.0,32.0,0.0569624900817871,41.54719301732257,2563.3828125,,,,,
2860,2,755.0,0.0,32.0,32.0,0.1477861404418945,43.82470797281712,2730.66845703125,,,,,
2861,2,756.0,0.0,32.0,32.0,0.2471623420715332,39.15804001735523,2477.59716796875,,,,,
2862,2,757.0,0.0,32.0,32.0,0.1683876514434814,41.00616701180115,2655.02490234375,,,,,
2863,2,758.0,0.0,32.0,32.0,0.2374806404113769,45.55996198905632,2810.46826171875,,,,,
2864,2,759.0,0.0,32.0,32.0,0.13446044921875,51.5913279959932,2956.64208984375,,,,,
2865,2,760.0,0.0,32.0,32.0,0.2100191116333007,37.62247902341187,2398.12548828125,,,,,
2866,2,761.0,0.0,32.0,32.0,0.1215519905090332,47.875719028525054,2876.80908203125,,,,,
2867,2,762.0,0.0,32.0,32.0,0.2499732971191406,31.72984695993364,2655.02490234375,,,,,
2868,2,763.0,0.0,32.0,32.0,0.0631113052368164,38.52602594997734,2477.59716796875,,,,,
2869,2,764.0,0.0,32.0,32.0,0.1050586700439453,38.9534630230628,2498.1083984375,,,,,
2870,2,765.0,0.0,32.0,32.0,0.047708511352539,49.67167502036318,2876.80908203125,,,,,
2871,2,766.0,0.0,32.0,32.0,0.0338912010192871,41.2192780058831,2574.6875,,,,,
2872,2,767.0,0.0,32.0,32.0,0.1459431648254394,39.339162001851946,2477.59716796875,,,,,
2873,2,768.0,0.0,32.0,32.0,0.3317732810974121,35.45137098990381,2249.71875,,,,,
2874,2,769.0,0.0,32.0,32.0,0.1545467376708984,44.48147100629285,2754.88671875,,,,,
2875,2,770.0,0.0,32.0,32.0,0.0177464485168457,40.111855953000486,2543.56884765625,,,,,
2876,2,771.0,0.0,32.0,32.0,0.2982621192932129,42.02897398499772,2660.82958984375,,,,,
2877,2,772.0,0.0,32.0,32.0,0.2346796989440918,38.29266398679465,2410.10546875,,,,,
2878,2,773.0,0.0,32.0,32.0,0.0646243095397949,38.80461695371196,2477.59716796875,,,,,
2879,2,774.0,0.0,32.0,32.0,0.2682404518127441,44.29915302898735,2730.66845703125,,,,,
2880,2,775.0,0.0,32.0,32.0,0.194918155670166,35.068935016170144,2730.66845703125,,,,,
2881,2,776.0,0.0,32.0,32.0,0.0196115970611572,39.4720479962416,2435.498046875,,,,,
2882,2,777.0,0.0,32.0,32.0,0.1188960075378418,38.64525997778401,2477.59716796875,,,,,
2883,2,778.0,0.0,32.0,32.0,0.0095329284667968,38.98305998882279,2498.1083984375,,,,,
2884,2,779.0,0.0,32.0,32.0,0.1319139003753662,40.704245038796216,2465.03271484375,,,,,
2885,2,780.0,0.0,32.0,32.0,0.2184028625488281,40.55379098281264,2574.6875,,,,,
2886,2,781.0,0.0,32.0,32.0,0.015726089477539,43.950934952590615,2730.66845703125,,,,,
2887,2,782.0,0.0,32.0,32.0,0.1588945388793945,46.161607024259865,2761.908203125,,,,,
2888,2,783.0,0.0,32.0,32.0,0.0357518196105957,39.68989598797634,2507.1259765625,,,,,
2889,2,784.0,0.0,32.0,32.0,0.0273311138153076,39.13660399848595,2543.56884765625,,,,,
2890,2,785.0,0.0,32.0,32.0,0.0082082748413085,50.88019598042592,2978.1904296875,,,,,
2891,2,786.0,0.0,32.0,32.0,0.5635616779327393,39.70573301194236,2498.1083984375,,,,,
2892,2,787.0,0.0,32.0,32.0,0.1969673633575439,47.43853094987571,2822.1865234375,,,,,
2893,2,788.0,0.0,32.0,32.0,0.0165579319000244,28.550793998874724,2398.12548828125,,,,,
2894,2,789.0,0.0,32.0,32.0,0.0671432018280029,37.008251005318016,2398.12548828125,,,,,
2895,2,790.0,0.0,32.0,32.0,0.4453587532043457,44.906937051564455,2761.908203125,,,,,
2896,2,791.0,0.0,32.0,32.0,0.3334066867828369,44.13212201325223,2690.6982421875,,,,,
2897,2,792.0,0.0,32.0,32.0,0.007192850112915,42.58051898796111,2687.3701171875,,,,,
2898,2,793.0,0.0,32.0,32.0,0.112699270248413,46.35638603940606,2790.72021484375,,,,,
2899,2,794.0,0.0,32.0,32.0,0.0712885856628418,46.53879097895697,2761.908203125,,,,,
2900,2,795.0,0.0,32.0,32.0,0.2601194381713867,39.07261101994664,2477.59716796875,,,,,
2901,2,796.0,0.0,32.0,32.0,0.0333578586578369,43.64202299620956,2696.84033203125,,,,,
2902,2,797.0,0.0,32.0,32.0,0.0808782577514648,42.42408002028242,2660.82958984375,,,,,
2903,2,798.0,0.0,32.0,32.0,0.4265494346618652,40.03544896841049,2533.17626953125,,,,,
2904,2,799.0,0.0,32.0,32.0,0.1802992820739746,40.813779982272536,2563.3828125,,,,,
2905,2,800.0,0.0,32.0,32.0,0.3150959014892578,50.46954099088907,2946.62548828125,,,,,
2906,2,801.0,0.0,32.0,32.0,0.2344627380371093,26.556331024039537,2273.755859375,,,,,
2907,2,802.0,0.0,32.0,32.0,0.0942230224609375,37.8157600061968,2498.1083984375,,,,,
2908,2,803.0,0.0,32.0,32.0,0.1619305610656738,38.82132295984775,2356.935546875,,,,,
2909,2,804.0,0.0,32.0,32.0,0.2006378173828125,40.58093501953408,2563.3828125,,,,,
2910,2,805.0,0.0,32.0,32.0,0.0191020965576171,39.54311803681776,2543.56884765625,,,,,
2911,2,806.0,0.0,32.0,32.0,0.0235004425048828,40.730542968958616,2563.3828125,,,,,
2912,2,807.0,0.0,32.0,32.0,0.2850246429443359,41.14490799838677,2563.3828125,,,,,
2913,2,808.0,0.0,32.0,32.0,0.1297078132629394,37.38159098429605,2398.12548828125,,,,,
2914,2,809.0,0.0,32.0,32.0,0.1337370872497558,40.95493903150782,2660.82958984375,,,,,
2915,2,810.0,0.0,32.0,32.0,0.008108377456665,41.70272999908775,2574.6875,,,,,
2916,2,811.0,0.0,32.0,32.0,0.0883193016052246,40.32090603141114,2543.56884765625,,,,,
2917,2,812.0,0.0,32.0,32.0,0.181333303451538,40.10882700094953,2533.17626953125,,,,,
2918,2,813.0,0.0,32.0,32.0,0.3307855129241943,39.10453501157463,2356.935546875,,,,,
2919,2,814.0,0.0,32.0,32.0,0.0166609287261962,30.12583899544552,2543.56884765625,,,,,
2920,2,815.0,0.0,32.0,32.0,0.0786170959472656,34.61604897165671,2273.755859375,,,,,
2921,2,816.0,0.0,32.0,32.0,0.0212280750274658,47.09789395565167,2822.1865234375,,,,,
2922,2,817.0,0.0,32.0,32.0,0.0835366249084472,38.92768296645954,2315.2705078125,,,,,
2923,2,818.0,0.0,32.0,32.0,0.0327808856964111,39.51194003457204,2543.56884765625,,,,,
2924,2,819.0,0.0,32.0,32.0,0.1088018417358398,45.75468797702342,2761.908203125,,,,,
2925,2,820.0,0.0,32.0,32.0,0.0212955474853515,42.306139948777854,2687.3701171875,,,,,
2926,2,821.0,0.0,32.0,32.0,0.0310189723968505,39.7463469998911,2507.1259765625,,,,,
2927,2,822.0,0.0,32.0,32.0,0.211421251296997,45.39511300390586,2754.88671875,,,,,
2928,2,823.0,0.0,32.0,32.0,0.010183572769165,45.553127012681216,2754.88671875,,,,,
2929,2,824.0,0.0,32.0,32.0,0.01277756690979,41.92205297295004,2655.02490234375,,,,,
2930,2,825.0,0.0,32.0,32.0,0.6346158981323242,39.51036895159632,2543.56884765625,,,,,
2931,2,826.0,0.0,32.0,32.0,0.042769432067871,39.62190804304555,2315.2705078125,,,,,
2932,2,827.0,0.0,32.0,32.0,0.407827615737915,29.23309401376173,2533.17626953125,,,,,
2933,2,828.0,0.0,32.0,32.0,0.1278190612792968,43.67464396636933,2696.84033203125,,,,,
2934,2,829.0,0.0,32.0,32.0,0.1484999656677246,41.970582969952375,2660.82958984375,,,,,
2935,2,830.0,0.0,32.0,32.0,0.1162898540496826,38.7958959909156,2465.03271484375,,,,,
2936,2,831.0,0.0,32.0,32.0,0.1967673301696777,41.30753397475928,2655.02490234375,,,,,
2937,2,832.0,0.0,32.0,32.0,0.2195289134979248,41.8316790019162,2660.82958984375,,,,,
2938,2,833.0,0.0,32.0,32.0,0.0625581741333007,40.13534705154598,2533.17626953125,,,,,
2939,2,834.0,0.0,32.0,32.0,0.191650390625,39.49736198410392,2349.4912109375,,,,,
2940,2,835.0,0.0,32.0,32.0,0.1549994945526123,38.73011498944834,2410.10546875,,,,,
2941,2,836.0,0.0,32.0,32.0,0.4040651321411133,38.382725964766,2543.56884765625,,,,,
2942,2,837.0,0.0,32.0,32.0,0.2878274917602539,39.259944984223694,2498.1083984375,,,,,
2943,2,838.0,0.0,32.0,32.0,0.0785999298095703,38.36763295112178,2435.498046875,,,,,
2944,2,839.0,0.0,32.0,32.0,0.1943504810333252,38.0931569961831,2435.498046875,,,,,
2945,2,840.0,0.0,32.0,32.0,0.1055290699005127,35.919543995987624,2810.46826171875,,,,,
2946,2,841.0,0.0,32.0,32.0,0.3565688133239746,38.359372003469616,2398.12548828125,,,,,
2947,2,842.0,0.0,32.0,32.0,0.1643486022949218,40.11090204585344,2563.3828125,,,,,
2948,2,843.0,0.0,32.0,32.0,0.1966633796691894,39.54939200775698,2533.17626953125,,,,,
2949,2,844.0,0.0,32.0,32.0,0.0538644790649414,38.34050899604336,2410.10546875,,,,,
2950,2,845.0,0.0,32.0,32.0,0.0681543350219726,39.24208896933124,2543.56884765625,,,,,
2951,2,846.0,0.0,32.0,32.0,0.307314395904541,39.75793597055599,2356.935546875,,,,,
2952,2,847.0,0.0,32.0,32.0,0.1827306747436523,40.23340198909864,2377.17919921875,,,,,
2953,2,848.0,0.0,32.0,32.0,0.2281036376953125,38.91026799101383,2477.59716796875,,,,,
2954,2,849.0,0.0,32.0,32.0,0.4210364818572998,38.91617601038888,2477.59716796875,,,,,
2955,2,850.0,0.0,32.0,32.0,0.080207347869873,39.06894900137559,2477.59716796875,,,,,
2956,2,851.0,0.0,32.0,32.0,0.0855593681335449,39.18056195834652,2543.56884765625,,,,,
2957,2,852.0,0.0,32.0,32.0,0.172515869140625,39.62060099001974,2533.17626953125,,,,,
2958,2,853.0,0.0,32.0,32.0,0.1684308052062988,28.58940599253401,2410.10546875,,,,,
2959,2,854.0,0.0,32.0,32.0,0.0437731742858886,43.25564100872725,2730.66845703125,,,,,
2960,2,855.0,0.0,32.0,32.0,0.1532297134399414,40.24395800661296,2543.56884765625,,,,,
2961,2,856.0,0.0,32.0,32.0,0.1670827865600586,42.54497098736465,2687.3701171875,,,,,
2962,2,857.0,0.0,32.0,32.0,0.1430788040161132,45.20334204426035,2730.66845703125,,,,,
2963,2,858.0,0.0,32.0,32.0,0.2462167739868164,39.73513701930642,2477.59716796875,,,,,
2964,2,859.0,0.0,32.0,32.0,0.2416276931762695,38.84419001406059,2315.2705078125,,,,,
2965,2,860.0,0.0,32.0,32.0,0.1964459419250488,38.93186699133366,2498.1083984375,,,,,
2966,2,861.0,0.0,32.0,32.0,0.039255142211914,38.92085701227188,2477.59716796875,,,,,
2967,2,862.0,0.0,32.0,32.0,0.1134452819824218,39.05572497751564,2356.935546875,,,,,
2968,2,863.0,0.0,32.0,32.0,0.285440444946289,40.76498397625983,2563.3828125,,,,,
2969,2,864.0,0.0,32.0,32.0,0.1235179901123046,45.31251901062205,2754.88671875,,,,,
2970,2,865.0,0.0,32.0,32.0,0.0382909774780273,46.96685302769765,2790.72021484375,,,,,
2971,2,866.0,0.0,32.0,32.0,0.027104377746582,29.5710539794527,2356.935546875,,,,,
2972,2,867.0,0.0,32.0,32.0,0.032233715057373,41.18437401484698,2660.82958984375,,,,,
2973,2,868.0,0.0,32.0,32.0,0.160959243774414,41.272111993748695,2574.6875,,,,,
2974,2,869.0,0.0,32.0,32.0,0.267768383026123,39.41411001142114,2356.935546875,,,,,
2975,2,870.0,0.0,32.0,32.0,0.1275725364685058,41.39371600467712,2660.82958984375,,,,,
2976,2,871.0,0.0,32.0,32.0,0.0742268562316894,44.70129095716402,2730.66845703125,,,,,
2977,2,872.0,0.0,32.0,32.0,0.2779698371887207,42.14735998539254,2574.6875,,,,,
2978,2,873.0,0.0,32.0,32.0,0.133737564086914,38.74635900137946,2349.4912109375,,,,,
2979,2,874.0,0.0,32.0,32.0,0.1596360206604004,40.51872401032597,2563.3828125,,,,,
2980,2,875.0,0.0,32.0,32.0,0.1786317825317382,39.53413298586384,2543.56884765625,,,,,
2981,2,876.0,0.0,32.0,32.0,0.1769053936004638,41.90491803456098,2660.82958984375,,,,,
2982,2,877.0,0.0,32.0,32.0,0.1710062026977539,38.48268301226199,2435.498046875,,,,,
2983,2,878.0,0.0,32.0,32.0,0.3717963695526123,38.97042403696105,2477.59716796875,,,,,
2984,2,879.0,0.0,32.0,32.0,0.1242139339447021,35.212245013099164,2754.88671875,,,,,
2985,2,880.0,0.0,32.0,32.0,0.4911577701568603,38.15482498612255,2410.10546875,,,,,
2986,2,881.0,0.0,32.0,32.0,0.3836870193481445,47.01603297144175,2822.1865234375,,,,,
2987,2,882.0,0.0,32.0,32.0,0.2591078281402588,38.96905202418566,2477.59716796875,,,,,
2988,2,883.0,0.0,32.0,32.0,0.2106657028198242,39.32115301722661,2507.1259765625,,,,,
2989,2,884.0,0.0,32.0,32.0,0.1162760257720947,39.43596198223531,2533.17626953125,,,,,
2990,2,885.0,0.0,32.0,32.0,0.041417121887207,39.75920297671109,2533.17626953125,,,,,
2991,2,886.0,0.0,32.0,32.0,0.3413915634155273,39.18623097706586,2498.1083984375,,,,,
2992,2,887.0,0.0,32.0,32.0,0.170759916305542,38.55752997333184,2410.10546875,,,,,
2993,2,888.0,0.0,32.0,32.0,0.1925940513610839,38.04571699583903,2410.10546875,,,,,
2994,2,889.0,0.0,32.0,32.0,0.0221750736236572,38.30404701875523,2477.59716796875,,,,,
2995,2,890.0,0.0,32.0,32.0,0.1200790405273437,47.70422400906682,2852.0673828125,,,,,
2996,2,891.0,0.0,32.0,32.0,0.2155160903930664,42.35383600462228,2655.02490234375,,,,,
2997,2,892.0,0.0,32.0,32.0,0.1926314830780029,29.280888033099476,2465.03271484375,,,,,
2998,2,893.0,0.0,32.0,32.0,0.029029369354248,40.04157002782449,2563.3828125,,,,,
2999,2,894.0,0.0,32.0,32.0,0.1727290153503418,41.81088303448632,2655.02490234375,,,,,
3000,2,895.0,0.0,32.0,32.0,0.424168586730957,40.48607300501317,2377.17919921875,,,,,
3001,2,896.0,0.0,32.0,32.0,0.2299046516418457,43.95567299798131,2690.6982421875,,,,,
3002,2,897.0,0.0,32.0,32.0,0.411710262298584,39.68132595764473,2477.59716796875,,,,,
3003,2,898.0,0.0,32.0,32.0,0.2806262969970703,41.33286199066788,2655.02490234375,,,,,
3004,2,899.0,0.0,32.0,32.0,0.2765188217163086,44.17772602755576,2730.66845703125,,,,,
3005,2,900.0,0.0,32.0,32.0,0.1675467491149902,50.89807201875374,2946.62548828125,,,,,
3006,2,901.0,0.0,32.0,32.0,0.1283879280090332,44.466317049227655,2690.6982421875,,,,,
3007,2,902.0,0.0,32.0,32.0,0.1695466041564941,45.9155710414052,2761.908203125,,,,,
3008,2,903.0,0.0,32.0,32.0,0.163184642791748,39.72121502738446,2507.1259765625,,,,,
3009,2,904.0,0.0,32.0,32.0,0.2420659065246582,25.41322400793433,2214.8603515625,,,,,
3010,2,905.0,0.0,32.0,32.0,0.2529058456420898,42.98082500463352,2730.66845703125,,,,,
3011,2,906.0,0.0,32.0,32.0,0.1675262451171875,39.23372202552855,2498.1083984375,,,,,
3012,2,907.0,0.0,32.0,32.0,0.1465034484863281,41.11099703004584,2660.82958984375,,,,,
3013,2,908.0,0.0,32.0,32.0,0.042372703552246,39.83891702955589,2543.56884765625,,,,,
3014,2,909.0,0.0,32.0,32.0,0.3205089569091797,43.97383501054719,2730.66845703125,,,,,
3015,2,910.0,0.0,32.0,32.0,0.2675509452819824,42.23247495247051,2574.6875,,,,,
3016,2,911.0,0.0,32.0,32.0,0.0553627014160156,41.2303630146198,2574.6875,,,,,
3017,2,912.0,0.0,32.0,32.0,0.04266357421875,39.332946005743,2498.1083984375,,,,,
3018,2,913.0,0.0,32.0,32.0,0.1604847908020019,40.12891202000901,2498.1083984375,,,,,
3019,2,914.0,0.0,32.0,32.0,0.4413099288940429,40.3851349838078,2377.17919921875,,,,,
3020,2,915.0,0.0,32.0,32.0,0.1923370361328125,38.53580902796239,2349.4912109375,,,,,
3021,2,916.0,0.0,32.0,32.0,0.0576262474060058,41.41142300795764,2655.02490234375,,,,,
3022,2,917.0,0.0,32.0,32.0,0.1776697635650634,35.72788299061358,2761.908203125,,,,,
3023,2,918.0,0.0,32.0,32.0,0.0862903594970703,42.30481601553038,2687.3701171875,,,,,
3024,2,919.0,0.0,32.0,32.0,0.2724056243896484,37.49083401635289,2398.12548828125,,,,,
3025,2,920.0,0.0,32.0,32.0,0.2090671062469482,37.36994502833113,2410.10546875,,,,,
3026,2,921.0,0.0,32.0,32.0,0.0266218185424804,44.13576301885769,2754.88671875,,,,,
3027,2,922.0,0.0,32.0,32.0,0.0967559814453125,39.08804501406848,2477.59716796875,,,,,
3028,2,923.0,0.0,32.0,32.0,0.1177582740783691,38.882594963070005,2477.59716796875,,,,,
3029,2,924.0,0.0,32.0,32.0,0.1581497192382812,38.879687956068665,2477.59716796875,,,,,
3030,2,925.0,0.0,32.0,32.0,0.0469536781311035,40.39173398632556,2563.3828125,,,,,
3031,2,926.0,0.0,32.0,32.0,0.2403769493103027,44.17942103464157,2690.6982421875,,,,,
3032,2,927.0,0.0,32.0,32.0,0.1301732063293457,39.51461100950837,2465.03271484375,,,,,
3033,2,928.0,0.0,32.0,32.0,0.1904511451721191,40.16722197411582,2377.17919921875,,,,,
3034,2,929.0,0.0,32.0,32.0,0.1887898445129394,38.74401596840471,2498.1083984375,,,,,
3035,2,930.0,0.0,32.0,32.0,0.1010546684265136,33.96220598369837,2690.6982421875,,,,,
3036,2,931.0,0.0,32.0,32.0,0.1877880096435547,45.39431299781427,2754.88671875,,,,,
3037,2,932.0,0.0,32.0,32.0,0.2182393074035644,45.03293102607131,2730.66845703125,,,,,
3038,2,933.0,0.0,32.0,32.0,0.0954103469848632,36.33606596849859,2249.71875,,,,,
3039,2,934.0,0.0,32.0,32.0,0.0315055847167968,40.81419901922345,2660.82958984375,,,,,
3040,2,935.0,0.0,32.0,32.0,0.2660360336303711,42.18174301786348,2687.3701171875,,,,,
3041,2,936.0,0.0,32.0,32.0,0.2292327880859375,38.85818301932886,2315.2705078125,,,,,
3042,2,937.0,0.0,32.0,32.0,0.1944327354431152,40.19829101162031,2563.3828125,,,,,
3043,2,938.0,0.0,32.0,32.0,0.2295279502868652,38.80517196375877,2349.4912109375,,,,,
3044,2,939.0,0.0,32.0,32.0,0.3114209175109863,39.55107799265534,2533.17626953125,,,,,
3045,2,940.0,0.0,32.0,32.0,0.1700396537780761,38.7369419913739,2315.2705078125,,,,,
3046,2,941.0,0.0,32.0,32.0,0.0988435745239257,40.51517799962312,2563.3828125,,,,,
3047,2,942.0,0.0,32.0,32.0,0.1182622909545898,40.17845698399469,2377.17919921875,,,,,
3048,2,943.0,0.0,32.0,32.0,0.0922942161560058,31.448785040993243,2655.02490234375,,,,,
3049,2,944.0,0.0,32.0,32.0,0.1130084991455078,44.297901971731335,2754.88671875,,,,,
3050,2,945.0,0.0,32.0,32.0,0.0196757316589355,39.10229803295806,2435.498046875,,,,,
3051,2,946.0,0.0,32.0,32.0,0.0785055160522461,41.25766502693296,2660.82958984375,,,,,
3052,2,947.0,0.0,32.0,32.0,0.109933853149414,42.45134600205347,2687.3701171875,,,,,
3053,2,948.0,0.0,32.0,32.0,0.2233128547668457,48.048586992081255,2822.1865234375,,,,,
3054,2,949.0,0.0,32.0,32.0,0.2094287872314453,41.72260599443689,2574.6875,,,,,
3055,2,950.0,0.0,32.0,32.0,0.295015811920166,47.06262896070257,2822.1865234375,,,,,
3056,2,951.0,0.0,32.0,32.0,0.0383968353271484,39.12407899042592,2465.03271484375,,,,,
3057,2,952.0,0.0,32.0,32.0,0.1718449592590332,38.574647973291576,2498.1083984375,,,,,
3058,2,953.0,0.0,32.0,32.0,0.0204057693481445,43.81336900405586,2730.66845703125,,,,,
3059,2,954.0,0.0,32.0,32.0,0.3813915252685547,35.94708803575486,2273.755859375,,,,,
3060,2,955.0,0.0,32.0,32.0,0.0230493545532226,39.38465000828728,2543.56884765625,,,,,
3061,2,956.0,0.0,32.0,32.0,0.1601405143737793,39.914783963467926,2876.80908203125,,,,,
3062,2,957.0,0.0,32.0,32.0,0.463266372680664,37.828257016371936,2398.12548828125,,,,,
3063,2,958.0,0.0,32.0,32.0,0.3396186828613281,38.21867500664666,2435.498046875,,,,,
3064,2,959.0,0.0,32.0,32.0,0.0960640907287597,39.45774299791083,2533.17626953125,,,,,
3065,2,960.0,0.0,32.0,32.0,0.2751407623291015,39.73319398937747,2498.1083984375,,,,,
3066,2,961.0,0.0,32.0,32.0,0.0855627059936523,46.92694800905883,2761.908203125,,,,,
3067,2,962.0,0.0,32.0,32.0,0.0252161026000976,39.66721898177639,2563.3828125,,,,,
3068,2,963.0,0.0,32.0,32.0,0.1878519058227539,38.43372804112733,2435.498046875,,,,,
3069,2,964.0,0.0,32.0,32.0,0.2595529556274414,38.22665999177843,2465.03271484375,,,,,
3070,2,965.0,0.0,32.0,32.0,0.1935234069824218,38.653089955914766,2356.935546875,,,,,
3071,2,966.0,0.0,32.0,32.0,0.1112909317016601,38.56161597650498,2349.4912109375,,,,,
3072,2,967.0,0.0,32.0,32.0,0.0433053970336914,48.17143297987059,2852.0673828125,,,,,
3073,2,968.0,0.0,32.0,32.0,0.0514822006225585,40.61113594798371,2377.17919921875,,,,,
3074,2,969.0,0.0,32.0,32.0,0.1342611312866211,29.528960993047804,2533.17626953125,,,,,
3075,2,970.0,0.0,32.0,32.0,0.2569313049316406,43.6287010088563,2730.66845703125,,,,,
3076,2,971.0,0.0,32.0,32.0,0.0615453720092773,40.78758996911347,2507.1259765625,,,,,
3077,2,972.0,0.0,32.0,32.0,0.1746463775634765,38.90893800416961,2477.59716796875,,,,,
3078,2,973.0,0.0,32.0,32.0,0.0920906066894531,42.60041797533631,2687.3701171875,,,,,
3079,2,974.0,0.0,32.0,32.0,0.195500373840332,39.73218001192436,2498.1083984375,,,,,
3080,2,975.0,0.0,32.0,32.0,0.0358438491821289,38.63602702040225,2507.1259765625,,,,,
3081,2,976.0,0.0,32.0,32.0,0.0555152893066406,41.28081997623667,2574.6875,,,,,
3082,2,977.0,0.0,32.0,32.0,0.2360334396362304,44.5068379631266,2696.84033203125,,,,,
3083,2,978.0,0.0,32.0,32.0,0.0805044174194336,40.956722979899496,2377.17919921875,,,,,
3084,2,979.0,0.0,32.0,32.0,0.1914844512939453,38.25036098714918,2410.10546875,,,,,
3085,2,980.0,0.0,32.0,32.0,0.1472272872924804,40.47650302527472,2563.3828125,,,,,
3086,2,981.0,0.0,32.0,32.0,0.4936122894287109,38.87001296970993,2410.10546875,,,,,
3087,2,982.0,0.0,32.0,32.0,0.1960706710815429,29.349630989599973,2498.1083984375,,,,,
3088,2,983.0,0.0,32.0,32.0,0.1403713226318359,41.33346298476681,2660.82958984375,,,,,
3089,2,984.0,0.0,32.0,32.0,0.185917854309082,39.08892103936523,2477.59716796875,,,,,
3090,2,985.0,0.0,32.0,32.0,0.1061363220214843,39.48310198029503,2533.17626953125,,,,,
3091,2,986.0,0.0,32.0,32.0,0.0258464813232421,39.19848200166598,2477.59716796875,,,,,
3092,2,987.0,0.0,32.0,32.0,0.0891227722167968,44.92542397929356,2754.88671875,,,,,
3093,2,988.0,0.0,32.0,32.0,0.0903177261352539,49.44395599886775,2876.80908203125,,,,,
3094,2,989.0,0.0,32.0,32.0,0.1638078689575195,38.6601029895246,2465.03271484375,,,,,
3095,2,990.0,0.0,32.0,32.0,0.1193666458129882,47.41700901649892,2852.0673828125,,,,,
3096,2,991.0,0.0,32.0,32.0,0.0157060623168945,39.70742900855839,2507.1259765625,,,,,
3097,2,992.0,0.0,32.0,32.0,0.0327844619750976,39.14612001972273,2533.17626953125,,,,,
3098,2,993.0,0.0,32.0,32.0,0.1949014663696289,44.41084497375414,2730.66845703125,,,,,
3099,2,994.0,0.0,32.0,32.0,0.1865978240966797,41.82158899493516,2660.82958984375,,,,,
3100,2,995.0,0.0,32.0,32.0,0.150400161743164,32.388482009992,2687.3701171875,,,,,
3101,2,996.0,0.0,32.0,32.0,0.069951057434082,41.098106012213975,2563.3828125,,,,,
3102,2,997.0,0.0,32.0,32.0,0.2666149139404297,44.43134099710733,2730.66845703125,,,,,
3103,2,998.0,0.0,32.0,32.0,0.1918363571166992,47.206793969962746,2810.46826171875,,,,,
3104,2,999.0,0.0,32.0,32.0,0.3699150085449219,41.6117130080238,2574.6875,,,,,
3105,2,1000.0,0.0,32.0,32.0,0.1835794448852539,38.48302102414891,2410.10546875,,,,,
3106,2,1001.0,0.0,32.0,32.0,0.0310235023498535,39.18346000136808,2543.56884765625,,,,,
3107,2,1002.0,0.0,32.0,32.0,0.0789318084716796,41.37767403153703,2655.02490234375,,,,,
3108,2,1003.0,0.0,32.0,32.0,0.2372727394104004,40.26532301213592,2377.17919921875,,,,,
3109,2,1004.0,0.0,32.0,32.0,0.014925479888916,43.57753600925207,2696.84033203125,,,,,
3110,2,1005.0,0.0,32.0,32.0,0.1116633415222168,40.91240704292432,2543.56884765625,,,,,
3111,2,1006.0,0.0,32.0,32.0,0.0757284164428711,44.47771899867803,2696.84033203125,,,,,
3112,2,1007.0,0.0,32.0,32.0,0.1481904983520507,39.366616983897984,2435.498046875,,,,,
3113,2,1008.0,0.0,32.0,32.0,0.1011404991149902,30.7669680332765,2563.3828125,,,,,
3114,2,1009.0,0.0,32.0,32.0,0.0523262023925781,38.40661799767986,2349.4912109375,,,,,
3115,2,1010.0,0.0,32.0,32.0,0.1372561454772949,56.03973503457382,3087.77978515625,,,,,
3116,2,1011.0,0.0,32.0,32.0,0.0331335067749023,40.29451799578965,2543.56884765625,,,,,
3117,2,1012.0,0.0,32.0,32.0,0.2583742141723633,39.79893599171192,2543.56884765625,,,,,
3118,2,1013.0,0.0,32.0,32.0,0.0177664756774902,39.65589299332351,2543.56884765625,,,,,
3119,2,1014.0,0.0,32.0,32.0,0.1893959045410156,39.834385039284825,2533.17626953125,,,,,
3120,2,1015.0,0.0,32.0,32.0,0.0276045799255371,41.71502799727023,2660.82958984375,,,,,
3121,2,1016.0,0.0,32.0,32.0,0.1535820960998535,46.08218598878011,2810.46826171875,,,,,
3122,2,1017.0,0.0,32.0,32.0,0.2621712684631347,35.09860497433692,2249.71875,,,,,
3123,2,1018.0,0.0,32.0,32.0,0.2146759033203125,45.06240301998332,2790.72021484375,,,,,
3124,2,1019.0,0.0,32.0,32.0,0.3320379257202148,52.34746600035578,3037.9208984375,,,,,
3125,2,1020.0,0.0,32.0,32.0,0.1986856460571289,34.44200201192871,2690.6982421875,,,,,
3126,2,1021.0,0.0,32.0,32.0,0.2630906105041504,51.87084403587505,3000.7802734375,,,,,
3127,2,1022.0,0.0,32.0,32.0,0.0161447525024414,39.89446599734947,2533.17626953125,,,,,
3128,2,1023.0,0.0,32.0,32.0,0.385383129119873,39.03415001695976,2315.2705078125,,,,,
3129,2,1024.0,0.0,32.0,32.0,0.1012854576110839,41.60299600334838,2687.3701171875,,,,,
3130,2,1025.0,0.0,32.0,32.0,0.1916155815124511,38.71434699976817,2435.498046875,,,,,
3131,2,1026.0,0.0,32.0,32.0,0.2204890251159668,38.528809032868594,2349.4912109375,,,,,
3132,2,1027.0,0.0,32.0,32.0,0.0178155899047851,38.44182001193985,2435.498046875,,,,,
3133,2,1028.0,0.0,32.0,32.0,0.0327990055084228,37.50782500719652,2410.10546875,,,,,
3134,2,1029.0,0.0,32.0,32.0,0.0164990425109863,39.93453498696908,2377.17919921875,,,,,
3135,2,1030.0,0.0,32.0,32.0,0.0856990814208984,43.93282200908288,2730.66845703125,,,,,
3136,2,1031.0,0.0,32.0,32.0,0.0303249359130859,40.16758699435741,2349.4912109375,,,,,
3137,2,1032.0,0.0,32.0,32.0,0.008368968963623,38.6973760323599,2477.59716796875,,,,,
3138,2,1033.0,0.0,32.0,32.0,0.3974785804748535,29.617263993714005,2349.4912109375,,,,,
3139,2,1034.0,0.0,32.0,32.0,0.1953625679016113,36.756636982318014,2398.12548828125,,,,,
3140,2,1035.0,0.0,32.0,32.0,0.0175786018371582,40.680044039618224,2660.82958984375,,,,,
3141,2,1036.0,0.0,32.0,32.0,0.1471948623657226,41.55861999606714,2574.6875,,,,,
3142,2,1037.0,0.0,32.0,32.0,0.1152563095092773,39.133996004238725,2349.4912109375,,,,,
3143,2,1038.0,0.0,32.0,32.0,0.2794780731201172,45.201370026916265,2761.908203125,,,,,
3144,2,1039.0,0.0,32.0,32.0,0.4368495941162109,38.14423200674355,2398.12548828125,,,,,
3145,2,1040.0,0.0,32.0,32.0,0.0132136344909667,38.36352500366047,2349.4912109375,,,,,
3146,2,1041.0,0.0,32.0,32.0,0.4504060745239258,41.8963129632175,2687.3701171875,,,,,
3147,2,1042.0,0.0,32.0,32.0,0.4761848449707031,42.42933803470805,2660.82958984375,,,,,
3148,2,1043.0,0.0,32.0,32.0,0.0112743377685546,46.71470395987853,2810.46826171875,,,,,
3149,2,1044.0,0.0,32.0,32.0,0.4784173965454101,39.75827002432197,2533.17626953125,,,,,
3150,2,1045.0,0.0,32.0,32.0,0.1029014587402343,38.95627200836316,2349.4912109375,,,,,
3151,2,1046.0,0.0,32.0,32.0,0.0740504264831543,29.00111197959632,2315.2705078125,,,,,
3152,2,1047.0,0.0,32.0,32.0,0.1958799362182617,46.80059797829017,2852.0673828125,,,,,
3153,2,1048.0,0.0,32.0,32.0,0.2644147872924804,47.81071504112333,2822.1865234375,,,,,
3154,2,1049.0,0.0,32.0,32.0,0.2864923477172851,41.98387800715864,2660.82958984375,,,,,
3155,2,1050.0,0.0,32.0,32.0,0.1546206474304199,41.88212001463398,2687.3701171875,,,,,
3156,2,1051.0,0.0,32.0,32.0,0.119725227355957,39.53585401177406,2543.56884765625,,,,,
3157,2,1052.0,0.0,32.0,32.0,0.166689395904541,43.818912003189325,2696.84033203125,,,,,
3158,2,1053.0,0.0,32.0,32.0,0.1239423751831054,45.13553099241108,2730.66845703125,,,,,
3159,2,1054.0,0.0,32.0,32.0,0.1330947875976562,47.94650903204456,2810.46826171875,,,,,
3160,2,1055.0,0.0,32.0,32.0,0.1876220703125,39.46631803410128,2498.1083984375,,,,,
3161,2,1056.0,0.0,32.0,32.0,0.0499167442321777,39.76689901901409,2377.17919921875,,,,,
3162,2,1057.0,0.0,32.0,32.0,0.2624826431274414,41.37605201685801,2660.82958984375,,,,,
3163,2,1058.0,0.0,32.0,32.0,0.0810494422912597,29.723037034273148,2533.17626953125,,,,,
3164,2,1059.0,0.0,32.0,32.0,0.2552967071533203,41.6565079940483,2687.3701171875,,,,,
3165,2,1060.0,0.0,32.0,32.0,0.0131645202636718,45.53935502190143,2754.88671875,,,,,
3166,2,1061.0,0.0,32.0,32.0,0.5556011199951172,44.939565006643534,2696.84033203125,,,,,
3167,2,1062.0,0.0,32.0,32.0,0.1402535438537597,40.37685698131099,2533.17626953125,,,,,
3168,2,1063.0,0.0,32.0,32.0,0.0933165550231933,48.46347100101411,2852.0673828125,,,,,
3169,2,1064.0,0.0,32.0,32.0,0.0997204780578613,39.47351698298007,2498.1083984375,,,,,
3170,2,1065.0,0.0,32.0,32.0,0.0516772270202636,38.54394698282704,2477.59716796875,,,,,
3171,2,1066.0,0.0,32.0,32.0,0.105473518371582,38.24636695208028,2410.10546875,,,,,
3172,2,1067.0,0.0,32.0,32.0,0.2390084266662597,40.84541799966246,2660.82958984375,,,,,
3173,2,1068.0,0.0,32.0,32.0,0.1334810256958007,38.66011399077252,2349.4912109375,,,,,
3174,2,1069.0,0.0,32.0,32.0,0.0946607589721679,39.57577998517081,2543.56884765625,,,,,
3175,2,1070.0,0.0,32.0,32.0,0.2519454956054687,43.92817994812504,2696.84033203125,,,,,
3176,2,1071.0,0.0,32.0,32.0,0.0444159507751464,30.256112979259346,2349.4912109375,,,,,
3177,2,1072.0,0.0,32.0,32.0,0.1265397071838379,43.422649963758886,2690.6982421875,,,,,
3178,2,1073.0,0.0,32.0,32.0,0.0144281387329101,44.85008103074506,2696.84033203125,,,,,
3179,2,1074.0,0.0,32.0,32.0,0.0938301086425781,39.180435007438064,2435.498046875,,,,,
3180,2,1075.0,0.0,32.0,32.0,0.2238821983337402,38.214106985833496,2435.498046875,,,,,
3181,2,1076.0,0.0,32.0,32.0,0.1322779655456543,49.65570196509361,2876.80908203125,,,,,
3182,2,1077.0,0.0,32.0,32.0,0.0257997512817382,41.28756700083613,2574.6875,,,,,
3183,2,1078.0,0.0,32.0,32.0,0.3553462028503418,44.42132700933144,2761.908203125,,,,,
3184,2,1079.0,0.0,32.0,32.0,0.0278029441833496,48.17303299205378,2822.1865234375,,,,,
3185,2,1080.0,0.0,32.0,32.0,0.0137009620666503,39.22048199456185,2349.4912109375,,,,,
3186,2,1081.0,0.0,32.0,32.0,0.164581298828125,40.92122701695189,2563.3828125,,,,,
3187,2,1082.0,0.0,32.0,32.0,0.4430546760559082,43.37136505637318,2690.6982421875,,,,,
3188,2,1083.0,0.0,32.0,32.0,0.1996550559997558,32.0800410117954,2660.82958984375,,,,,
3189,2,1084.0,0.0,32.0,32.0,0.0674266815185546,39.31722202105448,2507.1259765625,,,,,
3190,2,1085.0,0.0,32.0,32.0,0.1912436485290527,38.98662299616262,2477.59716796875,,,,,
3191,2,1086.0,0.0,32.0,32.0,0.16257905960083,43.839682010002434,2690.6982421875,,,,,
3192,2,1087.0,0.0,32.0,32.0,0.0891089439392089,42.20924497349188,2655.02490234375,,,,,
3193,2,1088.0,0.0,32.0,32.0,0.1008887290954589,41.63056600373238,2574.6875,,,,,
3194,2,1089.0,0.0,32.0,32.0,0.1869454383850097,40.58815201278776,2563.3828125,,,,,
3195,2,1090.0,0.0,32.0,32.0,0.3664722442626953,38.38966798502952,2435.498046875,,,,,
3196,2,1091.0,0.0,32.0,32.0,0.1678380966186523,45.08292197715491,2790.72021484375,,,,,
3197,2,1092.0,0.0,32.0,32.0,0.2310705184936523,39.912178996019065,2498.1083984375,,,,,
3198,2,1093.0,0.0,32.0,32.0,0.2319073677062988,39.50709797209129,2543.56884765625,,,,,
3199,2,1094.0,0.0,32.0,32.0,0.3425736427307129,41.74165899166837,2574.6875,,,,,
3200,2,1095.0,0.0,32.0,32.0,0.244478702545166,47.7020870312117,2822.1865234375,,,,,
3201,2,1096.0,0.0,32.0,32.0,0.2403845787048339,31.95754298940301,2574.6875,,,,,
3202,2,1097.0,0.0,32.0,32.0,0.1459946632385254,37.53541101468727,2465.03271484375,,,,,
3203,2,1098.0,0.0,32.0,32.0,0.0808959007263183,39.93169701425359,2377.17919921875,,,,,
3204,2,1099.0,0.0,32.0,32.0,0.1173748970031738,38.79770799539983,2507.1259765625,,,,,
3205,2,1100.0,0.0,32.0,32.0,0.0334081649780273,37.83122095046565,2398.12548828125,,,,,
3206,2,1101.0,0.0,32.0,32.0,0.0822625160217285,45.19604402594268,2810.46826171875,,,,,
3207,2,1102.0,0.0,32.0,32.0,0.1608624458312988,39.443704998120666,2477.59716796875,,,,,
3208,2,1103.0,0.0,32.0,32.0,0.052433967590332,37.56091301329434,2398.12548828125,,,,,
3209,2,1104.0,0.0,32.0,32.0,0.2436137199401855,38.46746502676979,2543.56884765625,,,,,
3210,2,1105.0,0.0,32.0,32.0,0.041208267211914,45.35916796885431,2761.908203125,,,,,
3211,2,1106.0,0.0,32.0,32.0,0.1681761741638183,39.08516297815368,2315.2705078125,,,,,
3212,2,1107.0,0.0,32.0,32.0,0.2886180877685547,39.327331993263215,2507.1259765625,,,,,
3213,2,1108.0,0.0,32.0,32.0,0.323880672454834,39.783929008990526,2543.56884765625,,,,,
3214,2,1109.0,0.0,32.0,32.0,0.0858864784240722,29.723842977546155,2465.03271484375,,,,,
3215,2,1110.0,0.0,32.0,32.0,0.0904817581176757,39.90654996596277,2563.3828125,,,,,
3216,2,1111.0,0.0,32.0,32.0,0.055849552154541,41.50565702002496,2574.6875,,,,,
3217,2,1112.0,0.0,32.0,32.0,0.2291164398193359,39.38368096714839,2498.1083984375,,,,,
3218,2,1113.0,0.0,32.0,32.0,0.2407593727111816,38.74486300628632,2477.59716796875,,,,,
3219,2,1114.0,0.0,32.0,32.0,0.1261129379272461,41.23761202208698,2574.6875,,,,,
3220,2,1115.0,0.0,32.0,32.0,0.0462279319763183,39.19927397510037,2498.1083984375,,,,,
3221,2,1116.0,0.0,32.0,32.0,0.0892930030822753,41.34219296975061,2574.6875,,,,,
3222,2,1117.0,0.0,32.0,32.0,0.1351127624511718,39.73385196877644,2507.1259765625,,,,,
3223,2,1118.0,0.0,32.0,32.0,0.1219229698181152,45.12916796375066,2754.88671875,,,,,
3224,2,1119.0,0.0,32.0,32.0,0.1865391731262207,39.77100900374353,2533.17626953125,,,,,
3225,2,1120.0,0.0,32.0,32.0,0.0606122016906738,38.75321301165968,2356.935546875,,,,,
3226,2,1121.0,0.0,32.0,32.0,0.0807304382324218,39.14286597864702,2543.56884765625,,,,,
3227,2,1122.0,0.0,32.0,32.0,0.1755261421203613,31.82290797121823,2660.82958984375,,,,,
3228,2,1123.0,0.0,32.0,32.0,0.0763106346130371,41.89908195985481,2687.3701171875,,,,,
3229,2,1124.0,0.0,32.0,32.0,0.0514073371887207,44.694921001791954,2730.66845703125,,,,,
3230,2,1125.0,0.0,32.0,32.0,0.0991182327270507,40.57212598854676,2543.56884765625,,,,,
3231,2,1126.0,0.0,32.0,32.0,0.1167860031127929,51.13630200503394,2965.60693359375,,,,,
3232,2,1127.0,0.0,32.0,32.0,0.3169469833374023,49.42066996591166,2876.80908203125,,,,,
3233,2,1128.0,0.0,32.0,32.0,0.1807680130004882,38.32997503923252,2410.10546875,,,,,
3234,2,1129.0,0.0,32.0,32.0,0.1083211898803711,41.06637800578028,2655.02490234375,,,,,
3235,2,1130.0,0.0,32.0,32.0,0.0694613456726074,42.75256703840569,2687.3701171875,,,,,
3236,2,1131.0,0.0,32.0,32.0,0.0302348136901855,39.536527008749545,2349.4912109375,,,,,
3237,2,1132.0,0.0,32.0,32.0,0.2296404838562011,39.58495700499043,2543.56884765625,,,,,
3238,2,1133.0,0.0,32.0,32.0,0.0340428352355957,40.10093602119014,2543.56884765625,,,,,
3239,2,1134.0,0.0,32.0,32.0,0.1221508979797363,29.77058297256008,2507.1259765625,,,,,
3240,2,1135.0,0.0,32.0,32.0,0.1111230850219726,47.05374897457659,2852.0673828125,,,,,
3241,2,1136.0,0.0,32.0,32.0,0.1401901245117187,39.70660001505166,2356.935546875,,,,,
3242,2,1137.0,0.0,32.0,32.0,0.2261099815368652,37.02915698522702,2398.12548828125,,,,,
3243,2,1138.0,0.0,32.0,32.0,0.2097091674804687,36.72583401203156,2398.12548828125,,,,,
3244,2,1139.0,0.0,32.0,32.0,0.289459228515625,40.93640099745244,2660.82958984375,,,,,
3245,2,1140.0,0.0,32.0,32.0,0.2551980018615722,44.00323599111289,2730.66845703125,,,,,
3246,2,1141.0,0.0,32.0,32.0,0.0223793983459472,42.44529700372368,2655.02490234375,,,,,
3247,2,1142.0,0.0,32.0,32.0,0.0709362030029296,39.22867903020233,2498.1083984375,,,,,
3248,2,1143.0,0.0,32.0,32.0,0.0902853012084961,41.596230992581695,2660.82958984375,,,,,
3249,2,1144.0,0.0,32.0,32.0,0.3496971130371094,39.43595301825553,2356.935546875,,,,,
3250,2,1145.0,0.0,32.0,32.0,0.2235302925109863,37.322860036510974,2398.12548828125,,,,,
3251,2,1146.0,0.0,32.0,32.0,0.0212860107421875,38.35331404116005,2507.1259765625,,,,,
3252,2,1147.0,0.0,32.0,32.0,0.0277752876281738,29.424308973830197,2498.1083984375,,,,,
3253,2,1148.0,0.0,32.0,32.0,0.1914520263671875,40.79884197562933,2574.6875,,,,,
3254,2,1149.0,0.0,32.0,32.0,0.017958641052246,44.28273701341823,2730.66845703125,,,,,
3255,2,1150.0,0.0,32.0,32.0,0.129486083984375,39.01052998844534,2298.90478515625,,,,,
3256,2,1151.0,0.0,32.0,32.0,0.0150690078735351,39.34955201111734,2498.1083984375,,,,,
3257,2,1152.0,0.0,32.0,32.0,0.2391932010650634,41.42664698883891,2660.82958984375,,,,,
3258,2,1153.0,0.0,32.0,32.0,0.1542842388153076,45.02715001581237,2730.66845703125,,,,,
3259,2,1154.0,0.0,32.0,32.0,0.0417385101318359,41.585165017750114,2563.3828125,,,,,
3260,2,1155.0,0.0,32.0,32.0,0.034423828125,39.24482600996271,2498.1083984375,,,,,
3261,2,1156.0,0.0,32.0,32.0,0.1587309837341308,41.24528402462602,2574.6875,,,,,
3262,2,1157.0,0.0,32.0,32.0,0.0077786445617675,50.9018519660458,2978.1904296875,,,,,
3263,2,1158.0,0.0,32.0,32.0,0.4362483024597168,38.44372497405857,2398.12548828125,,,,,
3264,2,1159.0,0.0,32.0,32.0,0.0730528831481933,39.09939201548696,2533.17626953125,,,,,
3265,2,1160.0,0.0,32.0,32.0,0.2428832054138183,28.78028800478205,2435.498046875,,,,,
3266,2,1161.0,0.0,32.0,32.0,0.4181931018829345,39.58504501497373,2563.3828125,,,,,
3267,2,1162.0,0.0,32.0,32.0,0.1016466617584228,39.110345009248704,2507.1259765625,,,,,
3268,2,1163.0,0.0,32.0,32.0,0.3517367839813232,39.79415603680536,2543.56884765625,,,,,
3269,2,1164.0,0.0,32.0,32.0,0.2648181915283203,45.519350038375705,2754.88671875,,,,,
3270,2,1165.0,0.0,32.0,32.0,0.1627061367034912,40.73145904112607,2563.3828125,,,,,
3271,2,1166.0,0.0,32.0,32.0,0.7277021408081055,39.0388629748486,2465.03271484375,,,,,
3272,2,1167.0,0.0,32.0,32.0,0.1996676921844482,39.55102397594601,2533.17626953125,,,,,
3273,2,1168.0,0.0,32.0,32.0,0.032313585281372,38.06652105413377,2410.10546875,,,,,
3274,2,1169.0,0.0,32.0,32.0,0.0898652076721191,43.92670304514468,2696.84033203125,,,,,
3275,2,1170.0,0.0,32.0,32.0,0.2084057331085205,39.67299300711602,2498.1083984375,,,,,
3276,2,1171.0,0.0,32.0,32.0,0.3957395553588867,37.94526500860229,2410.10546875,,,,,
3277,2,1172.0,0.0,32.0,32.0,0.0093216896057128,50.69142504362389,2978.1904296875,,,,,
3278,2,1173.0,0.0,32.0,32.0,0.2307844161987304,32.23942301701754,2655.02490234375,,,,,
3279,2,1174.0,0.0,32.0,32.0,0.3337855339050293,40.79889599233866,2574.6875,,,,,
3280,2,1175.0,0.0,32.0,32.0,0.3968329429626465,38.61747100017965,2315.2705078125,,,,,
3281,2,1176.0,0.0,32.0,32.0,0.1473703384399414,46.028439013753086,2810.46826171875,,,,,
3282,2,1177.0,0.0,32.0,32.0,0.0109052658081054,40.33368296222761,2477.59716796875,,,,,
3283,2,1178.0,0.0,32.0,32.0,0.0197992324829101,39.22981000505388,2349.4912109375,,,,,
3284,2,1179.0,0.0,32.0,32.0,0.1712989807128906,37.8243739833124,2435.498046875,,,,,
3285,2,1180.0,0.0,32.0,32.0,0.3998336791992187,39.16611196473241,2507.1259765625,,,,,
3286,2,1181.0,0.0,32.0,32.0,0.0829887390136718,39.07216602237895,2477.59716796875,,,,,
3287,2,1182.0,0.0,32.0,32.0,0.1171522140502929,39.93508004350588,2543.56884765625,,,,,
3288,2,1183.0,0.0,32.0,32.0,0.1786479949951172,39.61345297284424,2543.56884765625,,,,,
3289,2,1184.0,0.0,32.0,32.0,0.1754531860351562,49.18430099496618,2888.2919921875,,,,,
3290,2,1185.0,0.0,32.0,32.0,0.0193214416503906,40.461706987116486,2563.3828125,,,,,
3291,2,1186.0,0.0,32.0,32.0,0.1047859191894531,29.28909001639113,2533.17626953125,,,,,
3292,2,1187.0,0.0,32.0,32.0,0.4838638305664062,38.098749006167054,2435.498046875,,,,,
3293,2,1188.0,0.0,32.0,32.0,0.3409509658813476,38.642188999801874,2477.59716796875,,,,,
3294,2,1189.0,0.0,32.0,32.0,0.1061115264892578,39.47263199370354,2533.17626953125,,,,,
3295,2,1190.0,0.0,32.0,32.0,0.0629138946533203,40.53943301551044,2563.3828125,,,,,
3296,2,1191.0,0.0,32.0,32.0,0.1770172119140625,38.634818978607655,2315.2705078125,,,,,
3297,2,1192.0,0.0,32.0,32.0,0.2285194396972656,38.69842999847606,2356.935546875,,,,,
3298,2,1193.0,0.0,32.0,32.0,0.1563606262207031,44.90369599079713,2754.88671875,,,,,
3299,2,1194.0,0.0,32.0,32.0,0.1499691009521484,45.6342319957912,2790.72021484375,,,,,
3300,2,1195.0,0.0,32.0,32.0,0.0935611724853515,40.20068299723789,2507.1259765625,,,,,
3301,2,1196.0,0.0,32.0,32.0,0.1914634704589843,39.07265298767015,2465.03271484375,,,,,
3302,2,1197.0,0.0,32.0,32.0,0.198068618774414,45.51081999670714,2790.72021484375,,,,,
3303,2,1198.0,0.0,32.0,32.0,0.0865421295166015,44.62763003539294,2690.6982421875,,,,,
3304,2,1199.0,0.0,32.0,32.0,0.1173744201660156,29.28829903248697,2315.2705078125,,,,,
3305,2,1200.0,0.0,32.0,32.0,0.2151222229003906,39.07138103386387,2543.56884765625,,,,,
3306,2,1201.0,0.0,32.0,32.0,0.1813430786132812,38.94918103469536,2477.59716796875,,,,,
3307,2,1202.0,0.0,32.0,32.0,0.076486587524414,41.82605299865827,2687.3701171875,,,,,
3308,2,1203.0,0.0,32.0,32.0,0.0821456909179687,38.49543095566332,2410.10546875,,,,,
3309,2,1204.0,0.0,32.0,32.0,0.1514453887939453,38.8717990135774,2356.935546875,,,,,
3310,2,1205.0,0.0,32.0,32.0,0.1733112335205078,40.50981998443604,2563.3828125,,,,,
3311,2,1206.0,0.0,32.0,32.0,0.3192920684814453,39.37532799318433,2477.59716796875,,,,,
3312,2,1207.0,0.0,32.0,32.0,0.2177467346191406,38.81511400686577,2533.17626953125,,,,,
3313,2,1208.0,0.0,32.0,32.0,0.2176589965820312,41.43764299806208,2660.82958984375,,,,,
3314,2,1209.0,0.0,32.0,32.0,0.1368389129638672,41.48237803019583,2655.02490234375,,,,,
3315,2,1210.0,0.0,32.0,32.0,0.113138198852539,38.40908402344212,2465.03271484375,,,,,
3316,2,1211.0,0.0,32.0,32.0,0.1190662384033203,43.28741104109213,2690.6982421875,,,,,
3317,2,1212.0,0.0,32.0,32.0,0.1583080291748047,29.282657022122294,2435.498046875,,,,,
3318,2,1213.0,0.0,32.0,32.0,0.1573696136474609,38.60214201267809,2356.935546875,,,,,
3319,2,1214.0,0.0,32.0,32.0,0.0727748870849609,39.02309603290632,2533.17626953125,,,,,
3320,2,1215.0,0.0,32.0,32.0,0.2694454193115234,38.58085098909214,2465.03271484375,,,,,
3321,2,1216.0,0.0,32.0,32.0,0.1302785873413086,40.21445597754792,2563.3828125,,,,,
3322,2,1217.0,0.0,32.0,32.0,0.0898666381835937,48.18344803061336,2852.0673828125,,,,,
3323,2,1218.0,0.0,32.0,32.0,0.1117887496948242,40.068003989290446,2498.1083984375,,,,,
3324,2,1219.0,0.0,32.0,32.0,0.2706441879272461,45.97121401457116,2761.908203125,,,,,
3325,2,1220.0,0.0,32.0,32.0,0.1617555618286132,38.50518702529371,2435.498046875,,,,,
3326,2,1221.0,0.0,32.0,32.0,0.3382282257080078,41.41611699014902,2563.3828125,,,,,
3327,2,1222.0,0.0,32.0,32.0,0.1973581314086914,39.0132759930566,2477.59716796875,,,,,
3328,2,1223.0,0.0,32.0,32.0,0.0917167663574218,34.69727502670139,2249.71875,,,,,
3329,2,1224.0,0.0,32.0,32.0,0.0979251861572265,38.418556039687246,2356.935546875,,,,,
3330,2,1225.0,0.0,32.0,32.0,0.2000055313110351,31.966260983608663,2660.82958984375,,,,,
3331,2,1226.0,0.0,32.0,32.0,0.0451536178588867,39.67627399833873,2507.1259765625,,,,,
3332,2,1227.0,0.0,32.0,32.0,0.0793170928955078,39.777675003279,2533.17626953125,,,,,
3333,2,1228.0,0.0,32.0,32.0,0.0411548614501953,41.87810199800879,2655.02490234375,,,,,
3334,2,1229.0,0.0,32.0,32.0,0.1576337814331054,38.65365800447762,2435.498046875,,,,,
3335,2,1230.0,0.0,32.0,32.0,0.0301437377929687,43.08877495350316,2690.6982421875,,,,,
3336,2,1231.0,0.0,32.0,32.0,0.0920805931091308,39.19722500722855,2477.59716796875,,,,,
3337,2,1232.0,0.0,32.0,32.0,0.096926212310791,41.00032104179263,2574.6875,,,,,
3338,2,1233.0,0.0,32.0,32.0,0.2358732223510742,38.38320198701695,2498.1083984375,,,,,
3339,2,1234.0,0.0,32.0,32.0,0.3128705024719238,51.55739199835807,3000.7802734375,,,,,
3340,2,1235.0,0.0,32.0,32.0,0.4272236824035644,41.13010101718828,2563.3828125,,,,,
3341,2,1236.0,0.0,32.0,32.0,0.3171467781066894,41.72895103693008,2655.02490234375,,,,,
3342,2,1237.0,0.0,32.0,32.0,0.1128053665161132,39.47576298378408,2507.1259765625,,,,,
3343,2,1238.0,0.0,32.0,32.0,0.1059484481811523,28.509867028333247,2435.498046875,,,,,
3344,2,1239.0,0.0,32.0,32.0,0.3203210830688476,38.017886981833726,2477.59716796875,,,,,
3345,2,1240.0,0.0,32.0,32.0,0.2711567878723144,40.27407401008532,2563.3828125,,,,,
3346,2,1241.0,0.0,32.0,32.0,0.1722650527954101,51.56013497617096,2978.1904296875,,,,,
3347,2,1242.0,0.0,32.0,32.0,0.0112895965576171,45.15298700425774,2730.66845703125,,,,,
3348,2,1243.0,0.0,32.0,32.0,0.0902528762817382,39.76903297007084,2477.59716796875,,,,,
3349,2,1244.0,0.0,32.0,32.0,0.018139362335205,38.498130976222456,2410.10546875,,,,,
3350,2,1245.0,0.0,32.0,32.0,0.0863757133483886,38.90724800294265,2498.1083984375,,,,,
3351,2,1246.0,0.0,32.0,32.0,0.3452615737915039,39.82136701233685,2543.56884765625,,,,,
3352,2,1247.0,0.0,32.0,32.0,0.014467716217041,50.23973196512088,2914.046875,,,,,
3353,2,1248.0,0.0,32.0,32.0,0.2705788612365722,43.96819300018251,2690.6982421875,,,,,
3354,2,1249.0,0.0,32.0,32.0,0.0147533416748046,39.66582001885399,2498.1083984375,,,,,
3355,2,1250.0,0.0,32.0,32.0,0.1065711975097656,39.68768200138584,2533.17626953125,,,,,
3356,2,1251.0,0.0,32.0,32.0,0.1918549537658691,29.325651994440705,2498.1083984375,,,,,
3357,2,1252.0,0.0,32.0,32.0,0.385993480682373,38.87027403106913,2533.17626953125,,,,,
3358,2,1253.0,0.0,32.0,32.0,0.2719931602478027,44.09069201210514,2696.84033203125,,,,,
3359,2,1254.0,0.0,32.0,32.0,0.07440185546875,39.794680022168905,2465.03271484375,,,,,
3360,2,1255.0,0.0,32.0,32.0,0.313941478729248,48.79692802205682,2888.2919921875,,,,,
3361,2,1256.0,0.0,32.0,32.0,0.0403480529785156,37.59731398895383,2398.12548828125,,,,,
3362,2,1257.0,0.0,32.0,32.0,0.4673843383789062,38.82750502089039,2498.1083984375,,,,,
3363,2,1258.0,0.0,32.0,32.0,0.2796635627746582,45.33773200819269,2761.908203125,,,,,
3364,2,1259.0,0.0,32.0,32.0,0.1782565116882324,44.77921803481877,2696.84033203125,,,,,
3365,2,1260.0,0.0,32.0,32.0,0.0825214385986328,41.73673497280106,2655.02490234375,,,,,
3366,2,1261.0,0.0,32.0,32.0,0.0497007369995117,47.34473000280559,2852.0673828125,,,,,
3367,2,1262.0,0.0,32.0,32.0,0.1403155326843261,39.09431397914887,2349.4912109375,,,,,
3368,2,1263.0,0.0,32.0,32.0,0.3534064292907715,43.7435990315862,2690.6982421875,,,,,
3369,2,1264.0,0.0,32.0,32.0,0.2176904678344726,30.206097988411784,2507.1259765625,,,,,
3370,2,1265.0,0.0,32.0,32.0,0.0651769638061523,41.04863596148789,2574.6875,,,,,
3371,2,1266.0,0.0,32.0,32.0,0.2260408401489257,39.36301596695557,2533.17626953125,,,,,
3372,2,1267.0,0.0,32.0,32.0,0.2098836898803711,43.97449403768405,2730.66845703125,,,,,
3373,2,1268.0,0.0,32.0,32.0,0.0629677772521972,38.51717698853463,2398.12548828125,,,,,
3374,2,1269.0,0.0,32.0,32.0,0.5149049758911133,38.92594901844859,2543.56884765625,,,,,
3375,2,1270.0,0.0,32.0,32.0,0.1342077255249023,39.41777895670384,2498.1083984375,,,,,
3376,2,1271.0,0.0,32.0,32.0,0.2218399047851562,39.51924800639972,2543.56884765625,,,,,
3377,2,1272.0,0.0,32.0,32.0,0.2237796783447265,44.26946298917756,2690.6982421875,,,,,
3378,2,1273.0,0.0,32.0,32.0,0.2709712982177734,40.81312596099451,2533.17626953125,,,,,
3379,2,1274.0,0.0,32.0,32.0,0.087193489074707,44.0158229903318,2690.6982421875,,,,,
3380,2,1275.0,0.0,32.0,32.0,0.0880546569824218,41.175576974637806,2563.3828125,,,,,
3381,2,1276.0,0.0,32.0,32.0,0.1345663070678711,39.97206798521802,2543.56884765625,,,,,
3382,2,1277.0,0.0,32.0,32.0,0.0901546478271484,34.02498195646331,2690.6982421875,,,,,
3383,2,1278.0,0.0,32.0,32.0,0.0582714080810546,41.3586639915593,2574.6875,,,,,
3384,2,1279.0,0.0,32.0,32.0,0.1354656219482422,38.30216795904562,2465.03271484375,,,,,
3385,2,1280.0,0.0,32.0,32.0,0.2343606948852539,39.225196989718825,2533.17626953125,,,,,
3386,2,1281.0,0.0,32.0,32.0,0.2612295150756836,38.37869095150381,2435.498046875,,,,,
3387,2,1282.0,0.0,32.0,32.0,0.1827383041381836,38.40048797428608,2477.59716796875,,,,,
3388,2,1283.0,0.0,32.0,32.0,0.137542724609375,41.19947599247098,2574.6875,,,,,
3389,2,1284.0,0.0,32.0,32.0,0.1637229919433593,38.35823596455157,2435.498046875,,,,,
3390,2,1285.0,0.0,32.0,32.0,0.2355270385742187,39.194690994918346,2533.17626953125,,,,,
3391,2,1286.0,0.0,32.0,32.0,0.0589284896850585,39.12970604142174,2465.03271484375,,,,,
3392,2,1287.0,0.0,32.0,32.0,0.0583086013793945,41.75359895452857,2660.82958984375,,,,,
3393,2,1288.0,0.0,32.0,32.0,0.169189453125,42.234749998897314,2574.6875,,,,,
3394,2,1289.0,0.0,32.0,32.0,0.2163667678833007,38.93824201077223,2543.56884765625,,,,,
3395,2,1290.0,0.0,32.0,32.0,0.3056468963623047,29.31898401584476,2498.1083984375,,,,,
3396,2,1291.0,0.0,32.0,32.0,0.1702442169189453,41.099232039414346,2655.02490234375,,,,,
3397,2,1292.0,0.0,32.0,32.0,0.2033267021179199,38.2261949707754,2315.2705078125,,,,,
3398,2,1293.0,0.0,32.0,32.0,0.1092100143432617,40.757515002042055,2574.6875,,,,,
3399,2,1294.0,0.0,32.0,32.0,0.1010370254516601,38.636074983514845,2356.935546875,,,,,
3400,2,1295.0,0.0,32.0,32.0,0.0665907859802246,39.03479198925197,2477.59716796875,,,,,
3401,2,1296.0,0.0,32.0,32.0,0.053598403930664,39.61255599278957,2533.17626953125,,,,,
3402,2,1297.0,0.0,32.0,32.0,0.0199456214904785,40.41921504540369,2563.3828125,,,,,
3403,2,1298.0,0.0,32.0,32.0,0.2879962921142578,41.99101199628785,2687.3701171875,,,,,
3404,2,1299.0,0.0,32.0,32.0,0.0380725860595703,40.17066000960767,2533.17626953125,,,,,
3405,2,1300.0,0.0,32.0,32.0,0.1214656829833984,39.434803009498864,2498.1083984375,,,,,
3406,2,1301.0,0.0,32.0,32.0,0.0920376777648925,44.04280398739502,2690.6982421875,,,,,
3407,2,1302.0,0.0,32.0,32.0,0.195925235748291,42.56054101279005,2660.82958984375,,,,,
3408,2,1303.0,0.0,32.0,32.0,0.3358831405639648,30.726185999810696,2377.17919921875,,,,,
3409,2,1304.0,0.0,32.0,32.0,0.1868362426757812,38.73059398029,2507.1259765625,,,,,
3410,2,1305.0,0.0,32.0,32.0,0.1029295921325683,34.92724895477295,2273.755859375,,,,,
3411,2,1306.0,0.0,32.0,32.0,0.4292049407958984,40.39663396542892,2574.6875,,,,,
3412,2,1307.0,0.0,32.0,32.0,0.1116456985473632,38.68280100869015,2477.59716796875,,,,,
3413,2,1308.0,0.0,32.0,32.0,0.0534744262695312,45.636032009497285,2790.72021484375,,,,,
3414,2,1309.0,0.0,32.0,32.0,0.0770559310913086,38.33198297070339,2398.12548828125,,,,,
3415,2,1310.0,0.0,32.0,32.0,0.2706813812255859,44.86994596663863,2754.88671875,,,,,
3416,2,1311.0,0.0,32.0,32.0,0.0347065925598144,45.95431900816038,2754.88671875,,,,,
3417,2,1312.0,0.0,32.0,32.0,0.128394603729248,39.854595030192286,2533.17626953125,,,,,
3418,2,1313.0,0.0,32.0,32.0,0.3110651969909668,38.422557001467794,2435.498046875,,,,,
3419,2,1314.0,0.0,32.0,32.0,0.1807813644409179,37.6609840313904,2435.498046875,,,,,
3420,2,1315.0,0.0,32.0,32.0,0.0641546249389648,40.40923499269411,2574.6875,,,,,
3421,2,1316.0,0.0,32.0,32.0,0.0817728042602539,29.23399099381641,2498.1083984375,,,,,
3422,2,1317.0,0.0,32.0,32.0,0.0747451782226562,41.13465297268704,2687.3701171875,,,,,
3423,2,1318.0,0.0,32.0,32.0,0.0471324920654296,41.33917501894757,2655.02490234375,,,,,
3424,2,1319.0,0.0,32.0,32.0,0.0749869346618652,40.04385799635202,2377.17919921875,,,,,
3425,2,1320.0,0.0,32.0,32.0,0.0742125511169433,41.53357399627566,2660.82958984375,,,,,
3426,2,1321.0,0.0,32.0,32.0,0.1146750450134277,39.86037499271333,2533.17626953125,,,,,
3427,2,1322.0,0.0,32.0,32.0,0.1182661056518554,39.64533598627895,2543.56884765625,,,,,
3428,2,1323.0,0.0,32.0,32.0,0.2076964378356933,46.28992598736659,2690.6982421875,,,,,
3429,2,1324.0,0.0,32.0,32.0,0.0349416732788085,39.02706201188266,2477.59716796875,,,,,
3430,2,1325.0,0.0,32.0,32.0,0.152256965637207,46.4117550291121,2790.72021484375,,,,,
3431,2,1326.0,0.0,32.0,32.0,0.054427146911621,44.613264966756105,2696.84033203125,,,,,
3432,2,1327.0,0.0,32.0,32.0,0.4039669036865234,38.90247095841914,2410.10546875,,,,,
3433,2,1328.0,0.0,32.0,32.0,0.0258173942565917,38.79670100286603,2356.935546875,,,,,
3434,2,1329.0,0.0,32.0,32.0,0.0945701599121093,35.64719500718638,2790.72021484375,,,,,
3435,2,1330.0,0.0,32.0,32.0,0.0652384757995605,49.68662699684501,2876.80908203125,,,,,
3436,2,1331.0,0.0,32.0,32.0,0.2274346351623535,38.7929980061017,2477.59716796875,,,,,
3437,2,1332.0,0.0,32.0,32.0,0.0640273094177246,44.8244409635663,2754.88671875,,,,,
3438,2,1333.0,0.0,32.0,32.0,0.1354670524597168,43.83437102660537,2690.6982421875,,,,,
3439,2,1334.0,0.0,32.0,32.0,0.1467156410217285,40.58805096428841,2533.17626953125,,,,,
3440,2,1335.0,0.0,32.0,32.0,0.0231413841247558,45.94380198977888,2790.72021484375,,,,,
3441,2,1336.0,0.0,32.0,32.0,0.3494200706481933,38.995437033008784,2465.03271484375,,,,,
3442,2,1337.0,0.0,32.0,32.0,0.2004439830780029,39.07341498415917,2498.1083984375,,,,,
3443,2,1338.0,0.0,32.0,32.0,0.1607387065887451,51.111829990986735,2978.1904296875,,,,,
3444,2,1339.0,0.0,32.0,32.0,0.0935084819793701,38.44822000246495,2410.10546875,,,,,
3445,2,1340.0,0.0,32.0,32.0,0.0666813850402832,38.48970902618021,2349.4912109375,,,,,
3446,2,1341.0,0.0,32.0,32.0,0.0503296852111816,29.63026094948873,2507.1259765625,,,,,
3447,2,1342.0,0.0,32.0,32.0,0.2574024200439453,46.68574797688052,2822.1865234375,,,,,
3448,2,1343.0,0.0,32.0,32.0,0.2171926498413086,39.17947696754709,2477.59716796875,,,,,
3449,2,1344.0,0.0,32.0,32.0,0.1952471733093261,43.61856798641384,2696.84033203125,,,,,
3450,2,1345.0,0.0,32.0,32.0,0.0834083557128906,52.686801995150745,3000.7802734375,,,,,
3451,2,1346.0,0.0,32.0,32.0,0.2366271018981933,42.17760195024312,2660.82958984375,,,,,
3452,2,1347.0,0.0,32.0,32.0,0.2082750797271728,38.9236809569411,2315.2705078125,,,,,
3453,2,1348.0,0.0,32.0,32.0,0.2599117755889892,38.26463100267574,2465.03271484375,,,,,
3454,2,1349.0,0.0,32.0,32.0,0.3488907814025879,40.30595999211073,2377.17919921875,,,,,
3455,2,1350.0,0.0,32.0,32.0,0.2077059745788574,47.2137980395928,2852.0673828125,,,,,
3456,2,1351.0,0.0,32.0,32.0,0.1045484542846679,41.54548898804933,2563.3828125,,,,,
3457,2,1352.0,0.0,32.0,32.0,0.2605767250061035,38.04493497591466,2398.12548828125,,,,,
3458,2,1353.0,0.0,32.0,32.0,0.077247142791748,27.79860800364986,2410.10546875,,,,,
3459,2,1354.0,0.0,32.0,32.0,0.2258200645446777,38.01843000110239,2498.1083984375,,,,,
3460,2,1355.0,0.0,32.0,32.0,0.0480322837829589,41.74659098498523,2574.6875,,,,,
3461,2,1356.0,0.0,32.0,32.0,0.1636300086975097,38.24148996500298,2435.498046875,,,,,
3462,2,1357.0,0.0,32.0,32.0,0.1939291954040527,39.38431601272896,2543.56884765625,,,,,
3463,2,1358.0,0.0,32.0,32.0,0.07957124710083,46.37390200514346,2790.72021484375,,,,,
3464,2,1359.0,0.0,32.0,32.0,0.0728945732116699,43.89820102369413,2690.6982421875,,,,,
3465,2,1360.0,0.0,32.0,32.0,0.0585150718688964,41.86338494764641,2660.82958984375,,,,,
3466,2,1361.0,0.0,32.0,32.0,0.0349941253662109,45.69445998640731,2790.72021484375,,,,,
3467,2,1362.0,0.0,32.0,32.0,0.0635352134704589,39.35431397985667,2477.59716796875,,,,,
3468,2,1363.0,0.0,32.0,32.0,0.0802030563354492,38.80397399188951,2356.935546875,,,,,
3469,2,1364.0,0.0,32.0,32.0,0.3177447319030761,40.920304018072784,2574.6875,,,,,
3470,2,1365.0,0.0,32.0,32.0,0.1490969657897949,45.106114994268864,2761.908203125,,,,,
3471,2,1366.0,0.0,32.0,32.0,0.1848902702331543,28.284945990890265,2410.10546875,,,,,
3472,2,1367.0,0.0,32.0,32.0,0.0175867080688476,38.11735997442156,2498.1083984375,,,,,
3473,2,1368.0,0.0,32.0,32.0,0.1006627082824707,43.61664701718837,2696.84033203125,,,,,
3474,2,1369.0,0.0,32.0,32.0,0.3092255592346191,41.8588449829258,2574.6875,,,,,
3475,2,1370.0,0.0,32.0,32.0,0.2680752277374267,39.54980103299022,2533.17626953125,,,,,
3476,2,1371.0,0.0,32.0,32.0,0.1344165802001953,38.92080194782466,2498.1083984375,,,,,
3477,2,1372.0,0.0,32.0,32.0,0.3093667030334472,40.36255303071812,2563.3828125,,,,,
3478,2,1373.0,0.0,32.0,32.0,0.2195007801055908,39.30183599004522,2498.1083984375,,,,,
3479,2,1374.0,0.0,32.0,32.0,0.0781192779541015,41.80508299032226,2655.02490234375,,,,,
3480,2,1375.0,0.0,32.0,32.0,0.1296319961547851,44.46976201143116,2690.6982421875,,,,,
3481,2,1376.0,0.0,32.0,32.0,0.1274185180664062,39.209638023748994,2410.10546875,,,,,
3482,2,1377.0,0.0,32.0,32.0,0.2104382514953613,49.18253398500383,2876.80908203125,,,,,
3483,2,1378.0,0.0,32.0,32.0,0.1631796360015869,39.00290001183748,2477.59716796875,,,,,
3484,2,1379.0,0.0,32.0,32.0,0.0307834148406982,31.373644014820457,2655.02490234375,,,,,
3485,2,1380.0,0.0,32.0,32.0,0.0898542404174804,41.173330042511225,2660.82958984375,,,,,
3486,2,1381.0,0.0,32.0,32.0,0.1972513198852539,44.81443599797785,2754.88671875,,,,,
3487,2,1382.0,0.0,32.0,32.0,0.0655632019042968,39.44308398058638,2435.498046875,,,,,
3488,2,1383.0,0.0,32.0,32.0,0.253986120223999,39.74957799073309,2377.17919921875,,,,,
3489,2,1384.0,0.0,32.0,32.0,0.7356486320495605,39.728767005726695,2377.17919921875,,,,,
3490,2,1385.0,0.0,32.0,32.0,0.1198277473449707,38.98377501172945,2507.1259765625,,,,,
3491,2,1386.0,0.0,32.0,32.0,0.3091578483581543,40.52009899169207,2563.3828125,,,,,
3492,2,1387.0,0.0,32.0,32.0,0.1381855010986328,41.4299379917793,2574.6875,,,,,
3493,2,1388.0,0.0,32.0,32.0,0.1701729297637939,51.231781020760536,2956.64208984375,,,,,
3494,2,1389.0,0.0,32.0,32.0,0.0363044738769531,41.79655597545207,2660.82958984375,,,,,
3495,2,1390.0,0.0,32.0,32.0,0.1202039718627929,48.95554395625368,2888.2919921875,,,,,
3496,2,1391.0,0.0,32.0,32.0,0.1763238906860351,32.291612995322794,2687.3701171875,,,,,
3497,2,1392.0,0.0,32.0,32.0,0.3478536605834961,39.057220972608775,2507.1259765625,,,,,
3498,2,1393.0,0.0,32.0,32.0,0.0249304771423339,40.37015797803178,2563.3828125,,,,,
3499,2,1394.0,0.0,32.0,32.0,0.1036992073059082,34.74924195325002,2249.71875,,,,,
3500,2,1395.0,0.0,32.0,32.0,0.0489120483398437,40.79566500149667,2574.6875,,,,,
3501,2,1396.0,0.0,32.0,32.0,0.2638783454895019,38.438562012743205,2477.59716796875,,,,,
3502,2,1397.0,0.0,32.0,32.0,0.1160097122192382,40.69498204626143,2377.17919921875,,,,,
3503,2,1398.0,0.0,32.0,32.0,0.0422801971435546,47.49932698905468,2852.0673828125,,,,,
3504,2,1399.0,0.0,32.0,32.0,0.3632769584655761,41.06980800861493,2563.3828125,,,,,
3505,2,1400.0,0.0,32.0,32.0,0.0948629379272461,38.67774596437812,2465.03271484375,,,,,
3506,2,1401.0,0.0,32.0,32.0,0.1762375831604004,39.04858999885619,2356.935546875,,,,,
3507,2,1402.0,0.0,32.0,32.0,0.4028735160827636,47.31410602107644,2822.1865234375,,,,,
3508,2,1403.0,0.0,32.0,32.0,0.4559364318847656,41.68219899293035,2660.82958984375,,,,,
3509,2,1404.0,0.0,32.0,32.0,0.2496314048767089,29.752984002698213,2498.1083984375,,,,,
3510,2,1405.0,0.0,32.0,32.0,0.1831946372985839,38.829560042358935,2543.56884765625,,,,,
3511,2,1406.0,0.0,32.0,32.0,0.1959304809570312,44.499228009954095,2730.66845703125,,,,,
3512,2,1407.0,0.0,32.0,32.0,0.2713627815246582,40.65106896450743,2543.56884765625,,,,,
3513,2,1408.0,0.0,32.0,32.0,0.1896514892578125,46.32667097030208,2790.72021484375,,,,,
3514,2,1409.0,0.0,32.0,32.0,0.0477113723754882,39.81954604387283,2507.1259765625,,,,,
3515,2,1410.0,0.0,32.0,32.0,0.1223864555358886,41.23751597944647,2655.02490234375,,,,,
3516,2,1411.0,0.0,32.0,32.0,0.2587947845458984,43.396033986937255,2696.84033203125,,,,,
3517,2,1412.0,0.0,32.0,32.0,0.1336274147033691,41.8963489937596,2563.3828125,,,,,
3518,2,1413.0,0.0,32.0,32.0,0.0899834632873535,38.54562900960445,2435.498046875,,,,,
3519,2,1414.0,0.0,32.0,32.0,0.1759977340698242,51.24839500058442,3037.9208984375,,,,,
3520,2,1415.0,0.0,32.0,32.0,0.2190947532653808,42.234666005242616,2655.02490234375,,,,,
3521,2,1416.0,0.0,32.0,32.0,0.1065816879272461,31.201317033264782,2655.02490234375,,,,,
3522,2,1417.0,0.0,32.0,32.0,0.1055450439453125,41.123942006379366,2655.02490234375,,,,,
3523,2,1418.0,0.0,32.0,32.0,0.080204963684082,41.88638302730397,2687.3701171875,,,,,
3524,2,1419.0,0.0,32.0,32.0,0.1445307731628418,47.99918300705031,2852.0673828125,,,,,
3525,2,1420.0,0.0,32.0,32.0,0.0553865432739257,42.34945197822526,2687.3701171875,,,,,
3526,2,1421.0,0.0,32.0,32.0,0.4357838630676269,39.59903697250411,2533.17626953125,,,,,
3527,2,1422.0,0.0,32.0,32.0,0.2563056945800781,39.29973300546408,2507.1259765625,,,,,
3528,2,1423.0,0.0,32.0,32.0,0.1042494773864746,40.27561901602894,2563.3828125,,,,,
3529,2,1424.0,0.0,32.0,32.0,0.3338837623596191,44.13623199798167,2730.66845703125,,,,,
3530,2,1425.0,0.0,32.0,32.0,0.3791818618774414,52.4033919791691,2978.1904296875,,,,,
3531,2,1426.0,0.0,32.0,32.0,0.1248478889465332,41.5308780502528,2563.3828125,,,,,
3532,2,1427.0,0.0,32.0,32.0,0.1294951438903808,41.65411100257188,2660.82958984375,,,,,
3533,2,1428.0,0.0,32.0,32.0,0.124183177947998,31.560203002300117,2660.82958984375,,,,,
3534,2,1429.0,0.0,32.0,32.0,0.122467041015625,44.58372597582638,2696.84033203125,,,,,
3535,2,1430.0,0.0,32.0,32.0,0.2196764945983886,42.88409795844928,2655.02490234375,,,,,
3536,2,1431.0,0.0,32.0,32.0,0.2136335372924804,39.18909002095461,2410.10546875,,,,,
3537,2,1432.0,0.0,32.0,32.0,0.2089319229125976,40.84687103750184,2660.82958984375,,,,,
3538,2,1433.0,0.0,32.0,32.0,0.1108169555664062,44.739870994817466,2730.66845703125,,,,,
3539,2,1434.0,0.0,32.0,32.0,0.2838630676269531,39.96398102026433,2356.935546875,,,,,
3540,2,1435.0,0.0,32.0,32.0,0.0467205047607421,38.20398997049779,2435.498046875,,,,,
3541,2,1436.0,0.0,32.0,32.0,0.1387267112731933,38.38264796650037,2410.10546875,,,,,
3542,2,1437.0,0.0,32.0,32.0,0.3035802841186523,39.32322602486238,2543.56884765625,,,,,
3543,2,1438.0,0.0,32.0,32.0,0.0425825119018554,39.155028003733605,2498.1083984375,,,,,
3544,2,1439.0,0.0,32.0,32.0,0.0360217094421386,38.43565401621163,2465.03271484375,,,,,
3545,2,1440.0,0.0,32.0,32.0,0.3542757034301758,38.94874203251675,2498.1083984375,,,,,
3546,2,1441.0,0.0,32.0,32.0,0.0108265876770019,34.233829006552696,2754.88671875,,,,,
3547,2,1442.0,0.0,32.0,32.0,0.2772207260131836,40.66091700224206,2574.6875,,,,,
3548,2,1443.0,0.0,32.0,32.0,0.1412630081176757,38.01988501800224,2465.03271484375,,,,,
3549,2,1444.0,0.0,32.0,32.0,0.1546592712402343,40.60762200970203,2574.6875,,,,,
3550,2,1445.0,0.0,32.0,32.0,0.1378564834594726,37.20758896088228,2398.12548828125,,,,,
3551,2,1446.0,0.0,32.0,32.0,0.4440460205078125,38.29076699912548,2498.1083984375,,,,,
3552,2,1447.0,0.0,32.0,32.0,0.2155752182006836,39.74615799961612,2377.17919921875,,,,,
3553,2,1448.0,0.0,32.0,32.0,0.0224080085754394,40.99020001012832,2563.3828125,,,,,
3554,2,1449.0,0.0,32.0,32.0,0.2412295341491699,40.56680796202272,2543.56884765625,,,,,
3555,2,1450.0,0.0,32.0,32.0,0.0215764045715332,46.34949297178537,2810.46826171875,,,,,
3556,2,1451.0,0.0,32.0,32.0,0.0629792213439941,39.2706620041281,2465.03271484375,,,,,
3557,2,1452.0,0.0,32.0,32.0,0.1878433227539062,37.79901197412983,2435.498046875,,,,,
3558,2,1453.0,0.0,32.0,32.0,0.0461483001708984,45.43331696186215,2810.46826171875,,,,,
3559,2,1454.0,0.0,32.0,32.0,0.1405816078186035,31.832785985898223,2574.6875,,,,,
3560,2,1455.0,0.0,32.0,32.0,0.1426143646240234,43.543500010855496,2730.66845703125,,,,,
3561,2,1456.0,0.0,32.0,32.0,0.2512116432189941,40.19262100337073,2498.1083984375,,,,,
3562,2,1457.0,0.0,32.0,32.0,0.1827125549316406,39.29741703905165,2477.59716796875,,,,,
3563,2,1458.0,0.0,32.0,32.0,0.2905535697937011,38.46904798410833,2435.498046875,,,,,
3564,2,1459.0,0.0,32.0,32.0,0.0277976989746093,38.42541098129004,2465.03271484375,,,,,
3565,2,1460.0,0.0,32.0,32.0,0.4661245346069336,45.04422802710906,2810.46826171875,,,,,
3566,2,1461.0,0.0,32.0,32.0,0.2499399185180664,50.741147017106414,2956.64208984375,,,,,
3567,2,1462.0,0.0,32.0,32.0,0.032137393951416,44.5204499992542,2696.84033203125,,,,,
3568,2,1463.0,0.0,32.0,32.0,0.1436495780944824,38.959535013418645,2410.10546875,,,,,
3569,2,1464.0,0.0,32.0,32.0,0.1617074012756347,51.06362601509318,2965.60693359375,,,,,
3570,2,1465.0,0.0,32.0,32.0,0.0551066398620605,39.40368100302294,2533.17626953125,,,,,
3571,2,1466.0,0.0,32.0,32.0,0.0448284149169921,28.90515502076596,2498.1083984375,,,,,
3572,2,1467.0,0.0,32.0,32.0,0.2789731025695801,42.29572997428477,2690.6982421875,,,,,
3573,2,1468.0,0.0,32.0,32.0,0.3974599838256836,38.98078296333552,2315.2705078125,,,,,
3574,2,1469.0,0.0,32.0,32.0,0.1740508079528808,38.208218989893794,2477.59716796875,,,,,
3575,2,1470.0,0.0,32.0,32.0,0.1032094955444336,38.34054700564593,2465.03271484375,,,,,
3576,2,1471.0,0.0,32.0,32.0,0.0490283966064453,38.69761998066679,2498.1083984375,,,,,
3577,2,1472.0,0.0,32.0,32.0,0.0269804000854492,38.39620796497911,2435.498046875,,,,,
3578,2,1473.0,0.0,32.0,32.0,0.2423114776611328,39.2521140165627,2543.56884765625,,,,,
3579,2,1474.0,0.0,32.0,32.0,0.2722434997558594,41.81262099882588,2655.02490234375,,,,,
3580,2,1475.0,0.0,32.0,32.0,0.0306663513183593,44.18458801228553,2730.66845703125,,,,,
3581,2,1476.0,0.0,32.0,32.0,0.2879772186279297,43.41890796786174,2660.82958984375,,,,,
3582,2,1477.0,0.0,32.0,32.0,0.0478267669677734,41.59403097582981,2655.02490234375,,,,,
3583,2,1478.0,0.0,32.0,32.0,0.0708980560302734,39.07790896482766,2435.498046875,,,,,
3584,2,1479.0,0.0,32.0,32.0,0.1091537475585937,34.86579400487244,2761.908203125,,,,,
3585,2,1480.0,0.0,32.0,32.0,0.333740234375,38.90363103710115,2349.4912109375,,,,,
3586,2,1481.0,0.0,32.0,32.0,0.0734329223632812,39.14688405347988,2533.17626953125,,,,,
3587,2,1482.0,0.0,32.0,32.0,0.023263931274414,39.36748002888635,2543.56884765625,,,,,
3588,2,1483.0,0.0,32.0,32.0,0.2053241729736328,40.33126903232187,2563.3828125,,,,,
3589,2,1484.0,0.0,32.0,32.0,0.254373550415039,44.88764196867123,2754.88671875,,,,,
3590,2,1485.0,0.0,32.0,32.0,0.292332649230957,39.108761004172266,2435.498046875,,,,,
3591,2,1486.0,0.0,32.0,32.0,0.0444526672363281,43.73142501572147,2730.66845703125,,,,,
3592,2,1487.0,0.0,32.0,32.0,0.1191730499267578,40.343608998227865,2498.1083984375,,,,,
3593,2,1488.0,0.0,32.0,32.0,0.4345130920410156,40.779094968456775,2563.3828125,,,,,
3594,2,1489.0,0.0,32.0,32.0,0.2785549163818359,41.45706497365609,2655.02490234375,,,,,
3595,2,1490.0,0.0,32.0,32.0,0.0423145294189453,42.00458101695404,2687.3701171875,,,,,
3596,2,1491.0,0.0,32.0,32.0,0.0362205505371093,46.00008600391448,2754.88671875,,,,,
3597,2,1492.0,0.0,32.0,32.0,0.2561941146850586,28.2253889599815,2410.10546875,,,,,
3598,2,1493.0,0.0,32.0,32.0,0.1815414428710937,37.008054030593485,2435.498046875,,,,,
3599,2,1494.0,0.0,32.0,32.0,0.0649089813232421,38.21245499420911,2507.1259765625,,,,,
3600,2,1495.0,0.0,32.0,32.0,0.3002586364746094,38.58656401280314,2498.1083984375,,,,,
3601,2,1496.0,0.0,32.0,32.0,0.0564613342285156,39.282068028114736,2533.17626953125,,,,,
3602,2,1497.0,0.0,32.0,32.0,0.1104536056518554,41.20513296220452,2574.6875,,,,,
3603,2,1498.0,0.0,32.0,32.0,0.1596202850341797,39.8101459722966,2543.56884765625,,,,,
3604,2,1499.0,0.0,32.0,32.0,0.21771240234375,44.84591702930629,2754.88671875,,,,,
3605,2,1500.0,0.0,32.0,32.0,0.2633571624755859,45.93516496242955,2696.84033203125,,,,,
3606,2,1501.0,0.0,32.0,32.0,0.1892681121826172,40.3212970122695,2349.4912109375,,,,,
3607,2,1502.0,0.0,32.0,32.0,0.0777177810668945,50.14154803939164,2914.046875,,,,,
3608,2,1503.0,0.0,32.0,32.0,0.1298866271972656,42.21754899481312,2687.3701171875,,,,,
3609,2,1504.0,0.0,32.0,32.0,0.3078536987304687,38.36027800571173,2410.10546875,,,,,
3610,2,1505.0,0.0,32.0,32.0,0.0824794769287109,29.522590048145503,2356.935546875,,,,,
3611,2,1506.0,0.0,32.0,32.0,0.1553716659545898,38.53290097322315,2533.17626953125,,,,,
3612,2,1507.0,0.0,32.0,32.0,0.2769527435302734,39.24576402641833,2507.1259765625,,,,,
3613,2,1508.0,0.0,32.0,32.0,0.1665239334106445,40.55162699660286,2563.3828125,,,,,
3614,2,1509.0,0.0,32.0,32.0,0.1823911666870117,40.81993096042424,2563.3828125,,,,,
3615,2,1510.0,0.0,32.0,32.0,0.0393438339233398,39.65544799575582,2543.56884765625,,,,,
3616,2,1511.0,0.0,32.0,32.0,0.1224231719970703,35.289327963255346,2273.755859375,,,,,
3617,2,1512.0,0.0,32.0,32.0,0.0895309448242187,43.46110997721553,2696.84033203125,,,,,
3618,2,1513.0,0.0,32.0,32.0,0.2859354019165039,39.60514796199277,2477.59716796875,,,,,
3619,2,1514.0,0.0,32.0,32.0,0.2572927474975586,39.10530201392248,2498.1083984375,,,,,
3620,2,1515.0,0.0,32.0,32.0,0.0738210678100586,38.56839501531795,2477.59716796875,,,,,
3621,2,1516.0,0.0,32.0,32.0,0.2128963470458984,40.12600099667907,2563.3828125,,,,,
3622,2,1517.0,0.0,32.0,32.0,0.1966838836669922,40.33699503634125,2563.3828125,,,,,
3623,2,1518.0,0.0,32.0,32.0,0.3925199508666992,30.736199987586588,2377.17919921875,,,,,
3624,2,1519.0,0.0,32.0,32.0,0.0356550216674804,41.272763977758586,2574.6875,,,,,
3625,2,1520.0,0.0,32.0,32.0,0.0665063858032226,40.87362700374797,2655.02490234375,,,,,
3626,2,1521.0,0.0,32.0,32.0,0.1198911666870117,39.30697700707242,2349.4912109375,,,,,
3627,2,1522.0,0.0,32.0,32.0,0.2908878326416015,38.3580659981817,2477.59716796875,,,,,
3628,2,1523.0,0.0,32.0,32.0,0.0768680572509765,39.77397998096421,2533.17626953125,,,,,
3629,2,1524.0,0.0,32.0,32.0,0.1208105087280273,38.25656103435904,2298.90478515625,,,,,
3630,2,1525.0,0.0,32.0,32.0,0.1731748580932617,37.16989897657186,2398.12548828125,,,,,
3631,2,1526.0,0.0,32.0,32.0,0.2723712921142578,44.77718099951744,2790.72021484375,,,,,
3632,2,1527.0,0.0,32.0,32.0,0.2057180404663086,42.62353997910395,2655.02490234375,,,,,
3633,2,1528.0,0.0,32.0,32.0,0.2457199096679687,39.14578596595675,2477.59716796875,,,,,
3634,2,1529.0,0.0,32.0,32.0,0.1985673904418945,40.39698396809399,2563.3828125,,,,,
3635,2,1530.0,0.0,32.0,32.0,0.0907812118530273,39.03539199382067,2349.4912109375,,,,,
3636,2,1531.0,0.0,32.0,32.0,0.1816263198852539,28.60902197426185,2435.498046875,,,,,
3637,2,1532.0,0.0,32.0,32.0,0.0343546867370605,40.403896011412144,2655.02490234375,,,,,
3638,2,1533.0,0.0,32.0,32.0,0.2802934646606445,51.50314001366496,2956.64208984375,,,,,
3639,2,1534.0,0.0,32.0,32.0,0.2313623428344726,40.4346389696002,2563.3828125,,,,,
3640,2,1535.0,0.0,32.0,32.0,0.0909290313720703,45.497115002945065,2790.72021484375,,,,,
3641,2,1536.0,0.0,32.0,32.0,0.0334172248840332,41.66211897972971,2563.3828125,,,,,
3642,2,1537.0,0.0,32.0,32.0,0.0601615905761718,41.39811999630183,2655.02490234375,,,,,
3643,2,1538.0,0.0,32.0,32.0,0.0672569274902343,50.12641497887671,2914.046875,,,,,
3644,2,1539.0,0.0,32.0,32.0,0.1130475997924804,37.85261802840978,2398.12548828125,,,,,
3645,2,1540.0,0.0,32.0,32.0,0.137880802154541,38.34805602673441,2498.1083984375,,,,,
3646,2,1541.0,0.0,32.0,32.0,0.2104268074035644,49.47885300498456,2946.62548828125,,,,,
3647,2,1542.0,0.0,32.0,32.0,0.0180401802062988,44.65618496760726,2696.84033203125,,,,,
3648,2,1543.0,0.0,32.0,32.0,0.424497127532959,31.06026601744816,2563.3828125,,,,,
3649,2,1544.0,0.0,32.0,32.0,0.016280174255371,43.139451008755714,2690.6982421875,,,,,
3650,2,1545.0,0.0,32.0,32.0,0.16180419921875,38.29830000177026,2398.12548828125,,,,,
3651,2,1546.0,0.0,32.0,32.0,0.3139996528625488,41.35767696425319,2660.82958984375,,,,,
3652,2,1547.0,0.0,32.0,32.0,0.1522402763366699,50.05201202584431,2956.64208984375,,,,,
3653,2,1548.0,0.0,32.0,32.0,0.2663569450378418,48.62163297366351,2822.1865234375,,,,,
3654,2,1549.0,0.0,32.0,32.0,0.1172747611999511,42.364771012216806,2687.3701171875,,,,,
3655,2,1550.0,0.0,32.0,32.0,0.097024917602539,38.03441603668034,2398.12548828125,,,,,
3656,2,1551.0,0.0,32.0,32.0,0.1580309867858886,45.211077958811074,2810.46826171875,,,,,
3657,2,1552.0,0.0,32.0,32.0,0.1163644790649414,39.42995704710484,2315.2705078125,,,,,
3658,2,1553.0,0.0,32.0,32.0,0.0144767761230468,39.62589200818911,2377.17919921875,,,,,
3659,2,1554.0,0.0,32.0,32.0,0.2041935920715332,39.087785000447184,2507.1259765625,,,,,
3660,2,1555.0,0.0,32.0,32.0,0.1169381141662597,43.88891300186515,2690.6982421875,,,,,
3661,2,1556.0,0.0,32.0,32.0,0.0360746383666992,32.666045997757465,2660.82958984375,,,,,
3662,2,1557.0,0.0,32.0,32.0,0.1422872543334961,37.88431297289208,2315.2705078125,,,,,
3663,2,1558.0,0.0,32.0,32.0,0.290553331375122,37.63808897929266,2410.10546875,,,,,
3664,2,1559.0,0.0,32.0,32.0,0.0133986473083496,37.160222011152655,2398.12548828125,,,,,
3665,2,1560.0,0.0,32.0,32.0,0.2109599113464355,38.44241698971018,2465.03271484375,,,,,
3666,2,1561.0,0.0,32.0,32.0,0.173680305480957,39.20074598863721,2543.56884765625,,,,,
3667,2,1562.0,0.0,32.0,32.0,0.014477252960205,43.882244965061545,2690.6982421875,,,,,
3668,2,1563.0,0.0,32.0,32.0,0.290381908416748,41.923832963220775,2655.02490234375,,,,,
3669,2,1564.0,0.0,32.0,32.0,0.0690255165100097,41.585622006095946,2655.02490234375,,,,,
3670,2,1565.0,0.0,32.0,32.0,0.3626003265380859,37.83444798318669,2398.12548828125,,,,,
3671,2,1566.0,0.0,32.0,32.0,0.0171785354614257,39.26380001939833,2533.17626953125,,,,,
3672,2,1567.0,0.0,32.0,32.0,0.2126564979553222,41.34451400022954,2574.6875,,,,,
3673,2,1568.0,0.0,32.0,32.0,0.0308418273925781,39.514336036518216,2533.17626953125,,,,,
3674,2,1569.0,0.0,32.0,32.0,0.0880579948425293,39.21499097486958,2914.046875,,,,,
3675,2,1570.0,0.0,32.0,32.0,0.1590471267700195,43.411778984591365,2690.6982421875,,,,,
3676,2,1571.0,0.0,32.0,32.0,0.0108094215393066,35.24314798414707,2249.71875,,,,,
3677,2,1572.0,0.0,32.0,32.0,0.0419235229492187,45.300309953745455,2810.46826171875,,,,,
3678,2,1573.0,0.0,32.0,32.0,0.0167665481567382,41.63512401282787,2563.3828125,,,,,
3679,2,1574.0,0.0,32.0,32.0,0.02586030960083,39.719622989650816,2543.56884765625,,,,,
3680,2,1575.0,0.0,32.0,32.0,0.0847883224487304,38.73375401599333,2435.498046875,,,,,
3681,2,1576.0,0.0,32.0,32.0,0.3154492378234863,49.91239297669381,2946.62548828125,,,,,
3682,2,1577.0,0.0,32.0,32.0,0.009056806564331,44.85860699787736,2754.88671875,,,,,
3683,2,1578.0,0.0,32.0,32.0,0.2710423469543457,42.10343200247735,2655.02490234375,,,,,
3684,2,1579.0,0.0,32.0,32.0,0.4744646549224853,47.94258304173127,2852.0673828125,,,,,
3685,2,1580.0,0.0,32.0,32.0,0.3657686710357666,39.139967993833125,2465.03271484375,,,,,
3686,2,1581.0,0.0,32.0,32.0,0.1347870826721191,31.53482300695032,2687.3701171875,,,,,
3687,2,1582.0,0.0,32.0,32.0,0.1363580226898193,38.82179502397776,2356.935546875,,,,,
3688,2,1583.0,0.0,32.0,32.0,0.0065736770629882,38.12616202048957,2315.2705078125,,,,,
3689,2,1584.0,0.0,32.0,32.0,0.0076866149902343,38.88025897322223,2533.17626953125,,,,,
3690,2,1585.0,0.0,32.0,32.0,0.206561803817749,39.44960399530828,2507.1259765625,,,,,
3691,2,1586.0,0.0,32.0,32.0,0.0522308349609375,40.476749010849744,2563.3828125,,,,,
3692,2,1587.0,0.0,32.0,32.0,0.1886460781097412,44.379330007359385,2730.66845703125,,,,,
3693,2,1588.0,0.0,32.0,32.0,0.1968050003051757,38.69724296964705,2410.10546875,,,,,
3694,2,1589.0,0.0,32.0,32.0,0.3283936977386474,45.25930300587788,2810.46826171875,,,,,
3695,2,1590.0,0.0,32.0,32.0,0.2011694908142089,41.7991440044716,2563.3828125,,,,,
3696,2,1591.0,0.0,32.0,32.0,0.2833251953125,39.50469801202416,2507.1259765625,,,,,
3697,2,1592.0,0.0,32.0,32.0,0.4353973865509033,44.296292995568365,2696.84033203125,,,,,
3698,2,1593.0,0.0,32.0,32.0,0.1866390705108642,42.22292499616742,2574.6875,,,,,
3699,2,1594.0,0.0,32.0,32.0,0.0288002490997314,33.81117997923866,2730.66845703125,,,,,
3700,2,1595.0,0.0,32.0,32.0,0.0495645999908447,46.31344601511955,2810.46826171875,,,,,
3701,2,1596.0,0.0,32.0,32.0,0.2012579441070556,41.9321299996227,2655.02490234375,,,,,
3702,2,1597.0,0.0,32.0,32.0,0.1618976593017578,44.63890503393486,2730.66845703125,,,,,
3703,2,1598.0,0.0,32.0,32.0,0.1974272727966308,39.79775495827198,2349.4912109375,,,,,
3704,2,1599.0,0.0,32.0,32.0,0.4217610359191894,41.139715001918375,2574.6875,,,,,
3705,2,1600.0,0.0,32.0,32.0,0.1428413391113281,39.40002201125026,2507.1259765625,,,,,
3706,2,1601.0,0.0,32.0,32.0,0.0185847282409667,39.424289017915726,2543.56884765625,,,,,
3707,2,1602.0,0.0,32.0,32.0,0.0153536796569824,41.537693003192544,2660.82958984375,,,,,
3708,2,1603.0,0.0,32.0,32.0,0.114295482635498,41.3464320008643,2655.02490234375,,,,,
3709,2,1604.0,0.0,32.0,32.0,0.2007670402526855,41.76639800425619,2687.3701171875,,,,,
3710,2,1605.0,0.0,32.0,32.0,0.1971144676208496,38.423526973929256,2410.10546875,,,,,
3711,2,1606.0,0.0,32.0,32.0,0.4152102470397949,38.77224796451628,2533.17626953125,,,,,
3712,2,1607.0,0.0,32.0,32.0,0.1442523002624511,29.231822991278023,2349.4912109375,,,,,
3713,2,1608.0,0.0,32.0,32.0,0.082857608795166,42.341327003668994,2696.84033203125,,,,,
3714,2,1609.0,0.0,32.0,32.0,0.1889500617980957,46.5199530008249,2761.908203125,,,,,
3715,2,1610.0,0.0,32.0,32.0,0.2427988052368164,42.22546104574576,2574.6875,,,,,
3716,2,1611.0,0.0,32.0,32.0,0.0708823204040527,50.39630696410313,2946.62548828125,,,,,
3717,2,1612.0,0.0,32.0,32.0,0.0495615005493164,38.49955304758623,2435.498046875,,,,,
3718,2,1613.0,0.0,32.0,32.0,0.1180996894836425,45.41079897899181,2810.46826171875,,,,,
3719,2,1614.0,0.0,32.0,32.0,0.188821792602539,38.99438900407404,2398.12548828125,,,,,
3720,2,1615.0,0.0,32.0,32.0,0.1428503990173339,37.68322098767385,2410.10546875,,,,,
3721,2,1616.0,0.0,32.0,32.0,0.0833024978637695,43.560332036577165,2696.84033203125,,,,,
3722,2,1617.0,0.0,32.0,32.0,0.0710477828979492,45.24818900972605,2696.84033203125,,,,,
3723,2,1618.0,0.0,32.0,32.0,0.2592310905456543,42.30711399577558,2655.02490234375,,,,,
3724,2,1619.0,0.0,32.0,32.0,0.1643538475036621,29.394858982414007,2356.935546875,,,,,
3725,2,1620.0,0.0,32.0,32.0,0.0491681098937988,43.42678899411112,2696.84033203125,,,,,
3726,2,1621.0,0.0,32.0,32.0,0.1366896629333496,40.273051999975,2507.1259765625,,,,,
3727,2,1622.0,0.0,32.0,32.0,0.1074342727661132,44.92725298041478,2761.908203125,,,,,
3728,2,1623.0,0.0,32.0,32.0,0.0625753402709961,40.108275949023664,2543.56884765625,,,,,
3729,2,1624.0,0.0,32.0,32.0,0.1902704238891601,44.07454503234476,2690.6982421875,,,,,
3730,2,1625.0,0.0,32.0,32.0,0.0580391883850097,38.988026964943856,2435.498046875,,,,,
3731,2,1626.0,0.0,32.0,32.0,0.0859417915344238,38.32367900758982,2465.03271484375,,,,,
3732,2,1627.0,0.0,32.0,32.0,0.175391674041748,41.97824699804187,2687.3701171875,,,,,
3733,2,1628.0,0.0,32.0,32.0,0.164832592010498,39.043755969032645,2477.59716796875,,,,,
3734,2,1629.0,0.0,32.0,32.0,0.0802288055419921,47.19100601505488,2852.0673828125,,,,,
3735,2,1630.0,0.0,32.0,32.0,0.4247994422912597,41.0214769653976,2574.6875,,,,,
3736,2,1631.0,0.0,32.0,32.0,0.1469221115112304,39.88439496606589,2377.17919921875,,,,,
3737,2,1632.0,0.0,32.0,32.0,0.0246849060058593,30.43501498177648,2377.17919921875,,,,,
3738,2,1633.0,0.0,32.0,32.0,0.2995820045471191,37.10059798322618,2410.10546875,,,,,
3739,2,1634.0,0.0,32.0,32.0,0.0291230678558349,39.88704702351242,2563.3828125,,,,,
3740,2,1635.0,0.0,32.0,32.0,0.1016168594360351,41.40547098359093,2655.02490234375,,,,,
3741,2,1636.0,0.0,32.0,32.0,0.0306892395019531,44.6186859626323,2696.84033203125,,,,,
3742,2,1637.0,0.0,32.0,32.0,0.1220393180847168,43.41635201126337,2687.3701171875,,,,,
3743,2,1638.0,0.0,32.0,32.0,0.3191497325897217,44.42570899846032,2696.84033203125,,,,,
3744,2,1639.0,0.0,32.0,32.0,0.0908038616180419,42.66048601130024,2687.3701171875,,,,,
3745,2,1640.0,0.0,32.0,32.0,0.3382079601287842,44.71654497319832,2696.84033203125,,,,,
3746,2,1641.0,0.0,32.0,32.0,0.009953498840332,53.36201499449089,3000.7802734375,,,,,
3747,2,1642.0,0.0,32.0,32.0,0.1602265834808349,44.39476202242077,2730.66845703125,,,,,
3748,2,1643.0,0.0,32.0,32.0,0.2204675674438476,39.91858003428206,2543.56884765625,,,,,
3749,2,1644.0,0.0,32.0,32.0,0.0189769268035888,29.9574009841308,2543.56884765625,,,,,
3750,2,1645.0,0.0,32.0,32.0,0.1001250743865966,44.02888100594282,2754.88671875,,,,,
3751,2,1646.0,0.0,32.0,32.0,0.1059072017669677,45.08543905103579,2730.66845703125,,,,,
3752,2,1647.0,0.0,32.0,32.0,0.1454355716705322,40.02938600024208,2507.1259765625,,,,,
3753,2,1648.0,0.0,32.0,32.0,0.1110007762908935,38.99028996238485,2498.1083984375,,,,,
3754,2,1649.0,0.0,32.0,32.0,0.2206897735595703,38.50048303138465,2477.59716796875,,,,,
3755,2,1650.0,0.0,32.0,32.0,0.0934808254241943,44.39481301233173,2754.88671875,,,,,
3756,2,1651.0,0.0,32.0,32.0,0.0975019931793212,41.40276904217899,2655.02490234375,,,,,
3757,2,1652.0,0.0,32.0,32.0,0.3146326541900635,45.990615035407245,2810.46826171875,,,,,
3758,2,1653.0,0.0,32.0,32.0,0.0358974933624267,38.99174102116376,2398.12548828125,,,,,
3759,2,1654.0,0.0,32.0,32.0,0.218052864074707,37.87002101307735,2298.90478515625,,,,,
3760,2,1655.0,0.0,32.0,32.0,0.0181629657745361,36.38657997362316,2398.12548828125,,,,,
3761,2,1656.0,0.0,32.0,32.0,0.0770480632781982,38.352820032741874,2533.17626953125,,,,,
3762,2,1657.0,0.0,32.0,32.0,0.085519790649414,29.297490953467783,2498.1083984375,,,,,
3763,2,1658.0,0.0,32.0,32.0,0.242905855178833,38.353520969394594,2543.56884765625,,,,,
3764,2,1659.0,0.0,32.0,32.0,0.1293742656707763,41.71715397387743,2655.02490234375,,,,,
3765,2,1660.0,0.0,32.0,32.0,0.02366304397583,49.54044299665839,2888.2919921875,,,,,
3766,2,1661.0,0.0,32.0,32.0,0.0444381237030029,44.38445996493101,2696.84033203125,,,,,
3767,2,1662.0,0.0,32.0,32.0,0.134615421295166,39.88073894288391,2498.1083984375,,,,,
3768,2,1663.0,0.0,32.0,32.0,0.1098222732543945,39.10538996569812,2498.1083984375,,,,,
3769,2,1664.0,0.0,32.0,32.0,0.2100999355316162,51.41261301469058,3000.7802734375,,,,,
3770,2,1665.0,0.0,32.0,32.0,0.6468064785003662,42.71560697816312,2655.02490234375,,,,,
3771,2,1666.0,0.0,32.0,32.0,0.2228415012359619,42.31840797001496,2660.82958984375,,,,,
3772,2,1667.0,0.0,32.0,32.0,0.1980297565460205,41.53013898758218,2574.6875,,,,,
3773,2,1668.0,0.0,32.0,32.0,0.2144515514373779,40.026853035669774,2533.17626953125,,,,,
3774,2,1669.0,0.0,32.0,32.0,0.0781171321868896,31.374964979477227,2687.3701171875,,,,,
3775,2,1670.0,0.0,32.0,32.0,0.2514176368713379,41.74149298341945,2660.82958984375,,,,,
3776,2,1671.0,0.0,32.0,32.0,0.1191039085388183,50.438905018381774,2956.64208984375,,,,,
3777,2,1672.0,0.0,32.0,32.0,0.1219544410705566,40.73343001073226,2563.3828125,,,,,
3778,2,1673.0,0.0,32.0,32.0,0.0362446308135986,43.55797200696543,2696.84033203125,,,,,
3779,2,1674.0,0.0,32.0,32.0,0.1067807674407959,42.29388100793585,2655.02490234375,,,,,
3780,2,1675.0,0.0,32.0,32.0,0.0645475387573242,39.43191503640264,2498.1083984375,,,,,
3781,2,1676.0,0.0,32.0,32.0,0.0375311374664306,39.08020199742168,2543.56884765625,,,,,
3782,2,1677.0,0.0,32.0,32.0,0.0408906936645507,37.29567595291883,2398.12548828125,,,,,
3783,2,1678.0,0.0,32.0,32.0,0.0338799953460693,38.43368904199451,2498.1083984375,,,,,
3784,2,1679.0,0.0,32.0,32.0,0.1171109676361084,39.13321200525388,2507.1259765625,,,,,
3785,2,1680.0,0.0,32.0,32.0,0.0811047554016113,41.65304097114131,2655.02490234375,,,,,
3786,2,1681.0,0.0,32.0,32.0,0.4716796875,34.38958298647776,2233.6396484375,,,,,
3787,2,1682.0,0.0,32.0,32.0,0.3796086311340332,27.46859000762925,2435.498046875,,,,,
3788,2,1683.0,0.0,32.0,32.0,0.1371161937713623,38.54853304801509,2507.1259765625,,,,,
3789,2,1684.0,0.0,32.0,32.0,0.202455997467041,39.64764100965112,2507.1259765625,,,,,
3790,2,1685.0,0.0,32.0,32.0,0.4909918308258056,38.95548597211018,2349.4912109375,,,,,
3791,2,1686.0,0.0,32.0,32.0,0.0184836387634277,45.76427303254604,2790.72021484375,,,,,
3792,2,1687.0,0.0,32.0,32.0,0.0050878524780273,50.73112598620355,2946.62548828125,,,,,
3793,2,1688.0,0.0,32.0,32.0,0.0772242546081543,39.63358898181468,2349.4912109375,,,,,
3794,2,1689.0,0.0,32.0,32.0,0.0905604362487793,41.281403973698616,2574.6875,,,,,
3795,2,1690.0,0.0,32.0,32.0,0.0059630870819091,41.88001004513353,2655.02490234375,,,,,
3796,2,1691.0,0.0,32.0,32.0,0.354813814163208,40.27142497943714,2507.1259765625,,,,,
3797,2,1692.0,0.0,32.0,32.0,0.1456735134124755,40.93318799277768,2574.6875,,,,,
3798,2,1693.0,0.0,32.0,32.0,0.014622688293457,39.5691420417279,2533.17626953125,,,,,
3799,2,1694.0,0.0,32.0,32.0,0.1810166835784912,40.66031600814313,2563.3828125,,,,,
3800,2,1695.0,0.0,32.0,32.0,0.4829514026641845,27.792131004389372,2398.12548828125,,,,,
3801,2,1696.0,0.0,32.0,32.0,0.0146999359130859,39.202829997520894,2563.3828125,,,,,
3802,2,1697.0,0.0,32.0,32.0,0.0674097537994384,45.48647400224581,2810.46826171875,,,,,
3803,2,1698.0,0.0,32.0,32.0,0.1028757095336914,39.58206903189421,2533.17626953125,,,,,
3804,2,1699.0,0.0,32.0,32.0,0.3392946720123291,38.03689498454332,2435.498046875,,,,,
3805,2,1700.0,0.0,32.0,32.0,0.1137862205505371,40.72413098765537,2655.02490234375,,,,,
3806,2,1701.0,0.0,32.0,32.0,0.3099563121795654,37.57592901820317,2410.10546875,,,,,
3807,2,1702.0,0.0,32.0,32.0,0.3707969188690185,38.5553389787674,2507.1259765625,,,,,
3808,2,1703.0,0.0,32.0,32.0,0.0941541194915771,45.153726008720696,2754.88671875,,,,,
3809,2,1704.0,0.0,32.0,32.0,0.0421400070190429,38.46640302799642,2298.90478515625,,,,,
3810,2,1705.0,0.0,32.0,32.0,0.1160142421722412,40.90335103683174,2574.6875,,,,,
3811,2,1706.0,0.0,32.0,32.0,0.448232889175415,41.78884997963905,2660.82958984375,,,,,
3812,2,1707.0,0.0,32.0,32.0,0.293497085571289,35.41372396284714,2273.755859375,,,,,
3813,2,1708.0,0.0,32.0,32.0,0.0093660354614257,37.59674204047769,2852.0673828125,,,,,
3814,2,1709.0,0.0,32.0,32.0,0.2781364917755127,41.73825000179932,2660.82958984375,,,,,
3815,2,1710.0,0.0,32.0,32.0,0.1505887508392334,38.67515595629811,2435.498046875,,,,,
3816,2,1711.0,0.0,32.0,32.0,0.2063491344451904,43.8823850126937,2690.6982421875,,,,,
3817,2,1712.0,0.0,32.0,32.0,0.268038272857666,41.29135201219469,2563.3828125,,,,,
3818,2,1713.0,0.0,32.0,32.0,0.0356159210205078,39.1603889875114,2498.1083984375,,,,,
3819,2,1714.0,0.0,32.0,32.0,0.2391393184661865,40.91947397682816,2574.6875,,,,,
3820,2,1715.0,0.0,32.0,32.0,0.0581007003784179,43.70077402563766,2730.66845703125,,,,,
3821,2,1716.0,0.0,32.0,32.0,0.0875077247619628,39.13806501077488,2435.498046875,,,,,
3822,2,1717.0,0.0,32.0,32.0,0.0535409450531005,47.42949199862778,2852.0673828125,,,,,
3823,2,1718.0,0.0,32.0,32.0,0.1844544410705566,40.22913402877748,2543.56884765625,,,,,
3824,2,1719.0,0.0,32.0,32.0,0.1880722045898437,39.67969195218757,2507.1259765625,,,,,
3825,2,1720.0,0.0,32.0,32.0,0.1072869300842285,41.15249001188204,2655.02490234375,,,,,
3826,2,1721.0,0.0,32.0,32.0,0.1403295993804931,31.367998977657408,2655.02490234375,,,,,
3827,2,1722.0,0.0,32.0,32.0,0.1881048679351806,50.46024400508031,3000.7802734375,,,,,
3828,2,1723.0,0.0,32.0,32.0,0.1171190738677978,41.42022901214659,2574.6875,,,,,
3829,2,1724.0,0.0,32.0,32.0,0.0331010818481445,41.5509199956432,2687.3701171875,,,,,
3830,2,1725.0,0.0,32.0,32.0,0.1881413459777832,51.080390985589474,2956.64208984375,,,,,
3831,2,1726.0,0.0,32.0,32.0,0.0345559120178222,40.30284500913695,2377.17919921875,,,,,
3832,2,1727.0,0.0,32.0,32.0,0.0362746715545654,41.25810897676274,2660.82958984375,,,,,
3833,2,1728.0,0.0,32.0,32.0,0.1567733287811279,38.96937402896583,2477.59716796875,,,,,
3834,2,1729.0,0.0,32.0,32.0,0.1008546352386474,49.37803599750623,2876.80908203125,,,,,
3835,2,1730.0,0.0,32.0,32.0,0.0189809799194335,38.53619395522401,2410.10546875,,,,,
3836,2,1731.0,0.0,32.0,32.0,0.3221580982208252,44.226909056305885,2696.84033203125,,,,,
3837,2,1732.0,0.0,32.0,32.0,0.0373368263244628,41.45524499472231,2563.3828125,,,,,
3838,2,1733.0,0.0,32.0,32.0,0.3231332302093506,28.452963975723836,2477.59716796875,,,,,
3839,2,1734.0,0.0,32.0,32.0,0.0180344581604003,39.21109897783026,2507.1259765625,,,,,
3840,2,1735.0,0.0,32.0,32.0,0.2467632293701172,41.709796991199255,2660.82958984375,,,,,
3841,2,1736.0,0.0,32.0,32.0,0.300584077835083,51.13984504714608,3000.7802734375,,,,,
3842,2,1737.0,0.0,32.0,32.0,0.1220741271972656,39.397218031808734,2435.498046875,,,,,
3843,2,1738.0,0.0,32.0,32.0,0.1281213760375976,39.44464900996536,2507.1259765625,,,,,
3844,2,1739.0,0.0,32.0,32.0,0.6093418598175049,40.20864196354523,2533.17626953125,,,,,
3845,2,1740.0,0.0,32.0,32.0,0.0167646408081054,39.63053197367117,2533.17626953125,,,,,
3846,2,1741.0,0.0,32.0,32.0,0.1364688873291015,39.36602198518813,2498.1083984375,,,,,
3847,2,1742.0,0.0,32.0,32.0,0.4029555320739746,43.61947299912572,2690.6982421875,,,,,
3848,2,1743.0,0.0,32.0,32.0,0.1814899444580078,39.85441103577614,2356.935546875,,,,,
3849,2,1744.0,0.0,32.0,32.0,0.3514297008514404,37.85850002896041,2435.498046875,,,,,
3850,2,1745.0,0.0,32.0,32.0,0.0079700946807861,40.55291099939495,2574.6875,,,,,
3851,2,1746.0,0.0,32.0,32.0,0.197272777557373,30.012632021680474,2377.17919921875,,,,,
3852,2,1747.0,0.0,32.0,32.0,0.013852834701538,40.27552698971704,2574.6875,,,,,
3853,2,1748.0,0.0,32.0,32.0,0.0851795673370361,38.10205403715372,2477.59716796875,,,,,
3854,2,1749.0,0.0,32.0,32.0,0.0123953819274902,48.84485399816185,2876.80908203125,,,,,
3855,2,1750.0,0.0,32.0,32.0,0.2299749851226806,39.20360398478806,2507.1259765625,,,,,
3856,2,1751.0,0.0,32.0,32.0,0.0707259178161621,39.37164001399651,2533.17626953125,,,,,
3857,2,1752.0,0.0,32.0,32.0,0.1196427345275878,39.464936999138445,2356.935546875,,,,,
3858,2,1753.0,0.0,32.0,32.0,0.0045821666717529,43.91076997853816,2696.84033203125,,,,,
3859,2,1754.0,0.0,32.0,32.0,0.3822662830352783,43.75423601595685,2687.3701171875,,,,,
3860,2,1755.0,0.0,32.0,32.0,0.0081214904785156,39.0674090012908,2435.498046875,,,,,
3861,2,1756.0,0.0,32.0,32.0,0.0143380165100097,39.78341299807653,2543.56884765625,,,,,
3862,2,1757.0,0.0,32.0,32.0,0.3991827964782715,38.79112203139812,2435.498046875,,,,,
3863,2,1758.0,0.0,32.0,32.0,0.0037391185760498,39.25470099784434,2377.17919921875,,,,,
3864,2,1759.0,0.0,32.0,32.0,0.1420419216156005,31.247046019416302,2655.02490234375,,,,,
3865,2,1760.0,0.0,32.0,32.0,0.3177568912506103,41.169625998009,2687.3701171875,,,,,
3866,2,1761.0,0.0,32.0,32.0,0.2819560766220093,38.94630499416962,2477.59716796875,,,,,
3867,2,1762.0,0.0,32.0,32.0,0.559895396232605,45.09352298919112,2754.88671875,,,,,
3868,2,1763.0,0.0,32.0,32.0,0.5342533588409424,44.13810599362478,2696.84033203125,,,,,
3869,2,1764.0,0.0,32.0,32.0,0.3494415283203125,53.267618000973016,3023.82470703125,,,,,
3870,2,1765.0,0.0,32.0,32.0,0.0192852020263671,42.83677297644317,2687.3701171875,,,,,
3871,2,1766.0,0.0,32.0,32.0,0.2943506240844726,44.5968410349451,2730.66845703125,,,,,
3872,2,1767.0,0.0,32.0,32.0,0.1363894939422607,40.56535300333053,2543.56884765625,,,,,
3873,2,1768.0,0.0,32.0,32.0,0.066490888595581,49.40304800402373,2876.80908203125,,,,,
3874,2,1769.0,0.0,32.0,32.0,0.3389651775360107,38.71560998959467,2349.4912109375,,,,,
3875,2,1770.0,0.0,32.0,32.0,0.049875259399414,39.96913001174107,2563.3828125,,,,,
3876,2,1771.0,0.0,32.0,32.0,0.8221111297607422,33.17356499610469,2696.84033203125,,,,,
3877,2,1772.0,0.0,32.0,32.0,0.1726250648498535,41.00012296112254,2563.3828125,,,,,
3878,2,1773.0,0.0,32.0,32.0,0.131256103515625,33.386578026693314,2128.00732421875,,,,,
3879,2,1774.0,0.0,32.0,32.0,0.1561408042907714,37.13648195844144,2349.4912109375,,,,,
3880,2,1775.0,0.0,32.0,32.0,0.3819718360900879,40.707571955863386,2574.6875,,,,,
3881,2,1776.0,0.0,32.0,32.0,0.0431852340698242,39.41497299820185,2543.56884765625,,,,,
3882,2,1777.0,0.0,32.0,32.0,0.2765750885009765,45.288682042155415,2754.88671875,,,,,
3883,2,1778.0,0.0,32.0,32.0,0.2156572341918945,49.72554999403656,2876.80908203125,,,,,
3884,2,1779.0,0.0,32.0,32.0,0.0837745666503906,37.91726799681783,2398.12548828125,,,,,
3885,2,1780.0,0.0,32.0,32.0,0.21112060546875,47.82942496240139,2822.1865234375,,,,,
3886,2,1781.0,0.0,32.0,32.0,0.1924905776977539,38.91277400543913,2465.03271484375,,,,,
3887,2,1782.0,0.0,32.0,32.0,0.1527576446533203,41.18560202186927,2660.82958984375,,,,,
3888,2,1783.0,0.0,32.0,32.0,0.3250751495361328,38.68188697379082,2349.4912109375,,,,,
3889,2,1784.0,0.0,32.0,32.0,0.1967506408691406,28.00187998218462,2435.498046875,,,,,
3890,2,1785.0,0.0,32.0,32.0,0.0735502243041992,48.1623699888587,2888.2919921875,,,,,
3891,2,1786.0,0.0,32.0,32.0,0.0425491333007812,38.99783705128357,2477.59716796875,,,,,
3892,2,1787.0,0.0,32.0,32.0,0.0943679809570312,45.443397015333176,2790.72021484375,,,,,
3893,2,1788.0,0.0,32.0,32.0,0.2135028839111328,41.60442802822217,2563.3828125,,,,,
3894,2,1789.0,0.0,32.0,32.0,0.0709714889526367,48.55406598653644,2822.1865234375,,,,,
3895,2,1790.0,0.0,32.0,32.0,0.2381038665771484,46.12977401120588,2810.46826171875,,,,,
3896,2,1791.0,0.0,32.0,32.0,0.0873241424560546,38.21022901684046,2298.90478515625,,,,,
3897,2,1792.0,0.0,32.0,32.0,0.238802433013916,43.174188991542906,2690.6982421875,,,,,
3898,2,1793.0,0.0,32.0,32.0,0.3067331314086914,45.36531498888508,2761.908203125,,,,,
3899,2,1794.0,0.0,32.0,32.0,0.1381673812866211,39.07634696224704,2498.1083984375,,,,,
3900,2,1795.0,0.0,32.0,32.0,0.1133899688720703,36.97350900620222,2398.12548828125,,,,,
3901,2,1796.0,0.0,32.0,32.0,0.1406702995300293,33.35544001311064,2754.88671875,,,,,
3902,2,1797.0,0.0,32.0,32.0,0.2064847946166992,39.02332100551576,2507.1259765625,,,,,
3903,2,1798.0,0.0,32.0,32.0,0.4291744232177734,39.3673749640584,2533.17626953125,,,,,
3904,2,1799.0,0.0,32.0,32.0,0.1535601615905761,38.54444698663429,2315.2705078125,,,,,
3905,2,1800.0,0.0,32.0,32.0,0.1642160415649414,43.58784499345347,2730.66845703125,,,,,
3906,2,1801.0,0.0,32.0,32.0,0.2059249877929687,40.4610899859108,2356.935546875,,,,,
3907,2,1802.0,0.0,32.0,32.0,0.0525836944580078,42.144395993091166,2687.3701171875,,,,,
3908,2,1803.0,0.0,32.0,32.0,0.1649951934814453,39.30702497018501,2410.10546875,,,,,
3909,2,1804.0,0.0,32.0,32.0,0.249490737915039,38.1620530388318,2465.03271484375,,,,,
3910,2,1805.0,0.0,32.0,32.0,0.0460233688354492,40.19090801011771,2563.3828125,,,,,
3911,2,1806.0,0.0,32.0,32.0,0.2686128616333008,38.70350698707625,2465.03271484375,,,,,
3912,2,1807.0,0.0,32.0,32.0,0.1825494766235351,50.25171197485179,2965.60693359375,,,,,
3913,2,1808.0,0.0,32.0,32.0,0.2859258651733398,48.44619904179126,2852.0673828125,,,,,
3914,2,1809.0,0.0,32.0,32.0,0.0530424118041992,29.638211999554187,2498.1083984375,,,,,
3915,2,1810.0,0.0,32.0,32.0,0.0741481781005859,44.04100199462846,2754.88671875,,,,,
3916,2,1811.0,0.0,32.0,32.0,0.3012828826904297,40.13431497151032,2533.17626953125,,,,,
3917,2,1812.0,0.0,32.0,32.0,0.1079988479614257,38.40256901457906,2410.10546875,,,,,
3918,2,1813.0,0.0,32.0,32.0,0.2019987106323242,41.26080602873117,2655.02490234375,,,,,
3919,2,1814.0,0.0,32.0,32.0,0.0911579132080078,41.82247095741332,2660.82958984375,,,,,
3920,2,1815.0,0.0,32.0,32.0,0.0242986679077148,38.80873095477,2349.4912109375,,,,,
3921,2,1816.0,0.0,32.0,32.0,0.0520305633544921,41.97510902304202,2660.82958984375,,,,,
3922,2,1817.0,0.0,32.0,32.0,0.3650569915771484,38.09241100680083,2398.12548828125,,,,,
3923,2,1818.0,0.0,32.0,32.0,0.0398035049438476,38.72191999107599,2533.17626953125,,,,,
3924,2,1819.0,0.0,32.0,32.0,0.1496181488037109,39.59742200095207,2377.17919921875,,,,,
3925,2,1820.0,0.0,32.0,32.0,0.054056167602539,41.22020798968151,2660.82958984375,,,,,
3926,2,1821.0,0.0,32.0,32.0,0.0523843765258789,48.86830801842734,2888.2919921875,,,,,
3927,2,1822.0,0.0,32.0,32.0,0.1970882415771484,35.391532990615815,2761.908203125,,,,,
3928,2,1823.0,0.0,32.0,32.0,0.1034412384033203,37.65397204551846,2398.12548828125,,,,,
3929,2,1824.0,0.0,32.0,32.0,0.2577905654907226,39.921843039337546,2563.3828125,,,,,
3930,2,1825.0,0.0,32.0,32.0,0.1763129234313964,38.955582946073264,2477.59716796875,,,,,
3931,2,1826.0,0.0,32.0,32.0,0.1506900787353515,41.26060596900061,2655.02490234375,,,,,
3932,2,1827.0,0.0,32.0,32.0,0.1739311218261718,39.35709001962096,2356.935546875,,,,,
3933,2,1828.0,0.0,32.0,32.0,0.2317953109741211,44.0379970241338,2730.66845703125,,,,,
3934,2,1829.0,0.0,32.0,32.0,0.0943880081176757,40.09470797609538,2356.935546875,,,,,
3935,2,1830.0,0.0,32.0,32.0,0.3313541412353515,44.84650102676824,2730.66845703125,,,,,
3936,2,1831.0,0.0,32.0,32.0,0.081944465637207,42.46193397557363,2687.3701171875,,,,,
3937,2,1832.0,0.0,32.0,32.0,0.2996959686279297,39.473907032515854,2543.56884765625,,,,,
3938,2,1833.0,0.0,32.0,32.0,0.1017599105834961,39.79503002483398,2507.1259765625,,,,,
3939,2,1834.0,0.0,32.0,32.0,0.0825796127319336,41.79828701307997,2660.82958984375,,,,,
3940,2,1835.0,0.0,32.0,32.0,0.0509548187255859,29.95885099517181,2543.56884765625,,,,,
3941,2,1836.0,0.0,32.0,32.0,0.0269336700439453,39.47394399438053,2377.17919921875,,,,,
3942,2,1837.0,0.0,32.0,32.0,0.2297525405883789,38.74818800250068,2356.935546875,,,,,
3943,2,1838.0,0.0,32.0,32.0,0.1590461730957031,45.18511000787839,2761.908203125,,,,,
3944,2,1839.0,0.0,32.0,32.0,0.0353717803955078,40.926465997472405,2377.17919921875,,,,,
3945,2,1840.0,0.0,32.0,32.0,0.0674476623535156,50.02043000422418,2914.046875,,,,,
3946,2,1841.0,0.0,32.0,32.0,0.105051040649414,38.39913004776463,2410.10546875,,,,,
3947,2,1842.0,0.0,32.0,32.0,0.243844985961914,37.45931602315977,2435.498046875,,,,,
3948,2,1843.0,0.0,32.0,32.0,0.0784873962402343,38.86647603940219,2498.1083984375,,,,,
3949,2,1844.0,0.0,32.0,32.0,0.2528648376464844,37.771979987155646,2435.498046875,,,,,
3950,2,1845.0,0.0,32.0,32.0,0.1763010025024414,33.42061099829152,2213.51806640625,,,,,
3951,2,1846.0,0.0,32.0,32.0,0.0473012924194335,37.07895695697516,2465.03271484375,,,,,
3952,2,1847.0,0.0,32.0,32.0,0.0781021118164062,38.137948024086654,2410.10546875,,,,,
3953,2,1848.0,0.0,32.0,32.0,0.0676221847534179,33.107222989201546,2690.6982421875,,,,,
3954,2,1849.0,0.0,32.0,32.0,0.1997804641723632,41.16888396674767,2574.6875,,,,,
3955,2,1850.0,0.0,32.0,32.0,0.0262832641601562,114.01591001776978,2477.59716796875,,,,,
3956,2,1851.0,0.0,32.0,32.0,0.0660276412963867,30.200562032405287,2533.17626953125,,,,,
3957,2,1852.0,0.0,32.0,32.0,0.2277717590332031,35.89638601988554,2477.59716796875,,,,,
3958,2,1853.0,0.0,32.0,32.0,0.1736602783203125,35.989571013487875,2498.1083984375,,,,,
3959,2,1854.0,0.0,32.0,32.0,0.2138748168945312,44.2445439985022,2852.0673828125,,,,,
3960,2,1855.0,0.0,32.0,32.0,0.0136270523071289,38.106871012132615,2477.59716796875,,,,,
3961,2,1856.0,0.0,32.0,32.0,0.0175628662109375,36.10064199892804,2410.10546875,,,,,
3962,2,1857.0,0.0,32.0,32.0,0.3383741378784179,44.72438700031489,2810.46826171875,,,,,
3963,2,1858.0,0.0,32.0,32.0,0.2654051780700683,48.245529003907,2888.2919921875,,,,,
3964,2,1859.0,0.0,32.0,32.0,0.0351390838623046,28.429956000763923,2435.498046875,,,,,
3965,2,1860.0,0.0,32.0,32.0,0.3242301940917969,40.507309953682125,2687.3701171875,,,,,
3966,2,1861.0,0.0,32.0,32.0,0.2434744834899902,40.36009294213727,2563.3828125,,,,,
3967,2,1862.0,0.0,32.0,32.0,0.0155515670776367,39.18183798668906,2507.1259765625,,,,,
3968,2,1863.0,0.0,32.0,32.0,0.1975479125976562,47.50876798061654,2852.0673828125,,,,,
3969,2,1864.0,0.0,32.0,32.0,0.249847412109375,40.552610997110605,2563.3828125,,,,,
3970,2,1865.0,0.0,32.0,32.0,0.2255692481994629,41.24398500425741,2660.82958984375,,,,,
3971,2,1866.0,0.0,32.0,32.0,0.1038446426391601,41.289016022346914,2660.82958984375,,,,,
3972,2,1867.0,0.0,32.0,32.0,0.1229839324951171,39.241462014615536,2543.56884765625,,,,,
3973,2,1868.0,0.0,32.0,32.0,0.2038173675537109,41.35650396347046,2655.02490234375,,,,,
3974,2,1869.0,0.0,32.0,32.0,0.0083827972412109,41.7185919941403,2687.3701171875,,,,,
3975,2,1870.0,0.0,32.0,32.0,0.1981701850891113,48.887684009969234,2822.1865234375,,,,,
3976,2,1871.0,0.0,32.0,32.0,0.3372635841369629,47.55429597571492,2563.3828125,,,,,
3977,2,1872.0,0.0,32.0,32.0,0.1833653450012207,32.66815101960674,2477.59716796875,,,,,
3978,2,1873.0,0.0,32.0,32.0,0.0463113784790039,42.3033990082331,2563.3828125,,,,,
3979,2,1874.0,0.0,32.0,32.0,0.3261871337890625,39.43881398299709,2543.56884765625,,,,,
3980,2,1875.0,0.0,32.0,32.0,0.0221972465515136,42.91265498613939,2696.84033203125,,,,,
3981,2,1876.0,0.0,32.0,32.0,0.0089001655578613,40.848470001947135,2574.6875,,,,,
3982,2,1877.0,0.0,32.0,32.0,0.1536703109741211,41.03330796351656,2687.3701171875,,,,,
3983,2,1878.0,0.0,32.0,32.0,0.2025642395019531,38.04561297874898,2356.935546875,,,,,
3984,2,1879.0,0.0,32.0,32.0,0.411747932434082,43.87944500194863,2761.908203125,,,,,
3985,2,1880.0,0.0,32.0,32.0,0.0316925048828125,38.65535598015413,2349.4912109375,,,,,
3986,2,1881.0,0.0,32.0,32.0,0.0389614105224609,38.30457403091714,2498.1083984375,,,,,
3987,2,1882.0,0.0,32.0,32.0,0.4386005401611328,38.61881705233827,2507.1259765625,,,,,
3988,2,1883.0,0.0,32.0,32.0,0.0692434310913086,39.11413199966773,2543.56884765625,,,,,
3989,2,1884.0,0.0,32.0,32.0,0.3469200134277344,39.395451021846384,2507.1259765625,,,,,
3990,2,1885.0,0.0,32.0,32.0,0.2633304595947265,32.962236960884184,2696.84033203125,,,,,
3991,2,1886.0,0.0,32.0,32.0,0.0520343780517578,39.02420197846368,2498.1083984375,,,,,
3992,2,1887.0,0.0,32.0,32.0,0.3723897933959961,33.16488798009232,2214.8603515625,,,,,
3993,2,1888.0,0.0,32.0,32.0,0.1487264633178711,45.52194499410689,2852.0673828125,,,,,
3994,2,1889.0,0.0,32.0,32.0,0.0310182571411132,41.55101900687441,2660.82958984375,,,,,
3995,2,1890.0,0.0,32.0,32.0,0.1888809204101562,38.90497796237469,2543.56884765625,,,,,
3996,2,1891.0,0.0,32.0,32.0,0.376835823059082,43.44972700346261,2690.6982421875,,,,,
3997,2,1892.0,0.0,32.0,32.0,0.0189752578735351,41.30843799794093,2563.3828125,,,,,
3998,2,1893.0,0.0,32.0,32.0,0.2716331481933594,43.11645700363442,2574.6875,,,,,
3999,2,1894.0,0.0,32.0,32.0,0.0899524688720703,41.65464703692123,2349.4912109375,,,,,
4000,2,1895.0,0.0,32.0,32.0,0.4098243713378906,40.64369102707133,2477.59716796875,,,,,
4001,2,1896.0,0.0,32.0,32.0,0.2004470825195312,46.42122599761933,2696.84033203125,,,,,
4002,2,1897.0,0.0,32.0,32.0,0.1938886642456054,39.32693804381415,2398.12548828125,,,,,
4003,2,1898.0,0.0,32.0,32.0,0.2423343658447265,34.05405301600695,2754.88671875,,,,,
4004,2,1899.0,0.0,32.0,32.0,0.1653022766113281,39.55709998263046,2543.56884765625,,,,,
4005,2,1900.0,0.0,32.0,32.0,0.0697345733642578,37.599470000714064,2410.10546875,,,,,
4006,2,1901.0,0.0,32.0,32.0,0.0845146179199218,38.06352498941124,2356.935546875,,,,,
4007,2,1902.0,0.0,32.0,32.0,0.0689888000488281,42.84463898511604,2730.66845703125,,,,,
4008,2,1903.0,0.0,32.0,32.0,0.0277023315429687,39.86045700730756,2543.56884765625,,,,,
4009,2,1904.0,0.0,32.0,32.0,0.0721664428710937,43.28974097734317,2696.84033203125,,,,,
4010,2,1905.0,0.0,32.0,32.0,0.180307388305664,38.64036197774112,2410.10546875,,,,,
4011,2,1906.0,0.0,32.0,32.0,0.0735893249511718,38.15650299657136,2477.59716796875,,,,,
4012,2,1907.0,0.0,32.0,32.0,0.1763734817504882,38.71094103669748,2543.56884765625,,,,,
4013,2,1908.0,0.0,32.0,32.0,0.4194622039794922,37.39024297101423,2398.12548828125,,,,,
4014,2,1909.0,0.0,32.0,32.0,0.1556034088134765,40.1367680169642,2655.02490234375,,,,,
4015,2,1910.0,0.0,32.0,32.0,0.0824165344238281,38.701448997017,2543.56884765625,,,,,
4016,2,1911.0,0.0,32.0,32.0,0.0415325164794921,28.053126006852835,2410.10546875,,,,,
4017,2,1912.0,0.0,32.0,32.0,0.1521072387695312,35.87844094727188,2398.12548828125,,,,,
4018,2,1913.0,0.0,32.0,32.0,0.2331676483154297,39.55525701167062,2655.02490234375,,,,,
4019,2,1914.0,0.0,32.0,32.0,0.2518072128295898,40.947392990347,2655.02490234375,,,,,
4020,2,1915.0,0.0,32.0,32.0,0.3291435241699219,39.43791100755334,2533.17626953125,,,,,
4021,2,1916.0,0.0,32.0,32.0,0.3008403778076172,40.30415101442486,2543.56884765625,,,,,
4022,2,1917.0,0.0,32.0,32.0,0.1556053161621093,39.17412698501721,2410.10546875,,,,,
4023,2,1918.0,0.0,32.0,32.0,0.1463623046875,38.76124101225287,2410.10546875,,,,,
4024,2,1919.0,0.0,32.0,32.0,0.1513328552246093,39.92854303214699,2356.935546875,,,,,
4025,2,1920.0,0.0,32.0,32.0,0.0401477813720703,41.06202902039513,2543.56884765625,,,,,
4026,2,1921.0,0.0,32.0,32.0,0.2030467987060547,35.49884201493114,2249.71875,,,,,
4027,2,1922.0,0.0,32.0,32.0,0.1618766784667968,40.317789011169225,2377.17919921875,,,,,
4028,2,1923.0,0.0,32.0,32.0,0.1706752777099609,41.374566964805126,2574.6875,,,,,
4029,2,1924.0,0.0,32.0,32.0,0.1390266418457031,31.30964597221464,2687.3701171875,,,,,
4030,2,1925.0,0.0,32.0,32.0,0.4535808563232422,39.54434202751145,2507.1259765625,,,,,
4031,2,1926.0,0.0,32.0,32.0,0.0879096984863281,42.95969399390742,2696.84033203125,,,,,
4032,2,1927.0,0.0,32.0,32.0,0.0598697662353515,48.07393497321755,2852.0673828125,,,,,
4033,2,1928.0,0.0,32.0,32.0,0.0541191101074218,39.12821097765118,2349.4912109375,,,,,
4034,2,1929.0,0.0,32.0,32.0,0.1093902587890625,38.62369095440954,2498.1083984375,,,,,
4035,2,1930.0,0.0,32.0,32.0,0.1237621307373046,39.14347797399387,2543.56884765625,,,,,
4036,2,1931.0,0.0,32.0,32.0,0.0529861450195312,37.953263032250106,2410.10546875,,,,,
4037,2,1932.0,0.0,32.0,32.0,0.238037109375,44.318602012936026,2761.908203125,,,,,
4038,2,1933.0,0.0,32.0,32.0,0.2134914398193359,41.14739800570533,2574.6875,,,,,
4039,2,1934.0,0.0,32.0,32.0,0.2898330688476562,41.03392397519201,2687.3701171875,,,,,
4040,2,1935.0,0.0,32.0,32.0,0.2539958953857422,39.71425001509488,2563.3828125,,,,,
4041,2,1936.0,0.0,32.0,32.0,0.0283699035644531,48.53587097022682,2914.046875,,,,,
4042,2,1937.0,0.0,32.0,32.0,0.1020755767822265,29.79085402330384,2349.4912109375,,,,,
4043,2,1938.0,0.0,32.0,32.0,0.0922002792358398,38.263602007646114,2498.1083984375,,,,,
4044,2,1939.0,0.0,32.0,32.0,0.0577917098999023,39.005127968266606,2477.59716796875,,,,,
4045,2,1940.0,0.0,32.0,32.0,0.1981735229492187,39.85128202475608,2533.17626953125,,,,,
4046,2,1941.0,0.0,32.0,32.0,0.1198701858520507,40.00964103033766,2543.56884765625,,,,,
4047,2,1942.0,0.0,32.0,32.0,0.1382465362548828,40.26074503781274,2356.935546875,,,,,
4048,2,1943.0,0.0,32.0,32.0,0.3929061889648437,39.3655639491044,2477.59716796875,,,,,
4049,2,1944.0,0.0,32.0,32.0,0.0615139007568359,48.618000000715256,2822.1865234375,,,,,
4050,2,1945.0,0.0,32.0,32.0,0.2622880935668945,50.49104703357443,2876.80908203125,,,,,
4051,2,1946.0,0.0,32.0,32.0,0.0546932220458984,44.45355501957238,2730.66845703125,,,,,
4052,2,1947.0,0.0,32.0,32.0,0.0269527435302734,47.24421096034348,2810.46826171875,,,,,
4053,2,1948.0,0.0,32.0,32.0,0.1198492050170898,44.07382500357926,2696.84033203125,,,,,
4054,2,1949.0,0.0,32.0,32.0,0.0947856903076171,31.11800196347758,2563.3828125,,,,,
4055,2,1950.0,0.0,32.0,32.0,0.2203950881958007,38.58939599012956,2533.17626953125,,,,,
4056,2,1951.0,0.0,32.0,32.0,0.0532402992248535,47.70370700862259,2852.0673828125,,,,,
4057,2,1952.0,0.0,32.0,32.0,0.0505180358886718,39.324649958871305,2498.1083984375,,,,,
4058,2,1953.0,0.0,32.0,32.0,0.1539802551269531,38.66134502459317,2533.17626953125,,,,,
4059,2,1954.0,0.0,32.0,32.0,0.0828652381896972,46.64941399823874,2822.1865234375,,,,,
4060,2,1955.0,0.0,32.0,32.0,0.3178253173828125,44.01682200841606,2754.88671875,,,,,
4061,2,1956.0,0.0,32.0,32.0,0.098489761352539,41.319468000438064,2655.02490234375,,,,,
4062,2,1957.0,0.0,32.0,32.0,0.1588349342346191,43.39160700328648,2690.6982421875,,,,,
4063,2,1958.0,0.0,32.0,32.0,0.1676058769226074,38.44423597911373,2398.12548828125,,,,,
4064,2,1959.0,0.0,32.0,32.0,0.0759830474853515,41.77126899594441,2687.3701171875,,,,,
4065,2,1960.0,0.0,32.0,32.0,0.0796189308166503,38.995339011307806,2498.1083984375,,,,,
4066,2,1961.0,0.0,32.0,32.0,0.1305751800537109,38.73785096220672,2507.1259765625,,,,,
4067,2,1962.0,0.0,32.0,32.0,0.074742317199707,33.339916029945016,2696.84033203125,,,,,
4068,2,1963.0,0.0,32.0,32.0,0.0915112495422363,48.0495230294764,2852.0673828125,,,,,
4069,2,1964.0,0.0,32.0,32.0,0.1827707290649414,40.15538800740615,2356.935546875,,,,,
4070,2,1965.0,0.0,32.0,32.0,0.0852975845336914,38.80317299626768,2465.03271484375,,,,,
4071,2,1966.0,0.0,32.0,32.0,0.100740909576416,40.042578999418765,2507.1259765625,,,,,
4072,2,1967.0,0.0,32.0,32.0,0.2133026123046875,39.62524700909853,2543.56884765625,,,,,
4073,2,1968.0,0.0,32.0,32.0,0.0875053405761718,39.17582501890138,2315.2705078125,,,,,
4074,2,1969.0,0.0,32.0,32.0,0.1037287712097168,50.923284026794136,2956.64208984375,,,,,
4075,2,1970.0,0.0,32.0,32.0,0.1800894737243652,39.045694982633,2465.03271484375,,,,,
4076,2,1971.0,0.0,32.0,32.0,0.0965766906738281,44.3625109619461,2730.66845703125,,,,,
4077,2,1972.0,0.0,32.0,32.0,0.0410470962524414,44.0461749676615,2690.6982421875,,,,,
4078,2,1973.0,0.0,32.0,32.0,0.1349749565124511,41.42539598979056,2377.17919921875,,,,,
4079,2,1974.0,0.0,32.0,32.0,0.0865817070007324,28.298432007431984,2410.10546875,,,,,
4080,2,1975.0,0.0,32.0,32.0,0.0344824790954589,36.52291296748445,2435.498046875,,,,,
4081,2,1976.0,0.0,32.0,32.0,0.0813541412353515,37.28228999534622,2410.10546875,,,,,
4082,2,1977.0,0.0,32.0,32.0,0.284947395324707,38.23562397155911,2533.17626953125,,,,,
4083,2,1978.0,0.0,32.0,32.0,0.3122773170471191,43.13408798770979,2696.84033203125,,,,,
4084,2,1979.0,0.0,32.0,32.0,0.0821599960327148,39.18607998639345,2435.498046875,,,,,
4085,2,1980.0,0.0,32.0,32.0,0.0242061614990234,37.77516999980435,2315.2705078125,,,,,
4086,2,1981.0,0.0,32.0,32.0,0.2977280616760254,44.45421299897134,2790.72021484375,,,,,
4087,2,1982.0,0.0,32.0,32.0,0.1836810111999511,49.896708980668336,2888.2919921875,,,,,
4088,2,1983.0,0.0,32.0,32.0,0.0773029327392578,48.953636025544256,2876.80908203125,,,,,
4089,2,1984.0,0.0,32.0,32.0,0.0738477706909179,41.4084880030714,2660.82958984375,,,,,
4090,2,1985.0,0.0,32.0,32.0,0.0354499816894531,38.56921097030863,2435.498046875,,,,,
4091,2,1986.0,0.0,32.0,32.0,0.1882309913635254,38.00958901410922,2435.498046875,,,,,
4092,2,1987.0,0.0,32.0,32.0,0.3852248191833496,31.261975003872067,2655.02490234375,,,,,
4093,2,1988.0,0.0,32.0,32.0,0.1676673889160156,48.65541699109599,2876.80908203125,,,,,
4094,2,1989.0,0.0,32.0,32.0,0.1048488616943359,39.06268603168428,2315.2705078125,,,,,
4095,2,1990.0,0.0,32.0,32.0,0.3027253150939941,40.27859098277986,2563.3828125,,,,,
4096,2,1991.0,0.0,32.0,32.0,0.0932588577270507,38.36320398841053,2410.10546875,,,,,
4097,2,1992.0,0.0,32.0,32.0,0.2476859092712402,39.11651001544669,2543.56884765625,,,,,
4098,2,1993.0,0.0,32.0,32.0,0.2228422164916992,38.87319297064096,2435.498046875,,,,,
4099,2,1994.0,0.0,32.0,32.0,0.4146127700805664,38.67685899604112,2498.1083984375,,,,,
4100,2,1995.0,0.0,32.0,32.0,0.0977768898010253,47.73837199900299,2822.1865234375,,,,,
4101,2,1996.0,0.0,32.0,32.0,0.1939167976379394,40.33962596440688,2507.1259765625,,,,,
4102,2,1997.0,0.0,32.0,32.0,0.1541748046875,38.34260802250356,2435.498046875,,,,,
4103,2,1998.0,0.0,32.0,32.0,0.0297708511352539,38.87770400615409,2543.56884765625,,,,,
4104,2,1999.0,0.0,32.0,32.0,0.1975989341735839,38.22309401584789,2465.03271484375,,,,,
4105,2,2000.0,0.0,32.0,32.0,0.3633899688720703,28.54553802171722,2477.59716796875,,,,,
4106,2,2001.0,0.0,32.0,32.0,0.4104423522949219,43.60456002177671,2761.908203125,,,,,
4107,2,2002.0,0.0,32.0,32.0,0.2903966903686523,41.45608597900719,2574.6875,,,,,
4108,2,2003.0,0.0,32.0,32.0,0.2899141311645508,40.13951699016616,2563.3828125,,,,,
4109,2,2004.0,0.0,32.0,32.0,0.0414009094238281,33.93298899754882,2233.6396484375,,,,,
4110,2,2005.0,0.0,32.0,32.0,0.0872879028320312,39.36535300454125,2563.3828125,,,,,
4111,2,2006.0,0.0,32.0,32.0,0.2029342651367187,45.11004203232005,2754.88671875,,,,,
4112,2,2007.0,0.0,32.0,32.0,0.3179035186767578,40.82985600689426,2563.3828125,,,,,
4113,2,2008.0,0.0,32.0,32.0,0.1874408721923828,41.698444983921945,2687.3701171875,,,,,
4114,2,2009.0,0.0,32.0,32.0,0.0610618591308593,40.61962495325133,2543.56884765625,,,,,
4115,2,2010.0,0.0,32.0,32.0,0.2353744506835937,40.413058013655245,2543.56884765625,,,,,
4116,2,2011.0,0.0,32.0,32.0,0.193634033203125,41.90012702019885,2574.6875,,,,,
4117,2,2012.0,0.0,32.0,32.0,0.0336589813232421,49.55222696298733,2914.046875,,,,,
4118,2,2013.0,0.0,32.0,32.0,0.278512954711914,30.18547099782154,2533.17626953125,,,,,
4119,2,2014.0,0.0,32.0,32.0,0.183816909790039,49.73174299811944,2956.64208984375,,,,,
4120,2,2015.0,0.0,32.0,32.0,0.1904983520507812,38.777897018007934,2477.59716796875,,,,,
4121,2,2016.0,0.0,32.0,32.0,0.214334487915039,49.2901389952749,2914.046875,,,,,
4122,2,2017.0,0.0,32.0,32.0,0.1405830383300781,38.7283029849641,2435.498046875,,,,,
4123,2,2018.0,0.0,32.0,32.0,0.2289390563964843,39.618179958779365,2533.17626953125,,,,,
4124,2,2019.0,0.0,32.0,32.0,0.1261329650878906,44.60603400366381,2730.66845703125,,,,,
4125,2,2020.0,0.0,32.0,32.0,0.2814960479736328,42.55302902311087,2574.6875,,,,,
4126,2,2021.0,0.0,32.0,32.0,0.14886474609375,39.21596903819591,2498.1083984375,,,,,
4127,2,2022.0,0.0,32.0,32.0,0.179849624633789,39.90627801977098,2563.3828125,,,,,
4128,2,2023.0,0.0,32.0,32.0,0.4091968536376953,38.33648294676095,2477.59716796875,,,,,
4129,2,2024.0,0.0,32.0,32.0,0.1407089233398437,48.79083199193701,2852.0673828125,,,,,
4130,2,2025.0,0.0,32.0,32.0,0.1081161499023437,29.517440008930866,2543.56884765625,,,,,
4131,2,2026.0,0.0,32.0,32.0,0.2546291351318359,37.43591398233548,2349.4912109375,,,,,
4132,2,2027.0,0.0,32.0,32.0,0.1302070617675781,38.00131398020312,2498.1083984375,,,,,
4133,2,2028.0,0.0,32.0,32.0,0.1986551284790039,48.24981198180467,2888.2919921875,,,,,
4134,2,2029.0,0.0,32.0,32.0,0.0944738388061523,38.453306013252586,2465.03271484375,,,,,
4135,2,2030.0,0.0,32.0,32.0,0.2344532012939453,39.17490696767345,2507.1259765625,,,,,
4136,2,2031.0,0.0,32.0,32.0,0.3196334838867187,51.42152600456029,2965.60693359375,,,,,
4137,2,2032.0,0.0,32.0,32.0,0.114537239074707,38.92155195353553,2465.03271484375,,,,,
4138,2,2033.0,0.0,32.0,32.0,0.131016731262207,42.26474504685029,2687.3701171875,,,,,
4139,2,2034.0,0.0,32.0,32.0,0.1316585540771484,51.684682024642825,2965.60693359375,,,,,
4140,2,2035.0,0.0,32.0,32.0,0.1178112030029296,38.2497200043872,2398.12548828125,,,,,
4141,2,2036.0,0.0,32.0,32.0,0.1673049926757812,37.73230599472299,2435.498046875,,,,,
4142,2,2037.0,0.0,32.0,32.0,0.3090944290161133,45.18071300117299,2696.84033203125,,,,,
4143,2,2038.0,0.0,32.0,32.0,0.0873804092407226,31.745888001751155,2687.3701171875,,,,,
4144,2,2039.0,0.0,32.0,32.0,0.0877265930175781,39.34967500390485,2498.1083984375,,,,,
4145,2,2040.0,0.0,32.0,32.0,0.1214017868041992,46.7348070233129,2822.1865234375,,,,,
4146,2,2041.0,0.0,32.0,32.0,0.1689414978027343,41.9012900092639,2574.6875,,,,,
4147,2,2042.0,0.0,32.0,32.0,0.0512332916259765,39.930938044562936,2543.56884765625,,,,,
4148,2,2043.0,0.0,32.0,32.0,0.231048583984375,40.41130200494081,2377.17919921875,,,,,
4149,2,2044.0,0.0,32.0,32.0,0.0587005615234375,48.55377698550001,2888.2919921875,,,,,
4150,2,2045.0,0.0,32.0,32.0,0.0637807846069336,39.17298803571612,2507.1259765625,,,,,
4151,2,2046.0,0.0,32.0,32.0,0.4261226654052734,38.83621998829767,2465.03271484375,,,,,
4152,2,2047.0,0.0,32.0,32.0,0.0567026138305664,43.44689700519666,2690.6982421875,,,,,
4153,2,2048.0,0.0,32.0,32.0,0.1350040435791015,40.86909099714831,2563.3828125,,,,,
4154,2,2049.0,0.0,32.0,32.0,0.1249957084655761,37.95482800342143,2465.03271484375,,,,,
4155,2,2050.0,0.0,32.0,32.0,0.0443158149719238,36.61322902189568,2398.12548828125,,,,,
4156,2,2051.0,0.0,32.0,32.0,0.162541389465332,34.3383620493114,2790.72021484375,,,,,
4157,2,2052.0,0.0,32.0,32.0,0.0390181541442871,39.8035779944621,2377.17919921875,,,,,
4158,2,2053.0,0.0,32.0,32.0,0.1368370056152343,38.47039199899882,2465.03271484375,,,,,
4159,2,2054.0,0.0,32.0,32.0,0.0336833000183105,44.56550400936976,2754.88671875,,,,,
4160,2,2055.0,0.0,32.0,32.0,0.152435302734375,39.44366500945762,2498.1083984375,,,,,
4161,2,2056.0,0.0,32.0,32.0,0.4110169410705566,39.22465699724853,2477.59716796875,,,,,
4162,2,2057.0,0.0,32.0,32.0,0.0216245651245117,44.507998041808605,2690.6982421875,,,,,
4163,2,2058.0,0.0,32.0,32.0,0.0182728767395019,40.1977919973433,2507.1259765625,,,,,
4164,2,2059.0,0.0,32.0,32.0,0.010291576385498,39.03038997668773,2498.1083984375,,,,,
4165,2,2060.0,0.0,32.0,32.0,0.018477439880371,38.54412800865248,2410.10546875,,,,,
4166,2,2061.0,0.0,32.0,32.0,0.2917361259460449,38.177381036803126,2498.1083984375,,,,,
4167,2,2062.0,0.0,32.0,32.0,0.0843462944030761,45.47278495738283,2790.72021484375,,,,,
4168,2,2063.0,0.0,32.0,32.0,0.2393827438354492,39.81874202145264,2543.56884765625,,,,,
4169,2,2064.0,0.0,32.0,32.0,0.1560416221618652,31.4573259674944,2660.82958984375,,,,,
4170,2,2065.0,0.0,32.0,32.0,0.36956787109375,43.89247903600335,2730.66845703125,,,,,
4171,2,2066.0,0.0,32.0,32.0,0.2107119560241699,39.601995958946645,2477.59716796875,,,,,
4172,2,2067.0,0.0,32.0,32.0,0.215181827545166,41.68857296463102,2660.82958984375,,,,,
4173,2,2068.0,0.0,32.0,32.0,0.0065541267395019,47.99470200669021,2852.0673828125,,,,,
4174,2,2069.0,0.0,32.0,32.0,0.4374885559082031,44.498384988401085,2754.88671875,,,,,
4175,2,2070.0,0.0,32.0,32.0,0.1022186279296875,41.371817991603166,2574.6875,,,,,
4176,2,2071.0,0.0,32.0,32.0,0.2806329727172851,39.81688298517838,2477.59716796875,,,,,
4177,2,2072.0,0.0,32.0,32.0,0.4881281852722168,42.62303799623624,2730.66845703125,,,,,
4178,2,2073.0,0.0,32.0,32.0,0.0477912425994873,50.30219902982935,2888.2919921875,,,,,
4179,2,2074.0,0.0,32.0,32.0,0.007181167602539,43.6501270160079,2696.84033203125,,,,,
4180,2,2075.0,0.0,32.0,32.0,0.0304856300354003,41.64132702862844,2574.6875,,,,,
4181,2,2076.0,0.0,32.0,32.0,0.1846771240234375,31.163273961283267,2574.6875,,,,,
4182,2,2077.0,0.0,32.0,32.0,0.2002396583557129,38.21103199152276,2507.1259765625,,,,,
4183,2,2078.0,0.0,32.0,32.0,0.5339312553405762,41.40738601563498,2655.02490234375,,,,,
4184,2,2079.0,0.0,32.0,32.0,0.0068449974060058,40.48680997220799,2543.56884765625,,,,,
4185,2,2080.0,0.0,32.0,32.0,0.0082631111145019,39.20558700338006,2356.935546875,,,,,
4186,2,2081.0,0.0,32.0,32.0,0.2651481628417969,39.11419998621568,2498.1083984375,,,,,
4187,2,2082.0,0.0,32.0,32.0,0.3818998336791992,38.07386802509427,2410.10546875,,,,,
4188,2,2083.0,0.0,32.0,32.0,0.0629339218139648,38.0920380121097,2465.03271484375,,,,,
4189,2,2084.0,0.0,32.0,32.0,0.2755365371704101,50.84794503636658,2956.64208984375,,,,,
4190,2,2085.0,0.0,32.0,32.0,0.2941017150878906,38.39427599450573,2298.90478515625,,,,,
4191,2,2086.0,0.0,32.0,32.0,0.4933900833129883,39.53152702888474,2533.17626953125,,,,,
4192,2,2087.0,0.0,32.0,32.0,0.0367698669433593,41.37284401804209,2655.02490234375,,,,,
4193,2,2088.0,0.0,32.0,32.0,0.1700000762939453,40.896902966778725,2574.6875,,,,,
4194,2,2089.0,0.0,32.0,32.0,0.2104358673095703,29.295062995515764,2543.56884765625,,,,,
4195,2,2090.0,0.0,32.0,32.0,0.047088623046875,38.77738298615441,2507.1259765625,,,,,
4196,2,2091.0,0.0,32.0,32.0,0.1840286254882812,39.12439802661538,2533.17626953125,,,,,
4197,2,2092.0,0.0,32.0,32.0,0.1761655807495117,47.63879399979487,2822.1865234375,,,,,
4198,2,2093.0,0.0,32.0,32.0,0.0201292037963867,41.90126701723784,2660.82958984375,,,,,
4199,2,2094.0,0.0,32.0,32.0,0.1450576782226562,51.35604599490762,2978.1904296875,,,,,
4200,2,2095.0,0.0,32.0,32.0,0.3188495635986328,42.052117991261184,2660.82958984375,,,,,
4201,2,2096.0,0.0,32.0,32.0,0.1397724151611328,38.489705009851605,2315.2705078125,,,,,
4202,2,2097.0,0.0,32.0,32.0,0.1562337875366211,39.11058703670278,2563.3828125,,,,,
4203,2,2098.0,0.0,32.0,32.0,0.1892147064208984,42.15153102995828,2687.3701171875,,,,,
4204,2,2099.0,0.0,32.0,32.0,0.021341323852539,42.10090503329411,2660.82958984375,,,,,
4205,2,2100.0,0.0,32.0,32.0,0.3942575454711914,38.56001800158992,2435.498046875,,,,,
4206,2,2101.0,0.0,32.0,32.0,0.0380592346191406,38.48287498112768,2435.498046875,,,,,
4207,2,2102.0,0.0,32.0,32.0,0.1495323181152343,33.27617602190003,2696.84033203125,,,,,
4208,2,2103.0,0.0,32.0,32.0,0.1532812118530273,39.05721701448783,2533.17626953125,,,,,
4209,2,2104.0,0.0,32.0,32.0,0.0263309478759765,39.31020700838417,2498.1083984375,,,,,
4210,2,2105.0,0.0,21.0,21.0,0.2754574716091156,32.64995099743828,2106.93603515625,,,,,
4210,2,,1.0,32.0,32.0,,32.64995099743828,2106.93603515625,0.926605504587156,0.2454364773750837,0.9723975114701034,0.0933886138810787,0.0457920068829474
4211,3,1.0,0.0,32.0,32.0,0.1482133865356445,40.58576194802299,2956.64208984375,,,,,
4212,3,2.0,0.0,32.0,32.0,0.0213603973388671,40.79484904650599,2956.64208984375,,,,,
4213,3,3.0,0.0,32.0,32.0,0.1012115478515625,34.54263403546065,2273.755859375,,,,,
4214,3,4.0,0.0,32.0,32.0,0.0781154632568359,42.817637033294886,2696.84033203125,,,,,
4215,3,5.0,0.0,32.0,32.0,0.3172321319580078,37.32010704698041,2398.12548828125,,,,,
4216,3,6.0,0.0,32.0,32.0,0.049356460571289,40.252943988889456,2574.6875,,,,,
4217,3,7.0,0.0,32.0,32.0,0.0511293411254882,38.6005659820512,2465.03271484375,,,,,
4218,3,8.0,0.0,32.0,32.0,0.2756624221801758,45.07813300006092,2761.908203125,,,,,
4219,3,9.0,0.0,32.0,32.0,0.3668889999389648,44.26253400743008,2696.84033203125,,,,,
4220,3,10.0,0.0,32.0,32.0,0.0472879409790039,39.28733698558062,2465.03271484375,,,,,
4221,3,11.0,0.0,32.0,32.0,0.0245351791381835,38.3144150255248,2498.1083984375,,,,,
4222,3,12.0,0.0,32.0,32.0,0.1647787094116211,44.50715699931607,2790.72021484375,,,,,
4223,3,13.0,0.0,32.0,32.0,0.0264873504638671,39.78612500941381,2356.935546875,,,,,
4224,3,14.0,0.0,32.0,32.0,0.0209827423095703,38.40595099609345,2465.03271484375,,,,,
4225,3,15.0,0.0,32.0,32.0,0.018416404724121,29.06354703009129,2498.1083984375,,,,,
4226,3,16.0,0.0,32.0,32.0,0.2277793884277343,37.60688495822251,2477.59716796875,,,,,
4227,3,17.0,0.0,32.0,32.0,0.0845718383789062,44.67489704256877,2754.88671875,,,,,
4228,3,18.0,0.0,32.0,32.0,0.011733055114746,46.939025982283056,2790.72021484375,,,,,
4229,3,19.0,0.0,32.0,32.0,0.0811681747436523,34.49694404844195,2233.6396484375,,,,,
4230,3,20.0,0.0,32.0,32.0,0.1274003982543945,39.22671003965661,2377.17919921875,,,,,
4231,3,21.0,0.0,32.0,32.0,0.1780033111572265,38.53166999761015,2477.59716796875,,,,,
4232,3,22.0,0.0,32.0,32.0,0.4841914176940918,39.51383801177144,2477.59716796875,,,,,
4233,3,23.0,0.0,32.0,32.0,0.1663374900817871,39.94121099822223,2498.1083984375,,,,,
4234,3,24.0,0.0,32.0,32.0,0.4082870483398437,40.26114399312064,2377.17919921875,,,,,
4235,3,25.0,0.0,32.0,32.0,0.0905647277832031,44.323699024971575,2730.66845703125,,,,,
4236,3,26.0,0.0,32.0,32.0,0.041107177734375,38.655654003378,2410.10546875,,,,,
4237,3,27.0,0.0,32.0,32.0,0.0935306549072265,40.568860014900565,2660.82958984375,,,,,
4238,3,28.0,0.0,32.0,32.0,0.052530288696289,26.956429006531835,2435.498046875,,,,,
4239,3,29.0,0.0,32.0,32.0,0.2876930236816406,36.78068099543452,2435.498046875,,,,,
4240,3,30.0,0.0,32.0,32.0,0.1489148139953613,38.530788966454566,2543.56884765625,,,,,
4241,3,31.0,0.0,32.0,32.0,0.0934553146362304,38.77943300176412,2543.56884765625,,,,,
4242,3,32.0,0.0,32.0,32.0,0.2463598251342773,38.799667032435536,2349.4912109375,,,,,
4243,3,33.0,0.0,32.0,32.0,0.2834987640380859,38.56637998251245,2477.59716796875,,,,,
4244,3,34.0,0.0,32.0,32.0,0.093963623046875,39.46648299461231,2543.56884765625,,,,,
4245,3,35.0,0.0,32.0,32.0,0.0231618881225585,38.09476300375536,2410.10546875,,,,,
4246,3,36.0,0.0,32.0,32.0,0.0225944519042968,40.7573829870671,2574.6875,,,,,
4247,3,37.0,0.0,32.0,32.0,0.0194578170776367,39.77932903217152,2533.17626953125,,,,,
4248,3,38.0,0.0,32.0,32.0,0.2741909027099609,38.05152996210381,2398.12548828125,,,,,
4249,3,39.0,0.0,32.0,32.0,0.1182947158813476,40.53511196980253,2660.82958984375,,,,,
4250,3,40.0,0.0,32.0,32.0,0.1570005416870117,39.34408602071926,2543.56884765625,,,,,
4251,3,41.0,0.0,32.0,32.0,0.0282039642333984,41.91073396941647,2655.02490234375,,,,,
4252,3,42.0,0.0,32.0,32.0,0.0119457244873046,31.292903004214168,2660.82958984375,,,,,
4253,3,43.0,0.0,32.0,32.0,0.0238733291625976,48.23588201543316,2876.80908203125,,,,,
4254,3,44.0,0.0,32.0,32.0,0.0141029357910156,39.45129096973688,2533.17626953125,,,,,
4255,3,45.0,0.0,32.0,32.0,0.0348176956176757,39.31729897158221,2349.4912109375,,,,,
4256,3,46.0,0.0,32.0,32.0,0.1532545089721679,41.17154696723446,2574.6875,,,,,
4257,3,47.0,0.0,32.0,32.0,0.0127325057983398,45.70830101147294,2790.72021484375,,,,,
4258,3,48.0,0.0,32.0,32.0,0.0138425827026367,39.09023496089503,2435.498046875,,,,,
4259,3,49.0,0.0,32.0,32.0,0.2456922531127929,45.7880690228194,2754.88671875,,,,,
4260,3,50.0,0.0,32.0,32.0,0.0475807189941406,48.20339998696,2852.0673828125,,,,,
4261,3,51.0,0.0,32.0,32.0,0.097851276397705,39.48314499575645,2533.17626953125,,,,,
4262,3,52.0,0.0,32.0,32.0,0.2023477554321289,38.21905795484781,2465.03271484375,,,,,
4263,3,53.0,0.0,32.0,32.0,0.2906670570373535,48.19932300597429,2876.80908203125,,,,,
4264,3,54.0,0.0,32.0,32.0,0.0830507278442382,27.31355105061084,2465.03271484375,,,,,
4265,3,55.0,0.0,32.0,32.0,0.0111927986145019,42.24041401175782,2690.6982421875,,,,,
4266,3,56.0,0.0,32.0,32.0,0.0126643180847167,44.804991979617625,2754.88671875,,,,,
4267,3,57.0,0.0,32.0,32.0,0.1844072341918945,41.28218401456252,2574.6875,,,,,
4268,3,58.0,0.0,32.0,32.0,0.1718435287475586,40.17118498450145,2563.3828125,,,,,
4269,3,59.0,0.0,32.0,32.0,0.2773284912109375,41.49600199889392,2660.82958984375,,,,,
4270,3,60.0,0.0,32.0,32.0,0.0480256080627441,41.80309403454885,2660.82958984375,,,,,
4271,3,61.0,0.0,32.0,32.0,0.2676916122436523,39.009438012726605,2498.1083984375,,,,,
4272,3,62.0,0.0,32.0,32.0,0.1502628326416015,40.78370303614065,2563.3828125,,,,,
4273,3,63.0,0.0,32.0,32.0,0.3766427040100097,42.53764497116208,2660.82958984375,,,,,
4274,3,64.0,0.0,32.0,32.0,0.0076947212219238,44.964125961996615,2730.66845703125,,,,,
4275,3,65.0,0.0,32.0,32.0,0.1909642219543457,41.12697998061776,2377.17919921875,,,,,
4276,3,66.0,0.0,32.0,32.0,0.2433605194091797,38.43665297608823,2465.03271484375,,,,,
4277,3,67.0,0.0,32.0,32.0,0.0125832557678222,30.41485301218927,2377.17919921875,,,,,
4278,3,68.0,0.0,32.0,32.0,0.00927734375,39.96871295385063,2655.02490234375,,,,,
4279,3,69.0,0.0,32.0,32.0,0.0155229568481445,44.536428002174944,2754.88671875,,,,,
4280,3,70.0,0.0,32.0,32.0,0.1125497817993164,46.67500301729888,2810.46826171875,,,,,
4281,3,71.0,0.0,32.0,32.0,0.0853233337402343,41.7819109861739,2574.6875,,,,,
4282,3,72.0,0.0,32.0,32.0,0.3483309745788574,39.23544299323112,2543.56884765625,,,,,
4283,3,73.0,0.0,32.0,32.0,0.2278327941894531,37.57145599229261,2398.12548828125,,,,,
4284,3,74.0,0.0,32.0,32.0,0.0873041152954101,38.63519500009716,2533.17626953125,,,,,
4285,3,75.0,0.0,32.0,32.0,0.0084819793701171,45.02149001928046,2754.88671875,,,,,
4286,3,76.0,0.0,32.0,32.0,0.227330207824707,39.585241000168025,2533.17626953125,,,,,
4287,3,77.0,0.0,32.0,32.0,0.0080890655517578,38.86235796380788,2498.1083984375,,,,,
4288,3,78.0,0.0,32.0,32.0,0.0141401290893554,50.26314896531403,2978.1904296875,,,,,
4289,3,79.0,0.0,32.0,32.0,0.2645196914672851,48.46989695215598,2822.1865234375,,,,,
4290,3,80.0,0.0,32.0,32.0,0.0124673843383789,28.17987196613103,2465.03271484375,,,,,
4291,3,81.0,0.0,32.0,32.0,0.0127906799316406,36.54526395257562,2298.90478515625,,,,,
4292,3,82.0,0.0,32.0,32.0,0.1311163902282714,37.28252800647169,2435.498046875,,,,,
4293,3,83.0,0.0,32.0,32.0,0.049692153930664,38.12876297160983,2356.935546875,,,,,
4294,3,84.0,0.0,32.0,32.0,0.2054653167724609,39.21924997121096,2507.1259765625,,,,,
4295,3,85.0,0.0,32.0,32.0,0.0965662002563476,39.9857850279659,2377.17919921875,,,,,
4296,3,86.0,0.0,32.0,32.0,0.1398954391479492,39.11976102972403,2498.1083984375,,,,,
4297,3,87.0,0.0,32.0,32.0,0.0121331214904785,39.430387027096,2498.1083984375,,,,,
4298,3,88.0,0.0,32.0,32.0,0.080538272857666,43.0564460111782,2687.3701171875,,,,,
4299,3,89.0,0.0,32.0,32.0,0.1911697387695312,42.55000699777156,2655.02490234375,,,,,
4300,3,90.0,0.0,32.0,32.0,0.0349750518798828,40.21633701631799,2563.3828125,,,,,
4301,3,91.0,0.0,32.0,32.0,0.0134429931640625,38.6594669544138,2498.1083984375,,,,,
4302,3,92.0,0.0,32.0,32.0,0.0365052223205566,37.6692830468528,2398.12548828125,,,,,
4303,3,93.0,0.0,32.0,32.0,0.0099163055419921,30.782843998167664,2687.3701171875,,,,,
4304,3,94.0,0.0,32.0,32.0,0.3520588874816894,38.69940299773589,2356.935546875,,,,,
4305,3,95.0,0.0,32.0,32.0,0.0760934352874755,44.57507596816868,2754.88671875,,,,,
4306,3,96.0,0.0,32.0,32.0,0.2643084526062011,44.6410360164009,2696.84033203125,,,,,
4307,3,97.0,0.0,32.0,32.0,0.0242438316345214,42.60684398468584,2687.3701171875,,,,,
4308,3,98.0,0.0,32.0,32.0,0.0279960632324218,39.28972501307726,2477.59716796875,,,,,
4309,3,99.0,0.0,32.0,32.0,0.1650953292846679,47.85186098888517,2876.80908203125,,,,,
4310,3,100.0,0.0,32.0,32.0,0.0848040580749511,40.62830004841089,2574.6875,,,,,
4311,3,101.0,0.0,32.0,32.0,0.3184952735900879,39.43843598244712,2543.56884765625,,,,,
4312,3,102.0,0.0,32.0,32.0,0.0117287635803222,39.87867396790534,2533.17626953125,,,,,
4313,3,103.0,0.0,32.0,32.0,0.1169867515563964,41.45796300144866,2655.02490234375,,,,,
4314,3,104.0,0.0,32.0,32.0,0.2925410270690918,38.39684004196897,2315.2705078125,,,,,
4315,3,105.0,0.0,32.0,32.0,0.1949467658996582,39.1746069653891,2377.17919921875,,,,,
4316,3,106.0,0.0,32.0,32.0,0.1673836708068847,34.88142101559788,2761.908203125,,,,,
4317,3,107.0,0.0,32.0,32.0,0.1388421058654785,37.920229020528495,2435.498046875,,,,,
4318,3,108.0,0.0,32.0,32.0,0.0173931121826171,41.002750978805125,2574.6875,,,,,
4319,3,109.0,0.0,32.0,32.0,0.0100636482238769,50.12441397411749,2914.046875,,,,,
4320,3,110.0,0.0,32.0,32.0,0.0180115699768066,40.8171970047988,2563.3828125,,,,,
4321,3,111.0,0.0,32.0,32.0,0.1154165267944336,45.70696398150176,2790.72021484375,,,,,
4322,3,112.0,0.0,32.0,32.0,0.2598919868469238,39.633396023418754,2498.1083984375,,,,,
4323,3,113.0,0.0,32.0,32.0,0.0908541679382324,39.98508397489786,2377.17919921875,,,,,
4324,3,114.0,0.0,32.0,32.0,0.1906962394714355,39.13426800863817,2356.935546875,,,,,
4325,3,115.0,0.0,32.0,32.0,0.3375706672668457,44.83141499804333,2730.66845703125,,,,,
4326,3,116.0,0.0,32.0,32.0,0.0374307632446289,40.52810795838013,2377.17919921875,,,,,
4327,3,117.0,0.0,32.0,32.0,0.2583293914794922,38.08016201946885,2435.498046875,,,,,
4328,3,118.0,0.0,32.0,32.0,0.3498468399047851,39.13630498573184,2543.56884765625,,,,,
4329,3,119.0,0.0,32.0,32.0,0.0219912528991699,34.77815299993381,2754.88671875,,,,,
4330,3,120.0,0.0,32.0,32.0,0.3719429969787597,37.68669202690944,2410.10546875,,,,,
4331,3,121.0,0.0,32.0,32.0,0.0973191261291503,43.43450401211157,2754.88671875,,,,,
4332,3,122.0,0.0,32.0,32.0,0.1598930358886718,42.30079398257658,2687.3701171875,,,,,
4333,3,123.0,0.0,32.0,32.0,0.1765756607055664,39.47772301035002,2533.17626953125,,,,,
4334,3,124.0,0.0,32.0,32.0,0.2458891868591308,39.22438301378861,2356.935546875,,,,,
4335,3,125.0,0.0,32.0,32.0,0.1624751091003418,45.66910397261381,2810.46826171875,,,,,
4336,3,126.0,0.0,32.0,32.0,0.1044149398803711,39.249892986845225,2477.59716796875,,,,,
4337,3,127.0,0.0,32.0,32.0,0.1692500114440918,38.57753303600475,2410.10546875,,,,,
4338,3,128.0,0.0,32.0,32.0,0.0384349822998046,38.59107900643721,2477.59716796875,,,,,
4339,3,129.0,0.0,32.0,32.0,0.1866788864135742,41.30287596490234,2655.02490234375,,,,,
4340,3,130.0,0.0,32.0,32.0,0.1526908874511718,39.769784023519605,2377.17919921875,,,,,
4341,3,131.0,0.0,32.0,32.0,0.1142807006835937,43.775788974016905,2690.6982421875,,,,,
4342,3,132.0,0.0,32.0,32.0,0.1831045150756836,29.062968969810758,2543.56884765625,,,,,
4343,3,133.0,0.0,32.0,32.0,0.0454320907592773,39.12671597208828,2543.56884765625,,,,,
4344,3,134.0,0.0,32.0,32.0,0.0517892837524414,38.00375002902001,2398.12548828125,,,,,
4345,3,135.0,0.0,32.0,32.0,0.0414161682128906,38.63253601593897,2543.56884765625,,,,,
4346,3,136.0,0.0,32.0,32.0,0.3338031768798828,49.2049339809455,2914.046875,,,,,
4347,3,137.0,0.0,32.0,32.0,0.1048955917358398,50.48690101830289,2946.62548828125,,,,,
4348,3,138.0,0.0,32.0,32.0,0.0932507514953613,41.75093898084015,2660.82958984375,,,,,
4349,3,139.0,0.0,32.0,32.0,0.1978740692138672,41.26345500117168,2655.02490234375,,,,,
4350,3,140.0,0.0,32.0,32.0,0.1008024215698242,39.42499594995752,2498.1083984375,,,,,
4351,3,141.0,0.0,32.0,32.0,0.1730146408081054,39.00525701465085,2349.4912109375,,,,,
4352,3,142.0,0.0,32.0,32.0,0.0305557250976562,41.10132501227781,2574.6875,,,,,
4353,3,143.0,0.0,32.0,32.0,0.1292781829833984,40.98999098641798,2660.82958984375,,,,,
4354,3,144.0,0.0,32.0,32.0,0.0700159072875976,47.20515804365277,2822.1865234375,,,,,
4355,3,145.0,0.0,32.0,32.0,0.2159557342529297,33.53579097893089,2690.6982421875,,,,,
4356,3,146.0,0.0,32.0,32.0,0.0402412414550781,39.242209983058274,2543.56884765625,,,,,
4357,3,147.0,0.0,32.0,32.0,0.1463284492492675,38.90983801102266,2356.935546875,,,,,
4358,3,148.0,0.0,32.0,32.0,0.1621513366699218,38.58946496620774,2465.03271484375,,,,,
4359,3,149.0,0.0,32.0,32.0,0.0618548393249511,38.51683298125863,2465.03271484375,,,,,
4360,3,150.0,0.0,32.0,32.0,0.1091694831848144,40.38669401779771,2563.3828125,,,,,
4361,3,151.0,0.0,32.0,32.0,0.2947335243225097,39.80346000753343,2543.56884765625,,,,,
4362,3,152.0,0.0,32.0,32.0,0.219451904296875,41.11800098326057,2574.6875,,,,,
4363,3,153.0,0.0,32.0,32.0,0.0159339904785156,39.067448989953846,2498.1083984375,,,,,
4364,3,154.0,0.0,32.0,32.0,0.1267676353454589,41.28080699592829,2655.02490234375,,,,,
4365,3,155.0,0.0,32.0,32.0,0.1448593139648437,40.17823201138526,2377.17919921875,,,,,
4366,3,156.0,0.0,32.0,32.0,0.1055855751037597,43.36060798959807,2690.6982421875,,,,,
4367,3,157.0,0.0,32.0,32.0,0.0126919746398925,35.40612797951326,2273.755859375,,,,,
4368,3,158.0,0.0,32.0,32.0,0.0096325874328613,27.879248023964465,2477.59716796875,,,,,
4369,3,159.0,0.0,32.0,32.0,0.015049934387207,44.837289955466986,2810.46826171875,,,,,
4370,3,160.0,0.0,32.0,32.0,0.1035170555114746,39.84884201781824,2507.1259765625,,,,,
4371,3,161.0,0.0,32.0,32.0,0.0652146339416503,48.98228304227814,2876.80908203125,,,,,
4372,3,162.0,0.0,32.0,32.0,0.0082306861877441,43.95664401818067,2696.84033203125,,,,,
4373,3,163.0,0.0,32.0,32.0,0.0342392921447753,40.918041951954365,2563.3828125,,,,,
4374,3,164.0,0.0,32.0,32.0,0.0055704116821289,38.80701999878511,2349.4912109375,,,,,
4375,3,165.0,0.0,32.0,32.0,0.1360712051391601,40.84956296719611,2655.02490234375,,,,,
4376,3,166.0,0.0,32.0,32.0,0.2554090023040771,51.648986991494894,3000.7802734375,,,,,
4377,3,167.0,0.0,32.0,32.0,0.414008617401123,39.652697974815965,2465.03271484375,,,,,
4378,3,168.0,0.0,32.0,32.0,0.0092549324035644,39.697220956441015,2533.17626953125,,,,,
4379,3,169.0,0.0,32.0,32.0,0.2139647006988525,35.07422801339999,2273.755859375,,,,,
4380,3,170.0,0.0,32.0,32.0,0.0497183799743652,34.86870101187378,2273.755859375,,,,,
4381,3,171.0,0.0,32.0,32.0,0.1008946895599365,28.229183983057737,2465.03271484375,,,,,
4382,3,172.0,0.0,32.0,32.0,0.0498840808868408,36.57420596573502,2477.59716796875,,,,,
4383,3,173.0,0.0,32.0,32.0,0.0068244934082031,38.68850495200604,2498.1083984375,,,,,
4384,3,174.0,0.0,32.0,32.0,0.1968772411346435,44.55411800881848,2435.498046875,,,,,
4385,3,175.0,0.0,32.0,32.0,0.229947805404663,38.05824799928814,2563.3828125,,,,,
4386,3,176.0,0.0,32.0,32.0,0.0217108726501464,41.44392197486013,2660.82958984375,,,,,
4387,3,177.0,0.0,32.0,32.0,0.1871471405029297,44.352131022606045,2696.84033203125,,,,,
4388,3,178.0,0.0,32.0,32.0,0.0346059799194335,48.58825699193403,2852.0673828125,,,,,
4389,3,179.0,0.0,32.0,32.0,0.0276334285736084,39.2741909599863,2477.59716796875,,,,,
4390,3,180.0,0.0,32.0,32.0,0.2008864879608154,40.89238302549347,2574.6875,,,,,
4391,3,181.0,0.0,32.0,32.0,0.3225700855255127,41.50756797753274,2687.3701171875,,,,,
4392,3,182.0,0.0,32.0,32.0,0.0096688270568847,51.15514300996438,2956.64208984375,,,,,
4393,3,183.0,0.0,32.0,32.0,0.2508378028869629,41.68380401097238,2660.82958984375,,,,,
4394,3,184.0,0.0,32.0,32.0,0.4121065139770508,28.417796012945477,2543.56884765625,,,,,
4395,3,185.0,0.0,32.0,32.0,0.1014258861541748,39.12067099008709,2533.17626953125,,,,,
4396,3,186.0,0.0,32.0,32.0,0.3983697891235351,41.70395497931168,2687.3701171875,,,,,
4397,3,187.0,0.0,32.0,32.0,0.0115642547607421,39.163255016319454,2507.1259765625,,,,,
4398,3,188.0,0.0,32.0,32.0,0.1392502784729004,40.59426096500829,2563.3828125,,,,,
4399,3,189.0,0.0,32.0,32.0,0.0445313453674316,44.24099897732958,2696.84033203125,,,,,
4400,3,190.0,0.0,32.0,32.0,0.0128531455993652,39.82345201075077,2477.59716796875,,,,,
4401,3,191.0,0.0,32.0,32.0,0.4673852920532226,39.42184703191742,2498.1083984375,,,,,
4402,3,192.0,0.0,32.0,32.0,0.0923318862915039,41.335531044751406,2574.6875,,,,,
4403,3,193.0,0.0,32.0,32.0,0.0062294006347656,37.78444696217775,2398.12548828125,,,,,
4404,3,194.0,0.0,32.0,32.0,0.0819191932678222,34.43785500712693,2273.755859375,,,,,
4405,3,195.0,0.0,32.0,32.0,0.1832222938537597,40.84328602766618,2687.3701171875,,,,,
4406,3,196.0,0.0,32.0,32.0,0.0704321861267089,45.34734401386231,2761.908203125,,,,,
4407,3,197.0,0.0,32.0,32.0,0.0073804855346679,31.026017968542877,2563.3828125,,,,,
4408,3,198.0,0.0,32.0,32.0,0.06695556640625,38.693587004672736,2377.17919921875,,,,,
4409,3,199.0,0.0,32.0,32.0,0.2269067764282226,37.61951200431213,2315.2705078125,,,,,
4410,3,200.0,0.0,32.0,32.0,0.2348260879516601,40.83416296634823,2574.6875,,,,,
4411,3,201.0,0.0,32.0,32.0,0.021554946899414,39.891053980682045,2507.1259765625,,,,,
4412,3,202.0,0.0,32.0,32.0,0.0417962074279785,41.18012601975352,2574.6875,,,,,
4413,3,203.0,0.0,32.0,32.0,0.1555891036987304,39.64018099941313,2377.17919921875,,,,,
4414,3,204.0,0.0,32.0,32.0,0.2892794609069824,38.93384902039543,2498.1083984375,,,,,
4415,3,205.0,0.0,32.0,32.0,0.4341568946838379,37.73175895912573,2298.90478515625,,,,,
4416,3,206.0,0.0,32.0,32.0,0.0162305831909179,38.536037027370185,2465.03271484375,,,,,
4417,3,207.0,0.0,32.0,32.0,0.025517463684082,49.637298041488975,2914.046875,,,,,
4418,3,208.0,0.0,32.0,32.0,0.0937614440917968,38.56544801965356,2465.03271484375,,,,,
4419,3,209.0,0.0,32.0,32.0,0.3020129203796386,44.79964799247682,2790.72021484375,,,,,
4420,3,210.0,0.0,32.0,32.0,0.0138983726501464,33.69057999225333,2696.84033203125,,,,,
4421,3,211.0,0.0,32.0,32.0,0.2721009254455566,37.44271898176521,2410.10546875,,,,,
4422,3,212.0,0.0,32.0,32.0,0.0073766708374023,45.18197197467089,2790.72021484375,,,,,
4423,3,213.0,0.0,32.0,32.0,0.1014604568481445,45.85106304148212,2790.72021484375,,,,,
4424,3,214.0,0.0,32.0,32.0,0.0104050636291503,37.850966036785394,2398.12548828125,,,,,
4425,3,215.0,0.0,32.0,32.0,0.0527725219726562,38.19747798843309,2477.59716796875,,,,,
4426,3,216.0,0.0,32.0,32.0,0.3799290657043457,54.83271600678563,3087.77978515625,,,,,
4427,3,217.0,0.0,32.0,32.0,0.059640884399414,40.253232000395656,2507.1259765625,,,,,
4428,3,218.0,0.0,32.0,32.0,0.2215642929077148,40.51507503027096,2543.56884765625,,,,,
4429,3,219.0,0.0,32.0,32.0,0.0885605812072753,39.02073495555669,2465.03271484375,,,,,
4430,3,220.0,0.0,32.0,32.0,0.0159130096435546,38.96272595738992,2498.1083984375,,,,,
4431,3,221.0,0.0,32.0,32.0,0.3341817855834961,41.56619304558262,2660.82958984375,,,,,
4432,3,222.0,0.0,32.0,32.0,0.0070056915283203,38.768985017668456,2465.03271484375,,,,,
4433,3,223.0,0.0,32.0,32.0,0.2628316879272461,27.325939969159663,2477.59716796875,,,,,
4434,3,224.0,0.0,32.0,32.0,0.1269769668579101,45.105893979780376,2810.46826171875,,,,,
4435,3,225.0,0.0,32.0,32.0,0.0747065544128418,39.151221979409456,2533.17626953125,,,,,
4436,3,226.0,0.0,32.0,32.0,0.0591106414794921,38.36460196180269,2477.59716796875,,,,,
4437,3,227.0,0.0,32.0,32.0,0.0835213661193847,40.20929400576279,2563.3828125,,,,,
4438,3,228.0,0.0,32.0,32.0,0.0634922981262207,39.94331497233361,2543.56884765625,,,,,
4439,3,229.0,0.0,32.0,32.0,0.0134100914001464,40.65116599667817,2563.3828125,,,,,
4440,3,230.0,0.0,32.0,32.0,0.0785365104675293,39.12173496792093,2533.17626953125,,,,,
4441,3,231.0,0.0,32.0,32.0,0.0087852478027343,43.91368001233786,2690.6982421875,,,,,
4442,3,232.0,0.0,32.0,32.0,0.0180706977844238,40.07173702120781,2498.1083984375,,,,,
4443,3,233.0,0.0,32.0,32.0,0.009230613708496,37.18846500851214,2398.12548828125,,,,,
4444,3,234.0,0.0,32.0,32.0,0.1869094371795654,38.09561696834862,2498.1083984375,,,,,
4445,3,235.0,0.0,32.0,32.0,0.0059027671813964,38.75970200169832,2349.4912109375,,,,,
4446,3,236.0,0.0,32.0,32.0,0.2114567756652832,30.653310008347034,2563.3828125,,,,,
4447,3,237.0,0.0,32.0,32.0,0.0106401443481445,38.17890404025093,2533.17626953125,,,,,
4448,3,238.0,0.0,32.0,32.0,0.1653695106506347,39.21995603013784,2533.17626953125,,,,,
4449,3,239.0,0.0,32.0,32.0,0.2132344245910644,39.24573102267459,2498.1083984375,,,,,
4450,3,240.0,0.0,32.0,32.0,0.1041703224182128,37.35425102058798,2398.12548828125,,,,,
4451,3,241.0,0.0,32.0,32.0,0.0228872299194335,47.2425080370158,2822.1865234375,,,,,
4452,3,242.0,0.0,32.0,32.0,0.2678084373474121,39.51948799658567,2498.1083984375,,,,,
4453,3,243.0,0.0,32.0,32.0,0.01029634475708,44.2396950093098,2696.84033203125,,,,,
4454,3,244.0,0.0,32.0,32.0,0.0060276985168457,40.91470001731068,2533.17626953125,,,,,
4455,3,245.0,0.0,32.0,32.0,0.0048646926879882,38.65624195896089,2410.10546875,,,,,
4456,3,246.0,0.0,32.0,32.0,0.1155233383178711,36.96584899444133,2398.12548828125,,,,,
4457,3,247.0,0.0,32.0,32.0,0.3176155090332031,38.286299968604,2507.1259765625,,,,,
4458,3,248.0,0.0,32.0,32.0,0.021331787109375,37.28778701042757,2398.12548828125,,,,,
4459,3,249.0,0.0,32.0,32.0,0.1836519241333007,28.249764000065625,2498.1083984375,,,,,
4460,3,250.0,0.0,32.0,32.0,0.016794204711914,45.503041008487344,2822.1865234375,,,,,
4461,3,251.0,0.0,32.0,32.0,0.2148699760437011,43.690862017683685,2696.84033203125,,,,,
4462,3,252.0,0.0,32.0,32.0,0.0112009048461914,44.07881898805499,2696.84033203125,,,,,
4463,3,253.0,0.0,32.0,32.0,0.1686673164367675,42.48177399858832,2687.3701171875,,,,,
4464,3,254.0,0.0,32.0,32.0,0.2148656845092773,44.598202977795154,2696.84033203125,,,,,
4465,3,255.0,0.0,32.0,32.0,0.1560182571411132,40.0363210355863,2533.17626953125,,,,,
4466,3,256.0,0.0,32.0,32.0,0.1390037536621093,39.121980022173375,2349.4912109375,,,,,
4467,3,257.0,0.0,32.0,32.0,0.1701679229736328,45.065338956192136,2761.908203125,,,,,
4468,3,258.0,0.0,32.0,32.0,0.0078949928283691,44.38463301630691,2696.84033203125,,,,,
4469,3,259.0,0.0,32.0,32.0,0.12335205078125,39.21399201499298,2477.59716796875,,,,,
4470,3,260.0,0.0,32.0,32.0,0.0719356536865234,40.719008015003055,2655.02490234375,,,,,
4471,3,261.0,0.0,32.0,32.0,0.3712139129638672,34.84909899998456,2761.908203125,,,,,
4472,3,262.0,0.0,32.0,32.0,0.0606145858764648,41.483400971628726,2687.3701171875,,,,,
4473,3,263.0,0.0,32.0,32.0,0.1745123863220214,47.5060690077953,2852.0673828125,,,,,
4474,3,264.0,0.0,32.0,32.0,0.2384757995605468,41.20872396742925,2655.02490234375,,,,,
4475,3,265.0,0.0,32.0,32.0,0.1853532791137695,37.67767199315131,2398.12548828125,,,,,
4476,3,266.0,0.0,32.0,32.0,0.1390385627746582,48.8528729765676,2888.2919921875,,,,,
4477,3,267.0,0.0,32.0,32.0,0.0103387832641601,39.68435002025217,2507.1259765625,,,,,
4478,3,268.0,0.0,32.0,32.0,0.0625758171081543,41.17285797838122,2563.3828125,,,,,
4479,3,269.0,0.0,32.0,32.0,0.0467109680175781,37.98482898855582,2398.12548828125,,,,,
4480,3,270.0,0.0,32.0,32.0,0.0089445114135742,39.2341060214676,2498.1083984375,,,,,
4481,3,271.0,0.0,32.0,32.0,0.0111966133117675,39.12829200271517,2498.1083984375,,,,,
4482,3,272.0,0.0,32.0,32.0,0.0135774612426757,48.614747007377446,2876.80908203125,,,,,
4483,3,273.0,0.0,32.0,32.0,0.1427297592163086,30.95567697891965,2660.82958984375,,,,,
4484,3,274.0,0.0,32.0,32.0,0.2630586624145508,42.60669701034203,2730.66845703125,,,,,
4485,3,275.0,0.0,32.0,32.0,0.0365843772888183,43.866038031410426,2690.6982421875,,,,,
4486,3,276.0,0.0,32.0,32.0,0.1395144462585449,46.52780800824985,2810.46826171875,,,,,
4487,3,277.0,0.0,32.0,32.0,0.0335502624511718,49.20640401542187,2888.2919921875,,,,,
4488,3,278.0,0.0,32.0,32.0,0.1331014633178711,41.17878101533279,2574.6875,,,,,
4489,3,279.0,0.0,32.0,32.0,0.0866899490356445,43.94850099924952,2730.66845703125,,,,,
4490,3,280.0,0.0,32.0,32.0,0.1233019828796386,42.0667469734326,2574.6875,,,,,
4491,3,281.0,0.0,32.0,32.0,0.2710585594177246,34.66137801297009,2273.755859375,,,,,
4492,3,282.0,0.0,32.0,32.0,0.4773554801940918,45.61727296095341,2790.72021484375,,,,,
4493,3,283.0,0.0,32.0,32.0,0.035534381866455,39.65066600358114,2533.17626953125,,,,,
4494,3,284.0,0.0,32.0,32.0,0.1857242584228515,38.32638799212873,2477.59716796875,,,,,
4495,3,285.0,0.0,32.0,32.0,0.1042666435241699,27.178455027751625,2410.10546875,,,,,
4496,3,286.0,0.0,32.0,32.0,0.0515580177307128,39.70143204787746,2574.6875,,,,,
4497,3,287.0,0.0,32.0,32.0,0.241462230682373,38.94667699933052,2533.17626953125,,,,,
4498,3,288.0,0.0,32.0,32.0,0.0217094421386718,41.30522295599803,2660.82958984375,,,,,
4499,3,289.0,0.0,32.0,32.0,0.3895139694213867,43.710668047424406,2690.6982421875,,,,,
4500,3,290.0,0.0,32.0,32.0,0.0515656471252441,39.47262896690518,2410.10546875,,,,,
4501,3,291.0,0.0,32.0,32.0,0.2630681991577148,38.57892198720947,2435.498046875,,,,,
4502,3,292.0,0.0,32.0,32.0,0.0635824203491211,39.271529007237405,2533.17626953125,,,,,
4503,3,293.0,0.0,32.0,32.0,0.12109375,39.23726198263466,2498.1083984375,,,,,
4504,3,294.0,0.0,32.0,32.0,0.0526504516601562,41.583769954741,2660.82958984375,,,,,
4505,3,295.0,0.0,32.0,32.0,0.0126867294311523,38.528935983777046,2410.10546875,,,,,
4506,3,296.0,0.0,32.0,32.0,0.0737819671630859,48.50275994976983,2876.80908203125,,,,,
4507,3,297.0,0.0,32.0,32.0,0.1906380653381347,39.85232301056385,2533.17626953125,,,,,
4508,3,298.0,0.0,32.0,32.0,0.2129087448120117,33.576957997865975,2754.88671875,,,,,
4509,3,299.0,0.0,32.0,32.0,0.0844264030456543,38.16351800924167,2410.10546875,,,,,
4510,3,300.0,0.0,32.0,32.0,0.0533952713012695,36.95257700746879,2298.90478515625,,,,,
4511,3,301.0,0.0,32.0,32.0,0.1276149749755859,38.19925797870383,2498.1083984375,,,,,
4512,3,302.0,0.0,32.0,32.0,0.0442943572998046,43.42530097346753,2730.66845703125,,,,,
4513,3,303.0,0.0,32.0,32.0,0.1508078575134277,39.96042598737404,2356.935546875,,,,,
4514,3,304.0,0.0,32.0,32.0,0.0249741077423095,38.83232898078859,2498.1083984375,,,,,
4515,3,305.0,0.0,32.0,32.0,0.2388648986816406,38.33034000126645,2465.03271484375,,,,,
4516,3,306.0,0.0,32.0,32.0,0.1095728874206543,38.172866974491626,2435.498046875,,,,,
4517,3,307.0,0.0,32.0,32.0,0.0286083221435546,50.35530298482627,2956.64208984375,,,,,
4518,3,308.0,0.0,32.0,32.0,0.19954514503479,38.58185600256547,2435.498046875,,,,,
4519,3,309.0,0.0,32.0,32.0,0.0697722434997558,38.86750101810321,2543.56884765625,,,,,
4520,3,310.0,0.0,32.0,32.0,0.1199369430541992,39.0737290144898,2477.59716796875,,,,,
4521,3,311.0,0.0,32.0,32.0,0.0501604080200195,26.25268598785624,2249.71875,,,,,
4522,3,312.0,0.0,32.0,32.0,0.018367052078247,32.92357100872323,2273.755859375,,,,,
4523,3,313.0,0.0,32.0,32.0,0.2033801078796386,36.52388701448217,2410.10546875,,,,,
4524,3,314.0,0.0,32.0,32.0,0.0900335311889648,40.71790800662711,2655.02490234375,,,,,
4525,3,315.0,0.0,32.0,32.0,0.0517878532409668,44.359706982504576,2754.88671875,,,,,
4526,3,316.0,0.0,32.0,32.0,0.1624355316162109,41.9940419960767,2660.82958984375,,,,,
4527,3,317.0,0.0,32.0,32.0,0.0761041641235351,38.62685099011287,2410.10546875,,,,,
4528,3,318.0,0.0,32.0,32.0,0.149282693862915,40.955842996481806,2655.02490234375,,,,,
4529,3,319.0,0.0,32.0,32.0,0.1865620613098144,46.53659701580182,2810.46826171875,,,,,
4530,3,320.0,0.0,32.0,32.0,0.0232563018798828,42.533539002761245,2655.02490234375,,,,,
4531,3,321.0,0.0,32.0,32.0,0.1401796340942382,41.422506037633866,2574.6875,,,,,
4532,3,322.0,0.0,32.0,32.0,0.121650218963623,39.67743198154494,2377.17919921875,,,,,
4533,3,323.0,0.0,32.0,32.0,0.3035545349121094,37.93457499705255,2410.10546875,,,,,
4534,3,324.0,0.0,32.0,32.0,0.0464019775390625,27.65631600050256,2533.17626953125,,,,,
4535,3,325.0,0.0,32.0,32.0,0.0122239589691162,43.67506701964885,2730.66845703125,,,,,
4536,3,326.0,0.0,32.0,32.0,0.253734827041626,39.40652596065775,2349.4912109375,,,,,
4537,3,327.0,0.0,32.0,32.0,0.0101990699768066,34.468141035176814,2273.755859375,,,,,
4538,3,328.0,0.0,32.0,32.0,0.0400164127349853,44.571901962626725,2810.46826171875,,,,,
4539,3,329.0,0.0,32.0,32.0,0.0207822322845459,45.97898898646236,2810.46826171875,,,,,
4540,3,330.0,0.0,32.0,32.0,0.1979539394378662,41.06746800243855,2563.3828125,,,,,
4541,3,331.0,0.0,32.0,32.0,0.0158677101135253,38.264931994490325,2465.03271484375,,,,,
4542,3,332.0,0.0,32.0,32.0,0.0952277183532714,39.15038501145318,2498.1083984375,,,,,
4543,3,333.0,0.0,32.0,32.0,0.3570442199707031,39.336810004897416,2477.59716796875,,,,,
4544,3,334.0,0.0,32.0,32.0,0.1825296878814697,39.19959900667891,2498.1083984375,,,,,
4545,3,335.0,0.0,32.0,32.0,0.0086617469787597,37.02096204506233,2398.12548828125,,,,,
4546,3,336.0,0.0,32.0,32.0,0.216480016708374,40.85258202394471,2687.3701171875,,,,,
4547,3,337.0,0.0,32.0,32.0,0.2196288108825683,33.76253502210602,2730.66845703125,,,,,
4548,3,338.0,0.0,32.0,32.0,0.0894742012023925,41.62845597602427,2660.82958984375,,,,,
4549,3,339.0,0.0,32.0,32.0,0.0079216957092285,39.00847997283563,2507.1259765625,,,,,
4550,3,340.0,0.0,32.0,32.0,0.0511035919189453,38.020092993974686,2435.498046875,,,,,
4551,3,341.0,0.0,32.0,32.0,0.1742706298828125,43.56214095605537,2696.84033203125,,,,,
4552,3,342.0,0.0,32.0,32.0,0.0849096775054931,42.2603590413928,2660.82958984375,,,,,
4553,3,343.0,0.0,32.0,32.0,0.0176606178283691,38.62028795992956,2410.10546875,,,,,
4554,3,344.0,0.0,32.0,32.0,0.0972523689270019,43.61643502488732,2730.66845703125,,,,,
4555,3,345.0,0.0,32.0,32.0,0.1994647979736328,41.609985986724496,2377.17919921875,,,,,
4556,3,346.0,0.0,32.0,32.0,0.0091166496276855,41.676516993902624,2660.82958984375,,,,,
4557,3,347.0,0.0,32.0,32.0,0.1756527423858642,45.34911800874397,2790.72021484375,,,,,
4558,3,348.0,0.0,32.0,32.0,0.2327187061309814,45.14868400292471,2730.66845703125,,,,,
4559,3,349.0,0.0,32.0,32.0,0.0794830322265625,42.00803895946592,2655.02490234375,,,,,
4560,3,350.0,0.0,32.0,32.0,0.1715674400329589,36.57917102100328,2822.1865234375,,,,,
4561,3,351.0,0.0,32.0,32.0,0.1623406410217285,39.86223001265898,2563.3828125,,,,,
4562,3,352.0,0.0,32.0,32.0,0.0066349506378173,44.24721997929737,2730.66845703125,,,,,
4563,3,353.0,0.0,32.0,32.0,0.0045399665832519,47.599571000318974,2852.0673828125,,,,,
4564,3,354.0,0.0,32.0,32.0,0.0365738868713378,38.68512198096141,2477.59716796875,,,,,
4565,3,355.0,0.0,32.0,32.0,0.0489935874938964,37.07415901590139,2398.12548828125,,,,,
4566,3,356.0,0.0,32.0,32.0,0.0183429718017578,37.02858102042228,2435.498046875,,,,,
4567,3,357.0,0.0,32.0,32.0,0.4029877185821533,44.99904002295807,2810.46826171875,,,,,
4568,3,358.0,0.0,32.0,32.0,0.1024959087371826,44.847529963590205,2696.84033203125,,,,,
4569,3,359.0,0.0,32.0,32.0,0.2863192558288574,39.37150601996109,2465.03271484375,,,,,
4570,3,360.0,0.0,32.0,32.0,0.2985858917236328,38.32522302400321,2465.03271484375,,,,,
4571,3,361.0,0.0,32.0,32.0,0.0040740966796875,37.73568401811645,2410.10546875,,,,,
4572,3,362.0,0.0,32.0,32.0,0.1823005676269531,38.62613398814574,2356.935546875,,,,,
4573,3,363.0,0.0,32.0,32.0,0.0194032192230224,30.23588500218466,2377.17919921875,,,,,
4574,3,364.0,0.0,32.0,32.0,0.1628758907318115,37.31270396383479,2435.498046875,,,,,
4575,3,365.0,0.0,32.0,32.0,0.1747522354125976,44.15186302503571,2730.66845703125,,,,,
4576,3,366.0,0.0,32.0,32.0,0.0650660991668701,41.117267042864114,2563.3828125,,,,,
4577,3,367.0,0.0,32.0,32.0,0.0104146003723144,45.4894489957951,2754.88671875,,,,,
4578,3,368.0,0.0,32.0,32.0,0.006096601486206,48.7734799971804,2876.80908203125,,,,,
4579,3,369.0,0.0,32.0,32.0,0.1550965309143066,41.37868899852037,2655.02490234375,,,,,
4580,3,370.0,0.0,32.0,32.0,0.1350734233856201,39.768862014170736,2507.1259765625,,,,,
4581,3,371.0,0.0,32.0,32.0,0.0627999305725097,39.47641199920327,2498.1083984375,,,,,
4582,3,372.0,0.0,32.0,32.0,0.293271541595459,38.31223398447037,2435.498046875,,,,,
4583,3,373.0,0.0,32.0,32.0,0.0055391788482666,38.39127300307155,2477.59716796875,,,,,
4584,3,374.0,0.0,32.0,32.0,0.0535757541656494,43.34632901009172,2690.6982421875,,,,,
4585,3,375.0,0.0,32.0,32.0,0.1619389057159423,42.85289603285492,2687.3701171875,,,,,
4586,3,376.0,0.0,32.0,32.0,0.190204381942749,28.043490019626915,2498.1083984375,,,,,
4587,3,377.0,0.0,32.0,32.0,0.0994186401367187,42.5953230005689,2690.6982421875,,,,,
4588,3,378.0,0.0,32.0,32.0,0.0423531532287597,38.8857779907994,2498.1083984375,,,,,
4589,3,379.0,0.0,32.0,32.0,0.0575201511383056,38.01573097007349,2465.03271484375,,,,,
4590,3,380.0,0.0,32.0,32.0,0.1954069137573242,40.553369966801256,2655.02490234375,,,,,
4591,3,381.0,0.0,32.0,32.0,0.0418567657470703,40.97354499390349,2574.6875,,,,,
4592,3,382.0,0.0,32.0,32.0,0.1172668933868408,37.75099100312218,2410.10546875,,,,,
4593,3,383.0,0.0,32.0,32.0,0.1786890029907226,38.73622399987653,2507.1259765625,,,,,
4594,3,384.0,0.0,32.0,32.0,0.021881103515625,38.67542999796569,2465.03271484375,,,,,
4595,3,385.0,0.0,32.0,32.0,0.1734600067138672,51.70629697386176,3000.7802734375,,,,,
4596,3,386.0,0.0,32.0,32.0,0.1129419803619384,46.14707099972293,2754.88671875,,,,,
4597,3,387.0,0.0,32.0,32.0,0.1640503406524658,41.04943503625691,2563.3828125,,,,,
4598,3,388.0,0.0,32.0,32.0,0.123021125793457,44.32559502311051,2730.66845703125,,,,,
4599,3,389.0,0.0,32.0,32.0,0.0434236526489257,28.87132402975112,2477.59716796875,,,,,
4600,3,390.0,0.0,32.0,32.0,0.0820693969726562,39.052648993674666,2563.3828125,,,,,
4601,3,391.0,0.0,32.0,32.0,0.1788949966430664,37.524498999118805,2398.12548828125,,,,,
4602,3,392.0,0.0,32.0,32.0,0.093869924545288,44.57597999135032,2761.908203125,,,,,
4603,3,393.0,0.0,32.0,32.0,0.2126808166503906,39.63576402748004,2356.935546875,,,,,
4604,3,394.0,0.0,32.0,32.0,0.1055893898010253,38.50034502102062,2477.59716796875,,,,,
4605,3,395.0,0.0,32.0,32.0,0.0196156501770019,38.371921982616186,2465.03271484375,,,,,
4606,3,396.0,0.0,32.0,32.0,0.1063368320465087,44.00508903199807,2730.66845703125,,,,,
4607,3,397.0,0.0,32.0,32.0,0.0818209648132324,40.636914025526494,2507.1259765625,,,,,
4608,3,398.0,0.0,32.0,32.0,0.2147994041442871,45.40545400232077,2754.88671875,,,,,
4609,3,399.0,0.0,32.0,32.0,0.084484577178955,40.14102596556768,2377.17919921875,,,,,
4610,3,400.0,0.0,32.0,32.0,0.0969519615173339,40.89795600157231,2574.6875,,,,,
4611,3,401.0,0.0,32.0,32.0,0.0862584114074707,37.4914089916274,2410.10546875,,,,,
4612,3,402.0,0.0,32.0,32.0,0.0808546543121337,26.00020403042436,2398.12548828125,,,,,
4613,3,403.0,0.0,32.0,32.0,0.1210851669311523,39.49746600119397,2660.82958984375,,,,,
4614,3,404.0,0.0,32.0,32.0,0.1108884811401367,38.4959329967387,2498.1083984375,,,,,
4615,3,405.0,0.0,32.0,32.0,0.0847713947296142,39.81391398701817,2563.3828125,,,,,
4616,3,406.0,0.0,32.0,32.0,0.0438659191131591,39.54801004147157,2377.17919921875,,,,,
4617,3,407.0,0.0,32.0,32.0,0.2051959037780761,38.69471303187311,2465.03271484375,,,,,
4618,3,408.0,0.0,32.0,32.0,0.0284099578857421,38.14764798153192,2465.03271484375,,,,,
4619,3,409.0,0.0,32.0,32.0,0.0695865154266357,43.58989599859342,2690.6982421875,,,,,
4620,3,410.0,0.0,32.0,32.0,0.0256836414337158,42.11960901739076,2660.82958984375,,,,,
4621,3,411.0,0.0,32.0,32.0,0.0862655639648437,38.96917495876551,2435.498046875,,,,,
4622,3,412.0,0.0,32.0,32.0,0.012460708618164,38.8031390029937,2356.935546875,,,,,
4623,3,413.0,0.0,32.0,32.0,0.0113677978515625,41.56801797216758,2660.82958984375,,,,,
4624,3,414.0,0.0,32.0,32.0,0.005950927734375,39.190843992400914,2533.17626953125,,,,,
4625,3,415.0,0.0,32.0,32.0,0.0323951244354248,29.57533299922943,2349.4912109375,,,,,
4626,3,416.0,0.0,32.0,32.0,0.0339534282684326,46.34726303629577,2852.0673828125,,,,,
4627,3,417.0,0.0,32.0,32.0,0.4681003093719482,40.9347050008364,2563.3828125,,,,,
4628,3,418.0,0.0,32.0,32.0,0.0857188701629638,51.02993798209354,2978.1904296875,,,,,
4629,3,419.0,0.0,32.0,32.0,0.0144550800323486,39.60015898337588,2465.03271484375,,,,,
4630,3,420.0,0.0,32.0,32.0,0.1516139507293701,41.47801198996604,2687.3701171875,,,,,
4631,3,421.0,0.0,32.0,32.0,0.0043845176696777,41.71373101416975,2574.6875,,,,,
4632,3,422.0,0.0,32.0,32.0,0.1162111759185791,47.662858036346734,2852.0673828125,,,,,
4633,3,423.0,0.0,32.0,32.0,0.0521860122680664,50.47049699351192,2914.046875,,,,,
4634,3,424.0,0.0,32.0,32.0,0.1859116554260254,38.774060958530754,2465.03271484375,,,,,
4635,3,425.0,0.0,32.0,32.0,0.0060570240020751,40.596729959361255,2574.6875,,,,,
4636,3,426.0,0.0,32.0,32.0,0.196362018585205,34.43097596755251,2249.71875,,,,,
4637,3,427.0,0.0,32.0,32.0,0.003852367401123,27.469983033370227,2435.498046875,,,,,
4638,3,428.0,0.0,32.0,32.0,0.160501480102539,37.67426701961085,2377.17919921875,,,,,
4639,3,429.0,0.0,32.0,32.0,0.1970164775848388,40.80576897831634,2687.3701171875,,,,,
4640,3,430.0,0.0,32.0,32.0,0.1216301918029785,33.75410300213844,2233.6396484375,,,,,
4641,3,431.0,0.0,32.0,32.0,0.1513411998748779,50.1672420068644,3000.7802734375,,,,,
4642,3,432.0,0.0,32.0,32.0,0.0084221363067626,42.71212499588728,2660.82958984375,,,,,
4643,3,433.0,0.0,32.0,32.0,0.5120747089385986,38.8877930236049,2315.2705078125,,,,,
4644,3,434.0,0.0,32.0,32.0,0.045565128326416,37.82755701104179,2398.12548828125,,,,,
4645,3,435.0,0.0,32.0,32.0,0.0325748920440673,38.199350994545966,2465.03271484375,,,,,
4646,3,436.0,0.0,32.0,32.0,0.0056071281433105,40.65898602129892,2563.3828125,,,,,
4647,3,437.0,0.0,32.0,32.0,0.0058352947235107,41.03732301155105,2563.3828125,,,,,
4648,3,438.0,0.0,32.0,32.0,0.0502066612243652,41.5915849735029,2655.02490234375,,,,,
4649,3,439.0,0.0,32.0,32.0,0.2311456203460693,39.66830298304558,2498.1083984375,,,,,
4650,3,440.0,0.0,32.0,32.0,0.1807169914245605,27.20108797075227,2410.10546875,,,,,
4651,3,441.0,0.0,32.0,32.0,0.0793454647064209,33.099906984716654,2213.51806640625,,,,,
4652,3,442.0,0.0,32.0,32.0,0.0336058139801025,37.87040698807687,2543.56884765625,,,,,
4653,3,443.0,0.0,32.0,32.0,0.0059108734130859,39.25363102462143,2543.56884765625,,,,,
4654,3,444.0,0.0,32.0,32.0,0.2126786708831787,44.37220201361925,2730.66845703125,,,,,
4655,3,445.0,0.0,32.0,32.0,0.0722765922546386,40.44435801915824,2533.17626953125,,,,,
4656,3,446.0,0.0,32.0,32.0,0.0416235923767089,39.89946498768404,2533.17626953125,,,,,
4657,3,447.0,0.0,32.0,32.0,0.1516685485839843,39.040795993059874,2435.498046875,,,,,
4658,3,448.0,0.0,32.0,32.0,0.0072658061981201,43.7817060155794,2730.66845703125,,,,,
4659,3,449.0,0.0,32.0,32.0,0.2790920734405517,41.35406104614958,2563.3828125,,,,,
4660,3,450.0,0.0,32.0,32.0,0.2005894184112548,43.28624898334965,2690.6982421875,,,,,
4661,3,451.0,0.0,32.0,32.0,0.013075828552246,39.2042679595761,2533.17626953125,,,,,
4662,3,452.0,0.0,32.0,32.0,0.1666512489318847,37.1375170070678,2398.12548828125,,,,,
4663,3,453.0,0.0,32.0,32.0,0.0222907066345214,29.74876301595941,2655.02490234375,,,,,
4664,3,454.0,0.0,32.0,32.0,0.0814976692199707,40.775372995994985,2687.3701171875,,,,,
4665,3,455.0,0.0,32.0,32.0,0.0106501579284667,49.131046049296856,2876.80908203125,,,,,
4666,3,456.0,0.0,32.0,32.0,0.0130434036254882,40.03174899844453,2377.17919921875,,,,,
4667,3,457.0,0.0,32.0,32.0,0.0752582550048828,39.26300798775628,2543.56884765625,,,,,
4668,3,458.0,0.0,32.0,32.0,0.126356840133667,38.95141603425145,2498.1083984375,,,,,
4669,3,459.0,0.0,32.0,32.0,0.184293508529663,39.128464995883405,2356.935546875,,,,,
4670,3,460.0,0.0,32.0,32.0,0.0858111381530761,42.57485404377803,2687.3701171875,,,,,
4671,3,461.0,0.0,32.0,32.0,0.0106680393218994,41.580841003451496,2563.3828125,,,,,
4672,3,462.0,0.0,32.0,32.0,0.0928106307983398,42.1870659920387,2660.82958984375,,,,,
4673,3,463.0,0.0,32.0,32.0,0.1495285034179687,39.64684600941837,2543.56884765625,,,,,
4674,3,464.0,0.0,32.0,32.0,0.2204854488372802,39.59401301108301,2377.17919921875,,,,,
4675,3,465.0,0.0,32.0,32.0,0.1133308410644531,40.00177601119504,2563.3828125,,,,,
4676,3,466.0,0.0,32.0,32.0,0.3901658058166504,33.4192420123145,2696.84033203125,,,,,
4677,3,467.0,0.0,32.0,32.0,0.1658449172973632,44.27171702263877,2696.84033203125,,,,,
4678,3,468.0,0.0,32.0,32.0,0.2189254760742187,41.4569050190039,2563.3828125,,,,,
4679,3,469.0,0.0,32.0,32.0,0.1312916278839111,38.35476405220106,2435.498046875,,,,,
4680,3,470.0,0.0,32.0,32.0,0.1088476181030273,45.20017298636958,2790.72021484375,,,,,
4681,3,471.0,0.0,32.0,32.0,0.1609745025634765,41.663232957944274,2660.82958984375,,,,,
4682,3,472.0,0.0,32.0,32.0,0.1690618991851806,43.56805799761787,2730.66845703125,,,,,
4683,3,473.0,0.0,32.0,32.0,0.0176200866699218,39.682876027654856,2477.59716796875,,,,,
4684,3,474.0,0.0,32.0,32.0,0.4004898071289062,38.86582504492253,2410.10546875,,,,,
4685,3,475.0,0.0,32.0,32.0,0.0310640335083007,37.34461701242253,2435.498046875,,,,,
4686,3,476.0,0.0,32.0,32.0,0.223522663116455,43.48525998648256,2754.88671875,,,,,
4687,3,477.0,0.0,32.0,32.0,0.2332262992858886,38.90532796503976,2465.03271484375,,,,,
4688,3,478.0,0.0,32.0,32.0,0.02569580078125,39.56180298700929,2377.17919921875,,,,,
4689,3,479.0,0.0,32.0,32.0,0.2009239196777343,29.211422021035105,2543.56884765625,,,,,
4690,3,480.0,0.0,32.0,32.0,0.233987808227539,38.089676992967725,2507.1259765625,,,,,
4691,3,481.0,0.0,32.0,32.0,0.0548701286315918,43.94545499235392,2730.66845703125,,,,,
4692,3,482.0,0.0,32.0,32.0,0.2672715187072754,47.92602400993928,2852.0673828125,,,,,
4693,3,483.0,0.0,32.0,32.0,0.1151504516601562,39.79470097692683,2533.17626953125,,,,,
4694,3,484.0,0.0,32.0,32.0,0.2040548324584961,42.10346395848319,2687.3701171875,,,,,
4695,3,485.0,0.0,32.0,32.0,0.1466960906982422,38.7358830193989,2410.10546875,,,,,
4696,3,486.0,0.0,32.0,32.0,0.1259188652038574,38.78967498894781,2507.1259765625,,,,,
4697,3,487.0,0.0,32.0,32.0,0.2448296546936035,39.30149303050712,2498.1083984375,,,,,
4698,3,488.0,0.0,32.0,32.0,0.1119256019592285,39.90712499944493,2377.17919921875,,,,,
4699,3,489.0,0.0,32.0,32.0,0.1452465057373047,41.55372898094356,2655.02490234375,,,,,
4700,3,490.0,0.0,32.0,32.0,0.2172756195068359,44.05912302900106,2690.6982421875,,,,,
4701,3,491.0,0.0,32.0,32.0,0.1190638542175293,41.14109301008284,2377.17919921875,,,,,
4702,3,492.0,0.0,32.0,32.0,0.1979889869689941,28.508949966635555,2498.1083984375,,,,,
4703,3,493.0,0.0,32.0,32.0,0.0579471588134765,40.63758300617337,2660.82958984375,,,,,
4704,3,494.0,0.0,32.0,32.0,0.2044658660888672,40.91152898035944,2660.82958984375,,,,,
4705,3,495.0,0.0,32.0,32.0,0.1675939559936523,39.24415004439652,2507.1259765625,,,,,
4706,3,496.0,0.0,32.0,32.0,0.1130599975585937,38.16344199003652,2435.498046875,,,,,
4707,3,497.0,0.0,32.0,32.0,0.3518691062927246,40.60045199003071,2574.6875,,,,,
4708,3,498.0,0.0,32.0,32.0,0.163027286529541,36.92608402343467,2398.12548828125,,,,,
4709,3,499.0,0.0,32.0,32.0,0.3204989433288574,37.54939598729834,2435.498046875,,,,,
4710,3,500.0,0.0,32.0,32.0,0.1410093307495117,39.29461602820084,2533.17626953125,,,,,
4711,3,501.0,0.0,32.0,32.0,0.1474866867065429,39.377609035000205,2498.1083984375,,,,,
4712,3,502.0,0.0,32.0,32.0,0.0255060195922851,38.390716013964266,2410.10546875,,,,,
4713,3,503.0,0.0,32.0,32.0,0.0643024444580078,38.16174797248095,2498.1083984375,,,,,
4714,3,504.0,0.0,32.0,32.0,0.127659797668457,40.7714739558287,2660.82958984375,,,,,
4715,3,505.0,0.0,32.0,32.0,0.2133784294128418,36.72208799980581,2852.0673828125,,,,,
4716,3,506.0,0.0,32.0,32.0,0.1500639915466308,38.92369102686644,2533.17626953125,,,,,
4717,3,507.0,0.0,32.0,32.0,0.0273451805114746,41.19015496689826,2574.6875,,,,,
4718,3,508.0,0.0,32.0,32.0,0.1436367034912109,38.88960200129077,2543.56884765625,,,,,
4719,3,509.0,0.0,32.0,32.0,0.0524220466613769,38.36441895691678,2435.498046875,,,,,
4720,3,510.0,0.0,32.0,32.0,0.0153145790100097,39.57342298235744,2377.17919921875,,,,,
4721,3,511.0,0.0,32.0,32.0,0.0732622146606445,44.54594501294196,2761.908203125,,,,,
4722,3,512.0,0.0,32.0,32.0,0.0405855178833007,49.68869796721265,2876.80908203125,,,,,
4723,3,513.0,0.0,32.0,32.0,0.0129323005676269,40.0826670229435,2498.1083984375,,,,,
4724,3,514.0,0.0,32.0,32.0,0.3383703231811523,40.127339016180485,2507.1259765625,,,,,
4725,3,515.0,0.0,32.0,32.0,0.0168113708496093,38.50111900828779,2410.10546875,,,,,
4726,3,516.0,0.0,32.0,32.0,0.0183639526367187,45.4250939656049,2790.72021484375,,,,,
4727,3,517.0,0.0,32.0,32.0,0.1138463020324707,44.42780400859192,2696.84033203125,,,,,
4728,3,518.0,0.0,32.0,32.0,0.033297061920166,29.71645502839237,2543.56884765625,,,,,
4729,3,519.0,0.0,32.0,32.0,0.0400888919830322,42.50657599186525,2690.6982421875,,,,,
4730,3,520.0,0.0,32.0,32.0,0.2624671459197998,41.88838100526482,2655.02490234375,,,,,
4731,3,521.0,0.0,32.0,32.0,0.0145118236541748,41.38767503900453,2660.82958984375,,,,,
4732,3,522.0,0.0,32.0,32.0,0.0606210231781005,46.74112901557237,2822.1865234375,,,,,
4733,3,523.0,0.0,32.0,32.0,0.1480042934417724,38.87578600551933,2498.1083984375,,,,,
4734,3,524.0,0.0,32.0,32.0,0.2244961261749267,41.14689800189808,2687.3701171875,,,,,
4735,3,525.0,0.0,32.0,32.0,0.0167524814605712,38.3574059815146,2465.03271484375,,,,,
4736,3,526.0,0.0,32.0,32.0,0.4178357124328613,38.13865099800751,2435.498046875,,,,,
4737,3,527.0,0.0,32.0,32.0,0.0791127681732177,40.73230299400166,2574.6875,,,,,
4738,3,528.0,0.0,32.0,32.0,0.0860061645507812,43.45629300223664,2696.84033203125,,,,,
4739,3,529.0,0.0,32.0,32.0,0.0077490806579589,47.56882099900395,2810.46826171875,,,,,
4740,3,530.0,0.0,32.0,32.0,0.0676355361938476,40.34075699746609,2377.17919921875,,,,,
4741,3,531.0,0.0,32.0,32.0,0.0054287910461425,39.67128897784278,3000.7802734375,,,,,
4742,3,532.0,0.0,32.0,32.0,0.1956293582916259,42.51631902297959,2687.3701171875,,,,,
4743,3,533.0,0.0,32.0,32.0,0.2196521759033203,38.57662802329287,2477.59716796875,,,,,
4744,3,534.0,0.0,32.0,32.0,0.2844910621643066,41.20680596679449,2574.6875,,,,,
4745,3,535.0,0.0,32.0,32.0,0.0366835594177246,44.82026305049658,2696.84033203125,,,,,
4746,3,536.0,0.0,32.0,32.0,0.1994593143463134,39.63831102009863,2498.1083984375,,,,,
4747,3,537.0,0.0,32.0,32.0,0.0128839015960693,41.03863501222804,2574.6875,,,,,
4748,3,538.0,0.0,32.0,32.0,0.2462406158447265,33.461979997809976,2233.6396484375,,,,,
4749,3,539.0,0.0,32.0,32.0,0.1207275390625,48.99664397817105,2888.2919921875,,,,,
4750,3,540.0,0.0,32.0,32.0,0.1287400722503662,39.61024800082669,2533.17626953125,,,,,
4751,3,541.0,0.0,32.0,32.0,0.0128638744354248,41.41120100393891,2655.02490234375,,,,,
4752,3,542.0,0.0,32.0,32.0,0.1552972793579101,38.98991004098207,2477.59716796875,,,,,
4753,3,543.0,0.0,32.0,32.0,0.3071343898773193,50.91524601448327,2965.60693359375,,,,,
4754,3,544.0,0.0,32.0,32.0,0.059415578842163,28.944838035386056,2315.2705078125,,,,,
4755,3,545.0,0.0,32.0,32.0,0.1564419269561767,49.32283301604912,3023.82470703125,,,,,
4756,3,546.0,0.0,32.0,32.0,0.0086886882781982,39.94551702635363,2498.1083984375,,,,,
4757,3,547.0,0.0,32.0,32.0,0.0285899639129638,38.09001197805628,2435.498046875,,,,,
4758,3,548.0,0.0,32.0,32.0,0.0065100193023681,38.24175300542265,2498.1083984375,,,,,
4759,3,549.0,0.0,32.0,32.0,0.0935173034667968,42.77080000611022,2690.6982421875,,,,,
4760,3,550.0,0.0,32.0,32.0,0.0352675914764404,49.52011397108436,2876.80908203125,,,,,
4761,3,551.0,0.0,32.0,32.0,0.2297823429107666,41.28402500646189,2574.6875,,,,,
4762,3,552.0,0.0,32.0,32.0,0.1599078178405761,38.97644800599664,2498.1083984375,,,,,
4763,3,553.0,0.0,32.0,32.0,0.2232258319854736,37.89735498139635,2435.498046875,,,,,
4764,3,554.0,0.0,32.0,32.0,0.0805604457855224,41.12229699967429,2660.82958984375,,,,,
4765,3,555.0,0.0,32.0,32.0,0.1533703804016113,38.33821002626792,2435.498046875,,,,,
4766,3,556.0,0.0,32.0,32.0,0.4639873504638672,41.38342599617317,2660.82958984375,,,,,
4767,3,557.0,0.0,32.0,32.0,0.0844571590423584,29.40878295339644,2498.1083984375,,,,,
4768,3,558.0,0.0,32.0,32.0,0.1220588684082031,48.11903100926429,2914.046875,,,,,
4769,3,559.0,0.0,32.0,32.0,0.2206525802612304,39.69723801128566,2533.17626953125,,,,,
4770,3,560.0,0.0,32.0,32.0,0.1478514671325683,44.25925097893924,2730.66845703125,,,,,
4771,3,561.0,0.0,32.0,32.0,0.1864829063415527,39.896224974654615,2533.17626953125,,,,,
4772,3,562.0,0.0,32.0,32.0,0.1195669174194336,39.38243701122701,2507.1259765625,,,,,
4773,3,563.0,0.0,32.0,32.0,0.095613956451416,39.13100401405245,2498.1083984375,,,,,
4774,3,564.0,0.0,32.0,32.0,0.1207044124603271,49.91508100647479,2914.046875,,,,,
4775,3,565.0,0.0,32.0,32.0,0.1661996841430664,39.65234803035855,2465.03271484375,,,,,
4776,3,566.0,0.0,32.0,32.0,0.0747337341308593,46.19710799306631,2810.46826171875,,,,,
4777,3,567.0,0.0,32.0,32.0,0.0720686912536621,44.050618016626686,2696.84033203125,,,,,
4778,3,568.0,0.0,32.0,32.0,0.0308589935302734,41.67853499529883,2574.6875,,,,,
4779,3,569.0,0.0,32.0,32.0,0.1309349536895752,26.449768978636712,2273.755859375,,,,,
4780,3,570.0,0.0,32.0,32.0,0.1771039962768554,37.67908702138811,2563.3828125,,,,,
4781,3,571.0,0.0,32.0,32.0,0.0961561203002929,40.65278801135719,2660.82958984375,,,,,
4782,3,572.0,0.0,32.0,32.0,0.301722764968872,41.06815200066194,2655.02490234375,,,,,
4783,3,573.0,0.0,32.0,32.0,0.2346820831298828,41.34909302229062,2655.02490234375,,,,,
4784,3,574.0,0.0,32.0,32.0,0.0591864585876464,43.78544801147655,2696.84033203125,,,,,
4785,3,575.0,0.0,32.0,32.0,0.0893411636352539,39.78324000490829,2498.1083984375,,,,,
4786,3,576.0,0.0,32.0,32.0,0.0447249412536621,44.29984395392239,2730.66845703125,,,,,
4787,3,577.0,0.0,32.0,32.0,0.0489861965179443,40.03624100005254,2507.1259765625,,,,,
4788,3,578.0,0.0,32.0,32.0,0.0309615135192871,38.90331397997216,2477.59716796875,,,,,
4789,3,579.0,0.0,32.0,32.0,0.0319392681121826,39.71982101211324,2377.17919921875,,,,,
4790,3,580.0,0.0,32.0,32.0,0.0390663146972656,43.60763001022861,2696.84033203125,,,,,
4791,3,581.0,0.0,32.0,32.0,0.216428518295288,38.91518502496183,2465.03271484375,,,,,
4792,3,582.0,0.0,32.0,32.0,0.1845309734344482,29.35111301485449,2498.1083984375,,,,,
4793,3,583.0,0.0,32.0,32.0,0.1883213520050048,35.76364304171875,2398.12548828125,,,,,
4794,3,584.0,0.0,32.0,32.0,0.1287624835968017,40.43680103495717,2687.3701171875,,,,,
4795,3,585.0,0.0,32.0,32.0,0.0282456874847412,41.68953699991107,2660.82958984375,,,,,
4796,3,586.0,0.0,32.0,32.0,0.0706622600555419,42.56066400557757,2687.3701171875,,,,,
4797,3,587.0,0.0,32.0,32.0,0.0104408264160156,46.00224003661424,2761.908203125,,,,,
4798,3,588.0,0.0,32.0,32.0,0.0872943401336669,38.74471900053322,2435.498046875,,,,,
4799,3,589.0,0.0,32.0,32.0,0.0193328857421875,39.381794980727136,2543.56884765625,,,,,
4800,3,590.0,0.0,32.0,32.0,0.1692352294921875,39.14278303273022,2465.03271484375,,,,,
4801,3,591.0,0.0,32.0,32.0,0.0317165851593017,38.8583600288257,2435.498046875,,,,,
4802,3,592.0,0.0,32.0,32.0,0.0773580074310302,47.39531403174624,2852.0673828125,,,,,
4803,3,593.0,0.0,32.0,32.0,0.0481736660003662,38.39603200322017,2435.498046875,,,,,
4804,3,594.0,0.0,32.0,32.0,0.0232057571411132,37.347096018493176,2315.2705078125,,,,,
4805,3,595.0,0.0,32.0,32.0,0.2844016551971435,26.284490013495088,2410.10546875,,,,,
4806,3,596.0,0.0,32.0,32.0,0.1213159561157226,37.30545996222645,2477.59716796875,,,,,
4807,3,597.0,0.0,32.0,32.0,0.0103266239166259,44.323340989649296,2761.908203125,,,,,
4808,3,598.0,0.0,32.0,32.0,0.0303714275360107,43.35857601836324,2690.6982421875,,,,,
4809,3,599.0,0.0,32.0,32.0,0.00663423538208,39.68737099785358,2507.1259765625,,,,,
4810,3,600.0,0.0,32.0,32.0,0.2154059410095214,39.42730196285993,2533.17626953125,,,,,
4811,3,601.0,0.0,32.0,32.0,0.0101270675659179,38.1212470238097,2410.10546875,,,,,
4812,3,602.0,0.0,32.0,32.0,0.270524263381958,39.20708002988249,2377.17919921875,,,,,
4813,3,603.0,0.0,32.0,32.0,0.2499606609344482,41.36207298142836,2660.82958984375,,,,,
4814,3,604.0,0.0,32.0,32.0,0.5000259876251221,39.9272830109112,2349.4912109375,,,,,
4815,3,605.0,0.0,32.0,32.0,0.1584089994430542,43.9120740047656,2696.84033203125,,,,,
4816,3,606.0,0.0,32.0,32.0,0.0084424018859863,40.0916250073351,2498.1083984375,,,,,
4817,3,607.0,0.0,32.0,32.0,0.1345574855804443,39.56008097156882,2533.17626953125,,,,,
4818,3,608.0,0.0,32.0,32.0,0.0054929256439208,34.87582103116438,2790.72021484375,,,,,
4819,3,609.0,0.0,32.0,32.0,0.0044434070587158,37.912931002210826,2465.03271484375,,,,,
4820,3,610.0,0.0,32.0,32.0,0.1364712715148925,41.27193702151999,2574.6875,,,,,
4821,3,611.0,0.0,32.0,32.0,0.2565557956695556,38.36744697764516,2477.59716796875,,,,,
4822,3,612.0,0.0,32.0,32.0,0.2189924716949463,37.55343001103029,2298.90478515625,,,,,
4823,3,613.0,0.0,32.0,32.0,0.1479582786560058,44.26385904662311,2696.84033203125,,,,,
4824,3,614.0,0.0,32.0,32.0,0.138627290725708,40.4699279461056,2543.56884765625,,,,,
4825,3,615.0,0.0,32.0,32.0,0.0889375209808349,41.85859696008265,2660.82958984375,,,,,
4826,3,616.0,0.0,32.0,32.0,0.0054914951324462,39.85818399814889,2533.17626953125,,,,,
4827,3,617.0,0.0,32.0,32.0,0.1072390079498291,40.73918197536841,2563.3828125,,,,,
4828,3,618.0,0.0,32.0,32.0,0.0126538276672363,38.01849897718057,2410.10546875,,,,,
4829,3,619.0,0.0,32.0,32.0,0.2538206577301025,40.2662719716318,2655.02490234375,,,,,
4830,3,620.0,0.0,32.0,32.0,0.4797048568725586,40.030208008829504,2563.3828125,,,,,
4831,3,621.0,0.0,32.0,32.0,0.0129547119140625,31.230616034008563,2660.82958984375,,,,,
4832,3,622.0,0.0,32.0,32.0,0.0715022087097168,42.96345904003829,2730.66845703125,,,,,
4833,3,623.0,0.0,32.0,32.0,0.0211308002471923,49.76784100290388,2876.80908203125,,,,,
4834,3,624.0,0.0,32.0,32.0,0.0172309875488281,50.38415599847213,2965.60693359375,,,,,
4835,3,625.0,0.0,32.0,32.0,0.1218507289886474,38.73140300856903,2410.10546875,,,,,
4836,3,626.0,0.0,32.0,32.0,0.3761231899261474,43.74694399302825,2696.84033203125,,,,,
4837,3,627.0,0.0,32.0,32.0,0.0447640419006347,40.12191400397569,2543.56884765625,,,,,
4838,3,628.0,0.0,32.0,32.0,0.1533167362213134,38.885140034835786,2349.4912109375,,,,,
4839,3,629.0,0.0,32.0,32.0,0.1631348133087158,39.15332403266802,2498.1083984375,,,,,
4840,3,630.0,0.0,32.0,32.0,0.2792983055114746,39.2000509891659,2507.1259765625,,,,,
4841,3,631.0,0.0,32.0,32.0,0.1220510005950927,44.04653201345354,2730.66845703125,,,,,
4842,3,632.0,0.0,32.0,32.0,0.0614180564880371,39.65302399592474,2507.1259765625,,,,,
4843,3,633.0,0.0,32.0,32.0,0.0819416046142578,27.132560033351183,2398.12548828125,,,,,
4844,3,634.0,0.0,32.0,32.0,0.2102072238922119,34.99552299035713,2398.12548828125,,,,,
4845,3,635.0,0.0,32.0,32.0,0.0429916381835937,42.30257798917592,2690.6982421875,,,,,
4846,3,636.0,0.0,32.0,32.0,0.0088090896606445,40.30847398098558,2543.56884765625,,,,,
4847,3,637.0,0.0,32.0,32.0,0.2533168792724609,39.49045605259016,2315.2705078125,,,,,
4848,3,638.0,0.0,32.0,32.0,0.0123498439788818,40.919477003626525,2655.02490234375,,,,,
4849,3,639.0,0.0,32.0,32.0,0.1464693546295166,39.07433000858873,2498.1083984375,,,,,
4850,3,640.0,0.0,32.0,32.0,0.030735969543457,41.24061996117234,2660.82958984375,,,,,
4851,3,641.0,0.0,32.0,32.0,0.0214378833770751,47.74013999849558,2852.0673828125,,,,,
4852,3,642.0,0.0,32.0,32.0,0.2348949909210205,38.19966199807823,2298.90478515625,,,,,
4853,3,643.0,0.0,32.0,32.0,0.0801999568939209,38.54892600793392,2477.59716796875,,,,,
4854,3,644.0,0.0,32.0,32.0,0.5743918418884277,44.09423400647938,2730.66845703125,,,,,
4855,3,645.0,0.0,32.0,32.0,0.2895741462707519,38.43444801168516,2398.12548828125,,,,,
4856,3,646.0,0.0,32.0,32.0,0.1147949695587158,37.03556000255048,2888.2919921875,,,,,
4857,3,647.0,0.0,32.0,32.0,0.3275144100189209,37.014026020187885,2398.12548828125,,,,,
4858,3,648.0,0.0,32.0,32.0,0.0240113735198974,38.0566330277361,2356.935546875,,,,,
4859,3,649.0,0.0,32.0,32.0,0.0198414325714111,37.585430953186005,2465.03271484375,,,,,
4860,3,650.0,0.0,32.0,32.0,0.0163860321044921,48.61958196852356,2888.2919921875,,,,,
4861,3,651.0,0.0,32.0,32.0,0.189863920211792,46.38981894822791,2810.46826171875,,,,,
4862,3,652.0,0.0,32.0,32.0,0.0139195919036865,40.56566895451397,2377.17919921875,,,,,
4863,3,653.0,0.0,32.0,32.0,0.0116302967071533,43.73651999048889,2730.66845703125,,,,,
4864,3,654.0,0.0,32.0,32.0,0.0887544155120849,40.25367496069521,2543.56884765625,,,,,
4865,3,655.0,0.0,32.0,32.0,0.014866828918457,49.67766103800386,2888.2919921875,,,,,
4866,3,656.0,0.0,32.0,32.0,0.1466081142425537,39.41939200740308,2507.1259765625,,,,,
4867,3,657.0,0.0,32.0,32.0,0.2214293479919433,47.40745399612933,2852.0673828125,,,,,
4868,3,658.0,0.0,32.0,32.0,0.0654413700103759,34.3941850005649,2761.908203125,,,,,
4869,3,659.0,0.0,32.0,32.0,0.0141716003417968,44.39354798523709,2761.908203125,,,,,
4870,3,660.0,0.0,32.0,32.0,0.0047264099121093,41.195294994395226,2574.6875,,,,,
4871,3,661.0,0.0,32.0,32.0,0.0038490295410156,43.37987996404991,2730.66845703125,,,,,
4872,3,662.0,0.0,32.0,32.0,0.2138118743896484,45.12524901656434,2761.908203125,,,,,
4873,3,663.0,0.0,32.0,32.0,0.1588852405548095,40.80349899595603,2563.3828125,,,,,
4874,3,664.0,0.0,32.0,32.0,0.0097547769546508,39.52909598592669,2507.1259765625,,,,,
4875,3,665.0,0.0,32.0,32.0,0.0070245265960693,39.24055298557505,2543.56884765625,,,,,
4876,3,666.0,0.0,32.0,32.0,0.0056343078613281,38.66672998992726,2410.10546875,,,,,
4877,3,667.0,0.0,32.0,32.0,0.2672209739685058,43.90316596254706,2696.84033203125,,,,,
4878,3,668.0,0.0,32.0,32.0,0.2282823324203491,48.923314025159925,2822.1865234375,,,,,
4879,3,669.0,0.0,32.0,32.0,0.004817247390747,39.184490975458175,2498.1083984375,,,,,
4880,3,670.0,0.0,32.0,32.0,0.0271570682525634,27.43283601012081,2477.59716796875,,,,,
4881,3,671.0,0.0,32.0,32.0,0.0048756599426269,48.94747998332605,2965.60693359375,,,,,
4882,3,672.0,0.0,32.0,32.0,0.3776421546936035,38.42823999002576,2435.498046875,,,,,
4883,3,673.0,0.0,32.0,32.0,0.0055946111679077,44.5640460238792,2761.908203125,,,,,
4884,3,674.0,0.0,32.0,32.0,0.0065219402313232,39.6836320287548,2507.1259765625,,,,,
4885,3,675.0,0.0,32.0,32.0,0.2298821210861206,47.37059894250706,2822.1865234375,,,,,
4886,3,676.0,0.0,32.0,32.0,0.2143958806991577,39.73349696025252,2543.56884765625,,,,,
4887,3,677.0,0.0,32.0,32.0,0.0023388862609863,45.33662204630673,2790.72021484375,,,,,
4888,3,678.0,0.0,32.0,32.0,0.0059561729431152,38.87756500625983,2410.10546875,,,,,
4889,3,679.0,0.0,32.0,32.0,0.0036160945892333,41.50905797723681,2687.3701171875,,,,,
4890,3,680.0,0.0,32.0,32.0,0.0038380622863769,40.35821696743369,2377.17919921875,,,,,
4891,3,681.0,0.0,32.0,32.0,0.0152738094329833,41.70862800674513,2687.3701171875,,,,,
4892,3,682.0,0.0,32.0,32.0,0.3524956703186035,39.3379739834927,2498.1083984375,,,,,
4893,3,683.0,0.0,32.0,32.0,0.2316067218780517,26.7550180433318,2410.10546875,,,,,
4894,3,684.0,0.0,32.0,32.0,0.2045421600341797,37.45025704847649,2498.1083984375,,,,,
4895,3,685.0,0.0,32.0,32.0,0.1841554641723632,36.79507499327883,2398.12548828125,,,,,
4896,3,686.0,0.0,32.0,32.0,0.099677562713623,36.42840398242697,2398.12548828125,,,,,
4897,3,687.0,0.0,32.0,32.0,0.0067126750946044,46.528242994099855,2852.0673828125,,,,,
4898,3,688.0,0.0,32.0,32.0,0.5039703845977783,44.63629698147997,2696.84033203125,,,,,
4899,3,689.0,0.0,32.0,32.0,0.2218167781829834,41.041912976652384,2563.3828125,,,,,
4900,3,690.0,0.0,32.0,32.0,0.1834211349487304,44.95707101887092,2761.908203125,,,,,
4901,3,691.0,0.0,32.0,32.0,0.1982815265655517,51.90779402619228,2956.64208984375,,,,,
4902,3,692.0,0.0,32.0,32.0,0.2379791736602783,40.55540903937072,2563.3828125,,,,,
4903,3,693.0,0.0,32.0,32.0,0.1085677146911621,33.65631302585825,2233.6396484375,,,,,
4904,3,694.0,0.0,32.0,32.0,0.0337772369384765,38.54923404287547,2543.56884765625,,,,,
4905,3,695.0,0.0,32.0,32.0,0.0708105564117431,38.53065700968728,2465.03271484375,,,,,
4906,3,696.0,0.0,32.0,32.0,0.1834573745727539,38.947051973082125,2914.046875,,,,,
4907,3,697.0,0.0,32.0,32.0,0.007296085357666,43.97401300957426,2761.908203125,,,,,
4908,3,698.0,0.0,32.0,32.0,0.0253758430480957,39.22599402721971,2356.935546875,,,,,
4909,3,699.0,0.0,32.0,32.0,0.006392478942871,38.92359003657475,2507.1259765625,,,,,
4910,3,700.0,0.0,32.0,32.0,0.0110578536987304,44.1216470208019,2730.66845703125,,,,,
4911,3,701.0,0.0,32.0,32.0,0.0117039680480957,45.034663984552026,2690.6982421875,,,,,
4912,3,702.0,0.0,32.0,32.0,0.0113039016723632,38.60184899531305,2410.10546875,,,,,
4913,3,703.0,0.0,32.0,32.0,0.3646411895751953,38.48414000822231,2498.1083984375,,,,,
4914,3,704.0,0.0,32.0,32.0,0.0139436721801757,41.20862000854686,2574.6875,,,,,
4915,3,705.0,0.0,32.0,32.0,0.0934195518493652,44.2939160275273,2696.84033203125,,,,,
4916,3,706.0,0.0,32.0,32.0,0.1563639640808105,51.55135999666527,2978.1904296875,,,,,
4917,3,707.0,0.0,32.0,32.0,0.0938320159912109,45.21634400589392,2730.66845703125,,,,,
4918,3,708.0,0.0,32.0,32.0,0.0085291862487792,29.086460010148585,2543.56884765625,,,,,
4919,3,709.0,0.0,32.0,32.0,0.0135016441345214,39.174970996100456,2563.3828125,,,,,
4920,3,710.0,0.0,32.0,32.0,0.1112842559814453,43.94685797160491,2730.66845703125,,,,,
4921,3,711.0,0.0,32.0,32.0,0.0067081451416015,38.5014420025982,2410.10546875,,,,,
4922,3,712.0,0.0,32.0,32.0,0.0843377113342285,43.65326999686658,2730.66845703125,,,,,
4923,3,713.0,0.0,32.0,32.0,0.0102567672729492,40.26219598017633,2533.17626953125,,,,,
4924,3,714.0,0.0,32.0,32.0,0.00567626953125,41.596187045797706,2574.6875,,,,,
4925,3,715.0,0.0,32.0,32.0,0.0152645111083984,45.06553697865456,2754.88671875,,,,,
4926,3,716.0,0.0,32.0,32.0,0.0164666175842285,42.275329993572086,2687.3701171875,,,,,
4927,3,717.0,0.0,32.0,32.0,0.0064578056335449,44.29757397156209,2690.6982421875,,,,,
4928,3,718.0,0.0,32.0,32.0,0.1815977096557617,46.119665959849954,2790.72021484375,,,,,
4929,3,719.0,0.0,32.0,32.0,0.20451021194458,48.886855016462505,2754.88671875,,,,,
4930,3,720.0,0.0,32.0,32.0,0.2942404747009277,28.57312501873821,2507.1259765625,,,,,
4931,3,721.0,0.0,32.0,32.0,0.0102925300598144,41.73678799998015,2696.84033203125,,,,,
4932,3,722.0,0.0,32.0,32.0,0.280364990234375,39.58016005344689,2356.935546875,,,,,
4933,3,723.0,0.0,32.0,32.0,0.2874221801757812,37.10572700947523,2398.12548828125,,,,,
4934,3,724.0,0.0,32.0,32.0,0.0405211448669433,39.36558199347928,2377.17919921875,,,,,
4935,3,725.0,0.0,32.0,32.0,0.0123429298400878,37.60546399280429,2435.498046875,,,,,
4936,3,726.0,0.0,32.0,32.0,0.322629451751709,39.81838602339849,2563.3828125,,,,,
4937,3,727.0,0.0,32.0,32.0,0.0858349800109863,47.4994009709917,2852.0673828125,,,,,
4938,3,728.0,0.0,32.0,32.0,0.0101337432861328,44.92660699179396,2690.6982421875,,,,,
4939,3,729.0,0.0,32.0,32.0,0.0108289718627929,38.8437089859508,2398.12548828125,,,,,
4940,3,730.0,0.0,32.0,32.0,0.1616311073303222,34.73158203996718,2273.755859375,,,,,
4941,3,731.0,0.0,32.0,32.0,0.1399769783020019,41.22106498107314,2687.3701171875,,,,,
4942,3,732.0,0.0,32.0,32.0,0.0097327232360839,42.33336797915399,2687.3701171875,,,,,
4943,3,733.0,0.0,32.0,32.0,0.4274353981018066,26.83506801258773,2435.498046875,,,,,
4944,3,734.0,0.0,32.0,32.0,0.3234586715698242,37.90732799097896,2543.56884765625,,,,,
4945,3,735.0,0.0,32.0,32.0,0.1262593269348144,41.08530702069402,2655.02490234375,,,,,
4946,3,736.0,0.0,32.0,32.0,0.1786055564880371,40.79673701198772,2655.02490234375,,,,,
4947,3,737.0,0.0,32.0,32.0,0.0173301696777343,38.32999803125858,2465.03271484375,,,,,
4948,3,738.0,0.0,32.0,32.0,0.0827045440673828,34.64985598111525,2273.755859375,,,,,
4949,3,739.0,0.0,32.0,32.0,0.2358655929565429,39.01078196940944,2533.17626953125,,,,,
4950,3,740.0,0.0,32.0,32.0,0.267404556274414,49.78301498340443,2876.80908203125,,,,,
4951,3,741.0,0.0,32.0,32.0,0.1646633148193359,39.84372998820618,2356.935546875,,,,,
4952,3,742.0,0.0,32.0,32.0,0.2763671875,39.51343696098775,2507.1259765625,,,,,
4953,3,743.0,0.0,32.0,32.0,0.1809940338134765,39.19776604743674,2543.56884765625,,,,,
4954,3,744.0,0.0,32.0,32.0,0.0269050598144531,38.56181894661859,2435.498046875,,,,,
4955,3,745.0,0.0,32.0,32.0,0.2267532348632812,38.33677794318646,2477.59716796875,,,,,
4956,3,746.0,0.0,32.0,32.0,0.0326976776123046,30.25352500844747,2377.17919921875,,,,,
4957,3,747.0,0.0,32.0,32.0,0.0588207244873046,37.10878000129014,2477.59716796875,,,,,
4958,3,748.0,0.0,32.0,32.0,0.119781494140625,40.56950198719278,2660.82958984375,,,,,
4959,3,749.0,0.0,32.0,32.0,0.2501754760742187,39.07035401789472,2507.1259765625,,,,,
4960,3,750.0,0.0,32.0,32.0,0.0811328887939453,40.141757985111326,2563.3828125,,,,,
4961,3,751.0,0.0,32.0,32.0,0.0404739379882812,39.807504042983055,2533.17626953125,,,,,
4962,3,752.0,0.0,32.0,32.0,0.0271129608154296,38.98437903262675,2465.03271484375,,,,,
4963,3,753.0,0.0,32.0,32.0,0.0287132263183593,43.46214502584189,2696.84033203125,,,,,
4964,3,754.0,0.0,32.0,32.0,0.1824607849121093,42.42176900152117,2574.6875,,,,,
4965,3,755.0,0.0,32.0,32.0,0.1010551452636718,40.424676961265504,2533.17626953125,,,,,
4966,3,756.0,0.0,32.0,32.0,0.0257453918457031,40.78001796733588,2563.3828125,,,,,
4967,3,757.0,0.0,32.0,32.0,0.0505876541137695,38.570138975046575,2465.03271484375,,,,,
4968,3,758.0,0.0,32.0,32.0,0.1554861068725586,44.04867603443563,2730.66845703125,,,,,
4969,3,759.0,0.0,32.0,32.0,0.1551570892333984,33.17898698151112,2690.6982421875,,,,,
4970,3,760.0,0.0,32.0,32.0,0.2456727027893066,45.43686099350453,2810.46826171875,,,,,
4971,3,761.0,0.0,32.0,32.0,0.1620159149169922,39.500667015090585,2543.56884765625,,,,,
4972,3,762.0,0.0,32.0,32.0,0.0897254943847656,44.49346096953377,2730.66845703125,,,,,
4973,3,763.0,0.0,32.0,32.0,0.015944480895996,40.85707402555272,2377.17919921875,,,,,
4974,3,764.0,0.0,32.0,32.0,0.0099320411682128,38.420964032411575,2477.59716796875,,,,,
4975,3,765.0,0.0,32.0,32.0,0.0089750289916992,48.30852500163019,2876.80908203125,,,,,
4976,3,766.0,0.0,32.0,32.0,0.0104236602783203,43.694901978597045,2690.6982421875,,,,,
4977,3,767.0,0.0,32.0,32.0,0.0852565765380859,39.84913497697562,2477.59716796875,,,,,
4978,3,768.0,0.0,32.0,32.0,0.3873448371887207,39.01897399919108,2477.59716796875,,,,,
4979,3,769.0,0.0,32.0,32.0,0.1329813003540039,40.163538011256605,2563.3828125,,,,,
4980,3,770.0,0.0,32.0,32.0,0.0095047950744628,38.8565449975431,2498.1083984375,,,,,
4981,3,771.0,0.0,32.0,32.0,0.0119695663452148,43.71906199958176,2696.84033203125,,,,,
4982,3,772.0,0.0,32.0,32.0,0.1688947677612304,26.7540339846164,2249.71875,,,,,
4983,3,773.0,0.0,32.0,32.0,0.3803730010986328,44.36046699993312,2822.1865234375,,,,,
4984,3,774.0,0.0,32.0,32.0,0.3492889404296875,40.707704029046,2660.82958984375,,,,,
4985,3,775.0,0.0,32.0,32.0,0.0084648132324218,40.50778999226168,2563.3828125,,,,,
4986,3,776.0,0.0,32.0,32.0,0.0128469467163085,41.58025002107024,2660.82958984375,,,,,
4987,3,777.0,0.0,32.0,32.0,0.3759579658508301,38.78653899300844,2465.03271484375,,,,,
4988,3,778.0,0.0,32.0,32.0,0.1519141197204589,40.94527801498771,2574.6875,,,,,
4989,3,779.0,0.0,32.0,32.0,0.0642342567443847,38.72489195782691,2477.59716796875,,,,,
4990,3,780.0,0.0,32.0,32.0,0.1388254165649414,39.9568320135586,2533.17626953125,,,,,
4991,3,781.0,0.0,32.0,32.0,0.2006020545959472,41.728901967871934,2660.82958984375,,,,,
4992,3,782.0,0.0,32.0,32.0,0.1116523742675781,38.97264698753133,2465.03271484375,,,,,
4993,3,783.0,0.0,32.0,32.0,0.0049331188201904,37.88952995091677,2435.498046875,,,,,
4994,3,784.0,0.0,32.0,32.0,0.0353429317474365,37.86522097652778,2435.498046875,,,,,
4995,3,785.0,0.0,32.0,32.0,0.013805866241455,31.300158996600658,2574.6875,,,,,
4996,3,786.0,0.0,32.0,32.0,0.0714418888092041,36.45988099742681,2435.498046875,,,,,
4997,3,787.0,0.0,32.0,32.0,0.0216245651245117,38.0035659763962,2435.498046875,,,,,
4998,3,788.0,0.0,32.0,32.0,0.0960085391998291,37.41305397124961,2435.498046875,,,,,
4999,3,789.0,0.0,32.0,32.0,0.1417696475982666,37.07261598901823,2298.90478515625,,,,,
5000,3,790.0,0.0,32.0,32.0,0.2045555114746093,44.81495200889185,2810.46826171875,,,,,
5001,3,791.0,0.0,32.0,32.0,0.0311706066131591,46.52995301876217,2790.72021484375,,,,,
5002,3,792.0,0.0,32.0,32.0,0.1015677452087402,40.1958689908497,2533.17626953125,,,,,
5003,3,793.0,0.0,32.0,32.0,0.1043689250946044,39.65809097280726,2543.56884765625,,,,,
5004,3,794.0,0.0,32.0,32.0,0.2642407417297363,42.317218030802906,2655.02490234375,,,,,
5005,3,795.0,0.0,32.0,32.0,0.2541530132293701,41.21211596066132,2655.02490234375,,,,,
5006,3,796.0,0.0,32.0,32.0,0.015939712524414,42.9071809630841,2696.84033203125,,,,,
5007,3,797.0,0.0,32.0,32.0,0.2069857120513916,40.76325101777911,2377.17919921875,,,,,
5008,3,798.0,0.0,32.0,32.0,0.3188586235046386,33.39879401028156,2696.84033203125,,,,,
5009,3,799.0,0.0,32.0,32.0,0.1520991325378418,37.49415598576888,2398.12548828125,,,,,
5010,3,800.0,0.0,32.0,32.0,0.4967415332794189,39.691931975539774,2563.3828125,,,,,
5011,3,801.0,0.0,32.0,32.0,0.1417779922485351,37.58521005511284,2410.10546875,,,,,
5012,3,802.0,0.0,32.0,32.0,0.0329153537750244,43.46079198876396,2730.66845703125,,,,,
5013,3,803.0,0.0,32.0,32.0,0.018533706665039,39.81262096203864,2498.1083984375,,,,,
5014,3,804.0,0.0,32.0,32.0,0.1784214973449707,39.45199295412749,2543.56884765625,,,,,
5015,3,805.0,0.0,32.0,32.0,0.0180823802947998,46.29746498540044,2790.72021484375,,,,,
5016,3,806.0,0.0,32.0,32.0,0.1575684547424316,41.02739301742986,2563.3828125,,,,,
5017,3,807.0,0.0,32.0,32.0,0.1601386070251464,41.62820900091901,2655.02490234375,,,,,
5018,3,808.0,0.0,32.0,32.0,0.0413975715637207,41.41506500309333,2655.02490234375,,,,,
5019,3,809.0,0.0,32.0,32.0,0.3723320960998535,41.5390080306679,2660.82958984375,,,,,
5020,3,810.0,0.0,32.0,32.0,0.0867550373077392,41.46725602913648,2660.82958984375,,,,,
5021,3,811.0,0.0,32.0,32.0,0.0345373153686523,30.477197957225144,2655.02490234375,,,,,
5022,3,812.0,0.0,32.0,32.0,0.0219454765319824,40.12212704401463,2574.6875,,,,,
5023,3,813.0,0.0,32.0,32.0,0.0822620391845703,38.54071802925319,2507.1259765625,,,,,
5024,3,814.0,0.0,32.0,32.0,0.0630056858062744,43.82917296607047,2730.66845703125,,,,,
5025,3,815.0,0.0,32.0,32.0,0.1176557540893554,38.39622199302539,2410.10546875,,,,,
5026,3,816.0,0.0,32.0,32.0,0.0807852745056152,41.25617997488007,2660.82958984375,,,,,
5027,3,817.0,0.0,32.0,32.0,0.0656177997589111,39.3209169851616,2533.17626953125,,,,,
5028,3,818.0,0.0,32.0,32.0,0.1695919036865234,44.50561699923128,2754.88671875,,,,,
5029,3,819.0,0.0,32.0,32.0,0.0179481506347656,48.00651600817218,2822.1865234375,,,,,
5030,3,820.0,0.0,32.0,32.0,0.1174664497375488,40.10347597068176,2507.1259765625,,,,,
5031,3,821.0,0.0,32.0,32.0,0.1687903404235839,48.011111037340015,2822.1865234375,,,,,
5032,3,822.0,0.0,32.0,32.0,0.0167875289916992,41.714130027685314,2655.02490234375,,,,,
5033,3,823.0,0.0,32.0,32.0,0.0209584236145019,38.765797042287886,2356.935546875,,,,,
5034,3,824.0,0.0,32.0,32.0,0.0181388854980468,30.320620047859848,2563.3828125,,,,,
5035,3,825.0,0.0,32.0,32.0,0.006516695022583,42.09224501391873,2690.6982421875,,,,,
5036,3,826.0,0.0,32.0,32.0,0.0701818466186523,39.96955300681293,2498.1083984375,,,,,
5037,3,827.0,0.0,32.0,32.0,0.150564432144165,47.64891503145918,2822.1865234375,,,,,
5038,3,828.0,0.0,32.0,32.0,0.1850292682647705,39.56111404113472,2533.17626953125,,,,,
5039,3,829.0,0.0,32.0,32.0,0.1644597053527832,39.26076099742204,2543.56884765625,,,,,
5040,3,830.0,0.0,32.0,32.0,0.0748627185821533,44.72311702556908,2761.908203125,,,,,
5041,3,831.0,0.0,32.0,32.0,0.0150403976440429,39.97571900254116,2533.17626953125,,,,,
5042,3,832.0,0.0,32.0,32.0,0.1960554122924804,41.07501299586147,2563.3828125,,,,,
5043,3,833.0,0.0,32.0,32.0,0.1870849132537841,40.65263096708805,2563.3828125,,,,,
5044,3,834.0,0.0,32.0,32.0,0.0041980743408203,33.721106010489166,2137.74169921875,,,,,
5045,3,835.0,0.0,32.0,32.0,0.2808160781860351,37.67387400148437,2533.17626953125,,,,,
5046,3,836.0,0.0,32.0,32.0,0.0231451988220214,43.56948495842517,2730.66845703125,,,,,
5047,3,837.0,0.0,32.0,32.0,0.2128944396972656,27.868281991686672,2398.12548828125,,,,,
5048,3,838.0,0.0,32.0,32.0,0.1083219051361084,38.50396000780165,2563.3828125,,,,,
5049,3,839.0,0.0,32.0,32.0,0.0320215225219726,41.24709701864049,2687.3701171875,,,,,
5050,3,840.0,0.0,32.0,32.0,0.0239496231079101,47.59225598536432,2852.0673828125,,,,,
5051,3,841.0,0.0,32.0,32.0,0.058030366897583,50.850850995630026,2956.64208984375,,,,,
5052,3,842.0,0.0,32.0,32.0,0.1277723312377929,44.01950800092891,2690.6982421875,,,,,
5053,3,843.0,0.0,32.0,32.0,0.0096490383148193,42.46144194621593,2655.02490234375,,,,,
5054,3,844.0,0.0,32.0,32.0,0.0120370388031005,42.14914498152211,2660.82958984375,,,,,
5055,3,845.0,0.0,32.0,32.0,0.2508890628814697,41.66683700168505,2660.82958984375,,,,,
5056,3,846.0,0.0,32.0,32.0,0.0355739593505859,39.26490596495569,2533.17626953125,,,,,
5057,3,847.0,0.0,32.0,32.0,0.0416657924652099,41.18036298314109,2660.82958984375,,,,,
5058,3,848.0,0.0,32.0,32.0,0.0094239711761474,38.98254898376763,2498.1083984375,,,,,
5059,3,849.0,0.0,32.0,32.0,0.0080914497375488,41.75066895550117,2687.3701171875,,,,,
5060,3,850.0,0.0,32.0,32.0,0.3339810371398926,29.281427967362102,2507.1259765625,,,,,
5061,3,851.0,0.0,32.0,32.0,0.0159370899200439,37.67989302286878,2498.1083984375,,,,,
5062,3,852.0,0.0,32.0,32.0,0.3393115997314453,39.99042697250843,2563.3828125,,,,,
5063,3,853.0,0.0,32.0,32.0,0.204880952835083,41.53390397550538,2574.6875,,,,,
5064,3,854.0,0.0,32.0,32.0,0.0534970760345459,39.34181202203035,2533.17626953125,,,,,
5065,3,855.0,0.0,32.0,32.0,0.1989126205444336,40.64041998935864,2563.3828125,,,,,
5066,3,856.0,0.0,32.0,32.0,0.1660046577453613,38.90452196355909,2477.59716796875,,,,,
5067,3,857.0,0.0,32.0,32.0,0.3472464084625244,38.29220501938835,2315.2705078125,,,,,
5068,3,858.0,0.0,32.0,32.0,0.004634141921997,44.40985101973638,2754.88671875,,,,,
5069,3,859.0,0.0,32.0,32.0,0.008305549621582,40.249653975479305,2477.59716796875,,,,,
5070,3,860.0,0.0,32.0,32.0,0.0076735019683837,37.92681102640927,2410.10546875,,,,,
5071,3,861.0,0.0,32.0,32.0,0.0622501373291015,38.788731035310775,2507.1259765625,,,,,
5072,3,862.0,0.0,32.0,32.0,0.007373571395874,39.11530098412186,2507.1259765625,,,,,
5073,3,863.0,0.0,32.0,32.0,0.0065224170684814,28.584799962118268,2465.03271484375,,,,,
5074,3,864.0,0.0,32.0,32.0,0.0787556171417236,37.37685101805255,2498.1083984375,,,,,
5075,3,865.0,0.0,32.0,32.0,0.1149213314056396,44.31498603662476,2754.88671875,,,,,
5076,3,866.0,0.0,32.0,32.0,0.3416972160339355,50.07659801049158,2914.046875,,,,,
5077,3,867.0,0.0,32.0,32.0,0.1520466804504394,45.128630998078734,2761.908203125,,,,,
5078,3,868.0,0.0,32.0,32.0,0.0983870029449462,41.86560201924294,2574.6875,,,,,
5079,3,869.0,0.0,32.0,32.0,0.3872232437133789,41.15635098423809,2660.82958984375,,,,,
5080,3,870.0,0.0,32.0,32.0,0.0774872303009033,41.73241596436128,2687.3701171875,,,,,
5081,3,871.0,0.0,32.0,32.0,0.1786298751831054,43.79536700434983,2696.84033203125,,,,,
5082,3,872.0,0.0,32.0,32.0,0.1129779815673828,42.01258800458163,2574.6875,,,,,
5083,3,873.0,0.0,32.0,32.0,0.0127770900726318,43.70302497409284,2696.84033203125,,,,,
5084,3,874.0,0.0,32.0,32.0,0.1131424903869628,39.44810503162444,2465.03271484375,,,,,
5085,3,875.0,0.0,32.0,32.0,0.0709979534149169,28.31792802317068,2543.56884765625,,,,,
5086,3,876.0,0.0,32.0,32.0,0.0103025436401367,38.787298020906746,2533.17626953125,,,,,
5087,3,877.0,0.0,32.0,32.0,0.007448673248291,38.554458995349705,2477.59716796875,,,,,
5088,3,878.0,0.0,32.0,32.0,0.0789752006530761,50.60124403098598,2965.60693359375,,,,,
5089,3,879.0,0.0,32.0,32.0,0.0120396614074707,40.47447600169107,2563.3828125,,,,,
5090,3,880.0,0.0,32.0,32.0,0.0136134624481201,35.11716501088813,2273.755859375,,,,,
5091,3,881.0,0.0,32.0,32.0,0.2730751037597656,40.6960440450348,2660.82958984375,,,,,
5092,3,882.0,0.0,32.0,32.0,0.0913808345794677,40.982160018756986,2574.6875,,,,,
5093,3,883.0,0.0,32.0,32.0,0.0075736045837402,38.10522297862917,2465.03271484375,,,,,
5094,3,884.0,0.0,32.0,32.0,0.1604444980621338,38.181997020728886,2298.90478515625,,,,,
5095,3,885.0,0.0,32.0,32.0,0.0103323459625244,41.086926008574665,2574.6875,,,,,
5096,3,886.0,0.0,32.0,32.0,0.0071649551391601,40.34811398014426,2563.3828125,,,,,
5097,3,887.0,0.0,32.0,32.0,0.3302600383758545,38.69033302180469,2465.03271484375,,,,,
5098,3,888.0,0.0,32.0,32.0,0.0124204158782958,27.800270006991923,2465.03271484375,,,,,
5099,3,889.0,0.0,32.0,32.0,0.2232482433319091,38.46625302685425,2377.17919921875,,,,,
5100,3,890.0,0.0,32.0,32.0,0.0142250061035156,39.2895300174132,2377.17919921875,,,,,
5101,3,891.0,0.0,32.0,32.0,0.1970548629760742,37.5384230283089,2410.10546875,,,,,
5102,3,892.0,0.0,32.0,32.0,0.2858576774597168,48.40929602505639,2876.80908203125,,,,,
5103,3,893.0,0.0,32.0,32.0,0.2841105461120605,39.42838101647794,2356.935546875,,,,,
5104,3,894.0,0.0,32.0,32.0,0.0114831924438476,47.53366997465491,2852.0673828125,,,,,
5105,3,895.0,0.0,32.0,32.0,0.1808300018310547,38.96485496079549,2435.498046875,,,,,
5106,3,896.0,0.0,32.0,32.0,0.0933442115783691,39.255613985005766,2543.56884765625,,,,,
5107,3,897.0,0.0,32.0,32.0,0.5391154289245605,40.32770701451227,2377.17919921875,,,,,
5108,3,898.0,0.0,32.0,32.0,0.0094423294067382,45.38182803662494,2790.72021484375,,,,,
5109,3,899.0,0.0,32.0,32.0,0.0950174331665039,43.75676595373079,2690.6982421875,,,,,
5110,3,900.0,0.0,32.0,32.0,0.083045482635498,44.90902199177072,2696.84033203125,,,,,
5111,3,901.0,0.0,32.0,32.0,0.0107092857360839,35.39675002684817,2761.908203125,,,,,
5112,3,902.0,0.0,32.0,32.0,0.0075821876525878,38.95182302221656,2356.935546875,,,,,
5113,3,903.0,0.0,32.0,32.0,0.2059712409973144,42.52409102628008,2687.3701171875,,,,,
5114,3,904.0,0.0,32.0,32.0,0.0535626411437988,37.14084101375192,2435.498046875,,,,,
5115,3,905.0,0.0,32.0,32.0,0.0402154922485351,40.57824099436402,2655.02490234375,,,,,
5116,3,906.0,0.0,32.0,32.0,0.0509538650512695,37.60494495509192,2298.90478515625,,,,,
5117,3,907.0,0.0,32.0,32.0,0.0122036933898925,37.72897901944816,2465.03271484375,,,,,
5118,3,908.0,0.0,32.0,32.0,0.147064208984375,42.20982996048406,2687.3701171875,,,,,
5119,3,909.0,0.0,32.0,32.0,0.2044897079467773,39.9318840354681,2543.56884765625,,,,,
5120,3,910.0,0.0,32.0,32.0,0.1955518722534179,35.338789981324226,2273.755859375,,,,,
5121,3,911.0,0.0,32.0,32.0,0.1761960983276367,40.8304610173218,2655.02490234375,,,,,
5122,3,912.0,0.0,32.0,32.0,0.1109528541564941,39.052301028277725,2507.1259765625,,,,,
5123,3,913.0,0.0,32.0,32.0,0.2702937126159668,41.219953971449286,2660.82958984375,,,,,
5124,3,914.0,0.0,32.0,32.0,0.2833724021911621,31.00819501560181,2655.02490234375,,,,,
5125,3,915.0,0.0,32.0,32.0,0.1831698417663574,37.27439895737916,2477.59716796875,,,,,
5126,3,916.0,0.0,32.0,32.0,0.0164046287536621,45.12318002525717,2790.72021484375,,,,,
5127,3,917.0,0.0,32.0,32.0,0.5465078353881836,41.70525498921052,2574.6875,,,,,
5128,3,918.0,0.0,32.0,32.0,0.3149781227111816,37.63096098555252,2398.12548828125,,,,,
5129,3,919.0,0.0,32.0,32.0,0.034153938293457,37.54899301566184,2435.498046875,,,,,
5130,3,920.0,0.0,32.0,32.0,0.1519908905029297,43.5107930097729,2696.84033203125,,,,,
5131,3,921.0,0.0,32.0,32.0,0.126260757446289,46.49881494697184,2810.46826171875,,,,,
5132,3,922.0,0.0,32.0,32.0,0.0459060668945312,44.43770198849961,2730.66845703125,,,,,
5133,3,923.0,0.0,32.0,32.0,0.1797361373901367,51.90565198427066,2946.62548828125,,,,,
5134,3,924.0,0.0,32.0,32.0,0.1265373229980468,38.729332969523966,2435.498046875,,,,,
5135,3,925.0,0.0,32.0,32.0,0.2261486053466797,39.29735597921536,2377.17919921875,,,,,
5136,3,926.0,0.0,32.0,32.0,0.0468273162841796,38.16134697990492,2315.2705078125,,,,,
5137,3,927.0,0.0,32.0,32.0,0.0223941802978515,26.464223046787083,2410.10546875,,,,,
5138,3,928.0,0.0,32.0,32.0,0.047133445739746,43.50499500287697,2790.72021484375,,,,,
5139,3,929.0,0.0,32.0,32.0,0.1240463256835937,39.36126799089834,2533.17626953125,,,,,
5140,3,930.0,0.0,32.0,32.0,0.2458229064941406,40.38999002659693,2563.3828125,,,,,
5141,3,931.0,0.0,32.0,32.0,0.1217374801635742,55.00662105623633,3056.90625,,,,,
5142,3,932.0,0.0,32.0,32.0,0.0329828262329101,41.94200201891363,2574.6875,,,,,
5143,3,933.0,0.0,32.0,32.0,0.1347789764404297,32.71615598350763,2101.271484375,,,,,
5144,3,934.0,0.0,32.0,32.0,0.1294126510620117,39.84682803275064,2574.6875,,,,,
5145,3,935.0,0.0,32.0,32.0,0.166386604309082,40.46666499925777,2507.1259765625,,,,,
5146,3,936.0,0.0,32.0,32.0,0.1910200119018554,37.36364998621866,2398.12548828125,,,,,
5147,3,937.0,0.0,32.0,32.0,0.2214651107788086,40.7877559773624,2655.02490234375,,,,,
5148,3,938.0,0.0,32.0,32.0,0.148599624633789,41.39795602532104,2660.82958984375,,,,,
5149,3,939.0,0.0,32.0,32.0,0.0393104553222656,40.59159196913242,2563.3828125,,,,,
5150,3,940.0,0.0,32.0,32.0,0.0265913009643554,29.397192993201315,2377.17919921875,,,,,
5151,3,941.0,0.0,32.0,32.0,0.055455207824707,39.42428197478876,2655.02490234375,,,,,
5152,3,942.0,0.0,32.0,32.0,0.1124391555786132,48.25406597228721,2876.80908203125,,,,,
5153,3,943.0,0.0,32.0,32.0,0.0308609008789062,50.54610699880868,2965.60693359375,,,,,
5154,3,944.0,0.0,32.0,32.0,0.0642242431640625,38.50561298895627,2410.10546875,,,,,
5155,3,945.0,0.0,32.0,32.0,0.2869539260864258,41.371174971573055,2687.3701171875,,,,,
5156,3,946.0,0.0,32.0,32.0,0.0236997604370117,39.4961159909144,2498.1083984375,,,,,
5157,3,947.0,0.0,32.0,32.0,0.0134944915771484,39.27010000916198,2507.1259765625,,,,,
5158,3,948.0,0.0,32.0,32.0,0.2778263092041015,38.44362800009549,2410.10546875,,,,,
5159,3,949.0,0.0,32.0,32.0,0.1506910324096679,40.76710599474609,2574.6875,,,,,
5160,3,950.0,0.0,32.0,32.0,0.0277280807495117,50.72891403688118,2978.1904296875,,,,,
5161,3,951.0,0.0,32.0,32.0,0.3189959526062011,41.78076202515513,2574.6875,,,,,
5162,3,952.0,0.0,32.0,32.0,0.2510337829589844,29.792278946843,2655.02490234375,,,,,
5163,3,953.0,0.0,32.0,32.0,0.0096244812011718,40.65620701294392,2660.82958984375,,,,,
5164,3,954.0,0.0,32.0,32.0,0.1520261764526367,38.69138198206201,2315.2705078125,,,,,
5165,3,955.0,0.0,32.0,32.0,0.0126409530639648,37.21780801424757,2298.90478515625,,,,,
5166,3,956.0,0.0,32.0,32.0,0.0612540245056152,38.88218599604443,2533.17626953125,,,,,
5167,3,957.0,0.0,32.0,32.0,0.0103611946105957,37.88424900267273,2398.12548828125,,,,,
5168,3,958.0,0.0,32.0,32.0,0.1215815544128418,39.34279800159857,2377.17919921875,,,,,
5169,3,959.0,0.0,32.0,32.0,0.2067227363586425,44.635772006586194,2754.88671875,,,,,
5170,3,960.0,0.0,32.0,32.0,0.0200915336608886,38.213775027543306,2410.10546875,,,,,
5171,3,961.0,0.0,32.0,32.0,0.0575819015502929,45.17477797344327,2754.88671875,,,,,
5172,3,962.0,0.0,32.0,32.0,0.2552251815795898,39.93046301184222,2477.59716796875,,,,,
5173,3,963.0,0.0,32.0,32.0,0.0870065689086914,38.62017800565809,2543.56884765625,,,,,
5174,3,964.0,0.0,32.0,32.0,0.2525372505187988,40.34982598386705,2563.3828125,,,,,
5175,3,965.0,0.0,32.0,32.0,0.1086931228637695,29.21056596096605,2543.56884765625,,,,,
5176,3,966.0,0.0,32.0,32.0,0.0235452651977539,42.892622994259,2696.84033203125,,,,,
5177,3,967.0,0.0,32.0,32.0,0.0108642578125,40.91154696652666,2563.3828125,,,,,
5178,3,968.0,0.0,32.0,32.0,0.106417179107666,48.58352098381147,2888.2919921875,,,,,
5179,3,969.0,0.0,32.0,32.0,0.0527424812316894,41.3089040084742,2660.82958984375,,,,,
5180,3,970.0,0.0,32.0,32.0,0.0393805503845214,46.449814981315285,2810.46826171875,,,,,
5181,3,971.0,0.0,32.0,32.0,0.2184696197509765,44.44132698699832,2730.66845703125,,,,,
5182,3,972.0,0.0,32.0,32.0,0.0097889900207519,38.70638902299106,2477.59716796875,,,,,
5183,3,973.0,0.0,32.0,32.0,0.0155258178710937,38.45674404874444,2410.10546875,,,,,
5184,3,974.0,0.0,32.0,32.0,0.0687789916992187,40.06949299946427,2563.3828125,,,,,
5185,3,975.0,0.0,32.0,32.0,0.0092310905456542,38.57098100706935,2477.59716796875,,,,,
5186,3,976.0,0.0,32.0,32.0,0.0532484054565429,43.64752204855904,2690.6982421875,,,,,
5187,3,977.0,0.0,32.0,32.0,0.053955078125,40.76699900906533,2563.3828125,,,,,
5188,3,978.0,0.0,32.0,32.0,0.0113592147827148,27.17095398111269,2398.12548828125,,,,,
5189,3,979.0,0.0,32.0,32.0,0.3225154876708984,36.38349997345358,2477.59716796875,,,,,
5190,3,980.0,0.0,32.0,32.0,0.1256465911865234,38.663877989165485,2507.1259765625,,,,,
5191,3,981.0,0.0,32.0,32.0,0.1430487632751464,41.689270990900695,2687.3701171875,,,,,
5192,3,982.0,0.0,32.0,32.0,0.1485176086425781,43.80734404549003,2690.6982421875,,,,,
5193,3,983.0,0.0,32.0,32.0,0.0868659019470214,42.19250695314258,2574.6875,,,,,
5194,3,984.0,0.0,32.0,32.0,0.2109994888305664,39.342696021776646,2498.1083984375,,,,,
5195,3,985.0,0.0,32.0,32.0,0.1045808792114257,39.45099201519042,2543.56884765625,,,,,
5196,3,986.0,0.0,32.0,32.0,0.0112137794494628,40.036471968051046,2507.1259765625,,,,,
5197,3,987.0,0.0,32.0,32.0,0.1349568367004394,37.73868799908087,2398.12548828125,,,,,
5198,3,988.0,0.0,32.0,32.0,0.2056119441986084,37.51419502077624,2410.10546875,,,,,
5199,3,989.0,0.0,32.0,32.0,0.1182618141174316,43.788057984784245,2730.66845703125,,,,,
5200,3,990.0,0.0,32.0,32.0,0.1428394317626953,40.94092396553606,2563.3828125,,,,,
5201,3,991.0,0.0,32.0,32.0,0.0292396545410156,26.31787001155317,2410.10546875,,,,,
5202,3,992.0,0.0,32.0,32.0,0.0360355377197265,34.08945701085031,2273.755859375,,,,,
5203,3,993.0,0.0,32.0,32.0,0.0273146629333496,37.27943997364491,2465.03271484375,,,,,
5204,3,994.0,0.0,32.0,32.0,0.0227437019348144,40.10734503390268,2563.3828125,,,,,
5205,3,995.0,0.0,32.0,32.0,0.1502013206481933,40.24100402602926,2563.3828125,,,,,
5206,3,996.0,0.0,32.0,32.0,0.1107397079467773,50.60687102377415,2956.64208984375,,,,,
5207,3,997.0,0.0,32.0,32.0,0.1836881637573242,40.15770100522786,2377.17919921875,,,,,
5208,3,998.0,0.0,32.0,32.0,0.1507916450500488,37.82552003394812,2435.498046875,,,,,
5209,3,999.0,0.0,32.0,32.0,0.1992592811584472,37.818440003320575,2465.03271484375,,,,,
5210,3,1000.0,0.0,32.0,32.0,0.1159877777099609,47.99850395647809,2852.0673828125,,,,,
5211,3,1001.0,0.0,32.0,32.0,0.0926017761230468,44.65500602964312,2696.84033203125,,,,,
5212,3,1002.0,0.0,32.0,32.0,0.3497092723846435,39.94109999621287,2349.4912109375,,,,,
5213,3,1003.0,0.0,32.0,32.0,0.0791845321655273,38.22977299569175,2435.498046875,,,,,
5214,3,1004.0,0.0,32.0,32.0,0.1341109275817871,28.44504098175093,2533.17626953125,,,,,
5215,3,1005.0,0.0,32.0,32.0,0.0150489807128906,43.80689701065421,2761.908203125,,,,,
5216,3,1006.0,0.0,32.0,32.0,0.1323347091674804,43.13557897694409,2696.84033203125,,,,,
5217,3,1007.0,0.0,32.0,32.0,0.1903772354125976,39.51269999379292,2533.17626953125,,,,,
5218,3,1008.0,0.0,32.0,32.0,0.1239838600158691,37.95922099379823,2398.12548828125,,,,,
5219,3,1009.0,0.0,32.0,32.0,0.2944860458374023,47.03648801660165,2852.0673828125,,,,,
5220,3,1010.0,0.0,32.0,32.0,0.097665786743164,41.345475998241454,2563.3828125,,,,,
5221,3,1011.0,0.0,32.0,32.0,0.1543569564819336,39.27795798517764,2356.935546875,,,,,
5222,3,1012.0,0.0,32.0,32.0,0.1169514656066894,39.05883699189872,2477.59716796875,,,,,
5223,3,1013.0,0.0,32.0,32.0,0.1047286987304687,39.37725198920816,2498.1083984375,,,,,
5224,3,1014.0,0.0,32.0,32.0,0.0194954872131347,39.87218398833648,2377.17919921875,,,,,
5225,3,1015.0,0.0,32.0,32.0,0.0754275321960449,43.287064996548,2690.6982421875,,,,,
5226,3,1016.0,0.0,32.0,32.0,0.1058607101440429,39.55978795420378,2498.1083984375,,,,,
5227,3,1017.0,0.0,32.0,32.0,0.3005938529968261,27.252475963905454,2410.10546875,,,,,
5228,3,1018.0,0.0,32.0,32.0,0.0905933380126953,43.13200298929587,2790.72021484375,,,,,
5229,3,1019.0,0.0,32.0,32.0,0.0778870582580566,49.72657701000571,2914.046875,,,,,
5230,3,1020.0,0.0,32.0,32.0,0.1153430938720703,41.84478905517608,2660.82958984375,,,,,
5231,3,1021.0,0.0,32.0,32.0,0.026458740234375,42.076612007804215,2687.3701171875,,,,,
5232,3,1022.0,0.0,32.0,32.0,0.2395567893981933,39.33333803433925,2356.935546875,,,,,
5233,3,1023.0,0.0,32.0,32.0,0.0737948417663574,38.879046973306686,2356.935546875,,,,,
5234,3,1024.0,0.0,32.0,32.0,0.1261820793151855,49.178580986335874,2876.80908203125,,,,,
5235,3,1025.0,0.0,32.0,32.0,0.0215044021606445,38.95155497593805,2435.498046875,,,,,
5236,3,1026.0,0.0,32.0,32.0,0.1602754592895507,37.63197502121329,2410.10546875,,,,,
5237,3,1027.0,0.0,32.0,32.0,0.2140002250671386,40.32016196288168,2574.6875,,,,,
5238,3,1028.0,0.0,32.0,32.0,0.1052966117858886,38.99609000654891,2543.56884765625,,,,,
5239,3,1029.0,0.0,32.0,32.0,0.2294716835021972,38.426769024226815,2465.03271484375,,,,,
5240,3,1030.0,0.0,32.0,32.0,0.0973899364471435,34.1798149747774,2754.88671875,,,,,
5241,3,1031.0,0.0,32.0,32.0,0.1096725463867187,47.50194400548935,2852.0673828125,,,,,
5242,3,1032.0,0.0,32.0,32.0,0.149186372756958,39.21155200805515,2498.1083984375,,,,,
5243,3,1033.0,0.0,32.0,32.0,0.0806679725646972,38.58770499937236,2498.1083984375,,,,,
5244,3,1034.0,0.0,32.0,32.0,0.3994204998016357,41.734758007805794,2687.3701171875,,,,,
5245,3,1035.0,0.0,32.0,32.0,0.0634245872497558,45.3867350006476,2761.908203125,,,,,
5246,3,1036.0,0.0,32.0,32.0,0.2494804859161377,44.61034398991615,2696.84033203125,,,,,
5247,3,1037.0,0.0,32.0,32.0,0.012359619140625,43.21111104218289,2655.02490234375,,,,,
5248,3,1038.0,0.0,32.0,32.0,0.1570816040039062,50.80311401979998,2914.046875,,,,,
5249,3,1039.0,0.0,32.0,32.0,0.0617923736572265,38.7073690071702,2477.59716796875,,,,,
5250,3,1040.0,0.0,32.0,32.0,0.1025595664978027,37.84661600366235,2477.59716796875,,,,,
5251,3,1041.0,0.0,32.0,32.0,0.0305869579315185,44.06938300235197,2754.88671875,,,,,
5252,3,1042.0,0.0,32.0,32.0,0.2147879600524902,28.877738979645077,2533.17626953125,,,,,
5253,3,1043.0,0.0,32.0,32.0,0.0379731655120849,38.41820202069357,2477.59716796875,,,,,
5254,3,1044.0,0.0,32.0,32.0,0.0455517768859863,39.70946703338996,2563.3828125,,,,,
5255,3,1045.0,0.0,32.0,32.0,0.0157256126403808,43.790545023512095,2696.84033203125,,,,,
5256,3,1046.0,0.0,32.0,32.0,0.0191366672515869,39.76015100488439,2498.1083984375,,,,,
5257,3,1047.0,0.0,32.0,32.0,0.0177273750305175,41.130077035631984,2655.02490234375,,,,,
5258,3,1048.0,0.0,32.0,32.0,0.0613439083099365,37.761528976261616,2410.10546875,,,,,
5259,3,1049.0,0.0,32.0,32.0,0.1854619979858398,43.77490404294804,2761.908203125,,,,,
5260,3,1050.0,0.0,32.0,32.0,0.1154086589813232,47.67131200060248,2852.0673828125,,,,,
5261,3,1051.0,0.0,32.0,32.0,0.0043904781341552,40.33961798995733,2543.56884765625,,,,,
5262,3,1052.0,0.0,32.0,32.0,0.0105917453765869,40.88413703721017,2563.3828125,,,,,
5263,3,1053.0,0.0,32.0,32.0,0.0076284408569335,39.54491001786664,2507.1259765625,,,,,
5264,3,1054.0,0.0,32.0,32.0,0.255948543548584,38.52198703680188,2435.498046875,,,,,
5265,3,1055.0,0.0,32.0,32.0,0.0113077163696289,27.38729602424428,2498.1083984375,,,,,
5266,3,1056.0,0.0,32.0,32.0,0.0039758682250976,49.108117003925145,2956.64208984375,,,,,
5267,3,1057.0,0.0,32.0,32.0,0.2031545639038086,41.859029966872185,2687.3701171875,,,,,
5268,3,1058.0,0.0,32.0,32.0,0.1840558052062988,39.58461800357327,2543.56884765625,,,,,
5269,3,1059.0,0.0,32.0,32.0,0.0043089389801025,39.6451530396007,2543.56884765625,,,,,
5270,3,1060.0,0.0,32.0,32.0,0.303232192993164,39.26397202303633,2477.59716796875,,,,,
5271,3,1061.0,0.0,32.0,32.0,0.2300081253051757,38.55819901218638,2465.03271484375,,,,,
5272,3,1062.0,0.0,32.0,32.0,0.0086078643798828,43.12919301446527,2690.6982421875,,,,,
5273,3,1063.0,0.0,32.0,32.0,0.1606245040893554,34.886526002082974,2213.51806640625,,,,,
5274,3,1064.0,0.0,32.0,32.0,0.1541821956634521,38.572790974285454,2498.1083984375,,,,,
5275,3,1065.0,0.0,32.0,32.0,0.1253211498260498,44.931352022103965,2790.72021484375,,,,,
5276,3,1066.0,0.0,32.0,32.0,0.1408753395080566,45.04750302294269,2696.84033203125,,,,,
5277,3,1067.0,0.0,32.0,32.0,0.2144746780395507,46.68502201093361,2790.72021484375,,,,,
5278,3,1068.0,0.0,32.0,32.0,0.3277997970581054,29.16503796586767,2543.56884765625,,,,,
5279,3,1069.0,0.0,32.0,32.0,0.0747179985046386,39.12663401570171,2563.3828125,,,,,
5280,3,1070.0,0.0,32.0,32.0,0.0339055061340332,38.72352698817849,2498.1083984375,,,,,
5281,3,1071.0,0.0,32.0,32.0,0.1419792175292968,38.15530700376257,2498.1083984375,,,,,
5282,3,1072.0,0.0,32.0,32.0,0.0092840194702148,38.20832999190316,2349.4912109375,,,,,
5283,3,1073.0,0.0,32.0,32.0,0.1093053817749023,40.29457998694852,2655.02490234375,,,,,
5284,3,1074.0,0.0,32.0,32.0,0.1563820838928222,39.738902007229626,2507.1259765625,,,,,
5285,3,1075.0,0.0,32.0,32.0,0.0151596069335937,47.48788999859244,2852.0673828125,,,,,
5286,3,1076.0,0.0,32.0,32.0,0.0594396591186523,42.43140900507569,2574.6875,,,,,
5287,3,1077.0,0.0,32.0,32.0,0.1614990234375,39.22694799257442,2477.59716796875,,,,,
5288,3,1078.0,0.0,32.0,32.0,0.4476776123046875,45.411677041556686,2754.88671875,,,,,
5289,3,1079.0,0.0,32.0,32.0,0.1646590232849121,38.10013795737177,2410.10546875,,,,,
5290,3,1080.0,0.0,32.0,32.0,0.1553983688354492,37.48712799279019,2435.498046875,,,,,
5291,3,1081.0,0.0,32.0,32.0,0.0289287567138671,26.65419498225674,2477.59716796875,,,,,
5292,3,1082.0,0.0,32.0,32.0,0.1141929626464843,38.059660990256816,2498.1083984375,,,,,
5293,3,1083.0,0.0,32.0,32.0,0.0143394470214843,38.666590000502765,2356.935546875,,,,,
5294,3,1084.0,0.0,32.0,32.0,0.1269369125366211,41.17286001564935,2660.82958984375,,,,,
5295,3,1085.0,0.0,32.0,32.0,0.1056890487670898,39.78495800402016,2543.56884765625,,,,,
5296,3,1086.0,0.0,32.0,32.0,0.0307426452636718,40.26033397531137,2563.3828125,,,,,
5297,3,1087.0,0.0,32.0,32.0,0.0387992858886718,39.241498976480216,2543.56884765625,,,,,
5298,3,1088.0,0.0,32.0,32.0,0.3762731552124023,49.5208139764145,2876.80908203125,,,,,
5299,3,1089.0,0.0,32.0,32.0,0.1233978271484375,39.788490044884384,2533.17626953125,,,,,
5300,3,1090.0,0.0,32.0,32.0,0.0297393798828125,42.61085600592196,2660.82958984375,,,,,
5301,3,1091.0,0.0,32.0,32.0,0.1805295944213867,39.41486403346062,2477.59716796875,,,,,
5302,3,1092.0,0.0,32.0,32.0,0.0999379158020019,37.2147029847838,2398.12548828125,,,,,
5303,3,1093.0,0.0,32.0,32.0,0.3231821060180664,37.83696697792038,2465.03271484375,,,,,
5304,3,1094.0,0.0,32.0,32.0,0.0805234909057617,31.834964000154287,2690.6982421875,,,,,
5305,3,1095.0,0.0,32.0,32.0,0.0151729583740234,38.1624239962548,2465.03271484375,,,,,
5306,3,1096.0,0.0,32.0,32.0,0.1245737075805664,40.67166999448091,2574.6875,,,,,
5307,3,1097.0,0.0,32.0,32.0,0.1947517395019531,44.73844403401017,2810.46826171875,,,,,
5308,3,1098.0,0.0,32.0,32.0,0.2923259735107422,38.248797005508095,2398.12548828125,,,,,
5309,3,1099.0,0.0,32.0,32.0,0.1202039718627929,37.66989300493151,2465.03271484375,,,,,
5310,3,1100.0,0.0,32.0,32.0,0.0336933135986328,39.17372098658234,2533.17626953125,,,,,
5311,3,1101.0,0.0,32.0,32.0,0.1164617538452148,41.366912017110735,2655.02490234375,,,,,
5312,3,1102.0,0.0,32.0,32.0,0.7084455490112305,43.76807803055272,2690.6982421875,,,,,
5313,3,1103.0,0.0,32.0,32.0,0.1948709487915039,44.92138896603137,2690.6982421875,,,,,
5314,3,1104.0,0.0,32.0,32.0,0.1972017288208007,51.08978901989758,2946.62548828125,,,,,
5315,3,1105.0,0.0,32.0,32.0,0.0563182830810546,39.03933102265,2498.1083984375,,,,,
5316,3,1106.0,0.0,32.0,32.0,0.0617570877075195,41.4706320152618,2687.3701171875,,,,,
5317,3,1107.0,0.0,32.0,32.0,0.0678977966308593,30.45928495703265,2563.3828125,,,,,
5318,3,1108.0,0.0,32.0,32.0,0.3449993133544922,38.553512014914304,2377.17919921875,,,,,
5319,3,1109.0,0.0,32.0,32.0,0.2349195480346679,36.49155504535884,2398.12548828125,,,,,
5320,3,1110.0,0.0,32.0,32.0,0.0562982559204101,37.76413097511977,2315.2705078125,,,,,
5321,3,1111.0,0.0,32.0,32.0,0.0259618759155273,49.38985098851845,2956.64208984375,,,,,
5322,3,1112.0,0.0,32.0,32.0,0.1424264907836914,48.95355901680887,2822.1865234375,,,,,
5323,3,1113.0,0.0,32.0,32.0,0.099761962890625,42.3043419723399,2687.3701171875,,,,,
5324,3,1114.0,0.0,32.0,32.0,0.0132408142089843,51.06748198159039,2946.62548828125,,,,,
5325,3,1115.0,0.0,32.0,32.0,0.1760997772216797,42.32599603710696,2660.82958984375,,,,,
5326,3,1116.0,0.0,32.0,32.0,0.087930679321289,45.186685980297625,2761.908203125,,,,,
5327,3,1117.0,0.0,32.0,32.0,0.0800590515136718,41.78553295787424,2563.3828125,,,,,
5328,3,1118.0,0.0,32.0,32.0,0.010146141052246,51.16008699405938,3037.9208984375,,,,,
5329,3,1119.0,0.0,32.0,32.0,0.1989827156066894,29.233042034320533,2507.1259765625,,,,,
5330,3,1120.0,0.0,32.0,32.0,0.1328730583190918,43.05968101834878,2754.88671875,,,,,
5331,3,1121.0,0.0,32.0,32.0,0.0098791122436523,38.37591997580603,2477.59716796875,,,,,
5332,3,1122.0,0.0,32.0,32.0,0.0096688270568847,43.699388043023646,2730.66845703125,,,,,
5333,3,1123.0,0.0,32.0,32.0,0.0419540405273437,40.194913977757096,2543.56884765625,,,,,
5334,3,1124.0,0.0,32.0,32.0,0.1520943641662597,39.516526972875,2477.59716796875,,,,,
5335,3,1125.0,0.0,32.0,32.0,0.0460095405578613,38.71229401556775,2435.498046875,,,,,
5336,3,1126.0,0.0,32.0,32.0,0.2494497299194336,38.27242599800229,2477.59716796875,,,,,
5337,3,1127.0,0.0,32.0,32.0,0.2551584243774414,38.55352004757151,2477.59716796875,,,,,
5338,3,1128.0,0.0,32.0,32.0,0.243474006652832,42.27405198616907,2687.3701171875,,,,,
5339,3,1129.0,0.0,32.0,32.0,0.0943140983581543,42.34089603414759,2687.3701171875,,,,,
5340,3,1130.0,0.0,32.0,32.0,0.0862035751342773,38.16316596930847,2298.90478515625,,,,,
5341,3,1131.0,0.0,32.0,32.0,0.2270216941833496,33.337889006361365,2154.8759765625,,,,,
5342,3,1132.0,0.0,32.0,32.0,0.2517871856689453,29.286376025993377,2655.02490234375,,,,,
5343,3,1133.0,0.0,32.0,32.0,0.1008148193359375,42.18712099827826,2690.6982421875,,,,,
5344,3,1134.0,0.0,32.0,32.0,0.1140570640563964,37.7116990275681,2398.12548828125,,,,,
5345,3,1135.0,0.0,32.0,32.0,0.0107893943786621,45.63549201702699,2790.72021484375,,,,,
5346,3,1136.0,0.0,32.0,32.0,0.3394489288330078,38.13757700845599,2398.12548828125,,,,,
5347,3,1137.0,0.0,32.0,32.0,0.1368408203125,46.33399500744417,2822.1865234375,,,,,
5348,3,1138.0,0.0,32.0,32.0,0.1409931182861328,41.16041003726423,2574.6875,,,,,
5349,3,1139.0,0.0,32.0,32.0,0.0991406440734863,39.01941695949063,2498.1083984375,,,,,
5350,3,1140.0,0.0,32.0,32.0,0.0097894668579101,41.80493700550869,2687.3701171875,,,,,
5351,3,1141.0,0.0,32.0,32.0,0.1662960052490234,46.78848397452384,2810.46826171875,,,,,
5352,3,1142.0,0.0,32.0,32.0,0.1416950225830078,39.03885598992929,2465.03271484375,,,,,
5353,3,1143.0,0.0,32.0,32.0,0.306821346282959,34.14203698048368,2249.71875,,,,,
5354,3,1144.0,0.0,32.0,32.0,0.3078093528747558,37.99501003231853,2498.1083984375,,,,,
5355,3,1145.0,0.0,32.0,32.0,0.1525549888610839,28.44625199213624,2533.17626953125,,,,,
5356,3,1146.0,0.0,32.0,32.0,0.0263342857360839,44.03895599534735,2754.88671875,,,,,
5357,3,1147.0,0.0,32.0,32.0,0.1018462181091308,44.76623301161453,2761.908203125,,,,,
5358,3,1148.0,0.0,32.0,32.0,0.16489839553833,37.74783399421722,2398.12548828125,,,,,
5359,3,1149.0,0.0,32.0,32.0,0.1955862045288086,38.21363003225997,2498.1083984375,,,,,
5360,3,1150.0,0.0,32.0,32.0,0.2013959884643554,37.050421989988536,2398.12548828125,,,,,
5361,3,1151.0,0.0,32.0,32.0,0.025026798248291,49.98278903076425,2956.64208984375,,,,,
5362,3,1152.0,0.0,32.0,32.0,0.0399141311645507,39.855985960457474,2543.56884765625,,,,,
5363,3,1153.0,0.0,32.0,32.0,0.1030426025390625,116.4796269731596,2377.17919921875,,,,,
5364,3,1154.0,0.0,32.0,32.0,0.0889348983764648,31.902869988698512,2315.2705078125,,,,,
5365,3,1155.0,0.0,32.0,32.0,0.0373697280883789,39.388514996971935,2696.84033203125,,,,,
5366,3,1156.0,0.0,32.0,32.0,0.0994501113891601,28.403714997693896,2377.17919921875,,,,,
5367,3,1157.0,0.0,32.0,32.0,0.1200037002563476,33.60504296142608,2410.10546875,,,,,
5368,3,1158.0,0.0,32.0,32.0,0.0181927680969238,35.70876503363252,2507.1259765625,,,,,
5369,3,1159.0,0.0,32.0,32.0,0.1169290542602539,35.84287199191749,2498.1083984375,,,,,
5370,3,1160.0,0.0,32.0,32.0,0.0491843223571777,36.13805997883901,2477.59716796875,,,,,
5371,3,1161.0,0.0,32.0,32.0,0.0232677459716796,40.313224017154425,2687.3701171875,,,,,
5372,3,1162.0,0.0,32.0,32.0,0.0096588134765625,37.608774029649794,2465.03271484375,,,,,
5373,3,1163.0,0.0,32.0,32.0,0.0858335494995117,40.29090504627675,2574.6875,,,,,
5374,3,1164.0,0.0,32.0,32.0,0.0094885826110839,38.33091998239979,2507.1259765625,,,,,
5375,3,1165.0,0.0,32.0,32.0,0.1304073333740234,41.34000395424664,2660.82958984375,,,,,
5376,3,1166.0,0.0,32.0,32.0,0.1328198909759521,39.128487987909466,2498.1083984375,,,,,
5377,3,1167.0,0.0,32.0,32.0,0.2667624950408935,37.95534302480519,2465.03271484375,,,,,
5378,3,1168.0,0.0,32.0,32.0,0.1424732208251953,43.37959899567068,2696.84033203125,,,,,
5379,3,1169.0,0.0,32.0,32.0,0.1451253890991211,39.626877987757325,2465.03271484375,,,,,
5380,3,1170.0,0.0,32.0,32.0,0.0096323490142822,30.177388980519027,2574.6875,,,,,
5381,3,1171.0,0.0,32.0,32.0,0.0057640075683593,46.03507800493389,2852.0673828125,,,,,
5382,3,1172.0,0.0,32.0,32.0,0.011270523071289,36.88453300856054,2398.12548828125,,,,,
5383,3,1173.0,0.0,32.0,32.0,0.0690288543701171,40.15765100484714,2655.02490234375,,,,,
5384,3,1174.0,0.0,32.0,32.0,0.0883791446685791,46.74134304514155,2696.84033203125,,,,,
5385,3,1175.0,0.0,32.0,32.0,0.0912907123565673,54.91563404211775,2730.66845703125,,,,,
5386,3,1176.0,0.0,32.0,32.0,0.0691032409667968,48.1203009840101,2563.3828125,,,,,
5387,3,1177.0,0.0,32.0,32.0,0.1897952556610107,45.594230003189296,2660.82958984375,,,,,
5388,3,1178.0,0.0,32.0,32.0,0.00433349609375,41.68723803013563,2655.02490234375,,,,,
5389,3,1179.0,0.0,32.0,32.0,0.3011515140533447,43.03138196701184,2761.908203125,,,,,
5390,3,1180.0,0.0,32.0,32.0,0.1836280822753906,37.884260003920645,2543.56884765625,,,,,
5391,3,1181.0,0.0,32.0,32.0,0.0096173286437988,42.79921797569841,2754.88671875,,,,,
5392,3,1182.0,0.0,32.0,32.0,0.1167902946472168,28.03101495373994,2543.56884765625,,,,,
5393,3,1183.0,0.0,32.0,32.0,0.0072846412658691,33.85414200602099,2398.12548828125,,,,,
5394,3,1184.0,0.0,32.0,32.0,0.061821699142456,35.11694900225848,2465.03271484375,,,,,
5395,3,1185.0,0.0,32.0,32.0,0.140413761138916,37.3225929797627,2498.1083984375,,,,,
5396,3,1186.0,0.0,32.0,32.0,0.1629800796508789,36.41484497347847,2410.10546875,,,,,
5397,3,1187.0,0.0,32.0,32.0,0.1298260688781738,39.93804904166609,2574.6875,,,,,
5398,3,1188.0,0.0,32.0,32.0,0.1426959037780761,43.32306201104075,2696.84033203125,,,,,
5399,3,1189.0,0.0,32.0,32.0,0.1461522579193115,39.73620000761002,2377.17919921875,,,,,
5400,3,1190.0,0.0,32.0,32.0,0.0304780006408691,43.30883600050584,2696.84033203125,,,,,
5401,3,1191.0,0.0,32.0,32.0,0.1825366020202636,42.89331694599241,2687.3701171875,,,,,
5402,3,1192.0,0.0,32.0,32.0,0.0277857780456542,40.78168398700655,2377.17919921875,,,,,
5403,3,1193.0,0.0,32.0,32.0,0.0207786560058593,38.80732599645853,2543.56884765625,,,,,
5404,3,1194.0,0.0,32.0,32.0,0.1182918548583984,38.866374001372606,2356.935546875,,,,,
5405,3,1195.0,0.0,32.0,32.0,0.0214753150939941,31.03943902533501,2655.02490234375,,,,,
5406,3,1196.0,0.0,32.0,32.0,0.017409324645996,36.80643602274358,2398.12548828125,,,,,
5407,3,1197.0,0.0,32.0,32.0,0.3483839035034179,41.41781298676506,2377.17919921875,,,,,
5408,3,1198.0,0.0,32.0,32.0,0.118687629699707,42.110048001632094,2533.17626953125,,,,,
5409,3,1199.0,0.0,32.0,32.0,0.0954306125640869,47.87997400853783,2690.6982421875,,,,,
5410,3,1200.0,0.0,32.0,32.0,0.0160374641418457,47.03690396854654,2730.66845703125,,,,,
5411,3,1201.0,0.0,32.0,32.0,0.251840591430664,41.07530199689791,2533.17626953125,,,,,
5412,3,1202.0,0.0,32.0,32.0,0.0106725692749023,38.68074895581231,2477.59716796875,,,,,
5413,3,1203.0,0.0,32.0,32.0,0.1744627952575683,38.23882999131456,2477.59716796875,,,,,
5414,3,1204.0,0.0,32.0,32.0,0.1840090751647949,47.122610034421086,2852.0673828125,,,,,
5415,3,1205.0,0.0,32.0,32.0,0.0072026252746582,38.93671801779419,2477.59716796875,,,,,
5416,3,1206.0,0.0,32.0,32.0,0.1638174057006836,37.83995198318735,2507.1259765625,,,,,
5417,3,1207.0,0.0,32.0,32.0,0.2930068969726562,36.81130596669391,2435.498046875,,,,,
5418,3,1208.0,0.0,32.0,32.0,0.0086660385131835,34.4395239953883,2852.0673828125,,,,,
5419,3,1209.0,0.0,32.0,32.0,0.1167283058166503,36.46496194414794,2435.498046875,,,,,
5420,3,1210.0,0.0,32.0,32.0,0.0448408126831054,42.27062803693116,2754.88671875,,,,,
5421,3,1211.0,0.0,32.0,32.0,0.0258855819702148,42.91472100885585,2696.84033203125,,,,,
5422,3,1212.0,0.0,32.0,32.0,0.1329460144042968,38.93762500956655,2477.59716796875,,,,,
5423,3,1213.0,0.0,32.0,32.0,0.1643378734588623,37.80138300498948,2477.59716796875,,,,,
5424,3,1214.0,0.0,32.0,32.0,0.191779613494873,38.58887200476602,2356.935546875,,,,,
5425,3,1215.0,0.0,32.0,32.0,0.2175278663635254,37.54317702259869,2465.03271484375,,,,,
5426,3,1216.0,0.0,32.0,32.0,0.0733680725097656,37.98927401658148,2465.03271484375,,,,,
5427,3,1217.0,0.0,32.0,32.0,0.0446391105651855,37.45801199693233,2298.90478515625,,,,,
5428,3,1218.0,0.0,32.0,32.0,0.0146169662475585,39.04762596357614,2477.59716796875,,,,,
5429,3,1219.0,0.0,32.0,32.0,0.0131855010986328,39.484503970015794,2498.1083984375,,,,,
5430,3,1220.0,0.0,32.0,32.0,0.1923084259033203,40.73606501333416,2543.56884765625,,,,,
5431,3,1221.0,0.0,32.0,32.0,0.1224646568298339,37.58832102175802,2822.1865234375,,,,,
5432,3,1222.0,0.0,32.0,32.0,0.156557559967041,45.91426299884915,2730.66845703125,,,,,
5433,3,1223.0,0.0,32.0,32.0,0.096832275390625,40.46065598959103,2410.10546875,,,,,
5434,3,1224.0,0.0,32.0,32.0,0.0163941383361816,38.04793796734885,2398.12548828125,,,,,
5435,3,1225.0,0.0,32.0,32.0,0.7904415130615234,40.18172598443925,2563.3828125,,,,,
5436,3,1226.0,0.0,32.0,32.0,0.1338109970092773,38.66053000092506,2477.59716796875,,,,,
5437,3,1227.0,0.0,32.0,32.0,0.1004726886749267,38.53324503870681,2349.4912109375,,,,,
5438,3,1228.0,0.0,32.0,32.0,0.1917614936828613,39.200107974465936,2543.56884765625,,,,,
5439,3,1229.0,0.0,32.0,32.0,0.3023152351379394,47.71449201507494,2822.1865234375,,,,,
5440,3,1230.0,0.0,32.0,32.0,0.1916990280151367,38.41144498437643,2435.498046875,,,,,
5441,3,1231.0,0.0,32.0,32.0,0.0127677917480468,37.90032700635493,2498.1083984375,,,,,
5442,3,1232.0,0.0,32.0,32.0,0.0945854187011718,46.26322403782979,2822.1865234375,,,,,
5443,3,1233.0,0.0,32.0,32.0,0.0427737236022949,46.30947997793555,2852.0673828125,,,,,
5444,3,1234.0,0.0,32.0,32.0,0.3871817588806152,29.464090999681503,2655.02490234375,,,,,
5445,3,1235.0,0.0,32.0,32.0,0.2199506759643554,37.49289101688191,2356.935546875,,,,,
5446,3,1236.0,0.0,32.0,32.0,0.0262198448181152,37.63953800080344,2498.1083984375,,,,,
5447,3,1237.0,0.0,32.0,32.0,0.1447100639343261,45.67645501811057,2822.1865234375,,,,,
5448,3,1238.0,0.0,32.0,32.0,0.0689959526062011,38.78155397251248,2543.56884765625,,,,,
5449,3,1239.0,0.0,32.0,32.0,0.1146554946899414,38.99951500352472,2533.17626953125,,,,,
5450,3,1240.0,0.0,32.0,32.0,0.0079450607299804,37.63787500793114,2410.10546875,,,,,
5451,3,1241.0,0.0,32.0,32.0,0.1162862777709961,38.34954800549895,2498.1083984375,,,,,
5452,3,1242.0,0.0,32.0,32.0,0.0433473587036132,51.16959603037685,2946.62548828125,,,,,
5453,3,1243.0,0.0,32.0,32.0,0.0169816017150878,46.027032018173486,2696.84033203125,,,,,
5454,3,1244.0,0.0,32.0,32.0,0.1730284690856933,45.0673250015825,2687.3701171875,,,,,
5455,3,1245.0,0.0,32.0,32.0,0.0220403671264648,50.89310894254595,2876.80908203125,,,,,
5456,3,1246.0,0.0,32.0,32.0,0.0094003677368164,28.189314994961023,2498.1083984375,,,,,
5457,3,1247.0,0.0,32.0,32.0,0.1834783554077148,41.204054025001824,2660.82958984375,,,,,
5458,3,1248.0,0.0,32.0,32.0,0.0086646080017089,39.659540983848274,2533.17626953125,,,,,
5459,3,1249.0,0.0,32.0,32.0,0.4464917182922363,38.68936700746417,2477.59716796875,,,,,
5460,3,1250.0,0.0,32.0,32.0,0.1675186157226562,50.45556800905615,2876.80908203125,,,,,
5461,3,1251.0,0.0,32.0,32.0,0.1732292175292968,49.41731196595356,2876.80908203125,,,,,
5462,3,1252.0,0.0,32.0,32.0,0.0110330581665039,43.08215598575771,2696.84033203125,,,,,
5463,3,1253.0,0.0,32.0,32.0,0.1139459609985351,38.06877101305872,2398.12548828125,,,,,
5464,3,1254.0,0.0,32.0,32.0,0.0933332443237304,40.92895099893212,2687.3701171875,,,,,
5465,3,1255.0,0.0,32.0,32.0,0.0772628784179687,38.497083995025605,2435.498046875,,,,,
5466,3,1256.0,0.0,32.0,32.0,0.1117229461669921,44.58143800729886,2810.46826171875,,,,,
5467,3,1257.0,0.0,32.0,32.0,0.1157236099243164,44.60208700038493,2754.88671875,,,,,
5468,3,1258.0,0.0,32.0,32.0,0.1206951141357421,33.5090960143134,2790.72021484375,,,,,
5469,3,1259.0,0.0,32.0,32.0,0.025090217590332,39.20920297969133,2356.935546875,,,,,
5470,3,1260.0,0.0,32.0,32.0,0.1248750686645507,39.04093895107508,2563.3828125,,,,,
5471,3,1261.0,0.0,32.0,32.0,0.0139455795288085,37.883468030486256,2315.2705078125,,,,,
5472,3,1262.0,0.0,32.0,32.0,0.0638284683227539,37.76044701226056,2543.56884765625,,,,,
5473,3,1263.0,0.0,32.0,32.0,0.0727462768554687,39.43681198870763,2477.59716796875,,,,,
5474,3,1264.0,0.0,32.0,32.0,0.0646038055419921,34.83914298703894,2273.755859375,,,,,
5475,3,1265.0,0.0,32.0,32.0,0.0850601196289062,41.43721604486928,2574.6875,,,,,
5476,3,1266.0,0.0,32.0,32.0,0.2903432846069336,39.67179101891816,2477.59716796875,,,,,
5477,3,1267.0,0.0,32.0,32.0,0.0241193771362304,46.43322998890653,2790.72021484375,,,,,
5478,3,1268.0,0.0,32.0,32.0,0.1892147064208984,41.39020596630871,2377.17919921875,,,,,
5479,3,1269.0,0.0,32.0,32.0,0.1018762588500976,41.58789798384532,2574.6875,,,,,
5480,3,1270.0,0.0,32.0,32.0,0.0398340225219726,41.97913996176794,2655.02490234375,,,,,
5481,3,1271.0,0.0,32.0,32.0,0.0996627807617187,30.261552019510415,2574.6875,,,,,
5482,3,1272.0,0.0,32.0,32.0,0.0125627517700195,40.19019700353965,2574.6875,,,,,
5483,3,1273.0,0.0,32.0,32.0,0.0160121917724609,38.98739203577861,2435.498046875,,,,,
5484,3,1274.0,0.0,32.0,32.0,0.0226640701293945,38.631026982329786,2543.56884765625,,,,,
5485,3,1275.0,0.0,32.0,32.0,0.1427192687988281,39.65105902170762,2377.17919921875,,,,,
5486,3,1276.0,0.0,32.0,32.0,0.0576200485229492,38.4876859607175,2563.3828125,,,,,
5487,3,1277.0,0.0,32.0,32.0,0.0531263351440429,39.08810002030805,2507.1259765625,,,,,
5488,3,1278.0,0.0,32.0,32.0,0.0078492164611816,38.76218700315803,2507.1259765625,,,,,
5489,3,1279.0,0.0,32.0,32.0,0.2704973220825195,38.62424899125472,2477.59716796875,,,,,
5490,3,1280.0,0.0,32.0,32.0,0.1907134056091308,41.42737598158419,2660.82958984375,,,,,
5491,3,1281.0,0.0,32.0,32.0,0.1876058578491211,38.99248800007626,2498.1083984375,,,,,
5492,3,1282.0,0.0,32.0,32.0,0.1999821662902832,41.19341098703444,2687.3701171875,,,,,
5493,3,1283.0,0.0,32.0,32.0,0.093757152557373,41.36957001173869,2687.3701171875,,,,,
5494,3,1284.0,0.0,32.0,32.0,0.068425178527832,29.42133299075067,2377.17919921875,,,,,
5495,3,1285.0,0.0,32.0,32.0,0.0626835823059082,41.56490002060309,2730.66845703125,,,,,
5496,3,1286.0,0.0,32.0,32.0,0.1825284957885742,44.67469203518704,2696.84033203125,,,,,
5497,3,1287.0,0.0,32.0,32.0,0.173675537109375,39.25539198098704,2498.1083984375,,,,,
5498,3,1288.0,0.0,32.0,32.0,0.2854204177856445,38.18842698819935,2465.03271484375,,,,,
5499,3,1289.0,0.0,32.0,32.0,0.0228519439697265,38.5176989948377,2465.03271484375,,,,,
5500,3,1290.0,0.0,32.0,32.0,0.1424813270568847,39.42673100391403,2356.935546875,,,,,
5501,3,1291.0,0.0,32.0,32.0,0.1708126068115234,38.29404799034819,2435.498046875,,,,,
5502,3,1292.0,0.0,32.0,32.0,0.0105118751525878,41.55259195249528,2574.6875,,,,,
5503,3,1293.0,0.0,32.0,32.0,0.0231237411499023,45.56059301830828,2730.66845703125,,,,,
5504,3,1294.0,0.0,32.0,32.0,0.0083227157592773,42.97103197313845,2687.3701171875,,,,,
5505,3,1295.0,0.0,32.0,32.0,0.2169837951660156,40.25339800864458,2543.56884765625,,,,,
5506,3,1296.0,0.0,32.0,32.0,0.4953842163085937,41.65122797712684,2660.82958984375,,,,,
5507,3,1297.0,0.0,32.0,32.0,0.0987710952758789,29.26559600746259,2507.1259765625,,,,,
5508,3,1298.0,0.0,32.0,32.0,0.231973648071289,38.67317695403472,2563.3828125,,,,,
5509,3,1299.0,0.0,32.0,32.0,0.0580530166625976,51.419664989225566,3023.82470703125,,,,,
5510,3,1300.0,0.0,32.0,32.0,0.0231857299804687,43.46604301827029,2690.6982421875,,,,,
5511,3,1301.0,0.0,32.0,32.0,0.1756467819213867,35.9086929820478,2154.8759765625,,,,,
5512,3,1302.0,0.0,32.0,32.0,0.0657453536987304,41.527721972670406,2690.6982421875,,,,,
5513,3,1303.0,0.0,32.0,32.0,0.0289249420166015,50.706117996014655,2965.60693359375,,,,,
5514,3,1304.0,0.0,32.0,32.0,0.0713734626770019,39.56718003610149,2543.56884765625,,,,,
5515,3,1305.0,0.0,32.0,32.0,0.0210351943969726,40.773481014184654,2563.3828125,,,,,
5516,3,1306.0,0.0,32.0,32.0,0.080484390258789,44.26718200556934,2754.88671875,,,,,
5517,3,1307.0,0.0,32.0,32.0,0.1028347015380859,43.23928896337748,2696.84033203125,,,,,
5518,3,1308.0,0.0,32.0,32.0,0.1721067428588867,44.27019000286237,2690.6982421875,,,,,
5519,3,1309.0,0.0,32.0,32.0,0.2909202575683594,27.67101296922192,2477.59716796875,,,,,
5520,3,1310.0,0.0,32.0,32.0,0.0165519714355468,38.35672402055934,2533.17626953125,,,,,
5521,3,1311.0,0.0,32.0,32.0,0.0433201789855957,38.224179996177554,2435.498046875,,,,,
5522,3,1312.0,0.0,32.0,32.0,0.0188531875610351,38.3184039965272,2477.59716796875,,,,,
5523,3,1313.0,0.0,32.0,32.0,0.2010402679443359,38.65868999855593,2435.498046875,,,,,
5524,3,1314.0,0.0,32.0,32.0,0.0076847076416015,40.78061494510621,2574.6875,,,,,
5525,3,1315.0,0.0,32.0,32.0,0.2269535064697265,38.663511048071086,2435.498046875,,,,,
5526,3,1316.0,0.0,32.0,32.0,0.1883039474487304,39.29684194736183,2543.56884765625,,,,,
5527,3,1317.0,0.0,32.0,32.0,0.1512413024902343,39.58968300139532,2498.1083984375,,,,,
5528,3,1318.0,0.0,32.0,32.0,0.0473880767822265,39.64138001902029,2507.1259765625,,,,,
5529,3,1319.0,0.0,32.0,32.0,0.0128383636474609,44.53853401355445,2690.6982421875,,,,,
5530,3,1320.0,0.0,32.0,32.0,0.0862321853637695,42.3570959828794,2574.6875,,,,,
5531,3,1321.0,0.0,32.0,32.0,0.0861091613769531,41.38440795941278,2660.82958984375,,,,,
5532,3,1322.0,0.0,32.0,32.0,0.0328626632690429,27.914866048377007,2477.59716796875,,,,,
5533,3,1323.0,0.0,32.0,32.0,0.1893177032470703,32.63961896300316,2213.51806640625,,,,,
5534,3,1324.0,0.0,32.0,32.0,0.0197954177856445,36.275853984989226,2465.03271484375,,,,,
5535,3,1325.0,0.0,32.0,32.0,0.0373115539550781,37.84018603619188,2477.59716796875,,,,,
5536,3,1326.0,0.0,32.0,32.0,0.1873159408569336,39.01384898927063,2533.17626953125,,,,,
5537,3,1327.0,0.0,32.0,32.0,0.1672801971435547,39.51321297790855,2377.17919921875,,,,,
5538,3,1328.0,0.0,32.0,32.0,0.0099611282348632,41.746023984160274,2660.82958984375,,,,,
5539,3,1329.0,0.0,32.0,32.0,0.0576581954956054,39.46746798465029,2543.56884765625,,,,,
5540,3,1330.0,0.0,32.0,32.0,0.2475242614746093,39.3360840389505,2533.17626953125,,,,,
5541,3,1331.0,0.0,32.0,32.0,0.2415909767150879,42.75726096238941,2687.3701171875,,,,,
5542,3,1332.0,0.0,32.0,32.0,0.0210528373718261,38.96950097987428,2477.59716796875,,,,,
5543,3,1333.0,0.0,32.0,32.0,0.0841140747070312,37.87330299383029,2435.498046875,,,,,
5544,3,1334.0,0.0,32.0,32.0,0.2585396766662597,38.39164902456105,2477.59716796875,,,,,
5545,3,1335.0,0.0,32.0,32.0,0.1950573921203613,38.46921498188749,2465.03271484375,,,,,
5546,3,1336.0,0.0,32.0,32.0,0.1400589942932129,28.39233999839053,2377.17919921875,,,,,
5547,3,1337.0,0.0,32.0,32.0,0.0820889472961425,37.115326966159046,2435.498046875,,,,,
5548,3,1338.0,0.0,32.0,32.0,0.123143196105957,36.58901999006048,2398.12548828125,,,,,
5549,3,1339.0,0.0,32.0,32.0,0.2982087135314941,41.00619495147839,2660.82958984375,,,,,
5550,3,1340.0,0.0,32.0,32.0,0.1813626289367675,39.31053995620459,2465.03271484375,,,,,
5551,3,1341.0,0.0,32.0,32.0,0.102020263671875,40.86758499033749,2563.3828125,,,,,
5552,3,1342.0,0.0,32.0,32.0,0.0116658210754394,38.84306200779975,2349.4912109375,,,,,
5553,3,1343.0,0.0,32.0,32.0,0.1452670097351074,41.09593399334699,2655.02490234375,,,,,
5554,3,1344.0,0.0,32.0,32.0,0.0490045547485351,39.99699099222198,2533.17626953125,,,,,
5555,3,1345.0,0.0,32.0,32.0,0.0102944374084472,40.56992003461346,2377.17919921875,,,,,
5556,3,1346.0,0.0,32.0,32.0,0.0801477432250976,38.64487801911309,2356.935546875,,,,,
5557,3,1347.0,0.0,32.0,32.0,0.1941738128662109,40.93631898285821,2574.6875,,,,,
5558,3,1348.0,0.0,32.0,32.0,0.1673483848571777,39.77299598045647,2563.3828125,,,,,
5559,3,1349.0,0.0,32.0,32.0,0.0529212951660156,28.060182987246662,2543.56884765625,,,,,
5560,3,1350.0,0.0,32.0,32.0,0.0370264053344726,37.628863006830215,2356.935546875,,,,,
5561,3,1351.0,0.0,32.0,32.0,0.1070513725280761,43.5012070229277,2761.908203125,,,,,
5562,3,1352.0,0.0,32.0,32.0,0.0663204193115234,41.47353494772688,2574.6875,,,,,
5563,3,1353.0,0.0,32.0,32.0,0.0398187637329101,41.00023698993027,2660.82958984375,,,,,
5564,3,1354.0,0.0,32.0,32.0,0.2690248489379883,39.57919700769708,2507.1259765625,,,,,
5565,3,1355.0,0.0,32.0,32.0,0.0690088272094726,41.24984500231221,2655.02490234375,,,,,
5566,3,1356.0,0.0,32.0,32.0,0.0862059593200683,52.19525401480496,3037.9208984375,,,,,
5567,3,1357.0,0.0,32.0,32.0,0.1399407386779785,40.02102301456034,2498.1083984375,,,,,
5568,3,1358.0,0.0,32.0,32.0,0.0212197303771972,39.278172014746815,2498.1083984375,,,,,
5569,3,1359.0,0.0,32.0,32.0,0.104745864868164,39.69783399952576,2377.17919921875,,,,,
5570,3,1360.0,0.0,32.0,32.0,0.0061507225036621,39.59486196981743,2377.17919921875,,,,,
5571,3,1361.0,0.0,32.0,32.0,0.0630273818969726,39.26015895558521,2533.17626953125,,,,,
5572,3,1362.0,0.0,32.0,32.0,0.0141263008117675,34.6169049735181,2761.908203125,,,,,
5573,3,1363.0,0.0,32.0,32.0,0.0083355903625488,39.07978197094053,2533.17626953125,,,,,
5574,3,1364.0,0.0,32.0,32.0,0.0825753211975097,41.09806596534327,2655.02490234375,,,,,
5575,3,1365.0,0.0,32.0,32.0,0.1143026351928711,39.01818202575669,2507.1259765625,,,,,
5576,3,1366.0,0.0,32.0,32.0,0.166849136352539,44.00381800951436,2730.66845703125,,,,,
5577,3,1367.0,0.0,32.0,32.0,0.0589141845703125,41.04222496971488,2563.3828125,,,,,
5578,3,1368.0,0.0,32.0,32.0,0.1988744735717773,41.743391018826514,2687.3701171875,,,,,
5579,3,1369.0,0.0,32.0,32.0,0.041170597076416,36.36283002560958,2249.71875,,,,,
5580,3,1370.0,0.0,32.0,32.0,0.1727685928344726,38.404599006753415,2533.17626953125,,,,,
5581,3,1371.0,0.0,32.0,32.0,0.0195212364196777,38.451452972367406,2435.498046875,,,,,
5582,3,1372.0,0.0,32.0,32.0,0.2461519241333007,38.703920028638095,2507.1259765625,,,,,
5583,3,1373.0,0.0,32.0,32.0,0.3478970527648926,38.97386300377548,2543.56884765625,,,,,
5584,3,1374.0,0.0,32.0,32.0,0.2813639640808105,39.1457779915072,2507.1259765625,,,,,
5585,3,1375.0,0.0,32.0,32.0,0.1109819412231445,29.78707099100575,2655.02490234375,,,,,
5586,3,1376.0,0.0,32.0,32.0,0.0242834091186523,37.06529800547287,2435.498046875,,,,,
5587,3,1377.0,0.0,32.0,32.0,0.1968269348144531,37.30029700091109,2465.03271484375,,,,,
5588,3,1378.0,0.0,32.0,32.0,0.0158963203430175,39.90755695849657,2563.3828125,,,,,
5589,3,1379.0,0.0,32.0,32.0,0.1507596969604492,38.459681964013726,2315.2705078125,,,,,
5590,3,1380.0,0.0,32.0,32.0,0.0358800888061523,50.43348396429792,2956.64208984375,,,,,
5591,3,1381.0,0.0,32.0,32.0,0.3334469795227051,40.02908698748797,2533.17626953125,,,,,
5592,3,1382.0,0.0,32.0,32.0,0.020451545715332,39.679326000623405,2507.1259765625,,,,,
5593,3,1383.0,0.0,32.0,32.0,0.121739387512207,39.59143301472068,2507.1259765625,,,,,
5594,3,1384.0,0.0,32.0,32.0,0.0106425285339355,51.1346900020726,2946.62548828125,,,,,
5595,3,1385.0,0.0,32.0,32.0,0.0109133720397949,42.10137797053903,2687.3701171875,,,,,
5596,3,1386.0,0.0,32.0,32.0,0.3954477310180664,41.97994398418814,2660.82958984375,,,,,
5597,3,1387.0,0.0,32.0,32.0,0.035036563873291,38.63331000320613,2435.498046875,,,,,
5598,3,1388.0,0.0,32.0,32.0,0.3239665031433105,30.11721500661224,2377.17919921875,,,,,
5599,3,1389.0,0.0,32.0,32.0,0.226750373840332,44.24798901891336,2810.46826171875,,,,,
5600,3,1390.0,0.0,32.0,32.0,0.0198016166687011,44.15317700477317,2754.88671875,,,,,
5601,3,1391.0,0.0,32.0,32.0,0.0096368789672851,38.779386959504336,2465.03271484375,,,,,
5602,3,1392.0,0.0,32.0,32.0,0.0445442199707031,48.193424998316914,2876.80908203125,,,,,
5603,3,1393.0,0.0,32.0,32.0,0.0111174583435058,40.49765499075875,2563.3828125,,,,,
5604,3,1394.0,0.0,32.0,32.0,0.0141263008117675,38.70452399132773,2356.935546875,,,,,
5605,3,1395.0,0.0,32.0,32.0,0.1623110771179199,39.279103046283126,2507.1259765625,,,,,
5606,3,1396.0,0.0,32.0,32.0,0.1204977035522461,39.452793018426746,2465.03271484375,,,,,
5607,3,1397.0,0.0,32.0,32.0,0.091588020324707,43.16012299386784,2690.6982421875,,,,,
5608,3,1398.0,0.0,32.0,32.0,0.2127132415771484,39.80160696664825,2507.1259765625,,,,,
5609,3,1399.0,0.0,32.0,32.0,0.0818824768066406,40.94970301957801,2655.02490234375,,,,,
5610,3,1400.0,0.0,32.0,32.0,0.0423722267150878,39.05542497523129,2543.56884765625,,,,,
5611,3,1401.0,0.0,32.0,32.0,0.0098066329956054,26.13626403035596,2398.12548828125,,,,,
5612,3,1402.0,0.0,32.0,32.0,0.0058560371398925,41.04677896248177,2730.66845703125,,,,,
5613,3,1403.0,0.0,32.0,32.0,0.0421476364135742,39.76714599411935,2543.56884765625,,,,,
5614,3,1404.0,0.0,32.0,32.0,0.0183496475219726,39.92308402666822,2377.17919921875,,,,,
5615,3,1405.0,0.0,32.0,32.0,0.1751651763916015,38.36374095408246,2477.59716796875,,,,,
5616,3,1406.0,0.0,32.0,32.0,0.0065927505493164,42.19199897488579,2687.3701171875,,,,,
5617,3,1407.0,0.0,32.0,32.0,0.1632037162780761,39.33050896739587,2477.59716796875,,,,,
5618,3,1408.0,0.0,32.0,32.0,0.037571907043457,39.21761200763285,2507.1259765625,,,,,
5619,3,1409.0,0.0,32.0,32.0,0.3299627304077148,42.79926500748843,2660.82958984375,,,,,
5620,3,1410.0,0.0,32.0,32.0,0.059216022491455,42.527834011707455,2574.6875,,,,,
5621,3,1411.0,0.0,32.0,32.0,0.1732866764068603,39.59832905093208,2533.17626953125,,,,,
5622,3,1412.0,0.0,32.0,32.0,0.108586311340332,41.196137026418,2574.6875,,,,,
5623,3,1413.0,0.0,32.0,32.0,0.025820255279541,38.23329700389877,2410.10546875,,,,,
5624,3,1414.0,0.0,32.0,32.0,0.3465299606323242,31.498336000368,2696.84033203125,,,,,
5625,3,1415.0,0.0,32.0,32.0,0.2391800880432129,39.45529297925532,2507.1259765625,,,,,
5626,3,1416.0,0.0,32.0,32.0,0.0959000587463378,40.71259900229052,2660.82958984375,,,,,
5627,3,1417.0,0.0,32.0,32.0,0.4039759635925293,38.21918502217159,2465.03271484375,,,,,
5628,3,1418.0,0.0,32.0,32.0,0.1367459297180175,50.569005019497126,2978.1904296875,,,,,
5629,3,1419.0,0.0,32.0,32.0,0.047762393951416,39.09169603139162,2465.03271484375,,,,,
5630,3,1420.0,0.0,32.0,32.0,0.1164712905883789,44.79525797069073,2754.88671875,,,,,
5631,3,1421.0,0.0,32.0,32.0,0.2159423828125,39.41447997931391,2498.1083984375,,,,,
5632,3,1422.0,0.0,32.0,32.0,0.2912654876708984,46.30575102055445,2790.72021484375,,,,,
5633,3,1423.0,0.0,32.0,32.0,0.1105661392211914,40.40357295889408,2533.17626953125,,,,,
5634,3,1424.0,0.0,32.0,32.0,0.0870423316955566,37.22493600798771,2410.10546875,,,,,
5635,3,1425.0,0.0,32.0,32.0,0.1365766525268554,40.10691400617361,2574.6875,,,,,
5636,3,1426.0,0.0,32.0,32.0,0.0356788635253906,38.52005902444944,2507.1259765625,,,,,
5637,3,1427.0,0.0,32.0,32.0,0.0945925712585449,30.37085698451847,2574.6875,,,,,
5638,3,1428.0,0.0,32.0,32.0,0.1396155357360839,38.751661020796746,2563.3828125,,,,,
5639,3,1429.0,0.0,32.0,32.0,0.1920199394226074,40.82059097709134,2574.6875,,,,,
5640,3,1430.0,0.0,32.0,32.0,0.3167719841003418,38.53427502326667,2477.59716796875,,,,,
5641,3,1431.0,0.0,32.0,32.0,0.0511250495910644,39.61653099395335,2507.1259765625,,,,,
5642,3,1432.0,0.0,32.0,32.0,0.109044075012207,39.25049497047439,2498.1083984375,,,,,
5643,3,1433.0,0.0,32.0,32.0,0.0539464950561523,37.70712000550702,2398.12548828125,,,,,
5644,3,1434.0,0.0,32.0,32.0,0.0794649124145507,38.69871702045202,2356.935546875,,,,,
5645,3,1435.0,0.0,32.0,32.0,0.2033872604370117,50.11654598638415,2876.80908203125,,,,,
5646,3,1436.0,0.0,32.0,32.0,0.0626087188720703,39.4569460186176,2349.4912109375,,,,,
5647,3,1437.0,0.0,32.0,32.0,0.0952448844909668,41.75320902140811,2660.82958984375,,,,,
5648,3,1438.0,0.0,32.0,32.0,0.0430827140808105,44.50793901924044,2730.66845703125,,,,,
5649,3,1439.0,0.0,32.0,32.0,0.0400524139404296,40.55242799222469,2563.3828125,,,,,
5650,3,1440.0,0.0,32.0,32.0,0.2207851409912109,30.025789979845285,2377.17919921875,,,,,
5651,3,1441.0,0.0,32.0,32.0,0.1124906539916992,37.66064695082605,2543.56884765625,,,,,
5652,3,1442.0,0.0,32.0,32.0,0.0282173156738281,38.66768500301987,2507.1259765625,,,,,
5653,3,1443.0,0.0,32.0,32.0,0.0187487602233886,38.71750005055219,2507.1259765625,,,,,
5654,3,1444.0,0.0,32.0,32.0,0.1419124603271484,40.11492303106934,2563.3828125,,,,,
5655,3,1445.0,0.0,32.0,32.0,0.220677375793457,37.41747298045084,2398.12548828125,,,,,
5656,3,1446.0,0.0,32.0,32.0,0.2648859024047851,46.316955995280296,2822.1865234375,,,,,
5657,3,1447.0,0.0,32.0,32.0,0.0625848770141601,38.430929998867214,2465.03271484375,,,,,
5658,3,1448.0,0.0,32.0,32.0,0.1125464439392089,39.28069700486958,2507.1259765625,,,,,
5659,3,1449.0,0.0,32.0,32.0,0.0279364585876464,41.527880006469786,2655.02490234375,,,,,
5660,3,1450.0,0.0,32.0,32.0,0.1366167068481445,50.93291401863098,2965.60693359375,,,,,
5661,3,1451.0,0.0,32.0,32.0,0.0090551376342773,43.45447401283309,2730.66845703125,,,,,
5662,3,1452.0,0.0,32.0,32.0,0.1602425575256347,40.16256600152701,2349.4912109375,,,,,
5663,3,1453.0,0.0,32.0,32.0,0.1317505836486816,27.46757498243824,2465.03271484375,,,,,
5664,3,1454.0,0.0,32.0,32.0,0.2244729995727539,48.32902504131198,2946.62548828125,,,,,
5665,3,1455.0,0.0,32.0,32.0,0.4029121398925781,39.04594498453662,2533.17626953125,,,,,
5666,3,1456.0,0.0,32.0,32.0,0.0098719596862792,38.437286973930895,2315.2705078125,,,,,
5667,3,1457.0,0.0,32.0,32.0,0.077005386352539,44.1248890128918,2754.88671875,,,,,
5668,3,1458.0,0.0,32.0,32.0,0.0905652046203613,45.640526979696006,2754.88671875,,,,,
5669,3,1459.0,0.0,32.0,32.0,0.0783061981201171,39.71352300141007,2507.1259765625,,,,,
5670,3,1460.0,0.0,32.0,32.0,0.3480567932128906,39.05863303225488,2477.59716796875,,,,,
5671,3,1461.0,0.0,32.0,32.0,0.1255993843078613,42.34731296310201,2660.82958984375,,,,,
5672,3,1462.0,0.0,32.0,32.0,0.4016003608703613,39.693397004157305,2477.59716796875,,,,,
5673,3,1463.0,0.0,32.0,32.0,0.251798152923584,43.366622005123645,2465.03271484375,,,,,
5674,3,1464.0,0.0,32.0,32.0,0.0251598358154296,36.18342598201707,2410.10546875,,,,,
5675,3,1465.0,0.0,32.0,32.0,0.0858082771301269,40.672739036381245,2574.6875,,,,,
5676,3,1466.0,0.0,32.0,32.0,0.0596218109130859,25.59635101351887,2273.755859375,,,,,
5677,3,1467.0,0.0,32.0,32.0,0.0200743675231933,36.01752297254279,2533.17626953125,,,,,
5678,3,1468.0,0.0,32.0,32.0,0.077890396118164,38.2077670074068,2477.59716796875,,,,,
5679,3,1469.0,0.0,32.0,32.0,0.025425910949707,37.416963023133576,2410.10546875,,,,,
5680,3,1470.0,0.0,32.0,32.0,0.1685495376586914,40.7002130523324,2574.6875,,,,,
5681,3,1471.0,0.0,32.0,32.0,0.0130443572998046,39.437083003576845,2533.17626953125,,,,,
5682,3,1472.0,0.0,32.0,32.0,0.1038532257080078,43.85217296658084,2696.84033203125,,,,,
5683,3,1473.0,0.0,32.0,32.0,0.0552010536193847,34.30379799101502,2233.6396484375,,,,,
5684,3,1474.0,0.0,32.0,32.0,0.3575077056884765,38.90378400683403,2507.1259765625,,,,,
5685,3,1475.0,0.0,32.0,32.0,0.2415876388549804,39.25131802679971,2477.59716796875,,,,,
5686,3,1476.0,0.0,32.0,32.0,0.235262393951416,41.36266303248704,2655.02490234375,,,,,
5687,3,1477.0,0.0,32.0,32.0,0.0910441875457763,41.2912120227702,2660.82958984375,,,,,
5688,3,1478.0,0.0,32.0,32.0,0.06730318069458,42.15569904772565,2660.82958984375,,,,,
5689,3,1479.0,0.0,32.0,32.0,0.0186567306518554,28.24560599401593,2533.17626953125,,,,,
5690,3,1480.0,0.0,32.0,32.0,0.0276260375976562,36.44964302657172,2477.59716796875,,,,,
5691,3,1481.0,0.0,32.0,32.0,0.3030805587768554,40.26989598060027,2655.02490234375,,,,,
5692,3,1482.0,0.0,32.0,32.0,0.0910701751708984,40.80735199386254,2574.6875,,,,,
5693,3,1483.0,0.0,32.0,32.0,0.463019847869873,40.00598698621616,2377.17919921875,,,,,
5694,3,1484.0,0.0,32.0,32.0,0.1200776100158691,49.20509201474488,2876.80908203125,,,,,
5695,3,1485.0,0.0,32.0,32.0,0.0096602439880371,42.99908096436411,2687.3701171875,,,,,
5696,3,1486.0,0.0,32.0,32.0,0.0087499618530273,38.96583500318229,2465.03271484375,,,,,
5697,3,1487.0,0.0,32.0,32.0,0.0929322242736816,41.724133014213294,2660.82958984375,,,,,
5698,3,1488.0,0.0,32.0,32.0,0.1351542472839355,42.21216798759997,2660.82958984375,,,,,
5699,3,1489.0,0.0,32.0,32.0,0.0671124458312988,50.7555190124549,2978.1904296875,,,,,
5700,3,1490.0,0.0,32.0,32.0,0.0216836929321289,41.25680198194459,2563.3828125,,,,,
5701,3,1491.0,0.0,32.0,32.0,0.011552095413208,45.21274898434058,2761.908203125,,,,,
5702,3,1492.0,0.0,32.0,32.0,0.0935468673706054,29.055351042188704,2298.90478515625,,,,,
5703,3,1493.0,0.0,32.0,32.0,0.4059369564056396,37.654848012607545,2574.6875,,,,,
5704,3,1494.0,0.0,32.0,32.0,0.0880141258239746,39.3885099911131,2377.17919921875,,,,,
5705,3,1495.0,0.0,32.0,32.0,0.1251919269561767,42.82836703350768,2696.84033203125,,,,,
5706,3,1496.0,0.0,32.0,32.0,0.1941249370574951,46.46722401957959,2790.72021484375,,,,,
5707,3,1497.0,0.0,32.0,32.0,0.008650779724121,41.41375701874495,2574.6875,,,,,
5708,3,1498.0,0.0,32.0,32.0,0.0087416172027587,39.15815200889483,2507.1259765625,,,,,
5709,3,1499.0,0.0,32.0,32.0,0.2144291400909423,38.31131896004081,2410.10546875,,,,,
5710,3,1500.0,0.0,32.0,32.0,0.0098042488098144,40.1652569998987,2377.17919921875,,,,,
5711,3,1501.0,0.0,32.0,32.0,0.0787653923034668,38.74695999547839,2477.59716796875,,,,,
5712,3,1502.0,0.0,32.0,32.0,0.078653335571289,39.25686998991296,2533.17626953125,,,,,
5713,3,1503.0,0.0,32.0,32.0,0.0067381858825683,43.55582600692287,2690.6982421875,,,,,
5714,3,1504.0,0.0,32.0,32.0,0.1341950893402099,43.90775901265442,2690.6982421875,,,,,
5715,3,1505.0,0.0,32.0,32.0,0.1858046054840088,28.58764998381957,2498.1083984375,,,,,
5716,3,1506.0,0.0,32.0,32.0,0.0245952606201171,36.19176801294088,2410.10546875,,,,,
5717,3,1507.0,0.0,32.0,32.0,0.2413258552551269,40.44769000029192,2655.02490234375,,,,,
5718,3,1508.0,0.0,32.0,32.0,0.2146790027618408,39.60781201021746,2377.17919921875,,,,,
5719,3,1509.0,0.0,32.0,32.0,0.1892533302307129,43.84089302038774,2690.6982421875,,,,,
5720,3,1510.0,0.0,32.0,32.0,0.1061615943908691,39.30287400726229,2465.03271484375,,,,,
5721,3,1511.0,0.0,32.0,32.0,0.0560812950134277,51.63671297486872,3000.7802734375,,,,,
5722,3,1512.0,0.0,32.0,32.0,0.2242205142974853,46.85057600727305,2810.46826171875,,,,,
5723,3,1513.0,0.0,32.0,32.0,0.0099413394927978,47.45313804596663,2810.46826171875,,,,,
5724,3,1514.0,0.0,32.0,32.0,0.2120471000671386,39.70186901278794,2543.56884765625,,,,,
5725,3,1515.0,0.0,32.0,32.0,0.0877530574798584,38.91942999325693,2543.56884765625,,,,,
5726,3,1516.0,0.0,32.0,32.0,0.0098600387573242,40.94179399544373,2687.3701171875,,,,,
5727,3,1517.0,0.0,32.0,32.0,0.0196366310119628,38.94627600675449,2507.1259765625,,,,,
5728,3,1518.0,0.0,32.0,32.0,0.2386932373046875,34.25896598491818,2754.88671875,,,,,
5729,3,1519.0,0.0,32.0,32.0,0.0127120018005371,44.66940701240674,2810.46826171875,,,,,
5730,3,1520.0,0.0,32.0,32.0,0.180124282836914,40.90919002192095,2574.6875,,,,,
5731,3,1521.0,0.0,32.0,32.0,0.4445705413818359,38.457416056189686,2349.4912109375,,,,,
5732,3,1522.0,0.0,32.0,32.0,0.0144214630126953,44.28892902797088,2754.88671875,,,,,
5733,3,1523.0,0.0,32.0,32.0,0.0545811653137207,44.42793800262734,2730.66845703125,,,,,
5734,3,1524.0,0.0,32.0,32.0,0.0261735916137695,41.69001703849062,2655.02490234375,,,,,
5735,3,1525.0,0.0,32.0,32.0,0.1429295539855957,39.02570501668379,2477.59716796875,,,,,
5736,3,1526.0,0.0,32.0,32.0,0.0089292526245117,42.39016701467335,2574.6875,,,,,
5737,3,1527.0,0.0,32.0,32.0,0.1603803634643554,38.51108998060226,2465.03271484375,,,,,
5738,3,1528.0,0.0,32.0,32.0,0.0621023178100585,40.57123902020976,2563.3828125,,,,,
5739,3,1529.0,0.0,32.0,32.0,0.1880841255187988,39.00930797681213,2498.1083984375,,,,,
5740,3,1530.0,0.0,32.0,32.0,0.4407200813293457,39.09293399192393,2507.1259765625,,,,,
5741,3,1531.0,0.0,32.0,32.0,0.3010320663452148,26.31160599412397,2435.498046875,,,,,
5742,3,1532.0,0.0,32.0,32.0,0.0613093376159668,43.52037800708786,2754.88671875,,,,,
5743,3,1533.0,0.0,32.0,32.0,0.139193058013916,48.99920697789639,2876.80908203125,,,,,
5744,3,1534.0,0.0,32.0,32.0,0.0341176986694335,41.49158502696082,2574.6875,,,,,
5745,3,1535.0,0.0,32.0,32.0,0.1896781921386718,45.44546804390848,2754.88671875,,,,,
5746,3,1536.0,0.0,32.0,32.0,0.1210732460021972,38.00709097413346,2398.12548828125,,,,,
5747,3,1537.0,0.0,32.0,32.0,0.0204057693481445,43.70881395880133,2754.88671875,,,,,
5748,3,1538.0,0.0,32.0,32.0,0.0838246345520019,40.65389896277338,2574.6875,,,,,
5749,3,1539.0,0.0,32.0,32.0,0.0266637802124023,38.20960101438686,2410.10546875,,,,,
5750,3,1540.0,0.0,32.0,32.0,0.014897346496582,38.526198011823,2507.1259765625,,,,,
5751,3,1541.0,0.0,32.0,32.0,0.0124859809875488,39.181836997158825,2533.17626953125,,,,,
5752,3,1542.0,0.0,32.0,32.0,0.06719970703125,41.23775794869289,2660.82958984375,,,,,
5753,3,1543.0,0.0,32.0,32.0,0.1640372276306152,43.31397404894233,2690.6982421875,,,,,
5754,3,1544.0,0.0,32.0,32.0,0.0135297775268554,25.13683802681044,2233.6396484375,,,,,
5755,3,1545.0,0.0,32.0,32.0,0.0910491943359375,45.831351017113775,2888.2919921875,,,,,
5756,3,1546.0,0.0,32.0,32.0,0.0060153007507324,38.794171006884426,2498.1083984375,,,,,
5757,3,1547.0,0.0,32.0,32.0,0.0093121528625488,38.09890698175877,2435.498046875,,,,,
5758,3,1548.0,0.0,32.0,32.0,0.2790732383728027,44.917220948264,2754.88671875,,,,,
5759,3,1549.0,0.0,32.0,32.0,0.1922202110290527,44.29073201026768,2696.84033203125,,,,,
5760,3,1550.0,0.0,32.0,32.0,0.2579648494720459,47.92055097641423,2852.0673828125,,,,,
5761,3,1551.0,0.0,32.0,32.0,0.2250137329101562,39.38576398650184,2477.59716796875,,,,,
5762,3,1552.0,0.0,32.0,32.0,0.2655296325683594,38.854528043884784,2435.498046875,,,,,
5763,3,1553.0,0.0,32.0,32.0,0.3007798194885254,40.09640403091908,2563.3828125,,,,,
5764,3,1554.0,0.0,32.0,32.0,0.1941595077514648,40.19952198723331,2563.3828125,,,,,
5765,3,1555.0,0.0,32.0,32.0,0.0224266052246093,39.49704498518258,2543.56884765625,,,,,
5766,3,1556.0,0.0,32.0,32.0,0.1039681434631347,39.03943300247192,2477.59716796875,,,,,
5767,3,1557.0,0.0,32.0,32.0,0.3012909889221191,28.0553629854694,2349.4912109375,,,,,
5768,3,1558.0,0.0,32.0,32.0,0.2112798690795898,38.72785501880571,2533.17626953125,,,,,
5769,3,1559.0,0.0,32.0,32.0,0.0139436721801757,38.77876995829865,2507.1259765625,,,,,
5770,3,1560.0,0.0,32.0,32.0,0.1387343406677246,42.925808986183256,2690.6982421875,,,,,
5771,3,1561.0,0.0,32.0,32.0,0.0143351554870605,44.023144990205765,2696.84033203125,,,,,
5772,3,1562.0,0.0,32.0,32.0,0.0830092430114746,39.99055799795315,2533.17626953125,,,,,
5773,3,1563.0,0.0,32.0,32.0,0.1429471969604492,44.83934899326414,2761.908203125,,,,,
5774,3,1564.0,0.0,32.0,32.0,0.1758074760437011,49.26044697640464,2888.2919921875,,,,,
5775,3,1565.0,0.0,32.0,32.0,0.045473575592041,48.32308500772342,2852.0673828125,,,,,
5776,3,1566.0,0.0,32.0,32.0,0.011016845703125,38.98986103013158,2465.03271484375,,,,,
5777,3,1567.0,0.0,32.0,32.0,0.0087122917175292,41.115489962976426,2660.82958984375,,,,,
5778,3,1568.0,0.0,32.0,32.0,0.308082103729248,34.022432984784245,2233.6396484375,,,,,
5779,3,1569.0,0.0,32.0,32.0,0.013740062713623,36.96131601464003,2435.498046875,,,,,
5780,3,1570.0,0.0,32.0,32.0,0.0758113861083984,28.09689403511584,2507.1259765625,,,,,
5781,3,1571.0,0.0,32.0,32.0,0.2340607643127441,49.119614996016026,2978.1904296875,,,,,
5782,3,1572.0,0.0,32.0,32.0,0.3993597030639648,40.10382603155449,2533.17626953125,,,,,
5783,3,1573.0,0.0,32.0,32.0,0.0416021347045898,50.87632196955383,2978.1904296875,,,,,
5784,3,1574.0,0.0,32.0,32.0,0.2576050758361816,45.51049298606813,2761.908203125,,,,,
5785,3,1575.0,0.0,32.0,32.0,0.0441575050354003,39.17303902562708,2477.59716796875,,,,,
5786,3,1576.0,0.0,32.0,32.0,0.2270293235778808,41.509196045808494,2655.02490234375,,,,,
5787,3,1577.0,0.0,32.0,32.0,0.1540408134460449,41.805486951489,2574.6875,,,,,
5788,3,1578.0,0.0,32.0,32.0,0.0454621315002441,38.48594101145864,2298.90478515625,,,,,
5789,3,1579.0,0.0,32.0,32.0,0.0108113288879394,40.07774399360642,2563.3828125,,,,,
5790,3,1580.0,0.0,32.0,32.0,0.1805324554443359,37.40243602078408,2298.90478515625,,,,,
5791,3,1581.0,0.0,32.0,32.0,0.1077003479003906,48.11968799913302,2888.2919921875,,,,,
5792,3,1582.0,0.0,32.0,32.0,0.1592230796813964,29.31356697808951,2543.56884765625,,,,,
5793,3,1583.0,0.0,32.0,32.0,0.022923469543457,36.715772992465645,2477.59716796875,,,,,
5794,3,1584.0,0.0,32.0,32.0,0.1686620712280273,37.390037963632494,2435.498046875,,,,,
5795,3,1585.0,0.0,32.0,32.0,0.1026673316955566,41.25297197606415,2687.3701171875,,,,,
5796,3,1586.0,0.0,32.0,32.0,0.1455883979797363,44.89159199874848,2761.908203125,,,,,
5797,3,1587.0,0.0,32.0,32.0,0.0849123001098632,39.01492396835238,2465.03271484375,,,,,
5798,3,1588.0,0.0,32.0,32.0,0.150209903717041,47.332294983789325,2822.1865234375,,,,,
5799,3,1589.0,0.0,32.0,32.0,0.1095829010009765,43.51925296941772,2690.6982421875,,,,,
5800,3,1590.0,0.0,32.0,32.0,0.0157022476196289,46.41897795954719,2790.72021484375,,,,,
5801,3,1591.0,0.0,32.0,32.0,0.0148854255676269,44.52865896746516,2690.6982421875,,,,,
5802,3,1592.0,0.0,32.0,32.0,0.2819705009460449,47.57479199906811,2822.1865234375,,,,,
5803,3,1593.0,0.0,32.0,32.0,0.0789756774902343,38.053715019486845,2435.498046875,,,,,
5804,3,1594.0,0.0,32.0,32.0,0.2096381187438964,36.486953031271696,2398.12548828125,,,,,
5805,3,1595.0,0.0,32.0,32.0,0.026496410369873,32.24519098876044,2690.6982421875,,,,,
5806,3,1596.0,0.0,32.0,32.0,0.1970353126525879,37.50105999642983,2435.498046875,,,,,
5807,3,1597.0,0.0,32.0,32.0,0.1756734848022461,38.32084499299526,2498.1083984375,,,,,
5808,3,1598.0,0.0,32.0,32.0,0.0829043388366699,38.87175099225715,2498.1083984375,,,,,
5809,3,1599.0,0.0,32.0,32.0,0.0993480682373046,52.41426901193336,3000.7802734375,,,,,
5810,3,1600.0,0.0,32.0,32.0,0.007277488708496,41.62571101915091,2574.6875,,,,,
5811,3,1601.0,0.0,32.0,32.0,0.1075668334960937,39.1068400349468,2356.935546875,,,,,
5812,3,1602.0,0.0,32.0,32.0,0.3142495155334472,39.15194299770519,2543.56884765625,,,,,
5813,3,1603.0,0.0,32.0,32.0,0.2269864082336425,39.49375299271196,2477.59716796875,,,,,
5814,3,1604.0,0.0,32.0,32.0,0.3564424514770508,38.58606598805636,2435.498046875,,,,,
5815,3,1605.0,0.0,32.0,32.0,0.1724462509155273,43.03583601722494,2690.6982421875,,,,,
5816,3,1606.0,0.0,32.0,32.0,0.0085601806640625,40.44036497361958,2377.17919921875,,,,,
5817,3,1607.0,0.0,32.0,32.0,0.0192198753356933,38.61469496041536,2533.17626953125,,,,,
5818,3,1608.0,0.0,32.0,32.0,0.1195230484008789,33.099027001298964,2730.66845703125,,,,,
5819,3,1609.0,0.0,32.0,32.0,0.0279927253723144,40.85550201125443,2655.02490234375,,,,,
5820,3,1610.0,0.0,32.0,32.0,0.1111640930175781,43.03569201147184,2696.84033203125,,,,,
5821,3,1611.0,0.0,32.0,32.0,0.2601447105407715,42.21687401877716,2687.3701171875,,,,,
5822,3,1612.0,0.0,32.0,32.0,0.0774927139282226,38.92331599490717,2349.4912109375,,,,,
5823,3,1613.0,0.0,32.0,32.0,0.021407127380371,41.50348401162773,2687.3701171875,,,,,
5824,3,1614.0,0.0,32.0,32.0,0.089578628540039,41.49085300741717,2574.6875,,,,,
5825,3,1615.0,0.0,32.0,32.0,0.103766918182373,41.55958304181695,2660.82958984375,,,,,
5826,3,1616.0,0.0,32.0,32.0,0.1396183967590332,50.79543200554326,2946.62548828125,,,,,
5827,3,1617.0,0.0,32.0,32.0,0.1655292510986328,46.26640403876081,2810.46826171875,,,,,
5828,3,1618.0,0.0,32.0,32.0,0.0171468257904052,33.90224400209263,2214.8603515625,,,,,
5829,3,1619.0,0.0,32.0,32.0,0.0795240402221679,40.3287120279856,2655.02490234375,,,,,
5830,3,1620.0,0.0,32.0,32.0,0.0087785720825195,39.08547601895407,2543.56884765625,,,,,
5831,3,1621.0,0.0,32.0,32.0,0.0101909637451171,36.00403800373897,2822.1865234375,,,,,
5832,3,1622.0,0.0,32.0,32.0,0.0136585235595703,38.67087699472904,2507.1259765625,,,,,
5833,3,1623.0,0.0,32.0,32.0,0.2446739673614502,34.33701803442091,2249.71875,,,,,
5834,3,1624.0,0.0,32.0,32.0,0.1730208396911621,38.57295599300414,2543.56884765625,,,,,
5835,3,1625.0,0.0,32.0,32.0,0.2614192962646484,38.45622099470347,2410.10546875,,,,,
5836,3,1626.0,0.0,32.0,32.0,0.1656446456909179,37.15641004964709,2398.12548828125,,,,,
5837,3,1627.0,0.0,32.0,32.0,0.0666761398315429,37.74250904098153,2349.4912109375,,,,,
5838,3,1628.0,0.0,32.0,32.0,0.0062294006347656,38.07151602813974,2465.03271484375,,,,,
5839,3,1629.0,0.0,32.0,32.0,0.3164253234863281,41.710864985361695,2687.3701171875,,,,,
5840,3,1630.0,0.0,32.0,32.0,0.0101702213287353,40.85496300831437,2563.3828125,,,,,
5841,3,1631.0,0.0,32.0,32.0,0.1132678985595703,41.940320981666446,2687.3701171875,,,,,
5842,3,1632.0,0.0,32.0,32.0,0.2962040901184082,38.27866003848612,2298.90478515625,,,,,
5843,3,1633.0,0.0,32.0,32.0,0.2980737686157226,36.58379497937858,2398.12548828125,,,,,
5844,3,1634.0,0.0,32.0,32.0,0.0212683677673339,33.15370000200346,2754.88671875,,,,,
5845,3,1635.0,0.0,32.0,32.0,0.1991128921508789,44.32166897458956,2790.72021484375,,,,,
5846,3,1636.0,0.0,32.0,32.0,0.0906517505645752,37.7711119945161,2298.90478515625,,,,,
5847,3,1637.0,0.0,32.0,32.0,0.1692945957183838,43.278196011669934,2690.6982421875,,,,,
5848,3,1638.0,0.0,32.0,32.0,0.038710594177246,38.67455897852778,2465.03271484375,,,,,
5849,3,1639.0,0.0,32.0,32.0,0.0688154697418212,43.682783958502114,2690.6982421875,,,,,
5850,3,1640.0,0.0,32.0,32.0,0.0028467178344726,44.27668597782031,2730.66845703125,,,,,
5851,3,1641.0,0.0,32.0,32.0,0.0072100162506103,42.342124972492456,2655.02490234375,,,,,
5852,3,1642.0,0.0,32.0,32.0,0.1044847965240478,40.83481500856578,2507.1259765625,,,,,
5853,3,1643.0,0.0,32.0,32.0,0.0123226642608642,45.12712900759652,2660.82958984375,,,,,
5854,3,1644.0,0.0,32.0,32.0,0.2082381248474121,49.93171599926427,2965.60693359375,,,,,
5855,3,1645.0,0.0,32.0,32.0,0.6236743927001953,39.40021403832361,2498.1083984375,,,,,
5856,3,1646.0,0.0,32.0,32.0,0.0071070194244384,30.03925003577024,2655.02490234375,,,,,
5857,3,1647.0,0.0,32.0,32.0,0.0094075202941894,40.65391304902733,2660.82958984375,,,,,
5858,3,1648.0,0.0,32.0,32.0,0.0510356426239013,37.75176900671795,2465.03271484375,,,,,
5859,3,1649.0,0.0,32.0,32.0,0.0173277854919433,40.67324899369851,2655.02490234375,,,,,
5860,3,1650.0,0.0,32.0,32.0,0.0727691650390625,41.29079799167812,2660.82958984375,,,,,
5861,3,1651.0,0.0,32.0,32.0,0.0993077754974365,47.02593298861757,2822.1865234375,,,,,
5862,3,1652.0,0.0,32.0,32.0,0.0819313526153564,39.52131699770689,2533.17626953125,,,,,
5863,3,1653.0,0.0,32.0,32.0,0.0869169235229492,39.84596498776227,2543.56884765625,,,,,
5864,3,1654.0,0.0,32.0,32.0,0.2731363773345947,37.9464189754799,2398.12548828125,,,,,
5865,3,1655.0,0.0,32.0,32.0,0.0315873622894287,34.697468974627554,2249.71875,,,,,
5866,3,1656.0,0.0,32.0,32.0,0.0114026069641113,38.15146395936608,2498.1083984375,,,,,
5867,3,1657.0,0.0,32.0,32.0,0.0501201152801513,41.70678602531552,2687.3701171875,,,,,
5868,3,1658.0,0.0,32.0,32.0,0.017331838607788,41.170504002366215,2574.6875,,,,,
5869,3,1659.0,0.0,32.0,32.0,0.2400979995727539,28.64608896197751,2507.1259765625,,,,,
5870,3,1660.0,0.0,32.0,32.0,0.0057170391082763,42.78901300858706,2761.908203125,,,,,
5871,3,1661.0,0.0,32.0,32.0,0.0833706855773925,48.99794101947919,2888.2919921875,,,,,
5872,3,1662.0,0.0,32.0,32.0,0.0663552284240722,41.48722102399916,2687.3701171875,,,,,
5873,3,1663.0,0.0,32.0,32.0,0.1980667114257812,39.14591995999217,2465.03271484375,,,,,
5874,3,1664.0,0.0,32.0,32.0,0.3886976242065429,41.57361894613132,2687.3701171875,,,,,
5875,3,1665.0,0.0,32.0,32.0,0.1976397037506103,39.10906100645661,2465.03271484375,,,,,
5876,3,1666.0,0.0,32.0,32.0,0.1983711719512939,37.40484698209912,2398.12548828125,,,,,
5877,3,1667.0,0.0,32.0,32.0,0.0707807540893554,37.53432299708948,2465.03271484375,,,,,
5878,3,1668.0,0.0,32.0,32.0,0.1328434944152832,41.70507297385484,2660.82958984375,,,,,
5879,3,1669.0,0.0,32.0,32.0,0.0050394535064697,47.879702993668616,2852.0673828125,,,,,
5880,3,1670.0,0.0,32.0,32.0,0.022637128829956,40.16772098839283,2543.56884765625,,,,,
5881,3,1671.0,0.0,32.0,32.0,0.0395038127899169,46.11641500378028,2810.46826171875,,,,,
5882,3,1672.0,0.0,32.0,32.0,0.1970856189727783,27.61975198518485,2465.03271484375,,,,,
5883,3,1673.0,0.0,32.0,32.0,0.2350761890411377,39.08896696520969,2655.02490234375,,,,,
5884,3,1674.0,0.0,32.0,32.0,0.0072107315063476,38.0221979576163,2477.59716796875,,,,,
5885,3,1675.0,0.0,32.0,32.0,0.0169286727905273,38.06409798562527,2477.59716796875,,,,,
5886,3,1676.0,0.0,32.0,32.0,0.0105159282684326,38.8250490068458,2356.935546875,,,,,
5887,3,1677.0,0.0,32.0,32.0,0.1347823143005371,39.35545001877472,2543.56884765625,,,,,
5888,3,1678.0,0.0,32.0,32.0,0.0911602973937988,44.81184802716598,2761.908203125,,,,,
5889,3,1679.0,0.0,32.0,32.0,0.1102406978607177,39.92197901243344,2533.17626953125,,,,,
5890,3,1680.0,0.0,32.0,32.0,0.0131423473358154,40.9171330393292,2377.17919921875,,,,,
5891,3,1681.0,0.0,32.0,32.0,0.1998343467712402,45.69693899247795,2790.72021484375,,,,,
5892,3,1682.0,0.0,32.0,32.0,0.0135343074798583,44.98422297183424,2730.66845703125,,,,,
5893,3,1683.0,0.0,32.0,32.0,0.1732368469238281,39.06119597377256,2435.498046875,,,,,
5894,3,1684.0,0.0,32.0,32.0,0.1311962604522705,45.05134397186339,2810.46826171875,,,,,
5895,3,1685.0,0.0,32.0,32.0,0.1017558574676513,29.857295972760767,2563.3828125,,,,,
5896,3,1686.0,0.0,32.0,32.0,0.1850073337554931,37.71743300603703,2533.17626953125,,,,,
5897,3,1687.0,0.0,32.0,32.0,0.1215705871582031,38.65061799297109,2477.59716796875,,,,,
5898,3,1688.0,0.0,32.0,32.0,0.2097761631011963,44.63108599884436,2754.88671875,,,,,
5899,3,1689.0,0.0,32.0,32.0,0.1595129966735839,41.72007698798552,2655.02490234375,,,,,
5900,3,1690.0,0.0,32.0,32.0,0.1605424880981445,38.98913797456771,2533.17626953125,,,,,
5901,3,1691.0,0.0,32.0,32.0,0.0851898193359375,45.77920900192112,2810.46826171875,,,,,
5902,3,1692.0,0.0,32.0,32.0,0.0554163455963134,39.12039496935904,2507.1259765625,,,,,
5903,3,1693.0,0.0,32.0,32.0,0.1475641727447509,35.25670000817627,2214.8603515625,,,,,
5904,3,1694.0,0.0,32.0,32.0,0.1406183242797851,36.88607696676627,2298.90478515625,,,,,
5905,3,1695.0,0.0,32.0,32.0,0.062197208404541,40.72894097771496,2655.02490234375,,,,,
5906,3,1696.0,0.0,32.0,32.0,0.0988445281982421,41.42635897733271,2574.6875,,,,,
5907,3,1697.0,0.0,32.0,32.0,0.2019305229187011,39.582377998158336,2377.17919921875,,,,,
5908,3,1698.0,0.0,32.0,32.0,0.0212063789367675,33.052371989469975,2754.88671875,,,,,
5909,3,1699.0,0.0,32.0,32.0,0.0148401260375976,38.06598699884489,2507.1259765625,,,,,
5910,3,1700.0,0.0,32.0,32.0,0.4020581245422363,38.34955702768639,2349.4912109375,,,,,
5911,3,1701.0,0.0,32.0,32.0,0.0365796089172363,38.61514898017049,2533.17626953125,,,,,
5912,3,1702.0,0.0,32.0,32.0,0.0188627243041992,38.99480402469635,2498.1083984375,,,,,
5913,3,1703.0,0.0,32.0,32.0,0.0814371109008789,40.90607998659834,2574.6875,,,,,
5914,3,1704.0,0.0,32.0,32.0,0.1281051635742187,34.31238903431222,2213.51806640625,,,,,
5915,3,1705.0,0.0,32.0,32.0,0.0150489807128906,38.12813200056553,2507.1259765625,,,,,
5916,3,1706.0,0.0,32.0,32.0,0.1475749015808105,39.27584900520742,2507.1259765625,,,,,
5917,3,1707.0,0.0,32.0,32.0,0.2345719337463379,40.11529800482094,2507.1259765625,,,,,
5918,3,1708.0,0.0,32.0,32.0,0.2448711395263672,38.01121999276802,2398.12548828125,,,,,
5919,3,1709.0,0.0,32.0,32.0,0.0247697830200195,38.17878902191296,2477.59716796875,,,,,
5920,3,1710.0,0.0,32.0,32.0,0.0572876930236816,38.55105000548065,2498.1083984375,,,,,
5921,3,1711.0,0.0,32.0,32.0,0.1220111846923828,42.00433299411088,2687.3701171875,,,,,
5922,3,1712.0,0.0,32.0,32.0,0.0109486579895019,28.621617006137967,2543.56884765625,,,,,
5923,3,1713.0,0.0,32.0,32.0,0.0110831260681152,38.75218302709982,2563.3828125,,,,,
5924,3,1714.0,0.0,32.0,32.0,0.0160140991210937,38.49716100376099,2349.4912109375,,,,,
5925,3,1715.0,0.0,32.0,32.0,0.0134663581848144,38.780115952249616,2533.17626953125,,,,,
5926,3,1716.0,0.0,32.0,32.0,0.2643461227416992,49.17313402984291,2876.80908203125,,,,,
5927,3,1717.0,0.0,32.0,32.0,0.2029056549072265,40.94746900955215,2574.6875,,,,,
5928,3,1718.0,0.0,32.0,32.0,0.1502041816711425,38.463792006950825,2435.498046875,,,,,
5929,3,1719.0,0.0,32.0,32.0,0.1232976913452148,46.20036802953109,2790.72021484375,,,,,
5930,3,1720.0,0.0,32.0,32.0,0.0812392234802246,48.431964009068906,2852.0673828125,,,,,
5931,3,1721.0,0.0,32.0,32.0,0.1528325080871582,40.22052400978282,2543.56884765625,,,,,
5932,3,1722.0,0.0,32.0,32.0,0.3144831657409668,43.16442797426134,2690.6982421875,,,,,
5933,3,1723.0,0.0,32.0,32.0,0.0188665390014648,40.77850701287389,2563.3828125,,,,,
5934,3,1724.0,0.0,32.0,32.0,0.021461009979248,38.76041003968567,2498.1083984375,,,,,
5935,3,1725.0,0.0,32.0,32.0,0.3072409629821777,39.46782200364396,3087.77978515625,,,,,
5936,3,1726.0,0.0,32.0,32.0,0.2664971351623535,42.45613800594583,2660.82958984375,,,,,
5937,3,1727.0,0.0,32.0,32.0,0.1503009796142578,45.08771398104727,2754.88671875,,,,,
5938,3,1728.0,0.0,32.0,32.0,0.3003056049346924,39.403342991136014,2543.56884765625,,,,,
5939,3,1729.0,0.0,32.0,32.0,0.3602004051208496,39.79427699232474,2543.56884765625,,,,,
5940,3,1730.0,0.0,32.0,32.0,0.1231307983398437,41.5410179994069,2574.6875,,,,,
5941,3,1731.0,0.0,32.0,32.0,0.1611270904541015,37.86831599427387,2410.10546875,,,,,
5942,3,1732.0,0.0,32.0,32.0,0.1231436729431152,40.23357201367617,2563.3828125,,,,,
5943,3,1733.0,0.0,32.0,32.0,0.1098957061767578,41.37155000353232,2563.3828125,,,,,
5944,3,1734.0,0.0,32.0,32.0,0.049173355102539,41.67947400128469,2655.02490234375,,,,,
5945,3,1735.0,0.0,32.0,32.0,0.0239319801330566,40.12045299168676,2533.17626953125,,,,,
5946,3,1736.0,0.0,32.0,32.0,0.1562528610229492,38.718388008419424,2498.1083984375,,,,,
5947,3,1737.0,0.0,32.0,32.0,0.0835769176483154,48.8643060089089,2876.80908203125,,,,,
5948,3,1738.0,0.0,32.0,32.0,0.0174641609191894,32.43407100671902,2696.84033203125,,,,,
5949,3,1739.0,0.0,32.0,32.0,0.031099796295166,45.123939984478056,2761.908203125,,,,,
5950,3,1740.0,0.0,32.0,32.0,0.1654202938079834,40.33732699463144,2377.17919921875,,,,,
5951,3,1741.0,0.0,32.0,32.0,0.2326865196228027,37.84818499116227,2410.10546875,,,,,
5952,3,1742.0,0.0,32.0,32.0,0.0903568267822265,48.97746496135369,2888.2919921875,,,,,
5953,3,1743.0,0.0,32.0,32.0,0.0910258293151855,43.67567104054615,2696.84033203125,,,,,
5954,3,1744.0,0.0,32.0,32.0,0.0497181415557861,39.04617001535371,2435.498046875,,,,,
5955,3,1745.0,0.0,32.0,32.0,0.2117094993591308,45.43318797368556,2790.72021484375,,,,,
5956,3,1746.0,0.0,32.0,32.0,0.1704874038696289,41.56371898716316,2660.82958984375,,,,,
5957,3,1747.0,0.0,32.0,32.0,0.0170121192932128,34.89690204150975,2273.755859375,,,,,
5958,3,1748.0,0.0,32.0,32.0,0.0667304992675781,36.85551695525646,2435.498046875,,,,,
5959,3,1749.0,0.0,32.0,32.0,0.1127052307128906,40.09764804504812,2574.6875,,,,,
5960,3,1750.0,0.0,32.0,32.0,0.0692358016967773,36.89545299857855,2398.12548828125,,,,,
5961,3,1751.0,0.0,32.0,32.0,0.1189846992492675,33.29288400709629,2761.908203125,,,,,
5962,3,1752.0,0.0,32.0,32.0,0.0163831710815429,43.236886034719646,2730.66845703125,,,,,
5963,3,1753.0,0.0,32.0,32.0,0.1017465591430664,39.40042294561863,2543.56884765625,,,,,
5964,3,1754.0,0.0,32.0,32.0,0.0300421714782714,39.898307994008064,2377.17919921875,,,,,
5965,3,1755.0,0.0,32.0,32.0,0.2188401222229004,40.23006203351542,2563.3828125,,,,,
5966,3,1756.0,0.0,32.0,32.0,0.0187697410583496,43.85008499957621,2730.66845703125,,,,,
5967,3,1757.0,0.0,32.0,32.0,0.1273050308227539,39.83485995559022,2498.1083984375,,,,,
5968,3,1758.0,0.0,32.0,32.0,0.1905779838562011,39.046129037160426,2498.1083984375,,,,,
5969,3,1759.0,0.0,32.0,32.0,0.2918977737426758,41.06546298135072,2563.3828125,,,,,
5970,3,1760.0,0.0,32.0,32.0,0.2012224197387695,39.80667900759727,2543.56884765625,,,,,
5971,3,1761.0,0.0,32.0,32.0,0.0378274917602539,44.50635000830516,2730.66845703125,,,,,
5972,3,1762.0,0.0,32.0,32.0,0.1820425987243652,42.49271197477356,2574.6875,,,,,
5973,3,1763.0,0.0,32.0,32.0,0.0337560176849365,38.36181596852839,2435.498046875,,,,,
5974,3,1764.0,0.0,32.0,32.0,0.1035013198852539,26.640232012141496,2533.17626953125,,,,,
5975,3,1765.0,0.0,32.0,32.0,0.1467909812927246,48.40833001071587,2876.80908203125,,,,,
5976,3,1766.0,0.0,32.0,32.0,0.0636878013610839,45.29040097258985,2761.908203125,,,,,
5977,3,1767.0,0.0,32.0,32.0,0.1145997047424316,44.24872098024935,2690.6982421875,,,,,
5978,3,1768.0,0.0,32.0,32.0,0.0829439163208007,46.4690100052394,2810.46826171875,,,,,
5979,3,1769.0,0.0,32.0,32.0,0.0499849319458007,38.01387501880527,2410.10546875,,,,,
5980,3,1770.0,0.0,32.0,32.0,0.1110444068908691,47.82533104298636,2888.2919921875,,,,,
5981,3,1771.0,0.0,32.0,32.0,0.3356022834777832,40.052681986708194,2377.17919921875,,,,,
5982,3,1772.0,0.0,32.0,32.0,0.162907600402832,39.143964007962495,2356.935546875,,,,,
5983,3,1773.0,0.0,32.0,32.0,0.2678089141845703,38.53131801588461,2349.4912109375,,,,,
5984,3,1774.0,0.0,32.0,32.0,0.1287407875061035,41.52845498174429,2660.82958984375,,,,,
5985,3,1775.0,0.0,32.0,32.0,0.021881103515625,41.38612397946417,2655.02490234375,,,,,
5986,3,1776.0,0.0,32.0,32.0,0.1207261085510253,31.673415971454236,2696.84033203125,,,,,
5987,3,1777.0,0.0,32.0,32.0,0.0651202201843261,41.526002052705735,2660.82958984375,,,,,
5988,3,1778.0,0.0,32.0,32.0,0.0613131523132324,41.18768102489412,2660.82958984375,,,,,
5989,3,1779.0,0.0,32.0,32.0,0.1325864791870117,39.41297199344263,2543.56884765625,,,,,
5990,3,1780.0,0.0,32.0,32.0,0.030341625213623,38.42438996070996,2435.498046875,,,,,
5991,3,1781.0,0.0,32.0,32.0,0.0251131057739257,38.907181995455176,2533.17626953125,,,,,
5992,3,1782.0,0.0,32.0,32.0,0.091395616531372,38.69580198079348,2477.59716796875,,,,,
5993,3,1783.0,0.0,32.0,32.0,0.2465724945068359,41.18400497827679,2574.6875,,,,,
5994,3,1784.0,0.0,32.0,32.0,0.0349478721618652,39.903481025248766,2533.17626953125,,,,,
5995,3,1785.0,0.0,32.0,32.0,0.1260440349578857,39.2733599874191,2410.10546875,,,,,
5996,3,1786.0,0.0,32.0,32.0,0.1547563076019287,37.9670659895055,2435.498046875,,,,,
5997,3,1787.0,0.0,32.0,32.0,0.075791597366333,41.05501802405343,2655.02490234375,,,,,
5998,3,1788.0,0.0,32.0,32.0,0.1446552276611328,38.47644000779837,2435.498046875,,,,,
5999,3,1789.0,0.0,32.0,32.0,0.21336030960083,27.920616033952683,2543.56884765625,,,,,
6000,3,1790.0,0.0,32.0,32.0,0.0656001567840576,37.7547150128521,2498.1083984375,,,,,
6001,3,1791.0,0.0,32.0,32.0,0.0169289112091064,39.88311399007216,2563.3828125,,,,,
6002,3,1792.0,0.0,32.0,32.0,0.1278293132781982,45.85813300218433,2790.72021484375,,,,,
6003,3,1793.0,0.0,32.0,32.0,0.0707170963287353,43.91457000747323,2690.6982421875,,,,,
6004,3,1794.0,0.0,32.0,32.0,0.4922888278961181,38.822254980914295,2465.03271484375,,,,,
6005,3,1795.0,0.0,32.0,32.0,0.0528781414031982,43.95802697399631,2761.908203125,,,,,
6006,3,1796.0,0.0,32.0,32.0,0.0699851512908935,39.67810998437926,2533.17626953125,,,,,
6007,3,1797.0,0.0,32.0,32.0,0.1184582710266113,41.68460104847327,2660.82958984375,,,,,
6008,3,1798.0,0.0,32.0,32.0,0.1653070449829101,39.637559035327286,2533.17626953125,,,,,
6009,3,1799.0,0.0,32.0,32.0,0.2175333499908447,39.37762597342953,2533.17626953125,,,,,
6010,3,1800.0,0.0,32.0,32.0,0.1219885349273681,41.10166098689661,2655.02490234375,,,,,
6011,3,1801.0,0.0,32.0,32.0,0.1242890357971191,39.09670398570597,2498.1083984375,,,,,
6012,3,1802.0,0.0,32.0,32.0,0.210763931274414,25.918067956808954,2543.56884765625,,,,,
6013,3,1803.0,0.0,32.0,32.0,0.1463315486907959,38.86641701683402,2498.1083984375,,,,,
6014,3,1804.0,0.0,32.0,32.0,0.2429685592651367,39.299615018535405,2533.17626953125,,,,,
6015,3,1805.0,0.0,32.0,32.0,0.1382567882537841,40.5466600204818,2563.3828125,,,,,
6016,3,1806.0,0.0,32.0,32.0,0.0904207229614257,42.039541993290186,2687.3701171875,,,,,
6017,3,1807.0,0.0,32.0,32.0,0.2057037353515625,38.41637499863282,2298.90478515625,,,,,
6018,3,1808.0,0.0,32.0,32.0,0.4412307739257812,44.23232504632324,2730.66845703125,,,,,
6019,3,1809.0,0.0,32.0,32.0,0.3452467918395996,46.468200045637786,2790.72021484375,,,,,
6020,3,1810.0,0.0,32.0,32.0,0.0664830207824707,39.58730795420706,2435.498046875,,,,,
6021,3,1811.0,0.0,32.0,32.0,0.04736328125,39.07588100992143,2465.03271484375,,,,,
6022,3,1812.0,0.0,32.0,32.0,0.0563945770263671,43.81505097262561,2690.6982421875,,,,,
6023,3,1813.0,0.0,32.0,32.0,0.0706987380981445,39.06180697958917,2410.10546875,,,,,
6024,3,1814.0,0.0,32.0,32.0,0.1263141632080078,39.18383800191805,2498.1083984375,,,,,
6025,3,1815.0,0.0,32.0,32.0,0.1170778274536132,28.175045968964696,2574.6875,,,,,
6026,3,1816.0,0.0,32.0,32.0,0.1265196800231933,37.249346962198615,2533.17626953125,,,,,
6027,3,1817.0,0.0,32.0,32.0,0.1247882843017578,38.87409699382261,2543.56884765625,,,,,
6028,3,1818.0,0.0,32.0,32.0,0.1283783912658691,43.49781002383679,2690.6982421875,,,,,
6029,3,1819.0,0.0,32.0,32.0,0.0642070770263671,40.00611300580204,2356.935546875,,,,,
6030,3,1820.0,0.0,32.0,32.0,0.0438446998596191,40.98001203965396,2574.6875,,,,,
6031,3,1821.0,0.0,32.0,32.0,0.0869874954223632,38.08831103378907,2435.498046875,,,,,
6032,3,1822.0,0.0,32.0,32.0,0.0540742874145507,38.50487899035216,2498.1083984375,,,,,
6033,3,1823.0,0.0,32.0,32.0,0.0313663482666015,40.81056802533567,2377.17919921875,,,,,
6034,3,1824.0,0.0,32.0,32.0,0.1019034385681152,38.50080800475553,2477.59716796875,,,,,
6035,3,1825.0,0.0,32.0,32.0,0.1599173545837402,38.59512897906825,2356.935546875,,,,,
6036,3,1826.0,0.0,32.0,32.0,0.0378684997558593,43.590928020421416,2696.84033203125,,,,,
6037,3,1827.0,0.0,32.0,32.0,0.3023304939270019,38.754898007027805,2435.498046875,,,,,
6038,3,1828.0,0.0,32.0,32.0,0.0137076377868652,40.17117101466283,3000.7802734375,,,,,
6039,3,1829.0,0.0,32.0,32.0,0.1130628585815429,51.67690699454397,2914.046875,,,,,
6040,3,1830.0,0.0,32.0,32.0,0.3497877120971679,36.75059898523614,2498.1083984375,,,,,
6041,3,1831.0,0.0,32.0,32.0,0.0558156967163085,41.04401601944119,2655.02490234375,,,,,
6042,3,1832.0,0.0,32.0,32.0,0.1393942832946777,40.048270020633936,2533.17626953125,,,,,
6043,3,1833.0,0.0,32.0,32.0,0.3995256423950195,39.056623994838446,2465.03271484375,,,,,
6044,3,1834.0,0.0,32.0,32.0,0.1537046432495117,38.34973199991509,2410.10546875,,,,,
6045,3,1835.0,0.0,32.0,32.0,0.0308396816253662,49.40819297917187,2888.2919921875,,,,,
6046,3,1836.0,0.0,32.0,32.0,0.1668653488159179,45.43819901300594,2761.908203125,,,,,
6047,3,1837.0,0.0,32.0,32.0,0.1047399044036865,38.97725004935637,2477.59716796875,,,,,
6048,3,1838.0,0.0,32.0,32.0,0.0529055595397949,39.1772779985331,2377.17919921875,,,,,
6049,3,1839.0,0.0,32.0,32.0,0.1378064155578613,37.449333001859486,2477.59716796875,,,,,
6050,3,1840.0,0.0,32.0,32.0,0.1638693809509277,28.99671101476997,2377.17919921875,,,,,
6051,3,1841.0,0.0,32.0,32.0,0.0103306770324707,49.66093698749319,3000.7802734375,,,,,
6052,3,1842.0,0.0,32.0,32.0,0.4125041961669922,41.20876197703183,2574.6875,,,,,
6053,3,1843.0,0.0,32.0,32.0,0.2084231376647949,39.034963003359735,2533.17626953125,,,,,
6054,3,1844.0,0.0,32.0,32.0,0.2009103298187255,43.27385005308315,2690.6982421875,,,,,
6055,3,1845.0,0.0,32.0,32.0,0.0858783721923828,39.15830497862771,2465.03271484375,,,,,
6056,3,1846.0,0.0,32.0,32.0,0.0744836330413818,38.94168097758666,2533.17626953125,,,,,
6057,3,1847.0,0.0,32.0,32.0,0.3541216850280761,47.20437800278887,2822.1865234375,,,,,
6058,3,1848.0,0.0,32.0,32.0,0.0980105400085449,39.03933399124071,2315.2705078125,,,,,
6059,3,1849.0,0.0,32.0,32.0,0.0979557037353515,41.8908650171943,2655.02490234375,,,,,
6060,3,1850.0,0.0,32.0,32.0,0.0225505828857421,39.44236598908901,2498.1083984375,,,,,
6061,3,1851.0,0.0,32.0,32.0,0.0380101203918457,39.562810969073325,2377.17919921875,,,,,
6062,3,1852.0,0.0,32.0,32.0,0.0687198638916015,43.38177799945697,2690.6982421875,,,,,
6063,3,1853.0,0.0,32.0,32.0,0.013920783996582,30.839112994726747,2655.02490234375,,,,,
6064,3,1854.0,0.0,32.0,32.0,0.1807146072387695,37.91649098275229,2507.1259765625,,,,,
6065,3,1855.0,0.0,32.0,32.0,0.0126466751098632,39.868941996246576,2543.56884765625,,,,,
6066,3,1856.0,0.0,32.0,32.0,0.0415692329406738,40.61037197243422,2563.3828125,,,,,
6067,3,1857.0,0.0,32.0,32.0,0.0189161300659179,38.20254601305351,2410.10546875,,,,,
6068,3,1858.0,0.0,32.0,32.0,0.1735925674438476,43.77083299914375,2730.66845703125,,,,,
6069,3,1859.0,0.0,32.0,32.0,0.034942626953125,40.14303896110505,2498.1083984375,,,,,
6070,3,1860.0,0.0,32.0,32.0,0.0612764358520507,44.1354580107145,2730.66845703125,,,,,
6071,3,1861.0,0.0,32.0,32.0,0.1942300796508789,40.25632899720222,2507.1259765625,,,,,
6072,3,1862.0,0.0,32.0,32.0,0.01296067237854,39.09552801633254,2507.1259765625,,,,,
6073,3,1863.0,0.0,32.0,32.0,0.2153553962707519,48.30917896470055,2876.80908203125,,,,,
6074,3,1864.0,0.0,32.0,32.0,0.0507326126098632,38.820696994662285,2349.4912109375,,,,,
6075,3,1865.0,0.0,32.0,32.0,0.1617672443389892,46.566598990466446,2852.0673828125,,,,,
6076,3,1866.0,0.0,32.0,32.0,0.0186488628387451,31.529041996691376,2690.6982421875,,,,,
6077,3,1867.0,0.0,32.0,32.0,0.0248816013336181,38.3667090209201,2465.03271484375,,,,,
6078,3,1868.0,0.0,32.0,32.0,0.1709356307983398,38.62413199385628,2543.56884765625,,,,,
6079,3,1869.0,0.0,32.0,32.0,0.1648149490356445,51.70075601199642,3000.7802734375,,,,,
6080,3,1870.0,0.0,32.0,32.0,0.0554287433624267,40.26730195619166,2543.56884765625,,,,,
6081,3,1871.0,0.0,32.0,32.0,0.0161745548248291,39.97910302132368,2543.56884765625,,,,,
6082,3,1872.0,0.0,32.0,32.0,0.1449663639068603,41.94719198858365,2687.3701171875,,,,,
6083,3,1873.0,0.0,32.0,32.0,0.3049519062042236,49.35305798426271,2876.80908203125,,,,,
6084,3,1874.0,0.0,32.0,32.0,0.0057308673858642,50.320505048148334,2946.62548828125,,,,,
6085,3,1875.0,0.0,32.0,32.0,0.0283741950988769,51.69822700554505,3000.7802734375,,,,,
6086,3,1876.0,0.0,32.0,32.0,0.1212472915649414,39.0158910304308,2435.498046875,,,,,
6087,3,1877.0,0.0,32.0,32.0,0.1265914440155029,33.857484988402575,2233.6396484375,,,,,
6088,3,1878.0,0.0,32.0,32.0,0.0654432773590087,27.92391699040309,2349.4912109375,,,,,
6089,3,1879.0,0.0,32.0,32.0,0.0163195133209228,37.66681504203007,2543.56884765625,,,,,
6090,3,1880.0,0.0,32.0,32.0,0.0799770355224609,40.25215900037438,2563.3828125,,,,,
6091,3,1881.0,0.0,32.0,32.0,0.166360855102539,38.89713203534484,2498.1083984375,,,,,
6092,3,1882.0,0.0,32.0,32.0,0.0152201652526855,38.90527505427599,2477.59716796875,,,,,
6093,3,1883.0,0.0,32.0,32.0,0.0169556140899658,41.00913897855207,2655.02490234375,,,,,
6094,3,1884.0,0.0,32.0,32.0,0.2106761932373047,41.23876604717225,2574.6875,,,,,
6095,3,1885.0,0.0,32.0,32.0,0.0835452079772949,40.85213900543749,2574.6875,,,,,
6096,3,1886.0,0.0,32.0,32.0,0.0968291759490966,47.76808398310095,2852.0673828125,,,,,
6097,3,1887.0,0.0,32.0,32.0,0.0117495059967041,41.90748097607866,2574.6875,,,,,
6098,3,1888.0,0.0,32.0,32.0,0.2341165542602539,37.710757984314114,2435.498046875,,,,,
6099,3,1889.0,0.0,32.0,32.0,0.2048001289367675,36.52497299481183,2398.12548828125,,,,,
6100,3,1890.0,0.0,32.0,32.0,0.1210365295410156,37.629597005434334,2465.03271484375,,,,,
6101,3,1891.0,0.0,32.0,32.0,0.0853636264801025,27.744151011575013,2315.2705078125,,,,,
6102,3,1892.0,0.0,32.0,32.0,0.149449348449707,35.80905101262033,2465.03271484375,,,,,
6103,3,1893.0,0.0,32.0,32.0,0.0116643905639648,37.46367699932307,2465.03271484375,,,,,
6104,3,1894.0,0.0,32.0,32.0,0.1288347244262695,37.81064797658473,2465.03271484375,,,,,
6105,3,1895.0,0.0,32.0,32.0,0.0650241374969482,38.32112799864262,2349.4912109375,,,,,
6106,3,1896.0,0.0,32.0,32.0,0.1031341552734375,41.00181395187974,2655.02490234375,,,,,
6107,3,1897.0,0.0,32.0,32.0,0.1854588985443115,44.21351902419701,2696.84033203125,,,,,
6108,3,1898.0,0.0,32.0,32.0,0.0283150672912597,39.74538098555058,2507.1259765625,,,,,
6109,3,1899.0,0.0,32.0,32.0,0.2086104154586792,38.94495102576912,2465.03271484375,,,,,
6110,3,1900.0,0.0,32.0,32.0,0.0048937797546386,38.39931602124125,2398.12548828125,,,,,
6111,3,1901.0,0.0,32.0,32.0,0.14992356300354,49.86536799697205,2956.64208984375,,,,,
6112,3,1902.0,0.0,32.0,32.0,0.1855442523956298,52.69411695189774,3023.82470703125,,,,,
6113,3,1903.0,0.0,32.0,32.0,0.1700305938720703,39.21257401816547,2315.2705078125,,,,,
6114,3,1904.0,0.0,32.0,32.0,0.0674066543579101,26.781190012115985,2398.12548828125,,,,,
6115,3,1905.0,0.0,32.0,32.0,0.4627330303192138,35.60577594907954,2349.4912109375,,,,,
6116,3,1906.0,0.0,32.0,32.0,0.0530333518981933,37.19098499277607,2435.498046875,,,,,
6117,3,1907.0,0.0,32.0,32.0,0.323789119720459,34.30986701278016,2273.755859375,,,,,
6118,3,1908.0,0.0,32.0,32.0,0.3538920879364013,38.24082895880565,2507.1259765625,,,,,
6119,3,1909.0,0.0,32.0,32.0,0.1691939830780029,45.13143398799002,2754.88671875,,,,,
6120,3,1910.0,0.0,32.0,32.0,0.0750641822814941,43.77819097135216,2730.66845703125,,,,,
6121,3,1911.0,0.0,32.0,32.0,0.3102800846099853,38.803027011454105,2410.10546875,,,,,
6122,3,1912.0,0.0,32.0,32.0,0.0358445644378662,41.11633397405967,2574.6875,,,,,
6123,3,1913.0,0.0,32.0,32.0,0.1327881813049316,44.517171976622194,2696.84033203125,,,,,
6124,3,1914.0,0.0,32.0,32.0,0.1825423240661621,38.25961198890582,2398.12548828125,,,,,
6125,3,1915.0,0.0,32.0,32.0,0.0165777206420898,34.36612302903086,2273.755859375,,,,,
6126,3,1916.0,0.0,32.0,32.0,0.1285624504089355,39.644560019951314,2574.6875,,,,,
6127,3,1917.0,0.0,32.0,32.0,0.1351525783538818,30.337608011905104,2687.3701171875,,,,,
6128,3,1918.0,0.0,32.0,32.0,0.0316839218139648,42.353769997134805,2730.66845703125,,,,,
6129,3,1919.0,0.0,32.0,32.0,0.0401954650878906,39.379334019031376,2533.17626953125,,,,,
6130,3,1920.0,0.0,32.0,32.0,0.0979938507080078,46.82386899366975,2822.1865234375,,,,,
6131,3,1921.0,0.0,32.0,32.0,0.0986073017120361,41.28110897727311,2574.6875,,,,,
6132,3,1922.0,0.0,32.0,32.0,0.2241291999816894,39.2965369974263,2507.1259765625,,,,,
6133,3,1923.0,0.0,32.0,32.0,0.1314749717712402,38.95283699966967,2498.1083984375,,,,,
6134,3,1924.0,0.0,32.0,32.0,0.0662150382995605,38.47887797746807,2435.498046875,,,,,
6135,3,1925.0,0.0,32.0,32.0,0.0349173545837402,38.836824998725206,2498.1083984375,,,,,
6136,3,1926.0,0.0,32.0,32.0,0.1457934379577636,39.5786069566384,2315.2705078125,,,,,
6137,3,1927.0,0.0,32.0,32.0,0.2047390937805175,39.23633700469509,2507.1259765625,,,,,
6138,3,1928.0,0.0,32.0,32.0,0.2416431903839111,40.36314500262961,2563.3828125,,,,,
6139,3,1929.0,0.0,32.0,32.0,0.0355465412139892,39.56040600314736,2507.1259765625,,,,,
6140,3,1930.0,0.0,32.0,32.0,0.0300817489624023,30.10710497619584,2655.02490234375,,,,,
6141,3,1931.0,0.0,32.0,32.0,0.0161681175231933,36.55070497188717,2410.10546875,,,,,
6142,3,1932.0,0.0,32.0,32.0,0.1164627075195312,40.19382403930649,2574.6875,,,,,
6143,3,1933.0,0.0,32.0,32.0,0.15806245803833,39.33082998264581,2377.17919921875,,,,,
6144,3,1934.0,0.0,32.0,32.0,0.3885498046875,43.80386002594605,2696.84033203125,,,,,
6145,3,1935.0,0.0,32.0,32.0,0.0830049514770507,45.00829899916425,2730.66845703125,,,,,
6146,3,1936.0,0.0,32.0,32.0,0.1540389060974121,44.26083498401567,2696.84033203125,,,,,
6147,3,1937.0,0.0,32.0,32.0,0.1507620811462402,41.64291301276535,2563.3828125,,,,,
6148,3,1938.0,0.0,32.0,32.0,0.1889123916625976,38.36439095903188,2435.498046875,,,,,
6149,3,1939.0,0.0,32.0,32.0,0.1731472015380859,38.875634025316685,2533.17626953125,,,,,
6150,3,1940.0,0.0,32.0,32.0,0.0165615081787109,38.69375499198213,2507.1259765625,,,,,
6151,3,1941.0,0.0,32.0,32.0,0.0477204322814941,37.681468995288014,2410.10546875,,,,,
6152,3,1942.0,0.0,32.0,32.0,0.1614875793457031,43.72159199556336,2754.88671875,,,,,
6153,3,1943.0,0.0,32.0,32.0,0.070652961730957,27.928237977903336,2533.17626953125,,,,,
6154,3,1944.0,0.0,32.0,32.0,0.0553154945373535,36.62231902126223,2398.12548828125,,,,,
6155,3,1945.0,0.0,32.0,32.0,0.0435559749603271,40.83169100340456,2687.3701171875,,,,,
6156,3,1946.0,0.0,32.0,32.0,0.0094757080078125,39.48489198228344,2533.17626953125,,,,,
6157,3,1947.0,0.0,32.0,32.0,0.0262675285339355,41.57487500924617,2655.02490234375,,,,,
6158,3,1948.0,0.0,32.0,32.0,0.0239477157592773,44.09276501974091,2690.6982421875,,,,,
6159,3,1949.0,0.0,32.0,32.0,0.2334189414978027,45.32944899983704,2761.908203125,,,,,
6160,3,1950.0,0.0,32.0,32.0,0.3103797435760498,50.04587199073285,2914.046875,,,,,
6161,3,1951.0,0.0,32.0,32.0,0.085435152053833,42.78274200623855,2660.82958984375,,,,,
6162,3,1952.0,0.0,32.0,32.0,0.0874290466308593,50.92772399075329,2965.60693359375,,,,,
6163,3,1953.0,0.0,32.0,32.0,0.0261902809143066,45.07888096850365,2761.908203125,,,,,
6164,3,1954.0,0.0,32.0,32.0,0.4434113502502441,47.6363769848831,2852.0673828125,,,,,
6165,3,1955.0,0.0,32.0,32.0,0.074106216430664,32.58430399000645,2696.84033203125,,,,,
6166,3,1956.0,0.0,32.0,32.0,0.0755999088287353,40.81890499219298,2574.6875,,,,,
6167,3,1957.0,0.0,32.0,32.0,0.0457315444946289,38.9426100300625,2377.17919921875,,,,,
6168,3,1958.0,0.0,32.0,32.0,0.0473065376281738,39.12351303733885,2377.17919921875,,,,,
6169,3,1959.0,0.0,32.0,32.0,0.2102246284484863,43.24895003810525,2690.6982421875,,,,,
6170,3,1960.0,0.0,32.0,32.0,0.4614500999450683,41.44103301223368,2574.6875,,,,,
6171,3,1961.0,0.0,32.0,32.0,0.1136374473571777,38.864405010826886,2507.1259765625,,,,,
6172,3,1962.0,0.0,32.0,32.0,0.2519879341125488,40.611305041238666,2574.6875,,,,,
6173,3,1963.0,0.0,32.0,32.0,0.1072752475738525,39.79504900053144,2543.56884765625,,,,,
6174,3,1964.0,0.0,32.0,32.0,0.3324933052062988,39.11541297566146,2465.03271484375,,,,,
6175,3,1965.0,0.0,32.0,32.0,0.1460723876953125,43.77433797344565,2730.66845703125,,,,,
6176,3,1966.0,0.0,32.0,32.0,0.0541911125183105,47.10833699209616,2810.46826171875,,,,,
6177,3,1967.0,0.0,32.0,32.0,0.0757398605346679,40.277415013406426,2533.17626953125,,,,,
6178,3,1968.0,0.0,32.0,32.0,0.0693552494049072,29.47516698623076,2574.6875,,,,,
6179,3,1969.0,0.0,32.0,32.0,0.0686209201812744,39.88334198947996,2655.02490234375,,,,,
6180,3,1970.0,0.0,32.0,32.0,0.0320653915405273,40.73913599131629,2574.6875,,,,,
6181,3,1971.0,0.0,32.0,32.0,0.0642125606536865,40.22666200762615,2563.3828125,,,,,
6182,3,1972.0,0.0,32.0,32.0,0.0181212425231933,49.28586998721585,2888.2919921875,,,,,
6183,3,1973.0,0.0,32.0,32.0,0.136791706085205,38.86714397231117,2477.59716796875,,,,,
6184,3,1974.0,0.0,32.0,32.0,0.1321921348571777,38.72695396421477,2349.4912109375,,,,,
6185,3,1975.0,0.0,32.0,32.0,0.0777039527893066,41.270295972935855,2660.82958984375,,,,,
6186,3,1976.0,0.0,32.0,32.0,0.1837913990020752,40.3558139805682,2533.17626953125,,,,,
6187,3,1977.0,0.0,32.0,32.0,0.0941061973571777,39.98515894636512,2533.17626953125,,,,,
6188,3,1978.0,0.0,32.0,32.0,0.13405442237854,37.879284005612135,2398.12548828125,,,,,
6189,3,1979.0,0.0,32.0,32.0,0.1256501674652099,41.13833099836484,2687.3701171875,,,,,
6190,3,1980.0,0.0,32.0,32.0,0.1064605712890625,43.37892698822543,2690.6982421875,,,,,
6191,3,1981.0,0.0,32.0,32.0,0.3101997375488281,29.20428803190589,2533.17626953125,,,,,
6192,3,1982.0,0.0,32.0,32.0,0.0329575538635253,43.22632204275578,2790.72021484375,,,,,
6193,3,1983.0,0.0,32.0,32.0,0.1731460094451904,38.888876035343856,2356.935546875,,,,,
6194,3,1984.0,0.0,32.0,32.0,0.3256986141204834,37.379688990768045,2315.2705078125,,,,,
6195,3,1985.0,0.0,32.0,32.0,0.0382308959960937,36.519307002890855,2398.12548828125,,,,,
6196,3,1986.0,0.0,32.0,32.0,0.1101641654968261,37.62771195033565,2315.2705078125,,,,,
6197,3,1987.0,0.0,32.0,32.0,0.0215930938720703,42.53293300280348,2690.6982421875,,,,,
6198,3,1988.0,0.0,32.0,32.0,0.0328114032745361,42.38441202323884,2660.82958984375,,,,,
6199,3,1989.0,0.0,32.0,32.0,0.380143404006958,39.342731004580855,2465.03271484375,,,,,
6200,3,1990.0,0.0,32.0,32.0,0.1405322551727295,41.78066301392391,2563.3828125,,,,,
6201,3,1991.0,0.0,32.0,32.0,0.0163135528564453,38.79747202154249,2477.59716796875,,,,,
6202,3,1992.0,0.0,32.0,32.0,0.0155251026153564,37.40204096538946,2398.12548828125,,,,,
6203,3,1993.0,0.0,32.0,32.0,0.1142125129699707,38.41222100891173,2507.1259765625,,,,,
6204,3,1994.0,0.0,32.0,32.0,0.0686254501342773,28.09218200854957,2377.17919921875,,,,,
6205,3,1995.0,0.0,32.0,32.0,0.1922919750213623,42.9090210236609,2730.66845703125,,,,,
6206,3,1996.0,0.0,32.0,32.0,0.2226927280426025,38.3617709740065,2435.498046875,,,,,
6207,3,1997.0,0.0,32.0,32.0,0.0153560638427734,42.67313901800662,2690.6982421875,,,,,
6208,3,1998.0,0.0,32.0,32.0,0.1846835613250732,39.97263597557321,2543.56884765625,,,,,
6209,3,1999.0,0.0,32.0,32.0,0.044396162033081,40.38427397608757,2377.17919921875,,,,,
6210,3,2000.0,0.0,32.0,32.0,0.0601768493652343,38.19485800340772,2435.498046875,,,,,
6211,3,2001.0,0.0,32.0,32.0,0.0198378562927246,38.61351398518309,2507.1259765625,,,,,
6212,3,2002.0,0.0,32.0,32.0,0.1752572059631347,44.737591000739485,2754.88671875,,,,,
6213,3,2003.0,0.0,32.0,32.0,0.0171873569488525,45.48095096834004,2730.66845703125,,,,,
6214,3,2004.0,0.0,32.0,32.0,0.0266768932342529,43.1950080092065,2687.3701171875,,,,,
6215,3,2005.0,0.0,32.0,32.0,0.3154475688934326,40.2723120059818,2533.17626953125,,,,,
6216,3,2006.0,0.0,32.0,32.0,0.2533106803894043,48.52748202392832,2888.2919921875,,,,,
6217,3,2007.0,0.0,32.0,32.0,0.1300771236419677,32.46403200319037,2754.88671875,,,,,
6218,3,2008.0,0.0,32.0,32.0,0.1516289710998535,39.88913202192634,2574.6875,,,,,
6219,3,2009.0,0.0,32.0,32.0,0.0503792762756347,38.28166000312194,2533.17626953125,,,,,
6220,3,2010.0,0.0,32.0,32.0,0.1356415748596191,38.88335399096832,2507.1259765625,,,,,
6221,3,2011.0,0.0,32.0,32.0,0.1167311668395996,38.43425598461181,2465.03271484375,,,,,
6222,3,2012.0,0.0,32.0,32.0,0.2883687019348144,33.52343296865001,2213.51806640625,,,,,
6223,3,2013.0,0.0,32.0,32.0,0.3242814540863037,41.4325559977442,2687.3701171875,,,,,
6224,3,2014.0,0.0,32.0,32.0,0.1788198947906494,42.41611500037834,2660.82958984375,,,,,
6225,3,2015.0,0.0,32.0,32.0,0.0449233055114746,39.79121503653005,2498.1083984375,,,,,
6226,3,2016.0,0.0,32.0,32.0,0.1747069358825683,39.916607027407736,2533.17626953125,,,,,
6227,3,2017.0,0.0,32.0,32.0,0.06801438331604,41.48448602063581,2655.02490234375,,,,,
6228,3,2018.0,0.0,32.0,32.0,0.0647954940795898,39.60575704695657,2533.17626953125,,,,,
6229,3,2019.0,0.0,32.0,32.0,0.0162670612335205,38.72479998972267,2533.17626953125,,,,,
6230,3,2020.0,0.0,32.0,32.0,0.0224552154541015,26.544919004663825,2410.10546875,,,,,
6231,3,2021.0,0.0,32.0,32.0,0.1220600605010986,42.10100800264627,2754.88671875,,,,,
6232,3,2022.0,0.0,32.0,32.0,0.010958194732666,40.266161027830094,2563.3828125,,,,,
6233,3,2023.0,0.0,32.0,32.0,0.0249795913696289,43.91346301417798,2730.66845703125,,,,,
6234,3,2024.0,0.0,32.0,32.0,0.1798503398895263,52.46456700842828,3023.82470703125,,,,,
6235,3,2025.0,0.0,32.0,32.0,0.1403956413269043,38.98708801716566,2435.498046875,,,,,
6236,3,2026.0,0.0,32.0,32.0,0.0490806102752685,38.18071604473516,2477.59716796875,,,,,
6237,3,2027.0,0.0,32.0,32.0,0.0237963199615478,48.93961700145155,2876.80908203125,,,,,
6238,3,2028.0,0.0,32.0,32.0,0.2611083984375,39.182703010737896,2465.03271484375,,,,,
6239,3,2029.0,0.0,32.0,32.0,0.0270130634307861,39.5116430008784,2356.935546875,,,,,
6240,3,2030.0,0.0,32.0,32.0,0.0091693401336669,38.5904130525887,2465.03271484375,,,,,
6241,3,2031.0,0.0,32.0,32.0,0.3237936496734619,40.90125596849248,2660.82958984375,,,,,
6242,3,2032.0,0.0,32.0,32.0,0.048215627670288,37.81977598555386,2298.90478515625,,,,,
6243,3,2033.0,0.0,32.0,32.0,0.0702512264251709,24.61225795559585,2498.1083984375,,,,,
6244,3,2034.0,0.0,32.0,32.0,0.0247025489807128,49.54378196271136,2876.80908203125,,,,,
6245,3,2035.0,0.0,32.0,32.0,0.2024750709533691,39.64453702792525,2533.17626953125,,,,,
6246,3,2036.0,0.0,32.0,32.0,0.0087261199951171,44.87402696395293,2730.66845703125,,,,,
6247,3,2037.0,0.0,32.0,32.0,0.0222940444946289,40.27593100909144,2498.1083984375,,,,,
6248,3,2038.0,0.0,32.0,32.0,0.1116774082183837,48.61909401370213,2852.0673828125,,,,,
6249,3,2039.0,0.0,32.0,32.0,0.2056045532226562,41.64917103480548,2655.02490234375,,,,,
6250,3,2040.0,0.0,32.0,32.0,0.1938340663909912,45.148213976062834,2754.88671875,,,,,
6251,3,2041.0,0.0,32.0,32.0,0.2273092269897461,40.69944197544828,2533.17626953125,,,,,
6252,3,2042.0,0.0,32.0,32.0,0.0706393718719482,37.667926982976496,2398.12548828125,,,,,
6253,3,2043.0,0.0,32.0,32.0,0.0124440193176269,36.92204802064225,2410.10546875,,,,,
6254,3,2044.0,0.0,32.0,32.0,0.0083162784576416,37.3489239718765,2435.498046875,,,,,
6255,3,2045.0,0.0,32.0,32.0,0.2771058082580566,39.713773992843926,2563.3828125,,,,,
6256,3,2046.0,0.0,32.0,32.0,0.0879604816436767,29.58113595377654,2563.3828125,,,,,
6257,3,2047.0,0.0,32.0,32.0,0.2750390768051147,36.55968001112342,2315.2705078125,,,,,
6258,3,2048.0,0.0,32.0,32.0,0.2461917400360107,37.33949601883069,2435.498046875,,,,,
6259,3,2049.0,0.0,32.0,32.0,0.1555337905883789,40.67591100465506,2655.02490234375,,,,,
6260,3,2050.0,0.0,32.0,32.0,0.1566576957702636,38.88427797937766,2477.59716796875,,,,,
6261,3,2051.0,0.0,32.0,32.0,0.0986073017120361,45.0539659941569,2761.908203125,,,,,
6262,3,2052.0,0.0,32.0,32.0,0.1823747158050537,38.8933020294644,2435.498046875,,,,,
6263,3,2053.0,0.0,32.0,32.0,0.3106660842895508,40.08873703423888,2563.3828125,,,,,
6264,3,2054.0,0.0,32.0,32.0,0.0087442398071289,40.938237973023206,2563.3828125,,,,,
6265,3,2055.0,0.0,32.0,32.0,0.0758028030395507,38.07360399514437,2465.03271484375,,,,,
6266,3,2056.0,0.0,32.0,32.0,0.6306705474853516,39.15112902177498,2377.17919921875,,,,,
6267,3,2057.0,0.0,32.0,32.0,0.0552718639373779,36.50943702086806,2398.12548828125,,,,,
6268,3,2058.0,0.0,32.0,32.0,0.1756305694580078,42.82677004812285,2730.66845703125,,,,,
6269,3,2059.0,0.0,32.0,32.0,0.1726455688476562,26.717592030763623,2465.03271484375,,,,,
6270,3,2060.0,0.0,32.0,32.0,0.198315143585205,46.425308973994106,2852.0673828125,,,,,
6271,3,2061.0,0.0,32.0,32.0,0.1022648811340332,34.74587597884238,2249.71875,,,,,
6272,3,2062.0,0.0,32.0,32.0,0.0388851165771484,37.53654402680695,2465.03271484375,,,,,
6273,3,2063.0,0.0,32.0,32.0,0.0143933296203613,43.869781016837806,2730.66845703125,,,,,
6274,3,2064.0,0.0,32.0,32.0,0.0125830173492431,40.72942299535498,2543.56884765625,,,,,
6275,3,2065.0,0.0,32.0,32.0,0.0162341594696044,42.37123398343101,2687.3701171875,,,,,
6276,3,2066.0,0.0,32.0,32.0,0.1448595523834228,39.07925600651652,2477.59716796875,,,,,
6277,3,2067.0,0.0,32.0,32.0,0.1481366157531738,40.36458500195295,2563.3828125,,,,,
6278,3,2068.0,0.0,32.0,32.0,0.009899616241455,42.07605600822717,2574.6875,,,,,
6279,3,2069.0,0.0,32.0,32.0,0.0199530124664306,39.76686595706269,2543.56884765625,,,,,
6280,3,2070.0,0.0,32.0,32.0,0.0210206508636474,51.6044800169766,3000.7802734375,,,,,
6281,3,2071.0,0.0,32.0,32.0,0.1815431118011474,40.5781360459514,2563.3828125,,,,,
6282,3,2072.0,0.0,32.0,32.0,0.0809888839721679,32.08002902101725,2690.6982421875,,,,,
6283,3,2073.0,0.0,32.0,32.0,0.1989810466766357,38.0954829743132,2477.59716796875,,,,,
6284,3,2074.0,0.0,32.0,32.0,0.0039873123168945,46.49768705712631,2852.0673828125,,,,,
6285,3,2075.0,0.0,32.0,32.0,0.2246415615081787,38.80860295612365,2507.1259765625,,,,,
6286,3,2076.0,0.0,32.0,32.0,0.2583520412445068,40.966871951241046,2655.02490234375,,,,,
6287,3,2077.0,0.0,32.0,32.0,0.0761966705322265,44.50232401723042,2754.88671875,,,,,
6288,3,2078.0,0.0,32.0,32.0,0.0754950046539306,41.48325201822445,2574.6875,,,,,
6289,3,2079.0,0.0,32.0,32.0,0.6453516483306885,38.075946969911456,2435.498046875,,,,,
6290,3,2080.0,0.0,32.0,32.0,0.130903959274292,40.60683603165671,2563.3828125,,,,,
6291,3,2081.0,0.0,32.0,32.0,0.3337888717651367,39.41503097303212,2533.17626953125,,,,,
6292,3,2082.0,0.0,32.0,32.0,0.4941871166229248,44.39589101821184,2730.66845703125,,,,,
6293,3,2083.0,0.0,32.0,32.0,0.0284309387207031,43.01260400097817,2687.3701171875,,,,,
6294,3,2084.0,0.0,32.0,32.0,0.0247852802276611,41.99058504309505,2687.3701171875,,,,,
6295,3,2085.0,0.0,32.0,32.0,0.0140395164489746,32.68404904520139,2730.66845703125,,,,,
6296,3,2086.0,0.0,32.0,32.0,0.0793585777282714,38.984498009085655,2543.56884765625,,,,,
6297,3,2087.0,0.0,32.0,32.0,0.1184878349304199,39.27195497089997,2543.56884765625,,,,,
6298,3,2088.0,0.0,32.0,32.0,0.0090069770812988,39.41692499211058,2533.17626953125,,,,,
6299,3,2089.0,0.0,32.0,32.0,0.0051031112670898,38.80808100802824,2477.59716796875,,,,,
6300,3,2090.0,0.0,32.0,32.0,0.3258583545684814,38.34664000896737,2465.03271484375,,,,,
6301,3,2091.0,0.0,32.0,32.0,0.0621297359466552,41.13603197038174,2655.02490234375,,,,,
6302,3,2092.0,0.0,32.0,32.0,0.1554822921752929,39.97366799740121,2377.17919921875,,,,,
6303,3,2093.0,0.0,32.0,32.0,0.0554466247558593,38.700862030964345,2435.498046875,,,,,
6304,3,2094.0,0.0,32.0,32.0,0.0271811485290527,38.10633602552116,2410.10546875,,,,,
6305,3,2095.0,0.0,32.0,32.0,0.1348328590393066,40.739468997344375,2574.6875,,,,,
6306,3,2096.0,0.0,32.0,32.0,0.2009871006011963,38.096253003459424,2435.498046875,,,,,
6307,3,2097.0,0.0,32.0,32.0,0.0901350975036621,34.41880299942568,2477.59716796875,,,,,
6308,3,2098.0,0.0,32.0,32.0,0.0808503627777099,36.9089370360598,2914.046875,,,,,
6309,3,2099.0,0.0,32.0,32.0,0.1648180484771728,43.60995499882847,2696.84033203125,,,,,
6310,3,2100.0,0.0,32.0,32.0,0.078495979309082,39.59190897876397,2543.56884765625,,,,,
6311,3,2101.0,0.0,32.0,32.0,0.0169897079467773,40.42498202761635,2563.3828125,,,,,
6312,3,2102.0,0.0,32.0,32.0,0.1327195167541504,38.646108005195856,2356.935546875,,,,,
6313,3,2103.0,0.0,32.0,32.0,0.0249032974243164,39.3553109606728,2377.17919921875,,,,,
6314,3,2104.0,0.0,32.0,32.0,0.1420314311981201,37.25401498377323,2298.90478515625,,,,,
6315,3,2105.0,0.0,21.0,21.0,0.0409843809902668,37.58448996813968,2439.42724609375,,,,,
6315,3,,1.0,32.0,32.0,,37.58448996813968,2439.42724609375,0.9220183486238532,0.2782067749649286,0.9818557068404876,0.066094222881183,0.0598373582166343
