step,train/loss,train/gate0_triggered_blocks,train/gate0_considered_blocks,train/gate0_trigger_rate,train/pull_to_r_blocks,train/pull_to_R_blocks,train/pull_to_r_rate,train/pull_to_R_rate,train/alpha_pull_mean,train/single_vote_skipped_blocks,train/tau_N,train/tau_D,epoch,step_in_epoch,probe/is_eval,val/acc,val/loss,val/acc_r_only,val/loss_r_only,train/acc,train/loss_eval,gap/train_minus_val,train/acc_r_only,train/loss_r_only_eval,gap_r_only/train_minus_val_r_only
1,0.6824494451284409,13.0,74.0,0.17567567567567569,5.0,8.0,0.38461538461538464,0.6153846153846154,0.17627369588029249,0.0,0.6,0.0038053,1,1,0.0,,,,,,,,,,
2,0.7054372578859329,21.0,74.0,0.28378378378378377,6.0,15.0,0.2857142857142857,0.7142857142857143,0.17370917099850045,0.0,0.6,0.0038053,1,2,0.0,,,,,,,,,,
3,0.685822531580925,22.0,74.0,0.2972972972972973,10.0,12.0,0.45454545454545453,0.5454545454545454,0.17359136378761908,0.0,0.6,0.0038053,1,3,0.0,,,,,,,,,,
4,0.7005925625562668,25.0,74.0,0.33783783783783783,9.0,16.0,0.36,0.64,0.1743861009059958,0.0,0.6,0.0038053,1,4,0.0,,,,,,,,,,
5,0.6937584280967712,10.0,74.0,0.13513513513513514,1.0,9.0,0.1,0.9,0.1764352213890849,0.0,0.6,0.0038053,1,5,0.0,,,,,,,,,,
6,0.6947251111268997,14.0,74.0,0.1891891891891892,4.0,10.0,0.2857142857142857,0.7142857142857143,0.17411698796752353,0.0,0.6,0.0038053,1,6,0.0,,,,,,,,,,
7,0.6858689039945602,15.0,74.0,0.20270270270270271,5.0,10.0,0.3333333333333333,0.6666666666666666,0.17577049070854636,0.0,0.6,0.0038053,1,7,0.0,,,,,,,,,,
8,0.6882219016551971,17.0,74.0,0.22972972972972974,4.0,13.0,0.23529411764705882,0.7647058823529411,0.1756668694390388,0.0,0.6,0.0038053,1,8,0.0,,,,,,,,,,
9,0.6962414234876633,36.0,74.0,0.4864864864864865,8.0,28.0,0.2222222222222222,0.7777777777777778,0.17556526451623336,0.0,0.6,0.0038053,1,9,0.0,,,,,,,,,,
10,0.6895885765552521,18.0,74.0,0.24324324324324326,10.0,8.0,0.5555555555555556,0.4444444444444444,0.17028376424488495,0.0,0.6,0.0038053,1,10,0.0,,,,,,,,,,
11,0.6827056556940079,31.0,74.0,0.4189189189189189,9.0,22.0,0.2903225806451613,0.7096774193548387,0.17506832015914603,0.0,0.6,0.0038053,1,11,0.0,,,,,,,,,,
12,0.6865791231393814,31.0,74.0,0.4189189189189189,10.0,21.0,0.3225806451612903,0.6774193548387096,0.172901864664058,0.0,0.6,0.0038053,1,12,0.0,,,,,,,,,,
13,0.6732437163591385,18.0,74.0,0.24324324324324326,9.0,9.0,0.5,0.5,0.17208633099628867,0.0,0.6,0.0038053,1,13,0.0,,,,,,,,,,
14,0.6936866492033005,11.0,74.0,0.14864864864864866,1.0,10.0,0.09090909090909091,0.9090909090909091,0.17616137756125802,0.0,0.6,0.0038053,1,14,0.0,,,,,,,,,,
15,0.6656432598829269,9.0,74.0,0.12162162162162163,3.0,6.0,0.3333333333333333,0.6666666666666666,0.17498045927286687,0.0,0.6,0.0038053,1,15,0.0,,,,,,,,,,
16,0.68009252846241,23.0,74.0,0.3108108108108108,3.0,20.0,0.13043478260869565,0.8695652173913043,0.1781608913470179,0.0,0.6,0.0038053,1,16,0.0,,,,,,,,,,
17,0.7093315422534943,0.0,74.0,0.0,0.0,0.0,0.0,0.0,0.0,0.0,0.6,0.0038053,1,17,0.0,,,,,,,,,,
18,0.6677929610013962,2.0,74.0,0.02702702702702703,0.0,2.0,0.0,1.0,0.17666329616042556,0.0,0.6,0.0038053,1,18,0.0,,,,,,,,,,
19,0.676244392991066,7.0,74.0,0.0945945945945946,3.0,4.0,0.42857142857142855,0.5714285714285714,0.17285959395308728,0.0,0.6,0.0038053,1,19,0.0,,,,,,,,,,
20,0.6693501025438309,0.0,74.0,0.0,0.0,0.0,0.0,0.0,0.0,0.0,0.6,0.0038053,1,20,0.0,,,,,,,,,,
21,0.6606550216674805,2.0,74.0,0.02702702702702703,0.0,2.0,0.0,1.0,0.17779952163576002,0.0,0.6,0.0038053,1,21,0.0,,,,,,,,,,
22,0.6861384958028793,1.0,74.0,0.013513513513513514,0.0,1.0,0.0,1.0,0.1782320448566232,0.0,0.6,0.0038053,1,22,0.0,,,,,,,,,,
23,0.6900762915611267,1.0,74.0,0.013513513513513514,0.0,1.0,0.0,1.0,0.1792959510255944,0.0,0.6,0.0038053,1,23,0.0,,,,,,,,,,
24,0.6416415870189667,0.0,74.0,0.0,0.0,0.0,0.0,0.0,0.0,0.0,0.6,0.0038053,1,24,0.0,,,,,,,,,,
25,0.6243923008441925,0.0,74.0,0.0,0.0,0.0,0.0,0.0,0.0,0.0,0.6,0.0038053,1,25,0.0,,,,,,,,,,
26,0.6481258571147919,0.0,74.0,0.0,0.0,0.0,0.0,0.0,0.0,0.0,0.6,0.0038053,1,26,0.0,,,,,,,,,,
27,0.5823363587260246,1.0,74.0,0.013513513513513514,0.0,1.0,0.0,1.0,0.17930256798798028,0.0,0.6,0.0038053,1,27,0.0,,,,,,,,,,
28,0.6003228574991226,0.0,74.0,0.0,0.0,0.0,0.0,0.0,0.0,0.0,0.6,0.0038053,1,28,0.0,,,,,,,,,,
29,0.650768592953682,0.0,74.0,0.0,0.0,0.0,0.0,0.0,0.0,0.0,0.6,0.0038053,1,29,0.0,,,,,,,,,,
30,0.5510663837194443,0.0,74.0,0.0,0.0,0.0,0.0,0.0,0.0,0.0,0.6,0.0038053,1,30,0.0,,,,,,,,,,
31,0.741616815328598,0.0,74.0,0.0,0.0,0.0,0.0,0.0,0.0,0.0,0.6,0.0038053,1,31,0.0,,,,,,,,,,
32,0.7057327702641487,0.0,74.0,0.0,0.0,0.0,0.0,0.0,0.0,0.0,0.6,0.0038053,1,32,0.0,,,,,,,,,,
33,0.5827760025858879,0.0,74.0,0.0,0.0,0.0,0.0,0.0,0.0,0.0,0.6,0.0038053,1,33,0.0,,,,,,,,,,
34,0.6446468979120255,0.0,74.0,0.0,0.0,0.0,0.0,0.0,0.0,0.0,0.6,0.0038053,1,34,0.0,,,,,,,,,,
35,0.7912535518407822,0.0,74.0,0.0,0.0,0.0,0.0,0.0,0.0,0.0,0.6,0.0038053,1,35,0.0,,,,,,,,,,
36,0.6810108348727226,0.0,74.0,0.0,0.0,0.0,0.0,0.0,0.0,0.0,0.6,0.0038053,1,36,0.0,,,,,,,,,,
37,0.7183269560337067,0.0,74.0,0.0,0.0,0.0,0.0,0.0,0.0,0.0,0.6,0.0038053,1,37,0.0,,,,,,,,,,
38,0.6072917729616165,0.0,74.0,0.0,0.0,0.0,0.0,0.0,0.0,0.0,0.6,0.0038053,1,38,0.0,,,,,,,,,,
39,0.5511488765478134,0.0,74.0,0.0,0.0,0.0,0.0,0.0,0.0,0.0,0.6,0.0038053,1,39,0.0,,,,,,,,,,
40,0.7560511529445648,0.0,74.0,0.0,0.0,0.0,0.0,0.0,0.0,0.0,0.6,0.0038053,1,40,0.0,,,,,,,,,,
41,0.5174864232540131,0.0,74.0,0.0,0.0,0.0,0.0,0.0,0.0,0.0,0.6,0.0038053,1,41,0.0,,,,,,,,,,
42,0.6041927933692932,1.0,74.0,0.013513513513513514,0.0,1.0,0.0,1.0,0.17649112292647895,0.0,0.6,0.0038053,1,42,0.0,,,,,,,,,,
43,0.6211820542812347,1.0,74.0,0.013513513513513514,1.0,0.0,1.0,0.0,0.16928438698381248,0.0,0.6,0.0038053,1,43,0.0,,,,,,,,,,
44,0.5876054614782333,0.0,74.0,0.0,0.0,0.0,0.0,0.0,0.0,0.0,0.6,0.0038053,1,44,0.0,,,,,,,,,,
45,0.6181000173091888,0.0,74.0,0.0,0.0,0.0,0.0,0.0,0.0,0.0,0.6,0.0038053,1,45,0.0,,,,,,,,,,
46,0.5677934512495995,0.0,74.0,0.0,0.0,0.0,0.0,0.0,0.0,0.0,0.6,0.0038053,1,46,0.0,,,,,,,,,,
47,0.5960551649332047,0.0,74.0,0.0,0.0,0.0,0.0,0.0,0.0,0.0,0.6,0.0038053,1,47,0.0,,,,,,,,,,
48,0.6322630122303963,0.0,74.0,0.0,0.0,0.0,0.0,0.0,0.0,0.0,0.6,0.0038053,1,48,0.0,,,,,,,,,,
49,0.48655911535024643,0.0,74.0,0.0,0.0,0.0,0.0,0.0,0.0,0.0,0.6,0.0038053,1,49,0.0,,,,,,,,,,
50,0.526946559548378,0.0,74.0,0.0,0.0,0.0,0.0,0.0,0.0,0.0,0.6,0.0038053,1,50,0.0,,,,,,,,,,
51,0.4916408434510231,0.0,74.0,0.0,0.0,0.0,0.0,0.0,0.0,0.0,0.6,0.0038053,1,51,0.0,,,,,,,,,,
52,0.6096472293138504,0.0,74.0,0.0,0.0,0.0,0.0,0.0,0.0,0.0,0.6,0.0038053,1,52,0.0,,,,,,,,,,
53,0.503749743103981,0.0,74.0,0.0,0.0,0.0,0.0,0.0,0.0,0.0,0.6,0.0038053,1,53,0.0,,,,,,,,,,
54,0.5567834600806236,0.0,74.0,0.0,0.0,0.0,0.0,0.0,0.0,0.0,0.6,0.0038053,1,54,0.0,,,,,,,,,,
55,0.6949410289525986,0.0,74.0,0.0,0.0,0.0,0.0,0.0,0.0,0.0,0.6,0.0038053,1,55,0.0,,,,,,,,,,
56,0.4669043570756912,0.0,74.0,0.0,0.0,0.0,0.0,0.0,0.0,0.0,0.6,0.0038053,1,56,0.0,,,,,,,,,,
57,0.3961165323853493,0.0,74.0,0.0,0.0,0.0,0.0,0.0,0.0,0.0,0.6,0.0038053,1,57,0.0,,,,,,,,,,
58,0.5052288770675659,0.0,74.0,0.0,0.0,0.0,0.0,0.0,0.0,0.0,0.6,0.0038053,1,58,0.0,,,,,,,,,,
59,0.5458036437630653,0.0,74.0,0.0,0.0,0.0,0.0,0.0,0.0,0.0,0.6,0.0038053,1,59,0.0,,,,,,,,,,
60,0.6469727903604507,0.0,74.0,0.0,0.0,0.0,0.0,0.0,0.0,0.0,0.6,0.0038053,1,60,0.0,,,,,,,,,,
61,0.4383026957511902,0.0,74.0,0.0,0.0,0.0,0.0,0.0,0.0,0.0,0.6,0.0038053,1,61,0.0,,,,,,,,,,
62,0.5693492069840431,0.0,74.0,0.0,0.0,0.0,0.0,0.0,0.0,0.0,0.6,0.0038053,1,62,0.0,,,,,,,,,,
63,0.4640575498342514,0.0,74.0,0.0,0.0,0.0,0.0,0.0,0.0,0.0,0.6,0.0038053,1,63,0.0,,,,,,,,,,
64,0.6801709979772568,0.0,74.0,0.0,0.0,0.0,0.0,0.0,0.0,0.0,0.6,0.0038053,1,64,0.0,,,,,,,,,,
65,0.5659009516239166,0.0,74.0,0.0,0.0,0.0,0.0,0.0,0.0,0.0,0.6,0.0038053,1,65,0.0,,,,,,,,,,
66,0.5224077999591827,0.0,74.0,0.0,0.0,0.0,0.0,0.0,0.0,0.0,0.6,0.0038053,1,66,0.0,,,,,,,,,,
67,0.5185242295265198,0.0,74.0,0.0,0.0,0.0,0.0,0.0,0.0,0.0,0.6,0.0038053,1,67,0.0,,,,,,,,,,
68,0.4621305540204048,0.0,74.0,0.0,0.0,0.0,0.0,0.0,0.0,0.0,0.6,0.0038053,1,68,0.0,,,,,,,,,,
69,0.7035936191678047,0.0,74.0,0.0,0.0,0.0,0.0,0.0,0.0,0.0,0.6,0.0038053,1,69,0.0,,,,,,,,,,
70,0.5129345804452896,0.0,74.0,0.0,0.0,0.0,0.0,0.0,0.0,0.0,0.6,0.0038053,1,70,0.0,,,,,,,,,,
71,0.4715413376688957,0.0,74.0,0.0,0.0,0.0,0.0,0.0,0.0,0.0,0.6,0.0038053,1,71,0.0,,,,,,,,,,
72,0.4996297061443329,0.0,74.0,0.0,0.0,0.0,0.0,0.0,0.0,0.0,0.6,0.0038053,1,72,0.0,,,,,,,,,,
73,0.2898680120706558,0.0,74.0,0.0,0.0,0.0,0.0,0.0,0.0,0.0,0.6,0.0038053,1,73,0.0,,,,,,,,,,
74,0.4969317466020584,0.0,74.0,0.0,0.0,0.0,0.0,0.0,0.0,0.0,0.6,0.0038053,1,74,0.0,,,,,,,,,,
75,0.8304811865091324,0.0,74.0,0.0,0.0,0.0,0.0,0.0,0.0,0.0,0.6,0.0038053,1,75,0.0,,,,,,,,,,
76,0.5363908559083939,0.0,74.0,0.0,0.0,0.0,0.0,0.0,0.0,0.0,0.6,0.0038053,1,76,0.0,,,,,,,,,,
77,0.5826051086187363,0.0,74.0,0.0,0.0,0.0,0.0,0.0,0.0,0.0,0.6,0.0038053,1,77,0.0,,,,,,,,,,
78,0.3824111334979534,0.0,74.0,0.0,0.0,0.0,0.0,0.0,0.0,0.0,0.6,0.0038053,1,78,0.0,,,,,,,,,,
79,0.5131837129592896,0.0,74.0,0.0,0.0,0.0,0.0,0.0,0.0,0.0,0.6,0.0038053,1,79,0.0,,,,,,,,,,
80,0.5143130049109459,0.0,74.0,0.0,0.0,0.0,0.0,0.0,0.0,0.0,0.6,0.0038053,1,80,0.0,,,,,,,,,,
81,0.627386286854744,0.0,74.0,0.0,0.0,0.0,0.0,0.0,0.0,0.0,0.6,0.0038053,1,81,0.0,,,,,,,,,,
82,0.684394121170044,0.0,74.0,0.0,0.0,0.0,0.0,0.0,0.0,0.0,0.6,0.0038053,1,82,0.0,,,,,,,,,,
83,0.6563259959220886,0.0,74.0,0.0,0.0,0.0,0.0,0.0,0.0,0.0,0.6,0.0038053,1,83,0.0,,,,,,,,,,
84,0.6267778724431992,0.0,74.0,0.0,0.0,0.0,0.0,0.0,0.0,0.0,0.6,0.0038053,1,84,0.0,,,,,,,,,,
85,0.6160020977258682,0.0,74.0,0.0,0.0,0.0,0.0,0.0,0.0,0.0,0.6,0.0038053,1,85,0.0,,,,,,,,,,
86,0.5593429952859879,0.0,74.0,0.0,0.0,0.0,0.0,0.0,0.0,0.0,0.6,0.0038053,1,86,0.0,,,,,,,,,,
87,0.4357287921011448,0.0,74.0,0.0,0.0,0.0,0.0,0.0,0.0,0.0,0.6,0.0038053,1,87,0.0,,,,,,,,,,
88,0.5669328719377518,0.0,74.0,0.0,0.0,0.0,0.0,0.0,0.0,0.0,0.6,0.0038053,1,88,0.0,,,,,,,,,,
89,0.34256549924612045,0.0,74.0,0.0,0.0,0.0,0.0,0.0,0.0,0.0,0.6,0.0038053,1,89,0.0,,,,,,,,,,
90,0.49277476966381073,0.0,74.0,0.0,0.0,0.0,0.0,0.0,0.0,0.0,0.6,0.0038053,1,90,0.0,,,,,,,,,,
91,0.6339877545833588,0.0,74.0,0.0,0.0,0.0,0.0,0.0,0.0,0.0,0.6,0.0038053,1,91,0.0,,,,,,,,,,
92,0.600119099020958,0.0,74.0,0.0,0.0,0.0,0.0,0.0,0.0,0.0,0.6,0.0038053,1,92,0.0,,,,,,,,,,
93,0.5398919507861137,0.0,74.0,0.0,0.0,0.0,0.0,0.0,0.0,0.0,0.6,0.0038053,1,93,0.0,,,,,,,,,,
94,0.45964131876826286,0.0,74.0,0.0,0.0,0.0,0.0,0.0,0.0,0.0,0.6,0.0038053,1,94,0.0,,,,,,,,,,
95,0.5087381154298782,0.0,74.0,0.0,0.0,0.0,0.0,0.0,0.0,0.0,0.6,0.0038053,1,95,0.0,,,,,,,,,,
96,0.47675711661577225,0.0,74.0,0.0,0.0,0.0,0.0,0.0,0.0,0.0,0.6,0.0038053,1,96,0.0,,,,,,,,,,
97,0.5888548493385315,0.0,74.0,0.0,0.0,0.0,0.0,0.0,0.0,0.0,0.6,0.0038053,1,97,0.0,,,,,,,,,,
98,0.5465999618172646,0.0,74.0,0.0,0.0,0.0,0.0,0.0,0.0,0.0,0.6,0.0038053,1,98,0.0,,,,,,,,,,
99,0.6073058694601059,0.0,74.0,0.0,0.0,0.0,0.0,0.0,0.0,0.0,0.6,0.0038053,1,99,0.0,,,,,,,,,,
100,0.4671955779194832,0.0,74.0,0.0,0.0,0.0,0.0,0.0,0.0,0.0,0.6,0.0038053,1,100,0.0,,,,,,,,,,
101,0.44480254501104355,0.0,74.0,0.0,0.0,0.0,0.0,0.0,0.0,0.0,0.6,0.0038053,1,101,0.0,,,,,,,,,,
102,0.4995432496070862,0.0,74.0,0.0,0.0,0.0,0.0,0.0,0.0,0.0,0.6,0.0038053,1,102,0.0,,,,,,,,,,
103,0.3932214230298996,0.0,74.0,0.0,0.0,0.0,0.0,0.0,0.0,0.0,0.6,0.0038053,1,103,0.0,,,,,,,,,,
104,0.4040923938155174,0.0,74.0,0.0,0.0,0.0,0.0,0.0,0.0,0.0,0.6,0.0038053,1,104,0.0,,,,,,,,,,
105,0.5243968814611435,0.0,74.0,0.0,0.0,0.0,0.0,0.0,0.0,0.0,0.6,0.0038053,1,105,0.0,,,,,,,,,,
106,0.48984596133232117,0.0,74.0,0.0,0.0,0.0,0.0,0.0,0.0,0.0,0.6,0.0038053,1,106,0.0,,,,,,,,,,
107,0.3181755095720291,0.0,74.0,0.0,0.0,0.0,0.0,0.0,0.0,0.0,0.6,0.0038053,1,107,0.0,,,,,,,,,,
108,0.5229103267192841,0.0,74.0,0.0,0.0,0.0,0.0,0.0,0.0,0.0,0.6,0.0038053,1,108,0.0,,,,,,,,,,
109,0.36819977313280106,0.0,74.0,0.0,0.0,0.0,0.0,0.0,0.0,0.0,0.6,0.0038053,1,109,0.0,,,,,,,,,,
110,0.2938915267586708,0.0,74.0,0.0,0.0,0.0,0.0,0.0,0.0,0.0,0.6,0.0038053,1,110,0.0,,,,,,,,,,
111,0.39885833114385605,0.0,74.0,0.0,0.0,0.0,0.0,0.0,0.0,0.0,0.6,0.0038053,1,111,0.0,,,,,,,,,,
112,0.4132602494210005,0.0,74.0,0.0,0.0,0.0,0.0,0.0,0.0,0.0,0.6,0.0038053,1,112,0.0,,,,,,,,,,
113,0.5284879058599472,0.0,74.0,0.0,0.0,0.0,0.0,0.0,0.0,0.0,0.6,0.0038053,1,113,0.0,,,,,,,,,,
114,0.4981817603111267,0.0,74.0,0.0,0.0,0.0,0.0,0.0,0.0,0.0,0.6,0.0038053,1,114,0.0,,,,,,,,,,
115,0.6000006914138795,0.0,74.0,0.0,0.0,0.0,0.0,0.0,0.0,0.0,0.6,0.0038053,1,115,0.0,,,,,,,,,,
115,,,,,,,,,,,,,1,,1.0,0.8676470588235294,0.3493392857221457,0.8651960784313726,0.3506986154959752,0.85659760087241,0.3632984769085179,-0.011049457951119446,0.8568702290076335,0.36258993233027664,-0.00832584942373904
116,0.36180291324853897,0.0,74.0,0.0,0.0,0.0,0.0,0.0,0.0,0.0,0.6,0.0038053,2,1,0.0,,,,,,,,,,
117,0.4232522249221802,0.0,74.0,0.0,0.0,0.0,0.0,0.0,0.0,0.0,0.6,0.0038053,2,2,0.0,,,,,,,,,,
118,0.30974429100751877,0.0,74.0,0.0,0.0,0.0,0.0,0.0,0.0,0.0,0.6,0.0038053,2,3,0.0,,,,,,,,,,
119,0.41760527342557907,0.0,74.0,0.0,0.0,0.0,0.0,0.0,0.0,0.0,0.6,0.0038053,2,4,0.0,,,,,,,,,,
120,0.3525281250476837,0.0,74.0,0.0,0.0,0.0,0.0,0.0,0.0,0.0,0.6,0.0038053,2,5,0.0,,,,,,,,,,
121,0.4889095425605774,0.0,74.0,0.0,0.0,0.0,0.0,0.0,0.0,0.0,0.6,0.0038053,2,6,0.0,,,,,,,,,,
122,0.34367021173238754,0.0,74.0,0.0,0.0,0.0,0.0,0.0,0.0,0.0,0.6,0.0038053,2,7,0.0,,,,,,,,,,
123,0.47304030507802963,0.0,74.0,0.0,0.0,0.0,0.0,0.0,0.0,0.0,0.6,0.0038053,2,8,0.0,,,,,,,,,,
124,0.30452530086040497,0.0,74.0,0.0,0.0,0.0,0.0,0.0,0.0,0.0,0.6,0.0038053,2,9,0.0,,,,,,,,,,
125,0.4301711991429329,0.0,74.0,0.0,0.0,0.0,0.0,0.0,0.0,0.0,0.6,0.0038053,2,10,0.0,,,,,,,,,,
126,0.4248461499810219,0.0,74.0,0.0,0.0,0.0,0.0,0.0,0.0,0.0,0.6,0.0038053,2,11,0.0,,,,,,,,,,
127,0.354681558907032,0.0,74.0,0.0,0.0,0.0,0.0,0.0,0.0,0.0,0.6,0.0038053,2,12,0.0,,,,,,,,,,
128,0.5381041914224625,0.0,74.0,0.0,0.0,0.0,0.0,0.0,0.0,0.0,0.6,0.0038053,2,13,0.0,,,,,,,,,,
129,0.4596639648079872,0.0,74.0,0.0,0.0,0.0,0.0,0.0,0.0,0.0,0.6,0.0038053,2,14,0.0,,,,,,,,,,
130,0.31881239637732506,0.0,74.0,0.0,0.0,0.0,0.0,0.0,0.0,0.0,0.6,0.0038053,2,15,0.0,,,,,,,,,,
131,0.34830424934625626,0.0,74.0,0.0,0.0,0.0,0.0,0.0,0.0,0.0,0.6,0.0038053,2,16,0.0,,,,,,,,,,
132,0.4233843982219696,0.0,74.0,0.0,0.0,0.0,0.0,0.0,0.0,0.0,0.6,0.0038053,2,17,0.0,,,,,,,,,,
133,0.309003621339798,0.0,74.0,0.0,0.0,0.0,0.0,0.0,0.0,0.0,0.6,0.0038053,2,18,0.0,,,,,,,,,,
134,0.48239776492118835,0.0,74.0,0.0,0.0,0.0,0.0,0.0,0.0,0.0,0.6,0.0038053,2,19,0.0,,,,,,,,,,
135,0.3821127191185951,0.0,74.0,0.0,0.0,0.0,0.0,0.0,0.0,0.0,0.6,0.0038053,2,20,0.0,,,,,,,,,,
136,0.38997752219438553,0.0,74.0,0.0,0.0,0.0,0.0,0.0,0.0,0.0,0.6,0.0038053,2,21,0.0,,,,,,,,,,
137,0.40862031280994415,0.0,74.0,0.0,0.0,0.0,0.0,0.0,0.0,0.0,0.6,0.0038053,2,22,0.0,,,,,,,,,,
138,0.47401493042707443,0.0,74.0,0.0,0.0,0.0,0.0,0.0,0.0,0.0,0.6,0.0038053,2,23,0.0,,,,,,,,,,
139,0.4967726320028305,0.0,74.0,0.0,0.0,0.0,0.0,0.0,0.0,0.0,0.6,0.0038053,2,24,0.0,,,,,,,,,,
140,0.23879510909318924,0.0,74.0,0.0,0.0,0.0,0.0,0.0,0.0,0.0,0.6,0.0038053,2,25,0.0,,,,,,,,,,
141,0.49455712363123894,0.0,74.0,0.0,0.0,0.0,0.0,0.0,0.0,0.0,0.6,0.0038053,2,26,0.0,,,,,,,,,,
142,0.3634241409599781,0.0,74.0,0.0,0.0,0.0,0.0,0.0,0.0,0.0,0.6,0.0038053,2,27,0.0,,,,,,,,,,
143,0.3238690812140703,0.0,74.0,0.0,0.0,0.0,0.0,0.0,0.0,0.0,0.6,0.0038053,2,28,0.0,,,,,,,,,,
144,0.4125231131911278,0.0,74.0,0.0,0.0,0.0,0.0,0.0,0.0,0.0,0.6,0.0038053,2,29,0.0,,,,,,,,,,
145,0.5802501179277897,0.0,74.0,0.0,0.0,0.0,0.0,0.0,0.0,0.0,0.6,0.0038053,2,30,0.0,,,,,,,,,,
146,0.5658316016197205,0.0,74.0,0.0,0.0,0.0,0.0,0.0,0.0,0.0,0.6,0.0038053,2,31,0.0,,,,,,,,,,
147,0.5405466556549072,0.0,74.0,0.0,0.0,0.0,0.0,0.0,0.0,0.0,0.6,0.0038053,2,32,0.0,,,,,,,,,,
148,0.18498616479337215,0.0,74.0,0.0,0.0,0.0,0.0,0.0,0.0,0.0,0.6,0.0038053,2,33,0.0,,,,,,,,,,
149,0.3992498517036438,0.0,74.0,0.0,0.0,0.0,0.0,0.0,0.0,0.0,0.6,0.0038053,2,34,0.0,,,,,,,,,,
150,0.24302196502685547,0.0,74.0,0.0,0.0,0.0,0.0,0.0,0.0,0.0,0.6,0.0038053,2,35,0.0,,,,,,,,,,
151,0.41590663231909275,0.0,74.0,0.0,0.0,0.0,0.0,0.0,0.0,0.0,0.6,0.0038053,2,36,0.0,,,,,,,,,,
152,0.18227462843060493,0.0,74.0,0.0,0.0,0.0,0.0,0.0,0.0,0.0,0.6,0.0038053,2,37,0.0,,,,,,,,,,
153,0.2982337735593319,0.0,74.0,0.0,0.0,0.0,0.0,0.0,0.0,0.0,0.6,0.0038053,2,38,0.0,,,,,,,,,,
154,0.3475140444934368,0.0,74.0,0.0,0.0,0.0,0.0,0.0,0.0,0.0,0.6,0.0038053,2,39,0.0,,,,,,,,,,
155,0.47308117896318436,0.0,74.0,0.0,0.0,0.0,0.0,0.0,0.0,0.0,0.6,0.0038053,2,40,0.0,,,,,,,,,,
156,0.6399640813469887,0.0,74.0,0.0,0.0,0.0,0.0,0.0,0.0,0.0,0.6,0.0038053,2,41,0.0,,,,,,,,,,
157,0.4877679757773876,0.0,74.0,0.0,0.0,0.0,0.0,0.0,0.0,0.0,0.6,0.0038053,2,42,0.0,,,,,,,,,,
158,0.2777137979865074,0.0,74.0,0.0,0.0,0.0,0.0,0.0,0.0,0.0,0.6,0.0038053,2,43,0.0,,,,,,,,,,
159,0.16927101649343967,0.0,74.0,0.0,0.0,0.0,0.0,0.0,0.0,0.0,0.6,0.0038053,2,44,0.0,,,,,,,,,,
160,0.4299839735031128,0.0,74.0,0.0,0.0,0.0,0.0,0.0,0.0,0.0,0.6,0.0038053,2,45,0.0,,,,,,,,,,
161,0.5431296229362488,0.0,74.0,0.0,0.0,0.0,0.0,0.0,0.0,0.0,0.6,0.0038053,2,46,0.0,,,,,,,,,,
162,0.29242027178406715,0.0,74.0,0.0,0.0,0.0,0.0,0.0,0.0,0.0,0.6,0.0038053,2,47,0.0,,,,,,,,,,
163,0.38958632200956345,0.0,74.0,0.0,0.0,0.0,0.0,0.0,0.0,0.0,0.6,0.0038053,2,48,0.0,,,,,,,,,,
164,0.3221692144870758,0.0,74.0,0.0,0.0,0.0,0.0,0.0,0.0,0.0,0.6,0.0038053,2,49,0.0,,,,,,,,,,
165,0.5135481730103493,0.0,74.0,0.0,0.0,0.0,0.0,0.0,0.0,0.0,0.6,0.0038053,2,50,0.0,,,,,,,,,,
166,0.2612478844821453,0.0,74.0,0.0,0.0,0.0,0.0,0.0,0.0,0.0,0.6,0.0038053,2,51,0.0,,,,,,,,,,
167,0.459744431078434,0.0,74.0,0.0,0.0,0.0,0.0,0.0,0.0,0.0,0.6,0.0038053,2,52,0.0,,,,,,,,,,
168,0.421951062977314,0.0,74.0,0.0,0.0,0.0,0.0,0.0,0.0,0.0,0.6,0.0038053,2,53,0.0,,,,,,,,,,
169,0.5565797388553619,0.0,74.0,0.0,0.0,0.0,0.0,0.0,0.0,0.0,0.6,0.0038053,2,54,0.0,,,,,,,,,,
170,0.36593107506632805,0.0,74.0,0.0,0.0,0.0,0.0,0.0,0.0,0.0,0.6,0.0038053,2,55,0.0,,,,,,,,,,
171,0.2906249314546585,0.0,74.0,0.0,0.0,0.0,0.0,0.0,0.0,0.0,0.6,0.0038053,2,56,0.0,,,,,,,,,,
172,0.23327015340328217,0.0,74.0,0.0,0.0,0.0,0.0,0.0,0.0,0.0,0.6,0.0038053,2,57,0.0,,,,,,,,,,
173,0.3633850887417793,0.0,74.0,0.0,0.0,0.0,0.0,0.0,0.0,0.0,0.6,0.0038053,2,58,0.0,,,,,,,,,,
174,0.23012082278728485,0.0,74.0,0.0,0.0,0.0,0.0,0.0,0.0,0.0,0.6,0.0038053,2,59,0.0,,,,,,,,,,
175,0.4525635316967964,0.0,74.0,0.0,0.0,0.0,0.0,0.0,0.0,0.0,0.6,0.0038053,2,60,0.0,,,,,,,,,,
176,0.17541188560426235,0.0,74.0,0.0,0.0,0.0,0.0,0.0,0.0,0.0,0.6,0.0038053,2,61,0.0,,,,,,,,,,
177,0.3352252133190632,0.0,74.0,0.0,0.0,0.0,0.0,0.0,0.0,0.0,0.6,0.0038053,2,62,0.0,,,,,,,,,,
178,0.4485189113765955,0.0,74.0,0.0,0.0,0.0,0.0,0.0,0.0,0.0,0.6,0.0038053,2,63,0.0,,,,,,,,,,
179,0.4344114512205124,0.0,74.0,0.0,0.0,0.0,0.0,0.0,0.0,0.0,0.6,0.0038053,2,64,0.0,,,,,,,,,,
180,0.47375430166721344,0.0,74.0,0.0,0.0,0.0,0.0,0.0,0.0,0.0,0.6,0.0038053,2,65,0.0,,,,,,,,,,
181,0.794659748673439,0.0,74.0,0.0,0.0,0.0,0.0,0.0,0.0,0.0,0.6,0.0038053,2,66,0.0,,,,,,,,,,
182,0.47706720419228077,0.0,74.0,0.0,0.0,0.0,0.0,0.0,0.0,0.0,0.6,0.0038053,2,67,0.0,,,,,,,,,,
183,0.3477349355816841,0.0,74.0,0.0,0.0,0.0,0.0,0.0,0.0,0.0,0.6,0.0038053,2,68,0.0,,,,,,,,,,
184,0.3410930782556534,0.0,74.0,0.0,0.0,0.0,0.0,0.0,0.0,0.0,0.6,0.0038053,2,69,0.0,,,,,,,,,,
185,0.3939390033483505,0.0,74.0,0.0,0.0,0.0,0.0,0.0,0.0,0.0,0.6,0.0038053,2,70,0.0,,,,,,,,,,
186,0.28109829127788544,0.0,74.0,0.0,0.0,0.0,0.0,0.0,0.0,0.0,0.6,0.0038053,2,71,0.0,,,,,,,,,,
187,0.2577385976910591,0.0,74.0,0.0,0.0,0.0,0.0,0.0,0.0,0.0,0.6,0.0038053,2,72,0.0,,,,,,,,,,
188,0.1996353715658188,0.0,74.0,0.0,0.0,0.0,0.0,0.0,0.0,0.0,0.6,0.0038053,2,73,0.0,,,,,,,,,,
189,0.22333348356187344,0.0,74.0,0.0,0.0,0.0,0.0,0.0,0.0,0.0,0.6,0.0038053,2,74,0.0,,,,,,,,,,
190,0.5015691667795181,0.0,74.0,0.0,0.0,0.0,0.0,0.0,0.0,0.0,0.6,0.0038053,2,75,0.0,,,,,,,,,,
191,0.28628138080239296,0.0,74.0,0.0,0.0,0.0,0.0,0.0,0.0,0.0,0.6,0.0038053,2,76,0.0,,,,,,,,,,
192,0.35647712275385857,0.0,74.0,0.0,0.0,0.0,0.0,0.0,0.0,0.0,0.6,0.0038053,2,77,0.0,,,,,,,,,,
193,0.4076990485191345,0.0,74.0,0.0,0.0,0.0,0.0,0.0,0.0,0.0,0.6,0.0038053,2,78,0.0,,,,,,,,,,
194,0.3871145322918892,0.0,74.0,0.0,0.0,0.0,0.0,0.0,0.0,0.0,0.6,0.0038053,2,79,0.0,,,,,,,,,,
195,0.35578933730721474,0.0,74.0,0.0,0.0,0.0,0.0,0.0,0.0,0.0,0.6,0.0038053,2,80,0.0,,,,,,,,,,
196,0.3393792323768139,0.0,74.0,0.0,0.0,0.0,0.0,0.0,0.0,0.0,0.6,0.0038053,2,81,0.0,,,,,,,,,,
197,0.44846874848008156,0.0,74.0,0.0,0.0,0.0,0.0,0.0,0.0,0.0,0.6,0.0038053,2,82,0.0,,,,,,,,,,
198,0.7611466124653816,0.0,74.0,0.0,0.0,0.0,0.0,0.0,0.0,0.0,0.6,0.0038053,2,83,0.0,,,,,,,,,,
199,0.551199235022068,0.0,74.0,0.0,0.0,0.0,0.0,0.0,0.0,0.0,0.6,0.0038053,2,84,0.0,,,,,,,,,,
200,0.358891136944294,0.0,74.0,0.0,0.0,0.0,0.0,0.0,0.0,0.0,0.6,0.0038053,2,85,0.0,,,,,,,,,,
201,0.42907074838876724,0.0,74.0,0.0,0.0,0.0,0.0,0.0,0.0,0.0,0.6,0.0038053,2,86,0.0,,,,,,,,,,
202,0.4454839378595352,0.0,74.0,0.0,0.0,0.0,0.0,0.0,0.0,0.0,0.6,0.0038053,2,87,0.0,,,,,,,,,,
203,0.4208753630518913,0.0,74.0,0.0,0.0,0.0,0.0,0.0,0.0,0.0,0.6,0.0038053,2,88,0.0,,,,,,,,,,
204,0.27518460899591446,0.0,74.0,0.0,0.0,0.0,0.0,0.0,0.0,0.0,0.6,0.0038053,2,89,0.0,,,,,,,,,,
205,0.25867750495672226,0.0,74.0,0.0,0.0,0.0,0.0,0.0,0.0,0.0,0.6,0.0038053,2,90,0.0,,,,,,,,,,
206,0.38409459590911865,0.0,74.0,0.0,0.0,0.0,0.0,0.0,0.0,0.0,0.6,0.0038053,2,91,0.0,,,,,,,,,,
207,0.21880504675209522,0.0,74.0,0.0,0.0,0.0,0.0,0.0,0.0,0.0,0.6,0.0038053,2,92,0.0,,,,,,,,,,
208,0.7652580887079239,0.0,74.0,0.0,0.0,0.0,0.0,0.0,0.0,0.0,0.6,0.0038053,2,93,0.0,,,,,,,,,,
209,0.5030563324689865,0.0,74.0,0.0,0.0,0.0,0.0,0.0,0.0,0.0,0.6,0.0038053,2,94,0.0,,,,,,,,,,
210,0.5304101156070828,0.0,74.0,0.0,0.0,0.0,0.0,0.0,0.0,0.0,0.6,0.0038053,2,95,0.0,,,,,,,,,,
211,0.5356168895959854,0.0,74.0,0.0,0.0,0.0,0.0,0.0,0.0,0.0,0.6,0.0038053,2,96,0.0,,,,,,,,,,
212,0.5076649039983749,0.0,74.0,0.0,0.0,0.0,0.0,0.0,0.0,0.0,0.6,0.0038053,2,97,0.0,,,,,,,,,,
213,0.3809843882918358,0.0,74.0,0.0,0.0,0.0,0.0,0.0,0.0,0.0,0.6,0.0038053,2,98,0.0,,,,,,,,,,
214,0.29172419756650925,0.0,74.0,0.0,0.0,0.0,0.0,0.0,0.0,0.0,0.6,0.0038053,2,99,0.0,,,,,,,,,,
215,0.4955913573503494,0.0,74.0,0.0,0.0,0.0,0.0,0.0,0.0,0.0,0.6,0.0038053,2,100,0.0,,,,,,,,,,
216,0.50544398650527,0.0,74.0,0.0,0.0,0.0,0.0,0.0,0.0,0.0,0.6,0.0038053,2,101,0.0,,,,,,,,,,
217,0.26527246087789536,0.0,74.0,0.0,0.0,0.0,0.0,0.0,0.0,0.0,0.6,0.0038053,2,102,0.0,,,,,,,,,,
218,0.4290013015270233,0.0,74.0,0.0,0.0,0.0,0.0,0.0,0.0,0.0,0.6,0.0038053,2,103,0.0,,,,,,,,,,
219,0.4564819484949112,0.0,74.0,0.0,0.0,0.0,0.0,0.0,0.0,0.0,0.6,0.0038053,2,104,0.0,,,,,,,,,,
220,0.4493938609957695,0.0,74.0,0.0,0.0,0.0,0.0,0.0,0.0,0.0,0.6,0.0038053,2,105,0.0,,,,,,,,,,
221,0.3500513806939125,0.0,74.0,0.0,0.0,0.0,0.0,0.0,0.0,0.0,0.6,0.0038053,2,106,0.0,,,,,,,,,,
222,0.2793496660888195,0.0,74.0,0.0,0.0,0.0,0.0,0.0,0.0,0.0,0.6,0.0038053,2,107,0.0,,,,,,,,,,
223,0.5132868066430092,0.0,74.0,0.0,0.0,0.0,0.0,0.0,0.0,0.0,0.6,0.0038053,2,108,0.0,,,,,,,,,,
224,0.37102966755628586,0.0,74.0,0.0,0.0,0.0,0.0,0.0,0.0,0.0,0.6,0.0038053,2,109,0.0,,,,,,,,,,
225,0.2934909462928772,0.0,74.0,0.0,0.0,0.0,0.0,0.0,0.0,0.0,0.6,0.0038053,2,110,0.0,,,,,,,,,,
226,0.2975057475268841,0.0,74.0,0.0,0.0,0.0,0.0,0.0,0.0,0.0,0.6,0.0038053,2,111,0.0,,,,,,,,,,
227,0.38134010694921017,0.0,74.0,0.0,0.0,0.0,0.0,0.0,0.0,0.0,0.6,0.0038053,2,112,0.0,,,,,,,,,,
228,0.21215807273983955,0.0,74.0,0.0,0.0,0.0,0.0,0.0,0.0,0.0,0.6,0.0038053,2,113,0.0,,,,,,,,,,
229,0.23157902620732784,0.0,74.0,0.0,0.0,0.0,0.0,0.0,0.0,0.0,0.6,0.0038053,2,114,0.0,,,,,,,,,,
230,0.471655684709549,0.0,74.0,0.0,0.0,0.0,0.0,0.0,0.0,0.0,0.6,0.0038053,2,115,0.0,,,,,,,,,,
230,,,,,,,,,,,,,2,,1.0,0.8553921568627451,0.3590663350545443,0.8553921568627451,0.35341243331248945,0.9242093784078517,0.19965652548100637,0.06881722154510661,0.9242093784078517,0.19894843752617422,0.06881722154510661
231,0.4462258070707321,0.0,74.0,0.0,0.0,0.0,0.0,0.0,0.0,0.0,0.6,0.0038053,3,1,0.0,,,,,,,,,,
232,0.14991383161395788,0.0,74.0,0.0,0.0,0.0,0.0,0.0,0.0,0.0,0.6,0.0038053,3,2,0.0,,,,,,,,,,
233,0.10646800324320793,0.0,74.0,0.0,0.0,0.0,0.0,0.0,0.0,0.0,0.6,0.0038053,3,3,0.0,,,,,,,,,,
234,0.244997788220644,0.0,74.0,0.0,0.0,0.0,0.0,0.0,0.0,0.0,0.6,0.0038053,3,4,0.0,,,,,,,,,,
235,0.19256168976426125,0.0,74.0,0.0,0.0,0.0,0.0,0.0,0.0,0.0,0.6,0.0038053,3,5,0.0,,,,,,,,,,
236,0.1269008181989193,0.0,74.0,0.0,0.0,0.0,0.0,0.0,0.0,0.0,0.6,0.0038053,3,6,0.0,,,,,,,,,,
237,0.1165294696111232,0.0,74.0,0.0,0.0,0.0,0.0,0.0,0.0,0.0,0.6,0.0038053,3,7,0.0,,,,,,,,,,
238,0.18426477164030075,0.0,74.0,0.0,0.0,0.0,0.0,0.0,0.0,0.0,0.6,0.0038053,3,8,0.0,,,,,,,,,,
239,0.24926136061549187,0.0,74.0,0.0,0.0,0.0,0.0,0.0,0.0,0.0,0.6,0.0038053,3,9,0.0,,,,,,,,,,
240,0.18491527810692787,0.0,74.0,0.0,0.0,0.0,0.0,0.0,0.0,0.0,0.6,0.0038053,3,10,0.0,,,,,,,,,,
241,0.37327613309025764,0.0,74.0,0.0,0.0,0.0,0.0,0.0,0.0,0.0,0.6,0.0038053,3,11,0.0,,,,,,,,,,
242,0.298383018001914,0.0,74.0,0.0,0.0,0.0,0.0,0.0,0.0,0.0,0.6,0.0038053,3,12,0.0,,,,,,,,,,
243,0.27692214492708445,0.0,74.0,0.0,0.0,0.0,0.0,0.0,0.0,0.0,0.6,0.0038053,3,13,0.0,,,,,,,,,,
244,0.127000005915761,0.0,74.0,0.0,0.0,0.0,0.0,0.0,0.0,0.0,0.6,0.0038053,3,14,0.0,,,,,,,,,,
245,0.2354032602161169,0.0,74.0,0.0,0.0,0.0,0.0,0.0,0.0,0.0,0.6,0.0038053,3,15,0.0,,,,,,,,,,
246,0.20243622735142708,0.0,74.0,0.0,0.0,0.0,0.0,0.0,0.0,0.0,0.6,0.0038053,3,16,0.0,,,,,,,,,,
247,0.13274812931194901,0.0,74.0,0.0,0.0,0.0,0.0,0.0,0.0,0.0,0.6,0.0038053,3,17,0.0,,,,,,,,,,
248,0.30578051693737507,0.0,74.0,0.0,0.0,0.0,0.0,0.0,0.0,0.0,0.6,0.0038053,3,18,0.0,,,,,,,,,,
249,0.0812244419939816,0.0,74.0,0.0,0.0,0.0,0.0,0.0,0.0,0.0,0.6,0.0038053,3,19,0.0,,,,,,,,,,
250,0.3159990715794265,0.0,74.0,0.0,0.0,0.0,0.0,0.0,0.0,0.0,0.6,0.0038053,3,20,0.0,,,,,,,,,,
251,0.5348042845726013,0.0,74.0,0.0,0.0,0.0,0.0,0.0,0.0,0.0,0.6,0.0038053,3,21,0.0,,,,,,,,,,
252,0.33753063157200813,0.0,74.0,0.0,0.0,0.0,0.0,0.0,0.0,0.0,0.6,0.0038053,3,22,0.0,,,,,,,,,,
253,0.0823278957977891,0.0,74.0,0.0,0.0,0.0,0.0,0.0,0.0,0.0,0.6,0.0038053,3,23,0.0,,,,,,,,,,
254,0.2697192979976535,0.0,74.0,0.0,0.0,0.0,0.0,0.0,0.0,0.0,0.6,0.0038053,3,24,0.0,,,,,,,,,,
255,0.43192162457853556,0.0,74.0,0.0,0.0,0.0,0.0,0.0,0.0,0.0,0.6,0.0038053,3,25,0.0,,,,,,,,,,
256,0.13391933031380177,0.0,74.0,0.0,0.0,0.0,0.0,0.0,0.0,0.0,0.6,0.0038053,3,26,0.0,,,,,,,,,,
257,0.08566696848720312,0.0,74.0,0.0,0.0,0.0,0.0,0.0,0.0,0.0,0.6,0.0038053,3,27,0.0,,,,,,,,,,
258,0.28688054252415895,0.0,74.0,0.0,0.0,0.0,0.0,0.0,0.0,0.0,0.6,0.0038053,3,28,0.0,,,,,,,,,,
259,0.24689706414937973,0.0,74.0,0.0,0.0,0.0,0.0,0.0,0.0,0.0,0.6,0.0038053,3,29,0.0,,,,,,,,,,
260,0.15406052581965923,0.0,74.0,0.0,0.0,0.0,0.0,0.0,0.0,0.0,0.6,0.0038053,3,30,0.0,,,,,,,,,,
261,0.0991171132773161,0.0,74.0,0.0,0.0,0.0,0.0,0.0,0.0,0.0,0.6,0.0038053,3,31,0.0,,,,,,,,,,
262,0.18097288720309734,0.0,74.0,0.0,0.0,0.0,0.0,0.0,0.0,0.0,0.6,0.0038053,3,32,0.0,,,,,,,,,,
263,0.15551341976970434,0.0,74.0,0.0,0.0,0.0,0.0,0.0,0.0,0.0,0.6,0.0038053,3,33,0.0,,,,,,,,,,
264,0.14573790971189737,0.0,74.0,0.0,0.0,0.0,0.0,0.0,0.0,0.0,0.6,0.0038053,3,34,0.0,,,,,,,,,,
265,0.35304621420800686,0.0,74.0,0.0,0.0,0.0,0.0,0.0,0.0,0.0,0.6,0.0038053,3,35,0.0,,,,,,,,,,
266,0.0891934335231781,0.0,74.0,0.0,0.0,0.0,0.0,0.0,0.0,0.0,0.6,0.0038053,3,36,0.0,,,,,,,,,,
267,0.21901725884526968,0.0,74.0,0.0,0.0,0.0,0.0,0.0,0.0,0.0,0.6,0.0038053,3,37,0.0,,,,,,,,,,
268,0.34517411049455404,0.0,74.0,0.0,0.0,0.0,0.0,0.0,0.0,0.0,0.6,0.0038053,3,38,0.0,,,,,,,,,,
269,0.13698879070580006,0.0,74.0,0.0,0.0,0.0,0.0,0.0,0.0,0.0,0.6,0.0038053,3,39,0.0,,,,,,,,,,
270,0.3293199948966503,0.0,74.0,0.0,0.0,0.0,0.0,0.0,0.0,0.0,0.6,0.0038053,3,40,0.0,,,,,,,,,,
271,0.24616461666300893,0.0,74.0,0.0,0.0,0.0,0.0,0.0,0.0,0.0,0.6,0.0038053,3,41,0.0,,,,,,,,,,
272,0.35011481307446957,0.0,74.0,0.0,0.0,0.0,0.0,0.0,0.0,0.0,0.6,0.0038053,3,42,0.0,,,,,,,,,,
273,0.24901785142719746,0.0,74.0,0.0,0.0,0.0,0.0,0.0,0.0,0.0,0.6,0.0038053,3,43,0.0,,,,,,,,,,
274,0.1800097576342523,0.0,74.0,0.0,0.0,0.0,0.0,0.0,0.0,0.0,0.6,0.0038053,3,44,0.0,,,,,,,,,,
275,0.2469533560797572,0.0,74.0,0.0,0.0,0.0,0.0,0.0,0.0,0.0,0.6,0.0038053,3,45,0.0,,,,,,,,,,
276,0.1779796788468957,0.0,74.0,0.0,0.0,0.0,0.0,0.0,0.0,0.0,0.6,0.0038053,3,46,0.0,,,,,,,,,,
277,0.21629806188866496,0.0,74.0,0.0,0.0,0.0,0.0,0.0,0.0,0.0,0.6,0.0038053,3,47,0.0,,,,,,,,,,
278,0.31071054143831134,0.0,74.0,0.0,0.0,0.0,0.0,0.0,0.0,0.0,0.6,0.0038053,3,48,0.0,,,,,,,,,,
279,0.5101751359179616,0.0,74.0,0.0,0.0,0.0,0.0,0.0,0.0,0.0,0.6,0.0038053,3,49,0.0,,,,,,,,,,
280,0.158723596483469,0.0,74.0,0.0,0.0,0.0,0.0,0.0,0.0,0.0,0.6,0.0038053,3,50,0.0,,,,,,,,,,
281,0.3172575365751982,0.0,74.0,0.0,0.0,0.0,0.0,0.0,0.0,0.0,0.6,0.0038053,3,51,0.0,,,,,,,,,,
282,0.2323444252833724,0.0,74.0,0.0,0.0,0.0,0.0,0.0,0.0,0.0,0.6,0.0038053,3,52,0.0,,,,,,,,,,
283,0.230139946565032,0.0,74.0,0.0,0.0,0.0,0.0,0.0,0.0,0.0,0.6,0.0038053,3,53,0.0,,,,,,,,,,
284,0.15471395663917065,0.0,74.0,0.0,0.0,0.0,0.0,0.0,0.0,0.0,0.6,0.0038053,3,54,0.0,,,,,,,,,,
285,0.29854595474898815,0.0,74.0,0.0,0.0,0.0,0.0,0.0,0.0,0.0,0.6,0.0038053,3,55,0.0,,,,,,,,,,
286,0.19975807890295982,0.0,74.0,0.0,0.0,0.0,0.0,0.0,0.0,0.0,0.6,0.0038053,3,56,0.0,,,,,,,,,,
287,0.24725866317749023,0.0,74.0,0.0,0.0,0.0,0.0,0.0,0.0,0.0,0.6,0.0038053,3,57,0.0,,,,,,,,,,
288,0.2404478434473276,0.0,74.0,0.0,0.0,0.0,0.0,0.0,0.0,0.0,0.6,0.0038053,3,58,0.0,,,,,,,,,,
289,0.18402648530900478,0.0,74.0,0.0,0.0,0.0,0.0,0.0,0.0,0.0,0.6,0.0038053,3,59,0.0,,,,,,,,,,
290,0.1326641421765089,0.0,74.0,0.0,0.0,0.0,0.0,0.0,0.0,0.0,0.6,0.0038053,3,60,0.0,,,,,,,,,,
291,0.14241856522858143,0.0,74.0,0.0,0.0,0.0,0.0,0.0,0.0,0.0,0.6,0.0038053,3,61,0.0,,,,,,,,,,
292,0.3391475547105074,0.0,74.0,0.0,0.0,0.0,0.0,0.0,0.0,0.0,0.6,0.0038053,3,62,0.0,,,,,,,,,,
293,0.1257261661812663,0.0,74.0,0.0,0.0,0.0,0.0,0.0,0.0,0.0,0.6,0.0038053,3,63,0.0,,,,,,,,,,
294,0.0524193006567657,0.0,74.0,0.0,0.0,0.0,0.0,0.0,0.0,0.0,0.6,0.0038053,3,64,0.0,,,,,,,,,,
295,0.13017976470291615,0.0,74.0,0.0,0.0,0.0,0.0,0.0,0.0,0.0,0.6,0.0038053,3,65,0.0,,,,,,,,,,
296,0.15448789298534393,0.0,74.0,0.0,0.0,0.0,0.0,0.0,0.0,0.0,0.6,0.0038053,3,66,0.0,,,,,,,,,,
297,0.26681480649858713,0.0,74.0,0.0,0.0,0.0,0.0,0.0,0.0,0.0,0.6,0.0038053,3,67,0.0,,,,,,,,,,
298,0.08371224300935864,0.0,74.0,0.0,0.0,0.0,0.0,0.0,0.0,0.0,0.6,0.0038053,3,68,0.0,,,,,,,,,,
299,0.2328820878174156,0.0,74.0,0.0,0.0,0.0,0.0,0.0,0.0,0.0,0.6,0.0038053,3,69,0.0,,,,,,,,,,
300,0.4331807419657707,0.0,74.0,0.0,0.0,0.0,0.0,0.0,0.0,0.0,0.6,0.0038053,3,70,0.0,,,,,,,,,,
301,0.1740449909120798,0.0,74.0,0.0,0.0,0.0,0.0,0.0,0.0,0.0,0.6,0.0038053,3,71,0.0,,,,,,,,,,
302,0.11705702124163508,0.0,74.0,0.0,0.0,0.0,0.0,0.0,0.0,0.0,0.6,0.0038053,3,72,0.0,,,,,,,,,,
303,0.308988522272557,0.0,74.0,0.0,0.0,0.0,0.0,0.0,0.0,0.0,0.6,0.0038053,3,73,0.0,,,,,,,,,,
304,1.1294745951890945,0.0,74.0,0.0,0.0,0.0,0.0,0.0,0.0,0.0,0.6,0.0038053,3,74,0.0,,,,,,,,,,
305,0.63453334197402,0.0,74.0,0.0,0.0,0.0,0.0,0.0,0.0,0.0,0.6,0.0038053,3,75,0.0,,,,,,,,,,
306,0.10888290591537952,0.0,74.0,0.0,0.0,0.0,0.0,0.0,0.0,0.0,0.6,0.0038053,3,76,0.0,,,,,,,,,,
307,0.20117106568068266,0.0,74.0,0.0,0.0,0.0,0.0,0.0,0.0,0.0,0.6,0.0038053,3,77,0.0,,,,,,,,,,
308,0.061057438142597675,0.0,74.0,0.0,0.0,0.0,0.0,0.0,0.0,0.0,0.6,0.0038053,3,78,0.0,,,,,,,,,,
309,0.3291891235858202,0.0,74.0,0.0,0.0,0.0,0.0,0.0,0.0,0.0,0.6,0.0038053,3,79,0.0,,,,,,,,,,
310,0.2291485145688057,0.0,74.0,0.0,0.0,0.0,0.0,0.0,0.0,0.0,0.6,0.0038053,3,80,0.0,,,,,,,,,,
311,0.5502428039908409,0.0,74.0,0.0,0.0,0.0,0.0,0.0,0.0,0.0,0.6,0.0038053,3,81,0.0,,,,,,,,,,
312,0.5656052269041538,0.0,74.0,0.0,0.0,0.0,0.0,0.0,0.0,0.0,0.6,0.0038053,3,82,0.0,,,,,,,,,,
313,0.3212075047194958,0.0,74.0,0.0,0.0,0.0,0.0,0.0,0.0,0.0,0.6,0.0038053,3,83,0.0,,,,,,,,,,
314,0.347334673628211,0.0,74.0,0.0,0.0,0.0,0.0,0.0,0.0,0.0,0.6,0.0038053,3,84,0.0,,,,,,,,,,
315,0.19438951835036278,0.0,74.0,0.0,0.0,0.0,0.0,0.0,0.0,0.0,0.6,0.0038053,3,85,0.0,,,,,,,,,,
316,0.26716239005327225,0.0,74.0,0.0,0.0,0.0,0.0,0.0,0.0,0.0,0.6,0.0038053,3,86,0.0,,,,,,,,,,
317,0.22675230726599693,0.0,74.0,0.0,0.0,0.0,0.0,0.0,0.0,0.0,0.6,0.0038053,3,87,0.0,,,,,,,,,,
318,0.5435106605291367,0.0,74.0,0.0,0.0,0.0,0.0,0.0,0.0,0.0,0.6,0.0038053,3,88,0.0,,,,,,,,,,
319,0.30333070643246174,0.0,74.0,0.0,0.0,0.0,0.0,0.0,0.0,0.0,0.6,0.0038053,3,89,0.0,,,,,,,,,,
320,0.2170280274003744,0.0,74.0,0.0,0.0,0.0,0.0,0.0,0.0,0.0,0.6,0.0038053,3,90,0.0,,,,,,,,,,
321,0.19644656777381897,0.0,74.0,0.0,0.0,0.0,0.0,0.0,0.0,0.0,0.6,0.0038053,3,91,0.0,,,,,,,,,,
322,0.22318265587091446,0.0,74.0,0.0,0.0,0.0,0.0,0.0,0.0,0.0,0.6,0.0038053,3,92,0.0,,,,,,,,,,
323,0.2566648293286562,0.0,74.0,0.0,0.0,0.0,0.0,0.0,0.0,0.0,0.6,0.0038053,3,93,0.0,,,,,,,,,,
324,0.2292378582060337,0.0,74.0,0.0,0.0,0.0,0.0,0.0,0.0,0.0,0.6,0.0038053,3,94,0.0,,,,,,,,,,
325,0.27194770984351635,0.0,74.0,0.0,0.0,0.0,0.0,0.0,0.0,0.0,0.6,0.0038053,3,95,0.0,,,,,,,,,,
326,0.2395218275487423,0.0,74.0,0.0,0.0,0.0,0.0,0.0,0.0,0.0,0.6,0.0038053,3,96,0.0,,,,,,,,,,
327,0.2744574649259448,0.0,74.0,0.0,0.0,0.0,0.0,0.0,0.0,0.0,0.6,0.0038053,3,97,0.0,,,,,,,,,,
328,0.36411112546920776,0.0,74.0,0.0,0.0,0.0,0.0,0.0,0.0,0.0,0.6,0.0038053,3,98,0.0,,,,,,,,,,
329,0.11066496931016445,0.0,74.0,0.0,0.0,0.0,0.0,0.0,0.0,0.0,0.6,0.0038053,3,99,0.0,,,,,,,,,,
330,0.2118531446903944,0.0,74.0,0.0,0.0,0.0,0.0,0.0,0.0,0.0,0.6,0.0038053,3,100,0.0,,,,,,,,,,
331,0.20775955356657505,0.0,74.0,0.0,0.0,0.0,0.0,0.0,0.0,0.0,0.6,0.0038053,3,101,0.0,,,,,,,,,,
332,0.18430554820224643,0.0,74.0,0.0,0.0,0.0,0.0,0.0,0.0,0.0,0.6,0.0038053,3,102,0.0,,,,,,,,,,
333,0.20916103944182396,0.0,74.0,0.0,0.0,0.0,0.0,0.0,0.0,0.0,0.6,0.0038053,3,103,0.0,,,,,,,,,,
334,0.1321373861283064,0.0,74.0,0.0,0.0,0.0,0.0,0.0,0.0,0.0,0.6,0.0038053,3,104,0.0,,,,,,,,,,
335,0.25934156589210033,0.0,74.0,0.0,0.0,0.0,0.0,0.0,0.0,0.0,0.6,0.0038053,3,105,0.0,,,,,,,,,,
336,0.22223639488220215,0.0,74.0,0.0,0.0,0.0,0.0,0.0,0.0,0.0,0.6,0.0038053,3,106,0.0,,,,,,,,,,
337,0.2981649376451969,0.0,74.0,0.0,0.0,0.0,0.0,0.0,0.0,0.0,0.6,0.0038053,3,107,0.0,,,,,,,,,,
338,0.31590504199266434,0.0,74.0,0.0,0.0,0.0,0.0,0.0,0.0,0.0,0.6,0.0038053,3,108,0.0,,,,,,,,,,
339,0.28203535452485085,0.0,74.0,0.0,0.0,0.0,0.0,0.0,0.0,0.0,0.6,0.0038053,3,109,0.0,,,,,,,,,,
340,0.1884465403854847,0.0,74.0,0.0,0.0,0.0,0.0,0.0,0.0,0.0,0.6,0.0038053,3,110,0.0,,,,,,,,,,
341,0.09058759082108736,0.0,74.0,0.0,0.0,0.0,0.0,0.0,0.0,0.0,0.6,0.0038053,3,111,0.0,,,,,,,,,,
342,0.09998064674437046,0.0,74.0,0.0,0.0,0.0,0.0,0.0,0.0,0.0,0.6,0.0038053,3,112,0.0,,,,,,,,,,
343,0.22256178129464388,0.0,74.0,0.0,0.0,0.0,0.0,0.0,0.0,0.0,0.6,0.0038053,3,113,0.0,,,,,,,,,,
344,0.10419391188770533,0.0,74.0,0.0,0.0,0.0,0.0,0.0,0.0,0.0,0.6,0.0038053,3,114,0.0,,,,,,,,,,
345,0.3853400260210037,0.0,74.0,0.0,0.0,0.0,0.0,0.0,0.0,0.0,0.6,0.0038053,3,115,0.0,,,,,,,,,,
345,,,,,,,,,,,,,3,,1.0,0.8700980392156863,0.3770548305832423,0.8676470588235294,0.370046789256426,0.9645583424209379,0.11471341046626153,0.09446030320525156,0.9640130861504908,0.11527959190956924,0.09636602732696131
346,0.167336187325418,0.0,74.0,0.0,0.0,0.0,0.0,0.0,0.0,0.0,0.6,0.0038053,4,1,0.0,,,,,,,,,,
347,0.20245802029967308,0.0,74.0,0.0,0.0,0.0,0.0,0.0,0.0,0.0,0.6,0.0038053,4,2,0.0,,,,,,,,,,
348,0.19890563050284982,0.0,74.0,0.0,0.0,0.0,0.0,0.0,0.0,0.0,0.6,0.0038053,4,3,0.0,,,,,,,,,,
349,0.04367159167304635,0.0,74.0,0.0,0.0,0.0,0.0,0.0,0.0,0.0,0.6,0.0038053,4,4,0.0,,,,,,,,,,
350,0.18848328664898872,0.0,74.0,0.0,0.0,0.0,0.0,0.0,0.0,0.0,0.6,0.0038053,4,5,0.0,,,,,,,,,,
351,0.27653529914096,0.0,74.0,0.0,0.0,0.0,0.0,0.0,0.0,0.0,0.6,0.0038053,4,6,0.0,,,,,,,,,,
352,0.07454462489113212,0.0,74.0,0.0,0.0,0.0,0.0,0.0,0.0,0.0,0.6,0.0038053,4,7,0.0,,,,,,,,,,
353,0.11366781871765852,0.0,74.0,0.0,0.0,0.0,0.0,0.0,0.0,0.0,0.6,0.0038053,4,8,0.0,,,,,,,,,,
354,0.13577505899593234,0.0,74.0,0.0,0.0,0.0,0.0,0.0,0.0,0.0,0.6,0.0038053,4,9,0.0,,,,,,,,,,
355,0.05860007740557194,0.0,74.0,0.0,0.0,0.0,0.0,0.0,0.0,0.0,0.6,0.0038053,4,10,0.0,,,,,,,,,,
356,0.26651535695418715,0.0,74.0,0.0,0.0,0.0,0.0,0.0,0.0,0.0,0.6,0.0038053,4,11,0.0,,,,,,,,,,
357,0.020965087227523327,36.0,74.0,0.4864864864864865,7.0,29.0,0.19444444444444445,0.8055555555555556,0.17671835653373752,0.0,0.6,0.0038053,4,12,0.0,,,,,,,,,,
358,0.0484020346775651,0.0,74.0,0.0,0.0,0.0,0.0,0.0,0.0,0.0,0.6,0.0038053,4,13,0.0,,,,,,,,,,
359,0.09173568501137197,0.0,74.0,0.0,0.0,0.0,0.0,0.0,0.0,0.0,0.6,0.0038053,4,14,0.0,,,,,,,,,,
360,0.08197179576382041,0.0,74.0,0.0,0.0,0.0,0.0,0.0,0.0,0.0,0.6,0.0038053,4,15,0.0,,,,,,,,,,
361,0.01913480181246996,0.0,74.0,0.0,0.0,0.0,0.0,0.0,0.0,0.0,0.6,0.0038053,4,16,0.0,,,,,,,,,,
362,0.1816661674529314,0.0,74.0,0.0,0.0,0.0,0.0,0.0,0.0,0.0,0.6,0.0038053,4,17,0.0,,,,,,,,,,
363,0.3224912332370877,0.0,74.0,0.0,0.0,0.0,0.0,0.0,0.0,0.0,0.6,0.0038053,4,18,0.0,,,,,,,,,,
364,0.1539556672796607,0.0,74.0,0.0,0.0,0.0,0.0,0.0,0.0,0.0,0.6,0.0038053,4,19,0.0,,,,,,,,,,
365,0.09971872135065496,0.0,74.0,0.0,0.0,0.0,0.0,0.0,0.0,0.0,0.6,0.0038053,4,20,0.0,,,,,,,,,,
366,0.04580223606899381,0.0,74.0,0.0,0.0,0.0,0.0,0.0,0.0,0.0,0.6,0.0038053,4,21,0.0,,,,,,,,,,
367,0.17915578000247478,0.0,74.0,0.0,0.0,0.0,0.0,0.0,0.0,0.0,0.6,0.0038053,4,22,0.0,,,,,,,,,,
368,0.018384287250228226,0.0,74.0,0.0,0.0,0.0,0.0,0.0,0.0,0.0,0.6,0.0038053,4,23,0.0,,,,,,,,,,
369,0.06856120144948363,0.0,74.0,0.0,0.0,0.0,0.0,0.0,0.0,0.0,0.6,0.0038053,4,24,0.0,,,,,,,,,,
370,0.34432194917462766,0.0,74.0,0.0,0.0,0.0,0.0,0.0,0.0,0.0,0.6,0.0038053,4,25,0.0,,,,,,,,,,
371,0.17596439644694328,0.0,74.0,0.0,0.0,0.0,0.0,0.0,0.0,0.0,0.6,0.0038053,4,26,0.0,,,,,,,,,,
372,0.022223651874810457,1.0,74.0,0.013513513513513514,1.0,0.0,1.0,0.0,0.16341628706348624,0.0,0.6,0.0038053,4,27,0.0,,,,,,,,,,
373,0.10120462672784925,0.0,74.0,0.0,0.0,0.0,0.0,0.0,0.0,0.0,0.6,0.0038053,4,28,0.0,,,,,,,,,,
374,0.15768587263301015,0.0,74.0,0.0,0.0,0.0,0.0,0.0,0.0,0.0,0.6,0.0038053,4,29,0.0,,,,,,,,,,
375,0.38704622094519436,0.0,74.0,0.0,0.0,0.0,0.0,0.0,0.0,0.0,0.6,0.0038053,4,30,0.0,,,,,,,,,,
376,0.013092795619741082,6.0,74.0,0.08108108108108109,3.0,3.0,0.5,0.5,0.17473045512310134,0.0,0.6,0.0038053,4,31,0.0,,,,,,,,,,
377,0.04159006499685347,0.0,74.0,0.0,0.0,0.0,0.0,0.0,0.0,0.0,0.6,0.0038053,4,32,0.0,,,,,,,,,,
378,0.08484024461358786,0.0,74.0,0.0,0.0,0.0,0.0,0.0,0.0,0.0,0.6,0.0038053,4,33,0.0,,,,,,,,,,
379,0.09225051384419203,0.0,74.0,0.0,0.0,0.0,0.0,0.0,0.0,0.0,0.6,0.0038053,4,34,0.0,,,,,,,,,,
380,0.21711058914661407,0.0,74.0,0.0,0.0,0.0,0.0,0.0,0.0,0.0,0.6,0.0038053,4,35,0.0,,,,,,,,,,
381,0.013835790799930692,0.0,74.0,0.0,0.0,0.0,0.0,0.0,0.0,0.0,0.6,0.0038053,4,36,0.0,,,,,,,,,,
382,0.03196985856629908,0.0,74.0,0.0,0.0,0.0,0.0,0.0,0.0,0.0,0.6,0.0038053,4,37,0.0,,,,,,,,,,
383,0.1045179353095591,0.0,74.0,0.0,0.0,0.0,0.0,0.0,0.0,0.0,0.6,0.0038053,4,38,0.0,,,,,,,,,,
384,0.23435298044933006,0.0,74.0,0.0,0.0,0.0,0.0,0.0,0.0,0.0,0.6,0.0038053,4,39,0.0,,,,,,,,,,
385,0.014887576340697706,3.0,74.0,0.04054054054054054,1.0,2.0,0.3333333333333333,0.6666666666666666,0.17271101660685037,0.0,0.6,0.0038053,4,40,0.0,,,,,,,,,,
386,0.29434225615113974,0.0,74.0,0.0,0.0,0.0,0.0,0.0,0.0,0.0,0.6,0.0038053,4,41,0.0,,,,,,,,,,
387,0.2798327546333894,0.0,74.0,0.0,0.0,0.0,0.0,0.0,0.0,0.0,0.6,0.0038053,4,42,0.0,,,,,,,,,,
388,0.012903176248073578,6.0,74.0,0.08108108108108109,3.0,3.0,0.5,0.5,0.1744337761693088,0.0,0.6,0.0038053,4,43,0.0,,,,,,,,,,
389,0.030438801739364862,0.0,74.0,0.0,0.0,0.0,0.0,0.0,0.0,0.0,0.6,0.0038053,4,44,0.0,,,,,,,,,,
390,0.09601345687406138,0.0,74.0,0.0,0.0,0.0,0.0,0.0,0.0,0.0,0.6,0.0038053,4,45,0.0,,,,,,,,,,
391,0.163049025577493,0.0,74.0,0.0,0.0,0.0,0.0,0.0,0.0,0.0,0.6,0.0038053,4,46,0.0,,,,,,,,,,
392,0.04476157983299345,0.0,74.0,0.0,0.0,0.0,0.0,0.0,0.0,0.0,0.6,0.0038053,4,47,0.0,,,,,,,,,,
393,0.24841043015476316,0.0,74.0,0.0,0.0,0.0,0.0,0.0,0.0,0.0,0.6,0.0038053,4,48,0.0,,,,,,,,,,
394,0.0076546138152480125,37.0,74.0,0.5,9.0,28.0,0.24324324324324326,0.7567567567567568,0.17529153250105406,0.0,0.6,0.0038053,4,49,0.0,,,,,,,,,,
395,0.04154823813587427,0.0,74.0,0.0,0.0,0.0,0.0,0.0,0.0,0.0,0.6,0.0038053,4,50,0.0,,,,,,,,,,
396,0.17957747436594218,0.0,74.0,0.0,0.0,0.0,0.0,0.0,0.0,0.0,0.6,0.0038053,4,51,0.0,,,,,,,,,,
397,0.25683806784218177,0.0,74.0,0.0,0.0,0.0,0.0,0.0,0.0,0.0,0.6,0.0038053,4,52,0.0,,,,,,,,,,
398,0.2540183119708672,0.0,74.0,0.0,0.0,0.0,0.0,0.0,0.0,0.0,0.6,0.0038053,4,53,0.0,,,,,,,,,,
399,0.2096830615773797,0.0,74.0,0.0,0.0,0.0,0.0,0.0,0.0,0.0,0.6,0.0038053,4,54,0.0,,,,,,,,,,
400,0.07049785286653787,0.0,74.0,0.0,0.0,0.0,0.0,0.0,0.0,0.0,0.6,0.0038053,4,55,0.0,,,,,,,,,,
401,0.0701196554582566,0.0,74.0,0.0,0.0,0.0,0.0,0.0,0.0,0.0,0.6,0.0038053,4,56,0.0,,,,,,,,,,
402,0.21385546075180173,0.0,74.0,0.0,0.0,0.0,0.0,0.0,0.0,0.0,0.6,0.0038053,4,57,0.0,,,,,,,,,,
403,0.1425741485436447,0.0,74.0,0.0,0.0,0.0,0.0,0.0,0.0,0.0,0.6,0.0038053,4,58,0.0,,,,,,,,,,
404,0.33048192522255704,0.0,74.0,0.0,0.0,0.0,0.0,0.0,0.0,0.0,0.6,0.0038053,4,59,0.0,,,,,,,,,,
405,0.1704872064292431,0.0,74.0,0.0,0.0,0.0,0.0,0.0,0.0,0.0,0.6,0.0038053,4,60,0.0,,,,,,,,,,
406,0.20739517186302692,0.0,74.0,0.0,0.0,0.0,0.0,0.0,0.0,0.0,0.6,0.0038053,4,61,0.0,,,,,,,,,,
407,0.2302507646381855,0.0,74.0,0.0,0.0,0.0,0.0,0.0,0.0,0.0,0.6,0.0038053,4,62,0.0,,,,,,,,,,
408,0.08303390350192785,0.0,74.0,0.0,0.0,0.0,0.0,0.0,0.0,0.0,0.6,0.0038053,4,63,0.0,,,,,,,,,,
409,0.03665668377652764,0.0,74.0,0.0,0.0,0.0,0.0,0.0,0.0,0.0,0.6,0.0038053,4,64,0.0,,,,,,,,,,
410,0.2784263815265149,0.0,74.0,0.0,0.0,0.0,0.0,0.0,0.0,0.0,0.6,0.0038053,4,65,0.0,,,,,,,,,,
411,0.19566262559965253,0.0,74.0,0.0,0.0,0.0,0.0,0.0,0.0,0.0,0.6,0.0038053,4,66,0.0,,,,,,,,,,
412,0.1284212761092931,0.0,74.0,0.0,0.0,0.0,0.0,0.0,0.0,0.0,0.6,0.0038053,4,67,0.0,,,,,,,,,,
413,0.056796475779265165,0.0,74.0,0.0,0.0,0.0,0.0,0.0,0.0,0.0,0.6,0.0038053,4,68,0.0,,,,,,,,,,
414,0.08541169296950102,0.0,74.0,0.0,0.0,0.0,0.0,0.0,0.0,0.0,0.6,0.0038053,4,69,0.0,,,,,,,,,,
415,0.15676515852101147,0.0,74.0,0.0,0.0,0.0,0.0,0.0,0.0,0.0,0.6,0.0038053,4,70,0.0,,,,,,,,,,
416,0.23417877219617367,0.0,74.0,0.0,0.0,0.0,0.0,0.0,0.0,0.0,0.6,0.0038053,4,71,0.0,,,,,,,,,,
417,0.042184687219560146,0.0,74.0,0.0,0.0,0.0,0.0,0.0,0.0,0.0,0.6,0.0038053,4,72,0.0,,,,,,,,,,
418,0.06219519046135247,0.0,74.0,0.0,0.0,0.0,0.0,0.0,0.0,0.0,0.6,0.0038053,4,73,0.0,,,,,,,,,,
419,0.023686503991484642,0.0,74.0,0.0,0.0,0.0,0.0,0.0,0.0,0.0,0.6,0.0038053,4,74,0.0,,,,,,,,,,
420,0.14561324706301093,0.0,74.0,0.0,0.0,0.0,0.0,0.0,0.0,0.0,0.6,0.0038053,4,75,0.0,,,,,,,,,,
421,0.23766019474714994,0.0,74.0,0.0,0.0,0.0,0.0,0.0,0.0,0.0,0.6,0.0038053,4,76,0.0,,,,,,,,,,
422,0.02866061870008707,0.0,74.0,0.0,0.0,0.0,0.0,0.0,0.0,0.0,0.6,0.0038053,4,77,0.0,,,,,,,,,,
423,0.2401709808036685,0.0,74.0,0.0,0.0,0.0,0.0,0.0,0.0,0.0,0.6,0.0038053,4,78,0.0,,,,,,,,,,
424,0.24361616908572614,0.0,74.0,0.0,0.0,0.0,0.0,0.0,0.0,0.0,0.6,0.0038053,4,79,0.0,,,,,,,,,,
425,0.2627146190498024,0.0,74.0,0.0,0.0,0.0,0.0,0.0,0.0,0.0,0.6,0.0038053,4,80,0.0,,,,,,,,,,
426,0.2762653138488531,0.0,74.0,0.0,0.0,0.0,0.0,0.0,0.0,0.0,0.6,0.0038053,4,81,0.0,,,,,,,,,,
427,0.15532673988491297,0.0,74.0,0.0,0.0,0.0,0.0,0.0,0.0,0.0,0.6,0.0038053,4,82,0.0,,,,,,,,,,
428,0.06965091964229941,0.0,74.0,0.0,0.0,0.0,0.0,0.0,0.0,0.0,0.6,0.0038053,4,83,0.0,,,,,,,,,,
429,0.017886914312839508,2.0,74.0,0.02702702702702703,1.0,1.0,0.5,0.5,0.17977286772671253,0.0,0.6,0.0038053,4,84,0.0,,,,,,,,,,
430,0.0225032651796937,1.0,74.0,0.013513513513513514,1.0,0.0,1.0,0.0,0.17112717094918606,0.0,0.6,0.0038053,4,85,0.0,,,,,,,,,,
431,0.12997742369771004,0.0,74.0,0.0,0.0,0.0,0.0,0.0,0.0,0.0,0.6,0.0038053,4,86,0.0,,,,,,,,,,
432,0.1091066668741405,0.0,74.0,0.0,0.0,0.0,0.0,0.0,0.0,0.0,0.6,0.0038053,4,87,0.0,,,,,,,,,,
433,0.15706565184518695,0.0,74.0,0.0,0.0,0.0,0.0,0.0,0.0,0.0,0.6,0.0038053,4,88,0.0,,,,,,,,,,
434,0.2525784398894757,0.0,74.0,0.0,0.0,0.0,0.0,0.0,0.0,0.0,0.6,0.0038053,4,89,0.0,,,,,,,,,,
435,0.16461516334675252,0.0,74.0,0.0,0.0,0.0,0.0,0.0,0.0,0.0,0.6,0.0038053,4,90,0.0,,,,,,,,,,
436,0.10745663463603705,0.0,74.0,0.0,0.0,0.0,0.0,0.0,0.0,0.0,0.6,0.0038053,4,91,0.0,,,,,,,,,,
437,0.061569069512188435,0.0,74.0,0.0,0.0,0.0,0.0,0.0,0.0,0.0,0.6,0.0038053,4,92,0.0,,,,,,,,,,
438,0.32572156097739935,0.0,74.0,0.0,0.0,0.0,0.0,0.0,0.0,0.0,0.6,0.0038053,4,93,0.0,,,,,,,,,,
439,0.09981945902109146,0.0,74.0,0.0,0.0,0.0,0.0,0.0,0.0,0.0,0.6,0.0038053,4,94,0.0,,,,,,,,,,
440,0.08123491844162345,0.0,74.0,0.0,0.0,0.0,0.0,0.0,0.0,0.0,0.6,0.0038053,4,95,0.0,,,,,,,,,,
441,0.038213648833334446,0.0,74.0,0.0,0.0,0.0,0.0,0.0,0.0,0.0,0.6,0.0038053,4,96,0.0,,,,,,,,,,
442,0.0297458169516176,0.0,74.0,0.0,0.0,0.0,0.0,0.0,0.0,0.0,0.6,0.0038053,4,97,0.0,,,,,,,,,,
443,0.21982267312705517,0.0,74.0,0.0,0.0,0.0,0.0,0.0,0.0,0.0,0.6,0.0038053,4,98,0.0,,,,,,,,,,
444,0.1539624216966331,0.0,74.0,0.0,0.0,0.0,0.0,0.0,0.0,0.0,0.6,0.0038053,4,99,0.0,,,,,,,,,,
445,0.37163090193644166,0.0,74.0,0.0,0.0,0.0,0.0,0.0,0.0,0.0,0.6,0.0038053,4,100,0.0,,,,,,,,,,
446,0.10711360489949584,0.0,74.0,0.0,0.0,0.0,0.0,0.0,0.0,0.0,0.6,0.0038053,4,101,0.0,,,,,,,,,,
447,0.0952848691958934,0.0,74.0,0.0,0.0,0.0,0.0,0.0,0.0,0.0,0.6,0.0038053,4,102,0.0,,,,,,,,,,
448,0.1680689100176096,0.0,74.0,0.0,0.0,0.0,0.0,0.0,0.0,0.0,0.6,0.0038053,4,103,0.0,,,,,,,,,,
449,0.09092091233469546,0.0,74.0,0.0,0.0,0.0,0.0,0.0,0.0,0.0,0.6,0.0038053,4,104,0.0,,,,,,,,,,
450,0.17412598803639412,0.0,74.0,0.0,0.0,0.0,0.0,0.0,0.0,0.0,0.6,0.0038053,4,105,0.0,,,,,,,,,,
451,0.15060908475425094,0.0,74.0,0.0,0.0,0.0,0.0,0.0,0.0,0.0,0.6,0.0038053,4,106,0.0,,,,,,,,,,
452,0.05301453825086355,0.0,74.0,0.0,0.0,0.0,0.0,0.0,0.0,0.0,0.6,0.0038053,4,107,0.0,,,,,,,,,,
453,0.1773030050098896,0.0,74.0,0.0,0.0,0.0,0.0,0.0,0.0,0.0,0.6,0.0038053,4,108,0.0,,,,,,,,,,
454,0.14426402002573013,0.0,74.0,0.0,0.0,0.0,0.0,0.0,0.0,0.0,0.6,0.0038053,4,109,0.0,,,,,,,,,,
455,0.09184321481734514,0.0,74.0,0.0,0.0,0.0,0.0,0.0,0.0,0.0,0.6,0.0038053,4,110,0.0,,,,,,,,,,
456,0.08476837584748864,0.0,74.0,0.0,0.0,0.0,0.0,0.0,0.0,0.0,0.6,0.0038053,4,111,0.0,,,,,,,,,,
457,0.17799233784899116,0.0,74.0,0.0,0.0,0.0,0.0,0.0,0.0,0.0,0.6,0.0038053,4,112,0.0,,,,,,,,,,
458,0.0784818734973669,0.0,74.0,0.0,0.0,0.0,0.0,0.0,0.0,0.0,0.6,0.0038053,4,113,0.0,,,,,,,,,,
459,0.05525515740737319,0.0,74.0,0.0,0.0,0.0,0.0,0.0,0.0,0.0,0.6,0.0038053,4,114,0.0,,,,,,,,,,
460,0.16421279907226566,0.0,74.0,0.0,0.0,0.0,0.0,0.0,0.0,0.0,0.6,0.0038053,4,115,0.0,,,,,,,,,,
460,,,,,,,,,,,,,4,,1.0,0.8602941176470589,0.3860701726606259,0.8602941176470589,0.3786388592651257,0.9833696837513631,0.057889712642392385,0.12307556610430426,0.9833696837513631,0.05875663330535526,0.12307556610430426
461,0.09424212854355574,0.0,74.0,0.0,0.0,0.0,0.0,0.0,0.0,0.0,0.6,0.0038053,5,1,0.0,,,,,,,,,,
462,0.04713620711117983,0.0,74.0,0.0,0.0,0.0,0.0,0.0,0.0,0.0,0.6,0.0038053,5,2,0.0,,,,,,,,,,
463,0.03579086530953646,0.0,74.0,0.0,0.0,0.0,0.0,0.0,0.0,0.0,0.6,0.0038053,5,3,0.0,,,,,,,,,,
464,0.03408139618113637,1.0,74.0,0.013513513513513514,0.0,1.0,0.0,1.0,0.17640795202932777,0.0,0.6,0.0038053,5,4,0.0,,,,,,,,,,
465,0.19099770113825798,0.0,74.0,0.0,0.0,0.0,0.0,0.0,0.0,0.0,0.6,0.0038053,5,5,0.0,,,,,,,,,,
466,0.07615518756210804,0.0,74.0,0.0,0.0,0.0,0.0,0.0,0.0,0.0,0.6,0.0038053,5,6,0.0,,,,,,,,,,
467,0.13850472820922732,0.0,74.0,0.0,0.0,0.0,0.0,0.0,0.0,0.0,0.6,0.0038053,5,7,0.0,,,,,,,,,,
468,0.029525436693802476,0.0,74.0,0.0,0.0,0.0,0.0,0.0,0.0,0.0,0.6,0.0038053,5,8,0.0,,,,,,,,,,
469,0.20203914307057858,0.0,74.0,0.0,0.0,0.0,0.0,0.0,0.0,0.0,0.6,0.0038053,5,9,0.0,,,,,,,,,,
470,0.021596086211502552,0.0,74.0,0.0,0.0,0.0,0.0,0.0,0.0,0.0,0.6,0.0038053,5,10,0.0,,,,,,,,,,
471,0.0979978593531996,0.0,74.0,0.0,0.0,0.0,0.0,0.0,0.0,0.0,0.6,0.0038053,5,11,0.0,,,,,,,,,,
472,0.04126843169797212,0.0,74.0,0.0,0.0,0.0,0.0,0.0,0.0,0.0,0.6,0.0038053,5,12,0.0,,,,,,,,,,
473,0.009164577350020409,11.0,74.0,0.14864864864864866,3.0,8.0,0.2727272727272727,0.7272727272727273,0.18507866371897722,0.0,0.6,0.0038053,5,13,0.0,,,,,,,,,,
474,0.020006231148727238,0.0,74.0,0.0,0.0,0.0,0.0,0.0,0.0,0.0,0.6,0.0038053,5,14,0.0,,,,,,,,,,
475,0.07139067095704377,0.0,74.0,0.0,0.0,0.0,0.0,0.0,0.0,0.0,0.6,0.0038053,5,15,0.0,,,,,,,,,,
476,0.2260512423235923,0.0,74.0,0.0,0.0,0.0,0.0,0.0,0.0,0.0,0.6,0.0038053,5,16,0.0,,,,,,,,,,
477,0.05497075279708952,0.0,74.0,0.0,0.0,0.0,0.0,0.0,0.0,0.0,0.6,0.0038053,5,17,0.0,,,,,,,,,,
478,0.034310424234718084,0.0,74.0,0.0,0.0,0.0,0.0,0.0,0.0,0.0,0.6,0.0038053,5,18,0.0,,,,,,,,,,
479,0.25833359989337623,0.0,74.0,0.0,0.0,0.0,0.0,0.0,0.0,0.0,0.6,0.0038053,5,19,0.0,,,,,,,,,,
480,0.21813067083712667,0.0,74.0,0.0,0.0,0.0,0.0,0.0,0.0,0.0,0.6,0.0038053,5,20,0.0,,,,,,,,,,
481,0.020344915334135294,0.0,74.0,0.0,0.0,0.0,0.0,0.0,0.0,0.0,0.6,0.0038053,5,21,0.0,,,,,,,,,,
482,0.012439837213605642,0.0,74.0,0.0,0.0,0.0,0.0,0.0,0.0,0.0,0.6,0.0038053,5,22,0.0,,,,,,,,,,
483,0.3033768715104088,0.0,74.0,0.0,0.0,0.0,0.0,0.0,0.0,0.0,0.6,0.0038053,5,23,0.0,,,,,,,,,,
484,0.014537602372001857,0.0,74.0,0.0,0.0,0.0,0.0,0.0,0.0,0.0,0.6,0.0038053,5,24,0.0,,,,,,,,,,
485,0.09490078908856958,0.0,74.0,0.0,0.0,0.0,0.0,0.0,0.0,0.0,0.6,0.0038053,5,25,0.0,,,,,,,,,,
486,0.008907587500289083,6.0,74.0,0.08108108108108109,1.0,5.0,0.16666666666666666,0.8333333333333334,0.18313288305866707,0.0,0.6,0.0038053,5,26,0.0,,,,,,,,,,
487,0.009058722876943648,2.0,74.0,0.02702702702702703,1.0,1.0,0.5,0.5,0.17961537694144594,0.0,0.6,0.0038053,5,27,0.0,,,,,,,,,,
488,0.07916625426150858,0.0,74.0,0.0,0.0,0.0,0.0,0.0,0.0,0.0,0.6,0.0038053,5,28,0.0,,,,,,,,,,
489,0.01660223607905209,0.0,74.0,0.0,0.0,0.0,0.0,0.0,0.0,0.0,0.6,0.0038053,5,29,0.0,,,,,,,,,,
490,0.014259809220675379,0.0,74.0,0.0,0.0,0.0,0.0,0.0,0.0,0.0,0.6,0.0038053,5,30,0.0,,,,,,,,,,
491,0.10961963719455525,0.0,74.0,0.0,0.0,0.0,0.0,0.0,0.0,0.0,0.6,0.0038053,5,31,0.0,,,,,,,,,,
492,0.08175686775939539,0.0,74.0,0.0,0.0,0.0,0.0,0.0,0.0,0.0,0.6,0.0038053,5,32,0.0,,,,,,,,,,
493,0.13997620961163193,0.0,74.0,0.0,0.0,0.0,0.0,0.0,0.0,0.0,0.6,0.0038053,5,33,0.0,,,,,,,,,,
494,0.03140173992142081,0.0,74.0,0.0,0.0,0.0,0.0,0.0,0.0,0.0,0.6,0.0038053,5,34,0.0,,,,,,,,,,
495,0.33747451985254884,0.0,74.0,0.0,0.0,0.0,0.0,0.0,0.0,0.0,0.6,0.0038053,5,35,0.0,,,,,,,,,,
496,0.004123123944737017,23.0,74.0,0.3108108108108108,4.0,19.0,0.17391304347826086,0.8260869565217391,0.179548085294228,0.0,0.6,0.0038053,5,36,0.0,,,,,,,,,,
497,0.14154002768918872,0.0,74.0,0.0,0.0,0.0,0.0,0.0,0.0,0.0,0.6,0.0038053,5,37,0.0,,,,,,,,,,
498,0.0038776411092840135,24.0,74.0,0.32432432432432434,5.0,19.0,0.20833333333333334,0.7916666666666666,0.18415707539600681,0.0,0.6,0.0038053,5,38,0.0,,,,,,,,,,
499,0.1281083234352991,0.0,74.0,0.0,0.0,0.0,0.0,0.0,0.0,0.0,0.6,0.0038053,5,39,0.0,,,,,,,,,,
500,0.010972258285619318,4.0,74.0,0.05405405405405406,0.0,4.0,0.0,1.0,0.1813788743529589,0.0,0.6,0.0038053,5,40,0.0,,,,,,,,,,
501,0.01360721921082586,1.0,74.0,0.013513513513513514,0.0,1.0,0.0,1.0,0.18636626624636066,0.0,0.6,0.0038053,5,41,0.0,,,,,,,,,,
502,0.056203257758170366,0.0,74.0,0.0,0.0,0.0,0.0,0.0,0.0,0.0,0.6,0.0038053,5,42,0.0,,,,,,,,,,
503,0.2721502234926447,0.0,74.0,0.0,0.0,0.0,0.0,0.0,0.0,0.0,0.6,0.0038053,5,43,0.0,,,,,,,,,,
504,0.12973398779286072,4.0,74.0,0.05405405405405406,0.0,4.0,0.0,1.0,0.18137929102256148,0.0,0.6,0.0038053,5,44,0.0,,,,,,,,,,
505,0.29831759352236986,0.0,74.0,0.0,0.0,0.0,0.0,0.0,0.0,0.0,0.6,0.0038053,5,45,0.0,,,,,,,,,,
506,0.04360683262348175,0.0,74.0,0.0,0.0,0.0,0.0,0.0,0.0,0.0,0.6,0.0038053,5,46,0.0,,,,,,,,,,
507,0.1683526816777885,0.0,74.0,0.0,0.0,0.0,0.0,0.0,0.0,0.0,0.6,0.0038053,5,47,0.0,,,,,,,,,,
508,0.031213918700814247,5.0,74.0,0.06756756756756757,1.0,4.0,0.2,0.8,0.1733308983238243,0.0,0.6,0.0038053,5,48,0.0,,,,,,,,,,
509,0.056005933322012424,0.0,74.0,0.0,0.0,0.0,0.0,0.0,0.0,0.0,0.6,0.0038053,5,49,0.0,,,,,,,,,,
510,0.12604452390223742,0.0,74.0,0.0,0.0,0.0,0.0,0.0,0.0,0.0,0.6,0.0038053,5,50,0.0,,,,,,,,,,
511,0.1673138104379177,0.0,74.0,0.0,0.0,0.0,0.0,0.0,0.0,0.0,0.6,0.0038053,5,51,0.0,,,,,,,,,,
512,0.15868773707188666,2.0,74.0,0.02702702702702703,1.0,1.0,0.5,0.5,0.17514488852383855,0.0,0.6,0.0038053,5,52,0.0,,,,,,,,,,
513,0.07404380617663264,1.0,74.0,0.013513513513513514,0.0,1.0,0.0,1.0,0.18554847039687822,0.0,0.6,0.0038053,5,53,0.0,,,,,,,,,,
514,0.04819874465465546,0.0,74.0,0.0,0.0,0.0,0.0,0.0,0.0,0.0,0.6,0.0038053,5,54,0.0,,,,,,,,,,
515,0.025645474903285503,2.0,74.0,0.02702702702702703,0.0,2.0,0.0,1.0,0.1770850090139936,0.0,0.6,0.0038053,5,55,0.0,,,,,,,,,,
516,0.08582194906193763,0.0,74.0,0.0,0.0,0.0,0.0,0.0,0.0,0.0,0.6,0.0038053,5,56,0.0,,,,,,,,,,
517,0.034750691964291036,4.0,74.0,0.05405405405405406,3.0,1.0,0.75,0.25,0.16977249809357262,0.0,0.6,0.0038053,5,57,0.0,,,,,,,,,,
518,0.0893366327509284,0.0,74.0,0.0,0.0,0.0,0.0,0.0,0.0,0.0,0.6,0.0038053,5,58,0.0,,,,,,,,,,
519,0.04440759448334575,0.0,74.0,0.0,0.0,0.0,0.0,0.0,0.0,0.0,0.6,0.0038053,5,59,0.0,,,,,,,,,,
520,0.07256092841271311,0.0,74.0,0.0,0.0,0.0,0.0,0.0,0.0,0.0,0.6,0.0038053,5,60,0.0,,,,,,,,,,
521,0.3161558374995366,0.0,74.0,0.0,0.0,0.0,0.0,0.0,0.0,0.0,0.6,0.0038053,5,61,0.0,,,,,,,,,,
522,0.3347409348934889,0.0,74.0,0.0,0.0,0.0,0.0,0.0,0.0,0.0,0.6,0.0038053,5,62,0.0,,,,,,,,,,
523,0.012361211469396949,11.0,74.0,0.14864864864864866,2.0,9.0,0.18181818181818182,0.8181818181818182,0.1800015218448808,0.0,0.6,0.0038053,5,63,0.0,,,,,,,,,,
524,0.24556910566752777,0.0,74.0,0.0,0.0,0.0,0.0,0.0,0.0,0.0,0.6,0.0038053,5,64,0.0,,,,,,,,,,
525,0.15402701683342457,0.0,74.0,0.0,0.0,0.0,0.0,0.0,0.0,0.0,0.6,0.0038053,5,65,0.0,,,,,,,,,,
526,0.0528881341451779,0.0,74.0,0.0,0.0,0.0,0.0,0.0,0.0,0.0,0.6,0.0038053,5,66,0.0,,,,,,,,,,
527,0.1447799988090992,0.0,74.0,0.0,0.0,0.0,0.0,0.0,0.0,0.0,0.6,0.0038053,5,67,0.0,,,,,,,,,,
528,0.005581458972301334,51.0,74.0,0.6891891891891891,12.0,39.0,0.23529411764705882,0.7647058823529411,0.17978241164301517,0.0,0.6,0.0038053,5,68,0.0,,,,,,,,,,
529,0.016892750514671206,1.0,74.0,0.013513513513513514,1.0,0.0,1.0,0.0,0.1689485160546821,0.0,0.6,0.0038053,5,69,0.0,,,,,,,,,,
530,0.0885390026960522,0.0,74.0,0.0,0.0,0.0,0.0,0.0,0.0,0.0,0.6,0.0038053,5,70,0.0,,,,,,,,,,
531,0.026062457938678563,0.0,74.0,0.0,0.0,0.0,0.0,0.0,0.0,0.0,0.6,0.0038053,5,71,0.0,,,,,,,,,,
532,0.032259125262498856,0.0,74.0,0.0,0.0,0.0,0.0,0.0,0.0,0.0,0.6,0.0038053,5,72,0.0,,,,,,,,,,
533,0.09805492870509624,0.0,74.0,0.0,0.0,0.0,0.0,0.0,0.0,0.0,0.6,0.0038053,5,73,0.0,,,,,,,,,,
534,0.16931952896993607,0.0,74.0,0.0,0.0,0.0,0.0,0.0,0.0,0.0,0.6,0.0038053,5,74,0.0,,,,,,,,,,
535,0.07897644676268101,0.0,74.0,0.0,0.0,0.0,0.0,0.0,0.0,0.0,0.6,0.0038053,5,75,0.0,,,,,,,,,,
536,0.008976681157946587,15.0,74.0,0.20270270270270271,4.0,11.0,0.26666666666666666,0.7333333333333333,0.17340414815915997,0.0,0.6,0.0038053,5,76,0.0,,,,,,,,,,
537,0.11966507229954004,0.0,74.0,0.0,0.0,0.0,0.0,0.0,0.0,0.0,0.6,0.0038053,5,77,0.0,,,,,,,,,,
538,0.12063069199211895,0.0,74.0,0.0,0.0,0.0,0.0,0.0,0.0,0.0,0.6,0.0038053,5,78,0.0,,,,,,,,,,
539,0.10891440080013126,0.0,74.0,0.0,0.0,0.0,0.0,0.0,0.0,0.0,0.6,0.0038053,5,79,0.0,,,,,,,,,,
540,0.23093125130981207,0.0,74.0,0.0,0.0,0.0,0.0,0.0,0.0,0.0,0.6,0.0038053,5,80,0.0,,,,,,,,,,
541,0.15038044133689255,0.0,74.0,0.0,0.0,0.0,0.0,0.0,0.0,0.0,0.6,0.0038053,5,81,0.0,,,,,,,,,,
542,0.005972868762910366,52.0,74.0,0.7027027027027027,16.0,36.0,0.3076923076923077,0.6923076923076923,0.1751287076287926,0.0,0.6,0.0038053,5,82,0.0,,,,,,,,,,
543,0.01819570700172335,0.0,74.0,0.0,0.0,0.0,0.0,0.0,0.0,0.0,0.6,0.0038053,5,83,0.0,,,,,,,,,,
544,0.0920811272226274,0.0,74.0,0.0,0.0,0.0,0.0,0.0,0.0,0.0,0.6,0.0038053,5,84,0.0,,,,,,,,,,
545,0.07162184384651482,0.0,74.0,0.0,0.0,0.0,0.0,0.0,0.0,0.0,0.6,0.0038053,5,85,0.0,,,,,,,,,,
546,0.08861756441183388,0.0,74.0,0.0,0.0,0.0,0.0,0.0,0.0,0.0,0.6,0.0038053,5,86,0.0,,,,,,,,,,
547,0.1523738452233374,0.0,74.0,0.0,0.0,0.0,0.0,0.0,0.0,0.0,0.6,0.0038053,5,87,0.0,,,,,,,,,,
548,0.02675412455573678,0.0,74.0,0.0,0.0,0.0,0.0,0.0,0.0,0.0,0.6,0.0038053,5,88,0.0,,,,,,,,,,
549,0.07786455377936363,0.0,74.0,0.0,0.0,0.0,0.0,0.0,0.0,0.0,0.6,0.0038053,5,89,0.0,,,,,,,,,,
550,0.017357843229547143,3.0,74.0,0.04054054054054054,2.0,1.0,0.6666666666666666,0.3333333333333333,0.1742775480172086,0.0,0.6,0.0038053,5,90,0.0,,,,,,,,,,
551,0.1029346426948905,0.0,74.0,0.0,0.0,0.0,0.0,0.0,0.0,0.0,0.6,0.0038053,5,91,0.0,,,,,,,,,,
552,0.02952083759009838,1.0,74.0,0.013513513513513514,1.0,0.0,1.0,0.0,0.1700293444078334,0.0,0.6,0.0038053,5,92,0.0,,,,,,,,,,
553,0.16822037007659674,0.0,74.0,0.0,0.0,0.0,0.0,0.0,0.0,0.0,0.6,0.0038053,5,93,0.0,,,,,,,,,,
554,0.007642998301889747,32.0,74.0,0.43243243243243246,9.0,23.0,0.28125,0.71875,0.17448356538803464,0.0,0.6,0.0038053,5,94,0.0,,,,,,,,,,
555,0.0827027001651004,0.0,74.0,0.0,0.0,0.0,0.0,0.0,0.0,0.0,0.6,0.0038053,5,95,0.0,,,,,,,,,,
556,0.013606272346805781,1.0,74.0,0.013513513513513514,0.0,1.0,0.0,1.0,0.19595912355677325,0.0,0.6,0.0038053,5,96,0.0,,,,,,,,,,
557,0.006709763314574957,14.0,74.0,0.1891891891891892,4.0,10.0,0.2857142857142857,0.7142857142857143,0.17740291807082498,0.0,0.6,0.0038053,5,97,0.0,,,,,,,,,,
558,0.005525047890841961,26.0,74.0,0.35135135135135137,9.0,17.0,0.34615384615384615,0.6538461538461539,0.17655962610442102,0.0,0.6,0.0038053,5,98,0.0,,,,,,,,,,
559,0.0043770126067101955,22.0,74.0,0.2972972972972973,6.0,16.0,0.2727272727272727,0.7272727272727273,0.1789559752602752,0.0,0.6,0.0038053,5,99,0.0,,,,,,,,,,
560,0.41747307823970914,0.0,74.0,0.0,0.0,0.0,0.0,0.0,0.0,0.0,0.6,0.0038053,5,100,0.0,,,,,,,,,,
561,0.008150799490977079,0.0,74.0,0.0,0.0,0.0,0.0,0.0,0.0,0.0,0.6,0.0038053,5,101,0.0,,,,,,,,,,
562,0.277458943950478,0.0,74.0,0.0,0.0,0.0,0.0,0.0,0.0,0.0,0.6,0.0038053,5,102,0.0,,,,,,,,,,
563,0.21971613640198484,0.0,74.0,0.0,0.0,0.0,0.0,0.0,0.0,0.0,0.6,0.0038053,5,103,0.0,,,,,,,,,,
564,0.30834900788613595,0.0,74.0,0.0,0.0,0.0,0.0,0.0,0.0,0.0,0.6,0.0038053,5,104,0.0,,,,,,,,,,
565,0.0054483007988892496,15.0,74.0,0.20270270270270271,1.0,14.0,0.06666666666666667,0.9333333333333333,0.18532398707058462,0.0,0.6,0.0038053,5,105,0.0,,,,,,,,,,
566,0.02062609069980681,0.0,74.0,0.0,0.0,0.0,0.0,0.0,0.0,0.0,0.6,0.0038053,5,106,0.0,,,,,,,,,,
567,0.0033687945979181677,13.0,74.0,0.17567567567567569,4.0,9.0,0.3076923076923077,0.6923076923076923,0.18013173876601268,0.0,0.6,0.0038053,5,107,0.0,,,,,,,,,,
568,0.021282329049427062,0.0,74.0,0.0,0.0,0.0,0.0,0.0,0.0,0.0,0.6,0.0038053,5,108,0.0,,,,,,,,,,
569,0.012581331888213754,0.0,74.0,0.0,0.0,0.0,0.0,0.0,0.0,0.0,0.6,0.0038053,5,109,0.0,,,,,,,,,,
570,0.21368523937417194,0.0,74.0,0.0,0.0,0.0,0.0,0.0,0.0,0.0,0.6,0.0038053,5,110,0.0,,,,,,,,,,
571,0.0031181048252619803,24.0,74.0,0.32432432432432434,6.0,18.0,0.25,0.75,0.1787496732995808,0.0,0.6,0.0038053,5,111,0.0,,,,,,,,,,
572,0.001977988678845577,59.0,74.0,0.7972972972972973,7.0,52.0,0.11864406779661017,0.8813559322033898,0.18302008813740608,0.0,0.6,0.0038053,5,112,0.0,,,,,,,,,,
573,0.001019568764604628,73.0,74.0,0.9864864864864865,3.0,70.0,0.0410958904109589,0.958904109589041,0.20895490013890855,0.0,0.6,0.0038053,5,113,0.0,,,,,,,,,,
574,0.14621153427287936,0.0,74.0,0.0,0.0,0.0,0.0,0.0,0.0,0.0,0.6,0.0038053,5,114,0.0,,,,,,,,,,
575,0.0024686777498573063,21.0,74.0,0.28378378378378377,2.0,19.0,0.09523809523809523,0.9047619047619048,0.18980768682688448,0.0,0.6,0.0038053,5,115,0.0,,,,,,,,,,
575,,,,,,,,,,,,,5,,1.0,0.8946078431372549,0.5951255984031237,0.8921568627450981,0.5813576773955271,0.990185387131952,0.0457135094992776,0.09557754399469709,0.9904580152671756,0.044365117005477454,0.0983011525220775
576,0.0012832726497435942,40.0,74.0,0.5405405405405406,5.0,35.0,0.125,0.875,0.18748483848184067,0.0,0.6,0.0038053,6,1,0.0,,,,,,,,,,
577,0.001311849249759689,62.0,74.0,0.8378378378378378,5.0,57.0,0.08064516129032258,0.9193548387096774,0.19597190994813457,0.0,0.6,0.0038053,6,2,0.0,,,,,,,,,,
578,0.001162505883257836,73.0,74.0,0.9864864864864865,4.0,69.0,0.0547945205479452,0.9452054794520548,0.1982255509714682,0.0,0.6,0.0038053,6,3,0.0,,,,,,,,,,
579,0.14343325697700493,0.0,74.0,0.0,0.0,0.0,0.0,0.0,0.0,0.0,0.6,0.0038053,6,4,0.0,,,,,,,,,,
580,0.0011364540259819478,63.0,74.0,0.8513513513513513,6.0,57.0,0.09523809523809523,0.9047619047619048,0.18698632882005967,0.0,0.6,0.0038053,6,5,0.0,,,,,,,,,,
581,0.001115762221161276,73.0,74.0,0.9864864864864865,10.0,63.0,0.136986301369863,0.863013698630137,0.18576742472534738,0.0,0.6,0.0038053,6,6,0.0,,,,,,,,,,
582,0.0007976009947014973,73.0,74.0,0.9864864864864865,1.0,72.0,0.0136986301369863,0.9863013698630136,0.21041001205176055,0.0,0.6,0.0038053,6,7,0.0,,,,,,,,,,
583,0.385086886031786,0.0,74.0,0.0,0.0,0.0,0.0,0.0,0.0,0.0,0.6,0.0038053,6,8,0.0,,,,,,,,,,
584,0.16405354977177922,0.0,74.0,0.0,0.0,0.0,0.0,0.0,0.0,0.0,0.6,0.0038053,6,9,0.0,,,,,,,,,,
585,0.2348687598714605,0.0,74.0,0.0,0.0,0.0,0.0,0.0,0.0,0.0,0.6,0.0038053,6,10,0.0,,,,,,,,,,
586,0.07093794968386646,0.0,74.0,0.0,0.0,0.0,0.0,0.0,0.0,0.0,0.6,0.0038053,6,11,0.0,,,,,,,,,,
587,0.12208287038083654,0.0,74.0,0.0,0.0,0.0,0.0,0.0,0.0,0.0,0.6,0.0038053,6,12,0.0,,,,,,,,,,
588,0.001262747129658237,73.0,74.0,0.9864864864864865,9.0,64.0,0.1232876712328767,0.8767123287671232,0.19191519410839664,0.0,0.6,0.0038053,6,13,0.0,,,,,,,,,,
589,0.23344986923621036,0.0,74.0,0.0,0.0,0.0,0.0,0.0,0.0,0.0,0.6,0.0038053,6,14,0.0,,,,,,,,,,
590,0.006248942161619198,1.0,74.0,0.013513513513513514,0.0,1.0,0.0,1.0,0.18945905192570267,0.0,0.6,0.0038053,6,15,0.0,,,,,,,,,,
591,0.0016030670376494527,72.0,74.0,0.972972972972973,13.0,59.0,0.18055555555555555,0.8194444444444444,0.18098511420861296,0.0,0.6,0.0038053,6,16,0.0,,,,,,,,,,
592,0.002593698911368847,34.0,74.0,0.4594594594594595,5.0,29.0,0.14705882352941177,0.8529411764705882,0.18359130561175163,0.0,0.6,0.0038053,6,17,0.0,,,,,,,,,,
593,0.0017868094146251678,72.0,74.0,0.972972972972973,19.0,53.0,0.2638888888888889,0.7361111111111112,0.18736539601777216,0.0,0.6,0.0038053,6,18,0.0,,,,,,,,,,
594,0.20398535538697615,0.0,74.0,0.0,0.0,0.0,0.0,0.0,0.0,0.0,0.6,0.0038053,6,19,0.0,,,,,,,,,,
595,0.0022240774414967746,70.0,74.0,0.9459459459459459,6.0,64.0,0.08571428571428572,0.9142857142857143,0.1892944273019007,0.0,0.6,0.0038053,6,20,0.0,,,,,,,,,,
596,0.4350648788968101,0.0,74.0,0.0,0.0,0.0,0.0,0.0,0.0,0.0,0.6,0.0038053,6,21,0.0,,,,,,,,,,
597,0.002002674504183233,69.0,74.0,0.9324324324324325,7.0,62.0,0.10144927536231885,0.8985507246376812,0.19322441269021065,0.0,0.6,0.0038053,6,22,0.0,,,,,,,,,,
598,0.1521274563856423,0.0,74.0,0.0,0.0,0.0,0.0,0.0,0.0,0.0,0.6,0.0038053,6,23,0.0,,,,,,,,,,
599,0.006160795397590846,6.0,74.0,0.08108108108108109,1.0,5.0,0.16666666666666666,0.8333333333333334,0.1872452839190946,0.0,0.6,0.0038053,6,24,0.0,,,,,,,,,,
600,0.0027177037263754755,29.0,74.0,0.3918918918918919,6.0,23.0,0.20689655172413793,0.7931034482758621,0.18243551912081624,0.0,0.6,0.0038053,6,25,0.0,,,,,,,,,,
601,0.003270895511377603,32.0,74.0,0.43243243243243246,11.0,21.0,0.34375,0.65625,0.18560979951074244,0.0,0.6,0.0038053,6,26,0.0,,,,,,,,,,
602,0.020883385674096644,1.0,74.0,0.013513513513513514,0.0,1.0,0.0,1.0,0.21056369584810486,0.0,0.6,0.0038053,6,27,0.0,,,,,,,,,,
603,0.1502567183924839,0.0,74.0,0.0,0.0,0.0,0.0,0.0,0.0,0.0,0.6,0.0038053,6,28,0.0,,,,,,,,,,
604,0.24603946995921433,0.0,74.0,0.0,0.0,0.0,0.0,0.0,0.0,0.0,0.6,0.0038053,6,29,0.0,,,,,,,,,,
605,0.26726351742399856,0.0,74.0,0.0,0.0,0.0,0.0,0.0,0.0,0.0,0.6,0.0038053,6,30,0.0,,,,,,,,,,
606,0.002429594751447439,47.0,74.0,0.6351351351351351,9.0,38.0,0.19148936170212766,0.8085106382978723,0.1856489067277649,0.0,0.6,0.0038053,6,31,0.0,,,,,,,,,,
607,0.002766264951787889,69.0,74.0,0.9324324324324325,11.0,58.0,0.15942028985507245,0.8405797101449275,0.1846912331313307,0.0,0.6,0.0038053,6,32,0.0,,,,,,,,,,
608,0.006564148876350373,6.0,74.0,0.08108108108108109,3.0,3.0,0.5,0.5,0.18130575011133906,0.0,0.6,0.0038053,6,33,0.0,,,,,,,,,,
609,0.14651065570069477,0.0,74.0,0.0,0.0,0.0,0.0,0.0,0.0,0.0,0.6,0.0038053,6,34,0.0,,,,,,,,,,
610,0.0019740709685720503,71.0,74.0,0.9594594594594594,8.0,63.0,0.11267605633802817,0.8873239436619719,0.18718278302970018,0.0,0.6,0.0038053,6,35,0.0,,,,,,,,,,
611,0.0018298733339179307,60.0,74.0,0.8108108108108109,6.0,54.0,0.1,0.9,0.19134229327142804,0.0,0.6,0.0038053,6,36,0.0,,,,,,,,,,
612,0.002556536579504609,28.0,74.0,0.3783783783783784,7.0,21.0,0.25,0.75,0.18443385135276186,0.0,0.6,0.0038053,6,37,0.0,,,,,,,,,,
613,0.014566175319487229,0.0,74.0,0.0,0.0,0.0,0.0,0.0,0.0,0.0,0.6,0.0038053,6,38,0.0,,,,,,,,,,
614,0.12183896114584059,0.0,74.0,0.0,0.0,0.0,0.0,0.0,0.0,0.0,0.6,0.0038053,6,39,0.0,,,,,,,,,,
615,0.11244639131473377,0.0,74.0,0.0,0.0,0.0,0.0,0.0,0.0,0.0,0.6,0.0038053,6,40,0.0,,,,,,,,,,
616,0.0011872657778440043,73.0,74.0,0.9864864864864865,3.0,70.0,0.0410958904109589,0.958904109589041,0.20174759267689085,0.0,0.6,0.0038053,6,41,0.0,,,,,,,,,,
617,0.001147856586612761,73.0,74.0,0.9864864864864865,8.0,65.0,0.1095890410958904,0.8904109589041096,0.19515351333109374,0.0,0.6,0.0038053,6,42,0.0,,,,,,,,,,
618,0.001238364158780314,73.0,74.0,0.9864864864864865,13.0,60.0,0.1780821917808219,0.821917808219178,0.19702446799259407,0.0,0.6,0.0038053,6,43,0.0,,,,,,,,,,
619,0.01283222736674361,0.0,74.0,0.0,0.0,0.0,0.0,0.0,0.0,0.0,0.6,0.0038053,6,44,0.0,,,,,,,,,,
620,0.32369448702957015,0.0,74.0,0.0,0.0,0.0,0.0,0.0,0.0,0.0,0.6,0.0038053,6,45,0.0,,,,,,,,,,
621,0.19961879280162975,0.0,74.0,0.0,0.0,0.0,0.0,0.0,0.0,0.0,0.6,0.0038053,6,46,0.0,,,,,,,,,,
622,0.042986837768694386,0.0,74.0,0.0,0.0,0.0,0.0,0.0,0.0,0.0,0.6,0.0038053,6,47,0.0,,,,,,,,,,
623,0.12213423078355845,0.0,74.0,0.0,0.0,0.0,0.0,0.0,0.0,0.0,0.6,0.0038053,6,48,0.0,,,,,,,,,,
624,0.0009333501075161621,73.0,74.0,0.9864864864864865,6.0,67.0,0.0821917808219178,0.9178082191780822,0.20182968398922002,0.0,0.6,0.0038053,6,49,0.0,,,,,,,,,,
625,0.06954365098499693,0.0,74.0,0.0,0.0,0.0,0.0,0.0,0.0,0.0,0.6,0.0038053,6,50,0.0,,,,,,,,,,
626,0.1066632627916988,0.0,74.0,0.0,0.0,0.0,0.0,0.0,0.0,0.0,0.6,0.0038053,6,51,0.0,,,,,,,,,,
627,0.15896806662203744,1.0,74.0,0.013513513513513514,0.0,1.0,0.0,1.0,0.19331140923174167,0.0,0.6,0.0038053,6,52,0.0,,,,,,,,,,
628,0.10607692766643595,0.0,74.0,0.0,0.0,0.0,0.0,0.0,0.0,0.0,0.6,0.0038053,6,53,0.0,,,,,,,,,,
629,0.0016402002365794033,43.0,74.0,0.581081081081081,10.0,33.0,0.23255813953488372,0.7674418604651163,0.1835887449787768,0.0,0.6,0.0038053,6,54,0.0,,,,,,,,,,
630,0.0010509583225939423,73.0,74.0,0.9864864864864865,7.0,66.0,0.0958904109589041,0.9041095890410958,0.19353375686903732,0.0,0.6,0.0038053,6,55,0.0,,,,,,,,,,
631,0.0009356932860100642,73.0,74.0,0.9864864864864865,8.0,65.0,0.1095890410958904,0.8904109589041096,0.19553034281858248,0.0,0.6,0.0038053,6,56,0.0,,,,,,,,,,
632,0.0011791633442044258,71.0,74.0,0.9594594594594594,3.0,68.0,0.04225352112676056,0.9577464788732394,0.19135314658795166,0.0,0.6,0.0038053,6,57,0.0,,,,,,,,,,
633,0.1201653418247588,0.0,74.0,0.0,0.0,0.0,0.0,0.0,0.0,0.0,0.6,0.0038053,6,58,0.0,,,,,,,,,,
634,0.05111320814467035,0.0,74.0,0.0,0.0,0.0,0.0,0.0,0.0,0.0,0.6,0.0038053,6,59,0.0,,,,,,,,,,
635,0.0156610626145266,0.0,74.0,0.0,0.0,0.0,0.0,0.0,0.0,0.0,0.6,0.0038053,6,60,0.0,,,,,,,,,,
636,0.06821416324237362,0.0,74.0,0.0,0.0,0.0,0.0,0.0,0.0,0.0,0.6,0.0038053,6,61,0.0,,,,,,,,,,
637,0.1270400131761562,1.0,74.0,0.013513513513513514,0.0,1.0,0.0,1.0,0.18189766233947788,0.0,0.6,0.0038053,6,62,0.0,,,,,,,,,,
638,0.027194730704650283,0.0,74.0,0.0,0.0,0.0,0.0,0.0,0.0,0.0,0.6,0.0038053,6,63,0.0,,,,,,,,,,
639,0.013358538737520576,0.0,74.0,0.0,0.0,0.0,0.0,0.0,0.0,0.0,0.6,0.0038053,6,64,0.0,,,,,,,,,,
640,0.23225303913932294,0.0,74.0,0.0,0.0,0.0,0.0,0.0,0.0,0.0,0.6,0.0038053,6,65,0.0,,,,,,,,,,
641,0.020979374821763486,0.0,74.0,0.0,0.0,0.0,0.0,0.0,0.0,0.0,0.6,0.0038053,6,66,0.0,,,,,,,,,,
642,0.07687949680257589,0.0,74.0,0.0,0.0,0.0,0.0,0.0,0.0,0.0,0.6,0.0038053,6,67,0.0,,,,,,,,,,
643,0.3799199368804693,0.0,74.0,0.0,0.0,0.0,0.0,0.0,0.0,0.0,0.6,0.0038053,6,68,0.0,,,,,,,,,,
644,0.15414456778671592,0.0,74.0,0.0,0.0,0.0,0.0,0.0,0.0,0.0,0.6,0.0038053,6,69,0.0,,,,,,,,,,
645,0.02927966878633015,0.0,74.0,0.0,0.0,0.0,0.0,0.0,0.0,0.0,0.6,0.0038053,6,70,0.0,,,,,,,,,,
646,0.16069464481552131,0.0,74.0,0.0,0.0,0.0,0.0,0.0,0.0,0.0,0.6,0.0038053,6,71,0.0,,,,,,,,,,
647,0.20197945382096805,5.0,74.0,0.06756756756756757,0.0,5.0,0.0,1.0,0.18911083517535326,0.0,0.6,0.0038053,6,72,0.0,,,,,,,,,,
648,0.001393549784552306,63.0,74.0,0.8513513513513513,6.0,57.0,0.09523809523809523,0.9047619047619048,0.19635635927746536,0.0,0.6,0.0038053,6,73,0.0,,,,,,,,,,
649,0.010145908978302032,0.0,74.0,0.0,0.0,0.0,0.0,0.0,0.0,0.0,0.6,0.0038053,6,74,0.0,,,,,,,,,,
650,0.0035215028328821063,19.0,74.0,0.25675675675675674,6.0,13.0,0.3157894736842105,0.6842105263157895,0.18007753724627004,0.0,0.6,0.0038053,6,75,0.0,,,,,,,,,,
651,0.014183751511154696,0.0,74.0,0.0,0.0,0.0,0.0,0.0,0.0,0.0,0.6,0.0038053,6,76,0.0,,,,,,,,,,
652,0.030795755825238302,0.0,74.0,0.0,0.0,0.0,0.0,0.0,0.0,0.0,0.6,0.0038053,6,77,0.0,,,,,,,,,,
653,0.12674616766162217,0.0,74.0,0.0,0.0,0.0,0.0,0.0,0.0,0.0,0.6,0.0038053,6,78,0.0,,,,,,,,,,
654,0.21922897471813485,0.0,74.0,0.0,0.0,0.0,0.0,0.0,0.0,0.0,0.6,0.0038053,6,79,0.0,,,,,,,,,,
655,0.004389899550005794,16.0,74.0,0.21621621621621623,4.0,12.0,0.25,0.75,0.17764909010784205,0.0,0.6,0.0038053,6,80,0.0,,,,,,,,,,
656,0.06628643069416285,0.0,74.0,0.0,0.0,0.0,0.0,0.0,0.0,0.0,0.6,0.0038053,6,81,0.0,,,,,,,,,,
657,0.0030626742518506944,70.0,74.0,0.9459459459459459,12.0,58.0,0.17142857142857143,0.8285714285714286,0.18411451218463723,0.0,0.6,0.0038053,6,82,0.0,,,,,,,,,,
658,0.0035267776693217456,30.0,74.0,0.40540540540540543,7.0,23.0,0.23333333333333334,0.7666666666666667,0.1786488057938441,0.0,0.6,0.0038053,6,83,0.0,,,,,,,,,,
659,0.00306228463887237,67.0,74.0,0.9054054054054054,12.0,55.0,0.1791044776119403,0.8208955223880597,0.18050576141020452,0.0,0.6,0.0038053,6,84,0.0,,,,,,,,,,
660,0.0030880833801347762,60.0,74.0,0.8108108108108109,13.0,47.0,0.21666666666666667,0.7833333333333333,0.17821816649132977,0.0,0.6,0.0038053,6,85,0.0,,,,,,,,,,
661,0.003909477440174669,17.0,74.0,0.22972972972972974,3.0,14.0,0.17647058823529413,0.8235294117647058,0.17488068629196046,0.0,0.6,0.0038053,6,86,0.0,,,,,,,,,,
662,0.005837584438268095,4.0,74.0,0.05405405405405406,2.0,2.0,0.5,0.5,0.17117385597446969,0.0,0.6,0.0038053,6,87,0.0,,,,,,,,,,
663,0.005968265468254685,3.0,74.0,0.04054054054054054,1.0,2.0,0.3333333333333333,0.6666666666666666,0.17216990290945156,0.0,0.6,0.0038053,6,88,0.0,,,,,,,,,,
664,0.003523375795339234,23.0,74.0,0.3108108108108108,5.0,18.0,0.21739130434782608,0.782608695652174,0.17914779225293725,0.0,0.6,0.0038053,6,89,0.0,,,,,,,,,,
665,0.024790020732325502,0.0,74.0,0.0,0.0,0.0,0.0,0.0,0.0,0.0,0.6,0.0038053,6,90,0.0,,,,,,,,,,
666,0.002176140755182132,55.0,74.0,0.7432432432432432,12.0,43.0,0.21818181818181817,0.7818181818181819,0.1864179099335047,0.0,0.6,0.0038053,6,91,0.0,,,,,,,,,,
667,0.002051098272204399,41.0,74.0,0.5540540540540541,9.0,32.0,0.21951219512195122,0.7804878048780488,0.1871827512446072,0.0,0.6,0.0038053,6,92,0.0,,,,,,,,,,
668,0.05536465809564106,0.0,74.0,0.0,0.0,0.0,0.0,0.0,0.0,0.0,0.6,0.0038053,6,93,0.0,,,,,,,,,,
669,0.001378781336825341,72.0,74.0,0.972972972972973,5.0,67.0,0.06944444444444445,0.9305555555555556,0.1884964875335885,0.0,0.6,0.0038053,6,94,0.0,,,,,,,,,,
670,0.29655596989323385,0.0,74.0,0.0,0.0,0.0,0.0,0.0,0.0,0.0,0.6,0.0038053,6,95,0.0,,,,,,,,,,
671,0.003651306455140002,1.0,74.0,0.013513513513513514,0.0,1.0,0.0,1.0,0.20199761713149114,0.0,0.6,0.0038053,6,96,0.0,,,,,,,,,,
672,0.046292005688883364,0.0,74.0,0.0,0.0,0.0,0.0,0.0,0.0,0.0,0.6,0.0038053,6,97,0.0,,,,,,,,,,
673,0.013882197730708867,0.0,74.0,0.0,0.0,0.0,0.0,0.0,0.0,0.0,0.6,0.0038053,6,98,0.0,,,,,,,,,,
674,0.002535412073484622,13.0,74.0,0.17567567567567569,0.0,13.0,0.0,1.0,0.18775274388695495,0.0,0.6,0.0038053,6,99,0.0,,,,,,,,,,
675,0.015510700366576202,0.0,74.0,0.0,0.0,0.0,0.0,0.0,0.0,0.0,0.6,0.0038053,6,100,0.0,,,,,,,,,,
676,0.005306457256665453,2.0,74.0,0.02702702702702703,0.0,2.0,0.0,1.0,0.18010021854822006,0.0,0.6,0.0038053,6,101,0.0,,,,,,,,,,
677,0.23724278608278837,31.0,74.0,0.4189189189189189,6.0,25.0,0.1935483870967742,0.8064516129032258,0.1776489634441784,0.0,0.6,0.0038053,6,102,0.0,,,,,,,,,,
678,0.0020807135006180033,28.0,74.0,0.3783783783783784,3.0,25.0,0.10714285714285714,0.8928571428571429,0.19347719711966646,0.0,0.6,0.0038053,6,103,0.0,,,,,,,,,,
679,0.0010509986168472096,73.0,74.0,0.9864864864864865,5.0,68.0,0.0684931506849315,0.9315068493150684,0.2008335205486079,0.0,0.6,0.0038053,6,104,0.0,,,,,,,,,,
680,0.008028924523387104,4.0,74.0,0.05405405405405406,0.0,4.0,0.0,1.0,0.19607782079837788,0.0,0.6,0.0038053,6,105,0.0,,,,,,,,,,
681,0.12341077756718732,0.0,74.0,0.0,0.0,0.0,0.0,0.0,0.0,0.0,0.6,0.0038053,6,106,0.0,,,,,,,,,,
682,0.009993933388614096,0.0,74.0,0.0,0.0,0.0,0.0,0.0,0.0,0.0,0.6,0.0038053,6,107,0.0,,,,,,,,,,
683,0.0013195779465604573,73.0,74.0,0.9864864864864865,5.0,68.0,0.0684931506849315,0.9315068493150684,0.19135435810552806,0.0,0.6,0.0038053,6,108,0.0,,,,,,,,,,
684,0.0012475278927013278,73.0,74.0,0.9864864864864865,3.0,70.0,0.0410958904109589,0.958904109589041,0.19958769553417519,0.0,0.6,0.0038053,6,109,0.0,,,,,,,,,,
685,0.12115869263652712,0.0,74.0,0.0,0.0,0.0,0.0,0.0,0.0,0.0,0.6,0.0038053,6,110,0.0,,,,,,,,,,
686,0.0020114867947995663,32.0,74.0,0.43243243243243246,2.0,30.0,0.0625,0.9375,0.18594286803113283,0.0,0.6,0.0038053,6,111,0.0,,,,,,,,,,
687,0.11261596137774177,0.0,74.0,0.0,0.0,0.0,0.0,0.0,0.0,0.0,0.6,0.0038053,6,112,0.0,,,,,,,,,,
688,0.19033672058139928,0.0,74.0,0.0,0.0,0.0,0.0,0.0,0.0,0.0,0.6,0.0038053,6,113,0.0,,,,,,,,,,
689,0.18080671338248067,1.0,74.0,0.013513513513513514,0.0,1.0,0.0,1.0,0.17775119997371552,0.0,0.6,0.0038053,6,114,0.0,,,,,,,,,,
690,0.002693914901465178,63.0,74.0,0.8513513513513513,24.0,39.0,0.38095238095238093,0.6190476190476191,0.1755214306047773,0.0,0.6,0.0038053,6,115,0.0,,,,,,,,,,
690,,,,,,,,,,,,,6,,1.0,0.8725490196078431,0.6472196601904355,0.8700980392156863,0.6320062188001779,0.9931842966194111,0.030388857633806766,0.12063527701156795,0.9929116684841875,0.029990212569701608,0.12281362926850126
691,0.0036129269283264875,25.0,74.0,0.33783783783783783,3.0,22.0,0.12,0.88,0.18290278915757066,0.0,0.6,0.0038053,7,1,0.0,,,,,,,,,,
692,0.018254571710713208,0.0,74.0,0.0,0.0,0.0,0.0,0.0,0.0,0.0,0.6,0.0038053,7,2,0.0,,,,,,,,,,
693,0.19394296186510473,3.0,74.0,0.04054054054054054,2.0,1.0,0.6666666666666666,0.3333333333333333,0.18388904945890605,0.0,0.6,0.0038053,7,3,0.0,,,,,,,,,,
694,0.2690753216156736,0.0,74.0,0.0,0.0,0.0,0.0,0.0,0.0,0.0,0.6,0.0038053,7,4,0.0,,,,,,,,,,
695,0.005352059728465974,55.0,74.0,0.7432432432432432,13.0,42.0,0.23636363636363636,0.7636363636363637,0.17951730932522397,0.0,0.6,0.0038053,7,5,0.0,,,,,,,,,,
696,0.152011223428417,0.0,74.0,0.0,0.0,0.0,0.0,0.0,0.0,0.0,0.6,0.0038053,7,6,0.0,,,,,,,,,,
697,0.009185942239128053,2.0,74.0,0.02702702702702703,0.0,2.0,0.0,1.0,0.18613297978300558,0.0,0.6,0.0038053,7,7,0.0,,,,,,,,,,
698,0.006018110550940037,38.0,74.0,0.5135135135135135,13.0,25.0,0.34210526315789475,0.6578947368421053,0.17795470950607895,0.0,0.6,0.0038053,7,8,0.0,,,,,,,,,,
699,0.008014667429961264,9.0,74.0,0.12162162162162163,6.0,3.0,0.6666666666666666,0.3333333333333333,0.1637355227841354,0.0,0.6,0.0038053,7,9,0.0,,,,,,,,,,
700,0.004513947642408311,67.0,74.0,0.9054054054054054,16.0,51.0,0.23880597014925373,0.7611940298507462,0.17913686523301792,0.0,0.6,0.0038053,7,10,0.0,,,,,,,,,,
701,0.0456510775256902,0.0,74.0,0.0,0.0,0.0,0.0,0.0,0.0,0.0,0.6,0.0038053,7,11,0.0,,,,,,,,,,
702,0.014992721611633897,0.0,74.0,0.0,0.0,0.0,0.0,0.0,0.0,0.0,0.6,0.0038053,7,12,0.0,,,,,,,,,,
703,0.010367502516601235,5.0,74.0,0.06756756756756757,1.0,4.0,0.2,0.8,0.19691437487640606,0.0,0.6,0.0038053,7,13,0.0,,,,,,,,,,
704,0.006019859225489199,42.0,74.0,0.5675675675675675,8.0,34.0,0.19047619047619047,0.8095238095238095,0.17812274102253006,0.0,0.6,0.0038053,7,14,0.0,,,,,,,,,,
705,0.008473356836475432,1.0,74.0,0.013513513513513514,0.0,1.0,0.0,1.0,0.17426292140039523,0.0,0.6,0.0038053,7,15,0.0,,,,,,,,,,
706,0.010269626276567578,1.0,74.0,0.013513513513513514,0.0,1.0,0.0,1.0,0.219263926712174,0.0,0.6,0.0038053,7,16,0.0,,,,,,,,,,
707,0.018136652535758913,0.0,74.0,0.0,0.0,0.0,0.0,0.0,0.0,0.0,0.6,0.0038053,7,17,0.0,,,,,,,,,,
708,0.2003862542915158,2.0,74.0,0.02702702702702703,2.0,0.0,1.0,0.0,0.1633878541411696,0.0,0.6,0.0038053,7,18,0.0,,,,,,,,,,
709,0.1699865359114483,0.0,74.0,0.0,0.0,0.0,0.0,0.0,0.0,0.0,0.6,0.0038053,7,19,0.0,,,,,,,,,,
710,0.3418167076888494,0.0,74.0,0.0,0.0,0.0,0.0,0.0,0.0,0.0,0.6,0.0038053,7,20,0.0,,,,,,,,,,
711,0.0029707662179134786,66.0,74.0,0.8918918918918919,10.0,56.0,0.15151515151515152,0.8484848484848485,0.1832695441085664,0.0,0.6,0.0038053,7,21,0.0,,,,,,,,,,
712,0.013615113799460232,0.0,74.0,0.0,0.0,0.0,0.0,0.0,0.0,0.0,0.6,0.0038053,7,22,0.0,,,,,,,,,,
713,0.10492512962082401,0.0,74.0,0.0,0.0,0.0,0.0,0.0,0.0,0.0,0.6,0.0038053,7,23,0.0,,,,,,,,,,
714,0.005357980844564736,8.0,74.0,0.10810810810810811,1.0,7.0,0.125,0.875,0.1944394755870761,0.0,0.6,0.0038053,7,24,0.0,,,,,,,,,,
715,0.11276253138203174,0.0,74.0,0.0,0.0,0.0,0.0,0.0,0.0,0.0,0.6,0.0038053,7,25,0.0,,,,,,,,,,
716,0.003242227772716433,65.0,74.0,0.8783783783783784,12.0,53.0,0.18461538461538463,0.8153846153846154,0.18346995957009998,0.0,0.6,0.0038053,7,26,0.0,,,,,,,,,,
717,0.002892102929763496,72.0,74.0,0.972972972972973,8.0,64.0,0.1111111111111111,0.8888888888888888,0.18804162400819713,0.0,0.6,0.0038053,7,27,0.0,,,,,,,,,,
718,0.004382306302431971,9.0,74.0,0.12162162162162163,1.0,8.0,0.1111111111111111,0.8888888888888888,0.19704240025541933,0.0,0.6,0.0038053,7,28,0.0,,,,,,,,,,
719,0.11841022889711894,0.0,74.0,0.0,0.0,0.0,0.0,0.0,0.0,0.0,0.6,0.0038053,7,29,0.0,,,,,,,,,,
720,0.0032635137904435396,66.0,74.0,0.8918918918918919,7.0,59.0,0.10606060606060606,0.8939393939393939,0.18352082922471746,0.0,0.6,0.0038053,7,30,0.0,,,,,,,,,,
721,0.06339951808331534,0.0,74.0,0.0,0.0,0.0,0.0,0.0,0.0,0.0,0.6,0.0038053,7,31,0.0,,,,,,,,,,
722,0.0028945365629624575,60.0,74.0,0.8108108108108109,9.0,51.0,0.15,0.85,0.18091890831733115,0.0,0.6,0.0038053,7,32,0.0,,,,,,,,,,
723,0.039767776033841074,0.0,74.0,0.0,0.0,0.0,0.0,0.0,0.0,0.0,0.6,0.0038053,7,33,0.0,,,,,,,,,,
724,0.014897178625687957,0.0,74.0,0.0,0.0,0.0,0.0,0.0,0.0,0.0,0.6,0.0038053,7,34,0.0,,,,,,,,,,
725,0.0889927355456166,0.0,74.0,0.0,0.0,0.0,0.0,0.0,0.0,0.0,0.6,0.0038053,7,35,0.0,,,,,,,,,,
726,0.16859595983987674,0.0,74.0,0.0,0.0,0.0,0.0,0.0,0.0,0.0,0.6,0.0038053,7,36,0.0,,,,,,,,,,
727,0.07121585449203849,0.0,74.0,0.0,0.0,0.0,0.0,0.0,0.0,0.0,0.6,0.0038053,7,37,0.0,,,,,,,,,,
728,0.003283496364019811,69.0,74.0,0.9324324324324325,15.0,54.0,0.21739130434782608,0.782608695652174,0.18476661285829424,0.0,0.6,0.0038053,7,38,0.0,,,,,,,,,,
729,0.015504001232329756,2.0,74.0,0.02702702702702703,0.0,2.0,0.0,1.0,0.20626434020595835,0.0,0.6,0.0038053,7,39,0.0,,,,,,,,,,
730,0.0032240523723885417,19.0,74.0,0.25675675675675674,1.0,18.0,0.05263157894736842,0.9473684210526315,0.2033135947780631,0.0,0.6,0.0038053,7,40,0.0,,,,,,,,,,
731,0.3554023075266741,0.0,74.0,0.0,0.0,0.0,0.0,0.0,0.0,0.0,0.6,0.0038053,7,41,0.0,,,,,,,,,,
732,0.058307321451138705,0.0,74.0,0.0,0.0,0.0,0.0,0.0,0.0,0.0,0.6,0.0038053,7,42,0.0,,,,,,,,,,
733,0.003298772731795907,72.0,74.0,0.972972972972973,10.0,62.0,0.1388888888888889,0.8611111111111112,0.18334522037670056,0.0,0.6,0.0038053,7,43,0.0,,,,,,,,,,
734,0.002458981442032382,57.0,74.0,0.7702702702702703,3.0,54.0,0.05263157894736842,0.9473684210526315,0.19367890851868333,0.0,0.6,0.0038053,7,44,0.0,,,,,,,,,,
735,0.0031896432337816805,58.0,74.0,0.7837837837837838,8.0,50.0,0.13793103448275862,0.8620689655172413,0.18188583867416505,0.0,0.6,0.0038053,7,45,0.0,,,,,,,,,,
736,0.0037921075127087533,23.0,74.0,0.3108108108108108,1.0,22.0,0.043478260869565216,0.9565217391304348,0.18714750767255522,0.0,0.6,0.0038053,7,46,0.0,,,,,,,,,,
737,0.002648663299623877,62.0,74.0,0.8378378378378378,16.0,46.0,0.25806451612903225,0.7419354838709677,0.1829893174259418,0.0,0.6,0.0038053,7,47,0.0,,,,,,,,,,
738,0.004309416690375656,16.0,74.0,0.21621621621621623,3.0,13.0,0.1875,0.8125,0.18360230482776868,0.0,0.6,0.0038053,7,48,0.0,,,,,,,,,,
739,0.003073559346375987,26.0,74.0,0.35135135135135137,6.0,20.0,0.23076923076923078,0.7692307692307693,0.18238908401831683,0.0,0.6,0.0038053,7,49,0.0,,,,,,,,,,
740,0.1540310969867278,0.0,74.0,0.0,0.0,0.0,0.0,0.0,0.0,0.0,0.6,0.0038053,7,50,0.0,,,,,,,,,,
741,0.0022517789038829505,72.0,74.0,0.972972972972973,9.0,63.0,0.125,0.875,0.18578026286223426,0.0,0.6,0.0038053,7,51,0.0,,,,,,,,,,
742,0.0017303753993473947,72.0,74.0,0.972972972972973,4.0,68.0,0.05555555555555555,0.9444444444444444,0.19664255745665535,0.0,0.6,0.0038053,7,52,0.0,,,,,,,,,,
743,0.0013965083635412157,73.0,74.0,0.9864864864864865,7.0,66.0,0.0958904109589041,0.9041095890410958,0.20350023661425276,0.0,0.6,0.0038053,7,53,0.0,,,,,,,,,,
744,0.0015570911054965109,72.0,74.0,0.972972972972973,5.0,67.0,0.06944444444444445,0.9305555555555556,0.19542505722383186,0.0,0.6,0.0038053,7,54,0.0,,,,,,,,,,
745,0.0018755831115413457,72.0,74.0,0.972972972972973,7.0,65.0,0.09722222222222222,0.9027777777777778,0.19028554445556772,0.0,0.6,0.0038053,7,55,0.0,,,,,,,,,,
746,0.002009382122196257,51.0,74.0,0.6891891891891891,4.0,47.0,0.0784313725490196,0.9215686274509803,0.19152724632513682,0.0,0.6,0.0038053,7,56,0.0,,,,,,,,,,
747,0.0012900746951345354,73.0,74.0,0.9864864864864865,7.0,66.0,0.0958904109589041,0.9041095890410958,0.19680020748563357,0.0,0.6,0.0038053,7,57,0.0,,,,,,,,,,
748,0.0022870208194945008,19.0,74.0,0.25675675675675674,2.0,17.0,0.10526315789473684,0.8947368421052632,0.2094440157385646,0.0,0.6,0.0038053,7,58,0.0,,,,,,,,,,
749,0.001459515915485099,72.0,74.0,0.972972972972973,3.0,69.0,0.041666666666666664,0.9583333333333334,0.19651124959006366,0.0,0.6,0.0038053,7,59,0.0,,,,,,,,,,
750,0.0016955840110313147,63.0,74.0,0.8513513513513513,6.0,57.0,0.09523809523809523,0.9047619047619048,0.19574919570412566,0.0,0.6,0.0038053,7,60,0.0,,,,,,,,,,
751,0.0017064626445062459,65.0,74.0,0.8783783783783784,12.0,53.0,0.18461538461538463,0.8153846153846154,0.1892212097186569,0.0,0.6,0.0038053,7,61,0.0,,,,,,,,,,
752,0.0012009733909508213,73.0,74.0,0.9864864864864865,1.0,72.0,0.0136986301369863,0.9863013698630136,0.20713692805855882,0.0,0.6,0.0038053,7,62,0.0,,,,,,,,,,
753,0.04245000897208229,0.0,74.0,0.0,0.0,0.0,0.0,0.0,0.0,0.0,0.6,0.0038053,7,63,0.0,,,,,,,,,,
754,0.004580550521495752,3.0,74.0,0.04054054054054054,0.0,3.0,0.0,1.0,0.20832830956536977,0.0,0.6,0.0038053,7,64,0.0,,,,,,,,,,
755,0.11946851233369671,0.0,74.0,0.0,0.0,0.0,0.0,0.0,0.0,0.0,0.6,0.0038053,7,65,0.0,,,,,,,,,,
756,0.0029926666320534423,21.0,74.0,0.28378378378378377,1.0,20.0,0.047619047619047616,0.9523809523809523,0.19831486863365952,0.0,0.6,0.0038053,7,66,0.0,,,,,,,,,,
757,0.0047391478437930346,7.0,74.0,0.0945945945945946,1.0,6.0,0.14285714285714285,0.8571428571428571,0.21464261696632927,0.0,0.6,0.0038053,7,67,0.0,,,,,,,,,,
758,0.05068930974812247,0.0,74.0,0.0,0.0,0.0,0.0,0.0,0.0,0.0,0.6,0.0038053,7,68,0.0,,,,,,,,,,
759,0.0008262712362920865,74.0,74.0,1.0,3.0,71.0,0.04054054054054054,0.9594594594594594,0.20631282209840893,0.0,0.6,0.0038053,7,69,0.0,,,,,,,,,,
760,0.0008671674295328557,73.0,74.0,0.9864864864864865,2.0,71.0,0.0273972602739726,0.9726027397260274,0.20662057242393658,0.0,0.6,0.0038053,7,70,0.0,,,,,,,,,,
761,0.009505206166068092,0.0,74.0,0.0,0.0,0.0,0.0,0.0,0.0,0.0,0.6,0.0038053,7,71,0.0,,,,,,,,,,
762,0.004948927191435359,1.0,74.0,0.013513513513513514,0.0,1.0,0.0,1.0,0.22189732520603112,0.0,0.6,0.0038053,7,72,0.0,,,,,,,,,,
763,0.21113953554595355,0.0,74.0,0.0,0.0,0.0,0.0,0.0,0.0,0.0,0.6,0.0038053,7,73,0.0,,,,,,,,,,
764,0.18786519891000353,0.0,74.0,0.0,0.0,0.0,0.0,0.0,0.0,0.0,0.6,0.0038053,7,74,0.0,,,,,,,,,,
765,0.0007568403671029955,74.0,74.0,1.0,3.0,71.0,0.04054054054054054,0.9594594594594594,0.20528855046811387,0.0,0.6,0.0038053,7,75,0.0,,,,,,,,,,
766,0.0008309911499964073,74.0,74.0,1.0,1.0,73.0,0.013513513513513514,0.9864864864864865,0.1973533719062641,0.0,0.6,0.0038053,7,76,0.0,,,,,,,,,,
767,0.21966364956460893,0.0,74.0,0.0,0.0,0.0,0.0,0.0,0.0,0.0,0.6,0.0038053,7,77,0.0,,,,,,,,,,
768,0.0012927192001370713,31.0,74.0,0.4189189189189189,2.0,29.0,0.06451612903225806,0.9354838709677419,0.1952271530568634,0.0,0.6,0.0038053,7,78,0.0,,,,,,,,,,
769,0.0007426849915646017,74.0,74.0,1.0,0.0,74.0,0.0,1.0,0.2046473118940378,0.0,0.6,0.0038053,7,79,0.0,,,,,,,,,,
770,0.0010044473892776296,63.0,74.0,0.8513513513513513,1.0,62.0,0.015873015873015872,0.9841269841269841,0.1973465428237801,0.0,0.6,0.0038053,7,80,0.0,,,,,,,,,,
771,0.11331470642471686,0.0,74.0,0.0,0.0,0.0,0.0,0.0,0.0,0.0,0.6,0.0038053,7,81,0.0,,,,,,,,,,
772,0.19712038735451642,1.0,74.0,0.013513513513513514,0.0,1.0,0.0,1.0,0.17613817469013524,0.0,0.6,0.0038053,7,82,0.0,,,,,,,,,,
773,0.19681868171028327,0.0,74.0,0.0,0.0,0.0,0.0,0.0,0.0,0.0,0.6,0.0038053,7,83,0.0,,,,,,,,,,
774,0.001159900741185993,65.0,74.0,0.8783783783783784,5.0,60.0,0.07692307692307693,0.9230769230769231,0.18673915021223372,0.0,0.6,0.0038053,7,84,0.0,,,,,,,,,,
775,0.0009735577332321554,73.0,74.0,0.9864864864864865,5.0,68.0,0.0684931506849315,0.9315068493150684,0.19548061557117571,0.0,0.6,0.0038053,7,85,0.0,,,,,,,,,,
776,0.0009151656267931685,73.0,74.0,0.9864864864864865,10.0,63.0,0.136986301369863,0.863013698630137,0.1924811800372769,0.0,0.6,0.0038053,7,86,0.0,,,,,,,,,,
777,0.0011122096766484901,59.0,74.0,0.7972972972972973,4.0,55.0,0.06779661016949153,0.9322033898305084,0.19274429923317918,0.0,0.6,0.0038053,7,87,0.0,,,,,,,,,,
778,0.09972677884798031,0.0,74.0,0.0,0.0,0.0,0.0,0.0,0.0,0.0,0.6,0.0038053,7,88,0.0,,,,,,,,,,
779,0.1273596966493642,0.0,74.0,0.0,0.0,0.0,0.0,0.0,0.0,0.0,0.6,0.0038053,7,89,0.0,,,,,,,,,,
780,0.0014071962214075029,54.0,74.0,0.7297297297297297,8.0,46.0,0.14814814814814814,0.8518518518518519,0.18456848488001423,0.0,0.6,0.0038053,7,90,0.0,,,,,,,,,,
781,0.0030071746732573956,14.0,74.0,0.1891891891891892,0.0,14.0,0.0,1.0,0.2146479300651782,0.0,0.6,0.0038053,7,91,0.0,,,,,,,,,,
782,0.0019242414564359933,18.0,74.0,0.24324324324324326,2.0,16.0,0.1111111111111111,0.8888888888888888,0.1995369977426801,0.0,0.6,0.0038053,7,92,0.0,,,,,,,,,,
783,0.05409452047024388,0.0,74.0,0.0,0.0,0.0,0.0,0.0,0.0,0.0,0.6,0.0038053,7,93,0.0,,,,,,,,,,
784,0.014180702768499032,1.0,74.0,0.013513513513513514,0.0,1.0,0.0,1.0,0.21006041503359263,0.0,0.6,0.0038053,7,94,0.0,,,,,,,,,,
785,0.029817877686582506,0.0,74.0,0.0,0.0,0.0,0.0,0.0,0.0,0.0,0.6,0.0038053,7,95,0.0,,,,,,,,,,
786,0.006805279379477724,0.0,74.0,0.0,0.0,0.0,0.0,0.0,0.0,0.0,0.6,0.0038053,7,96,0.0,,,,,,,,,,
787,0.0011943797435378656,60.0,74.0,0.8108108108108109,15.0,45.0,0.25,0.75,0.18563703256615688,0.0,0.6,0.0038053,7,97,0.0,,,,,,,,,,
788,0.0012144090433139354,63.0,74.0,0.8513513513513513,9.0,54.0,0.14285714285714285,0.8571428571428571,0.189529476634117,0.0,0.6,0.0038053,7,98,0.0,,,,,,,,,,
789,0.0045227806258481,2.0,74.0,0.02702702702702703,0.0,2.0,0.0,1.0,0.20754645310440933,0.0,0.6,0.0038053,7,99,0.0,,,,,,,,,,
790,0.001416763596353121,57.0,74.0,0.7702702702702703,7.0,50.0,0.12280701754385964,0.8771929824561403,0.20122316286491201,0.0,0.6,0.0038053,7,100,0.0,,,,,,,,,,
791,0.0029984187276568264,17.0,74.0,0.22972972972972974,5.0,12.0,0.29411764705882354,0.7058823529411765,0.18028985917574086,0.0,0.6,0.0038053,7,101,0.0,,,,,,,,,,
792,0.04949052400479559,0.0,74.0,0.0,0.0,0.0,0.0,0.0,0.0,0.0,0.6,0.0038053,7,102,0.0,,,,,,,,,,
793,0.12567979947198182,0.0,74.0,0.0,0.0,0.0,0.0,0.0,0.0,0.0,0.6,0.0038053,7,103,0.0,,,,,,,,,,
794,0.09520828744280152,0.0,74.0,0.0,0.0,0.0,0.0,0.0,0.0,0.0,0.6,0.0038053,7,104,0.0,,,,,,,,,,
795,0.004321115979109891,3.0,74.0,0.04054054054054054,0.0,3.0,0.0,1.0,0.20389129533355774,0.0,0.6,0.0038053,7,105,0.0,,,,,,,,,,
796,0.4693288664566353,0.0,74.0,0.0,0.0,0.0,0.0,0.0,0.0,0.0,0.6,0.0038053,7,106,0.0,,,,,,,,,,
797,0.0008378246711799875,74.0,74.0,1.0,8.0,66.0,0.10810810810810811,0.8918918918918919,0.18616982429288842,0.0,0.6,0.0038053,7,107,0.0,,,,,,,,,,
798,0.12189120710536372,0.0,74.0,0.0,0.0,0.0,0.0,0.0,0.0,0.0,0.6,0.0038053,7,108,0.0,,,,,,,,,,
799,0.23825611850770656,4.0,74.0,0.05405405405405406,0.0,4.0,0.0,1.0,0.19138684890224747,0.0,0.6,0.0038053,7,109,0.0,,,,,,,,,,
800,0.0009317949588876218,63.0,74.0,0.8513513513513513,1.0,62.0,0.015873015873015872,0.9841269841269841,0.20126977721281278,0.0,0.6,0.0038053,7,110,0.0,,,,,,,,,,
801,0.07129708102729637,0.0,74.0,0.0,0.0,0.0,0.0,0.0,0.0,0.0,0.6,0.0038053,7,111,0.0,,,,,,,,,,
802,0.22631683090003207,0.0,74.0,0.0,0.0,0.0,0.0,0.0,0.0,0.0,0.6,0.0038053,7,112,0.0,,,,,,,,,,
803,0.03430695261340588,0.0,74.0,0.0,0.0,0.0,0.0,0.0,0.0,0.0,0.6,0.0038053,7,113,0.0,,,,,,,,,,
804,0.0025086230598390102,23.0,74.0,0.3108108108108108,2.0,21.0,0.08695652173913043,0.9130434782608695,0.19081649165592718,0.0,0.6,0.0038053,7,114,0.0,,,,,,,,,,
805,0.07667088559828698,0.0,74.0,0.0,0.0,0.0,0.0,0.0,0.0,0.0,0.6,0.0038053,7,115,0.0,,,,,,,,,,
805,,,,,,,,,,,,,7,,1.0,0.8602941176470589,0.691600733400824,0.8602941176470589,0.6856842172475388,0.9923664122137404,0.0331039240523039,0.13207229456668157,0.9920937840785169,0.035196269381507904,0.13179966643145802
806,0.0017984570004045963,70.0,74.0,0.9459459459459459,3.0,67.0,0.04285714285714286,0.9571428571428572,0.20140725200899046,0.0,0.6,0.0038053,8,1,0.0,,,,,,,,,,
807,0.007646936603123322,0.0,74.0,0.0,0.0,0.0,0.0,0.0,0.0,0.0,0.6,0.0038053,8,2,0.0,,,,,,,,,,
808,0.003277709474787116,14.0,74.0,0.1891891891891892,1.0,13.0,0.07142857142857142,0.9285714285714286,0.19820053606841695,0.0,0.6,0.0038053,8,3,0.0,,,,,,,,,,
809,0.0030396144720725715,30.0,74.0,0.40540540540540543,2.0,28.0,0.06666666666666667,0.9333333333333333,0.18910267119579735,0.0,0.6,0.0038053,8,4,0.0,,,,,,,,,,
810,0.021574553742539138,0.0,74.0,0.0,0.0,0.0,0.0,0.0,0.0,0.0,0.6,0.0038053,8,5,0.0,,,,,,,,,,
811,0.002702014578972012,57.0,74.0,0.7702702702702703,7.0,50.0,0.12280701754385964,0.8771929824561403,0.18921602009264005,0.0,0.6,0.0038053,8,6,0.0,,,,,,,,,,
812,0.16656306223012507,0.0,74.0,0.0,0.0,0.0,0.0,0.0,0.0,0.0,0.6,0.0038053,8,7,0.0,,,,,,,,,,
813,0.0025884330680128187,69.0,74.0,0.9324324324324325,6.0,63.0,0.08695652173913043,0.9130434782608695,0.19233808519514572,0.0,0.6,0.0038053,8,8,0.0,,,,,,,,,,
814,0.0023091768962331116,69.0,74.0,0.9324324324324325,7.0,62.0,0.10144927536231885,0.8985507246376812,0.18559863356443984,0.0,0.6,0.0038053,8,9,0.0,,,,,,,,,,
815,0.0023250954400282353,69.0,74.0,0.9324324324324325,6.0,63.0,0.08695652173913043,0.9130434782608695,0.18883510598508213,0.0,0.6,0.0038053,8,10,0.0,,,,,,,,,,
816,0.0024299859651364386,56.0,74.0,0.7567567567567568,2.0,54.0,0.03571428571428571,0.9642857142857143,0.19031404824218018,0.0,0.6,0.0038053,8,11,0.0,,,,,,,,,,
817,0.21396115943207406,5.0,74.0,0.06756756756756757,0.0,5.0,0.0,1.0,0.20391990565052862,0.0,0.6,0.0038053,8,12,0.0,,,,,,,,,,
818,0.0063810215215198696,1.0,74.0,0.013513513513513514,0.0,1.0,0.0,1.0,0.2288040479507715,0.0,0.6,0.0038053,8,13,0.0,,,,,,,,,,
819,0.002079381520161405,66.0,74.0,0.8918918918918919,9.0,57.0,0.13636363636363635,0.8636363636363636,0.19262708858746497,0.0,0.6,0.0038053,8,14,0.0,,,,,,,,,,
820,0.006899478932609782,1.0,74.0,0.013513513513513514,0.0,1.0,0.0,1.0,0.207779274130533,0.0,0.6,0.0038053,8,15,0.0,,,,,,,,,,
821,0.0022011616674717516,32.0,74.0,0.43243243243243246,2.0,30.0,0.0625,0.9375,0.20996317040202908,0.0,0.6,0.0038053,8,16,0.0,,,,,,,,,,
822,0.001717515755444765,62.0,74.0,0.8378378378378378,7.0,55.0,0.11290322580645161,0.8870967741935484,0.19796143606076655,0.0,0.6,0.0038053,8,17,0.0,,,,,,,,,,
823,0.0020119540859013796,58.0,74.0,0.7837837837837838,3.0,55.0,0.05172413793103448,0.9482758620689655,0.19685229329315163,0.0,0.6,0.0038053,8,18,0.0,,,,,,,,,,
824,0.0020888001890853047,53.0,74.0,0.7162162162162162,7.0,46.0,0.1320754716981132,0.8679245283018868,0.1841998468643505,0.0,0.6,0.0038053,8,19,0.0,,,,,,,,,,
825,0.0018562953919172287,72.0,74.0,0.972972972972973,8.0,64.0,0.1111111111111111,0.8888888888888888,0.19148155500570288,0.0,0.6,0.0038053,8,20,0.0,,,,,,,,,,
826,0.001142823079135269,73.0,74.0,0.9864864864864865,1.0,72.0,0.0136986301369863,0.9863013698630136,0.21699726015345092,0.0,0.6,0.0038053,8,21,0.0,,,,,,,,,,
827,0.0012313167098909616,73.0,74.0,0.9864864864864865,6.0,67.0,0.0821917808219178,0.9178082191780822,0.19758114771819446,0.0,0.6,0.0038053,8,22,0.0,,,,,,,,,,
828,0.001679216220509261,72.0,74.0,0.972972972972973,11.0,61.0,0.1527777777777778,0.8472222222222222,0.19116087630456013,0.0,0.6,0.0038053,8,23,0.0,,,,,,,,,,
829,0.0016568299615755677,72.0,74.0,0.972972972972973,3.0,69.0,0.041666666666666664,0.9583333333333334,0.1961429581552582,0.0,0.6,0.0038053,8,24,0.0,,,,,,,,,,
830,0.0027168022061232477,14.0,74.0,0.1891891891891892,2.0,12.0,0.14285714285714285,0.8571428571428571,0.20553005638984806,0.0,0.6,0.0038053,8,25,0.0,,,,,,,,,,
831,0.0036418297968339175,8.0,74.0,0.10810810810810811,0.0,8.0,0.0,1.0,0.2203329897208553,0.0,0.6,0.0038053,8,26,0.0,,,,,,,,,,
832,0.18234572553774342,9.0,74.0,0.12162162162162163,1.0,8.0,0.1111111111111111,0.8888888888888888,0.18823846588798762,0.0,0.6,0.0038053,8,27,0.0,,,,,,,,,,
833,0.0017077091906685382,72.0,74.0,0.972972972972973,3.0,69.0,0.041666666666666664,0.9583333333333334,0.18896058992564668,0.0,0.6,0.0038053,8,28,0.0,,,,,,,,,,
834,0.002044669265160337,29.0,74.0,0.3918918918918919,4.0,25.0,0.13793103448275862,0.8620689655172413,0.1903027688926098,0.0,0.6,0.0038053,8,29,0.0,,,,,,,,,,
835,0.0020492351904977113,72.0,74.0,0.972972972972973,15.0,57.0,0.20833333333333334,0.7916666666666666,0.18279386542235143,0.0,0.6,0.0038053,8,30,0.0,,,,,,,,,,
836,0.0023487425060011446,72.0,74.0,0.972972972972973,11.0,61.0,0.1527777777777778,0.8472222222222222,0.18936873848461194,0.0,0.6,0.0038053,8,31,0.0,,,,,,,,,,
837,0.009061340941116214,1.0,74.0,0.013513513513513514,0.0,1.0,0.0,1.0,0.23364637183112763,0.0,0.6,0.0038053,8,32,0.0,,,,,,,,,,
838,0.08489731355803087,0.0,74.0,0.0,0.0,0.0,0.0,0.0,0.0,0.0,0.6,0.0038053,8,33,0.0,,,,,,,,,,
839,0.11431857320712879,0.0,74.0,0.0,0.0,0.0,0.0,0.0,0.0,0.0,0.6,0.0038053,8,34,0.0,,,,,,,,,,
840,0.0030432778294198215,61.0,74.0,0.8243243243243243,10.0,51.0,0.16393442622950818,0.8360655737704918,0.18556647579535515,0.0,0.6,0.0038053,8,35,0.0,,,,,,,,,,
841,0.0027668674010783434,15.0,74.0,0.20270270270270271,4.0,11.0,0.26666666666666666,0.7333333333333333,0.1826612775649444,0.0,0.6,0.0038053,8,36,0.0,,,,,,,,,,
842,0.0022042207419872284,72.0,74.0,0.972972972972973,6.0,66.0,0.08333333333333333,0.9166666666666666,0.19290153138255275,0.0,0.6,0.0038053,8,37,0.0,,,,,,,,,,
843,0.0026494014309719205,34.0,74.0,0.4594594594594595,2.0,32.0,0.058823529411764705,0.9411764705882353,0.1929484906936982,0.0,0.6,0.0038053,8,38,0.0,,,,,,,,,,
844,0.002042201434960589,72.0,74.0,0.972972972972973,7.0,65.0,0.09722222222222222,0.9027777777777778,0.1835432105052088,0.0,0.6,0.0038053,8,39,0.0,,,,,,,,,,
845,0.0031901731563266367,16.0,74.0,0.21621621621621623,1.0,15.0,0.0625,0.9375,0.1932509459503691,0.0,0.6,0.0038053,8,40,0.0,,,,,,,,,,
846,0.0033502236619824544,43.0,74.0,0.581081081081081,10.0,33.0,0.23255813953488372,0.7674418604651163,0.17909313715025632,0.0,0.6,0.0038053,8,41,0.0,,,,,,,,,,
847,0.0019493998552206904,72.0,74.0,0.972972972972973,11.0,61.0,0.1527777777777778,0.8472222222222222,0.18872495709773152,0.0,0.6,0.0038053,8,42,0.0,,,,,,,,,,
848,0.0033552357635926455,70.0,74.0,0.9459459459459459,18.0,52.0,0.2571428571428571,0.7428571428571429,0.17776605855039557,0.0,0.6,0.0038053,8,43,0.0,,,,,,,,,,
849,0.10522226757893804,0.0,74.0,0.0,0.0,0.0,0.0,0.0,0.0,0.0,0.6,0.0038053,8,44,0.0,,,,,,,,,,
850,0.13685907726176083,0.0,74.0,0.0,0.0,0.0,0.0,0.0,0.0,0.0,0.6,0.0038053,8,45,0.0,,,,,,,,,,
851,0.0021397140226326883,72.0,74.0,0.972972972972973,7.0,65.0,0.09722222222222222,0.9027777777777778,0.1935013382612937,0.0,0.6,0.0038053,8,46,0.0,,,,,,,,,,
852,0.004541634407360107,2.0,74.0,0.02702702702702703,0.0,2.0,0.0,1.0,0.19778246532565347,0.0,0.6,0.0038053,8,47,0.0,,,,,,,,,,
853,0.0013561301748268306,73.0,74.0,0.9864864864864865,0.0,73.0,0.0,1.0,0.20153759277939726,0.0,0.6,0.0038053,8,48,0.0,,,,,,,,,,
854,0.001982659276109189,72.0,74.0,0.972972972972973,8.0,64.0,0.1111111111111111,0.8888888888888888,0.19279371147977253,0.0,0.6,0.0038053,8,49,0.0,,,,,,,,,,
855,0.0015568639792036265,72.0,74.0,0.972972972972973,14.0,58.0,0.19444444444444445,0.8055555555555556,0.19158580843823284,0.0,0.6,0.0038053,8,50,0.0,,,,,,,,,,
856,0.0018740533560048789,67.0,74.0,0.9054054054054054,6.0,61.0,0.08955223880597014,0.9104477611940298,0.1981913025712943,0.0,0.6,0.0038053,8,51,0.0,,,,,,,,,,
857,0.0016242214478552341,55.0,74.0,0.7432432432432432,3.0,52.0,0.05454545454545454,0.9454545454545454,0.182340350827148,0.0,0.6,0.0038053,8,52,0.0,,,,,,,,,,
858,0.003529436362441629,25.0,74.0,0.33783783783783783,2.0,23.0,0.08,0.92,0.19821177648444865,0.0,0.6,0.0038053,8,53,0.0,,,,,,,,,,
859,0.0021651480928994715,55.0,74.0,0.7432432432432432,6.0,49.0,0.10909090909090909,0.8909090909090909,0.18754230759024246,0.0,0.6,0.0038053,8,54,0.0,,,,,,,,,,
860,0.005227753979852423,6.0,74.0,0.08108108108108109,2.0,4.0,0.3333333333333333,0.6666666666666666,0.1792207119231546,0.0,0.6,0.0038053,8,55,0.0,,,,,,,,,,
861,0.001670634635956958,72.0,74.0,0.972972972972973,7.0,65.0,0.09722222222222222,0.9027777777777778,0.20112711742167774,0.0,0.6,0.0038053,8,56,0.0,,,,,,,,,,
862,0.18073823224403895,6.0,74.0,0.08108108108108109,0.0,6.0,0.0,1.0,0.1833376689368695,0.0,0.6,0.0038053,8,57,0.0,,,,,,,,,,
863,0.0014108917239354923,72.0,74.0,0.972972972972973,7.0,65.0,0.09722222222222222,0.9027777777777778,0.1934670423834442,0.0,0.6,0.0038053,8,58,0.0,,,,,,,,,,
864,0.0024981044698506594,62.0,74.0,0.8378378378378378,8.0,54.0,0.12903225806451613,0.8709677419354839,0.1894205696615401,0.0,0.6,0.0038053,8,59,0.0,,,,,,,,,,
865,0.1907117817318067,0.0,74.0,0.0,0.0,0.0,0.0,0.0,0.0,0.0,0.6,0.0038053,8,60,0.0,,,,,,,,,,
866,0.001909379381686449,61.0,74.0,0.8243243243243243,8.0,53.0,0.13114754098360656,0.8688524590163934,0.1906323371857121,0.0,0.6,0.0038053,8,61,0.0,,,,,,,,,,
867,0.001345004071481526,73.0,74.0,0.9864864864864865,2.0,71.0,0.0273972602739726,0.9726027397260274,0.19333873964528872,0.0,0.6,0.0038053,8,62,0.0,,,,,,,,,,
868,0.0013934590970166028,73.0,74.0,0.9864864864864865,5.0,68.0,0.0684931506849315,0.9315068493150684,0.1987222245686656,0.0,0.6,0.0038053,8,63,0.0,,,,,,,,,,
869,0.001895828900160268,72.0,74.0,0.972972972972973,2.0,70.0,0.027777777777777776,0.9722222222222222,0.1950905955136667,0.0,0.6,0.0038053,8,64,0.0,,,,,,,,,,
870,0.001955408224603161,72.0,74.0,0.972972972972973,7.0,65.0,0.09722222222222222,0.9027777777777778,0.1908558491522555,0.0,0.6,0.0038053,8,65,0.0,,,,,,,,,,
871,0.0019363556057214737,72.0,74.0,0.972972972972973,4.0,68.0,0.05555555555555555,0.9444444444444444,0.1873370679243873,0.0,0.6,0.0038053,8,66,0.0,,,,,,,,,,
872,0.0021239746711216867,72.0,74.0,0.972972972972973,4.0,68.0,0.05555555555555555,0.9444444444444444,0.19193508151639094,0.0,0.6,0.0038053,8,67,0.0,,,,,,,,,,
873,0.002604152337880805,72.0,74.0,0.972972972972973,17.0,55.0,0.2361111111111111,0.7638888888888888,0.18320259016867269,0.0,0.6,0.0038053,8,68,0.0,,,,,,,,,,
874,0.002749852341366932,72.0,74.0,0.972972972972973,8.0,64.0,0.1111111111111111,0.8888888888888888,0.18914819726810805,0.0,0.6,0.0038053,8,69,0.0,,,,,,,,,,
875,0.3321752773481421,0.0,74.0,0.0,0.0,0.0,0.0,0.0,0.0,0.0,0.6,0.0038053,8,70,0.0,,,,,,,,,,
876,0.001762241416145116,72.0,74.0,0.972972972972973,6.0,66.0,0.08333333333333333,0.9166666666666666,0.18851971572510928,0.0,0.6,0.0038053,8,71,0.0,,,,,,,,,,
877,0.12088774867879692,0.0,74.0,0.0,0.0,0.0,0.0,0.0,0.0,0.0,0.6,0.0038053,8,72,0.0,,,,,,,,,,
878,0.002164727950002998,63.0,74.0,0.8513513513513513,4.0,59.0,0.06349206349206349,0.9365079365079365,0.19159378143181802,0.0,0.6,0.0038053,8,73,0.0,,,,,,,,,,
879,0.021918537182500586,0.0,74.0,0.0,0.0,0.0,0.0,0.0,0.0,0.0,0.6,0.0038053,8,74,0.0,,,,,,,,,,
880,0.013365646998863667,0.0,74.0,0.0,0.0,0.0,0.0,0.0,0.0,0.0,0.6,0.0038053,8,75,0.0,,,,,,,,,,
881,0.0021177042508497834,72.0,74.0,0.972972972972973,7.0,65.0,0.09722222222222222,0.9027777777777778,0.18688539113396943,0.0,0.6,0.0038053,8,76,0.0,,,,,,,,,,
882,0.005833614806761034,0.0,74.0,0.0,0.0,0.0,0.0,0.0,0.0,0.0,0.6,0.0038053,8,77,0.0,,,,,,,,,,
883,0.0019181383540853858,72.0,74.0,0.972972972972973,7.0,65.0,0.09722222222222222,0.9027777777777778,0.18621985467382965,0.0,0.6,0.0038053,8,78,0.0,,,,,,,,,,
884,0.18943016536650248,0.0,74.0,0.0,0.0,0.0,0.0,0.0,0.0,0.0,0.6,0.0038053,8,79,0.0,,,,,,,,,,
885,0.0013808000221615657,72.0,74.0,0.972972972972973,3.0,69.0,0.041666666666666664,0.9583333333333334,0.1986849907414402,0.0,0.6,0.0038053,8,80,0.0,,,,,,,,,,
886,0.0013010575785301626,73.0,74.0,0.9864864864864865,4.0,69.0,0.0547945205479452,0.9452054794520548,0.1882682069147582,0.0,0.6,0.0038053,8,81,0.0,,,,,,,,,,
887,0.0016020000621210784,72.0,74.0,0.972972972972973,13.0,59.0,0.18055555555555555,0.8194444444444444,0.18505092023790592,0.0,0.6,0.0038053,8,82,0.0,,,,,,,,,,
888,0.0012626580864889547,73.0,74.0,0.9864864864864865,7.0,66.0,0.0958904109589041,0.9041095890410958,0.19737696544751532,0.0,0.6,0.0038053,8,83,0.0,,,,,,,,,,
889,0.0015008031623438,72.0,74.0,0.972972972972973,4.0,68.0,0.05555555555555555,0.9444444444444444,0.19754169046059844,0.0,0.6,0.0038053,8,84,0.0,,,,,,,,,,
890,0.0013433083076961339,73.0,74.0,0.9864864864864865,6.0,67.0,0.0821917808219178,0.9178082191780822,0.19105897349712006,0.0,0.6,0.0038053,8,85,0.0,,,,,,,,,,
891,0.0014150853676255792,73.0,74.0,0.9864864864864865,4.0,69.0,0.0547945205479452,0.9452054794520548,0.19281542201025767,0.0,0.6,0.0038053,8,86,0.0,,,,,,,,,,
892,0.002647903689648956,15.0,74.0,0.20270270270270271,1.0,14.0,0.06666666666666667,0.9333333333333333,0.18940444913569576,0.0,0.6,0.0038053,8,87,0.0,,,,,,,,,,
893,0.0018940673617180437,72.0,74.0,0.972972972972973,5.0,67.0,0.06944444444444445,0.9305555555555556,0.18998751567756633,0.0,0.6,0.0038053,8,88,0.0,,,,,,,,,,
894,0.0022512869181809947,57.0,74.0,0.7702702702702703,7.0,50.0,0.12280701754385964,0.8771929824561403,0.18400454261348992,0.0,0.6,0.0038053,8,89,0.0,,,,,,,,,,
895,0.0015915364783722907,72.0,74.0,0.972972972972973,5.0,67.0,0.06944444444444445,0.9305555555555556,0.18908888127017548,0.0,0.6,0.0038053,8,90,0.0,,,,,,,,,,
896,0.15316954502486624,0.0,74.0,0.0,0.0,0.0,0.0,0.0,0.0,0.0,0.6,0.0038053,8,91,0.0,,,,,,,,,,
897,0.20853890865691938,0.0,74.0,0.0,0.0,0.0,0.0,0.0,0.0,0.0,0.6,0.0038053,8,92,0.0,,,,,,,,,,
898,0.001287284481804818,73.0,74.0,0.9864864864864865,3.0,70.0,0.0410958904109589,0.958904109589041,0.19802020306252416,0.0,0.6,0.0038053,8,93,0.0,,,,,,,,,,
899,0.0011771134450100362,73.0,74.0,0.9864864864864865,7.0,66.0,0.0958904109589041,0.9041095890410958,0.19558394306032442,0.0,0.6,0.0038053,8,94,0.0,,,,,,,,,,
900,0.0024309826840180904,26.0,74.0,0.35135135135135137,2.0,24.0,0.07692307692307693,0.9230769230769231,0.20457810176950084,0.0,0.6,0.0038053,8,95,0.0,,,,,,,,,,
901,0.002959924371680245,25.0,74.0,0.33783783783783783,6.0,19.0,0.24,0.76,0.19644803298486432,0.0,0.6,0.0038053,8,96,0.0,,,,,,,,,,
902,0.0010472847352502868,73.0,74.0,0.9864864864864865,3.0,70.0,0.0410958904109589,0.958904109589041,0.20085170630967975,0.0,0.6,0.0038053,8,97,0.0,,,,,,,,,,
903,0.0017771493876352906,72.0,74.0,0.972972972972973,8.0,64.0,0.1111111111111111,0.8888888888888888,0.18974559603911623,0.0,0.6,0.0038053,8,98,0.0,,,,,,,,,,
904,0.0013460609916364774,57.0,74.0,0.7702702702702703,11.0,46.0,0.19298245614035087,0.8070175438596491,0.19023499512787045,0.0,0.6,0.0038053,8,99,0.0,,,,,,,,,,
905,0.0013369497610256076,73.0,74.0,0.9864864864864865,4.0,69.0,0.0547945205479452,0.9452054794520548,0.20075055579333242,0.0,0.6,0.0038053,8,100,0.0,,,,,,,,,,
906,0.0029552289051935077,20.0,74.0,0.2702702702702703,0.0,20.0,0.0,1.0,0.20967642216208718,0.0,0.6,0.0038053,8,101,0.0,,,,,,,,,,
907,0.0011128879996249452,73.0,74.0,0.9864864864864865,7.0,66.0,0.0958904109589041,0.9041095890410958,0.19527542362809217,0.0,0.6,0.0038053,8,102,0.0,,,,,,,,,,
908,0.0011750567355193198,73.0,74.0,0.9864864864864865,7.0,66.0,0.0958904109589041,0.9041095890410958,0.19576525419265903,0.0,0.6,0.0038053,8,103,0.0,,,,,,,,,,
909,0.000921135739190504,73.0,74.0,0.9864864864864865,7.0,66.0,0.0958904109589041,0.9041095890410958,0.19797453751096675,0.0,0.6,0.0038053,8,104,0.0,,,,,,,,,,
910,0.40065326233161613,0.0,74.0,0.0,0.0,0.0,0.0,0.0,0.0,0.0,0.6,0.0038053,8,105,0.0,,,,,,,,,,
911,0.0009721738460939378,73.0,74.0,0.9864864864864865,3.0,70.0,0.0410958904109589,0.958904109589041,0.2046291629158412,0.0,0.6,0.0038053,8,106,0.0,,,,,,,,,,
912,0.0010955990001093596,73.0,74.0,0.9864864864864865,6.0,67.0,0.0821917808219178,0.9178082191780822,0.19300160983944395,0.0,0.6,0.0038053,8,107,0.0,,,,,,,,,,
913,0.04823958451743238,0.0,74.0,0.0,0.0,0.0,0.0,0.0,0.0,0.0,0.6,0.0038053,8,108,0.0,,,,,,,,,,
914,0.0011693522974383086,73.0,74.0,0.9864864864864865,5.0,68.0,0.0684931506849315,0.9315068493150684,0.20136055393093225,0.0,0.6,0.0038053,8,109,0.0,,,,,,,,,,
915,0.0011671203537844121,73.0,74.0,0.9864864864864865,5.0,68.0,0.0684931506849315,0.9315068493150684,0.19560955785134476,0.0,0.6,0.0038053,8,110,0.0,,,,,,,,,,
916,0.0012433309748303145,73.0,74.0,0.9864864864864865,10.0,63.0,0.136986301369863,0.863013698630137,0.19640699105439346,0.0,0.6,0.0038053,8,111,0.0,,,,,,,,,,
917,0.0011407359997974709,68.0,74.0,0.918918918918919,4.0,64.0,0.058823529411764705,0.9411764705882353,0.19112633010231864,0.0,0.6,0.0038053,8,112,0.0,,,,,,,,,,
918,0.002126837120158598,26.0,74.0,0.35135135135135137,4.0,22.0,0.15384615384615385,0.8461538461538461,0.18818445611136156,0.0,0.6,0.0038053,8,113,0.0,,,,,,,,,,
919,0.0007728692871751264,74.0,74.0,1.0,6.0,68.0,0.08108108108108109,0.918918918918919,0.19852813757791893,0.0,0.6,0.0038053,8,114,0.0,,,,,,,,,,
920,0.0006484359386377037,74.0,74.0,1.0,6.0,68.0,0.08108108108108109,0.918918918918919,0.19912172965288777,0.0,0.6,0.0038053,8,115,0.0,,,,,,,,,,
920,,,,,,,,,,,,,8,,1.0,0.8799019607843137,0.7195254237605975,0.8774509803921569,0.7016518047222724,0.9986368593238822,0.008097274644482557,0.11873489853956853,0.9986368593238822,0.008029245238994127,0.12118587893172539
921,0.0008043837005971,74.0,74.0,1.0,1.0,73.0,0.013513513513513514,0.9864864864864865,0.20922078479802014,0.0,0.6,0.0038053,9,1,0.0,,,,,,,,,,
922,0.13287516187119763,0.0,74.0,0.0,0.0,0.0,0.0,0.0,0.0,0.0,0.6,0.0038053,9,2,0.0,,,,,,,,,,
923,0.0008591600344516337,74.0,74.0,1.0,2.0,72.0,0.02702702702702703,0.972972972972973,0.21078543528627475,0.0,0.6,0.0038053,9,3,0.0,,,,,,,,,,
924,0.0009088659717235714,73.0,74.0,0.9864864864864865,5.0,68.0,0.0684931506849315,0.9315068493150684,0.2061312731569861,0.0,0.6,0.0038053,9,4,0.0,,,,,,,,,,
925,0.0008906789153115824,74.0,74.0,1.0,1.0,73.0,0.013513513513513514,0.9864864864864865,0.19242919684799215,0.0,0.6,0.0038053,9,5,0.0,,,,,,,,,,
926,0.007671591090911534,0.0,74.0,0.0,0.0,0.0,0.0,0.0,0.0,0.0,0.6,0.0038053,9,6,0.0,,,,,,,,,,
927,0.0007955920154927298,74.0,74.0,1.0,8.0,66.0,0.10810810810810811,0.8918918918918919,0.20021863506405513,0.0,0.6,0.0038053,9,7,0.0,,,,,,,,,,
928,0.0006438576092477888,74.0,74.0,1.0,3.0,71.0,0.04054054054054054,0.9594594594594594,0.20840706106681467,0.0,0.6,0.0038053,9,8,0.0,,,,,,,,,,
929,0.0011569516937015578,42.0,74.0,0.5675675675675675,7.0,35.0,0.16666666666666666,0.8333333333333334,0.18698749495066164,0.0,0.6,0.0038053,9,9,0.0,,,,,,,,,,
930,0.0007112233288353309,74.0,74.0,1.0,10.0,64.0,0.13513513513513514,0.8648648648648649,0.20524114176260205,0.0,0.6,0.0038053,9,10,0.0,,,,,,,,,,
931,0.0006316680810414255,74.0,74.0,1.0,5.0,69.0,0.06756756756756757,0.9324324324324325,0.20791358213626507,0.0,0.6,0.0038053,9,11,0.0,,,,,,,,,,
932,0.0008855984269757755,74.0,74.0,1.0,10.0,64.0,0.13513513513513514,0.8648648648648649,0.18539889217591835,0.0,0.6,0.0038053,9,12,0.0,,,,,,,,,,
933,0.0006944021006347612,74.0,74.0,1.0,2.0,72.0,0.02702702702702703,0.972972972972973,0.21369515412246454,0.0,0.6,0.0038053,9,13,0.0,,,,,,,,,,
934,0.0007613310008309782,65.0,74.0,0.8783783783783784,6.0,59.0,0.09230769230769231,0.9076923076923077,0.1890791365234167,0.0,0.6,0.0038053,9,14,0.0,,,,,,,,,,
935,0.0007586028805235401,74.0,74.0,1.0,10.0,64.0,0.13513513513513514,0.8648648648648649,0.1912893191372356,0.0,0.6,0.0038053,9,15,0.0,,,,,,,,,,
936,0.0007202314591268077,74.0,74.0,1.0,4.0,70.0,0.05405405405405406,0.9459459459459459,0.20031265319370126,0.0,0.6,0.0038053,9,16,0.0,,,,,,,,,,
937,0.0006665576511295512,74.0,74.0,1.0,4.0,70.0,0.05405405405405406,0.9459459459459459,0.208299223245045,0.0,0.6,0.0038053,9,17,0.0,,,,,,,,,,
938,0.0007166790601331741,74.0,74.0,1.0,6.0,68.0,0.08108108108108109,0.918918918918919,0.1981224375127815,0.0,0.6,0.0038053,9,18,0.0,,,,,,,,,,
939,0.0006802360294386744,74.0,74.0,1.0,7.0,67.0,0.0945945945945946,0.9054054054054054,0.203605947128264,0.0,0.6,0.0038053,9,19,0.0,,,,,,,,,,
940,0.000860261294292286,74.0,74.0,1.0,17.0,57.0,0.22972972972972974,0.7702702702702703,0.1920139802581798,0.0,0.6,0.0038053,9,20,0.0,,,,,,,,,,
941,0.0006580736371688545,74.0,74.0,1.0,5.0,69.0,0.06756756756756757,0.9324324324324325,0.20085876298381827,0.0,0.6,0.0038053,9,21,0.0,,,,,,,,,,
942,0.0009134781721513718,38.0,74.0,0.5135135135135135,0.0,38.0,0.0,1.0,0.21099487959932248,0.0,0.6,0.0038053,9,22,0.0,,,,,,,,,,
943,0.0005700252440874465,74.0,74.0,1.0,1.0,73.0,0.013513513513513514,0.9864864864864865,0.20031911620667006,0.0,0.6,0.0038053,9,23,0.0,,,,,,,,,,
944,0.19540730416338192,2.0,74.0,0.02702702702702703,0.0,2.0,0.0,1.0,0.17553560803782262,0.0,0.6,0.0038053,9,24,0.0,,,,,,,,,,
945,0.0007199735700851306,74.0,74.0,1.0,5.0,69.0,0.06756756756756757,0.9324324324324325,0.19584045901094274,0.0,0.6,0.0038053,9,25,0.0,,,,,,,,,,
946,0.000551083059690427,74.0,74.0,1.0,1.0,73.0,0.013513513513513514,0.9864864864864865,0.2066846633571275,0.0,0.6,0.0038053,9,26,0.0,,,,,,,,,,
947,0.018260027878568508,0.0,74.0,0.0,0.0,0.0,0.0,0.0,0.0,0.0,0.6,0.0038053,9,27,0.0,,,,,,,,,,
948,0.0006397534016286954,74.0,74.0,1.0,2.0,72.0,0.02702702702702703,0.972972972972973,0.20314344526180356,0.0,0.6,0.0038053,9,28,0.0,,,,,,,,,,
949,0.0007674567168578506,74.0,74.0,1.0,2.0,72.0,0.02702702702702703,0.972972972972973,0.20748409864135925,0.0,0.6,0.0038053,9,29,0.0,,,,,,,,,,
950,0.00055279879597947,74.0,74.0,1.0,4.0,70.0,0.05405405405405406,0.9459459459459459,0.19441370390071888,0.0,0.6,0.0038053,9,30,0.0,,,,,,,,,,
951,0.0006705990381306037,74.0,74.0,1.0,2.0,72.0,0.02702702702702703,0.972972972972973,0.20750978156641037,0.0,0.6,0.0038053,9,31,0.0,,,,,,,,,,
952,0.0005786238034488633,74.0,74.0,1.0,4.0,70.0,0.05405405405405406,0.9459459459459459,0.2003395392573264,0.0,0.6,0.0038053,9,32,0.0,,,,,,,,,,
953,0.0007035201124381274,74.0,74.0,1.0,6.0,68.0,0.08108108108108109,0.918918918918919,0.1939334300876313,0.0,0.6,0.0038053,9,33,0.0,,,,,,,,,,
954,0.0008224617558880709,74.0,74.0,1.0,6.0,68.0,0.08108108108108109,0.918918918918919,0.19216084461469887,0.0,0.6,0.0038053,9,34,0.0,,,,,,,,,,
955,0.001093629194656387,40.0,74.0,0.5405405405405406,3.0,37.0,0.075,0.925,0.20605849056590264,0.0,0.6,0.0038053,9,35,0.0,,,,,,,,,,
956,0.0005841219681315124,74.0,74.0,1.0,11.0,63.0,0.14864864864864866,0.8513513513513513,0.19572075046236442,0.0,0.6,0.0038053,9,36,0.0,,,,,,,,,,
957,0.0007828062371117994,74.0,74.0,1.0,1.0,73.0,0.013513513513513514,0.9864864864864865,0.20546165439719283,0.0,0.6,0.0038053,9,37,0.0,,,,,,,,,,
958,0.0012314657215029001,26.0,74.0,0.35135135135135137,0.0,26.0,0.0,1.0,0.21253671665795398,0.0,0.6,0.0038053,9,38,0.0,,,,,,,,,,
959,0.000526530398929026,74.0,74.0,1.0,0.0,74.0,0.0,1.0,0.21185476110508167,0.0,0.6,0.0038053,9,39,0.0,,,,,,,,,,
960,0.000824633811134845,66.0,74.0,0.8918918918918919,7.0,59.0,0.10606060606060606,0.8939393939393939,0.19623108307654033,0.0,0.6,0.0038053,9,40,0.0,,,,,,,,,,
961,0.001049953032634221,30.0,74.0,0.40540540540540543,0.0,30.0,0.0,1.0,0.21701592824573782,0.0,0.6,0.0038053,9,41,0.0,,,,,,,,,,
962,0.0009941086027538404,38.0,74.0,0.5135135135135135,0.0,38.0,0.0,1.0,0.21192783868428203,0.0,0.6,0.0038053,9,42,0.0,,,,,,,,,,
963,0.19541631515312474,1.0,74.0,0.013513513513513514,1.0,0.0,1.0,0.0,0.1708491435173051,0.0,0.6,0.0038053,9,43,0.0,,,,,,,,,,
964,0.0023836884065531194,15.0,74.0,0.20270270270270271,0.0,15.0,0.0,1.0,0.20645356796199218,0.0,0.6,0.0038053,9,44,0.0,,,,,,,,,,
965,0.0005995061728754081,74.0,74.0,1.0,8.0,66.0,0.10810810810810811,0.8918918918918919,0.19236798866649882,0.0,0.6,0.0038053,9,45,0.0,,,,,,,,,,
966,0.0006243183961487375,74.0,74.0,1.0,10.0,64.0,0.13513513513513514,0.8648648648648649,0.19384371639260586,0.0,0.6,0.0038053,9,46,0.0,,,,,,,,,,
967,0.0005702478374587372,74.0,74.0,1.0,9.0,65.0,0.12162162162162163,0.8783783783783784,0.1913662700322094,0.0,0.6,0.0038053,9,47,0.0,,,,,,,,,,
968,0.0007824670756235719,74.0,74.0,1.0,3.0,71.0,0.04054054054054054,0.9594594594594594,0.19690439827427222,0.0,0.6,0.0038053,9,48,0.0,,,,,,,,,,
969,0.0012930743105243891,70.0,74.0,0.9459459459459459,10.0,60.0,0.14285714285714285,0.8571428571428571,0.18823895921861203,0.0,0.6,0.0038053,9,49,0.0,,,,,,,,,,
970,0.0007411144761135802,74.0,74.0,1.0,15.0,59.0,0.20270270270270271,0.7972972972972973,0.18942285876045817,0.0,0.6,0.0038053,9,50,0.0,,,,,,,,,,
971,0.0005743439251091331,74.0,74.0,1.0,1.0,73.0,0.013513513513513514,0.9864864864864865,0.2095980411728659,0.0,0.6,0.0038053,9,51,0.0,,,,,,,,,,
972,0.17319515145209152,0.0,74.0,0.0,0.0,0.0,0.0,0.0,0.0,0.0,0.6,0.0038053,9,52,0.0,,,,,,,,,,
973,0.0008713634742889553,73.0,74.0,0.9864864864864865,6.0,67.0,0.0821917808219178,0.9178082191780822,0.20245144059303746,0.0,0.6,0.0038053,9,53,0.0,,,,,,,,,,
974,0.0008198415889637545,74.0,74.0,1.0,5.0,69.0,0.06756756756756757,0.9324324324324325,0.1925661594560513,0.0,0.6,0.0038053,9,54,0.0,,,,,,,,,,
975,0.000842294524773024,74.0,74.0,1.0,5.0,69.0,0.06756756756756757,0.9324324324324325,0.19380868993726252,0.0,0.6,0.0038053,9,55,0.0,,,,,,,,,,
976,0.0009133974381256849,73.0,74.0,0.9864864864864865,2.0,71.0,0.0273972602739726,0.9726027397260274,0.2041534765724369,0.0,0.6,0.0038053,9,56,0.0,,,,,,,,,,
977,0.0012370870681479573,73.0,74.0,0.9864864864864865,11.0,62.0,0.1506849315068493,0.8493150684931506,0.18999416750074047,0.0,0.6,0.0038053,9,57,0.0,,,,,,,,,,
978,0.0010506194230401888,63.0,74.0,0.8513513513513513,9.0,54.0,0.14285714285714285,0.8571428571428571,0.18687887750183052,0.0,0.6,0.0038053,9,58,0.0,,,,,,,,,,
979,0.0006916286656633019,63.0,74.0,0.8513513513513513,7.0,56.0,0.1111111111111111,0.8888888888888888,0.19506119225087493,0.0,0.6,0.0038053,9,59,0.0,,,,,,,,,,
980,0.0009273582545574754,73.0,74.0,0.9864864864864865,5.0,68.0,0.0684931506849315,0.9315068493150684,0.19823551901957723,0.0,0.6,0.0038053,9,60,0.0,,,,,,,,,,
981,0.0007322519522858784,74.0,74.0,1.0,1.0,73.0,0.013513513513513514,0.9864864864864865,0.20354951432301902,0.0,0.6,0.0038053,9,61,0.0,,,,,,,,,,
982,0.000661681689962279,74.0,74.0,1.0,2.0,72.0,0.02702702702702703,0.972972972972973,0.20856186561411388,0.0,0.6,0.0038053,9,62,0.0,,,,,,,,,,
983,0.0008180435397662222,74.0,74.0,1.0,5.0,69.0,0.06756756756756757,0.9324324324324325,0.1921769401827825,0.0,0.6,0.0038053,9,63,0.0,,,,,,,,,,
984,0.0011587073604459874,72.0,74.0,0.972972972972973,1.0,71.0,0.013888888888888888,0.9861111111111112,0.1983466478093704,0.0,0.6,0.0038053,9,64,0.0,,,,,,,,,,
985,0.0007909751002443954,73.0,74.0,0.9864864864864865,2.0,71.0,0.0273972602739726,0.9726027397260274,0.2113026278711626,0.0,0.6,0.0038053,9,65,0.0,,,,,,,,,,
986,0.18979285888781305,0.0,74.0,0.0,0.0,0.0,0.0,0.0,0.0,0.0,0.6,0.0038053,9,66,0.0,,,,,,,,,,
987,0.0007732202102488372,74.0,74.0,1.0,7.0,67.0,0.0945945945945946,0.9054054054054054,0.18665503039042441,0.0,0.6,0.0038053,9,67,0.0,,,,,,,,,,
988,0.0006269391451496631,74.0,74.0,1.0,4.0,70.0,0.05405405405405406,0.9459459459459459,0.19099597327164375,0.0,0.6,0.0038053,9,68,0.0,,,,,,,,,,
989,0.000989431660855189,44.0,74.0,0.5945945945945946,3.0,41.0,0.06818181818181818,0.9318181818181818,0.19226576497981893,0.0,0.6,0.0038053,9,69,0.0,,,,,,,,,,
990,0.0006519437301903963,74.0,74.0,1.0,5.0,69.0,0.06756756756756757,0.9324324324324325,0.19726069391661047,0.0,0.6,0.0038053,9,70,0.0,,,,,,,,,,
991,0.0009252584859495983,73.0,74.0,0.9864864864864865,5.0,68.0,0.0684931506849315,0.9315068493150684,0.20034778970395342,0.0,0.6,0.0038053,9,71,0.0,,,,,,,,,,
992,0.0007689343328820542,74.0,74.0,1.0,1.0,73.0,0.013513513513513514,0.9864864864864865,0.2136464576912075,0.0,0.6,0.0038053,9,72,0.0,,,,,,,,,,
993,0.0007239362603286281,74.0,74.0,1.0,4.0,70.0,0.05405405405405406,0.9459459459459459,0.2030026841769313,0.0,0.6,0.0038053,9,73,0.0,,,,,,,,,,
994,0.0006276081112446263,74.0,74.0,1.0,10.0,64.0,0.13513513513513514,0.8648648648648649,0.1950310093273809,0.0,0.6,0.0038053,9,74,0.0,,,,,,,,,,
995,0.0006830558413639665,74.0,74.0,1.0,1.0,73.0,0.013513513513513514,0.9864864864864865,0.20618861770977698,0.0,0.6,0.0038053,9,75,0.0,,,,,,,,,,
996,0.00071993529854808,74.0,74.0,1.0,2.0,72.0,0.02702702702702703,0.972972972972973,0.20630132269452153,0.0,0.6,0.0038053,9,76,0.0,,,,,,,,,,
997,0.006518851383589208,0.0,74.0,0.0,0.0,0.0,0.0,0.0,0.0,0.0,0.6,0.0038053,9,77,0.0,,,,,,,,,,
998,0.0007839112222427502,73.0,74.0,0.9864864864864865,3.0,70.0,0.0410958904109589,0.958904109589041,0.2113369624382385,0.0,0.6,0.0038053,9,78,0.0,,,,,,,,,,
999,0.000844234149553813,70.0,74.0,0.9459459459459459,8.0,62.0,0.11428571428571428,0.8857142857142857,0.19278662745003847,0.0,0.6,0.0038053,9,79,0.0,,,,,,,,,,
1000,0.27551061926351395,2.0,74.0,0.02702702702702703,0.0,2.0,0.0,1.0,0.19339440833760246,0.0,0.6,0.0038053,9,80,0.0,,,,,,,,,,
1001,0.002298377614351921,12.0,74.0,0.16216216216216217,0.0,12.0,0.0,1.0,0.2007176756351168,0.0,0.6,0.0038053,9,81,0.0,,,,,,,,,,
1002,0.0007640899202669971,74.0,74.0,1.0,4.0,70.0,0.05405405405405406,0.9459459459459459,0.19758376475533632,0.0,0.6,0.0038053,9,82,0.0,,,,,,,,,,
1003,0.0007915910828160122,74.0,74.0,1.0,2.0,72.0,0.02702702702702703,0.972972972972973,0.20550304595048352,0.0,0.6,0.0038053,9,83,0.0,,,,,,,,,,
1004,0.00048047120799310505,74.0,74.0,1.0,1.0,73.0,0.013513513513513514,0.9864864864864865,0.20698551915197816,0.0,0.6,0.0038053,9,84,0.0,,,,,,,,,,
1005,0.0006610011550947092,74.0,74.0,1.0,0.0,74.0,0.0,1.0,0.2020906924478958,0.0,0.6,0.0038053,9,85,0.0,,,,,,,,,,
1006,0.0005348308040993288,74.0,74.0,1.0,0.0,74.0,0.0,1.0,0.21816648266849673,0.0,0.6,0.0038053,9,86,0.0,,,,,,,,,,
1007,0.0006315232021734118,74.0,74.0,1.0,0.0,74.0,0.0,1.0,0.20451244481936598,0.0,0.6,0.0038053,9,87,0.0,,,,,,,,,,
1008,0.000686337320075836,74.0,74.0,1.0,2.0,72.0,0.02702702702702703,0.972972972972973,0.19136824557270243,0.0,0.6,0.0038053,9,88,0.0,,,,,,,,,,
1009,0.001793147122953087,3.0,74.0,0.04054054054054054,0.0,3.0,0.0,1.0,0.21407774457872497,0.0,0.6,0.0038053,9,89,0.0,,,,,,,,,,
1010,0.0007034296868368983,74.0,74.0,1.0,3.0,71.0,0.04054054054054054,0.9594594594594594,0.20520591083501,0.0,0.6,0.0038053,9,90,0.0,,,,,,,,,,
1011,0.0006410558635252528,74.0,74.0,1.0,13.0,61.0,0.17567567567567569,0.8243243243243243,0.1889089928411018,0.0,0.6,0.0038053,9,91,0.0,,,,,,,,,,
1012,0.0006132204143796116,74.0,74.0,1.0,1.0,73.0,0.013513513513513514,0.9864864864864865,0.20738897508806572,0.0,0.6,0.0038053,9,92,0.0,,,,,,,,,,
1013,0.15206320010474883,0.0,74.0,0.0,0.0,0.0,0.0,0.0,0.0,0.0,0.6,0.0038053,9,93,0.0,,,,,,,,,,
1014,0.0006214326785993762,74.0,74.0,1.0,9.0,65.0,0.12162162162162163,0.8783783783783784,0.19117069551109142,0.0,0.6,0.0038053,9,94,0.0,,,,,,,,,,
1015,0.0009162434143945575,58.0,74.0,0.7837837837837838,1.0,57.0,0.017241379310344827,0.9827586206896551,0.20346758290903505,0.0,0.6,0.0038053,9,95,0.0,,,,,,,,,,
1016,0.0005828194116475061,74.0,74.0,1.0,5.0,69.0,0.06756756756756757,0.9324324324324325,0.20555800847517444,0.0,0.6,0.0038053,9,96,0.0,,,,,,,,,,
1017,0.0005994493549223989,74.0,74.0,1.0,3.0,71.0,0.04054054054054054,0.9594594594594594,0.20187549720174203,0.0,0.6,0.0038053,9,97,0.0,,,,,,,,,,
1018,0.0007325123951886781,74.0,74.0,1.0,4.0,70.0,0.05405405405405406,0.9459459459459459,0.2012597191584699,0.0,0.6,0.0038053,9,98,0.0,,,,,,,,,,
1019,0.0007986882046679966,65.0,74.0,0.8783783783783784,1.0,64.0,0.015384615384615385,0.9846153846153847,0.20189358888326067,0.0,0.6,0.0038053,9,99,0.0,,,,,,,,,,
1020,0.000754217486246489,74.0,74.0,1.0,1.0,73.0,0.013513513513513514,0.9864864864864865,0.20927498458769428,0.0,0.6,0.0038053,9,100,0.0,,,,,,,,,,
1021,0.0006866778276162222,74.0,74.0,1.0,2.0,72.0,0.02702702702702703,0.972972972972973,0.20884432094391753,0.0,0.6,0.0038053,9,101,0.0,,,,,,,,,,
1022,0.0006002487352816388,74.0,74.0,1.0,3.0,71.0,0.04054054054054054,0.9594594594594594,0.20363415910587962,0.0,0.6,0.0038053,9,102,0.0,,,,,,,,,,
1023,0.0005525105370907113,74.0,74.0,1.0,12.0,62.0,0.16216216216216217,0.8378378378378378,0.20557972968962565,0.0,0.6,0.0038053,9,103,0.0,,,,,,,,,,
1024,0.10204480135871563,0.0,74.0,0.0,0.0,0.0,0.0,0.0,0.0,0.0,0.6,0.0038053,9,104,0.0,,,,,,,,,,
1025,0.0004655797965824604,74.0,74.0,1.0,1.0,73.0,0.013513513513513514,0.9864864864864865,0.21612810643974706,0.0,0.6,0.0038053,9,105,0.0,,,,,,,,,,
1026,0.006163434009067714,1.0,74.0,0.013513513513513514,0.0,1.0,0.0,1.0,0.23392095256888748,0.0,0.6,0.0038053,9,106,0.0,,,,,,,,,,
1027,0.0007574236806249246,74.0,74.0,1.0,7.0,67.0,0.0945945945945946,0.9054054054054054,0.1941170945666723,0.0,0.6,0.0038053,9,107,0.0,,,,,,,,,,
1028,0.07142982669756748,0.0,74.0,0.0,0.0,0.0,0.0,0.0,0.0,0.0,0.6,0.0038053,9,108,0.0,,,,,,,,,,
1029,0.0005409748118836433,74.0,74.0,1.0,2.0,72.0,0.02702702702702703,0.972972972972973,0.20750802169690843,0.0,0.6,0.0038053,9,109,0.0,,,,,,,,,,
1030,0.0008913484198274091,74.0,74.0,1.0,5.0,69.0,0.06756756756756757,0.9324324324324325,0.19411977851128695,0.0,0.6,0.0038053,9,110,0.0,,,,,,,,,,
1031,0.000672538997605443,74.0,74.0,1.0,0.0,74.0,0.0,1.0,0.20051817015882759,0.0,0.6,0.0038053,9,111,0.0,,,,,,,,,,
1032,0.07381970302230911,0.0,74.0,0.0,0.0,0.0,0.0,0.0,0.0,0.0,0.6,0.0038053,9,112,0.0,,,,,,,,,,
1033,0.0004774145927513018,74.0,74.0,1.0,0.0,74.0,0.0,1.0,0.20758204113484227,0.0,0.6,0.0038053,9,113,0.0,,,,,,,,,,
1034,0.0004923389496980235,74.0,74.0,1.0,3.0,71.0,0.04054054054054054,0.9594594594594594,0.2163009436598738,0.0,0.6,0.0038053,9,114,0.0,,,,,,,,,,
1035,0.017641757341334597,0.0,74.0,0.0,0.0,0.0,0.0,0.0,0.0,0.0,0.6,0.0038053,9,115,0.0,,,,,,,,,,
1035,,,,,,,,,,,,,9,,1.0,0.875,0.7260566835220044,0.875,0.7075693229070077,0.9989094874591058,0.0052089187421623375,0.1239094874591058,0.9989094874591058,0.005209829344581206,0.1239094874591058
1036,0.0005237138248048723,74.0,74.0,1.0,6.0,68.0,0.08108108108108109,0.918918918918919,0.20915579573489776,0.0,0.6,0.0038053,10,1,0.0,,,,,,,,,,
1037,0.032983990575303324,0.0,74.0,0.0,0.0,0.0,0.0,0.0,0.0,0.0,0.6,0.0038053,10,2,0.0,,,,,,,,,,
1038,0.0006335537545965053,74.0,74.0,1.0,5.0,69.0,0.06756756756756757,0.9324324324324325,0.20118517488279564,0.0,0.6,0.0038053,10,3,0.0,,,,,,,,,,
1039,0.0005660614260705188,74.0,74.0,1.0,4.0,70.0,0.05405405405405406,0.9459459459459459,0.2046739918636613,0.0,0.6,0.0038053,10,4,0.0,,,,,,,,,,
1040,0.0005857864744029939,74.0,74.0,1.0,4.0,70.0,0.05405405405405406,0.9459459459459459,0.20686165015175365,0.0,0.6,0.0038053,10,5,0.0,,,,,,,,,,
1041,0.0005602495511993766,74.0,74.0,1.0,9.0,65.0,0.12162162162162163,0.8783783783783784,0.19106062417349637,0.0,0.6,0.0038053,10,6,0.0,,,,,,,,,,
1042,0.0005644587072310969,74.0,74.0,1.0,0.0,74.0,0.0,1.0,0.21083630105383924,0.0,0.6,0.0038053,10,7,0.0,,,,,,,,,,
1043,0.013534791476558894,0.0,74.0,0.0,0.0,0.0,0.0,0.0,0.0,0.0,0.6,0.0038053,10,8,0.0,,,,,,,,,,
1044,0.0004951724695274606,74.0,74.0,1.0,4.0,70.0,0.05405405405405406,0.9459459459459459,0.2045701193134966,0.0,0.6,0.0038053,10,9,0.0,,,,,,,,,,
1045,0.0010119437793036923,47.0,74.0,0.6351351351351351,2.0,45.0,0.0425531914893617,0.9574468085106383,0.19633565777393414,0.0,0.6,0.0038053,10,10,0.0,,,,,,,,,,
1046,0.0011734778963727877,29.0,74.0,0.3918918918918919,2.0,27.0,0.06896551724137931,0.9310344827586207,0.19687252717961487,0.0,0.6,0.0038053,10,11,0.0,,,,,,,,,,
1047,0.00041555039933882654,74.0,74.0,1.0,1.0,73.0,0.013513513513513514,0.9864864864864865,0.20489550679586413,0.0,0.6,0.0038053,10,12,0.0,,,,,,,,,,
1048,0.0007274974195752293,50.0,74.0,0.6756756756756757,2.0,48.0,0.04,0.96,0.20861586365820287,0.0,0.6,0.0038053,10,13,0.0,,,,,,,,,,
1049,0.0005546373868128285,74.0,74.0,1.0,12.0,62.0,0.16216216216216217,0.8378378378378378,0.2010311428162848,0.0,0.6,0.0038053,10,14,0.0,,,,,,,,,,
1050,0.000389660221117083,74.0,74.0,1.0,3.0,71.0,0.04054054054054054,0.9594594594594594,0.20173214495521585,0.0,0.6,0.0038053,10,15,0.0,,,,,,,,,,
1051,0.000567733048228547,74.0,74.0,1.0,3.0,71.0,0.04054054054054054,0.9594594594594594,0.19732545345877997,0.0,0.6,0.0038053,10,16,0.0,,,,,,,,,,
1052,0.0006406783504644409,74.0,74.0,1.0,4.0,70.0,0.05405405405405406,0.9459459459459459,0.20283076533286173,0.0,0.6,0.0038053,10,17,0.0,,,,,,,,,,
1053,0.0005109411140438169,74.0,74.0,1.0,4.0,70.0,0.05405405405405406,0.9459459459459459,0.19903732447046643,0.0,0.6,0.0038053,10,18,0.0,,,,,,,,,,
1054,0.0009072796310647391,41.0,74.0,0.5540540540540541,1.0,40.0,0.024390243902439025,0.975609756097561,0.20183361112623266,0.0,0.6,0.0038053,10,19,0.0,,,,,,,,,,
1055,0.0004645080480258912,74.0,74.0,1.0,1.0,73.0,0.013513513513513514,0.9864864864864865,0.20253656745053655,0.0,0.6,0.0038053,10,20,0.0,,,,,,,,,,
1056,0.0006869547214591876,62.0,74.0,0.8378378378378378,4.0,58.0,0.06451612903225806,0.9354838709677419,0.19660733132172342,0.0,0.6,0.0038053,10,21,0.0,,,,,,,,,,
1057,0.0005088827092549764,74.0,74.0,1.0,5.0,69.0,0.06756756756756757,0.9324324324324325,0.19597601781638663,0.0,0.6,0.0038053,10,22,0.0,,,,,,,,,,
1058,0.0005603146855719388,74.0,74.0,1.0,1.0,73.0,0.013513513513513514,0.9864864864864865,0.21868198511108017,0.0,0.6,0.0038053,10,23,0.0,,,,,,,,,,
1059,0.000718591058102902,51.0,74.0,0.6891891891891891,4.0,47.0,0.0784313725490196,0.9215686274509803,0.19062489697036597,0.0,0.6,0.0038053,10,24,0.0,,,,,,,,,,
1060,0.0005938872927799821,69.0,74.0,0.9324324324324325,4.0,65.0,0.057971014492753624,0.9420289855072463,0.1941224043512803,0.0,0.6,0.0038053,10,25,0.0,,,,,,,,,,
1061,0.0005459287640405819,74.0,74.0,1.0,6.0,68.0,0.08108108108108109,0.918918918918919,0.20660147068268309,0.0,0.6,0.0038053,10,26,0.0,,,,,,,,,,
1062,0.00048533953668083996,74.0,74.0,1.0,3.0,71.0,0.04054054054054054,0.9594594594594594,0.20434150762286263,0.0,0.6,0.0038053,10,27,0.0,,,,,,,,,,
1063,0.0004313941244618036,74.0,74.0,1.0,7.0,67.0,0.0945945945945946,0.9054054054054054,0.20056589598928248,0.0,0.6,0.0038053,10,28,0.0,,,,,,,,,,
1064,0.0004763481774716638,74.0,74.0,1.0,2.0,72.0,0.02702702702702703,0.972972972972973,0.2224857358936331,0.0,0.6,0.0038053,10,29,0.0,,,,,,,,,,
1065,0.0004625165165634826,74.0,74.0,1.0,5.0,69.0,0.06756756756756757,0.9324324324324325,0.21394530103163167,0.0,0.6,0.0038053,10,30,0.0,,,,,,,,,,
1066,0.0006974907300900668,74.0,74.0,1.0,5.0,69.0,0.06756756756756757,0.9324324324324325,0.20339438664898918,0.0,0.6,0.0038053,10,31,0.0,,,,,,,,,,
1067,0.0005405294505180791,74.0,74.0,1.0,0.0,74.0,0.0,1.0,0.2180781851973099,0.0,0.6,0.0038053,10,32,0.0,,,,,,,,,,
1068,0.0004884674126515165,74.0,74.0,1.0,11.0,63.0,0.14864864864864866,0.8513513513513513,0.19923583493162061,0.0,0.6,0.0038053,10,33,0.0,,,,,,,,,,
1069,0.0006145132501842454,74.0,74.0,1.0,2.0,72.0,0.02702702702702703,0.972972972972973,0.20394440311982515,0.0,0.6,0.0038053,10,34,0.0,,,,,,,,,,
1070,0.17198387442476815,0.0,74.0,0.0,0.0,0.0,0.0,0.0,0.0,0.0,0.6,0.0038053,10,35,0.0,,,,,,,,,,
1071,0.00042508862679824233,74.0,74.0,1.0,2.0,72.0,0.02702702702702703,0.972972972972973,0.19450923948442977,0.0,0.6,0.0038053,10,36,0.0,,,,,,,,,,
1072,0.0004916554462397471,74.0,74.0,1.0,2.0,72.0,0.02702702702702703,0.972972972972973,0.19377526548897467,0.0,0.6,0.0038053,10,37,0.0,,,,,,,,,,
1073,0.0005658805239363573,74.0,74.0,1.0,9.0,65.0,0.12162162162162163,0.8783783783783784,0.19965441530962866,0.0,0.6,0.0038053,10,38,0.0,,,,,,,,,,
1074,0.00046113409189274535,74.0,74.0,1.0,0.0,74.0,0.0,1.0,0.20208358825321485,0.0,0.6,0.0038053,10,39,0.0,,,,,,,,,,
1075,0.0005353852393454872,74.0,74.0,1.0,3.0,71.0,0.04054054054054054,0.9594594594594594,0.21824032016933267,0.0,0.6,0.0038053,10,40,0.0,,,,,,,,,,
1076,0.0005507250752998516,74.0,74.0,1.0,3.0,71.0,0.04054054054054054,0.9594594594594594,0.19807882586576028,0.0,0.6,0.0038053,10,41,0.0,,,,,,,,,,
1077,0.010981413317495026,0.0,74.0,0.0,0.0,0.0,0.0,0.0,0.0,0.0,0.6,0.0038053,10,42,0.0,,,,,,,,,,
1078,0.0004771136009367183,74.0,74.0,1.0,4.0,70.0,0.05405405405405406,0.9459459459459459,0.193925295232714,0.0,0.6,0.0038053,10,43,0.0,,,,,,,,,,
1079,0.19062239358754596,0.0,74.0,0.0,0.0,0.0,0.0,0.0,0.0,0.0,0.6,0.0038053,10,44,0.0,,,,,,,,,,
1080,0.0004778457077918574,74.0,74.0,1.0,0.0,74.0,0.0,1.0,0.19266803789382833,0.0,0.6,0.0038053,10,45,0.0,,,,,,,,,,
1081,0.00060380559443729,74.0,74.0,1.0,4.0,70.0,0.05405405405405406,0.9459459459459459,0.19492403190885063,0.0,0.6,0.0038053,10,46,0.0,,,,,,,,,,
1082,0.0005853781985933892,74.0,74.0,1.0,8.0,66.0,0.10810810810810811,0.8918918918918919,0.20051673321127336,0.0,0.6,0.0038053,10,47,0.0,,,,,,,,,,
1083,0.0004877907849731855,74.0,74.0,1.0,2.0,72.0,0.02702702702702703,0.972972972972973,0.2037492279664263,0.0,0.6,0.0038053,10,48,0.0,,,,,,,,,,
1084,0.0006083311745896935,74.0,74.0,1.0,9.0,65.0,0.12162162162162163,0.8783783783783784,0.19535282843734217,0.0,0.6,0.0038053,10,49,0.0,,,,,,,,,,
1085,0.00055277744831983,74.0,74.0,1.0,3.0,71.0,0.04054054054054054,0.9594594594594594,0.2112662169047788,0.0,0.6,0.0038053,10,50,0.0,,,,,,,,,,
1086,0.0004933369200443849,74.0,74.0,1.0,5.0,69.0,0.06756756756756757,0.9324324324324325,0.1932874205963436,0.0,0.6,0.0038053,10,51,0.0,,,,,,,,,,
1087,0.001789677276974544,6.0,74.0,0.08108108108108109,1.0,5.0,0.16666666666666666,0.8333333333333334,0.20823209315239474,0.0,0.6,0.0038053,10,52,0.0,,,,,,,,,,
1088,0.0005604559264611453,74.0,74.0,1.0,0.0,74.0,0.0,1.0,0.21359444522694113,0.0,0.6,0.0038053,10,53,0.0,,,,,,,,,,
1089,0.000485620359540917,74.0,74.0,1.0,1.0,73.0,0.013513513513513514,0.9864864864864865,0.20933637804719973,0.0,0.6,0.0038053,10,54,0.0,,,,,,,,,,
1090,0.0005981476715533063,74.0,74.0,1.0,13.0,61.0,0.17567567567567569,0.8243243243243243,0.1915715041317598,0.0,0.6,0.0038053,10,55,0.0,,,,,,,,,,
1091,0.0006496348432847299,74.0,74.0,1.0,1.0,73.0,0.013513513513513514,0.9864864864864865,0.20393585536244657,0.0,0.6,0.0038053,10,56,0.0,,,,,,,,,,
1092,0.0005844695551786572,74.0,74.0,1.0,1.0,73.0,0.013513513513513514,0.9864864864864865,0.2105293498842628,0.0,0.6,0.0038053,10,57,0.0,,,,,,,,,,
1093,0.21590156518504955,0.0,74.0,0.0,0.0,0.0,0.0,0.0,0.0,0.0,0.6,0.0038053,10,58,0.0,,,,,,,,,,
1094,0.000712367138476111,64.0,74.0,0.8648648648648649,5.0,59.0,0.078125,0.921875,0.20027331613299437,0.0,0.6,0.0038053,10,59,0.0,,,,,,,,,,
1095,0.00050765072228387,74.0,74.0,1.0,15.0,59.0,0.20270270270270271,0.7972972972972973,0.19159506740143675,0.0,0.6,0.0038053,10,60,0.0,,,,,,,,,,
1096,0.26025597353145713,0.0,74.0,0.0,0.0,0.0,0.0,0.0,0.0,0.0,0.6,0.0038053,10,61,0.0,,,,,,,,,,
1097,0.0004802046169061214,74.0,74.0,1.0,3.0,71.0,0.04054054054054054,0.9594594594594594,0.20102474038054802,0.0,0.6,0.0038053,10,62,0.0,,,,,,,,,,
1098,0.0007252170689753257,63.0,74.0,0.8513513513513513,7.0,56.0,0.1111111111111111,0.8888888888888888,0.18875767428197168,0.0,0.6,0.0038053,10,63,0.0,,,,,,,,,,
1099,0.0006091505929362029,74.0,74.0,1.0,1.0,73.0,0.013513513513513514,0.9864864864864865,0.21036793501766798,0.0,0.6,0.0038053,10,64,0.0,,,,,,,,,,
1100,0.0005378330533858389,74.0,74.0,1.0,4.0,70.0,0.05405405405405406,0.9459459459459459,0.20367069917798608,0.0,0.6,0.0038053,10,65,0.0,,,,,,,,,,
1101,0.0005040349860792048,74.0,74.0,1.0,9.0,65.0,0.12162162162162163,0.8783783783783784,0.19229591055033762,0.0,0.6,0.0038053,10,66,0.0,,,,,,,,,,
1102,0.03284747817815514,0.0,74.0,0.0,0.0,0.0,0.0,0.0,0.0,0.0,0.6,0.0038053,10,67,0.0,,,,,,,,,,
1103,0.000520706147653982,74.0,74.0,1.0,5.0,69.0,0.06756756756756757,0.9324324324324325,0.20059662063121309,0.0,0.6,0.0038053,10,68,0.0,,,,,,,,,,
1104,0.0004262016009306535,74.0,74.0,1.0,1.0,73.0,0.013513513513513514,0.9864864864864865,0.20174772669377108,0.0,0.6,0.0038053,10,69,0.0,,,,,,,,,,
1105,0.0007360309828072786,74.0,74.0,1.0,10.0,64.0,0.13513513513513514,0.8648648648648649,0.19548016624192882,0.0,0.6,0.0038053,10,70,0.0,,,,,,,,,,
1106,0.0006810402264818549,74.0,74.0,1.0,5.0,69.0,0.06756756756756757,0.9324324324324325,0.19148574224864764,0.0,0.6,0.0038053,10,71,0.0,,,,,,,,,,
1107,0.00045677373418584466,74.0,74.0,1.0,6.0,68.0,0.08108108108108109,0.918918918918919,0.19766689390561473,0.0,0.6,0.0038053,10,72,0.0,,,,,,,,,,
1108,0.0006958841549931094,74.0,74.0,1.0,1.0,73.0,0.013513513513513514,0.9864864864864865,0.20989277660668365,0.0,0.6,0.0038053,10,73,0.0,,,,,,,,,,
1109,0.0006875691469758749,74.0,74.0,1.0,3.0,71.0,0.04054054054054054,0.9594594594594594,0.19757564786479884,0.0,0.6,0.0038053,10,74,0.0,,,,,,,,,,
1110,0.0004214946602587588,74.0,74.0,1.0,1.0,73.0,0.013513513513513514,0.9864864864864865,0.21379854935592452,0.0,0.6,0.0038053,10,75,0.0,,,,,,,,,,
1111,0.0006882365778437816,74.0,74.0,1.0,2.0,72.0,0.02702702702702703,0.972972972972973,0.2080946728573111,0.0,0.6,0.0038053,10,76,0.0,,,,,,,,,,
1112,0.0005966871394775808,74.0,74.0,1.0,1.0,73.0,0.013513513513513514,0.9864864864864865,0.2131957826044304,0.0,0.6,0.0038053,10,77,0.0,,,,,,,,,,
1113,0.000583430242841132,74.0,74.0,1.0,1.0,73.0,0.013513513513513514,0.9864864864864865,0.2138713000520677,0.0,0.6,0.0038053,10,78,0.0,,,,,,,,,,
1114,0.0006283375842031091,74.0,74.0,1.0,0.0,74.0,0.0,1.0,0.21872761599792812,0.0,0.6,0.0038053,10,79,0.0,,,,,,,,,,
1115,0.0004644581858883612,74.0,74.0,1.0,1.0,73.0,0.013513513513513514,0.9864864864864865,0.21528496487980517,0.0,0.6,0.0038053,10,80,0.0,,,,,,,,,,
1116,0.0005944981821812689,74.0,74.0,1.0,1.0,73.0,0.013513513513513514,0.9864864864864865,0.21796511688161746,0.0,0.6,0.0038053,10,81,0.0,,,,,,,,,,
1117,0.00047340046148747206,74.0,74.0,1.0,8.0,66.0,0.10810810810810811,0.8918918918918919,0.19234280117576455,0.0,0.6,0.0038053,10,82,0.0,,,,,,,,,,
1118,0.0007402938135783188,73.0,74.0,0.9864864864864865,3.0,70.0,0.0410958904109589,0.958904109589041,0.20275761721633764,0.0,0.6,0.0038053,10,83,0.0,,,,,,,,,,
1119,0.0004860769913648255,74.0,74.0,1.0,7.0,67.0,0.0945945945945946,0.9054054054054054,0.2068867924599144,0.0,0.6,0.0038053,10,84,0.0,,,,,,,,,,
1120,0.06119682859571185,0.0,74.0,0.0,0.0,0.0,0.0,0.0,0.0,0.0,0.6,0.0038053,10,85,0.0,,,,,,,,,,
1121,0.0005641072493745014,74.0,74.0,1.0,1.0,73.0,0.013513513513513514,0.9864864864864865,0.21054135986321532,0.0,0.6,0.0038053,10,86,0.0,,,,,,,,,,
1122,0.03260608029086143,0.0,74.0,0.0,0.0,0.0,0.0,0.0,0.0,0.0,0.6,0.0038053,10,87,0.0,,,,,,,,,,
1123,0.0005334648085408844,74.0,74.0,1.0,4.0,70.0,0.05405405405405406,0.9459459459459459,0.2039393415448211,0.0,0.6,0.0038053,10,88,0.0,,,,,,,,,,
1124,0.10345972105278634,0.0,74.0,0.0,0.0,0.0,0.0,0.0,0.0,0.0,0.6,0.0038053,10,89,0.0,,,,,,,,,,
1125,0.0004734554677270353,74.0,74.0,1.0,1.0,73.0,0.013513513513513514,0.9864864864864865,0.21293349833739184,0.0,0.6,0.0038053,10,90,0.0,,,,,,,,,,
1126,0.0005004948397981934,74.0,74.0,1.0,3.0,71.0,0.04054054054054054,0.9594594594594594,0.21420025333261744,0.0,0.6,0.0038053,10,91,0.0,,,,,,,,,,
1127,0.0005522527426364832,74.0,74.0,1.0,15.0,59.0,0.20270270270270271,0.7972972972972973,0.1825843371427813,0.0,0.6,0.0038053,10,92,0.0,,,,,,,,,,
1128,0.0005626468628179282,74.0,74.0,1.0,4.0,70.0,0.05405405405405406,0.9459459459459459,0.19741405619236152,0.0,0.6,0.0038053,10,93,0.0,,,,,,,,,,
1129,0.0005311080894898623,74.0,74.0,1.0,1.0,73.0,0.013513513513513514,0.9864864864864865,0.21004030296810422,0.0,0.6,0.0038053,10,94,0.0,,,,,,,,,,
1130,0.0005701269910787232,74.0,74.0,1.0,3.0,71.0,0.04054054054054054,0.9594594594594594,0.19664851231625655,0.0,0.6,0.0038053,10,95,0.0,,,,,,,,,,
1131,0.00047769110096851364,74.0,74.0,1.0,1.0,73.0,0.013513513513513514,0.9864864864864865,0.20659015111888726,0.0,0.6,0.0038053,10,96,0.0,,,,,,,,,,
1132,0.0005345793688320555,74.0,74.0,1.0,0.0,74.0,0.0,1.0,0.20960493035302302,0.0,0.6,0.0038053,10,97,0.0,,,,,,,,,,
1133,0.00046743289567530155,74.0,74.0,1.0,1.0,73.0,0.013513513513513514,0.9864864864864865,0.19806297717253918,0.0,0.6,0.0038053,10,98,0.0,,,,,,,,,,
1134,0.000509343073645141,71.0,74.0,0.9594594594594594,17.0,54.0,0.23943661971830985,0.7605633802816901,0.19195099714352123,0.0,0.6,0.0038053,10,99,0.0,,,,,,,,,,
1135,0.00345199707953725,1.0,74.0,0.013513513513513514,0.0,1.0,0.0,1.0,0.2544042382534541,0.0,0.6,0.0038053,10,100,0.0,,,,,,,,,,
1136,0.0005119656416354701,74.0,74.0,1.0,7.0,67.0,0.0945945945945946,0.9054054054054054,0.2071332682876254,0.0,0.6,0.0038053,10,101,0.0,,,,,,,,,,
1137,0.0004492447114898823,74.0,74.0,1.0,2.0,72.0,0.02702702702702703,0.972972972972973,0.19871516396774536,0.0,0.6,0.0038053,10,102,0.0,,,,,,,,,,
1138,0.0005838335564476438,71.0,74.0,0.9594594594594594,5.0,66.0,0.07042253521126761,0.9295774647887324,0.1971984102658623,0.0,0.6,0.0038053,10,103,0.0,,,,,,,,,,
1139,0.000552770754438825,74.0,74.0,1.0,1.0,73.0,0.013513513513513514,0.9864864864864865,0.21096199005816646,0.0,0.6,0.0038053,10,104,0.0,,,,,,,,,,
1140,0.0011371908767614514,45.0,74.0,0.6081081081081081,2.0,43.0,0.044444444444444446,0.9555555555555556,0.18806860426198027,0.0,0.6,0.0038053,10,105,0.0,,,,,,,,,,
1141,0.0009514022385701537,29.0,74.0,0.3918918918918919,1.0,28.0,0.034482758620689655,0.9655172413793104,0.2020231694150167,0.0,0.6,0.0038053,10,106,0.0,,,,,,,,,,
1142,0.0005075357184978202,74.0,74.0,1.0,5.0,69.0,0.06756756756756757,0.9324324324324325,0.20878431295720726,0.0,0.6,0.0038053,10,107,0.0,,,,,,,,,,
1143,0.0005212699325056747,74.0,74.0,1.0,0.0,74.0,0.0,1.0,0.21115414726933715,0.0,0.6,0.0038053,10,108,0.0,,,,,,,,,,
1144,0.00047562518739141524,74.0,74.0,1.0,7.0,67.0,0.0945945945945946,0.9054054054054054,0.20005672769516727,0.0,0.6,0.0038053,10,109,0.0,,,,,,,,,,
1145,0.1198325782752363,0.0,74.0,0.0,0.0,0.0,0.0,0.0,0.0,0.0,0.6,0.0038053,10,110,0.0,,,,,,,,,,
1146,0.0004907894835923798,74.0,74.0,1.0,4.0,70.0,0.05405405405405406,0.9459459459459459,0.20337892206194996,0.0,0.6,0.0038053,10,111,0.0,,,,,,,,,,
1147,0.00042394430784042925,74.0,74.0,1.0,1.0,73.0,0.013513513513513514,0.9864864864864865,0.2176644749996415,0.0,0.6,0.0038053,10,112,0.0,,,,,,,,,,
1148,0.00041895102185662836,74.0,74.0,1.0,6.0,68.0,0.08108108108108109,0.918918918918919,0.20038984743724025,0.0,0.6,0.0038053,10,113,0.0,,,,,,,,,,
1149,0.0004923996166326106,74.0,74.0,1.0,3.0,71.0,0.04054054054054054,0.9594594594594594,0.20680392512715587,0.0,0.6,0.0038053,10,114,0.0,,,,,,,,,,
1150,0.0004750920343212784,74.0,74.0,1.0,4.0,70.0,0.05405405405405406,0.9459459459459459,0.19311066114854097,0.0,0.6,0.0038053,10,115,0.0,,,,,,,,,,
1150,,,,,,,,,,,,,10,,1.0,0.8872549019607843,0.7538979534919446,0.8848039215686274,0.7414156840397761,0.9991821155943293,0.0038347884560884582,0.11192721363354508,0.9989094874591058,0.0038696804415414353,0.11410556589047838
