step,epoch,step_in_epoch,probe/is_eval,sys/effective_batch_size,sys/device_batch_size,train/loss,train/gate0_triggered_blocks,train/gate0_considered_blocks,train/gate0_trigger_rate,train/pull_to_r_blocks,train/pull_to_R_blocks,train/pull_to_r_rate,train/pull_to_R_rate,train/alpha_pull_mean,train/alpha_pull_to_r_mean,train/alpha_pull_to_R_mean,train/single_vote_skipped_blocks,train/tau_N,train/tau_D,diag/info_retention_ratio,diag/residual_visibility,diag/conflict_resolution_rate,train/expert_load_r,train/expert_load_R,train/load_cv,train/load_max_min_ratio,train/utilization_ratio,train/routing_entropy,train/routing_entropy_raw,train/active_experts,train/expert_purity,train/intra_expert_coherence,train/intra_expert_conflict,train/inter_expert_similarity,sys/time_per_step_ms,sys/peak_memory_mb,val/acc,val/loss,val/acc_r_only,val/loss_r_only,train/acc,train/loss_eval,gap/train_minus_val,train/acc_r_only,train/loss_r_only_eval,gap_r_only/train_minus_val_r_only
1,1,1.0,0.0,32.0,32.0,0.6905147880315781,55.0,74.0,0.7432432432432432,9.0,46.0,0.1636363636363636,0.8363636363636363,0.1502110900166364,0.147410544848804,0.1507590227668644,0.0,0.6,0.0021278112754879,0.9999999988458804,0.6595324943620668,-4.107139229643396e-09,9.0,46.0,0.6727272727272727,5.111111111111111,1.0,0.6429383211870611,0.4456508846047559,2.0,0.5052948789236109,0.0002350795828787,0.4998824602085606,-0.0009641115354229,1051.316013908945,4532.6474609375,,,,,,,,,,
2,1,2.0,0.0,32.0,32.0,0.6962115094065666,60.0,74.0,0.8108108108108109,10.0,50.0,0.1666666666666666,0.8333333333333334,0.150104354989697,0.1470076223474452,0.1507237015181474,0.0,0.6,0.0021278112754879,1.0000000009054395,0.6305674794773312,1.2152996945620348e-08,10.0,50.0,0.6666666666666666,5.0,1.0,0.6500223927944538,0.450561188866305,2.0,0.504672227867424,-4.688080954455754e-05,0.5000234404047723,0.0012338364427447,518.6966160545126,5028.49267578125,,,,,,,,,,
3,1,3.0,0.0,32.0,32.0,0.7036080285906792,57.0,74.0,0.7702702702702703,5.0,52.0,0.087719298245614,0.912280701754386,0.1499717737251757,0.147166719444137,0.1502414904829679,0.0,0.6,0.0021278112754879,1.0000000005345933,0.6532445743067579,-1.820433753745546e-08,5.0,52.0,0.8245614035087719,10.4,1.0,0.4288109358762171,0.2972290911958714,2.0,0.5038562819033351,-0.0001555226214596,0.5000777613107298,0.0008022517566869,582.3597069829702,4987.95263671875,,,,,,,,,,
4,1,4.0,0.0,32.0,32.0,0.692558117210865,61.0,74.0,0.8243243243243243,11.0,50.0,0.180327868852459,0.819672131147541,0.1499374866569416,0.1473141948807328,0.1505146108477075,0.0,0.6,0.0021278112754879,1.000000001095252,0.6348768989953751,-4.8409531550281796e-09,11.0,50.0,0.639344262295082,4.545454545454546,1.0,0.6807937465164203,0.4718902659406988,2.0,0.5043091666833445,-2.863452594195429e-05,0.500014317262971,0.0030154173946074,465.644966927357,5042.57080078125,,,,,,,,,,
5,1,5.0,0.0,32.0,32.0,0.6965004429221153,52.0,74.0,0.7027027027027027,12.0,40.0,0.2307692307692307,0.7692307692307693,0.1496555256934839,0.1475522385126607,0.1502865118477308,0.0,0.6,0.0021278112754879,0.999999997340062,0.6458299196471974,-4.817125187214581e-09,12.0,40.0,0.5384615384615384,3.333333333333333,1.0,0.7793498084381847,0.5402041223888612,2.0,0.5039623265857809,5.611412763073531e-05,0.4999719429361846,-0.0011351230455457,460.7644759817049,4908.12744140625,,,,,,,,,,
6,1,6.0,0.0,32.0,32.0,0.6868641078472137,54.0,74.0,0.7297297297297297,10.0,44.0,0.1851851851851851,0.8148148148148148,0.1497893344860439,0.1457667446446984,0.150703559449986,0.0,0.6,0.0021278112754879,1.0000000003462124,0.6289153179120717,-1.8087894375452908e-08,10.0,44.0,0.6296296296296297,4.4,1.0,0.6912898405518886,0.4791656039282757,2.0,0.5060516898835649,-0.0001112185123683,0.5000556092561842,0.0038750843791231,456.97370008565485,4953.42236328125,,,,,,,,,,
7,1,7.0,0.0,32.0,32.0,0.708296112716198,56.0,74.0,0.7567567567567568,11.0,45.0,0.1964285714285714,0.8035714285714286,0.149875628840379,0.146864437908303,0.1506116977348864,0.0,0.6,0.0021278112754879,1.000000000150085,0.6193196362152222,2.6063154546068476e-10,11.0,45.0,0.6071428571428571,4.090909090909091,1.0,0.7147274442778888,0.495411312870034,2.0,0.5050215099528618,0.0001680803660972,0.4999159598169513,-0.004239313538676,463.6320179561153,4977.32080078125,,,,,,,,,,
8,1,8.0,0.0,32.0,32.0,0.6817836910486221,50.0,74.0,0.6756756756756757,11.0,39.0,0.22,0.78,0.1498784586957799,0.1465321458985422,0.1508222905103855,0.0,0.6,0.0021278112754879,0.9999999983606552,0.6363782976083606,-8.994362404936266e-09,11.0,39.0,0.56,3.5454545454545454,1.0,0.7601674741080651,0.5269079414313805,2.0,0.5062818202292995,-1.3297384936763134e-06,0.5000006648692469,0.0043879471509703,458.3904300816357,4896.75244140625,,,,,,,,,,
9,1,9.0,0.0,32.0,32.0,0.6936924681067467,58.0,74.0,0.7837837837837838,11.0,47.0,0.1896551724137931,0.8103448275862069,0.1494498515675775,0.1454826127810315,0.150378354262301,0.0,0.6,0.0021278112754879,0.999999997875914,0.6403607338831017,1.9553978900416663e-08,11.0,47.0,0.6206896551724138,4.2727272727272725,1.0,0.7007495208623058,0.4857225546644398,2.0,0.5051849895570607,6.742573588225548e-05,0.4999662871320589,0.0023469572159696,460.9982639085501,4986.33642578125,,,,,,,,,,
10,1,10.0,0.0,32.0,32.0,0.6832674071192741,56.0,74.0,0.7567567567567568,6.0,50.0,0.1071428571428571,0.8928571428571429,0.1496748249480725,0.1454632481328055,0.1501802141659046,0.0,0.6,0.0021278112754879,0.9999999975903296,0.6375684992196928,-1.2118213769213749e-08,6.0,50.0,0.7857142857142857,8.333333333333334,1.0,0.4912373129704329,0.340499758471299,2.0,0.5040227285603851,0.0003170390499072,0.4998414804750464,0.0053462221529961,464.5146740367636,4975.41455078125,,,,,,,,,,
11,1,11.0,0.0,32.0,32.0,0.6873984411358833,57.0,74.0,0.7702702702702703,8.0,49.0,0.1403508771929824,0.8596491228070176,0.1499562715008227,0.1472419561311932,0.1503994250305582,0.0,0.6,0.0021278112754879,0.9999999973618308,0.6434766121467234,4.725520262455676e-09,8.0,49.0,0.7192982456140351,6.125,1.0,0.5851569614223291,0.4055998979949121,2.0,0.5045522477578762,0.0002881530370836,0.4998559234814582,0.0018634226979487,461.240813951008,4978.53369140625,,,,,,,,,,
12,1,12.0,0.0,32.0,32.0,0.6945942640304565,53.0,74.0,0.7162162162162162,8.0,45.0,0.1509433962264151,0.8490566037735849,0.1503858309406664,0.147417456630554,0.1509135419291309,0.0,0.6,0.0021278112754879,0.999999999536232,0.6277169513138041,2.018795912757978e-08,8.0,45.0,0.6981132075471698,5.625,1.0,0.6121960986369335,0.4243419997199886,2.0,0.5054374035416729,-1.2012156210922904e-05,0.5000060060781054,-0.0044629571534394,464.3076240317896,4910.2958984375,,,,,,,,,,
13,1,13.0,0.0,32.0,32.0,0.6868020966649055,54.0,74.0,0.7297297297297297,11.0,43.0,0.2037037037037037,0.7962962962962963,0.1498586130903811,0.1473825804317241,0.1504920167937585,0.0,0.6,0.0021278112754879,1.0000000002106884,0.6527084641521588,3.990615354869424e-09,11.0,43.0,0.5925925925925926,3.909090909090909,1.0,0.7292739129910408,0.5054941566456588,2.0,0.504771950994135,0.000223524074588,0.499888237962706,0.0026265269677818,463.977494975552,4932.78955078125,,,,,,,,,,
14,1,14.0,0.0,32.0,32.0,0.6872331649065018,39.0,74.0,0.527027027027027,4.0,35.0,0.1025641025641025,0.8974358974358975,0.1500094538666753,0.1464562846311772,0.1504155303507322,0.0,0.6,0.0021278112754879,1.0000000053506803,0.6593415390908042,-1.238612747698718e-08,4.0,35.0,0.7948717948717948,8.75,1.0,0.4770712773654296,0.3306806108319792,2.0,0.5042416150290364,-0.0003559945280685,0.5001779972640343,-0.0031332695811484,451.7722120508552,4831.54345703125,,,,,,,,,,
15,1,15.0,0.0,32.0,32.0,0.68989647179842,60.0,74.0,0.8108108108108109,5.0,55.0,0.0833333333333333,0.9166666666666666,0.1500833882049036,0.1477007395170633,0.1502999926310709,0.0,0.6,0.0021278112754879,0.9999999987979896,0.634059078058506,-2.617549486061619e-09,5.0,55.0,0.8333333333333334,11.0,1.0,0.4138168214497338,0.2868359630561613,2.0,0.503266910206174,8.270156995866096e-06,0.499995864921502,0.0011081501243155,472.9082759004086,5042.88330078125,,,,,,,,,,
16,1,16.0,0.0,32.0,32.0,0.6680345982313156,53.0,74.0,0.7162162162162162,13.0,40.0,0.2452830188679245,0.7547169811320755,0.1496234277715898,0.1460744198737322,0.1507768553383934,0.0,0.6,0.0021278112754879,0.9999999998439464,0.6198967009124375,-8.467516739283016e-09,13.0,40.0,0.5094339622641509,3.076923076923077,1.0,0.8037158949295121,0.5570934065416046,2.0,0.5066114379591692,9.314537931515285e-05,0.4999534273103424,0.0054811527927336,463.78021501004696,4936.16455078125,,,,,,,,,,
17,1,17.0,0.0,32.0,32.0,0.6822936460375786,53.0,74.0,0.7162162162162162,6.0,47.0,0.1132075471698113,0.8867924528301887,0.1505258400132796,0.1473850630987965,0.1509267902576817,0.0,0.6,0.0021278112754879,0.9999999975356092,0.6312962157405839,2.4191323389425768e-08,6.0,47.0,0.7735849056603774,7.833333333333333,1.0,0.5095156892342821,0.3531693634437999,2.0,0.5051691206045895,-0.0001120324603797,0.5000560162301899,0.0057945114198166,465.66009300295264,4939.09619140625,,,,,,,,,,
18,1,18.0,0.0,32.0,32.0,0.6920060813426971,52.0,74.0,0.7027027027027027,10.0,42.0,0.1923076923076923,0.8076923076923077,0.1501076802027637,0.1474334402129858,0.1507444040098536,0.0,0.6,0.0021278112754879,0.999999999694164,0.62924954277614,-6.117460650681379e-09,10.0,42.0,0.6153846153846154,4.2,1.0,0.7062740603337003,0.489551873622929,2.0,0.5051224565340269,0.0003943943172108,0.4998028028413945,0.004268811709202,456.3545660348609,4901.88330078125,,,,,,,,,,
19,1,19.0,0.0,32.0,32.0,0.6888235434889793,29.0,74.0,0.3918918918918919,10.0,19.0,0.3448275862068966,0.6551724137931034,0.1500419663366031,0.1470101336998404,0.151637667724373,0.0,0.6,0.0021278112754879,1.0000000004472,0.6533314828744734,-2.2177030983341744e-08,10.0,19.0,0.3103448275862069,1.9,1.0,0.929363597159818,0.6441857570863767,2.0,0.5082798331106724,0.0002553168333012,0.4998723415833493,0.0050329471076029,448.58554494567215,4748.88330078125,,,,,,,,,,
20,1,20.0,0.0,32.0,32.0,0.6779033094644547,40.0,74.0,0.5405405405405406,4.0,36.0,0.1,0.9,0.150140294133443,0.1474810299005646,0.1504357679370961,0.0,0.6,0.0021278112754879,0.999999999062315,0.6552154118496432,-4.7740896895289315e-09,4.0,36.0,0.8,9.0,1.0,0.4689955647353811,0.3250829533914487,2.0,0.5036064990569047,-0.0001116111038597,0.5000558055519299,-0.0006789613807923,457.5741690350696,4817.0751953125,,,,,,,,,,
21,1,21.0,0.0,32.0,32.0,0.6941521838307381,46.0,74.0,0.6216216216216216,12.0,34.0,0.2608695652173913,0.7391304347826086,0.1498453103038344,0.1473044420468514,0.1507420873357107,0.0,0.6,0.0021278112754879,0.9999999997999937,0.6540318281560445,9.850293837478857e-09,12.0,34.0,0.4782608695652174,2.833333333333333,1.0,0.8280556965256035,0.5739644713933237,2.0,0.5054581800945672,-0.000246751917677,0.5001233759588386,0.002683729191704,473.2519329991192,4851.78955078125,,,,,,,,,,
22,1,22.0,0.0,32.0,32.0,0.6812610402703285,52.0,74.0,0.7027027027027027,11.0,41.0,0.2115384615384615,0.7884615384615384,0.1497439350083952,0.1465160300890604,0.1506099582794363,0.0,0.6,0.0021278112754879,1.0000000005378982,0.6317171700588491,-2.1995992068924607e-08,11.0,41.0,0.5769230769230769,3.727272727272727,1.0,0.7444131509342744,0.5159878767418373,2.0,0.5058445120262914,0.0013866598130891,0.4993066700934555,0.0051076066496347,461.9694789871573,4916.21337890625,,,,,,,,,,
23,1,23.0,0.0,32.0,32.0,0.6875429525971413,57.0,74.0,0.7702702702702703,6.0,51.0,0.1052631578947368,0.8947368421052632,0.1500704207018184,0.1447124822062771,0.1507007664071762,0.0,0.6,0.0021278112754879,0.9999999998645358,0.6502053144941671,5.246779480198112e-09,6.0,51.0,0.7894736842105263,8.5,1.0,0.4854607318920133,0.3364957375835165,2.0,0.5052488526552397,-0.0003881064621964,0.5001940532310982,0.0019044713099699,471.1948529584333,4986.79638671875,,,,,,,,,,
24,1,24.0,0.0,32.0,32.0,0.6870316714048386,46.0,74.0,0.6216216216216216,7.0,39.0,0.1521739130434782,0.8478260869565217,0.1496475495740616,0.1448521787912617,0.1505082571504616,0.0,0.6,0.0021278112754879,0.9999999924792046,0.6618234611342765,-3.411366366841405e-09,7.0,39.0,0.6956521739130435,5.571428571428571,1.0,0.6152538622024405,0.4264614799142387,2.0,0.5060884246377826,-0.0002206750931693,0.5001103375465846,-0.0002899222778665,455.0689460011199,4867.8818359375,,,,,,,,,,
25,1,25.0,0.0,32.0,32.0,0.6934082433581352,51.0,74.0,0.6891891891891891,6.0,45.0,0.1176470588235294,0.8823529411764706,0.1502416066868286,0.1475540287222306,0.1505999504154416,0.0,0.6,0.0021278112754879,1.0000000061577048,0.6583361653273153,-1.4905164476221517e-08,6.0,45.0,0.7647058823529411,7.5,1.0,0.5225593456830405,0.3622105371354494,2.0,0.5043080415120993,0.0002899664391264,0.4998550167804367,0.0004852257378601,460.7124340254813,4922.10986328125,,,,,,,,,,
26,1,26.0,0.0,32.0,32.0,0.6860675513744354,55.0,74.0,0.7432432432432432,6.0,49.0,0.109090909090909,0.8909090909090909,0.1498940574752096,0.146202842554235,0.1503460429757371,0.0,0.6,0.0021278112754879,0.9999999991644772,0.6601909983297504,-3.726692263717513e-09,6.0,49.0,0.7818181818181819,8.166666666666666,1.0,0.4971677325621751,0.3446104120908526,2.0,0.5043873454591752,0.0004997916665041,0.4997501041667479,-0.0010854720714793,467.1378890052438,4957.37744140625,,,,,,,,,,
27,1,27.0,0.0,32.0,32.0,0.6669620871543884,44.0,74.0,0.5945945945945946,15.0,29.0,0.3409090909090909,0.6590909090909091,0.1495791454721451,0.1461669603274312,0.1513440688228592,0.0,0.6,0.0021278112754879,1.0000000000530425,0.6168948409707057,7.3678254721575555e-09,15.0,29.0,0.3181818181818182,1.9333333333333331,1.0,0.9256859581282292,0.6416366119605137,2.0,0.5083338408919642,0.0006185563821469,0.4996907218089265,0.0008757988673375,459.95987008791417,4842.25830078125,,,,,,,,,,
28,1,28.0,0.0,32.0,32.0,0.6955219134688377,42.0,74.0,0.5675675675675675,5.0,37.0,0.119047619047619,0.8809523809523809,0.1502776850274002,0.1467058774778965,0.1507603617232791,0.0,0.6,0.0021278112754879,1.000000000319396,0.6467932090459528,1.0660368422282346e-08,5.0,37.0,0.7619047619047619,7.4,1.0,0.5266170367175279,0.3650231142355876,2.0,0.5048203350458512,-0.0001501876908033,0.5000750938454017,0.0008025000640871,461.0361640807241,4844.57080078125,,,,,,,,,,
29,1,29.0,0.0,32.0,32.0,0.6800546944141388,50.0,74.0,0.6756756756756757,6.0,44.0,0.12,0.88,0.1501626221572338,0.1478745111444233,0.1504746372953444,0.0,0.6,0.0021278112754879,0.9999999977263476,0.6567173952888867,-1.5378092553200196e-08,6.0,44.0,0.76,7.333333333333333,1.0,0.5293608364334642,0.36692497127271,2.0,0.5045436035056177,3.110368178757127e-05,0.4999844481591062,0.000980100696256,457.05226389691234,4891.8212890625,,,,,,,,,,
30,1,30.0,0.0,32.0,32.0,0.6916689351201057,50.0,74.0,0.6756756756756757,8.0,42.0,0.16,0.84,0.1504476147517376,0.1471848907563779,0.151069085988949,0.0,0.6,0.0021278112754879,1.0000000002016198,0.6593740837860402,1.1972659867661465e-08,8.0,42.0,0.68,5.25,1.0,0.6343095257866658,0.4396698594013433,2.0,0.5052816595170584,-0.0001364719202993,0.5000682359601497,0.0013323318715189,454.2469140142202,4890.97705078125,,,,,,,,,,
31,1,31.0,0.0,32.0,32.0,0.6727803274989128,45.0,74.0,0.6081081081081081,6.0,39.0,0.1333333333333333,0.8666666666666667,0.1498914296030329,0.1454894568902761,0.1505686561742262,0.0,0.6,0.0021278112754879,0.9999999999970808,0.6372376243281282,8.924777643052932e-09,6.0,39.0,0.7333333333333333,6.5,1.0,0.5665094776990051,0.3926744472275525,2.0,0.5051260261897649,0.0015969520044741,0.4992015239977629,0.0069289979155361,461.4739019889385,4853.46142578125,,,,,,,,,,
32,1,32.0,0.0,32.0,32.0,0.6820386573672295,51.0,74.0,0.6891891891891891,13.0,38.0,0.2549019607843137,0.7450980392156863,0.149560867721636,0.1465704493790928,0.1505839055756639,0.0,0.6,0.0021278112754879,0.9999999985570658,0.6357486313791207,1.7923920245717088e-08,13.0,38.0,0.4901960784313725,2.923076923076923,1.0,0.8189554729864098,0.5676566771046664,2.0,0.506058876136995,-0.0001201132798424,0.5000600566399213,0.0063466091220635,463.4630529908464,4890.33837890625,,,,,,,,,,
33,1,33.0,0.0,32.0,32.0,0.6942037642002106,52.0,74.0,0.7027027027027027,9.0,43.0,0.173076923076923,0.8269230769230769,0.1501084663077363,0.1472537249776118,0.1507059703070647,0.0,0.6,0.0021278112754879,0.999999996344644,0.6484846810510934,-2.7406127648995347e-09,9.0,43.0,0.6538461538461539,4.777777777777778,1.0,0.6646952764954415,0.4607316568343285,2.0,0.5047293040443674,-0.0001359907983718,0.5000679953991859,0.0013737218209923,461.75202808808535,4897.06494140625,,,,,,,,,,
34,1,34.0,0.0,32.0,32.0,0.6785612925887108,12.0,74.0,0.1621621621621621,2.0,10.0,0.1666666666666666,0.8333333333333334,0.1499858029080361,0.1472352499441225,0.1505359135008189,0.0,0.6,0.0021278112754879,1.000000000000534,0.6726437315857848,1.2508165024029646e-09,2.0,10.0,0.6666666666666666,5.0,1.0,0.6500223927944538,0.450561188866305,2.0,0.5051651303647979,-2.5167779501222465e-05,0.5000125838897506,0.0036734815802654,437.2214929899201,4672.1787109375,,,,,,,,,,
35,1,35.0,0.0,32.0,32.0,0.6886751502752304,54.0,74.0,0.7297297297297297,12.0,42.0,0.2222222222222222,0.7777777777777778,0.1501434688559657,0.1468054820197685,0.1510971793805934,0.0,0.6,0.0021278112754879,1.0000000016708084,0.6460697669710245,-8.118170215190591e-09,12.0,42.0,0.5555555555555556,3.5,1.0,0.7642044776547198,0.5297061790576547,2.0,0.5062055661280281,-0.0001974423108689,0.5000987211554345,0.0032612732179644,458.3788369782269,4929.89892578125,,,,,,,,,,
36,1,36.0,0.0,32.0,32.0,0.7059109807014465,51.0,74.0,0.6891891891891891,10.0,41.0,0.196078431372549,0.803921568627451,0.1499571377963473,0.1472171709391236,0.1506254223956701,0.0,0.6,0.0021278112754879,0.999999996808061,0.6403833717371061,-2.159357505140437e-09,10.0,41.0,0.6078431372549019,4.1,1.0,0.7140152515839666,0.4949176585122264,2.0,0.5049383973040106,0.0003807776344867,0.4998096111827566,0.0022869851963365,462.69824798218906,4882.32080078125,,,,,,,,,,
37,1,37.0,0.0,32.0,32.0,0.6869234889745712,48.0,74.0,0.6486486486486487,7.0,41.0,0.1458333333333333,0.8541666666666666,0.1502673663984238,0.1465932556456289,0.1508946536001205,0.0,0.6,0.0021278112754879,0.9999999988143036,0.6354467939374941,9.597644735746567e-09,7.0,41.0,0.7083333333333334,5.857142857142857,1.0,0.5993142084559089,0.4154129538607286,2.0,0.505542207973329,0.0004495114794428,0.4997752442602786,-0.0016856240761357,461.4750149194151,4888.37744140625,,,,,,,,,,
38,1,38.0,0.0,32.0,32.0,0.6933047324419022,45.0,74.0,0.6081081081081081,5.0,40.0,0.1111111111111111,0.8888888888888888,0.1500571905374132,0.1468082562719668,0.150463307320594,0.0,0.6,0.0021278112754879,1.0000000011593433,0.6455196692914961,1.2739553857438396e-08,5.0,40.0,0.7777777777777778,8.0,1.0,0.5032583059217456,0.3488320758430324,2.0,0.5048009488846467,6.226725844373755e-05,0.4999688663707781,0.0006312680895726,457.80226099304855,4853.97607421875,,,,,,,,,,
39,1,39.0,0.0,32.0,32.0,0.6840833052992821,50.0,74.0,0.6756756756756757,9.0,41.0,0.18,0.82,0.1500639825930739,0.1477405666282659,0.1505740007316903,0.0,0.6,0.0021278112754879,1.00000000018262,0.6570519232711151,4.022300578422106e-08,9.0,41.0,0.64,4.555555555555555,1.0,0.6800770168743795,0.4713934668100945,2.0,0.5042004566413941,0.0001622222012776,0.4999188888993611,0.0003622334155491,457.87118503358215,4888.95068359375,,,,,,,,,,
40,1,40.0,0.0,32.0,32.0,0.6818481609225273,49.0,74.0,0.6621621621621622,8.0,41.0,0.1632653061224489,0.8367346938775511,0.1495623737053678,0.1468105046525711,0.1500993237644501,0.0,0.6,0.0021278112754879,1.0000000005944614,0.6372564075569414,-1.0652689828860292e-08,8.0,41.0,0.673469387755102,5.125,1.0,0.6420642603767889,0.4450450318184777,2.0,0.5044667802927998,0.0009684558149765,0.4995157720925117,0.0131865978060784,459.5867629395798,4888.75830078125,,,,,,,,,,
41,1,41.0,0.0,32.0,32.0,0.6987776979804039,49.0,74.0,0.6621621621621622,9.0,40.0,0.1836734693877551,0.8163265306122449,0.1501840483922554,0.1475198527498692,0.1507834924117923,0.0,0.6,0.0021278112754879,1.0000000014344603,0.6380772983912248,4.210358860168295e-09,9.0,40.0,0.6326530612244898,4.444444444444445,1.0,0.6880475946801791,0.4769182503436181,2.0,0.5050398669098235,0.0003296283716007,0.4998351858141996,0.0011496738681314,461.71308401972055,4871.36767578125,,,,,,,,,,
42,1,42.0,0.0,32.0,32.0,0.6974998712539673,53.0,74.0,0.7162162162162162,8.0,45.0,0.1509433962264151,0.8490566037735849,0.1499488054126564,0.1473587214231561,0.1504092647885676,0.0,0.6,0.0021278112754879,1.0000000072948398,0.6601836174937697,-2.5011913082216384e-08,8.0,45.0,0.6981132075471698,5.625,1.0,0.6121960986369335,0.4243419997199886,2.0,0.5046169662469877,-0.0001369102134737,0.5000684551067369,0.0068658237153344,468.2264489820227,4920.41455078125,,,,,,,,,,
43,1,43.0,0.0,32.0,32.0,0.6784395277500153,49.0,74.0,0.6621621621621622,10.0,39.0,0.2040816326530612,0.7959183673469388,0.1498881357525444,0.1467815189026622,0.150684704175591,0.0,0.6,0.0021278112754879,1.0000000001748717,0.6225432797997625,-3.6860448790593886e-09,10.0,39.0,0.5918367346938775,3.9,1.0,0.7300166012918933,0.5060089489474295,2.0,0.5052365856905093,0.0001400888820269,0.4999299555589865,-0.001333492746476,466.01176902186126,4900.46142578125,,,,,,,,,,
44,1,44.0,0.0,32.0,32.0,0.6980767250061035,51.0,74.0,0.6891891891891891,2.0,49.0,0.0392156862745098,0.9607843137254902,0.1507642934362962,0.1469277546726142,0.1509208868552221,0.0,0.6,0.0021278112754879,0.9999999991404844,0.6358168106450214,4.382507581708306e-09,2.0,49.0,0.9215686274509804,24.5,1.0,0.2386844824971024,0.1654434760862761,2.0,0.5047424778456502,1.28866228757547e-05,0.4999935566885621,0.0062269275369688,472.1680330112577,4926.15869140625,,,,,,,,,,
45,1,45.0,0.0,32.0,32.0,0.6934203431010246,41.0,74.0,0.5540540540540541,5.0,36.0,0.1219512195121951,0.8780487804878049,0.150590839470805,0.1469329281471021,0.1510988827102082,0.0,0.6,0.0021278112754879,1.0000000035846093,0.657425092534241,5.075202772766537e-09,5.0,36.0,0.7560975609756098,7.2,1.0,0.5349436702432065,0.3707946967874677,2.0,0.5059980001820852,-0.000473782990192,0.500236891495096,0.0020427983472367,464.1066349577159,4842.78955078125,,,,,,,,,,
46,1,46.0,0.0,32.0,32.0,0.6890465319156647,52.0,74.0,0.7027027027027027,10.0,42.0,0.1923076923076923,0.8076923076923077,0.1501800614458554,0.1472353567877082,0.1508811816025571,0.0,0.6,0.0021278112754879,1.0000000043651176,0.644639039940624,1.568905496582995e-08,10.0,42.0,0.6153846153846154,4.2,1.0,0.7062740603337003,0.489551873622929,2.0,0.5056284920074973,-7.3380976369972e-05,0.500036690488185,0.0018472386592994,463.14992394763976,4912.06494140625,,,,,,,,,,
47,1,47.0,0.0,32.0,32.0,0.6819391623139381,47.0,74.0,0.6351351351351351,13.0,34.0,0.2765957446808511,0.723404255319149,0.1502196800503052,0.1469456903156013,0.1514714996547508,0.0,0.6,0.0021278112754879,0.9999999998922472,0.6249705031612314,-2.343948461124247e-09,13.0,34.0,0.4468085106382978,2.6153846153846154,1.0,0.8507706751993594,0.589709294817517,2.0,0.5076365476368819,-0.0002141520506727,0.5001070760253364,0.0041020943807977,461.4908560179174,4874.88330078125,,,,,,,,,,
48,1,48.0,0.0,32.0,32.0,0.6816039085388184,47.0,74.0,0.6351351351351351,9.0,38.0,0.1914893617021276,0.8085106382978723,0.1494535441859472,0.1463501604928801,0.1501885561132526,0.0,0.6,0.0021278112754879,1.000000001014488,0.6387203163673533,-1.7114330736317072e-08,9.0,38.0,0.6170212765957447,4.222222222222222,1.0,0.7045766840186932,0.4883753420158326,2.0,0.504964528697199,-8.830626244814142e-05,0.5000441531312241,-2.188013285435037e-05,463.3239289978519,4860.53369140625,,,,,,,,,,
49,1,49.0,0.0,32.0,32.0,0.7035866379737854,41.0,74.0,0.5540540540540541,9.0,32.0,0.2195121951219512,0.7804878048780488,0.1501397410491832,0.1474594967677863,0.150893559753326,0.0,0.6,0.0021278112754879,1.0000000015521484,0.6443751622506598,-2.432753836515354e-09,9.0,32.0,0.5609756097560976,3.555555555555556,1.0,0.7592757559353829,0.5262898494941318,2.0,0.505330468114905,0.0001378385688622,0.4999310807155688,0.0021680925063667,461.60435397177935,4851.11767578125,,,,,,,,,,
50,1,50.0,0.0,32.0,32.0,0.6874023005366325,41.0,74.0,0.5540540540540541,9.0,32.0,0.2195121951219512,0.7804878048780488,0.149893045724864,0.1470914225786713,0.1506810022347307,0.0,0.6,0.0021278112754879,1.000000003607385,0.6711035024115621,-6.734935628197647e-09,9.0,32.0,0.5609756097560976,3.555555555555556,1.0,0.7592757559353829,0.5262898494941318,2.0,0.5053172959658228,-0.0002418596035517,0.5001209298017759,0.0022901631017053,456.6431479761377,4848.86767578125,,,,,,,,,,
51,1,51.0,0.0,32.0,32.0,0.6774292290210724,43.0,74.0,0.581081081081081,13.0,30.0,0.3023255813953488,0.6976744186046512,0.1496850188430223,0.1470686751829451,0.1508187677623891,0.0,0.6,0.0021278112754879,0.999999999996908,0.6326858403289723,2.132257126130951e-09,13.0,30.0,0.3953488372093023,2.3076923076923075,1.0,0.8841150931949474,0.6128218841385711,2.0,0.5054614855835713,-6.385846260142185e-05,0.5000319292313007,0.0004266466590797,452.8671629959717,4810.8232421875,,,,,,,,,,
52,1,52.0,0.0,32.0,32.0,0.6984171941876411,34.0,74.0,0.4594594594594595,3.0,31.0,0.088235294117647,0.9117647058823528,0.1501934096610899,0.1479018777697388,0.1504151708118658,0.0,0.6,0.0021278112754879,0.9999999990848338,0.6625027100405079,3.3061734123937086e-09,3.0,31.0,0.8235294117647058,10.333333333333334,1.0,0.4305518381565394,0.2984357927031072,2.0,0.5038075934173211,0.0002652429817103,0.4998673785091448,-0.0008467419867686,452.1023280685768,4796.66796875,,,,,,,,,,
53,1,53.0,0.0,32.0,32.0,0.6982608214020729,55.0,74.0,0.7432432432432432,15.0,40.0,0.2727272727272727,0.7272727272727273,0.1497887723115677,0.1474462611785844,0.1506672139864364,0.0,0.6,0.0021278112754879,1.0000000026506464,0.6471796112526466,2.1437257253112084e-08,15.0,40.0,0.4545454545454545,2.6666666666666665,1.0,0.8453509077685359,0.5859525983035511,2.0,0.5053171025663278,0.0001394055407955,0.4999302972296022,0.0049531761545841,465.17900796607137,4946.67236328125,,,,,,,,,,
54,1,54.0,0.0,32.0,32.0,0.6833636164665222,44.0,74.0,0.5945945945945946,2.0,42.0,0.0454545454545454,0.9545454545454546,0.1498719157860185,0.1470522108304308,0.1500061874505704,0.0,0.6,0.0021278112754879,0.9999999940737035,0.6578180830721913,1.1970612751193828e-08,2.0,42.0,0.9090909090909092,21.0,1.0,0.2667649589491268,0.1849073791677768,2.0,0.5033473929340119,7.746338924133114e-05,0.4999612683053793,7.239330370656619e-05,557.0595540339127,4875.77880859375,,,,,,,,,,
55,1,55.0,0.0,32.0,32.0,0.6795299351215363,53.0,74.0,0.7162162162162162,11.0,42.0,0.2075471698113207,0.7924528301886793,0.1495495016218452,0.146610700075387,0.1503191877411558,0.0,0.6,0.0021278112754879,1.0000000033361236,0.6375807855560631,-3.1889000775395925e-08,11.0,42.0,0.5849056603773585,3.8181818181818175,1.0,0.736767981148578,0.5106886488599798,2.0,0.5044902116224383,2.4688985665076632e-05,0.4999876555071674,0.0015059543532156,467.7654389524832,4927.56494140625,,,,,,,,,,
56,1,56.0,0.0,32.0,32.0,0.690746009349823,46.0,74.0,0.6216216216216216,6.0,40.0,0.1304347826086956,0.8695652173913043,0.1501109803616472,0.146870717130829,0.1505970198462699,0.0,0.6,0.0021278112754879,0.9999999962368638,0.6610720120115244,4.171403622736048e-10,6.0,40.0,0.7391304347826086,6.666666666666667,1.0,0.5586293445982989,0.387212355186361,2.0,0.5044062776492778,0.0005382231461226,0.4997308884269387,0.000824318033855,462.0310560567305,4869.56982421875,,,,,,,,,,
57,1,57.0,0.0,32.0,32.0,0.6949198171496391,54.0,74.0,0.7297297297297297,10.0,44.0,0.1851851851851851,0.8148148148148148,0.1498907994201267,0.1475705223258545,0.1504181351233704,0.0,0.6,0.0021278112754879,1.0000000037679384,0.6479472781101485,3.9313402240353174e-09,10.0,44.0,0.6296296296296297,4.4,1.0,0.6912898405518886,0.4791656039282757,2.0,0.5040931031908392,0.0003057402356792,0.4998471298821604,0.0033279987880748,461.7383090080693,4956.77392578125,,,,,,,,,,
58,1,58.0,0.0,32.0,32.0,0.6894808188080788,50.0,74.0,0.6756756756756757,11.0,39.0,0.22,0.78,0.1501214507170446,0.1475245967305382,0.1508538967132386,0.0,0.6,0.0021278112754879,1.0000000041163362,0.6620015510632942,-1.1579142015313285e-08,11.0,39.0,0.56,3.5454545454545454,1.0,0.7601674741080651,0.5269079414313805,2.0,0.5055231651497201,-0.0001470377409688,0.5000735188704845,-0.0004038981691589,460.3162059793249,4880.57080078125,,,,,,,,,,
59,1,59.0,0.0,32.0,32.0,0.6881289631128311,49.0,74.0,0.6621621621621622,6.0,43.0,0.1224489795918367,0.8775510204081632,0.1500514283207863,0.1469830387122914,0.1504795757080181,0.0,0.6,0.0021278112754879,1.0000000000846847,0.6293427134547532,3.8718018767068136e-08,6.0,43.0,0.7551020408163265,7.166666666666667,1.0,0.5363596222711622,0.3717761599434533,2.0,0.5045597315886152,0.0019281428098914,0.4990359285950542,0.008691852506401,462.9264370305464,4898.02392578125,,,,,,,,,,
60,1,60.0,0.0,32.0,32.0,0.6875354498624802,52.0,74.0,0.7027027027027027,8.0,44.0,0.1538461538461538,0.8461538461538461,0.1499555812794041,0.1475067320577662,0.1504008265924292,0.0,0.6,0.0021278112754879,0.999999998602538,0.6303095396993056,-3.0551150889576262e-09,8.0,44.0,0.6923076923076923,5.5,1.0,0.6193821658248634,0.4293230019306165,2.0,0.504798851292591,0.0001081139888307,0.4999459430055846,0.0035131937332586,464.0694020781666,4918.81494140625,,,,,,,,,,
61,1,61.0,0.0,32.0,32.0,0.6951630115509033,50.0,74.0,0.6756756756756757,12.0,38.0,0.24,0.76,0.1500136643643875,0.1473191185401187,0.1508645735720513,0.0,0.6,0.0021278112754879,1.000000000054017,0.6300871964206536,1.5982870198897332e-08,12.0,38.0,0.52,3.1666666666666665,1.0,0.7950402505306218,0.551079908086973,2.0,0.5059662711222503,-0.0002253952691499,0.500112697634575,0.0023482503778233,460.87738999631256,4879.94580078125,,,,,,,,,,
62,1,62.0,0.0,32.0,32.0,0.6780545935034752,52.0,74.0,0.7027027027027027,14.0,38.0,0.2692307692307692,0.7307692307692307,0.1496230278672902,0.1471929749105454,0.1505183105355646,0.0,0.6,0.0021278112754879,1.0000000005034273,0.6267667592591734,5.254199217125251e-09,14.0,38.0,0.4615384615384615,2.7142857142857144,1.0,0.8403586427552167,0.5824922238849607,2.0,0.5050806297082089,-0.000284674581325,0.5001423372906626,0.0044419450252461,463.90745195094496,4903.50244140625,,,,,,,,,,
63,1,63.0,0.0,32.0,32.0,0.6768657490611076,37.0,74.0,0.5,8.0,29.0,0.2162162162162162,0.7837837837837838,0.1496889175671749,0.1476081592725048,0.1502629198553597,0.0,0.6,0.0021278112754879,1.0000000001824354,0.628790558258027,5.472209180089713e-09,8.0,29.0,0.5675675675675675,3.625,1.0,0.753197962215601,0.5220770439132401,2.0,0.5046023546447546,-7.258100413309876e-05,0.5000362905020665,-6.421813221108453e-05,456.0482449596748,4808.12744140625,,,,,,,,,,
64,1,64.0,0.0,32.0,32.0,0.684502512216568,43.0,74.0,0.581081081081081,4.0,39.0,0.0930232558139534,0.9069767441860463,0.1500597069273892,0.1474864729612668,0.150323628359812,0.0,0.6,0.0021278112754879,1.0000000033347416,0.6522483888701934,-1.4267450676919352e-08,4.0,39.0,0.813953488372093,9.75,1.0,0.446481318042903,0.3094772667741264,2.0,0.5041052747169072,-0.0012748769772625,0.5006374384886313,0.0010016753589243,462.9869150230661,4849.54443359375,,,,,,,,,,
65,1,65.0,0.0,32.0,32.0,0.6985211595892906,50.0,74.0,0.6756756756756757,12.0,38.0,0.24,0.76,0.1497985489468785,0.1475056654206407,0.1505226174288484,0.0,0.6,0.0021278112754879,1.000000006654551,0.6444991693299396,1.8662521997622017e-08,12.0,38.0,0.52,3.1666666666666665,1.0,0.7950402505306218,0.551079908086973,2.0,0.504788258467762,-0.0001873868670219,0.500093693433511,-0.0005808608094809,462.5006719725207,4896.06494140625,,,,,,,,,,
66,1,66.0,0.0,32.0,32.0,0.6554339230060577,38.0,74.0,0.5135135135135135,6.0,32.0,0.1578947368421052,0.8421052631578947,0.1500943667150669,0.1473892629087283,0.1506015736787553,0.0,0.6,0.0021278112754879,1.0000000001754177,0.6340967920281604,-5.640215697354712e-09,6.0,32.0,0.6842105263157895,5.333333333333333,1.0,0.6292491950021343,0.4361623053853446,2.0,0.5055959551886919,0.0003858113018948,0.4998070943490525,0.003668900995126,461.1840109573677,4817.77392578125,,,,,,,,,,
67,1,67.0,0.0,32.0,32.0,0.6792323738336563,56.0,74.0,0.7567567567567568,8.0,48.0,0.1428571428571428,0.8571428571428571,0.1500737731746485,0.1468462185389639,0.1506116989472626,0.0,0.6,0.0021278112754879,0.9999999962646156,0.6382041654267423,7.865665271288215e-09,8.0,48.0,0.7142857142857143,6.0,1.0,0.5916727497284272,0.4101162982884094,2.0,0.5045168033500099,-0.0001438585930299,0.500071929296515,0.0030615429532919,486.2528309458866,4978.38330078125,,,,,,,,,,
68,1,68.0,0.0,32.0,32.0,0.7081946805119514,53.0,74.0,0.7162162162162162,7.0,46.0,0.1320754716981132,0.8679245283018868,0.1503181529234427,0.1463249620718404,0.1509258124008604,0.0,0.6,0.0021278112754879,1.000000007412526,0.6503165503931078,-2.662560360910456e-08,7.0,46.0,0.7358490566037735,6.571428571428571,1.0,0.5631027948974909,0.390313114648621,2.0,0.5055563861910682,-0.0001993875378199,0.50009969376891,0.004153088274339,464.1669519478455,4926.16455078125,,,,,,,,,,
69,1,69.0,0.0,32.0,32.0,0.69074647128582,44.0,74.0,0.5945945945945946,13.0,31.0,0.2954545454545454,0.7045454545454546,0.1500526528313954,0.1472793164116249,0.1512156648783959,0.0,0.6,0.0021278112754879,1.0000000005936875,0.642344690389711,8.36632040251147e-10,13.0,31.0,0.4090909090909091,2.3846153846153846,1.0,0.8756633634691392,0.6069635915082724,2.0,0.5066213384674606,-0.0002013823537304,0.5001006911768653,-0.0047088723611024,468.4780969982967,4832.18017578125,,,,,,,,,,
70,1,70.0,0.0,32.0,32.0,0.6915666908025742,44.0,74.0,0.5945945945945946,9.0,35.0,0.2045454545454545,0.7954545454545454,0.1496205384663266,0.146688156614732,0.1503745795138794,0.0,0.6,0.0021278112754879,0.9999999965751428,0.655530608307009,-1.212987578436131e-09,9.0,35.0,0.5909090909090909,3.888888888888889,1.0,0.7309263487367006,0.5066395378238193,2.0,0.5049236328372378,-4.0320328937049325e-05,0.5000201601644685,0.0067507798537301,465.55153105873615,4867.27392578125,,,,,,,,,,
71,1,71.0,0.0,32.0,32.0,0.691182442009449,39.0,74.0,0.527027027027027,8.0,31.0,0.2051282051282051,0.7948717948717948,0.1498769217831209,0.1461242711488176,0.1508453477532636,0.0,0.6,0.0021278112754879,0.9999999994876312,0.652071785626027,1.7927198973973162e-08,8.0,31.0,0.5897435897435898,3.875,1.0,0.7320666612392933,0.5074299422199487,2.0,0.5065047660770704,-0.0004893324283219,0.500244666214161,0.0033386523676031,461.932581034489,4805.46142578125,,,,,,,,,,
72,1,72.0,0.0,32.0,32.0,0.6842246875166893,40.0,74.0,0.5405405405405406,11.0,29.0,0.275,0.725,0.1499088731292593,0.1473498003460417,0.1508795559091003,0.0,0.6,0.0021278112754879,1.0000000000570717,0.6519901449952944,9.998161860285816e-09,11.0,29.0,0.45,2.636363636363636,1.0,0.8485481494407153,0.5881687573541909,2.0,0.5064579010100128,0.0002931987408204,0.4998534006295898,-0.0006750518885441,462.2768759727478,4813.46142578125,,,,,,,,,,
73,1,73.0,0.0,32.0,32.0,0.6773870438337326,37.0,74.0,0.5,8.0,29.0,0.2162162162162162,0.7837837837837838,0.1504581112269854,0.1461161259552496,0.1516559002674642,0.0,0.6,0.0021278112754879,1.000000001515272,0.6566384643288395,9.996370520272004e-09,8.0,29.0,0.5675675675675675,3.625,1.0,0.753197962215601,0.5220770439132401,2.0,0.5075073530775935,-0.0003764243156528,0.5001882121578264,0.0018499803867005,455.683933920227,4827.05517578125,,,,,,,,,,
74,1,74.0,0.0,32.0,32.0,0.7039157301187515,38.0,74.0,0.5135135135135135,6.0,32.0,0.1578947368421052,0.8421052631578947,0.1499133377288698,0.1476429939209558,0.1503390271928537,0.0,0.6,0.0021278112754879,0.9999999999142346,0.6333058285829072,-1.2560661401928233e-08,6.0,32.0,0.6842105263157895,5.333333333333333,1.0,0.6292491950021343,0.4361623053853446,2.0,0.504205058001242,-0.0010434062697241,0.5005217031348621,0.0057530700877239,459.08216398675,4820.36767578125,,,,,,,,,,
75,1,75.0,0.0,32.0,32.0,0.691002257168293,42.0,74.0,0.5675675675675675,6.0,36.0,0.1428571428571428,0.8571428571428571,0.1502014533061133,0.1470017716693767,0.1507347335789027,0.0,0.6,0.0021278112754879,0.9999999997500324,0.6551445094038754,-2.99068656484506e-08,6.0,36.0,0.7142857142857143,6.0,1.0,0.5916727497284272,0.4101162982884094,2.0,0.505499415042452,0.0014284785308908,0.4992857607345546,0.0013506674665546,460.8489800011739,4838.08642578125,,,,,,,,,,
76,1,76.0,0.0,32.0,32.0,0.6807014048099518,41.0,74.0,0.5540540540540541,9.0,32.0,0.2195121951219512,0.7804878048780488,0.1497642630471065,0.1468670755650078,0.1505790970264467,0.0,0.6,0.0021278112754879,1.0000000023547395,0.6496197442612319,-7.1393757133297435e-09,9.0,32.0,0.5609756097560976,3.555555555555556,1.0,0.7592757559353829,0.5262898494941318,2.0,0.5054036009309908,2.9982043912734355e-05,0.4999850089780436,0.0065460665699978,459.4713810365647,4822.71142578125,,,,,,,,,,
77,1,77.0,0.0,32.0,32.0,0.6790263056755066,37.0,74.0,0.5,7.0,30.0,0.1891891891891892,0.8108108108108109,0.1506538702882764,0.1475427719296985,0.1513797932386113,0.0,0.6,0.0021278112754879,1.000000000114425,0.6315146351201241,-1.0000322196947628e-08,7.0,30.0,0.6216216216216216,4.285714285714286,1.0,0.6997721929194065,0.4850451225563367,2.0,0.5060778602152493,-0.0006002929621524,0.5003001464810762,-0.0016246457937522,453.2975739566609,4800.63330078125,,,,,,,,,,
78,1,78.0,0.0,32.0,32.0,0.6859022378921509,37.0,74.0,0.5,8.0,29.0,0.2162162162162162,0.7837837837837838,0.1497588501359278,0.1476254304883219,0.1503473796938881,0.0,0.6,0.0021278112754879,1.0000000025289888,0.6575832650693768,9.241355639441992e-09,8.0,29.0,0.5675675675675675,3.625,1.0,0.753197962215601,0.5220770439132401,2.0,0.5043443334319996,0.0007070190701475,0.4996464904649262,0.0047964051899439,450.775663019158,4811.02392578125,,,,,,,,,,
79,1,79.0,0.0,32.0,32.0,0.6908635497093201,33.0,74.0,0.4459459459459459,3.0,30.0,0.0909090909090909,0.9090909090909092,0.150077827471558,0.1453330040343616,0.1505523098152777,0.0,0.6,0.0021278112754879,1.0000000006132646,0.6574590835910098,2.0735968904553764e-08,3.0,30.0,0.8181818181818182,10.0,1.0,0.4394969580676133,0.3046360773492387,2.0,0.5051934165631822,-0.0005322843029599,0.50026614215148,0.0019539509160603,452.6841249316931,4749.54296875,,,,,,,,,,
80,1,80.0,0.0,32.0,32.0,0.672178104519844,38.0,74.0,0.5135135135135135,10.0,28.0,0.2631578947368421,0.7368421052631579,0.1499241148376303,0.1470664757899025,0.1509447002118188,0.0,0.6,0.0021278112754879,0.9999999999443728,0.6308679083934576,7.881706091849245e-09,10.0,28.0,0.4736842105263157,2.8,1.0,0.8314743591558288,0.5763341077567501,2.0,0.5056468032890716,5.107562959737868e-05,0.4999744621852013,0.0018319215872694,461.2798530142754,4795.47119140625,,,,,,,,,,
81,1,81.0,0.0,32.0,32.0,0.6675605475902557,34.0,74.0,0.4594594594594595,12.0,22.0,0.3529411764705882,0.6470588235294118,0.1489921334953741,0.1469189120978043,0.1501229815304121,0.0,0.6,0.0021278112754879,0.9999999996926212,0.6343666248780283,1.2974641174532256e-08,12.0,22.0,0.2941176470588235,1.8333333333333333,1.0,0.936667353023662,0.6492483348708983,2.0,0.5058054014203562,0.0002713766110857,0.4998643116944571,-0.0002999422706272,461.0289649572224,4761.22705078125,,,,,,,,,,
82,1,82.0,0.0,32.0,32.0,0.6815505400300026,35.0,74.0,0.4729729729729729,8.0,27.0,0.2285714285714285,0.7714285714285715,0.1499740893933701,0.1473789382732406,0.1507430230585938,0.0,0.6,0.0021278112754879,1.0000000003999283,0.6705087271154186,1.581653730805958e-08,8.0,27.0,0.5428571428571428,3.375,1.0,0.7755126292792475,0.5375443924735405,2.0,0.5050004928913505,-0.0004528740057346,0.5002264370028673,0.0003177227024587,457.0423460099846,4786.61767578125,,,,,,,,,,
83,1,83.0,0.0,32.0,32.0,0.7094674110412598,21.0,74.0,0.2837837837837837,7.0,14.0,0.3333333333333333,0.6666666666666666,0.1504173539073943,0.1469228007128832,0.1521646305046498,0.0,0.6,0.0021278112754879,1.000000000060554,0.6468829490131466,-3.8977534891499054e-10,7.0,14.0,0.3333333333333333,2.0,1.0,0.918295805200589,0.636514148294813,2.0,0.5085558402563825,-0.0002392808673903,0.5001196404336952,-0.0070111357392154,444.3562689702958,4676.5595703125,,,,,,,,,,
84,1,84.0,0.0,32.0,32.0,0.68380007147789,27.0,74.0,0.3648648648648648,6.0,21.0,0.2222222222222222,0.7777777777777778,0.1500529761934103,0.1474095622360146,0.1508082373240948,0.0,0.6,0.0021278112754879,0.9999999993741367,0.6557313124008505,5.1060204672911795e-09,6.0,21.0,0.5555555555555556,3.5,1.0,0.7642044776547198,0.5297061790576547,2.0,0.5055081028297905,-3.040954696086669e-05,0.5000152047734804,-0.0009306549414931,447.345671011135,4716.4287109375,,,,,,,,,,
85,1,85.0,0.0,32.0,32.0,0.686600960791111,31.0,74.0,0.4189189189189189,5.0,26.0,0.1612903225806451,0.8387096774193549,0.1498632083283558,0.1468160642431998,0.1504491975755012,0.0,0.6,0.0021278112754879,1.0000000035114796,0.6688721544357553,2.621961964360969e-10,5.0,26.0,0.6774193548387096,5.2,1.0,0.6373874703682906,0.4418033280100163,2.0,0.5042892601365887,0.0001257697674701,0.4999371151162649,0.0003121985620856,456.2826659530401,4756.5263671875,,,,,,,,,,
86,1,86.0,0.0,32.0,32.0,0.709863156080246,28.0,74.0,0.3783783783783784,4.0,24.0,0.1428571428571428,0.8571428571428571,0.1503205617204076,0.1466428495167466,0.1509335137543511,0.0,0.6,0.0021278112754879,1.0000000001280096,0.6363871131789574,1.3040816473889449e-08,4.0,24.0,0.7142857142857143,6.0,1.0,0.5916727497284272,0.4101162982884094,2.0,0.5056649262631333,0.0003141673922964,0.4998429163038518,-0.0015273699360481,455.02840902190655,4730.22119140625,,,,,,,,,,
87,1,87.0,0.0,32.0,32.0,0.6839081794023514,28.0,74.0,0.3783783783783784,6.0,22.0,0.2142857142857142,0.7857142857142857,0.1498037562357071,0.1469072103661437,0.1505937232910426,0.0,0.6,0.0021278112754879,1.000000002000023,0.6713189011157558,8.445388201588966e-09,6.0,22.0,0.5714285714285714,3.6666666666666665,1.0,0.7495952284055795,0.5195798191305157,2.0,0.5053088069935038,2.710978779224169e-05,0.4999864451061039,-0.0032443612705155,454.0690669091418,4729.2001953125,,,,,,,,,,
88,1,88.0,0.0,32.0,32.0,0.6916673257946968,28.0,74.0,0.3783783783783784,6.0,22.0,0.2142857142857142,0.7857142857142857,0.1498789114693161,0.1475735316520945,0.1505076514194674,0.0,0.6,0.0021278112754879,1.000000001489284,0.661942201159634,1.2515573151822469e-08,6.0,22.0,0.5714285714285714,3.6666666666666665,1.0,0.7495952284055795,0.5195798191305157,2.0,0.504402570276307,-0.0008992597597754,0.5004496298798877,-0.0046906512180647,451.49300107732415,4726.0595703125,,,,,,,,,,
89,1,89.0,0.0,32.0,32.0,0.6780257895588875,25.0,74.0,0.3378378378378378,4.0,21.0,0.16,0.84,0.1499548810924693,0.1474892595973468,0.1504245232820165,0.0,0.6,0.0021278112754879,0.9999999994007346,0.669577799409497,-3.5400972115264406e-09,4.0,21.0,0.68,5.25,1.0,0.6343095257866658,0.4396698594013433,2.0,0.5049684758856752,8.791360740130111e-05,0.4999560431962993,-0.0035715414507647,447.7970560546965,4715.7001953125,,,,,,,,,,
90,1,90.0,0.0,32.0,32.0,0.70943633466959,23.0,74.0,0.3108108108108108,2.0,21.0,0.0869565217391304,0.9130434782608696,0.1500181310262619,0.1432691238022089,0.1506608936190289,0.0,0.6,0.0021278112754879,0.9999999999593908,0.6427046489630218,1.7171565496707402e-09,2.0,21.0,0.8260869565217391,10.5,1.0,0.4262286281442449,0.2954391718721167,2.0,0.5059583040808318,-9.332005263490298e-05,0.5000466600263175,-0.005071585856832,453.8261400302872,4697.2470703125,,,,,,,,,,
91,1,91.0,0.0,32.0,32.0,0.6918297708034515,29.0,74.0,0.3918918918918919,4.0,25.0,0.1379310344827586,0.8620689655172413,0.1499168618857442,0.1468304946273856,0.1504106806470815,0.0,0.6,0.0021278112754879,0.999999998179946,0.6486127773928865,-2.2679351966714708e-09,4.0,25.0,0.7241379310344828,6.25,1.0,0.5787945957782196,0.4011898421870061,2.0,0.5041138496737959,0.0001950152432982,0.4999024923783509,-0.0040014396686453,452.82261597458273,4739.1162109375,,,,,,,,,,
92,1,92.0,0.0,32.0,32.0,0.6865394935011864,26.0,74.0,0.3513513513513513,5.0,21.0,0.1923076923076923,0.8076923076923077,0.1497851415745428,0.1477410004008649,0.1502718418539899,0.0,0.6,0.0021278112754879,0.9999999993420544,0.665484482913602,3.379380060029541e-09,5.0,21.0,0.6153846153846154,4.2,1.0,0.7062740603337003,0.489551873622929,2.0,0.504264147857178,-0.0002207116334138,0.5001103558167069,-0.0058647744499797,460.4351419257,4714.2158203125,,,,,,,,,,
93,1,93.0,0.0,32.0,32.0,0.6730636656284332,24.0,74.0,0.3243243243243243,6.0,18.0,0.25,0.75,0.149918190139199,0.1477060479093316,0.1506555708824882,0.0,0.6,0.0021278112754879,0.9999999996200208,0.6537611748983772,3.8884564594122505e-09,6.0,18.0,0.5,3.0,1.0,0.8112780956052325,0.5623351246188086,2.0,0.5043493988529777,-0.0005489291531072,0.5002744645765537,0.0017889017908798,454.6403660206124,4697.5068359375,,,,,,,,,,
94,1,94.0,0.0,32.0,32.0,0.6717201620340347,20.0,74.0,0.2702702702702703,4.0,16.0,0.2,0.8,0.15040218704587,0.1472563623101259,0.1511886432298061,0.0,0.6,0.0021278112754879,0.9999999998217136,0.6649365323154793,-6.258136878269206e-09,4.0,16.0,0.6,4.0,1.0,0.721928066033462,0.5004024035381882,2.0,0.5057147772130465,-9.80343611445278e-05,0.5000490171805723,-0.0022650445003994,450.15051995869726,4680.5751953125,,,,,,,,,,
95,1,95.0,0.0,32.0,32.0,0.6713817119598389,25.0,74.0,0.3378378378378378,7.0,18.0,0.28,0.72,0.1498615601344307,0.1471479746355597,0.1509168433839917,0.0,0.6,0.0021278112754879,0.9999999996941312,0.6459077873881613,-1.933384301473285e-10,7.0,18.0,0.44,2.571428571428572,1.0,0.8554507817062302,0.5929532974474747,2.0,0.505697780914299,-0.0003689187120635,0.5001844593560318,-0.0033282124900576,453.8660169346258,4706.7626953125,,,,,,,,,,
96,1,96.0,0.0,32.0,32.0,0.6688406839966774,24.0,74.0,0.3243243243243243,8.0,16.0,0.3333333333333333,0.6666666666666666,0.1498305437423453,0.1479230425805067,0.1507842943232646,0.0,0.6,0.0021278112754879,1.000000000052226,0.6500776964962756,2.5816907816449444e-09,8.0,16.0,0.3333333333333333,2.0,1.0,0.918295805200589,0.636514148294813,2.0,0.505376196393661,2.171059410708645e-05,0.4999891447029465,-0.0006150941905441,454.0553219849244,4704.6689453125,,,,,,,,,,
97,1,97.0,0.0,32.0,32.0,0.6917053610086441,26.0,74.0,0.3513513513513513,2.0,24.0,0.0769230769230769,0.9230769230769232,0.150256430633402,0.1479471979558445,0.1504488666898651,0.0,0.6,0.0021278112754879,1.0000000038508334,0.673266930351629,-9.052087857615244e-09,2.0,24.0,0.8461538461538461,12.0,1.0,0.3912435347753558,0.2711893530418447,2.0,0.5033228371071785,0.0004390956520943,0.4997804521739528,0.0009627609014867,454.4828849611804,4721.6533203125,,,,,,,,,,
98,1,98.0,0.0,32.0,32.0,0.6605097353458405,23.0,74.0,0.3108108108108108,7.0,16.0,0.3043478260869565,0.6956521739130435,0.1491560186348665,0.1460799617613193,0.1505017935170433,0.0,0.6,0.0021278112754879,1.0000000002222944,0.6515231737508538,4.210022544944314e-09,7.0,16.0,0.391304347826087,2.2857142857142856,1.0,0.8865408639681894,0.6145033003107285,2.0,0.5075243471642843,-0.0009709918636555,0.5004854959318278,-0.0083104622636524,448.3487840043381,4696.2470703125,,,,,,,,,,
99,1,99.0,0.0,32.0,32.0,0.6743698045611382,24.0,74.0,0.3243243243243243,9.0,15.0,0.375,0.625,0.1494310343039953,0.1474243027643133,0.1506350732278045,0.0,0.6,0.0021278112754879,1.000000000215922,0.6695005238594511,8.547714822829197e-09,9.0,15.0,0.25,1.6666666666666667,1.0,0.9544339740710645,0.6615632181579822,2.0,0.5062368738784576,0.0001834798069144,0.4999082600965427,-0.0063389210115207,456.7156969569624,4698.5224609375,,,,,,,,,,
100,1,100.0,0.0,32.0,32.0,0.6716163754463196,21.0,74.0,0.2837837837837837,6.0,15.0,0.2857142857142857,0.7142857142857143,0.1500459354298844,0.1470737495683117,0.1512348097745134,0.0,0.6,0.0021278112754879,0.9999999998974558,0.6614681485120437,3.117900568311669e-09,6.0,15.0,0.4285714285714285,2.5,1.0,0.8631205397127306,0.5982695685852575,2.0,0.5072190589210859,-0.0012124288477934,0.5006062144238967,-0.0056041754898867,453.7154809804633,4677.7255859375,,,,,,,,,,
101,1,101.0,0.0,32.0,32.0,0.6711167246103287,23.0,74.0,0.3108108108108108,6.0,17.0,0.2608695652173913,0.7391304347826086,0.1495009441222208,0.1474258741279488,0.150233321767258,0.0,0.6,0.0021278112754879,1.0000000001817615,0.6584354915379895,-8.237156986367314e-09,6.0,17.0,0.4782608695652174,2.833333333333333,1.0,0.8280556965256035,0.5739644713933237,2.0,0.5049170611417437,-0.0010212620321874,0.5005106310160937,0.0003702536022434,452.0602099364624,4702.3720703125,,,,,,,,,,
102,1,102.0,0.0,32.0,32.0,0.6890451610088348,20.0,74.0,0.2702702702702703,6.0,14.0,0.3,0.7,0.1496891458396246,0.1476509669965492,0.1505626510580854,0.0,0.6,0.0021278112754879,1.000000000035972,0.6530243946039125,-9.143592833380104e-09,6.0,14.0,0.4,2.333333333333333,1.0,0.8812908703767922,0.6108642820548937,2.0,0.5048858316565391,-0.0001239088014699,0.500061954400735,-0.0010066536809648,451.6856350237504,4676.9970703125,,,,,,,,,,
103,1,103.0,0.0,32.0,32.0,0.6192455217242241,16.0,74.0,0.2162162162162162,5.0,11.0,0.3125,0.6875,0.1496784110923371,0.146525614259736,0.1511115005617012,0.0,0.6,0.0021278112754879,1.0000000000312037,0.6383262808314155,-3.0335253700889077e-09,5.0,11.0,0.375,2.2,1.0,0.8960382036806569,0.6210863545552453,2.0,0.5076541776470813,-0.0021817538654431,0.5010908769327216,-0.0021917360621426,445.9701760206372,4667.5283203125,,,,,,,,,,
104,1,104.0,0.0,32.0,32.0,0.6957905888557434,20.0,74.0,0.2702702702702703,5.0,15.0,0.25,0.75,0.149548186793221,0.1465362579242258,0.1505521630828861,0.0,0.6,0.0021278112754879,1.0000000000710645,0.6609281916404365,-1.0251333742469257e-08,5.0,15.0,0.5,3.0,1.0,0.8112780956052325,0.5623351246188086,2.0,0.5063956529119034,9.325407881988212e-05,0.49995337296059,-0.0040707365661932,451.7414339352399,4679.7001953125,,,,,,,,,,
105,1,105.0,0.0,32.0,32.0,0.6896021440625191,13.0,74.0,0.1756756756756756,3.0,10.0,0.2307692307692307,0.7692307692307693,0.1495961207332934,0.1464994630982361,0.1505251180238107,0.0,0.6,0.0021278112754879,1.0000000001199774,0.6638144981220876,-5.2537951634637114e-09,3.0,10.0,0.5384615384615384,3.333333333333333,1.0,0.7793498084381847,0.5402041223888612,2.0,0.5062516719934297,-0.0011685207427944,0.5005842603713972,0.0010580191157207,445.9122100379318,4677.2822265625,,,,,,,,,,
106,1,106.0,0.0,32.0,32.0,0.6731596440076828,20.0,74.0,0.2702702702702703,7.0,13.0,0.35,0.65,0.1498644407018492,0.1462440782367428,0.1518138666445988,0.0,0.6,0.0021278112754879,1.000000000141764,0.6744886135748296,1.000275921776668e-09,7.0,13.0,0.3,1.8571428571428568,1.0,0.9340680265215904,0.6474466190346326,2.0,0.5093503471689013,-0.0003193363954778,0.5001596681977389,-0.0112741148547673,453.9989379700273,4672.4970703125,,,,,,,,,,
107,1,107.0,0.0,32.0,32.0,0.6748067140579224,21.0,74.0,0.2837837837837837,5.0,16.0,0.238095238095238,0.7619047619047619,0.1493001923681398,0.1475003950104232,0.1498626290424262,0.0,0.6,0.0021278112754879,1.0000000000594529,0.6711103235363172,-6.010009963046141e-09,5.0,16.0,0.5238095238095238,3.2,1.0,0.791858323713583,0.5488743644849945,2.0,0.5046307894245331,0.0003471137461019,0.499826443126949,-0.0021701084057613,449.6730309911072,4683.4833984375,,,,,,,,,,
108,1,108.0,0.0,32.0,32.0,0.639320932328701,16.0,74.0,0.2162162162162162,2.0,14.0,0.125,0.875,0.1506909441137031,0.1474996651475913,0.1511468411088619,0.0,0.6,0.0021278112754879,0.999999999923614,0.6568451242943607,-1.4233586425672418e-09,2.0,14.0,0.75,7.0,1.0,0.5435644143456962,0.3767701412564372,2.0,0.5060142075203772,0.0003796901146415,0.4998101549426792,-0.0060609944880948,444.4646800402552,4668.0009765625,,,,,,,,,,
109,1,109.0,0.0,32.0,32.0,0.6803944483399391,17.0,74.0,0.2297297297297297,5.0,12.0,0.2941176470588235,0.7058823529411765,0.1499788962862215,0.1472050358345213,0.1511346714744299,0.0,0.6,0.0021278112754879,1.0000000001004783,0.6715362501416429,-3.065622497034693e-09,5.0,12.0,0.4117647058823529,2.4,1.0,0.8739810192734573,0.6057974793723041,2.0,0.5061709639701735,-8.12552279967349e-05,0.5000406276139984,-0.0132520558009194,447.87887402344495,4672.1572265625,,,,,,,,,,
110,1,110.0,0.0,32.0,32.0,0.6676164418458939,16.0,74.0,0.2162162162162162,5.0,11.0,0.3125,0.6875,0.1496561915502046,0.1458780203559399,0.1513735420930522,0.0,0.6,0.0021278112754879,0.9999999999547692,0.6763110313881808,5.3736311447857915e-09,5.0,11.0,0.375,2.2,1.0,0.8960382036806569,0.6210863545552453,2.0,0.5076743723541194,-0.0008458980009891,0.5004229490004946,-0.0041982889700919,454.8378400504589,4671.9599609375,,,,,,,,,,
111,1,111.0,0.0,32.0,32.0,0.6752265989780426,20.0,74.0,0.2702702702702703,5.0,15.0,0.25,0.75,0.1509732510676497,0.1479394971453625,0.1519845023750786,0.0,0.6,0.0021278112754879,0.9999999999356664,0.6744255920469745,7.394077330893847e-09,5.0,15.0,0.5,3.0,1.0,0.8112780956052325,0.5623351246188086,2.0,0.506828401468038,-0.0004383092309581,0.5002191546154791,-0.0042936640010189,449.29812604095787,4674.8037109375,,,,,,,,,,
112,1,112.0,0.0,32.0,32.0,0.6836202070116997,18.0,74.0,0.2432432432432432,4.0,14.0,0.2222222222222222,0.7777777777777778,0.1507946329504605,0.1471837924192807,0.1518263016736548,0.0,0.6,0.0021278112754879,0.9999999997853012,0.6687401883427826,3.830948812682038e-10,4.0,14.0,0.5555555555555556,3.5,1.0,0.7642044776547198,0.5297061790576547,2.0,0.5079716221529941,-0.0013560630904976,0.5006780315452488,-0.0029407997011782,451.21687499340624,4671.9814453125,,,,,,,,,,
113,1,113.0,0.0,32.0,32.0,0.647077240049839,19.0,74.0,0.2567567567567567,5.0,14.0,0.2631578947368421,0.7368421052631579,0.1506789543460108,0.1461951089118769,0.1522803277153444,0.0,0.6,0.0021278112754879,0.999999999959503,0.6708447411155867,-7.221587330570261e-10,5.0,14.0,0.4736842105263157,2.8,1.0,0.8314743591558288,0.5763341077567501,2.0,0.5101610271398136,-0.0001607403137313,0.5000803701568657,-0.0080483099206858,446.3616280118004,4672.0537109375,,,,,,,,,,
114,1,114.0,0.0,32.0,32.0,0.6823260858654976,16.0,74.0,0.2162162162162162,5.0,11.0,0.3125,0.6875,0.1496171007946831,0.1456612326535784,0.1514152226770035,0.0,0.6,0.0021278112754879,1.000000000119355,0.6711089796658156,-3.403773645539694e-09,5.0,11.0,0.375,2.2,1.0,0.8960382036806569,0.6210863545552453,2.0,0.5082044759413809,-0.0004086335247848,0.5002043167623924,-0.0092585265127774,452.1824569674209,4664.8916015625,,,,,,,,,,
115,1,115.0,0.0,32.0,32.0,0.6563767865300179,15.0,74.0,0.2027027027027027,3.0,12.0,0.2,0.8,0.1508122988738063,0.1475903217552863,0.1516177931534363,0.0,0.6,0.0021278112754879,1.0000000003490306,0.6687880075525524,-5.834241156066943e-10,3.0,12.0,0.6,4.0,1.0,0.721928066033462,0.5004024035381882,2.0,0.5071882591896971,3.574743459466845e-05,0.4999821262827026,-0.0038503094970609,450.01218607649207,4676.4775390625,,,,,,,,,,
116,1,116.0,0.0,32.0,32.0,0.6290185898542404,17.0,74.0,0.2297297297297297,4.0,13.0,0.2352941176470588,0.7647058823529411,0.1506516328362016,0.1465871257734065,0.1519022503939847,0.0,0.6,0.0021278112754879,0.9999999999376528,0.6561914522372897,-7.793271783350261e-10,4.0,13.0,0.5294117647058824,3.25,1.0,0.7871265573473685,0.5455945539691845,2.0,0.5080866449442698,0.0008057567465584,0.4995971216267207,-0.0074009835699292,453.5472260322422,4668.0009765625,,,,,,,,,,
117,1,117.0,0.0,32.0,32.0,0.6704109385609627,15.0,74.0,0.2027027027027027,2.0,13.0,0.1333333333333333,0.8666666666666667,0.1515309414988098,0.1475396094191033,0.1521449925879955,0.0,0.6,0.0021278112754879,0.999999999942982,0.6675559393296343,-1.1242663193054423e-09,2.0,13.0,0.7333333333333333,6.5,1.0,0.5665094776990051,0.3926744472275525,2.0,0.5087494850130291,-0.000507598670083,0.5002537993350415,-0.0005667381038979,447.9422699660063,4667.7197265625,,,,,,,,,,
118,1,118.0,0.0,32.0,32.0,0.6711229681968689,8.0,74.0,0.1081081081081081,1.0,7.0,0.125,0.875,0.1512116469382652,0.1481578539846642,0.1516479030744939,0.0,0.6,0.0021278112754879,0.9999999999731716,0.6683074398789701,2.9896424242944807e-09,1.0,7.0,0.75,7.0,1.0,0.5435644143456962,0.3767701412564372,2.0,0.5060468541509904,0.000216206186451,0.4998918969067745,-0.0059175491956057,441.5269080782309,4672.1572265625,,,,,,,,,,
119,1,119.0,0.0,32.0,32.0,0.6418705359101295,12.0,74.0,0.1621621621621621,2.0,10.0,0.1666666666666666,0.8333333333333334,0.1496069940219806,0.1445537382643172,0.1506176451735133,0.0,0.6,0.0021278112754879,1.0000000001023603,0.6727422630770009,-6.286569327325765e-09,2.0,10.0,0.6666666666666666,5.0,1.0,0.6500223927944538,0.450561188866305,2.0,0.5052097997520568,-0.0012258692877367,0.5006129346438684,4.012796050880643e-05,446.3692420395091,4677.2822265625,,,,,,,,,,
120,1,120.0,0.0,32.0,32.0,0.6097764894366264,15.0,74.0,0.2027027027027027,4.0,11.0,0.2666666666666666,0.7333333333333333,0.1500536485854924,0.1476267352705954,0.1509361625181823,0.0,0.6,0.0021278112754879,0.9999999998615138,0.6537722334960918,1.0322949316863405e-08,4.0,11.0,0.4666666666666667,2.75,1.0,0.8366407130872668,0.5799151514181011,2.0,0.5061394048684797,-0.0016500981946592,0.5008250490973296,-0.0035384423949805,445.474834064953,4677.2822265625,,,,,,,,,,
121,1,121.0,0.0,32.0,32.0,0.6472608223557472,15.0,74.0,0.2027027027027027,3.0,12.0,0.2,0.8,0.1499768168497287,0.1480625824452263,0.1504553754508544,0.0,0.6,0.0021278112754879,1.000000000294876,0.6792899872542223,-4.2850161911612924e-09,3.0,12.0,0.6,4.0,1.0,0.721928066033462,0.5004024035381882,2.0,0.5040142109364907,-0.0005214904376771,0.5002607452188386,-0.0066205215243931,442.9912390187383,4670.3134765625,,,,,,,,,,
122,1,122.0,0.0,32.0,32.0,0.6302925944328308,13.0,74.0,0.1756756756756756,1.0,12.0,0.0769230769230769,0.9230769230769232,0.1509551967337956,0.1477805313364298,0.1512197521835761,0.0,0.6,0.0021278112754879,0.9999999998908644,0.6701094561791849,2.5000874392494084e-09,1.0,12.0,0.8461538461538461,12.0,1.0,0.3912435347753558,0.2711893530418447,2.0,0.5052712858184282,-0.0005281824269331,0.5002640912134666,-0.0052244486621773,441.8071530526504,4667.4072265625,,,,,,,,,,
123,1,123.0,0.0,32.0,32.0,0.6416856199502945,3.0,74.0,0.0405405405405405,1.0,2.0,0.3333333333333333,0.6666666666666666,0.148982278402725,0.1475185631201287,0.1497141360440231,0.0,0.6,0.0021278112754879,0.9999999999420394,0.6837377500479981,9.979091369867428e-10,1.0,2.0,0.3333333333333333,2.0,1.0,0.918295805200589,0.636514148294813,2.0,0.5039718212153618,-0.0121716652065515,0.5060858326032758,-0.0023238362157453,434.5224390272051,4676.2509765625,,,,,,,,,,
124,1,124.0,0.0,32.0,32.0,0.6421991139650345,12.0,74.0,0.1621621621621621,3.0,9.0,0.25,0.75,0.1503557247833203,0.1477097557779539,0.1512377144517758,0.0,0.6,0.0021278112754879,1.0000000005358465,0.6744156887668127,-6.455871249469522e-09,3.0,9.0,0.5,3.0,1.0,0.8112780956052325,0.5623351246188086,2.0,0.507629182637219,-0.0043122492206748,0.5021561246103374,-0.0028256208305975,443.73611896298826,4669.0634765625,,,,,,,,,,
125,1,125.0,0.0,32.0,32.0,0.6500145494937897,3.0,74.0,0.0405405405405405,0.0,3.0,0.0,1.0,0.1507040968674105,0.0,0.1507040968674105,0.0,0.6,0.0021278112754879,0.999999999949046,0.6705697822147715,2.42303705815899e-09,0.0,3.0,1.0,,0.5,-1.4426950249075512e-08,-9.999999889225293e-09,1.0,0.5025294762112261,-0.0027016010135412,0.5013508005067706,,436.8164819898084,4668.4384765625,,,,,,,,,,
126,1,126.0,0.0,32.0,32.0,0.616616778075695,0.0,74.0,0.0,0.0,0.0,0.0,0.0,0.0,0.0,0.0,0.0,0.6,0.0021278112754879,1.0,0.6663580974026471,0.0,0.0,0.0,,,,,,0.0,,,,,434.0583879966289,4675.8837890625,,,,,,,,,,
127,1,127.0,0.0,32.0,32.0,0.686926506459713,0.0,74.0,0.0,0.0,0.0,0.0,0.0,0.0,0.0,0.0,0.0,0.6,0.0021278112754879,1.0,0.6590497384035154,0.0,0.0,0.0,,,,,,0.0,,,,,430.38544501177967,4672.1572265625,,,,,,,,,,
128,1,128.0,0.0,32.0,32.0,0.6097506135702133,2.0,74.0,0.027027027027027,1.0,1.0,0.5,0.5,0.1488841998731766,0.1479433940877551,0.1498250056585981,0.0,0.6,0.0021278112754879,1.0000000000342075,0.6883085788034656,-1.188198079716608e-09,1.0,1.0,0.0,1.0,1.0,0.9999999711460994,0.6931471605599454,2.0,0.5037193337560779,,,-0.0144699055384373,445.17769489903,4672.8916015625,,,,,,,,,,
129,1,129.0,0.0,32.0,32.0,0.5946418270468712,1.0,74.0,0.0135135135135135,0.0,1.0,0.0,1.0,0.1502533929140883,0.0,0.1502533929140883,0.0,0.6,0.0021278112754879,0.9999999999656658,0.6836693775792254,-1.0722736555650352e-09,0.0,1.0,1.0,,0.5,-1.4426950249075512e-08,-9.999999889225293e-09,1.0,0.5008446430469612,,,,436.952831922099,4675.8837890625,,,,,,,,,,
130,1,130.0,0.0,32.0,32.0,0.5826328620314598,0.0,74.0,0.0,0.0,0.0,0.0,0.0,0.0,0.0,0.0,0.0,0.6,0.0021278112754879,1.0,0.6672759133666645,0.0,0.0,0.0,,,,,,0.0,,,,,519.3572489079088,4667.7197265625,,,,,,,,,,
131,1,131.0,0.0,32.0,32.0,0.583945382386446,2.0,74.0,0.027027027027027,0.0,2.0,0.0,1.0,0.1514320612196042,0.0,0.1514320612196042,0.0,0.6,0.0021278112754879,0.9999999999892673,0.672180668369308,7.449225470702382e-10,0.0,2.0,1.0,,0.5,-1.4426950249075512e-08,-9.999999889225293e-09,1.0,0.5047735373986808,0.0030257489997893,0.4984871255001053,,433.0858089961112,4667.9384765625,,,,,,,,,,
132,1,132.0,0.0,32.0,32.0,0.6337166130542755,1.0,74.0,0.0135135135135135,0.0,1.0,0.0,1.0,0.1502279150836669,0.0,0.1502279150836669,0.0,0.6,0.0021278112754879,1.000000000061506,0.6778639805733978,-1.7815242001212464e-09,0.0,1.0,1.0,,0.5,-1.4426950249075512e-08,-9.999999889225293e-09,1.0,0.5007597169455567,,,,435.69129006937146,4675.8837890625,,,,,,,,,,
133,1,133.0,0.0,32.0,32.0,0.6014471426606178,0.0,74.0,0.0,0.0,0.0,0.0,0.0,0.0,0.0,0.0,0.0,0.6,0.0021278112754879,1.0,0.6848823330226141,0.0,0.0,0.0,,,,,,0.0,,,,,439.3273079767823,4676.2509765625,,,,,,,,,,
134,1,134.0,0.0,32.0,32.0,0.5813900008797646,0.0,74.0,0.0,0.0,0.0,0.0,0.0,0.0,0.0,0.0,0.0,0.6,0.0021278112754879,1.0,0.6678624429019888,0.0,0.0,0.0,,,,,,0.0,,,,,441.4558759890497,4672.1572265625,,,,,,,,,,
135,1,135.0,0.0,32.0,32.0,0.5814907848834991,2.0,74.0,0.027027027027027,0.0,2.0,0.0,1.0,0.1509366347351465,0.0,0.1509366347351465,0.0,0.6,0.0021278112754879,1.000000000006233,0.6846913343092226,1.53536124467377e-09,0.0,2.0,1.0,,0.5,-1.4426950249075512e-08,-9.999999889225293e-09,1.0,0.5031221157838217,-0.0011108125327154,0.5005554062663577,,437.9238209221512,4668.0009765625,,,,,,,,,,
136,1,136.0,0.0,32.0,32.0,0.591915238648653,0.0,74.0,0.0,0.0,0.0,0.0,0.0,0.0,0.0,0.0,0.0,0.6,0.0021278112754879,1.0,0.6857497131013893,0.0,0.0,0.0,,,,,,0.0,,,,,433.6141370004043,4668.4384765625,,,,,,,,,,
137,1,137.0,0.0,32.0,32.0,0.5926329866051674,0.0,74.0,0.0,0.0,0.0,0.0,0.0,0.0,0.0,0.0,0.0,0.6,0.0021278112754879,1.0,0.6897229161302588,0.0,0.0,0.0,,,,,,0.0,,,,,437.7194429980591,4668.1572265625,,,,,,,,,,
138,1,138.0,0.0,32.0,32.0,0.581489309668541,0.0,74.0,0.0,0.0,0.0,0.0,0.0,0.0,0.0,0.0,0.0,0.6,0.0021278112754879,1.0,0.6842414470436285,0.0,0.0,0.0,,,,,,0.0,,,,,442.0252440031618,4675.8837890625,,,,,,,,,,
139,1,139.0,0.0,32.0,32.0,0.6463198885321617,0.0,74.0,0.0,0.0,0.0,0.0,0.0,0.0,0.0,0.0,0.0,0.6,0.0021278112754879,1.0,0.6775896467507467,0.0,0.0,0.0,,,,,,0.0,,,,,441.3877599872649,4667.4072265625,,,,,,,,,,
140,1,140.0,0.0,32.0,32.0,0.5714053437113762,0.0,74.0,0.0,0.0,0.0,0.0,0.0,0.0,0.0,0.0,0.0,0.6,0.0021278112754879,1.0,0.6954582360718066,0.0,0.0,0.0,,,,,,0.0,,,,,435.8977959491313,4677.2822265625,,,,,,,,,,
141,1,141.0,0.0,32.0,32.0,0.5352683924138546,0.0,74.0,0.0,0.0,0.0,0.0,0.0,0.0,0.0,0.0,0.0,0.6,0.0021278112754879,1.0,0.6891549232239211,0.0,0.0,0.0,,,,,,0.0,,,,,437.4585610348731,4667.4072265625,,,,,,,,,,
142,1,142.0,0.0,32.0,32.0,0.5746716111898422,0.0,74.0,0.0,0.0,0.0,0.0,0.0,0.0,0.0,0.0,0.0,0.6,0.0021278112754879,1.0,0.6839826449083929,0.0,0.0,0.0,,,,,,0.0,,,,,443.2555859675631,4664.8916015625,,,,,,,,,,
143,1,143.0,0.0,32.0,32.0,0.5513418912887573,0.0,74.0,0.0,0.0,0.0,0.0,0.0,0.0,0.0,0.0,0.0,0.6,0.0021278112754879,1.0,0.6825809780017857,0.0,0.0,0.0,,,,,,0.0,,,,,441.24826800543815,4671.2353515625,,,,,,,,,,
144,1,144.0,0.0,32.0,32.0,0.5325622111558914,3.0,74.0,0.0405405405405405,1.0,2.0,0.3333333333333333,0.6666666666666666,0.1486279247079366,0.1457857470953782,0.1500490135142158,0.0,0.6,0.0021278112754879,1.00000000003016,0.6837242673845516,-2.5774780312135656e-09,1.0,2.0,0.3333333333333333,2.0,1.0,0.918295805200589,0.636514148294813,2.0,0.5063700534846299,-0.0088757155463099,0.504437857773155,0.0004929925911876,440.9838789142668,4680.5556640625,,,,,,,,,,
145,1,145.0,0.0,32.0,32.0,0.5645204484462738,0.0,74.0,0.0,0.0,0.0,0.0,0.0,0.0,0.0,0.0,0.0,0.6,0.0021278112754879,1.0,0.6857590468589607,0.0,0.0,0.0,,,,,,0.0,,,,,435.3396480437368,4671.2353515625,,,,,,,,,,
146,1,146.0,0.0,32.0,32.0,0.5321509167551994,0.0,74.0,0.0,0.0,0.0,0.0,0.0,0.0,0.0,0.0,0.0,0.6,0.0021278112754879,1.0,0.6689356585700589,0.0,0.0,0.0,,,,,,0.0,,,,,446.8895250465721,4672.7353515625,,,,,,,,,,
147,1,147.0,0.0,32.0,32.0,0.4918994642794132,0.0,74.0,0.0,0.0,0.0,0.0,0.0,0.0,0.0,0.0,0.0,0.6,0.0021278112754879,1.0,0.6794999388513805,0.0,0.0,0.0,,,,,,0.0,,,,,444.3371780216694,4664.8916015625,,,,,,,,,,
148,1,148.0,0.0,32.0,32.0,0.5690471827983856,0.0,74.0,0.0,0.0,0.0,0.0,0.0,0.0,0.0,0.0,0.0,0.6,0.0021278112754879,1.0,0.6877515712087785,0.0,0.0,0.0,,,,,,0.0,,,,,443.0599269689992,4669.0634765625,,,,,,,,,,
149,1,149.0,0.0,32.0,32.0,0.5317151136696339,0.0,74.0,0.0,0.0,0.0,0.0,0.0,0.0,0.0,0.0,0.0,0.6,0.0021278112754879,1.0,0.6812922639034241,0.0,0.0,0.0,,,,,,0.0,,,,,433.1625340273604,4664.8916015625,,,,,,,,,,
150,1,150.0,0.0,32.0,32.0,0.5285966731607914,0.0,74.0,0.0,0.0,0.0,0.0,0.0,0.0,0.0,0.0,0.0,0.6,0.0021278112754879,1.0,0.6827658031043868,0.0,0.0,0.0,,,,,,0.0,,,,,441.03026494849473,4668.5166015625,,,,,,,,,,
151,1,151.0,0.0,32.0,32.0,0.5296592488884926,0.0,74.0,0.0,0.0,0.0,0.0,0.0,0.0,0.0,0.0,0.0,0.6,0.0021278112754879,1.0,0.6943986121338631,0.0,0.0,0.0,,,,,,0.0,,,,,441.5905060013756,4667.9384765625,,,,,,,,,,
152,1,152.0,0.0,32.0,32.0,0.5770524181425571,0.0,74.0,0.0,0.0,0.0,0.0,0.0,0.0,0.0,0.0,0.0,0.6,0.0021278112754879,1.0,0.6799769953332072,0.0,0.0,0.0,,,,,,0.0,,,,,443.2569310301915,4676.4775390625,,,,,,,,,,
153,1,153.0,0.0,32.0,32.0,0.5649731568992138,0.0,74.0,0.0,0.0,0.0,0.0,0.0,0.0,0.0,0.0,0.0,0.6,0.0021278112754879,1.0,0.6820535186350132,0.0,0.0,0.0,,,,,,0.0,,,,,442.4143120413646,4672.1572265625,,,,,,,,,,
154,1,154.0,0.0,32.0,32.0,0.5298764556646347,0.0,74.0,0.0,0.0,0.0,0.0,0.0,0.0,0.0,0.0,0.0,0.6,0.0021278112754879,1.0,0.6935931334602214,0.0,0.0,0.0,,,,,,0.0,,,,,444.0776080591604,4667.1728515625,,,,,,,,,,
155,1,155.0,0.0,32.0,32.0,0.4496994204819202,0.0,74.0,0.0,0.0,0.0,0.0,0.0,0.0,0.0,0.0,0.0,0.6,0.0021278112754879,1.0,0.6898438557506938,0.0,0.0,0.0,,,,,,0.0,,,,,442.8729310166091,4667.7197265625,,,,,,,,,,
156,1,156.0,0.0,32.0,32.0,0.4850594848394394,0.0,74.0,0.0,0.0,0.0,0.0,0.0,0.0,0.0,0.0,0.0,0.6,0.0021278112754879,1.0,0.6842235599001357,0.0,0.0,0.0,,,,,,0.0,,,,,440.2157729491592,4680.5556640625,,,,,,,,,,
157,1,157.0,0.0,32.0,32.0,0.4612784385681152,0.0,74.0,0.0,0.0,0.0,0.0,0.0,0.0,0.0,0.0,0.0,0.6,0.0021278112754879,1.0,0.6910175543077205,0.0,0.0,0.0,,,,,,0.0,,,,,437.7045059809461,4672.7353515625,,,,,,,,,,
158,1,158.0,0.0,32.0,32.0,0.4441639669239521,0.0,74.0,0.0,0.0,0.0,0.0,0.0,0.0,0.0,0.0,0.0,0.6,0.0021278112754879,1.0,0.6899460426354448,0.0,0.0,0.0,,,,,,0.0,,,,,435.2061999961734,4675.8837890625,,,,,,,,,,
159,1,159.0,0.0,32.0,32.0,0.4107472244650125,0.0,74.0,0.0,0.0,0.0,0.0,0.0,0.0,0.0,0.0,0.0,0.6,0.0021278112754879,1.0,0.6932371122776236,0.0,0.0,0.0,,,,,,0.0,,,,,434.0129349147901,4668.7041015625,,,,,,,,,,
160,1,160.0,0.0,32.0,32.0,0.4998571146279573,0.0,74.0,0.0,0.0,0.0,0.0,0.0,0.0,0.0,0.0,0.0,0.6,0.0021278112754879,1.0,0.6830145933105976,0.0,0.0,0.0,,,,,,0.0,,,,,441.4448370225728,4661.1884765625,,,,,,,,,,
161,1,161.0,0.0,32.0,32.0,0.4382668323814869,0.0,74.0,0.0,0.0,0.0,0.0,0.0,0.0,0.0,0.0,0.0,0.6,0.0021278112754879,1.0,0.6893247151057647,0.0,0.0,0.0,,,,,,0.0,,,,,436.79636099841446,4668.5166015625,,,,,,,,,,
162,1,162.0,0.0,32.0,32.0,0.4755243845283985,0.0,74.0,0.0,0.0,0.0,0.0,0.0,0.0,0.0,0.0,0.0,0.6,0.0021278112754879,1.0,0.6909819278756104,0.0,0.0,0.0,,,,,,0.0,,,,,442.0945239253342,4667.1728515625,,,,,,,,,,
163,1,163.0,0.0,32.0,32.0,0.3423835448920727,0.0,74.0,0.0,0.0,0.0,0.0,0.0,0.0,0.0,0.0,0.0,0.6,0.0021278112754879,1.0,0.6961216691342045,0.0,0.0,0.0,,,,,,0.0,,,,,434.7419269615784,4668.5166015625,,,,,,,,,,
164,1,164.0,0.0,32.0,32.0,0.3990563303232193,0.0,74.0,0.0,0.0,0.0,0.0,0.0,0.0,0.0,0.0,0.0,0.6,0.0021278112754879,1.0,0.6896436782166443,0.0,0.0,0.0,,,,,,0.0,,,,,444.1487769363448,4668.0009765625,,,,,,,,,,
165,1,165.0,0.0,32.0,32.0,0.4334032051265239,0.0,74.0,0.0,0.0,0.0,0.0,0.0,0.0,0.0,0.0,0.0,0.6,0.0021278112754879,1.0,0.6868394096953765,0.0,0.0,0.0,,,,,,0.0,,,,,443.25081002898514,4668.3134765625,,,,,,,,,,
166,1,166.0,0.0,32.0,32.0,0.560749551281333,0.0,74.0,0.0,0.0,0.0,0.0,0.0,0.0,0.0,0.0,0.0,0.6,0.0021278112754879,1.0,0.6946188888532246,0.0,0.0,0.0,,,,,,0.0,,,,,443.3214790187776,4667.7197265625,,,,,,,,,,
167,1,167.0,0.0,32.0,32.0,0.4570252746343612,0.0,74.0,0.0,0.0,0.0,0.0,0.0,0.0,0.0,0.0,0.0,0.6,0.0021278112754879,1.0,0.6861531803054614,0.0,0.0,0.0,,,,,,0.0,,,,,434.8120850045234,4671.2353515625,,,,,,,,,,
168,1,168.0,0.0,32.0,32.0,0.278556291013956,0.0,74.0,0.0,0.0,0.0,0.0,0.0,0.0,0.0,0.0,0.0,0.6,0.0021278112754879,1.0,0.692971964526404,0.0,0.0,0.0,,,,,,0.0,,,,,446.1056379368529,4672.1572265625,,,,,,,,,,
169,1,169.0,0.0,32.0,32.0,0.3696932140737772,0.0,74.0,0.0,0.0,0.0,0.0,0.0,0.0,0.0,0.0,0.0,0.6,0.0021278112754879,1.0,0.6931258837145543,0.0,0.0,0.0,,,,,,0.0,,,,,443.06247192434967,4677.2822265625,,,,,,,,,,
170,1,170.0,0.0,32.0,32.0,0.3531943932175636,0.0,74.0,0.0,0.0,0.0,0.0,0.0,0.0,0.0,0.0,0.0,0.6,0.0021278112754879,1.0,0.6863898760484392,0.0,0.0,0.0,,,,,,0.0,,,,,443.5895390342921,4668.0009765625,,,,,,,,,,
171,1,171.0,0.0,32.0,32.0,0.3391058705747127,0.0,74.0,0.0,0.0,0.0,0.0,0.0,0.0,0.0,0.0,0.0,0.6,0.0021278112754879,1.0,0.6992834386113884,0.0,0.0,0.0,,,,,,0.0,,,,,439.5292440894991,4667.9384765625,,,,,,,,,,
172,1,172.0,0.0,32.0,32.0,0.3516595214605331,0.0,74.0,0.0,0.0,0.0,0.0,0.0,0.0,0.0,0.0,0.0,0.6,0.0021278112754879,1.0,0.6827204246846649,0.0,0.0,0.0,,,,,,0.0,,,,,445.18023601267487,4667.4072265625,,,,,,,,,,
173,1,173.0,0.0,32.0,32.0,0.311965623870492,0.0,74.0,0.0,0.0,0.0,0.0,0.0,0.0,0.0,0.0,0.0,0.6,0.0021278112754879,1.0,0.6918356396150535,0.0,0.0,0.0,,,,,,0.0,,,,,434.455138980411,4661.1884765625,,,,,,,,,,
174,1,174.0,0.0,32.0,32.0,0.4622366484254598,0.0,74.0,0.0,0.0,0.0,0.0,0.0,0.0,0.0,0.0,0.0,0.6,0.0021278112754879,1.0,0.6974106236671987,0.0,0.0,0.0,,,,,,0.0,,,,,441.3984069833532,4669.0634765625,,,,,,,,,,
175,1,175.0,0.0,32.0,32.0,0.4267209880053997,0.0,74.0,0.0,0.0,0.0,0.0,0.0,0.0,0.0,0.0,0.0,0.6,0.0021278112754879,1.0,0.6858702617937076,0.0,0.0,0.0,,,,,,0.0,,,,,436.7224639281631,4664.8916015625,,,,,,,,,,
176,1,176.0,0.0,32.0,32.0,0.3379852827638387,0.0,74.0,0.0,0.0,0.0,0.0,0.0,0.0,0.0,0.0,0.0,0.6,0.0021278112754879,1.0,0.6964302221389695,0.0,0.0,0.0,,,,,,0.0,,,,,432.2640630416572,4667.6259765625,,,,,,,,,,
177,1,177.0,0.0,32.0,32.0,0.2090681809931993,0.0,74.0,0.0,0.0,0.0,0.0,0.0,0.0,0.0,0.0,0.0,0.6,0.0021278112754879,1.0,0.6894551715587041,0.0,0.0,0.0,,,,,,0.0,,,,,436.5831069881097,4664.8916015625,,,,,,,,,,
178,1,178.0,0.0,32.0,32.0,0.4792691450566053,0.0,74.0,0.0,0.0,0.0,0.0,0.0,0.0,0.0,0.0,0.0,0.6,0.0021278112754879,1.0,0.6915545524309176,0.0,0.0,0.0,,,,,,0.0,,,,,441.2730979966,4668.5166015625,,,,,,,,,,
179,1,179.0,0.0,32.0,32.0,0.4223857000470161,0.0,74.0,0.0,0.0,0.0,0.0,0.0,0.0,0.0,0.0,0.0,0.6,0.0021278112754879,1.0,0.695526095463216,0.0,0.0,0.0,,,,,,0.0,,,,,439.2166669713333,4666.8134765625,,,,,,,,,,
180,1,180.0,0.0,32.0,32.0,0.4057891350239515,0.0,74.0,0.0,0.0,0.0,0.0,0.0,0.0,0.0,0.0,0.0,0.6,0.0021278112754879,1.0,0.6962543656404376,0.0,0.0,0.0,,,,,,0.0,,,,,435.461433022283,4667.9384765625,,,,,,,,,,
181,1,181.0,0.0,32.0,32.0,0.2970326757058501,0.0,74.0,0.0,0.0,0.0,0.0,0.0,0.0,0.0,0.0,0.0,0.6,0.0021278112754879,1.0,0.6940221489313287,0.0,0.0,0.0,,,,,,0.0,,,,,432.3612700682133,4667.4072265625,,,,,,,,,,
182,1,182.0,0.0,32.0,32.0,0.3028654959052801,0.0,74.0,0.0,0.0,0.0,0.0,0.0,0.0,0.0,0.0,0.0,0.6,0.0021278112754879,1.0,0.6885607244432944,0.0,0.0,0.0,,,,,,0.0,,,,,443.76056804321706,4671.4228515625,,,,,,,,,,
183,1,183.0,0.0,32.0,32.0,0.3161088181659579,0.0,74.0,0.0,0.0,0.0,0.0,0.0,0.0,0.0,0.0,0.0,0.6,0.0021278112754879,1.0,0.6975722180233062,0.0,0.0,0.0,,,,,,0.0,,,,,441.886099986732,4672.8916015625,,,,,,,,,,
184,1,184.0,0.0,32.0,32.0,0.2251780238002538,0.0,74.0,0.0,0.0,0.0,0.0,0.0,0.0,0.0,0.0,0.0,0.6,0.0021278112754879,1.0,0.6880903206093891,0.0,0.0,0.0,,,,,,0.0,,,,,439.66901395469904,4661.1884765625,,,,,,,,,,
185,1,185.0,0.0,32.0,32.0,0.2810938581824302,0.0,74.0,0.0,0.0,0.0,0.0,0.0,0.0,0.0,0.0,0.0,0.6,0.0021278112754879,1.0,0.6954301229724406,0.0,0.0,0.0,,,,,,0.0,,,,,435.5795939918608,4666.8134765625,,,,,,,,,,
186,1,186.0,0.0,32.0,32.0,0.3779797628521919,0.0,74.0,0.0,0.0,0.0,0.0,0.0,0.0,0.0,0.0,0.0,0.6,0.0021278112754879,1.0,0.695229281318086,0.0,0.0,0.0,,,,,,0.0,,,,,444.002206902951,4668.7041015625,,,,,,,,,,
187,1,187.0,0.0,32.0,32.0,0.3244630843400955,0.0,74.0,0.0,0.0,0.0,0.0,0.0,0.0,0.0,0.0,0.0,0.6,0.0021278112754879,1.0,0.6950831212701944,0.0,0.0,0.0,,,,,,0.0,,,,,444.8643539799377,4666.8134765625,,,,,,,,,,
188,1,188.0,0.0,32.0,32.0,0.3315572310239076,0.0,74.0,0.0,0.0,0.0,0.0,0.0,0.0,0.0,0.0,0.0,0.6,0.0021278112754879,1.0,0.69967999014672,0.0,0.0,0.0,,,,,,0.0,,,,,441.2374310195446,4667.6259765625,,,,,,,,,,
189,1,189.0,0.0,32.0,32.0,0.3036874188110232,0.0,74.0,0.0,0.0,0.0,0.0,0.0,0.0,0.0,0.0,0.0,0.6,0.0021278112754879,1.0,0.7001652358795312,0.0,0.0,0.0,,,,,,0.0,,,,,439.2202299786732,4676.4775390625,,,,,,,,,,
190,1,190.0,0.0,32.0,32.0,0.1882467353716492,0.0,74.0,0.0,0.0,0.0,0.0,0.0,0.0,0.0,0.0,0.0,0.6,0.0021278112754879,1.0,0.6925805812942144,0.0,0.0,0.0,,,,,,0.0,,,,,442.2976679634303,4668.4384765625,,,,,,,,,,
191,1,191.0,0.0,32.0,32.0,0.3427456235513091,0.0,74.0,0.0,0.0,0.0,0.0,0.0,0.0,0.0,0.0,0.0,0.6,0.0021278112754879,1.0,0.705473067101925,0.0,0.0,0.0,,,,,,0.0,,,,,441.948635969311,4671.4228515625,,,,,,,,,,
192,1,192.0,0.0,32.0,32.0,0.3370854686945677,0.0,74.0,0.0,0.0,0.0,0.0,0.0,0.0,0.0,0.0,0.0,0.6,0.0021278112754879,1.0,0.6930954793381986,0.0,0.0,0.0,,,,,,0.0,,,,,445.404123980552,4668.5166015625,,,,,,,,,,
193,1,193.0,0.0,32.0,32.0,0.259109552949667,0.0,74.0,0.0,0.0,0.0,0.0,0.0,0.0,0.0,0.0,0.0,0.6,0.0021278112754879,1.0,0.692775918530439,0.0,0.0,0.0,,,,,,0.0,,,,,442.7638140041381,4672.7353515625,,,,,,,,,,
194,1,194.0,0.0,32.0,32.0,0.283154372125864,0.0,74.0,0.0,0.0,0.0,0.0,0.0,0.0,0.0,0.0,0.0,0.6,0.0021278112754879,1.0,0.6896491642501554,0.0,0.0,0.0,,,,,,0.0,,,,,437.85439897328615,4672.7353515625,,,,,,,,,,
195,1,195.0,0.0,32.0,32.0,0.3096151445060968,0.0,74.0,0.0,0.0,0.0,0.0,0.0,0.0,0.0,0.0,0.0,0.6,0.0021278112754879,1.0,0.6983261469644819,0.0,0.0,0.0,,,,,,0.0,,,,,441.8500229949132,4672.1572265625,,,,,,,,,,
196,1,196.0,0.0,32.0,32.0,0.4991672225296497,0.0,74.0,0.0,0.0,0.0,0.0,0.0,0.0,0.0,0.0,0.0,0.6,0.0021278112754879,1.0,0.6944862678039578,0.0,0.0,0.0,,,,,,0.0,,,,,444.6315650129691,4669.0634765625,,,,,,,,,,
197,1,197.0,0.0,32.0,32.0,0.2398078460246324,0.0,74.0,0.0,0.0,0.0,0.0,0.0,0.0,0.0,0.0,0.0,0.6,0.0021278112754879,1.0,0.6903631993094718,0.0,0.0,0.0,,,,,,0.0,,,,,440.0370909133926,4666.8134765625,,,,,,,,,,
198,1,198.0,0.0,32.0,32.0,0.31868492718786,0.0,74.0,0.0,0.0,0.0,0.0,0.0,0.0,0.0,0.0,0.0,0.6,0.0021278112754879,1.0,0.6931979690007881,0.0,0.0,0.0,,,,,,0.0,,,,,442.3582860035822,4672.1572265625,,,,,,,,,,
199,1,199.0,0.0,32.0,32.0,0.2511266665533185,0.0,74.0,0.0,0.0,0.0,0.0,0.0,0.0,0.0,0.0,0.0,0.6,0.0021278112754879,1.0,0.7021185057197269,0.0,0.0,0.0,,,,,,0.0,,,,,439.2154300585389,4664.0322265625,,,,,,,,,,
200,1,200.0,0.0,32.0,32.0,0.2354201385751366,0.0,74.0,0.0,0.0,0.0,0.0,0.0,0.0,0.0,0.0,0.0,0.6,0.0021278112754879,1.0,0.6910579048875188,0.0,0.0,0.0,,,,,,0.0,,,,,444.62744100019336,4676.2509765625,,,,,,,,,,
201,1,201.0,0.0,32.0,32.0,0.2985783889889717,0.0,74.0,0.0,0.0,0.0,0.0,0.0,0.0,0.0,0.0,0.0,0.6,0.0021278112754879,1.0,0.6951975002506522,0.0,0.0,0.0,,,,,,0.0,,,,,437.5955570721999,4676.2509765625,,,,,,,,,,
202,1,202.0,0.0,32.0,32.0,0.3740001516416669,0.0,74.0,0.0,0.0,0.0,0.0,0.0,0.0,0.0,0.0,0.0,0.6,0.0021278112754879,1.0,0.694544768845247,0.0,0.0,0.0,,,,,,0.0,,,,,439.2220659647137,4676.2509765625,,,,,,,,,,
203,1,203.0,0.0,32.0,32.0,0.4578753672540188,0.0,74.0,0.0,0.0,0.0,0.0,0.0,0.0,0.0,0.0,0.0,0.6,0.0021278112754879,1.0,0.6899174048527574,0.0,0.0,0.0,,,,,,0.0,,,,,433.3653590874746,4671.2353515625,,,,,,,,,,
204,1,204.0,0.0,32.0,32.0,0.2674742322415113,0.0,74.0,0.0,0.0,0.0,0.0,0.0,0.0,0.0,0.0,0.0,0.6,0.0021278112754879,1.0,0.6959531801642532,0.0,0.0,0.0,,,,,,0.0,,,,,438.1165159866214,4667.6259765625,,,,,,,,,,
205,1,205.0,0.0,32.0,32.0,0.1945369867607951,0.0,74.0,0.0,0.0,0.0,0.0,0.0,0.0,0.0,0.0,0.0,0.6,0.0021278112754879,1.0,0.6915074016601472,0.0,0.0,0.0,,,,,,0.0,,,,,440.5486799078062,4672.1572265625,,,,,,,,,,
206,1,206.0,0.0,32.0,32.0,0.2208435302600264,0.0,74.0,0.0,0.0,0.0,0.0,0.0,0.0,0.0,0.0,0.0,0.6,0.0021278112754879,1.0,0.697107529670686,0.0,0.0,0.0,,,,,,0.0,,,,,440.84996299352497,4671.4228515625,,,,,,,,,,
207,1,207.0,0.0,32.0,32.0,0.2452271310612559,0.0,74.0,0.0,0.0,0.0,0.0,0.0,0.0,0.0,0.0,0.0,0.6,0.0021278112754879,1.0,0.6974033453174503,0.0,0.0,0.0,,,,,,0.0,,,,,436.46967108361423,4668.3134765625,,,,,,,,,,
208,1,208.0,0.0,32.0,32.0,0.3436044305562973,0.0,74.0,0.0,0.0,0.0,0.0,0.0,0.0,0.0,0.0,0.0,0.6,0.0021278112754879,1.0,0.6879707967472538,0.0,0.0,0.0,,,,,,0.0,,,,,516.8454479426146,4667.4072265625,,,,,,,,,,
209,1,209.0,0.0,32.0,32.0,0.2959624622017145,0.0,74.0,0.0,0.0,0.0,0.0,0.0,0.0,0.0,0.0,0.0,0.6,0.0021278112754879,1.0,0.6853426561820902,0.0,0.0,0.0,,,,,,0.0,,,,,439.8059550439939,4664.8916015625,,,,,,,,,,
210,1,210.0,0.0,32.0,32.0,0.3037851629778743,0.0,74.0,0.0,0.0,0.0,0.0,0.0,0.0,0.0,0.0,0.0,0.6,0.0021278112754879,1.0,0.6902910870020509,0.0,0.0,0.0,,,,,,0.0,,,,,443.62340902443975,4664.8916015625,,,,,,,,,,
211,1,211.0,0.0,32.0,32.0,0.351316325366497,0.0,74.0,0.0,0.0,0.0,0.0,0.0,0.0,0.0,0.0,0.0,0.6,0.0021278112754879,1.0,0.6944881651530426,0.0,0.0,0.0,,,,,,0.0,,,,,436.4947540452704,4667.6259765625,,,,,,,,,,
212,1,212.0,0.0,32.0,32.0,0.3337654145434499,0.0,74.0,0.0,0.0,0.0,0.0,0.0,0.0,0.0,0.0,0.0,0.6,0.0021278112754879,1.0,0.6871660428523223,0.0,0.0,0.0,,,,,,0.0,,,,,437.2507110238075,4676.4775390625,,,,,,,,,,
213,1,213.0,0.0,32.0,32.0,0.2172635188326239,0.0,74.0,0.0,0.0,0.0,0.0,0.0,0.0,0.0,0.0,0.0,0.6,0.0021278112754879,1.0,0.7009936095896526,0.0,0.0,0.0,,,,,,0.0,,,,,435.5081979883835,4668.0009765625,,,,,,,,,,
214,1,214.0,0.0,32.0,32.0,0.1325134048238396,0.0,74.0,0.0,0.0,0.0,0.0,0.0,0.0,0.0,0.0,0.0,0.6,0.0021278112754879,1.0,0.6942173754087602,0.0,0.0,0.0,,,,,,0.0,,,,,447.6099039893597,4666.8134765625,,,,,,,,,,
215,1,215.0,0.0,32.0,32.0,0.2990450179204345,0.0,74.0,0.0,0.0,0.0,0.0,0.0,0.0,0.0,0.0,0.0,0.6,0.0021278112754879,1.0,0.6932621588388165,0.0,0.0,0.0,,,,,,0.0,,,,,437.77988490182906,4677.2822265625,,,,,,,,,,
216,1,216.0,0.0,32.0,32.0,0.3176084021106362,0.0,74.0,0.0,0.0,0.0,0.0,0.0,0.0,0.0,0.0,0.0,0.6,0.0021278112754879,1.0,0.6920694968697683,0.0,0.0,0.0,,,,,,0.0,,,,,443.0691449670121,4669.0634765625,,,,,,,,,,
217,1,217.0,0.0,32.0,32.0,0.2611980717629194,0.0,74.0,0.0,0.0,0.0,0.0,0.0,0.0,0.0,0.0,0.0,0.6,0.0021278112754879,1.0,0.687880248437435,0.0,0.0,0.0,,,,,,0.0,,,,,437.54740699660033,4671.4228515625,,,,,,,,,,
218,1,218.0,0.0,32.0,32.0,0.3700820039957762,0.0,74.0,0.0,0.0,0.0,0.0,0.0,0.0,0.0,0.0,0.0,0.6,0.0021278112754879,1.0,0.6879606850543741,0.0,0.0,0.0,,,,,,0.0,,,,,447.1912499284372,4671.0009765625,,,,,,,,,,
219,1,219.0,0.0,32.0,32.0,0.4106412911787629,0.0,74.0,0.0,0.0,0.0,0.0,0.0,0.0,0.0,0.0,0.0,0.6,0.0021278112754879,1.0,0.6957127495630011,0.0,0.0,0.0,,,,,,0.0,,,,,444.813268026337,4669.0634765625,,,,,,,,,,
220,1,220.0,0.0,32.0,32.0,0.3146345419809222,0.0,74.0,0.0,0.0,0.0,0.0,0.0,0.0,0.0,0.0,0.0,0.6,0.0021278112754879,1.0,0.6965304457594509,0.0,0.0,0.0,,,,,,0.0,,,,,447.35711195971817,4666.8134765625,,,,,,,,,,
221,1,221.0,0.0,32.0,32.0,0.2478281185030937,0.0,74.0,0.0,0.0,0.0,0.0,0.0,0.0,0.0,0.0,0.0,0.6,0.0021278112754879,1.0,0.6924122325705553,0.0,0.0,0.0,,,,,,0.0,,,,,440.0305430172011,4676.4775390625,,,,,,,,,,
222,1,222.0,0.0,32.0,32.0,0.3331648102030158,0.0,74.0,0.0,0.0,0.0,0.0,0.0,0.0,0.0,0.0,0.0,0.6,0.0021278112754879,1.0,0.6997939336567744,0.0,0.0,0.0,,,,,,0.0,,,,,441.5425270562992,4666.8134765625,,,,,,,,,,
223,1,223.0,0.0,32.0,32.0,0.1584155894815921,0.0,74.0,0.0,0.0,0.0,0.0,0.0,0.0,0.0,0.0,0.0,0.6,0.0021278112754879,1.0,0.7010458404643536,0.0,0.0,0.0,,,,,,0.0,,,,,446.3819570373744,4668.1572265625,,,,,,,,,,
224,1,224.0,0.0,32.0,32.0,0.3905543955042958,0.0,74.0,0.0,0.0,0.0,0.0,0.0,0.0,0.0,0.0,0.0,0.6,0.0021278112754879,1.0,0.6930407460736497,0.0,0.0,0.0,,,,,,0.0,,,,,446.45905506331474,4661.1884765625,,,,,,,,,,
225,1,225.0,0.0,32.0,32.0,0.3759639393538236,0.0,74.0,0.0,0.0,0.0,0.0,0.0,0.0,0.0,0.0,0.0,0.6,0.0021278112754879,1.0,0.6908181216441887,0.0,0.0,0.0,,,,,,0.0,,,,,443.56045906897634,4672.1572265625,,,,,,,,,,
226,1,226.0,0.0,32.0,32.0,0.245662810280919,0.0,74.0,0.0,0.0,0.0,0.0,0.0,0.0,0.0,0.0,0.0,0.6,0.0021278112754879,1.0,0.6897058962667354,0.0,0.0,0.0,,,,,,0.0,,,,,437.9938140045852,4667.6259765625,,,,,,,,,,
227,1,227.0,0.0,32.0,32.0,0.1739451987668872,0.0,74.0,0.0,0.0,0.0,0.0,0.0,0.0,0.0,0.0,0.0,0.6,0.0021278112754879,1.0,0.6928370498320081,0.0,0.0,0.0,,,,,,0.0,,,,,444.4940990069881,4668.5166015625,,,,,,,,,,
228,1,228.0,0.0,32.0,32.0,0.3267422672361135,0.0,74.0,0.0,0.0,0.0,0.0,0.0,0.0,0.0,0.0,0.0,0.6,0.0021278112754879,1.0,0.6901798959791393,0.0,0.0,0.0,,,,,,0.0,,,,,443.7626410508528,4667.6259765625,,,,,,,,,,
229,1,229.0,0.0,32.0,32.0,0.275699651800096,0.0,74.0,0.0,0.0,0.0,0.0,0.0,0.0,0.0,0.0,0.0,0.6,0.0021278112754879,1.0,0.6971427781749234,0.0,0.0,0.0,,,,,,0.0,,,,,444.5507579948753,4672.1572265625,,,,,,,,,,
230,1,230.0,0.0,32.0,32.0,0.3322897320613265,0.0,74.0,0.0,0.0,0.0,0.0,0.0,0.0,0.0,0.0,0.0,0.6,0.0021278112754879,1.0,0.6958436158880664,0.0,0.0,0.0,,,,,,0.0,,,,,444.03060199692845,4668.7353515625,,,,,,,,,,
231,1,231.0,0.0,32.0,32.0,0.0800807657651603,16.0,74.0,0.2162162162162162,3.0,13.0,0.1875,0.8125,0.1508479826214489,0.1464562834116812,0.1518614516698568,0.0,0.6,0.0021278112754879,0.9999999999763488,0.6918486589537044,-7.530928420288432e-10,3.0,13.0,0.625,4.333333333333333,1.0,0.6962122312712454,0.4825775451770123,2.0,0.5077673286204762,-0.0004309279429435,0.5002154639714718,-0.0020397480990043,446.4496610453352,4680.5556640625,,,,,,,,,,
232,1,232.0,0.0,32.0,32.0,0.4094456126913428,0.0,74.0,0.0,0.0,0.0,0.0,0.0,0.0,0.0,0.0,0.0,0.6,0.0021278112754879,1.0,0.6885231891886354,0.0,0.0,0.0,,,,,,0.0,,,,,441.9068780262023,4661.1884765625,,,,,,,,,,
233,1,233.0,0.0,32.0,32.0,0.2381596779450774,0.0,74.0,0.0,0.0,0.0,0.0,0.0,0.0,0.0,0.0,0.0,0.6,0.0021278112754879,1.0,0.6997361009896638,0.0,0.0,0.0,,,,,,0.0,,,,,440.7715229317546,4668.7353515625,,,,,,,,,,
234,1,234.0,0.0,32.0,32.0,0.2756118443794548,0.0,74.0,0.0,0.0,0.0,0.0,0.0,0.0,0.0,0.0,0.0,0.6,0.0021278112754879,1.0,0.688979973384535,0.0,0.0,0.0,,,,,,0.0,,,,,441.034201066941,4675.8837890625,,,,,,,,,,
235,1,235.0,0.0,32.0,32.0,0.3030265029519796,0.0,74.0,0.0,0.0,0.0,0.0,0.0,0.0,0.0,0.0,0.0,0.6,0.0021278112754879,1.0,0.6951343030762968,0.0,0.0,0.0,,,,,,0.0,,,,,436.1715060658753,4668.0009765625,,,,,,,,,,
236,1,236.0,0.0,32.0,32.0,0.2368103535845875,0.0,74.0,0.0,0.0,0.0,0.0,0.0,0.0,0.0,0.0,0.0,0.6,0.0021278112754879,1.0,0.6938482148638204,0.0,0.0,0.0,,,,,,0.0,,,,,439.4529809942469,4668.1572265625,,,,,,,,,,
237,1,237.0,0.0,32.0,32.0,0.1645039329305291,0.0,74.0,0.0,0.0,0.0,0.0,0.0,0.0,0.0,0.0,0.0,0.6,0.0021278112754879,1.0,0.6907894786108689,0.0,0.0,0.0,,,,,,0.0,,,,,441.3505140691996,4668.4384765625,,,,,,,,,,
238,1,238.0,0.0,32.0,32.0,0.226311428938061,0.0,74.0,0.0,0.0,0.0,0.0,0.0,0.0,0.0,0.0,0.0,0.6,0.0021278112754879,1.0,0.6851871645727093,0.0,0.0,0.0,,,,,,0.0,,,,,441.90406694542617,4676.2509765625,,,,,,,,,,
239,1,239.0,0.0,32.0,32.0,0.2028904613107442,0.0,74.0,0.0,0.0,0.0,0.0,0.0,0.0,0.0,0.0,0.0,0.6,0.0021278112754879,1.0,0.6898798143006357,0.0,0.0,0.0,,,,,,0.0,,,,,432.7052850276232,4680.5556640625,,,,,,,,,,
240,1,240.0,0.0,32.0,32.0,0.1703342082910239,0.0,74.0,0.0,0.0,0.0,0.0,0.0,0.0,0.0,0.0,0.0,0.6,0.0021278112754879,1.0,0.6914575181272725,0.0,0.0,0.0,,,,,,0.0,,,,,439.1890950500965,4668.5166015625,,,,,,,,,,
241,1,241.0,0.0,32.0,32.0,0.4530713185667991,0.0,74.0,0.0,0.0,0.0,0.0,0.0,0.0,0.0,0.0,0.0,0.6,0.0021278112754879,1.0,0.6901091581798031,0.0,0.0,0.0,,,,,,0.0,,,,,439.6697930060327,4668.7041015625,,,,,,,,,,
242,1,242.0,0.0,32.0,32.0,0.2714984361082315,0.0,74.0,0.0,0.0,0.0,0.0,0.0,0.0,0.0,0.0,0.0,0.6,0.0021278112754879,1.0,0.6987230759728704,0.0,0.0,0.0,,,,,,0.0,,,,,439.2822899390012,4667.6259765625,,,,,,,,,,
243,1,243.0,0.0,32.0,32.0,0.2600910477340221,0.0,74.0,0.0,0.0,0.0,0.0,0.0,0.0,0.0,0.0,0.0,0.6,0.0021278112754879,1.0,0.6992220746265808,0.0,0.0,0.0,,,,,,0.0,,,,,441.1157340509817,4668.4384765625,,,,,,,,,,
244,1,244.0,0.0,32.0,32.0,0.3354262076318264,0.0,74.0,0.0,0.0,0.0,0.0,0.0,0.0,0.0,0.0,0.0,0.6,0.0021278112754879,1.0,0.6908853273895403,0.0,0.0,0.0,,,,,,0.0,,,,,432.08098597824574,4661.1884765625,,,,,,,,,,
245,1,245.0,0.0,32.0,32.0,0.3427030681632459,0.0,74.0,0.0,0.0,0.0,0.0,0.0,0.0,0.0,0.0,0.0,0.6,0.0021278112754879,1.0,0.691328669440848,0.0,0.0,0.0,,,,,,0.0,,,,,443.0689699947834,4664.8916015625,,,,,,,,,,
246,1,246.0,0.0,32.0,32.0,0.2737895660102367,0.0,74.0,0.0,0.0,0.0,0.0,0.0,0.0,0.0,0.0,0.0,0.6,0.0021278112754879,1.0,0.6874904170075194,0.0,0.0,0.0,,,,,,0.0,,,,,444.017500965856,4680.5556640625,,,,,,,,,,
247,1,247.0,0.0,32.0,32.0,0.2953430186025798,0.0,74.0,0.0,0.0,0.0,0.0,0.0,0.0,0.0,0.0,0.0,0.6,0.0021278112754879,1.0,0.6897005805980242,0.0,0.0,0.0,,,,,,0.0,,,,,442.0991470105946,4668.5166015625,,,,,,,,,,
248,1,248.0,0.0,32.0,32.0,0.2392919808626175,0.0,74.0,0.0,0.0,0.0,0.0,0.0,0.0,0.0,0.0,0.0,0.6,0.0021278112754879,1.0,0.6896586234254564,0.0,0.0,0.0,,,,,,0.0,,,,,437.9626589361578,4661.1884765625,,,,,,,,,,
249,1,249.0,0.0,32.0,32.0,0.2806577524170279,0.0,74.0,0.0,0.0,0.0,0.0,0.0,0.0,0.0,0.0,0.0,0.6,0.0021278112754879,1.0,0.6932733716247349,0.0,0.0,0.0,,,,,,0.0,,,,,435.7489530229941,4667.9384765625,,,,,,,,,,
250,1,250.0,0.0,32.0,32.0,0.3400205872021615,0.0,74.0,0.0,0.0,0.0,0.0,0.0,0.0,0.0,0.0,0.0,0.6,0.0021278112754879,1.0,0.6907506387299366,0.0,0.0,0.0,,,,,,0.0,,,,,443.3279680088162,4676.2509765625,,,,,,,,,,
251,1,251.0,0.0,32.0,32.0,0.1622984455898404,0.0,74.0,0.0,0.0,0.0,0.0,0.0,0.0,0.0,0.0,0.0,0.6,0.0021278112754879,1.0,0.6962029696948906,0.0,0.0,0.0,,,,,,0.0,,,,,439.7381040034816,4669.0634765625,,,,,,,,,,
252,1,252.0,0.0,32.0,32.0,0.2282170420512557,0.0,74.0,0.0,0.0,0.0,0.0,0.0,0.0,0.0,0.0,0.0,0.6,0.0021278112754879,1.0,0.6961911616269301,0.0,0.0,0.0,,,,,,0.0,,,,,445.0195550452918,4670.9228515625,,,,,,,,,,
253,1,253.0,0.0,32.0,32.0,0.2515169680118561,0.0,74.0,0.0,0.0,0.0,0.0,0.0,0.0,0.0,0.0,0.0,0.6,0.0021278112754879,1.0,0.6958078000966594,0.0,0.0,0.0,,,,,,0.0,,,,,435.4054710129276,4672.1572265625,,,,,,,,,,
254,1,254.0,0.0,32.0,32.0,0.3710110941901803,0.0,74.0,0.0,0.0,0.0,0.0,0.0,0.0,0.0,0.0,0.0,0.6,0.0021278112754879,1.0,0.6886712370461339,0.0,0.0,0.0,,,,,,0.0,,,,,440.874146996066,4676.4775390625,,,,,,,,,,
255,1,255.0,0.0,32.0,32.0,0.1570314383134246,0.0,74.0,0.0,0.0,0.0,0.0,0.0,0.0,0.0,0.0,0.0,0.6,0.0021278112754879,1.0,0.6972271122105934,0.0,0.0,0.0,,,,,,0.0,,,,,448.0127149727196,4667.4072265625,,,,,,,,,,
256,1,256.0,0.0,32.0,32.0,0.189848041627556,0.0,74.0,0.0,0.0,0.0,0.0,0.0,0.0,0.0,0.0,0.0,0.6,0.0021278112754879,1.0,0.6941790034384955,0.0,0.0,0.0,,,,,,0.0,,,,,439.1160189406946,4667.6259765625,,,,,,,,,,
257,1,257.0,0.0,32.0,32.0,0.5795915825292468,0.0,74.0,0.0,0.0,0.0,0.0,0.0,0.0,0.0,0.0,0.0,0.6,0.0021278112754879,1.0,0.6974997835329728,0.0,0.0,0.0,,,,,,0.0,,,,,435.4614599142224,4661.1884765625,,,,,,,,,,
258,1,258.0,0.0,32.0,32.0,0.2857012362219393,0.0,74.0,0.0,0.0,0.0,0.0,0.0,0.0,0.0,0.0,0.0,0.6,0.0021278112754879,1.0,0.6925160410593859,0.0,0.0,0.0,,,,,,0.0,,,,,436.0390900401399,4661.1884765625,,,,,,,,,,
259,1,259.0,0.0,32.0,32.0,0.1621476616710424,0.0,74.0,0.0,0.0,0.0,0.0,0.0,0.0,0.0,0.0,0.0,0.6,0.0021278112754879,1.0,0.6976571224594369,0.0,0.0,0.0,,,,,,0.0,,,,,442.6312710857019,4668.1572265625,,,,,,,,,,
260,1,260.0,0.0,32.0,32.0,0.2424298147670924,0.0,74.0,0.0,0.0,0.0,0.0,0.0,0.0,0.0,0.0,0.0,0.6,0.0021278112754879,1.0,0.6880172263612243,0.0,0.0,0.0,,,,,,0.0,,,,,441.4124699542299,4672.1572265625,,,,,,,,,,
261,1,261.0,0.0,32.0,32.0,0.2009896170347929,0.0,74.0,0.0,0.0,0.0,0.0,0.0,0.0,0.0,0.0,0.0,0.6,0.0021278112754879,1.0,0.7002605395916364,0.0,0.0,0.0,,,,,,0.0,,,,,442.23316200077534,4667.7197265625,,,,,,,,,,
262,1,262.0,0.0,32.0,32.0,0.2447532936930656,0.0,74.0,0.0,0.0,0.0,0.0,0.0,0.0,0.0,0.0,0.0,0.6,0.0021278112754879,1.0,0.6884359869700545,0.0,0.0,0.0,,,,,,0.0,,,,,436.481048935093,4667.6259765625,,,,,,,,,,
263,1,263.0,0.0,32.0,32.0,0.2180312909185886,0.0,74.0,0.0,0.0,0.0,0.0,0.0,0.0,0.0,0.0,0.0,0.6,0.0021278112754879,1.0,0.6947029878078015,0.0,0.0,0.0,,,,,,0.0,,,,,441.1191870458424,4668.5166015625,,,,,,,,,,
264,1,264.0,0.0,32.0,32.0,0.3140093558467924,0.0,74.0,0.0,0.0,0.0,0.0,0.0,0.0,0.0,0.0,0.0,0.6,0.0021278112754879,1.0,0.6928512931283947,0.0,0.0,0.0,,,,,,0.0,,,,,445.40079892612994,4668.1572265625,,,,,,,,,,
265,1,265.0,0.0,32.0,32.0,0.1789032123051583,0.0,74.0,0.0,0.0,0.0,0.0,0.0,0.0,0.0,0.0,0.0,0.6,0.0021278112754879,1.0,0.6929847745088094,0.0,0.0,0.0,,,,,,0.0,,,,,439.5997860701754,4668.0009765625,,,,,,,,,,
266,1,266.0,0.0,32.0,32.0,0.1770811155438423,0.0,74.0,0.0,0.0,0.0,0.0,0.0,0.0,0.0,0.0,0.0,0.6,0.0021278112754879,1.0,0.6882843094897586,0.0,0.0,0.0,,,,,,0.0,,,,,439.1335929976776,4664.8916015625,,,,,,,,,,
267,1,267.0,0.0,32.0,32.0,0.1968155107460916,0.0,74.0,0.0,0.0,0.0,0.0,0.0,0.0,0.0,0.0,0.0,0.6,0.0021278112754879,1.0,0.6948270707702566,0.0,0.0,0.0,,,,,,0.0,,,,,434.5681649865583,4668.7041015625,,,,,,,,,,
268,1,268.0,0.0,32.0,32.0,0.444647335447371,0.0,74.0,0.0,0.0,0.0,0.0,0.0,0.0,0.0,0.0,0.0,0.6,0.0021278112754879,1.0,0.6885871727071269,0.0,0.0,0.0,,,,,,0.0,,,,,439.2669340595603,4667.9384765625,,,,,,,,,,
269,1,269.0,0.0,32.0,32.0,0.2094409740529954,0.0,74.0,0.0,0.0,0.0,0.0,0.0,0.0,0.0,0.0,0.0,0.6,0.0021278112754879,1.0,0.6932072352660654,0.0,0.0,0.0,,,,,,0.0,,,,,435.8965980354697,4667.6259765625,,,,,,,,,,
270,1,270.0,0.0,32.0,32.0,0.0831248769536614,0.0,74.0,0.0,0.0,0.0,0.0,0.0,0.0,0.0,0.0,0.0,0.6,0.0021278112754879,1.0,0.6940187182624785,0.0,0.0,0.0,,,,,,0.0,,,,,440.0390669470653,4675.8837890625,,,,,,,,,,
271,1,271.0,0.0,32.0,32.0,0.1481567923910915,0.0,74.0,0.0,0.0,0.0,0.0,0.0,0.0,0.0,0.0,0.0,0.6,0.0021278112754879,1.0,0.6941331151151423,0.0,0.0,0.0,,,,,,0.0,,,,,429.7777418978512,4672.1572265625,,,,,,,,,,
272,1,272.0,0.0,32.0,32.0,0.2236807108856737,0.0,74.0,0.0,0.0,0.0,0.0,0.0,0.0,0.0,0.0,0.0,0.6,0.0021278112754879,1.0,0.6883662751301427,0.0,0.0,0.0,,,,,,0.0,,,,,440.5359410448,4671.4228515625,,,,,,,,,,
273,1,273.0,0.0,32.0,32.0,0.2014149539172649,0.0,74.0,0.0,0.0,0.0,0.0,0.0,0.0,0.0,0.0,0.0,0.6,0.0021278112754879,1.0,0.6902751218255835,0.0,0.0,0.0,,,,,,0.0,,,,,437.2300989925861,4680.5556640625,,,,,,,,,,
274,1,274.0,0.0,32.0,32.0,0.1761006461456418,0.0,74.0,0.0,0.0,0.0,0.0,0.0,0.0,0.0,0.0,0.0,0.6,0.0021278112754879,1.0,0.6919707386889936,0.0,0.0,0.0,,,,,,0.0,,,,,435.0434230873361,4671.0009765625,,,,,,,,,,
275,1,275.0,0.0,32.0,32.0,0.377504070289433,0.0,74.0,0.0,0.0,0.0,0.0,0.0,0.0,0.0,0.0,0.0,0.6,0.0021278112754879,1.0,0.6905557423445385,0.0,0.0,0.0,,,,,,0.0,,,,,427.2370910039172,4667.6259765625,,,,,,,,,,
276,1,276.0,0.0,32.0,32.0,0.2573775062337518,0.0,74.0,0.0,0.0,0.0,0.0,0.0,0.0,0.0,0.0,0.0,0.6,0.0021278112754879,1.0,0.6907426055775365,0.0,0.0,0.0,,,,,,0.0,,,,,436.2540500005707,4668.5166015625,,,,,,,,,,
277,1,277.0,0.0,32.0,32.0,0.2273863488808274,0.0,74.0,0.0,0.0,0.0,0.0,0.0,0.0,0.0,0.0,0.0,0.6,0.0021278112754879,1.0,0.6941882783708089,0.0,0.0,0.0,,,,,,0.0,,,,,437.1708579128608,4677.2822265625,,,,,,,,,,
278,1,278.0,0.0,32.0,32.0,0.2935027740895748,0.0,74.0,0.0,0.0,0.0,0.0,0.0,0.0,0.0,0.0,0.0,0.6,0.0021278112754879,1.0,0.696104448680805,0.0,0.0,0.0,,,,,,0.0,,,,,441.5168210398406,4667.7197265625,,,,,,,,,,
279,1,279.0,0.0,32.0,32.0,0.2220466891303658,0.0,74.0,0.0,0.0,0.0,0.0,0.0,0.0,0.0,0.0,0.0,0.6,0.0021278112754879,1.0,0.6936245183753446,0.0,0.0,0.0,,,,,,0.0,,,,,436.5907019237056,4668.5166015625,,,,,,,,,,
280,1,280.0,0.0,32.0,32.0,0.4118872815743088,0.0,74.0,0.0,0.0,0.0,0.0,0.0,0.0,0.0,0.0,0.0,0.6,0.0021278112754879,1.0,0.6939629294258703,0.0,0.0,0.0,,,,,,0.0,,,,,432.7841909835115,4668.1572265625,,,,,,,,,,
281,1,281.0,0.0,32.0,32.0,0.385598003398627,0.0,74.0,0.0,0.0,0.0,0.0,0.0,0.0,0.0,0.0,0.0,0.6,0.0021278112754879,1.0,0.6933835438027168,0.0,0.0,0.0,,,,,,0.0,,,,,437.2245599515736,4667.6259765625,,,,,,,,,,
282,1,282.0,0.0,32.0,32.0,0.2356887855567038,0.0,74.0,0.0,0.0,0.0,0.0,0.0,0.0,0.0,0.0,0.0,0.6,0.0021278112754879,1.0,0.6979184250829126,0.0,0.0,0.0,,,,,,0.0,,,,,444.5741849485785,4675.3291015625,,,,,,,,,,
283,1,283.0,0.0,32.0,32.0,0.2430743626318872,0.0,74.0,0.0,0.0,0.0,0.0,0.0,0.0,0.0,0.0,0.0,0.6,0.0021278112754879,1.0,0.6966028584010097,0.0,0.0,0.0,,,,,,0.0,,,,,437.5561379129067,4676.2509765625,,,,,,,,,,
284,1,284.0,0.0,32.0,32.0,0.2408310323953628,0.0,74.0,0.0,0.0,0.0,0.0,0.0,0.0,0.0,0.0,0.0,0.6,0.0021278112754879,1.0,0.6932432163858545,0.0,0.0,0.0,,,,,,0.0,,,,,436.7285229964182,4672.1572265625,,,,,,,,,,
285,1,285.0,0.0,32.0,32.0,0.2157805617898702,0.0,74.0,0.0,0.0,0.0,0.0,0.0,0.0,0.0,0.0,0.0,0.6,0.0021278112754879,1.0,0.6883166471118725,0.0,0.0,0.0,,,,,,0.0,,,,,515.2170379878953,4667.1728515625,,,,,,,,,,
286,1,286.0,0.0,32.0,32.0,0.4817014299333095,0.0,74.0,0.0,0.0,0.0,0.0,0.0,0.0,0.0,0.0,0.0,0.6,0.0021278112754879,1.0,0.7044764265697309,0.0,0.0,0.0,,,,,,0.0,,,,,435.7309819897637,4668.3134765625,,,,,,,,,,
287,1,287.0,0.0,32.0,32.0,0.3802442480809986,0.0,74.0,0.0,0.0,0.0,0.0,0.0,0.0,0.0,0.0,0.0,0.6,0.0021278112754879,1.0,0.6880612134898201,0.0,0.0,0.0,,,,,,0.0,,,,,442.90128897409886,4677.2822265625,,,,,,,,,,
288,1,288.0,0.0,32.0,32.0,0.3218223135918379,0.0,74.0,0.0,0.0,0.0,0.0,0.0,0.0,0.0,0.0,0.0,0.6,0.0021278112754879,1.0,0.6948082365390746,0.0,0.0,0.0,,,,,,0.0,,,,,434.40542998723686,4675.8837890625,,,,,,,,,,
289,1,289.0,0.0,32.0,32.0,0.2464389051310718,0.0,74.0,0.0,0.0,0.0,0.0,0.0,0.0,0.0,0.0,0.0,0.6,0.0021278112754879,1.0,0.696543173536787,0.0,0.0,0.0,,,,,,0.0,,,,,436.22487294487655,4668.7041015625,,,,,,,,,,
290,1,290.0,0.0,32.0,32.0,0.0983830038458108,0.0,74.0,0.0,0.0,0.0,0.0,0.0,0.0,0.0,0.0,0.0,0.6,0.0021278112754879,1.0,0.6941305270170955,0.0,0.0,0.0,,,,,,0.0,,,,,436.0283729620278,4671.4228515625,,,,,,,,,,
291,1,291.0,0.0,32.0,32.0,0.2385871121659875,0.0,74.0,0.0,0.0,0.0,0.0,0.0,0.0,0.0,0.0,0.0,0.6,0.0021278112754879,1.0,0.6901418480638224,0.0,0.0,0.0,,,,,,0.0,,,,,442.5285239703953,4667.7197265625,,,,,,,,,,
292,1,292.0,0.0,32.0,32.0,0.3415931975468993,0.0,74.0,0.0,0.0,0.0,0.0,0.0,0.0,0.0,0.0,0.0,0.6,0.0021278112754879,1.0,0.6983129534345704,0.0,0.0,0.0,,,,,,0.0,,,,,435.0390050094575,4671.0009765625,,,,,,,,,,
293,1,293.0,0.0,32.0,32.0,0.4872683160938322,0.0,74.0,0.0,0.0,0.0,0.0,0.0,0.0,0.0,0.0,0.0,0.6,0.0021278112754879,1.0,0.6990257541865177,0.0,0.0,0.0,,,,,,0.0,,,,,435.59331202413887,4667.7197265625,,,,,,,,,,
294,1,294.0,0.0,32.0,32.0,0.3858156222850084,0.0,74.0,0.0,0.0,0.0,0.0,0.0,0.0,0.0,0.0,0.0,0.6,0.0021278112754879,1.0,0.6954023858257332,0.0,0.0,0.0,,,,,,0.0,,,,,437.7491020131856,4668.4384765625,,,,,,,,,,
295,1,295.0,0.0,32.0,32.0,0.1751584950834512,0.0,74.0,0.0,0.0,0.0,0.0,0.0,0.0,0.0,0.0,0.0,0.6,0.0021278112754879,1.0,0.6882422331807397,0.0,0.0,0.0,,,,,,0.0,,,,,439.9194960715249,4669.0634765625,,,,,,,,,,
296,1,296.0,0.0,32.0,32.0,0.3693427555263042,0.0,74.0,0.0,0.0,0.0,0.0,0.0,0.0,0.0,0.0,0.0,0.6,0.0021278112754879,1.0,0.6937418404815212,0.0,0.0,0.0,,,,,,0.0,,,,,437.09138594567776,4671.4228515625,,,,,,,,,,
297,1,297.0,0.0,32.0,32.0,0.25220917025581,0.0,74.0,0.0,0.0,0.0,0.0,0.0,0.0,0.0,0.0,0.0,0.6,0.0021278112754879,1.0,0.690540575126506,0.0,0.0,0.0,,,,,,0.0,,,,,443.3258130447939,4667.7197265625,,,,,,,,,,
298,1,298.0,0.0,32.0,32.0,0.2807650892063975,0.0,74.0,0.0,0.0,0.0,0.0,0.0,0.0,0.0,0.0,0.0,0.6,0.0021278112754879,1.0,0.6965027147255679,0.0,0.0,0.0,,,,,,0.0,,,,,432.36332305241376,4667.9384765625,,,,,,,,,,
299,1,299.0,0.0,32.0,32.0,0.3969227280467748,0.0,74.0,0.0,0.0,0.0,0.0,0.0,0.0,0.0,0.0,0.0,0.6,0.0021278112754879,1.0,0.6932518990717695,0.0,0.0,0.0,,,,,,0.0,,,,,440.8022080315277,4680.5556640625,,,,,,,,,,
300,1,300.0,0.0,32.0,32.0,0.3839376028627157,0.0,74.0,0.0,0.0,0.0,0.0,0.0,0.0,0.0,0.0,0.0,0.6,0.0021278112754879,1.0,0.7001504285767128,0.0,0.0,0.0,,,,,,0.0,,,,,433.6683209985495,4664.4541015625,,,,,,,,,,
301,1,301.0,0.0,32.0,32.0,0.2268080562353134,0.0,74.0,0.0,0.0,0.0,0.0,0.0,0.0,0.0,0.0,0.0,0.6,0.0021278112754879,1.0,0.6932009298194979,0.0,0.0,0.0,,,,,,0.0,,,,,436.2421330297366,4667.2197265625,,,,,,,,,,
302,1,302.0,0.0,32.0,32.0,0.2357115177437663,0.0,74.0,0.0,0.0,0.0,0.0,0.0,0.0,0.0,0.0,0.0,0.6,0.0021278112754879,1.0,0.6991472503438223,0.0,0.0,0.0,,,,,,0.0,,,,,432.31823202222586,4668.1572265625,,,,,,,,,,
303,1,303.0,0.0,32.0,32.0,0.3038391983136534,0.0,74.0,0.0,0.0,0.0,0.0,0.0,0.0,0.0,0.0,0.0,0.6,0.0021278112754879,1.0,0.6856568073328817,0.0,0.0,0.0,,,,,,0.0,,,,,435.7329559279606,4667.4072265625,,,,,,,,,,
304,1,304.0,0.0,32.0,32.0,0.34579012170434,0.0,74.0,0.0,0.0,0.0,0.0,0.0,0.0,0.0,0.0,0.0,0.6,0.0021278112754879,1.0,0.6926559648019609,0.0,0.0,0.0,,,,,,0.0,,,,,433.46055306028575,4671.4228515625,,,,,,,,,,
305,1,305.0,0.0,32.0,32.0,0.2431935113854706,0.0,74.0,0.0,0.0,0.0,0.0,0.0,0.0,0.0,0.0,0.0,0.6,0.0021278112754879,1.0,0.6932751830656343,0.0,0.0,0.0,,,,,,0.0,,,,,437.4666339717805,4668.5166015625,,,,,,,,,,
306,1,306.0,0.0,32.0,32.0,0.2184164728969335,0.0,74.0,0.0,0.0,0.0,0.0,0.0,0.0,0.0,0.0,0.0,0.6,0.0021278112754879,1.0,0.6915525664574776,0.0,0.0,0.0,,,,,,0.0,,,,,432.1160630788654,4677.2822265625,,,,,,,,,,
307,1,307.0,0.0,32.0,32.0,0.2856551464647054,0.0,74.0,0.0,0.0,0.0,0.0,0.0,0.0,0.0,0.0,0.0,0.6,0.0021278112754879,1.0,0.6982925258022802,0.0,0.0,0.0,,,,,,0.0,,,,,436.2611139658839,4666.8134765625,,,,,,,,,,
308,1,308.0,0.0,32.0,32.0,0.1018344573676586,0.0,74.0,0.0,0.0,0.0,0.0,0.0,0.0,0.0,0.0,0.0,0.6,0.0021278112754879,1.0,0.6930081374876226,0.0,0.0,0.0,,,,,,0.0,,,,,437.20078794285655,4672.7353515625,,,,,,,,,,
309,1,309.0,0.0,32.0,32.0,0.1776054659858346,0.0,74.0,0.0,0.0,0.0,0.0,0.0,0.0,0.0,0.0,0.0,0.6,0.0021278112754879,1.0,0.6959891937671423,0.0,0.0,0.0,,,,,,0.0,,,,,439.65850700624287,4668.1572265625,,,,,,,,,,
310,1,310.0,0.0,32.0,32.0,0.3402350391261279,0.0,74.0,0.0,0.0,0.0,0.0,0.0,0.0,0.0,0.0,0.0,0.6,0.0021278112754879,1.0,0.6902260579291085,0.0,0.0,0.0,,,,,,0.0,,,,,433.00246307626367,4669.0634765625,,,,,,,,,,
311,1,311.0,0.0,32.0,32.0,0.2837588870897889,0.0,74.0,0.0,0.0,0.0,0.0,0.0,0.0,0.0,0.0,0.0,0.6,0.0021278112754879,1.0,0.6948321787784683,0.0,0.0,0.0,,,,,,0.0,,,,,432.77941294945776,4675.8837890625,,,,,,,,,,
312,1,312.0,0.0,32.0,32.0,0.103054838720709,0.0,74.0,0.0,0.0,0.0,0.0,0.0,0.0,0.0,0.0,0.0,0.6,0.0021278112754879,1.0,0.6961721285840065,0.0,0.0,0.0,,,,,,0.0,,,,,434.736926923506,4671.2353515625,,,,,,,,,,
313,1,313.0,0.0,32.0,32.0,0.2738591996021569,0.0,74.0,0.0,0.0,0.0,0.0,0.0,0.0,0.0,0.0,0.0,0.6,0.0021278112754879,1.0,0.6876930645629821,0.0,0.0,0.0,,,,,,0.0,,,,,442.2696680994704,4680.5556640625,,,,,,,,,,
314,1,314.0,0.0,32.0,32.0,0.1465245755389332,0.0,74.0,0.0,0.0,0.0,0.0,0.0,0.0,0.0,0.0,0.0,0.6,0.0021278112754879,1.0,0.6926321698166875,0.0,0.0,0.0,,,,,,0.0,,,,,435.82775606773794,4672.7353515625,,,,,,,,,,
315,1,315.0,0.0,32.0,32.0,0.379646873101592,0.0,74.0,0.0,0.0,0.0,0.0,0.0,0.0,0.0,0.0,0.0,0.6,0.0021278112754879,1.0,0.6890525842307689,0.0,0.0,0.0,,,,,,0.0,,,,,436.0263739945367,4669.0634765625,,,,,,,,,,
316,1,316.0,0.0,32.0,32.0,0.1677687535993755,0.0,74.0,0.0,0.0,0.0,0.0,0.0,0.0,0.0,0.0,0.0,0.6,0.0021278112754879,1.0,0.6953166375643729,0.0,0.0,0.0,,,,,,0.0,,,,,433.4395669866353,4673.5166015625,,,,,,,,,,
317,1,317.0,0.0,32.0,32.0,0.1832906929776072,0.0,74.0,0.0,0.0,0.0,0.0,0.0,0.0,0.0,0.0,0.0,0.6,0.0021278112754879,1.0,0.6957189757811728,0.0,0.0,0.0,,,,,,0.0,,,,,442.6045850850642,4672.7353515625,,,,,,,,,,
318,1,318.0,0.0,32.0,32.0,0.2121132998727262,0.0,74.0,0.0,0.0,0.0,0.0,0.0,0.0,0.0,0.0,0.0,0.6,0.0021278112754879,1.0,0.6907402803130499,0.0,0.0,0.0,,,,,,0.0,,,,,438.3438179502264,4672.1572265625,,,,,,,,,,
319,1,319.0,0.0,32.0,32.0,0.2737486329860985,0.0,74.0,0.0,0.0,0.0,0.0,0.0,0.0,0.0,0.0,0.0,0.6,0.0021278112754879,1.0,0.6967867713636601,0.0,0.0,0.0,,,,,,0.0,,,,,438.5470720008016,4672.7353515625,,,,,,,,,,
320,1,320.0,0.0,32.0,32.0,0.0627724593505263,0.0,74.0,0.0,0.0,0.0,0.0,0.0,0.0,0.0,0.0,0.0,0.6,0.0021278112754879,1.0,0.7069337242194709,0.0,0.0,0.0,,,,,,0.0,,,,,433.3443089853972,4676.4775390625,,,,,,,,,,
321,1,321.0,0.0,32.0,32.0,0.3375615063123405,0.0,74.0,0.0,0.0,0.0,0.0,0.0,0.0,0.0,0.0,0.0,0.6,0.0021278112754879,1.0,0.6954330183143239,0.0,0.0,0.0,,,,,,0.0,,,,,441.79109402466565,4673.5166015625,,,,,,,,,,
322,1,322.0,0.0,32.0,32.0,0.1896590907126665,0.0,74.0,0.0,0.0,0.0,0.0,0.0,0.0,0.0,0.0,0.0,0.6,0.0021278112754879,1.0,0.6966146423427999,0.0,0.0,0.0,,,,,,0.0,,,,,439.40474302507937,4667.1728515625,,,,,,,,,,
323,1,323.0,0.0,32.0,32.0,0.2555882455781102,0.0,74.0,0.0,0.0,0.0,0.0,0.0,0.0,0.0,0.0,0.0,0.6,0.0021278112754879,1.0,0.6887585621435321,0.0,0.0,0.0,,,,,,0.0,,,,,435.4802529560402,4661.1884765625,,,,,,,,,,
324,1,324.0,0.0,32.0,32.0,0.2700440348125994,0.0,74.0,0.0,0.0,0.0,0.0,0.0,0.0,0.0,0.0,0.0,0.6,0.0021278112754879,1.0,0.6905028275974017,0.0,0.0,0.0,,,,,,0.0,,,,,425.7790499832481,4664.8916015625,,,,,,,,,,
325,1,325.0,0.0,32.0,32.0,0.2123858351260423,0.0,74.0,0.0,0.0,0.0,0.0,0.0,0.0,0.0,0.0,0.0,0.6,0.0021278112754879,1.0,0.6989241229784896,0.0,0.0,0.0,,,,,,0.0,,,,,441.4099290734157,4667.1728515625,,,,,,,,,,
326,1,326.0,0.0,32.0,32.0,0.407388771418482,0.0,74.0,0.0,0.0,0.0,0.0,0.0,0.0,0.0,0.0,0.0,0.6,0.0021278112754879,1.0,0.691780309274808,0.0,0.0,0.0,,,,,,0.0,,,,,437.6493429299444,4668.3134765625,,,,,,,,,,
327,1,327.0,0.0,32.0,32.0,0.0647334936074912,0.0,74.0,0.0,0.0,0.0,0.0,0.0,0.0,0.0,0.0,0.0,0.6,0.0021278112754879,1.0,0.697696649464795,0.0,0.0,0.0,,,,,,0.0,,,,,441.0577099770308,4671.4228515625,,,,,,,,,,
328,1,328.0,0.0,32.0,32.0,0.2143860380165279,0.0,74.0,0.0,0.0,0.0,0.0,0.0,0.0,0.0,0.0,0.0,0.6,0.0021278112754879,1.0,0.6952228378809959,0.0,0.0,0.0,,,,,,0.0,,,,,432.17037396971136,4672.7353515625,,,,,,,,,,
329,1,329.0,0.0,32.0,32.0,0.2828248962759971,0.0,74.0,0.0,0.0,0.0,0.0,0.0,0.0,0.0,0.0,0.0,0.6,0.0021278112754879,1.0,0.6893486575662711,0.0,0.0,0.0,,,,,,0.0,,,,,435.1509829284623,4668.5166015625,,,,,,,,,,
330,1,330.0,0.0,32.0,32.0,0.1830947417765855,0.0,74.0,0.0,0.0,0.0,0.0,0.0,0.0,0.0,0.0,0.0,0.6,0.0021278112754879,1.0,0.6854269478628023,0.0,0.0,0.0,,,,,,0.0,,,,,438.0949919577688,4672.1572265625,,,,,,,,,,
331,1,331.0,0.0,32.0,32.0,0.4575403057970106,0.0,74.0,0.0,0.0,0.0,0.0,0.0,0.0,0.0,0.0,0.0,0.6,0.0021278112754879,1.0,0.6988526103382902,0.0,0.0,0.0,,,,,,0.0,,,,,445.12384000699967,4668.1572265625,,,,,,,,,,
332,1,332.0,0.0,32.0,32.0,0.2326926034875214,0.0,74.0,0.0,0.0,0.0,0.0,0.0,0.0,0.0,0.0,0.0,0.6,0.0021278112754879,1.0,0.6897822334386873,0.0,0.0,0.0,,,,,,0.0,,,,,432.72544897627085,4668.0009765625,,,,,,,,,,
333,1,333.0,0.0,32.0,32.0,0.3456747336313128,0.0,74.0,0.0,0.0,0.0,0.0,0.0,0.0,0.0,0.0,0.0,0.6,0.0021278112754879,1.0,0.6952028600326914,0.0,0.0,0.0,,,,,,0.0,,,,,433.49097098689526,4670.3134765625,,,,,,,,,,
334,1,334.0,0.0,32.0,32.0,0.2865342497825622,0.0,74.0,0.0,0.0,0.0,0.0,0.0,0.0,0.0,0.0,0.0,0.6,0.0021278112754879,1.0,0.6979114840074743,0.0,0.0,0.0,,,,,,0.0,,,,,441.5921160252765,4667.1728515625,,,,,,,,,,
335,1,335.0,0.0,32.0,32.0,0.1171681182458996,0.0,74.0,0.0,0.0,0.0,0.0,0.0,0.0,0.0,0.0,0.0,0.6,0.0021278112754879,1.0,0.696117019050877,0.0,0.0,0.0,,,,,,0.0,,,,,442.5612540217117,4668.0009765625,,,,,,,,,,
336,1,336.0,0.0,32.0,32.0,0.1659842170774936,0.0,74.0,0.0,0.0,0.0,0.0,0.0,0.0,0.0,0.0,0.0,0.6,0.0021278112754879,1.0,0.6915226165306403,0.0,0.0,0.0,,,,,,0.0,,,,,433.2440739963204,4675.8837890625,,,,,,,,,,
337,1,337.0,0.0,32.0,32.0,0.1439319043420255,0.0,74.0,0.0,0.0,0.0,0.0,0.0,0.0,0.0,0.0,0.0,0.6,0.0021278112754879,1.0,0.6907397081286933,0.0,0.0,0.0,,,,,,0.0,,,,,439.4746420439333,4667.1728515625,,,,,,,,,,
338,1,338.0,0.0,32.0,32.0,0.2511413707397878,0.0,74.0,0.0,0.0,0.0,0.0,0.0,0.0,0.0,0.0,0.0,0.6,0.0021278112754879,1.0,0.6964324044207946,0.0,0.0,0.0,,,,,,0.0,,,,,438.1923280889168,4667.1728515625,,,,,,,,,,
339,1,339.0,0.0,32.0,32.0,0.3191986181773245,0.0,74.0,0.0,0.0,0.0,0.0,0.0,0.0,0.0,0.0,0.0,0.6,0.0021278112754879,1.0,0.6903986195666209,0.0,0.0,0.0,,,,,,0.0,,,,,441.84345297981054,4671.4228515625,,,,,,,,,,
340,1,340.0,0.0,32.0,32.0,0.3059933632612228,0.0,74.0,0.0,0.0,0.0,0.0,0.0,0.0,0.0,0.0,0.0,0.6,0.0021278112754879,1.0,0.6965554520043326,0.0,0.0,0.0,,,,,,0.0,,,,,435.9750610310584,4680.5556640625,,,,,,,,,,
341,1,341.0,0.0,32.0,32.0,0.3343999143689871,0.0,74.0,0.0,0.0,0.0,0.0,0.0,0.0,0.0,0.0,0.0,0.6,0.0021278112754879,1.0,0.6960930553010064,0.0,0.0,0.0,,,,,,0.0,,,,,438.7721499660984,4666.8134765625,,,,,,,,,,
342,1,342.0,0.0,32.0,32.0,0.2392417890951037,0.0,74.0,0.0,0.0,0.0,0.0,0.0,0.0,0.0,0.0,0.0,0.6,0.0021278112754879,1.0,0.6968948292560467,0.0,0.0,0.0,,,,,,0.0,,,,,428.0733120394871,4671.0009765625,,,,,,,,,,
343,1,343.0,0.0,32.0,32.0,0.2582112241070717,0.0,74.0,0.0,0.0,0.0,0.0,0.0,0.0,0.0,0.0,0.0,0.6,0.0021278112754879,1.0,0.6903906129720171,0.0,0.0,0.0,,,,,,0.0,,,,,443.010414019227,4668.4384765625,,,,,,,,,,
344,1,344.0,0.0,32.0,32.0,0.2011045683175325,0.0,74.0,0.0,0.0,0.0,0.0,0.0,0.0,0.0,0.0,0.0,0.6,0.0021278112754879,1.0,0.7019167573952032,0.0,0.0,0.0,,,,,,0.0,,,,,438.337579020299,4677.2822265625,,,,,,,,,,
345,1,345.0,0.0,32.0,32.0,0.2380815602373331,0.0,74.0,0.0,0.0,0.0,0.0,0.0,0.0,0.0,0.0,0.0,0.6,0.0021278112754879,1.0,0.6982212681307917,0.0,0.0,0.0,,,,,,0.0,,,,,440.807873965241,4664.8916015625,,,,,,,,,,
346,1,346.0,0.0,32.0,32.0,0.1554192421026528,0.0,74.0,0.0,0.0,0.0,0.0,0.0,0.0,0.0,0.0,0.0,0.6,0.0021278112754879,1.0,0.6994126317200142,0.0,0.0,0.0,,,,,,0.0,,,,,432.2764700045809,4677.2822265625,,,,,,,,,,
347,1,347.0,0.0,32.0,32.0,0.1496379505842924,0.0,74.0,0.0,0.0,0.0,0.0,0.0,0.0,0.0,0.0,0.0,0.6,0.0021278112754879,1.0,0.6927604736907084,0.0,0.0,0.0,,,,,,0.0,,,,,440.0234679924324,4668.7041015625,,,,,,,,,,
348,1,348.0,0.0,32.0,32.0,0.2530100238509476,0.0,74.0,0.0,0.0,0.0,0.0,0.0,0.0,0.0,0.0,0.0,0.6,0.0021278112754879,1.0,0.6962489552608462,0.0,0.0,0.0,,,,,,0.0,,,,,433.3465719828382,4675.8837890625,,,,,,,,,,
349,1,349.0,0.0,32.0,32.0,0.3628459782339632,0.0,74.0,0.0,0.0,0.0,0.0,0.0,0.0,0.0,0.0,0.0,0.6,0.0021278112754879,1.0,0.693249489133282,0.0,0.0,0.0,,,,,,0.0,,,,,442.4541089683771,4664.8916015625,,,,,,,,,,
350,1,350.0,0.0,32.0,32.0,0.0403680498711764,21.0,74.0,0.2837837837837837,3.0,18.0,0.1428571428571428,0.8571428571428571,0.1525366162716198,0.1474201991180523,0.1533893524638811,0.0,0.6,0.0021278112754879,0.999999999909462,0.697496475556639,-8.507005624992154e-10,3.0,18.0,0.7142857142857143,6.0,1.0,0.5916727497284272,0.4101162982884094,2.0,0.5127643781241664,-0.0005564824605244,0.5002782412302622,-0.0009622193438861,446.2772939587012,4686.8408203125,,,,,,,,,,
351,1,351.0,0.0,32.0,32.0,0.1343877585604787,0.0,74.0,0.0,0.0,0.0,0.0,0.0,0.0,0.0,0.0,0.0,0.6,0.0021278112754879,1.0,0.6960545716456462,0.0,0.0,0.0,,,,,,0.0,,,,,435.1616760250181,4677.2822265625,,,,,,,,,,
352,1,352.0,0.0,32.0,32.0,0.0747473021037876,0.0,74.0,0.0,0.0,0.0,0.0,0.0,0.0,0.0,0.0,0.0,0.6,0.0021278112754879,1.0,0.6980547500792158,0.0,0.0,0.0,,,,,,0.0,,,,,433.9803869370371,4671.0009765625,,,,,,,,,,
353,1,353.0,0.0,32.0,32.0,0.5419764714315534,0.0,74.0,0.0,0.0,0.0,0.0,0.0,0.0,0.0,0.0,0.0,0.6,0.0021278112754879,1.0,0.690291774001609,0.0,0.0,0.0,,,,,,0.0,,,,,442.62461992912,4668.5166015625,,,,,,,,,,
354,1,354.0,0.0,32.0,32.0,0.1691454709507525,0.0,74.0,0.0,0.0,0.0,0.0,0.0,0.0,0.0,0.0,0.0,0.6,0.0021278112754879,1.0,0.6994796294653185,0.0,0.0,0.0,,,,,,0.0,,,,,436.3442659378052,4671.4228515625,,,,,,,,,,
355,1,355.0,0.0,32.0,32.0,0.1974155325442552,0.0,74.0,0.0,0.0,0.0,0.0,0.0,0.0,0.0,0.0,0.0,0.6,0.0021278112754879,1.0,0.6915025532166399,0.0,0.0,0.0,,,,,,0.0,,,,,435.84757996723056,4664.8916015625,,,,,,,,,,
356,1,356.0,0.0,32.0,32.0,0.0490449029020965,1.0,74.0,0.0135135135135135,0.0,1.0,0.0,1.0,0.1600467387251987,0.0,0.1600467387251987,0.0,0.6,0.0021278112754879,1.0,0.6944057213295135,3.5292338927421246e-10,0.0,1.0,1.0,,0.5,-1.4426950249075512e-08,-9.999999889225293e-09,1.0,0.5334891290839959,,,,435.5312440311536,4671.4228515625,,,,,,,,,,
357,1,357.0,0.0,32.0,32.0,0.2444884015712887,0.0,74.0,0.0,0.0,0.0,0.0,0.0,0.0,0.0,0.0,0.0,0.6,0.0021278112754879,1.0,0.6892994881504155,0.0,0.0,0.0,,,,,,0.0,,,,,443.2237859582529,4668.4384765625,,,,,,,,,,
358,1,358.0,0.0,32.0,32.0,0.3460014825686812,0.0,74.0,0.0,0.0,0.0,0.0,0.0,0.0,0.0,0.0,0.0,0.6,0.0021278112754879,1.0,0.6999608012118242,0.0,0.0,0.0,,,,,,0.0,,,,,434.8216310609132,4672.8916015625,,,,,,,,,,
359,1,359.0,0.0,32.0,32.0,0.2268275176174938,0.0,74.0,0.0,0.0,0.0,0.0,0.0,0.0,0.0,0.0,0.0,0.6,0.0021278112754879,1.0,0.6929551464949506,0.0,0.0,0.0,,,,,,0.0,,,,,436.1893991008401,4668.7041015625,,,,,,,,,,
360,1,360.0,0.0,32.0,32.0,0.1297969608567655,0.0,74.0,0.0,0.0,0.0,0.0,0.0,0.0,0.0,0.0,0.0,0.6,0.0021278112754879,1.0,0.7008863945116084,0.0,0.0,0.0,,,,,,0.0,,,,,432.2250899858773,4676.4775390625,,,,,,,,,,
361,1,361.0,0.0,32.0,32.0,0.2658096589148044,0.0,74.0,0.0,0.0,0.0,0.0,0.0,0.0,0.0,0.0,0.0,0.6,0.0021278112754879,1.0,0.6952461269985155,0.0,0.0,0.0,,,,,,0.0,,,,,439.7536240285263,4672.1572265625,,,,,,,,,,
362,1,362.0,0.0,32.0,32.0,0.2644990612752735,0.0,74.0,0.0,0.0,0.0,0.0,0.0,0.0,0.0,0.0,0.0,0.6,0.0021278112754879,1.0,0.7037551781746817,0.0,0.0,0.0,,,,,,0.0,,,,,438.6616100091487,4668.1572265625,,,,,,,,,,
363,1,363.0,0.0,32.0,32.0,0.2196656211744994,0.0,74.0,0.0,0.0,0.0,0.0,0.0,0.0,0.0,0.0,0.0,0.6,0.0021278112754879,1.0,0.6952887266848512,0.0,0.0,0.0,,,,,,0.0,,,,,441.8570180423558,4668.4384765625,,,,,,,,,,
364,1,364.0,0.0,32.0,32.0,0.1878622095100581,0.0,74.0,0.0,0.0,0.0,0.0,0.0,0.0,0.0,0.0,0.0,0.6,0.0021278112754879,1.0,0.6961978138534469,0.0,0.0,0.0,,,,,,0.0,,,,,528.7496390519664,4664.8916015625,,,,,,,,,,
365,1,365.0,0.0,32.0,32.0,0.258963632164523,0.0,74.0,0.0,0.0,0.0,0.0,0.0,0.0,0.0,0.0,0.0,0.6,0.0021278112754879,1.0,0.6964831877190478,0.0,0.0,0.0,,,,,,0.0,,,,,431.2289770459756,4664.8916015625,,,,,,,,,,
366,1,366.0,0.0,32.0,32.0,0.3022846097592264,0.0,74.0,0.0,0.0,0.0,0.0,0.0,0.0,0.0,0.0,0.0,0.6,0.0021278112754879,1.0,0.7038726689111027,0.0,0.0,0.0,,,,,,0.0,,,,,447.52330891788006,4667.7197265625,,,,,,,,,,
367,1,367.0,0.0,32.0,32.0,0.3736223699524998,0.0,74.0,0.0,0.0,0.0,0.0,0.0,0.0,0.0,0.0,0.0,0.6,0.0021278112754879,1.0,0.6921262205124497,0.0,0.0,0.0,,,,,,0.0,,,,,441.6426720563322,4668.5166015625,,,,,,,,,,
368,1,368.0,0.0,32.0,32.0,0.0745514540467411,0.0,74.0,0.0,0.0,0.0,0.0,0.0,0.0,0.0,0.0,0.0,0.6,0.0021278112754879,1.0,0.6960515403145706,0.0,0.0,0.0,,,,,,0.0,,,,,439.16884798090905,4668.5166015625,,,,,,,,,,
369,1,369.0,0.0,32.0,32.0,0.1329946657642722,0.0,74.0,0.0,0.0,0.0,0.0,0.0,0.0,0.0,0.0,0.0,0.6,0.0021278112754879,1.0,0.6909914916196674,0.0,0.0,0.0,,,,,,0.0,,,,,435.305426013656,4671.2353515625,,,,,,,,,,
370,1,370.0,0.0,32.0,32.0,0.3603662317618727,0.0,74.0,0.0,0.0,0.0,0.0,0.0,0.0,0.0,0.0,0.0,0.6,0.0021278112754879,1.0,0.6915638226106908,0.0,0.0,0.0,,,,,,0.0,,,,,442.2391079133377,4677.2822265625,,,,,,,,,,
371,1,371.0,0.0,32.0,32.0,0.2371645285747945,0.0,74.0,0.0,0.0,0.0,0.0,0.0,0.0,0.0,0.0,0.0,0.6,0.0021278112754879,1.0,0.6921932180735156,0.0,0.0,0.0,,,,,,0.0,,,,,439.4192709587514,4672.1572265625,,,,,,,,,,
372,1,372.0,0.0,32.0,32.0,0.3868055725470185,0.0,74.0,0.0,0.0,0.0,0.0,0.0,0.0,0.0,0.0,0.0,0.6,0.0021278112754879,1.0,0.6944750645638524,0.0,0.0,0.0,,,,,,0.0,,,,,438.5198939125985,4669.0634765625,,,,,,,,,,
373,1,373.0,0.0,32.0,32.0,0.1175567605532705,0.0,74.0,0.0,0.0,0.0,0.0,0.0,0.0,0.0,0.0,0.0,0.6,0.0021278112754879,1.0,0.6904377704293886,0.0,0.0,0.0,,,,,,0.0,,,,,430.4501028964296,4668.0009765625,,,,,,,,,,
374,1,374.0,0.0,32.0,32.0,0.1789342113770544,0.0,74.0,0.0,0.0,0.0,0.0,0.0,0.0,0.0,0.0,0.0,0.6,0.0021278112754879,1.0,0.701249388892783,0.0,0.0,0.0,,,,,,0.0,,,,,438.8791759265587,4661.1884765625,,,,,,,,,,
375,1,375.0,0.0,32.0,32.0,0.1478987445589155,0.0,74.0,0.0,0.0,0.0,0.0,0.0,0.0,0.0,0.0,0.0,0.6,0.0021278112754879,1.0,0.6940222646940545,0.0,0.0,0.0,,,,,,0.0,,,,,436.7440450005233,4664.8916015625,,,,,,,,,,
376,1,376.0,0.0,32.0,32.0,0.1947491387836635,0.0,74.0,0.0,0.0,0.0,0.0,0.0,0.0,0.0,0.0,0.0,0.6,0.0021278112754879,1.0,0.6905903218703474,0.0,0.0,0.0,,,,,,0.0,,,,,441.84266799129546,4671.2353515625,,,,,,,,,,
377,1,377.0,0.0,32.0,32.0,0.0953316369559615,0.0,74.0,0.0,0.0,0.0,0.0,0.0,0.0,0.0,0.0,0.0,0.6,0.0021278112754879,1.0,0.7014275923490835,0.0,0.0,0.0,,,,,,0.0,,,,,431.0827730223537,4671.2353515625,,,,,,,,,,
378,1,378.0,0.0,32.0,32.0,0.0748694792855531,0.0,74.0,0.0,0.0,0.0,0.0,0.0,0.0,0.0,0.0,0.0,0.6,0.0021278112754879,1.0,0.6964201330415919,0.0,0.0,0.0,,,,,,0.0,,,,,431.7073679994792,4676.2509765625,,,,,,,,,,
379,1,379.0,0.0,32.0,32.0,0.3259632019326091,0.0,74.0,0.0,0.0,0.0,0.0,0.0,0.0,0.0,0.0,0.0,0.6,0.0021278112754879,1.0,0.6901182160914313,0.0,0.0,0.0,,,,,,0.0,,,,,432.7293200185522,4669.0634765625,,,,,,,,,,
380,1,380.0,0.0,32.0,32.0,0.2384372358210384,0.0,74.0,0.0,0.0,0.0,0.0,0.0,0.0,0.0,0.0,0.0,0.6,0.0021278112754879,1.0,0.6968090401291712,0.0,0.0,0.0,,,,,,0.0,,,,,433.9993869652972,4661.1884765625,,,,,,,,,,
381,1,381.0,0.0,32.0,32.0,0.1534618311561644,0.0,74.0,0.0,0.0,0.0,0.0,0.0,0.0,0.0,0.0,0.0,0.6,0.0021278112754879,1.0,0.6833554988531734,0.0,0.0,0.0,,,,,,0.0,,,,,433.05345496628433,4673.0166015625,,,,,,,,,,
382,1,382.0,0.0,32.0,32.0,0.0412409929558634,0.0,74.0,0.0,0.0,0.0,0.0,0.0,0.0,0.0,0.0,0.0,0.6,0.0021278112754879,1.0,0.6939446194020735,0.0,0.0,0.0,,,,,,0.0,,,,,430.9399620397016,4671.4228515625,,,,,,,,,,
383,1,383.0,0.0,32.0,32.0,0.2642495739273727,0.0,74.0,0.0,0.0,0.0,0.0,0.0,0.0,0.0,0.0,0.0,0.6,0.0021278112754879,1.0,0.6960747695780103,0.0,0.0,0.0,,,,,,0.0,,,,,437.7916100202128,4668.7353515625,,,,,,,,,,
384,1,384.0,0.0,32.0,32.0,0.1855991082265973,0.0,74.0,0.0,0.0,0.0,0.0,0.0,0.0,0.0,0.0,0.0,0.6,0.0021278112754879,1.0,0.6992342220880328,0.0,0.0,0.0,,,,,,0.0,,,,,436.555695021525,4677.2822265625,,,,,,,,,,
385,1,385.0,0.0,32.0,32.0,0.3482556524686515,0.0,74.0,0.0,0.0,0.0,0.0,0.0,0.0,0.0,0.0,0.0,0.6,0.0021278112754879,1.0,0.6904280364187667,0.0,0.0,0.0,,,,,,0.0,,,,,432.3532149428502,4677.2822265625,,,,,,,,,,
386,1,386.0,0.0,32.0,32.0,0.1626282064244151,0.0,74.0,0.0,0.0,0.0,0.0,0.0,0.0,0.0,0.0,0.0,0.6,0.0021278112754879,1.0,0.6927372785026632,0.0,0.0,0.0,,,,,,0.0,,,,,433.2804389996454,4664.0322265625,,,,,,,,,,
387,1,387.0,0.0,32.0,32.0,0.2950262087397277,0.0,74.0,0.0,0.0,0.0,0.0,0.0,0.0,0.0,0.0,0.0,0.6,0.0021278112754879,1.0,0.6911117554940397,0.0,0.0,0.0,,,,,,0.0,,,,,434.53238799702376,4677.2822265625,,,,,,,,,,
388,1,388.0,0.0,32.0,32.0,0.0463662289548665,0.0,74.0,0.0,0.0,0.0,0.0,0.0,0.0,0.0,0.0,0.0,0.6,0.0021278112754879,1.0,0.6934921606978601,0.0,0.0,0.0,,,,,,0.0,,,,,436.4719180157408,4680.5556640625,,,,,,,,,,
389,1,389.0,0.0,32.0,32.0,0.3256597274448722,0.0,74.0,0.0,0.0,0.0,0.0,0.0,0.0,0.0,0.0,0.0,0.6,0.0021278112754879,1.0,0.6887317882288078,0.0,0.0,0.0,,,,,,0.0,,,,,431.2494529876858,4672.1572265625,,,,,,,,,,
390,1,390.0,0.0,32.0,32.0,0.1295654317364096,0.0,74.0,0.0,0.0,0.0,0.0,0.0,0.0,0.0,0.0,0.0,0.6,0.0021278112754879,1.0,0.6905815039792562,0.0,0.0,0.0,,,,,,0.0,,,,,437.2939280001447,4680.5556640625,,,,,,,,,,
391,1,391.0,0.0,32.0,32.0,0.1266814861446619,0.0,74.0,0.0,0.0,0.0,0.0,0.0,0.0,0.0,0.0,0.0,0.6,0.0021278112754879,1.0,0.688169412681592,0.0,0.0,0.0,,,,,,0.0,,,,,428.5102440044284,4661.1884765625,,,,,,,,,,
392,1,392.0,0.0,32.0,32.0,0.2679076024796814,0.0,74.0,0.0,0.0,0.0,0.0,0.0,0.0,0.0,0.0,0.0,0.6,0.0021278112754879,1.0,0.6932989655581839,0.0,0.0,0.0,,,,,,0.0,,,,,440.7019009813666,4672.1572265625,,,,,,,,,,
393,1,393.0,0.0,32.0,32.0,0.1015296885743737,0.0,74.0,0.0,0.0,0.0,0.0,0.0,0.0,0.0,0.0,0.0,0.6,0.0021278112754879,1.0,0.6964610612953147,0.0,0.0,0.0,,,,,,0.0,,,,,434.745594044216,4669.0634765625,,,,,,,,,,
394,1,394.0,0.0,32.0,32.0,0.2702134682331234,0.0,74.0,0.0,0.0,0.0,0.0,0.0,0.0,0.0,0.0,0.0,0.6,0.0021278112754879,1.0,0.6954493632348744,0.0,0.0,0.0,,,,,,0.0,,,,,438.17542295437306,4677.2822265625,,,,,,,,,,
395,1,395.0,0.0,32.0,32.0,0.3097153122071177,0.0,74.0,0.0,0.0,0.0,0.0,0.0,0.0,0.0,0.0,0.0,0.6,0.0021278112754879,1.0,0.6955462910762261,0.0,0.0,0.0,,,,,,0.0,,,,,426.7758309142664,4668.5166015625,,,,,,,,,,
396,1,396.0,0.0,32.0,32.0,0.2765903524123132,0.0,74.0,0.0,0.0,0.0,0.0,0.0,0.0,0.0,0.0,0.0,0.6,0.0021278112754879,1.0,0.6875964924641357,0.0,0.0,0.0,,,,,,0.0,,,,,438.13715397845954,4676.2509765625,,,,,,,,,,
397,1,397.0,0.0,32.0,32.0,0.0485235732048749,0.0,74.0,0.0,0.0,0.0,0.0,0.0,0.0,0.0,0.0,0.0,0.6,0.0021278112754879,1.0,0.6995764761455194,0.0,0.0,0.0,,,,,,0.0,,,,,433.7456470821053,4667.4072265625,,,,,,,,,,
398,1,398.0,0.0,32.0,32.0,0.2692865433637053,0.0,74.0,0.0,0.0,0.0,0.0,0.0,0.0,0.0,0.0,0.0,0.6,0.0021278112754879,1.0,0.6898955454198545,0.0,0.0,0.0,,,,,,0.0,,,,,436.1430360004306,4667.9384765625,,,,,,,,,,
399,1,399.0,0.0,32.0,32.0,0.248730102321133,0.0,74.0,0.0,0.0,0.0,0.0,0.0,0.0,0.0,0.0,0.0,0.6,0.0021278112754879,1.0,0.6962778553602644,0.0,0.0,0.0,,,,,,0.0,,,,,435.6929829809815,4668.4384765625,,,,,,,,,,
400,1,400.0,0.0,32.0,32.0,0.2083034699317068,0.0,74.0,0.0,0.0,0.0,0.0,0.0,0.0,0.0,0.0,0.0,0.6,0.0021278112754879,1.0,0.6983163910534694,0.0,0.0,0.0,,,,,,0.0,,,,,438.8949640560895,4675.8837890625,,,,,,,,,,
401,1,401.0,0.0,32.0,32.0,0.3097320895176381,0.0,74.0,0.0,0.0,0.0,0.0,0.0,0.0,0.0,0.0,0.0,0.6,0.0021278112754879,1.0,0.6983001477375458,0.0,0.0,0.0,,,,,,0.0,,,,,437.668138067238,4668.0009765625,,,,,,,,,,
402,1,402.0,0.0,32.0,32.0,0.2281273412518203,0.0,74.0,0.0,0.0,0.0,0.0,0.0,0.0,0.0,0.0,0.0,0.6,0.0021278112754879,1.0,0.6956878519391955,0.0,0.0,0.0,,,,,,0.0,,,,,437.99125507939607,4667.9384765625,,,,,,,,,,
403,1,403.0,0.0,32.0,32.0,0.3082609062548727,0.0,74.0,0.0,0.0,0.0,0.0,0.0,0.0,0.0,0.0,0.0,0.6,0.0021278112754879,1.0,0.6951298293618706,0.0,0.0,0.0,,,,,,0.0,,,,,436.3136150641367,4668.1572265625,,,,,,,,,,
404,1,404.0,0.0,32.0,32.0,0.2088592813815921,0.0,74.0,0.0,0.0,0.0,0.0,0.0,0.0,0.0,0.0,0.0,0.6,0.0021278112754879,1.0,0.6995275938907705,0.0,0.0,0.0,,,,,,0.0,,,,,435.2211660007015,4676.4775390625,,,,,,,,,,
405,1,405.0,0.0,32.0,32.0,0.137479564640671,0.0,74.0,0.0,0.0,0.0,0.0,0.0,0.0,0.0,0.0,0.0,0.6,0.0021278112754879,1.0,0.6954519172189798,0.0,0.0,0.0,,,,,,0.0,,,,,437.09748599212617,4672.8916015625,,,,,,,,,,
406,1,406.0,0.0,32.0,32.0,0.3017870858311653,0.0,74.0,0.0,0.0,0.0,0.0,0.0,0.0,0.0,0.0,0.0,0.6,0.0021278112754879,1.0,0.6925699702947872,0.0,0.0,0.0,,,,,,0.0,,,,,440.42180897668,4668.0009765625,,,,,,,,,,
407,1,407.0,0.0,32.0,32.0,0.1960368177387863,0.0,74.0,0.0,0.0,0.0,0.0,0.0,0.0,0.0,0.0,0.0,0.6,0.0021278112754879,1.0,0.700071196919298,0.0,0.0,0.0,,,,,,0.0,,,,,429.7108609462157,4671.0009765625,,,,,,,,,,
408,1,408.0,0.0,32.0,32.0,0.3451810088008642,0.0,74.0,0.0,0.0,0.0,0.0,0.0,0.0,0.0,0.0,0.0,0.6,0.0021278112754879,1.0,0.7040240656722221,0.0,0.0,0.0,,,,,,0.0,,,,,436.3416769774631,4664.6572265625,,,,,,,,,,
409,1,409.0,0.0,32.0,32.0,0.1133434204384684,0.0,74.0,0.0,0.0,0.0,0.0,0.0,0.0,0.0,0.0,0.0,0.6,0.0021278112754879,1.0,0.6910037579532794,0.0,0.0,0.0,,,,,,0.0,,,,,435.1288200123236,4671.4228515625,,,,,,,,,,
410,1,410.0,0.0,32.0,32.0,0.0888098159339279,0.0,74.0,0.0,0.0,0.0,0.0,0.0,0.0,0.0,0.0,0.0,0.6,0.0021278112754879,1.0,0.6906921872054695,0.0,0.0,0.0,,,,,,0.0,,,,,439.5892780739814,4680.5556640625,,,,,,,,,,
411,1,411.0,0.0,32.0,32.0,0.2502400141675025,0.0,74.0,0.0,0.0,0.0,0.0,0.0,0.0,0.0,0.0,0.0,0.6,0.0021278112754879,1.0,0.6906440797232865,0.0,0.0,0.0,,,,,,0.0,,,,,440.1011499576271,4667.4072265625,,,,,,,,,,
412,1,412.0,0.0,32.0,32.0,0.5133724205661565,0.0,74.0,0.0,0.0,0.0,0.0,0.0,0.0,0.0,0.0,0.0,0.6,0.0021278112754879,1.0,0.6895445775817415,0.0,0.0,0.0,,,,,,0.0,,,,,436.17124599404633,4672.8916015625,,,,,,,,,,
413,1,413.0,0.0,32.0,32.0,0.1045282981358468,0.0,74.0,0.0,0.0,0.0,0.0,0.0,0.0,0.0,0.0,0.0,0.6,0.0021278112754879,1.0,0.7002307974773047,0.0,0.0,0.0,,,,,,0.0,,,,,433.78148996271193,4667.9384765625,,,,,,,,,,
414,1,414.0,0.0,32.0,32.0,0.3091176338493824,0.0,74.0,0.0,0.0,0.0,0.0,0.0,0.0,0.0,0.0,0.0,0.6,0.0021278112754879,1.0,0.6925757286213414,0.0,0.0,0.0,,,,,,0.0,,,,,438.61150997690856,4680.5556640625,,,,,,,,,,
415,1,415.0,0.0,32.0,32.0,0.484942119801417,0.0,74.0,0.0,0.0,0.0,0.0,0.0,0.0,0.0,0.0,0.0,0.6,0.0021278112754879,1.0,0.691458460322542,0.0,0.0,0.0,,,,,,0.0,,,,,438.51120804902166,4668.1572265625,,,,,,,,,,
416,1,416.0,0.0,32.0,32.0,0.32824825681746,0.0,74.0,0.0,0.0,0.0,0.0,0.0,0.0,0.0,0.0,0.0,0.6,0.0021278112754879,1.0,0.6864072229409591,0.0,0.0,0.0,,,,,,0.0,,,,,439.6061110310257,4667.9384765625,,,,,,,,,,
417,1,417.0,0.0,32.0,32.0,0.244586513377726,0.0,74.0,0.0,0.0,0.0,0.0,0.0,0.0,0.0,0.0,0.0,0.6,0.0021278112754879,1.0,0.6908367144707697,0.0,0.0,0.0,,,,,,0.0,,,,,431.8471798906103,4668.7353515625,,,,,,,,,,
418,1,418.0,0.0,32.0,32.0,0.0727437224704772,0.0,74.0,0.0,0.0,0.0,0.0,0.0,0.0,0.0,0.0,0.0,0.6,0.0021278112754879,1.0,0.6960803796934334,0.0,0.0,0.0,,,,,,0.0,,,,,438.5015950538218,4671.0009765625,,,,,,,,,,
419,1,419.0,0.0,32.0,32.0,0.1106820330023765,0.0,74.0,0.0,0.0,0.0,0.0,0.0,0.0,0.0,0.0,0.0,0.6,0.0021278112754879,1.0,0.6924214555812112,0.0,0.0,0.0,,,,,,0.0,,,,,438.4939080337063,4668.1572265625,,,,,,,,,,
420,1,420.0,0.0,32.0,32.0,0.215864255093038,0.0,74.0,0.0,0.0,0.0,0.0,0.0,0.0,0.0,0.0,0.0,0.6,0.0021278112754879,1.0,0.6936510523766943,0.0,0.0,0.0,,,,,,0.0,,,,,440.4696410056204,4668.5166015625,,,,,,,,,,
421,1,421.0,0.0,32.0,32.0,0.289983615744859,0.0,74.0,0.0,0.0,0.0,0.0,0.0,0.0,0.0,0.0,0.0,0.6,0.0021278112754879,1.0,0.6929402781962583,0.0,0.0,0.0,,,,,,0.0,,,,,430.91278395149857,4667.2197265625,,,,,,,,,,
422,1,422.0,0.0,32.0,32.0,0.0762655311264097,0.0,74.0,0.0,0.0,0.0,0.0,0.0,0.0,0.0,0.0,0.0,0.6,0.0021278112754879,1.0,0.6925057158756767,0.0,0.0,0.0,,,,,,0.0,,,,,436.7769890232012,4676.2509765625,,,,,,,,,,
423,1,423.0,0.0,32.0,32.0,0.2023194418288767,0.0,74.0,0.0,0.0,0.0,0.0,0.0,0.0,0.0,0.0,0.0,0.6,0.0021278112754879,1.0,0.6926852882271717,0.0,0.0,0.0,,,,,,0.0,,,,,435.3912060614675,4668.1572265625,,,,,,,,,,
424,1,424.0,0.0,32.0,32.0,0.1336624680552631,0.0,74.0,0.0,0.0,0.0,0.0,0.0,0.0,0.0,0.0,0.0,0.6,0.0021278112754879,1.0,0.6955592242331287,0.0,0.0,0.0,,,,,,0.0,,,,,437.1638619340956,4661.1884765625,,,,,,,,,,
425,1,425.0,0.0,32.0,32.0,0.215735521633178,0.0,74.0,0.0,0.0,0.0,0.0,0.0,0.0,0.0,0.0,0.0,0.6,0.0021278112754879,1.0,0.6871450975247956,0.0,0.0,0.0,,,,,,0.0,,,,,438.8702840078622,4671.2353515625,,,,,,,,,,
426,1,426.0,0.0,32.0,32.0,0.1902589760720729,0.0,74.0,0.0,0.0,0.0,0.0,0.0,0.0,0.0,0.0,0.0,0.6,0.0021278112754879,1.0,0.6930293067126823,0.0,0.0,0.0,,,,,,0.0,,,,,435.1937050232664,4668.5166015625,,,,,,,,,,
427,1,427.0,0.0,32.0,32.0,0.2169096269644796,0.0,74.0,0.0,0.0,0.0,0.0,0.0,0.0,0.0,0.0,0.0,0.6,0.0021278112754879,1.0,0.6888658508897777,0.0,0.0,0.0,,,,,,0.0,,,,,435.5861209332943,4672.1572265625,,,,,,,,,,
428,1,428.0,0.0,32.0,32.0,0.1280211920384317,0.0,74.0,0.0,0.0,0.0,0.0,0.0,0.0,0.0,0.0,0.0,0.6,0.0021278112754879,1.0,0.6914413916348725,0.0,0.0,0.0,,,,,,0.0,,,,,440.9478859743104,4676.4775390625,,,,,,,,,,
429,1,429.0,0.0,32.0,32.0,0.1690721858758479,0.0,74.0,0.0,0.0,0.0,0.0,0.0,0.0,0.0,0.0,0.0,0.6,0.0021278112754879,1.0,0.6971454345328345,0.0,0.0,0.0,,,,,,0.0,,,,,435.077290982008,4668.7041015625,,,,,,,,,,
430,1,430.0,0.0,32.0,32.0,0.4044371631462127,0.0,74.0,0.0,0.0,0.0,0.0,0.0,0.0,0.0,0.0,0.0,0.6,0.0021278112754879,1.0,0.6902890217087037,0.0,0.0,0.0,,,,,,0.0,,,,,434.8029320826754,4668.5166015625,,,,,,,,,,
431,1,431.0,0.0,32.0,32.0,0.3099601699505001,0.0,74.0,0.0,0.0,0.0,0.0,0.0,0.0,0.0,0.0,0.0,0.6,0.0021278112754879,1.0,0.6977260388523374,0.0,0.0,0.0,,,,,,0.0,,,,,436.6069159004837,4667.7197265625,,,,,,,,,,
432,1,432.0,0.0,32.0,32.0,0.2983076842501759,0.0,74.0,0.0,0.0,0.0,0.0,0.0,0.0,0.0,0.0,0.0,0.6,0.0021278112754879,1.0,0.6851152687606613,0.0,0.0,0.0,,,,,,0.0,,,,,441.9650890631601,4668.1572265625,,,,,,,,,,
433,1,433.0,0.0,32.0,32.0,0.1581944553181529,0.0,74.0,0.0,0.0,0.0,0.0,0.0,0.0,0.0,0.0,0.0,0.6,0.0021278112754879,1.0,0.6898019036070429,0.0,0.0,0.0,,,,,,0.0,,,,,432.4822019552812,4680.5556640625,,,,,,,,,,
434,1,434.0,0.0,32.0,32.0,0.189484529197216,0.0,74.0,0.0,0.0,0.0,0.0,0.0,0.0,0.0,0.0,0.0,0.6,0.0021278112754879,1.0,0.6879907980907043,0.0,0.0,0.0,,,,,,0.0,,,,,435.4899720055983,4675.8837890625,,,,,,,,,,
435,1,435.0,0.0,32.0,32.0,0.1830627438612282,0.0,74.0,0.0,0.0,0.0,0.0,0.0,0.0,0.0,0.0,0.0,0.6,0.0021278112754879,1.0,0.6898927545349882,0.0,0.0,0.0,,,,,,0.0,,,,,429.9925129162148,4672.1572265625,,,,,,,,,,
436,1,436.0,0.0,32.0,32.0,0.2321318686008453,0.0,74.0,0.0,0.0,0.0,0.0,0.0,0.0,0.0,0.0,0.0,0.6,0.0021278112754879,1.0,0.6919143223897882,0.0,0.0,0.0,,,,,,0.0,,,,,440.2620029868558,4668.1572265625,,,,,,,,,,
437,1,437.0,0.0,32.0,32.0,0.3153696111403405,0.0,74.0,0.0,0.0,0.0,0.0,0.0,0.0,0.0,0.0,0.0,0.6,0.0021278112754879,1.0,0.6926375955539115,0.0,0.0,0.0,,,,,,0.0,,,,,432.9903350444511,4672.7353515625,,,,,,,,,,
438,1,438.0,0.0,32.0,32.0,0.2286683341953903,0.0,74.0,0.0,0.0,0.0,0.0,0.0,0.0,0.0,0.0,0.0,0.6,0.0021278112754879,1.0,0.6942596385896936,0.0,0.0,0.0,,,,,,0.0,,,,,437.6670460915193,4668.4384765625,,,,,,,,,,
439,1,439.0,0.0,32.0,32.0,0.3185143757145852,0.0,74.0,0.0,0.0,0.0,0.0,0.0,0.0,0.0,0.0,0.0,0.6,0.0021278112754879,1.0,0.6969473323564546,0.0,0.0,0.0,,,,,,0.0,,,,,425.9066570084542,4667.6259765625,,,,,,,,,,
440,1,440.0,0.0,32.0,32.0,0.1142416577786207,0.0,74.0,0.0,0.0,0.0,0.0,0.0,0.0,0.0,0.0,0.0,0.6,0.0021278112754879,1.0,0.6936843127732123,0.0,0.0,0.0,,,,,,0.0,,,,,441.2129389820621,4673.5166015625,,,,,,,,,,
441,1,441.0,0.0,32.0,32.0,0.1706541473977267,0.0,74.0,0.0,0.0,0.0,0.0,0.0,0.0,0.0,0.0,0.0,0.6,0.0021278112754879,1.0,0.6829874159343025,0.0,0.0,0.0,,,,,,0.0,,,,,431.8124469136819,4672.1572265625,,,,,,,,,,
442,1,442.0,0.0,32.0,32.0,0.0829233911354094,0.0,74.0,0.0,0.0,0.0,0.0,0.0,0.0,0.0,0.0,0.0,0.6,0.0021278112754879,1.0,0.6922959688098004,0.0,0.0,0.0,,,,,,0.0,,,,,438.3897370425984,4666.8134765625,,,,,,,,,,
443,1,443.0,0.0,32.0,32.0,0.2691526208072901,0.0,74.0,0.0,0.0,0.0,0.0,0.0,0.0,0.0,0.0,0.0,0.6,0.0021278112754879,1.0,0.6895258365224168,0.0,0.0,0.0,,,,,,0.0,,,,,509.5825400203466,4667.9384765625,,,,,,,,,,
444,1,444.0,0.0,32.0,32.0,0.2399225004483014,0.0,74.0,0.0,0.0,0.0,0.0,0.0,0.0,0.0,0.0,0.0,0.6,0.0021278112754879,1.0,0.6970792452125676,0.0,0.0,0.0,,,,,,0.0,,,,,428.20751504041255,4677.2822265625,,,,,,,,,,
445,1,445.0,0.0,32.0,32.0,0.1464044037275016,0.0,74.0,0.0,0.0,0.0,0.0,0.0,0.0,0.0,0.0,0.0,0.6,0.0021278112754879,1.0,0.7003347384474,0.0,0.0,0.0,,,,,,0.0,,,,,443.4370080707595,4677.2822265625,,,,,,,,,,
446,1,446.0,0.0,32.0,32.0,0.2354719622526317,0.0,74.0,0.0,0.0,0.0,0.0,0.0,0.0,0.0,0.0,0.0,0.6,0.0021278112754879,1.0,0.6894567567340352,0.0,0.0,0.0,,,,,,0.0,,,,,437.06833000760525,4675.8837890625,,,,,,,,,,
447,1,447.0,0.0,32.0,32.0,0.3209953401237726,0.0,74.0,0.0,0.0,0.0,0.0,0.0,0.0,0.0,0.0,0.0,0.6,0.0021278112754879,1.0,0.6920678615433783,0.0,0.0,0.0,,,,,,0.0,,,,,438.51044308394194,4664.0322265625,,,,,,,,,,
448,1,448.0,0.0,32.0,32.0,0.174172228667885,0.0,74.0,0.0,0.0,0.0,0.0,0.0,0.0,0.0,0.0,0.0,0.6,0.0021278112754879,1.0,0.6903609291579069,0.0,0.0,0.0,,,,,,0.0,,,,,428.5813019378111,4677.2822265625,,,,,,,,,,
449,1,449.0,0.0,32.0,32.0,0.1269277792889624,0.0,74.0,0.0,0.0,0.0,0.0,0.0,0.0,0.0,0.0,0.0,0.6,0.0021278112754879,1.0,0.6883165589997059,0.0,0.0,0.0,,,,,,0.0,,,,,438.35568404756486,4676.4775390625,,,,,,,,,,
450,1,450.0,0.0,32.0,32.0,0.1150892411824315,0.0,74.0,0.0,0.0,0.0,0.0,0.0,0.0,0.0,0.0,0.0,0.6,0.0021278112754879,1.0,0.6928308214614379,0.0,0.0,0.0,,,,,,0.0,,,,,434.2800830490887,4671.2353515625,,,,,,,,,,
451,1,451.0,0.0,32.0,32.0,0.1023924597539007,0.0,74.0,0.0,0.0,0.0,0.0,0.0,0.0,0.0,0.0,0.0,0.6,0.0021278112754879,1.0,0.6953557344187872,0.0,0.0,0.0,,,,,,0.0,,,,,441.1833070917055,4670.9228515625,,,,,,,,,,
452,1,452.0,0.0,32.0,32.0,0.3048443652223795,0.0,74.0,0.0,0.0,0.0,0.0,0.0,0.0,0.0,0.0,0.0,0.6,0.0021278112754879,1.0,0.6907867597985851,0.0,0.0,0.0,,,,,,0.0,,,,,429.7539340332151,4669.0634765625,,,,,,,,,,
453,1,453.0,0.0,32.0,32.0,0.332050743047148,0.0,74.0,0.0,0.0,0.0,0.0,0.0,0.0,0.0,0.0,0.0,0.6,0.0021278112754879,1.0,0.6970627375466164,0.0,0.0,0.0,,,,,,0.0,,,,,440.0067670503631,4668.7353515625,,,,,,,,,,
454,1,454.0,0.0,32.0,32.0,0.3610960482619703,0.0,74.0,0.0,0.0,0.0,0.0,0.0,0.0,0.0,0.0,0.0,0.6,0.0021278112754879,1.0,0.6870913235677927,0.0,0.0,0.0,,,,,,0.0,,,,,434.13801095448434,4668.5166015625,,,,,,,,,,
455,1,455.0,0.0,32.0,32.0,0.184318404411897,0.0,74.0,0.0,0.0,0.0,0.0,0.0,0.0,0.0,0.0,0.0,0.6,0.0021278112754879,1.0,0.6865440160440998,0.0,0.0,0.0,,,,,,0.0,,,,,438.21848602965474,4671.2353515625,,,,,,,,,,
456,1,456.0,0.0,32.0,32.0,0.0620441711507737,0.0,74.0,0.0,0.0,0.0,0.0,0.0,0.0,0.0,0.0,0.0,0.6,0.0021278112754879,1.0,0.6932580159784413,0.0,0.0,0.0,,,,,,0.0,,,,,431.1947629321367,4664.8916015625,,,,,,,,,,
457,1,457.0,0.0,32.0,32.0,0.2807492068968713,0.0,74.0,0.0,0.0,0.0,0.0,0.0,0.0,0.0,0.0,0.0,0.6,0.0021278112754879,1.0,0.6938796161529907,0.0,0.0,0.0,,,,,,0.0,,,,,434.7688739653677,4664.4541015625,,,,,,,,,,
458,1,458.0,0.0,32.0,32.0,0.2568467915989458,0.0,74.0,0.0,0.0,0.0,0.0,0.0,0.0,0.0,0.0,0.0,0.6,0.0021278112754879,1.0,0.6935345031440677,0.0,0.0,0.0,,,,,,0.0,,,,,432.026754016988,4668.5166015625,,,,,,,,,,
459,1,459.0,0.0,32.0,32.0,0.163597219157964,0.0,74.0,0.0,0.0,0.0,0.0,0.0,0.0,0.0,0.0,0.0,0.6,0.0021278112754879,1.0,0.688025158495072,0.0,0.0,0.0,,,,,,0.0,,,,,440.254554967396,4668.1572265625,,,,,,,,,,
460,1,460.0,0.0,32.0,32.0,0.3419406779576093,0.0,74.0,0.0,0.0,0.0,0.0,0.0,0.0,0.0,0.0,0.0,0.6,0.0021278112754879,1.0,0.6889866961738632,0.0,0.0,0.0,,,,,,0.0,,,,,435.6195670552552,4677.2822265625,,,,,,,,,,
461,1,461.0,0.0,32.0,32.0,0.0596285158535465,0.0,74.0,0.0,0.0,0.0,0.0,0.0,0.0,0.0,0.0,0.0,0.6,0.0021278112754879,1.0,0.6939551925762332,0.0,0.0,0.0,,,,,,0.0,,,,,434.8403780022636,4677.2822265625,,,,,,,,,,
462,1,462.0,0.0,32.0,32.0,0.0669893356971442,0.0,74.0,0.0,0.0,0.0,0.0,0.0,0.0,0.0,0.0,0.0,0.6,0.0021278112754879,1.0,0.6912327461448853,0.0,0.0,0.0,,,,,,0.0,,,,,434.37345197889954,4667.6259765625,,,,,,,,,,
463,1,463.0,0.0,32.0,32.0,0.3521299012936651,0.0,74.0,0.0,0.0,0.0,0.0,0.0,0.0,0.0,0.0,0.0,0.6,0.0021278112754879,1.0,0.6907879630092848,0.0,0.0,0.0,,,,,,0.0,,,,,438.6768860276789,4668.5166015625,,,,,,,,,,
464,1,464.0,0.0,32.0,32.0,0.2013284196145832,0.0,74.0,0.0,0.0,0.0,0.0,0.0,0.0,0.0,0.0,0.0,0.6,0.0021278112754879,1.0,0.6919599563283608,0.0,0.0,0.0,,,,,,0.0,,,,,432.9256539931521,4664.8916015625,,,,,,,,,,
465,1,465.0,0.0,32.0,32.0,0.0449754532892257,0.0,74.0,0.0,0.0,0.0,0.0,0.0,0.0,0.0,0.0,0.0,0.6,0.0021278112754879,1.0,0.7002413776074443,0.0,0.0,0.0,,,,,,0.0,,,,,435.8644610038027,4669.0634765625,,,,,,,,,,
466,1,466.0,0.0,32.0,32.0,0.2650810009799897,0.0,74.0,0.0,0.0,0.0,0.0,0.0,0.0,0.0,0.0,0.0,0.6,0.0021278112754879,1.0,0.70241060873254,0.0,0.0,0.0,,,,,,0.0,,,,,428.2967350445688,4668.7353515625,,,,,,,,,,
467,1,467.0,0.0,32.0,32.0,0.1880519858095795,0.0,74.0,0.0,0.0,0.0,0.0,0.0,0.0,0.0,0.0,0.0,0.6,0.0021278112754879,1.0,0.6920562405588361,0.0,0.0,0.0,,,,,,0.0,,,,,435.2409049170092,4670.3134765625,,,,,,,,,,
468,1,468.0,0.0,32.0,32.0,0.1496058427728712,0.0,74.0,0.0,0.0,0.0,0.0,0.0,0.0,0.0,0.0,0.0,0.6,0.0021278112754879,1.0,0.6962839960027132,0.0,0.0,0.0,,,,,,0.0,,,,,433.0726709449664,4668.4384765625,,,,,,,,,,
469,1,469.0,0.0,32.0,32.0,0.2828674609772861,0.0,74.0,0.0,0.0,0.0,0.0,0.0,0.0,0.0,0.0,0.0,0.6,0.0021278112754879,1.0,0.6989742490602145,0.0,0.0,0.0,,,,,,0.0,,,,,433.8893649401143,4668.5166015625,,,,,,,,,,
470,1,470.0,0.0,32.0,32.0,0.1664494809228927,0.0,74.0,0.0,0.0,0.0,0.0,0.0,0.0,0.0,0.0,0.0,0.6,0.0021278112754879,1.0,0.6875026451741227,0.0,0.0,0.0,,,,,,0.0,,,,,424.7012999840081,4676.4775390625,,,,,,,,,,
471,1,471.0,0.0,32.0,32.0,0.1671304702758789,0.0,74.0,0.0,0.0,0.0,0.0,0.0,0.0,0.0,0.0,0.0,0.6,0.0021278112754879,1.0,0.6938948850265121,0.0,0.0,0.0,,,,,,0.0,,,,,437.1829809388146,4672.7353515625,,,,,,,,,,
472,1,472.0,0.0,32.0,32.0,0.2678912275005132,0.0,74.0,0.0,0.0,0.0,0.0,0.0,0.0,0.0,0.0,0.0,0.6,0.0021278112754879,1.0,0.693584898754468,0.0,0.0,0.0,,,,,,0.0,,,,,433.1958439433947,4667.7197265625,,,,,,,,,,
473,1,473.0,0.0,32.0,32.0,0.2976499535143375,0.0,74.0,0.0,0.0,0.0,0.0,0.0,0.0,0.0,0.0,0.0,0.6,0.0021278112754879,1.0,0.6986192932737013,0.0,0.0,0.0,,,,,,0.0,,,,,438.2716410327703,4661.1884765625,,,,,,,,,,
474,1,474.0,0.0,32.0,32.0,0.2081925072707235,0.0,74.0,0.0,0.0,0.0,0.0,0.0,0.0,0.0,0.0,0.0,0.6,0.0021278112754879,1.0,0.69434407477097,0.0,0.0,0.0,,,,,,0.0,,,,,427.6297040050849,4677.2822265625,,,,,,,,,,
475,1,475.0,0.0,32.0,32.0,0.1566225674469024,0.0,74.0,0.0,0.0,0.0,0.0,0.0,0.0,0.0,0.0,0.0,0.6,0.0021278112754879,1.0,0.6933516405063768,0.0,0.0,0.0,,,,,,0.0,,,,,435.1655070204288,4675.3291015625,,,,,,,,,,
476,1,476.0,0.0,32.0,32.0,0.1351090823300182,0.0,74.0,0.0,0.0,0.0,0.0,0.0,0.0,0.0,0.0,0.0,0.6,0.0021278112754879,1.0,0.6951774702726079,0.0,0.0,0.0,,,,,,0.0,,,,,433.0849820980802,4668.5166015625,,,,,,,,,,
477,1,477.0,0.0,32.0,32.0,0.204351594322361,0.0,74.0,0.0,0.0,0.0,0.0,0.0,0.0,0.0,0.0,0.0,0.6,0.0021278112754879,1.0,0.694215853203909,0.0,0.0,0.0,,,,,,0.0,,,,,435.20178797189146,4671.4228515625,,,,,,,,,,
478,1,478.0,0.0,32.0,32.0,0.1200496600940823,0.0,74.0,0.0,0.0,0.0,0.0,0.0,0.0,0.0,0.0,0.0,0.6,0.0021278112754879,1.0,0.6868340548852877,0.0,0.0,0.0,,,,,,0.0,,,,,424.6098960284144,4667.6259765625,,,,,,,,,,
479,1,479.0,0.0,32.0,32.0,0.3053267298964783,0.0,74.0,0.0,0.0,0.0,0.0,0.0,0.0,0.0,0.0,0.0,0.6,0.0021278112754879,1.0,0.694375485180581,0.0,0.0,0.0,,,,,,0.0,,,,,435.0655500311405,4671.4228515625,,,,,,,,,,
480,1,480.0,0.0,32.0,32.0,0.2624799874611199,0.0,74.0,0.0,0.0,0.0,0.0,0.0,0.0,0.0,0.0,0.0,0.6,0.0021278112754879,1.0,0.6973617094842338,0.0,0.0,0.0,,,,,,0.0,,,,,430.2316850516945,4672.7353515625,,,,,,,,,,
481,1,481.0,0.0,32.0,32.0,0.3650714082177728,0.0,74.0,0.0,0.0,0.0,0.0,0.0,0.0,0.0,0.0,0.0,0.6,0.0021278112754879,1.0,0.6922330857824931,0.0,0.0,0.0,,,,,,0.0,,,,,432.6412489172071,4661.1884765625,,,,,,,,,,
482,1,482.0,0.0,32.0,32.0,0.2136949480045586,0.0,74.0,0.0,0.0,0.0,0.0,0.0,0.0,0.0,0.0,0.0,0.6,0.0021278112754879,1.0,0.6974139200187051,0.0,0.0,0.0,,,,,,0.0,,,,,424.72087196074426,4677.2822265625,,,,,,,,,,
483,1,483.0,0.0,32.0,32.0,0.0591181088238954,0.0,74.0,0.0,0.0,0.0,0.0,0.0,0.0,0.0,0.0,0.0,0.6,0.0021278112754879,1.0,0.6903029084051256,0.0,0.0,0.0,,,,,,0.0,,,,,433.75454598572105,4676.2509765625,,,,,,,,,,
484,1,484.0,0.0,32.0,32.0,0.1741845912765711,0.0,74.0,0.0,0.0,0.0,0.0,0.0,0.0,0.0,0.0,0.0,0.6,0.0021278112754879,1.0,0.6930346010295113,0.0,0.0,0.0,,,,,,0.0,,,,,431.9689159747213,4676.2509765625,,,,,,,,,,
485,1,485.0,0.0,32.0,32.0,0.1413384417537599,0.0,74.0,0.0,0.0,0.0,0.0,0.0,0.0,0.0,0.0,0.0,0.6,0.0021278112754879,1.0,0.6978828990741557,0.0,0.0,0.0,,,,,,0.0,,,,,435.0987899815664,4671.0009765625,,,,,,,,,,
486,1,486.0,0.0,32.0,32.0,0.2026597971562296,0.0,74.0,0.0,0.0,0.0,0.0,0.0,0.0,0.0,0.0,0.0,0.6,0.0021278112754879,1.0,0.6915763897826224,0.0,0.0,0.0,,,,,,0.0,,,,,430.7085499167442,4668.7041015625,,,,,,,,,,
487,1,487.0,0.0,32.0,32.0,0.1457131749484688,0.0,74.0,0.0,0.0,0.0,0.0,0.0,0.0,0.0,0.0,0.0,0.6,0.0021278112754879,1.0,0.6932032996051634,0.0,0.0,0.0,,,,,,0.0,,,,,434.2936290195212,4675.8837890625,,,,,,,,,,
488,1,488.0,0.0,32.0,32.0,0.2262146403081715,0.0,74.0,0.0,0.0,0.0,0.0,0.0,0.0,0.0,0.0,0.0,0.6,0.0021278112754879,1.0,0.6986230994198696,0.0,0.0,0.0,,,,,,0.0,,,,,434.5506801037118,4664.8916015625,,,,,,,,,,
489,1,489.0,0.0,32.0,32.0,0.1982714786427095,0.0,74.0,0.0,0.0,0.0,0.0,0.0,0.0,0.0,0.0,0.0,0.6,0.0021278112754879,1.0,0.6906822764403194,0.0,0.0,0.0,,,,,,0.0,,,,,439.7090949350968,4664.8916015625,,,,,,,,,,
490,1,490.0,0.0,32.0,32.0,0.1652639706153422,0.0,74.0,0.0,0.0,0.0,0.0,0.0,0.0,0.0,0.0,0.0,0.6,0.0021278112754879,1.0,0.6962034747849012,0.0,0.0,0.0,,,,,,0.0,,,,,433.3815770223737,4668.7353515625,,,,,,,,,,
491,1,491.0,0.0,32.0,32.0,0.1107127394061535,0.0,74.0,0.0,0.0,0.0,0.0,0.0,0.0,0.0,0.0,0.0,0.6,0.0021278112754879,1.0,0.7013397350141883,0.0,0.0,0.0,,,,,,0.0,,,,,437.8024679608643,4668.1572265625,,,,,,,,,,
492,1,492.0,0.0,32.0,32.0,0.2915132315829396,0.0,74.0,0.0,0.0,0.0,0.0,0.0,0.0,0.0,0.0,0.0,0.6,0.0021278112754879,1.0,0.696671303825095,0.0,0.0,0.0,,,,,,0.0,,,,,436.0979120247066,4672.1572265625,,,,,,,,,,
493,1,493.0,0.0,32.0,32.0,0.1857573455199599,0.0,74.0,0.0,0.0,0.0,0.0,0.0,0.0,0.0,0.0,0.0,0.6,0.0021278112754879,1.0,0.6926358866970564,0.0,0.0,0.0,,,,,,0.0,,,,,438.68990801274776,4680.5556640625,,,,,,,,,,
494,1,494.0,0.0,32.0,32.0,0.0425811682362109,0.0,74.0,0.0,0.0,0.0,0.0,0.0,0.0,0.0,0.0,0.0,0.6,0.0021278112754879,1.0,0.6965235634080962,0.0,0.0,0.0,,,,,,0.0,,,,,432.4431070126593,4676.2509765625,,,,,,,,,,
495,1,495.0,0.0,32.0,32.0,0.0463689800817519,0.0,74.0,0.0,0.0,0.0,0.0,0.0,0.0,0.0,0.0,0.0,0.6,0.0021278112754879,1.0,0.6952041164280527,0.0,0.0,0.0,,,,,,0.0,,,,,429.7793849837035,4661.1884765625,,,,,,,,,,
496,1,496.0,0.0,32.0,32.0,0.0448804055340588,0.0,74.0,0.0,0.0,0.0,0.0,0.0,0.0,0.0,0.0,0.0,0.6,0.0021278112754879,1.0,0.7019126226435859,0.0,0.0,0.0,,,,,,0.0,,,,,432.70419200416654,4671.4228515625,,,,,,,,,,
497,1,497.0,0.0,32.0,32.0,0.2075512721203267,0.0,74.0,0.0,0.0,0.0,0.0,0.0,0.0,0.0,0.0,0.0,0.6,0.0021278112754879,1.0,0.6868158665737613,0.0,0.0,0.0,,,,,,0.0,,,,,440.9930270630866,4668.0009765625,,,,,,,,,,
498,1,498.0,0.0,32.0,32.0,0.3692899129819125,0.0,74.0,0.0,0.0,0.0,0.0,0.0,0.0,0.0,0.0,0.0,0.6,0.0021278112754879,1.0,0.7011588795280194,0.0,0.0,0.0,,,,,,0.0,,,,,434.0157909318805,4673.3212890625,,,,,,,,,,
499,1,499.0,0.0,32.0,32.0,0.0976152354851365,0.0,74.0,0.0,0.0,0.0,0.0,0.0,0.0,0.0,0.0,0.0,0.6,0.0021278112754879,1.0,0.6942586600651386,0.0,0.0,0.0,,,,,,0.0,,,,,441.4300989592448,4667.6259765625,,,,,,,,,,
500,1,500.0,0.0,32.0,32.0,0.3606997705064714,0.0,74.0,0.0,0.0,0.0,0.0,0.0,0.0,0.0,0.0,0.0,0.6,0.0021278112754879,1.0,0.6969656120986243,0.0,0.0,0.0,,,,,,0.0,,,,,428.35678497795016,4661.1884765625,,,,,,,,,,
501,1,501.0,0.0,32.0,32.0,0.2755725877359509,0.0,74.0,0.0,0.0,0.0,0.0,0.0,0.0,0.0,0.0,0.0,0.6,0.0021278112754879,1.0,0.6962831340236909,0.0,0.0,0.0,,,,,,0.0,,,,,437.4433630146086,4672.7353515625,,,,,,,,,,
502,1,502.0,0.0,32.0,32.0,0.2339879728388041,0.0,74.0,0.0,0.0,0.0,0.0,0.0,0.0,0.0,0.0,0.0,0.6,0.0021278112754879,1.0,0.6995277789110985,0.0,0.0,0.0,,,,,,0.0,,,,,437.42541898973286,4664.0322265625,,,,,,,,,,
503,1,503.0,0.0,32.0,32.0,0.281899094581604,0.0,74.0,0.0,0.0,0.0,0.0,0.0,0.0,0.0,0.0,0.0,0.6,0.0021278112754879,1.0,0.6931126117517632,0.0,0.0,0.0,,,,,,0.0,,,,,437.5435160472989,4672.7353515625,,,,,,,,,,
504,1,504.0,0.0,32.0,32.0,0.0578625870402902,0.0,74.0,0.0,0.0,0.0,0.0,0.0,0.0,0.0,0.0,0.0,0.6,0.0021278112754879,1.0,0.6936618450851623,0.0,0.0,0.0,,,,,,0.0,,,,,429.1395219042897,4668.1572265625,,,,,,,,,,
505,1,505.0,0.0,32.0,32.0,0.2314160568639636,0.0,74.0,0.0,0.0,0.0,0.0,0.0,0.0,0.0,0.0,0.0,0.6,0.0021278112754879,1.0,0.6917142597693575,0.0,0.0,0.0,,,,,,0.0,,,,,438.4622880024836,4672.7353515625,,,,,,,,,,
506,1,506.0,0.0,32.0,32.0,0.2248825237620622,0.0,74.0,0.0,0.0,0.0,0.0,0.0,0.0,0.0,0.0,0.0,0.6,0.0021278112754879,1.0,0.6850735003512695,0.0,0.0,0.0,,,,,,0.0,,,,,431.3312351005152,4668.3134765625,,,,,,,,,,
507,1,507.0,0.0,32.0,32.0,0.1598673907574266,0.0,74.0,0.0,0.0,0.0,0.0,0.0,0.0,0.0,0.0,0.0,0.6,0.0021278112754879,1.0,0.6908735572440157,0.0,0.0,0.0,,,,,,0.0,,,,,437.7073869109154,4672.7353515625,,,,,,,,,,
508,1,508.0,0.0,32.0,32.0,0.2512314650230109,0.0,74.0,0.0,0.0,0.0,0.0,0.0,0.0,0.0,0.0,0.0,0.6,0.0021278112754879,1.0,0.6976362636795729,0.0,0.0,0.0,,,,,,0.0,,,,,431.0954109532759,4668.1572265625,,,,,,,,,,
509,1,509.0,0.0,32.0,32.0,0.1798428600886836,0.0,74.0,0.0,0.0,0.0,0.0,0.0,0.0,0.0,0.0,0.0,0.6,0.0021278112754879,1.0,0.6929774920659401,0.0,0.0,0.0,,,,,,0.0,,,,,436.09512504190207,4666.8134765625,,,,,,,,,,
510,1,510.0,0.0,32.0,32.0,0.3005546744680032,0.0,74.0,0.0,0.0,0.0,0.0,0.0,0.0,0.0,0.0,0.0,0.6,0.0021278112754879,1.0,0.6922845684659255,0.0,0.0,0.0,,,,,,0.0,,,,,429.4706979999319,4671.0009765625,,,,,,,,,,
511,1,511.0,0.0,32.0,32.0,0.2575238707941025,0.0,74.0,0.0,0.0,0.0,0.0,0.0,0.0,0.0,0.0,0.0,0.6,0.0021278112754879,1.0,0.6909974796991656,0.0,0.0,0.0,,,,,,0.0,,,,,436.559107969515,4668.1572265625,,,,,,,,,,
512,1,512.0,0.0,32.0,32.0,0.3404622550588101,0.0,74.0,0.0,0.0,0.0,0.0,0.0,0.0,0.0,0.0,0.0,0.6,0.0021278112754879,1.0,0.69691879606434,0.0,0.0,0.0,,,,,,0.0,,,,,435.2681030286476,4672.7353515625,,,,,,,,,,
513,1,513.0,0.0,32.0,32.0,0.0345406784908846,0.0,74.0,0.0,0.0,0.0,0.0,0.0,0.0,0.0,0.0,0.0,0.6,0.0021278112754879,1.0,0.6908563197327672,0.0,0.0,0.0,,,,,,0.0,,,,,430.7958779390901,4666.8134765625,,,,,,,,,,
514,1,514.0,0.0,32.0,32.0,0.4140237546525895,0.0,74.0,0.0,0.0,0.0,0.0,0.0,0.0,0.0,0.0,0.0,0.6,0.0021278112754879,1.0,0.6931125922820459,0.0,0.0,0.0,,,,,,0.0,,,,,428.34883800242096,4661.1884765625,,,,,,,,,,
515,1,515.0,0.0,32.0,32.0,0.315956104779616,0.0,74.0,0.0,0.0,0.0,0.0,0.0,0.0,0.0,0.0,0.0,0.6,0.0021278112754879,1.0,0.694995891286164,0.0,0.0,0.0,,,,,,0.0,,,,,434.84597909264266,4661.1884765625,,,,,,,,,,
516,1,516.0,0.0,32.0,32.0,0.398241214454174,0.0,74.0,0.0,0.0,0.0,0.0,0.0,0.0,0.0,0.0,0.0,0.6,0.0021278112754879,1.0,0.6907349856772652,0.0,0.0,0.0,,,,,,0.0,,,,,429.9719630507752,4664.0322265625,,,,,,,,,,
517,1,517.0,0.0,32.0,32.0,0.2635924383066594,0.0,74.0,0.0,0.0,0.0,0.0,0.0,0.0,0.0,0.0,0.0,0.6,0.0021278112754879,1.0,0.69294206604472,0.0,0.0,0.0,,,,,,0.0,,,,,432.4010979617015,4677.2822265625,,,,,,,,,,
518,1,518.0,0.0,32.0,32.0,0.3312079745810479,0.0,74.0,0.0,0.0,0.0,0.0,0.0,0.0,0.0,0.0,0.0,0.6,0.0021278112754879,1.0,0.6957044454156498,0.0,0.0,0.0,,,,,,0.0,,,,,436.55729200690985,4671.4228515625,,,,,,,,,,
519,1,519.0,0.0,32.0,32.0,0.3011615355499089,0.0,74.0,0.0,0.0,0.0,0.0,0.0,0.0,0.0,0.0,0.0,0.6,0.0021278112754879,1.0,0.6922116859369808,0.0,0.0,0.0,,,,,,0.0,,,,,437.9475800087676,4676.2509765625,,,,,,,,,,
520,1,520.0,0.0,32.0,32.0,0.1015440707560628,0.0,74.0,0.0,0.0,0.0,0.0,0.0,0.0,0.0,0.0,0.0,0.6,0.0021278112754879,1.0,0.6931698829699401,0.0,0.0,0.0,,,,,,0.0,,,,,430.6681388989091,4671.0009765625,,,,,,,,,,
521,1,521.0,0.0,32.0,32.0,0.0737367388792336,0.0,74.0,0.0,0.0,0.0,0.0,0.0,0.0,0.0,0.0,0.0,0.6,0.0021278112754879,1.0,0.6876255640356685,0.0,0.0,0.0,,,,,,0.0,,,,,433.52049705572426,4666.8134765625,,,,,,,,,,
522,1,522.0,0.0,32.0,32.0,0.2259121965616941,0.0,74.0,0.0,0.0,0.0,0.0,0.0,0.0,0.0,0.0,0.0,0.6,0.0021278112754879,1.0,0.6975078796301992,0.0,0.0,0.0,,,,,,0.0,,,,,514.4933339906856,4664.8916015625,,,,,,,,,,
523,1,523.0,0.0,32.0,32.0,0.1644512470811605,0.0,74.0,0.0,0.0,0.0,0.0,0.0,0.0,0.0,0.0,0.0,0.6,0.0021278112754879,1.0,0.6930767742003636,0.0,0.0,0.0,,,,,,0.0,,,,,433.6202469421551,4671.2353515625,,,,,,,,,,
524,1,524.0,0.0,32.0,32.0,0.0893052360042929,0.0,74.0,0.0,0.0,0.0,0.0,0.0,0.0,0.0,0.0,0.0,0.6,0.0021278112754879,1.0,0.6967450064165116,0.0,0.0,0.0,,,,,,0.0,,,,,441.4441140834242,4669.0634765625,,,,,,,,,,
525,1,525.0,0.0,32.0,32.0,0.2865979811176657,0.0,74.0,0.0,0.0,0.0,0.0,0.0,0.0,0.0,0.0,0.0,0.6,0.0021278112754879,1.0,0.694857760172147,0.0,0.0,0.0,,,,,,0.0,,,,,437.3438680777326,4667.7197265625,,,,,,,,,,
526,1,526.0,0.0,32.0,32.0,0.1176398606039583,0.0,74.0,0.0,0.0,0.0,0.0,0.0,0.0,0.0,0.0,0.0,0.6,0.0021278112754879,1.0,0.6907588497963595,0.0,0.0,0.0,,,,,,0.0,,,,,440.8322350354865,4667.7197265625,,,,,,,,,,
527,1,527.0,0.0,32.0,32.0,0.3200108604505658,0.0,74.0,0.0,0.0,0.0,0.0,0.0,0.0,0.0,0.0,0.0,0.6,0.0021278112754879,1.0,0.689378904818736,0.0,0.0,0.0,,,,,,0.0,,,,,436.55962496995926,4672.1572265625,,,,,,,,,,
528,1,528.0,0.0,32.0,32.0,0.2346459478139877,0.0,74.0,0.0,0.0,0.0,0.0,0.0,0.0,0.0,0.0,0.0,0.6,0.0021278112754879,1.0,0.692122464518026,0.0,0.0,0.0,,,,,,0.0,,,,,439.92120202165097,4669.0634765625,,,,,,,,,,
529,1,529.0,0.0,32.0,32.0,0.2026647375896573,0.0,74.0,0.0,0.0,0.0,0.0,0.0,0.0,0.0,0.0,0.0,0.6,0.0021278112754879,1.0,0.6928202894886739,0.0,0.0,0.0,,,,,,0.0,,,,,434.0305420337245,4676.4775390625,,,,,,,,,,
530,1,530.0,0.0,32.0,32.0,0.1490277196280658,0.0,74.0,0.0,0.0,0.0,0.0,0.0,0.0,0.0,0.0,0.0,0.6,0.0021278112754879,1.0,0.6829117350428583,0.0,0.0,0.0,,,,,,0.0,,,,,438.6349250562489,4668.4384765625,,,,,,,,,,
531,1,531.0,0.0,32.0,32.0,0.1016088775359094,0.0,74.0,0.0,0.0,0.0,0.0,0.0,0.0,0.0,0.0,0.0,0.6,0.0021278112754879,1.0,0.6968958766129265,0.0,0.0,0.0,,,,,,0.0,,,,,426.5549409901723,4668.5166015625,,,,,,,,,,
532,1,532.0,0.0,32.0,32.0,0.1016800040379166,0.0,74.0,0.0,0.0,0.0,0.0,0.0,0.0,0.0,0.0,0.0,0.6,0.0021278112754879,1.0,0.6928373610180784,0.0,0.0,0.0,,,,,,0.0,,,,,436.9023829931393,4676.2509765625,,,,,,,,,,
533,1,533.0,0.0,32.0,32.0,0.1544249251019209,0.0,74.0,0.0,0.0,0.0,0.0,0.0,0.0,0.0,0.0,0.0,0.6,0.0021278112754879,1.0,0.6932220412434255,0.0,0.0,0.0,,,,,,0.0,,,,,432.51340999268,4667.6259765625,,,,,,,,,,
534,1,534.0,0.0,32.0,32.0,0.1438072877936065,0.0,74.0,0.0,0.0,0.0,0.0,0.0,0.0,0.0,0.0,0.0,0.6,0.0021278112754879,1.0,0.6881413748939341,0.0,0.0,0.0,,,,,,0.0,,,,,436.1319510499016,4664.8916015625,,,,,,,,,,
535,1,535.0,0.0,32.0,32.0,0.0800056415610015,0.0,74.0,0.0,0.0,0.0,0.0,0.0,0.0,0.0,0.0,0.0,0.6,0.0021278112754879,1.0,0.6955096625240061,0.0,0.0,0.0,,,,,,0.0,,,,,430.4891809588298,4664.8916015625,,,,,,,,,,
536,1,536.0,0.0,32.0,32.0,0.2582252521533519,0.0,74.0,0.0,0.0,0.0,0.0,0.0,0.0,0.0,0.0,0.0,0.6,0.0021278112754879,1.0,0.690148348935612,0.0,0.0,0.0,,,,,,0.0,,,,,438.78219404723495,4672.1572265625,,,,,,,,,,
537,1,537.0,0.0,32.0,32.0,0.2523985160514712,0.0,74.0,0.0,0.0,0.0,0.0,0.0,0.0,0.0,0.0,0.0,0.6,0.0021278112754879,1.0,0.6968546802285348,0.0,0.0,0.0,,,,,,0.0,,,,,433.6997650098056,4668.7353515625,,,,,,,,,,
538,1,538.0,0.0,32.0,32.0,0.1586744419764727,0.0,74.0,0.0,0.0,0.0,0.0,0.0,0.0,0.0,0.0,0.0,0.6,0.0021278112754879,1.0,0.6963326239554712,0.0,0.0,0.0,,,,,,0.0,,,,,439.9322440149263,4666.8134765625,,,,,,,,,,
539,1,539.0,0.0,32.0,32.0,0.1884624739177525,0.0,74.0,0.0,0.0,0.0,0.0,0.0,0.0,0.0,0.0,0.0,0.6,0.0021278112754879,1.0,0.6902149141936144,0.0,0.0,0.0,,,,,,0.0,,,,,427.2353609558195,4669.0634765625,,,,,,,,,,
540,1,540.0,0.0,32.0,32.0,0.3964590616524219,0.0,74.0,0.0,0.0,0.0,0.0,0.0,0.0,0.0,0.0,0.0,0.6,0.0021278112754879,1.0,0.6892765787158969,0.0,0.0,0.0,,,,,,0.0,,,,,437.8386390162632,4677.2822265625,,,,,,,,,,
541,1,541.0,0.0,32.0,32.0,0.2230303434189409,0.0,74.0,0.0,0.0,0.0,0.0,0.0,0.0,0.0,0.0,0.0,0.6,0.0021278112754879,1.0,0.6938188020197502,0.0,0.0,0.0,,,,,,0.0,,,,,430.5954350857064,4667.6259765625,,,,,,,,,,
542,1,542.0,0.0,32.0,32.0,0.2380529998335987,0.0,74.0,0.0,0.0,0.0,0.0,0.0,0.0,0.0,0.0,0.0,0.6,0.0021278112754879,1.0,0.6909424677267382,0.0,0.0,0.0,,,,,,0.0,,,,,436.63010699674487,4667.6259765625,,,,,,,,,,
543,1,543.0,0.0,32.0,32.0,0.0600313863251358,0.0,74.0,0.0,0.0,0.0,0.0,0.0,0.0,0.0,0.0,0.0,0.6,0.0021278112754879,1.0,0.6979011582545234,0.0,0.0,0.0,,,,,,0.0,,,,,427.9965630266816,4672.7353515625,,,,,,,,,,
544,1,544.0,0.0,32.0,32.0,0.2960513301659375,0.0,74.0,0.0,0.0,0.0,0.0,0.0,0.0,0.0,0.0,0.0,0.6,0.0021278112754879,1.0,0.6889492286999971,0.0,0.0,0.0,,,,,,0.0,,,,,436.83772697113454,4672.1572265625,,,,,,,,,,
545,1,545.0,0.0,32.0,32.0,0.4262521229684353,0.0,74.0,0.0,0.0,0.0,0.0,0.0,0.0,0.0,0.0,0.0,0.6,0.0021278112754879,1.0,0.6948151672889381,0.0,0.0,0.0,,,,,,0.0,,,,,431.2778318999335,4675.8837890625,,,,,,,,,,
546,1,546.0,0.0,32.0,32.0,0.3046087557449937,0.0,74.0,0.0,0.0,0.0,0.0,0.0,0.0,0.0,0.0,0.0,0.6,0.0021278112754879,1.0,0.6921990544389974,0.0,0.0,0.0,,,,,,0.0,,,,,434.40692499279976,4670.3134765625,,,,,,,,,,
547,1,547.0,0.0,32.0,32.0,0.1909842221066355,0.0,74.0,0.0,0.0,0.0,0.0,0.0,0.0,0.0,0.0,0.0,0.6,0.0021278112754879,1.0,0.6926928272082571,0.0,0.0,0.0,,,,,,0.0,,,,,428.7121699890122,4680.5556640625,,,,,,,,,,
548,1,548.0,0.0,32.0,32.0,0.2478681469801813,0.0,74.0,0.0,0.0,0.0,0.0,0.0,0.0,0.0,0.0,0.0,0.6,0.0021278112754879,1.0,0.6886408643669872,0.0,0.0,0.0,,,,,,0.0,,,,,430.9801449999213,4672.7353515625,,,,,,,,,,
549,1,549.0,0.0,32.0,32.0,0.3098871977999806,0.0,74.0,0.0,0.0,0.0,0.0,0.0,0.0,0.0,0.0,0.0,0.6,0.0021278112754879,1.0,0.6882580698839557,0.0,0.0,0.0,,,,,,0.0,,,,,431.6275910241529,4669.0634765625,,,,,,,,,,
550,1,550.0,0.0,32.0,32.0,0.1139853335916996,0.0,74.0,0.0,0.0,0.0,0.0,0.0,0.0,0.0,0.0,0.0,0.6,0.0021278112754879,1.0,0.6955741248618442,0.0,0.0,0.0,,,,,,0.0,,,,,434.81998599600047,4668.5166015625,,,,,,,,,,
551,1,551.0,0.0,32.0,32.0,0.1021648682653904,0.0,74.0,0.0,0.0,0.0,0.0,0.0,0.0,0.0,0.0,0.0,0.6,0.0021278112754879,1.0,0.6925468241240896,0.0,0.0,0.0,,,,,,0.0,,,,,430.9909059666097,4669.0634765625,,,,,,,,,,
552,1,552.0,0.0,32.0,32.0,0.1857002810575068,0.0,74.0,0.0,0.0,0.0,0.0,0.0,0.0,0.0,0.0,0.0,0.6,0.0021278112754879,1.0,0.6935605728376473,0.0,0.0,0.0,,,,,,0.0,,,,,431.0370390303433,4668.5166015625,,,,,,,,,,
553,1,553.0,0.0,32.0,32.0,0.1325551895424723,0.0,74.0,0.0,0.0,0.0,0.0,0.0,0.0,0.0,0.0,0.0,0.6,0.0021278112754879,1.0,0.6903947020179387,0.0,0.0,0.0,,,,,,0.0,,,,,431.81778804864734,4661.1884765625,,,,,,,,,,
554,1,554.0,0.0,32.0,32.0,0.0744142108596861,0.0,74.0,0.0,0.0,0.0,0.0,0.0,0.0,0.0,0.0,0.0,0.6,0.0021278112754879,1.0,0.6943934742125912,0.0,0.0,0.0,,,,,,0.0,,,,,437.6131419558078,4661.1884765625,,,,,,,,,,
555,1,555.0,0.0,32.0,32.0,0.0828027045354247,0.0,74.0,0.0,0.0,0.0,0.0,0.0,0.0,0.0,0.0,0.0,0.6,0.0021278112754879,1.0,0.6989900150975067,0.0,0.0,0.0,,,,,,0.0,,,,,430.4163079941645,4680.5556640625,,,,,,,,,,
556,1,556.0,0.0,32.0,32.0,0.0885362231638282,0.0,74.0,0.0,0.0,0.0,0.0,0.0,0.0,0.0,0.0,0.0,0.6,0.0021278112754879,1.0,0.6944184911697152,0.0,0.0,0.0,,,,,,0.0,,,,,432.83209297806025,4669.0634765625,,,,,,,,,,
557,1,557.0,0.0,32.0,32.0,0.1252912899944931,0.0,74.0,0.0,0.0,0.0,0.0,0.0,0.0,0.0,0.0,0.0,0.6,0.0021278112754879,1.0,0.6910979114339852,0.0,0.0,0.0,,,,,,0.0,,,,,430.10766594670713,4677.2822265625,,,,,,,,,,
558,1,558.0,0.0,32.0,32.0,0.1728297979570925,0.0,74.0,0.0,0.0,0.0,0.0,0.0,0.0,0.0,0.0,0.0,0.6,0.0021278112754879,1.0,0.695726338043235,0.0,0.0,0.0,,,,,,0.0,,,,,440.6218460062519,4666.8134765625,,,,,,,,,,
559,1,559.0,0.0,32.0,32.0,0.1696676053106784,0.0,74.0,0.0,0.0,0.0,0.0,0.0,0.0,0.0,0.0,0.0,0.6,0.0021278112754879,1.0,0.6978607759025085,0.0,0.0,0.0,,,,,,0.0,,,,,432.8380839433521,4671.2353515625,,,,,,,,,,
560,1,560.0,0.0,32.0,32.0,0.2245138415601104,0.0,74.0,0.0,0.0,0.0,0.0,0.0,0.0,0.0,0.0,0.0,0.6,0.0021278112754879,1.0,0.6899474638504114,0.0,0.0,0.0,,,,,,0.0,,,,,435.63005689065903,4672.1572265625,,,,,,,,,,
561,1,561.0,0.0,32.0,32.0,0.1744398933369666,0.0,74.0,0.0,0.0,0.0,0.0,0.0,0.0,0.0,0.0,0.0,0.6,0.0021278112754879,1.0,0.6962324216971211,0.0,0.0,0.0,,,,,,0.0,,,,,429.0405929787085,4667.7197265625,,,,,,,,,,
562,1,562.0,0.0,32.0,32.0,0.2093831944512203,0.0,74.0,0.0,0.0,0.0,0.0,0.0,0.0,0.0,0.0,0.0,0.6,0.0021278112754879,1.0,0.6880153042587747,0.0,0.0,0.0,,,,,,0.0,,,,,440.3959200717509,4669.0634765625,,,,,,,,,,
563,1,563.0,0.0,32.0,32.0,0.337304564891383,0.0,74.0,0.0,0.0,0.0,0.0,0.0,0.0,0.0,0.0,0.0,0.6,0.0021278112754879,1.0,0.6916951469449424,0.0,0.0,0.0,,,,,,0.0,,,,,432.5730570126325,4667.9384765625,,,,,,,,,,
564,1,564.0,0.0,32.0,32.0,0.074189571198076,0.0,74.0,0.0,0.0,0.0,0.0,0.0,0.0,0.0,0.0,0.0,0.6,0.0021278112754879,1.0,0.6885369886971677,0.0,0.0,0.0,,,,,,0.0,,,,,435.3929579956457,4671.4228515625,,,,,,,,,,
565,1,565.0,0.0,32.0,32.0,0.2127271695062518,0.0,74.0,0.0,0.0,0.0,0.0,0.0,0.0,0.0,0.0,0.0,0.6,0.0021278112754879,1.0,0.6910535981551764,0.0,0.0,0.0,,,,,,0.0,,,,,427.2655589738861,4672.7353515625,,,,,,,,,,
566,1,566.0,0.0,32.0,32.0,0.1135109951719641,0.0,74.0,0.0,0.0,0.0,0.0,0.0,0.0,0.0,0.0,0.0,0.6,0.0021278112754879,1.0,0.6965018051024365,0.0,0.0,0.0,,,,,,0.0,,,,,438.0115959793329,4672.1572265625,,,,,,,,,,
567,1,567.0,0.0,32.0,32.0,0.2683543278835714,0.0,74.0,0.0,0.0,0.0,0.0,0.0,0.0,0.0,0.0,0.0,0.6,0.0021278112754879,1.0,0.6878072662104462,0.0,0.0,0.0,,,,,,0.0,,,,,432.2893120115623,4666.8134765625,,,,,,,,,,
568,1,568.0,0.0,32.0,32.0,0.2761634767521173,0.0,74.0,0.0,0.0,0.0,0.0,0.0,0.0,0.0,0.0,0.0,0.6,0.0021278112754879,1.0,0.6934970140417003,0.0,0.0,0.0,,,,,,0.0,,,,,436.78544694557786,4671.2353515625,,,,,,,,,,
569,1,569.0,0.0,32.0,32.0,0.0470353231066837,0.0,74.0,0.0,0.0,0.0,0.0,0.0,0.0,0.0,0.0,0.0,0.6,0.0021278112754879,1.0,0.6958918719998337,0.0,0.0,0.0,,,,,,0.0,,,,,425.2132249530405,4668.7353515625,,,,,,,,,,
570,1,570.0,0.0,32.0,32.0,0.4451041424181312,0.0,74.0,0.0,0.0,0.0,0.0,0.0,0.0,0.0,0.0,0.0,0.6,0.0021278112754879,1.0,0.697911669239639,0.0,0.0,0.0,,,,,,0.0,,,,,433.69731900747865,4672.7353515625,,,,,,,,,,
571,1,571.0,0.0,32.0,32.0,0.0936765185324475,0.0,74.0,0.0,0.0,0.0,0.0,0.0,0.0,0.0,0.0,0.0,0.6,0.0021278112754879,1.0,0.6906093339108828,0.0,0.0,0.0,,,,,,0.0,,,,,431.9646859075874,4667.7197265625,,,,,,,,,,
572,1,572.0,0.0,32.0,32.0,0.0695850322954356,0.0,74.0,0.0,0.0,0.0,0.0,0.0,0.0,0.0,0.0,0.0,0.6,0.0021278112754879,1.0,0.6906293060217708,0.0,0.0,0.0,,,,,,0.0,,,,,440.2587229851633,4664.8916015625,,,,,,,,,,
573,1,573.0,0.0,32.0,32.0,0.2922744611278176,0.0,74.0,0.0,0.0,0.0,0.0,0.0,0.0,0.0,0.0,0.0,0.6,0.0021278112754879,1.0,0.6984006276548296,0.0,0.0,0.0,,,,,,0.0,,,,,430.3997219540179,4677.2822265625,,,,,,,,,,
574,1,574.0,0.0,32.0,32.0,0.3356364918872714,0.0,74.0,0.0,0.0,0.0,0.0,0.0,0.0,0.0,0.0,0.0,0.6,0.0021278112754879,1.0,0.6935153379907462,0.0,0.0,0.0,,,,,,0.0,,,,,435.4344529565424,4667.6259765625,,,,,,,,,,
575,1,575.0,0.0,32.0,32.0,0.3174865946639329,0.0,74.0,0.0,0.0,0.0,0.0,0.0,0.0,0.0,0.0,0.0,0.6,0.0021278112754879,1.0,0.6904951606431289,0.0,0.0,0.0,,,,,,0.0,,,,,433.2523510092869,4672.1572265625,,,,,,,,,,
576,1,576.0,0.0,32.0,32.0,0.0577665710588917,0.0,74.0,0.0,0.0,0.0,0.0,0.0,0.0,0.0,0.0,0.0,0.6,0.0021278112754879,1.0,0.6932433780226933,0.0,0.0,0.0,,,,,,0.0,,,,,438.8413300039247,4672.7353515625,,,,,,,,,,
577,1,577.0,0.0,32.0,32.0,0.3247966242488473,0.0,74.0,0.0,0.0,0.0,0.0,0.0,0.0,0.0,0.0,0.0,0.6,0.0021278112754879,1.0,0.695122837296868,0.0,0.0,0.0,,,,,,0.0,,,,,432.2516419924796,4669.0634765625,,,,,,,,,,
578,1,578.0,0.0,32.0,32.0,0.1078583488706499,0.0,74.0,0.0,0.0,0.0,0.0,0.0,0.0,0.0,0.0,0.0,0.6,0.0021278112754879,1.0,0.695380737062651,0.0,0.0,0.0,,,,,,0.0,,,,,434.2926590470597,4671.2353515625,,,,,,,,,,
579,1,579.0,0.0,32.0,32.0,0.1572050231043249,0.0,74.0,0.0,0.0,0.0,0.0,0.0,0.0,0.0,0.0,0.0,0.6,0.0021278112754879,1.0,0.694723808517788,0.0,0.0,0.0,,,,,,0.0,,,,,433.5851200157777,4671.2353515625,,,,,,,,,,
580,1,580.0,0.0,32.0,32.0,0.0427914859028533,0.0,74.0,0.0,0.0,0.0,0.0,0.0,0.0,0.0,0.0,0.0,0.6,0.0021278112754879,1.0,0.6842820350480854,0.0,0.0,0.0,,,,,,0.0,,,,,438.47521604038775,4672.7353515625,,,,,,,,,,
581,1,581.0,0.0,32.0,32.0,0.0906695080921053,0.0,74.0,0.0,0.0,0.0,0.0,0.0,0.0,0.0,0.0,0.0,0.6,0.0021278112754879,1.0,0.6926360076359447,0.0,0.0,0.0,,,,,,0.0,,,,,435.7247439911589,4667.4072265625,,,,,,,,,,
582,1,582.0,0.0,32.0,32.0,0.1062977702822536,0.0,74.0,0.0,0.0,0.0,0.0,0.0,0.0,0.0,0.0,0.0,0.6,0.0021278112754879,1.0,0.6839988742236075,0.0,0.0,0.0,,,,,,0.0,,,,,434.8235670477152,4664.6572265625,,,,,,,,,,
583,1,583.0,0.0,32.0,32.0,0.0966267006006091,0.0,74.0,0.0,0.0,0.0,0.0,0.0,0.0,0.0,0.0,0.0,0.6,0.0021278112754879,1.0,0.6954840653241854,0.0,0.0,0.0,,,,,,0.0,,,,,431.9227070081979,4671.2353515625,,,,,,,,,,
584,1,584.0,0.0,32.0,32.0,0.0370450337068177,0.0,74.0,0.0,0.0,0.0,0.0,0.0,0.0,0.0,0.0,0.0,0.6,0.0021278112754879,1.0,0.6852549037163956,0.0,0.0,0.0,,,,,,0.0,,,,,439.6212790161371,4671.2353515625,,,,,,,,,,
585,1,585.0,0.0,32.0,32.0,0.1103277276270091,0.0,74.0,0.0,0.0,0.0,0.0,0.0,0.0,0.0,0.0,0.0,0.6,0.0021278112754879,1.0,0.6937834535486082,0.0,0.0,0.0,,,,,,0.0,,,,,434.654284035787,4669.0634765625,,,,,,,,,,
586,1,586.0,0.0,32.0,32.0,0.1548171184258535,0.0,74.0,0.0,0.0,0.0,0.0,0.0,0.0,0.0,0.0,0.0,0.6,0.0021278112754879,1.0,0.6928901769745264,0.0,0.0,0.0,,,,,,0.0,,,,,432.2512450162321,4661.1884765625,,,,,,,,,,
587,1,587.0,0.0,32.0,32.0,0.063176185823977,0.0,74.0,0.0,0.0,0.0,0.0,0.0,0.0,0.0,0.0,0.0,0.6,0.0021278112754879,1.0,0.6957154685138177,0.0,0.0,0.0,,,,,,0.0,,,,,427.8574839700013,4669.0634765625,,,,,,,,,,
588,1,588.0,0.0,32.0,32.0,0.2732798983342945,0.0,74.0,0.0,0.0,0.0,0.0,0.0,0.0,0.0,0.0,0.0,0.6,0.0021278112754879,1.0,0.689774394186971,0.0,0.0,0.0,,,,,,0.0,,,,,437.7660909667611,4676.2509765625,,,,,,,,,,
589,1,589.0,0.0,32.0,32.0,0.5350326197221875,0.0,74.0,0.0,0.0,0.0,0.0,0.0,0.0,0.0,0.0,0.0,0.6,0.0021278112754879,1.0,0.6933969292316188,0.0,0.0,0.0,,,,,,0.0,,,,,431.52424902655184,4676.2509765625,,,,,,,,,,
590,1,590.0,0.0,32.0,32.0,0.2821418101666495,0.0,74.0,0.0,0.0,0.0,0.0,0.0,0.0,0.0,0.0,0.0,0.6,0.0021278112754879,1.0,0.6972282456510113,0.0,0.0,0.0,,,,,,0.0,,,,,441.5093429852277,4668.1572265625,,,,,,,,,,
591,1,591.0,0.0,32.0,32.0,0.3284808075986802,0.0,74.0,0.0,0.0,0.0,0.0,0.0,0.0,0.0,0.0,0.0,0.6,0.0021278112754879,1.0,0.692556208751125,0.0,0.0,0.0,,,,,,0.0,,,,,424.59690500982106,4668.5166015625,,,,,,,,,,
592,1,592.0,0.0,32.0,32.0,0.0950916740112006,0.0,74.0,0.0,0.0,0.0,0.0,0.0,0.0,0.0,0.0,0.0,0.6,0.0021278112754879,1.0,0.6964193936628128,0.0,0.0,0.0,,,,,,0.0,,,,,434.5108550041914,4669.0634765625,,,,,,,,,,
593,1,593.0,0.0,32.0,32.0,0.3695120712509379,0.0,74.0,0.0,0.0,0.0,0.0,0.0,0.0,0.0,0.0,0.0,0.6,0.0021278112754879,1.0,0.692809201172785,0.0,0.0,0.0,,,,,,0.0,,,,,431.7284000571817,4675.8837890625,,,,,,,,,,
594,1,594.0,0.0,32.0,32.0,0.0864301865221932,0.0,74.0,0.0,0.0,0.0,0.0,0.0,0.0,0.0,0.0,0.0,0.6,0.0021278112754879,1.0,0.6993518596513366,0.0,0.0,0.0,,,,,,0.0,,,,,435.3607469238341,4669.0634765625,,,,,,,,,,
595,1,595.0,0.0,32.0,32.0,0.3413047310896218,0.0,74.0,0.0,0.0,0.0,0.0,0.0,0.0,0.0,0.0,0.0,0.6,0.0021278112754879,1.0,0.6979223411446756,0.0,0.0,0.0,,,,,,0.0,,,,,428.8756779860705,4668.0009765625,,,,,,,,,,
596,1,596.0,0.0,32.0,32.0,0.2490281732752919,0.0,74.0,0.0,0.0,0.0,0.0,0.0,0.0,0.0,0.0,0.0,0.6,0.0021278112754879,1.0,0.6954835087838389,0.0,0.0,0.0,,,,,,0.0,,,,,439.5560659468174,4672.8916015625,,,,,,,,,,
597,1,597.0,0.0,32.0,32.0,0.161039893864654,0.0,74.0,0.0,0.0,0.0,0.0,0.0,0.0,0.0,0.0,0.0,0.6,0.0021278112754879,1.0,0.6917650441934488,0.0,0.0,0.0,,,,,,0.0,,,,,432.8060729894787,4670.3134765625,,,,,,,,,,
598,1,598.0,0.0,32.0,32.0,0.2733859302243218,0.0,74.0,0.0,0.0,0.0,0.0,0.0,0.0,0.0,0.0,0.0,0.6,0.0021278112754879,1.0,0.6891470889986111,0.0,0.0,0.0,,,,,,0.0,,,,,439.497197046876,4664.8916015625,,,,,,,,,,
599,1,599.0,0.0,32.0,32.0,0.2718199123628437,0.0,74.0,0.0,0.0,0.0,0.0,0.0,0.0,0.0,0.0,0.0,0.6,0.0021278112754879,1.0,0.6904355222689094,0.0,0.0,0.0,,,,,,0.0,,,,,430.77042093500495,4668.0009765625,,,,,,,,,,
600,1,600.0,0.0,32.0,32.0,0.0487014491809532,0.0,74.0,0.0,0.0,0.0,0.0,0.0,0.0,0.0,0.0,0.0,0.6,0.0021278112754879,1.0,0.6894518558647906,0.0,0.0,0.0,,,,,,0.0,,,,,523.571060039103,4675.8837890625,,,,,,,,,,
601,1,601.0,0.0,32.0,32.0,0.0709808621904812,0.0,74.0,0.0,0.0,0.0,0.0,0.0,0.0,0.0,0.0,0.0,0.6,0.0021278112754879,1.0,0.688407541451019,0.0,0.0,0.0,,,,,,0.0,,,,,435.5387859977782,4671.2353515625,,,,,,,,,,
602,1,602.0,0.0,32.0,32.0,0.1041007384192198,0.0,74.0,0.0,0.0,0.0,0.0,0.0,0.0,0.0,0.0,0.0,0.6,0.0021278112754879,1.0,0.6947234063425258,0.0,0.0,0.0,,,,,,0.0,,,,,441.0389300901443,4669.0634765625,,,,,,,,,,
603,1,603.0,0.0,32.0,32.0,0.324637602083385,0.0,74.0,0.0,0.0,0.0,0.0,0.0,0.0,0.0,0.0,0.0,0.6,0.0021278112754879,1.0,0.6866675719155463,0.0,0.0,0.0,,,,,,0.0,,,,,433.93446097616106,4672.1572265625,,,,,,,,,,
604,1,604.0,0.0,32.0,32.0,0.0965956854633987,0.0,74.0,0.0,0.0,0.0,0.0,0.0,0.0,0.0,0.0,0.0,0.6,0.0021278112754879,1.0,0.6894042670709325,0.0,0.0,0.0,,,,,,0.0,,,,,432.9505329951644,4671.2353515625,,,,,,,,,,
605,1,605.0,0.0,32.0,32.0,0.3748340914025903,0.0,74.0,0.0,0.0,0.0,0.0,0.0,0.0,0.0,0.0,0.0,0.6,0.0021278112754879,1.0,0.6890178659730171,0.0,0.0,0.0,,,,,,0.0,,,,,433.3410629769787,4676.2509765625,,,,,,,,,,
606,1,606.0,0.0,32.0,32.0,0.4053301147650927,0.0,74.0,0.0,0.0,0.0,0.0,0.0,0.0,0.0,0.0,0.0,0.6,0.0021278112754879,1.0,0.6941554291093808,0.0,0.0,0.0,,,,,,0.0,,,,,440.1924660196528,4680.5556640625,,,,,,,,,,
607,1,607.0,0.0,32.0,32.0,0.0511379380477592,0.0,74.0,0.0,0.0,0.0,0.0,0.0,0.0,0.0,0.0,0.0,0.6,0.0021278112754879,1.0,0.6875725167871148,0.0,0.0,0.0,,,,,,0.0,,,,,434.2394119594246,4672.7353515625,,,,,,,,,,
608,1,608.0,0.0,32.0,32.0,0.1394303098786622,0.0,74.0,0.0,0.0,0.0,0.0,0.0,0.0,0.0,0.0,0.0,0.6,0.0021278112754879,1.0,0.688472039339286,0.0,0.0,0.0,,,,,,0.0,,,,,437.3744800686836,4672.1572265625,,,,,,,,,,
609,1,609.0,0.0,32.0,32.0,0.2143483771942556,0.0,74.0,0.0,0.0,0.0,0.0,0.0,0.0,0.0,0.0,0.0,0.6,0.0021278112754879,1.0,0.6865741466562215,0.0,0.0,0.0,,,,,,0.0,,,,,425.9351190412417,4670.3134765625,,,,,,,,,,
610,1,610.0,0.0,32.0,32.0,0.0773881014902144,0.0,74.0,0.0,0.0,0.0,0.0,0.0,0.0,0.0,0.0,0.0,0.6,0.0021278112754879,1.0,0.6979421801942469,0.0,0.0,0.0,,,,,,0.0,,,,,438.0122200818733,4669.0634765625,,,,,,,,,,
611,1,611.0,0.0,32.0,32.0,0.1304312809370458,0.0,74.0,0.0,0.0,0.0,0.0,0.0,0.0,0.0,0.0,0.0,0.6,0.0021278112754879,1.0,0.6880266591780139,0.0,0.0,0.0,,,,,,0.0,,,,,432.1133079938591,4667.6259765625,,,,,,,,,,
612,1,612.0,0.0,32.0,32.0,0.0732342784758657,0.0,74.0,0.0,0.0,0.0,0.0,0.0,0.0,0.0,0.0,0.0,0.6,0.0021278112754879,1.0,0.6938042460196319,0.0,0.0,0.0,,,,,,0.0,,,,,438.9572639483959,4668.0009765625,,,,,,,,,,
613,1,613.0,0.0,32.0,32.0,0.1492324800929054,0.0,74.0,0.0,0.0,0.0,0.0,0.0,0.0,0.0,0.0,0.0,0.6,0.0021278112754879,1.0,0.703349852813053,0.0,0.0,0.0,,,,,,0.0,,,,,425.8087789639831,4667.6259765625,,,,,,,,,,
614,1,614.0,0.0,32.0,32.0,0.2104040794074535,0.0,74.0,0.0,0.0,0.0,0.0,0.0,0.0,0.0,0.0,0.0,0.6,0.0021278112754879,1.0,0.6985626400520364,0.0,0.0,0.0,,,,,,0.0,,,,,437.243708060123,4667.6259765625,,,,,,,,,,
615,1,615.0,0.0,32.0,32.0,0.2502070611808449,0.0,74.0,0.0,0.0,0.0,0.0,0.0,0.0,0.0,0.0,0.0,0.6,0.0021278112754879,1.0,0.6877691073858034,0.0,0.0,0.0,,,,,,0.0,,,,,433.9490360580385,4677.2822265625,,,,,,,,,,
616,1,616.0,0.0,32.0,32.0,0.1631364186760038,0.0,74.0,0.0,0.0,0.0,0.0,0.0,0.0,0.0,0.0,0.0,0.6,0.0021278112754879,1.0,0.6951485996605034,0.0,0.0,0.0,,,,,,0.0,,,,,437.0257769478485,4672.1572265625,,,,,,,,,,
617,1,617.0,0.0,32.0,32.0,0.3759038667194545,0.0,74.0,0.0,0.0,0.0,0.0,0.0,0.0,0.0,0.0,0.0,0.6,0.0021278112754879,1.0,0.6914350321577756,0.0,0.0,0.0,,,,,,0.0,,,,,431.58204399514943,4666.8134765625,,,,,,,,,,
618,1,618.0,0.0,32.0,32.0,0.2053482024930417,0.0,74.0,0.0,0.0,0.0,0.0,0.0,0.0,0.0,0.0,0.0,0.6,0.0021278112754879,1.0,0.6905103242911821,0.0,0.0,0.0,,,,,,0.0,,,,,437.4136400874704,4671.2353515625,,,,,,,,,,
619,1,619.0,0.0,32.0,32.0,0.108428077539429,0.0,74.0,0.0,0.0,0.0,0.0,0.0,0.0,0.0,0.0,0.0,0.6,0.0021278112754879,1.0,0.6891467394916685,0.0,0.0,0.0,,,,,,0.0,,,,,434.1637829784304,4668.7041015625,,,,,,,,,,
620,1,620.0,0.0,32.0,32.0,0.2133984747342765,0.0,74.0,0.0,0.0,0.0,0.0,0.0,0.0,0.0,0.0,0.0,0.6,0.0021278112754879,1.0,0.6938650843343539,0.0,0.0,0.0,,,,,,0.0,,,,,438.6179769644514,4668.1572265625,,,,,,,,,,
621,1,621.0,0.0,32.0,32.0,0.2154950404074043,0.0,74.0,0.0,0.0,0.0,0.0,0.0,0.0,0.0,0.0,0.0,0.6,0.0021278112754879,1.0,0.6933117509487796,0.0,0.0,0.0,,,,,,0.0,,,,,430.2580339135602,4677.2822265625,,,,,,,,,,
622,1,622.0,0.0,32.0,32.0,0.2671594289131462,0.0,74.0,0.0,0.0,0.0,0.0,0.0,0.0,0.0,0.0,0.0,0.6,0.0021278112754879,1.0,0.6928908505575269,0.0,0.0,0.0,,,,,,0.0,,,,,434.8243740387261,4680.5556640625,,,,,,,,,,
623,1,623.0,0.0,32.0,32.0,0.388618596829474,0.0,74.0,0.0,0.0,0.0,0.0,0.0,0.0,0.0,0.0,0.0,0.6,0.0021278112754879,1.0,0.6933557392752061,0.0,0.0,0.0,,,,,,0.0,,,,,435.76350808143616,4667.4072265625,,,,,,,,,,
624,1,624.0,0.0,32.0,32.0,0.1433817024808377,0.0,74.0,0.0,0.0,0.0,0.0,0.0,0.0,0.0,0.0,0.0,0.6,0.0021278112754879,1.0,0.6876176522695625,0.0,0.0,0.0,,,,,,0.0,,,,,440.2636700542644,4668.7041015625,,,,,,,,,,
625,1,625.0,0.0,32.0,32.0,0.1111217592842876,0.0,74.0,0.0,0.0,0.0,0.0,0.0,0.0,0.0,0.0,0.0,0.6,0.0021278112754879,1.0,0.6943330574143319,0.0,0.0,0.0,,,,,,0.0,,,,,429.52358501497656,4672.1572265625,,,,,,,,,,
626,1,626.0,0.0,32.0,32.0,0.1703076314879581,0.0,74.0,0.0,0.0,0.0,0.0,0.0,0.0,0.0,0.0,0.0,0.6,0.0021278112754879,1.0,0.6890369881241803,0.0,0.0,0.0,,,,,,0.0,,,,,433.557789074257,4668.0009765625,,,,,,,,,,
627,1,627.0,0.0,32.0,32.0,0.3012338270200416,0.0,74.0,0.0,0.0,0.0,0.0,0.0,0.0,0.0,0.0,0.0,0.6,0.0021278112754879,1.0,0.6925291255726377,0.0,0.0,0.0,,,,,,0.0,,,,,433.224376058206,4667.4072265625,,,,,,,,,,
628,1,628.0,0.0,32.0,32.0,0.0921715927543118,0.0,74.0,0.0,0.0,0.0,0.0,0.0,0.0,0.0,0.0,0.0,0.6,0.0021278112754879,1.0,0.6900332956005715,0.0,0.0,0.0,,,,,,0.0,,,,,437.8085860516876,4667.9384765625,,,,,,,,,,
629,1,629.0,0.0,32.0,32.0,0.1857679667882621,0.0,74.0,0.0,0.0,0.0,0.0,0.0,0.0,0.0,0.0,0.0,0.6,0.0021278112754879,1.0,0.6968183374825327,0.0,0.0,0.0,,,,,,0.0,,,,,431.4742250135168,4675.8837890625,,,,,,,,,,
630,1,630.0,0.0,32.0,32.0,0.1961526991799473,0.0,74.0,0.0,0.0,0.0,0.0,0.0,0.0,0.0,0.0,0.0,0.6,0.0021278112754879,1.0,0.6943954849996163,0.0,0.0,0.0,,,,,,0.0,,,,,435.6213060673326,4671.2353515625,,,,,,,,,,
631,1,631.0,0.0,32.0,32.0,0.4610552443191409,0.0,74.0,0.0,0.0,0.0,0.0,0.0,0.0,0.0,0.0,0.0,0.6,0.0021278112754879,1.0,0.6928613115764224,0.0,0.0,0.0,,,,,,0.0,,,,,447.3696830682457,4668.0009765625,,,,,,,,,,
632,1,632.0,0.0,32.0,32.0,0.1999748775269836,0.0,74.0,0.0,0.0,0.0,0.0,0.0,0.0,0.0,0.0,0.0,0.6,0.0021278112754879,1.0,0.6899844175866272,0.0,0.0,0.0,,,,,,0.0,,,,,438.9783489750698,4675.3291015625,,,,,,,,,,
633,1,633.0,0.0,32.0,32.0,0.227537723723799,0.0,74.0,0.0,0.0,0.0,0.0,0.0,0.0,0.0,0.0,0.0,0.6,0.0021278112754879,1.0,0.6982557958201728,0.0,0.0,0.0,,,,,,0.0,,,,,437.0700790314004,4667.1728515625,,,,,,,,,,
634,1,634.0,0.0,32.0,32.0,0.2049272339791059,0.0,74.0,0.0,0.0,0.0,0.0,0.0,0.0,0.0,0.0,0.0,0.6,0.0021278112754879,1.0,0.693254345095614,0.0,0.0,0.0,,,,,,0.0,,,,,437.84819496795535,4667.6259765625,,,,,,,,,,
635,1,635.0,0.0,32.0,32.0,0.324662318918854,0.0,74.0,0.0,0.0,0.0,0.0,0.0,0.0,0.0,0.0,0.0,0.6,0.0021278112754879,1.0,0.6932755850627667,0.0,0.0,0.0,,,,,,0.0,,,,,432.4435630114749,4666.8134765625,,,,,,,,,,
636,1,636.0,0.0,32.0,32.0,0.2442397880367934,0.0,74.0,0.0,0.0,0.0,0.0,0.0,0.0,0.0,0.0,0.0,0.6,0.0021278112754879,1.0,0.6886271837118537,0.0,0.0,0.0,,,,,,0.0,,,,,440.1541829574853,4680.5556640625,,,,,,,,,,
637,1,637.0,0.0,32.0,32.0,0.2892622426152229,0.0,74.0,0.0,0.0,0.0,0.0,0.0,0.0,0.0,0.0,0.0,0.6,0.0021278112754879,1.0,0.6876044784441616,0.0,0.0,0.0,,,,,,0.0,,,,,433.5947399958968,4668.3134765625,,,,,,,,,,
638,1,638.0,0.0,32.0,32.0,0.2200491934781894,0.0,74.0,0.0,0.0,0.0,0.0,0.0,0.0,0.0,0.0,0.0,0.6,0.0021278112754879,1.0,0.6921418503839665,0.0,0.0,0.0,,,,,,0.0,,,,,439.0680609503761,4666.8134765625,,,,,,,,,,
639,1,639.0,0.0,32.0,32.0,0.3248198949731886,0.0,74.0,0.0,0.0,0.0,0.0,0.0,0.0,0.0,0.0,0.0,0.6,0.0021278112754879,1.0,0.6896548151544016,0.0,0.0,0.0,,,,,,0.0,,,,,428.71575499884784,4672.7353515625,,,,,,,,,,
640,1,640.0,0.0,32.0,32.0,0.3179879074450582,0.0,74.0,0.0,0.0,0.0,0.0,0.0,0.0,0.0,0.0,0.0,0.6,0.0021278112754879,1.0,0.6943493442645651,0.0,0.0,0.0,,,,,,0.0,,,,,439.4905080553144,4668.1572265625,,,,,,,,,,
641,1,641.0,0.0,32.0,32.0,0.2051504128612578,0.0,74.0,0.0,0.0,0.0,0.0,0.0,0.0,0.0,0.0,0.0,0.6,0.0021278112754879,1.0,0.6978758558431291,0.0,0.0,0.0,,,,,,0.0,,,,,437.5808709301055,4667.7197265625,,,,,,,,,,
642,1,642.0,0.0,32.0,32.0,0.1106953034177422,0.0,74.0,0.0,0.0,0.0,0.0,0.0,0.0,0.0,0.0,0.0,0.6,0.0021278112754879,1.0,0.6927686213462104,0.0,0.0,0.0,,,,,,0.0,,,,,440.4263279866427,4675.8837890625,,,,,,,,,,
643,1,643.0,0.0,32.0,32.0,0.1024091446306556,0.0,74.0,0.0,0.0,0.0,0.0,0.0,0.0,0.0,0.0,0.0,0.6,0.0021278112754879,1.0,0.6921735585584389,0.0,0.0,0.0,,,,,,0.0,,,,,430.2697180537507,4667.9384765625,,,,,,,,,,
644,1,644.0,0.0,32.0,32.0,0.143327857600525,0.0,74.0,0.0,0.0,0.0,0.0,0.0,0.0,0.0,0.0,0.0,0.6,0.0021278112754879,1.0,0.6961000942601444,0.0,0.0,0.0,,,,,,0.0,,,,,435.6444900622592,4672.7353515625,,,,,,,,,,
645,1,645.0,0.0,32.0,32.0,0.2121378862066194,0.0,74.0,0.0,0.0,0.0,0.0,0.0,0.0,0.0,0.0,0.0,0.6,0.0021278112754879,1.0,0.692324282131572,0.0,0.0,0.0,,,,,,0.0,,,,,432.14429810177535,4661.1884765625,,,,,,,,,,
646,1,646.0,0.0,32.0,32.0,0.1702932924963534,0.0,74.0,0.0,0.0,0.0,0.0,0.0,0.0,0.0,0.0,0.0,0.6,0.0021278112754879,1.0,0.6927148770324872,0.0,0.0,0.0,,,,,,0.0,,,,,443.35618207696825,4667.7197265625,,,,,,,,,,
647,1,647.0,0.0,32.0,32.0,0.0771338538033887,0.0,74.0,0.0,0.0,0.0,0.0,0.0,0.0,0.0,0.0,0.0,0.6,0.0021278112754879,1.0,0.6901492615700259,0.0,0.0,0.0,,,,,,0.0,,,,,433.5834230296314,4668.0009765625,,,,,,,,,,
648,1,648.0,0.0,32.0,32.0,0.3334245467558503,0.0,74.0,0.0,0.0,0.0,0.0,0.0,0.0,0.0,0.0,0.0,0.6,0.0021278112754879,1.0,0.6891983114614794,0.0,0.0,0.0,,,,,,0.0,,,,,435.394685016945,4672.8916015625,,,,,,,,,,
649,1,649.0,0.0,32.0,32.0,0.3214275385253131,0.0,74.0,0.0,0.0,0.0,0.0,0.0,0.0,0.0,0.0,0.0,0.6,0.0021278112754879,1.0,0.6870183962125761,0.0,0.0,0.0,,,,,,0.0,,,,,435.1169930305332,4666.8134765625,,,,,,,,,,
650,1,650.0,0.0,32.0,32.0,0.233395455405116,0.0,74.0,0.0,0.0,0.0,0.0,0.0,0.0,0.0,0.0,0.0,0.6,0.0021278112754879,1.0,0.686356225062303,0.0,0.0,0.0,,,,,,0.0,,,,,440.6043440103531,4677.2822265625,,,,,,,,,,
651,1,651.0,0.0,32.0,32.0,0.2530617818702012,0.0,74.0,0.0,0.0,0.0,0.0,0.0,0.0,0.0,0.0,0.0,0.6,0.0021278112754879,1.0,0.6905487453722889,0.0,0.0,0.0,,,,,,0.0,,,,,431.818227050826,4667.6259765625,,,,,,,,,,
652,1,652.0,0.0,32.0,32.0,0.1689979191869497,0.0,74.0,0.0,0.0,0.0,0.0,0.0,0.0,0.0,0.0,0.0,0.6,0.0021278112754879,1.0,0.6935504619401549,0.0,0.0,0.0,,,,,,0.0,,,,,435.6053259689361,4661.1884765625,,,,,,,,,,
653,1,653.0,0.0,32.0,32.0,0.2074709478765726,0.0,74.0,0.0,0.0,0.0,0.0,0.0,0.0,0.0,0.0,0.0,0.6,0.0021278112754879,1.0,0.6932841519611948,0.0,0.0,0.0,,,,,,0.0,,,,,430.53742102347314,4668.3134765625,,,,,,,,,,
654,1,654.0,0.0,32.0,32.0,0.0912724381778389,0.0,74.0,0.0,0.0,0.0,0.0,0.0,0.0,0.0,0.0,0.0,0.6,0.0021278112754879,1.0,0.6965748665567125,0.0,0.0,0.0,,,,,,0.0,,,,,435.9071380458772,4668.0009765625,,,,,,,,,,
655,1,655.0,0.0,32.0,32.0,0.269608199247159,0.0,74.0,0.0,0.0,0.0,0.0,0.0,0.0,0.0,0.0,0.0,0.6,0.0021278112754879,1.0,0.6912650120719137,0.0,0.0,0.0,,,,,,0.0,,,,,429.22356398776174,4676.2509765625,,,,,,,,,,
656,1,656.0,0.0,32.0,32.0,0.1612736410461366,0.0,74.0,0.0,0.0,0.0,0.0,0.0,0.0,0.0,0.0,0.0,0.6,0.0021278112754879,1.0,0.6912087427524021,0.0,0.0,0.0,,,,,,0.0,,,,,435.1473229471594,4668.5166015625,,,,,,,,,,
657,1,657.0,0.0,32.0,32.0,0.2141216072486713,0.0,74.0,0.0,0.0,0.0,0.0,0.0,0.0,0.0,0.0,0.0,0.6,0.0021278112754879,1.0,0.6917129897956539,0.0,0.0,0.0,,,,,,0.0,,,,,426.2824370525777,4667.2197265625,,,,,,,,,,
658,1,658.0,0.0,32.0,32.0,0.1259992070263251,0.0,74.0,0.0,0.0,0.0,0.0,0.0,0.0,0.0,0.0,0.0,0.6,0.0021278112754879,1.0,0.6977099685662957,0.0,0.0,0.0,,,,,,0.0,,,,,441.6966040153056,4677.2822265625,,,,,,,,,,
659,1,659.0,0.0,32.0,32.0,0.1914431831100955,0.0,74.0,0.0,0.0,0.0,0.0,0.0,0.0,0.0,0.0,0.0,0.6,0.0021278112754879,1.0,0.6872720209890095,0.0,0.0,0.0,,,,,,0.0,,,,,431.7779109114781,4677.2822265625,,,,,,,,,,
660,1,660.0,0.0,32.0,32.0,0.1462616706266999,0.0,74.0,0.0,0.0,0.0,0.0,0.0,0.0,0.0,0.0,0.0,0.6,0.0021278112754879,1.0,0.6917717603280112,0.0,0.0,0.0,,,,,,0.0,,,,,438.7698129285127,4668.5166015625,,,,,,,,,,
661,1,661.0,0.0,32.0,32.0,0.1393662843620404,0.0,74.0,0.0,0.0,0.0,0.0,0.0,0.0,0.0,0.0,0.0,0.6,0.0021278112754879,1.0,0.6958924147185374,0.0,0.0,0.0,,,,,,0.0,,,,,430.06417993456125,4668.4384765625,,,,,,,,,,
662,1,662.0,0.0,32.0,32.0,0.3454360768664628,0.0,74.0,0.0,0.0,0.0,0.0,0.0,0.0,0.0,0.0,0.0,0.6,0.0021278112754879,1.0,0.6898231375634202,0.0,0.0,0.0,,,,,,0.0,,,,,439.8312800331041,4672.1572265625,,,,,,,,,,
663,1,663.0,0.0,32.0,32.0,0.1827834930736571,0.0,74.0,0.0,0.0,0.0,0.0,0.0,0.0,0.0,0.0,0.0,0.6,0.0021278112754879,1.0,0.6955014978189177,0.0,0.0,0.0,,,,,,0.0,,,,,429.029259015806,4669.0634765625,,,,,,,,,,
664,1,664.0,0.0,32.0,32.0,0.1883513664361089,0.0,74.0,0.0,0.0,0.0,0.0,0.0,0.0,0.0,0.0,0.0,0.6,0.0021278112754879,1.0,0.695472280760133,0.0,0.0,0.0,,,,,,0.0,,,,,438.14745091367513,4672.1572265625,,,,,,,,,,
665,1,665.0,0.0,32.0,32.0,0.1014856165274977,0.0,74.0,0.0,0.0,0.0,0.0,0.0,0.0,0.0,0.0,0.0,0.6,0.0021278112754879,1.0,0.6902602911812747,0.0,0.0,0.0,,,,,,0.0,,,,,428.94754197914153,4668.5166015625,,,,,,,,,,
666,1,666.0,0.0,32.0,32.0,0.3841509558260441,0.0,74.0,0.0,0.0,0.0,0.0,0.0,0.0,0.0,0.0,0.0,0.6,0.0021278112754879,1.0,0.690037928019072,0.0,0.0,0.0,,,,,,0.0,,,,,433.97737096529454,4664.8916015625,,,,,,,,,,
667,1,667.0,0.0,32.0,32.0,0.1213099490851163,0.0,74.0,0.0,0.0,0.0,0.0,0.0,0.0,0.0,0.0,0.0,0.6,0.0021278112754879,1.0,0.6904246984660454,0.0,0.0,0.0,,,,,,0.0,,,,,431.9198550656438,4671.2353515625,,,,,,,,,,
668,1,668.0,0.0,32.0,32.0,0.1943231229670345,0.0,74.0,0.0,0.0,0.0,0.0,0.0,0.0,0.0,0.0,0.0,0.6,0.0021278112754879,1.0,0.6845121844239137,0.0,0.0,0.0,,,,,,0.0,,,,,433.7480419781059,4675.8837890625,,,,,,,,,,
669,1,669.0,0.0,32.0,32.0,0.063688229303807,0.0,74.0,0.0,0.0,0.0,0.0,0.0,0.0,0.0,0.0,0.0,0.6,0.0021278112754879,1.0,0.6924110340298931,0.0,0.0,0.0,,,,,,0.0,,,,,426.73484794795513,4672.1572265625,,,,,,,,,,
670,1,670.0,0.0,32.0,32.0,0.2702218114864081,0.0,74.0,0.0,0.0,0.0,0.0,0.0,0.0,0.0,0.0,0.0,0.6,0.0021278112754879,1.0,0.6869488641935909,0.0,0.0,0.0,,,,,,0.0,,,,,430.2773450035602,4664.8916015625,,,,,,,,,,
671,1,671.0,0.0,32.0,32.0,0.1048558466136455,0.0,74.0,0.0,0.0,0.0,0.0,0.0,0.0,0.0,0.0,0.0,0.6,0.0021278112754879,1.0,0.6867184911597162,0.0,0.0,0.0,,,,,,0.0,,,,,434.73059101961553,4666.8134765625,,,,,,,,,,
672,1,672.0,0.0,32.0,32.0,0.2652274742722511,0.0,74.0,0.0,0.0,0.0,0.0,0.0,0.0,0.0,0.0,0.0,0.6,0.0021278112754879,1.0,0.6815952173174544,0.0,0.0,0.0,,,,,,0.0,,,,,436.4788628881797,4661.1884765625,,,,,,,,,,
673,1,673.0,0.0,32.0,32.0,0.0557408984750509,0.0,74.0,0.0,0.0,0.0,0.0,0.0,0.0,0.0,0.0,0.0,0.6,0.0021278112754879,1.0,0.6867403475522353,0.0,0.0,0.0,,,,,,0.0,,,,,428.339718026109,4671.4228515625,,,,,,,,,,
674,1,674.0,0.0,32.0,32.0,0.2480386355891823,0.0,74.0,0.0,0.0,0.0,0.0,0.0,0.0,0.0,0.0,0.0,0.6,0.0021278112754879,1.0,0.6888398664531096,0.0,0.0,0.0,,,,,,0.0,,,,,432.1898459456861,4667.7197265625,,,,,,,,,,
675,1,675.0,0.0,32.0,32.0,0.1024793407414108,0.0,74.0,0.0,0.0,0.0,0.0,0.0,0.0,0.0,0.0,0.0,0.6,0.0021278112754879,1.0,0.6861720040791941,0.0,0.0,0.0,,,,,,0.0,,,,,425.6087180692703,4667.4072265625,,,,,,,,,,
676,1,676.0,0.0,32.0,32.0,0.1467909840866923,0.0,74.0,0.0,0.0,0.0,0.0,0.0,0.0,0.0,0.0,0.0,0.6,0.0021278112754879,1.0,0.6923217803015864,0.0,0.0,0.0,,,,,,0.0,,,,,443.6380700208247,4667.4072265625,,,,,,,,,,
677,1,677.0,0.0,32.0,32.0,0.0932623399421572,0.0,74.0,0.0,0.0,0.0,0.0,0.0,0.0,0.0,0.0,0.0,0.6,0.0021278112754879,1.0,0.6925357942728627,0.0,0.0,0.0,,,,,,0.0,,,,,436.1126250587404,4673.5166015625,,,,,,,,,,
678,1,678.0,0.0,32.0,32.0,0.3529416543897241,0.0,74.0,0.0,0.0,0.0,0.0,0.0,0.0,0.0,0.0,0.0,0.6,0.0021278112754879,1.0,0.6910567090504811,0.0,0.0,0.0,,,,,,0.0,,,,,438.3872880134732,4668.5166015625,,,,,,,,,,
679,1,679.0,0.0,32.0,32.0,0.0839434205554425,0.0,74.0,0.0,0.0,0.0,0.0,0.0,0.0,0.0,0.0,0.0,0.6,0.0021278112754879,1.0,0.6862524946250567,0.0,0.0,0.0,,,,,,0.0,,,,,428.6359139950946,4668.5166015625,,,,,,,,,,
680,1,680.0,0.0,32.0,32.0,0.1591976697091013,0.0,74.0,0.0,0.0,0.0,0.0,0.0,0.0,0.0,0.0,0.0,0.6,0.0021278112754879,1.0,0.6916953079718413,0.0,0.0,0.0,,,,,,0.0,,,,,439.939710078761,4671.2353515625,,,,,,,,,,
681,1,681.0,0.0,32.0,32.0,0.0442249590996652,0.0,74.0,0.0,0.0,0.0,0.0,0.0,0.0,0.0,0.0,0.0,0.6,0.0021278112754879,1.0,0.698292457809581,0.0,0.0,0.0,,,,,,0.0,,,,,434.2951989965513,4667.7197265625,,,,,,,,,,
682,1,682.0,0.0,32.0,32.0,0.1951595075661316,0.0,74.0,0.0,0.0,0.0,0.0,0.0,0.0,0.0,0.0,0.0,0.6,0.0021278112754879,1.0,0.6890924190412778,0.0,0.0,0.0,,,,,,0.0,,,,,439.85173804685473,4668.1572265625,,,,,,,,,,
683,1,683.0,0.0,32.0,32.0,0.1129433671594597,0.0,74.0,0.0,0.0,0.0,0.0,0.0,0.0,0.0,0.0,0.0,0.6,0.0021278112754879,1.0,0.690527649312941,0.0,0.0,0.0,,,,,,0.0,,,,,426.8570359563455,4661.1884765625,,,,,,,,,,
684,1,684.0,0.0,32.0,32.0,0.4266855199821293,0.0,74.0,0.0,0.0,0.0,0.0,0.0,0.0,0.0,0.0,0.0,0.6,0.0021278112754879,1.0,0.6890912861695074,0.0,0.0,0.0,,,,,,0.0,,,,,438.9877680223435,4667.4072265625,,,,,,,,,,
685,1,685.0,0.0,32.0,32.0,0.1092326246434822,0.0,74.0,0.0,0.0,0.0,0.0,0.0,0.0,0.0,0.0,0.0,0.6,0.0021278112754879,1.0,0.6904434379430752,0.0,0.0,0.0,,,,,,0.0,,,,,433.0150560708717,4664.8916015625,,,,,,,,,,
686,1,686.0,0.0,32.0,32.0,0.0898849890800193,0.0,74.0,0.0,0.0,0.0,0.0,0.0,0.0,0.0,0.0,0.0,0.6,0.0021278112754879,1.0,0.6889998272845963,0.0,0.0,0.0,,,,,,0.0,,,,,433.7982630822808,4667.6259765625,,,,,,,,,,
687,1,687.0,0.0,32.0,32.0,0.1796504440717399,0.0,74.0,0.0,0.0,0.0,0.0,0.0,0.0,0.0,0.0,0.0,0.6,0.0021278112754879,1.0,0.6882413635736182,0.0,0.0,0.0,,,,,,0.0,,,,,433.9366370113567,4677.2822265625,,,,,,,,,,
688,1,688.0,0.0,32.0,32.0,0.1778082757955417,0.0,74.0,0.0,0.0,0.0,0.0,0.0,0.0,0.0,0.0,0.0,0.6,0.0021278112754879,1.0,0.6908398742124299,0.0,0.0,0.0,,,,,,0.0,,,,,431.55422806739807,4661.1884765625,,,,,,,,,,
689,1,689.0,0.0,32.0,32.0,0.1844071788946166,0.0,74.0,0.0,0.0,0.0,0.0,0.0,0.0,0.0,0.0,0.0,0.6,0.0021278112754879,1.0,0.686994665965517,0.0,0.0,0.0,,,,,,0.0,,,,,430.04779098555446,4673.5166015625,,,,,,,,,,
690,1,690.0,0.0,32.0,32.0,0.2347453675465658,0.0,74.0,0.0,0.0,0.0,0.0,0.0,0.0,0.0,0.0,0.0,0.6,0.0021278112754879,1.0,0.696214824607284,0.0,0.0,0.0,,,,,,0.0,,,,,442.5046560354531,4667.7197265625,,,,,,,,,,
691,1,691.0,0.0,32.0,32.0,0.2178040492581203,0.0,74.0,0.0,0.0,0.0,0.0,0.0,0.0,0.0,0.0,0.0,0.6,0.0021278112754879,1.0,0.6915507838062994,0.0,0.0,0.0,,,,,,0.0,,,,,433.3176929503679,4672.7353515625,,,,,,,,,,
692,1,692.0,0.0,32.0,32.0,0.160270171763841,0.0,74.0,0.0,0.0,0.0,0.0,0.0,0.0,0.0,0.0,0.0,0.6,0.0021278112754879,1.0,0.6921703918843224,0.0,0.0,0.0,,,,,,0.0,,,,,432.3313010390848,4669.0634765625,,,,,,,,,,
693,1,693.0,0.0,32.0,32.0,0.2908959438791498,0.0,74.0,0.0,0.0,0.0,0.0,0.0,0.0,0.0,0.0,0.0,0.6,0.0021278112754879,1.0,0.6946140941446686,0.0,0.0,0.0,,,,,,0.0,,,,,431.9968700874597,4667.9384765625,,,,,,,,,,
694,1,694.0,0.0,32.0,32.0,0.1632002161350101,0.0,74.0,0.0,0.0,0.0,0.0,0.0,0.0,0.0,0.0,0.0,0.6,0.0021278112754879,1.0,0.6827325082809141,0.0,0.0,0.0,,,,,,0.0,,,,,441.4122389862314,4666.8134765625,,,,,,,,,,
695,1,695.0,0.0,32.0,32.0,0.2716676129493862,0.0,74.0,0.0,0.0,0.0,0.0,0.0,0.0,0.0,0.0,0.0,0.6,0.0021278112754879,1.0,0.6890833235656277,0.0,0.0,0.0,,,,,,0.0,,,,,432.14009900111705,4668.7041015625,,,,,,,,,,
696,1,696.0,0.0,32.0,32.0,0.3156388392671942,0.0,74.0,0.0,0.0,0.0,0.0,0.0,0.0,0.0,0.0,0.0,0.6,0.0021278112754879,1.0,0.6881539177565797,0.0,0.0,0.0,,,,,,0.0,,,,,431.18479393888265,4661.1884765625,,,,,,,,,,
697,1,697.0,0.0,32.0,32.0,0.1896017969120293,0.0,74.0,0.0,0.0,0.0,0.0,0.0,0.0,0.0,0.0,0.0,0.6,0.0021278112754879,1.0,0.6949274706831691,0.0,0.0,0.0,,,,,,0.0,,,,,431.370829930529,4668.7041015625,,,,,,,,,,
698,1,698.0,0.0,32.0,32.0,0.2572943419218063,0.0,74.0,0.0,0.0,0.0,0.0,0.0,0.0,0.0,0.0,0.0,0.6,0.0021278112754879,1.0,0.6861185083976638,0.0,0.0,0.0,,,,,,0.0,,,,,437.37373303156346,4664.6572265625,,,,,,,,,,
699,1,699.0,0.0,32.0,32.0,0.1942961865570396,0.0,74.0,0.0,0.0,0.0,0.0,0.0,0.0,0.0,0.0,0.0,0.6,0.0021278112754879,1.0,0.6855090382518397,0.0,0.0,0.0,,,,,,0.0,,,,,430.176728987135,4672.7353515625,,,,,,,,,,
700,1,700.0,0.0,32.0,32.0,0.2648939971113577,0.0,74.0,0.0,0.0,0.0,0.0,0.0,0.0,0.0,0.0,0.0,0.6,0.0021278112754879,1.0,0.6922140252625663,0.0,0.0,0.0,,,,,,0.0,,,,,430.44947495218366,4676.4775390625,,,,,,,,,,
701,1,701.0,0.0,32.0,32.0,0.0515468465164303,0.0,74.0,0.0,0.0,0.0,0.0,0.0,0.0,0.0,0.0,0.0,0.6,0.0021278112754879,1.0,0.6937007447874691,0.0,0.0,0.0,,,,,,0.0,,,,,427.81405395362526,4664.0322265625,,,,,,,,,,
702,1,702.0,0.0,32.0,32.0,0.4460140010342002,0.0,74.0,0.0,0.0,0.0,0.0,0.0,0.0,0.0,0.0,0.0,0.6,0.0021278112754879,1.0,0.6922891694475247,0.0,0.0,0.0,,,,,,0.0,,,,,435.3271879954264,4672.7353515625,,,,,,,,,,
703,1,703.0,0.0,32.0,32.0,0.3162157947663218,0.0,74.0,0.0,0.0,0.0,0.0,0.0,0.0,0.0,0.0,0.0,0.6,0.0021278112754879,1.0,0.689860845397729,0.0,0.0,0.0,,,,,,0.0,,,,,427.1311550401151,4671.0009765625,,,,,,,,,,
704,1,704.0,0.0,32.0,32.0,0.2957201232202351,0.0,74.0,0.0,0.0,0.0,0.0,0.0,0.0,0.0,0.0,0.0,0.6,0.0021278112754879,1.0,0.6918188123227306,0.0,0.0,0.0,,,,,,0.0,,,,,432.9594660084695,4668.3134765625,,,,,,,,,,
705,1,705.0,0.0,32.0,32.0,0.2733354899100959,0.0,74.0,0.0,0.0,0.0,0.0,0.0,0.0,0.0,0.0,0.0,0.6,0.0021278112754879,1.0,0.6915569658349349,0.0,0.0,0.0,,,,,,0.0,,,,,424.4059439515695,4667.9384765625,,,,,,,,,,
706,1,706.0,0.0,32.0,32.0,0.235947546781972,0.0,74.0,0.0,0.0,0.0,0.0,0.0,0.0,0.0,0.0,0.0,0.6,0.0021278112754879,1.0,0.6865387838923149,0.0,0.0,0.0,,,,,,0.0,,,,,437.9320100415498,4667.7197265625,,,,,,,,,,
707,1,707.0,0.0,32.0,32.0,0.0475199748761951,0.0,74.0,0.0,0.0,0.0,0.0,0.0,0.0,0.0,0.0,0.0,0.6,0.0021278112754879,1.0,0.695462044879567,0.0,0.0,0.0,,,,,,0.0,,,,,429.7688349615783,4676.2509765625,,,,,,,,,,
708,1,708.0,0.0,32.0,32.0,0.0662350945640355,0.0,74.0,0.0,0.0,0.0,0.0,0.0,0.0,0.0,0.0,0.0,0.6,0.0021278112754879,1.0,0.6919354654985046,0.0,0.0,0.0,,,,,,0.0,,,,,435.5028449790552,4677.2822265625,,,,,,,,,,
709,1,709.0,0.0,32.0,32.0,0.0911243127193301,0.0,74.0,0.0,0.0,0.0,0.0,0.0,0.0,0.0,0.0,0.0,0.6,0.0021278112754879,1.0,0.6920240900271207,0.0,0.0,0.0,,,,,,0.0,,,,,424.53828698489815,4676.4775390625,,,,,,,,,,
710,1,710.0,0.0,32.0,32.0,0.2729187534423545,0.0,74.0,0.0,0.0,0.0,0.0,0.0,0.0,0.0,0.0,0.0,0.6,0.0021278112754879,1.0,0.6860134420005459,0.0,0.0,0.0,,,,,,0.0,,,,,435.7404690235853,4668.5166015625,,,,,,,,,,
711,1,711.0,0.0,32.0,32.0,0.3262253648135811,0.0,74.0,0.0,0.0,0.0,0.0,0.0,0.0,0.0,0.0,0.0,0.6,0.0021278112754879,1.0,0.6916538480789571,0.0,0.0,0.0,,,,,,0.0,,,,,429.88328798674047,4673.5166015625,,,,,,,,,,
712,1,712.0,0.0,32.0,32.0,0.0607461342588067,0.0,74.0,0.0,0.0,0.0,0.0,0.0,0.0,0.0,0.0,0.0,0.6,0.0021278112754879,1.0,0.6953427218159541,0.0,0.0,0.0,,,,,,0.0,,,,,436.0536859603599,4668.5166015625,,,,,,,,,,
713,1,713.0,0.0,32.0,32.0,0.288968970766291,0.0,74.0,0.0,0.0,0.0,0.0,0.0,0.0,0.0,0.0,0.0,0.6,0.0021278112754879,1.0,0.6907089286032345,0.0,0.0,0.0,,,,,,0.0,,,,,424.50073605868965,4672.1572265625,,,,,,,,,,
714,1,714.0,0.0,32.0,32.0,0.0759812166215851,0.0,74.0,0.0,0.0,0.0,0.0,0.0,0.0,0.0,0.0,0.0,0.6,0.0021278112754879,1.0,0.6893026505487475,0.0,0.0,0.0,,,,,,0.0,,,,,558.262238977477,4668.4384765625,,,,,,,,,,
715,1,715.0,0.0,32.0,32.0,0.3620375113096088,0.0,74.0,0.0,0.0,0.0,0.0,0.0,0.0,0.0,0.0,0.0,0.6,0.0021278112754879,1.0,0.6858440032967791,0.0,0.0,0.0,,,,,,0.0,,,,,548.7598980544135,4669.0634765625,,,,,,,,,,
716,1,716.0,0.0,32.0,32.0,0.1248865230591036,0.0,74.0,0.0,0.0,0.0,0.0,0.0,0.0,0.0,0.0,0.0,0.6,0.0021278112754879,1.0,0.6884796473411064,0.0,0.0,0.0,,,,,,0.0,,,,,552.1374270319939,4672.1572265625,,,,,,,,,,
717,1,717.0,0.0,32.0,32.0,0.056295016547665,0.0,74.0,0.0,0.0,0.0,0.0,0.0,0.0,0.0,0.0,0.0,0.6,0.0021278112754879,1.0,0.6888188501798115,0.0,0.0,0.0,,,,,,0.0,,,,,549.9809719622135,4664.8916015625,,,,,,,,,,
718,1,718.0,0.0,32.0,32.0,0.1686247987672686,0.0,74.0,0.0,0.0,0.0,0.0,0.0,0.0,0.0,0.0,0.0,0.6,0.0021278112754879,1.0,0.6917215402289036,0.0,0.0,0.0,,,,,,0.0,,,,,551.4054789673537,4677.2822265625,,,,,,,,,,
719,1,719.0,0.0,32.0,32.0,0.1777520086616277,0.0,74.0,0.0,0.0,0.0,0.0,0.0,0.0,0.0,0.0,0.0,0.6,0.0021278112754879,1.0,0.6883110401752939,0.0,0.0,0.0,,,,,,0.0,,,,,553.0006749322638,4667.1728515625,,,,,,,,,,
720,1,720.0,0.0,32.0,32.0,0.1318437373265624,0.0,74.0,0.0,0.0,0.0,0.0,0.0,0.0,0.0,0.0,0.0,0.6,0.0021278112754879,1.0,0.6886656680226544,0.0,0.0,0.0,,,,,,0.0,,,,,494.3236500257626,4668.7041015625,,,,,,,,,,
721,1,721.0,0.0,32.0,32.0,0.2882596667623147,0.0,74.0,0.0,0.0,0.0,0.0,0.0,0.0,0.0,0.0,0.0,0.6,0.0021278112754879,1.0,0.6897456793295658,0.0,0.0,0.0,,,,,,0.0,,,,,438.7631010031328,4670.3134765625,,,,,,,,,,
722,1,722.0,0.0,32.0,32.0,0.2265990952728316,0.0,74.0,0.0,0.0,0.0,0.0,0.0,0.0,0.0,0.0,0.0,0.6,0.0021278112754879,1.0,0.6931552624206072,0.0,0.0,0.0,,,,,,0.0,,,,,431.2753290869296,4667.9384765625,,,,,,,,,,
723,1,723.0,0.0,32.0,32.0,0.1129449937143363,0.0,74.0,0.0,0.0,0.0,0.0,0.0,0.0,0.0,0.0,0.0,0.6,0.0021278112754879,1.0,0.6929105966444168,0.0,0.0,0.0,,,,,,0.0,,,,,435.2702839532867,4667.9384765625,,,,,,,,,,
724,1,724.0,0.0,32.0,32.0,0.089856204460375,0.0,74.0,0.0,0.0,0.0,0.0,0.0,0.0,0.0,0.0,0.0,0.6,0.0021278112754879,1.0,0.6902734215101015,0.0,0.0,0.0,,,,,,0.0,,,,,428.8758640177548,4672.1572265625,,,,,,,,,,
725,1,725.0,0.0,32.0,32.0,0.1124426195165142,0.0,74.0,0.0,0.0,0.0,0.0,0.0,0.0,0.0,0.0,0.0,0.6,0.0021278112754879,1.0,0.6903604428925323,0.0,0.0,0.0,,,,,,0.0,,,,,441.5879630250856,4667.7197265625,,,,,,,,,,
726,1,726.0,0.0,32.0,32.0,0.2981895390548743,0.0,74.0,0.0,0.0,0.0,0.0,0.0,0.0,0.0,0.0,0.0,0.6,0.0021278112754879,1.0,0.689891918289843,0.0,0.0,0.0,,,,,,0.0,,,,,440.3326209867373,4666.8134765625,,,,,,,,,,
727,1,727.0,0.0,32.0,32.0,0.1865212209522724,0.0,74.0,0.0,0.0,0.0,0.0,0.0,0.0,0.0,0.0,0.0,0.6,0.0021278112754879,1.0,0.6912046139548194,0.0,0.0,0.0,,,,,,0.0,,,,,436.95740192197263,4661.1884765625,,,,,,,,,,
728,1,728.0,0.0,32.0,32.0,0.1758490060456097,0.0,74.0,0.0,0.0,0.0,0.0,0.0,0.0,0.0,0.0,0.0,0.6,0.0021278112754879,1.0,0.6950661789433661,0.0,0.0,0.0,,,,,,0.0,,,,,423.9565170137212,4671.0009765625,,,,,,,,,,
729,1,729.0,0.0,32.0,32.0,0.1304101697169244,0.0,74.0,0.0,0.0,0.0,0.0,0.0,0.0,0.0,0.0,0.0,0.6,0.0021278112754879,1.0,0.6889948033085573,0.0,0.0,0.0,,,,,,0.0,,,,,447.45278905611485,4668.4384765625,,,,,,,,,,
730,1,730.0,0.0,32.0,32.0,0.3211684981361031,0.0,74.0,0.0,0.0,0.0,0.0,0.0,0.0,0.0,0.0,0.0,0.6,0.0021278112754879,1.0,0.6865162862782056,0.0,0.0,0.0,,,,,,0.0,,,,,433.5057900752872,4680.5556640625,,,,,,,,,,
731,1,731.0,0.0,32.0,32.0,0.2706810305826366,0.0,74.0,0.0,0.0,0.0,0.0,0.0,0.0,0.0,0.0,0.0,0.6,0.0021278112754879,1.0,0.6870212430060892,0.0,0.0,0.0,,,,,,0.0,,,,,442.21954606473446,4666.8134765625,,,,,,,,,,
732,1,732.0,0.0,32.0,32.0,0.0393189009046182,0.0,74.0,0.0,0.0,0.0,0.0,0.0,0.0,0.0,0.0,0.0,0.6,0.0021278112754879,1.0,0.6884260496820158,0.0,0.0,0.0,,,,,,0.0,,,,,426.6859489725903,4677.2822265625,,,,,,,,,,
733,1,733.0,0.0,32.0,32.0,0.0924365846440196,0.0,74.0,0.0,0.0,0.0,0.0,0.0,0.0,0.0,0.0,0.0,0.6,0.0021278112754879,1.0,0.688924607778345,0.0,0.0,0.0,,,,,,0.0,,,,,439.0671130968258,4677.2822265625,,,,,,,,,,
734,1,734.0,0.0,32.0,32.0,0.2216434074798599,0.0,74.0,0.0,0.0,0.0,0.0,0.0,0.0,0.0,0.0,0.0,0.6,0.0021278112754879,1.0,0.6906371553350844,0.0,0.0,0.0,,,,,,0.0,,,,,431.4463980263099,4680.5556640625,,,,,,,,,,
735,1,735.0,0.0,32.0,32.0,0.2205530317733064,0.0,74.0,0.0,0.0,0.0,0.0,0.0,0.0,0.0,0.0,0.0,0.6,0.0021278112754879,1.0,0.6900399246543653,0.0,0.0,0.0,,,,,,0.0,,,,,436.9629219872877,4667.9384765625,,,,,,,,,,
736,1,736.0,0.0,32.0,32.0,0.0981133724562823,0.0,74.0,0.0,0.0,0.0,0.0,0.0,0.0,0.0,0.0,0.0,0.6,0.0021278112754879,1.0,0.6956465502991152,0.0,0.0,0.0,,,,,,0.0,,,,,429.58486801944673,4676.4775390625,,,,,,,,,,
737,1,737.0,0.0,32.0,32.0,0.0699071015696972,0.0,74.0,0.0,0.0,0.0,0.0,0.0,0.0,0.0,0.0,0.0,0.6,0.0021278112754879,1.0,0.6875394651628846,0.0,0.0,0.0,,,,,,0.0,,,,,433.06281697005033,4677.2822265625,,,,,,,,,,
738,1,738.0,0.0,32.0,32.0,0.1405368803534656,0.0,74.0,0.0,0.0,0.0,0.0,0.0,0.0,0.0,0.0,0.0,0.6,0.0021278112754879,1.0,0.6895901870933383,0.0,0.0,0.0,,,,,,0.0,,,,,434.7608929965645,4666.8134765625,,,,,,,,,,
739,1,739.0,0.0,32.0,32.0,0.2306286668172106,0.0,74.0,0.0,0.0,0.0,0.0,0.0,0.0,0.0,0.0,0.0,0.6,0.0021278112754879,1.0,0.6867792564702667,0.0,0.0,0.0,,,,,,0.0,,,,,438.3904569549486,4664.8916015625,,,,,,,,,,
740,1,740.0,0.0,32.0,32.0,0.3310755093116313,0.0,74.0,0.0,0.0,0.0,0.0,0.0,0.0,0.0,0.0,0.0,0.6,0.0021278112754879,1.0,0.6893293824195196,0.0,0.0,0.0,,,,,,0.0,,,,,430.95846904907376,4671.2353515625,,,,,,,,,,
741,1,741.0,0.0,32.0,32.0,0.3772018952295184,0.0,74.0,0.0,0.0,0.0,0.0,0.0,0.0,0.0,0.0,0.0,0.6,0.0021278112754879,1.0,0.6916280322677197,0.0,0.0,0.0,,,,,,0.0,,,,,434.5819710288197,4672.1572265625,,,,,,,,,,
742,1,742.0,0.0,32.0,32.0,0.0993810762884095,0.0,74.0,0.0,0.0,0.0,0.0,0.0,0.0,0.0,0.0,0.0,0.6,0.0021278112754879,1.0,0.6856096108140172,0.0,0.0,0.0,,,,,,0.0,,,,,434.3124870210886,4668.4384765625,,,,,,,,,,
743,1,743.0,0.0,32.0,32.0,0.2267458564601838,0.0,74.0,0.0,0.0,0.0,0.0,0.0,0.0,0.0,0.0,0.0,0.6,0.0021278112754879,1.0,0.6904084685523793,0.0,0.0,0.0,,,,,,0.0,,,,,434.7570940153673,4676.2509765625,,,,,,,,,,
744,1,744.0,0.0,32.0,32.0,0.2277435837313532,0.0,74.0,0.0,0.0,0.0,0.0,0.0,0.0,0.0,0.0,0.0,0.6,0.0021278112754879,1.0,0.6933262486582915,0.0,0.0,0.0,,,,,,0.0,,,,,427.6009789900854,4680.5556640625,,,,,,,,,,
745,1,745.0,0.0,32.0,32.0,0.0931766395224258,0.0,74.0,0.0,0.0,0.0,0.0,0.0,0.0,0.0,0.0,0.0,0.6,0.0021278112754879,1.0,0.68874562610628,0.0,0.0,0.0,,,,,,0.0,,,,,429.43303496576846,4669.0634765625,,,,,,,,,,
746,1,746.0,0.0,32.0,32.0,0.1870481399819255,0.0,74.0,0.0,0.0,0.0,0.0,0.0,0.0,0.0,0.0,0.0,0.6,0.0021278112754879,1.0,0.6898198902483329,0.0,0.0,0.0,,,,,,0.0,,,,,429.3010759865865,4680.5556640625,,,,,,,,,,
747,1,747.0,0.0,32.0,32.0,0.1491286447271704,0.0,74.0,0.0,0.0,0.0,0.0,0.0,0.0,0.0,0.0,0.0,0.6,0.0021278112754879,1.0,0.6880160881802988,0.0,0.0,0.0,,,,,,0.0,,,,,437.2044820338488,4669.0634765625,,,,,,,,,,
748,1,748.0,0.0,32.0,32.0,0.1267785789677873,0.0,74.0,0.0,0.0,0.0,0.0,0.0,0.0,0.0,0.0,0.0,0.6,0.0021278112754879,1.0,0.6876689321855867,0.0,0.0,0.0,,,,,,0.0,,,,,426.12847103737295,4667.6259765625,,,,,,,,,,
749,1,749.0,0.0,32.0,32.0,0.2195614832453429,0.0,74.0,0.0,0.0,0.0,0.0,0.0,0.0,0.0,0.0,0.0,0.6,0.0021278112754879,1.0,0.690108659879761,0.0,0.0,0.0,,,,,,0.0,,,,,513.8303759740666,4675.8837890625,,,,,,,,,,
750,1,750.0,0.0,32.0,32.0,0.2928121094591915,0.0,74.0,0.0,0.0,0.0,0.0,0.0,0.0,0.0,0.0,0.0,0.6,0.0021278112754879,1.0,0.6875602415547362,0.0,0.0,0.0,,,,,,0.0,,,,,424.5856170309708,4669.0634765625,,,,,,,,,,
751,1,751.0,0.0,32.0,32.0,0.2969491444528103,0.0,74.0,0.0,0.0,0.0,0.0,0.0,0.0,0.0,0.0,0.0,0.6,0.0021278112754879,1.0,0.6932440331000912,0.0,0.0,0.0,,,,,,0.0,,,,,437.9663529107347,4669.0634765625,,,,,,,,,,
752,1,752.0,0.0,32.0,32.0,0.1815902381204068,0.0,74.0,0.0,0.0,0.0,0.0,0.0,0.0,0.0,0.0,0.0,0.6,0.0021278112754879,1.0,0.6853000360093044,0.0,0.0,0.0,,,,,,0.0,,,,,429.766759974882,4680.5556640625,,,,,,,,,,
753,1,753.0,0.0,32.0,32.0,0.2437659777933731,0.0,74.0,0.0,0.0,0.0,0.0,0.0,0.0,0.0,0.0,0.0,0.6,0.0021278112754879,1.0,0.6844330754301762,0.0,0.0,0.0,,,,,,0.0,,,,,435.03283499740064,4661.1884765625,,,,,,,,,,
754,1,754.0,0.0,32.0,32.0,0.1854892433620989,0.0,74.0,0.0,0.0,0.0,0.0,0.0,0.0,0.0,0.0,0.0,0.6,0.0021278112754879,1.0,0.6880910219364536,0.0,0.0,0.0,,,,,,0.0,,,,,427.0034820074216,4671.2353515625,,,,,,,,,,
755,1,755.0,0.0,32.0,32.0,0.2867001448757946,0.0,74.0,0.0,0.0,0.0,0.0,0.0,0.0,0.0,0.0,0.0,0.6,0.0021278112754879,1.0,0.6931979121219364,0.0,0.0,0.0,,,,,,0.0,,,,,433.6015719454736,4666.8134765625,,,,,,,,,,
756,1,756.0,0.0,32.0,32.0,0.0652392096817493,0.0,74.0,0.0,0.0,0.0,0.0,0.0,0.0,0.0,0.0,0.0,0.6,0.0021278112754879,1.0,0.689815702578725,0.0,0.0,0.0,,,,,,0.0,,,,,429.869660991244,4664.6572265625,,,,,,,,,,
757,1,757.0,0.0,32.0,32.0,0.222465805709362,0.0,74.0,0.0,0.0,0.0,0.0,0.0,0.0,0.0,0.0,0.0,0.6,0.0021278112754879,1.0,0.6824036400412357,0.0,0.0,0.0,,,,,,0.0,,,,,434.7122799372301,4675.8837890625,,,,,,,,,,
758,1,758.0,0.0,32.0,32.0,0.5457522538490593,0.0,74.0,0.0,0.0,0.0,0.0,0.0,0.0,0.0,0.0,0.0,0.6,0.0021278112754879,1.0,0.69064940782999,0.0,0.0,0.0,,,,,,0.0,,,,,422.4832020699978,4668.0009765625,,,,,,,,,,
759,1,759.0,0.0,32.0,32.0,0.2502739729825407,0.0,74.0,0.0,0.0,0.0,0.0,0.0,0.0,0.0,0.0,0.0,0.6,0.0021278112754879,1.0,0.6888232322639262,0.0,0.0,0.0,,,,,,0.0,,,,,432.61357699520886,4671.2353515625,,,,,,,,,,
760,1,760.0,0.0,32.0,32.0,0.2801551965530962,0.0,74.0,0.0,0.0,0.0,0.0,0.0,0.0,0.0,0.0,0.0,0.6,0.0021278112754879,1.0,0.687552855621225,0.0,0.0,0.0,,,,,,0.0,,,,,429.6028130920604,4672.1572265625,,,,,,,,,,
761,1,761.0,0.0,32.0,32.0,0.1139878339599818,0.0,74.0,0.0,0.0,0.0,0.0,0.0,0.0,0.0,0.0,0.0,0.6,0.0021278112754879,1.0,0.6904702608675711,0.0,0.0,0.0,,,,,,0.0,,,,,436.1011129803956,4668.5166015625,,,,,,,,,,
762,1,762.0,0.0,32.0,32.0,0.0698308427818119,0.0,74.0,0.0,0.0,0.0,0.0,0.0,0.0,0.0,0.0,0.0,0.6,0.0021278112754879,1.0,0.6911246980907382,0.0,0.0,0.0,,,,,,0.0,,,,,429.8060979926959,4677.2822265625,,,,,,,,,,
763,1,763.0,0.0,32.0,32.0,0.1223758903797715,0.0,74.0,0.0,0.0,0.0,0.0,0.0,0.0,0.0,0.0,0.0,0.6,0.0021278112754879,1.0,0.6927938173725752,0.0,0.0,0.0,,,,,,0.0,,,,,438.4420169517398,4675.8837890625,,,,,,,,,,
764,1,764.0,0.0,32.0,32.0,0.1532804489834234,0.0,74.0,0.0,0.0,0.0,0.0,0.0,0.0,0.0,0.0,0.0,0.6,0.0021278112754879,1.0,0.6923274908949093,0.0,0.0,0.0,,,,,,0.0,,,,,429.1120329871774,4668.0009765625,,,,,,,,,,
765,1,765.0,0.0,32.0,32.0,0.2200121072819456,0.0,74.0,0.0,0.0,0.0,0.0,0.0,0.0,0.0,0.0,0.0,0.6,0.0021278112754879,1.0,0.6902584750979218,0.0,0.0,0.0,,,,,,0.0,,,,,438.44036804512143,4675.8837890625,,,,,,,,,,
766,1,766.0,0.0,32.0,32.0,0.1674609729088843,0.0,74.0,0.0,0.0,0.0,0.0,0.0,0.0,0.0,0.0,0.0,0.6,0.0021278112754879,1.0,0.6877718284050739,0.0,0.0,0.0,,,,,,0.0,,,,,429.75694907363504,4668.5166015625,,,,,,,,,,
767,1,767.0,0.0,32.0,32.0,0.1000768931116908,0.0,74.0,0.0,0.0,0.0,0.0,0.0,0.0,0.0,0.0,0.0,0.6,0.0021278112754879,1.0,0.6838690141091465,0.0,0.0,0.0,,,,,,0.0,,,,,432.0406860206276,4677.2822265625,,,,,,,,,,
768,1,768.0,0.0,32.0,32.0,0.1610156917013228,0.0,74.0,0.0,0.0,0.0,0.0,0.0,0.0,0.0,0.0,0.0,0.6,0.0021278112754879,1.0,0.6867349361135028,0.0,0.0,0.0,,,,,,0.0,,,,,431.06093700043857,4667.7197265625,,,,,,,,,,
769,1,769.0,0.0,32.0,32.0,0.099122951272875,0.0,74.0,0.0,0.0,0.0,0.0,0.0,0.0,0.0,0.0,0.0,0.6,0.0021278112754879,1.0,0.6890945368950719,0.0,0.0,0.0,,,,,,0.0,,,,,436.0566969262436,4672.7353515625,,,,,,,,,,
770,1,770.0,0.0,32.0,32.0,0.1150046373950317,0.0,74.0,0.0,0.0,0.0,0.0,0.0,0.0,0.0,0.0,0.0,0.6,0.0021278112754879,1.0,0.6924586303350454,0.0,0.0,0.0,,,,,,0.0,,,,,430.3411699365825,4676.4775390625,,,,,,,,,,
771,1,771.0,0.0,32.0,32.0,0.116283603478223,0.0,74.0,0.0,0.0,0.0,0.0,0.0,0.0,0.0,0.0,0.0,0.6,0.0021278112754879,1.0,0.6843643108954538,0.0,0.0,0.0,,,,,,0.0,,,,,434.45076898206025,4667.1728515625,,,,,,,,,,
772,1,772.0,0.0,32.0,32.0,0.1224392459262162,0.0,74.0,0.0,0.0,0.0,0.0,0.0,0.0,0.0,0.0,0.0,0.6,0.0021278112754879,1.0,0.6884180017879686,0.0,0.0,0.0,,,,,,0.0,,,,,427.5465679820627,4664.8916015625,,,,,,,,,,
773,1,773.0,0.0,32.0,32.0,0.0749319777823984,0.0,74.0,0.0,0.0,0.0,0.0,0.0,0.0,0.0,0.0,0.0,0.6,0.0021278112754879,1.0,0.6922043972130213,0.0,0.0,0.0,,,,,,0.0,,,,,437.013657996431,4667.7197265625,,,,,,,,,,
774,1,774.0,0.0,32.0,32.0,0.1963143005850725,0.0,74.0,0.0,0.0,0.0,0.0,0.0,0.0,0.0,0.0,0.0,0.6,0.0021278112754879,1.0,0.6972147586579487,0.0,0.0,0.0,,,,,,0.0,,,,,431.6383140394464,4667.7197265625,,,,,,,,,,
775,1,775.0,0.0,32.0,32.0,0.1670205914415419,0.0,74.0,0.0,0.0,0.0,0.0,0.0,0.0,0.0,0.0,0.0,0.6,0.0021278112754879,1.0,0.6890093452619596,0.0,0.0,0.0,,,,,,0.0,,,,,435.4350990615785,4672.7353515625,,,,,,,,,,
776,1,776.0,0.0,32.0,32.0,0.0278689964325167,1.0,74.0,0.0135135135135135,1.0,0.0,1.0,0.0,0.1482534799813917,0.1482534799813917,0.0,0.0,0.6,0.0021278112754879,1.0,0.6887699202484759,-3.6305596235809214e-10,1.0,0.0,1.0,,0.5,-1.4426950249075512e-08,-9.999999889225293e-09,1.0,0.505821733395361,,,,426.67185002937913,4667.7197265625,,,,,,,,,,
777,1,777.0,0.0,32.0,32.0,0.1678287925897166,0.0,74.0,0.0,0.0,0.0,0.0,0.0,0.0,0.0,0.0,0.0,0.6,0.0021278112754879,1.0,0.6857111995157634,0.0,0.0,0.0,,,,,,0.0,,,,,437.69722105935216,4675.3291015625,,,,,,,,,,
778,1,778.0,0.0,32.0,32.0,0.1521744745550677,0.0,74.0,0.0,0.0,0.0,0.0,0.0,0.0,0.0,0.0,0.0,0.6,0.0021278112754879,1.0,0.68863031782068,0.0,0.0,0.0,,,,,,0.0,,,,,428.7567610153928,4661.1884765625,,,,,,,,,,
779,1,779.0,0.0,32.0,32.0,0.0466911189723759,0.0,74.0,0.0,0.0,0.0,0.0,0.0,0.0,0.0,0.0,0.0,0.6,0.0021278112754879,1.0,0.6867662914991359,0.0,0.0,0.0,,,,,,0.0,,,,,435.0130358943716,4661.1884765625,,,,,,,,,,
780,1,780.0,0.0,32.0,32.0,0.0779373601544648,0.0,74.0,0.0,0.0,0.0,0.0,0.0,0.0,0.0,0.0,0.0,0.6,0.0021278112754879,1.0,0.6903231942159195,0.0,0.0,0.0,,,,,,0.0,,,,,423.9726420491934,4666.8134765625,,,,,,,,,,
781,1,781.0,0.0,32.0,32.0,0.0162576067377813,23.0,74.0,0.3108108108108108,4.0,19.0,0.1739130434782608,0.8260869565217391,0.1516493147059179,0.1468820212995047,0.1526529554230575,0.0,0.6,0.0021278112754879,1.000000000068423,0.6925305747274829,-2.3422180621439395e-09,4.0,19.0,0.6521739130434783,4.75,1.0,0.6665783291410201,0.4620368894664573,2.0,0.51120554363834,-0.000107032014057,0.5000535160070285,-0.002854208331174,448.5062460880727,4686.4814453125,,,,,,,,,,
782,1,782.0,0.0,32.0,32.0,0.5535273624118418,0.0,74.0,0.0,0.0,0.0,0.0,0.0,0.0,0.0,0.0,0.0,0.6,0.0021278112754879,1.0,0.6980883263788429,0.0,0.0,0.0,,,,,,0.0,,,,,430.23621302563697,4677.2822265625,,,,,,,,,,
783,1,783.0,0.0,32.0,32.0,0.5452796844183467,0.0,74.0,0.0,0.0,0.0,0.0,0.0,0.0,0.0,0.0,0.0,0.6,0.0021278112754879,1.0,0.6903758962638566,0.0,0.0,0.0,,,,,,0.0,,,,,435.99842803087085,4668.5166015625,,,,,,,,,,
784,1,784.0,0.0,32.0,32.0,0.1319561451673507,0.0,74.0,0.0,0.0,0.0,0.0,0.0,0.0,0.0,0.0,0.0,0.6,0.0021278112754879,1.0,0.68784404455348,0.0,0.0,0.0,,,,,,0.0,,,,,425.5977190332487,4675.8837890625,,,,,,,,,,
785,1,785.0,0.0,32.0,32.0,0.043704439420253,0.0,74.0,0.0,0.0,0.0,0.0,0.0,0.0,0.0,0.0,0.0,0.6,0.0021278112754879,1.0,0.6966402889719439,0.0,0.0,0.0,,,,,,0.0,,,,,435.3175029391423,4669.0634765625,,,,,,,,,,
786,1,786.0,0.0,32.0,32.0,0.0293875206843949,19.0,74.0,0.2567567567567567,4.0,15.0,0.2105263157894736,0.7894736842105263,0.1527484009906149,0.1463454257316029,0.1544558610596847,0.0,0.6,0.0021278112754879,1.0000000000902534,0.6890142292388426,-6.537301817557585e-10,4.0,15.0,0.5789473684210527,3.75,1.0,0.7424875406882231,0.5146531454289295,2.0,0.515077987714639,-0.0007554101757705,0.5003777050878853,-0.0101037179405425,440.6740519916639,4685.8173828125,,,,,,,,,,
787,1,787.0,0.0,32.0,32.0,0.4143932590959593,0.0,74.0,0.0,0.0,0.0,0.0,0.0,0.0,0.0,0.0,0.0,0.6,0.0021278112754879,1.0,0.6908095861569464,0.0,0.0,0.0,,,,,,0.0,,,,,435.6738439528272,4680.5556640625,,,,,,,,,,
788,1,788.0,0.0,32.0,32.0,0.0637156736920587,0.0,74.0,0.0,0.0,0.0,0.0,0.0,0.0,0.0,0.0,0.0,0.6,0.0021278112754879,1.0,0.6864679474235873,0.0,0.0,0.0,,,,,,0.0,,,,,428.7615390494466,4676.4775390625,,,,,,,,,,
789,1,789.0,0.0,32.0,32.0,0.1218851075973361,0.0,74.0,0.0,0.0,0.0,0.0,0.0,0.0,0.0,0.0,0.0,0.6,0.0021278112754879,1.0,0.6914127133891829,0.0,0.0,0.0,,,,,,0.0,,,,,430.71613495703787,4667.9384765625,,,,,,,,,,
790,1,790.0,0.0,32.0,32.0,0.0137861022958531,15.0,74.0,0.2027027027027027,4.0,11.0,0.2666666666666666,0.7333333333333333,0.1512956477375018,0.1475990953563293,0.1526398486033827,0.0,0.6,0.0021278112754879,0.9999999998062602,0.6898289910165962,8.295270694071267e-10,4.0,11.0,0.4666666666666667,2.75,1.0,0.8366407130872668,0.5799151514181011,2.0,0.5093924216923471,0.0002749808172666,0.4998625095913667,-0.0090526299962864,438.1055849371478,4676.2509765625,,,,,,,,,,
791,1,791.0,0.0,32.0,32.0,0.2962240273482166,0.0,74.0,0.0,0.0,0.0,0.0,0.0,0.0,0.0,0.0,0.0,0.6,0.0021278112754879,1.0,0.6842242481920676,0.0,0.0,0.0,,,,,,0.0,,,,,435.4911169502884,4667.9384765625,,,,,,,,,,
792,1,792.0,0.0,32.0,32.0,0.3576701967103872,0.0,74.0,0.0,0.0,0.0,0.0,0.0,0.0,0.0,0.0,0.0,0.6,0.0021278112754879,1.0,0.6909115610880471,0.0,0.0,0.0,,,,,,0.0,,,,,424.2682340554893,4671.0009765625,,,,,,,,,,
793,1,793.0,0.0,32.0,32.0,0.2632924052595626,0.0,74.0,0.0,0.0,0.0,0.0,0.0,0.0,0.0,0.0,0.0,0.6,0.0021278112754879,1.0,0.6893514485048533,0.0,0.0,0.0,,,,,,0.0,,,,,434.7427770262584,4669.0634765625,,,,,,,,,,
794,1,794.0,0.0,32.0,32.0,0.545707872544881,0.0,74.0,0.0,0.0,0.0,0.0,0.0,0.0,0.0,0.0,0.0,0.6,0.0021278112754879,1.0,0.689316716861196,0.0,0.0,0.0,,,,,,0.0,,,,,430.43490999843925,4670.3134765625,,,,,,,,,,
795,1,795.0,0.0,32.0,32.0,0.3369499318068847,0.0,74.0,0.0,0.0,0.0,0.0,0.0,0.0,0.0,0.0,0.0,0.6,0.0021278112754879,1.0,0.693008121050532,0.0,0.0,0.0,,,,,,0.0,,,,,437.2395040700212,4667.6259765625,,,,,,,,,,
796,1,796.0,0.0,32.0,32.0,0.020332258020062,0.0,74.0,0.0,0.0,0.0,0.0,0.0,0.0,0.0,0.0,0.0,0.6,0.0021278112754879,1.0,0.6831635491437761,0.0,0.0,0.0,,,,,,0.0,,,,,431.4897229196504,4672.8916015625,,,,,,,,,,
797,1,797.0,0.0,32.0,32.0,0.2743621020345017,0.0,74.0,0.0,0.0,0.0,0.0,0.0,0.0,0.0,0.0,0.0,0.6,0.0021278112754879,1.0,0.6968533053733292,0.0,0.0,0.0,,,,,,0.0,,,,,436.2319749779999,4672.7353515625,,,,,,,,,,
798,1,798.0,0.0,32.0,32.0,0.233786127064377,0.0,74.0,0.0,0.0,0.0,0.0,0.0,0.0,0.0,0.0,0.0,0.6,0.0021278112754879,1.0,0.6859716269976458,0.0,0.0,0.0,,,,,,0.0,,,,,433.79433103837073,4666.8134765625,,,,,,,,,,
799,1,799.0,0.0,32.0,32.0,0.2367739862529561,0.0,74.0,0.0,0.0,0.0,0.0,0.0,0.0,0.0,0.0,0.0,0.6,0.0021278112754879,1.0,0.6953901509009158,0.0,0.0,0.0,,,,,,0.0,,,,,439.9459839332849,4668.7041015625,,,,,,,,,,
800,1,800.0,0.0,32.0,32.0,0.2692123845918104,0.0,74.0,0.0,0.0,0.0,0.0,0.0,0.0,0.0,0.0,0.0,0.6,0.0021278112754879,1.0,0.6890197929353862,0.0,0.0,0.0,,,,,,0.0,,,,,432.48650105670094,4671.2353515625,,,,,,,,,,
801,1,801.0,0.0,32.0,32.0,0.0969050421845167,0.0,74.0,0.0,0.0,0.0,0.0,0.0,0.0,0.0,0.0,0.0,0.6,0.0021278112754879,1.0,0.6889825168041562,0.0,0.0,0.0,,,,,,0.0,,,,,436.3358370028436,4671.2353515625,,,,,,,,,,
802,1,802.0,0.0,32.0,32.0,0.185746411094442,0.0,74.0,0.0,0.0,0.0,0.0,0.0,0.0,0.0,0.0,0.0,0.6,0.0021278112754879,1.0,0.6848953122685851,0.0,0.0,0.0,,,,,,0.0,,,,,426.2295460794121,4671.2353515625,,,,,,,,,,
803,1,803.0,0.0,32.0,32.0,0.1363879437558353,0.0,74.0,0.0,0.0,0.0,0.0,0.0,0.0,0.0,0.0,0.0,0.6,0.0021278112754879,1.0,0.6884083397031957,0.0,0.0,0.0,,,,,,0.0,,,,,438.3752980502322,4667.9384765625,,,,,,,,,,
804,1,804.0,0.0,32.0,32.0,0.1433820510283112,0.0,74.0,0.0,0.0,0.0,0.0,0.0,0.0,0.0,0.0,0.0,0.6,0.0021278112754879,1.0,0.6899204792437714,0.0,0.0,0.0,,,,,,0.0,,,,,430.2520089549944,4661.1884765625,,,,,,,,,,
805,1,805.0,0.0,32.0,32.0,0.2608887953683734,0.0,74.0,0.0,0.0,0.0,0.0,0.0,0.0,0.0,0.0,0.0,0.6,0.0021278112754879,1.0,0.6801541523532112,0.0,0.0,0.0,,,,,,0.0,,,,,437.44881090242416,4668.7041015625,,,,,,,,,,
806,1,806.0,0.0,32.0,32.0,0.1184209337225183,0.0,74.0,0.0,0.0,0.0,0.0,0.0,0.0,0.0,0.0,0.0,0.6,0.0021278112754879,1.0,0.6848807341828943,0.0,0.0,0.0,,,,,,0.0,,,,,431.1263980343938,4668.1572265625,,,,,,,,,,
807,1,807.0,0.0,32.0,32.0,0.0600370587781071,0.0,74.0,0.0,0.0,0.0,0.0,0.0,0.0,0.0,0.0,0.0,0.6,0.0021278112754879,1.0,0.6923706621261468,0.0,0.0,0.0,,,,,,0.0,,,,,442.0439279638231,4668.7041015625,,,,,,,,,,
808,1,808.0,0.0,32.0,32.0,0.1145446393638849,0.0,74.0,0.0,0.0,0.0,0.0,0.0,0.0,0.0,0.0,0.0,0.6,0.0021278112754879,1.0,0.6894937147589845,0.0,0.0,0.0,,,,,,0.0,,,,,434.4086719211191,4668.5166015625,,,,,,,,,,
809,1,809.0,0.0,32.0,32.0,0.2612802814692259,0.0,74.0,0.0,0.0,0.0,0.0,0.0,0.0,0.0,0.0,0.0,0.6,0.0021278112754879,1.0,0.6888053435978121,0.0,0.0,0.0,,,,,,0.0,,,,,439.9474220117554,4676.2509765625,,,,,,,,,,
810,1,810.0,0.0,32.0,32.0,0.1391065155621618,0.0,74.0,0.0,0.0,0.0,0.0,0.0,0.0,0.0,0.0,0.0,0.6,0.0021278112754879,1.0,0.6874384363793413,0.0,0.0,0.0,,,,,,0.0,,,,,428.299454972148,4669.0634765625,,,,,,,,,,
811,1,811.0,0.0,32.0,32.0,0.0512692970223724,0.0,74.0,0.0,0.0,0.0,0.0,0.0,0.0,0.0,0.0,0.0,0.6,0.0021278112754879,1.0,0.6877995461929219,0.0,0.0,0.0,,,,,,0.0,,,,,439.2736839363352,4667.9384765625,,,,,,,,,,
812,1,812.0,0.0,32.0,32.0,0.2319559814641252,0.0,74.0,0.0,0.0,0.0,0.0,0.0,0.0,0.0,0.0,0.0,0.6,0.0021278112754879,1.0,0.6908661787306932,0.0,0.0,0.0,,,,,,0.0,,,,,428.4787280485034,4672.1572265625,,,,,,,,,,
813,1,813.0,0.0,32.0,32.0,0.2942051296122372,0.0,74.0,0.0,0.0,0.0,0.0,0.0,0.0,0.0,0.0,0.0,0.6,0.0021278112754879,1.0,0.6862460832886688,0.0,0.0,0.0,,,,,,0.0,,,,,435.513463919051,4667.9384765625,,,,,,,,,,
814,1,814.0,0.0,32.0,32.0,0.1153245263849385,0.0,74.0,0.0,0.0,0.0,0.0,0.0,0.0,0.0,0.0,0.0,0.6,0.0021278112754879,1.0,0.6847255657338689,0.0,0.0,0.0,,,,,,0.0,,,,,430.0547851016745,4667.1728515625,,,,,,,,,,
815,1,815.0,0.0,32.0,32.0,0.1640921279904432,0.0,74.0,0.0,0.0,0.0,0.0,0.0,0.0,0.0,0.0,0.0,0.6,0.0021278112754879,1.0,0.6867413628363706,0.0,0.0,0.0,,,,,,0.0,,,,,435.5902069946751,4664.6572265625,,,,,,,,,,
816,1,816.0,0.0,32.0,32.0,0.1198105582734569,0.0,74.0,0.0,0.0,0.0,0.0,0.0,0.0,0.0,0.0,0.0,0.6,0.0021278112754879,1.0,0.6882672566138044,0.0,0.0,0.0,,,,,,0.0,,,,,432.81591101549566,4668.1572265625,,,,,,,,,,
817,1,817.0,0.0,32.0,32.0,0.393997919280082,0.0,74.0,0.0,0.0,0.0,0.0,0.0,0.0,0.0,0.0,0.0,0.6,0.0021278112754879,1.0,0.6882961669881376,0.0,0.0,0.0,,,,,,0.0,,,,,436.6711089387536,4672.7353515625,,,,,,,,,,
818,1,818.0,0.0,32.0,32.0,0.2208701214985922,0.0,74.0,0.0,0.0,0.0,0.0,0.0,0.0,0.0,0.0,0.0,0.6,0.0021278112754879,1.0,0.6910707086067673,0.0,0.0,0.0,,,,,,0.0,,,,,426.3725300552324,4680.5556640625,,,,,,,,,,
819,1,819.0,0.0,32.0,32.0,0.2005641821306198,0.0,74.0,0.0,0.0,0.0,0.0,0.0,0.0,0.0,0.0,0.0,0.6,0.0021278112754879,1.0,0.6916124433141166,0.0,0.0,0.0,,,,,,0.0,,,,,433.40163002721965,4666.8134765625,,,,,,,,,,
820,1,820.0,0.0,32.0,32.0,0.4171036161715165,0.0,74.0,0.0,0.0,0.0,0.0,0.0,0.0,0.0,0.0,0.0,0.6,0.0021278112754879,1.0,0.6888642900897158,0.0,0.0,0.0,,,,,,0.0,,,,,435.3429249022156,4676.2509765625,,,,,,,,,,
821,1,821.0,0.0,32.0,32.0,0.0978464094223454,0.0,74.0,0.0,0.0,0.0,0.0,0.0,0.0,0.0,0.0,0.0,0.6,0.0021278112754879,1.0,0.6910527869782205,0.0,0.0,0.0,,,,,,0.0,,,,,441.6161880362779,4672.1572265625,,,,,,,,,,
822,1,822.0,0.0,32.0,32.0,0.1914283583173528,0.0,74.0,0.0,0.0,0.0,0.0,0.0,0.0,0.0,0.0,0.0,0.6,0.0021278112754879,1.0,0.6874229651233152,0.0,0.0,0.0,,,,,,0.0,,,,,433.7334739975631,4676.4775390625,,,,,,,,,,
823,1,823.0,0.0,32.0,32.0,0.2445244207046926,0.0,74.0,0.0,0.0,0.0,0.0,0.0,0.0,0.0,0.0,0.0,0.6,0.0021278112754879,1.0,0.6882991739762307,0.0,0.0,0.0,,,,,,0.0,,,,,435.4279029648751,4667.2197265625,,,,,,,,,,
824,1,824.0,0.0,32.0,32.0,0.0992633331334218,0.0,74.0,0.0,0.0,0.0,0.0,0.0,0.0,0.0,0.0,0.0,0.6,0.0021278112754879,1.0,0.690797789195455,0.0,0.0,0.0,,,,,,0.0,,,,,515.4822940239683,4667.4072265625,,,,,,,,,,
825,1,825.0,0.0,32.0,32.0,0.12242465140298,0.0,74.0,0.0,0.0,0.0,0.0,0.0,0.0,0.0,0.0,0.0,0.6,0.0021278112754879,1.0,0.6945365646364353,0.0,0.0,0.0,,,,,,0.0,,,,,436.469498090446,4677.2822265625,,,,,,,,,,
826,1,826.0,0.0,32.0,32.0,0.1032130280509591,0.0,74.0,0.0,0.0,0.0,0.0,0.0,0.0,0.0,0.0,0.0,0.6,0.0021278112754879,1.0,0.6903203593349994,0.0,0.0,0.0,,,,,,0.0,,,,,439.3214379670098,4664.6572265625,,,,,,,,,,
827,1,827.0,0.0,32.0,32.0,0.137639173772186,0.0,74.0,0.0,0.0,0.0,0.0,0.0,0.0,0.0,0.0,0.0,0.6,0.0021278112754879,1.0,0.6821076168286284,0.0,0.0,0.0,,,,,,0.0,,,,,433.6387648945674,4675.8837890625,,,,,,,,,,
828,1,828.0,0.0,32.0,32.0,0.1109873740933835,0.0,74.0,0.0,0.0,0.0,0.0,0.0,0.0,0.0,0.0,0.0,0.6,0.0021278112754879,1.0,0.6881662222838383,0.0,0.0,0.0,,,,,,0.0,,,,,437.4026239383966,4672.1572265625,,,,,,,,,,
829,1,829.0,0.0,32.0,32.0,0.2399738645181059,0.0,74.0,0.0,0.0,0.0,0.0,0.0,0.0,0.0,0.0,0.0,0.6,0.0021278112754879,1.0,0.6933800984170353,0.0,0.0,0.0,,,,,,0.0,,,,,429.8366849543527,4667.1728515625,,,,,,,,,,
830,1,830.0,0.0,32.0,32.0,0.1978678337763995,0.0,74.0,0.0,0.0,0.0,0.0,0.0,0.0,0.0,0.0,0.0,0.6,0.0021278112754879,1.0,0.6853797803660486,0.0,0.0,0.0,,,,,,0.0,,,,,435.7188639696688,4669.0634765625,,,,,,,,,,
831,1,831.0,0.0,32.0,32.0,0.0436803910415619,0.0,74.0,0.0,0.0,0.0,0.0,0.0,0.0,0.0,0.0,0.0,0.6,0.0021278112754879,1.0,0.6909760374992534,0.0,0.0,0.0,,,,,,0.0,,,,,425.7140529807657,4671.0009765625,,,,,,,,,,
832,1,832.0,0.0,32.0,32.0,0.2335775168612599,0.0,74.0,0.0,0.0,0.0,0.0,0.0,0.0,0.0,0.0,0.0,0.6,0.0021278112754879,1.0,0.6878237567718241,0.0,0.0,0.0,,,,,,0.0,,,,,436.2554580438882,4668.1572265625,,,,,,,,,,
833,1,833.0,0.0,32.0,32.0,0.1416588020510971,0.0,74.0,0.0,0.0,0.0,0.0,0.0,0.0,0.0,0.0,0.0,0.6,0.0021278112754879,1.0,0.6946597188162454,0.0,0.0,0.0,,,,,,0.0,,,,,426.3701200252399,4668.0009765625,,,,,,,,,,
834,1,834.0,0.0,32.0,32.0,0.1198518750024959,0.0,74.0,0.0,0.0,0.0,0.0,0.0,0.0,0.0,0.0,0.0,0.6,0.0021278112754879,1.0,0.6896364566541778,0.0,0.0,0.0,,,,,,0.0,,,,,436.5806229179725,4668.5166015625,,,,,,,,,,
835,1,835.0,0.0,32.0,32.0,0.1670146588003263,0.0,74.0,0.0,0.0,0.0,0.0,0.0,0.0,0.0,0.0,0.0,0.6,0.0021278112754879,1.0,0.6932601133406837,0.0,0.0,0.0,,,,,,0.0,,,,,431.2114280182868,4666.8134765625,,,,,,,,,,
836,1,836.0,0.0,32.0,32.0,0.2408128245733678,0.0,74.0,0.0,0.0,0.0,0.0,0.0,0.0,0.0,0.0,0.0,0.6,0.0021278112754879,1.0,0.6848088653507869,0.0,0.0,0.0,,,,,,0.0,,,,,435.2100030519068,4667.7197265625,,,,,,,,,,
837,1,837.0,0.0,32.0,32.0,0.2724553329171613,0.0,74.0,0.0,0.0,0.0,0.0,0.0,0.0,0.0,0.0,0.0,0.6,0.0021278112754879,1.0,0.6890601165311638,0.0,0.0,0.0,,,,,,0.0,,,,,427.81129106879234,4668.4384765625,,,,,,,,,,
838,1,838.0,0.0,32.0,32.0,0.1462328571360558,0.0,74.0,0.0,0.0,0.0,0.0,0.0,0.0,0.0,0.0,0.0,0.6,0.0021278112754879,1.0,0.6882410587069642,0.0,0.0,0.0,,,,,,0.0,,,,,440.0680579710752,4661.1884765625,,,,,,,,,,
839,1,839.0,0.0,32.0,32.0,0.1369146588258445,0.0,74.0,0.0,0.0,0.0,0.0,0.0,0.0,0.0,0.0,0.0,0.6,0.0021278112754879,1.0,0.6846450130128031,0.0,0.0,0.0,,,,,,0.0,,,,,435.5351419653744,4668.1572265625,,,,,,,,,,
840,1,840.0,0.0,32.0,32.0,0.2014761351747438,0.0,74.0,0.0,0.0,0.0,0.0,0.0,0.0,0.0,0.0,0.0,0.6,0.0021278112754879,1.0,0.6889416794735318,0.0,0.0,0.0,,,,,,0.0,,,,,440.2243939694017,4668.1572265625,,,,,,,,,,
841,1,841.0,0.0,32.0,32.0,0.1678651028778404,0.0,74.0,0.0,0.0,0.0,0.0,0.0,0.0,0.0,0.0,0.0,0.6,0.0021278112754879,1.0,0.6868326200499242,0.0,0.0,0.0,,,,,,0.0,,,,,429.999207961373,4680.5556640625,,,,,,,,,,
842,1,842.0,0.0,32.0,32.0,0.2467063242220319,0.0,74.0,0.0,0.0,0.0,0.0,0.0,0.0,0.0,0.0,0.0,0.6,0.0021278112754879,1.0,0.687071072688854,0.0,0.0,0.0,,,,,,0.0,,,,,439.1481269849464,4671.0009765625,,,,,,,,,,
843,1,843.0,0.0,32.0,32.0,0.1038324693217873,0.0,74.0,0.0,0.0,0.0,0.0,0.0,0.0,0.0,0.0,0.0,0.6,0.0021278112754879,1.0,0.6927347252325947,0.0,0.0,0.0,,,,,,0.0,,,,,432.105979998596,4664.8916015625,,,,,,,,,,
844,1,844.0,0.0,32.0,32.0,0.2848158309934661,0.0,74.0,0.0,0.0,0.0,0.0,0.0,0.0,0.0,0.0,0.0,0.6,0.0021278112754879,1.0,0.6905183303967702,0.0,0.0,0.0,,,,,,0.0,,,,,442.6180039299652,4672.8916015625,,,,,,,,,,
845,1,845.0,0.0,32.0,32.0,0.3687363748904317,0.0,74.0,0.0,0.0,0.0,0.0,0.0,0.0,0.0,0.0,0.0,0.6,0.0021278112754879,1.0,0.687278222214686,0.0,0.0,0.0,,,,,,0.0,,,,,432.9980469774455,4672.1572265625,,,,,,,,,,
846,1,846.0,0.0,32.0,32.0,0.2195615464588627,0.0,74.0,0.0,0.0,0.0,0.0,0.0,0.0,0.0,0.0,0.0,0.6,0.0021278112754879,1.0,0.6896429682577624,0.0,0.0,0.0,,,,,,0.0,,,,,437.3506649862975,4669.0634765625,,,,,,,,,,
847,1,847.0,0.0,32.0,32.0,0.1233980562537908,0.0,74.0,0.0,0.0,0.0,0.0,0.0,0.0,0.0,0.0,0.0,0.6,0.0021278112754879,1.0,0.6851472152552506,0.0,0.0,0.0,,,,,,0.0,,,,,436.6273269988597,4668.7353515625,,,,,,,,,,
848,1,848.0,0.0,32.0,32.0,0.2890826950315386,0.0,74.0,0.0,0.0,0.0,0.0,0.0,0.0,0.0,0.0,0.0,0.6,0.0021278112754879,1.0,0.6860117866239905,0.0,0.0,0.0,,,,,,0.0,,,,,444.0049509285018,4668.1572265625,,,,,,,,,,
849,1,849.0,0.0,32.0,32.0,0.1199686467880383,0.0,74.0,0.0,0.0,0.0,0.0,0.0,0.0,0.0,0.0,0.0,0.6,0.0021278112754879,1.0,0.694605389039329,0.0,0.0,0.0,,,,,,0.0,,,,,435.1292329374701,4668.0009765625,,,,,,,,,,
850,1,850.0,0.0,32.0,32.0,0.0477847158908844,0.0,74.0,0.0,0.0,0.0,0.0,0.0,0.0,0.0,0.0,0.0,0.6,0.0021278112754879,1.0,0.6896454521145853,0.0,0.0,0.0,,,,,,0.0,,,,,440.8422829583287,4668.1572265625,,,,,,,,,,
851,1,851.0,0.0,32.0,32.0,0.3218933101743459,0.0,74.0,0.0,0.0,0.0,0.0,0.0,0.0,0.0,0.0,0.0,0.6,0.0021278112754879,1.0,0.687761716516158,0.0,0.0,0.0,,,,,,0.0,,,,,432.8866470605135,4668.1572265625,,,,,,,,,,
852,1,852.0,0.0,32.0,32.0,0.1700867805629968,0.0,74.0,0.0,0.0,0.0,0.0,0.0,0.0,0.0,0.0,0.0,0.6,0.0021278112754879,1.0,0.6912336054971148,0.0,0.0,0.0,,,,,,0.0,,,,,447.8923788992688,4671.2353515625,,,,,,,,,,
853,1,853.0,0.0,32.0,32.0,0.0769645958207547,0.0,74.0,0.0,0.0,0.0,0.0,0.0,0.0,0.0,0.0,0.0,0.6,0.0021278112754879,1.0,0.6856717946686537,0.0,0.0,0.0,,,,,,0.0,,,,,434.67528896871954,4672.7353515625,,,,,,,,,,
854,1,854.0,0.0,32.0,32.0,0.0876506612403318,0.0,74.0,0.0,0.0,0.0,0.0,0.0,0.0,0.0,0.0,0.0,0.6,0.0021278112754879,1.0,0.685355389602835,0.0,0.0,0.0,,,,,,0.0,,,,,438.0677379667759,4677.2822265625,,,,,,,,,,
855,1,855.0,0.0,32.0,32.0,0.2959129334194585,0.0,74.0,0.0,0.0,0.0,0.0,0.0,0.0,0.0,0.0,0.0,0.6,0.0021278112754879,1.0,0.6840031869620046,0.0,0.0,0.0,,,,,,0.0,,,,,437.3304449254647,4668.4384765625,,,,,,,,,,
856,1,856.0,0.0,32.0,32.0,0.0550531942863017,0.0,74.0,0.0,0.0,0.0,0.0,0.0,0.0,0.0,0.0,0.0,0.6,0.0021278112754879,1.0,0.6870796122949442,0.0,0.0,0.0,,,,,,0.0,,,,,442.4002019222826,4672.7353515625,,,,,,,,,,
857,1,857.0,0.0,32.0,32.0,0.2529142524581402,0.0,74.0,0.0,0.0,0.0,0.0,0.0,0.0,0.0,0.0,0.0,0.6,0.0021278112754879,1.0,0.6881608164201072,0.0,0.0,0.0,,,,,,0.0,,,,,432.8737600008026,4667.6259765625,,,,,,,,,,
858,1,858.0,0.0,32.0,32.0,0.1551718553528189,0.0,74.0,0.0,0.0,0.0,0.0,0.0,0.0,0.0,0.0,0.0,0.6,0.0021278112754879,1.0,0.687614019392077,0.0,0.0,0.0,,,,,,0.0,,,,,440.7161970157176,4667.9384765625,,,,,,,,,,
859,1,859.0,0.0,32.0,32.0,0.2141750454902649,0.0,74.0,0.0,0.0,0.0,0.0,0.0,0.0,0.0,0.0,0.0,0.6,0.0021278112754879,1.0,0.6900410869123118,0.0,0.0,0.0,,,,,,0.0,,,,,428.3482279861346,4677.2822265625,,,,,,,,,,
860,1,860.0,0.0,32.0,32.0,0.3075726968236267,0.0,74.0,0.0,0.0,0.0,0.0,0.0,0.0,0.0,0.0,0.0,0.6,0.0021278112754879,1.0,0.6879687088055173,0.0,0.0,0.0,,,,,,0.0,,,,,441.18022196926177,4675.8837890625,,,,,,,,,,
861,1,861.0,0.0,32.0,32.0,0.344784541579429,0.0,74.0,0.0,0.0,0.0,0.0,0.0,0.0,0.0,0.0,0.0,0.6,0.0021278112754879,1.0,0.6907954886274921,0.0,0.0,0.0,,,,,,0.0,,,,,434.88126806914806,4669.0634765625,,,,,,,,,,
862,1,862.0,0.0,32.0,32.0,0.2146697784774005,0.0,74.0,0.0,0.0,0.0,0.0,0.0,0.0,0.0,0.0,0.0,0.6,0.0021278112754879,1.0,0.6916942875518417,0.0,0.0,0.0,,,,,,0.0,,,,,442.0923920115456,4668.4384765625,,,,,,,,,,
863,1,863.0,0.0,32.0,32.0,0.2873986032791435,0.0,74.0,0.0,0.0,0.0,0.0,0.0,0.0,0.0,0.0,0.0,0.6,0.0021278112754879,1.0,0.6890974153365127,0.0,0.0,0.0,,,,,,0.0,,,,,432.6768140308559,4680.5556640625,,,,,,,,,,
864,1,864.0,0.0,32.0,32.0,0.4105918095447123,0.0,74.0,0.0,0.0,0.0,0.0,0.0,0.0,0.0,0.0,0.0,0.6,0.0021278112754879,1.0,0.6892641225585723,0.0,0.0,0.0,,,,,,0.0,,,,,436.2278990447521,4672.7353515625,,,,,,,,,,
865,1,865.0,0.0,32.0,32.0,0.0795010867295786,0.0,74.0,0.0,0.0,0.0,0.0,0.0,0.0,0.0,0.0,0.0,0.6,0.0021278112754879,1.0,0.6895126349013156,0.0,0.0,0.0,,,,,,0.0,,,,,436.4576500374824,4668.1572265625,,,,,,,,,,
866,1,866.0,0.0,32.0,32.0,0.1707679835380986,0.0,74.0,0.0,0.0,0.0,0.0,0.0,0.0,0.0,0.0,0.0,0.6,0.0021278112754879,1.0,0.6868651205522026,0.0,0.0,0.0,,,,,,0.0,,,,,438.2048440165818,4669.0634765625,,,,,,,,,,
867,1,867.0,0.0,32.0,32.0,0.108787539997138,0.0,74.0,0.0,0.0,0.0,0.0,0.0,0.0,0.0,0.0,0.0,0.6,0.0021278112754879,1.0,0.6906846869634486,0.0,0.0,0.0,,,,,,0.0,,,,,431.2478840583936,4673.5166015625,,,,,,,,,,
868,1,868.0,0.0,32.0,32.0,0.1063168107066303,0.0,74.0,0.0,0.0,0.0,0.0,0.0,0.0,0.0,0.0,0.0,0.6,0.0021278112754879,1.0,0.6900658382851387,0.0,0.0,0.0,,,,,,0.0,,,,,434.8723059520125,4671.2353515625,,,,,,,,,,
869,1,869.0,0.0,32.0,32.0,0.0764255138346925,0.0,74.0,0.0,0.0,0.0,0.0,0.0,0.0,0.0,0.0,0.0,0.6,0.0021278112754879,1.0,0.6845610563815185,0.0,0.0,0.0,,,,,,0.0,,,,,432.6029070653021,4672.7353515625,,,,,,,,,,
870,1,870.0,0.0,32.0,32.0,0.2040595274302177,0.0,74.0,0.0,0.0,0.0,0.0,0.0,0.0,0.0,0.0,0.0,0.6,0.0021278112754879,1.0,0.6856732986092856,0.0,0.0,0.0,,,,,,0.0,,,,,443.3964299969375,4670.9228515625,,,,,,,,,,
871,1,871.0,0.0,32.0,32.0,0.049217956373468,0.0,74.0,0.0,0.0,0.0,0.0,0.0,0.0,0.0,0.0,0.0,0.6,0.0021278112754879,1.0,0.6866409574754601,0.0,0.0,0.0,,,,,,0.0,,,,,433.0747869098559,4672.8916015625,,,,,,,,,,
872,1,872.0,0.0,32.0,32.0,0.239839517395012,0.0,74.0,0.0,0.0,0.0,0.0,0.0,0.0,0.0,0.0,0.0,0.6,0.0021278112754879,1.0,0.6875484691116389,0.0,0.0,0.0,,,,,,0.0,,,,,433.0983069958165,4669.0634765625,,,,,,,,,,
873,1,873.0,0.0,32.0,32.0,0.0441276591736823,0.0,74.0,0.0,0.0,0.0,0.0,0.0,0.0,0.0,0.0,0.0,0.6,0.0021278112754879,1.0,0.6894037205669743,0.0,0.0,0.0,,,,,,0.0,,,,,428.7747970083728,4667.9384765625,,,,,,,,,,
874,1,874.0,0.0,32.0,32.0,0.1773988413624465,0.0,74.0,0.0,0.0,0.0,0.0,0.0,0.0,0.0,0.0,0.0,0.6,0.0021278112754879,1.0,0.6839557515585721,0.0,0.0,0.0,,,,,,0.0,,,,,439.6497959969565,4680.5556640625,,,,,,,,,,
875,1,875.0,0.0,32.0,32.0,0.2137724147178232,0.0,74.0,0.0,0.0,0.0,0.0,0.0,0.0,0.0,0.0,0.0,0.6,0.0021278112754879,1.0,0.6871957349745255,0.0,0.0,0.0,,,,,,0.0,,,,,433.2847379846498,4672.8916015625,,,,,,,,,,
876,1,876.0,0.0,32.0,32.0,0.1109716299106367,0.0,74.0,0.0,0.0,0.0,0.0,0.0,0.0,0.0,0.0,0.0,0.6,0.0021278112754879,1.0,0.6871974904531114,0.0,0.0,0.0,,,,,,0.0,,,,,442.4919690936804,4667.4072265625,,,,,,,,,,
877,1,877.0,0.0,32.0,32.0,0.0639599931309931,0.0,74.0,0.0,0.0,0.0,0.0,0.0,0.0,0.0,0.0,0.0,0.6,0.0021278112754879,1.0,0.6882402817263785,0.0,0.0,0.0,,,,,,0.0,,,,,428.7656379165128,4667.9384765625,,,,,,,,,,
878,1,878.0,0.0,32.0,32.0,0.0492851336020976,0.0,74.0,0.0,0.0,0.0,0.0,0.0,0.0,0.0,0.0,0.0,0.6,0.0021278112754879,1.0,0.6886992978430728,0.0,0.0,0.0,,,,,,0.0,,,,,438.3256130386144,4677.2822265625,,,,,,,,,,
879,1,879.0,0.0,32.0,32.0,0.3739278482971713,0.0,74.0,0.0,0.0,0.0,0.0,0.0,0.0,0.0,0.0,0.0,0.6,0.0021278112754879,1.0,0.6926588857753398,0.0,0.0,0.0,,,,,,0.0,,,,,435.0796929793432,4667.9384765625,,,,,,,,,,
880,1,880.0,0.0,32.0,32.0,0.4045139129739254,0.0,74.0,0.0,0.0,0.0,0.0,0.0,0.0,0.0,0.0,0.0,0.6,0.0021278112754879,1.0,0.6849756771272226,0.0,0.0,0.0,,,,,,0.0,,,,,436.5702340146527,4661.1884765625,,,,,,,,,,
881,1,881.0,0.0,32.0,32.0,0.1896701259538531,0.0,74.0,0.0,0.0,0.0,0.0,0.0,0.0,0.0,0.0,0.0,0.6,0.0021278112754879,1.0,0.6901562273389072,0.0,0.0,0.0,,,,,,0.0,,,,,428.2537270337343,4677.2822265625,,,,,,,,,,
882,1,882.0,0.0,32.0,32.0,0.265881439903751,0.0,74.0,0.0,0.0,0.0,0.0,0.0,0.0,0.0,0.0,0.0,0.6,0.0021278112754879,1.0,0.6863446921572834,0.0,0.0,0.0,,,,,,0.0,,,,,436.3166610710323,4675.3291015625,,,,,,,,,,
883,1,883.0,0.0,32.0,32.0,0.1015348848886787,0.0,74.0,0.0,0.0,0.0,0.0,0.0,0.0,0.0,0.0,0.0,0.6,0.0021278112754879,1.0,0.6860560583266891,0.0,0.0,0.0,,,,,,0.0,,,,,436.6020280867815,4668.1572265625,,,,,,,,,,
884,1,884.0,0.0,32.0,32.0,0.3430755904410034,0.0,74.0,0.0,0.0,0.0,0.0,0.0,0.0,0.0,0.0,0.0,0.6,0.0021278112754879,1.0,0.6872636687960306,0.0,0.0,0.0,,,,,,0.0,,,,,435.1394990226254,4672.1572265625,,,,,,,,,,
885,1,885.0,0.0,32.0,32.0,0.1683444370282814,0.0,74.0,0.0,0.0,0.0,0.0,0.0,0.0,0.0,0.0,0.0,0.6,0.0021278112754879,1.0,0.6856790440084544,0.0,0.0,0.0,,,,,,0.0,,,,,425.0736410031095,4667.4072265625,,,,,,,,,,
886,1,886.0,0.0,32.0,32.0,0.130670539685525,0.0,74.0,0.0,0.0,0.0,0.0,0.0,0.0,0.0,0.0,0.0,0.6,0.0021278112754879,1.0,0.684692112311995,0.0,0.0,0.0,,,,,,0.0,,,,,428.9896569680423,4667.6259765625,,,,,,,,,,
887,1,887.0,0.0,32.0,32.0,0.2664096092339605,0.0,74.0,0.0,0.0,0.0,0.0,0.0,0.0,0.0,0.0,0.0,0.6,0.0021278112754879,1.0,0.6824488304265672,0.0,0.0,0.0,,,,,,0.0,,,,,428.4340230515227,4667.6259765625,,,,,,,,,,
888,1,888.0,0.0,32.0,32.0,0.3904433618299663,0.0,74.0,0.0,0.0,0.0,0.0,0.0,0.0,0.0,0.0,0.0,0.6,0.0021278112754879,1.0,0.6868611449375986,0.0,0.0,0.0,,,,,,0.0,,,,,443.3062140597031,4667.1728515625,,,,,,,,,,
889,1,889.0,0.0,32.0,32.0,0.1854393505491316,0.0,74.0,0.0,0.0,0.0,0.0,0.0,0.0,0.0,0.0,0.0,0.6,0.0021278112754879,1.0,0.6889842909162782,0.0,0.0,0.0,,,,,,0.0,,,,,434.53896697610617,4672.1572265625,,,,,,,,,,
890,1,890.0,0.0,32.0,32.0,0.2798635689541697,0.0,74.0,0.0,0.0,0.0,0.0,0.0,0.0,0.0,0.0,0.0,0.6,0.0021278112754879,1.0,0.6873038301632971,0.0,0.0,0.0,,,,,,0.0,,,,,432.21888202242553,4669.0634765625,,,,,,,,,,
891,1,891.0,0.0,32.0,32.0,0.364771515596658,0.0,74.0,0.0,0.0,0.0,0.0,0.0,0.0,0.0,0.0,0.0,0.6,0.0021278112754879,1.0,0.6903051409140373,0.0,0.0,0.0,,,,,,0.0,,,,,433.3460369380191,4672.1572265625,,,,,,,,,,
892,1,892.0,0.0,32.0,32.0,0.1487490015570074,0.0,74.0,0.0,0.0,0.0,0.0,0.0,0.0,0.0,0.0,0.0,0.6,0.0021278112754879,1.0,0.6831230386758164,0.0,0.0,0.0,,,,,,0.0,,,,,438.7333419872448,4667.6259765625,,,,,,,,,,
893,1,893.0,0.0,32.0,32.0,0.093154675560072,0.0,74.0,0.0,0.0,0.0,0.0,0.0,0.0,0.0,0.0,0.0,0.6,0.0021278112754879,1.0,0.6866722104177395,0.0,0.0,0.0,,,,,,0.0,,,,,432.4600680265576,4667.7197265625,,,,,,,,,,
894,1,894.0,0.0,32.0,32.0,0.0551704219542443,0.0,74.0,0.0,0.0,0.0,0.0,0.0,0.0,0.0,0.0,0.0,0.6,0.0021278112754879,1.0,0.6932382604138758,0.0,0.0,0.0,,,,,,0.0,,,,,434.9401870276779,4667.9384765625,,,,,,,,,,
895,1,895.0,0.0,32.0,32.0,0.1505295620299875,0.0,74.0,0.0,0.0,0.0,0.0,0.0,0.0,0.0,0.0,0.0,0.6,0.0021278112754879,1.0,0.6887052840914317,0.0,0.0,0.0,,,,,,0.0,,,,,431.1761090066284,4668.0009765625,,,,,,,,,,
896,1,896.0,0.0,32.0,32.0,0.0812688621226698,0.0,74.0,0.0,0.0,0.0,0.0,0.0,0.0,0.0,0.0,0.0,0.6,0.0021278112754879,1.0,0.6854877935442363,0.0,0.0,0.0,,,,,,0.0,,,,,437.7825980773196,4669.0634765625,,,,,,,,,,
897,1,897.0,0.0,32.0,32.0,0.1853052906226366,0.0,74.0,0.0,0.0,0.0,0.0,0.0,0.0,0.0,0.0,0.0,0.6,0.0021278112754879,1.0,0.688159144900056,0.0,0.0,0.0,,,,,,0.0,,,,,434.01458498556167,4671.2353515625,,,,,,,,,,
898,1,898.0,0.0,32.0,32.0,0.1531811594031751,0.0,74.0,0.0,0.0,0.0,0.0,0.0,0.0,0.0,0.0,0.0,0.6,0.0021278112754879,1.0,0.6906635273417328,0.0,0.0,0.0,,,,,,0.0,,,,,515.0925510097295,4677.2822265625,,,,,,,,,,
899,1,899.0,0.0,32.0,32.0,0.1712446203455329,0.0,74.0,0.0,0.0,0.0,0.0,0.0,0.0,0.0,0.0,0.0,0.6,0.0021278112754879,1.0,0.6854775191190701,0.0,0.0,0.0,,,,,,0.0,,,,,430.7579610031098,4667.4072265625,,,,,,,,,,
900,1,900.0,0.0,32.0,32.0,0.1578894862905144,0.0,74.0,0.0,0.0,0.0,0.0,0.0,0.0,0.0,0.0,0.0,0.6,0.0021278112754879,1.0,0.6911773075857911,0.0,0.0,0.0,,,,,,0.0,,,,,441.4184730267152,4671.2353515625,,,,,,,,,,
901,1,901.0,0.0,32.0,32.0,0.2046621339395642,0.0,74.0,0.0,0.0,0.0,0.0,0.0,0.0,0.0,0.0,0.0,0.6,0.0021278112754879,1.0,0.682688544885008,0.0,0.0,0.0,,,,,,0.0,,,,,438.6000760132447,4667.1728515625,,,,,,,,,,
902,1,902.0,0.0,32.0,32.0,0.1751659755827859,0.0,74.0,0.0,0.0,0.0,0.0,0.0,0.0,0.0,0.0,0.0,0.6,0.0021278112754879,1.0,0.6873714331009096,0.0,0.0,0.0,,,,,,0.0,,,,,442.7058049477637,4667.1728515625,,,,,,,,,,
903,1,903.0,0.0,32.0,32.0,0.121654289541766,0.0,74.0,0.0,0.0,0.0,0.0,0.0,0.0,0.0,0.0,0.0,0.6,0.0021278112754879,1.0,0.6846997687577576,0.0,0.0,0.0,,,,,,0.0,,,,,426.4362649992108,4671.2353515625,,,,,,,,,,
904,1,904.0,0.0,32.0,32.0,0.0197645900771021,18.0,74.0,0.2432432432432432,3.0,15.0,0.1666666666666666,0.8333333333333334,0.15078122559737,0.1432819547573874,0.1522810797653665,0.0,0.6,0.0021278112754879,0.9999999999689388,0.6880588861259017,-2.9468671525126256e-10,3.0,15.0,0.6666666666666666,5.0,1.0,0.6500223927944538,0.450561188866305,2.0,0.5116562462121377,0.0004948196874465,0.4997525901562767,-0.0013239156207528,448.7056049983949,4676.8095703125,,,,,,,,,,
905,1,905.0,0.0,32.0,32.0,0.2473305307794362,0.0,74.0,0.0,0.0,0.0,0.0,0.0,0.0,0.0,0.0,0.0,0.6,0.0021278112754879,1.0,0.6880577873413918,0.0,0.0,0.0,,,,,,0.0,,,,,433.7631650269032,4661.1884765625,,,,,,,,,,
906,1,906.0,0.0,32.0,32.0,0.2354147331789136,0.0,74.0,0.0,0.0,0.0,0.0,0.0,0.0,0.0,0.0,0.0,0.6,0.0021278112754879,1.0,0.6929875666564607,0.0,0.0,0.0,,,,,,0.0,,,,,441.8456630082801,4675.8837890625,,,,,,,,,,
907,1,907.0,0.0,32.0,32.0,0.1322710945969447,0.0,74.0,0.0,0.0,0.0,0.0,0.0,0.0,0.0,0.0,0.0,0.6,0.0021278112754879,1.0,0.689990565053629,0.0,0.0,0.0,,,,,,0.0,,,,,432.3788359761238,4668.5166015625,,,,,,,,,,
908,1,908.0,0.0,32.0,32.0,0.252192156156525,0.0,74.0,0.0,0.0,0.0,0.0,0.0,0.0,0.0,0.0,0.0,0.6,0.0021278112754879,1.0,0.6864255859168211,0.0,0.0,0.0,,,,,,0.0,,,,,432.6254770858213,4668.7353515625,,,,,,,,,,
909,1,909.0,0.0,32.0,32.0,0.4967610593885183,0.0,74.0,0.0,0.0,0.0,0.0,0.0,0.0,0.0,0.0,0.0,0.6,0.0021278112754879,1.0,0.6873282892271442,0.0,0.0,0.0,,,,,,0.0,,,,,433.0185219878331,4668.4384765625,,,,,,,,,,
910,1,910.0,0.0,32.0,32.0,0.3754186764126643,0.0,74.0,0.0,0.0,0.0,0.0,0.0,0.0,0.0,0.0,0.0,0.6,0.0021278112754879,1.0,0.6836943650710998,0.0,0.0,0.0,,,,,,0.0,,,,,439.2082040430978,4680.5556640625,,,,,,,,,,
911,1,911.0,0.0,32.0,32.0,0.367938875046093,0.0,74.0,0.0,0.0,0.0,0.0,0.0,0.0,0.0,0.0,0.0,0.6,0.0021278112754879,1.0,0.6973637395367492,0.0,0.0,0.0,,,,,,0.0,,,,,434.84493100550026,4672.8916015625,,,,,,,,,,
912,1,912.0,0.0,32.0,32.0,0.1378204961074516,0.0,74.0,0.0,0.0,0.0,0.0,0.0,0.0,0.0,0.0,0.0,0.6,0.0021278112754879,1.0,0.6850312087594429,0.0,0.0,0.0,,,,,,0.0,,,,,438.2507510017604,4667.1728515625,,,,,,,,,,
913,1,913.0,0.0,32.0,32.0,0.0147016048431396,40.0,74.0,0.5405405405405406,8.0,32.0,0.2,0.8,0.1515362334053492,0.1450648618976574,0.1531540762822721,0.0,0.6,0.0021278112754879,0.9999999965698586,0.6941962811700743,1.3695748282375006e-08,8.0,32.0,0.6,4.0,1.0,0.721928066033462,0.5004024035381882,2.0,0.5125328319422203,-0.0001234226143832,0.5000617113071916,-0.0060657476398596,450.21743897814304,4824.86767578125,,,,,,,,,,
914,1,914.0,0.0,32.0,32.0,0.242970774648711,0.0,74.0,0.0,0.0,0.0,0.0,0.0,0.0,0.0,0.0,0.0,0.6,0.0021278112754879,1.0,0.6855637489237525,0.0,0.0,0.0,,,,,,0.0,,,,,441.6912740562111,4672.8916015625,,,,,,,,,,
915,1,915.0,0.0,32.0,32.0,0.1465433947741985,0.0,74.0,0.0,0.0,0.0,0.0,0.0,0.0,0.0,0.0,0.0,0.6,0.0021278112754879,1.0,0.6901799764090663,0.0,0.0,0.0,,,,,,0.0,,,,,432.956203003414,4672.7353515625,,,,,,,,,,
916,1,916.0,0.0,32.0,32.0,0.1935988015029579,0.0,74.0,0.0,0.0,0.0,0.0,0.0,0.0,0.0,0.0,0.0,0.6,0.0021278112754879,1.0,0.6895187733385811,0.0,0.0,0.0,,,,,,0.0,,,,,439.901722013019,4673.5166015625,,,,,,,,,,
917,1,917.0,0.0,32.0,32.0,0.1347856163047254,0.0,74.0,0.0,0.0,0.0,0.0,0.0,0.0,0.0,0.0,0.0,0.6,0.0021278112754879,1.0,0.6819037070569044,0.0,0.0,0.0,,,,,,0.0,,,,,428.369004977867,4667.9384765625,,,,,,,,,,
918,1,918.0,0.0,32.0,32.0,0.2139513063011691,0.0,74.0,0.0,0.0,0.0,0.0,0.0,0.0,0.0,0.0,0.0,0.6,0.0021278112754879,1.0,0.6852502090284537,0.0,0.0,0.0,,,,,,0.0,,,,,440.1137219974771,4661.1884765625,,,,,,,,,,
919,1,919.0,0.0,32.0,32.0,0.0531814831774681,0.0,74.0,0.0,0.0,0.0,0.0,0.0,0.0,0.0,0.0,0.0,0.6,0.0021278112754879,1.0,0.6854780841206366,0.0,0.0,0.0,,,,,,0.0,,,,,432.338412036188,4671.2353515625,,,,,,,,,,
920,1,920.0,0.0,32.0,32.0,0.0674278127262368,0.0,74.0,0.0,0.0,0.0,0.0,0.0,0.0,0.0,0.0,0.0,0.6,0.0021278112754879,1.0,0.684299653389635,0.0,0.0,0.0,,,,,,0.0,,,,,441.1388699663803,4667.9384765625,,,,,,,,,,
921,1,921.0,0.0,32.0,32.0,0.0577370004029944,0.0,74.0,0.0,0.0,0.0,0.0,0.0,0.0,0.0,0.0,0.0,0.6,0.0021278112754879,1.0,0.6824848427384965,0.0,0.0,0.0,,,,,,0.0,,,,,430.497977999039,4672.1572265625,,,,,,,,,,
922,1,922.0,0.0,32.0,32.0,0.1640537229832261,0.0,74.0,0.0,0.0,0.0,0.0,0.0,0.0,0.0,0.0,0.0,0.6,0.0021278112754879,1.0,0.6867572601916031,0.0,0.0,0.0,,,,,,0.0,,,,,436.6191050503403,4671.2353515625,,,,,,,,,,
923,1,923.0,0.0,32.0,32.0,0.0242151373531669,2.0,74.0,0.027027027027027,1.0,1.0,0.5,0.5,0.1568429299156846,0.1447163935865716,0.1689694662447975,0.0,0.6,0.0021278112754879,1.0000000000075189,0.6939155528398963,-1.4767051817465846e-09,1.0,1.0,0.0,1.0,1.0,0.9999999711460994,0.6931471605599454,2.0,0.5404217877637099,,,0.0275741949942816,434.38881600741297,4680.5556640625,,,,,,,,,,
924,1,924.0,0.0,32.0,32.0,0.115059528267011,0.0,74.0,0.0,0.0,0.0,0.0,0.0,0.0,0.0,0.0,0.0,0.6,0.0021278112754879,1.0,0.6912128477409311,0.0,0.0,0.0,,,,,,0.0,,,,,442.7530389511958,4671.2353515625,,,,,,,,,,
925,1,925.0,0.0,32.0,32.0,0.3923093326739035,0.0,74.0,0.0,0.0,0.0,0.0,0.0,0.0,0.0,0.0,0.0,0.6,0.0021278112754879,1.0,0.6914384432355917,0.0,0.0,0.0,,,,,,0.0,,,,,443.82416701409966,4661.1884765625,,,,,,,,,,
926,1,926.0,0.0,32.0,32.0,0.0332776447758078,0.0,74.0,0.0,0.0,0.0,0.0,0.0,0.0,0.0,0.0,0.0,0.6,0.0021278112754879,1.0,0.6843625751875335,0.0,0.0,0.0,,,,,,0.0,,,,,437.83065502066165,4664.0322265625,,,,,,,,,,
927,1,927.0,0.0,32.0,32.0,0.1397236424963921,16.0,74.0,0.2162162162162162,6.0,10.0,0.375,0.625,0.1491555767669695,0.1461447184695079,0.1509620917454465,0.0,0.6,0.0021278112754879,0.9999999999670108,0.6926271088268212,2.2133614318230675e-09,6.0,10.0,0.25,1.6666666666666667,1.0,0.9544339740710645,0.6615632181579822,2.0,0.5073282300320887,-0.0008705696673132,0.5004352848336566,-0.0030848752010351,438.83261003065854,4677.2822265625,,,,,,,,,,
928,1,928.0,0.0,32.0,32.0,0.0328946291701868,0.0,74.0,0.0,0.0,0.0,0.0,0.0,0.0,0.0,0.0,0.0,0.6,0.0021278112754879,1.0,0.690192646541958,0.0,0.0,0.0,,,,,,0.0,,,,,439.72572905477136,4664.6572265625,,,,,,,,,,
929,1,929.0,0.0,32.0,32.0,0.0995160295860841,0.0,74.0,0.0,0.0,0.0,0.0,0.0,0.0,0.0,0.0,0.0,0.6,0.0021278112754879,1.0,0.6906212407149209,0.0,0.0,0.0,,,,,,0.0,,,,,430.1175649743527,4667.6259765625,,,,,,,,,,
930,1,930.0,0.0,32.0,32.0,0.035296976333484,0.0,74.0,0.0,0.0,0.0,0.0,0.0,0.0,0.0,0.0,0.0,0.6,0.0021278112754879,1.0,0.6864846532943346,0.0,0.0,0.0,,,,,,0.0,,,,,437.7162840683013,4672.1572265625,,,,,,,,,,
931,1,931.0,0.0,32.0,32.0,0.1663279404165223,0.0,74.0,0.0,0.0,0.0,0.0,0.0,0.0,0.0,0.0,0.0,0.6,0.0021278112754879,1.0,0.693912248446866,0.0,0.0,0.0,,,,,,0.0,,,,,425.5200490588322,4676.4775390625,,,,,,,,,,
932,1,932.0,0.0,32.0,32.0,0.1007322240038774,0.0,74.0,0.0,0.0,0.0,0.0,0.0,0.0,0.0,0.0,0.0,0.6,0.0021278112754879,1.0,0.6855809370253921,0.0,0.0,0.0,,,,,,0.0,,,,,439.2765809316188,4667.9384765625,,,,,,,,,,
933,1,933.0,0.0,32.0,32.0,0.0613395335385575,0.0,74.0,0.0,0.0,0.0,0.0,0.0,0.0,0.0,0.0,0.0,0.6,0.0021278112754879,1.0,0.6851508106366097,0.0,0.0,0.0,,,,,,0.0,,,,,433.7739669717848,4668.7041015625,,,,,,,,,,
934,1,934.0,0.0,32.0,32.0,0.0479361817706376,0.0,74.0,0.0,0.0,0.0,0.0,0.0,0.0,0.0,0.0,0.0,0.6,0.0021278112754879,1.0,0.6827232318641,0.0,0.0,0.0,,,,,,0.0,,,,,436.6196839837357,4667.9384765625,,,,,,,,,,
935,1,935.0,0.0,32.0,32.0,0.2370613930397667,0.0,74.0,0.0,0.0,0.0,0.0,0.0,0.0,0.0,0.0,0.0,0.6,0.0021278112754879,1.0,0.6929829842945361,0.0,0.0,0.0,,,,,,0.0,,,,,426.4792599715293,4673.5166015625,,,,,,,,,,
936,1,936.0,0.0,32.0,32.0,0.0822727940976619,0.0,74.0,0.0,0.0,0.0,0.0,0.0,0.0,0.0,0.0,0.0,0.6,0.0021278112754879,1.0,0.6928556803358116,0.0,0.0,0.0,,,,,,0.0,,,,,441.0138729726896,4667.4072265625,,,,,,,,,,
937,1,937.0,0.0,32.0,32.0,0.1916269205976277,0.0,74.0,0.0,0.0,0.0,0.0,0.0,0.0,0.0,0.0,0.0,0.6,0.0021278112754879,1.0,0.6875229756690254,0.0,0.0,0.0,,,,,,0.0,,,,,435.3754250332713,4667.1728515625,,,,,,,,,,
938,1,938.0,0.0,32.0,32.0,0.1696442634565755,0.0,74.0,0.0,0.0,0.0,0.0,0.0,0.0,0.0,0.0,0.0,0.6,0.0021278112754879,1.0,0.689904651131334,0.0,0.0,0.0,,,,,,0.0,,,,,438.91665898263454,4680.5556640625,,,,,,,,,,
939,1,939.0,0.0,32.0,32.0,0.3338649411452934,0.0,74.0,0.0,0.0,0.0,0.0,0.0,0.0,0.0,0.0,0.0,0.6,0.0021278112754879,1.0,0.6885354316576356,0.0,0.0,0.0,,,,,,0.0,,,,,425.2481509465724,4672.7353515625,,,,,,,,,,
940,1,940.0,0.0,32.0,32.0,0.395148586248979,0.0,74.0,0.0,0.0,0.0,0.0,0.0,0.0,0.0,0.0,0.0,0.6,0.0021278112754879,1.0,0.6843048754179301,0.0,0.0,0.0,,,,,,0.0,,,,,437.8740189131349,4664.8916015625,,,,,,,,,,
941,1,941.0,0.0,32.0,32.0,0.2511937468661926,0.0,74.0,0.0,0.0,0.0,0.0,0.0,0.0,0.0,0.0,0.0,0.6,0.0021278112754879,1.0,0.6891011814270415,0.0,0.0,0.0,,,,,,0.0,,,,,440.7497779466212,4664.8916015625,,,,,,,,,,
942,1,942.0,0.0,32.0,32.0,0.3737154675181955,0.0,74.0,0.0,0.0,0.0,0.0,0.0,0.0,0.0,0.0,0.0,0.6,0.0021278112754879,1.0,0.6855768015357876,0.0,0.0,0.0,,,,,,0.0,,,,,443.49549303296953,4672.8916015625,,,,,,,,,,
943,1,943.0,0.0,32.0,32.0,0.1843566427705809,0.0,74.0,0.0,0.0,0.0,0.0,0.0,0.0,0.0,0.0,0.0,0.6,0.0021278112754879,1.0,0.6885769727488766,0.0,0.0,0.0,,,,,,0.0,,,,,428.14557696692646,4668.5166015625,,,,,,,,,,
944,1,944.0,0.0,32.0,32.0,0.5016549753490835,0.0,74.0,0.0,0.0,0.0,0.0,0.0,0.0,0.0,0.0,0.0,0.6,0.0021278112754879,1.0,0.6895228619618459,0.0,0.0,0.0,,,,,,0.0,,,,,433.9062710059807,4664.8916015625,,,,,,,,,,
945,1,945.0,0.0,32.0,32.0,0.1761902220896445,0.0,74.0,0.0,0.0,0.0,0.0,0.0,0.0,0.0,0.0,0.0,0.6,0.0021278112754879,1.0,0.6868437720618334,0.0,0.0,0.0,,,,,,0.0,,,,,433.2156400196254,4672.8916015625,,,,,,,,,,
946,1,946.0,0.0,32.0,32.0,0.1004350680159404,0.0,74.0,0.0,0.0,0.0,0.0,0.0,0.0,0.0,0.0,0.0,0.6,0.0021278112754879,1.0,0.6912812409025096,0.0,0.0,0.0,,,,,,0.0,,,,,443.8349680276588,4667.7197265625,,,,,,,,,,
947,1,947.0,0.0,32.0,32.0,0.0233469372615218,2.0,74.0,0.027027027027027,1.0,1.0,0.5,0.5,0.1492044521265469,0.1476713183351251,0.1507375859179687,0.0,0.6,0.0021278112754879,1.0,0.6852495381643197,-4.0481317040978174e-10,1.0,1.0,0.0,1.0,1.0,0.9999999711460994,0.6931471605599454,2.0,0.5051104459714059,,,0.0030067625716364,431.3282259972766,4677.2822265625,,,,,,,,,,
948,1,948.0,0.0,32.0,32.0,0.4248320134356618,0.0,74.0,0.0,0.0,0.0,0.0,0.0,0.0,0.0,0.0,0.0,0.6,0.0021278112754879,1.0,0.6842408736688085,0.0,0.0,0.0,,,,,,0.0,,,,,434.43319702055305,4671.2353515625,,,,,,,,,,
949,1,949.0,0.0,32.0,32.0,0.2583717856323346,0.0,74.0,0.0,0.0,0.0,0.0,0.0,0.0,0.0,0.0,0.0,0.6,0.0021278112754879,1.0,0.6840057534979499,0.0,0.0,0.0,,,,,,0.0,,,,,432.3598039336503,4675.8837890625,,,,,,,,,,
950,1,950.0,0.0,32.0,32.0,0.20139323733747,0.0,74.0,0.0,0.0,0.0,0.0,0.0,0.0,0.0,0.0,0.0,0.6,0.0021278112754879,1.0,0.6905837397915879,0.0,0.0,0.0,,,,,,0.0,,,,,438.9459950616583,4680.5556640625,,,,,,,,,,
951,1,951.0,0.0,32.0,32.0,0.1259021719451993,0.0,74.0,0.0,0.0,0.0,0.0,0.0,0.0,0.0,0.0,0.0,0.6,0.0021278112754879,1.0,0.6882700160243949,0.0,0.0,0.0,,,,,,0.0,,,,,432.62473505456,4672.1572265625,,,,,,,,,,
952,1,952.0,0.0,32.0,32.0,0.1846626561600715,0.0,74.0,0.0,0.0,0.0,0.0,0.0,0.0,0.0,0.0,0.0,0.6,0.0021278112754879,1.0,0.6871476685835699,0.0,0.0,0.0,,,,,,0.0,,,,,434.4843759899959,4671.2353515625,,,,,,,,,,
953,1,953.0,0.0,32.0,32.0,0.174107379745692,0.0,74.0,0.0,0.0,0.0,0.0,0.0,0.0,0.0,0.0,0.0,0.6,0.0021278112754879,1.0,0.6885915204215629,0.0,0.0,0.0,,,,,,0.0,,,,,432.76767095085233,4667.6259765625,,,,,,,,,,
954,1,954.0,0.0,32.0,32.0,0.1585634846705943,0.0,74.0,0.0,0.0,0.0,0.0,0.0,0.0,0.0,0.0,0.0,0.6,0.0021278112754879,1.0,0.684968249804766,0.0,0.0,0.0,,,,,,0.0,,,,,437.6553730107844,4661.1884765625,,,,,,,,,,
955,1,955.0,0.0,32.0,32.0,0.0948318901937455,0.0,74.0,0.0,0.0,0.0,0.0,0.0,0.0,0.0,0.0,0.0,0.6,0.0021278112754879,1.0,0.6889682228279013,0.0,0.0,0.0,,,,,,0.0,,,,,430.5078629404306,4676.2509765625,,,,,,,,,,
956,1,956.0,0.0,32.0,32.0,0.2784306595567614,0.0,74.0,0.0,0.0,0.0,0.0,0.0,0.0,0.0,0.0,0.0,0.6,0.0021278112754879,1.0,0.6868669555576853,0.0,0.0,0.0,,,,,,0.0,,,,,437.301873927936,4667.4072265625,,,,,,,,,,
957,1,957.0,0.0,32.0,32.0,0.0919621426146477,0.0,74.0,0.0,0.0,0.0,0.0,0.0,0.0,0.0,0.0,0.0,0.6,0.0021278112754879,1.0,0.6888684479693452,0.0,0.0,0.0,,,,,,0.0,,,,,426.7298049526289,4671.2353515625,,,,,,,,,,
958,1,958.0,0.0,32.0,32.0,0.1453249403275549,0.0,74.0,0.0,0.0,0.0,0.0,0.0,0.0,0.0,0.0,0.0,0.6,0.0021278112754879,1.0,0.6825143680579389,0.0,0.0,0.0,,,,,,0.0,,,,,437.36312293913215,4675.8837890625,,,,,,,,,,
959,1,959.0,0.0,32.0,32.0,0.2938814938534051,0.0,74.0,0.0,0.0,0.0,0.0,0.0,0.0,0.0,0.0,0.0,0.6,0.0021278112754879,1.0,0.6868934027695003,0.0,0.0,0.0,,,,,,0.0,,,,,430.1410529296845,4672.7353515625,,,,,,,,,,
960,1,960.0,0.0,32.0,32.0,0.3080726489424705,0.0,74.0,0.0,0.0,0.0,0.0,0.0,0.0,0.0,0.0,0.0,0.6,0.0021278112754879,1.0,0.683232324035807,0.0,0.0,0.0,,,,,,0.0,,,,,441.5575180901215,4668.1572265625,,,,,,,,,,
961,1,961.0,0.0,32.0,32.0,0.1971667329780757,0.0,74.0,0.0,0.0,0.0,0.0,0.0,0.0,0.0,0.0,0.0,0.6,0.0021278112754879,1.0,0.6853448727113957,0.0,0.0,0.0,,,,,,0.0,,,,,424.5596210239455,4668.0009765625,,,,,,,,,,
962,1,962.0,0.0,32.0,32.0,0.1957418411038816,0.0,74.0,0.0,0.0,0.0,0.0,0.0,0.0,0.0,0.0,0.0,0.6,0.0021278112754879,1.0,0.6817022598787833,0.0,0.0,0.0,,,,,,0.0,,,,,437.3569380259141,4664.8916015625,,,,,,,,,,
963,1,963.0,0.0,32.0,32.0,0.1885332344099879,0.0,74.0,0.0,0.0,0.0,0.0,0.0,0.0,0.0,0.0,0.0,0.6,0.0021278112754879,1.0,0.6854464905148528,0.0,0.0,0.0,,,,,,0.0,,,,,432.8280899208039,4666.8134765625,,,,,,,,,,
964,1,964.0,0.0,32.0,32.0,0.2081464544171467,0.0,74.0,0.0,0.0,0.0,0.0,0.0,0.0,0.0,0.0,0.0,0.6,0.0021278112754879,1.0,0.6817212800428686,0.0,0.0,0.0,,,,,,0.0,,,,,437.49711010605097,4672.1572265625,,,,,,,,,,
965,1,965.0,0.0,32.0,32.0,0.2126507880166173,0.0,74.0,0.0,0.0,0.0,0.0,0.0,0.0,0.0,0.0,0.0,0.6,0.0021278112754879,1.0,0.6857288022968343,0.0,0.0,0.0,,,,,,0.0,,,,,428.3888950012624,4671.2353515625,,,,,,,,,,
966,1,966.0,0.0,32.0,32.0,0.1424720676150173,0.0,74.0,0.0,0.0,0.0,0.0,0.0,0.0,0.0,0.0,0.0,0.6,0.0021278112754879,1.0,0.6854758816298251,0.0,0.0,0.0,,,,,,0.0,,,,,441.64377404376864,4668.1572265625,,,,,,,,,,
967,1,967.0,0.0,32.0,32.0,0.1459739978890866,0.0,74.0,0.0,0.0,0.0,0.0,0.0,0.0,0.0,0.0,0.0,0.6,0.0021278112754879,1.0,0.6864272610884281,0.0,0.0,0.0,,,,,,0.0,,,,,433.5862789303064,4671.2353515625,,,,,,,,,,
968,1,968.0,0.0,32.0,32.0,0.079833930474706,0.0,74.0,0.0,0.0,0.0,0.0,0.0,0.0,0.0,0.0,0.0,0.6,0.0021278112754879,1.0,0.6877465785322109,0.0,0.0,0.0,,,,,,0.0,,,,,438.7495110277087,4675.8837890625,,,,,,,,,,
969,1,969.0,0.0,32.0,32.0,0.0452978331595659,0.0,74.0,0.0,0.0,0.0,0.0,0.0,0.0,0.0,0.0,0.0,0.6,0.0021278112754879,1.0,0.6868834067806526,0.0,0.0,0.0,,,,,,0.0,,,,,429.8390420153737,4672.7353515625,,,,,,,,,,
970,1,970.0,0.0,32.0,32.0,0.1776352610322646,0.0,74.0,0.0,0.0,0.0,0.0,0.0,0.0,0.0,0.0,0.0,0.6,0.0021278112754879,1.0,0.6879309008909288,0.0,0.0,0.0,,,,,,0.0,,,,,433.35370696149766,4671.4228515625,,,,,,,,,,
971,1,971.0,0.0,32.0,32.0,0.1948607310187071,0.0,74.0,0.0,0.0,0.0,0.0,0.0,0.0,0.0,0.0,0.0,0.6,0.0021278112754879,1.0,0.6846232004862655,0.0,0.0,0.0,,,,,,0.0,,,,,512.0519569609314,4680.5556640625,,,,,,,,,,
972,1,972.0,0.0,32.0,32.0,0.2627579993568361,0.0,74.0,0.0,0.0,0.0,0.0,0.0,0.0,0.0,0.0,0.0,0.6,0.0021278112754879,1.0,0.6811030594430728,0.0,0.0,0.0,,,,,,0.0,,,,,431.2844739761204,4664.8916015625,,,,,,,,,,
973,1,973.0,0.0,32.0,32.0,0.1746048473287373,0.0,74.0,0.0,0.0,0.0,0.0,0.0,0.0,0.0,0.0,0.0,0.6,0.0021278112754879,1.0,0.6835932236493428,0.0,0.0,0.0,,,,,,0.0,,,,,436.21491093654186,4669.0634765625,,,,,,,,,,
974,1,974.0,0.0,32.0,32.0,0.1275112340226769,0.0,74.0,0.0,0.0,0.0,0.0,0.0,0.0,0.0,0.0,0.0,0.6,0.0021278112754879,1.0,0.686904790243252,0.0,0.0,0.0,,,,,,0.0,,,,,426.06304900255054,4669.0634765625,,,,,,,,,,
975,1,975.0,0.0,32.0,32.0,0.093175881775096,0.0,74.0,0.0,0.0,0.0,0.0,0.0,0.0,0.0,0.0,0.0,0.6,0.0021278112754879,1.0,0.6833904643965756,0.0,0.0,0.0,,,,,,0.0,,,,,434.7858490655199,4666.8134765625,,,,,,,,,,
976,1,976.0,0.0,32.0,32.0,0.0335404670331627,5.0,74.0,0.0675675675675675,1.0,4.0,0.2,0.8,0.1526093990756585,0.1473675670169708,0.1539198570903304,0.0,0.6,0.0021278112754879,0.9999999997669572,0.684602691089369,1.502853232063153e-09,1.0,4.0,0.6,4.0,1.0,0.721928066033462,0.5004024035381882,2.0,0.5138329661756552,0.000495498010423,0.4997522509947885,-0.0052305660623918,427.4060199968517,4667.6259765625,,,,,,,,,,
977,1,977.0,0.0,32.0,32.0,0.2402410993236117,0.0,74.0,0.0,0.0,0.0,0.0,0.0,0.0,0.0,0.0,0.0,0.6,0.0021278112754879,1.0,0.6876705205538,0.0,0.0,0.0,,,,,,0.0,,,,,434.953712974675,4677.2822265625,,,,,,,,,,
978,1,978.0,0.0,32.0,32.0,0.1758744561229832,0.0,74.0,0.0,0.0,0.0,0.0,0.0,0.0,0.0,0.0,0.0,0.6,0.0021278112754879,1.0,0.6875481917385153,0.0,0.0,0.0,,,,,,0.0,,,,,425.2067400375381,4672.1572265625,,,,,,,,,,
979,1,979.0,0.0,32.0,32.0,0.2146288296207785,0.0,74.0,0.0,0.0,0.0,0.0,0.0,0.0,0.0,0.0,0.0,0.6,0.0021278112754879,1.0,0.6795245890449199,0.0,0.0,0.0,,,,,,0.0,,,,,431.1799000715837,4668.7041015625,,,,,,,,,,
980,1,980.0,0.0,32.0,32.0,0.3164300920907408,0.0,74.0,0.0,0.0,0.0,0.0,0.0,0.0,0.0,0.0,0.0,0.6,0.0021278112754879,1.0,0.6920532310797197,0.0,0.0,0.0,,,,,,0.0,,,,,430.7737710187212,4667.9384765625,,,,,,,,,,
981,1,981.0,0.0,32.0,32.0,0.0724126900313422,0.0,74.0,0.0,0.0,0.0,0.0,0.0,0.0,0.0,0.0,0.0,0.6,0.0021278112754879,1.0,0.6847383407558867,0.0,0.0,0.0,,,,,,0.0,,,,,435.1974930614233,4667.6259765625,,,,,,,,,,
982,1,982.0,0.0,32.0,32.0,0.0944303498836234,0.0,74.0,0.0,0.0,0.0,0.0,0.0,0.0,0.0,0.0,0.0,0.6,0.0021278112754879,1.0,0.6894460556837373,0.0,0.0,0.0,,,,,,0.0,,,,,427.0117630949244,4676.2509765625,,,,,,,,,,
983,1,983.0,0.0,32.0,32.0,0.0344790784874931,0.0,74.0,0.0,0.0,0.0,0.0,0.0,0.0,0.0,0.0,0.0,0.6,0.0021278112754879,1.0,0.6851779678390224,0.0,0.0,0.0,,,,,,0.0,,,,,429.62476308457553,4667.9384765625,,,,,,,,,,
984,1,984.0,0.0,32.0,32.0,0.1565080736763775,0.0,74.0,0.0,0.0,0.0,0.0,0.0,0.0,0.0,0.0,0.0,0.6,0.0021278112754879,1.0,0.6893620209479301,0.0,0.0,0.0,,,,,,0.0,,,,,427.6173789985478,4676.4775390625,,,,,,,,,,
985,1,985.0,0.0,32.0,32.0,0.0886965747922658,0.0,74.0,0.0,0.0,0.0,0.0,0.0,0.0,0.0,0.0,0.0,0.6,0.0021278112754879,1.0,0.6864774624267768,0.0,0.0,0.0,,,,,,0.0,,,,,434.0993610676378,4671.4228515625,,,,,,,,,,
986,1,986.0,0.0,32.0,32.0,0.3484802192542702,0.0,74.0,0.0,0.0,0.0,0.0,0.0,0.0,0.0,0.0,0.0,0.6,0.0021278112754879,1.0,0.6882857124992854,0.0,0.0,0.0,,,,,,0.0,,,,,425.7783900247887,4672.7353515625,,,,,,,,,,
987,1,987.0,0.0,32.0,32.0,0.1766477377386763,0.0,74.0,0.0,0.0,0.0,0.0,0.0,0.0,0.0,0.0,0.0,0.6,0.0021278112754879,1.0,0.683310707025195,0.0,0.0,0.0,,,,,,0.0,,,,,429.0524950483814,4677.2822265625,,,,,,,,,,
988,1,988.0,0.0,32.0,32.0,0.0302049846504814,0.0,74.0,0.0,0.0,0.0,0.0,0.0,0.0,0.0,0.0,0.0,0.6,0.0021278112754879,1.0,0.6866339918540183,0.0,0.0,0.0,,,,,,0.0,,,,,429.31226501241326,4680.5556640625,,,,,,,,,,
989,1,989.0,0.0,32.0,32.0,0.1152742918347939,0.0,74.0,0.0,0.0,0.0,0.0,0.0,0.0,0.0,0.0,0.0,0.6,0.0021278112754879,1.0,0.684982604798693,0.0,0.0,0.0,,,,,,0.0,,,,,435.02754101064056,4671.2353515625,,,,,,,,,,
990,1,990.0,0.0,32.0,32.0,0.3200403753435239,0.0,74.0,0.0,0.0,0.0,0.0,0.0,0.0,0.0,0.0,0.0,0.6,0.0021278112754879,1.0,0.6841665965928642,0.0,0.0,0.0,,,,,,0.0,,,,,427.9276530724019,4664.0322265625,,,,,,,,,,
991,1,991.0,0.0,32.0,32.0,0.303414675174281,0.0,74.0,0.0,0.0,0.0,0.0,0.0,0.0,0.0,0.0,0.0,0.6,0.0021278112754879,1.0,0.6827974635378807,0.0,0.0,0.0,,,,,,0.0,,,,,431.3695830060169,4668.5166015625,,,,,,,,,,
992,1,992.0,0.0,32.0,32.0,0.3556824629195034,0.0,74.0,0.0,0.0,0.0,0.0,0.0,0.0,0.0,0.0,0.0,0.6,0.0021278112754879,1.0,0.6865422067438895,0.0,0.0,0.0,,,,,,0.0,,,,,426.3091179309413,4664.8916015625,,,,,,,,,,
993,1,993.0,0.0,32.0,32.0,0.0887416899204254,0.0,74.0,0.0,0.0,0.0,0.0,0.0,0.0,0.0,0.0,0.0,0.6,0.0021278112754879,1.0,0.6819879522243546,0.0,0.0,0.0,,,,,,0.0,,,,,433.17097797989845,4671.0009765625,,,,,,,,,,
994,1,994.0,0.0,32.0,32.0,0.211368185817264,0.0,74.0,0.0,0.0,0.0,0.0,0.0,0.0,0.0,0.0,0.0,0.6,0.0021278112754879,1.0,0.6850743265815106,0.0,0.0,0.0,,,,,,0.0,,,,,427.9296970926225,4671.2353515625,,,,,,,,,,
995,1,995.0,0.0,32.0,32.0,0.1319161416613496,0.0,74.0,0.0,0.0,0.0,0.0,0.0,0.0,0.0,0.0,0.0,0.6,0.0021278112754879,1.0,0.6876362367947387,0.0,0.0,0.0,,,,,,0.0,,,,,431.900191004388,4671.2353515625,,,,,,,,,,
996,1,996.0,0.0,32.0,32.0,0.0729559018509462,0.0,74.0,0.0,0.0,0.0,0.0,0.0,0.0,0.0,0.0,0.0,0.6,0.0021278112754879,1.0,0.6839234022197083,0.0,0.0,0.0,,,,,,0.0,,,,,420.1569160213694,4667.6259765625,,,,,,,,,,
997,1,997.0,0.0,32.0,32.0,0.0328585864044725,13.0,74.0,0.1756756756756756,5.0,8.0,0.3846153846153846,0.6153846153846154,0.1505501812273387,0.1470554290016874,0.1527344013683708,0.0,0.6,0.0021278112754879,1.0000000000130462,0.6801019846001304,2.2386911557832587e-09,5.0,8.0,0.2307692307692307,1.6,1.0,0.9612365758689752,0.6662784224146762,2.0,0.5105869013112982,-0.0001243659862666,0.5000621829931333,-0.00938917936284,442.9289350518957,4676.4775390625,,,,,,,,,,
998,1,998.0,0.0,32.0,32.0,0.1913092531030997,0.0,74.0,0.0,0.0,0.0,0.0,0.0,0.0,0.0,0.0,0.0,0.6,0.0021278112754879,1.0,0.6909793429979517,0.0,0.0,0.0,,,,,,0.0,,,,,426.3364999787882,4672.7353515625,,,,,,,,,,
999,1,999.0,0.0,32.0,32.0,0.2409617266384884,0.0,74.0,0.0,0.0,0.0,0.0,0.0,0.0,0.0,0.0,0.0,0.6,0.0021278112754879,1.0,0.6847137807511795,0.0,0.0,0.0,,,,,,0.0,,,,,434.4167080707848,4668.1572265625,,,,,,,,,,
1000,1,1000.0,0.0,32.0,32.0,0.4243324473500252,0.0,74.0,0.0,0.0,0.0,0.0,0.0,0.0,0.0,0.0,0.0,0.6,0.0021278112754879,1.0,0.686248980709177,0.0,0.0,0.0,,,,,,0.0,,,,,420.5721570178866,4667.9384765625,,,,,,,,,,
1001,1,1001.0,0.0,32.0,32.0,0.0443930038018152,0.0,74.0,0.0,0.0,0.0,0.0,0.0,0.0,0.0,0.0,0.0,0.6,0.0021278112754879,1.0,0.6868333743372711,0.0,0.0,0.0,,,,,,0.0,,,,,441.0514689516276,4667.1728515625,,,,,,,,,,
1002,1,1002.0,0.0,32.0,32.0,0.3708166480064392,0.0,74.0,0.0,0.0,0.0,0.0,0.0,0.0,0.0,0.0,0.0,0.6,0.0021278112754879,1.0,0.6888354264177634,0.0,0.0,0.0,,,,,,0.0,,,,,428.2526029273868,4668.0009765625,,,,,,,,,,
1003,1,1003.0,0.0,32.0,32.0,0.2507415090221911,0.0,74.0,0.0,0.0,0.0,0.0,0.0,0.0,0.0,0.0,0.0,0.6,0.0021278112754879,1.0,0.690641599587274,0.0,0.0,0.0,,,,,,0.0,,,,,435.2794659789652,4675.8837890625,,,,,,,,,,
1004,1,1004.0,0.0,32.0,32.0,0.2094822847284376,0.0,74.0,0.0,0.0,0.0,0.0,0.0,0.0,0.0,0.0,0.0,0.6,0.0021278112754879,1.0,0.6885328627754551,0.0,0.0,0.0,,,,,,0.0,,,,,423.8405299838632,4676.4775390625,,,,,,,,,,
1005,1,1005.0,0.0,32.0,32.0,0.4105195309966802,0.0,74.0,0.0,0.0,0.0,0.0,0.0,0.0,0.0,0.0,0.0,0.6,0.0021278112754879,1.0,0.6902208853944909,0.0,0.0,0.0,,,,,,0.0,,,,,437.9921859363094,4667.1728515625,,,,,,,,,,
1006,1,1006.0,0.0,32.0,32.0,0.1041569717926904,0.0,74.0,0.0,0.0,0.0,0.0,0.0,0.0,0.0,0.0,0.0,0.6,0.0021278112754879,1.0,0.6876321598379281,0.0,0.0,0.0,,,,,,0.0,,,,,425.3909600665793,4661.1884765625,,,,,,,,,,
1007,1,1007.0,0.0,32.0,32.0,0.1133684716187417,0.0,74.0,0.0,0.0,0.0,0.0,0.0,0.0,0.0,0.0,0.0,0.6,0.0021278112754879,1.0,0.6864866237691428,0.0,0.0,0.0,,,,,,0.0,,,,,433.8330919854343,4672.1572265625,,,,,,,,,,
1008,1,1008.0,0.0,32.0,32.0,0.2080023295711726,0.0,74.0,0.0,0.0,0.0,0.0,0.0,0.0,0.0,0.0,0.0,0.6,0.0021278112754879,1.0,0.6883862849154362,0.0,0.0,0.0,,,,,,0.0,,,,,424.2202329915017,4668.4384765625,,,,,,,,,,
1009,1,1009.0,0.0,32.0,32.0,0.1897143648238852,0.0,74.0,0.0,0.0,0.0,0.0,0.0,0.0,0.0,0.0,0.0,0.6,0.0021278112754879,1.0,0.6860093971551715,0.0,0.0,0.0,,,,,,0.0,,,,,428.8692090194672,4671.4228515625,,,,,,,,,,
1010,1,1010.0,0.0,32.0,32.0,0.1844805154250934,0.0,74.0,0.0,0.0,0.0,0.0,0.0,0.0,0.0,0.0,0.0,0.6,0.0021278112754879,1.0,0.6911876407731087,0.0,0.0,0.0,,,,,,0.0,,,,,428.9869600906968,4666.8134765625,,,,,,,,,,
1011,1,1011.0,0.0,32.0,32.0,0.116799006704241,0.0,74.0,0.0,0.0,0.0,0.0,0.0,0.0,0.0,0.0,0.0,0.6,0.0021278112754879,1.0,0.6823497050334189,0.0,0.0,0.0,,,,,,0.0,,,,,431.9684349466115,4671.0009765625,,,,,,,,,,
1012,1,1012.0,0.0,32.0,32.0,0.1180136133916676,0.0,74.0,0.0,0.0,0.0,0.0,0.0,0.0,0.0,0.0,0.0,0.6,0.0021278112754879,1.0,0.6855992766709231,0.0,0.0,0.0,,,,,,0.0,,,,,423.3912730123848,4667.7197265625,,,,,,,,,,
1013,1,1013.0,0.0,32.0,32.0,0.0959025552729144,0.0,74.0,0.0,0.0,0.0,0.0,0.0,0.0,0.0,0.0,0.0,0.6,0.0021278112754879,1.0,0.6822238771446056,0.0,0.0,0.0,,,,,,0.0,,,,,428.0951350228861,4661.1884765625,,,,,,,,,,
1014,1,1014.0,0.0,32.0,32.0,0.1249379735672846,0.0,74.0,0.0,0.0,0.0,0.0,0.0,0.0,0.0,0.0,0.0,0.6,0.0021278112754879,1.0,0.6865975441746643,0.0,0.0,0.0,,,,,,0.0,,,,,428.4794949926436,4680.5556640625,,,,,,,,,,
1015,1,1015.0,0.0,32.0,32.0,0.2531146582914516,0.0,74.0,0.0,0.0,0.0,0.0,0.0,0.0,0.0,0.0,0.0,0.6,0.0021278112754879,1.0,0.6908201684919518,0.0,0.0,0.0,,,,,,0.0,,,,,439.5853109890595,4672.7353515625,,,,,,,,,,
1016,1,1016.0,0.0,32.0,32.0,0.1311762332916259,0.0,74.0,0.0,0.0,0.0,0.0,0.0,0.0,0.0,0.0,0.0,0.6,0.0021278112754879,1.0,0.6881122762552337,0.0,0.0,0.0,,,,,,0.0,,,,,430.5643560364842,4664.8916015625,,,,,,,,,,
1017,1,1017.0,0.0,32.0,32.0,0.1768182733794674,0.0,74.0,0.0,0.0,0.0,0.0,0.0,0.0,0.0,0.0,0.0,0.6,0.0021278112754879,1.0,0.6863924638978588,0.0,0.0,0.0,,,,,,0.0,,,,,429.9947730032727,4667.6259765625,,,,,,,,,,
1018,1,1018.0,0.0,32.0,32.0,0.2026798515580594,0.0,74.0,0.0,0.0,0.0,0.0,0.0,0.0,0.0,0.0,0.0,0.6,0.0021278112754879,1.0,0.6845654020936909,0.0,0.0,0.0,,,,,,0.0,,,,,427.3398739751429,4664.6572265625,,,,,,,,,,
1019,1,1019.0,0.0,32.0,32.0,0.0675787305226549,0.0,74.0,0.0,0.0,0.0,0.0,0.0,0.0,0.0,0.0,0.0,0.6,0.0021278112754879,1.0,0.6892050287101891,0.0,0.0,0.0,,,,,,0.0,,,,,441.6134149068967,4667.7197265625,,,,,,,,,,
1020,1,1020.0,0.0,32.0,32.0,0.1956546432338655,0.0,74.0,0.0,0.0,0.0,0.0,0.0,0.0,0.0,0.0,0.0,0.6,0.0021278112754879,1.0,0.6889187403190334,0.0,0.0,0.0,,,,,,0.0,,,,,427.5418269680813,4676.2509765625,,,,,,,,,,
1021,1,1021.0,0.0,32.0,32.0,0.0378208369947969,1.0,74.0,0.0135135135135135,0.0,1.0,0.0,1.0,0.1522109806850398,0.0,0.1522109806850398,0.0,0.6,0.0021278112754879,0.9999999999813718,0.6852697269774418,2.946005867932933e-09,0.0,1.0,1.0,,0.5,-1.4426950249075512e-08,-9.999999889225293e-09,1.0,0.5073699356167996,,,,434.1368060559034,4675.8837890625,,,,,,,,,,
1022,1,1022.0,0.0,32.0,32.0,0.1387468907050788,0.0,74.0,0.0,0.0,0.0,0.0,0.0,0.0,0.0,0.0,0.0,0.6,0.0021278112754879,1.0,0.6867124687388751,0.0,0.0,0.0,,,,,,0.0,,,,,425.753029063344,4661.1884765625,,,,,,,,,,
1023,1,1023.0,0.0,32.0,32.0,0.3429313028464094,0.0,74.0,0.0,0.0,0.0,0.0,0.0,0.0,0.0,0.0,0.0,0.6,0.0021278112754879,1.0,0.6877174976883602,0.0,0.0,0.0,,,,,,0.0,,,,,437.9877810133621,4667.9384765625,,,,,,,,,,
1024,1,1024.0,0.0,32.0,32.0,0.113934836233966,0.0,74.0,0.0,0.0,0.0,0.0,0.0,0.0,0.0,0.0,0.0,0.6,0.0021278112754879,1.0,0.6848831347191374,0.0,0.0,0.0,,,,,,0.0,,,,,429.1825679829344,4668.5166015625,,,,,,,,,,
1025,1,1025.0,0.0,32.0,32.0,0.2919634105637669,0.0,74.0,0.0,0.0,0.0,0.0,0.0,0.0,0.0,0.0,0.0,0.6,0.0021278112754879,1.0,0.6904670197706041,0.0,0.0,0.0,,,,,,0.0,,,,,435.0894809467718,4668.5166015625,,,,,,,,,,
1026,1,1026.0,0.0,32.0,32.0,0.2241645308677107,0.0,74.0,0.0,0.0,0.0,0.0,0.0,0.0,0.0,0.0,0.0,0.6,0.0021278112754879,1.0,0.6866136250229748,0.0,0.0,0.0,,,,,,0.0,,,,,426.3743880437687,4668.1572265625,,,,,,,,,,
1027,1,1027.0,0.0,32.0,32.0,0.1918560460908338,0.0,74.0,0.0,0.0,0.0,0.0,0.0,0.0,0.0,0.0,0.0,0.6,0.0021278112754879,1.0,0.6843215390498378,0.0,0.0,0.0,,,,,,0.0,,,,,436.87471095472574,4676.4775390625,,,,,,,,,,
1028,1,1028.0,0.0,32.0,32.0,0.2047656349604949,0.0,74.0,0.0,0.0,0.0,0.0,0.0,0.0,0.0,0.0,0.0,0.6,0.0021278112754879,1.0,0.6830952714905699,0.0,0.0,0.0,,,,,,0.0,,,,,429.77058596443385,4667.6259765625,,,,,,,,,,
1029,1,1029.0,0.0,32.0,32.0,0.2227984244236722,0.0,74.0,0.0,0.0,0.0,0.0,0.0,0.0,0.0,0.0,0.0,0.6,0.0021278112754879,1.0,0.6873224094426333,0.0,0.0,0.0,,,,,,0.0,,,,,435.783029999584,4671.4228515625,,,,,,,,,,
1030,1,1030.0,0.0,32.0,32.0,0.1577941805589944,0.0,74.0,0.0,0.0,0.0,0.0,0.0,0.0,0.0,0.0,0.0,0.6,0.0021278112754879,1.0,0.6889082597692499,0.0,0.0,0.0,,,,,,0.0,,,,,423.18714305292815,4668.5166015625,,,,,,,,,,
1031,1,1031.0,0.0,32.0,32.0,0.1381057479884475,0.0,74.0,0.0,0.0,0.0,0.0,0.0,0.0,0.0,0.0,0.0,0.6,0.0021278112754879,1.0,0.6859374449314279,0.0,0.0,0.0,,,,,,0.0,,,,,445.4447270836681,4677.2822265625,,,,,,,,,,
1032,1,1032.0,0.0,32.0,32.0,0.2250485068652779,0.0,74.0,0.0,0.0,0.0,0.0,0.0,0.0,0.0,0.0,0.0,0.6,0.0021278112754879,1.0,0.6866096149824455,0.0,0.0,0.0,,,,,,0.0,,,,,433.38805506937206,4667.7197265625,,,,,,,,,,
1033,1,1033.0,0.0,32.0,32.0,0.2596898709889501,0.0,74.0,0.0,0.0,0.0,0.0,0.0,0.0,0.0,0.0,0.0,0.6,0.0021278112754879,1.0,0.6843837626481446,0.0,0.0,0.0,,,,,,0.0,,,,,437.5263089314103,4667.6259765625,,,,,,,,,,
1034,1,1034.0,0.0,32.0,32.0,0.0340749905444681,0.0,74.0,0.0,0.0,0.0,0.0,0.0,0.0,0.0,0.0,0.0,0.6,0.0021278112754879,1.0,0.6882735138489999,0.0,0.0,0.0,,,,,,0.0,,,,,424.5719900354743,4668.5166015625,,,,,,,,,,
1035,1,1035.0,0.0,32.0,32.0,0.3670842214487493,0.0,74.0,0.0,0.0,0.0,0.0,0.0,0.0,0.0,0.0,0.0,0.6,0.0021278112754879,1.0,0.6872910246785151,0.0,0.0,0.0,,,,,,0.0,,,,,436.84305693022907,4664.4541015625,,,,,,,,,,
1036,1,1036.0,0.0,32.0,32.0,0.3431263396050781,0.0,74.0,0.0,0.0,0.0,0.0,0.0,0.0,0.0,0.0,0.0,0.6,0.0021278112754879,1.0,0.6899524662457738,0.0,0.0,0.0,,,,,,0.0,,,,,430.3053149487823,4668.0009765625,,,,,,,,,,
1037,1,1037.0,0.0,32.0,32.0,0.2235792824067175,0.0,74.0,0.0,0.0,0.0,0.0,0.0,0.0,0.0,0.0,0.0,0.6,0.0021278112754879,1.0,0.6868246176117022,0.0,0.0,0.0,,,,,,0.0,,,,,436.5082089789212,4669.0634765625,,,,,,,,,,
1038,1,1038.0,0.0,32.0,32.0,0.0585408767219632,0.0,74.0,0.0,0.0,0.0,0.0,0.0,0.0,0.0,0.0,0.0,0.6,0.0021278112754879,1.0,0.6899426321249347,0.0,0.0,0.0,,,,,,0.0,,,,,426.0758929885924,4675.8837890625,,,,,,,,,,
1039,1,1039.0,0.0,32.0,32.0,0.2046049840282648,0.0,74.0,0.0,0.0,0.0,0.0,0.0,0.0,0.0,0.0,0.0,0.6,0.0021278112754879,1.0,0.6836280007150985,0.0,0.0,0.0,,,,,,0.0,,,,,434.9755879957229,4664.8916015625,,,,,,,,,,
1040,1,1040.0,0.0,32.0,32.0,0.2372669694013893,0.0,74.0,0.0,0.0,0.0,0.0,0.0,0.0,0.0,0.0,0.0,0.6,0.0021278112754879,1.0,0.686721384565538,0.0,0.0,0.0,,,,,,0.0,,,,,429.5821189880371,4669.0634765625,,,,,,,,,,
1041,1,1041.0,0.0,32.0,32.0,0.2081871489062905,0.0,74.0,0.0,0.0,0.0,0.0,0.0,0.0,0.0,0.0,0.0,0.6,0.0021278112754879,1.0,0.6856497247341748,0.0,0.0,0.0,,,,,,0.0,,,,,436.7026219842956,4669.0634765625,,,,,,,,,,
1042,1,1042.0,0.0,32.0,32.0,0.1601121693383902,0.0,74.0,0.0,0.0,0.0,0.0,0.0,0.0,0.0,0.0,0.0,0.6,0.0021278112754879,1.0,0.6843254657680434,0.0,0.0,0.0,,,,,,0.0,,,,,428.4857290331274,4676.2509765625,,,,,,,,,,
1043,1,1043.0,0.0,32.0,32.0,0.1215418835636228,0.0,74.0,0.0,0.0,0.0,0.0,0.0,0.0,0.0,0.0,0.0,0.6,0.0021278112754879,1.0,0.6886462682987564,0.0,0.0,0.0,,,,,,0.0,,,,,430.7615190045908,4677.2822265625,,,,,,,,,,
1044,1,1044.0,0.0,32.0,32.0,0.2782127535901963,0.0,74.0,0.0,0.0,0.0,0.0,0.0,0.0,0.0,0.0,0.0,0.6,0.0021278112754879,1.0,0.6902288837839361,0.0,0.0,0.0,,,,,,0.0,,,,,430.52594806067646,4671.4228515625,,,,,,,,,,
1045,1,1045.0,0.0,32.0,32.0,0.2771402364596724,0.0,74.0,0.0,0.0,0.0,0.0,0.0,0.0,0.0,0.0,0.0,0.6,0.0021278112754879,1.0,0.6907696371615774,0.0,0.0,0.0,,,,,,0.0,,,,,439.99627500306815,4667.1728515625,,,,,,,,,,
1046,1,1046.0,0.0,32.0,32.0,0.1288189389742911,0.0,74.0,0.0,0.0,0.0,0.0,0.0,0.0,0.0,0.0,0.0,0.6,0.0021278112754879,1.0,0.6856874842982492,0.0,0.0,0.0,,,,,,0.0,,,,,505.6006949162111,4669.0634765625,,,,,,,,,,
1047,1,1047.0,0.0,32.0,32.0,0.076034661848098,0.0,74.0,0.0,0.0,0.0,0.0,0.0,0.0,0.0,0.0,0.0,0.6,0.0021278112754879,1.0,0.6917853112315733,0.0,0.0,0.0,,,,,,0.0,,,,,427.3454380454496,4668.5166015625,,,,,,,,,,
1048,1,1048.0,0.0,32.0,32.0,0.0890563877765089,0.0,74.0,0.0,0.0,0.0,0.0,0.0,0.0,0.0,0.0,0.0,0.6,0.0021278112754879,1.0,0.6891768180865836,0.0,0.0,0.0,,,,,,0.0,,,,,430.9116730000824,4667.6259765625,,,,,,,,,,
1049,1,1049.0,0.0,32.0,32.0,0.2714929357171058,0.0,74.0,0.0,0.0,0.0,0.0,0.0,0.0,0.0,0.0,0.0,0.6,0.0021278112754879,1.0,0.6890660599307167,0.0,0.0,0.0,,,,,,0.0,,,,,426.1880429694429,4669.0634765625,,,,,,,,,,
1050,1,1050.0,0.0,32.0,32.0,0.1998124341480434,0.0,74.0,0.0,0.0,0.0,0.0,0.0,0.0,0.0,0.0,0.0,0.6,0.0021278112754879,1.0,0.6858960354897033,0.0,0.0,0.0,,,,,,0.0,,,,,438.2852119160816,4680.5556640625,,,,,,,,,,
1051,1,1051.0,0.0,32.0,32.0,0.1644871295429766,0.0,74.0,0.0,0.0,0.0,0.0,0.0,0.0,0.0,0.0,0.0,0.6,0.0021278112754879,1.0,0.6899452014517611,0.0,0.0,0.0,,,,,,0.0,,,,,428.6006910260767,4661.1884765625,,,,,,,,,,
1052,1,1052.0,0.0,32.0,32.0,0.1202000731136649,0.0,74.0,0.0,0.0,0.0,0.0,0.0,0.0,0.0,0.0,0.0,0.6,0.0021278112754879,1.0,0.6723803444916908,0.0,0.0,0.0,,,,,,0.0,,,,,433.12614504247904,4667.9384765625,,,,,,,,,,
1053,1,1053.0,0.0,32.0,32.0,0.1680588852614164,0.0,74.0,0.0,0.0,0.0,0.0,0.0,0.0,0.0,0.0,0.0,0.6,0.0021278112754879,1.0,0.6872175559077964,0.0,0.0,0.0,,,,,,0.0,,,,,433.13793698325753,4667.9384765625,,,,,,,,,,
1054,1,1054.0,0.0,32.0,32.0,0.1033779967110604,0.0,74.0,0.0,0.0,0.0,0.0,0.0,0.0,0.0,0.0,0.0,0.6,0.0021278112754879,1.0,0.6890582404809196,0.0,0.0,0.0,,,,,,0.0,,,,,439.40683198161423,4667.9384765625,,,,,,,,,,
1055,1,1055.0,0.0,32.0,32.0,0.2674226304516196,0.0,74.0,0.0,0.0,0.0,0.0,0.0,0.0,0.0,0.0,0.0,0.6,0.0021278112754879,1.0,0.68587125847604,0.0,0.0,0.0,,,,,,0.0,,,,,430.10544404387474,4672.1572265625,,,,,,,,,,
1056,1,1056.0,0.0,32.0,32.0,0.0935420964378863,0.0,74.0,0.0,0.0,0.0,0.0,0.0,0.0,0.0,0.0,0.0,0.6,0.0021278112754879,1.0,0.6923518957968893,0.0,0.0,0.0,,,,,,0.0,,,,,436.10209599137306,4677.2822265625,,,,,,,,,,
1057,1,1057.0,0.0,32.0,32.0,0.2934542201692238,0.0,74.0,0.0,0.0,0.0,0.0,0.0,0.0,0.0,0.0,0.0,0.6,0.0021278112754879,1.0,0.6902466441897284,0.0,0.0,0.0,,,,,,0.0,,,,,427.87291505374014,4667.7197265625,,,,,,,,,,
1058,1,1058.0,0.0,32.0,32.0,0.2087641143007204,0.0,74.0,0.0,0.0,0.0,0.0,0.0,0.0,0.0,0.0,0.0,0.6,0.0021278112754879,1.0,0.6865157254172318,0.0,0.0,0.0,,,,,,0.0,,,,,437.8347680903971,4672.1572265625,,,,,,,,,,
1059,1,1059.0,0.0,32.0,32.0,0.2465903211850673,0.0,74.0,0.0,0.0,0.0,0.0,0.0,0.0,0.0,0.0,0.0,0.6,0.0021278112754879,1.0,0.6889678078946616,0.0,0.0,0.0,,,,,,0.0,,,,,428.56529902201146,4677.2822265625,,,,,,,,,,
1060,1,1060.0,0.0,32.0,32.0,0.3131618092302233,0.0,74.0,0.0,0.0,0.0,0.0,0.0,0.0,0.0,0.0,0.0,0.6,0.0021278112754879,1.0,0.6890449769127817,0.0,0.0,0.0,,,,,,0.0,,,,,435.8786280499771,4667.6259765625,,,,,,,,,,
1061,1,1061.0,0.0,32.0,32.0,0.6259200854692608,0.0,74.0,0.0,0.0,0.0,0.0,0.0,0.0,0.0,0.0,0.0,0.6,0.0021278112754879,1.0,0.6900064842470734,0.0,0.0,0.0,,,,,,0.0,,,,,424.14891603402793,4672.1572265625,,,,,,,,,,
1062,1,1062.0,0.0,32.0,32.0,0.1569787051994353,0.0,74.0,0.0,0.0,0.0,0.0,0.0,0.0,0.0,0.0,0.0,0.6,0.0021278112754879,1.0,0.68653963698158,0.0,0.0,0.0,,,,,,0.0,,,,,439.0068969223648,4664.4541015625,,,,,,,,,,
1063,1,1063.0,0.0,32.0,32.0,0.1123034378979355,0.0,74.0,0.0,0.0,0.0,0.0,0.0,0.0,0.0,0.0,0.0,0.6,0.0021278112754879,1.0,0.6846069673089711,0.0,0.0,0.0,,,,,,0.0,,,,,427.4022339377552,4661.1884765625,,,,,,,,,,
1064,1,1064.0,0.0,32.0,32.0,0.2867668303661048,0.0,74.0,0.0,0.0,0.0,0.0,0.0,0.0,0.0,0.0,0.0,0.6,0.0021278112754879,1.0,0.6884553039686361,0.0,0.0,0.0,,,,,,0.0,,,,,434.3360320199281,4672.7353515625,,,,,,,,,,
1065,1,1065.0,0.0,32.0,32.0,0.2603863093536347,0.0,74.0,0.0,0.0,0.0,0.0,0.0,0.0,0.0,0.0,0.0,0.6,0.0021278112754879,1.0,0.6856217271806304,0.0,0.0,0.0,,,,,,0.0,,,,,425.16482598148286,4672.7353515625,,,,,,,,,,
1066,1,1066.0,0.0,32.0,32.0,0.1177394376136362,0.0,74.0,0.0,0.0,0.0,0.0,0.0,0.0,0.0,0.0,0.0,0.6,0.0021278112754879,1.0,0.6856034713761042,0.0,0.0,0.0,,,,,,0.0,,,,,439.513361081481,4669.0634765625,,,,,,,,,,
1067,1,1067.0,0.0,32.0,32.0,0.0906067544128745,0.0,74.0,0.0,0.0,0.0,0.0,0.0,0.0,0.0,0.0,0.0,0.6,0.0021278112754879,1.0,0.6869387255700912,0.0,0.0,0.0,,,,,,0.0,,,,,428.3944860799238,4667.9384765625,,,,,,,,,,
1068,1,1068.0,0.0,32.0,32.0,0.3769059502519667,0.0,74.0,0.0,0.0,0.0,0.0,0.0,0.0,0.0,0.0,0.0,0.6,0.0021278112754879,1.0,0.6859190548020878,0.0,0.0,0.0,,,,,,0.0,,,,,440.38685399573296,4667.4072265625,,,,,,,,,,
1069,1,1069.0,0.0,32.0,32.0,0.1956092780455947,0.0,74.0,0.0,0.0,0.0,0.0,0.0,0.0,0.0,0.0,0.0,0.6,0.0021278112754879,1.0,0.6830085815169831,0.0,0.0,0.0,,,,,,0.0,,,,,424.4486780371517,4672.1572265625,,,,,,,,,,
1070,1,1070.0,0.0,32.0,32.0,0.2258708898443728,0.0,74.0,0.0,0.0,0.0,0.0,0.0,0.0,0.0,0.0,0.0,0.6,0.0021278112754879,1.0,0.6874432018149499,0.0,0.0,0.0,,,,,,0.0,,,,,437.5716160284355,4666.8134765625,,,,,,,,,,
1071,1,1071.0,0.0,32.0,32.0,0.1521540945395827,0.0,74.0,0.0,0.0,0.0,0.0,0.0,0.0,0.0,0.0,0.0,0.6,0.0021278112754879,1.0,0.6926729315938958,0.0,0.0,0.0,,,,,,0.0,,,,,428.7785909837112,4671.2353515625,,,,,,,,,,
1072,1,1072.0,0.0,32.0,32.0,0.1528235697187483,0.0,74.0,0.0,0.0,0.0,0.0,0.0,0.0,0.0,0.0,0.0,0.6,0.0021278112754879,1.0,0.6861259254843727,0.0,0.0,0.0,,,,,,0.0,,,,,439.8263701004908,4666.8134765625,,,,,,,,,,
1073,1,1073.0,0.0,32.0,32.0,0.1728797842515632,0.0,74.0,0.0,0.0,0.0,0.0,0.0,0.0,0.0,0.0,0.0,0.6,0.0021278112754879,1.0,0.6846459807673873,0.0,0.0,0.0,,,,,,0.0,,,,,424.5859959628433,4671.2353515625,,,,,,,,,,
1074,1,1074.0,0.0,32.0,32.0,0.2163046854548156,0.0,74.0,0.0,0.0,0.0,0.0,0.0,0.0,0.0,0.0,0.0,0.6,0.0021278112754879,1.0,0.6978210696585256,0.0,0.0,0.0,,,,,,0.0,,,,,435.9779289225117,4668.0009765625,,,,,,,,,,
1075,1,1075.0,0.0,32.0,32.0,0.1401907296385616,0.0,74.0,0.0,0.0,0.0,0.0,0.0,0.0,0.0,0.0,0.0,0.6,0.0021278112754879,1.0,0.6925761490593632,0.0,0.0,0.0,,,,,,0.0,,,,,429.7284430358559,4667.9384765625,,,,,,,,,,
1076,1,1076.0,0.0,32.0,32.0,0.1040563323767855,0.0,74.0,0.0,0.0,0.0,0.0,0.0,0.0,0.0,0.0,0.0,0.6,0.0021278112754879,1.0,0.6865626855101887,0.0,0.0,0.0,,,,,,0.0,,,,,438.3802430238575,4677.2822265625,,,,,,,,,,
1077,1,1077.0,0.0,32.0,32.0,0.2925429842434823,0.0,74.0,0.0,0.0,0.0,0.0,0.0,0.0,0.0,0.0,0.0,0.6,0.0021278112754879,1.0,0.6839748949875388,0.0,0.0,0.0,,,,,,0.0,,,,,429.9443670315668,4667.4072265625,,,,,,,,,,
1078,1,1078.0,0.0,32.0,32.0,0.0222854090388864,23.0,74.0,0.3108108108108108,6.0,17.0,0.2608695652173913,0.7391304347826086,0.1502302001967606,0.1460292348513089,0.1517128938480965,0.0,0.6,0.0021278112754879,0.9999999998446786,0.6916540168659633,2.0556371966866118e-11,6.0,17.0,0.4782608695652174,2.833333333333333,1.0,0.8280556965256035,0.5739644713933237,2.0,0.5079996825560495,-0.0016475629679505,0.5008237814839752,-0.0037251907127872,452.61011202819645,4719.0048828125,,,,,,,,,,
1079,1,1079.0,0.0,32.0,32.0,0.0732516022399067,0.0,74.0,0.0,0.0,0.0,0.0,0.0,0.0,0.0,0.0,0.0,0.6,0.0021278112754879,1.0,0.6831182548333568,0.0,0.0,0.0,,,,,,0.0,,,,,424.9826830346137,4668.5166015625,,,,,,,,,,
1080,1,1080.0,0.0,32.0,32.0,0.0423691481119021,1.0,74.0,0.0135135135135135,0.0,1.0,0.0,1.0,0.1490539160817923,0.0,0.1490539160817923,0.0,0.6,0.0021278112754879,0.9999999999800862,0.6853781773923093,-6.904931187634276e-10,0.0,1.0,1.0,,0.5,-1.4426950249075512e-08,-9.999999889225293e-09,1.0,0.5031536130606923,,,,441.1451750202104,4667.7197265625,,,,,,,,,,
1081,1,1081.0,0.0,32.0,32.0,0.069581480231136,0.0,74.0,0.0,0.0,0.0,0.0,0.0,0.0,0.0,0.0,0.0,0.6,0.0021278112754879,1.0,0.6851828501498474,0.0,0.0,0.0,,,,,,0.0,,,,,427.99197195563465,4669.0634765625,,,,,,,,,,
1082,1,1082.0,0.0,32.0,32.0,0.0377973929280415,0.0,74.0,0.0,0.0,0.0,0.0,0.0,0.0,0.0,0.0,0.0,0.6,0.0021278112754879,1.0,0.6859115072298697,0.0,0.0,0.0,,,,,,0.0,,,,,432.87448794581,4672.1572265625,,,,,,,,,,
1083,1,1083.0,0.0,32.0,32.0,0.1901639512507245,0.0,74.0,0.0,0.0,0.0,0.0,0.0,0.0,0.0,0.0,0.0,0.6,0.0021278112754879,1.0,0.6857099437176769,0.0,0.0,0.0,,,,,,0.0,,,,,425.5515729309991,4677.2822265625,,,,,,,,,,
1084,1,1084.0,0.0,32.0,32.0,0.0210339725017547,2.0,74.0,0.027027027027027,1.0,1.0,0.5,0.5,0.1480621563592964,0.1467806132302676,0.1493436994883253,0.0,0.6,0.0021278112754879,1.0,0.6857772139949732,7.968582160488824e-10,1.0,1.0,0.0,1.0,1.0,0.9999999711460994,0.6931471605599454,2.0,0.5064594788023451,,,-0.0001757279585844,437.10612098220736,4677.2822265625,,,,,,,,,,
1085,1,1085.0,0.0,32.0,32.0,0.2347340382984839,0.0,74.0,0.0,0.0,0.0,0.0,0.0,0.0,0.0,0.0,0.0,0.6,0.0021278112754879,1.0,0.694563470187856,0.0,0.0,0.0,,,,,,0.0,,,,,428.71330596972257,4672.7353515625,,,,,,,,,,
1086,1,1086.0,0.0,32.0,32.0,0.1768649405566975,0.0,74.0,0.0,0.0,0.0,0.0,0.0,0.0,0.0,0.0,0.0,0.6,0.0021278112754879,1.0,0.6889371809759706,0.0,0.0,0.0,,,,,,0.0,,,,,438.8380429008976,4671.2353515625,,,,,,,,,,
1087,1,1087.0,0.0,32.0,32.0,0.297325128572993,0.0,74.0,0.0,0.0,0.0,0.0,0.0,0.0,0.0,0.0,0.0,0.6,0.0021278112754879,1.0,0.6893912707194418,0.0,0.0,0.0,,,,,,0.0,,,,,423.093250952661,4669.0634765625,,,,,,,,,,
1088,1,1088.0,0.0,32.0,32.0,0.1523583965026773,0.0,74.0,0.0,0.0,0.0,0.0,0.0,0.0,0.0,0.0,0.0,0.6,0.0021278112754879,1.0,0.6846759950862038,0.0,0.0,0.0,,,,,,0.0,,,,,440.4213769594208,4683.7822265625,,,,,,,,,,
1089,1,1089.0,0.0,32.0,32.0,0.4474728989298455,0.0,74.0,0.0,0.0,0.0,0.0,0.0,0.0,0.0,0.0,0.0,0.6,0.0021278112754879,1.0,0.6889290053796502,0.0,0.0,0.0,,,,,,0.0,,,,,425.12991302646697,4668.5166015625,,,,,,,,,,
1090,1,1090.0,0.0,32.0,32.0,0.2552116059232503,0.0,74.0,0.0,0.0,0.0,0.0,0.0,0.0,0.0,0.0,0.0,0.6,0.0021278112754879,1.0,0.6869414623562193,0.0,0.0,0.0,,,,,,0.0,,,,,439.11150202620775,4669.0634765625,,,,,,,,,,
1091,1,1091.0,0.0,32.0,32.0,0.1420536941150203,0.0,74.0,0.0,0.0,0.0,0.0,0.0,0.0,0.0,0.0,0.0,0.6,0.0021278112754879,1.0,0.6908884224620997,0.0,0.0,0.0,,,,,,0.0,,,,,421.7326870420948,4677.2822265625,,,,,,,,,,
1092,1,1092.0,0.0,32.0,32.0,0.2504570354358293,0.0,74.0,0.0,0.0,0.0,0.0,0.0,0.0,0.0,0.0,0.0,0.6,0.0021278112754879,1.0,0.6854625394620859,0.0,0.0,0.0,,,,,,0.0,,,,,435.3781830286607,4661.1884765625,,,,,,,,,,
1093,1,1093.0,0.0,32.0,32.0,0.1791169618081767,0.0,74.0,0.0,0.0,0.0,0.0,0.0,0.0,0.0,0.0,0.0,0.6,0.0021278112754879,1.0,0.6859484401372193,0.0,0.0,0.0,,,,,,0.0,,,,,426.52774695307016,4667.7197265625,,,,,,,,,,
1094,1,1094.0,0.0,32.0,32.0,0.2871633790200576,7.0,74.0,0.0945945945945946,3.0,4.0,0.4285714285714285,0.5714285714285714,0.1487623389320927,0.1466909508973564,0.1503158799581449,0.0,0.6,0.0021278112754879,0.9999999999967146,0.6896118741283235,2.029253983879962e-09,3.0,4.0,0.1428571428571428,1.3333333333333333,1.0,0.9852281071803508,0.6829080847004718,2.0,0.5059867239512561,-0.0053286759066395,0.5026643379533198,-0.0003741902512929,441.2463050102815,4672.1572265625,,,,,,,,,,
1095,1,1095.0,0.0,32.0,32.0,0.1947015452606137,0.0,74.0,0.0,0.0,0.0,0.0,0.0,0.0,0.0,0.0,0.0,0.6,0.0021278112754879,1.0,0.6832058728435078,0.0,0.0,0.0,,,,,,0.0,,,,,425.2383110579103,4667.7197265625,,,,,,,,,,
1096,1,1096.0,0.0,32.0,32.0,0.1097670618910342,0.0,74.0,0.0,0.0,0.0,0.0,0.0,0.0,0.0,0.0,0.0,0.6,0.0021278112754879,1.0,0.6860494923939034,0.0,0.0,0.0,,,,,,0.0,,,,,432.89906601421535,4671.2353515625,,,,,,,,,,
1097,1,1097.0,0.0,32.0,32.0,0.2574568775016814,0.0,74.0,0.0,0.0,0.0,0.0,0.0,0.0,0.0,0.0,0.0,0.6,0.0021278112754879,1.0,0.6859644963239904,0.0,0.0,0.0,,,,,,0.0,,,,,433.2349150208756,4668.4384765625,,,,,,,,,,
1098,1,1098.0,0.0,32.0,32.0,0.1192208402790129,1.0,74.0,0.0135135135135135,0.0,1.0,0.0,1.0,0.152028029639432,0.0,0.152028029639432,0.0,0.6,0.0021278112754879,1.0,0.686894667532871,0.0,0.0,1.0,1.0,,0.5,-1.4426950249075512e-08,-9.999999889225293e-09,1.0,0.5067600987981069,,,,439.2027269350365,4668.0009765625,,,,,,,,,,
1099,1,1099.0,0.0,32.0,32.0,0.1973708624136634,0.0,74.0,0.0,0.0,0.0,0.0,0.0,0.0,0.0,0.0,0.0,0.6,0.0021278112754879,1.0,0.6830628588461092,0.0,0.0,0.0,,,,,,0.0,,,,,426.70614807866514,4667.9384765625,,,,,,,,,,
1100,1,1100.0,0.0,32.0,32.0,0.1622098945081234,0.0,74.0,0.0,0.0,0.0,0.0,0.0,0.0,0.0,0.0,0.0,0.6,0.0021278112754879,1.0,0.6884783942418111,0.0,0.0,0.0,,,,,,0.0,,,,,436.4377170568332,4667.7197265625,,,,,,,,,,
1101,1,1101.0,0.0,32.0,32.0,0.3257163433590904,0.0,74.0,0.0,0.0,0.0,0.0,0.0,0.0,0.0,0.0,0.0,0.6,0.0021278112754879,1.0,0.6896735598476218,0.0,0.0,0.0,,,,,,0.0,,,,,429.1175010148436,4667.6259765625,,,,,,,,,,
1102,1,1102.0,0.0,32.0,32.0,0.178591072326526,0.0,74.0,0.0,0.0,0.0,0.0,0.0,0.0,0.0,0.0,0.0,0.6,0.0021278112754879,1.0,0.6913296958727726,0.0,0.0,0.0,,,,,,0.0,,,,,439.27020498085767,4667.9384765625,,,,,,,,,,
1103,1,1103.0,0.0,32.0,32.0,0.1981081664562225,0.0,74.0,0.0,0.0,0.0,0.0,0.0,0.0,0.0,0.0,0.0,0.6,0.0021278112754879,1.0,0.6889004665289824,0.0,0.0,0.0,,,,,,0.0,,,,,426.9149979809299,4661.1884765625,,,,,,,,,,
1104,1,1104.0,0.0,32.0,32.0,0.2686213324777782,0.0,74.0,0.0,0.0,0.0,0.0,0.0,0.0,0.0,0.0,0.0,0.6,0.0021278112754879,1.0,0.6813357045436372,0.0,0.0,0.0,,,,,,0.0,,,,,434.66128793079406,4677.2822265625,,,,,,,,,,
1105,1,1105.0,0.0,32.0,32.0,0.1182591640390455,0.0,74.0,0.0,0.0,0.0,0.0,0.0,0.0,0.0,0.0,0.0,0.6,0.0021278112754879,1.0,0.6923630776408292,0.0,0.0,0.0,,,,,,0.0,,,,,440.4877679189667,4667.1728515625,,,,,,,,,,
1106,1,1106.0,0.0,32.0,32.0,0.3856887868605554,0.0,74.0,0.0,0.0,0.0,0.0,0.0,0.0,0.0,0.0,0.0,0.6,0.0021278112754879,1.0,0.6893914796633104,0.0,0.0,0.0,,,,,,0.0,,,,,445.1382310362533,4668.5166015625,,,,,,,,,,
1107,1,1107.0,0.0,32.0,32.0,0.0888694450259208,6.0,74.0,0.081081081081081,1.0,5.0,0.1666666666666666,0.8333333333333334,0.1503810060825494,0.1416038021426521,0.1521364468705289,0.0,0.6,0.0021278112754879,1.0000000000058684,0.6912188904587707,-8.859145003459642e-09,1.0,5.0,0.6666666666666666,5.0,1.0,0.6500223927944538,0.450561188866305,2.0,0.5114981056713866,0.0004990181187167,0.4997504909406416,-0.015085805581386,434.0352549916133,4668.7041015625,,,,,,,,,,
1108,1,1108.0,0.0,32.0,32.0,0.1202794960699975,0.0,74.0,0.0,0.0,0.0,0.0,0.0,0.0,0.0,0.0,0.0,0.6,0.0021278112754879,1.0,0.6861857979330103,0.0,0.0,0.0,,,,,,0.0,,,,,435.5288459919393,4672.1572265625,,,,,,,,,,
1109,1,1109.0,0.0,32.0,32.0,0.129598933737725,0.0,74.0,0.0,0.0,0.0,0.0,0.0,0.0,0.0,0.0,0.0,0.6,0.0021278112754879,1.0,0.6907250250905745,0.0,0.0,0.0,,,,,,0.0,,,,,422.1757869236171,4661.1884765625,,,,,,,,,,
1110,1,1110.0,0.0,32.0,32.0,0.1516654822044074,0.0,74.0,0.0,0.0,0.0,0.0,0.0,0.0,0.0,0.0,0.0,0.6,0.0021278112754879,1.0,0.6878988398759066,0.0,0.0,0.0,,,,,,0.0,,,,,439.95300703682005,4675.8837890625,,,,,,,,,,
1111,1,1111.0,0.0,32.0,32.0,0.2891014483757317,0.0,74.0,0.0,0.0,0.0,0.0,0.0,0.0,0.0,0.0,0.0,0.6,0.0021278112754879,1.0,0.6856058561265712,0.0,0.0,0.0,,,,,,0.0,,,,,431.15677405148745,4667.1728515625,,,,,,,,,,
1112,1,1112.0,0.0,32.0,32.0,0.1343561811372637,0.0,74.0,0.0,0.0,0.0,0.0,0.0,0.0,0.0,0.0,0.0,0.6,0.0021278112754879,1.0,0.6855661516078565,0.0,0.0,0.0,,,,,,0.0,,,,,435.4089479893446,4667.6259765625,,,,,,,,,,
1113,1,1113.0,0.0,32.0,32.0,0.2193237210158258,0.0,74.0,0.0,0.0,0.0,0.0,0.0,0.0,0.0,0.0,0.0,0.6,0.0021278112754879,1.0,0.6827433177661276,0.0,0.0,0.0,,,,,,0.0,,,,,423.9132109796629,4670.3134765625,,,,,,,,,,
1114,1,1114.0,0.0,32.0,32.0,0.256276442669332,0.0,74.0,0.0,0.0,0.0,0.0,0.0,0.0,0.0,0.0,0.0,0.6,0.0021278112754879,1.0,0.6870519524179043,0.0,0.0,0.0,,,,,,0.0,,,,,436.0735070658848,4661.1884765625,,,,,,,,,,
1115,1,1115.0,0.0,32.0,32.0,0.5042010559700429,0.0,74.0,0.0,0.0,0.0,0.0,0.0,0.0,0.0,0.0,0.0,0.6,0.0021278112754879,1.0,0.6913132309384648,0.0,0.0,0.0,,,,,,0.0,,,,,429.9578230129555,4671.0009765625,,,,,,,,,,
1116,1,1116.0,0.0,32.0,32.0,0.2853227448649704,0.0,74.0,0.0,0.0,0.0,0.0,0.0,0.0,0.0,0.0,0.0,0.6,0.0021278112754879,1.0,0.6878606534079205,0.0,0.0,0.0,,,,,,0.0,,,,,438.249324914068,4668.5166015625,,,,,,,,,,
1117,1,1117.0,0.0,32.0,32.0,0.1641874886117875,0.0,74.0,0.0,0.0,0.0,0.0,0.0,0.0,0.0,0.0,0.0,0.6,0.0021278112754879,1.0,0.688109685056269,0.0,0.0,0.0,,,,,,0.0,,,,,420.698398957029,4667.6259765625,,,,,,,,,,
1118,1,1118.0,0.0,32.0,32.0,0.1291726138442754,0.0,74.0,0.0,0.0,0.0,0.0,0.0,0.0,0.0,0.0,0.0,0.6,0.0021278112754879,1.0,0.6835042843866745,0.0,0.0,0.0,,,,,,0.0,,,,,435.43993902858347,4676.4775390625,,,,,,,,,,
1119,1,1119.0,0.0,32.0,32.0,0.1561235035769641,0.0,74.0,0.0,0.0,0.0,0.0,0.0,0.0,0.0,0.0,0.0,0.6,0.0021278112754879,1.0,0.6839059716007947,0.0,0.0,0.0,,,,,,0.0,,,,,429.9198630033061,4668.5166015625,,,,,,,,,,
1120,1,1120.0,0.0,32.0,32.0,0.1081597623415291,0.0,74.0,0.0,0.0,0.0,0.0,0.0,0.0,0.0,0.0,0.0,0.6,0.0021278112754879,1.0,0.6858545395989907,0.0,0.0,0.0,,,,,,0.0,,,,,514.896112959832,4668.0009765625,,,,,,,,,,
1121,1,1121.0,0.0,32.0,32.0,0.1135710433591157,0.0,74.0,0.0,0.0,0.0,0.0,0.0,0.0,0.0,0.0,0.0,0.6,0.0021278112754879,1.0,0.6928007697780781,0.0,0.0,0.0,,,,,,0.0,,,,,432.4980340898037,4667.6259765625,,,,,,,,,,
1122,1,1122.0,0.0,32.0,32.0,0.0977792432531714,0.0,74.0,0.0,0.0,0.0,0.0,0.0,0.0,0.0,0.0,0.0,0.6,0.0021278112754879,1.0,0.6926773640757665,0.0,0.0,0.0,,,,,,0.0,,,,,437.1918810065836,4680.5556640625,,,,,,,,,,
1123,1,1123.0,0.0,32.0,32.0,0.1515690884552896,0.0,74.0,0.0,0.0,0.0,0.0,0.0,0.0,0.0,0.0,0.0,0.6,0.0021278112754879,1.0,0.6845614862436092,0.0,0.0,0.0,,,,,,0.0,,,,,425.5589919630438,4677.2822265625,,,,,,,,,,
1124,1,1124.0,0.0,32.0,32.0,0.3455960740102455,0.0,74.0,0.0,0.0,0.0,0.0,0.0,0.0,0.0,0.0,0.0,0.6,0.0021278112754879,1.0,0.6869362118763842,0.0,0.0,0.0,,,,,,0.0,,,,,439.2597849946469,4672.1572265625,,,,,,,,,,
1125,1,1125.0,0.0,32.0,32.0,0.0593128522159531,1.0,74.0,0.0135135135135135,0.0,1.0,0.0,1.0,0.149055618019516,0.0,0.149055618019516,0.0,0.6,0.0021278112754879,1.0,0.6831792371387833,-7.896565063810785e-10,0.0,1.0,1.0,,0.5,-1.4426950249075512e-08,-9.999999889225293e-09,1.0,0.5031479399349463,,,,426.361690973863,4661.1884765625,,,,,,,,,,
1126,1,1126.0,0.0,32.0,32.0,0.0976938697276637,0.0,74.0,0.0,0.0,0.0,0.0,0.0,0.0,0.0,0.0,0.0,0.6,0.0021278112754879,1.0,0.6888884393009023,0.0,0.0,0.0,,,,,,0.0,,,,,431.60439003258944,4668.3134765625,,,,,,,,,,
1127,1,1127.0,0.0,32.0,32.0,0.0754949904512614,0.0,74.0,0.0,0.0,0.0,0.0,0.0,0.0,0.0,0.0,0.0,0.6,0.0021278112754879,1.0,0.6870796460052908,0.0,0.0,0.0,,,,,,0.0,,,,,424.3938609724864,4672.1572265625,,,,,,,,,,
1128,1,1128.0,0.0,32.0,32.0,0.492920260207029,0.0,74.0,0.0,0.0,0.0,0.0,0.0,0.0,0.0,0.0,0.0,0.6,0.0021278112754879,1.0,0.6868137519264623,0.0,0.0,0.0,,,,,,0.0,,,,,439.19722805731,4668.5166015625,,,,,,,,,,
1129,1,1129.0,0.0,32.0,32.0,0.4501551199355162,0.0,74.0,0.0,0.0,0.0,0.0,0.0,0.0,0.0,0.0,0.0,0.6,0.0021278112754879,1.0,0.6932082846431303,0.0,0.0,0.0,,,,,,0.0,,,,,427.93620796874166,4667.9384765625,,,,,,,,,,
1130,1,1130.0,0.0,32.0,32.0,0.1665858927881345,0.0,74.0,0.0,0.0,0.0,0.0,0.0,0.0,0.0,0.0,0.0,0.6,0.0021278112754879,1.0,0.6851389290789671,0.0,0.0,0.0,,,,,,0.0,,,,,433.9699971023947,4664.6572265625,,,,,,,,,,
1131,1,1131.0,0.0,32.0,32.0,0.427604989381507,0.0,74.0,0.0,0.0,0.0,0.0,0.0,0.0,0.0,0.0,0.0,0.6,0.0021278112754879,1.0,0.6835663646314857,0.0,0.0,0.0,,,,,,0.0,,,,,421.8422629637644,4670.3134765625,,,,,,,,,,
1132,1,1132.0,0.0,32.0,32.0,0.1843562844442203,0.0,74.0,0.0,0.0,0.0,0.0,0.0,0.0,0.0,0.0,0.0,0.6,0.0021278112754879,1.0,0.6908303225702089,0.0,0.0,0.0,,,,,,0.0,,,,,438.8871260453016,4668.7041015625,,,,,,,,,,
1133,1,1133.0,0.0,32.0,32.0,0.1810602138284593,0.0,74.0,0.0,0.0,0.0,0.0,0.0,0.0,0.0,0.0,0.0,0.6,0.0021278112754879,1.0,0.6849528940124109,0.0,0.0,0.0,,,,,,0.0,,,,,430.7779390364885,4672.7353515625,,,,,,,,,,
1134,1,1134.0,0.0,32.0,32.0,0.1747105037793517,0.0,74.0,0.0,0.0,0.0,0.0,0.0,0.0,0.0,0.0,0.0,0.6,0.0021278112754879,1.0,0.6882730427260058,0.0,0.0,0.0,,,,,,0.0,,,,,434.6378879854456,4661.1884765625,,,,,,,,,,
1135,1,1135.0,0.0,32.0,32.0,0.3110706785228103,0.0,74.0,0.0,0.0,0.0,0.0,0.0,0.0,0.0,0.0,0.0,0.6,0.0021278112754879,1.0,0.6860947427669795,0.0,0.0,0.0,,,,,,0.0,,,,,421.3401479646564,4677.2822265625,,,,,,,,,,
1136,1,1136.0,0.0,32.0,32.0,0.3679688235279172,0.0,74.0,0.0,0.0,0.0,0.0,0.0,0.0,0.0,0.0,0.0,0.6,0.0021278112754879,1.0,0.6925892884542244,0.0,0.0,0.0,,,,,,0.0,,,,,436.7653829976916,4672.7353515625,,,,,,,,,,
1137,1,1137.0,0.0,32.0,32.0,0.0577308336505666,0.0,74.0,0.0,0.0,0.0,0.0,0.0,0.0,0.0,0.0,0.0,0.6,0.0021278112754879,1.0,0.6821595712558389,0.0,0.0,0.0,,,,,,0.0,,,,,426.74540099687874,4661.1884765625,,,,,,,,,,
1138,1,1138.0,0.0,32.0,32.0,0.2406170810572803,0.0,74.0,0.0,0.0,0.0,0.0,0.0,0.0,0.0,0.0,0.0,0.6,0.0021278112754879,1.0,0.6872156299217741,0.0,0.0,0.0,,,,,,0.0,,,,,437.5238430220634,4668.3134765625,,,,,,,,,,
1139,1,1139.0,0.0,32.0,32.0,0.2583228393923491,0.0,74.0,0.0,0.0,0.0,0.0,0.0,0.0,0.0,0.0,0.0,0.6,0.0021278112754879,1.0,0.6896042411933949,0.0,0.0,0.0,,,,,,0.0,,,,,425.0627830624581,4672.8916015625,,,,,,,,,,
1140,1,1140.0,0.0,32.0,32.0,0.2110707659740001,0.0,74.0,0.0,0.0,0.0,0.0,0.0,0.0,0.0,0.0,0.0,0.6,0.0021278112754879,1.0,0.6839508120814253,0.0,0.0,0.0,,,,,,0.0,,,,,438.1736700888723,4668.3134765625,,,,,,,,,,
1141,1,1141.0,0.0,32.0,32.0,0.2464068888220936,0.0,74.0,0.0,0.0,0.0,0.0,0.0,0.0,0.0,0.0,0.0,0.6,0.0021278112754879,1.0,0.6902744708885665,0.0,0.0,0.0,,,,,,0.0,,,,,430.44881394598633,4672.1572265625,,,,,,,,,,
1142,1,1142.0,0.0,32.0,32.0,0.2985895196907222,0.0,74.0,0.0,0.0,0.0,0.0,0.0,0.0,0.0,0.0,0.0,0.6,0.0021278112754879,1.0,0.6954525241981443,0.0,0.0,0.0,,,,,,0.0,,,,,436.5532990777865,4671.0009765625,,,,,,,,,,
1143,1,1143.0,0.0,32.0,32.0,0.0922643255908042,0.0,74.0,0.0,0.0,0.0,0.0,0.0,0.0,0.0,0.0,0.0,0.6,0.0021278112754879,1.0,0.6823062707149113,0.0,0.0,0.0,,,,,,0.0,,,,,430.11217599269,4668.1572265625,,,,,,,,,,
1144,1,1144.0,0.0,32.0,32.0,0.1841597063466906,0.0,74.0,0.0,0.0,0.0,0.0,0.0,0.0,0.0,0.0,0.0,0.6,0.0021278112754879,1.0,0.6831284187932392,0.0,0.0,0.0,,,,,,0.0,,,,,432.9585909144953,4676.2509765625,,,,,,,,,,
1145,1,1145.0,0.0,32.0,32.0,0.2220661933533847,0.0,74.0,0.0,0.0,0.0,0.0,0.0,0.0,0.0,0.0,0.0,0.6,0.0021278112754879,1.0,0.6859515708496059,0.0,0.0,0.0,,,,,,0.0,,,,,429.4345199596137,4668.0009765625,,,,,,,,,,
1146,1,1146.0,0.0,32.0,32.0,0.1941179146524518,0.0,74.0,0.0,0.0,0.0,0.0,0.0,0.0,0.0,0.0,0.0,0.6,0.0021278112754879,1.0,0.6875151413988373,0.0,0.0,0.0,,,,,,0.0,,,,,435.9006730373949,4667.6259765625,,,,,,,,,,
1147,1,1147.0,0.0,32.0,32.0,0.2016861545853316,0.0,74.0,0.0,0.0,0.0,0.0,0.0,0.0,0.0,0.0,0.0,0.6,0.0021278112754879,1.0,0.6884865684162111,0.0,0.0,0.0,,,,,,0.0,,,,,433.2330879988149,4667.1728515625,,,,,,,,,,
1148,1,1148.0,0.0,32.0,32.0,0.2716366790700704,0.0,74.0,0.0,0.0,0.0,0.0,0.0,0.0,0.0,0.0,0.0,0.6,0.0021278112754879,1.0,0.6878452378032124,0.0,0.0,0.0,,,,,,0.0,,,,,432.9232630552724,4675.8837890625,,,,,,,,,,
1149,1,1149.0,0.0,32.0,32.0,0.2544771654065698,0.0,74.0,0.0,0.0,0.0,0.0,0.0,0.0,0.0,0.0,0.0,0.6,0.0021278112754879,1.0,0.6893779382133371,0.0,0.0,0.0,,,,,,0.0,,,,,428.8661099271849,4671.2353515625,,,,,,,,,,
1150,1,1150.0,0.0,32.0,32.0,0.0832663329783827,0.0,74.0,0.0,0.0,0.0,0.0,0.0,0.0,0.0,0.0,0.0,0.6,0.0021278112754879,1.0,0.6870117788307566,0.0,0.0,0.0,,,,,,0.0,,,,,440.48282399307936,4667.7197265625,,,,,,,,,,
1151,1,1151.0,0.0,32.0,32.0,0.4715344025753438,0.0,74.0,0.0,0.0,0.0,0.0,0.0,0.0,0.0,0.0,0.0,0.6,0.0021278112754879,1.0,0.6850934082124384,0.0,0.0,0.0,,,,,,0.0,,,,,428.831376018934,4668.5166015625,,,,,,,,,,
1152,1,1152.0,0.0,32.0,32.0,0.1242470880970358,0.0,74.0,0.0,0.0,0.0,0.0,0.0,0.0,0.0,0.0,0.0,0.6,0.0021278112754879,1.0,0.687077909673315,0.0,0.0,0.0,,,,,,0.0,,,,,433.66012210026383,4672.1572265625,,,,,,,,,,
1153,1,1153.0,0.0,32.0,32.0,0.1699103727005422,0.0,74.0,0.0,0.0,0.0,0.0,0.0,0.0,0.0,0.0,0.0,0.6,0.0021278112754879,1.0,0.6899715729045508,0.0,0.0,0.0,,,,,,0.0,,,,,425.7001839578152,4680.5556640625,,,,,,,,,,
1154,1,1154.0,0.0,32.0,32.0,0.4949807245284319,0.0,74.0,0.0,0.0,0.0,0.0,0.0,0.0,0.0,0.0,0.0,0.6,0.0021278112754879,1.0,0.6865721990379975,0.0,0.0,0.0,,,,,,0.0,,,,,440.1600989513099,4667.1728515625,,,,,,,,,,
1155,1,1155.0,0.0,32.0,32.0,0.4618094805628061,0.0,74.0,0.0,0.0,0.0,0.0,0.0,0.0,0.0,0.0,0.0,0.6,0.0021278112754879,1.0,0.6876023458628958,0.0,0.0,0.0,,,,,,0.0,,,,,424.9560399912298,4661.1884765625,,,,,,,,,,
1156,1,1156.0,0.0,32.0,32.0,0.2735070609487593,0.0,74.0,0.0,0.0,0.0,0.0,0.0,0.0,0.0,0.0,0.0,0.6,0.0021278112754879,1.0,0.6885460927476054,0.0,0.0,0.0,,,,,,0.0,,,,,435.6326030101627,4672.1572265625,,,,,,,,,,
1157,1,1157.0,0.0,32.0,32.0,0.1242209454067051,0.0,74.0,0.0,0.0,0.0,0.0,0.0,0.0,0.0,0.0,0.0,0.6,0.0021278112754879,1.0,0.6902764696554732,0.0,0.0,0.0,,,,,,0.0,,,,,419.5248049218208,4671.0009765625,,,,,,,,,,
1158,1,1158.0,0.0,32.0,32.0,0.0904592438600957,0.0,74.0,0.0,0.0,0.0,0.0,0.0,0.0,0.0,0.0,0.0,0.6,0.0021278112754879,1.0,0.6882295363825853,0.0,0.0,0.0,,,,,,0.0,,,,,441.12926395609975,4667.1728515625,,,,,,,,,,
1159,1,1159.0,0.0,32.0,32.0,0.0990127916447818,0.0,74.0,0.0,0.0,0.0,0.0,0.0,0.0,0.0,0.0,0.0,0.6,0.0021278112754879,1.0,0.6877922093822751,0.0,0.0,0.0,,,,,,0.0,,,,,428.2311319839209,4667.9384765625,,,,,,,,,,
1160,1,1160.0,0.0,32.0,32.0,0.1353962258435785,0.0,74.0,0.0,0.0,0.0,0.0,0.0,0.0,0.0,0.0,0.0,0.6,0.0021278112754879,1.0,0.6892259590166832,0.0,0.0,0.0,,,,,,0.0,,,,,436.5242531057447,4671.2353515625,,,,,,,,,,
1161,1,1161.0,0.0,32.0,32.0,0.1535033171530813,0.0,74.0,0.0,0.0,0.0,0.0,0.0,0.0,0.0,0.0,0.0,0.6,0.0021278112754879,1.0,0.6818923348257212,0.0,0.0,0.0,,,,,,0.0,,,,,423.0453750351444,4668.5166015625,,,,,,,,,,
1162,1,1162.0,0.0,32.0,32.0,0.2694817525334656,0.0,74.0,0.0,0.0,0.0,0.0,0.0,0.0,0.0,0.0,0.0,0.6,0.0021278112754879,1.0,0.6913226471058985,0.0,0.0,0.0,,,,,,0.0,,,,,440.3215430211276,4677.2822265625,,,,,,,,,,
1163,1,1163.0,0.0,32.0,32.0,0.1994039604905992,0.0,74.0,0.0,0.0,0.0,0.0,0.0,0.0,0.0,0.0,0.0,0.6,0.0021278112754879,1.0,0.6831819016423586,0.0,0.0,0.0,,,,,,0.0,,,,,430.34627300221473,4664.4541015625,,,,,,,,,,
1164,1,1164.0,0.0,32.0,32.0,0.0973613634705543,0.0,74.0,0.0,0.0,0.0,0.0,0.0,0.0,0.0,0.0,0.0,0.6,0.0021278112754879,1.0,0.6892456537035919,0.0,0.0,0.0,,,,,,0.0,,,,,439.6501629380509,4668.1572265625,,,,,,,,,,
1165,1,1165.0,0.0,32.0,32.0,0.3129534684121609,0.0,74.0,0.0,0.0,0.0,0.0,0.0,0.0,0.0,0.0,0.0,0.6,0.0021278112754879,1.0,0.6895566290081315,0.0,0.0,0.0,,,,,,0.0,,,,,424.5494439965114,4667.6259765625,,,,,,,,,,
1166,1,1166.0,0.0,32.0,32.0,0.1565020910929888,0.0,74.0,0.0,0.0,0.0,0.0,0.0,0.0,0.0,0.0,0.0,0.6,0.0021278112754879,1.0,0.6881261677893006,0.0,0.0,0.0,,,,,,0.0,,,,,437.03993095550686,4669.0634765625,,,,,,,,,,
1167,1,1167.0,0.0,32.0,32.0,0.0834345276234671,0.0,74.0,0.0,0.0,0.0,0.0,0.0,0.0,0.0,0.0,0.0,0.6,0.0021278112754879,1.0,0.6923348649593293,0.0,0.0,0.0,,,,,,0.0,,,,,431.6937170224264,4668.1572265625,,,,,,,,,,
1168,1,1168.0,0.0,32.0,32.0,0.1230835178866982,0.0,74.0,0.0,0.0,0.0,0.0,0.0,0.0,0.0,0.0,0.0,0.6,0.0021278112754879,1.0,0.685471356641331,0.0,0.0,0.0,,,,,,0.0,,,,,442.0239620376378,4668.4384765625,,,,,,,,,,
1169,1,1169.0,0.0,32.0,32.0,0.3244404786964878,0.0,74.0,0.0,0.0,0.0,0.0,0.0,0.0,0.0,0.0,0.0,0.6,0.0021278112754879,1.0,0.6920275494468399,0.0,0.0,0.0,,,,,,0.0,,,,,427.5587840238586,4661.1884765625,,,,,,,,,,
1170,1,1170.0,0.0,32.0,32.0,0.0316983325174078,0.0,74.0,0.0,0.0,0.0,0.0,0.0,0.0,0.0,0.0,0.0,0.6,0.0021278112754879,1.0,0.698546001742805,0.0,0.0,0.0,,,,,,0.0,,,,,434.54676296096295,4667.9384765625,,,,,,,,,,
1171,1,1171.0,0.0,32.0,32.0,0.0251222853548824,24.0,74.0,0.3243243243243243,8.0,16.0,0.3333333333333333,0.6666666666666666,0.15051608975359,0.1463299426623943,0.1526091632991879,0.0,0.6,0.0021278112754879,1.0000000000245692,0.6933028194740694,4.863042302652218e-09,8.0,16.0,0.3333333333333333,2.0,1.0,0.918295805200589,0.636514148294813,2.0,0.5108907670505864,-2.0727644141516063e-05,0.5000103638220708,-0.0024739193688214,441.64376507978886,4683.8037109375,,,,,,,,,,
1172,1,1172.0,0.0,32.0,32.0,0.345093839103356,0.0,74.0,0.0,0.0,0.0,0.0,0.0,0.0,0.0,0.0,0.0,0.6,0.0021278112754879,1.0,0.6923940911017437,0.0,0.0,0.0,,,,,,0.0,,,,,441.4053710643202,4668.1572265625,,,,,,,,,,
1173,1,1173.0,0.0,32.0,32.0,0.2700190212344751,0.0,74.0,0.0,0.0,0.0,0.0,0.0,0.0,0.0,0.0,0.0,0.6,0.0021278112754879,1.0,0.6873871501983815,0.0,0.0,0.0,,,,,,0.0,,,,,431.86962709296495,4667.1728515625,,,,,,,,,,
1174,1,1174.0,0.0,32.0,32.0,0.2919927863404155,0.0,74.0,0.0,0.0,0.0,0.0,0.0,0.0,0.0,0.0,0.0,0.6,0.0021278112754879,1.0,0.6874790143468573,0.0,0.0,0.0,,,,,,0.0,,,,,437.6575170317665,4667.4072265625,,,,,,,,,,
1175,1,1175.0,0.0,32.0,32.0,0.2468652543611824,0.0,74.0,0.0,0.0,0.0,0.0,0.0,0.0,0.0,0.0,0.0,0.6,0.0021278112754879,1.0,0.6841075957802939,0.0,0.0,0.0,,,,,,0.0,,,,,426.6153370263055,4667.4072265625,,,,,,,,,,
1176,1,1176.0,0.0,32.0,32.0,0.164392797392793,0.0,74.0,0.0,0.0,0.0,0.0,0.0,0.0,0.0,0.0,0.0,0.6,0.0021278112754879,1.0,0.6848012739884722,0.0,0.0,0.0,,,,,,0.0,,,,,439.7840839810669,4668.0009765625,,,,,,,,,,
1177,1,1177.0,0.0,32.0,32.0,0.1837566891917958,0.0,74.0,0.0,0.0,0.0,0.0,0.0,0.0,0.0,0.0,0.0,0.6,0.0021278112754879,1.0,0.6866986432607856,0.0,0.0,0.0,,,,,,0.0,,,,,432.0519629400224,4668.1572265625,,,,,,,,,,
1178,1,1178.0,0.0,32.0,32.0,0.2793897688388824,0.0,74.0,0.0,0.0,0.0,0.0,0.0,0.0,0.0,0.0,0.0,0.6,0.0021278112754879,1.0,0.6884671099819557,0.0,0.0,0.0,,,,,,0.0,,,,,436.0983130754903,4676.2509765625,,,,,,,,,,
1179,1,1179.0,0.0,32.0,32.0,0.1473185766953975,0.0,74.0,0.0,0.0,0.0,0.0,0.0,0.0,0.0,0.0,0.0,0.6,0.0021278112754879,1.0,0.6835607384601811,0.0,0.0,0.0,,,,,,0.0,,,,,423.23271895293146,4661.1884765625,,,,,,,,,,
1180,1,1180.0,0.0,32.0,32.0,0.1299397884868085,0.0,74.0,0.0,0.0,0.0,0.0,0.0,0.0,0.0,0.0,0.0,0.6,0.0021278112754879,1.0,0.6854573629009297,0.0,0.0,0.0,,,,,,0.0,,,,,440.2203500503674,4666.8134765625,,,,,,,,,,
1181,1,1181.0,0.0,32.0,32.0,0.1447029702831059,0.0,74.0,0.0,0.0,0.0,0.0,0.0,0.0,0.0,0.0,0.0,0.6,0.0021278112754879,1.0,0.6837088783778991,0.0,0.0,0.0,,,,,,0.0,,,,,429.4467170257121,4667.9384765625,,,,,,,,,,
1182,1,1182.0,0.0,32.0,32.0,0.3312547027599066,0.0,74.0,0.0,0.0,0.0,0.0,0.0,0.0,0.0,0.0,0.0,0.6,0.0021278112754879,1.0,0.679274034540532,0.0,0.0,0.0,,,,,,0.0,,,,,437.7778929192573,4672.7353515625,,,,,,,,,,
1183,1,1183.0,0.0,32.0,32.0,0.1236232882365584,0.0,74.0,0.0,0.0,0.0,0.0,0.0,0.0,0.0,0.0,0.0,0.6,0.0021278112754879,1.0,0.6854376504658073,0.0,0.0,0.0,,,,,,0.0,,,,,424.0095230052248,4661.1884765625,,,,,,,,,,
1184,1,1184.0,0.0,32.0,32.0,0.1292746716644615,0.0,74.0,0.0,0.0,0.0,0.0,0.0,0.0,0.0,0.0,0.0,0.6,0.0021278112754879,1.0,0.6871013039141872,0.0,0.0,0.0,,,,,,0.0,,,,,435.9277589246631,4661.1884765625,,,,,,,,,,
1185,1,1185.0,0.0,32.0,32.0,0.1657263052184134,0.0,74.0,0.0,0.0,0.0,0.0,0.0,0.0,0.0,0.0,0.0,0.6,0.0021278112754879,1.0,0.6852498445361851,0.0,0.0,0.0,,,,,,0.0,,,,,429.8136089928448,4677.2822265625,,,,,,,,,,
1186,1,1186.0,0.0,32.0,32.0,0.1872226404957473,0.0,74.0,0.0,0.0,0.0,0.0,0.0,0.0,0.0,0.0,0.0,0.6,0.0021278112754879,1.0,0.6839177137470295,0.0,0.0,0.0,,,,,,0.0,,,,,438.205166021362,4677.2822265625,,,,,,,,,,
1187,1,1187.0,0.0,32.0,32.0,0.1319613344967365,0.0,74.0,0.0,0.0,0.0,0.0,0.0,0.0,0.0,0.0,0.0,0.6,0.0021278112754879,1.0,0.6847689060145985,0.0,0.0,0.0,,,,,,0.0,,,,,425.1340579940006,4668.7041015625,,,,,,,,,,
1188,1,1188.0,0.0,32.0,32.0,0.0910029978258535,0.0,74.0,0.0,0.0,0.0,0.0,0.0,0.0,0.0,0.0,0.0,0.6,0.0021278112754879,1.0,0.6801355875801098,0.0,0.0,0.0,,,,,,0.0,,,,,431.3326049596071,4661.1884765625,,,,,,,,,,
1189,1,1189.0,0.0,32.0,32.0,0.2351935757324099,0.0,74.0,0.0,0.0,0.0,0.0,0.0,0.0,0.0,0.0,0.0,0.6,0.0021278112754879,1.0,0.6831010466775483,0.0,0.0,0.0,,,,,,0.0,,,,,430.5158610222861,4666.8134765625,,,,,,,,,,
1190,1,1190.0,0.0,32.0,32.0,0.2774045503465459,0.0,74.0,0.0,0.0,0.0,0.0,0.0,0.0,0.0,0.0,0.0,0.6,0.0021278112754879,1.0,0.6866205916316717,0.0,0.0,0.0,,,,,,0.0,,,,,436.419686069712,4676.2509765625,,,,,,,,,,
1191,1,1191.0,0.0,32.0,32.0,0.4844485444482416,0.0,74.0,0.0,0.0,0.0,0.0,0.0,0.0,0.0,0.0,0.0,0.6,0.0021278112754879,1.0,0.6900770798018597,0.0,0.0,0.0,,,,,,0.0,,,,,424.8875239863992,4676.2509765625,,,,,,,,,,
1192,1,1192.0,0.0,32.0,32.0,0.2393449782393872,0.0,74.0,0.0,0.0,0.0,0.0,0.0,0.0,0.0,0.0,0.0,0.6,0.0021278112754879,1.0,0.6817737601997363,0.0,0.0,0.0,,,,,,0.0,,,,,434.3292999546975,4668.5166015625,,,,,,,,,,
1193,1,1193.0,0.0,32.0,32.0,0.3287617545574903,0.0,74.0,0.0,0.0,0.0,0.0,0.0,0.0,0.0,0.0,0.0,0.6,0.0021278112754879,1.0,0.6830917628991713,0.0,0.0,0.0,,,,,,0.0,,,,,507.8241549199447,4668.0009765625,,,,,,,,,,
1194,1,1194.0,0.0,32.0,32.0,0.2238800466293469,0.0,74.0,0.0,0.0,0.0,0.0,0.0,0.0,0.0,0.0,0.0,0.6,0.0021278112754879,1.0,0.6844388929302095,0.0,0.0,0.0,,,,,,0.0,,,,,431.833214010112,4667.1728515625,,,,,,,,,,
1195,1,1195.0,0.0,32.0,32.0,0.1138128740713,0.0,74.0,0.0,0.0,0.0,0.0,0.0,0.0,0.0,0.0,0.0,0.6,0.0021278112754879,1.0,0.6789543297029748,0.0,0.0,0.0,,,,,,0.0,,,,,450.0792699400336,4661.1884765625,,,,,,,,,,
1196,1,1196.0,0.0,32.0,32.0,0.2210006935056299,0.0,74.0,0.0,0.0,0.0,0.0,0.0,0.0,0.0,0.0,0.0,0.6,0.0021278112754879,1.0,0.6876053124709235,0.0,0.0,0.0,,,,,,0.0,,,,,427.8628859901801,4668.1572265625,,,,,,,,,,
1197,1,1197.0,0.0,32.0,32.0,0.099826191435568,0.0,74.0,0.0,0.0,0.0,0.0,0.0,0.0,0.0,0.0,0.0,0.6,0.0021278112754879,1.0,0.6882637472697303,0.0,0.0,0.0,,,,,,0.0,,,,,434.800505056046,4667.9384765625,,,,,,,,,,
1198,1,1198.0,0.0,32.0,32.0,0.1494995343964547,0.0,74.0,0.0,0.0,0.0,0.0,0.0,0.0,0.0,0.0,0.0,0.6,0.0021278112754879,1.0,0.6864324936966072,0.0,0.0,0.0,,,,,,0.0,,,,,429.99749700538814,4672.1572265625,,,,,,,,,,
1199,1,1199.0,0.0,32.0,32.0,0.0761277256533503,0.0,74.0,0.0,0.0,0.0,0.0,0.0,0.0,0.0,0.0,0.0,0.6,0.0021278112754879,1.0,0.6891651693724588,0.0,0.0,0.0,,,,,,0.0,,,,,438.47438995726407,4672.1572265625,,,,,,,,,,
1200,1,1200.0,0.0,32.0,32.0,0.091031476506032,0.0,74.0,0.0,0.0,0.0,0.0,0.0,0.0,0.0,0.0,0.0,0.6,0.0021278112754879,1.0,0.6854859881464073,0.0,0.0,0.0,,,,,,0.0,,,,,426.5726270386949,4671.4228515625,,,,,,,,,,
1201,1,1201.0,0.0,32.0,32.0,0.1668309988453984,0.0,74.0,0.0,0.0,0.0,0.0,0.0,0.0,0.0,0.0,0.0,0.6,0.0021278112754879,1.0,0.6903736110440704,0.0,0.0,0.0,,,,,,0.0,,,,,432.3209059657529,4680.5556640625,,,,,,,,,,
1202,1,1202.0,0.0,32.0,32.0,0.2982966338749975,0.0,74.0,0.0,0.0,0.0,0.0,0.0,0.0,0.0,0.0,0.0,0.6,0.0021278112754879,1.0,0.6810049564729322,0.0,0.0,0.0,,,,,,0.0,,,,,431.40241398941725,4667.1728515625,,,,,,,,,,
1203,1,1203.0,0.0,32.0,32.0,0.2268119796644896,0.0,74.0,0.0,0.0,0.0,0.0,0.0,0.0,0.0,0.0,0.0,0.6,0.0021278112754879,1.0,0.6853123666588995,0.0,0.0,0.0,,,,,,0.0,,,,,437.5190159771592,4668.3134765625,,,,,,,,,,
1204,1,1204.0,0.0,32.0,32.0,0.3960107357706874,0.0,74.0,0.0,0.0,0.0,0.0,0.0,0.0,0.0,0.0,0.0,0.6,0.0021278112754879,1.0,0.6930466720691145,0.0,0.0,0.0,,,,,,0.0,,,,,430.3583870641887,4671.2353515625,,,,,,,,,,
1205,1,1205.0,0.0,32.0,32.0,0.2853093044832349,0.0,74.0,0.0,0.0,0.0,0.0,0.0,0.0,0.0,0.0,0.0,0.6,0.0021278112754879,1.0,0.6891551515932977,0.0,0.0,0.0,,,,,,0.0,,,,,433.1197059946135,4677.2822265625,,,,,,,,,,
1206,1,1206.0,0.0,32.0,32.0,0.1988788009621203,0.0,74.0,0.0,0.0,0.0,0.0,0.0,0.0,0.0,0.0,0.0,0.6,0.0021278112754879,1.0,0.6797470747885198,0.0,0.0,0.0,,,,,,0.0,,,,,423.1387909967452,4661.1884765625,,,,,,,,,,
1207,1,1207.0,0.0,32.0,32.0,0.1259649163112044,0.0,74.0,0.0,0.0,0.0,0.0,0.0,0.0,0.0,0.0,0.0,0.6,0.0021278112754879,1.0,0.6837144889937823,0.0,0.0,0.0,,,,,,0.0,,,,,440.2352649485693,4672.1572265625,,,,,,,,,,
1208,1,1208.0,0.0,32.0,32.0,0.2899191104806959,0.0,74.0,0.0,0.0,0.0,0.0,0.0,0.0,0.0,0.0,0.0,0.6,0.0021278112754879,1.0,0.6891762926473981,0.0,0.0,0.0,,,,,,0.0,,,,,427.6558689307421,4669.0634765625,,,,,,,,,,
1209,1,1209.0,0.0,32.0,32.0,0.0601631384342908,0.0,74.0,0.0,0.0,0.0,0.0,0.0,0.0,0.0,0.0,0.0,0.6,0.0021278112754879,1.0,0.684107266554222,0.0,0.0,0.0,,,,,,0.0,,,,,438.0248780362308,4668.0009765625,,,,,,,,,,
1210,1,1210.0,0.0,32.0,32.0,0.1742461409885436,0.0,74.0,0.0,0.0,0.0,0.0,0.0,0.0,0.0,0.0,0.0,0.6,0.0021278112754879,1.0,0.6841814118442469,0.0,0.0,0.0,,,,,,0.0,,,,,422.2459750017151,4661.1884765625,,,,,,,,,,
1211,1,1211.0,0.0,32.0,32.0,0.0721500820945948,0.0,74.0,0.0,0.0,0.0,0.0,0.0,0.0,0.0,0.0,0.0,0.6,0.0021278112754879,1.0,0.6835014280841143,0.0,0.0,0.0,,,,,,0.0,,,,,447.0965480431914,4667.6259765625,,,,,,,,,,
1212,1,1212.0,0.0,32.0,32.0,0.1506566698662936,0.0,74.0,0.0,0.0,0.0,0.0,0.0,0.0,0.0,0.0,0.0,0.6,0.0021278112754879,1.0,0.6881388814822982,0.0,0.0,0.0,,,,,,0.0,,,,,427.0568219944834,4667.9384765625,,,,,,,,,,
1213,1,1213.0,0.0,32.0,32.0,0.1562696471810341,0.0,74.0,0.0,0.0,0.0,0.0,0.0,0.0,0.0,0.0,0.0,0.6,0.0021278112754879,1.0,0.6831662666629137,0.0,0.0,0.0,,,,,,0.0,,,,,436.92128302063793,4671.4228515625,,,,,,,,,,
1214,1,1214.0,0.0,32.0,32.0,0.1167813839856535,0.0,74.0,0.0,0.0,0.0,0.0,0.0,0.0,0.0,0.0,0.0,0.6,0.0021278112754879,1.0,0.6844374799621382,0.0,0.0,0.0,,,,,,0.0,,,,,422.2271369071677,4676.4775390625,,,,,,,,,,
1215,1,1215.0,0.0,32.0,32.0,0.2139657353982329,0.0,74.0,0.0,0.0,0.0,0.0,0.0,0.0,0.0,0.0,0.0,0.6,0.0021278112754879,1.0,0.6880999123016804,0.0,0.0,0.0,,,,,,0.0,,,,,437.8940319875255,4667.7197265625,,,,,,,,,,
1216,1,1216.0,0.0,32.0,32.0,0.3316270743962377,0.0,74.0,0.0,0.0,0.0,0.0,0.0,0.0,0.0,0.0,0.0,0.6,0.0021278112754879,1.0,0.683564821246859,0.0,0.0,0.0,,,,,,0.0,,,,,428.87757008429617,4677.2822265625,,,,,,,,,,
1217,1,1217.0,0.0,32.0,32.0,0.1157764258387032,0.0,74.0,0.0,0.0,0.0,0.0,0.0,0.0,0.0,0.0,0.0,0.6,0.0021278112754879,1.0,0.6813181065605849,0.0,0.0,0.0,,,,,,0.0,,,,,438.0496590165421,4672.7353515625,,,,,,,,,,
1218,1,1218.0,0.0,32.0,32.0,0.2871303281281143,0.0,74.0,0.0,0.0,0.0,0.0,0.0,0.0,0.0,0.0,0.0,0.6,0.0021278112754879,1.0,0.6814084252690806,0.0,0.0,0.0,,,,,,0.0,,,,,428.7084519164637,4667.1728515625,,,,,,,,,,
1219,1,1219.0,0.0,32.0,32.0,0.2011976849753409,0.0,74.0,0.0,0.0,0.0,0.0,0.0,0.0,0.0,0.0,0.0,0.6,0.0021278112754879,1.0,0.6866672632558406,0.0,0.0,0.0,,,,,,0.0,,,,,431.6990959923714,4668.0009765625,,,,,,,,,,
1220,1,1220.0,0.0,32.0,32.0,0.1121274302713573,0.0,74.0,0.0,0.0,0.0,0.0,0.0,0.0,0.0,0.0,0.0,0.6,0.0021278112754879,1.0,0.6880377536183784,0.0,0.0,0.0,,,,,,0.0,,,,,428.6521269241348,4672.1572265625,,,,,,,,,,
1221,1,1221.0,0.0,32.0,32.0,0.1809691767557524,0.0,74.0,0.0,0.0,0.0,0.0,0.0,0.0,0.0,0.0,0.0,0.6,0.0021278112754879,1.0,0.6876392800228874,0.0,0.0,0.0,,,,,,0.0,,,,,437.4828999862075,4667.9384765625,,,,,,,,,,
1222,1,1222.0,0.0,32.0,32.0,0.3305612192489207,0.0,74.0,0.0,0.0,0.0,0.0,0.0,0.0,0.0,0.0,0.0,0.6,0.0021278112754879,1.0,0.6888655295350322,0.0,0.0,0.0,,,,,,0.0,,,,,425.49563001375645,4680.5556640625,,,,,,,,,,
1223,1,1223.0,0.0,32.0,32.0,0.2401485096197575,0.0,74.0,0.0,0.0,0.0,0.0,0.0,0.0,0.0,0.0,0.0,0.6,0.0021278112754879,1.0,0.685133756787709,0.0,0.0,0.0,,,,,,0.0,,,,,435.4339200071991,4667.1728515625,,,,,,,,,,
1224,1,1224.0,0.0,32.0,32.0,0.3176502119749784,0.0,74.0,0.0,0.0,0.0,0.0,0.0,0.0,0.0,0.0,0.0,0.6,0.0021278112754879,1.0,0.6866761484037355,0.0,0.0,0.0,,,,,,0.0,,,,,430.9169909683988,4668.3134765625,,,,,,,,,,
1225,1,1225.0,0.0,32.0,32.0,0.0849119164049625,0.0,74.0,0.0,0.0,0.0,0.0,0.0,0.0,0.0,0.0,0.0,0.6,0.0021278112754879,1.0,0.6862163604360548,0.0,0.0,0.0,,,,,,0.0,,,,,438.11748002190143,4669.0634765625,,,,,,,,,,
1226,1,1226.0,0.0,32.0,32.0,0.0742058297619223,0.0,74.0,0.0,0.0,0.0,0.0,0.0,0.0,0.0,0.0,0.0,0.6,0.0021278112754879,1.0,0.6882135587666175,0.0,0.0,0.0,,,,,,0.0,,,,,427.8937780763954,4672.1572265625,,,,,,,,,,
1227,1,1227.0,0.0,32.0,32.0,0.1996809149859473,0.0,74.0,0.0,0.0,0.0,0.0,0.0,0.0,0.0,0.0,0.0,0.6,0.0021278112754879,1.0,0.6828498439608233,0.0,0.0,0.0,,,,,,0.0,,,,,432.2323049418628,4676.4775390625,,,,,,,,,,
1228,1,1228.0,0.0,32.0,32.0,0.1387190213426947,0.0,74.0,0.0,0.0,0.0,0.0,0.0,0.0,0.0,0.0,0.0,0.6,0.0021278112754879,1.0,0.6850247396144579,0.0,0.0,0.0,,,,,,0.0,,,,,431.7411929368973,4667.1728515625,,,,,,,,,,
1229,1,1229.0,0.0,32.0,32.0,0.0785509381676092,0.0,74.0,0.0,0.0,0.0,0.0,0.0,0.0,0.0,0.0,0.0,0.6,0.0021278112754879,1.0,0.6846980988278484,0.0,0.0,0.0,,,,,,0.0,,,,,437.9680249840021,4676.4775390625,,,,,,,,,,
1230,1,1230.0,0.0,32.0,32.0,0.1834465226856991,0.0,74.0,0.0,0.0,0.0,0.0,0.0,0.0,0.0,0.0,0.0,0.6,0.0021278112754879,1.0,0.6850684084299333,0.0,0.0,0.0,,,,,,0.0,,,,,428.5627919016406,4666.8134765625,,,,,,,,,,
1231,1,1231.0,0.0,32.0,32.0,0.7367114210501313,0.0,74.0,0.0,0.0,0.0,0.0,0.0,0.0,0.0,0.0,0.0,0.6,0.0021278112754879,1.0,0.688735421122817,0.0,0.0,0.0,,,,,,0.0,,,,,432.8249969985336,4669.0634765625,,,,,,,,,,
1232,1,1232.0,0.0,32.0,32.0,0.1884652702137828,0.0,74.0,0.0,0.0,0.0,0.0,0.0,0.0,0.0,0.0,0.0,0.6,0.0021278112754879,1.0,0.6824115182042922,0.0,0.0,0.0,,,,,,0.0,,,,,423.3009769814089,4672.7353515625,,,,,,,,,,
1233,1,1233.0,0.0,32.0,32.0,0.3080194196663797,0.0,74.0,0.0,0.0,0.0,0.0,0.0,0.0,0.0,0.0,0.0,0.6,0.0021278112754879,1.0,0.6877068285281245,0.0,0.0,0.0,,,,,,0.0,,,,,439.9965099291876,4676.4775390625,,,,,,,,,,
1234,1,1234.0,0.0,32.0,32.0,0.2234192967880517,0.0,74.0,0.0,0.0,0.0,0.0,0.0,0.0,0.0,0.0,0.0,0.6,0.0021278112754879,1.0,0.6870686314313106,0.0,0.0,0.0,,,,,,0.0,,,,,427.1153139416128,4677.2822265625,,,,,,,,,,
1235,1,1235.0,0.0,32.0,32.0,0.2012786534614861,0.0,74.0,0.0,0.0,0.0,0.0,0.0,0.0,0.0,0.0,0.0,0.6,0.0021278112754879,1.0,0.6845329135789131,0.0,0.0,0.0,,,,,,0.0,,,,,434.6524850698188,4675.8837890625,,,,,,,,,,
1236,1,1236.0,0.0,32.0,32.0,0.2307498352602124,0.0,74.0,0.0,0.0,0.0,0.0,0.0,0.0,0.0,0.0,0.0,0.6,0.0021278112754879,1.0,0.6868452541503871,0.0,0.0,0.0,,,,,,0.0,,,,,421.5859930263832,4661.1884765625,,,,,,,,,,
1237,1,1237.0,0.0,32.0,32.0,0.1761368855368346,0.0,74.0,0.0,0.0,0.0,0.0,0.0,0.0,0.0,0.0,0.0,0.6,0.0021278112754879,1.0,0.6830873000797612,0.0,0.0,0.0,,,,,,0.0,,,,,438.9204119797796,4680.5556640625,,,,,,,,,,
1238,1,1238.0,0.0,32.0,32.0,0.2002212451770901,0.0,74.0,0.0,0.0,0.0,0.0,0.0,0.0,0.0,0.0,0.0,0.6,0.0021278112754879,1.0,0.6838527297701213,0.0,0.0,0.0,,,,,,0.0,,,,,428.8664109772071,4672.7353515625,,,,,,,,,,
1239,1,1239.0,0.0,32.0,32.0,0.1538724384736269,0.0,74.0,0.0,0.0,0.0,0.0,0.0,0.0,0.0,0.0,0.0,0.6,0.0021278112754879,1.0,0.6825268902236558,0.0,0.0,0.0,,,,,,0.0,,,,,436.5225810324773,4664.6572265625,,,,,,,,,,
1240,1,1240.0,0.0,32.0,32.0,0.1059021102264523,0.0,74.0,0.0,0.0,0.0,0.0,0.0,0.0,0.0,0.0,0.0,0.6,0.0021278112754879,1.0,0.6833606394159872,0.0,0.0,0.0,,,,,,0.0,,,,,424.2254219716415,4664.4541015625,,,,,,,,,,
1241,1,1241.0,0.0,32.0,32.0,0.2857380474451929,0.0,74.0,0.0,0.0,0.0,0.0,0.0,0.0,0.0,0.0,0.0,0.6,0.0021278112754879,1.0,0.6848904418572701,0.0,0.0,0.0,,,,,,0.0,,,,,436.64505798369646,4668.5166015625,,,,,,,,,,
1242,1,1242.0,0.0,32.0,32.0,0.2026249216869473,0.0,74.0,0.0,0.0,0.0,0.0,0.0,0.0,0.0,0.0,0.0,0.6,0.0021278112754879,1.0,0.6853707271801508,0.0,0.0,0.0,,,,,,0.0,,,,,429.7949969768524,4672.1572265625,,,,,,,,,,
1243,1,1243.0,0.0,32.0,32.0,0.1679775316733867,0.0,74.0,0.0,0.0,0.0,0.0,0.0,0.0,0.0,0.0,0.0,0.6,0.0021278112754879,1.0,0.6861253439129674,0.0,0.0,0.0,,,,,,0.0,,,,,435.23886892944574,4667.6259765625,,,,,,,,,,
1244,1,1244.0,0.0,32.0,32.0,0.2705092276446521,0.0,74.0,0.0,0.0,0.0,0.0,0.0,0.0,0.0,0.0,0.0,0.6,0.0021278112754879,1.0,0.692280840304691,0.0,0.0,0.0,,,,,,0.0,,,,,428.6666649859399,4667.1728515625,,,,,,,,,,
1245,1,1245.0,0.0,32.0,32.0,0.1389533448964357,0.0,74.0,0.0,0.0,0.0,0.0,0.0,0.0,0.0,0.0,0.0,0.6,0.0021278112754879,1.0,0.686485322106269,0.0,0.0,0.0,,,,,,0.0,,,,,431.5799529431388,4676.2509765625,,,,,,,,,,
1246,1,1246.0,0.0,32.0,32.0,0.1649413737468421,0.0,74.0,0.0,0.0,0.0,0.0,0.0,0.0,0.0,0.0,0.0,0.6,0.0021278112754879,1.0,0.6902852319875338,0.0,0.0,0.0,,,,,,0.0,,,,,433.2332820631564,4666.8134765625,,,,,,,,,,
1247,1,1247.0,0.0,32.0,32.0,0.2245581096503883,0.0,74.0,0.0,0.0,0.0,0.0,0.0,0.0,0.0,0.0,0.0,0.6,0.0021278112754879,1.0,0.6949315873417676,0.0,0.0,0.0,,,,,,0.0,,,,,440.2716349577531,4667.4072265625,,,,,,,,,,
1248,1,1248.0,0.0,32.0,32.0,0.083572931587696,0.0,74.0,0.0,0.0,0.0,0.0,0.0,0.0,0.0,0.0,0.0,0.6,0.0021278112754879,1.0,0.6891879205283054,0.0,0.0,0.0,,,,,,0.0,,,,,423.9836829947308,4664.8916015625,,,,,,,,,,
1249,1,1249.0,0.0,32.0,32.0,0.0949026716407388,0.0,74.0,0.0,0.0,0.0,0.0,0.0,0.0,0.0,0.0,0.0,0.6,0.0021278112754879,1.0,0.692118774833458,0.0,0.0,0.0,,,,,,0.0,,,,,433.1148279597983,4668.0009765625,,,,,,,,,,
1250,1,1250.0,0.0,32.0,32.0,0.097372748889029,0.0,74.0,0.0,0.0,0.0,0.0,0.0,0.0,0.0,0.0,0.0,0.6,0.0021278112754879,1.0,0.6868751247804941,0.0,0.0,0.0,,,,,,0.0,,,,,428.1154019990936,4677.2822265625,,,,,,,,,,
1251,1,1251.0,0.0,32.0,32.0,0.5087064099498093,0.0,74.0,0.0,0.0,0.0,0.0,0.0,0.0,0.0,0.0,0.0,0.6,0.0021278112754879,1.0,0.683193189103358,0.0,0.0,0.0,,,,,,0.0,,,,,441.55571004375815,4668.0009765625,,,,,,,,,,
1252,1,1252.0,0.0,32.0,32.0,0.2819220285164192,0.0,74.0,0.0,0.0,0.0,0.0,0.0,0.0,0.0,0.0,0.0,0.6,0.0021278112754879,1.0,0.6856345626956553,0.0,0.0,0.0,,,,,,0.0,,,,,426.5013340627775,4667.6259765625,,,,,,,,,,
1253,1,1253.0,0.0,32.0,32.0,0.1787658095126971,0.0,74.0,0.0,0.0,0.0,0.0,0.0,0.0,0.0,0.0,0.0,0.6,0.0021278112754879,1.0,0.6856999647323803,0.0,0.0,0.0,,,,,,0.0,,,,,433.9987569255754,4677.2822265625,,,,,,,,,,
1254,1,1254.0,0.0,32.0,32.0,0.0746165162418037,0.0,74.0,0.0,0.0,0.0,0.0,0.0,0.0,0.0,0.0,0.0,0.6,0.0021278112754879,1.0,0.6829026845121208,0.0,0.0,0.0,,,,,,0.0,,,,,428.97456500213593,4668.7353515625,,,,,,,,,,
1255,1,1255.0,0.0,32.0,32.0,0.3241027140757069,0.0,74.0,0.0,0.0,0.0,0.0,0.0,0.0,0.0,0.0,0.0,0.6,0.0021278112754879,1.0,0.6836754052882723,0.0,0.0,0.0,,,,,,0.0,,,,,436.0421380260959,4672.7353515625,,,,,,,,,,
1256,1,1256.0,0.0,32.0,32.0,0.3191581226419657,0.0,74.0,0.0,0.0,0.0,0.0,0.0,0.0,0.0,0.0,0.0,0.6,0.0021278112754879,1.0,0.6815679696181036,0.0,0.0,0.0,,,,,,0.0,,,,,431.3034509541467,4672.8916015625,,,,,,,,,,
1257,1,1257.0,0.0,32.0,32.0,0.0597944790497422,0.0,74.0,0.0,0.0,0.0,0.0,0.0,0.0,0.0,0.0,0.0,0.6,0.0021278112754879,1.0,0.6897048204035978,0.0,0.0,0.0,,,,,,0.0,,,,,435.70070003625005,4680.5556640625,,,,,,,,,,
1258,1,1258.0,0.0,32.0,32.0,0.0668226878624409,0.0,74.0,0.0,0.0,0.0,0.0,0.0,0.0,0.0,0.0,0.0,0.6,0.0021278112754879,1.0,0.6819025708484397,0.0,0.0,0.0,,,,,,0.0,,,,,425.45917606912553,4671.4228515625,,,,,,,,,,
1259,1,1259.0,0.0,32.0,32.0,0.2145742462016642,0.0,74.0,0.0,0.0,0.0,0.0,0.0,0.0,0.0,0.0,0.0,0.6,0.0021278112754879,1.0,0.6825678481220913,0.0,0.0,0.0,,,,,,0.0,,,,,437.0916789630428,4661.1884765625,,,,,,,,,,
1260,1,1260.0,0.0,32.0,32.0,0.2479125740937888,0.0,74.0,0.0,0.0,0.0,0.0,0.0,0.0,0.0,0.0,0.0,0.6,0.0021278112754879,1.0,0.690644798722128,0.0,0.0,0.0,,,,,,0.0,,,,,431.8769320379943,4668.5166015625,,,,,,,,,,
1261,1,1261.0,0.0,32.0,32.0,0.0987037166487425,0.0,74.0,0.0,0.0,0.0,0.0,0.0,0.0,0.0,0.0,0.0,0.6,0.0021278112754879,1.0,0.6848087166679113,0.0,0.0,0.0,,,,,,0.0,,,,,439.0752129256725,4666.8134765625,,,,,,,,,,
1262,1,1262.0,0.0,32.0,32.0,0.1183115015737712,0.0,74.0,0.0,0.0,0.0,0.0,0.0,0.0,0.0,0.0,0.0,0.6,0.0021278112754879,1.0,0.6824969989148817,0.0,0.0,0.0,,,,,,0.0,,,,,425.6406099302694,4667.7197265625,,,,,,,,,,
1263,1,1263.0,0.0,32.0,32.0,0.2413512719795107,0.0,74.0,0.0,0.0,0.0,0.0,0.0,0.0,0.0,0.0,0.0,0.6,0.0021278112754879,1.0,0.68585479016025,0.0,0.0,0.0,,,,,,0.0,,,,,440.2861350681633,4664.8916015625,,,,,,,,,,
1264,1,1264.0,0.0,32.0,32.0,0.2265902807703241,0.0,74.0,0.0,0.0,0.0,0.0,0.0,0.0,0.0,0.0,0.0,0.6,0.0021278112754879,1.0,0.6879269025114038,0.0,0.0,0.0,,,,,,0.0,,,,,429.7808660194278,4666.8134765625,,,,,,,,,,
1265,1,1265.0,0.0,32.0,32.0,0.0731925467262044,0.0,74.0,0.0,0.0,0.0,0.0,0.0,0.0,0.0,0.0,0.0,0.6,0.0021278112754879,1.0,0.6853170686159905,0.0,0.0,0.0,,,,,,0.0,,,,,440.42261806316674,4668.1572265625,,,,,,,,,,
1266,1,1266.0,0.0,32.0,32.0,0.0477426685392856,0.0,74.0,0.0,0.0,0.0,0.0,0.0,0.0,0.0,0.0,0.0,0.6,0.0021278112754879,1.0,0.6835072675156312,0.0,0.0,0.0,,,,,,0.0,,,,,422.5707359146327,4677.2822265625,,,,,,,,,,
1267,1,1267.0,0.0,32.0,32.0,0.0322271984769031,0.0,74.0,0.0,0.0,0.0,0.0,0.0,0.0,0.0,0.0,0.0,0.6,0.0021278112754879,1.0,0.6844095605399274,0.0,0.0,0.0,,,,,,0.0,,,,,437.4782349914312,4668.0009765625,,,,,,,,,,
1268,1,1268.0,0.0,32.0,32.0,0.1635707245441153,0.0,74.0,0.0,0.0,0.0,0.0,0.0,0.0,0.0,0.0,0.0,0.6,0.0021278112754879,1.0,0.6788674180575965,0.0,0.0,0.0,,,,,,0.0,,,,,503.93435498699546,4661.1884765625,,,,,,,,,,
1269,1,1269.0,0.0,32.0,32.0,0.1688811062485911,0.0,74.0,0.0,0.0,0.0,0.0,0.0,0.0,0.0,0.0,0.0,0.6,0.0021278112754879,1.0,0.6880543362828058,0.0,0.0,0.0,,,,,,0.0,,,,,433.0746739869937,4672.1572265625,,,,,,,,,,
1270,1,1270.0,0.0,32.0,32.0,0.3275085562490858,0.0,74.0,0.0,0.0,0.0,0.0,0.0,0.0,0.0,0.0,0.0,0.6,0.0021278112754879,1.0,0.6860380179664837,0.0,0.0,0.0,,,,,,0.0,,,,,442.3942290013656,4666.8134765625,,,,,,,,,,
1271,1,1271.0,0.0,32.0,32.0,0.064914166170638,0.0,74.0,0.0,0.0,0.0,0.0,0.0,0.0,0.0,0.0,0.0,0.6,0.0021278112754879,1.0,0.6825577924847773,0.0,0.0,0.0,,,,,,0.0,,,,,424.09482202492654,4672.8916015625,,,,,,,,,,
1272,1,1272.0,0.0,32.0,32.0,0.1783770807087421,0.0,74.0,0.0,0.0,0.0,0.0,0.0,0.0,0.0,0.0,0.0,0.6,0.0021278112754879,1.0,0.6868879719252836,0.0,0.0,0.0,,,,,,0.0,,,,,438.1310149328783,4668.7041015625,,,,,,,,,,
1273,1,1273.0,0.0,32.0,32.0,0.2076840774388983,0.0,74.0,0.0,0.0,0.0,0.0,0.0,0.0,0.0,0.0,0.0,0.6,0.0021278112754879,1.0,0.6861687247691196,0.0,0.0,0.0,,,,,,0.0,,,,,428.3053679391742,4672.7353515625,,,,,,,,,,
1274,1,1274.0,0.0,32.0,32.0,0.0727664394071325,0.0,74.0,0.0,0.0,0.0,0.0,0.0,0.0,0.0,0.0,0.0,0.6,0.0021278112754879,1.0,0.6922082952277308,0.0,0.0,0.0,,,,,,0.0,,,,,438.7048940407112,4680.5556640625,,,,,,,,,,
1275,1,1275.0,0.0,32.0,32.0,0.1427590158418752,0.0,74.0,0.0,0.0,0.0,0.0,0.0,0.0,0.0,0.0,0.0,0.6,0.0021278112754879,1.0,0.686873985438167,0.0,0.0,0.0,,,,,,0.0,,,,,424.840833991766,4680.5556640625,,,,,,,,,,
1276,1,1276.0,0.0,32.0,32.0,0.0744676330359652,0.0,74.0,0.0,0.0,0.0,0.0,0.0,0.0,0.0,0.0,0.0,0.6,0.0021278112754879,1.0,0.6858148269904029,0.0,0.0,0.0,,,,,,0.0,,,,,436.1826060339809,4668.1572265625,,,,,,,,,,
1277,1,1277.0,0.0,32.0,32.0,0.0311450352892279,1.0,74.0,0.0135135135135135,0.0,1.0,0.0,1.0,0.1521236412531635,0.0,0.1521236412531635,0.0,0.6,0.0021278112754879,1.0000000000002789,0.6861477284637832,-7.426322657422869e-11,0.0,1.0,1.0,,0.5,-1.4426950249075512e-08,-9.999999889225293e-09,1.0,0.5070788041772116,,,,426.8654990009964,4671.0009765625,,,,,,,,,,
1278,1,1278.0,0.0,32.0,32.0,0.1857667772565037,0.0,74.0,0.0,0.0,0.0,0.0,0.0,0.0,0.0,0.0,0.0,0.6,0.0021278112754879,1.0,0.6835345294175088,0.0,0.0,0.0,,,,,,0.0,,,,,440.2485309401527,4667.9384765625,,,,,,,,,,
1279,1,1279.0,0.0,32.0,32.0,0.1404506914550438,0.0,74.0,0.0,0.0,0.0,0.0,0.0,0.0,0.0,0.0,0.0,0.6,0.0021278112754879,1.0,0.693313054359261,0.0,0.0,0.0,,,,,,0.0,,,,,428.7770730443299,4672.8916015625,,,,,,,,,,
1280,1,1280.0,0.0,32.0,32.0,0.12883878685534,0.0,74.0,0.0,0.0,0.0,0.0,0.0,0.0,0.0,0.0,0.0,0.6,0.0021278112754879,1.0,0.6893028859081157,0.0,0.0,0.0,,,,,,0.0,,,,,433.512688963674,4664.8916015625,,,,,,,,,,
1281,1,1281.0,0.0,32.0,32.0,0.2664608489722013,0.0,74.0,0.0,0.0,0.0,0.0,0.0,0.0,0.0,0.0,0.0,0.6,0.0021278112754879,1.0,0.6879830699938938,0.0,0.0,0.0,,,,,,0.0,,,,,428.9509060326964,4661.1884765625,,,,,,,,,,
1282,1,1282.0,0.0,32.0,32.0,0.153838479949627,0.0,74.0,0.0,0.0,0.0,0.0,0.0,0.0,0.0,0.0,0.0,0.6,0.0021278112754879,1.0,0.6875308642542485,0.0,0.0,0.0,,,,,,0.0,,,,,436.90937804058194,4672.1572265625,,,,,,,,,,
1283,1,1283.0,0.0,32.0,32.0,0.0302314008586108,2.0,74.0,0.027027027027027,0.0,2.0,0.0,1.0,0.152531871286938,0.0,0.152531871286938,0.0,0.6,0.0021278112754879,1.0000000000098348,0.683591014363488,-4.872502135250406e-10,0.0,2.0,1.0,,0.5,-1.4426950249075512e-08,-9.999999889225293e-09,1.0,0.5084395709564601,-0.009504604153335,0.5047523020766675,,429.4302990892902,4671.2353515625,,,,,,,,,,
1284,1,1284.0,0.0,32.0,32.0,0.2148171896697022,0.0,74.0,0.0,0.0,0.0,0.0,0.0,0.0,0.0,0.0,0.0,0.6,0.0021278112754879,1.0,0.6877511338601919,0.0,0.0,0.0,,,,,,0.0,,,,,430.9596689417958,4667.6259765625,,,,,,,,,,
1285,1,1285.0,0.0,32.0,32.0,0.3370967621449381,0.0,74.0,0.0,0.0,0.0,0.0,0.0,0.0,0.0,0.0,0.0,0.6,0.0021278112754879,1.0,0.690563778058891,0.0,0.0,0.0,,,,,,0.0,,,,,427.9637769795954,4671.4228515625,,,,,,,,,,
1286,1,1286.0,0.0,32.0,32.0,0.1248759268783032,0.0,74.0,0.0,0.0,0.0,0.0,0.0,0.0,0.0,0.0,0.0,0.6,0.0021278112754879,1.0,0.6889656591962849,0.0,0.0,0.0,,,,,,0.0,,,,,439.6656259195879,4672.1572265625,,,,,,,,,,
1287,1,1287.0,0.0,32.0,32.0,0.1538947112858295,0.0,74.0,0.0,0.0,0.0,0.0,0.0,0.0,0.0,0.0,0.0,0.6,0.0021278112754879,1.0,0.6885820425096818,0.0,0.0,0.0,,,,,,0.0,,,,,429.1625660844147,4667.2197265625,,,,,,,,,,
1288,1,1288.0,0.0,32.0,32.0,0.0402741765137761,2.0,74.0,0.027027027027027,0.0,2.0,0.0,1.0,0.1533694501515353,0.0,0.1533694501515353,0.0,0.6,0.0021278112754879,1.0,0.6855201112452918,7.633094980972918e-10,0.0,2.0,1.0,,0.5,-1.4426950249075512e-08,-9.999999889225293e-09,1.0,0.5128685532541268,-0.0006895855185575,0.5003447927592788,,437.8851540386677,4668.0009765625,,,,,,,,,,
1289,1,1289.0,0.0,32.0,32.0,0.2310006557963788,0.0,74.0,0.0,0.0,0.0,0.0,0.0,0.0,0.0,0.0,0.0,0.6,0.0021278112754879,1.0,0.6852012919167935,0.0,0.0,0.0,,,,,,0.0,,,,,421.62199900485575,4661.1884765625,,,,,,,,,,
1290,1,1290.0,0.0,32.0,32.0,0.0944907983066514,0.0,74.0,0.0,0.0,0.0,0.0,0.0,0.0,0.0,0.0,0.0,0.6,0.0021278112754879,1.0,0.6812222044278415,0.0,0.0,0.0,,,,,,0.0,,,,,439.2660919111222,4668.0009765625,,,,,,,,,,
1291,1,1291.0,0.0,32.0,32.0,0.0670981267467141,0.0,74.0,0.0,0.0,0.0,0.0,0.0,0.0,0.0,0.0,0.0,0.6,0.0021278112754879,1.0,0.6856124244535651,0.0,0.0,0.0,,,,,,0.0,,,,,430.1811979385093,4668.4384765625,,,,,,,,,,
1292,1,1292.0,0.0,32.0,32.0,0.2339762515621259,0.0,74.0,0.0,0.0,0.0,0.0,0.0,0.0,0.0,0.0,0.0,0.6,0.0021278112754879,1.0,0.6823879118993259,0.0,0.0,0.0,,,,,,0.0,,,,,440.0627900613472,4671.2353515625,,,,,,,,,,
1293,1,1293.0,0.0,32.0,32.0,0.1903792310040444,0.0,74.0,0.0,0.0,0.0,0.0,0.0,0.0,0.0,0.0,0.0,0.6,0.0021278112754879,1.0,0.6794710528928998,0.0,0.0,0.0,,,,,,0.0,,,,,424.5689110830426,4669.0634765625,,,,,,,,,,
1294,1,1294.0,0.0,32.0,32.0,0.2561610572738573,0.0,74.0,0.0,0.0,0.0,0.0,0.0,0.0,0.0,0.0,0.0,0.6,0.0021278112754879,1.0,0.683917720838968,0.0,0.0,0.0,,,,,,0.0,,,,,440.2957040583715,4668.1572265625,,,,,,,,,,
1295,1,1295.0,0.0,32.0,32.0,0.317956656916067,0.0,74.0,0.0,0.0,0.0,0.0,0.0,0.0,0.0,0.0,0.0,0.6,0.0021278112754879,1.0,0.6875477877864253,0.0,0.0,0.0,,,,,,0.0,,,,,429.4430459849536,4667.6259765625,,,,,,,,,,
1296,1,1296.0,0.0,32.0,32.0,0.2246692618355155,0.0,74.0,0.0,0.0,0.0,0.0,0.0,0.0,0.0,0.0,0.0,0.6,0.0021278112754879,1.0,0.6887821971451232,0.0,0.0,0.0,,,,,,0.0,,,,,441.2899410817772,4672.1572265625,,,,,,,,,,
1297,1,1297.0,0.0,32.0,32.0,0.2999228325206786,0.0,74.0,0.0,0.0,0.0,0.0,0.0,0.0,0.0,0.0,0.0,0.6,0.0021278112754879,1.0,0.6870350678099889,0.0,0.0,0.0,,,,,,0.0,,,,,430.7649480178952,4668.4384765625,,,,,,,,,,
1298,1,1298.0,0.0,32.0,32.0,0.1342459204606712,0.0,74.0,0.0,0.0,0.0,0.0,0.0,0.0,0.0,0.0,0.0,0.6,0.0021278112754879,1.0,0.6825321948788595,0.0,0.0,0.0,,,,,,0.0,,,,,436.8032499914989,4675.8837890625,,,,,,,,,,
1299,1,1299.0,0.0,32.0,32.0,0.1105921672424301,0.0,74.0,0.0,0.0,0.0,0.0,0.0,0.0,0.0,0.0,0.0,0.6,0.0021278112754879,1.0,0.6798502987094215,0.0,0.0,0.0,,,,,,0.0,,,,,428.8749700644985,4667.7197265625,,,,,,,,,,
1300,1,1300.0,0.0,32.0,32.0,0.5796315497718751,0.0,74.0,0.0,0.0,0.0,0.0,0.0,0.0,0.0,0.0,0.0,0.6,0.0021278112754879,1.0,0.6872357344082382,0.0,0.0,0.0,,,,,,0.0,,,,,444.6119589265436,4672.7353515625,,,,,,,,,,
1301,1,1301.0,0.0,32.0,32.0,0.2689905969891697,0.0,74.0,0.0,0.0,0.0,0.0,0.0,0.0,0.0,0.0,0.0,0.6,0.0021278112754879,1.0,0.6859580185882528,0.0,0.0,0.0,,,,,,0.0,,,,,429.2535699205473,4672.1572265625,,,,,,,,,,
1302,1,1302.0,0.0,32.0,32.0,0.3516438088845461,0.0,74.0,0.0,0.0,0.0,0.0,0.0,0.0,0.0,0.0,0.0,0.6,0.0021278112754879,1.0,0.6813373119909802,0.0,0.0,0.0,,,,,,0.0,,,,,434.7780349198729,4670.9228515625,,,,,,,,,,
1303,1,1303.0,0.0,32.0,32.0,0.1081493904348462,0.0,74.0,0.0,0.0,0.0,0.0,0.0,0.0,0.0,0.0,0.0,0.6,0.0021278112754879,1.0,0.6778366014725731,0.0,0.0,0.0,,,,,,0.0,,,,,430.7039079722017,4668.4384765625,,,,,,,,,,
1304,1,1304.0,0.0,32.0,32.0,0.1819478382822126,0.0,74.0,0.0,0.0,0.0,0.0,0.0,0.0,0.0,0.0,0.0,0.6,0.0021278112754879,1.0,0.6918786633994944,0.0,0.0,0.0,,,,,,0.0,,,,,440.3004549676552,4668.1572265625,,,,,,,,,,
1305,1,1305.0,0.0,32.0,32.0,0.3031468952540308,0.0,74.0,0.0,0.0,0.0,0.0,0.0,0.0,0.0,0.0,0.0,0.6,0.0021278112754879,1.0,0.6811826795211707,0.0,0.0,0.0,,,,,,0.0,,,,,428.9978799642995,4669.0634765625,,,,,,,,,,
1306,1,1306.0,0.0,32.0,32.0,0.1049150906037539,0.0,74.0,0.0,0.0,0.0,0.0,0.0,0.0,0.0,0.0,0.0,0.6,0.0021278112754879,1.0,0.6837600673240853,0.0,0.0,0.0,,,,,,0.0,,,,,436.0552140278742,4668.5166015625,,,,,,,,,,
1307,1,1307.0,0.0,32.0,32.0,0.210137529997155,0.0,74.0,0.0,0.0,0.0,0.0,0.0,0.0,0.0,0.0,0.0,0.6,0.0021278112754879,1.0,0.6833708516376376,0.0,0.0,0.0,,,,,,0.0,,,,,424.6070539811626,4669.0634765625,,,,,,,,,,
1308,1,1308.0,0.0,32.0,32.0,0.3653953099856153,0.0,74.0,0.0,0.0,0.0,0.0,0.0,0.0,0.0,0.0,0.0,0.6,0.0021278112754879,1.0,0.6817204292976788,0.0,0.0,0.0,,,,,,0.0,,,,,437.50673497561365,4664.4541015625,,,,,,,,,,
1309,1,1309.0,0.0,32.0,32.0,0.2940843948163092,0.0,74.0,0.0,0.0,0.0,0.0,0.0,0.0,0.0,0.0,0.0,0.6,0.0021278112754879,1.0,0.6844219159965444,0.0,0.0,0.0,,,,,,0.0,,,,,426.8261790275574,4667.2197265625,,,,,,,,,,
1310,1,1310.0,0.0,32.0,32.0,0.0758880353532731,0.0,74.0,0.0,0.0,0.0,0.0,0.0,0.0,0.0,0.0,0.0,0.6,0.0021278112754879,1.0,0.6797886719944688,0.0,0.0,0.0,,,,,,0.0,,,,,435.8027670532465,4671.2353515625,,,,,,,,,,
1311,1,1311.0,0.0,32.0,32.0,0.2546094621066004,0.0,74.0,0.0,0.0,0.0,0.0,0.0,0.0,0.0,0.0,0.0,0.6,0.0021278112754879,1.0,0.6806158251719698,0.0,0.0,0.0,,,,,,0.0,,,,,424.5163819286972,4677.2822265625,,,,,,,,,,
1312,1,1312.0,0.0,32.0,32.0,0.1596005107276141,0.0,74.0,0.0,0.0,0.0,0.0,0.0,0.0,0.0,0.0,0.0,0.6,0.0021278112754879,1.0,0.6919475986588492,0.0,0.0,0.0,,,,,,0.0,,,,,440.1373389409855,4671.2353515625,,,,,,,,,,
1313,1,1313.0,0.0,32.0,32.0,0.177040797425434,0.0,74.0,0.0,0.0,0.0,0.0,0.0,0.0,0.0,0.0,0.0,0.6,0.0021278112754879,1.0,0.682335898340972,0.0,0.0,0.0,,,,,,0.0,,,,,429.9544331151992,4672.1572265625,,,,,,,,,,
1314,1,1314.0,0.0,32.0,32.0,0.1646232847124338,0.0,74.0,0.0,0.0,0.0,0.0,0.0,0.0,0.0,0.0,0.0,0.6,0.0021278112754879,1.0,0.6860692283954914,0.0,0.0,0.0,,,,,,0.0,,,,,439.4238860113546,4677.2822265625,,,,,,,,,,
1315,1,1315.0,0.0,32.0,32.0,0.157982615288347,0.0,74.0,0.0,0.0,0.0,0.0,0.0,0.0,0.0,0.0,0.0,0.6,0.0021278112754879,1.0,0.6840940411673094,0.0,0.0,0.0,,,,,,0.0,,,,,423.82490693125874,4671.2353515625,,,,,,,,,,
1316,1,1316.0,0.0,32.0,32.0,0.1177354021929204,0.0,74.0,0.0,0.0,0.0,0.0,0.0,0.0,0.0,0.0,0.0,0.6,0.0021278112754879,1.0,0.6796668863732257,0.0,0.0,0.0,,,,,,0.0,,,,,438.8383249752224,4672.8916015625,,,,,,,,,,
1317,1,1317.0,0.0,32.0,32.0,0.156334753613919,0.0,74.0,0.0,0.0,0.0,0.0,0.0,0.0,0.0,0.0,0.0,0.6,0.0021278112754879,1.0,0.6874393289243406,0.0,0.0,0.0,,,,,,0.0,,,,,428.746607969515,4672.7353515625,,,,,,,,,,
1318,1,1318.0,0.0,32.0,32.0,0.0828871238045394,0.0,74.0,0.0,0.0,0.0,0.0,0.0,0.0,0.0,0.0,0.0,0.6,0.0021278112754879,1.0,0.6887513264187659,0.0,0.0,0.0,,,,,,0.0,,,,,436.6598770720884,4661.1884765625,,,,,,,,,,
1319,1,1319.0,0.0,32.0,32.0,0.0606130706146359,0.0,74.0,0.0,0.0,0.0,0.0,0.0,0.0,0.0,0.0,0.0,0.6,0.0021278112754879,1.0,0.6838369254074999,0.0,0.0,0.0,,,,,,0.0,,,,,428.1361480243504,4664.8916015625,,,,,,,,,,
1320,1,1320.0,0.0,32.0,32.0,0.0547488427255302,0.0,74.0,0.0,0.0,0.0,0.0,0.0,0.0,0.0,0.0,0.0,0.6,0.0021278112754879,1.0,0.6884766464926887,0.0,0.0,0.0,,,,,,0.0,,,,,435.6315390905365,4668.1572265625,,,,,,,,,,
1321,1,1321.0,0.0,32.0,32.0,0.1982343647396192,0.0,74.0,0.0,0.0,0.0,0.0,0.0,0.0,0.0,0.0,0.0,0.6,0.0021278112754879,1.0,0.6862248049420834,0.0,0.0,0.0,,,,,,0.0,,,,,430.2564969984815,4668.1572265625,,,,,,,,,,
1322,1,1322.0,0.0,32.0,32.0,0.0807470471481792,0.0,74.0,0.0,0.0,0.0,0.0,0.0,0.0,0.0,0.0,0.0,0.6,0.0021278112754879,1.0,0.6860801932723897,0.0,0.0,0.0,,,,,,0.0,,,,,442.23692698869854,4668.1572265625,,,,,,,,,,
1323,1,1323.0,0.0,32.0,32.0,0.2519609962473623,0.0,74.0,0.0,0.0,0.0,0.0,0.0,0.0,0.0,0.0,0.0,0.6,0.0021278112754879,1.0,0.6911010606310153,0.0,0.0,0.0,,,,,,0.0,,,,,424.53379300422966,4661.1884765625,,,,,,,,,,
1324,1,1324.0,0.0,32.0,32.0,0.1376565162208862,0.0,74.0,0.0,0.0,0.0,0.0,0.0,0.0,0.0,0.0,0.0,0.6,0.0021278112754879,1.0,0.6883719270422596,0.0,0.0,0.0,,,,,,0.0,,,,,432.67866305541247,4667.2197265625,,,,,,,,,,
1325,1,1325.0,0.0,32.0,32.0,0.1649958009365946,0.0,74.0,0.0,0.0,0.0,0.0,0.0,0.0,0.0,0.0,0.0,0.6,0.0021278112754879,1.0,0.6879044580811519,0.0,0.0,0.0,,,,,,0.0,,,,,429.9271350027993,4664.8916015625,,,,,,,,,,
1326,1,1326.0,0.0,32.0,32.0,0.3722728152060881,0.0,74.0,0.0,0.0,0.0,0.0,0.0,0.0,0.0,0.0,0.0,0.6,0.0021278112754879,1.0,0.6877316848512817,0.0,0.0,0.0,,,,,,0.0,,,,,437.4832320027053,4669.0634765625,,,,,,,,,,
1327,1,1327.0,0.0,32.0,32.0,0.0597208489198237,0.0,74.0,0.0,0.0,0.0,0.0,0.0,0.0,0.0,0.0,0.0,0.6,0.0021278112754879,1.0,0.6841686039612179,0.0,0.0,0.0,,,,,,0.0,,,,,427.6819709921256,4669.0634765625,,,,,,,,,,
1328,1,1328.0,0.0,32.0,32.0,0.0201651380048133,4.0,74.0,0.054054054054054,0.0,4.0,0.0,1.0,0.1519701345957325,0.0,0.1519701345957325,0.0,0.6,0.0021278112754879,1.0000000000143905,0.6920654056693629,-3.530662210838429e-10,0.0,4.0,1.0,,0.5,-1.4426950249075512e-08,-9.999999889225293e-09,1.0,0.5069289380776669,0.0086539015173912,0.4956730492413044,,434.91622793953866,4671.0009765625,,,,,,,,,,
1329,1,1329.0,0.0,32.0,32.0,0.1572448036749847,0.0,74.0,0.0,0.0,0.0,0.0,0.0,0.0,0.0,0.0,0.0,0.6,0.0021278112754879,1.0,0.6898373831247023,0.0,0.0,0.0,,,,,,0.0,,,,,427.1714220521972,4669.0634765625,,,,,,,,,,
1330,1,1330.0,0.0,32.0,32.0,0.013985496974783,7.0,74.0,0.0945945945945946,3.0,4.0,0.4285714285714285,0.5714285714285714,0.1477649651805957,0.1341189673666092,0.1579994635410856,0.0,0.6,0.0021278112754879,0.999999999849297,0.6880243728434015,-4.6802970074514406e-09,3.0,4.0,0.1428571428571428,1.3333333333333333,1.0,0.9852281071803508,0.6829080847004718,2.0,0.5380641373063446,0.0006842809525551,0.4996578595237224,0.0090566045048402,442.5862800562754,4661.1884765625,,,,,,,,,,
1331,1,1331.0,0.0,32.0,32.0,0.2947901143925264,0.0,74.0,0.0,0.0,0.0,0.0,0.0,0.0,0.0,0.0,0.0,0.6,0.0021278112754879,1.0,0.6896130649215768,0.0,0.0,0.0,,,,,,0.0,,,,,428.44073101878166,4667.9384765625,,,,,,,,,,
1332,1,1332.0,0.0,32.0,32.0,0.1593754797941073,0.0,74.0,0.0,0.0,0.0,0.0,0.0,0.0,0.0,0.0,0.0,0.6,0.0021278112754879,1.0,0.6814828877579224,0.0,0.0,0.0,,,,,,0.0,,,,,434.0610679937527,4668.3134765625,,,,,,,,,,
1333,1,1333.0,0.0,32.0,32.0,0.1256878994172439,0.0,74.0,0.0,0.0,0.0,0.0,0.0,0.0,0.0,0.0,0.0,0.6,0.0021278112754879,1.0,0.6880324853935031,0.0,0.0,0.0,,,,,,0.0,,,,,423.0407079448924,4670.3134765625,,,,,,,,,,
1334,1,1334.0,0.0,32.0,32.0,0.3509731896920129,0.0,74.0,0.0,0.0,0.0,0.0,0.0,0.0,0.0,0.0,0.0,0.6,0.0021278112754879,1.0,0.6901307951930207,0.0,0.0,0.0,,,,,,0.0,,,,,437.80932598747313,4666.8134765625,,,,,,,,,,
1335,1,1335.0,0.0,32.0,32.0,0.1240943705197423,0.0,74.0,0.0,0.0,0.0,0.0,0.0,0.0,0.0,0.0,0.0,0.6,0.0021278112754879,1.0,0.691415510385048,0.0,0.0,0.0,,,,,,0.0,,,,,426.9446019316092,4672.1572265625,,,,,,,,,,
1336,1,1336.0,0.0,32.0,32.0,0.1422794063109904,0.0,74.0,0.0,0.0,0.0,0.0,0.0,0.0,0.0,0.0,0.0,0.6,0.0021278112754879,1.0,0.6894513613749033,0.0,0.0,0.0,,,,,,0.0,,,,,433.7901619728655,4664.8916015625,,,,,,,,,,
1337,1,1337.0,0.0,32.0,32.0,0.5409950605244376,0.0,74.0,0.0,0.0,0.0,0.0,0.0,0.0,0.0,0.0,0.0,0.6,0.0021278112754879,1.0,0.6874603943566605,0.0,0.0,0.0,,,,,,0.0,,,,,421.2087589548901,4669.0634765625,,,,,,,,,,
1338,1,1338.0,0.0,32.0,32.0,0.2792078708298504,0.0,74.0,0.0,0.0,0.0,0.0,0.0,0.0,0.0,0.0,0.0,0.6,0.0021278112754879,1.0,0.6895107033300556,0.0,0.0,0.0,,,,,,0.0,,,,,436.0328159527853,4668.5166015625,,,,,,,,,,
1339,1,1339.0,0.0,32.0,32.0,0.2889640386565588,0.0,74.0,0.0,0.0,0.0,0.0,0.0,0.0,0.0,0.0,0.0,0.6,0.0021278112754879,1.0,0.692930079494316,0.0,0.0,0.0,,,,,,0.0,,,,,425.8054330712184,4676.4775390625,,,,,,,,,,
1340,1,1340.0,0.0,32.0,32.0,0.1908376971259713,0.0,74.0,0.0,0.0,0.0,0.0,0.0,0.0,0.0,0.0,0.0,0.6,0.0021278112754879,1.0,0.6857955117134511,0.0,0.0,0.0,,,,,,0.0,,,,,513.8420989969745,4669.0634765625,,,,,,,,,,
1341,1,1341.0,0.0,32.0,32.0,0.1960963570163585,0.0,74.0,0.0,0.0,0.0,0.0,0.0,0.0,0.0,0.0,0.0,0.6,0.0021278112754879,1.0,0.6861714571615977,0.0,0.0,0.0,,,,,,0.0,,,,,424.6493560494855,4667.4072265625,,,,,,,,,,
1342,1,1342.0,0.0,32.0,32.0,0.2376312792766839,0.0,74.0,0.0,0.0,0.0,0.0,0.0,0.0,0.0,0.0,0.0,0.6,0.0021278112754879,1.0,0.6878082051957705,0.0,0.0,0.0,,,,,,0.0,,,,,434.3098780373112,4668.0009765625,,,,,,,,,,
1343,1,1343.0,0.0,32.0,32.0,0.2349444010760635,0.0,74.0,0.0,0.0,0.0,0.0,0.0,0.0,0.0,0.0,0.0,0.6,0.0021278112754879,1.0,0.68992953049493,0.0,0.0,0.0,,,,,,0.0,,,,,425.3004059428349,4667.6259765625,,,,,,,,,,
1344,1,1344.0,0.0,32.0,32.0,0.0613972964929416,0.0,74.0,0.0,0.0,0.0,0.0,0.0,0.0,0.0,0.0,0.0,0.6,0.0021278112754879,1.0,0.6901115318249974,0.0,0.0,0.0,,,,,,0.0,,,,,435.6431750347838,4664.8916015625,,,,,,,,,,
1345,1,1345.0,0.0,32.0,32.0,0.2933604276040569,0.0,74.0,0.0,0.0,0.0,0.0,0.0,0.0,0.0,0.0,0.0,0.6,0.0021278112754879,1.0,0.688101798633422,0.0,0.0,0.0,,,,,,0.0,,,,,425.20812596194446,4668.0009765625,,,,,,,,,,
1346,1,1346.0,0.0,32.0,32.0,0.3212833137949928,0.0,74.0,0.0,0.0,0.0,0.0,0.0,0.0,0.0,0.0,0.0,0.6,0.0021278112754879,1.0,0.687549581515092,0.0,0.0,0.0,,,,,,0.0,,,,,433.999176020734,4672.1572265625,,,,,,,,,,
1347,1,1347.0,0.0,32.0,32.0,0.107956476858817,0.0,74.0,0.0,0.0,0.0,0.0,0.0,0.0,0.0,0.0,0.0,0.6,0.0021278112754879,1.0,0.6855802990992409,0.0,0.0,0.0,,,,,,0.0,,,,,426.98440805543214,4671.2353515625,,,,,,,,,,
1348,1,1348.0,0.0,32.0,32.0,0.365556102944538,0.0,74.0,0.0,0.0,0.0,0.0,0.0,0.0,0.0,0.0,0.0,0.6,0.0021278112754879,1.0,0.6802870313080012,0.0,0.0,0.0,,,,,,0.0,,,,,436.04229495394975,4675.8837890625,,,,,,,,,,
1349,1,1349.0,0.0,32.0,32.0,0.1149948481470346,0.0,74.0,0.0,0.0,0.0,0.0,0.0,0.0,0.0,0.0,0.0,0.6,0.0021278112754879,1.0,0.6853288337495077,0.0,0.0,0.0,,,,,,0.0,,,,,426.2054479913786,4667.9384765625,,,,,,,,,,
1350,1,1350.0,0.0,32.0,32.0,0.2329698847606778,0.0,74.0,0.0,0.0,0.0,0.0,0.0,0.0,0.0,0.0,0.0,0.6,0.0021278112754879,1.0,0.6906957415840042,0.0,0.0,0.0,,,,,,0.0,,,,,433.5734269116074,4680.5556640625,,,,,,,,,,
1351,1,1351.0,0.0,32.0,32.0,0.1078641414642334,0.0,74.0,0.0,0.0,0.0,0.0,0.0,0.0,0.0,0.0,0.0,0.6,0.0021278112754879,1.0,0.6852385792993062,0.0,0.0,0.0,,,,,,0.0,,,,,429.1447239229456,4667.1728515625,,,,,,,,,,
1352,1,1352.0,0.0,32.0,32.0,0.2122836951166391,0.0,74.0,0.0,0.0,0.0,0.0,0.0,0.0,0.0,0.0,0.0,0.6,0.0021278112754879,1.0,0.6845205516971639,0.0,0.0,0.0,,,,,,0.0,,,,,437.5614579766989,4668.7041015625,,,,,,,,,,
1353,1,1353.0,0.0,32.0,32.0,0.3371853721328079,0.0,74.0,0.0,0.0,0.0,0.0,0.0,0.0,0.0,0.0,0.0,0.6,0.0021278112754879,1.0,0.6887937595685371,0.0,0.0,0.0,,,,,,0.0,,,,,429.6427769586444,4668.1572265625,,,,,,,,,,
1354,1,1354.0,0.0,32.0,32.0,0.172460950911045,0.0,74.0,0.0,0.0,0.0,0.0,0.0,0.0,0.0,0.0,0.0,0.6,0.0021278112754879,1.0,0.6846434040558413,0.0,0.0,0.0,,,,,,0.0,,,,,433.8666569674388,4669.0634765625,,,,,,,,,,
1355,1,1355.0,0.0,32.0,32.0,0.2076277395244687,0.0,74.0,0.0,0.0,0.0,0.0,0.0,0.0,0.0,0.0,0.0,0.6,0.0021278112754879,1.0,0.6850908584149907,0.0,0.0,0.0,,,,,,0.0,,,,,424.433275940828,4671.4228515625,,,,,,,,,,
1356,1,1356.0,0.0,32.0,32.0,0.144195897039026,0.0,74.0,0.0,0.0,0.0,0.0,0.0,0.0,0.0,0.0,0.0,0.6,0.0021278112754879,1.0,0.688976749508544,0.0,0.0,0.0,,,,,,0.0,,,,,443.51135310716927,4667.1728515625,,,,,,,,,,
1357,1,1357.0,0.0,32.0,32.0,0.1216697711497545,0.0,74.0,0.0,0.0,0.0,0.0,0.0,0.0,0.0,0.0,0.0,0.6,0.0021278112754879,1.0,0.6871080089626743,0.0,0.0,0.0,,,,,,0.0,,,,,430.2853998960927,4666.8134765625,,,,,,,,,,
1358,1,1358.0,0.0,32.0,32.0,0.0858712869230657,0.0,74.0,0.0,0.0,0.0,0.0,0.0,0.0,0.0,0.0,0.0,0.6,0.0021278112754879,1.0,0.6870266913429595,0.0,0.0,0.0,,,,,,0.0,,,,,439.80570998974144,4668.0009765625,,,,,,,,,,
1359,1,1359.0,0.0,32.0,32.0,0.2237810315564274,0.0,74.0,0.0,0.0,0.0,0.0,0.0,0.0,0.0,0.0,0.0,0.6,0.0021278112754879,1.0,0.6863262092089891,0.0,0.0,0.0,,,,,,0.0,,,,,422.00781195424497,4661.1884765625,,,,,,,,,,
1360,1,1360.0,0.0,32.0,32.0,0.3785878601484,0.0,74.0,0.0,0.0,0.0,0.0,0.0,0.0,0.0,0.0,0.0,0.6,0.0021278112754879,1.0,0.6883165654008291,0.0,0.0,0.0,,,,,,0.0,,,,,439.3326819408685,4669.0634765625,,,,,,,,,,
1361,1,1361.0,0.0,32.0,32.0,0.3427581393625587,0.0,74.0,0.0,0.0,0.0,0.0,0.0,0.0,0.0,0.0,0.0,0.6,0.0021278112754879,1.0,0.6861926547023308,0.0,0.0,0.0,,,,,,0.0,,,,,427.0968200871721,4676.2509765625,,,,,,,,,,
1362,1,1362.0,0.0,32.0,32.0,0.2324241599999368,0.0,74.0,0.0,0.0,0.0,0.0,0.0,0.0,0.0,0.0,0.0,0.6,0.0021278112754879,1.0,0.6823292030448197,0.0,0.0,0.0,,,,,,0.0,,,,,437.3586839064956,4671.4228515625,,,,,,,,,,
1363,1,1363.0,0.0,32.0,32.0,0.186887742485851,0.0,74.0,0.0,0.0,0.0,0.0,0.0,0.0,0.0,0.0,0.0,0.6,0.0021278112754879,1.0,0.6887495403124653,0.0,0.0,0.0,,,,,,0.0,,,,,424.99869398307055,4669.0634765625,,,,,,,,,,
1364,1,1364.0,0.0,32.0,32.0,0.2209566002711653,0.0,74.0,0.0,0.0,0.0,0.0,0.0,0.0,0.0,0.0,0.0,0.6,0.0021278112754879,1.0,0.6904380975535294,0.0,0.0,0.0,,,,,,0.0,,,,,432.5439820531756,4667.6259765625,,,,,,,,,,
1365,1,1365.0,0.0,32.0,32.0,0.3559540872229263,0.0,74.0,0.0,0.0,0.0,0.0,0.0,0.0,0.0,0.0,0.0,0.6,0.0021278112754879,1.0,0.6839238670068343,0.0,0.0,0.0,,,,,,0.0,,,,,430.2178720245138,4671.2353515625,,,,,,,,,,
1366,1,1366.0,0.0,32.0,32.0,0.226190171088092,0.0,74.0,0.0,0.0,0.0,0.0,0.0,0.0,0.0,0.0,0.0,0.6,0.0021278112754879,1.0,0.6909701764408369,0.0,0.0,0.0,,,,,,0.0,,,,,442.5355560379103,4666.8134765625,,,,,,,,,,
1367,1,1367.0,0.0,32.0,32.0,0.2196436002850532,0.0,74.0,0.0,0.0,0.0,0.0,0.0,0.0,0.0,0.0,0.0,0.6,0.0021278112754879,1.0,0.6825526147942261,0.0,0.0,0.0,,,,,,0.0,,,,,427.85047309007496,4664.8916015625,,,,,,,,,,
1368,1,1368.0,0.0,32.0,32.0,0.1513694017194211,0.0,74.0,0.0,0.0,0.0,0.0,0.0,0.0,0.0,0.0,0.0,0.6,0.0021278112754879,1.0,0.6875990880333283,0.0,0.0,0.0,,,,,,0.0,,,,,429.26312203053385,4671.0009765625,,,,,,,,,,
1369,1,1369.0,0.0,32.0,32.0,0.1876210840418934,0.0,74.0,0.0,0.0,0.0,0.0,0.0,0.0,0.0,0.0,0.0,0.6,0.0021278112754879,1.0,0.6948068276030205,0.0,0.0,0.0,,,,,,0.0,,,,,430.9218089329079,4672.7353515625,,,,,,,,,,
1370,1,1370.0,0.0,32.0,32.0,0.1905110231600701,0.0,74.0,0.0,0.0,0.0,0.0,0.0,0.0,0.0,0.0,0.0,0.6,0.0021278112754879,1.0,0.6894636035528533,0.0,0.0,0.0,,,,,,0.0,,,,,440.1729389792308,4680.5556640625,,,,,,,,,,
1371,1,1371.0,0.0,32.0,32.0,0.1234241090714931,0.0,74.0,0.0,0.0,0.0,0.0,0.0,0.0,0.0,0.0,0.0,0.6,0.0021278112754879,1.0,0.6840431332687379,0.0,0.0,0.0,,,,,,0.0,,,,,431.6274850862101,4666.8134765625,,,,,,,,,,
1372,1,1372.0,0.0,32.0,32.0,0.2773952420102432,0.0,74.0,0.0,0.0,0.0,0.0,0.0,0.0,0.0,0.0,0.0,0.6,0.0021278112754879,1.0,0.6881194415859182,0.0,0.0,0.0,,,,,,0.0,,,,,432.5613719411194,4680.5556640625,,,,,,,,,,
1373,1,1373.0,0.0,32.0,32.0,0.1931241084821522,0.0,74.0,0.0,0.0,0.0,0.0,0.0,0.0,0.0,0.0,0.0,0.6,0.0021278112754879,1.0,0.6830066052276824,0.0,0.0,0.0,,,,,,0.0,,,,,427.7920629829168,4676.2509765625,,,,,,,,,,
1374,1,1374.0,0.0,32.0,32.0,0.2528631626628339,0.0,74.0,0.0,0.0,0.0,0.0,0.0,0.0,0.0,0.0,0.0,0.6,0.0021278112754879,1.0,0.6888432068820393,0.0,0.0,0.0,,,,,,0.0,,,,,439.1225789440796,4672.1572265625,,,,,,,,,,
1375,1,1375.0,0.0,32.0,32.0,0.0916527423541992,0.0,74.0,0.0,0.0,0.0,0.0,0.0,0.0,0.0,0.0,0.0,0.6,0.0021278112754879,1.0,0.6879434890808964,0.0,0.0,0.0,,,,,,0.0,,,,,435.0082610035315,4672.7353515625,,,,,,,,,,
1376,1,1376.0,0.0,32.0,32.0,0.0869754313025623,0.0,74.0,0.0,0.0,0.0,0.0,0.0,0.0,0.0,0.0,0.0,0.6,0.0021278112754879,1.0,0.6870874670941104,0.0,0.0,0.0,,,,,,0.0,,,,,437.0827990351245,4669.0634765625,,,,,,,,,,
1377,1,1377.0,0.0,32.0,32.0,0.1632664207136258,0.0,74.0,0.0,0.0,0.0,0.0,0.0,0.0,0.0,0.0,0.0,0.6,0.0021278112754879,1.0,0.6891968208036603,0.0,0.0,0.0,,,,,,0.0,,,,,421.08169104903936,4671.0009765625,,,,,,,,,,
1378,1,1378.0,0.0,32.0,32.0,0.1390685369260609,0.0,74.0,0.0,0.0,0.0,0.0,0.0,0.0,0.0,0.0,0.0,0.6,0.0021278112754879,1.0,0.6853783081768642,0.0,0.0,0.0,,,,,,0.0,,,,,440.17004093620926,4676.2509765625,,,,,,,,,,
1379,1,1379.0,0.0,32.0,32.0,0.1404776107519865,0.0,74.0,0.0,0.0,0.0,0.0,0.0,0.0,0.0,0.0,0.0,0.6,0.0021278112754879,1.0,0.6847092562228928,0.0,0.0,0.0,,,,,,0.0,,,,,429.7831309959293,4669.0634765625,,,,,,,,,,
1380,1,1380.0,0.0,32.0,32.0,0.1363756542559713,0.0,74.0,0.0,0.0,0.0,0.0,0.0,0.0,0.0,0.0,0.0,0.6,0.0021278112754879,1.0,0.6876613795920692,0.0,0.0,0.0,,,,,,0.0,,,,,443.8332440331578,4672.1572265625,,,,,,,,,,
1381,1,1381.0,0.0,32.0,32.0,0.1474872599355876,0.0,74.0,0.0,0.0,0.0,0.0,0.0,0.0,0.0,0.0,0.0,0.6,0.0021278112754879,1.0,0.6811637315310871,0.0,0.0,0.0,,,,,,0.0,,,,,423.436617013067,4669.0634765625,,,,,,,,,,
1382,1,1382.0,0.0,32.0,32.0,0.12563109153416,0.0,74.0,0.0,0.0,0.0,0.0,0.0,0.0,0.0,0.0,0.0,0.6,0.0021278112754879,1.0,0.6820633434383281,0.0,0.0,0.0,,,,,,0.0,,,,,435.5504720006138,4672.1572265625,,,,,,,,,,
1383,1,1383.0,0.0,32.0,32.0,0.0924541515996679,0.0,74.0,0.0,0.0,0.0,0.0,0.0,0.0,0.0,0.0,0.0,0.6,0.0021278112754879,1.0,0.6866008190220024,0.0,0.0,0.0,,,,,,0.0,,,,,428.9988620439544,4668.5166015625,,,,,,,,,,
1384,1,1384.0,0.0,32.0,32.0,0.0950146466493606,0.0,74.0,0.0,0.0,0.0,0.0,0.0,0.0,0.0,0.0,0.0,0.6,0.0021278112754879,1.0,0.6845597085440441,0.0,0.0,0.0,,,,,,0.0,,,,,437.1680669719353,4668.3134765625,,,,,,,,,,
1385,1,1385.0,0.0,32.0,32.0,0.3585108024999499,0.0,74.0,0.0,0.0,0.0,0.0,0.0,0.0,0.0,0.0,0.0,0.6,0.0021278112754879,1.0,0.6882687815060236,0.0,0.0,0.0,,,,,,0.0,,,,,424.6053419774398,4676.2509765625,,,,,,,,,,
1386,1,1386.0,0.0,32.0,32.0,0.2687350603519007,0.0,74.0,0.0,0.0,0.0,0.0,0.0,0.0,0.0,0.0,0.0,0.6,0.0021278112754879,1.0,0.687945078423746,0.0,0.0,0.0,,,,,,0.0,,,,,433.7311100680381,4669.0634765625,,,,,,,,,,
1387,1,1387.0,0.0,32.0,32.0,0.170947186590638,0.0,74.0,0.0,0.0,0.0,0.0,0.0,0.0,0.0,0.0,0.0,0.6,0.0021278112754879,1.0,0.6886049562344878,0.0,0.0,0.0,,,,,,0.0,,,,,430.671302950941,4672.7353515625,,,,,,,,,,
1388,1,1388.0,0.0,32.0,32.0,0.1327183698303997,0.0,74.0,0.0,0.0,0.0,0.0,0.0,0.0,0.0,0.0,0.0,0.6,0.0021278112754879,1.0,0.6885211401810281,0.0,0.0,0.0,,,,,,0.0,,,,,443.0683280806989,4680.5556640625,,,,,,,,,,
1389,1,1389.0,0.0,32.0,32.0,0.1241025875788182,0.0,74.0,0.0,0.0,0.0,0.0,0.0,0.0,0.0,0.0,0.0,0.6,0.0021278112754879,1.0,0.6881995728601442,0.0,0.0,0.0,,,,,,0.0,,,,,429.09598001278937,4675.3291015625,,,,,,,,,,
1390,1,1390.0,0.0,32.0,32.0,0.5393238922115415,0.0,74.0,0.0,0.0,0.0,0.0,0.0,0.0,0.0,0.0,0.0,0.6,0.0021278112754879,1.0,0.6868604168453605,0.0,0.0,0.0,,,,,,0.0,,,,,433.8392469799146,4677.2822265625,,,,,,,,,,
1391,1,1391.0,0.0,32.0,32.0,0.0483765692915767,0.0,74.0,0.0,0.0,0.0,0.0,0.0,0.0,0.0,0.0,0.0,0.6,0.0021278112754879,1.0,0.6849338510671017,0.0,0.0,0.0,,,,,,0.0,,,,,429.3022849597037,4664.8916015625,,,,,,,,,,
1392,1,1392.0,0.0,32.0,32.0,0.035273048619274,3.0,74.0,0.0405405405405405,0.0,3.0,0.0,1.0,0.1583693224016007,0.0,0.1583693224016007,0.0,0.6,0.0021278112754879,0.9999999998185084,0.6860476800344086,3.7781076596822975e-10,0.0,3.0,1.0,,0.5,-1.4426950249075512e-08,-9.999999889225293e-09,1.0,0.527897741338669,0.0072395065799355,0.4963802467100322,,442.5348939839751,4667.1728515625,,,,,,,,,,
1393,1,1393.0,0.0,32.0,32.0,0.295411592698656,0.0,74.0,0.0,0.0,0.0,0.0,0.0,0.0,0.0,0.0,0.0,0.6,0.0021278112754879,1.0,0.6891620860830523,0.0,0.0,0.0,,,,,,0.0,,,,,428.7413810379803,4671.2353515625,,,,,,,,,,
1394,1,1394.0,0.0,32.0,32.0,0.5306265333201736,0.0,74.0,0.0,0.0,0.0,0.0,0.0,0.0,0.0,0.0,0.0,0.6,0.0021278112754879,1.0,0.6909404540534845,0.0,0.0,0.0,,,,,,0.0,,,,,434.56168903503567,4672.1572265625,,,,,,,,,,
1395,1,1395.0,0.0,32.0,32.0,0.0501927022705785,0.0,74.0,0.0,0.0,0.0,0.0,0.0,0.0,0.0,0.0,0.0,0.6,0.0021278112754879,1.0,0.6842268491020086,0.0,0.0,0.0,,,,,,0.0,,,,,425.5906679900363,4668.5166015625,,,,,,,,,,
1396,1,1396.0,0.0,32.0,32.0,0.4102611669804901,0.0,74.0,0.0,0.0,0.0,0.0,0.0,0.0,0.0,0.0,0.0,0.6,0.0021278112754879,1.0,0.6903876940804045,0.0,0.0,0.0,,,,,,0.0,,,,,442.0421669492498,4667.7197265625,,,,,,,,,,
1397,1,1397.0,0.0,32.0,32.0,0.1644931943155825,0.0,74.0,0.0,0.0,0.0,0.0,0.0,0.0,0.0,0.0,0.0,0.6,0.0021278112754879,1.0,0.6860824186164658,0.0,0.0,0.0,,,,,,0.0,,,,,432.61350004468113,4668.1572265625,,,,,,,,,,
1398,1,1398.0,0.0,32.0,32.0,0.0727654648944735,0.0,74.0,0.0,0.0,0.0,0.0,0.0,0.0,0.0,0.0,0.0,0.6,0.0021278112754879,1.0,0.6936621626774052,0.0,0.0,0.0,,,,,,0.0,,,,,434.7118820296601,4677.2822265625,,,,,,,,,,
1399,1,1399.0,0.0,32.0,32.0,0.0591313930926844,0.0,74.0,0.0,0.0,0.0,0.0,0.0,0.0,0.0,0.0,0.0,0.6,0.0021278112754879,1.0,0.6913319367749078,0.0,0.0,0.0,,,,,,0.0,,,,,426.83887493330985,4668.4384765625,,,,,,,,,,
1400,1,1400.0,0.0,32.0,32.0,0.3146000648848712,0.0,74.0,0.0,0.0,0.0,0.0,0.0,0.0,0.0,0.0,0.0,0.6,0.0021278112754879,1.0,0.6856870792267178,0.0,0.0,0.0,,,,,,0.0,,,,,437.2025659540668,4664.6572265625,,,,,,,,,,
1401,1,1401.0,0.0,32.0,32.0,0.1062289192923344,0.0,74.0,0.0,0.0,0.0,0.0,0.0,0.0,0.0,0.0,0.0,0.6,0.0021278112754879,1.0,0.6894225380208706,0.0,0.0,0.0,,,,,,0.0,,,,,427.2611449705437,4661.1884765625,,,,,,,,,,
1402,1,1402.0,0.0,32.0,32.0,0.2430866111535579,0.0,74.0,0.0,0.0,0.0,0.0,0.0,0.0,0.0,0.0,0.0,0.6,0.0021278112754879,1.0,0.6844548278539082,0.0,0.0,0.0,,,,,,0.0,,,,,437.4061609851197,4664.8916015625,,,,,,,,,,
1403,1,1403.0,0.0,32.0,32.0,0.076771768508479,0.0,74.0,0.0,0.0,0.0,0.0,0.0,0.0,0.0,0.0,0.0,0.6,0.0021278112754879,1.0,0.6851542449315167,0.0,0.0,0.0,,,,,,0.0,,,,,421.6152200242505,4676.2509765625,,,,,,,,,,
1404,1,1404.0,0.0,32.0,32.0,0.1166657023713924,0.0,74.0,0.0,0.0,0.0,0.0,0.0,0.0,0.0,0.0,0.0,0.6,0.0021278112754879,1.0,0.6905876710187814,0.0,0.0,0.0,,,,,,0.0,,,,,438.0739349871874,4668.0009765625,,,,,,,,,,
1405,1,1405.0,0.0,32.0,32.0,0.3271490156184882,0.0,74.0,0.0,0.0,0.0,0.0,0.0,0.0,0.0,0.0,0.0,0.6,0.0021278112754879,1.0,0.6887766686817045,0.0,0.0,0.0,,,,,,0.0,,,,,428.4700979478657,4671.2353515625,,,,,,,,,,
1406,1,1406.0,0.0,32.0,32.0,0.213868367485702,0.0,74.0,0.0,0.0,0.0,0.0,0.0,0.0,0.0,0.0,0.0,0.6,0.0021278112754879,1.0,0.6902817086373739,0.0,0.0,0.0,,,,,,0.0,,,,,437.52042204141617,4669.0634765625,,,,,,,,,,
1407,1,1407.0,0.0,32.0,32.0,0.1370602018432691,0.0,74.0,0.0,0.0,0.0,0.0,0.0,0.0,0.0,0.0,0.0,0.6,0.0021278112754879,1.0,0.6861738552518647,0.0,0.0,0.0,,,,,,0.0,,,,,425.9447871008888,4671.2353515625,,,,,,,,,,
1408,1,1408.0,0.0,32.0,32.0,0.0868338490836322,0.0,74.0,0.0,0.0,0.0,0.0,0.0,0.0,0.0,0.0,0.0,0.6,0.0021278112754879,1.0,0.688208014987595,0.0,0.0,0.0,,,,,,0.0,,,,,436.26526498701423,4668.4384765625,,,,,,,,,,
1409,1,1409.0,0.0,32.0,32.0,0.0785691544879227,0.0,74.0,0.0,0.0,0.0,0.0,0.0,0.0,0.0,0.0,0.0,0.6,0.0021278112754879,1.0,0.6876133055644993,0.0,0.0,0.0,,,,,,0.0,,,,,428.6748650483787,4668.7353515625,,,,,,,,,,
1410,1,1410.0,0.0,32.0,32.0,0.3195361729012802,0.0,74.0,0.0,0.0,0.0,0.0,0.0,0.0,0.0,0.0,0.0,0.6,0.0021278112754879,1.0,0.6911937481519348,0.0,0.0,0.0,,,,,,0.0,,,,,439.79369499720633,4669.0634765625,,,,,,,,,,
1411,1,1411.0,0.0,32.0,32.0,0.2078027653042227,0.0,74.0,0.0,0.0,0.0,0.0,0.0,0.0,0.0,0.0,0.0,0.6,0.0021278112754879,1.0,0.6854263891121081,0.0,0.0,0.0,,,,,,0.0,,,,,426.4779950026423,4676.2509765625,,,,,,,,,,
1412,1,1412.0,0.0,32.0,32.0,0.0812388979829847,0.0,74.0,0.0,0.0,0.0,0.0,0.0,0.0,0.0,0.0,0.0,0.6,0.0021278112754879,1.0,0.6869604095793436,0.0,0.0,0.0,,,,,,0.0,,,,,431.271892040968,4667.6259765625,,,,,,,,,,
1413,1,1413.0,0.0,32.0,32.0,0.3492414309876039,0.0,74.0,0.0,0.0,0.0,0.0,0.0,0.0,0.0,0.0,0.0,0.6,0.0021278112754879,1.0,0.683471965904665,0.0,0.0,0.0,,,,,,0.0,,,,,507.9114700201899,4668.0009765625,,,,,,,,,,
1414,1,1414.0,0.0,32.0,32.0,0.0723160214256495,0.0,74.0,0.0,0.0,0.0,0.0,0.0,0.0,0.0,0.0,0.0,0.6,0.0021278112754879,1.0,0.6867098481157689,0.0,0.0,0.0,,,,,,0.0,,,,,429.703664034605,4666.8134765625,,,,,,,,,,
1415,1,1415.0,0.0,32.0,32.0,0.0496098657604306,1.0,74.0,0.0135135135135135,0.0,1.0,0.0,1.0,0.1584910910040605,0.0,0.1584910910040605,0.0,0.6,0.0021278112754879,1.000000000007108,0.6861483450360186,5.908191202603714e-10,0.0,1.0,1.0,,0.5,-1.4426950249075512e-08,-9.999999889225293e-09,1.0,0.5283036366802019,,,,440.5563849722967,4680.5556640625,,,,,,,,,,
1416,1,1416.0,0.0,32.0,32.0,0.2268640313996002,0.0,74.0,0.0,0.0,0.0,0.0,0.0,0.0,0.0,0.0,0.0,0.6,0.0021278112754879,1.0,0.6875797653396347,0.0,0.0,0.0,,,,,,0.0,,,,,421.537991031073,4671.0009765625,,,,,,,,,,
1417,1,1417.0,0.0,32.0,32.0,0.4653070922940969,0.0,74.0,0.0,0.0,0.0,0.0,0.0,0.0,0.0,0.0,0.0,0.6,0.0021278112754879,1.0,0.6872886840487634,0.0,0.0,0.0,,,,,,0.0,,,,,433.00230300519615,4669.0634765625,,,,,,,,,,
1418,1,1418.0,0.0,32.0,32.0,0.1074365898966789,0.0,74.0,0.0,0.0,0.0,0.0,0.0,0.0,0.0,0.0,0.0,0.6,0.0021278112754879,1.0,0.6820668338824017,0.0,0.0,0.0,,,,,,0.0,,,,,428.6326869623736,4661.1884765625,,,,,,,,,,
1419,1,1419.0,0.0,32.0,32.0,0.0362018424202688,1.0,74.0,0.0135135135135135,0.0,1.0,0.0,1.0,0.1617078633843839,0.0,0.1617078633843839,0.0,0.6,0.0021278112754879,0.9999999999671704,0.6893690186318538,-7.736362573460673e-11,0.0,1.0,1.0,,0.5,-1.4426950249075512e-08,-9.999999889225293e-09,1.0,0.5390262112812798,,,,440.6598750501871,4667.9384765625,,,,,,,,,,
1420,1,1420.0,0.0,32.0,32.0,0.1805784975877031,0.0,74.0,0.0,0.0,0.0,0.0,0.0,0.0,0.0,0.0,0.0,0.6,0.0021278112754879,1.0,0.6865536265703841,0.0,0.0,0.0,,,,,,0.0,,,,,428.410685970448,4671.2353515625,,,,,,,,,,
1421,1,1421.0,0.0,32.0,32.0,0.0406698666629381,1.0,74.0,0.0135135135135135,0.0,1.0,0.0,1.0,0.1526843247424509,0.0,0.1526843247424509,0.0,0.6,0.0021278112754879,1.0,0.6797527425638554,0.0,0.0,1.0,1.0,,0.5,-1.4426950249075512e-08,-9.999999889225293e-09,1.0,0.5089477491415031,,,,433.3792100660503,4672.7353515625,,,,,,,,,,
1422,1,1422.0,0.0,32.0,32.0,0.0861932451371103,0.0,74.0,0.0,0.0,0.0,0.0,0.0,0.0,0.0,0.0,0.0,0.6,0.0021278112754879,1.0,0.6866201107619151,0.0,0.0,0.0,,,,,,0.0,,,,,428.8981999270618,4671.2353515625,,,,,,,,,,
1423,1,1423.0,0.0,32.0,32.0,0.0897567837382666,0.0,74.0,0.0,0.0,0.0,0.0,0.0,0.0,0.0,0.0,0.0,0.6,0.0021278112754879,1.0,0.6837274279209361,0.0,0.0,0.0,,,,,,0.0,,,,,440.6802199082449,4672.1572265625,,,,,,,,,,
1424,1,1424.0,0.0,32.0,32.0,0.0935346889309585,0.0,74.0,0.0,0.0,0.0,0.0,0.0,0.0,0.0,0.0,0.0,0.6,0.0021278112754879,1.0,0.6821202209089773,0.0,0.0,0.0,,,,,,0.0,,,,,428.348460001871,4667.9384765625,,,,,,,,,,
1425,1,1425.0,0.0,32.0,32.0,0.0279834611574187,1.0,74.0,0.0135135135135135,0.0,1.0,0.0,1.0,0.1495637590922856,0.0,0.1495637590922856,0.0,0.6,0.0021278112754879,0.9999999999996164,0.6880291795735393,-9.869124472230006e-10,0.0,1.0,1.0,,0.5,-1.4426950249075512e-08,-9.999999889225293e-09,1.0,0.5014541363590479,,,,437.651811982505,4668.0009765625,,,,,,,,,,
1426,1,1426.0,0.0,32.0,32.0,0.0448804324259981,0.0,74.0,0.0,0.0,0.0,0.0,0.0,0.0,0.0,0.0,0.0,0.6,0.0021278112754879,1.0,0.6856645042878323,0.0,0.0,0.0,,,,,,0.0,,,,,424.6335959760472,4675.8837890625,,,,,,,,,,
1427,1,1427.0,0.0,32.0,32.0,0.438170327572152,0.0,74.0,0.0,0.0,0.0,0.0,0.0,0.0,0.0,0.0,0.0,0.6,0.0021278112754879,1.0,0.6853569769024239,0.0,0.0,0.0,,,,,,0.0,,,,,437.67165194731206,4667.6259765625,,,,,,,,,,
1428,1,1428.0,0.0,32.0,32.0,0.0213282433105632,0.0,74.0,0.0,0.0,0.0,0.0,0.0,0.0,0.0,0.0,0.0,0.6,0.0021278112754879,1.0,0.6839096517180159,0.0,0.0,0.0,,,,,,0.0,,,,,431.7231139866635,4676.4775390625,,,,,,,,,,
1429,1,1429.0,0.0,32.0,32.0,0.2505339795025065,0.0,74.0,0.0,0.0,0.0,0.0,0.0,0.0,0.0,0.0,0.0,0.6,0.0021278112754879,1.0,0.6891170131652672,0.0,0.0,0.0,,,,,,0.0,,,,,435.0362119730562,4680.5556640625,,,,,,,,,,
1430,1,1430.0,0.0,32.0,32.0,0.1723628081963397,0.0,74.0,0.0,0.0,0.0,0.0,0.0,0.0,0.0,0.0,0.0,0.6,0.0021278112754879,1.0,0.6863903402656101,0.0,0.0,0.0,,,,,,0.0,,,,,426.6888899728656,4664.0322265625,,,,,,,,,,
1431,1,1431.0,0.0,32.0,32.0,0.0546945122187025,0.0,74.0,0.0,0.0,0.0,0.0,0.0,0.0,0.0,0.0,0.0,0.6,0.0021278112754879,1.0,0.6864425862113338,0.0,0.0,0.0,,,,,,0.0,,,,,444.82690398581326,4668.1572265625,,,,,,,,,,
1432,1,1432.0,0.0,32.0,32.0,0.4746506581432186,0.0,74.0,0.0,0.0,0.0,0.0,0.0,0.0,0.0,0.0,0.0,0.6,0.0021278112754879,1.0,0.6852819313926646,0.0,0.0,0.0,,,,,,0.0,,,,,432.913901982829,4668.0009765625,,,,,,,,,,
1433,1,1433.0,0.0,32.0,32.0,0.1292910925694741,0.0,74.0,0.0,0.0,0.0,0.0,0.0,0.0,0.0,0.0,0.0,0.6,0.0021278112754879,1.0,0.6861003921942512,0.0,0.0,0.0,,,,,,0.0,,,,,436.82114500552416,4661.1884765625,,,,,,,,,,
1434,1,1434.0,0.0,32.0,32.0,0.4047877255361527,0.0,74.0,0.0,0.0,0.0,0.0,0.0,0.0,0.0,0.0,0.0,0.6,0.0021278112754879,1.0,0.6895652519043034,0.0,0.0,0.0,,,,,,0.0,,,,,429.9485960509628,4666.8134765625,,,,,,,,,,
1435,1,1435.0,0.0,32.0,32.0,0.0820776600157842,0.0,74.0,0.0,0.0,0.0,0.0,0.0,0.0,0.0,0.0,0.0,0.6,0.0021278112754879,1.0,0.6892149944815921,0.0,0.0,0.0,,,,,,0.0,,,,,440.2290340512991,4671.2353515625,,,,,,,,,,
1436,1,1436.0,0.0,32.0,32.0,0.5437241307226941,0.0,74.0,0.0,0.0,0.0,0.0,0.0,0.0,0.0,0.0,0.0,0.6,0.0021278112754879,1.0,0.6873989325056205,0.0,0.0,0.0,,,,,,0.0,,,,,434.2637589434162,4668.1572265625,,,,,,,,,,
1437,1,1437.0,0.0,32.0,32.0,0.2424694112269207,0.0,74.0,0.0,0.0,0.0,0.0,0.0,0.0,0.0,0.0,0.0,0.6,0.0021278112754879,1.0,0.6873585756758082,0.0,0.0,0.0,,,,,,0.0,,,,,440.7569869654253,4677.2822265625,,,,,,,,,,
1438,1,1438.0,0.0,32.0,32.0,0.1426105976570397,0.0,74.0,0.0,0.0,0.0,0.0,0.0,0.0,0.0,0.0,0.0,0.6,0.0021278112754879,1.0,0.688665600025756,0.0,0.0,0.0,,,,,,0.0,,,,,428.7186779547483,4672.1572265625,,,,,,,,,,
1439,1,1439.0,0.0,32.0,32.0,0.2567371083423495,0.0,74.0,0.0,0.0,0.0,0.0,0.0,0.0,0.0,0.0,0.0,0.6,0.0021278112754879,1.0,0.6859636072922841,0.0,0.0,0.0,,,,,,0.0,,,,,432.9977170564234,4676.2509765625,,,,,,,,,,
1440,1,1440.0,0.0,32.0,32.0,0.2971692327409982,0.0,74.0,0.0,0.0,0.0,0.0,0.0,0.0,0.0,0.0,0.0,0.6,0.0021278112754879,1.0,0.6887438965562539,0.0,0.0,0.0,,,,,,0.0,,,,,430.0232880050317,4668.0009765625,,,,,,,,,,
1441,1,1441.0,0.0,32.0,32.0,0.4999308828264475,0.0,74.0,0.0,0.0,0.0,0.0,0.0,0.0,0.0,0.0,0.0,0.6,0.0021278112754879,1.0,0.6859336576612634,0.0,0.0,0.0,,,,,,0.0,,,,,442.0704219955951,4672.7353515625,,,,,,,,,,
1442,1,1442.0,0.0,32.0,32.0,0.2238094068598002,0.0,74.0,0.0,0.0,0.0,0.0,0.0,0.0,0.0,0.0,0.0,0.6,0.0021278112754879,1.0,0.683094088355329,0.0,0.0,0.0,,,,,,0.0,,,,,432.6012450037524,4667.1728515625,,,,,,,,,,
1443,1,1443.0,0.0,32.0,32.0,0.3257022821344435,0.0,74.0,0.0,0.0,0.0,0.0,0.0,0.0,0.0,0.0,0.0,0.6,0.0021278112754879,1.0,0.6868095708045491,0.0,0.0,0.0,,,,,,0.0,,,,,434.46013901848346,4669.0634765625,,,,,,,,,,
1444,1,1444.0,0.0,32.0,32.0,0.1426199437119066,0.0,74.0,0.0,0.0,0.0,0.0,0.0,0.0,0.0,0.0,0.0,0.6,0.0021278112754879,1.0,0.6840626326513493,0.0,0.0,0.0,,,,,,0.0,,,,,426.2438060250133,4677.2822265625,,,,,,,,,,
1445,1,1445.0,0.0,32.0,32.0,0.2325511029921472,0.0,74.0,0.0,0.0,0.0,0.0,0.0,0.0,0.0,0.0,0.0,0.6,0.0021278112754879,1.0,0.6896568980014223,0.0,0.0,0.0,,,,,,0.0,,,,,438.5603009723127,4669.0634765625,,,,,,,,,,
1446,1,1446.0,0.0,32.0,32.0,0.2001626710407436,0.0,74.0,0.0,0.0,0.0,0.0,0.0,0.0,0.0,0.0,0.0,0.6,0.0021278112754879,1.0,0.6807695469539862,0.0,0.0,0.0,,,,,,0.0,,,,,431.6185369389132,4672.8916015625,,,,,,,,,,
1447,1,1447.0,0.0,32.0,32.0,0.2571227820590138,0.0,74.0,0.0,0.0,0.0,0.0,0.0,0.0,0.0,0.0,0.0,0.6,0.0021278112754879,1.0,0.6876996970750396,0.0,0.0,0.0,,,,,,0.0,,,,,435.709247016348,4672.1572265625,,,,,,,,,,
1448,1,1448.0,0.0,32.0,32.0,0.1570390816777944,0.0,74.0,0.0,0.0,0.0,0.0,0.0,0.0,0.0,0.0,0.0,0.6,0.0021278112754879,1.0,0.6874762255335269,0.0,0.0,0.0,,,,,,0.0,,,,,427.9313590377569,4666.8134765625,,,,,,,,,,
1449,1,1449.0,0.0,32.0,32.0,0.1646535899490118,0.0,74.0,0.0,0.0,0.0,0.0,0.0,0.0,0.0,0.0,0.0,0.6,0.0021278112754879,1.0,0.6844459872327517,0.0,0.0,0.0,,,,,,0.0,,,,,441.8439109576866,4668.7041015625,,,,,,,,,,
1450,1,1450.0,0.0,32.0,32.0,0.1581564389634877,0.0,74.0,0.0,0.0,0.0,0.0,0.0,0.0,0.0,0.0,0.0,0.6,0.0021278112754879,1.0,0.6897432466558701,0.0,0.0,0.0,,,,,,0.0,,,,,431.9035409716889,4666.8134765625,,,,,,,,,,
1451,1,1451.0,0.0,32.0,32.0,0.2398957225959748,0.0,74.0,0.0,0.0,0.0,0.0,0.0,0.0,0.0,0.0,0.0,0.6,0.0021278112754879,1.0,0.6863881700606228,0.0,0.0,0.0,,,,,,0.0,,,,,437.693020910956,4672.1572265625,,,,,,,,,,
1452,1,1452.0,0.0,32.0,32.0,0.0901284427382052,0.0,74.0,0.0,0.0,0.0,0.0,0.0,0.0,0.0,0.0,0.0,0.6,0.0021278112754879,1.0,0.6887668056851247,0.0,0.0,0.0,,,,,,0.0,,,,,422.8274580091238,4668.5166015625,,,,,,,,,,
1453,1,1453.0,0.0,32.0,32.0,0.0678889118134975,0.0,74.0,0.0,0.0,0.0,0.0,0.0,0.0,0.0,0.0,0.0,0.6,0.0021278112754879,1.0,0.6893497855474848,0.0,0.0,0.0,,,,,,0.0,,,,,442.26073508616537,4667.7197265625,,,,,,,,,,
1454,1,1454.0,0.0,32.0,32.0,0.2066366100916639,0.0,74.0,0.0,0.0,0.0,0.0,0.0,0.0,0.0,0.0,0.0,0.6,0.0021278112754879,1.0,0.6881578649704821,0.0,0.0,0.0,,,,,,0.0,,,,,429.0445449296385,4676.2509765625,,,,,,,,,,
1455,1,1455.0,0.0,32.0,32.0,0.2206478239386342,0.0,74.0,0.0,0.0,0.0,0.0,0.0,0.0,0.0,0.0,0.0,0.6,0.0021278112754879,1.0,0.6919026209746988,0.0,0.0,0.0,,,,,,0.0,,,,,440.05112489685416,4668.0009765625,,,,,,,,,,
1456,1,1456.0,0.0,32.0,32.0,0.4432559662964195,0.0,74.0,0.0,0.0,0.0,0.0,0.0,0.0,0.0,0.0,0.0,0.6,0.0021278112754879,1.0,0.6895514343986968,0.0,0.0,0.0,,,,,,0.0,,,,,426.1735730106011,4664.8916015625,,,,,,,,,,
1457,1,1457.0,0.0,32.0,32.0,0.1275172852328978,0.0,74.0,0.0,0.0,0.0,0.0,0.0,0.0,0.0,0.0,0.0,0.6,0.0021278112754879,1.0,0.6878126750300373,0.0,0.0,0.0,,,,,,0.0,,,,,431.8468290148303,4680.5556640625,,,,,,,,,,
1458,1,1458.0,0.0,32.0,32.0,0.0172327979234978,13.0,74.0,0.1756756756756756,1.0,12.0,0.0769230769230769,0.9230769230769232,0.1531580093440026,0.1463459246355208,0.1537256830697095,0.0,0.6,0.0021278112754879,0.9999999999704822,0.693605840753061,1.7483583128549771e-09,1.0,12.0,0.8461538461538461,12.0,1.0,0.3912435347753558,0.2711893530418447,2.0,0.5129457113324644,-0.0005796277546323,0.5002898138773162,,434.7464600577951,4673.3564453125,,,,,,,,,,
1459,1,1459.0,0.0,32.0,32.0,0.4721773467608727,0.0,74.0,0.0,0.0,0.0,0.0,0.0,0.0,0.0,0.0,0.0,0.6,0.0021278112754879,1.0,0.6769612191006833,0.0,0.0,0.0,,,,,,0.0,,,,,437.736862921156,4670.3134765625,,,,,,,,,,
1460,1,1460.0,0.0,32.0,32.0,0.0218348312773741,3.0,74.0,0.0405405405405405,0.0,3.0,0.0,1.0,0.155731919442855,0.0,0.155731919442855,0.0,0.6,0.0021278112754879,1.0,0.691847961799129,-3.9416383239175455e-10,0.0,3.0,1.0,,0.5,-1.4426950249075512e-08,-9.999999889225293e-09,1.0,0.51910639814285,-0.0044392943382263,0.5022196471691132,,429.6239420073107,4672.1572265625,,,,,,,,,,
1461,1,1461.0,0.0,32.0,32.0,0.0083102542266715,59.0,74.0,0.7972972972972973,15.0,44.0,0.2542372881355932,0.7457627118644068,0.15038429979536,0.1443134551782606,0.1524539059148256,0.0,0.6,0.0021278112754879,0.9999999967743188,0.695559217546471,5.221132714329464e-09,15.0,44.0,0.4915254237288136,2.933333333333333,1.0,0.8179252212847398,0.5669425610423867,2.0,0.511550068867807,-7.09668043451752e-05,0.5000354834021726,-0.0008876632289564,468.0797220207751,4994.74267578125,,,,,,,,,,
1462,1,1462.0,0.0,32.0,32.0,0.1145007350714877,0.0,74.0,0.0,0.0,0.0,0.0,0.0,0.0,0.0,0.0,0.0,0.6,0.0021278112754879,1.0,0.6863730657943522,0.0,0.0,0.0,,,,,,0.0,,,,,424.4850419927389,4671.4228515625,,,,,,,,,,
1463,1,1463.0,0.0,32.0,32.0,0.1709426257875748,0.0,74.0,0.0,0.0,0.0,0.0,0.0,0.0,0.0,0.0,0.0,0.6,0.0021278112754879,1.0,0.6928536366975268,0.0,0.0,0.0,,,,,,0.0,,,,,439.6297530038282,4666.8134765625,,,,,,,,,,
1464,1,1464.0,0.0,32.0,32.0,0.1551177845685742,0.0,74.0,0.0,0.0,0.0,0.0,0.0,0.0,0.0,0.0,0.0,0.6,0.0021278112754879,1.0,0.6993712175842223,0.0,0.0,0.0,,,,,,0.0,,,,,430.7085759937763,4672.1572265625,,,,,,,,,,
1465,1,1465.0,0.0,32.0,32.0,0.4253656486980617,0.0,74.0,0.0,0.0,0.0,0.0,0.0,0.0,0.0,0.0,0.0,0.6,0.0021278112754879,1.0,0.694740265499862,0.0,0.0,0.0,,,,,,0.0,,,,,435.2321560727432,4668.5166015625,,,,,,,,,,
1466,1,1466.0,0.0,32.0,32.0,0.1400000427383929,0.0,74.0,0.0,0.0,0.0,0.0,0.0,0.0,0.0,0.0,0.0,0.6,0.0021278112754879,1.0,0.6898433264584974,0.0,0.0,0.0,,,,,,0.0,,,,,425.254279980436,4675.8837890625,,,,,,,,,,
1467,1,1467.0,0.0,32.0,32.0,0.3387052934267558,0.0,74.0,0.0,0.0,0.0,0.0,0.0,0.0,0.0,0.0,0.0,0.6,0.0021278112754879,1.0,0.6836889012171526,0.0,0.0,0.0,,,,,,0.0,,,,,438.64419707097113,4669.0634765625,,,,,,,,,,
1468,1,1468.0,0.0,32.0,32.0,0.0441867762710899,0.0,74.0,0.0,0.0,0.0,0.0,0.0,0.0,0.0,0.0,0.0,0.6,0.0021278112754879,1.0,0.6880117656691856,0.0,0.0,0.0,,,,,,0.0,,,,,427.5405749212951,4668.5166015625,,,,,,,,,,
1469,1,1469.0,0.0,32.0,32.0,0.2471190799260512,0.0,74.0,0.0,0.0,0.0,0.0,0.0,0.0,0.0,0.0,0.0,0.6,0.0021278112754879,1.0,0.6873993750079682,0.0,0.0,0.0,,,,,,0.0,,,,,437.80611094553024,4661.1884765625,,,,,,,,,,
1470,1,1470.0,0.0,32.0,32.0,0.1583312605507671,0.0,74.0,0.0,0.0,0.0,0.0,0.0,0.0,0.0,0.0,0.0,0.6,0.0021278112754879,1.0,0.6878444328694672,0.0,0.0,0.0,,,,,,0.0,,,,,422.9955079499632,4667.6259765625,,,,,,,,,,
1471,1,1471.0,0.0,32.0,32.0,0.0228051425074227,0.0,74.0,0.0,0.0,0.0,0.0,0.0,0.0,0.0,0.0,0.0,0.6,0.0021278112754879,1.0,0.6895082681772022,0.0,0.0,0.0,,,,,,0.0,,,,,441.2017340073362,4664.0322265625,,,,,,,,,,
1472,1,1472.0,0.0,32.0,32.0,0.0717225152766332,0.0,74.0,0.0,0.0,0.0,0.0,0.0,0.0,0.0,0.0,0.0,0.6,0.0021278112754879,1.0,0.6854133385565275,0.0,0.0,0.0,,,,,,0.0,,,,,429.2027750052512,4671.2353515625,,,,,,,,,,
1473,1,1473.0,0.0,32.0,32.0,0.2723349656444043,0.0,74.0,0.0,0.0,0.0,0.0,0.0,0.0,0.0,0.0,0.0,0.6,0.0021278112754879,1.0,0.6915314153501749,0.0,0.0,0.0,,,,,,0.0,,,,,441.43716897815466,4667.7197265625,,,,,,,,,,
1474,1,1474.0,0.0,32.0,32.0,0.3339503644383512,0.0,74.0,0.0,0.0,0.0,0.0,0.0,0.0,0.0,0.0,0.0,0.6,0.0021278112754879,1.0,0.6832138663887835,0.0,0.0,0.0,,,,,,0.0,,,,,429.6047169482336,4667.1728515625,,,,,,,,,,
1475,1,1475.0,0.0,32.0,32.0,0.0616938073071651,0.0,74.0,0.0,0.0,0.0,0.0,0.0,0.0,0.0,0.0,0.0,0.6,0.0021278112754879,1.0,0.6963512762873113,0.0,0.0,0.0,,,,,,0.0,,,,,435.50282600335777,4672.1572265625,,,,,,,,,,
1476,1,1476.0,0.0,32.0,32.0,0.088133338431362,0.0,74.0,0.0,0.0,0.0,0.0,0.0,0.0,0.0,0.0,0.0,0.6,0.0021278112754879,1.0,0.6864924132753771,0.0,0.0,0.0,,,,,,0.0,,,,,429.7802359797061,4667.2197265625,,,,,,,,,,
1477,1,1477.0,0.0,32.0,32.0,0.1857410105294548,0.0,74.0,0.0,0.0,0.0,0.0,0.0,0.0,0.0,0.0,0.0,0.6,0.0021278112754879,1.0,0.6885291330934141,0.0,0.0,0.0,,,,,,0.0,,,,,446.9179940642789,4671.4228515625,,,,,,,,,,
1478,1,1478.0,0.0,32.0,32.0,0.0955738532938994,0.0,74.0,0.0,0.0,0.0,0.0,0.0,0.0,0.0,0.0,0.0,0.6,0.0021278112754879,1.0,0.6839191931481917,0.0,0.0,0.0,,,,,,0.0,,,,,429.5145400101319,4667.9384765625,,,,,,,,,,
1479,1,1479.0,0.0,32.0,32.0,0.2224216519971378,0.0,74.0,0.0,0.0,0.0,0.0,0.0,0.0,0.0,0.0,0.0,0.6,0.0021278112754879,1.0,0.6897683777592025,0.0,0.0,0.0,,,,,,0.0,,,,,432.8232449479401,4669.0634765625,,,,,,,,,,
1480,1,1480.0,0.0,32.0,32.0,0.1954175517894327,0.0,74.0,0.0,0.0,0.0,0.0,0.0,0.0,0.0,0.0,0.0,0.6,0.0021278112754879,1.0,0.690789652502304,0.0,0.0,0.0,,,,,,0.0,,,,,428.385516977869,4661.1884765625,,,,,,,,,,
1481,1,1481.0,0.0,32.0,32.0,0.3810941316187382,0.0,74.0,0.0,0.0,0.0,0.0,0.0,0.0,0.0,0.0,0.0,0.6,0.0021278112754879,1.0,0.6904255865066534,0.0,0.0,0.0,,,,,,0.0,,,,,438.4084739722312,4676.2509765625,,,,,,,,,,
1482,1,1482.0,0.0,32.0,32.0,0.3553930402267724,0.0,74.0,0.0,0.0,0.0,0.0,0.0,0.0,0.0,0.0,0.0,0.6,0.0021278112754879,1.0,0.6831868993677269,0.0,0.0,0.0,,,,,,0.0,,,,,430.01751601696014,4672.1572265625,,,,,,,,,,
1483,1,1483.0,0.0,32.0,32.0,0.5491008753888309,0.0,74.0,0.0,0.0,0.0,0.0,0.0,0.0,0.0,0.0,0.0,0.6,0.0021278112754879,1.0,0.6929234319577837,0.0,0.0,0.0,,,,,,0.0,,,,,432.7379630412906,4676.4775390625,,,,,,,,,,
1484,1,1484.0,0.0,32.0,32.0,0.1541695005726069,0.0,74.0,0.0,0.0,0.0,0.0,0.0,0.0,0.0,0.0,0.0,0.6,0.0021278112754879,1.0,0.6839162255474925,0.0,0.0,0.0,,,,,,0.0,,,,,427.2106480784714,4668.0009765625,,,,,,,,,,
1485,1,1485.0,0.0,32.0,32.0,0.1300775804556906,0.0,74.0,0.0,0.0,0.0,0.0,0.0,0.0,0.0,0.0,0.0,0.6,0.0021278112754879,1.0,0.6882356834384173,0.0,0.0,0.0,,,,,,0.0,,,,,451.8639630405232,4677.2822265625,,,,,,,,,,
1486,1,1486.0,0.0,32.0,32.0,0.1561316691804677,0.0,74.0,0.0,0.0,0.0,0.0,0.0,0.0,0.0,0.0,0.0,0.6,0.0021278112754879,1.0,0.6874858200057941,0.0,0.0,0.0,,,,,,0.0,,,,,435.7950119301677,4668.1572265625,,,,,,,,,,
1487,1,1487.0,0.0,32.0,32.0,0.093211300089024,0.0,74.0,0.0,0.0,0.0,0.0,0.0,0.0,0.0,0.0,0.0,0.6,0.0021278112754879,1.0,0.6814182706754646,0.0,0.0,0.0,,,,,,0.0,,,,,518.7241910025477,4664.8916015625,,,,,,,,,,
1488,1,1488.0,0.0,32.0,32.0,0.1282533165067434,0.0,74.0,0.0,0.0,0.0,0.0,0.0,0.0,0.0,0.0,0.0,0.6,0.0021278112754879,1.0,0.6884716774256128,0.0,0.0,0.0,,,,,,0.0,,,,,427.661590045318,4667.9384765625,,,,,,,,,,
1489,1,1489.0,0.0,32.0,32.0,0.1677985028363764,0.0,74.0,0.0,0.0,0.0,0.0,0.0,0.0,0.0,0.0,0.0,0.6,0.0021278112754879,1.0,0.6915594176268192,0.0,0.0,0.0,,,,,,0.0,,,,,437.2791440691799,4671.4228515625,,,,,,,,,,
1490,1,1490.0,0.0,32.0,32.0,0.1079337494447827,0.0,74.0,0.0,0.0,0.0,0.0,0.0,0.0,0.0,0.0,0.0,0.6,0.0021278112754879,1.0,0.6892031095630013,0.0,0.0,0.0,,,,,,0.0,,,,,431.574827991426,4667.6259765625,,,,,,,,,,
1491,1,1491.0,0.0,32.0,32.0,0.1476539337309077,0.0,74.0,0.0,0.0,0.0,0.0,0.0,0.0,0.0,0.0,0.0,0.6,0.0021278112754879,1.0,0.69166006974918,0.0,0.0,0.0,,,,,,0.0,,,,,439.99098101630807,4677.2822265625,,,,,,,,,,
1492,1,1492.0,0.0,32.0,32.0,0.149600084638223,0.0,74.0,0.0,0.0,0.0,0.0,0.0,0.0,0.0,0.0,0.0,0.6,0.0021278112754879,1.0,0.6879225996156377,0.0,0.0,0.0,,,,,,0.0,,,,,429.2927059577778,4668.7041015625,,,,,,,,,,
1493,1,1493.0,0.0,32.0,32.0,0.0619248365983367,6.0,74.0,0.081081081081081,2.0,4.0,0.3333333333333333,0.6666666666666666,0.1519238559179646,0.1471537805992534,0.1543088935773202,0.0,0.6,0.0021278112754879,0.9999999999315984,0.6842506242297709,6.700171657732197e-09,2.0,4.0,0.3333333333333333,2.0,1.0,0.918295805200589,0.636514148294813,2.0,0.5130357284951754,0.0003969048120779,0.499801547593961,-0.0164008022479078,436.2806100398302,4677.2822265625,,,,,,,,,,
1494,1,1494.0,0.0,32.0,32.0,0.1912867006612941,0.0,74.0,0.0,0.0,0.0,0.0,0.0,0.0,0.0,0.0,0.0,0.6,0.0021278112754879,1.0,0.6835224052337586,0.0,0.0,0.0,,,,,,0.0,,,,,430.67845597397536,4671.4228515625,,,,,,,,,,
1495,1,1495.0,0.0,32.0,32.0,0.144635334610939,0.0,74.0,0.0,0.0,0.0,0.0,0.0,0.0,0.0,0.0,0.0,0.6,0.0021278112754879,1.0,0.6890530248179694,0.0,0.0,0.0,,,,,,0.0,,,,,439.0332920011133,4669.0634765625,,,,,,,,,,
1496,1,1496.0,0.0,32.0,32.0,0.1634741167072206,0.0,74.0,0.0,0.0,0.0,0.0,0.0,0.0,0.0,0.0,0.0,0.6,0.0021278112754879,1.0,0.6887748140615664,0.0,0.0,0.0,,,,,,0.0,,,,,429.06688596121967,4680.5556640625,,,,,,,,,,
1497,1,1497.0,0.0,32.0,32.0,0.1203172558452934,0.0,74.0,0.0,0.0,0.0,0.0,0.0,0.0,0.0,0.0,0.0,0.6,0.0021278112754879,1.0,0.6878512560120847,0.0,0.0,0.0,,,,,,0.0,,,,,434.07886009663343,4668.0009765625,,,,,,,,,,
1498,1,1498.0,0.0,32.0,32.0,0.1013261235202662,0.0,74.0,0.0,0.0,0.0,0.0,0.0,0.0,0.0,0.0,0.0,0.6,0.0021278112754879,1.0,0.6916877927278795,0.0,0.0,0.0,,,,,,0.0,,,,,424.7013430576772,4672.7353515625,,,,,,,,,,
1499,1,1499.0,0.0,32.0,32.0,0.0481571223353967,4.0,74.0,0.054054054054054,0.0,4.0,0.0,1.0,0.1528099711361717,0.0,0.1528099711361717,0.0,0.6,0.0021278112754879,1.000000000005977,0.6910771608641462,1.681850826024873e-10,0.0,4.0,1.0,,0.5,-1.4426950249075512e-08,-9.999999889225293e-09,1.0,0.5099571486734727,-0.0015380376717075,0.5007690188358538,,442.2918199561536,4671.2353515625,,,,,,,,,,
1500,1,1500.0,0.0,32.0,32.0,0.1957185054197907,0.0,74.0,0.0,0.0,0.0,0.0,0.0,0.0,0.0,0.0,0.0,0.6,0.0021278112754879,1.0,0.686958777459088,0.0,0.0,0.0,,,,,,0.0,,,,,433.0649860203266,4664.8916015625,,,,,,,,,,
1501,1,1501.0,0.0,32.0,32.0,0.070359110890422,0.0,74.0,0.0,0.0,0.0,0.0,0.0,0.0,0.0,0.0,0.0,0.6,0.0021278112754879,1.0,0.6856013282276496,0.0,0.0,0.0,,,,,,0.0,,,,,436.4643869921565,4672.1572265625,,,,,,,,,,
1502,1,1502.0,0.0,32.0,32.0,0.1116455200244672,1.0,74.0,0.0135135135135135,0.0,1.0,0.0,1.0,0.1520347694090326,0.0,0.1520347694090326,0.0,0.6,0.0021278112754879,1.0,0.6825241573428641,-2.4592697398037676e-10,0.0,1.0,1.0,,0.5,-1.4426950249075512e-08,-9.999999889225293e-09,1.0,0.5067825646967754,,,,428.126618033275,4667.7197265625,,,,,,,,,,
1503,1,1503.0,0.0,32.0,32.0,0.1161829787306487,0.0,74.0,0.0,0.0,0.0,0.0,0.0,0.0,0.0,0.0,0.0,0.6,0.0021278112754879,1.0,0.6853515603126852,0.0,0.0,0.0,,,,,,0.0,,,,,442.6577790873125,4667.7197265625,,,,,,,,,,
1504,1,1504.0,0.0,32.0,32.0,0.3800920901121571,0.0,74.0,0.0,0.0,0.0,0.0,0.0,0.0,0.0,0.0,0.0,0.6,0.0021278112754879,1.0,0.694474710885475,0.0,0.0,0.0,,,,,,0.0,,,,,429.7106669982895,4671.2353515625,,,,,,,,,,
1505,1,1505.0,0.0,32.0,32.0,0.0290015893988311,0.0,74.0,0.0,0.0,0.0,0.0,0.0,0.0,0.0,0.0,0.0,0.6,0.0021278112754879,1.0,0.6862432896344993,0.0,0.0,0.0,,,,,,0.0,,,,,440.09131100028753,4664.8916015625,,,,,,,,,,
1506,1,1506.0,0.0,32.0,32.0,0.0281307430996093,6.0,74.0,0.081081081081081,1.0,5.0,0.1666666666666666,0.8333333333333334,0.1540847851856607,0.1306384595406463,0.1587740503146636,0.0,0.6,0.0021278112754879,1.000000000127387,0.6944633307194265,2.7387036702840804e-10,1.0,5.0,0.6666666666666666,5.0,1.0,0.6500223927944538,0.450561188866305,2.0,0.5351287733514842,0.0002862729597836,0.4998568635201081,,428.1945469556376,4672.1572265625,,,,,,,,,,
1507,1,1507.0,0.0,32.0,32.0,0.1126439700310584,0.0,74.0,0.0,0.0,0.0,0.0,0.0,0.0,0.0,0.0,0.0,0.6,0.0021278112754879,1.0,0.691603564836974,0.0,0.0,0.0,,,,,,0.0,,,,,436.5692960564047,4673.5166015625,,,,,,,,,,
1508,1,1508.0,0.0,32.0,32.0,0.3925962634966708,0.0,74.0,0.0,0.0,0.0,0.0,0.0,0.0,0.0,0.0,0.0,0.6,0.0021278112754879,1.0,0.6876761990600379,0.0,0.0,0.0,,,,,,0.0,,,,,429.145148023963,4669.0634765625,,,,,,,,,,
1509,1,1509.0,0.0,32.0,32.0,0.3091319930972531,0.0,74.0,0.0,0.0,0.0,0.0,0.0,0.0,0.0,0.0,0.0,0.6,0.0021278112754879,1.0,0.6924273062429959,0.0,0.0,0.0,,,,,,0.0,,,,,440.5210759723559,4667.7197265625,,,,,,,,,,
1510,1,1510.0,0.0,32.0,32.0,0.182386823464185,0.0,74.0,0.0,0.0,0.0,0.0,0.0,0.0,0.0,0.0,0.0,0.6,0.0021278112754879,1.0,0.6898164206016445,0.0,0.0,0.0,,,,,,0.0,,,,,428.7684499286115,4673.5166015625,,,,,,,,,,
1511,1,1511.0,0.0,32.0,32.0,0.0687907163519412,0.0,74.0,0.0,0.0,0.0,0.0,0.0,0.0,0.0,0.0,0.0,0.6,0.0021278112754879,1.0,0.6875582078330055,0.0,0.0,0.0,,,,,,0.0,,,,,436.4837741013616,4668.1572265625,,,,,,,,,,
1512,1,1512.0,0.0,32.0,32.0,0.0288506710203364,2.0,74.0,0.027027027027027,1.0,1.0,0.5,0.5,0.1558024367431713,0.1474937761441721,0.1641110973421705,0.0,0.6,0.0021278112754879,1.0,0.6894080076025771,1.3573014418480878e-10,1.0,1.0,0.0,1.0,1.0,0.9999999711460994,0.6931471605599454,2.0,0.5276955353299972,,,0.0043046806479241,431.0449790209532,4672.7353515625,,,,,,,,,,
1513,1,1513.0,0.0,32.0,32.0,0.1608331999741494,0.0,74.0,0.0,0.0,0.0,0.0,0.0,0.0,0.0,0.0,0.0,0.6,0.0021278112754879,1.0,0.6876368072067756,0.0,0.0,0.0,,,,,,0.0,,,,,442.654061014764,4675.8837890625,,,,,,,,,,
1514,1,1514.0,0.0,32.0,32.0,0.2259273086674511,0.0,74.0,0.0,0.0,0.0,0.0,0.0,0.0,0.0,0.0,0.0,0.6,0.0021278112754879,1.0,0.6855028275214367,0.0,0.0,0.0,,,,,,0.0,,,,,430.2686509909108,4667.9384765625,,,,,,,,,,
1515,1,1515.0,0.0,32.0,32.0,0.3156517330789938,0.0,74.0,0.0,0.0,0.0,0.0,0.0,0.0,0.0,0.0,0.0,0.6,0.0021278112754879,1.0,0.6824669579074749,0.0,0.0,0.0,,,,,,0.0,,,,,433.615738991648,4671.0009765625,,,,,,,,,,
1516,1,1516.0,0.0,32.0,32.0,0.1960125506739132,0.0,74.0,0.0,0.0,0.0,0.0,0.0,0.0,0.0,0.0,0.0,0.6,0.0021278112754879,1.0,0.6889845863680886,0.0,0.0,0.0,,,,,,0.0,,,,,426.009432063438,4675.8837890625,,,,,,,,,,
1517,1,1517.0,0.0,32.0,32.0,0.5067557767033577,0.0,74.0,0.0,0.0,0.0,0.0,0.0,0.0,0.0,0.0,0.0,0.6,0.0021278112754879,1.0,0.6913048228951574,0.0,0.0,0.0,,,,,,0.0,,,,,437.6555860508233,4661.1884765625,,,,,,,,,,
1518,1,1518.0,0.0,32.0,32.0,0.3621628191322088,0.0,74.0,0.0,0.0,0.0,0.0,0.0,0.0,0.0,0.0,0.0,0.6,0.0021278112754879,1.0,0.6892827061054201,0.0,0.0,0.0,,,,,,0.0,,,,,432.1942039532587,4672.8916015625,,,,,,,,,,
1519,1,1519.0,0.0,32.0,32.0,0.0910270529566332,0.0,74.0,0.0,0.0,0.0,0.0,0.0,0.0,0.0,0.0,0.0,0.6,0.0021278112754879,1.0,0.6905047933073191,0.0,0.0,0.0,,,,,,0.0,,,,,436.7480659857392,4677.2822265625,,,,,,,,,,
1520,1,1520.0,0.0,32.0,32.0,0.1077774921432137,0.0,74.0,0.0,0.0,0.0,0.0,0.0,0.0,0.0,0.0,0.0,0.6,0.0021278112754879,1.0,0.684423244006352,0.0,0.0,0.0,,,,,,0.0,,,,,424.3348930031061,4667.9384765625,,,,,,,,,,
1521,1,1521.0,0.0,32.0,32.0,0.3812900171615183,0.0,74.0,0.0,0.0,0.0,0.0,0.0,0.0,0.0,0.0,0.0,0.6,0.0021278112754879,1.0,0.687341490610218,0.0,0.0,0.0,,,,,,0.0,,,,,441.2829469656572,4671.2353515625,,,,,,,,,,
1522,1,1522.0,0.0,32.0,32.0,0.062880556564778,0.0,74.0,0.0,0.0,0.0,0.0,0.0,0.0,0.0,0.0,0.0,0.6,0.0021278112754879,1.0,0.6913577092339459,0.0,0.0,0.0,,,,,,0.0,,,,,430.97315507475287,4661.1884765625,,,,,,,,,,
1523,1,1523.0,0.0,32.0,32.0,0.0384923863457515,4.0,74.0,0.054054054054054,1.0,3.0,0.25,0.75,0.1583743680144782,0.1469182251180299,0.1621930823132943,0.0,0.6,0.0021278112754879,1.0000000000275229,0.6903207634312234,8.18528458882537e-10,1.0,3.0,0.5,3.0,1.0,0.8112780956052325,0.5623351246188086,2.0,0.5333194298111963,-0.0065569481812417,0.5032784740906209,-0.0003282961142102,441.77250389475375,4669.0634765625,,,,,,,,,,
1524,1,1524.0,0.0,32.0,32.0,0.3333322445396334,0.0,74.0,0.0,0.0,0.0,0.0,0.0,0.0,0.0,0.0,0.0,0.6,0.0021278112754879,1.0,0.6906705211582158,0.0,0.0,0.0,,,,,,0.0,,,,,425.4632210358977,4666.8134765625,,,,,,,,,,
1525,1,1525.0,0.0,32.0,32.0,0.0479398758616298,2.0,74.0,0.027027027027027,0.0,2.0,0.0,1.0,0.1537600533927219,0.0,0.1537600533927219,0.0,0.6,0.0021278112754879,1.000000000017879,0.688496897997666,-3.789761029955559e-09,0.0,2.0,1.0,,0.5,-1.4426950249075512e-08,-9.999999889225293e-09,1.0,0.5125335113090732,0.0017934287898242,0.4991032856050879,,441.1767469719052,4669.0634765625,,,,,,,,,,
1526,1,1526.0,0.0,32.0,32.0,0.091823257273063,0.0,74.0,0.0,0.0,0.0,0.0,0.0,0.0,0.0,0.0,0.0,0.6,0.0021278112754879,1.0,0.6868440367801255,0.0,0.0,0.0,,,,,,0.0,,,,,432.5866539729759,4667.7197265625,,,,,,,,,,
1527,1,1527.0,0.0,32.0,32.0,0.0377694547642022,1.0,74.0,0.0135135135135135,0.0,1.0,0.0,1.0,0.1638067962469145,0.0,0.1638067962469145,0.0,0.6,0.0021278112754879,1.0,0.6872353168563042,-9.148679664814784e-11,0.0,1.0,1.0,,0.5,-1.4426950249075512e-08,-9.999999889225293e-09,1.0,0.5460226541563818,,,,442.9969630436972,4672.7353515625,,,,,,,,,,
1528,1,1528.0,0.0,32.0,32.0,0.0794198152143508,2.0,74.0,0.027027027027027,0.0,2.0,0.0,1.0,0.1508615115160888,0.0,0.1508615115160888,0.0,0.6,0.0021278112754879,0.9999999999967366,0.686087063555541,3.3075874419243752e-09,0.0,2.0,1.0,,0.5,-1.4426950249075512e-08,-9.999999889225293e-09,1.0,0.5028717050536293,-0.0110010579228401,0.5055005289614201,,427.0527879707515,4664.8916015625,,,,,,,,,,
1529,1,1529.0,0.0,32.0,32.0,0.1295628129737451,0.0,74.0,0.0,0.0,0.0,0.0,0.0,0.0,0.0,0.0,0.0,0.6,0.0021278112754879,1.0,0.6874667779758792,0.0,0.0,0.0,,,,,,0.0,,,,,429.3740930734202,4676.2509765625,,,,,,,,,,
1530,1,1530.0,0.0,32.0,32.0,0.1785895587527193,0.0,74.0,0.0,0.0,0.0,0.0,0.0,0.0,0.0,0.0,0.0,0.6,0.0021278112754879,1.0,0.6843370637222524,0.0,0.0,0.0,,,,,,0.0,,,,,425.2248679986224,4669.0634765625,,,,,,,,,,
1531,1,1531.0,0.0,32.0,32.0,0.1790447399253025,0.0,74.0,0.0,0.0,0.0,0.0,0.0,0.0,0.0,0.0,0.0,0.6,0.0021278112754879,1.0,0.6859070272563853,0.0,0.0,0.0,,,,,,0.0,,,,,435.76253100764006,4668.3134765625,,,,,,,,,,
1532,1,1532.0,0.0,32.0,32.0,0.1072946430067531,0.0,74.0,0.0,0.0,0.0,0.0,0.0,0.0,0.0,0.0,0.0,0.6,0.0021278112754879,1.0,0.6870587103889728,0.0,0.0,0.0,,,,,,0.0,,,,,426.2520560296253,4671.2353515625,,,,,,,,,,
1533,1,1533.0,0.0,32.0,32.0,0.2427113642916083,0.0,74.0,0.0,0.0,0.0,0.0,0.0,0.0,0.0,0.0,0.0,0.6,0.0021278112754879,1.0,0.6878926594761502,0.0,0.0,0.0,,,,,,0.0,,,,,429.6657160157338,4677.2822265625,,,,,,,,,,
1534,1,1534.0,0.0,32.0,32.0,0.0448887474485673,0.0,74.0,0.0,0.0,0.0,0.0,0.0,0.0,0.0,0.0,0.0,0.6,0.0021278112754879,1.0,0.6883920533590988,0.0,0.0,0.0,,,,,,0.0,,,,,424.3466110201553,4661.1884765625,,,,,,,,,,
1535,1,1535.0,0.0,32.0,32.0,0.3630168576491996,0.0,74.0,0.0,0.0,0.0,0.0,0.0,0.0,0.0,0.0,0.0,0.6,0.0021278112754879,1.0,0.692093122732533,0.0,0.0,0.0,,,,,,0.0,,,,,438.7065679766238,4667.7197265625,,,,,,,,,,
1536,1,1536.0,0.0,32.0,32.0,0.280628236127086,0.0,74.0,0.0,0.0,0.0,0.0,0.0,0.0,0.0,0.0,0.0,0.6,0.0021278112754879,1.0,0.686506027311965,0.0,0.0,0.0,,,,,,0.0,,,,,428.0132139101625,4667.6259765625,,,,,,,,,,
1537,1,1537.0,0.0,32.0,32.0,0.0169313672813586,21.0,74.0,0.2837837837837837,2.0,19.0,0.0952380952380952,0.9047619047619048,0.1525542062896125,0.1453683954609602,0.1533106074294706,0.0,0.6,0.0021278112754879,0.9999999998491572,0.6898029797525208,5.1519466425741754e-09,2.0,19.0,0.8095238095238095,9.5,1.0,0.4537163103330447,0.3144921812814111,2.0,0.5122333693279867,9.887235319183674e-05,0.4999505638234041,-0.0025552514220261,454.01725708507,4689.7724609375,,,,,,,,,,
1538,1,1538.0,0.0,32.0,32.0,0.0280808245297521,3.0,74.0,0.0405405405405405,0.0,3.0,0.0,1.0,0.1570965967890546,0.0,0.1570965967890546,0.0,0.6,0.0021278112754879,0.9999999999797275,0.6865283456005459,1.5018173983883131e-09,0.0,3.0,1.0,,0.5,-1.4426950249075512e-08,-9.999999889225293e-09,1.0,0.5282898239833506,0.0046739010140299,0.497663049492985,,426.15062301047146,4661.1884765625,,,,,,,,,,
1539,1,1539.0,0.0,32.0,32.0,0.2269072212511673,0.0,74.0,0.0,0.0,0.0,0.0,0.0,0.0,0.0,0.0,0.0,0.6,0.0021278112754879,1.0,0.6858956694457001,0.0,0.0,0.0,,,,,,0.0,,,,,440.64203300513327,4680.5556640625,,,,,,,,,,
1540,1,1540.0,0.0,32.0,32.0,0.2961879138601944,0.0,74.0,0.0,0.0,0.0,0.0,0.0,0.0,0.0,0.0,0.0,0.6,0.0021278112754879,1.0,0.6930235829139666,0.0,0.0,0.0,,,,,,0.0,,,,,429.5439550187439,4664.6572265625,,,,,,,,,,
1541,1,1541.0,0.0,32.0,32.0,0.3264113833429292,0.0,74.0,0.0,0.0,0.0,0.0,0.0,0.0,0.0,0.0,0.0,0.6,0.0021278112754879,1.0,0.6878051255149662,0.0,0.0,0.0,,,,,,0.0,,,,,441.1589929368347,4671.2353515625,,,,,,,,,,
1542,1,1542.0,0.0,32.0,32.0,0.033513136615511,1.0,74.0,0.0135135135135135,0.0,1.0,0.0,1.0,0.1632825557660505,0.0,0.1632825557660505,0.0,0.6,0.0021278112754879,0.9999999999996578,0.6915105472636668,7.722209883554777e-11,0.0,1.0,1.0,,0.5,-1.4426950249075512e-08,-9.999999889225293e-09,1.0,0.5442751858868353,,,,423.26716205570847,4672.7353515625,,,,,,,,,,
1543,1,1543.0,0.0,32.0,32.0,0.2164793498814106,0.0,74.0,0.0,0.0,0.0,0.0,0.0,0.0,0.0,0.0,0.0,0.6,0.0021278112754879,1.0,0.6860447736192425,0.0,0.0,0.0,,,,,,0.0,,,,,440.03965600859374,4668.1572265625,,,,,,,,,,
1544,1,1544.0,0.0,32.0,32.0,0.2246196388732642,0.0,74.0,0.0,0.0,0.0,0.0,0.0,0.0,0.0,0.0,0.0,0.6,0.0021278112754879,1.0,0.6893161165504973,0.0,0.0,0.0,,,,,,0.0,,,,,431.4042540499941,4667.7197265625,,,,,,,,,,
1545,1,1545.0,0.0,32.0,32.0,0.1051004376204218,6.0,74.0,0.081081081081081,3.0,3.0,0.5,0.5,0.1499858613704419,0.147234956023908,0.1527367667169759,0.0,0.6,0.0021278112754879,1.0,0.7022188315938794,1.5912520006610654e-10,3.0,3.0,0.0,1.0,1.0,0.9999999711460994,0.6931471605599454,2.0,0.5091696844884465,-1.8929262296296656e-05,0.5000094646311481,0.0020687195268063,442.5507830455899,4669.0634765625,,,,,,,,,,
1546,1,1546.0,0.0,32.0,32.0,0.0162562833866104,12.0,74.0,0.1621621621621621,4.0,8.0,0.3333333333333333,0.6666666666666666,0.1501859202805907,0.1463583921027761,0.152099684369498,0.0,0.6,0.0021278112754879,1.0000000003507306,0.6890972600020305,2.156811669952876e-09,4.0,8.0,0.3333333333333333,2.0,1.0,0.918295805200589,0.636514148294813,2.0,0.5112089637312186,0.0001267828774871,0.4999366085612564,0.003910791341663,431.5641339635477,4677.2822265625,,,,,,,,,,
1547,1,1547.0,0.0,32.0,32.0,0.1870256807887926,0.0,74.0,0.0,0.0,0.0,0.0,0.0,0.0,0.0,0.0,0.0,0.6,0.0021278112754879,1.0,0.6887662473146711,0.0,0.0,0.0,,,,,,0.0,,,,,435.5426339898258,4672.8916015625,,,,,,,,,,
1548,1,1548.0,0.0,32.0,32.0,0.0358192489948123,0.0,74.0,0.0,0.0,0.0,0.0,0.0,0.0,0.0,0.0,0.0,0.6,0.0021278112754879,1.0,0.6839993955515201,0.0,0.0,0.0,,,,,,0.0,,,,,426.507864962332,4672.7353515625,,,,,,,,,,
1549,1,1549.0,0.0,32.0,32.0,0.1407514471793547,0.0,74.0,0.0,0.0,0.0,0.0,0.0,0.0,0.0,0.0,0.0,0.6,0.0021278112754879,1.0,0.687446555192756,0.0,0.0,0.0,,,,,,0.0,,,,,438.91836900729686,4671.2353515625,,,,,,,,,,
1550,1,1550.0,0.0,32.0,32.0,0.0201336590689606,1.0,74.0,0.0135135135135135,0.0,1.0,0.0,1.0,0.1493695603818776,0.0,0.1493695603818776,0.0,0.6,0.0021278112754879,1.0000000000041198,0.690930849887529,-1.0198966969389244e-09,0.0,1.0,1.0,,0.5,-1.4426950249075512e-08,-9.999999889225293e-09,1.0,0.5021014653937412,,,,427.09203402046114,4669.0634765625,,,,,,,,,,
1551,1,1551.0,0.0,32.0,32.0,0.1657286074478179,0.0,74.0,0.0,0.0,0.0,0.0,0.0,0.0,0.0,0.0,0.0,0.6,0.0021278112754879,1.0,0.6850162363001064,0.0,0.0,0.0,,,,,,0.0,,,,,431.3436490483582,4677.2822265625,,,,,,,,,,
1552,1,1552.0,0.0,32.0,32.0,0.0452722398331388,0.0,74.0,0.0,0.0,0.0,0.0,0.0,0.0,0.0,0.0,0.0,0.6,0.0021278112754879,1.0,0.6961688267471964,0.0,0.0,0.0,,,,,,0.0,,,,,429.6509670093656,4677.2822265625,,,,,,,,,,
1553,1,1553.0,0.0,32.0,32.0,0.2831194843165576,0.0,74.0,0.0,0.0,0.0,0.0,0.0,0.0,0.0,0.0,0.0,0.6,0.0021278112754879,1.0,0.6886324048125915,0.0,0.0,0.0,,,,,,0.0,,,,,437.3853129800409,4668.5166015625,,,,,,,,,,
1554,1,1554.0,0.0,32.0,32.0,0.0129156191542278,20.0,74.0,0.2702702702702703,6.0,14.0,0.3,0.7,0.1505710588478242,0.1443308314778757,0.1532454420063736,0.0,0.6,0.0021278112754879,1.0000000000682283,0.6943482516478644,1.358836594811922e-09,6.0,14.0,0.4,2.333333333333333,1.0,0.8812908703767922,0.6108642820548937,2.0,0.5134991291626322,-0.0001965562156068,0.5000982781078035,-0.0037172441640049,442.7699620136991,4679.6220703125,,,,,,,,,,
1555,1,1555.0,0.0,32.0,32.0,0.2060812304844148,0.0,74.0,0.0,0.0,0.0,0.0,0.0,0.0,0.0,0.0,0.0,0.6,0.0021278112754879,1.0,0.692382517080956,0.0,0.0,0.0,,,,,,0.0,,,,,435.1418289588764,4668.1572265625,,,,,,,,,,
1556,1,1556.0,0.0,32.0,32.0,0.1907617805409245,0.0,74.0,0.0,0.0,0.0,0.0,0.0,0.0,0.0,0.0,0.0,0.6,0.0021278112754879,1.0,0.6862175399341773,0.0,0.0,0.0,,,,,,0.0,,,,,427.708848961629,4667.1728515625,,,,,,,,,,
1557,1,1557.0,0.0,32.0,32.0,0.0211226319079287,1.0,74.0,0.0135135135135135,0.0,1.0,0.0,1.0,0.1506198495468099,0.0,0.1506198495468099,0.0,0.6,0.0021278112754879,1.0,0.6915037484601612,1.7202599029948712e-10,0.0,1.0,1.0,,0.5,-1.4426950249075512e-08,-9.999999889225293e-09,1.0,0.5020661651560332,,,,439.02430997695774,4672.7353515625,,,,,,,,,,
1558,1,1558.0,0.0,32.0,32.0,0.3979797855718061,0.0,74.0,0.0,0.0,0.0,0.0,0.0,0.0,0.0,0.0,0.0,0.6,0.0021278112754879,1.0,0.6862101892957695,0.0,0.0,0.0,,,,,,0.0,,,,,431.9302629446611,4667.7197265625,,,,,,,,,,
1559,1,1559.0,0.0,32.0,32.0,0.0203542694507632,0.0,74.0,0.0,0.0,0.0,0.0,0.0,0.0,0.0,0.0,0.0,0.6,0.0021278112754879,1.0,0.6903768799730866,0.0,0.0,0.0,,,,,,0.0,,,,,516.9269889593124,4671.2353515625,,,,,,,,,,
1560,1,1560.0,0.0,32.0,32.0,0.4207329435739666,0.0,74.0,0.0,0.0,0.0,0.0,0.0,0.0,0.0,0.0,0.0,0.6,0.0021278112754879,1.0,0.6960728854308507,0.0,0.0,0.0,,,,,,0.0,,,,,424.6676790062338,4668.5166015625,,,,,,,,,,
1561,1,1561.0,0.0,32.0,32.0,0.1466013250174,2.0,74.0,0.027027027027027,2.0,0.0,1.0,0.0,0.1467709575113413,0.1467709575113413,0.0,0.0,0.6,0.0021278112754879,1.0,0.6861563639008873,-1.4235844297677396e-11,2.0,0.0,1.0,,0.5,-1.4426950249075512e-08,-9.999999889225293e-09,1.0,0.5107634749621957,-0.0003852946392726,0.5001926473196363,,437.3693310189992,4669.0634765625,,,,,,,,,,
1562,1,1562.0,0.0,32.0,32.0,0.1148744993261061,0.0,74.0,0.0,0.0,0.0,0.0,0.0,0.0,0.0,0.0,0.0,0.6,0.0021278112754879,1.0,0.6880061725138596,0.0,0.0,0.0,,,,,,0.0,,,,,429.3061379576102,4664.8916015625,,,,,,,,,,
1563,1,1563.0,0.0,32.0,32.0,0.1935092036728747,0.0,74.0,0.0,0.0,0.0,0.0,0.0,0.0,0.0,0.0,0.0,0.6,0.0021278112754879,1.0,0.6912623066036891,0.0,0.0,0.0,,,,,,0.0,,,,,439.3591720145196,4667.6259765625,,,,,,,,,,
1564,1,1564.0,0.0,32.0,32.0,0.1016484000138007,0.0,74.0,0.0,0.0,0.0,0.0,0.0,0.0,0.0,0.0,0.0,0.6,0.0021278112754879,1.0,0.6877504109018495,0.0,0.0,0.0,,,,,,0.0,,,,,427.2903320379555,4667.6259765625,,,,,,,,,,
1565,1,1565.0,0.0,32.0,32.0,0.0734659280860796,4.0,74.0,0.054054054054054,0.0,4.0,0.0,1.0,0.1533611899717762,0.0,0.1533611899717762,0.0,0.6,0.0021278112754879,1.000000000000714,0.690825362757534,1.0296782491962846e-09,0.0,4.0,1.0,,0.5,-1.4426950249075512e-08,-9.999999889225293e-09,1.0,0.5132338966947454,-0.0126048577949404,0.5063024288974702,,435.54336798843,4672.7353515625,,,,,,,,,,
1566,1,1566.0,0.0,32.0,32.0,0.2373865433037281,0.0,74.0,0.0,0.0,0.0,0.0,0.0,0.0,0.0,0.0,0.0,0.6,0.0021278112754879,1.0,0.6911324672920119,0.0,0.0,0.0,,,,,,0.0,,,,,435.3795759379864,4668.1572265625,,,,,,,,,,
1567,1,1567.0,0.0,32.0,32.0,0.2278653522953391,0.0,74.0,0.0,0.0,0.0,0.0,0.0,0.0,0.0,0.0,0.0,0.6,0.0021278112754879,1.0,0.6903183392083501,0.0,0.0,0.0,,,,,,0.0,,,,,439.88010101020336,4668.1572265625,,,,,,,,,,
1568,1,1568.0,0.0,32.0,32.0,0.1832190884742885,0.0,74.0,0.0,0.0,0.0,0.0,0.0,0.0,0.0,0.0,0.0,0.6,0.0021278112754879,1.0,0.6852214022109437,0.0,0.0,0.0,,,,,,0.0,,,,,429.61335298605263,4677.2822265625,,,,,,,,,,
1569,1,1569.0,0.0,32.0,32.0,0.244248402537778,0.0,74.0,0.0,0.0,0.0,0.0,0.0,0.0,0.0,0.0,0.0,0.6,0.0021278112754879,1.0,0.6895235785094783,0.0,0.0,0.0,,,,,,0.0,,,,,435.0213259458542,4667.9384765625,,,,,,,,,,
1570,1,1570.0,0.0,32.0,32.0,0.0956310376059264,0.0,74.0,0.0,0.0,0.0,0.0,0.0,0.0,0.0,0.0,0.0,0.6,0.0021278112754879,1.0,0.6868522759814203,0.0,0.0,0.0,,,,,,0.0,,,,,424.1467680549249,4669.0634765625,,,,,,,,,,
1571,1,1571.0,0.0,32.0,32.0,0.0413357219658792,9.0,74.0,0.1216216216216216,1.0,8.0,0.1111111111111111,0.8888888888888888,0.1518035997706517,0.1479399356474038,0.1522865577860577,0.0,0.6,0.0021278112754879,0.9999999999692658,0.6905988325261198,-2.8361679877753967e-09,1.0,8.0,0.7777777777777778,8.0,1.0,0.5032583059217456,0.3488320758430324,2.0,0.5091188261639927,-0.0005472525954246,0.5002736262977123,-0.0086813916120652,442.9189469665289,4670.3134765625,,,,,,,,,,
1572,1,1572.0,0.0,32.0,32.0,0.1284335232339799,0.0,74.0,0.0,0.0,0.0,0.0,0.0,0.0,0.0,0.0,0.0,0.6,0.0021278112754879,1.0,0.682657569791865,0.0,0.0,0.0,,,,,,0.0,,,,,433.9140709489584,4666.8134765625,,,,,,,,,,
1573,1,1573.0,0.0,32.0,32.0,0.0370311811566352,4.0,74.0,0.054054054054054,1.0,3.0,0.25,0.75,0.1562624216204641,0.1474194855624515,0.159210066973135,0.0,0.6,0.0021278112754879,1.0000000000290463,0.6907457135912085,-1.9306005398417912e-09,1.0,3.0,0.5,3.0,1.0,0.8112780956052325,0.5623351246188086,2.0,0.5251755961307946,0.0018760208040475,0.4990619895979762,-0.0023402592036773,439.9385079741478,4664.8916015625,,,,,,,,,,
1574,1,1574.0,0.0,32.0,32.0,0.1670761427376419,0.0,74.0,0.0,0.0,0.0,0.0,0.0,0.0,0.0,0.0,0.0,0.6,0.0021278112754879,1.0,0.686782296234984,0.0,0.0,0.0,,,,,,0.0,,,,,424.4236069498584,4675.3291015625,,,,,,,,,,
1575,1,1575.0,0.0,32.0,32.0,0.1489584895316511,0.0,74.0,0.0,0.0,0.0,0.0,0.0,0.0,0.0,0.0,0.0,0.6,0.0021278112754879,1.0,0.6871805052294584,0.0,0.0,0.0,,,,,,0.0,,,,,440.7619700068608,4668.5166015625,,,,,,,,,,
1576,1,1576.0,0.0,32.0,32.0,0.2104244868387468,0.0,74.0,0.0,0.0,0.0,0.0,0.0,0.0,0.0,0.0,0.0,0.6,0.0021278112754879,1.0,0.6935327122635397,0.0,0.0,0.0,,,,,,0.0,,,,,431.80759192910045,4661.1884765625,,,,,,,,,,
1577,1,1577.0,0.0,32.0,32.0,0.389746708329767,0.0,74.0,0.0,0.0,0.0,0.0,0.0,0.0,0.0,0.0,0.0,0.6,0.0021278112754879,1.0,0.6853471590516336,0.0,0.0,0.0,,,,,,0.0,,,,,439.5373930456117,4667.6259765625,,,,,,,,,,
1578,1,1578.0,0.0,32.0,32.0,0.2296032982412725,0.0,74.0,0.0,0.0,0.0,0.0,0.0,0.0,0.0,0.0,0.0,0.6,0.0021278112754879,1.0,0.6939004704552223,0.0,0.0,0.0,,,,,,0.0,,,,,424.4838380254805,4668.0009765625,,,,,,,,,,
1579,1,1579.0,0.0,32.0,32.0,0.3172480314970016,0.0,74.0,0.0,0.0,0.0,0.0,0.0,0.0,0.0,0.0,0.0,0.6,0.0021278112754879,1.0,0.6838800375599547,0.0,0.0,0.0,,,,,,0.0,,,,,440.41493302211165,4672.1572265625,,,,,,,,,,
1580,1,1580.0,0.0,32.0,32.0,0.2974609500961378,0.0,74.0,0.0,0.0,0.0,0.0,0.0,0.0,0.0,0.0,0.0,0.6,0.0021278112754879,1.0,0.6880356268771253,0.0,0.0,0.0,,,,,,0.0,,,,,430.25405798107386,4671.2353515625,,,,,,,,,,
1581,1,1581.0,0.0,32.0,32.0,0.2560988978948444,0.0,74.0,0.0,0.0,0.0,0.0,0.0,0.0,0.0,0.0,0.0,0.6,0.0021278112754879,1.0,0.6865755829864972,0.0,0.0,0.0,,,,,,0.0,,,,,439.4404599443078,4667.6259765625,,,,,,,,,,
1582,1,1582.0,0.0,32.0,32.0,0.1010119934799149,0.0,74.0,0.0,0.0,0.0,0.0,0.0,0.0,0.0,0.0,0.0,0.6,0.0021278112754879,1.0,0.6848152587249414,0.0,0.0,0.0,,,,,,0.0,,,,,426.86658597085625,4671.2353515625,,,,,,,,,,
1583,1,1583.0,0.0,32.0,32.0,0.1853225247468799,0.0,74.0,0.0,0.0,0.0,0.0,0.0,0.0,0.0,0.0,0.0,0.6,0.0021278112754879,1.0,0.6881729477210086,0.0,0.0,0.0,,,,,,0.0,,,,,436.38105294667184,4667.7197265625,,,,,,,,,,
1584,1,1584.0,0.0,32.0,32.0,0.2695589886279776,0.0,74.0,0.0,0.0,0.0,0.0,0.0,0.0,0.0,0.0,0.0,0.6,0.0021278112754879,1.0,0.6875698840137948,0.0,0.0,0.0,,,,,,0.0,,,,,434.3281229957938,4667.1728515625,,,,,,,,,,
1585,1,1585.0,0.0,32.0,32.0,0.084286791505292,0.0,74.0,0.0,0.0,0.0,0.0,0.0,0.0,0.0,0.0,0.0,0.6,0.0021278112754879,1.0,0.6887030638172486,0.0,0.0,0.0,,,,,,0.0,,,,,439.2884619301185,4669.0634765625,,,,,,,,,,
1586,1,1586.0,0.0,32.0,32.0,0.429225951898843,0.0,74.0,0.0,0.0,0.0,0.0,0.0,0.0,0.0,0.0,0.0,0.6,0.0021278112754879,1.0,0.6867180099114134,0.0,0.0,0.0,,,,,,0.0,,,,,434.4404420116916,4666.8134765625,,,,,,,,,,
1587,1,1587.0,0.0,32.0,32.0,0.2132514766417443,0.0,74.0,0.0,0.0,0.0,0.0,0.0,0.0,0.0,0.0,0.0,0.6,0.0021278112754879,1.0,0.6845036312024925,0.0,0.0,0.0,,,,,,0.0,,,,,437.828448950313,4676.2509765625,,,,,,,,,,
1588,1,1588.0,0.0,32.0,32.0,0.2849323619157076,0.0,74.0,0.0,0.0,0.0,0.0,0.0,0.0,0.0,0.0,0.0,0.6,0.0021278112754879,1.0,0.6902614782084354,0.0,0.0,0.0,,,,,,0.0,,,,,428.2492359634489,4668.3134765625,,,,,,,,,,
1589,1,1589.0,0.0,32.0,32.0,0.1717904331162572,0.0,74.0,0.0,0.0,0.0,0.0,0.0,0.0,0.0,0.0,0.0,0.6,0.0021278112754879,1.0,0.6926056396366169,0.0,0.0,0.0,,,,,,0.0,,,,,442.8407039958984,4666.8134765625,,,,,,,,,,
1590,1,1590.0,0.0,32.0,32.0,0.1780966557562351,0.0,74.0,0.0,0.0,0.0,0.0,0.0,0.0,0.0,0.0,0.0,0.6,0.0021278112754879,1.0,0.6863284773303461,0.0,0.0,0.0,,,,,,0.0,,,,,433.0241169082001,4671.2353515625,,,,,,,,,,
1591,1,1591.0,0.0,32.0,32.0,0.2707931511104107,0.0,74.0,0.0,0.0,0.0,0.0,0.0,0.0,0.0,0.0,0.0,0.6,0.0021278112754879,1.0,0.6874873966491851,0.0,0.0,0.0,,,,,,0.0,,,,,440.5863620340824,4667.4072265625,,,,,,,,,,
1592,1,1592.0,0.0,32.0,32.0,0.1093814610503614,0.0,74.0,0.0,0.0,0.0,0.0,0.0,0.0,0.0,0.0,0.0,0.6,0.0021278112754879,1.0,0.6888397733649226,0.0,0.0,0.0,,,,,,0.0,,,,,424.4790880475193,4672.7353515625,,,,,,,,,,
1593,1,1593.0,0.0,32.0,32.0,0.1904051429592073,0.0,74.0,0.0,0.0,0.0,0.0,0.0,0.0,0.0,0.0,0.0,0.6,0.0021278112754879,1.0,0.6873516025640729,0.0,0.0,0.0,,,,,,0.0,,,,,440.4102599946782,4668.0009765625,,,,,,,,,,
1594,1,1594.0,0.0,32.0,32.0,0.213684587739408,0.0,74.0,0.0,0.0,0.0,0.0,0.0,0.0,0.0,0.0,0.0,0.6,0.0021278112754879,1.0,0.6892469385728205,0.0,0.0,0.0,,,,,,0.0,,,,,428.28360898420215,4667.6259765625,,,,,,,,,,
1595,1,1595.0,0.0,32.0,32.0,0.1676408350467682,0.0,74.0,0.0,0.0,0.0,0.0,0.0,0.0,0.0,0.0,0.0,0.6,0.0021278112754879,1.0,0.6949316668632086,0.0,0.0,0.0,,,,,,0.0,,,,,439.0767349395901,4671.2353515625,,,,,,,,,,
1596,1,1596.0,0.0,32.0,32.0,0.1269127051346004,0.0,74.0,0.0,0.0,0.0,0.0,0.0,0.0,0.0,0.0,0.0,0.6,0.0021278112754879,1.0,0.6882042070790065,0.0,0.0,0.0,,,,,,0.0,,,,,423.99428598582745,4672.7353515625,,,,,,,,,,
1597,1,1597.0,0.0,32.0,32.0,0.2147556603886187,0.0,74.0,0.0,0.0,0.0,0.0,0.0,0.0,0.0,0.0,0.0,0.6,0.0021278112754879,1.0,0.6885785748331635,0.0,0.0,0.0,,,,,,0.0,,,,,438.0627690115944,4667.6259765625,,,,,,,,,,
1598,1,1598.0,0.0,32.0,32.0,0.21441233495716,0.0,74.0,0.0,0.0,0.0,0.0,0.0,0.0,0.0,0.0,0.0,0.6,0.0021278112754879,1.0,0.6935820860283215,0.0,0.0,0.0,,,,,,0.0,,,,,429.0507750120014,4676.2509765625,,,,,,,,,,
1599,1,1599.0,0.0,32.0,32.0,0.2872521609533578,0.0,74.0,0.0,0.0,0.0,0.0,0.0,0.0,0.0,0.0,0.0,0.6,0.0021278112754879,1.0,0.6866999885247762,0.0,0.0,0.0,,,,,,0.0,,,,,445.7013149512932,4667.1728515625,,,,,,,,,,
1600,1,1600.0,0.0,32.0,32.0,0.2939692987129092,0.0,74.0,0.0,0.0,0.0,0.0,0.0,0.0,0.0,0.0,0.0,0.6,0.0021278112754879,1.0,0.6889355057473113,0.0,0.0,0.0,,,,,,0.0,,,,,427.5835590669885,4680.5556640625,,,,,,,,,,
1601,1,1601.0,0.0,32.0,32.0,0.0419405789580196,2.0,74.0,0.027027027027027,1.0,1.0,0.5,0.5,0.1525472126517091,0.1440726479308718,0.1610217773725463,0.0,0.6,0.0021278112754879,0.9999999999752278,0.6867613319443697,-4.0172489584127476e-10,1.0,1.0,0.0,1.0,1.0,0.9999999711460994,0.6931471605599454,2.0,0.5282485490694575,,,-0.0007923740659689,435.59003493282944,4672.1572265625,,,,,,,,,,
1602,1,1602.0,0.0,32.0,32.0,0.0605541081167757,0.0,74.0,0.0,0.0,0.0,0.0,0.0,0.0,0.0,0.0,0.0,0.6,0.0021278112754879,1.0,0.6860408486420847,0.0,0.0,0.0,,,,,,0.0,,,,,429.9152749590576,4680.5556640625,,,,,,,,,,
1603,1,1603.0,0.0,32.0,32.0,0.2979706503683701,0.0,74.0,0.0,0.0,0.0,0.0,0.0,0.0,0.0,0.0,0.0,0.6,0.0021278112754879,1.0,0.6931764539300778,0.0,0.0,0.0,,,,,,0.0,,,,,442.5500730285421,4667.4072265625,,,,,,,,,,
1604,1,1604.0,0.0,32.0,32.0,0.0282826200127601,2.0,74.0,0.027027027027027,0.0,2.0,0.0,1.0,0.1640937335029392,0.0,0.1640937335029392,0.0,0.6,0.0021278112754879,1.0000000000030775,0.6861995175971148,6.235440253471897e-10,0.0,2.0,1.0,,0.5,-1.4426950249075512e-08,-9.999999889225293e-09,1.0,0.5469791116764642,-0.007191949058324,0.503595974529162,,429.6716069802642,4661.1884765625,,,,,,,,,,
1605,1,1605.0,0.0,32.0,32.0,0.1620401783147826,0.0,74.0,0.0,0.0,0.0,0.0,0.0,0.0,0.0,0.0,0.0,0.6,0.0021278112754879,1.0,0.6893492030618814,0.0,0.0,0.0,,,,,,0.0,,,,,434.7732699243352,4671.2353515625,,,,,,,,,,
1606,1,1606.0,0.0,32.0,32.0,0.1787883552606217,0.0,74.0,0.0,0.0,0.0,0.0,0.0,0.0,0.0,0.0,0.0,0.6,0.0021278112754879,1.0,0.6942368696060217,0.0,0.0,0.0,,,,,,0.0,,,,,431.9289739942178,4666.8134765625,,,,,,,,,,
1607,1,1607.0,0.0,32.0,32.0,0.2672240912215784,0.0,74.0,0.0,0.0,0.0,0.0,0.0,0.0,0.0,0.0,0.0,0.6,0.0021278112754879,1.0,0.6933694724584438,0.0,0.0,0.0,,,,,,0.0,,,,,439.5483189728111,4668.5166015625,,,,,,,,,,
1608,1,1608.0,0.0,32.0,32.0,0.1488771175500005,0.0,74.0,0.0,0.0,0.0,0.0,0.0,0.0,0.0,0.0,0.0,0.6,0.0021278112754879,1.0,0.693034523185232,0.0,0.0,0.0,,,,,,0.0,,,,,432.6146199600771,4672.1572265625,,,,,,,,,,
1609,1,1609.0,0.0,32.0,32.0,0.0416929084458388,0.0,74.0,0.0,0.0,0.0,0.0,0.0,0.0,0.0,0.0,0.0,0.6,0.0021278112754879,1.0,0.6855022437498226,0.0,0.0,0.0,,,,,,0.0,,,,,436.5090730134398,4671.4228515625,,,,,,,,,,
1610,1,1610.0,0.0,32.0,32.0,0.136496293649543,0.0,74.0,0.0,0.0,0.0,0.0,0.0,0.0,0.0,0.0,0.0,0.6,0.0021278112754879,1.0,0.6930387178409269,0.0,0.0,0.0,,,,,,0.0,,,,,425.1034529879689,4675.8837890625,,,,,,,,,,
1611,1,1611.0,0.0,32.0,32.0,0.2524485633475706,0.0,74.0,0.0,0.0,0.0,0.0,0.0,0.0,0.0,0.0,0.0,0.6,0.0021278112754879,1.0,0.6899072233162399,0.0,0.0,0.0,,,,,,0.0,,,,,438.1409210618585,4669.0634765625,,,,,,,,,,
1612,1,1612.0,0.0,32.0,32.0,0.1281027630902826,0.0,74.0,0.0,0.0,0.0,0.0,0.0,0.0,0.0,0.0,0.0,0.6,0.0021278112754879,1.0,0.6887160803623099,0.0,0.0,0.0,,,,,,0.0,,,,,428.5199870355427,4668.0009765625,,,,,,,,,,
1613,1,1613.0,0.0,32.0,32.0,0.1262199338525533,0.0,74.0,0.0,0.0,0.0,0.0,0.0,0.0,0.0,0.0,0.0,0.6,0.0021278112754879,1.0,0.6970881650139003,0.0,0.0,0.0,,,,,,0.0,,,,,439.48364292737097,4661.1884765625,,,,,,,,,,
1614,1,1614.0,0.0,32.0,32.0,0.1145779365324415,0.0,74.0,0.0,0.0,0.0,0.0,0.0,0.0,0.0,0.0,0.0,0.6,0.0021278112754879,1.0,0.6960336772323547,0.0,0.0,0.0,,,,,,0.0,,,,,423.5025260131806,4661.1884765625,,,,,,,,,,
1615,1,1615.0,0.0,32.0,32.0,0.4007948847720399,0.0,74.0,0.0,0.0,0.0,0.0,0.0,0.0,0.0,0.0,0.0,0.6,0.0021278112754879,1.0,0.69298254492257,0.0,0.0,0.0,,,,,,0.0,,,,,438.1171279819682,4671.2353515625,,,,,,,,,,
1616,1,1616.0,0.0,32.0,32.0,0.0773448023246601,0.0,74.0,0.0,0.0,0.0,0.0,0.0,0.0,0.0,0.0,0.0,0.6,0.0021278112754879,1.0,0.6882059937585324,0.0,0.0,0.0,,,,,,0.0,,,,,429.5128940138966,4671.2353515625,,,,,,,,,,
1617,1,1617.0,0.0,32.0,32.0,0.2847156173083931,0.0,74.0,0.0,0.0,0.0,0.0,0.0,0.0,0.0,0.0,0.0,0.6,0.0021278112754879,1.0,0.6864709787866309,0.0,0.0,0.0,,,,,,0.0,,,,,439.8915480123833,4680.5556640625,,,,,,,,,,
1618,1,1618.0,0.0,32.0,32.0,0.4866741537116468,0.0,74.0,0.0,0.0,0.0,0.0,0.0,0.0,0.0,0.0,0.0,0.6,0.0021278112754879,1.0,0.6933344542749468,0.0,0.0,0.0,,,,,,0.0,,,,,424.3085170164704,4672.7353515625,,,,,,,,,,
1619,1,1619.0,0.0,32.0,32.0,0.111399412387982,0.0,74.0,0.0,0.0,0.0,0.0,0.0,0.0,0.0,0.0,0.0,0.6,0.0021278112754879,1.0,0.6882935694882385,0.0,0.0,0.0,,,,,,0.0,,,,,434.08878904301673,4672.1572265625,,,,,,,,,,
1620,1,1620.0,0.0,32.0,32.0,0.1605393500067293,0.0,74.0,0.0,0.0,0.0,0.0,0.0,0.0,0.0,0.0,0.0,0.6,0.0021278112754879,1.0,0.6910836738432664,0.0,0.0,0.0,,,,,,0.0,,,,,428.5832210443914,4680.5556640625,,,,,,,,,,
1621,1,1621.0,0.0,32.0,32.0,0.0750489098718389,0.0,74.0,0.0,0.0,0.0,0.0,0.0,0.0,0.0,0.0,0.0,0.6,0.0021278112754879,1.0,0.6926646618148969,0.0,0.0,0.0,,,,,,0.0,,,,,440.4991890769452,4666.8134765625,,,,,,,,,,
1622,1,1622.0,0.0,32.0,32.0,0.3459519441239536,0.0,74.0,0.0,0.0,0.0,0.0,0.0,0.0,0.0,0.0,0.0,0.6,0.0021278112754879,1.0,0.686248533935484,0.0,0.0,0.0,,,,,,0.0,,,,,426.16292694583535,4668.5166015625,,,,,,,,,,
1623,1,1623.0,0.0,32.0,32.0,0.1079552883747965,0.0,74.0,0.0,0.0,0.0,0.0,0.0,0.0,0.0,0.0,0.0,0.6,0.0021278112754879,1.0,0.6820304841219247,0.0,0.0,0.0,,,,,,0.0,,,,,430.82498596049845,4675.8837890625,,,,,,,,,,
1624,1,1624.0,0.0,32.0,32.0,0.1539225284941494,0.0,74.0,0.0,0.0,0.0,0.0,0.0,0.0,0.0,0.0,0.0,0.6,0.0021278112754879,1.0,0.6907898504926551,0.0,0.0,0.0,,,,,,0.0,,,,,430.0275589339435,4667.6259765625,,,,,,,,,,
1625,1,1625.0,0.0,32.0,32.0,0.1476604570634663,0.0,74.0,0.0,0.0,0.0,0.0,0.0,0.0,0.0,0.0,0.0,0.6,0.0021278112754879,1.0,0.6902179857257595,0.0,0.0,0.0,,,,,,0.0,,,,,438.5692629730329,4667.6259765625,,,,,,,,,,
1626,1,1626.0,0.0,32.0,32.0,0.0721085830591619,1.0,74.0,0.0135135135135135,0.0,1.0,0.0,1.0,0.1501506834183194,0.0,0.1501506834183194,0.0,0.6,0.0021278112754879,1.0000000000344025,0.6847835700485203,-1.631495781753925e-09,0.0,1.0,1.0,,0.5,-1.4426950249075512e-08,-9.999999889225293e-09,1.0,0.5005022780610647,,,,432.15760099701583,4668.1572265625,,,,,,,,,,
1627,1,1627.0,0.0,32.0,32.0,0.2361680421163328,0.0,74.0,0.0,0.0,0.0,0.0,0.0,0.0,0.0,0.0,0.0,0.6,0.0021278112754879,1.0,0.6922795852769312,0.0,0.0,0.0,,,,,,0.0,,,,,433.4760120837018,4667.6259765625,,,,,,,,,,
1628,1,1628.0,0.0,32.0,32.0,0.1881608911789953,0.0,74.0,0.0,0.0,0.0,0.0,0.0,0.0,0.0,0.0,0.0,0.6,0.0021278112754879,1.0,0.6895183556725084,0.0,0.0,0.0,,,,,,0.0,,,,,422.3171969642863,4671.2353515625,,,,,,,,,,
1629,1,1629.0,0.0,32.0,32.0,0.4153665278572589,0.0,74.0,0.0,0.0,0.0,0.0,0.0,0.0,0.0,0.0,0.0,0.6,0.0021278112754879,1.0,0.6926257705539802,0.0,0.0,0.0,,,,,,0.0,,,,,437.4664310598746,4671.4228515625,,,,,,,,,,
1630,1,1630.0,0.0,32.0,32.0,0.1937323755701072,0.0,74.0,0.0,0.0,0.0,0.0,0.0,0.0,0.0,0.0,0.0,0.6,0.0021278112754879,1.0,0.6841605519899083,0.0,0.0,0.0,,,,,,0.0,,,,,431.2718200962991,4667.9384765625,,,,,,,,,,
1631,1,1631.0,0.0,32.0,32.0,0.0536730291787534,0.0,74.0,0.0,0.0,0.0,0.0,0.0,0.0,0.0,0.0,0.0,0.6,0.0021278112754879,1.0,0.6879624807040831,0.0,0.0,0.0,,,,,,0.0,,,,,440.0382400490344,4668.0009765625,,,,,,,,,,
1632,1,1632.0,0.0,32.0,32.0,0.2586599998176098,0.0,74.0,0.0,0.0,0.0,0.0,0.0,0.0,0.0,0.0,0.0,0.6,0.0021278112754879,1.0,0.6856377523534946,0.0,0.0,0.0,,,,,,0.0,,,,,423.01154893357307,4664.8916015625,,,,,,,,,,
1633,1,1633.0,0.0,32.0,32.0,0.0679580108262598,0.0,74.0,0.0,0.0,0.0,0.0,0.0,0.0,0.0,0.0,0.0,0.6,0.0021278112754879,1.0,0.6887347149565911,0.0,0.0,0.0,,,,,,0.0,,,,,439.448697026819,4668.7041015625,,,,,,,,,,
1634,1,1634.0,0.0,32.0,32.0,0.2560998005792498,0.0,74.0,0.0,0.0,0.0,0.0,0.0,0.0,0.0,0.0,0.0,0.6,0.0021278112754879,1.0,0.6907896679708118,0.0,0.0,0.0,,,,,,0.0,,,,,428.4319690195844,4661.1884765625,,,,,,,,,,
1635,1,1635.0,0.0,32.0,32.0,0.1949431293760426,0.0,74.0,0.0,0.0,0.0,0.0,0.0,0.0,0.0,0.0,0.0,0.6,0.0021278112754879,1.0,0.6920082104728769,0.0,0.0,0.0,,,,,,0.0,,,,,438.9913189224899,4667.9384765625,,,,,,,,,,
1636,1,1636.0,0.0,32.0,32.0,0.5807546604773961,0.0,74.0,0.0,0.0,0.0,0.0,0.0,0.0,0.0,0.0,0.0,0.6,0.0021278112754879,1.0,0.6914603913014704,0.0,0.0,0.0,,,,,,0.0,,,,,424.3077170103789,4677.2822265625,,,,,,,,,,
1637,1,1637.0,0.0,32.0,32.0,0.1478451772709377,0.0,74.0,0.0,0.0,0.0,0.0,0.0,0.0,0.0,0.0,0.0,0.6,0.0021278112754879,1.0,0.6929441874766928,0.0,0.0,0.0,,,,,,0.0,,,,,434.1547709191218,4668.0009765625,,,,,,,,,,
1638,1,1638.0,0.0,32.0,32.0,0.0948396361200138,0.0,74.0,0.0,0.0,0.0,0.0,0.0,0.0,0.0,0.0,0.0,0.6,0.0021278112754879,1.0,0.6929986778684671,0.0,0.0,0.0,,,,,,0.0,,,,,427.42728698067367,4680.5556640625,,,,,,,,,,
1639,1,1639.0,0.0,32.0,32.0,0.4440281653078273,0.0,74.0,0.0,0.0,0.0,0.0,0.0,0.0,0.0,0.0,0.0,0.6,0.0021278112754879,1.0,0.6863919205244422,0.0,0.0,0.0,,,,,,0.0,,,,,437.3758069705218,4676.2509765625,,,,,,,,,,
1640,1,1640.0,0.0,32.0,32.0,0.1151424532290548,0.0,74.0,0.0,0.0,0.0,0.0,0.0,0.0,0.0,0.0,0.0,0.6,0.0021278112754879,1.0,0.6891903221926302,0.0,0.0,0.0,,,,,,0.0,,,,,428.13011596444994,4668.5166015625,,,,,,,,,,
1641,1,1641.0,0.0,32.0,32.0,0.084616346983239,0.0,74.0,0.0,0.0,0.0,0.0,0.0,0.0,0.0,0.0,0.0,0.6,0.0021278112754879,1.0,0.6883431815177735,0.0,0.0,0.0,,,,,,0.0,,,,,433.69292095303535,4676.4775390625,,,,,,,,,,
1642,1,1642.0,0.0,32.0,32.0,0.0596955952933058,1.0,74.0,0.0135135135135135,0.0,1.0,0.0,1.0,0.1507230455465924,0.0,0.1507230455465924,0.0,0.6,0.0021278112754879,1.0,0.6878699706946803,2.883399011297047e-10,0.0,1.0,1.0,,0.5,-1.4426950249075512e-08,-9.999999889225293e-09,1.0,0.5024101518219749,,,,430.0655130064115,4680.5556640625,,,,,,,,,,
1643,1,1643.0,0.0,32.0,32.0,0.2226396920159459,0.0,74.0,0.0,0.0,0.0,0.0,0.0,0.0,0.0,0.0,0.0,0.6,0.0021278112754879,1.0,0.6919626584905062,0.0,0.0,0.0,,,,,,0.0,,,,,437.3638069955632,4671.2353515625,,,,,,,,,,
1644,1,1644.0,0.0,32.0,32.0,0.08418600121513,0.0,74.0,0.0,0.0,0.0,0.0,0.0,0.0,0.0,0.0,0.0,0.6,0.0021278112754879,1.0,0.6935975367171927,0.0,0.0,0.0,,,,,,0.0,,,,,429.85035199671984,4672.8916015625,,,,,,,,,,
1645,1,1645.0,0.0,32.0,32.0,0.3076861852314323,0.0,74.0,0.0,0.0,0.0,0.0,0.0,0.0,0.0,0.0,0.0,0.6,0.0021278112754879,1.0,0.6878775838764182,0.0,0.0,0.0,,,,,,0.0,,,,,430.9783959761262,4667.6259765625,,,,,,,,,,
1646,1,1646.0,0.0,32.0,32.0,0.3971548667177558,0.0,74.0,0.0,0.0,0.0,0.0,0.0,0.0,0.0,0.0,0.0,0.6,0.0021278112754879,1.0,0.6832641170170235,0.0,0.0,0.0,,,,,,0.0,,,,,424.5053749764338,4672.1572265625,,,,,,,,,,
1647,1,1647.0,0.0,32.0,32.0,0.3785193325020373,0.0,74.0,0.0,0.0,0.0,0.0,0.0,0.0,0.0,0.0,0.0,0.6,0.0021278112754879,1.0,0.6901955543571181,0.0,0.0,0.0,,,,,,0.0,,,,,438.9217690331861,4667.9384765625,,,,,,,,,,
1648,1,1648.0,0.0,32.0,32.0,0.2337018717080354,0.0,74.0,0.0,0.0,0.0,0.0,0.0,0.0,0.0,0.0,0.0,0.6,0.0021278112754879,1.0,0.6865297222718022,0.0,0.0,0.0,,,,,,0.0,,,,,430.8350959327072,4672.1572265625,,,,,,,,,,
1649,1,1649.0,0.0,32.0,32.0,0.3271644475171342,0.0,74.0,0.0,0.0,0.0,0.0,0.0,0.0,0.0,0.0,0.0,0.6,0.0021278112754879,1.0,0.6864073155782232,0.0,0.0,0.0,,,,,,0.0,,,,,440.0751140201464,4668.4384765625,,,,,,,,,,
1650,1,1650.0,0.0,32.0,32.0,0.3038521371781826,0.0,74.0,0.0,0.0,0.0,0.0,0.0,0.0,0.0,0.0,0.0,0.6,0.0021278112754879,1.0,0.6888040337596806,0.0,0.0,0.0,,,,,,0.0,,,,,424.0140409674496,4664.4541015625,,,,,,,,,,
1651,1,1651.0,0.0,32.0,32.0,0.0249893115833401,19.0,74.0,0.2567567567567567,3.0,16.0,0.1578947368421052,0.8421052631578947,0.1517826878095658,0.1445794349630456,0.1531332977182883,0.0,0.6,0.0021278112754879,0.9999999998426152,0.6924418970846256,-2.8647897277009706e-10,3.0,16.0,0.6842105263157895,5.333333333333333,1.0,0.6292491950021343,0.4361623053853446,2.0,0.5125409256845554,0.0008970688213594,0.4995514655893203,-0.0028931423486828,448.4642109600827,4680.5556640625,,,,,,,,,,
1652,1,1652.0,0.0,32.0,32.0,0.3889973320765421,0.0,74.0,0.0,0.0,0.0,0.0,0.0,0.0,0.0,0.0,0.0,0.6,0.0021278112754879,1.0,0.6870247387502506,0.0,0.0,0.0,,,,,,0.0,,,,,428.2194289844483,4677.2822265625,,,,,,,,,,
1653,1,1653.0,0.0,32.0,32.0,0.1377468286082148,0.0,74.0,0.0,0.0,0.0,0.0,0.0,0.0,0.0,0.0,0.0,0.6,0.0021278112754879,1.0,0.6874053541110086,0.0,0.0,0.0,,,,,,0.0,,,,,437.6214869553223,4669.0634765625,,,,,,,,,,
1654,1,1654.0,0.0,32.0,32.0,0.2262094822945073,0.0,74.0,0.0,0.0,0.0,0.0,0.0,0.0,0.0,0.0,0.0,0.6,0.0021278112754879,1.0,0.6949791186357698,0.0,0.0,0.0,,,,,,0.0,,,,,426.1219950858504,4671.4228515625,,,,,,,,,,
1655,1,1655.0,0.0,32.0,32.0,0.1777461554738693,0.0,74.0,0.0,0.0,0.0,0.0,0.0,0.0,0.0,0.0,0.0,0.6,0.0021278112754879,1.0,0.6850094035251182,0.0,0.0,0.0,,,,,,0.0,,,,,432.48947500251234,4677.2822265625,,,,,,,,,,
1656,1,1656.0,0.0,32.0,32.0,0.0207010018639266,22.0,74.0,0.2972972972972973,4.0,18.0,0.1818181818181818,0.8181818181818182,0.1514742614304568,0.1456469639469145,0.1527692164267995,0.0,0.6,0.0021278112754879,0.9999999997054416,0.6922739173846657,1.2285696475733707e-09,4.0,18.0,0.6363636363636364,4.5,1.0,0.6840384067851413,0.4741392930578376,2.0,0.5113228910152358,-3.2459412977914326e-05,0.500016229706489,-0.0012066626480018,449.5417739963159,4685.0849609375,,,,,,,,,,
1657,1,1657.0,0.0,32.0,32.0,0.1818225368624553,0.0,74.0,0.0,0.0,0.0,0.0,0.0,0.0,0.0,0.0,0.0,0.6,0.0021278112754879,1.0,0.682506158227774,0.0,0.0,0.0,,,,,,0.0,,,,,440.75232592877,4666.8134765625,,,,,,,,,,
1658,1,1658.0,0.0,32.0,32.0,0.0897331744199618,0.0,74.0,0.0,0.0,0.0,0.0,0.0,0.0,0.0,0.0,0.0,0.6,0.0021278112754879,1.0,0.6904417268972484,0.0,0.0,0.0,,,,,,0.0,,,,,426.4058109838516,4672.1572265625,,,,,,,,,,
1659,1,1659.0,0.0,32.0,32.0,0.3592994810314849,0.0,74.0,0.0,0.0,0.0,0.0,0.0,0.0,0.0,0.0,0.0,0.6,0.0021278112754879,1.0,0.6913877463943935,0.0,0.0,0.0,,,,,,0.0,,,,,433.2783719291911,4669.0634765625,,,,,,,,,,
1660,1,1660.0,0.0,32.0,32.0,0.2166698554065078,0.0,74.0,0.0,0.0,0.0,0.0,0.0,0.0,0.0,0.0,0.0,0.6,0.0021278112754879,1.0,0.6899934052165075,0.0,0.0,0.0,,,,,,0.0,,,,,430.8798400452361,4672.7353515625,,,,,,,,,,
1661,1,1661.0,0.0,32.0,32.0,0.0224078499013558,24.0,74.0,0.3243243243243243,4.0,20.0,0.1666666666666666,0.8333333333333334,0.1517049759086684,0.1447829043567455,0.153089390219053,0.0,0.6,0.0021278112754879,1.0000000009624626,0.6987223743244285,1.906372566188578e-09,4.0,20.0,0.6666666666666666,5.0,1.0,0.6500223927944538,0.450561188866305,2.0,0.5124809309372705,0.00045297863835,0.499773510680825,-0.0048878201284976,456.0001529753208,4693.6845703125,,,,,,,,,,
1662,1,1662.0,0.0,32.0,32.0,0.2411993242567405,0.0,74.0,0.0,0.0,0.0,0.0,0.0,0.0,0.0,0.0,0.0,0.6,0.0021278112754879,1.0,0.6806922438924542,0.0,0.0,0.0,,,,,,0.0,,,,,431.2754819402471,4664.8916015625,,,,,,,,,,
1663,1,1663.0,0.0,32.0,32.0,0.1578243100666441,0.0,74.0,0.0,0.0,0.0,0.0,0.0,0.0,0.0,0.0,0.0,0.6,0.0021278112754879,1.0,0.6853541486851736,0.0,0.0,0.0,,,,,,0.0,,,,,433.74810507521033,4671.2353515625,,,,,,,,,,
1664,1,1664.0,0.0,32.0,32.0,0.1443086802028119,0.0,74.0,0.0,0.0,0.0,0.0,0.0,0.0,0.0,0.0,0.0,0.6,0.0021278112754879,1.0,0.6903198372752732,0.0,0.0,0.0,,,,,,0.0,,,,,428.05173294618726,4668.0009765625,,,,,,,,,,
1665,1,1665.0,0.0,32.0,32.0,0.1968489240389317,0.0,74.0,0.0,0.0,0.0,0.0,0.0,0.0,0.0,0.0,0.0,0.6,0.0021278112754879,1.0,0.685619348791087,0.0,0.0,0.0,,,,,,0.0,,,,,439.9437149986625,4680.5556640625,,,,,,,,,,
1666,1,1666.0,0.0,32.0,32.0,0.2104294626042246,0.0,74.0,0.0,0.0,0.0,0.0,0.0,0.0,0.0,0.0,0.0,0.6,0.0021278112754879,1.0,0.6846865958991046,0.0,0.0,0.0,,,,,,0.0,,,,,430.6347710080445,4666.8134765625,,,,,,,,,,
1667,1,1667.0,0.0,32.0,32.0,0.1212907171575352,0.0,74.0,0.0,0.0,0.0,0.0,0.0,0.0,0.0,0.0,0.0,0.6,0.0021278112754879,1.0,0.684420005892047,0.0,0.0,0.0,,,,,,0.0,,,,,437.3089330038056,4671.4228515625,,,,,,,,,,
1668,1,1668.0,0.0,32.0,32.0,0.232726453570649,0.0,74.0,0.0,0.0,0.0,0.0,0.0,0.0,0.0,0.0,0.0,0.6,0.0021278112754879,1.0,0.6930966541854828,0.0,0.0,0.0,,,,,,0.0,,,,,422.3999649984762,4668.0009765625,,,,,,,,,,
1669,1,1669.0,0.0,32.0,32.0,0.0587473777122795,0.0,74.0,0.0,0.0,0.0,0.0,0.0,0.0,0.0,0.0,0.0,0.6,0.0021278112754879,1.0,0.6920411743801321,0.0,0.0,0.0,,,,,,0.0,,,,,438.8027030508965,4671.2353515625,,,,,,,,,,
1670,1,1670.0,0.0,32.0,32.0,0.1541677617933601,0.0,74.0,0.0,0.0,0.0,0.0,0.0,0.0,0.0,0.0,0.0,0.6,0.0021278112754879,1.0,0.6905964471228649,0.0,0.0,0.0,,,,,,0.0,,,,,431.6240980988368,4667.1728515625,,,,,,,,,,
1671,1,1671.0,0.0,32.0,32.0,0.1645490998635068,0.0,74.0,0.0,0.0,0.0,0.0,0.0,0.0,0.0,0.0,0.0,0.6,0.0021278112754879,1.0,0.6789662551058234,0.0,0.0,0.0,,,,,,0.0,,,,,442.8536040941253,4667.4072265625,,,,,,,,,,
1672,1,1672.0,0.0,32.0,32.0,0.1862607694929465,0.0,74.0,0.0,0.0,0.0,0.0,0.0,0.0,0.0,0.0,0.0,0.6,0.0021278112754879,1.0,0.6793543808533187,0.0,0.0,0.0,,,,,,0.0,,,,,425.8398059755564,4664.8916015625,,,,,,,,,,
1673,1,1673.0,0.0,32.0,32.0,0.1064477993641048,0.0,74.0,0.0,0.0,0.0,0.0,0.0,0.0,0.0,0.0,0.0,0.6,0.0021278112754879,1.0,0.6881330862593112,0.0,0.0,0.0,,,,,,0.0,,,,,432.66095395665616,4680.5556640625,,,,,,,,,,
1674,1,1674.0,0.0,32.0,32.0,0.1110767286736518,0.0,74.0,0.0,0.0,0.0,0.0,0.0,0.0,0.0,0.0,0.0,0.6,0.0021278112754879,1.0,0.6856659909948727,0.0,0.0,0.0,,,,,,0.0,,,,,431.5714850090444,4667.1728515625,,,,,,,,,,
1675,1,1675.0,0.0,32.0,32.0,0.2785261543467641,0.0,74.0,0.0,0.0,0.0,0.0,0.0,0.0,0.0,0.0,0.0,0.6,0.0021278112754879,1.0,0.6982287391808439,0.0,0.0,0.0,,,,,,0.0,,,,,437.65933299437165,4672.1572265625,,,,,,,,,,
1676,1,1676.0,0.0,32.0,32.0,0.230285815661773,0.0,74.0,0.0,0.0,0.0,0.0,0.0,0.0,0.0,0.0,0.0,0.6,0.0021278112754879,1.0,0.6894242338102391,0.0,0.0,0.0,,,,,,0.0,,,,,425.61445105820894,4668.0009765625,,,,,,,,,,
1677,1,1677.0,0.0,32.0,32.0,0.0863745372043922,0.0,74.0,0.0,0.0,0.0,0.0,0.0,0.0,0.0,0.0,0.0,0.6,0.0021278112754879,1.0,0.6835079411629479,0.0,0.0,0.0,,,,,,0.0,,,,,434.92886307649314,4668.0009765625,,,,,,,,,,
1678,1,1678.0,0.0,32.0,32.0,0.1239595650695264,0.0,74.0,0.0,0.0,0.0,0.0,0.0,0.0,0.0,0.0,0.0,0.6,0.0021278112754879,1.0,0.6867029812676009,0.0,0.0,0.0,,,,,,0.0,,,,,428.68323205038905,4676.2509765625,,,,,,,,,,
1679,1,1679.0,0.0,32.0,32.0,0.1870671566575765,0.0,74.0,0.0,0.0,0.0,0.0,0.0,0.0,0.0,0.0,0.0,0.6,0.0021278112754879,1.0,0.685577159843644,0.0,0.0,0.0,,,,,,0.0,,,,,437.6058259513229,4672.1572265625,,,,,,,,,,
1680,1,1680.0,0.0,32.0,32.0,0.181163321249187,0.0,74.0,0.0,0.0,0.0,0.0,0.0,0.0,0.0,0.0,0.0,0.6,0.0021278112754879,1.0,0.6918769050523182,0.0,0.0,0.0,,,,,,0.0,,,,,430.2064330549911,4677.2822265625,,,,,,,,,,
1681,1,1681.0,0.0,32.0,32.0,0.122003975091502,0.0,74.0,0.0,0.0,0.0,0.0,0.0,0.0,0.0,0.0,0.0,0.6,0.0021278112754879,1.0,0.6843472801046053,0.0,0.0,0.0,,,,,,0.0,,,,,434.09607699140906,4668.0009765625,,,,,,,,,,
1682,1,1682.0,0.0,32.0,32.0,0.2158250845968723,0.0,74.0,0.0,0.0,0.0,0.0,0.0,0.0,0.0,0.0,0.0,0.6,0.0021278112754879,1.0,0.687002001522761,0.0,0.0,0.0,,,,,,0.0,,,,,428.0067899962887,4668.7353515625,,,,,,,,,,
1683,1,1683.0,0.0,32.0,32.0,0.2901451352518052,0.0,74.0,0.0,0.0,0.0,0.0,0.0,0.0,0.0,0.0,0.0,0.6,0.0021278112754879,1.0,0.6902957855196652,0.0,0.0,0.0,,,,,,0.0,,,,,436.6575829917565,4675.3291015625,,,,,,,,,,
1684,1,1684.0,0.0,32.0,32.0,0.1282052611932158,0.0,74.0,0.0,0.0,0.0,0.0,0.0,0.0,0.0,0.0,0.0,0.6,0.0021278112754879,1.0,0.6896176798690113,0.0,0.0,0.0,,,,,,0.0,,,,,428.8291810080409,4668.5166015625,,,,,,,,,,
1685,1,1685.0,0.0,32.0,32.0,0.2044377252459526,0.0,74.0,0.0,0.0,0.0,0.0,0.0,0.0,0.0,0.0,0.0,0.6,0.0021278112754879,1.0,0.6864780508093455,0.0,0.0,0.0,,,,,,0.0,,,,,435.1734280353412,4661.1884765625,,,,,,,,,,
1686,1,1686.0,0.0,32.0,32.0,0.1466912108007818,0.0,74.0,0.0,0.0,0.0,0.0,0.0,0.0,0.0,0.0,0.0,0.6,0.0021278112754879,1.0,0.6876761816133766,0.0,0.0,0.0,,,,,,0.0,,,,,421.854536049068,4671.0009765625,,,,,,,,,,
1687,1,1687.0,0.0,32.0,32.0,0.0697058741934597,0.0,74.0,0.0,0.0,0.0,0.0,0.0,0.0,0.0,0.0,0.0,0.6,0.0021278112754879,1.0,0.6852340776405428,0.0,0.0,0.0,,,,,,0.0,,,,,439.2851660959423,4667.9384765625,,,,,,,,,,
1688,1,1688.0,0.0,32.0,32.0,0.1903621526435017,0.0,74.0,0.0,0.0,0.0,0.0,0.0,0.0,0.0,0.0,0.0,0.6,0.0021278112754879,1.0,0.6928914083649041,0.0,0.0,0.0,,,,,,0.0,,,,,429.0672759525478,4668.5166015625,,,,,,,,,,
1689,1,1689.0,0.0,32.0,32.0,0.1231232148129493,0.0,74.0,0.0,0.0,0.0,0.0,0.0,0.0,0.0,0.0,0.0,0.6,0.0021278112754879,1.0,0.6924207214580089,0.0,0.0,0.0,,,,,,0.0,,,,,436.23354099690914,4680.5556640625,,,,,,,,,,
1690,1,1690.0,0.0,32.0,32.0,0.1066207552794367,0.0,74.0,0.0,0.0,0.0,0.0,0.0,0.0,0.0,0.0,0.0,0.6,0.0021278112754879,1.0,0.6830813695189013,0.0,0.0,0.0,,,,,,0.0,,,,,422.5058329757303,4671.0009765625,,,,,,,,,,
1691,1,1691.0,0.0,32.0,32.0,0.1714932238974142,0.0,74.0,0.0,0.0,0.0,0.0,0.0,0.0,0.0,0.0,0.0,0.6,0.0021278112754879,1.0,0.6863509492980795,0.0,0.0,0.0,,,,,,0.0,,,,,440.462485072203,4668.0009765625,,,,,,,,,,
1692,1,1692.0,0.0,32.0,32.0,0.1152480728924274,0.0,74.0,0.0,0.0,0.0,0.0,0.0,0.0,0.0,0.0,0.0,0.6,0.0021278112754879,1.0,0.6864886365644173,0.0,0.0,0.0,,,,,,0.0,,,,,427.887252997607,4661.1884765625,,,,,,,,,,
1693,1,1693.0,0.0,32.0,32.0,0.167500916053541,0.0,74.0,0.0,0.0,0.0,0.0,0.0,0.0,0.0,0.0,0.0,0.6,0.0021278112754879,1.0,0.6926640391667028,0.0,0.0,0.0,,,,,,0.0,,,,,518.2423740625381,4677.2822265625,,,,,,,,,,
1694,1,1694.0,0.0,32.0,32.0,0.0867221431399229,0.0,74.0,0.0,0.0,0.0,0.0,0.0,0.0,0.0,0.0,0.0,0.6,0.0021278112754879,1.0,0.6901578083644598,0.0,0.0,0.0,,,,,,0.0,,,,,427.3549349745736,4669.0634765625,,,,,,,,,,
1695,1,1695.0,0.0,32.0,32.0,0.2868591350270435,0.0,74.0,0.0,0.0,0.0,0.0,0.0,0.0,0.0,0.0,0.0,0.6,0.0021278112754879,1.0,0.6936078919677713,0.0,0.0,0.0,,,,,,0.0,,,,,433.597179944627,4671.2353515625,,,,,,,,,,
1696,1,1696.0,0.0,32.0,32.0,0.1171281349379569,0.0,74.0,0.0,0.0,0.0,0.0,0.0,0.0,0.0,0.0,0.0,0.6,0.0021278112754879,1.0,0.6879219741611847,0.0,0.0,0.0,,,,,,0.0,,,,,430.90578506235033,4664.8916015625,,,,,,,,,,
1697,1,1697.0,0.0,32.0,32.0,0.2244811890413984,0.0,74.0,0.0,0.0,0.0,0.0,0.0,0.0,0.0,0.0,0.0,0.6,0.0021278112754879,1.0,0.6882684977929973,0.0,0.0,0.0,,,,,,0.0,,,,,439.0740169910714,4676.4775390625,,,,,,,,,,
1698,1,1698.0,0.0,32.0,32.0,0.0873038854915648,0.0,74.0,0.0,0.0,0.0,0.0,0.0,0.0,0.0,0.0,0.0,0.6,0.0021278112754879,1.0,0.687014963850408,0.0,0.0,0.0,,,,,,0.0,,,,,430.13666302431375,4670.3134765625,,,,,,,,,,
1699,1,1699.0,0.0,32.0,32.0,0.0272530381334945,2.0,74.0,0.027027027027027,0.0,2.0,0.0,1.0,0.1566856615224017,0.0,0.1566856615224017,0.0,0.6,0.0021278112754879,1.0000000000314544,0.6855385993461023,-8.24485132381584e-10,0.0,2.0,1.0,,0.5,-1.4426950249075512e-08,-9.999999889225293e-09,1.0,0.5222855384080058,0.002256040694192,0.498871979652904,,436.9542240165174,4668.1572265625,,,,,,,,,,
1700,1,1700.0,0.0,32.0,32.0,0.2104482121649198,0.0,74.0,0.0,0.0,0.0,0.0,0.0,0.0,0.0,0.0,0.0,0.6,0.0021278112754879,1.0,0.6846957343413224,0.0,0.0,0.0,,,,,,0.0,,,,,425.6795489927754,4661.1884765625,,,,,,,,,,
1701,1,1701.0,0.0,32.0,32.0,0.087103325931821,0.0,74.0,0.0,0.0,0.0,0.0,0.0,0.0,0.0,0.0,0.0,0.6,0.0021278112754879,1.0,0.6855589649376209,0.0,0.0,0.0,,,,,,0.0,,,,,440.1955310022458,4668.1572265625,,,,,,,,,,
1702,1,1702.0,0.0,32.0,32.0,0.4460612586699426,0.0,74.0,0.0,0.0,0.0,0.0,0.0,0.0,0.0,0.0,0.0,0.6,0.0021278112754879,1.0,0.6877893865141375,0.0,0.0,0.0,,,,,,0.0,,,,,430.436723981984,4667.1728515625,,,,,,,,,,
1703,1,1703.0,0.0,32.0,32.0,0.2429380194516852,0.0,74.0,0.0,0.0,0.0,0.0,0.0,0.0,0.0,0.0,0.0,0.6,0.0021278112754879,1.0,0.68798786044135,0.0,0.0,0.0,,,,,,0.0,,,,,442.2408399404958,4667.4072265625,,,,,,,,,,
1704,1,1704.0,0.0,32.0,32.0,0.1917907373281195,0.0,74.0,0.0,0.0,0.0,0.0,0.0,0.0,0.0,0.0,0.0,0.6,0.0021278112754879,1.0,0.6837654037256452,0.0,0.0,0.0,,,,,,0.0,,,,,421.2570060044527,4667.6259765625,,,,,,,,,,
1705,1,1705.0,0.0,32.0,32.0,0.2307088237721473,0.0,74.0,0.0,0.0,0.0,0.0,0.0,0.0,0.0,0.0,0.0,0.6,0.0021278112754879,1.0,0.6854695667550157,0.0,0.0,0.0,,,,,,0.0,,,,,438.196687027812,4677.2822265625,,,,,,,,,,
1706,1,1706.0,0.0,32.0,32.0,0.351782664161874,0.0,74.0,0.0,0.0,0.0,0.0,0.0,0.0,0.0,0.0,0.0,0.6,0.0021278112754879,1.0,0.6878320132246345,0.0,0.0,0.0,,,,,,0.0,,,,,429.67277904972434,4667.9384765625,,,,,,,,,,
1707,1,1707.0,0.0,32.0,32.0,0.0712675667455187,0.0,74.0,0.0,0.0,0.0,0.0,0.0,0.0,0.0,0.0,0.0,0.6,0.0021278112754879,1.0,0.6890731018391685,0.0,0.0,0.0,,,,,,0.0,,,,,438.1863259477541,4676.2509765625,,,,,,,,,,
1708,1,1708.0,0.0,32.0,32.0,0.0886101585056167,0.0,74.0,0.0,0.0,0.0,0.0,0.0,0.0,0.0,0.0,0.0,0.6,0.0021278112754879,1.0,0.6939108012747666,0.0,0.0,0.0,,,,,,0.0,,,,,421.9358889386058,4669.0634765625,,,,,,,,,,
1709,1,1709.0,0.0,32.0,32.0,0.2234711795172188,0.0,74.0,0.0,0.0,0.0,0.0,0.0,0.0,0.0,0.0,0.0,0.6,0.0021278112754879,1.0,0.6817654571171783,0.0,0.0,0.0,,,,,,0.0,,,,,432.1206939639524,4667.9384765625,,,,,,,,,,
1710,1,1710.0,0.0,32.0,32.0,0.0351884679694194,3.0,74.0,0.0405405405405405,0.0,3.0,0.0,1.0,0.1579270121613055,0.0,0.1579270121613055,0.0,0.6,0.0021278112754879,1.0000000001161289,0.6826405538920619,1.661058043551595e-09,0.0,3.0,1.0,,0.5,-1.4426950249075512e-08,-9.999999889225293e-09,1.0,0.5264233738710185,0.0078007052652537,0.4960996473673731,,429.889188031666,4672.7353515625,,,,,,,,,,
1711,1,1711.0,0.0,32.0,32.0,0.293489576986758,0.0,74.0,0.0,0.0,0.0,0.0,0.0,0.0,0.0,0.0,0.0,0.6,0.0021278112754879,1.0,0.6895184865012489,0.0,0.0,0.0,,,,,,0.0,,,,,435.86292199324816,4668.0009765625,,,,,,,,,,
1712,1,1712.0,0.0,32.0,32.0,0.3124347300617955,0.0,74.0,0.0,0.0,0.0,0.0,0.0,0.0,0.0,0.0,0.0,0.6,0.0021278112754879,1.0,0.6881291694081609,0.0,0.0,0.0,,,,,,0.0,,,,,424.8150220373645,4676.2509765625,,,,,,,,,,
1713,1,1713.0,0.0,32.0,32.0,0.0746805513626895,0.0,74.0,0.0,0.0,0.0,0.0,0.0,0.0,0.0,0.0,0.0,0.6,0.0021278112754879,1.0,0.688619576795894,0.0,0.0,0.0,,,,,,0.0,,,,,430.2832060493529,4664.6572265625,,,,,,,,,,
1714,1,1714.0,0.0,32.0,32.0,0.3218066763365641,0.0,74.0,0.0,0.0,0.0,0.0,0.0,0.0,0.0,0.0,0.0,0.6,0.0021278112754879,1.0,0.6865619739237642,0.0,0.0,0.0,,,,,,0.0,,,,,429.46372309233993,4668.1572265625,,,,,,,,,,
1715,1,1715.0,0.0,32.0,32.0,0.2274311775690876,0.0,74.0,0.0,0.0,0.0,0.0,0.0,0.0,0.0,0.0,0.0,0.6,0.0021278112754879,1.0,0.6875243830095086,0.0,0.0,0.0,,,,,,0.0,,,,,438.6662730248645,4667.7197265625,,,,,,,,,,
1716,1,1716.0,0.0,32.0,32.0,0.1475313670816831,0.0,74.0,0.0,0.0,0.0,0.0,0.0,0.0,0.0,0.0,0.0,0.6,0.0021278112754879,1.0,0.6865439468520014,0.0,0.0,0.0,,,,,,0.0,,,,,425.3223779378459,4664.6572265625,,,,,,,,,,
1717,1,1717.0,0.0,32.0,32.0,0.3235024482710287,0.0,74.0,0.0,0.0,0.0,0.0,0.0,0.0,0.0,0.0,0.0,0.6,0.0021278112754879,1.0,0.6927858631712341,0.0,0.0,0.0,,,,,,0.0,,,,,436.2875570077449,4668.3134765625,,,,,,,,,,
1718,1,1718.0,0.0,32.0,32.0,0.2404542955337092,0.0,74.0,0.0,0.0,0.0,0.0,0.0,0.0,0.0,0.0,0.0,0.6,0.0021278112754879,1.0,0.6884013679192156,0.0,0.0,0.0,,,,,,0.0,,,,,428.3365330193192,4667.6259765625,,,,,,,,,,
1719,1,1719.0,0.0,32.0,32.0,0.22177345585078,0.0,74.0,0.0,0.0,0.0,0.0,0.0,0.0,0.0,0.0,0.0,0.6,0.0021278112754879,1.0,0.6852079523458484,0.0,0.0,0.0,,,,,,0.0,,,,,438.79083706997335,4671.2353515625,,,,,,,,,,
1720,1,1720.0,0.0,32.0,32.0,0.2728692598175257,0.0,74.0,0.0,0.0,0.0,0.0,0.0,0.0,0.0,0.0,0.0,0.6,0.0021278112754879,1.0,0.6837748496163961,0.0,0.0,0.0,,,,,,0.0,,,,,429.0571539895609,4677.2822265625,,,,,,,,,,
1721,1,1721.0,0.0,32.0,32.0,0.1572290644980967,0.0,74.0,0.0,0.0,0.0,0.0,0.0,0.0,0.0,0.0,0.0,0.6,0.0021278112754879,1.0,0.6818826627608584,0.0,0.0,0.0,,,,,,0.0,,,,,436.7171949706972,4672.7353515625,,,,,,,,,,
1722,1,1722.0,0.0,32.0,32.0,0.07367285923101,0.0,74.0,0.0,0.0,0.0,0.0,0.0,0.0,0.0,0.0,0.0,0.6,0.0021278112754879,1.0,0.6913539071159165,0.0,0.0,0.0,,,,,,0.0,,,,,423.3806860866025,4669.0634765625,,,,,,,,,,
1723,1,1723.0,0.0,32.0,32.0,0.0416416691150516,6.0,74.0,0.081081081081081,2.0,4.0,0.3333333333333333,0.6666666666666666,0.1548557419975618,0.1453498893976275,0.1596086682975289,0.0,0.6,0.0021278112754879,0.9999999999406244,0.6818682272940353,-7.825087235931283e-10,2.0,4.0,0.3333333333333333,2.0,1.0,0.918295805200589,0.636514148294813,2.0,0.5265193857749225,-0.0126828312641009,0.5063414156320505,0.000726363634905,447.6042040623725,4666.8134765625,,,,,,,,,,
1724,1,1724.0,0.0,32.0,32.0,0.1490545198321342,0.0,74.0,0.0,0.0,0.0,0.0,0.0,0.0,0.0,0.0,0.0,0.6,0.0021278112754879,1.0,0.6923479098465195,0.0,0.0,0.0,,,,,,0.0,,,,,428.0118300812319,4672.1572265625,,,,,,,,,,
1725,1,1725.0,0.0,32.0,32.0,0.0796149994712323,1.0,74.0,0.0135135135135135,0.0,1.0,0.0,1.0,0.151772411906448,0.0,0.151772411906448,0.0,0.6,0.0021278112754879,0.999999999953378,0.6831347464764419,1.7736474149361842e-09,0.0,1.0,1.0,,0.5,-1.4426950249075512e-08,-9.999999889225293e-09,1.0,0.5059080396881601,,,,440.05116494372487,4661.1884765625,,,,,,,,,,
1726,1,1726.0,0.0,32.0,32.0,0.1539474597666412,0.0,74.0,0.0,0.0,0.0,0.0,0.0,0.0,0.0,0.0,0.0,0.6,0.0021278112754879,1.0,0.6824308816389558,0.0,0.0,0.0,,,,,,0.0,,,,,422.9248180054128,4664.6572265625,,,,,,,,,,
1727,1,1727.0,0.0,32.0,32.0,0.0900504763703793,0.0,74.0,0.0,0.0,0.0,0.0,0.0,0.0,0.0,0.0,0.0,0.6,0.0021278112754879,1.0,0.6880490154944218,0.0,0.0,0.0,,,,,,0.0,,,,,440.49418007489294,4671.4228515625,,,,,,,,,,
1728,1,1728.0,0.0,32.0,32.0,0.2206140635826159,0.0,74.0,0.0,0.0,0.0,0.0,0.0,0.0,0.0,0.0,0.0,0.6,0.0021278112754879,1.0,0.6886338404159122,0.0,0.0,0.0,,,,,,0.0,,,,,430.6268549989909,4672.8916015625,,,,,,,,,,
1729,1,1729.0,0.0,32.0,32.0,0.220442685065791,0.0,74.0,0.0,0.0,0.0,0.0,0.0,0.0,0.0,0.0,0.0,0.6,0.0021278112754879,1.0,0.6846939371911377,0.0,0.0,0.0,,,,,,0.0,,,,,439.0021200524643,4672.7353515625,,,,,,,,,,
1730,1,1730.0,0.0,32.0,32.0,0.1192794920643791,0.0,74.0,0.0,0.0,0.0,0.0,0.0,0.0,0.0,0.0,0.0,0.6,0.0021278112754879,1.0,0.6841384674395486,0.0,0.0,0.0,,,,,,0.0,,,,,428.0367619358003,4673.5166015625,,,,,,,,,,
1731,1,1731.0,0.0,32.0,32.0,0.3170538364211097,0.0,74.0,0.0,0.0,0.0,0.0,0.0,0.0,0.0,0.0,0.0,0.6,0.0021278112754879,1.0,0.6979310170322878,0.0,0.0,0.0,,,,,,0.0,,,,,435.8427169499919,4669.0634765625,,,,,,,,,,
1732,1,1732.0,0.0,32.0,32.0,0.1620804760314058,0.0,74.0,0.0,0.0,0.0,0.0,0.0,0.0,0.0,0.0,0.0,0.6,0.0021278112754879,1.0,0.6899046053136485,0.0,0.0,0.0,,,,,,0.0,,,,,430.12764398008585,4676.4775390625,,,,,,,,,,
1733,1,1733.0,0.0,32.0,32.0,0.3833275293000042,0.0,74.0,0.0,0.0,0.0,0.0,0.0,0.0,0.0,0.0,0.0,0.6,0.0021278112754879,1.0,0.6857845178324784,0.0,0.0,0.0,,,,,,0.0,,,,,439.78569097816944,4680.5556640625,,,,,,,,,,
1734,1,1734.0,0.0,32.0,32.0,0.0809140031924471,0.0,74.0,0.0,0.0,0.0,0.0,0.0,0.0,0.0,0.0,0.0,0.6,0.0021278112754879,1.0,0.6832662278178945,0.0,0.0,0.0,,,,,,0.0,,,,,430.6419889908284,4664.4541015625,,,,,,,,,,
1735,1,1735.0,0.0,32.0,32.0,0.070989420521073,0.0,74.0,0.0,0.0,0.0,0.0,0.0,0.0,0.0,0.0,0.0,0.6,0.0021278112754879,1.0,0.6883776179256548,0.0,0.0,0.0,,,,,,0.0,,,,,435.9574309783056,4667.9384765625,,,,,,,,,,
1736,1,1736.0,0.0,32.0,32.0,0.2945190006867051,0.0,74.0,0.0,0.0,0.0,0.0,0.0,0.0,0.0,0.0,0.0,0.6,0.0021278112754879,1.0,0.689470389806705,0.0,0.0,0.0,,,,,,0.0,,,,,429.76170196197927,4675.8837890625,,,,,,,,,,
1737,1,1737.0,0.0,32.0,32.0,0.2150492668151855,0.0,74.0,0.0,0.0,0.0,0.0,0.0,0.0,0.0,0.0,0.0,0.6,0.0021278112754879,1.0,0.6896176543222776,0.0,0.0,0.0,,,,,,0.0,,,,,440.13189000543207,4664.8916015625,,,,,,,,,,
1738,1,1738.0,0.0,32.0,32.0,0.2779239277588203,0.0,74.0,0.0,0.0,0.0,0.0,0.0,0.0,0.0,0.0,0.0,0.6,0.0021278112754879,1.0,0.6900396422345698,0.0,0.0,0.0,,,,,,0.0,,,,,428.35409194231033,4675.8837890625,,,,,,,,,,
1739,1,1739.0,0.0,32.0,32.0,0.2119350571883842,0.0,74.0,0.0,0.0,0.0,0.0,0.0,0.0,0.0,0.0,0.0,0.6,0.0021278112754879,1.0,0.6858562816619812,0.0,0.0,0.0,,,,,,0.0,,,,,438.3069289615378,4672.1572265625,,,,,,,,,,
1740,1,1740.0,0.0,32.0,32.0,0.216207877965644,0.0,74.0,0.0,0.0,0.0,0.0,0.0,0.0,0.0,0.0,0.0,0.6,0.0021278112754879,1.0,0.6861043421284733,0.0,0.0,0.0,,,,,,0.0,,,,,423.3549820492044,4671.2353515625,,,,,,,,,,
1741,1,1741.0,0.0,32.0,32.0,0.2267052908428013,0.0,74.0,0.0,0.0,0.0,0.0,0.0,0.0,0.0,0.0,0.0,0.6,0.0021278112754879,1.0,0.6843097915115086,0.0,0.0,0.0,,,,,,0.0,,,,,440.52012101747096,4676.4775390625,,,,,,,,,,
1742,1,1742.0,0.0,32.0,32.0,0.0845505716279149,0.0,74.0,0.0,0.0,0.0,0.0,0.0,0.0,0.0,0.0,0.0,0.6,0.0021278112754879,1.0,0.6816730739675323,0.0,0.0,0.0,,,,,,0.0,,,,,427.6904088910669,4669.0634765625,,,,,,,,,,
1743,1,1743.0,0.0,32.0,32.0,0.0832951981574297,0.0,74.0,0.0,0.0,0.0,0.0,0.0,0.0,0.0,0.0,0.0,0.6,0.0021278112754879,1.0,0.6879445982898035,0.0,0.0,0.0,,,,,,0.0,,,,,432.268433040008,4675.8837890625,,,,,,,,,,
1744,1,1744.0,0.0,32.0,32.0,0.1402715012663975,0.0,74.0,0.0,0.0,0.0,0.0,0.0,0.0,0.0,0.0,0.0,0.6,0.0021278112754879,1.0,0.6895014668181264,0.0,0.0,0.0,,,,,,0.0,,,,,423.0179709848017,4671.4228515625,,,,,,,,,,
1745,1,1745.0,0.0,32.0,32.0,0.2912077745422721,0.0,74.0,0.0,0.0,0.0,0.0,0.0,0.0,0.0,0.0,0.0,0.6,0.0021278112754879,1.0,0.6815772800119636,0.0,0.0,0.0,,,,,,0.0,,,,,443.5262809274718,4669.0634765625,,,,,,,,,,
1746,1,1746.0,0.0,32.0,32.0,0.1762045617215335,0.0,74.0,0.0,0.0,0.0,0.0,0.0,0.0,0.0,0.0,0.0,0.6,0.0021278112754879,1.0,0.6815269555309271,0.0,0.0,0.0,,,,,,0.0,,,,,429.3103009695187,4667.2197265625,,,,,,,,,,
1747,1,1747.0,0.0,32.0,32.0,0.1931634820648469,0.0,74.0,0.0,0.0,0.0,0.0,0.0,0.0,0.0,0.0,0.0,0.6,0.0021278112754879,1.0,0.6905280784726879,0.0,0.0,0.0,,,,,,0.0,,,,,438.0315990420058,4664.4541015625,,,,,,,,,,
1748,1,1748.0,0.0,32.0,32.0,0.3867525784298777,0.0,74.0,0.0,0.0,0.0,0.0,0.0,0.0,0.0,0.0,0.0,0.6,0.0021278112754879,1.0,0.6836482572837396,0.0,0.0,0.0,,,,,,0.0,,,,,424.8678160365671,4680.5556640625,,,,,,,,,,
1749,1,1749.0,0.0,32.0,32.0,0.1088999649509787,0.0,74.0,0.0,0.0,0.0,0.0,0.0,0.0,0.0,0.0,0.0,0.6,0.0021278112754879,1.0,0.6892150490296892,0.0,0.0,0.0,,,,,,0.0,,,,,437.63137399218976,4668.0009765625,,,,,,,,,,
1750,1,1750.0,0.0,32.0,32.0,0.2136476527084596,0.0,74.0,0.0,0.0,0.0,0.0,0.0,0.0,0.0,0.0,0.0,0.6,0.0021278112754879,1.0,0.6947920674367372,0.0,0.0,0.0,,,,,,0.0,,,,,426.6380090266466,4680.5556640625,,,,,,,,,,
1751,1,1751.0,0.0,32.0,32.0,0.3723153906175867,0.0,74.0,0.0,0.0,0.0,0.0,0.0,0.0,0.0,0.0,0.0,0.6,0.0021278112754879,1.0,0.6870879466023901,0.0,0.0,0.0,,,,,,0.0,,,,,435.9382019611076,4667.7197265625,,,,,,,,,,
1752,1,1752.0,0.0,32.0,32.0,0.1418022904545068,0.0,74.0,0.0,0.0,0.0,0.0,0.0,0.0,0.0,0.0,0.0,0.6,0.0021278112754879,1.0,0.6867208192558644,0.0,0.0,0.0,,,,,,0.0,,,,,426.3180590933189,4668.1572265625,,,,,,,,,,
1753,1,1753.0,0.0,32.0,32.0,0.0340316880028694,18.0,74.0,0.2432432432432432,4.0,14.0,0.2222222222222222,0.7777777777777778,0.1517925290575685,0.1464415917233001,0.1533213682959308,0.0,0.6,0.0021278112754879,0.999999999608896,0.6861447757334586,-7.256312387953121e-10,4.0,14.0,0.5555555555555556,3.5,1.0,0.7642044776547198,0.5297061790576547,2.0,0.5115167905186466,6.270104495342821e-05,0.4999686494775233,-0.0028008815522569,443.10926797334105,4675.2314453125,,,,,,,,,,
1754,1,1754.0,0.0,32.0,32.0,0.1148919911356642,0.0,74.0,0.0,0.0,0.0,0.0,0.0,0.0,0.0,0.0,0.0,0.6,0.0021278112754879,1.0,0.6928888108789382,0.0,0.0,0.0,,,,,,0.0,,,,,426.2425989145413,4672.7353515625,,,,,,,,,,
1755,1,1755.0,0.0,32.0,32.0,0.1211426681838929,0.0,74.0,0.0,0.0,0.0,0.0,0.0,0.0,0.0,0.0,0.0,0.6,0.0021278112754879,1.0,0.6870879720907619,0.0,0.0,0.0,,,,,,0.0,,,,,436.7005450185388,4664.8916015625,,,,,,,,,,
1756,1,1756.0,0.0,32.0,32.0,0.1495269429869949,0.0,74.0,0.0,0.0,0.0,0.0,0.0,0.0,0.0,0.0,0.0,0.6,0.0021278112754879,1.0,0.6914135040200835,0.0,0.0,0.0,,,,,,0.0,,,,,428.38309600483626,4673.5166015625,,,,,,,,,,
1757,1,1757.0,0.0,32.0,32.0,0.0366442515514791,0.0,74.0,0.0,0.0,0.0,0.0,0.0,0.0,0.0,0.0,0.0,0.6,0.0021278112754879,1.0,0.6880858682832623,0.0,0.0,0.0,,,,,,0.0,,,,,472.96075092162937,4676.4775390625,,,,,,,,,,
1758,1,1758.0,0.0,32.0,32.0,0.2991521592484787,0.0,74.0,0.0,0.0,0.0,0.0,0.0,0.0,0.0,0.0,0.0,0.6,0.0021278112754879,1.0,0.6871528606174873,0.0,0.0,0.0,,,,,,0.0,,,,,457.5162740657106,4676.4775390625,,,,,,,,,,
1759,1,1759.0,0.0,32.0,32.0,0.1800888897851109,0.0,74.0,0.0,0.0,0.0,0.0,0.0,0.0,0.0,0.0,0.0,0.6,0.0021278112754879,1.0,0.6873086215410414,0.0,0.0,0.0,,,,,,0.0,,,,,451.2499970151112,4671.0009765625,,,,,,,,,,
1760,1,1760.0,0.0,32.0,32.0,0.1446249632281251,0.0,74.0,0.0,0.0,0.0,0.0,0.0,0.0,0.0,0.0,0.0,0.6,0.0021278112754879,1.0,0.6916406613386783,0.0,0.0,0.0,,,,,,0.0,,,,,447.4845220101997,4672.1572265625,,,,,,,,,,
1761,1,1761.0,0.0,32.0,32.0,0.1748141139978543,0.0,74.0,0.0,0.0,0.0,0.0,0.0,0.0,0.0,0.0,0.0,0.6,0.0021278112754879,1.0,0.6984814418163722,0.0,0.0,0.0,,,,,,0.0,,,,,454.9440370174125,4661.1884765625,,,,,,,,,,
1762,1,1762.0,0.0,32.0,32.0,0.1079297067481093,0.0,74.0,0.0,0.0,0.0,0.0,0.0,0.0,0.0,0.0,0.0,0.6,0.0021278112754879,1.0,0.6841344969787891,0.0,0.0,0.0,,,,,,0.0,,,,,428.9576649898663,4664.8916015625,,,,,,,,,,
1763,1,1763.0,0.0,32.0,32.0,0.1739728292450308,0.0,74.0,0.0,0.0,0.0,0.0,0.0,0.0,0.0,0.0,0.0,0.6,0.0021278112754879,1.0,0.6868040763854892,0.0,0.0,0.0,,,,,,0.0,,,,,439.4077790202573,4672.1572265625,,,,,,,,,,
1764,1,1764.0,0.0,32.0,32.0,0.1968943092506379,0.0,74.0,0.0,0.0,0.0,0.0,0.0,0.0,0.0,0.0,0.0,0.6,0.0021278112754879,1.0,0.6896959749824293,0.0,0.0,0.0,,,,,,0.0,,,,,426.3311830582097,4672.1572265625,,,,,,,,,,
1765,1,1765.0,0.0,32.0,32.0,0.2588521902798675,0.0,74.0,0.0,0.0,0.0,0.0,0.0,0.0,0.0,0.0,0.0,0.6,0.0021278112754879,1.0,0.686126352398824,0.0,0.0,0.0,,,,,,0.0,,,,,521.2682959390804,4666.8134765625,,,,,,,,,,
1766,1,1766.0,0.0,32.0,32.0,0.402943060034886,0.0,74.0,0.0,0.0,0.0,0.0,0.0,0.0,0.0,0.0,0.0,0.6,0.0021278112754879,1.0,0.6851579173305706,0.0,0.0,0.0,,,,,,0.0,,,,,430.323819979094,4671.4228515625,,,,,,,,,,
1767,1,1767.0,0.0,32.0,32.0,0.1343209437327459,0.0,74.0,0.0,0.0,0.0,0.0,0.0,0.0,0.0,0.0,0.0,0.6,0.0021278112754879,1.0,0.6905934308645197,0.0,0.0,0.0,,,,,,0.0,,,,,439.5507890731096,4668.0009765625,,,,,,,,,,
1768,1,1768.0,0.0,32.0,32.0,0.0332110456656664,2.0,74.0,0.027027027027027,1.0,1.0,0.5,0.5,0.1530777342009947,0.1478731903849518,0.1582822780170376,0.0,0.6,0.0021278112754879,1.000000000017491,0.6839793524775288,1.1025480382279844e-09,1.0,1.0,0.0,1.0,1.0,0.9999999711460994,0.6931471605599454,2.0,0.5173484793868097,,,-0.0020930070616238,429.2549120727927,4675.8837890625,,,,,,,,,,
1769,1,1769.0,0.0,32.0,32.0,0.1459192046313546,0.0,74.0,0.0,0.0,0.0,0.0,0.0,0.0,0.0,0.0,0.0,0.6,0.0021278112754879,1.0,0.6901769730912052,0.0,0.0,0.0,,,,,,0.0,,,,,434.5817550783977,4664.8916015625,,,,,,,,,,
1770,1,1770.0,0.0,32.0,32.0,0.0492397354682907,1.0,74.0,0.0135135135135135,0.0,1.0,0.0,1.0,0.1521625719544942,0.0,0.1521625719544942,0.0,0.6,0.0021278112754879,1.000000000002072,0.6854312968377763,-7.312829658640145e-11,0.0,1.0,1.0,,0.5,-1.4426950249075512e-08,-9.999999889225293e-09,1.0,0.5072085731816475,,,,428.1280259601772,4676.2509765625,,,,,,,,,,
1771,1,1771.0,0.0,32.0,32.0,0.1609566839179024,0.0,74.0,0.0,0.0,0.0,0.0,0.0,0.0,0.0,0.0,0.0,0.6,0.0021278112754879,1.0,0.6835917463602548,0.0,0.0,0.0,,,,,,0.0,,,,,436.4742590114474,4676.2509765625,,,,,,,,,,
1772,1,1772.0,0.0,32.0,32.0,0.2739319894462824,0.0,74.0,0.0,0.0,0.0,0.0,0.0,0.0,0.0,0.0,0.0,0.6,0.0021278112754879,1.0,0.6873409659047595,0.0,0.0,0.0,,,,,,0.0,,,,,428.8952558999881,4668.0009765625,,,,,,,,,,
1773,1,1773.0,0.0,32.0,32.0,0.0453300776425749,0.0,74.0,0.0,0.0,0.0,0.0,0.0,0.0,0.0,0.0,0.0,0.6,0.0021278112754879,1.0,0.6955636241115875,0.0,0.0,0.0,,,,,,0.0,,,,,435.4082889622077,4677.2822265625,,,,,,,,,,
1774,1,1774.0,0.0,32.0,32.0,0.0596402210067026,0.0,74.0,0.0,0.0,0.0,0.0,0.0,0.0,0.0,0.0,0.0,0.6,0.0021278112754879,1.0,0.6855408470118256,0.0,0.0,0.0,,,,,,0.0,,,,,425.1062150578946,4669.0634765625,,,,,,,,,,
1775,1,1775.0,0.0,32.0,32.0,0.2344179758802056,0.0,74.0,0.0,0.0,0.0,0.0,0.0,0.0,0.0,0.0,0.0,0.6,0.0021278112754879,1.0,0.6845908946474278,0.0,0.0,0.0,,,,,,0.0,,,,,440.6980909407139,4661.1884765625,,,,,,,,,,
1776,1,1776.0,0.0,32.0,32.0,0.0807132120826281,0.0,74.0,0.0,0.0,0.0,0.0,0.0,0.0,0.0,0.0,0.0,0.6,0.0021278112754879,1.0,0.6882274285110053,0.0,0.0,0.0,,,,,,0.0,,,,,431.4618370262906,4667.4072265625,,,,,,,,,,
1777,1,1777.0,0.0,32.0,32.0,0.1556052323430776,0.0,74.0,0.0,0.0,0.0,0.0,0.0,0.0,0.0,0.0,0.0,0.6,0.0021278112754879,1.0,0.683583802922671,0.0,0.0,0.0,,,,,,0.0,,,,,436.913312994875,4668.0009765625,,,,,,,,,,
1778,1,1778.0,0.0,32.0,32.0,0.1555005960399285,0.0,74.0,0.0,0.0,0.0,0.0,0.0,0.0,0.0,0.0,0.0,0.6,0.0021278112754879,1.0,0.6873979084200845,0.0,0.0,0.0,,,,,,0.0,,,,,439.4913410069421,4680.5556640625,,,,,,,,,,
1779,1,1779.0,0.0,32.0,32.0,0.2398485076846555,0.0,74.0,0.0,0.0,0.0,0.0,0.0,0.0,0.0,0.0,0.0,0.6,0.0021278112754879,1.0,0.6865572202306873,0.0,0.0,0.0,,,,,,0.0,,,,,437.5939900055528,4675.8837890625,,,,,,,,,,
1780,1,1780.0,0.0,32.0,32.0,0.0327093238011002,3.0,74.0,0.0405405405405405,0.0,3.0,0.0,1.0,0.1586471313608268,0.0,0.1586471313608268,0.0,0.6,0.0021278112754879,1.0000000000573916,0.689948880166958,1.0261833361286283e-09,0.0,3.0,1.0,,0.5,-1.4426950249075512e-08,-9.999999889225293e-09,1.0,0.5288237712027563,-0.0046533257700502,0.5023266628850251,,433.55616996996105,4667.7197265625,,,,,,,,,,
1781,1,1781.0,0.0,32.0,32.0,0.4157095229020342,0.0,74.0,0.0,0.0,0.0,0.0,0.0,0.0,0.0,0.0,0.0,0.6,0.0021278112754879,1.0,0.689926891554661,0.0,0.0,0.0,,,,,,0.0,,,,,437.9864159272984,4669.0634765625,,,,,,,,,,
1782,1,1782.0,0.0,32.0,32.0,0.1636127069941721,0.0,74.0,0.0,0.0,0.0,0.0,0.0,0.0,0.0,0.0,0.0,0.6,0.0021278112754879,1.0,0.6868179585737427,0.0,0.0,0.0,,,,,,0.0,,,,,428.1316680135205,4667.7197265625,,,,,,,,,,
1783,1,1783.0,0.0,32.0,32.0,0.1883484671125188,0.0,74.0,0.0,0.0,0.0,0.0,0.0,0.0,0.0,0.0,0.0,0.6,0.0021278112754879,1.0,0.6882409937143955,0.0,0.0,0.0,,,,,,0.0,,,,,439.8451410233975,4668.1572265625,,,,,,,,,,
1784,1,1784.0,0.0,32.0,32.0,0.1948915527900681,0.0,74.0,0.0,0.0,0.0,0.0,0.0,0.0,0.0,0.0,0.0,0.6,0.0021278112754879,1.0,0.6883911112868467,0.0,0.0,0.0,,,,,,0.0,,,,,429.61320804897696,4664.6572265625,,,,,,,,,,
1785,1,1785.0,0.0,32.0,32.0,0.1812149505713023,0.0,74.0,0.0,0.0,0.0,0.0,0.0,0.0,0.0,0.0,0.0,0.6,0.0021278112754879,1.0,0.6868500541147338,0.0,0.0,0.0,,,,,,0.0,,,,,440.8940600696951,4664.0322265625,,,,,,,,,,
1786,1,1786.0,0.0,32.0,32.0,0.3198039193521254,0.0,74.0,0.0,0.0,0.0,0.0,0.0,0.0,0.0,0.0,0.0,0.6,0.0021278112754879,1.0,0.6895480285600757,0.0,0.0,0.0,,,,,,0.0,,,,,426.7355060437694,4661.1884765625,,,,,,,,,,
1787,1,1787.0,0.0,32.0,32.0,0.4249219865305349,0.0,74.0,0.0,0.0,0.0,0.0,0.0,0.0,0.0,0.0,0.0,0.6,0.0021278112754879,1.0,0.6855790707813348,0.0,0.0,0.0,,,,,,0.0,,,,,429.56914100795984,4671.0009765625,,,,,,,,,,
1788,1,1788.0,0.0,32.0,32.0,0.0529307120013982,0.0,74.0,0.0,0.0,0.0,0.0,0.0,0.0,0.0,0.0,0.0,0.6,0.0021278112754879,1.0,0.6833738970808149,0.0,0.0,0.0,,,,,,0.0,,,,,430.0232169916853,4667.7197265625,,,,,,,,,,
1789,1,1789.0,0.0,32.0,32.0,0.0809728114400059,0.0,74.0,0.0,0.0,0.0,0.0,0.0,0.0,0.0,0.0,0.0,0.6,0.0021278112754879,1.0,0.6929624012125043,0.0,0.0,0.0,,,,,,0.0,,,,,436.1757040023804,4672.1572265625,,,,,,,,,,
1790,1,1790.0,0.0,32.0,32.0,0.2446389286778867,0.0,74.0,0.0,0.0,0.0,0.0,0.0,0.0,0.0,0.0,0.0,0.6,0.0021278112754879,1.0,0.6858325539835151,0.0,0.0,0.0,,,,,,0.0,,,,,428.1380299944431,4671.2353515625,,,,,,,,,,
1791,1,1791.0,0.0,32.0,32.0,0.2299555467907339,0.0,74.0,0.0,0.0,0.0,0.0,0.0,0.0,0.0,0.0,0.0,0.6,0.0021278112754879,1.0,0.685611390570207,0.0,0.0,0.0,,,,,,0.0,,,,,433.62670799251646,4668.0009765625,,,,,,,,,,
1792,1,1792.0,0.0,32.0,32.0,0.0729023469612002,0.0,74.0,0.0,0.0,0.0,0.0,0.0,0.0,0.0,0.0,0.0,0.6,0.0021278112754879,1.0,0.6864454084572518,0.0,0.0,0.0,,,,,,0.0,,,,,426.2813599780202,4664.8916015625,,,,,,,,,,
1793,1,1793.0,0.0,32.0,32.0,0.266704844078049,0.0,74.0,0.0,0.0,0.0,0.0,0.0,0.0,0.0,0.0,0.0,0.6,0.0021278112754879,1.0,0.6908473709756,0.0,0.0,0.0,,,,,,0.0,,,,,438.1063939072192,4668.7041015625,,,,,,,,,,
1794,1,1794.0,0.0,32.0,32.0,0.1170875751413405,0.0,74.0,0.0,0.0,0.0,0.0,0.0,0.0,0.0,0.0,0.0,0.6,0.0021278112754879,1.0,0.6852139125465616,0.0,0.0,0.0,,,,,,0.0,,,,,429.9043150385842,4672.1572265625,,,,,,,,,,
1795,1,1795.0,0.0,32.0,32.0,0.1930017209379002,0.0,74.0,0.0,0.0,0.0,0.0,0.0,0.0,0.0,0.0,0.0,0.6,0.0021278112754879,1.0,0.6885066054231177,0.0,0.0,0.0,,,,,,0.0,,,,,434.2894710134715,4676.2509765625,,,,,,,,,,
1796,1,1796.0,0.0,32.0,32.0,0.0366438872879371,1.0,74.0,0.0135135135135135,0.0,1.0,0.0,1.0,0.1553900423755532,0.0,0.1553900423755532,0.0,0.6,0.0021278112754879,1.0000000000119875,0.6961780064749966,9.317615720837354e-10,0.0,1.0,1.0,,0.5,-1.4426950249075512e-08,-9.999999889225293e-09,1.0,0.5179668079185108,,,,425.6216479698196,4672.7353515625,,,,,,,,,,
1797,1,1797.0,0.0,32.0,32.0,0.1574596005957573,0.0,74.0,0.0,0.0,0.0,0.0,0.0,0.0,0.0,0.0,0.0,0.6,0.0021278112754879,1.0,0.6888003951112275,0.0,0.0,0.0,,,,,,0.0,,,,,439.3956799758598,4671.2353515625,,,,,,,,,,
1798,1,1798.0,0.0,32.0,32.0,0.06002137507312,0.0,74.0,0.0,0.0,0.0,0.0,0.0,0.0,0.0,0.0,0.0,0.6,0.0021278112754879,1.0,0.6913872828317383,0.0,0.0,0.0,,,,,,0.0,,,,,425.5382070550695,4667.6259765625,,,,,,,,,,
1799,1,1799.0,0.0,32.0,32.0,0.1519467889447696,0.0,74.0,0.0,0.0,0.0,0.0,0.0,0.0,0.0,0.0,0.0,0.6,0.0021278112754879,1.0,0.6872805386641914,0.0,0.0,0.0,,,,,,0.0,,,,,436.7107859579846,4675.8837890625,,,,,,,,,,
1800,1,1800.0,0.0,32.0,32.0,0.1323624165961519,0.0,74.0,0.0,0.0,0.0,0.0,0.0,0.0,0.0,0.0,0.0,0.6,0.0021278112754879,1.0,0.6921359340799691,0.0,0.0,0.0,,,,,,0.0,,,,,423.060572007671,4664.8916015625,,,,,,,,,,
1801,1,1801.0,0.0,32.0,32.0,0.3835407416336238,0.0,74.0,0.0,0.0,0.0,0.0,0.0,0.0,0.0,0.0,0.0,0.6,0.0021278112754879,1.0,0.6878157126407084,0.0,0.0,0.0,,,,,,0.0,,,,,437.62629793491215,4668.7041015625,,,,,,,,,,
1802,1,1802.0,0.0,32.0,32.0,0.1246412851614877,0.0,74.0,0.0,0.0,0.0,0.0,0.0,0.0,0.0,0.0,0.0,0.6,0.0021278112754879,1.0,0.6933304849879108,0.0,0.0,0.0,,,,,,0.0,,,,,426.5398599673063,4667.6259765625,,,,,,,,,,
1803,1,1803.0,0.0,32.0,32.0,0.2704074278008193,0.0,74.0,0.0,0.0,0.0,0.0,0.0,0.0,0.0,0.0,0.0,0.6,0.0021278112754879,1.0,0.6872471756997767,0.0,0.0,0.0,,,,,,0.0,,,,,435.2056529605761,4676.2509765625,,,,,,,,,,
1804,1,1804.0,0.0,32.0,32.0,0.3864354079123586,0.0,74.0,0.0,0.0,0.0,0.0,0.0,0.0,0.0,0.0,0.0,0.6,0.0021278112754879,1.0,0.6835885575430943,0.0,0.0,0.0,,,,,,0.0,,,,,424.1223020944744,4673.5166015625,,,,,,,,,,
1805,1,1805.0,0.0,32.0,32.0,0.1318202426191419,1.0,74.0,0.0135135135135135,0.0,1.0,0.0,1.0,0.1539792542054045,0.0,0.1539792542054045,0.0,0.6,0.0021278112754879,1.0000000000213067,0.6889620703135791,-2.3548728493658153e-09,0.0,1.0,1.0,,0.5,-1.4426950249075512e-08,-9.999999889225293e-09,1.0,0.5132641806846817,,,,430.0845550606027,4667.6259765625,,,,,,,,,,
1806,1,1806.0,0.0,32.0,32.0,0.1271682896185666,0.0,74.0,0.0,0.0,0.0,0.0,0.0,0.0,0.0,0.0,0.0,0.6,0.0021278112754879,1.0,0.6808296994679739,0.0,0.0,0.0,,,,,,0.0,,,,,424.5088039897382,4671.0009765625,,,,,,,,,,
1807,1,1807.0,0.0,32.0,32.0,0.2896753277163952,0.0,74.0,0.0,0.0,0.0,0.0,0.0,0.0,0.0,0.0,0.0,0.6,0.0021278112754879,1.0,0.688935047316885,0.0,0.0,0.0,,,,,,0.0,,,,,436.1430739518255,4661.1884765625,,,,,,,,,,
1808,1,1808.0,0.0,32.0,32.0,0.3524120887741446,0.0,74.0,0.0,0.0,0.0,0.0,0.0,0.0,0.0,0.0,0.0,0.6,0.0021278112754879,1.0,0.6806991769373524,0.0,0.0,0.0,,,,,,0.0,,,,,426.5885769855231,4668.0009765625,,,,,,,,,,
1809,1,1809.0,0.0,32.0,32.0,0.1169448553118854,0.0,74.0,0.0,0.0,0.0,0.0,0.0,0.0,0.0,0.0,0.0,0.6,0.0021278112754879,1.0,0.6881851698692402,0.0,0.0,0.0,,,,,,0.0,,,,,434.8793199751526,4666.8134765625,,,,,,,,,,
1810,1,1810.0,0.0,32.0,32.0,0.1709863981232047,0.0,74.0,0.0,0.0,0.0,0.0,0.0,0.0,0.0,0.0,0.0,0.6,0.0021278112754879,1.0,0.6920970260631263,0.0,0.0,0.0,,,,,,0.0,,,,,428.6439049756154,4677.2822265625,,,,,,,,,,
1811,1,1811.0,0.0,32.0,32.0,0.2388381510972976,0.0,74.0,0.0,0.0,0.0,0.0,0.0,0.0,0.0,0.0,0.0,0.6,0.0021278112754879,1.0,0.6880377606195753,0.0,0.0,0.0,,,,,,0.0,,,,,436.5769920405,4667.7197265625,,,,,,,,,,
1812,1,1812.0,0.0,32.0,32.0,0.2001386245246976,0.0,74.0,0.0,0.0,0.0,0.0,0.0,0.0,0.0,0.0,0.0,0.6,0.0021278112754879,1.0,0.6831903606529878,0.0,0.0,0.0,,,,,,0.0,,,,,429.2846960015595,4667.7197265625,,,,,,,,,,
1813,1,1813.0,0.0,32.0,32.0,0.2043299790238961,0.0,74.0,0.0,0.0,0.0,0.0,0.0,0.0,0.0,0.0,0.0,0.6,0.0021278112754879,1.0,0.689470997837847,0.0,0.0,0.0,,,,,,0.0,,,,,428.3334370702505,4671.0009765625,,,,,,,,,,
1814,1,1814.0,0.0,32.0,32.0,0.1160225388593971,0.0,74.0,0.0,0.0,0.0,0.0,0.0,0.0,0.0,0.0,0.0,0.6,0.0021278112754879,1.0,0.6860432100698807,0.0,0.0,0.0,,,,,,0.0,,,,,424.78548700455576,4664.8916015625,,,,,,,,,,
1815,1,1815.0,0.0,32.0,32.0,0.1742883240804076,0.0,74.0,0.0,0.0,0.0,0.0,0.0,0.0,0.0,0.0,0.0,0.6,0.0021278112754879,1.0,0.6931993173927892,0.0,0.0,0.0,,,,,,0.0,,,,,436.8238140596077,4671.4228515625,,,,,,,,,,
1816,1,1816.0,0.0,32.0,32.0,0.2860730378888547,0.0,74.0,0.0,0.0,0.0,0.0,0.0,0.0,0.0,0.0,0.0,0.6,0.0021278112754879,1.0,0.6861909141372349,0.0,0.0,0.0,,,,,,0.0,,,,,430.0685590133071,4664.4541015625,,,,,,,,,,
1817,1,1817.0,0.0,32.0,32.0,0.1683950463775545,0.0,74.0,0.0,0.0,0.0,0.0,0.0,0.0,0.0,0.0,0.0,0.6,0.0021278112754879,1.0,0.6853439147838803,0.0,0.0,0.0,,,,,,0.0,,,,,438.10594908427447,4667.6259765625,,,,,,,,,,
1818,1,1818.0,0.0,32.0,32.0,0.2238520857645198,0.0,74.0,0.0,0.0,0.0,0.0,0.0,0.0,0.0,0.0,0.0,0.6,0.0021278112754879,1.0,0.6849826088682186,0.0,0.0,0.0,,,,,,0.0,,,,,420.98516307305545,4667.6259765625,,,,,,,,,,
1819,1,1819.0,0.0,32.0,32.0,0.1867744972696527,0.0,74.0,0.0,0.0,0.0,0.0,0.0,0.0,0.0,0.0,0.0,0.6,0.0021278112754879,1.0,0.689320489769583,0.0,0.0,0.0,,,,,,0.0,,,,,437.80151300597936,4667.4072265625,,,,,,,,,,
1820,1,1820.0,0.0,32.0,32.0,0.1712901422288268,0.0,74.0,0.0,0.0,0.0,0.0,0.0,0.0,0.0,0.0,0.0,0.6,0.0021278112754879,1.0,0.6906278595312905,0.0,0.0,0.0,,,,,,0.0,,,,,432.2125400649384,4666.8134765625,,,,,,,,,,
1821,1,1821.0,0.0,32.0,32.0,0.2437676593544893,0.0,74.0,0.0,0.0,0.0,0.0,0.0,0.0,0.0,0.0,0.0,0.6,0.0021278112754879,1.0,0.6803110675709466,0.0,0.0,0.0,,,,,,0.0,,,,,437.2970029944554,4667.6259765625,,,,,,,,,,
1822,1,1822.0,0.0,32.0,32.0,0.216656572301872,0.0,74.0,0.0,0.0,0.0,0.0,0.0,0.0,0.0,0.0,0.0,0.6,0.0021278112754879,1.0,0.6853717402054781,0.0,0.0,0.0,,,,,,0.0,,,,,425.9117869660258,4667.6259765625,,,,,,,,,,
1823,1,1823.0,0.0,32.0,32.0,0.3987286584451794,0.0,74.0,0.0,0.0,0.0,0.0,0.0,0.0,0.0,0.0,0.0,0.6,0.0021278112754879,1.0,0.6874953329983917,0.0,0.0,0.0,,,,,,0.0,,,,,435.9075269894674,4672.7353515625,,,,,,,,,,
1824,1,1824.0,0.0,32.0,32.0,0.3434717142954469,0.0,74.0,0.0,0.0,0.0,0.0,0.0,0.0,0.0,0.0,0.0,0.6,0.0021278112754879,1.0,0.6835217042844448,0.0,0.0,0.0,,,,,,0.0,,,,,432.7464000089094,4661.1884765625,,,,,,,,,,
1825,1,1825.0,0.0,32.0,32.0,0.1870512310415506,0.0,74.0,0.0,0.0,0.0,0.0,0.0,0.0,0.0,0.0,0.0,0.6,0.0021278112754879,1.0,0.6870233501883733,0.0,0.0,0.0,,,,,,0.0,,,,,440.3537670150399,4672.8916015625,,,,,,,,,,
1826,1,1826.0,0.0,32.0,32.0,0.1312320958822965,0.0,74.0,0.0,0.0,0.0,0.0,0.0,0.0,0.0,0.0,0.0,0.6,0.0021278112754879,1.0,0.6956113409085991,0.0,0.0,0.0,,,,,,0.0,,,,,426.30459007341415,4676.2509765625,,,,,,,,,,
1827,1,1827.0,0.0,32.0,32.0,0.2013926585204899,0.0,74.0,0.0,0.0,0.0,0.0,0.0,0.0,0.0,0.0,0.0,0.6,0.0021278112754879,1.0,0.6834044478963439,0.0,0.0,0.0,,,,,,0.0,,,,,435.11955603025854,4671.4228515625,,,,,,,,,,
1828,1,1828.0,0.0,32.0,32.0,0.1928817385341972,0.0,74.0,0.0,0.0,0.0,0.0,0.0,0.0,0.0,0.0,0.0,0.6,0.0021278112754879,1.0,0.6873193227719704,0.0,0.0,0.0,,,,,,0.0,,,,,430.6839540367946,4664.8916015625,,,,,,,,,,
1829,1,1829.0,0.0,32.0,32.0,0.2622111199889332,0.0,74.0,0.0,0.0,0.0,0.0,0.0,0.0,0.0,0.0,0.0,0.6,0.0021278112754879,1.0,0.6844247209161108,0.0,0.0,0.0,,,,,,0.0,,,,,440.2652740245685,4671.4228515625,,,,,,,,,,
1830,1,1830.0,0.0,32.0,32.0,0.1020843111909926,0.0,74.0,0.0,0.0,0.0,0.0,0.0,0.0,0.0,0.0,0.0,0.6,0.0021278112754879,1.0,0.6909975170846511,0.0,0.0,0.0,,,,,,0.0,,,,,428.082398022525,4667.6259765625,,,,,,,,,,
1831,1,1831.0,0.0,32.0,32.0,0.1069134291028603,0.0,74.0,0.0,0.0,0.0,0.0,0.0,0.0,0.0,0.0,0.0,0.6,0.0021278112754879,1.0,0.6834707724478546,0.0,0.0,0.0,,,,,,0.0,,,,,433.3801160100848,4677.2822265625,,,,,,,,,,
1832,1,1832.0,0.0,32.0,32.0,0.0588088203221559,0.0,74.0,0.0,0.0,0.0,0.0,0.0,0.0,0.0,0.0,0.0,0.6,0.0021278112754879,1.0,0.6830728097021471,0.0,0.0,0.0,,,,,,0.0,,,,,431.2427829718217,4667.7197265625,,,,,,,,,,
1833,1,1833.0,0.0,32.0,32.0,0.1666270998539403,0.0,74.0,0.0,0.0,0.0,0.0,0.0,0.0,0.0,0.0,0.0,0.6,0.0021278112754879,1.0,0.6910723021046155,0.0,0.0,0.0,,,,,,0.0,,,,,441.1848080344498,4667.9384765625,,,,,,,,,,
1834,1,1834.0,0.0,32.0,32.0,0.1079826722270809,0.0,74.0,0.0,0.0,0.0,0.0,0.0,0.0,0.0,0.0,0.0,0.6,0.0021278112754879,1.0,0.6925828449719399,0.0,0.0,0.0,,,,,,0.0,,,,,430.6584410369396,4677.2822265625,,,,,,,,,,
1835,1,1835.0,0.0,32.0,32.0,0.1806731860851869,0.0,74.0,0.0,0.0,0.0,0.0,0.0,0.0,0.0,0.0,0.0,0.6,0.0021278112754879,1.0,0.6910503160455027,0.0,0.0,0.0,,,,,,0.0,,,,,439.674737979658,4673.0166015625,,,,,,,,,,
1836,1,1836.0,0.0,32.0,32.0,0.1193493216997012,0.0,74.0,0.0,0.0,0.0,0.0,0.0,0.0,0.0,0.0,0.0,0.6,0.0021278112754879,1.0,0.6902147722293179,0.0,0.0,0.0,,,,,,0.0,,,,,425.263082026504,4676.4775390625,,,,,,,,,,
1837,1,1837.0,0.0,32.0,32.0,0.0782622216502204,0.0,74.0,0.0,0.0,0.0,0.0,0.0,0.0,0.0,0.0,0.0,0.6,0.0021278112754879,1.0,0.6876926844852267,0.0,0.0,0.0,,,,,,0.0,,,,,447.41049397271127,4668.1572265625,,,,,,,,,,
1838,1,1838.0,0.0,32.0,32.0,0.3206025437393691,0.0,74.0,0.0,0.0,0.0,0.0,0.0,0.0,0.0,0.0,0.0,0.6,0.0021278112754879,1.0,0.6857170343747565,0.0,0.0,0.0,,,,,,0.0,,,,,435.5588940670714,4668.4384765625,,,,,,,,,,
1839,1,1839.0,0.0,32.0,32.0,0.2523625386238564,0.0,74.0,0.0,0.0,0.0,0.0,0.0,0.0,0.0,0.0,0.0,0.6,0.0021278112754879,1.0,0.6885033771896806,0.0,0.0,0.0,,,,,,0.0,,,,,520.0987700372934,4672.1572265625,,,,,,,,,,
1840,1,1840.0,0.0,32.0,32.0,0.1262758240918629,0.0,74.0,0.0,0.0,0.0,0.0,0.0,0.0,0.0,0.0,0.0,0.6,0.0021278112754879,1.0,0.6902427051240717,0.0,0.0,0.0,,,,,,0.0,,,,,430.63789000734687,4677.2822265625,,,,,,,,,,
1841,1,1841.0,0.0,32.0,32.0,0.1491935243830084,0.0,74.0,0.0,0.0,0.0,0.0,0.0,0.0,0.0,0.0,0.0,0.6,0.0021278112754879,1.0,0.688442528865057,0.0,0.0,0.0,,,,,,0.0,,,,,436.2267790129408,4667.7197265625,,,,,,,,,,
1842,1,1842.0,0.0,32.0,32.0,0.1296039688168093,0.0,74.0,0.0,0.0,0.0,0.0,0.0,0.0,0.0,0.0,0.0,0.6,0.0021278112754879,1.0,0.6933702188894777,0.0,0.0,0.0,,,,,,0.0,,,,,432.9695460619405,4672.1572265625,,,,,,,,,,
1843,1,1843.0,0.0,32.0,32.0,0.2512903246097266,0.0,74.0,0.0,0.0,0.0,0.0,0.0,0.0,0.0,0.0,0.0,0.6,0.0021278112754879,1.0,0.692791465067523,0.0,0.0,0.0,,,,,,0.0,,,,,440.8358479849994,4671.2353515625,,,,,,,,,,
1844,1,1844.0,0.0,32.0,32.0,0.0264665086870081,20.0,74.0,0.2702702702702703,3.0,17.0,0.15,0.85,0.1506096557861578,0.1475598963836881,0.1511478486218877,0.0,0.6,0.0021278112754879,0.9999999999821252,0.6900721769410282,4.580786213936572e-10,3.0,17.0,0.7,5.666666666666667,1.0,0.6098402758625001,0.4227090678059912,2.0,0.5052237443772589,-0.0007925171012175,0.5003962585506088,-0.0009139022177525,441.6507350979373,4673.5283203125,,,,,,,,,,
1845,1,1845.0,0.0,32.0,32.0,0.3628426979994401,0.0,74.0,0.0,0.0,0.0,0.0,0.0,0.0,0.0,0.0,0.0,0.6,0.0021278112754879,1.0,0.6916949019773414,0.0,0.0,0.0,,,,,,0.0,,,,,438.2322139572352,4671.2353515625,,,,,,,,,,
1846,1,1846.0,0.0,32.0,32.0,0.1748550483316648,0.0,74.0,0.0,0.0,0.0,0.0,0.0,0.0,0.0,0.0,0.0,0.6,0.0021278112754879,1.0,0.6851795499886101,0.0,0.0,0.0,,,,,,0.0,,,,,427.58746503386647,4667.1728515625,,,,,,,,,,
1847,1,1847.0,0.0,32.0,32.0,0.1964708280283957,0.0,74.0,0.0,0.0,0.0,0.0,0.0,0.0,0.0,0.0,0.0,0.6,0.0021278112754879,1.0,0.6878556944118001,0.0,0.0,0.0,,,,,,0.0,,,,,440.15870592556894,4676.4775390625,,,,,,,,,,
1848,1,1848.0,0.0,32.0,32.0,0.0843377479468472,0.0,74.0,0.0,0.0,0.0,0.0,0.0,0.0,0.0,0.0,0.0,0.6,0.0021278112754879,1.0,0.6899160348602018,0.0,0.0,0.0,,,,,,0.0,,,,,430.6268970249221,4680.5556640625,,,,,,,,,,
1849,1,1849.0,0.0,32.0,32.0,0.0773371078539639,0.0,74.0,0.0,0.0,0.0,0.0,0.0,0.0,0.0,0.0,0.0,0.6,0.0021278112754879,1.0,0.6851592339529151,0.0,0.0,0.0,,,,,,0.0,,,,,437.7350430004298,4661.1884765625,,,,,,,,,,
1850,1,1850.0,0.0,32.0,32.0,0.0459269505226984,0.0,74.0,0.0,0.0,0.0,0.0,0.0,0.0,0.0,0.0,0.0,0.6,0.0021278112754879,1.0,0.6862605511675635,0.0,0.0,0.0,,,,,,0.0,,,,,426.7871479969472,4672.7353515625,,,,,,,,,,
1851,1,1851.0,0.0,32.0,32.0,0.221078236005269,0.0,74.0,0.0,0.0,0.0,0.0,0.0,0.0,0.0,0.0,0.0,0.6,0.0021278112754879,1.0,0.6950836761950827,0.0,0.0,0.0,,,,,,0.0,,,,,437.251178896986,4669.0634765625,,,,,,,,,,
1852,1,1852.0,0.0,32.0,32.0,0.0506539003690704,4.0,74.0,0.054054054054054,1.0,3.0,0.25,0.75,0.150897941763639,0.1476739803478638,0.1519725955688974,0.0,0.6,0.0021278112754879,0.9999999999948548,0.6893029439106698,1.354673997321125e-09,1.0,3.0,0.5,3.0,1.0,0.8112780956052325,0.5623351246188086,2.0,0.5117227626064342,-0.0017238248838111,0.5008619124419056,0.0015484501444036,433.87274199631065,4661.1884765625,,,,,,,,,,
1853,1,1853.0,0.0,32.0,32.0,0.3754916278412565,0.0,74.0,0.0,0.0,0.0,0.0,0.0,0.0,0.0,0.0,0.0,0.6,0.0021278112754879,1.0,0.6904418414480074,0.0,0.0,0.0,,,,,,0.0,,,,,437.04647093545645,4671.0009765625,,,,,,,,,,
1854,1,1854.0,0.0,32.0,32.0,0.0740671725943684,1.0,74.0,0.0135135135135135,0.0,1.0,0.0,1.0,0.1545993847202294,0.0,0.1545993847202294,0.0,0.6,0.0021278112754879,1.0000000000051317,0.6940536774473235,-6.694471534926002e-11,0.0,1.0,1.0,,0.5,-1.4426950249075512e-08,-9.999999889225293e-09,1.0,0.5153312824007648,,,,430.8528390247375,4672.1572265625,,,,,,,,,,
1855,1,1855.0,0.0,32.0,32.0,0.2989594538230449,0.0,74.0,0.0,0.0,0.0,0.0,0.0,0.0,0.0,0.0,0.0,0.6,0.0021278112754879,1.0,0.6907414842130587,0.0,0.0,0.0,,,,,,0.0,,,,,435.016052913852,4672.1572265625,,,,,,,,,,
1856,1,1856.0,0.0,32.0,32.0,0.2245065973256714,0.0,74.0,0.0,0.0,0.0,0.0,0.0,0.0,0.0,0.0,0.0,0.6,0.0021278112754879,1.0,0.6930249047190273,0.0,0.0,0.0,,,,,,0.0,,,,,432.802538969554,4672.8916015625,,,,,,,,,,
1857,1,1857.0,0.0,32.0,32.0,0.3623548006871715,0.0,74.0,0.0,0.0,0.0,0.0,0.0,0.0,0.0,0.0,0.0,0.6,0.0021278112754879,1.0,0.6896177062412853,0.0,0.0,0.0,,,,,,0.0,,,,,444.3851370597258,4666.8134765625,,,,,,,,,,
1858,1,1858.0,0.0,32.0,32.0,0.1502547877607867,0.0,74.0,0.0,0.0,0.0,0.0,0.0,0.0,0.0,0.0,0.0,0.6,0.0021278112754879,1.0,0.6859651938810328,0.0,0.0,0.0,,,,,,0.0,,,,,432.2341389488429,4668.1572265625,,,,,,,,,,
1859,1,1859.0,0.0,32.0,32.0,0.0710745194228366,0.0,74.0,0.0,0.0,0.0,0.0,0.0,0.0,0.0,0.0,0.0,0.6,0.0021278112754879,1.0,0.6858496691716915,0.0,0.0,0.0,,,,,,0.0,,,,,436.64713797625154,4664.8916015625,,,,,,,,,,
1860,1,1860.0,0.0,32.0,32.0,0.1299131210544146,0.0,74.0,0.0,0.0,0.0,0.0,0.0,0.0,0.0,0.0,0.0,0.6,0.0021278112754879,1.0,0.6885450835943905,0.0,0.0,0.0,,,,,,0.0,,,,,428.6796000087634,4671.2353515625,,,,,,,,,,
1861,1,1861.0,0.0,32.0,32.0,0.1249530108179897,0.0,74.0,0.0,0.0,0.0,0.0,0.0,0.0,0.0,0.0,0.0,0.6,0.0021278112754879,1.0,0.6928775682364556,0.0,0.0,0.0,,,,,,0.0,,,,,440.57313608936965,4672.1572265625,,,,,,,,,,
1862,1,1862.0,0.0,32.0,32.0,0.1568522190209478,0.0,74.0,0.0,0.0,0.0,0.0,0.0,0.0,0.0,0.0,0.0,0.6,0.0021278112754879,1.0,0.6909468836807922,0.0,0.0,0.0,,,,,,0.0,,,,,428.652771981433,4661.1884765625,,,,,,,,,,
1863,1,1863.0,0.0,32.0,32.0,0.3310539410449564,0.0,74.0,0.0,0.0,0.0,0.0,0.0,0.0,0.0,0.0,0.0,0.6,0.0021278112754879,1.0,0.6887026203142342,0.0,0.0,0.0,,,,,,0.0,,,,,439.91799699142575,4672.7353515625,,,,,,,,,,
1864,1,1864.0,0.0,32.0,32.0,0.2420299863442778,0.0,74.0,0.0,0.0,0.0,0.0,0.0,0.0,0.0,0.0,0.0,0.6,0.0021278112754879,1.0,0.6876236242094377,0.0,0.0,0.0,,,,,,0.0,,,,,426.60721600987017,4667.1728515625,,,,,,,,,,
1865,1,1865.0,0.0,32.0,32.0,0.4172660207841545,0.0,74.0,0.0,0.0,0.0,0.0,0.0,0.0,0.0,0.0,0.0,0.6,0.0021278112754879,1.0,0.6881004562560642,0.0,0.0,0.0,,,,,,0.0,,,,,439.5459709921852,4661.1884765625,,,,,,,,,,
1866,1,1866.0,0.0,32.0,32.0,0.0544581818394362,1.0,74.0,0.0135135135135135,0.0,1.0,0.0,1.0,0.1522467727270504,0.0,0.1522467727270504,0.0,0.6,0.0021278112754879,1.0,0.6912628960836301,0.0,0.0,1.0,1.0,,0.5,-1.4426950249075512e-08,-9.999999889225293e-09,1.0,0.5074892424235015,,,,432.05594399478287,4672.1572265625,,,,,,,,,,
1867,1,1867.0,0.0,32.0,32.0,0.3017179705202579,0.0,74.0,0.0,0.0,0.0,0.0,0.0,0.0,0.0,0.0,0.0,0.6,0.0021278112754879,1.0,0.688030694410712,0.0,0.0,0.0,,,,,,0.0,,,,,437.6462859800085,4667.6259765625,,,,,,,,,,
1868,1,1868.0,0.0,32.0,32.0,0.2533258744515478,0.0,74.0,0.0,0.0,0.0,0.0,0.0,0.0,0.0,0.0,0.0,0.6,0.0021278112754879,1.0,0.6922713244891717,0.0,0.0,0.0,,,,,,0.0,,,,,426.0522889671847,4672.7353515625,,,,,,,,,,
1869,1,1869.0,0.0,32.0,32.0,0.1098041560035198,1.0,74.0,0.0135135135135135,0.0,1.0,0.0,1.0,0.1578318269400164,0.0,0.1578318269400164,0.0,0.6,0.0021278112754879,0.99999999999753,0.6927054705177806,3.9301489727803944e-10,0.0,1.0,1.0,,0.5,-1.4426950249075512e-08,-9.999999889225293e-09,1.0,0.5261060898000547,,,,436.844744021073,4677.2822265625,,,,,,,,,,
1870,1,1870.0,0.0,32.0,32.0,0.1826486887875944,0.0,74.0,0.0,0.0,0.0,0.0,0.0,0.0,0.0,0.0,0.0,0.6,0.0021278112754879,1.0,0.688983034854393,0.0,0.0,0.0,,,,,,0.0,,,,,433.22554090991616,4680.5556640625,,,,,,,,,,
1871,1,1871.0,0.0,32.0,32.0,0.1646925485692918,0.0,74.0,0.0,0.0,0.0,0.0,0.0,0.0,0.0,0.0,0.0,0.6,0.0021278112754879,1.0,0.6881113368353973,0.0,0.0,0.0,,,,,,0.0,,,,,440.2273750165477,4667.9384765625,,,,,,,,,,
1872,1,1872.0,0.0,32.0,32.0,0.0983026479370892,0.0,74.0,0.0,0.0,0.0,0.0,0.0,0.0,0.0,0.0,0.0,0.6,0.0021278112754879,1.0,0.6873582651438703,0.0,0.0,0.0,,,,,,0.0,,,,,429.3375819688663,4672.1572265625,,,,,,,,,,
1873,1,1873.0,0.0,32.0,32.0,0.2279432404320687,0.0,74.0,0.0,0.0,0.0,0.0,0.0,0.0,0.0,0.0,0.0,0.6,0.0021278112754879,1.0,0.68279210435948,0.0,0.0,0.0,,,,,,0.0,,,,,438.0644280463457,4668.4384765625,,,,,,,,,,
1874,1,1874.0,0.0,32.0,32.0,0.0249545705737546,32.0,74.0,0.4324324324324324,10.0,22.0,0.3125,0.6875,0.1499918435900476,0.1432378983952086,0.1530618186786108,0.0,0.6,0.0021278112754879,1.0000000001742964,0.6943569112973165,-3.745991889147587e-09,10.0,22.0,0.375,2.2,1.0,0.8960382036806569,0.6210863545552453,2.0,0.5147828521119285,0.0003146332564938,0.4998426833717531,-0.0013408186926495,452.9236720409244,4737.2314453125,,,,,,,,,,
1875,1,1875.0,0.0,32.0,32.0,0.0973429115256294,0.0,74.0,0.0,0.0,0.0,0.0,0.0,0.0,0.0,0.0,0.0,0.6,0.0021278112754879,1.0,0.6913795659267958,0.0,0.0,0.0,,,,,,0.0,,,,,437.1583909960464,4667.6259765625,,,,,,,,,,
1876,1,1876.0,0.0,32.0,32.0,0.0729789214674383,2.0,74.0,0.027027027027027,0.0,2.0,0.0,1.0,0.1540331549061285,0.0,0.1540331549061285,0.0,0.6,0.0021278112754879,1.0000000000056235,0.6919410223594111,-2.553020892478172e-10,0.0,2.0,1.0,,0.5,-1.4426950249075512e-08,-9.999999889225293e-09,1.0,0.513443849687095,-0.0007626204169355,0.5003813102084678,,434.80695504695177,4668.1572265625,,,,,,,,,,
1877,1,1877.0,0.0,32.0,32.0,0.1639936224091798,0.0,74.0,0.0,0.0,0.0,0.0,0.0,0.0,0.0,0.0,0.0,0.6,0.0021278112754879,1.0,0.6884876925644338,0.0,0.0,0.0,,,,,,0.0,,,,,435.6723250821233,4672.7353515625,,,,,,,,,,
1878,1,1878.0,0.0,32.0,32.0,0.1714740991592407,0.0,74.0,0.0,0.0,0.0,0.0,0.0,0.0,0.0,0.0,0.0,0.6,0.0021278112754879,1.0,0.6844512449566098,0.0,0.0,0.0,,,,,,0.0,,,,,429.8103880137205,4680.5556640625,,,,,,,,,,
1879,1,1879.0,0.0,32.0,32.0,0.554488961584866,0.0,74.0,0.0,0.0,0.0,0.0,0.0,0.0,0.0,0.0,0.0,0.6,0.0021278112754879,1.0,0.687415043050906,0.0,0.0,0.0,,,,,,0.0,,,,,444.60469705518335,4668.1572265625,,,,,,,,,,
1880,1,1880.0,0.0,32.0,32.0,0.0681238610995933,0.0,74.0,0.0,0.0,0.0,0.0,0.0,0.0,0.0,0.0,0.0,0.6,0.0021278112754879,1.0,0.6858589906685184,0.0,0.0,0.0,,,,,,0.0,,,,,428.5836820490658,4672.7353515625,,,,,,,,,,
1881,1,1881.0,0.0,32.0,32.0,0.0948095031781122,0.0,74.0,0.0,0.0,0.0,0.0,0.0,0.0,0.0,0.0,0.0,0.6,0.0021278112754879,1.0,0.6889378874791762,0.0,0.0,0.0,,,,,,0.0,,,,,439.367257989943,4668.0009765625,,,,,,,,,,
1882,1,1882.0,0.0,32.0,32.0,0.1930636441684328,0.0,74.0,0.0,0.0,0.0,0.0,0.0,0.0,0.0,0.0,0.0,0.6,0.0021278112754879,1.0,0.6844348736869982,0.0,0.0,0.0,,,,,,0.0,,,,,426.62104498595,4671.2353515625,,,,,,,,,,
1883,1,1883.0,0.0,32.0,32.0,0.1758096576377283,18.0,74.0,0.2432432432432432,4.0,14.0,0.2222222222222222,0.7777777777777778,0.1511557796718495,0.1418002542993399,0.1538287869211379,0.0,0.6,0.0021278112754879,1.000000000083355,0.684940207556815,-2.269511764329801e-09,4.0,14.0,0.5555555555555556,3.5,1.0,0.7642044776547198,0.5297061790576547,2.0,0.517077736226994,-0.0003113711427431,0.5001556855713716,-0.0022445251343625,455.321678891778,4680.6533203125,,,,,,,,,,
1884,1,1884.0,0.0,32.0,32.0,0.3589797525200993,0.0,74.0,0.0,0.0,0.0,0.0,0.0,0.0,0.0,0.0,0.0,0.6,0.0021278112754879,1.0,0.6828626560318694,0.0,0.0,0.0,,,,,,0.0,,,,,431.4222190296277,4672.8916015625,,,,,,,,,,
1885,1,1885.0,0.0,32.0,32.0,0.1842034342116676,0.0,74.0,0.0,0.0,0.0,0.0,0.0,0.0,0.0,0.0,0.0,0.6,0.0021278112754879,1.0,0.6902157073740331,0.0,0.0,0.0,,,,,,0.0,,,,,440.50131703261286,4668.0009765625,,,,,,,,,,
1886,1,1886.0,0.0,32.0,32.0,0.1092280483571812,0.0,74.0,0.0,0.0,0.0,0.0,0.0,0.0,0.0,0.0,0.0,0.6,0.0021278112754879,1.0,0.6892067597805575,0.0,0.0,0.0,,,,,,0.0,,,,,428.94780403003097,4675.8837890625,,,,,,,,,,
1887,1,1887.0,0.0,32.0,32.0,0.2414861877914518,0.0,74.0,0.0,0.0,0.0,0.0,0.0,0.0,0.0,0.0,0.0,0.6,0.0021278112754879,1.0,0.6945424964095406,0.0,0.0,0.0,,,,,,0.0,,,,,435.6010089395568,4675.8837890625,,,,,,,,,,
1888,1,1888.0,0.0,32.0,32.0,0.4091402916237712,0.0,74.0,0.0,0.0,0.0,0.0,0.0,0.0,0.0,0.0,0.0,0.6,0.0021278112754879,1.0,0.694026741826635,0.0,0.0,0.0,,,,,,0.0,,,,,434.603719972074,4668.4384765625,,,,,,,,,,
1889,1,1889.0,0.0,32.0,32.0,0.0928842428838834,0.0,74.0,0.0,0.0,0.0,0.0,0.0,0.0,0.0,0.0,0.0,0.6,0.0021278112754879,1.0,0.6907808041381404,0.0,0.0,0.0,,,,,,0.0,,,,,441.7420200770721,4668.0009765625,,,,,,,,,,
1890,1,1890.0,0.0,32.0,32.0,0.2330944659188389,0.0,74.0,0.0,0.0,0.0,0.0,0.0,0.0,0.0,0.0,0.0,0.6,0.0021278112754879,1.0,0.6874935587678831,0.0,0.0,0.0,,,,,,0.0,,,,,432.2101449361071,4672.1572265625,,,,,,,,,,
1891,1,1891.0,0.0,32.0,32.0,0.1515944569837302,0.0,74.0,0.0,0.0,0.0,0.0,0.0,0.0,0.0,0.0,0.0,0.6,0.0021278112754879,1.0,0.6827977096908435,0.0,0.0,0.0,,,,,,0.0,,,,,436.4376659505069,4671.0009765625,,,,,,,,,,
1892,1,1892.0,0.0,32.0,32.0,0.1682777698151767,0.0,74.0,0.0,0.0,0.0,0.0,0.0,0.0,0.0,0.0,0.0,0.6,0.0021278112754879,1.0,0.6927029967146503,0.0,0.0,0.0,,,,,,0.0,,,,,429.3047570390627,4664.6572265625,,,,,,,,,,
1893,1,1893.0,0.0,32.0,32.0,0.2096513633150607,0.0,74.0,0.0,0.0,0.0,0.0,0.0,0.0,0.0,0.0,0.0,0.6,0.0021278112754879,1.0,0.6897321390805573,0.0,0.0,0.0,,,,,,0.0,,,,,444.12916200235486,4667.7197265625,,,,,,,,,,
1894,1,1894.0,0.0,32.0,32.0,0.0970224039629101,0.0,74.0,0.0,0.0,0.0,0.0,0.0,0.0,0.0,0.0,0.0,0.6,0.0021278112754879,1.0,0.6850525115015484,0.0,0.0,0.0,,,,,,0.0,,,,,430.74497394263744,4661.1884765625,,,,,,,,,,
1895,1,1895.0,0.0,32.0,32.0,0.0798969670431688,1.0,74.0,0.0135135135135135,0.0,1.0,0.0,1.0,0.1485711005223489,0.0,0.1485711005223489,0.0,0.6,0.0021278112754879,1.0000000000010445,0.684722466802397,-9.663354575987784e-12,0.0,1.0,1.0,,0.5,-1.4426950249075512e-08,-9.999999889225293e-09,1.0,0.5047629982588367,,,,439.9179599713534,4675.3291015625,,,,,,,,,,
1896,1,1896.0,0.0,32.0,32.0,0.2143542319536209,0.0,74.0,0.0,0.0,0.0,0.0,0.0,0.0,0.0,0.0,0.0,0.6,0.0021278112754879,1.0,0.6869296947601888,0.0,0.0,0.0,,,,,,0.0,,,,,429.7560270642862,4675.8837890625,,,,,,,,,,
1897,1,1897.0,0.0,32.0,32.0,0.1728808833286166,0.0,74.0,0.0,0.0,0.0,0.0,0.0,0.0,0.0,0.0,0.0,0.6,0.0021278112754879,1.0,0.6900955454625423,0.0,0.0,0.0,,,,,,0.0,,,,,437.7385639818385,4668.0009765625,,,,,,,,,,
1898,1,1898.0,0.0,32.0,32.0,0.2345937099307775,0.0,74.0,0.0,0.0,0.0,0.0,0.0,0.0,0.0,0.0,0.0,0.6,0.0021278112754879,1.0,0.6935956980955434,0.0,0.0,0.0,,,,,,0.0,,,,,425.7437170017511,4661.1884765625,,,,,,,,,,
1899,1,1899.0,0.0,32.0,32.0,0.2249850458465516,0.0,74.0,0.0,0.0,0.0,0.0,0.0,0.0,0.0,0.0,0.0,0.6,0.0021278112754879,1.0,0.6834804567838939,0.0,0.0,0.0,,,,,,0.0,,,,,437.0111359748989,4671.2353515625,,,,,,,,,,
1900,1,1900.0,0.0,32.0,32.0,0.1072364773135632,0.0,74.0,0.0,0.0,0.0,0.0,0.0,0.0,0.0,0.0,0.0,0.6,0.0021278112754879,1.0,0.6896667129217694,0.0,0.0,0.0,,,,,,0.0,,,,,424.52168208546937,4672.7353515625,,,,,,,,,,
1901,1,1901.0,0.0,32.0,32.0,0.1058323663892224,1.0,74.0,0.0135135135135135,0.0,1.0,0.0,1.0,0.1512040868940765,0.0,0.1512040868940765,0.0,0.6,0.0021278112754879,0.99999999997916,0.6907801828471548,2.412191728269582e-10,0.0,1.0,1.0,,0.5,-1.4426950249075512e-08,-9.999999889225293e-09,1.0,0.5040136229802552,,,,436.5381550742313,4668.5166015625,,,,,,,,,,
1902,1,1902.0,0.0,32.0,32.0,0.2602381685283035,0.0,74.0,0.0,0.0,0.0,0.0,0.0,0.0,0.0,0.0,0.0,0.6,0.0021278112754879,1.0,0.687748523810829,0.0,0.0,0.0,,,,,,0.0,,,,,430.837104911916,4677.2822265625,,,,,,,,,,
1903,1,1903.0,0.0,32.0,32.0,0.0799831349868327,1.0,74.0,0.0135135135135135,0.0,1.0,0.0,1.0,0.1527269840052434,0.0,0.1527269840052434,0.0,0.6,0.0021278112754879,0.9999999999958604,0.6897827448483664,1.0634412430984616e-09,0.0,1.0,1.0,,0.5,-1.4426950249075512e-08,-9.999999889225293e-09,1.0,0.509089946684145,,,,441.6168649913743,4667.9384765625,,,,,,,,,,
1904,1,1904.0,0.0,32.0,32.0,0.2565700642298907,0.0,74.0,0.0,0.0,0.0,0.0,0.0,0.0,0.0,0.0,0.0,0.6,0.0021278112754879,1.0,0.6899290162250905,0.0,0.0,0.0,,,,,,0.0,,,,,432.76363296899945,4667.1728515625,,,,,,,,,,
1905,1,1905.0,0.0,32.0,32.0,0.1442204779013991,0.0,74.0,0.0,0.0,0.0,0.0,0.0,0.0,0.0,0.0,0.0,0.6,0.0021278112754879,1.0,0.691070694552439,0.0,0.0,0.0,,,,,,0.0,,,,,438.3029399905354,4680.5556640625,,,,,,,,,,
1906,1,1906.0,0.0,32.0,32.0,0.0455677303252741,1.0,74.0,0.0135135135135135,0.0,1.0,0.0,1.0,0.1687278426750299,0.0,0.1687278426750299,0.0,0.6,0.0021278112754879,1.0000000000129232,0.6984463804599924,-1.310233872599077e-09,0.0,1.0,1.0,,0.5,-1.4426950249075512e-08,-9.999999889225293e-09,1.0,0.5624261422500998,,,,431.6927099134773,4675.8837890625,,,,,,,,,,
1907,1,1907.0,0.0,32.0,32.0,0.0321084276074543,2.0,74.0,0.027027027027027,0.0,2.0,0.0,1.0,0.1653230191793206,0.0,0.1653230191793206,0.0,0.6,0.0021278112754879,1.0,0.6932458423732265,-2.1510047215622663e-10,0.0,2.0,1.0,,0.5,-1.4426950249075512e-08,-9.999999889225293e-09,1.0,0.5510767305977355,-0.0072116828523576,0.5036058414261788,,441.5006600320339,4675.8837890625,,,,,,,,,,
1908,1,1908.0,0.0,32.0,32.0,0.1050767242268193,0.0,74.0,0.0,0.0,0.0,0.0,0.0,0.0,0.0,0.0,0.0,0.6,0.0021278112754879,1.0,0.6887437411895505,0.0,0.0,0.0,,,,,,0.0,,,,,431.5327239455655,4672.8916015625,,,,,,,,,,
1909,1,1909.0,0.0,32.0,32.0,0.1905615574214607,0.0,74.0,0.0,0.0,0.0,0.0,0.0,0.0,0.0,0.0,0.0,0.6,0.0021278112754879,1.0,0.6859017317460158,0.0,0.0,0.0,,,,,,0.0,,,,,437.6457949401811,4667.9384765625,,,,,,,,,,
1910,1,1910.0,0.0,32.0,32.0,0.337933928676648,0.0,74.0,0.0,0.0,0.0,0.0,0.0,0.0,0.0,0.0,0.0,0.6,0.0021278112754879,1.0,0.693072346259586,0.0,0.0,0.0,,,,,,0.0,,,,,429.4393399031833,4664.8916015625,,,,,,,,,,
1911,1,1911.0,0.0,32.0,32.0,0.2897905000136234,0.0,74.0,0.0,0.0,0.0,0.0,0.0,0.0,0.0,0.0,0.0,0.6,0.0021278112754879,1.0,0.6910072357768088,0.0,0.0,0.0,,,,,,0.0,,,,,521.5995500329882,4664.4541015625,,,,,,,,,,
1912,1,1912.0,0.0,32.0,32.0,0.0727314529940486,0.0,74.0,0.0,0.0,0.0,0.0,0.0,0.0,0.0,0.0,0.0,0.6,0.0021278112754879,1.0,0.6880155513822054,0.0,0.0,0.0,,,,,,0.0,,,,,431.4808140043169,4666.8134765625,,,,,,,,,,
1913,1,1913.0,0.0,32.0,32.0,0.1146845262264832,0.0,74.0,0.0,0.0,0.0,0.0,0.0,0.0,0.0,0.0,0.0,0.6,0.0021278112754879,1.0,0.6935886082722414,0.0,0.0,0.0,,,,,,0.0,,,,,440.8339170040563,4672.1572265625,,,,,,,,,,
1914,1,1914.0,0.0,32.0,32.0,0.3018576683243736,0.0,74.0,0.0,0.0,0.0,0.0,0.0,0.0,0.0,0.0,0.0,0.6,0.0021278112754879,1.0,0.6903525684041067,0.0,0.0,0.0,,,,,,0.0,,,,,429.7421500086784,4676.4775390625,,,,,,,,,,
1915,1,1915.0,0.0,32.0,32.0,0.4732799399644136,0.0,74.0,0.0,0.0,0.0,0.0,0.0,0.0,0.0,0.0,0.0,0.6,0.0021278112754879,1.0,0.6921452153451241,0.0,0.0,0.0,,,,,,0.0,,,,,434.3668119981885,4672.1572265625,,,,,,,,,,
1916,1,1916.0,0.0,32.0,32.0,0.191287574940361,0.0,74.0,0.0,0.0,0.0,0.0,0.0,0.0,0.0,0.0,0.0,0.6,0.0021278112754879,1.0,0.6905582524429807,0.0,0.0,0.0,,,,,,0.0,,,,,429.2180039919913,4676.2509765625,,,,,,,,,,
1917,1,1917.0,0.0,32.0,32.0,0.2779041449539363,0.0,74.0,0.0,0.0,0.0,0.0,0.0,0.0,0.0,0.0,0.0,0.6,0.0021278112754879,1.0,0.6951692499350284,0.0,0.0,0.0,,,,,,0.0,,,,,438.7297020293772,4680.5556640625,,,,,,,,,,
1918,1,1918.0,0.0,32.0,32.0,0.1150229633785784,0.0,74.0,0.0,0.0,0.0,0.0,0.0,0.0,0.0,0.0,0.0,0.6,0.0021278112754879,1.0,0.6884181481771511,0.0,0.0,0.0,,,,,,0.0,,,,,430.4654469015077,4671.2353515625,,,,,,,,,,
1919,1,1919.0,0.0,32.0,32.0,0.2289033222477883,0.0,74.0,0.0,0.0,0.0,0.0,0.0,0.0,0.0,0.0,0.0,0.6,0.0021278112754879,1.0,0.693313424590177,0.0,0.0,0.0,,,,,,0.0,,,,,436.1005340470001,4668.0009765625,,,,,,,,,,
1920,1,1920.0,0.0,32.0,32.0,0.1597321305889636,0.0,74.0,0.0,0.0,0.0,0.0,0.0,0.0,0.0,0.0,0.0,0.6,0.0021278112754879,1.0,0.6978453514013226,0.0,0.0,0.0,,,,,,0.0,,,,,425.1696900464594,4677.2822265625,,,,,,,,,,
1921,1,1921.0,0.0,32.0,32.0,0.1068283229833468,0.0,74.0,0.0,0.0,0.0,0.0,0.0,0.0,0.0,0.0,0.0,0.6,0.0021278112754879,1.0,0.69031034526358,0.0,0.0,0.0,,,,,,0.0,,,,,441.1618289304897,4664.8916015625,,,,,,,,,,
1922,1,1922.0,0.0,32.0,32.0,0.0725136606488376,0.0,74.0,0.0,0.0,0.0,0.0,0.0,0.0,0.0,0.0,0.0,0.6,0.0021278112754879,1.0,0.6877261282929775,0.0,0.0,0.0,,,,,,0.0,,,,,430.5727700702846,4667.9384765625,,,,,,,,,,
1923,1,1923.0,0.0,32.0,32.0,0.2187658289913088,0.0,74.0,0.0,0.0,0.0,0.0,0.0,0.0,0.0,0.0,0.0,0.6,0.0021278112754879,1.0,0.6884818379354202,0.0,0.0,0.0,,,,,,0.0,,,,,436.7150269681588,4669.0634765625,,,,,,,,,,
1924,1,1924.0,0.0,32.0,32.0,0.0567308524041436,1.0,74.0,0.0135135135135135,1.0,0.0,1.0,0.0,0.1482923253510299,0.1482923253510299,0.0,0.0,0.6,0.0021278112754879,1.0,0.6856737524161217,1.9821307001888819e-10,1.0,0.0,1.0,,0.5,-1.4426950249075512e-08,-9.999999889225293e-09,1.0,0.5056922488299003,,,,427.8271869989112,4667.1728515625,,,,,,,,,,
1925,1,1925.0,0.0,32.0,32.0,0.2917274162173271,0.0,74.0,0.0,0.0,0.0,0.0,0.0,0.0,0.0,0.0,0.0,0.6,0.0021278112754879,1.0,0.6855136439598013,0.0,0.0,0.0,,,,,,0.0,,,,,445.8204719703645,4677.2822265625,,,,,,,,,,
1926,1,1926.0,0.0,32.0,32.0,0.3367426078766584,0.0,74.0,0.0,0.0,0.0,0.0,0.0,0.0,0.0,0.0,0.0,0.6,0.0021278112754879,1.0,0.6872587634482047,0.0,0.0,0.0,,,,,,0.0,,,,,427.9915119986981,4675.8837890625,,,,,,,,,,
1927,1,1927.0,0.0,32.0,32.0,0.1511987773119472,0.0,74.0,0.0,0.0,0.0,0.0,0.0,0.0,0.0,0.0,0.0,0.6,0.0021278112754879,1.0,0.6862421228824197,0.0,0.0,0.0,,,,,,0.0,,,,,435.46022998634726,4661.1884765625,,,,,,,,,,
1928,1,1928.0,0.0,32.0,32.0,0.0284468090394511,10.0,74.0,0.1351351351351351,3.0,7.0,0.3,0.7,0.152490277140876,0.1467542372186922,0.1549485799646691,0.0,0.6,0.0021278112754879,1.0000000002251663,0.6840533623992445,-1.6945950803441424e-09,3.0,7.0,0.4,2.333333333333333,1.0,0.8812908703767922,0.6108642820548937,2.0,0.5156054042910082,-0.0005243811174295,0.5002621905587148,-0.0036276179435512,427.995893987827,4667.7197265625,,,,,,,,,,
1929,1,1929.0,0.0,32.0,32.0,0.2579799537779763,0.0,74.0,0.0,0.0,0.0,0.0,0.0,0.0,0.0,0.0,0.0,0.6,0.0021278112754879,1.0,0.6942514082076287,0.0,0.0,0.0,,,,,,0.0,,,,,434.90196892526,4675.3291015625,,,,,,,,,,
1930,1,1930.0,0.0,32.0,32.0,0.0496686889091506,1.0,74.0,0.0135135135135135,1.0,0.0,1.0,0.0,0.144964926086597,0.144964926086597,0.0,0.0,0.6,0.0021278112754879,1.0,0.6926696679175796,0.0,1.0,0.0,1.0,,0.5,-1.4426950249075512e-08,-9.999999889225293e-09,1.0,0.516783579711343,,,,427.5553089100868,4676.2509765625,,,,,,,,,,
1931,1,1931.0,0.0,32.0,32.0,0.4300491190515458,0.0,74.0,0.0,0.0,0.0,0.0,0.0,0.0,0.0,0.0,0.0,0.6,0.0021278112754879,1.0,0.6886990930936735,0.0,0.0,0.0,,,,,,0.0,,,,,436.4236809778959,4672.7353515625,,,,,,,,,,
1932,1,1932.0,0.0,32.0,32.0,0.1135846497491002,0.0,74.0,0.0,0.0,0.0,0.0,0.0,0.0,0.0,0.0,0.0,0.6,0.0021278112754879,1.0,0.6950827405459788,0.0,0.0,0.0,,,,,,0.0,,,,,427.6520300190896,4668.0009765625,,,,,,,,,,
1933,1,1933.0,0.0,32.0,32.0,0.0294280937814619,2.0,74.0,0.027027027027027,0.0,2.0,0.0,1.0,0.1522364375833467,0.0,0.1522364375833467,0.0,0.6,0.0021278112754879,1.0000000006119387,0.6849573046043725,6.193199747240202e-09,0.0,2.0,1.0,,0.5,-1.4426950249075512e-08,-9.999999889225293e-09,1.0,0.5074547919444892,,,,431.65262800175697,4661.1884765625,,,,,,,,,,
1934,1,1934.0,0.0,32.0,32.0,0.1536338365112897,0.0,74.0,0.0,0.0,0.0,0.0,0.0,0.0,0.0,0.0,0.0,0.6,0.0021278112754879,1.0,0.6889087269115509,0.0,0.0,0.0,,,,,,0.0,,,,,429.95343497022986,4671.2353515625,,,,,,,,,,
1935,1,1935.0,0.0,32.0,32.0,0.0405461829504929,5.0,74.0,0.0675675675675675,3.0,2.0,0.6,0.4,0.1487349238894787,0.1465820736408652,0.151964199262399,0.0,0.6,0.0021278112754879,1.0000000000172864,0.6883690750733797,-1.9823291366138318e-10,3.0,2.0,0.2,1.5,1.0,0.9709505656007682,0.6730116470092566,2.0,0.5099143776372929,-0.003572580157197,0.5017862900785985,0.006548093516475,443.23621899820864,4667.1728515625,,,,,,,,,,
1936,1,1936.0,0.0,32.0,32.0,0.1983243919676169,0.0,74.0,0.0,0.0,0.0,0.0,0.0,0.0,0.0,0.0,0.0,0.6,0.0021278112754879,1.0,0.6886557114502259,0.0,0.0,0.0,,,,,,0.0,,,,,426.9081050297245,4671.2353515625,,,,,,,,,,
1937,1,1937.0,0.0,32.0,32.0,0.1617721415823325,0.0,74.0,0.0,0.0,0.0,0.0,0.0,0.0,0.0,0.0,0.0,0.6,0.0021278112754879,1.0,0.6949291496276939,0.0,0.0,0.0,,,,,,0.0,,,,,434.2700319830328,4668.7041015625,,,,,,,,,,
1938,1,1938.0,0.0,32.0,32.0,0.0736601646640338,0.0,74.0,0.0,0.0,0.0,0.0,0.0,0.0,0.0,0.0,0.0,0.6,0.0021278112754879,1.0,0.6872868920414942,0.0,0.0,0.0,,,,,,0.0,,,,,421.441406942904,4676.2509765625,,,,,,,,,,
1939,1,1939.0,0.0,32.0,32.0,0.1991497064300347,0.0,74.0,0.0,0.0,0.0,0.0,0.0,0.0,0.0,0.0,0.0,0.6,0.0021278112754879,1.0,0.6843178634359225,0.0,0.0,0.0,,,,,,0.0,,,,,434.8159289220348,4672.7353515625,,,,,,,,,,
1940,1,1940.0,0.0,32.0,32.0,0.024354085617233,2.0,74.0,0.027027027027027,0.0,2.0,0.0,1.0,0.1616387549742896,0.0,0.1616387549742896,0.0,0.6,0.0021278112754879,0.9999999999843036,0.687787077104994,1.0899502334841542e-09,0.0,2.0,1.0,,0.5,-1.4426950249075512e-08,-9.999999889225293e-09,1.0,0.5387958499142989,-0.0071782721206545,0.5035891360603273,,428.4533879254013,4676.4775390625,,,,,,,,,,
1941,1,1941.0,0.0,32.0,32.0,0.3865342633216642,0.0,74.0,0.0,0.0,0.0,0.0,0.0,0.0,0.0,0.0,0.0,0.6,0.0021278112754879,1.0,0.6878268730930133,0.0,0.0,0.0,,,,,,0.0,,,,,435.74343097861856,4680.5556640625,,,,,,,,,,
1942,1,1942.0,0.0,32.0,32.0,0.1111519619007594,0.0,74.0,0.0,0.0,0.0,0.0,0.0,0.0,0.0,0.0,0.0,0.6,0.0021278112754879,1.0,0.6921305395511563,0.0,0.0,0.0,,,,,,0.0,,,,,432.6417810516432,4668.1572265625,,,,,,,,,,
1943,1,1943.0,0.0,32.0,32.0,0.1801296375633683,0.0,74.0,0.0,0.0,0.0,0.0,0.0,0.0,0.0,0.0,0.0,0.6,0.0021278112754879,1.0,0.691155065850034,0.0,0.0,0.0,,,,,,0.0,,,,,442.713908967562,4680.5556640625,,,,,,,,,,
1944,1,1944.0,0.0,32.0,32.0,0.0817936531093437,0.0,74.0,0.0,0.0,0.0,0.0,0.0,0.0,0.0,0.0,0.0,0.6,0.0021278112754879,1.0,0.6866152172802149,0.0,0.0,0.0,,,,,,0.0,,,,,431.1670310562477,4680.5556640625,,,,,,,,,,
1945,1,1945.0,0.0,32.0,32.0,0.1953637070255354,0.0,74.0,0.0,0.0,0.0,0.0,0.0,0.0,0.0,0.0,0.0,0.6,0.0021278112754879,1.0,0.6839319176821087,0.0,0.0,0.0,,,,,,0.0,,,,,441.6146569419652,4664.8916015625,,,,,,,,,,
1946,1,1946.0,0.0,32.0,32.0,0.3599792562890798,0.0,74.0,0.0,0.0,0.0,0.0,0.0,0.0,0.0,0.0,0.0,0.6,0.0021278112754879,1.0,0.6913641396480558,0.0,0.0,0.0,,,,,,0.0,,,,,422.3645069869235,4671.0009765625,,,,,,,,,,
1947,1,1947.0,0.0,32.0,32.0,0.2892127281520515,0.0,74.0,0.0,0.0,0.0,0.0,0.0,0.0,0.0,0.0,0.0,0.6,0.0021278112754879,1.0,0.6793292058643816,0.0,0.0,0.0,,,,,,0.0,,,,,441.5059289894998,4668.1572265625,,,,,,,,,,
1948,1,1948.0,0.0,32.0,32.0,0.1742958019021898,0.0,74.0,0.0,0.0,0.0,0.0,0.0,0.0,0.0,0.0,0.0,0.6,0.0021278112754879,1.0,0.6871429684256247,0.0,0.0,0.0,,,,,,0.0,,,,,424.8172920197249,4669.0634765625,,,,,,,,,,
1949,1,1949.0,0.0,32.0,32.0,0.4151679228525609,0.0,74.0,0.0,0.0,0.0,0.0,0.0,0.0,0.0,0.0,0.0,0.6,0.0021278112754879,1.0,0.6862456846968674,0.0,0.0,0.0,,,,,,0.0,,,,,435.2976090740413,4680.5556640625,,,,,,,,,,
1950,1,1950.0,0.0,32.0,32.0,0.0772855230607092,0.0,74.0,0.0,0.0,0.0,0.0,0.0,0.0,0.0,0.0,0.0,0.6,0.0021278112754879,1.0,0.6910687336114464,0.0,0.0,0.0,,,,,,0.0,,,,,427.0726999966428,4677.2822265625,,,,,,,,,,
1951,1,1951.0,0.0,32.0,32.0,0.2447572868550196,0.0,74.0,0.0,0.0,0.0,0.0,0.0,0.0,0.0,0.0,0.0,0.6,0.0021278112754879,1.0,0.681446382485513,0.0,0.0,0.0,,,,,,0.0,,,,,433.2497860305011,4664.8916015625,,,,,,,,,,
1952,1,1952.0,0.0,32.0,32.0,0.0334565512603148,6.0,74.0,0.081081081081081,1.0,5.0,0.1666666666666666,0.8333333333333334,0.1516592819454553,0.1420285876144185,0.1535854208116627,0.0,0.6,0.0021278112754879,1.0000000002690788,0.6895217543266856,-2.2058196616867407e-09,1.0,5.0,0.6666666666666666,5.0,1.0,0.6500223927944538,0.450561188866305,2.0,0.5143880646910529,0.0001553481415612,0.4999223259292193,0.0016005527499168,433.9417719747871,4673.5166015625,,,,,,,,,,
1953,1,1953.0,0.0,32.0,32.0,0.1431407204363495,1.0,74.0,0.0135135135135135,1.0,0.0,1.0,0.0,0.1430510996495706,0.1430510996495706,0.0,0.0,0.6,0.0021278112754879,1.0000000000016462,0.6943170973780856,1.3000230591730642e-09,1.0,0.0,1.0,,0.5,-1.4426950249075512e-08,-9.999999889225293e-09,1.0,0.5231630011680978,,,,438.1937120342627,4676.2509765625,,,,,,,,,,
1954,1,1954.0,0.0,32.0,32.0,0.481565504334867,0.0,74.0,0.0,0.0,0.0,0.0,0.0,0.0,0.0,0.0,0.0,0.6,0.0021278112754879,1.0,0.6845539736440794,0.0,0.0,0.0,,,,,,0.0,,,,,432.27658001706,4672.1572265625,,,,,,,,,,
1955,1,1955.0,0.0,32.0,32.0,0.0939681762829423,1.0,74.0,0.0135135135135135,0.0,1.0,0.0,1.0,0.1545164651859917,0.0,0.1545164651859917,0.0,0.6,0.0021278112754879,1.0,0.6903847878623421,0.0,0.0,1.0,1.0,,0.5,-1.4426950249075512e-08,-9.999999889225293e-09,1.0,0.5150548839533059,,,,436.5980309667066,4677.2822265625,,,,,,,,,,
1956,1,1956.0,0.0,32.0,32.0,0.0348461249377578,4.0,74.0,0.054054054054054,0.0,4.0,0.0,1.0,0.1609124882272085,0.0,0.1609124882272085,0.0,0.6,0.0021278112754879,0.999999999973698,0.6872480537646433,2.081546723275384e-09,0.0,4.0,1.0,,0.5,-1.4426950249075512e-08,-9.999999889225293e-09,1.0,0.5363749607573619,4.561703462968581e-05,0.4999771914826851,,433.399015921168,4668.4384765625,,,,,,,,,,
1957,1,1957.0,0.0,32.0,32.0,0.2844311107182875,0.0,74.0,0.0,0.0,0.0,0.0,0.0,0.0,0.0,0.0,0.0,0.6,0.0021278112754879,1.0,0.6917242605637749,0.0,0.0,0.0,,,,,,0.0,,,,,441.7200639145449,4667.7197265625,,,,,,,,,,
1958,1,1958.0,0.0,32.0,32.0,0.1346505681285634,0.0,74.0,0.0,0.0,0.0,0.0,0.0,0.0,0.0,0.0,0.0,0.6,0.0021278112754879,1.0,0.6808251987112038,0.0,0.0,0.0,,,,,,0.0,,,,,430.2131229778752,4676.4775390625,,,,,,,,,,
1959,1,1959.0,0.0,32.0,32.0,0.0426506131188944,1.0,74.0,0.0135135135135135,0.0,1.0,0.0,1.0,0.1509170591457657,0.0,0.1509170591457657,0.0,0.6,0.0021278112754879,1.0,0.6863837501948766,0.0,0.0,1.0,1.0,,0.5,-1.4426950249075512e-08,-9.999999889225293e-09,1.0,0.5030568638192191,,,,440.2756199706346,4672.1572265625,,,,,,,,,,
1960,1,1960.0,0.0,32.0,32.0,0.1644871126045473,0.0,74.0,0.0,0.0,0.0,0.0,0.0,0.0,0.0,0.0,0.0,0.6,0.0021278112754879,1.0,0.6881929130082498,0.0,0.0,0.0,,,,,,0.0,,,,,425.1764650689438,4671.2353515625,,,,,,,,,,
1961,1,1961.0,0.0,32.0,32.0,0.2258499552262947,0.0,74.0,0.0,0.0,0.0,0.0,0.0,0.0,0.0,0.0,0.0,0.6,0.0021278112754879,1.0,0.6855546732295934,0.0,0.0,0.0,,,,,,0.0,,,,,438.5586680145934,4671.2353515625,,,,,,,,,,
1962,1,1962.0,0.0,32.0,32.0,0.1383099626982584,0.0,74.0,0.0,0.0,0.0,0.0,0.0,0.0,0.0,0.0,0.0,0.6,0.0021278112754879,1.0,0.6863597535182361,0.0,0.0,0.0,,,,,,0.0,,,,,428.72176703531295,4672.1572265625,,,,,,,,,,
1963,1,1963.0,0.0,32.0,32.0,0.3596905821468681,0.0,74.0,0.0,0.0,0.0,0.0,0.0,0.0,0.0,0.0,0.0,0.6,0.0021278112754879,1.0,0.6890447651547669,0.0,0.0,0.0,,,,,,0.0,,,,,440.1451029116288,4668.1572265625,,,,,,,,,,
1964,1,1964.0,0.0,32.0,32.0,0.5877142765093595,0.0,74.0,0.0,0.0,0.0,0.0,0.0,0.0,0.0,0.0,0.0,0.6,0.0021278112754879,1.0,0.6853163152553982,0.0,0.0,0.0,,,,,,0.0,,,,,428.0762911075726,4668.1572265625,,,,,,,,,,
1965,1,1965.0,0.0,32.0,32.0,0.0901556594762951,2.0,74.0,0.027027027027027,0.0,2.0,0.0,1.0,0.150946137664976,0.0,0.150946137664976,0.0,0.6,0.0021278112754879,1.0000000000154234,0.6847843102105826,1.0661813327851412e-09,0.0,2.0,1.0,,0.5,-1.4426950249075512e-08,-9.999999889225293e-09,1.0,0.5065893775454129,0.012566921301186,0.4937165393494069,,438.17032990045846,4667.6259765625,,,,,,,,,,
1966,1,1966.0,0.0,32.0,32.0,0.1619197710533626,0.0,74.0,0.0,0.0,0.0,0.0,0.0,0.0,0.0,0.0,0.0,0.6,0.0021278112754879,1.0,0.6970328996204151,0.0,0.0,0.0,,,,,,0.0,,,,,427.81356698833406,4671.2353515625,,,,,,,,,,
1967,1,1967.0,0.0,32.0,32.0,0.1249277391470968,0.0,74.0,0.0,0.0,0.0,0.0,0.0,0.0,0.0,0.0,0.0,0.6,0.0021278112754879,1.0,0.6868565951497342,0.0,0.0,0.0,,,,,,0.0,,,,,437.1477189706639,4669.0634765625,,,,,,,,,,
1968,1,1968.0,0.0,32.0,32.0,0.274115921347402,0.0,74.0,0.0,0.0,0.0,0.0,0.0,0.0,0.0,0.0,0.0,0.6,0.0021278112754879,1.0,0.6892430453841174,0.0,0.0,0.0,,,,,,0.0,,,,,429.77399402298033,4675.8837890625,,,,,,,,,,
1969,1,1969.0,0.0,32.0,32.0,0.2044818758731708,0.0,74.0,0.0,0.0,0.0,0.0,0.0,0.0,0.0,0.0,0.0,0.6,0.0021278112754879,1.0,0.6875442084645452,0.0,0.0,0.0,,,,,,0.0,,,,,435.8013919554651,4668.3134765625,,,,,,,,,,
1970,1,1970.0,0.0,32.0,32.0,0.1998952711001038,0.0,74.0,0.0,0.0,0.0,0.0,0.0,0.0,0.0,0.0,0.0,0.6,0.0021278112754879,1.0,0.6899240710415298,0.0,0.0,0.0,,,,,,0.0,,,,,429.29776199162006,4669.0634765625,,,,,,,,,,
1971,1,1971.0,0.0,32.0,32.0,0.2663389450171962,0.0,74.0,0.0,0.0,0.0,0.0,0.0,0.0,0.0,0.0,0.0,0.6,0.0021278112754879,1.0,0.6873427637288355,0.0,0.0,0.0,,,,,,0.0,,,,,441.465736948885,4667.7197265625,,,,,,,,,,
1972,1,1972.0,0.0,32.0,32.0,0.1107924657408148,0.0,74.0,0.0,0.0,0.0,0.0,0.0,0.0,0.0,0.0,0.0,0.6,0.0021278112754879,1.0,0.6868615242309174,0.0,0.0,0.0,,,,,,0.0,,,,,431.5575900254771,4668.5166015625,,,,,,,,,,
1973,1,1973.0,0.0,32.0,32.0,0.2605220223776996,0.0,74.0,0.0,0.0,0.0,0.0,0.0,0.0,0.0,0.0,0.0,0.6,0.0021278112754879,1.0,0.6917588432684327,0.0,0.0,0.0,,,,,,0.0,,,,,436.2733149901032,4672.7353515625,,,,,,,,,,
1974,1,1974.0,0.0,32.0,32.0,0.2325050373328849,0.0,74.0,0.0,0.0,0.0,0.0,0.0,0.0,0.0,0.0,0.0,0.6,0.0021278112754879,1.0,0.6881273344945058,0.0,0.0,0.0,,,,,,0.0,,,,,429.324129014276,4667.1728515625,,,,,,,,,,
1975,1,1975.0,0.0,32.0,32.0,0.3928789490601048,0.0,74.0,0.0,0.0,0.0,0.0,0.0,0.0,0.0,0.0,0.0,0.6,0.0021278112754879,1.0,0.6900705996333495,0.0,0.0,0.0,,,,,,0.0,,,,,437.6836920855567,4667.6259765625,,,,,,,,,,
1976,1,1976.0,0.0,32.0,32.0,0.2907106052152812,0.0,74.0,0.0,0.0,0.0,0.0,0.0,0.0,0.0,0.0,0.0,0.6,0.0021278112754879,1.0,0.6852778343585403,0.0,0.0,0.0,,,,,,0.0,,,,,430.6854420574382,4672.1572265625,,,,,,,,,,
1977,1,1977.0,0.0,32.0,32.0,0.2334210716653615,0.0,74.0,0.0,0.0,0.0,0.0,0.0,0.0,0.0,0.0,0.0,0.6,0.0021278112754879,1.0,0.6894017556227832,0.0,0.0,0.0,,,,,,0.0,,,,,438.8417549198493,4671.2353515625,,,,,,,,,,
1978,1,1978.0,0.0,32.0,32.0,0.2596111143939197,0.0,74.0,0.0,0.0,0.0,0.0,0.0,0.0,0.0,0.0,0.0,0.6,0.0021278112754879,1.0,0.6872221558778017,0.0,0.0,0.0,,,,,,0.0,,,,,424.3048740318045,4677.2822265625,,,,,,,,,,
1979,1,1979.0,0.0,32.0,32.0,0.1446919029112905,0.0,74.0,0.0,0.0,0.0,0.0,0.0,0.0,0.0,0.0,0.0,0.6,0.0021278112754879,1.0,0.6875371751644074,0.0,0.0,0.0,,,,,,0.0,,,,,519.0713519696146,4675.8837890625,,,,,,,,,,
1980,1,1980.0,0.0,32.0,32.0,0.1843524773139506,0.0,74.0,0.0,0.0,0.0,0.0,0.0,0.0,0.0,0.0,0.0,0.6,0.0021278112754879,1.0,0.6867141372257519,0.0,0.0,0.0,,,,,,0.0,,,,,432.1376889711246,4672.1572265625,,,,,,,,,,
1981,1,1981.0,0.0,32.0,32.0,0.1791885392740368,0.0,74.0,0.0,0.0,0.0,0.0,0.0,0.0,0.0,0.0,0.0,0.6,0.0021278112754879,1.0,0.687698537022666,0.0,0.0,0.0,,,,,,0.0,,,,,443.0248969001696,4666.8134765625,,,,,,,,,,
1982,1,1982.0,0.0,32.0,32.0,0.2084177285432815,0.0,74.0,0.0,0.0,0.0,0.0,0.0,0.0,0.0,0.0,0.0,0.6,0.0021278112754879,1.0,0.6885052622725996,0.0,0.0,0.0,,,,,,0.0,,,,,433.6738761048764,4667.1728515625,,,,,,,,,,
1983,1,1983.0,0.0,32.0,32.0,0.2587331957183778,0.0,74.0,0.0,0.0,0.0,0.0,0.0,0.0,0.0,0.0,0.0,0.6,0.0021278112754879,1.0,0.6881730012834376,0.0,0.0,0.0,,,,,,0.0,,,,,436.09491595998406,4680.5556640625,,,,,,,,,,
1984,1,1984.0,0.0,32.0,32.0,0.0665858330903574,0.0,74.0,0.0,0.0,0.0,0.0,0.0,0.0,0.0,0.0,0.0,0.6,0.0021278112754879,1.0,0.68865368899481,0.0,0.0,0.0,,,,,,0.0,,,,,429.5838139951229,4671.2353515625,,,,,,,,,,
1985,1,1985.0,0.0,32.0,32.0,0.0814717238536104,0.0,74.0,0.0,0.0,0.0,0.0,0.0,0.0,0.0,0.0,0.0,0.6,0.0021278112754879,1.0,0.6890370821401675,0.0,0.0,0.0,,,,,,0.0,,,,,438.2460810011253,4670.3134765625,,,,,,,,,,
1986,1,1986.0,0.0,32.0,32.0,0.1637833211570978,0.0,74.0,0.0,0.0,0.0,0.0,0.0,0.0,0.0,0.0,0.0,0.6,0.0021278112754879,1.0,0.6931520673450982,0.0,0.0,0.0,,,,,,0.0,,,,,430.3612790536136,4664.8916015625,,,,,,,,,,
1987,1,1987.0,0.0,32.0,32.0,0.030271511641331,2.0,74.0,0.027027027027027,0.0,2.0,0.0,1.0,0.1707756491689889,0.0,0.1707756491689889,0.0,0.6,0.0021278112754879,1.0,0.6910494841784133,1.1305518507101111e-09,0.0,2.0,1.0,,0.5,-1.4426950249075512e-08,-9.999999889225293e-09,1.0,0.5692521638966297,-0.0094733722507953,0.5047366861253977,,435.1302619324997,4676.2509765625,,,,,,,,,,
1988,1,1988.0,0.0,32.0,32.0,0.0926580399973318,0.0,74.0,0.0,0.0,0.0,0.0,0.0,0.0,0.0,0.0,0.0,0.6,0.0021278112754879,1.0,0.6864520598651204,0.0,0.0,0.0,,,,,,0.0,,,,,424.20330399181694,4680.5556640625,,,,,,,,,,
1989,1,1989.0,0.0,32.0,32.0,0.211465218628291,0.0,74.0,0.0,0.0,0.0,0.0,0.0,0.0,0.0,0.0,0.0,0.6,0.0021278112754879,1.0,0.6951959852033603,0.0,0.0,0.0,,,,,,0.0,,,,,436.4353249548003,4668.0009765625,,,,,,,,,,
1990,1,1990.0,0.0,32.0,32.0,0.2005661665461957,0.0,74.0,0.0,0.0,0.0,0.0,0.0,0.0,0.0,0.0,0.0,0.6,0.0021278112754879,1.0,0.688278989460179,0.0,0.0,0.0,,,,,,0.0,,,,,431.2504699919373,4670.9228515625,,,,,,,,,,
1991,1,1991.0,0.0,32.0,32.0,0.1723987878067419,0.0,74.0,0.0,0.0,0.0,0.0,0.0,0.0,0.0,0.0,0.0,0.6,0.0021278112754879,1.0,0.6885602383343922,0.0,0.0,0.0,,,,,,0.0,,,,,437.25566403009,4668.1572265625,,,,,,,,,,
1992,1,1992.0,0.0,32.0,32.0,0.0879515927517786,0.0,74.0,0.0,0.0,0.0,0.0,0.0,0.0,0.0,0.0,0.0,0.6,0.0021278112754879,1.0,0.6906756565375686,0.0,0.0,0.0,,,,,,0.0,,,,,423.6215400742367,4670.9072265625,,,,,,,,,,
1993,1,1993.0,0.0,32.0,32.0,0.3205010444507934,0.0,74.0,0.0,0.0,0.0,0.0,0.0,0.0,0.0,0.0,0.0,0.6,0.0021278112754879,1.0,0.6895811990433534,0.0,0.0,0.0,,,,,,0.0,,,,,438.7245289981365,4668.5166015625,,,,,,,,,,
1994,1,1994.0,0.0,32.0,32.0,0.1699463904369622,0.0,74.0,0.0,0.0,0.0,0.0,0.0,0.0,0.0,0.0,0.0,0.6,0.0021278112754879,1.0,0.6890819105710335,0.0,0.0,0.0,,,,,,0.0,,,,,427.7838999405503,4676.2509765625,,,,,,,,,,
1995,1,1995.0,0.0,32.0,32.0,0.2610539495944977,0.0,74.0,0.0,0.0,0.0,0.0,0.0,0.0,0.0,0.0,0.0,0.6,0.0021278112754879,1.0,0.6905325115802828,0.0,0.0,0.0,,,,,,0.0,,,,,439.9793209740892,4677.2822265625,,,,,,,,,,
1996,1,1996.0,0.0,32.0,32.0,0.1560786000918597,0.0,74.0,0.0,0.0,0.0,0.0,0.0,0.0,0.0,0.0,0.0,0.6,0.0021278112754879,1.0,0.6953736312395289,0.0,0.0,0.0,,,,,,0.0,,,,,423.82296500727534,4671.0009765625,,,,,,,,,,
1997,1,1997.0,0.0,32.0,32.0,0.1194675400620326,1.0,74.0,0.0135135135135135,0.0,1.0,0.0,1.0,0.1535960721660234,0.0,0.1535960721660234,0.0,0.6,0.0021278112754879,1.0,0.6921994476446488,-3.0917769695788763e-10,0.0,1.0,1.0,,0.5,-1.4426950249075512e-08,-9.999999889225293e-09,1.0,0.511986907220078,,,,433.6257060058415,4676.2509765625,,,,,,,,,,
1998,1,1998.0,0.0,32.0,32.0,0.417245436925441,0.0,74.0,0.0,0.0,0.0,0.0,0.0,0.0,0.0,0.0,0.0,0.6,0.0021278112754879,1.0,0.6841563931407307,0.0,0.0,0.0,,,,,,0.0,,,,,429.5754190534353,4675.8837890625,,,,,,,,,,
1999,1,1999.0,0.0,32.0,32.0,0.5212741373106837,0.0,74.0,0.0,0.0,0.0,0.0,0.0,0.0,0.0,0.0,0.0,0.6,0.0021278112754879,1.0,0.6855861897058159,0.0,0.0,0.0,,,,,,0.0,,,,,441.4377820212394,4680.5556640625,,,,,,,,,,
2000,1,2000.0,0.0,32.0,32.0,0.3211233064648695,0.0,74.0,0.0,0.0,0.0,0.0,0.0,0.0,0.0,0.0,0.0,0.6,0.0021278112754879,1.0,0.6833017975157383,0.0,0.0,0.0,,,,,,0.0,,,,,428.2346650725231,4664.8916015625,,,,,,,,,,
2001,1,2001.0,0.0,32.0,32.0,0.1480175693286582,0.0,74.0,0.0,0.0,0.0,0.0,0.0,0.0,0.0,0.0,0.0,0.6,0.0021278112754879,1.0,0.6875932391805052,0.0,0.0,0.0,,,,,,0.0,,,,,432.1110970340669,4661.1884765625,,,,,,,,,,
2002,1,2002.0,0.0,32.0,32.0,0.1268309529405087,0.0,74.0,0.0,0.0,0.0,0.0,0.0,0.0,0.0,0.0,0.0,0.6,0.0021278112754879,1.0,0.6836990318667635,0.0,0.0,0.0,,,,,,0.0,,,,,430.7205199729651,4666.8134765625,,,,,,,,,,
2003,1,2003.0,0.0,32.0,32.0,0.035487666260451,2.0,74.0,0.027027027027027,1.0,1.0,0.5,0.5,0.1471315253976688,0.1401021371953159,0.1541609136000218,0.0,0.6,0.0021278112754879,1.0000000000029046,0.6873964335088152,-2.9869713609427487e-10,1.0,1.0,0.0,1.0,1.0,0.9999999711460994,0.6931471605599454,2.0,0.5234312940078432,,,-0.0015280988372177,439.51362394727767,4672.7353515625,,,,,,,,,,
2004,1,2004.0,0.0,32.0,32.0,0.1082974844612181,1.0,74.0,0.0135135135135135,1.0,0.0,1.0,0.0,0.1413697222871898,0.1413697222871898,0.0,0.0,0.6,0.0021278112754879,1.0,0.6911830968438972,7.289181532202597e-10,1.0,0.0,1.0,,0.5,-1.4426950249075512e-08,-9.999999889225293e-09,1.0,0.5287675923760339,,,,435.3088170755655,4666.8134765625,,,,,,,,,,
2005,1,2005.0,0.0,32.0,32.0,0.2320286049507558,0.0,74.0,0.0,0.0,0.0,0.0,0.0,0.0,0.0,0.0,0.0,0.6,0.0021278112754879,1.0,0.6820836179584968,0.0,0.0,0.0,,,,,,0.0,,,,,434.0952039929107,4668.0009765625,,,,,,,,,,
2006,1,2006.0,0.0,32.0,32.0,0.0945119285024702,0.0,74.0,0.0,0.0,0.0,0.0,0.0,0.0,0.0,0.0,0.0,0.6,0.0021278112754879,1.0,0.6834294082772759,0.0,0.0,0.0,,,,,,0.0,,,,,424.3872680235654,4672.1572265625,,,,,,,,,,
2007,1,2007.0,0.0,32.0,32.0,0.0811513550579547,2.0,74.0,0.027027027027027,0.0,2.0,0.0,1.0,0.1599721461244699,0.0,0.1599721461244699,0.0,0.6,0.0021278112754879,1.000000000007521,0.6952883708115333,-6.26327766302655e-10,0.0,2.0,1.0,,0.5,-1.4426950249075512e-08,-9.999999889225293e-09,1.0,0.5332404870815665,-0.0040417117998003,0.5020208558999002,,444.3267699098215,4668.7041015625,,,,,,,,,,
2008,1,2008.0,0.0,32.0,32.0,0.3546879170462489,0.0,74.0,0.0,0.0,0.0,0.0,0.0,0.0,0.0,0.0,0.0,0.6,0.0021278112754879,1.0,0.6848929066985571,0.0,0.0,0.0,,,,,,0.0,,,,,432.2307819966227,4664.8916015625,,,,,,,,,,
2009,1,2009.0,0.0,32.0,32.0,0.1302195840980857,0.0,74.0,0.0,0.0,0.0,0.0,0.0,0.0,0.0,0.0,0.0,0.6,0.0021278112754879,1.0,0.6807054980556303,0.0,0.0,0.0,,,,,,0.0,,,,,438.2685739547014,4668.0009765625,,,,,,,,,,
2010,1,2010.0,0.0,32.0,32.0,0.1790624693967402,0.0,74.0,0.0,0.0,0.0,0.0,0.0,0.0,0.0,0.0,0.0,0.6,0.0021278112754879,1.0,0.6853747126955491,0.0,0.0,0.0,,,,,,0.0,,,,,423.0784999672324,4676.2509765625,,,,,,,,,,
2011,1,2011.0,0.0,32.0,32.0,0.4336672071367502,0.0,74.0,0.0,0.0,0.0,0.0,0.0,0.0,0.0,0.0,0.0,0.6,0.0021278112754879,1.0,0.6859546255024025,0.0,0.0,0.0,,,,,,0.0,,,,,436.1987829906866,4667.6259765625,,,,,,,,,,
2012,1,2012.0,0.0,32.0,32.0,0.2053057190496474,0.0,74.0,0.0,0.0,0.0,0.0,0.0,0.0,0.0,0.0,0.0,0.6,0.0021278112754879,1.0,0.6839211108730087,0.0,0.0,0.0,,,,,,0.0,,,,,432.7822610503063,4668.5166015625,,,,,,,,,,
2013,1,2013.0,0.0,32.0,32.0,0.509807069785893,0.0,74.0,0.0,0.0,0.0,0.0,0.0,0.0,0.0,0.0,0.0,0.6,0.0021278112754879,1.0,0.6948213176279633,0.0,0.0,0.0,,,,,,0.0,,,,,445.6095850327984,4668.4384765625,,,,,,,,,,
2014,1,2014.0,0.0,32.0,32.0,0.2336161532439291,0.0,74.0,0.0,0.0,0.0,0.0,0.0,0.0,0.0,0.0,0.0,0.6,0.0021278112754879,1.0,0.6933961062372749,0.0,0.0,0.0,,,,,,0.0,,,,,432.9554080031812,4667.6259765625,,,,,,,,,,
2015,1,2015.0,0.0,32.0,32.0,0.0461813518777489,3.0,74.0,0.0405405405405405,0.0,3.0,0.0,1.0,0.1600293490765865,0.0,0.1600293490765865,0.0,0.6,0.0021278112754879,0.9999999999036046,0.6864578293208102,1.4303872407099306e-09,0.0,3.0,1.0,,0.5,-1.4426950249075512e-08,-9.999999889225293e-09,1.0,0.5334311635886216,-0.0042973752133548,0.5021486876066774,,437.7485529985279,4676.4775390625,,,,,,,,,,
2016,1,2016.0,0.0,32.0,32.0,0.2257132139056921,0.0,74.0,0.0,0.0,0.0,0.0,0.0,0.0,0.0,0.0,0.0,0.6,0.0021278112754879,1.0,0.6806643759233562,0.0,0.0,0.0,,,,,,0.0,,,,,430.9720849851146,4668.5166015625,,,,,,,,,,
2017,1,2017.0,0.0,32.0,32.0,0.1810636239824816,0.0,74.0,0.0,0.0,0.0,0.0,0.0,0.0,0.0,0.0,0.0,0.6,0.0021278112754879,1.0,0.678152141456445,0.0,0.0,0.0,,,,,,0.0,,,,,443.2313889265061,4666.8134765625,,,,,,,,,,
2018,1,2018.0,0.0,32.0,32.0,0.1207715349155478,0.0,74.0,0.0,0.0,0.0,0.0,0.0,0.0,0.0,0.0,0.0,0.6,0.0021278112754879,1.0,0.6870910520666388,0.0,0.0,0.0,,,,,,0.0,,,,,429.1242300532758,4670.3134765625,,,,,,,,,,
2019,1,2019.0,0.0,32.0,32.0,0.0741753629408776,1.0,74.0,0.0135135135135135,0.0,1.0,0.0,1.0,0.1600385181674737,0.0,0.1600385181674737,0.0,0.6,0.0021278112754879,0.9999999999877964,0.688149507699859,5.868174679288014e-10,0.0,1.0,1.0,,0.5,-1.4426950249075512e-08,-9.999999889225293e-09,1.0,0.5334617272249125,,,,435.58966601267457,4668.3134765625,,,,,,,,,,
2020,1,2020.0,0.0,32.0,32.0,0.210087040439248,0.0,74.0,0.0,0.0,0.0,0.0,0.0,0.0,0.0,0.0,0.0,0.6,0.0021278112754879,1.0,0.6909699089170909,0.0,0.0,0.0,,,,,,0.0,,,,,426.8856809940189,4668.1572265625,,,,,,,,,,
2021,1,2021.0,0.0,32.0,32.0,0.290817440720275,0.0,74.0,0.0,0.0,0.0,0.0,0.0,0.0,0.0,0.0,0.0,0.6,0.0021278112754879,1.0,0.6897438185933895,0.0,0.0,0.0,,,,,,0.0,,,,,440.0741590652615,4670.9228515625,,,,,,,,,,
2022,1,2022.0,0.0,32.0,32.0,0.1027053288416937,0.0,74.0,0.0,0.0,0.0,0.0,0.0,0.0,0.0,0.0,0.0,0.6,0.0021278112754879,1.0,0.6879441985743334,0.0,0.0,0.0,,,,,,0.0,,,,,429.25128003116697,4676.4775390625,,,,,,,,,,
2023,1,2023.0,0.0,32.0,32.0,0.2265742646995932,2.0,74.0,0.027027027027027,0.0,2.0,0.0,1.0,0.1526965209118017,0.0,0.1526965209118017,0.0,0.6,0.0021278112754879,0.9999999999987518,0.6940532718611143,-4.956084979349788e-10,0.0,2.0,1.0,,0.5,-1.4426950249075512e-08,-9.999999889225293e-09,1.0,0.508988403039339,-0.0019221865804865,0.5009610932902433,,435.6681559002027,4677.2822265625,,,,,,,,,,
2024,1,2024.0,0.0,32.0,32.0,0.036382770165801,3.0,74.0,0.0405405405405405,0.0,3.0,0.0,1.0,0.1575412023958416,0.0,0.1575412023958416,0.0,0.6,0.0021278112754879,1.0000000000115534,0.6921732761958533,-4.54630617686781e-10,0.0,3.0,1.0,,0.5,-1.4426950249075512e-08,-9.999999889225293e-09,1.0,0.5251373413194721,0.0003747333248611,0.4998126333375694,,428.087872103788,4672.1572265625,,,,,,,,,,
2025,1,2025.0,0.0,32.0,32.0,0.1203447129810229,1.0,74.0,0.0135135135135135,0.0,1.0,0.0,1.0,0.1576157308603961,0.0,0.1576157308603961,0.0,0.6,0.0021278112754879,1.0,0.6901481821563398,-1.949949432403156e-10,0.0,1.0,1.0,,0.5,-1.4426950249075512e-08,-9.999999889225293e-09,1.0,0.5253857695346538,,,,441.6442480869591,4667.7197265625,,,,,,,,,,
2026,1,2026.0,0.0,32.0,32.0,0.2376696253195405,0.0,74.0,0.0,0.0,0.0,0.0,0.0,0.0,0.0,0.0,0.0,0.6,0.0021278112754879,1.0,0.6861752342306524,0.0,0.0,0.0,,,,,,0.0,,,,,433.6389240343124,4668.0009765625,,,,,,,,,,
2027,1,2027.0,0.0,32.0,32.0,0.1839808372315019,0.0,74.0,0.0,0.0,0.0,0.0,0.0,0.0,0.0,0.0,0.0,0.6,0.0021278112754879,1.0,0.6852398381478455,0.0,0.0,0.0,,,,,,0.0,,,,,440.1329589309171,4668.0009765625,,,,,,,,,,
2028,1,2028.0,0.0,32.0,32.0,0.2016889895312488,0.0,74.0,0.0,0.0,0.0,0.0,0.0,0.0,0.0,0.0,0.0,0.6,0.0021278112754879,1.0,0.6866611165908015,0.0,0.0,0.0,,,,,,0.0,,,,,422.8764550061896,4671.0009765625,,,,,,,,,,
2029,1,2029.0,0.0,32.0,32.0,0.1792236601468175,0.0,74.0,0.0,0.0,0.0,0.0,0.0,0.0,0.0,0.0,0.0,0.6,0.0021278112754879,1.0,0.6903256461446564,0.0,0.0,0.0,,,,,,0.0,,,,,440.58619101997465,4672.7353515625,,,,,,,,,,
2030,1,2030.0,0.0,32.0,32.0,0.1839503123192116,0.0,74.0,0.0,0.0,0.0,0.0,0.0,0.0,0.0,0.0,0.0,0.6,0.0021278112754879,1.0,0.6881721825677426,0.0,0.0,0.0,,,,,,0.0,,,,,431.5402508946136,4672.1572265625,,,,,,,,,,
2031,1,2031.0,0.0,32.0,32.0,0.2505958245601505,0.0,74.0,0.0,0.0,0.0,0.0,0.0,0.0,0.0,0.0,0.0,0.6,0.0021278112754879,1.0,0.6884243182672816,0.0,0.0,0.0,,,,,,0.0,,,,,441.69326801784337,4676.4775390625,,,,,,,,,,
2032,1,2032.0,0.0,32.0,32.0,0.2247098117368295,0.0,74.0,0.0,0.0,0.0,0.0,0.0,0.0,0.0,0.0,0.0,0.6,0.0021278112754879,1.0,0.6918242538299099,0.0,0.0,0.0,,,,,,0.0,,,,,430.3412950830534,4664.8916015625,,,,,,,,,,
2033,1,2033.0,0.0,32.0,32.0,0.2011338593438267,0.0,74.0,0.0,0.0,0.0,0.0,0.0,0.0,0.0,0.0,0.0,0.6,0.0021278112754879,1.0,0.691763486307906,0.0,0.0,0.0,,,,,,0.0,,,,,438.3300329791382,4666.8134765625,,,,,,,,,,
2034,1,2034.0,0.0,32.0,32.0,0.0413241360802203,1.0,74.0,0.0135135135135135,0.0,1.0,0.0,1.0,0.1533144801965098,0.0,0.1533144801965098,0.0,0.6,0.0021278112754879,1.0,0.6865340836257556,-2.616789722221881e-10,0.0,1.0,1.0,,0.5,-1.4426950249075512e-08,-9.999999889225293e-09,1.0,0.5110482673216994,,,,428.8634209660813,4669.0634765625,,,,,,,,,,
2035,1,2035.0,0.0,32.0,32.0,0.1915706233121454,0.0,74.0,0.0,0.0,0.0,0.0,0.0,0.0,0.0,0.0,0.0,0.6,0.0021278112754879,1.0,0.6879256820096921,0.0,0.0,0.0,,,,,,0.0,,,,,437.7266688970849,4677.2822265625,,,,,,,,,,
2036,1,2036.0,0.0,32.0,32.0,0.089550198870711,0.0,74.0,0.0,0.0,0.0,0.0,0.0,0.0,0.0,0.0,0.0,0.6,0.0021278112754879,1.0,0.6891312390112168,0.0,0.0,0.0,,,,,,0.0,,,,,427.6274460135028,4664.6572265625,,,,,,,,,,
2037,1,2037.0,0.0,32.0,32.0,0.1526601200457662,0.0,74.0,0.0,0.0,0.0,0.0,0.0,0.0,0.0,0.0,0.0,0.6,0.0021278112754879,1.0,0.6866345176945468,0.0,0.0,0.0,,,,,,0.0,,,,,434.2468250542879,4669.0634765625,,,,,,,,,,
2038,1,2038.0,0.0,32.0,32.0,0.197339286794886,0.0,74.0,0.0,0.0,0.0,0.0,0.0,0.0,0.0,0.0,0.0,0.6,0.0021278112754879,1.0,0.6906166622620209,0.0,0.0,0.0,,,,,,0.0,,,,,424.953293055296,4668.7353515625,,,,,,,,,,
2039,1,2039.0,0.0,32.0,32.0,0.026250735623762,5.0,74.0,0.0675675675675675,1.0,4.0,0.2,0.8,0.1519448028060263,0.1416330796753785,0.1545227335886883,0.0,0.6,0.0021278112754879,0.9999999992763984,0.6897924693007047,-1.0351094689673181e-08,1.0,4.0,0.6,4.0,1.0,0.721928066033462,0.5004024035381882,2.0,0.5182049725050237,0.0043458440341055,0.4978270779829472,,439.68720093835145,4669.0634765625,,,,,,,,,,
2040,1,2040.0,0.0,32.0,32.0,0.1016277913295198,0.0,74.0,0.0,0.0,0.0,0.0,0.0,0.0,0.0,0.0,0.0,0.6,0.0021278112754879,1.0,0.6896862781620209,0.0,0.0,0.0,,,,,,0.0,,,,,430.13659003190696,4676.4775390625,,,,,,,,,,
2041,1,2041.0,0.0,32.0,32.0,0.4195252514909953,0.0,74.0,0.0,0.0,0.0,0.0,0.0,0.0,0.0,0.0,0.0,0.6,0.0021278112754879,1.0,0.6869379412535169,0.0,0.0,0.0,,,,,,0.0,,,,,438.8929659035057,4667.1728515625,,,,,,,,,,
2042,1,2042.0,0.0,32.0,32.0,0.1074088060413487,0.0,74.0,0.0,0.0,0.0,0.0,0.0,0.0,0.0,0.0,0.0,0.6,0.0021278112754879,1.0,0.6912105262023756,0.0,0.0,0.0,,,,,,0.0,,,,,424.4005660293624,4671.4228515625,,,,,,,,,,
2043,1,2043.0,0.0,32.0,32.0,0.1958726461161859,0.0,74.0,0.0,0.0,0.0,0.0,0.0,0.0,0.0,0.0,0.0,0.6,0.0021278112754879,1.0,0.6898095337251962,0.0,0.0,0.0,,,,,,0.0,,,,,439.7006330545992,4673.5166015625,,,,,,,,,,
2044,1,2044.0,0.0,32.0,32.0,0.2569836885668337,0.0,74.0,0.0,0.0,0.0,0.0,0.0,0.0,0.0,0.0,0.0,0.6,0.0021278112754879,1.0,0.6874259800407039,0.0,0.0,0.0,,,,,,0.0,,,,,430.1809429889545,4675.8837890625,,,,,,,,,,
2045,1,2045.0,0.0,32.0,32.0,0.5306365263531916,0.0,74.0,0.0,0.0,0.0,0.0,0.0,0.0,0.0,0.0,0.0,0.6,0.0021278112754879,1.0,0.6916648349051409,0.0,0.0,0.0,,,,,,0.0,,,,,515.7463100040331,4667.9384765625,,,,,,,,,,
2046,1,2046.0,0.0,32.0,32.0,0.5456577547593042,0.0,74.0,0.0,0.0,0.0,0.0,0.0,0.0,0.0,0.0,0.0,0.6,0.0021278112754879,1.0,0.6918594745634846,0.0,0.0,0.0,,,,,,0.0,,,,,426.3258629944176,4672.7353515625,,,,,,,,,,
2047,1,2047.0,0.0,32.0,32.0,0.1310527418972924,0.0,74.0,0.0,0.0,0.0,0.0,0.0,0.0,0.0,0.0,0.0,0.6,0.0021278112754879,1.0,0.6867870144128468,0.0,0.0,0.0,,,,,,0.0,,,,,437.8777219681069,4667.1728515625,,,,,,,,,,
2048,1,2048.0,0.0,32.0,32.0,0.3195283797103911,0.0,74.0,0.0,0.0,0.0,0.0,0.0,0.0,0.0,0.0,0.0,0.6,0.0021278112754879,1.0,0.6891954857777687,0.0,0.0,0.0,,,,,,0.0,,,,,428.8702339399606,4672.1572265625,,,,,,,,,,
2049,1,2049.0,0.0,32.0,32.0,0.0320705525227822,6.0,74.0,0.081081081081081,0.0,6.0,0.0,1.0,0.1509203783239793,0.0,0.1509203783239793,0.0,0.6,0.0021278112754879,1.0,0.68825132834018,-8.748862567217215e-10,0.0,6.0,1.0,,0.5,-1.4426950249075512e-08,-9.999999889225293e-09,1.0,0.5064167473306297,-0.0005132606602273,0.5002566303301137,,444.88972693216056,4667.4072265625,,,,,,,,,,
2050,1,2050.0,0.0,32.0,32.0,0.2075749195646494,0.0,74.0,0.0,0.0,0.0,0.0,0.0,0.0,0.0,0.0,0.0,0.6,0.0021278112754879,1.0,0.6859045023598592,0.0,0.0,0.0,,,,,,0.0,,,,,428.3589529804885,4669.0634765625,,,,,,,,,,
2051,1,2051.0,0.0,32.0,32.0,0.1431198781356215,0.0,74.0,0.0,0.0,0.0,0.0,0.0,0.0,0.0,0.0,0.0,0.6,0.0021278112754879,1.0,0.6918584074512232,0.0,0.0,0.0,,,,,,0.0,,,,,438.3774750167504,4668.1572265625,,,,,,,,,,
2052,1,2052.0,0.0,32.0,32.0,0.0548091100063174,1.0,74.0,0.0135135135135135,0.0,1.0,0.0,1.0,0.1513501806865087,0.0,0.1513501806865087,0.0,0.6,0.0021278112754879,1.0,0.6841294091582796,5.871185362207201e-10,0.0,1.0,1.0,,0.5,-1.4426950249075512e-08,-9.999999889225293e-09,1.0,0.5045006022883625,,,,429.3231599731371,4668.4384765625,,,,,,,,,,
2053,1,2053.0,0.0,32.0,32.0,0.0427427187678404,1.0,74.0,0.0135135135135135,0.0,1.0,0.0,1.0,0.1570749783890325,0.0,0.1570749783890325,0.0,0.6,0.0021278112754879,1.0,0.6882989406922311,3.6359129511594463e-10,0.0,1.0,1.0,,0.5,-1.4426950249075512e-08,-9.999999889225293e-09,1.0,0.5235832612967752,,,,441.0961900139228,4661.1884765625,,,,,,,,,,
2054,1,2054.0,0.0,32.0,32.0,0.1814447996439412,0.0,74.0,0.0,0.0,0.0,0.0,0.0,0.0,0.0,0.0,0.0,0.6,0.0021278112754879,1.0,0.688575390592537,0.0,0.0,0.0,,,,,,0.0,,,,,429.2962950421497,4672.1572265625,,,,,,,,,,
2055,1,2055.0,0.0,32.0,32.0,0.0439087375998497,3.0,74.0,0.0405405405405405,1.0,2.0,0.3333333333333333,0.6666666666666666,0.15143245251702,0.1437396569286672,0.1552788503111964,0.0,0.6,0.0021278112754879,1.0,0.6914291912961511,8.9794460455794e-10,1.0,2.0,0.3333333333333333,2.0,1.0,0.918295805200589,0.636514148294813,2.0,0.5186867152152509,-0.0156350191682577,0.5078175095841289,0.0011681023403491,439.7669800091535,4668.0009765625,,,,,,,,,,
2056,1,2056.0,0.0,32.0,32.0,0.2051705360063351,0.0,74.0,0.0,0.0,0.0,0.0,0.0,0.0,0.0,0.0,0.0,0.6,0.0021278112754879,1.0,0.6887670490717903,0.0,0.0,0.0,,,,,,0.0,,,,,426.6423640074208,4664.0322265625,,,,,,,,,,
2057,1,2057.0,0.0,32.0,32.0,0.0672160668182186,1.0,74.0,0.0135135135135135,0.0,1.0,0.0,1.0,0.1564914250245473,0.0,0.1564914250245473,0.0,0.6,0.0021278112754879,1.000000000010817,0.6928186203746337,-1.1040015748433787e-10,0.0,1.0,1.0,,0.5,-1.4426950249075512e-08,-9.999999889225293e-09,1.0,0.5216380834151577,,,,439.1520289937034,4668.0009765625,,,,,,,,,,
2058,1,2058.0,0.0,32.0,32.0,0.1245330783422105,0.0,74.0,0.0,0.0,0.0,0.0,0.0,0.0,0.0,0.0,0.0,0.6,0.0021278112754879,1.0,0.6881899291560967,0.0,0.0,0.0,,,,,,0.0,,,,,435.3126810165122,4668.4384765625,,,,,,,,,,
2059,1,2059.0,0.0,32.0,32.0,0.2915009916760027,0.0,74.0,0.0,0.0,0.0,0.0,0.0,0.0,0.0,0.0,0.0,0.6,0.0021278112754879,1.0,0.6894194804170732,0.0,0.0,0.0,,,,,,0.0,,,,,437.47882603202015,4672.7353515625,,,,,,,,,,
2060,1,2060.0,0.0,32.0,32.0,0.1137104647059459,0.0,74.0,0.0,0.0,0.0,0.0,0.0,0.0,0.0,0.0,0.0,0.6,0.0021278112754879,1.0,0.6868686500846298,0.0,0.0,0.0,,,,,,0.0,,,,,427.1602529333904,4672.7353515625,,,,,,,,,,
2061,1,2061.0,0.0,32.0,32.0,0.2471923428238369,0.0,74.0,0.0,0.0,0.0,0.0,0.0,0.0,0.0,0.0,0.0,0.6,0.0021278112754879,1.0,0.6843369300424768,0.0,0.0,0.0,,,,,,0.0,,,,,435.816804994829,4667.9384765625,,,,,,,,,,
2062,1,2062.0,0.0,32.0,32.0,0.4137293713283725,0.0,74.0,0.0,0.0,0.0,0.0,0.0,0.0,0.0,0.0,0.0,0.6,0.0021278112754879,1.0,0.6884620489874947,0.0,0.0,0.0,,,,,,0.0,,,,,443.278495920822,4672.1572265625,,,,,,,,,,
2063,1,2063.0,0.0,32.0,32.0,0.0930902009131386,0.0,74.0,0.0,0.0,0.0,0.0,0.0,0.0,0.0,0.0,0.0,0.6,0.0021278112754879,1.0,0.6901614812548108,0.0,0.0,0.0,,,,,,0.0,,,,,443.3024650206789,4668.4384765625,,,,,,,,,,
2064,1,2064.0,0.0,32.0,32.0,0.2530153007246554,0.0,74.0,0.0,0.0,0.0,0.0,0.0,0.0,0.0,0.0,0.0,0.6,0.0021278112754879,1.0,0.6902296500052214,0.0,0.0,0.0,,,,,,0.0,,,,,428.9545919746161,4677.2822265625,,,,,,,,,,
2065,1,2065.0,0.0,32.0,32.0,0.5072274822741747,0.0,74.0,0.0,0.0,0.0,0.0,0.0,0.0,0.0,0.0,0.0,0.6,0.0021278112754879,1.0,0.6864830397356272,0.0,0.0,0.0,,,,,,0.0,,,,,433.59288899227977,4671.2353515625,,,,,,,,,,
2066,1,2066.0,0.0,32.0,32.0,0.0431279762415215,0.0,74.0,0.0,0.0,0.0,0.0,0.0,0.0,0.0,0.0,0.0,0.6,0.0021278112754879,1.0,0.6858821871753834,0.0,0.0,0.0,,,,,,0.0,,,,,421.6384739847854,4667.6259765625,,,,,,,,,,
2067,1,2067.0,0.0,32.0,32.0,0.1963375958439428,0.0,74.0,0.0,0.0,0.0,0.0,0.0,0.0,0.0,0.0,0.0,0.6,0.0021278112754879,1.0,0.6860770100398749,0.0,0.0,0.0,,,,,,0.0,,,,,437.61681800242513,4675.8837890625,,,,,,,,,,
2068,1,2068.0,0.0,32.0,32.0,0.1269075348973274,0.0,74.0,0.0,0.0,0.0,0.0,0.0,0.0,0.0,0.0,0.0,0.6,0.0021278112754879,1.0,0.6836799040412461,0.0,0.0,0.0,,,,,,0.0,,,,,425.2162000630051,4672.1572265625,,,,,,,,,,
2069,1,2069.0,0.0,32.0,32.0,0.3831218621926382,0.0,74.0,0.0,0.0,0.0,0.0,0.0,0.0,0.0,0.0,0.0,0.6,0.0021278112754879,1.0,0.6905920426295646,0.0,0.0,0.0,,,,,,0.0,,,,,431.7259720992297,4672.1572265625,,,,,,,,,,
2070,1,2070.0,0.0,32.0,32.0,0.1448648195946589,0.0,74.0,0.0,0.0,0.0,0.0,0.0,0.0,0.0,0.0,0.0,0.6,0.0021278112754879,1.0,0.6854823938462266,0.0,0.0,0.0,,,,,,0.0,,,,,422.75549203623086,4667.9384765625,,,,,,,,,,
2071,1,2071.0,0.0,32.0,32.0,0.1731172468280419,0.0,74.0,0.0,0.0,0.0,0.0,0.0,0.0,0.0,0.0,0.0,0.6,0.0021278112754879,1.0,0.6889064468619654,0.0,0.0,0.0,,,,,,0.0,,,,,438.3331020362675,4669.0634765625,,,,,,,,,,
2072,1,2072.0,0.0,32.0,32.0,0.1910901353694498,0.0,74.0,0.0,0.0,0.0,0.0,0.0,0.0,0.0,0.0,0.0,0.6,0.0021278112754879,1.0,0.6898010457544578,0.0,0.0,0.0,,,,,,0.0,,,,,425.2733829198405,4677.2822265625,,,,,,,,,,
2073,1,2073.0,0.0,32.0,32.0,0.1244477613363415,1.0,74.0,0.0135135135135135,0.0,1.0,0.0,1.0,0.1531544796197429,0.0,0.1531544796197429,0.0,0.6,0.0021278112754879,1.0,0.6929757383740615,-1.1778346935163607e-10,0.0,1.0,1.0,,0.5,-1.4426950249075512e-08,-9.999999889225293e-09,1.0,0.5105149320658098,,,,436.7679399438202,4668.0009765625,,,,,,,,,,
2074,1,2074.0,0.0,32.0,32.0,0.4814216524828225,0.0,74.0,0.0,0.0,0.0,0.0,0.0,0.0,0.0,0.0,0.0,0.6,0.0021278112754879,1.0,0.6916675400031587,0.0,0.0,0.0,,,,,,0.0,,,,,420.0800439575687,4676.2509765625,,,,,,,,,,
2075,1,2075.0,0.0,32.0,32.0,0.1852210713550448,0.0,74.0,0.0,0.0,0.0,0.0,0.0,0.0,0.0,0.0,0.0,0.6,0.0021278112754879,1.0,0.6927212729202477,0.0,0.0,0.0,,,,,,0.0,,,,,433.7688270024955,4671.4228515625,,,,,,,,,,
2076,1,2076.0,0.0,32.0,32.0,0.1673505138605833,0.0,74.0,0.0,0.0,0.0,0.0,0.0,0.0,0.0,0.0,0.0,0.6,0.0021278112754879,1.0,0.6889592881100803,0.0,0.0,0.0,,,,,,0.0,,,,,430.3147490136325,4676.4775390625,,,,,,,,,,
2077,1,2077.0,0.0,32.0,32.0,0.0806617976631969,0.0,74.0,0.0,0.0,0.0,0.0,0.0,0.0,0.0,0.0,0.0,0.6,0.0021278112754879,1.0,0.6843405075973519,0.0,0.0,0.0,,,,,,0.0,,,,,440.2923079906032,4671.2353515625,,,,,,,,,,
2078,1,2078.0,0.0,32.0,32.0,0.2103988423477858,0.0,74.0,0.0,0.0,0.0,0.0,0.0,0.0,0.0,0.0,0.0,0.6,0.0021278112754879,1.0,0.686076710713136,0.0,0.0,0.0,,,,,,0.0,,,,,426.4357030624524,4671.2353515625,,,,,,,,,,
2079,1,2079.0,0.0,32.0,32.0,0.153623127611354,0.0,74.0,0.0,0.0,0.0,0.0,0.0,0.0,0.0,0.0,0.0,0.6,0.0021278112754879,1.0,0.6920713888982256,0.0,0.0,0.0,,,,,,0.0,,,,,431.91170296631753,4668.0009765625,,,,,,,,,,
2080,1,2080.0,0.0,32.0,32.0,0.1855634463718161,0.0,74.0,0.0,0.0,0.0,0.0,0.0,0.0,0.0,0.0,0.0,0.6,0.0021278112754879,1.0,0.6964432109859882,0.0,0.0,0.0,,,,,,0.0,,,,,432.3030679952353,4672.7353515625,,,,,,,,,,
2081,1,2081.0,0.0,32.0,32.0,0.292164443875663,0.0,74.0,0.0,0.0,0.0,0.0,0.0,0.0,0.0,0.0,0.0,0.6,0.0021278112754879,1.0,0.6885780936310877,0.0,0.0,0.0,,,,,,0.0,,,,,438.942943001166,4669.0634765625,,,,,,,,,,
2082,1,2082.0,0.0,32.0,32.0,0.2411272150930017,0.0,74.0,0.0,0.0,0.0,0.0,0.0,0.0,0.0,0.0,0.0,0.6,0.0021278112754879,1.0,0.6860878127513931,0.0,0.0,0.0,,,,,,0.0,,,,,432.04383191186935,4668.5166015625,,,,,,,,,,
2083,1,2083.0,0.0,32.0,32.0,0.1288376415614038,0.0,74.0,0.0,0.0,0.0,0.0,0.0,0.0,0.0,0.0,0.0,0.6,0.0021278112754879,1.0,0.6885624017720863,0.0,0.0,0.0,,,,,,0.0,,,,,434.2897440074012,4672.1572265625,,,,,,,,,,
2084,1,2084.0,0.0,32.0,32.0,0.1710776726249605,0.0,74.0,0.0,0.0,0.0,0.0,0.0,0.0,0.0,0.0,0.0,0.6,0.0021278112754879,1.0,0.6925054396818872,0.0,0.0,0.0,,,,,,0.0,,,,,427.0651820115745,4672.7353515625,,,,,,,,,,
2085,1,2085.0,0.0,32.0,32.0,0.1215285009238869,0.0,74.0,0.0,0.0,0.0,0.0,0.0,0.0,0.0,0.0,0.0,0.6,0.0021278112754879,1.0,0.6890001993842076,0.0,0.0,0.0,,,,,,0.0,,,,,442.11180601269007,4668.5166015625,,,,,,,,,,
2086,1,2086.0,0.0,32.0,32.0,0.1521906207781285,0.0,74.0,0.0,0.0,0.0,0.0,0.0,0.0,0.0,0.0,0.0,0.6,0.0021278112754879,1.0,0.6881373691991441,0.0,0.0,0.0,,,,,,0.0,,,,,429.7941499389708,4666.8134765625,,,,,,,,,,
2087,1,2087.0,0.0,32.0,32.0,0.2513927316758781,0.0,74.0,0.0,0.0,0.0,0.0,0.0,0.0,0.0,0.0,0.0,0.6,0.0021278112754879,1.0,0.6889894204208842,0.0,0.0,0.0,,,,,,0.0,,,,,434.5755190588534,4680.5556640625,,,,,,,,,,
2088,1,2088.0,0.0,32.0,32.0,0.1550498108845204,0.0,74.0,0.0,0.0,0.0,0.0,0.0,0.0,0.0,0.0,0.0,0.6,0.0021278112754879,1.0,0.6915390368323311,0.0,0.0,0.0,,,,,,0.0,,,,,425.2535509876907,4667.6259765625,,,,,,,,,,
2089,1,2089.0,0.0,32.0,32.0,0.0977773626800626,0.0,74.0,0.0,0.0,0.0,0.0,0.0,0.0,0.0,0.0,0.0,0.6,0.0021278112754879,1.0,0.6863320961626588,0.0,0.0,0.0,,,,,,0.0,,,,,440.6380299478769,4667.6259765625,,,,,,,,,,
2090,1,2090.0,0.0,32.0,32.0,0.0343743717530742,6.0,74.0,0.081081081081081,1.0,5.0,0.1666666666666666,0.8333333333333334,0.1512952194103078,0.146660662930582,0.1522221307062529,0.0,0.6,0.0021278112754879,1.0000000002420373,0.6932037016171059,-4.349207946675983e-09,1.0,5.0,0.6666666666666666,5.0,1.0,0.6500223927944538,0.450561188866305,2.0,0.5080277725559349,-0.0028932397253811,0.5014466198626906,-0.0006166010242669,433.21997590828687,4671.0009765625,,,,,,,,,,
2091,1,2091.0,0.0,32.0,32.0,0.2220061547122895,0.0,74.0,0.0,0.0,0.0,0.0,0.0,0.0,0.0,0.0,0.0,0.6,0.0021278112754879,1.0,0.6898193254259025,0.0,0.0,0.0,,,,,,0.0,,,,,440.0175829650834,4671.2353515625,,,,,,,,,,
2092,1,2092.0,0.0,32.0,32.0,0.0456165802897885,2.0,74.0,0.027027027027027,1.0,1.0,0.5,0.5,0.1636111986808096,0.1434766056104883,0.1837457917511309,0.0,0.6,0.0021278112754879,1.0,0.6862574506462413,1.3992027292803362e-09,1.0,1.0,0.0,1.0,1.0,0.9999999711460994,0.6931471605599454,2.0,0.5671153102344044,,,,428.2207110663876,4667.7197265625,,,,,,,,,,
2093,1,2093.0,0.0,32.0,32.0,0.0739762998418882,0.0,74.0,0.0,0.0,0.0,0.0,0.0,0.0,0.0,0.0,0.0,0.6,0.0021278112754879,1.0,0.6863804633449099,0.0,0.0,0.0,,,,,,0.0,,,,,438.302819035016,4668.0009765625,,,,,,,,,,
2094,1,2094.0,0.0,32.0,32.0,0.3334282260620966,0.0,74.0,0.0,0.0,0.0,0.0,0.0,0.0,0.0,0.0,0.0,0.6,0.0021278112754879,1.0,0.6864589566087026,0.0,0.0,0.0,,,,,,0.0,,,,,431.3547901110724,4671.2353515625,,,,,,,,,,
2095,1,2095.0,0.0,32.0,32.0,0.1010429495363496,0.0,74.0,0.0,0.0,0.0,0.0,0.0,0.0,0.0,0.0,0.0,0.6,0.0021278112754879,1.0,0.6911014451734941,0.0,0.0,0.0,,,,,,0.0,,,,,438.5063099907711,4668.7353515625,,,,,,,,,,
2096,1,2096.0,0.0,32.0,32.0,0.4830274478299543,0.0,74.0,0.0,0.0,0.0,0.0,0.0,0.0,0.0,0.0,0.0,0.6,0.0021278112754879,1.0,0.6902563379934604,0.0,0.0,0.0,,,,,,0.0,,,,,428.6936280550435,4668.1572265625,,,,,,,,,,
2097,1,2097.0,0.0,32.0,32.0,0.0906555922701954,0.0,74.0,0.0,0.0,0.0,0.0,0.0,0.0,0.0,0.0,0.0,0.6,0.0021278112754879,1.0,0.6928805454744861,0.0,0.0,0.0,,,,,,0.0,,,,,432.4966160347685,4667.7197265625,,,,,,,,,,
2098,1,2098.0,0.0,32.0,32.0,0.1355183871055487,0.0,74.0,0.0,0.0,0.0,0.0,0.0,0.0,0.0,0.0,0.0,0.6,0.0021278112754879,1.0,0.690181930394004,0.0,0.0,0.0,,,,,,0.0,,,,,430.1671260036528,4661.1884765625,,,,,,,,,,
2099,1,2099.0,0.0,32.0,32.0,0.2391975251375697,1.0,74.0,0.0135135135135135,0.0,1.0,0.0,1.0,0.1541956604073913,0.0,0.1541956604073913,0.0,0.6,0.0021278112754879,1.0,0.6924514973945808,0.0,0.0,1.0,1.0,,0.5,-1.4426950249075512e-08,-9.999999889225293e-09,1.0,0.5139855346913045,,,,440.95821189694107,4668.7353515625,,,,,,,,,,
2100,1,2100.0,0.0,32.0,32.0,0.2123251723824069,0.0,74.0,0.0,0.0,0.0,0.0,0.0,0.0,0.0,0.0,0.0,0.6,0.0021278112754879,1.0,0.6990852476613315,0.0,0.0,0.0,,,,,,0.0,,,,,426.29401793237776,4667.6259765625,,,,,,,,,,
2101,1,2101.0,0.0,32.0,32.0,0.1637001533817965,2.0,74.0,0.027027027027027,0.0,2.0,0.0,1.0,0.1531769761938579,0.0,0.1531769761938579,0.0,0.6,0.0021278112754879,1.0,0.6934483530561142,-1.6748407943931248e-10,0.0,2.0,1.0,,0.5,-1.4426950249075512e-08,-9.999999889225293e-09,1.0,0.5105899206461932,-0.002469077007845,0.5012345385039225,,443.6207920080051,4676.2509765625,,,,,,,,,,
2102,1,2102.0,0.0,32.0,32.0,0.2157437267742352,0.0,74.0,0.0,0.0,0.0,0.0,0.0,0.0,0.0,0.0,0.0,0.6,0.0021278112754879,1.0,0.6895143052592799,0.0,0.0,0.0,,,,,,0.0,,,,,425.2798320958391,4667.1728515625,,,,,,,,,,
2103,1,2103.0,0.0,32.0,32.0,0.1964743793359957,0.0,74.0,0.0,0.0,0.0,0.0,0.0,0.0,0.0,0.0,0.0,0.6,0.0021278112754879,1.0,0.6863984000371742,0.0,0.0,0.0,,,,,,0.0,,,,,438.0310289561749,4672.1572265625,,,,,,,,,,
2104,1,2104.0,0.0,32.0,32.0,0.2724789952044375,0.0,74.0,0.0,0.0,0.0,0.0,0.0,0.0,0.0,0.0,0.0,0.6,0.0021278112754879,1.0,0.6921050204433378,0.0,0.0,0.0,,,,,,0.0,,,,,428.74656105414033,4672.8916015625,,,,,,,,,,
2105,1,2105.0,0.0,21.0,21.0,0.0498767483181187,1.0,74.0,0.0135135135135135,1.0,0.0,1.0,0.0,0.1470719167220517,0.1470719167220517,0.0,0.0,0.6,0.0021278112754879,1.0,0.688374597290007,3.2497881469195633e-10,1.0,0.0,1.0,,0.5,-1.4426950249075512e-08,-9.999999889225293e-09,1.0,0.509760277593161,,,,357.74218605365604,4497.435546875,,,,,,,,,,
2105,1,,1.0,32.0,32.0,,,,,,,,,,,,,,,1.0,0.688374597290007,3.2497881469195633e-10,1.0,0.0,1.0,,0.5,-1.4426950249075512e-08,-9.999999889225293e-09,1.0,0.509760277593161,,,,357.74218605365604,4497.435546875,0.9369266055045872,0.2146454164093094,0.9380733944954128,0.2123617544504148,0.9588115636460824,0.1331968547300725,0.0218849581414951,0.9590342841022138,0.1319508101399589,0.0209608896068009
