step,mean,std,var,n
1,0.6891891891891893,0.23202352466307843,0.05383491599707817,5
2,0.827027027027027,0.019860727644187923,0.0003944485025566104,5
3,0.8027027027027026,0.040630530752359215,0.0016508400292184078,5
4,0.8108108108108109,0.012086853932431323,0.00014609203798393052,5
5,0.7594594594594595,0.07519150131483,0.005653761869978083,5
6,0.7918918918918919,0.03265688100971507,0.0010664718772826888,5
7,0.8135135135135135,0.02885696824873326,0.0008327246165083995,5
8,0.7621621621621621,0.06079579394163239,0.003696128560993426,5
9,0.8081081081081081,0.023249527748763855,0.0005405405405405404,5
10,0.8081081081081081,0.03953713199548053,0.0015631848064280498,5
11,0.754054054054054,0.09570773626824744,0.009159970781592405,5
12,0.7972972972972973,0.044409937095013466,0.0019722425127830534,5
13,0.7972972972972973,0.04357977161242462,0.0018991964937910906,5
14,0.7675675675675675,0.12098934748972646,0.014638422205989779,5
15,0.8054054054054054,0.027826027408072964,0.0007742878013148279,5
16,0.7945945945945946,0.04045035012728586,0.001636230825420015,5
17,0.7918918918918919,0.038791081336236016,0.0015047479912344783,5
18,0.7756756756756757,0.045706850068345295,0.0020891161431701964,5
19,0.7189189189189189,0.16625466485653728,0.02764061358655953,5
20,0.7351351351351351,0.10965115013567996,0.012023374726077427,5
21,0.7837837837837838,0.08242135503771301,0.006793279766252741,5
22,0.6702702702702703,0.13637271147613905,0.018597516435354268,5
23,0.745945945945946,0.1389725419695399,0.01931336742147553,5
24,0.7648648648648648,0.07673010576528859,0.005887509130752373,5
25,0.7864864864864864,0.05296194038450117,0.0028049671292914562,5
26,0.8135135135135135,0.03764429264103817,0.0014170927684441204,5
27,0.7,0.1065427207806866,0.01135135135135135,5
28,0.7783783783783784,0.1076340959553507,0.011585098612125642,5
29,0.772972972972973,0.056304504475674776,0.003170197224251281,5
30,0.7648648648648649,0.047277988336583525,0.002235208181154128,5
31,0.7702702702702703,0.09165310788007118,0.008400292184075966,5
32,0.7945945945945946,0.05364711686832221,0.002878013148283421,5
33,0.7918918918918919,0.055124535282084136,0.003038714390065739,5
34,0.6945945945945946,0.26640478984544014,0.07097151205259314,5
35,0.7783783783783784,0.0544579504854321,0.002965668371073775,5
36,0.8081081081081081,0.06127450837164668,0.0037545653761869987,5
37,0.772972972972973,0.062455243288061305,0.0039006574141709264,5
38,0.7486486486486486,0.11517446352790547,0.013265157048940828,5
39,0.772972972972973,0.05758723176395274,0.003316289262235207,5
40,0.772972972972973,0.05945945945945946,0.0035354273192111036,5
41,0.7756756756756757,0.08400146090767598,0.007056245434623816,5
42,0.7567567567567568,0.04273348189416728,0.0018261504747991229,5
43,0.7513513513513514,0.0914935723233014,0.008371073776479183,5
44,0.7918918918918919,0.05958218293256382,0.0035500365230094998,5
45,0.745945945945946,0.1005463526364231,0.010109569028487945,5
46,0.7972972972972973,0.058593198347780505,0.0034331628926223485,5
47,0.7567567567567568,0.08963850784744325,0.008035062089116144,5
48,0.7783783783783784,0.07577213929122265,0.005741417092768446,5
49,0.7594594594594595,0.1051625754505066,0.011059167275383492,5
50,0.7648648648648649,0.10864730401211774,0.011804236669101534,5
51,0.7513513513513514,0.08988264404495078,0.008078889700511327,5
52,0.7432432432432432,0.1437776873326528,0.020672023374726074,5
53,0.8081081081081081,0.04045035012728585,0.0016362308254200147,5
54,0.7486486486486487,0.09028807074859493,0.008151935719503284,5
55,0.8027027027027026,0.05240734980990624,0.0027465303140978797,5
56,0.7351351351351351,0.066532614189682,0.004426588750913074,5
57,0.7945945945945946,0.03565109718452141,0.0012710007304601904,5
58,0.7756756756756757,0.05309968298483379,0.0028195763330898477,5
59,0.754054054054054,0.06587058165921046,0.0043389335281227145,5
60,0.7783783783783784,0.058966011430463296,0.0034769905040175283,5
61,0.754054054054054,0.0843485758612283,0.007114682249817386,5
62,0.7702702702702703,0.04834741572972515,0.0023374726077428753,5
63,0.7405405405405405,0.1251441827328673,0.01566106647187728,5
64,0.7108108108108108,0.09149357232330141,0.008371073776479186,5
65,0.7621621621621621,0.057077600221467246,0.0032578524470416375,5
66,0.7189189189189189,0.10585489744630346,0.011205259313367421,5
67,0.772972972972973,0.03666124315202847,0.0013440467494521542,5
68,0.7675675675675675,0.050127667543220004,0.0025127830533235923,5
69,0.7513513513513514,0.08224391380920507,0.006764061358655952,5
70,0.7324324324324325,0.0834780822242189,0.006968590211833452,5
71,0.7054054054054054,0.10991729409547439,0.012081811541271009,5
72,0.6945945945945946,0.09540195997147453,0.00910153396639883,5
73,0.7324324324324325,0.11762191971345376,0.013834915997078163,5
74,0.5567567567567567,0.2583026011236836,0.06672023374726078,5
75,0.7135135135135136,0.08478047103436824,0.007187728268809352,5
76,0.7189189189189189,0.0987134182040523,0.009744338933528125,5
77,0.6783783783783784,0.11415520044293448,0.013031409788166548,5
78,0.7054054054054054,0.11511102399484786,0.01325054784514244,5
79,0.654054054054054,0.14989648242013023,0.02246895544192841,5
80,0.6783783783783784,0.10619936596966759,0.011278305332359389,5
81,0.6837837837837838,0.12254901674329333,0.015018261504747988,5
82,0.5891891891891892,0.1234398621261539,0.015237399561723885,5
83,0.572972972972973,0.16673726286688845,0.027801314828341854,5
84,0.6270270270270271,0.16869715172245658,0.028458728999269534,5
85,0.6567567567567567,0.18021170895318542,0.03247626004382761,5
86,0.5837837837837838,0.22891748300388864,0.05240321402483565,5
87,0.5945945945945945,0.1596654647323452,0.025493060628195764,5
88,0.5459459459459459,0.12343986212615392,0.015237399561723888,5
89,0.6189189189189189,0.2010563774421329,0.0404236669101534,5
90,0.6270270270270271,0.21682347156899004,0.04701241782322863,5
91,0.6054054054054054,0.1744028735665046,0.030416362308254195,5
92,0.5459459459459459,0.1598026540442647,0.025536888239590945,5
93,0.581081081081081,0.18744368523675353,0.03513513513513513,5
94,0.581081081081081,0.23280924829576247,0.05420014609203798,5
95,0.5621621621621621,0.16252212300943683,0.02641344046749452,5
96,0.5648648648648649,0.20032843740763698,0.04013148283418553,5
97,0.5486486486486486,0.160486841505984,0.02575602629656683,5
98,0.5324324324324324,0.19236713134350536,0.03700511322132944,5
99,0.5297297297297298,0.1712328006644017,0.029320672023374728,5
100,0.527027027027027,0.20882641915764172,0.04360847333820307,5
101,0.5351351351351351,0.18717069938573822,0.03503287070854638,5
102,0.5324324324324324,0.2057607168721544,0.04233747260774288,5
103,0.4351351351351351,0.1597569373635854,0.025522279035792544,5
104,0.44324324324324327,0.14739025085876736,0.02172388604821037,5
105,0.45675675675675675,0.19251896020008785,0.037063550036523014,5
106,0.4864864864864865,0.18310686146977648,0.03352812271731191,5
107,0.40540540540540543,0.1598940481918815,0.025566106647187725,5
108,0.4135135135135135,0.1403324863324018,0.019693206720233742,5
109,0.41621621621621624,0.135782234454924,0.018436815193571945,5
110,0.4,0.14468928447918022,0.020934989043097145,5
111,0.3918918918918919,0.11466596451673743,0.013148283418553685,5
112,0.3783783783783784,0.13101837452476567,0.017165814463111762,5
113,0.3972972972972973,0.10831062113250745,0.01173119065010957,5
114,0.33513513513513515,0.1647097187588388,0.027129291453615777,5
115,0.36486486486486486,0.15407776014853214,0.0237399561723886,5
116,0.35945945945945945,0.14669477562283145,0.021519357195032864,5
117,0.327027027027027,0.10090894433834847,0.010182615047479911,5
118,0.33513513513513515,0.1608959574717537,0.025887509130752374,5
119,0.2810810810810811,0.10619936596966759,0.011278305332359389,5
120,0.25675675675675674,0.10945111746657614,0.011979547114682248,5
121,0.28378378378378377,0.12237006943428942,0.014974433893352814,5
122,0.3,0.11574385462358841,0.013396639883126369,5
123,0.24324324324324326,0.1388673792288122,0.019284149013878742,5
124,0.2594594594594595,0.11947046543405591,0.014273192111029948,5
125,0.23783783783783785,0.15657025251848908,0.024514243973703432,5
126,0.1972972972972973,0.16475406112570995,0.02714390065741417,5
127,0.1837837837837838,0.134756225538572,0.018159240321402485,5
128,0.16486486486486487,0.13415863401071196,0.01799853907962016,5
129,0.1864864864864865,0.12485199418866053,0.01558802045288532,5
130,0.16486486486486487,0.1347020085878607,0.018144631117604094,5
131,0.15675675675675677,0.12225062570701234,0.014945215485756025,5
132,0.14594594594594595,0.12129084147198312,0.014711468224981738,5
133,0.15675675675675677,0.13146363791367902,0.0172826880934989,5
134,0.14054054054054052,0.130906822035809,0.01713659605551497,5
135,0.15135135135135136,0.11415520044293447,0.013031409788166545,5
136,0.1135135135135135,0.12343986212615389,0.015237399561723883,5
137,0.13243243243243244,0.10341149443085941,0.010693937180423668,5
138,0.0972972972972973,0.11916436586512759,0.014200146092037985,5
139,0.10810810810810811,0.09856531096654308,0.009715120525931337,5
140,0.10270270270270272,0.12607463556422274,0.015894813732651576,5
141,0.1054054054054054,0.12972972972972974,0.016829802775748727,5
142,0.13243243243243244,0.10958451314980158,0.012008765522279037,5
143,0.07837837837837838,0.09608858829530367,0.00923301680058437,5
144,0.06486486486486487,0.06805231520007661,0.004631117604090578,5
145,0.07297297297297298,0.09028807074859495,0.008151935719503288,5
146,0.024324324324324326,0.036661243152028476,0.001344046749452155,5
147,0.07567567567567568,0.0930766235552571,0.008663257852447042,5
148,0.06756756756756757,0.06103562048992549,0.0037253469685902124,5
149,0.07567567567567568,0.09268339567287702,0.008590211833455078,5
150,0.06216216216216217,0.0852958585841054,0.007275383491599709,5
151,0.01891891891891892,0.02356161591103067,0.0005551497443389336,5
152,0.01891891891891892,0.03783783783783784,0.001431701972242513,5
153,0.008108108108108109,0.016216216216216217,0.0002629656683710738,5
154,0.016216216216216217,0.01986072764418793,0.0003944485025566107,5
155,0.002702702702702703,0.005405405405405406,2.9218407596785978e-05,5
156,0.0,0.0,0.0,5
157,0.005405405405405406,0.010810810810810811,0.00011687363038714391,5
158,0.005405405405405406,0.010810810810810811,0.00011687363038714391,5
159,0.0,0.0,0.0,5
160,0.005405405405405406,0.010810810810810811,0.00011687363038714391,5
161,0.0,0.0,0.0,5
162,0.0,0.0,0.0,5
163,0.0,0.0,0.0,5
164,0.0,0.0,0.0,5
165,0.005405405405405406,0.010810810810810811,0.00011687363038714391,5
166,0.0,0.0,0.0,5
167,0.005405405405405406,0.010810810810810811,0.00011687363038714391,5
168,0.0,0.0,0.0,5
169,0.0,0.0,0.0,5
170,0.0,0.0,0.0,5
171,0.0,0.0,0.0,5
172,0.0,0.0,0.0,5
173,0.0,0.0,0.0,5
174,0.02702702702702703,0.05405405405405406,0.002921840759678598,5
175,0.0,0.0,0.0,5
176,0.0,0.0,0.0,5
177,0.0,0.0,0.0,5
178,0.0,0.0,0.0,5
179,0.0,0.0,0.0,5
180,0.0,0.0,0.0,5
181,0.0,0.0,0.0,5
182,0.0,0.0,0.0,5
183,0.0,0.0,0.0,5
184,0.016216216216216217,0.032432432432432434,0.0010518626734842952,5
185,0.0,0.0,0.0,5
186,0.002702702702702703,0.005405405405405406,2.9218407596785978e-05,5
187,0.0,0.0,0.0,5
188,0.0,0.0,0.0,5
189,0.0,0.0,0.0,5
190,0.0,0.0,0.0,5
191,0.0,0.0,0.0,5
192,0.0,0.0,0.0,5
193,0.0,0.0,0.0,5
194,0.0,0.0,0.0,5
195,0.0,0.0,0.0,5
196,0.0,0.0,0.0,5
197,0.0,0.0,0.0,5
198,0.005405405405405406,0.010810810810810811,0.00011687363038714391,5
199,0.0,0.0,0.0,5
200,0.008108108108108109,0.016216216216216217,0.0002629656683710738,5
201,0.05945945945945946,0.11891891891891893,0.014141709276844414,5
202,0.0,0.0,0.0,5
203,0.0,0.0,0.0,5
204,0.0,0.0,0.0,5
205,0.0,0.0,0.0,5
206,0.0,0.0,0.0,5
207,0.0,0.0,0.0,5
208,0.0,0.0,0.0,5
209,0.0,0.0,0.0,5
210,0.0,0.0,0.0,5
211,0.06216216216216216,0.12432432432432432,0.015456537618699778,5
212,0.008108108108108109,0.016216216216216217,0.0002629656683710738,5
213,0.0,0.0,0.0,5
214,0.0,0.0,0.0,5
215,0.0,0.0,0.0,5
216,0.0,0.0,0.0,5
217,0.0,0.0,0.0,5
218,0.0,0.0,0.0,5
219,0.008108108108108109,0.016216216216216217,0.0002629656683710738,5
220,0.0,0.0,0.0,5
221,0.0,0.0,0.0,5
222,0.0,0.0,0.0,5
223,0.0,0.0,0.0,5
224,0.0,0.0,0.0,5
225,0.0,0.0,0.0,5
226,0.0,0.0,0.0,5
227,0.0,0.0,0.0,5
228,0.0,0.0,0.0,5
229,0.002702702702702703,0.005405405405405406,2.9218407596785978e-05,5
230,0.0,0.0,0.0,5
231,0.04594594594594595,0.0852958585841054,0.007275383491599709,5
232,0.0,0.0,0.0,5
233,0.008108108108108109,0.016216216216216217,0.0002629656683710738,5
234,0.0,0.0,0.0,5
235,0.0,0.0,0.0,5
236,0.0,0.0,0.0,5
237,0.0,0.0,0.0,5
238,0.0,0.0,0.0,5
239,0.0,0.0,0.0,5
240,0.0,0.0,0.0,5
241,0.0,0.0,0.0,5
242,0.0,0.0,0.0,5
243,0.0,0.0,0.0,5
244,0.032432432432432434,0.06486486486486487,0.004207450693937181,5
245,0.0,0.0,0.0,5
246,0.0,0.0,0.0,5
247,0.0,0.0,0.0,5
248,0.0,0.0,0.0,5
249,0.0,0.0,0.0,5
250,0.0,0.0,0.0,5
251,0.0,0.0,0.0,5
252,0.0,0.0,0.0,5
253,0.0,0.0,0.0,5
254,0.0,0.0,0.0,5
255,0.0,0.0,0.0,5
256,0.0,0.0,0.0,5
257,0.0,0.0,0.0,5
258,0.0,0.0,0.0,5
259,0.0,0.0,0.0,5
260,0.0,0.0,0.0,5
261,0.021621621621621623,0.043243243243243246,0.0018699780861943026,5
262,0.0,0.0,0.0,5
263,0.0,0.0,0.0,5
264,0.0,0.0,0.0,5
265,0.0,0.0,0.0,5
266,0.0,0.0,0.0,5
267,0.0,0.0,0.0,5
268,0.0,0.0,0.0,5
269,0.0,0.0,0.0,5
270,0.021621621621621623,0.043243243243243246,0.0018699780861943026,5
271,0.0,0.0,0.0,5
272,0.0,0.0,0.0,5
273,0.0,0.0,0.0,5
274,0.0,0.0,0.0,5
275,0.0,0.0,0.0,5
276,0.0,0.0,0.0,5
277,0.0,0.0,0.0,5
278,0.0,0.0,0.0,5
279,0.0,0.0,0.0,5
280,0.0,0.0,0.0,5
281,0.0,0.0,0.0,5
282,0.0,0.0,0.0,5
283,0.0,0.0,0.0,5
284,0.0,0.0,0.0,5
285,0.0,0.0,0.0,5
286,0.0,0.0,0.0,5
287,0.0,0.0,0.0,5
288,0.0,0.0,0.0,5
289,0.0,0.0,0.0,5
290,0.0,0.0,0.0,5
291,0.0,0.0,0.0,5
292,0.0,0.0,0.0,5
293,0.0,0.0,0.0,5
294,0.010810810810810811,0.021621621621621623,0.00046749452154857564,5
295,0.0,0.0,0.0,5
296,0.0,0.0,0.0,5
297,0.0,0.0,0.0,5
298,0.0,0.0,0.0,5
299,0.0,0.0,0.0,5
300,0.0,0.0,0.0,5
301,0.0,0.0,0.0,5
302,0.0,0.0,0.0,5
303,0.0,0.0,0.0,5
304,0.0,0.0,0.0,5
305,0.0,0.0,0.0,5
306,0.0,0.0,0.0,5
307,0.0,0.0,0.0,5
308,0.0,0.0,0.0,5
309,0.0,0.0,0.0,5
310,0.0,0.0,0.0,5
311,0.0,0.0,0.0,5
312,0.0,0.0,0.0,5
313,0.0,0.0,0.0,5
314,0.0,0.0,0.0,5
315,0.0,0.0,0.0,5
316,0.0,0.0,0.0,5
317,0.0,0.0,0.0,5
318,0.0,0.0,0.0,5
319,0.0,0.0,0.0,5
320,0.0,0.0,0.0,5
321,0.0,0.0,0.0,5
322,0.0,0.0,0.0,5
323,0.0,0.0,0.0,5
324,0.0,0.0,0.0,5
325,0.0,0.0,0.0,5
326,0.0,0.0,0.0,5
327,0.0,0.0,0.0,5
328,0.0,0.0,0.0,5
329,0.0,0.0,0.0,5
330,0.0,0.0,0.0,5
331,0.0,0.0,0.0,5
332,0.0,0.0,0.0,5
333,0.0,0.0,0.0,5
334,0.02972972972972973,0.05945945945945946,0.0035354273192111036,5
335,0.0,0.0,0.0,5
336,0.0,0.0,0.0,5
337,0.0,0.0,0.0,5
338,0.0,0.0,0.0,5
339,0.03783783783783784,0.07567567567567568,0.005726807888970052,5
340,0.0,0.0,0.0,5
341,0.0,0.0,0.0,5
342,0.0,0.0,0.0,5
343,0.0,0.0,0.0,5
344,0.0,0.0,0.0,5
345,0.005405405405405406,0.010810810810810811,0.00011687363038714391,5
346,0.0,0.0,0.0,5
347,0.0,0.0,0.0,5
348,0.0,0.0,0.0,5
349,0.0,0.0,0.0,5
350,0.05675675675675675,0.1135135135135135,0.012885317750182613,5
351,0.0,0.0,0.0,5
352,0.0,0.0,0.0,5
353,0.0,0.0,0.0,5
354,0.0,0.0,0.0,5
355,0.024324324324324326,0.036661243152028476,0.001344046749452155,5
356,0.002702702702702703,0.005405405405405406,2.9218407596785978e-05,5
357,0.0,0.0,0.0,5
358,0.0,0.0,0.0,5
359,0.0,0.0,0.0,5
360,0.0,0.0,0.0,5
361,0.0,0.0,0.0,5
362,0.0,0.0,0.0,5
363,0.0,0.0,0.0,5
364,0.0,0.0,0.0,5
365,0.0,0.0,0.0,5
366,0.0,0.0,0.0,5
367,0.02702702702702703,0.05405405405405406,0.002921840759678598,5
368,0.0,0.0,0.0,5
369,0.0,0.0,0.0,5
370,0.0,0.0,0.0,5
371,0.0,0.0,0.0,5
372,0.0,0.0,0.0,5
373,0.0,0.0,0.0,5
374,0.0,0.0,0.0,5
375,0.0,0.0,0.0,5
376,0.0,0.0,0.0,5
377,0.0,0.0,0.0,5
378,0.010810810810810811,0.021621621621621623,0.00046749452154857564,5
379,0.0,0.0,0.0,5
380,0.0,0.0,0.0,5
381,0.0,0.0,0.0,5
382,0.0,0.0,0.0,5
383,0.0,0.0,0.0,5
384,0.0,0.0,0.0,5
385,0.0,0.0,0.0,5
386,0.0,0.0,0.0,5
387,0.005405405405405406,0.010810810810810811,0.00011687363038714391,5
388,0.0,0.0,0.0,5
389,0.0,0.0,0.0,5
390,0.0,0.0,0.0,5
391,0.0,0.0,0.0,5
392,0.0,0.0,0.0,5
393,0.0,0.0,0.0,5
394,0.0,0.0,0.0,5
395,0.0,0.0,0.0,5
396,0.0,0.0,0.0,5
397,0.0,0.0,0.0,5
398,0.0,0.0,0.0,5
399,0.0,0.0,0.0,5
400,0.0,0.0,0.0,5
401,0.0,0.0,0.0,5
402,0.0,0.0,0.0,5
403,0.0,0.0,0.0,5
404,0.0,0.0,0.0,5
405,0.0,0.0,0.0,5
406,0.0,0.0,0.0,5
407,0.0,0.0,0.0,5
408,0.0,0.0,0.0,5
409,0.04594594594594595,0.07907426399096106,0.006252739225712199,5
410,0.0,0.0,0.0,5
411,0.0,0.0,0.0,5
412,0.05135135135135135,0.1027027027027027,0.010547845142439735,5
413,0.0,0.0,0.0,5
414,0.0,0.0,0.0,5
415,0.0,0.0,0.0,5
416,0.0,0.0,0.0,5
417,0.013513513513513514,0.02702702702702703,0.0007304601899196495,5
418,0.0,0.0,0.0,5
419,0.0,0.0,0.0,5
420,0.0,0.0,0.0,5
421,0.0,0.0,0.0,5
422,0.0,0.0,0.0,5
423,0.06216216216216216,0.12432432432432432,0.015456537618699778,5
424,0.0,0.0,0.0,5
425,0.0,0.0,0.0,5
426,0.0,0.0,0.0,5
427,0.0,0.0,0.0,5
428,0.0,0.0,0.0,5
429,0.002702702702702703,0.005405405405405406,2.9218407596785978e-05,5
430,0.0,0.0,0.0,5
431,0.0,0.0,0.0,5
432,0.0,0.0,0.0,5
433,0.0,0.0,0.0,5
434,0.0,0.0,0.0,5
435,0.0,0.0,0.0,5
436,0.0,0.0,0.0,5
437,0.0,0.0,0.0,5
438,0.0,0.0,0.0,5
439,0.0,0.0,0.0,5
440,0.0,0.0,0.0,5
441,0.0,0.0,0.0,5
442,0.0,0.0,0.0,5
443,0.0,0.0,0.0,5
444,0.0,0.0,0.0,5
445,0.0,0.0,0.0,5
446,0.0,0.0,0.0,5
447,0.0,0.0,0.0,5
448,0.0,0.0,0.0,5
449,0.0,0.0,0.0,5
450,0.0,0.0,0.0,5
451,0.0,0.0,0.0,5
452,0.0,0.0,0.0,5
453,0.0,0.0,0.0,5
454,0.0,0.0,0.0,5
455,0.0,0.0,0.0,5
456,0.0,0.0,0.0,5
457,0.0,0.0,0.0,5
458,0.0,0.0,0.0,5
459,0.0,0.0,0.0,5
460,0.0,0.0,0.0,5
461,0.0,0.0,0.0,5
462,0.002702702702702703,0.005405405405405406,2.9218407596785978e-05,5
463,0.0,0.0,0.0,5
464,0.0,0.0,0.0,5
465,0.0,0.0,0.0,5
466,0.002702702702702703,0.005405405405405406,2.9218407596785978e-05,5
467,0.0,0.0,0.0,5
468,0.0,0.0,0.0,5
469,0.0,0.0,0.0,5
470,0.0,0.0,0.0,5
471,0.005405405405405406,0.010810810810810811,0.00011687363038714391,5
472,0.0,0.0,0.0,5
473,0.0,0.0,0.0,5
474,0.0,0.0,0.0,5
475,0.0,0.0,0.0,5
476,0.0,0.0,0.0,5
477,0.0,0.0,0.0,5
478,0.0,0.0,0.0,5
479,0.0,0.0,0.0,5
480,0.0,0.0,0.0,5
481,0.0,0.0,0.0,5
482,0.0,0.0,0.0,5
483,0.0,0.0,0.0,5
484,0.0,0.0,0.0,5
485,0.0,0.0,0.0,5
486,0.0,0.0,0.0,5
487,0.0,0.0,0.0,5
488,0.0,0.0,0.0,5
489,0.0,0.0,0.0,5
490,0.008108108108108109,0.016216216216216217,0.0002629656683710738,5
491,0.0,0.0,0.0,5
492,0.0,0.0,0.0,5
493,0.0,0.0,0.0,5
494,0.0,0.0,0.0,5
495,0.0,0.0,0.0,5
496,0.05405405405405406,0.10810810810810811,0.011687363038714392,5
497,0.0,0.0,0.0,5
498,0.0,0.0,0.0,5
499,0.0,0.0,0.0,5
500,0.0,0.0,0.0,5
501,0.0,0.0,0.0,5
502,0.0,0.0,0.0,5
503,0.0,0.0,0.0,5
504,0.0,0.0,0.0,5
505,0.0,0.0,0.0,5
506,0.0,0.0,0.0,5
507,0.0,0.0,0.0,5
508,0.0,0.0,0.0,5
509,0.0,0.0,0.0,5
510,0.0,0.0,0.0,5
511,0.0,0.0,0.0,5
512,0.0,0.0,0.0,5
513,0.0,0.0,0.0,5
514,0.0,0.0,0.0,5
515,0.0,0.0,0.0,5
516,0.0,0.0,0.0,5
517,0.0,0.0,0.0,5
518,0.0,0.0,0.0,5
519,0.0,0.0,0.0,5
520,0.0,0.0,0.0,5
521,0.0,0.0,0.0,5
522,0.0,0.0,0.0,5
523,0.0,0.0,0.0,5
524,0.0,0.0,0.0,5
525,0.0,0.0,0.0,5
526,0.002702702702702703,0.005405405405405406,2.9218407596785978e-05,5
527,0.005405405405405406,0.010810810810810811,0.00011687363038714391,5
528,0.0,0.0,0.0,5
529,0.0,0.0,0.0,5
530,0.0,0.0,0.0,5
531,0.0,0.0,0.0,5
532,0.0,0.0,0.0,5
533,0.0,0.0,0.0,5
534,0.0,0.0,0.0,5
535,0.06486486486486487,0.12972972972972974,0.016829802775748724,5
536,0.0,0.0,0.0,5
537,0.0,0.0,0.0,5
538,0.0,0.0,0.0,5
539,0.0,0.0,0.0,5
540,0.0,0.0,0.0,5
541,0.0,0.0,0.0,5
542,0.0,0.0,0.0,5
543,0.0,0.0,0.0,5
544,0.0,0.0,0.0,5
545,0.0,0.0,0.0,5
546,0.0,0.0,0.0,5
547,0.0,0.0,0.0,5
548,0.0,0.0,0.0,5
549,0.0,0.0,0.0,5
550,0.0,0.0,0.0,5
551,0.0,0.0,0.0,5
552,0.0,0.0,0.0,5
553,0.0,0.0,0.0,5
554,0.0,0.0,0.0,5
555,0.0,0.0,0.0,5
556,0.0,0.0,0.0,5
557,0.0,0.0,0.0,5
558,0.0,0.0,0.0,5
559,0.0,0.0,0.0,5
560,0.0,0.0,0.0,5
561,0.0,0.0,0.0,5
562,0.0,0.0,0.0,5
563,0.0,0.0,0.0,5
564,0.0,0.0,0.0,5
565,0.0,0.0,0.0,5
566,0.0,0.0,0.0,5
567,0.0,0.0,0.0,5
568,0.0,0.0,0.0,5
569,0.0,0.0,0.0,5
570,0.0,0.0,0.0,5
571,0.008108108108108109,0.016216216216216217,0.0002629656683710738,5
572,0.0,0.0,0.0,5
573,0.0,0.0,0.0,5
574,0.0,0.0,0.0,5
575,0.0,0.0,0.0,5
576,0.0,0.0,0.0,5
577,0.0,0.0,0.0,5
578,0.0,0.0,0.0,5
579,0.0,0.0,0.0,5
580,0.0,0.0,0.0,5
581,0.0,0.0,0.0,5
582,0.0,0.0,0.0,5
583,0.0,0.0,0.0,5
584,0.0,0.0,0.0,5
585,0.0,0.0,0.0,5
586,0.0,0.0,0.0,5
587,0.002702702702702703,0.005405405405405406,2.9218407596785978e-05,5
588,0.0,0.0,0.0,5
589,0.0,0.0,0.0,5
590,0.0,0.0,0.0,5
591,0.0,0.0,0.0,5
592,0.0,0.0,0.0,5
593,0.0,0.0,0.0,5
594,0.0,0.0,0.0,5
595,0.0,0.0,0.0,5
596,0.0,0.0,0.0,5
597,0.0,0.0,0.0,5
598,0.0,0.0,0.0,5
599,0.0,0.0,0.0,5
600,0.0,0.0,0.0,5
601,0.0,0.0,0.0,5
602,0.0,0.0,0.0,5
603,0.0,0.0,0.0,5
604,0.0,0.0,0.0,5
605,0.0,0.0,0.0,5
606,0.0,0.0,0.0,5
607,0.0,0.0,0.0,5
608,0.0,0.0,0.0,5
609,0.0,0.0,0.0,5
610,0.0,0.0,0.0,5
611,0.0,0.0,0.0,5
612,0.0,0.0,0.0,5
613,0.0,0.0,0.0,5
614,0.0,0.0,0.0,5
615,0.0,0.0,0.0,5
616,0.0,0.0,0.0,5
617,0.0,0.0,0.0,5
618,0.0,0.0,0.0,5
619,0.0,0.0,0.0,5
620,0.0,0.0,0.0,5
621,0.0,0.0,0.0,5
622,0.0,0.0,0.0,5
623,0.0,0.0,0.0,5
624,0.0,0.0,0.0,5
625,0.0,0.0,0.0,5
626,0.0,0.0,0.0,5
627,0.0,0.0,0.0,5
628,0.0,0.0,0.0,5
629,0.0,0.0,0.0,5
630,0.0,0.0,0.0,5
631,0.0,0.0,0.0,5
632,0.002702702702702703,0.005405405405405406,2.9218407596785978e-05,5
633,0.0,0.0,0.0,5
634,0.0,0.0,0.0,5
635,0.0,0.0,0.0,5
636,0.0,0.0,0.0,5
637,0.0,0.0,0.0,5
638,0.0,0.0,0.0,5
639,0.0,0.0,0.0,5
640,0.0,0.0,0.0,5
641,0.0,0.0,0.0,5
642,0.002702702702702703,0.005405405405405406,2.9218407596785978e-05,5
643,0.0,0.0,0.0,5
644,0.0,0.0,0.0,5
645,0.05135135135135135,0.1027027027027027,0.010547845142439735,5
646,0.0,0.0,0.0,5
647,0.0,0.0,0.0,5
648,0.0,0.0,0.0,5
649,0.0,0.0,0.0,5
650,0.03513513513513514,0.07027027027027027,0.00493791088385683,5
651,0.0,0.0,0.0,5
652,0.0,0.0,0.0,5
653,0.002702702702702703,0.005405405405405406,2.9218407596785978e-05,5
654,0.0,0.0,0.0,5
655,0.0,0.0,0.0,5
656,0.0,0.0,0.0,5
657,0.021621621621621623,0.043243243243243246,0.0018699780861943026,5
658,0.05405405405405406,0.10810810810810811,0.011687363038714392,5
659,0.005405405405405406,0.010810810810810811,0.00011687363038714391,5
660,0.0,0.0,0.0,5
661,0.0,0.0,0.0,5
662,0.010810810810810811,0.021621621621621623,0.00046749452154857564,5
663,0.0,0.0,0.0,5
664,0.0,0.0,0.0,5
665,0.0,0.0,0.0,5
666,0.0,0.0,0.0,5
667,0.0,0.0,0.0,5
668,0.0,0.0,0.0,5
669,0.0,0.0,0.0,5
670,0.0,0.0,0.0,5
671,0.0,0.0,0.0,5
672,0.0,0.0,0.0,5
673,0.0,0.0,0.0,5
674,0.0,0.0,0.0,5
675,0.0,0.0,0.0,5
676,0.0,0.0,0.0,5
677,0.0,0.0,0.0,5
678,0.0,0.0,0.0,5
679,0.0,0.0,0.0,5
680,0.0,0.0,0.0,5
681,0.0,0.0,0.0,5
682,0.0,0.0,0.0,5
683,0.0,0.0,0.0,5
684,0.013513513513513514,0.02702702702702703,0.0007304601899196495,5
685,0.0,0.0,0.0,5
686,0.0,0.0,0.0,5
687,0.0,0.0,0.0,5
688,0.0,0.0,0.0,5
689,0.0,0.0,0.0,5
690,0.0,0.0,0.0,5
691,0.0,0.0,0.0,5
692,0.0,0.0,0.0,5
693,0.0,0.0,0.0,5
694,0.0,0.0,0.0,5
695,0.0,0.0,0.0,5
696,0.0,0.0,0.0,5
697,0.0,0.0,0.0,5
698,0.0,0.0,0.0,5
699,0.0,0.0,0.0,5
700,0.010810810810810811,0.021621621621621623,0.00046749452154857564,5
701,0.0,0.0,0.0,5
702,0.0,0.0,0.0,5
703,0.0,0.0,0.0,5
704,0.0,0.0,0.0,5
705,0.0,0.0,0.0,5
706,0.0,0.0,0.0,5
707,0.0,0.0,0.0,5
708,0.0,0.0,0.0,5
709,0.0,0.0,0.0,5
710,0.0,0.0,0.0,5
711,0.002702702702702703,0.005405405405405406,2.9218407596785978e-05,5
712,0.0,0.0,0.0,5
713,0.0,0.0,0.0,5
714,0.0,0.0,0.0,5
715,0.0,0.0,0.0,5
716,0.0,0.0,0.0,5
717,0.0,0.0,0.0,5
718,0.0,0.0,0.0,5
719,0.0,0.0,0.0,5
720,0.0,0.0,0.0,5
721,0.0,0.0,0.0,5
722,0.0,0.0,0.0,5
723,0.024324324324324326,0.04864864864864865,0.002366691015339664,5
724,0.0,0.0,0.0,5
725,0.0,0.0,0.0,5
726,0.0,0.0,0.0,5
727,0.0,0.0,0.0,5
728,0.0,0.0,0.0,5
729,0.0,0.0,0.0,5
730,0.0,0.0,0.0,5
731,0.0,0.0,0.0,5
732,0.0,0.0,0.0,5
733,0.05405405405405406,0.10810810810810811,0.011687363038714392,5
734,0.0,0.0,0.0,5
735,0.0,0.0,0.0,5
736,0.0,0.0,0.0,5
737,0.0,0.0,0.0,5
738,0.0,0.0,0.0,5
739,0.0,0.0,0.0,5
740,0.0,0.0,0.0,5
741,0.0,0.0,0.0,5
742,0.0,0.0,0.0,5
743,0.0,0.0,0.0,5
744,0.0,0.0,0.0,5
745,0.0,0.0,0.0,5
746,0.0,0.0,0.0,5
747,0.0,0.0,0.0,5
748,0.0,0.0,0.0,5
749,0.0,0.0,0.0,5
750,0.0,0.0,0.0,5
751,0.0,0.0,0.0,5
752,0.0,0.0,0.0,5
753,0.0,0.0,0.0,5
754,0.0,0.0,0.0,5
755,0.0,0.0,0.0,5
756,0.0,0.0,0.0,5
757,0.0,0.0,0.0,5
758,0.0,0.0,0.0,5
759,0.0,0.0,0.0,5
760,0.0,0.0,0.0,5
761,0.0,0.0,0.0,5
762,0.0,0.0,0.0,5
763,0.0,0.0,0.0,5
764,0.0,0.0,0.0,5
765,0.0,0.0,0.0,5
766,0.0,0.0,0.0,5
767,0.0,0.0,0.0,5
768,0.0,0.0,0.0,5
769,0.0,0.0,0.0,5
770,0.0,0.0,0.0,5
771,0.0,0.0,0.0,5
772,0.0,0.0,0.0,5
773,0.0,0.0,0.0,5
774,0.0,0.0,0.0,5
775,0.0,0.0,0.0,5
776,0.002702702702702703,0.005405405405405406,2.9218407596785978e-05,5
777,0.0,0.0,0.0,5
778,0.0,0.0,0.0,5
779,0.0,0.0,0.0,5
780,0.0,0.0,0.0,5
781,0.07567567567567568,0.12044475651436319,0.014506939371804233,5
782,0.0,0.0,0.0,5
783,0.0,0.0,0.0,5
784,0.0,0.0,0.0,5
785,0.0,0.0,0.0,5
786,0.05135135135135135,0.1027027027027027,0.010547845142439735,5
787,0.0,0.0,0.0,5
788,0.0,0.0,0.0,5
789,0.002702702702702703,0.005405405405405406,2.9218407596785978e-05,5
790,0.04054054054054054,0.08108108108108109,0.006574141709276846,5
791,0.0,0.0,0.0,5
792,0.0,0.0,0.0,5
793,0.0,0.0,0.0,5
794,0.0,0.0,0.0,5
795,0.0,0.0,0.0,5
796,0.0,0.0,0.0,5
797,0.0,0.0,0.0,5
798,0.0,0.0,0.0,5
799,0.0,0.0,0.0,5
800,0.0,0.0,0.0,5
801,0.005405405405405406,0.010810810810810811,0.00011687363038714391,5
802,0.0,0.0,0.0,5
803,0.0,0.0,0.0,5
804,0.0,0.0,0.0,5
805,0.002702702702702703,0.005405405405405406,2.9218407596785978e-05,5
806,0.0,0.0,0.0,5
807,0.0,0.0,0.0,5
808,0.04864864864864865,0.0972972972972973,0.009466764061358657,5
809,0.0,0.0,0.0,5
810,0.0,0.0,0.0,5
811,0.0,0.0,0.0,5
812,0.0,0.0,0.0,5
813,0.0,0.0,0.0,5
814,0.0,0.0,0.0,5
815,0.005405405405405406,0.010810810810810811,0.00011687363038714391,5
816,0.0,0.0,0.0,5
817,0.0,0.0,0.0,5
818,0.0,0.0,0.0,5
819,0.002702702702702703,0.005405405405405406,2.9218407596785978e-05,5
820,0.005405405405405406,0.010810810810810811,0.00011687363038714391,5
821,0.0,0.0,0.0,5
822,0.0,0.0,0.0,5
823,0.0,0.0,0.0,5
824,0.0,0.0,0.0,5
825,0.0,0.0,0.0,5
826,0.0,0.0,0.0,5
827,0.0,0.0,0.0,5
828,0.0,0.0,0.0,5
829,0.0,0.0,0.0,5
830,0.0,0.0,0.0,5
831,0.0,0.0,0.0,5
832,0.002702702702702703,0.005405405405405406,2.9218407596785978e-05,5
833,0.0,0.0,0.0,5
834,0.0,0.0,0.0,5
835,0.0,0.0,0.0,5
836,0.013513513513513514,0.02702702702702703,0.0007304601899196495,5
837,0.005405405405405406,0.010810810810810811,0.00011687363038714391,5
838,0.0,0.0,0.0,5
839,0.0,0.0,0.0,5
840,0.0,0.0,0.0,5
841,0.0,0.0,0.0,5
842,0.08108108108108109,0.16216216216216217,0.026296566837107384,5
843,0.0,0.0,0.0,5
844,0.002702702702702703,0.005405405405405406,2.9218407596785978e-05,5
845,0.0,0.0,0.0,5
846,0.0,0.0,0.0,5
847,0.0,0.0,0.0,5
848,0.0,0.0,0.0,5
849,0.0,0.0,0.0,5
850,0.0,0.0,0.0,5
851,0.0,0.0,0.0,5
852,0.0,0.0,0.0,5
853,0.0,0.0,0.0,5
854,0.0,0.0,0.0,5
855,0.0,0.0,0.0,5
856,0.0,0.0,0.0,5
857,0.0,0.0,0.0,5
858,0.0,0.0,0.0,5
859,0.0,0.0,0.0,5
860,0.0,0.0,0.0,5
861,0.0,0.0,0.0,5
862,0.0,0.0,0.0,5
863,0.0,0.0,0.0,5
864,0.0,0.0,0.0,5
865,0.0,0.0,0.0,5
866,0.0945945945945946,0.1891891891891892,0.03579254930606282,5
867,0.0,0.0,0.0,5
868,0.0,0.0,0.0,5
869,0.0,0.0,0.0,5
870,0.0,0.0,0.0,5
871,0.0,0.0,0.0,5
872,0.0,0.0,0.0,5
873,0.0,0.0,0.0,5
874,0.0,0.0,0.0,5
875,0.0,0.0,0.0,5
876,0.008108108108108109,0.016216216216216217,0.0002629656683710738,5
877,0.016216216216216217,0.032432432432432434,0.0010518626734842952,5
878,0.0,0.0,0.0,5
879,0.0,0.0,0.0,5
880,0.0,0.0,0.0,5
881,0.0,0.0,0.0,5
882,0.0,0.0,0.0,5
883,0.0,0.0,0.0,5
884,0.0,0.0,0.0,5
885,0.0,0.0,0.0,5
886,0.0,0.0,0.0,5
887,0.0,0.0,0.0,5
888,0.0,0.0,0.0,5
889,0.002702702702702703,0.005405405405405406,2.9218407596785978e-05,5
890,0.002702702702702703,0.005405405405405406,2.9218407596785978e-05,5
891,0.0,0.0,0.0,5
892,0.0,0.0,0.0,5
893,0.0,0.0,0.0,5
894,0.0,0.0,0.0,5
895,0.0,0.0,0.0,5
896,0.0,0.0,0.0,5
897,0.0,0.0,0.0,5
898,0.0,0.0,0.0,5
899,0.0,0.0,0.0,5
900,0.0,0.0,0.0,5
901,0.0,0.0,0.0,5
902,0.0,0.0,0.0,5
903,0.0,0.0,0.0,5
904,0.04864864864864865,0.0972972972972973,0.009466764061358657,5
905,0.0,0.0,0.0,5
906,0.0,0.0,0.0,5
907,0.0,0.0,0.0,5
908,0.0,0.0,0.0,5
909,0.0,0.0,0.0,5
910,0.0,0.0,0.0,5
911,0.002702702702702703,0.005405405405405406,2.9218407596785978e-05,5
912,0.0,0.0,0.0,5
913,0.10810810810810811,0.21621621621621623,0.04674945215485757,5
914,0.002702702702702703,0.005405405405405406,2.9218407596785978e-05,5
915,0.0,0.0,0.0,5
916,0.0,0.0,0.0,5
917,0.05135135135135135,0.1027027027027027,0.010547845142439735,5
918,0.0,0.0,0.0,5
919,0.0,0.0,0.0,5
920,0.0,0.0,0.0,5
921,0.0,0.0,0.0,5
922,0.002702702702702703,0.005405405405405406,2.9218407596785978e-05,5
923,0.005405405405405406,0.010810810810810811,0.00011687363038714391,5
924,0.0,0.0,0.0,5
925,0.0,0.0,0.0,5
926,0.0,0.0,0.0,5
927,0.05945945945945946,0.08443513163142329,0.007129291453615778,5
928,0.08648648648648649,0.17297297297297298,0.02991964937910884,5
929,0.0,0.0,0.0,5
930,0.0,0.0,0.0,5
931,0.002702702702702703,0.005405405405405406,2.9218407596785978e-05,5
932,0.0,0.0,0.0,5
933,0.0,0.0,0.0,5
934,0.0,0.0,0.0,5
935,0.05405405405405406,0.10810810810810811,0.011687363038714392,5
936,0.0,0.0,0.0,5
937,0.0,0.0,0.0,5
938,0.0,0.0,0.0,5
939,0.0,0.0,0.0,5
940,0.0,0.0,0.0,5
941,0.0,0.0,0.0,5
942,0.0,0.0,0.0,5
943,0.0,0.0,0.0,5
944,0.0,0.0,0.0,5
945,0.0,0.0,0.0,5
946,0.0,0.0,0.0,5
947,0.005405405405405406,0.010810810810810811,0.00011687363038714391,5
948,0.0,0.0,0.0,5
949,0.0,0.0,0.0,5
950,0.0,0.0,0.0,5
951,0.0,0.0,0.0,5
952,0.0,0.0,0.0,5
953,0.0,0.0,0.0,5
954,0.0,0.0,0.0,5
955,0.0,0.0,0.0,5
956,0.0,0.0,0.0,5
957,0.0,0.0,0.0,5
958,0.0,0.0,0.0,5
959,0.0,0.0,0.0,5
960,0.0,0.0,0.0,5
961,0.0,0.0,0.0,5
962,0.0,0.0,0.0,5
963,0.032432432432432434,0.06486486486486487,0.004207450693937181,5
964,0.0,0.0,0.0,5
965,0.0,0.0,0.0,5
966,0.0,0.0,0.0,5
967,0.005405405405405406,0.010810810810810811,0.00011687363038714391,5
968,0.0,0.0,0.0,5
969,0.0,0.0,0.0,5
970,0.05945945945945946,0.11891891891891893,0.014141709276844414,5
971,0.0,0.0,0.0,5
972,0.0,0.0,0.0,5
973,0.0,0.0,0.0,5
974,0.0,0.0,0.0,5
975,0.0,0.0,0.0,5
976,0.013513513513513514,0.02702702702702703,0.0007304601899196495,5
977,0.002702702702702703,0.005405405405405406,2.9218407596785978e-05,5
978,0.0,0.0,0.0,5
979,0.0,0.0,0.0,5
980,0.0,0.0,0.0,5
981,0.02702702702702703,0.05405405405405406,0.002921840759678598,5
982,0.0,0.0,0.0,5
983,0.0,0.0,0.0,5
984,0.0,0.0,0.0,5
985,0.0,0.0,0.0,5
986,0.0,0.0,0.0,5
987,0.0,0.0,0.0,5
988,0.0,0.0,0.0,5
989,0.0,0.0,0.0,5
990,0.0,0.0,0.0,5
991,0.0,0.0,0.0,5
992,0.0,0.0,0.0,5
993,0.0,0.0,0.0,5
994,0.0,0.0,0.0,5
995,0.0,0.0,0.0,5
996,0.0,0.0,0.0,5
997,0.03513513513513514,0.07027027027027027,0.00493791088385683,5
998,0.0,0.0,0.0,5
999,0.0,0.0,0.0,5
1000,0.0,0.0,0.0,5
1001,0.0,0.0,0.0,5
1002,0.0,0.0,0.0,5
1003,0.0,0.0,0.0,5
1004,0.0,0.0,0.0,5
1005,0.0,0.0,0.0,5
1006,0.0,0.0,0.0,5
1007,0.002702702702702703,0.005405405405405406,2.9218407596785978e-05,5
1008,0.0,0.0,0.0,5
1009,0.0,0.0,0.0,5
1010,0.0,0.0,0.0,5
1011,0.0,0.0,0.0,5
1012,0.002702702702702703,0.005405405405405406,2.9218407596785978e-05,5
1013,0.008108108108108109,0.016216216216216217,0.0002629656683710738,5
1014,0.0,0.0,0.0,5
1015,0.0,0.0,0.0,5
1016,0.0,0.0,0.0,5
1017,0.0,0.0,0.0,5
1018,0.0,0.0,0.0,5
1019,0.0,0.0,0.0,5
1020,0.002702702702702703,0.005405405405405406,2.9218407596785978e-05,5
1021,0.07837837837837838,0.15009127975043052,0.02252739225712199,5
1022,0.0,0.0,0.0,5
1023,0.0,0.0,0.0,5
1024,0.0,0.0,0.0,5
1025,0.0,0.0,0.0,5
1026,0.0,0.0,0.0,5
1027,0.0,0.0,0.0,5
1028,0.0,0.0,0.0,5
1029,0.0,0.0,0.0,5
1030,0.0,0.0,0.0,5
1031,0.0,0.0,0.0,5
1032,0.005405405405405406,0.010810810810810811,0.00011687363038714391,5
1033,0.0,0.0,0.0,5
1034,0.0,0.0,0.0,5
1035,0.0,0.0,0.0,5
1036,0.0,0.0,0.0,5
1037,0.0,0.0,0.0,5
1038,0.021621621621621623,0.043243243243243246,0.0018699780861943026,5
1039,0.016216216216216217,0.026203674904953133,0.0006866325785244706,5
1040,0.002702702702702703,0.005405405405405406,2.9218407596785978e-05,5
1041,0.0,0.0,0.0,5
1042,0.002702702702702703,0.005405405405405406,2.9218407596785978e-05,5
1043,0.0,0.0,0.0,5
1044,0.002702702702702703,0.005405405405405406,2.9218407596785978e-05,5
1045,0.0,0.0,0.0,5
1046,0.0,0.0,0.0,5
1047,0.008108108108108109,0.016216216216216217,0.0002629656683710738,5
1048,0.0,0.0,0.0,5
1049,0.008108108108108109,0.016216216216216217,0.0002629656683710738,5
1050,0.010810810810810811,0.021621621621621623,0.00046749452154857564,5
1051,0.0,0.0,0.0,5
1052,0.0,0.0,0.0,5
1053,0.002702702702702703,0.005405405405405406,2.9218407596785978e-05,5
1054,0.0,0.0,0.0,5
1055,0.0,0.0,0.0,5
1056,0.0,0.0,0.0,5
1057,0.0,0.0,0.0,5
1058,0.0,0.0,0.0,5
1059,0.043243243243243246,0.07990132702213235,0.006384222059897736,5
1060,0.0,0.0,0.0,5
1061,0.0,0.0,0.0,5
1062,0.0,0.0,0.0,5
1063,0.0,0.0,0.0,5
1064,0.0,0.0,0.0,5
1065,0.0,0.0,0.0,5
1066,0.0,0.0,0.0,5
1067,0.0,0.0,0.0,5
1068,0.0,0.0,0.0,5
1069,0.0,0.0,0.0,5
1070,0.0,0.0,0.0,5
1071,0.0,0.0,0.0,5
1072,0.0,0.0,0.0,5
1073,0.0,0.0,0.0,5
1074,0.0,0.0,0.0,5
1075,0.06486486486486487,0.12972972972972974,0.016829802775748724,5
1076,0.0,0.0,0.0,5
1077,0.002702702702702703,0.005405405405405406,2.9218407596785978e-05,5
1078,0.06216216216216216,0.12432432432432432,0.015456537618699778,5
1079,0.0,0.0,0.0,5
1080,0.002702702702702703,0.005405405405405406,2.9218407596785978e-05,5
1081,0.0,0.0,0.0,5
1082,0.01891891891891892,0.03783783783783784,0.001431701972242513,5
1083,0.0,0.0,0.0,5
1084,0.005405405405405406,0.010810810810810811,0.00011687363038714391,5
1085,0.0,0.0,0.0,5
1086,0.0,0.0,0.0,5
1087,0.0,0.0,0.0,5
1088,0.0,0.0,0.0,5
1089,0.021621621621621623,0.043243243243243246,0.0018699780861943026,5
1090,0.0,0.0,0.0,5
1091,0.0,0.0,0.0,5
1092,0.04864864864864865,0.0972972972972973,0.009466764061358657,5
1093,0.0,0.0,0.0,5
1094,0.01891891891891892,0.03783783783783784,0.001431701972242513,5
1095,0.0,0.0,0.0,5
1096,0.0,0.0,0.0,5
1097,0.0,0.0,0.0,5
1098,0.002702702702702703,0.005405405405405406,2.9218407596785978e-05,5
1099,0.0,0.0,0.0,5
1100,0.0,0.0,0.0,5
1101,0.0,0.0,0.0,5
1102,0.0,0.0,0.0,5
1103,0.0,0.0,0.0,5
1104,0.0,0.0,0.0,5
1105,0.0,0.0,0.0,5
1106,0.0,0.0,0.0,5
1107,0.016216216216216217,0.032432432432432434,0.0010518626734842952,5
1108,0.024324324324324326,0.04864864864864865,0.002366691015339664,5
1109,0.0,0.0,0.0,5
1110,0.0,0.0,0.0,5
1111,0.0,0.0,0.0,5
1112,0.002702702702702703,0.005405405405405406,2.9218407596785978e-05,5
1113,0.0,0.0,0.0,5
1114,0.0,0.0,0.0,5
1115,0.0,0.0,0.0,5
1116,0.0,0.0,0.0,5
1117,0.0,0.0,0.0,5
1118,0.0,0.0,0.0,5
1119,0.0,0.0,0.0,5
1120,0.02972972972972973,0.05945945945945946,0.0035354273192111036,5
1121,0.0,0.0,0.0,5
1122,0.0,0.0,0.0,5
1123,0.0,0.0,0.0,5
1124,0.0,0.0,0.0,5
1125,0.016216216216216217,0.026203674904953133,0.0006866325785244706,5
1126,0.002702702702702703,0.005405405405405406,2.9218407596785978e-05,5
1127,0.0,0.0,0.0,5
1128,0.010810810810810811,0.01575932944552784,0.0002483564645726808,5
1129,0.0,0.0,0.0,5
1130,0.0,0.0,0.0,5
1131,0.010810810810810811,0.021621621621621623,0.00046749452154857564,5
1132,0.0,0.0,0.0,5
1133,0.005405405405405406,0.010810810810810811,0.00011687363038714391,5
1134,0.0,0.0,0.0,5
1135,0.0,0.0,0.0,5
1136,0.0,0.0,0.0,5
1137,0.0,0.0,0.0,5
1138,0.0,0.0,0.0,5
1139,0.0,0.0,0.0,5
1140,0.010810810810810811,0.021621621621621623,0.00046749452154857564,5
1141,0.0,0.0,0.0,5
1142,0.0,0.0,0.0,5
1143,0.0,0.0,0.0,5
1144,0.0972972972972973,0.1945945945945946,0.03786705624543463,5
1145,0.0,0.0,0.0,5
1146,0.0,0.0,0.0,5
1147,0.0,0.0,0.0,5
1148,0.002702702702702703,0.005405405405405406,2.9218407596785978e-05,5
1149,0.0,0.0,0.0,5
1150,0.0,0.0,0.0,5
1151,0.0,0.0,0.0,5
1152,0.0,0.0,0.0,5
1153,0.0,0.0,0.0,5
1154,0.0,0.0,0.0,5
1155,0.002702702702702703,0.005405405405405406,2.9218407596785978e-05,5
1156,0.002702702702702703,0.005405405405405406,2.9218407596785978e-05,5
1157,0.0,0.0,0.0,5
1158,0.0,0.0,0.0,5
1159,0.0,0.0,0.0,5
1160,0.0,0.0,0.0,5
1161,0.0,0.0,0.0,5
1162,0.0,0.0,0.0,5
1163,0.0,0.0,0.0,5
1164,0.005405405405405406,0.010810810810810811,0.00011687363038714391,5
1165,0.0,0.0,0.0,5
1166,0.002702702702702703,0.005405405405405406,2.9218407596785978e-05,5
1167,0.0,0.0,0.0,5
1168,0.0,0.0,0.0,5
1169,0.0,0.0,0.0,5
1170,0.0,0.0,0.0,5
1171,0.06756756756756757,0.1284850197189699,0.016508400292184082,5
1172,0.0,0.0,0.0,5
1173,0.0,0.0,0.0,5
1174,0.05135135135135136,0.09608858829530367,0.00923301680058437,5
1175,0.005405405405405406,0.010810810810810811,0.00011687363038714391,5
1176,0.002702702702702703,0.005405405405405406,2.9218407596785978e-05,5
1177,0.0,0.0,0.0,5
1178,0.0,0.0,0.0,5
1179,0.0,0.0,0.0,5
1180,0.0,0.0,0.0,5
1181,0.0,0.0,0.0,5
1182,0.0,0.0,0.0,5
1183,0.002702702702702703,0.005405405405405406,2.9218407596785978e-05,5
1184,0.0,0.0,0.0,5
1185,0.0,0.0,0.0,5
1186,0.04594594594594595,0.0852958585841054,0.007275383491599709,5
1187,0.0,0.0,0.0,5
1188,0.05405405405405406,0.10810810810810811,0.011687363038714392,5
1189,0.0,0.0,0.0,5
1190,0.005405405405405406,0.010810810810810811,0.00011687363038714391,5
1191,0.0,0.0,0.0,5
1192,0.0,0.0,0.0,5
1193,0.07027027027027027,0.14054054054054055,0.01975164353542732,5
1194,0.0,0.0,0.0,5
1195,0.0,0.0,0.0,5
1196,0.002702702702702703,0.005405405405405406,2.9218407596785978e-05,5
1197,0.0,0.0,0.0,5
1198,0.0,0.0,0.0,5
1199,0.002702702702702703,0.005405405405405406,2.9218407596785978e-05,5
1200,0.0,0.0,0.0,5
1201,0.002702702702702703,0.005405405405405406,2.9218407596785978e-05,5
1202,0.0,0.0,0.0,5
1203,0.0,0.0,0.0,5
1204,0.0,0.0,0.0,5
1205,0.0,0.0,0.0,5
1206,0.0,0.0,0.0,5
1207,0.06486486486486487,0.12972972972972974,0.016829802775748724,5
1208,0.0,0.0,0.0,5
1209,0.0,0.0,0.0,5
1210,0.0,0.0,0.0,5
1211,0.0,0.0,0.0,5
1212,0.0,0.0,0.0,5
1213,0.0,0.0,0.0,5
1214,0.0,0.0,0.0,5
1215,0.0,0.0,0.0,5
1216,0.0,0.0,0.0,5
1217,0.0,0.0,0.0,5
1218,0.0,0.0,0.0,5
1219,0.0,0.0,0.0,5
1220,0.0,0.0,0.0,5
1221,0.0,0.0,0.0,5
1222,0.0,0.0,0.0,5
1223,0.0,0.0,0.0,5
1224,0.0,0.0,0.0,5
1225,0.002702702702702703,0.005405405405405406,2.9218407596785978e-05,5
1226,0.0,0.0,0.0,5
1227,0.0,0.0,0.0,5
1228,0.0,0.0,0.0,5
1229,0.0,0.0,0.0,5
1230,0.0,0.0,0.0,5
1231,0.0,0.0,0.0,5
1232,0.0,0.0,0.0,5
1233,0.0,0.0,0.0,5
1234,0.0,0.0,0.0,5
1235,0.0,0.0,0.0,5
1236,0.1027027027027027,0.12694074125207977,0.016113951789627465,5
1237,0.002702702702702703,0.005405405405405406,2.9218407596785978e-05,5
1238,0.0,0.0,0.0,5
1239,0.0,0.0,0.0,5
1240,0.0,0.0,0.0,5
1241,0.0,0.0,0.0,5
1242,0.0,0.0,0.0,5
1243,0.032432432432432434,0.06486486486486487,0.004207450693937181,5
1244,0.002702702702702703,0.005405405405405406,2.9218407596785978e-05,5
1245,0.002702702702702703,0.005405405405405406,2.9218407596785978e-05,5
1246,0.15135135135135136,0.3027027027027027,0.09162892622352083,5
1247,0.005405405405405406,0.010810810810810811,0.00011687363038714391,5
1248,0.02972972972972973,0.05945945945945946,0.0035354273192111036,5
1249,0.0,0.0,0.0,5
1250,0.0,0.0,0.0,5
1251,0.0,0.0,0.0,5
1252,0.02702702702702703,0.05405405405405406,0.002921840759678598,5
1253,0.002702702702702703,0.005405405405405406,2.9218407596785978e-05,5
1254,0.005405405405405406,0.010810810810810811,0.00011687363038714391,5
1255,0.0,0.0,0.0,5
1256,0.0,0.0,0.0,5
1257,0.0,0.0,0.0,5
1258,0.0,0.0,0.0,5
1259,0.0,0.0,0.0,5
1260,0.0,0.0,0.0,5
1261,0.002702702702702703,0.005405405405405406,2.9218407596785978e-05,5
1262,0.005405405405405406,0.010810810810810811,0.00011687363038714391,5
1263,0.005405405405405406,0.010810810810810811,0.00011687363038714391,5
1264,0.0,0.0,0.0,5
1265,0.0,0.0,0.0,5
1266,0.008108108108108109,0.016216216216216217,0.0002629656683710738,5
1267,0.0,0.0,0.0,5
1268,0.0,0.0,0.0,5
1269,0.0,0.0,0.0,5
1270,0.0,0.0,0.0,5
1271,0.0,0.0,0.0,5
1272,0.002702702702702703,0.005405405405405406,2.9218407596785978e-05,5
1273,0.0,0.0,0.0,5
1274,0.06756756756756757,0.13513513513513514,0.018261504747991236,5
1275,0.0,0.0,0.0,5
1276,0.0891891891891892,0.10998372945608544,0.012096420745069395,5
1277,0.1189189189189189,0.2311403432781113,0.05342585829072314,5
1278,0.06216216216216216,0.12432432432432432,0.015456537618699778,5
1279,0.002702702702702703,0.005405405405405406,2.9218407596785978e-05,5
1280,0.002702702702702703,0.005405405405405406,2.9218407596785978e-05,5
1281,0.0,0.0,0.0,5
1282,0.0,0.0,0.0,5
1283,0.005405405405405406,0.010810810810810811,0.00011687363038714391,5
1284,0.0,0.0,0.0,5
1285,0.010810810810810811,0.021621621621621623,0.00046749452154857564,5
1286,0.0,0.0,0.0,5
1287,0.0,0.0,0.0,5
1288,0.005405405405405406,0.010810810810810811,0.00011687363038714391,5
1289,0.0,0.0,0.0,5
1290,0.002702702702702703,0.005405405405405406,2.9218407596785978e-05,5
1291,0.0,0.0,0.0,5
1292,0.0,0.0,0.0,5
1293,0.0,0.0,0.0,5
1294,0.0,0.0,0.0,5
1295,0.005405405405405406,0.010810810810810811,0.00011687363038714391,5
1296,0.0,0.0,0.0,5
1297,0.0,0.0,0.0,5
1298,0.0,0.0,0.0,5
1299,0.0,0.0,0.0,5
1300,0.010810810810810811,0.021621621621621623,0.00046749452154857564,5
1301,0.0,0.0,0.0,5
1302,0.0,0.0,0.0,5
1303,0.08108108108108109,0.16216216216216217,0.026296566837107384,5
1304,0.002702702702702703,0.005405405405405406,2.9218407596785978e-05,5
1305,0.0,0.0,0.0,5
1306,0.0,0.0,0.0,5
1307,0.06756756756756757,0.13513513513513514,0.018261504747991236,5
1308,0.0,0.0,0.0,5
1309,0.0,0.0,0.0,5
1310,0.002702702702702703,0.005405405405405406,2.9218407596785978e-05,5
1311,0.0,0.0,0.0,5
1312,0.002702702702702703,0.005405405405405406,2.9218407596785978e-05,5
1313,0.002702702702702703,0.005405405405405406,2.9218407596785978e-05,5
1314,0.02702702702702703,0.05405405405405406,0.002921840759678598,5
1315,0.0,0.0,0.0,5
1316,0.0,0.0,0.0,5
1317,0.0,0.0,0.0,5
1318,0.002702702702702703,0.005405405405405406,2.9218407596785978e-05,5
1319,0.0,0.0,0.0,5
1320,0.0,0.0,0.0,5
1321,0.0,0.0,0.0,5
1322,0.0,0.0,0.0,5
1323,0.0,0.0,0.0,5
1324,0.0,0.0,0.0,5
1325,0.008108108108108109,0.010810810810810811,0.00011687363038714391,5
1326,0.0,0.0,0.0,5
1327,0.0,0.0,0.0,5
1328,0.010810810810810811,0.021621621621621623,0.00046749452154857564,5
1329,0.005405405405405406,0.010810810810810811,0.00011687363038714391,5
1330,0.043243243243243246,0.05364711686832219,0.002878013148283419,5
1331,0.0,0.0,0.0,5
1332,0.0,0.0,0.0,5
1333,0.0,0.0,0.0,5
1334,0.0,0.0,0.0,5
1335,0.0,0.0,0.0,5
1336,0.01891891891891892,0.03783783783783784,0.001431701972242513,5
1337,0.0,0.0,0.0,5
1338,0.0,0.0,0.0,5
1339,0.0,0.0,0.0,5
1340,0.0,0.0,0.0,5
1341,0.0,0.0,0.0,5
1342,0.002702702702702703,0.005405405405405406,2.9218407596785978e-05,5
1343,0.0,0.0,0.0,5
1344,0.0,0.0,0.0,5
1345,0.0,0.0,0.0,5
1346,0.0,0.0,0.0,5
1347,0.002702702702702703,0.005405405405405406,2.9218407596785978e-05,5
1348,0.0,0.0,0.0,5
1349,0.0,0.0,0.0,5
1350,0.04864864864864865,0.0972972972972973,0.009466764061358657,5
1351,0.0,0.0,0.0,5
1352,0.0,0.0,0.0,5
1353,0.0,0.0,0.0,5
1354,0.008108108108108109,0.016216216216216217,0.0002629656683710738,5
1355,0.0,0.0,0.0,5
1356,0.0,0.0,0.0,5
1357,0.016216216216216217,0.026203674904953133,0.0006866325785244706,5
1358,0.0,0.0,0.0,5
1359,0.0,0.0,0.0,5
1360,0.0,0.0,0.0,5
1361,0.0,0.0,0.0,5
1362,0.0,0.0,0.0,5
1363,0.0,0.0,0.0,5
1364,0.010810810810810811,0.021621621621621623,0.00046749452154857564,5
1365,0.0,0.0,0.0,5
1366,0.0891891891891892,0.1783783783783784,0.03181884587289993,5
1367,0.0,0.0,0.0,5
1368,0.0,0.0,0.0,5
1369,0.0,0.0,0.0,5
1370,0.010810810810810811,0.021621621621621623,0.00046749452154857564,5
1371,0.0,0.0,0.0,5
1372,0.002702702702702703,0.005405405405405406,2.9218407596785978e-05,5
1373,0.0,0.0,0.0,5
1374,0.008108108108108109,0.016216216216216217,0.0002629656683710738,5
1375,0.08648648648648649,0.17297297297297298,0.02991964937910884,5
1376,0.0,0.0,0.0,5
1377,0.002702702702702703,0.005405405405405406,2.9218407596785978e-05,5
1378,0.0,0.0,0.0,5
1379,0.0,0.0,0.0,5
1380,0.0,0.0,0.0,5
1381,0.0,0.0,0.0,5
1382,0.002702702702702703,0.005405405405405406,2.9218407596785978e-05,5
1383,0.002702702702702703,0.005405405405405406,2.9218407596785978e-05,5
1384,0.0,0.0,0.0,5
1385,0.0,0.0,0.0,5
1386,0.0,0.0,0.0,5
1387,0.0,0.0,0.0,5
1388,0.002702702702702703,0.005405405405405406,2.9218407596785978e-05,5
1389,0.06216216216216216,0.12432432432432432,0.015456537618699778,5
1390,0.0,0.0,0.0,5
1391,0.010810810810810811,0.021621621621621623,0.00046749452154857564,5
1392,0.07567567567567568,0.12520253861514022,0.015675675675675675,5
1393,0.0,0.0,0.0,5
1394,0.0,0.0,0.0,5
1395,0.0,0.0,0.0,5
1396,0.005405405405405406,0.010810810810810811,0.00011687363038714391,5
1397,0.002702702702702703,0.005405405405405406,2.9218407596785978e-05,5
1398,0.0,0.0,0.0,5
1399,0.002702702702702703,0.005405405405405406,2.9218407596785978e-05,5
1400,0.0,0.0,0.0,5
1401,0.0,0.0,0.0,5
1402,0.0,0.0,0.0,5
1403,0.05405405405405406,0.10148639651631668,0.010299488677867055,5
1404,0.002702702702702703,0.005405405405405406,2.9218407596785978e-05,5
1405,0.008108108108108109,0.010810810810810811,0.00011687363038714391,5
1406,0.0,0.0,0.0,5
1407,0.0,0.0,0.0,5
1408,0.0,0.0,0.0,5
1409,0.005405405405405406,0.010810810810810811,0.00011687363038714391,5
1410,0.0,0.0,0.0,5
1411,0.008108108108108109,0.016216216216216217,0.0002629656683710738,5
1412,0.002702702702702703,0.005405405405405406,2.9218407596785978e-05,5
1413,0.0,0.0,0.0,5
1414,0.0,0.0,0.0,5
1415,0.005405405405405406,0.006620242548062643,4.382761139517896e-05,5
1416,0.0,0.0,0.0,5
1417,0.0,0.0,0.0,5
1418,0.013513513513513514,0.02702702702702703,0.0007304601899196495,5
1419,0.002702702702702703,0.005405405405405406,2.9218407596785978e-05,5
1420,0.0,0.0,0.0,5
1421,0.005405405405405406,0.006620242548062643,4.382761139517896e-05,5
1422,0.0,0.0,0.0,5
1423,0.0,0.0,0.0,5
1424,0.002702702702702703,0.005405405405405406,2.9218407596785978e-05,5
1425,0.008108108108108109,0.010810810810810811,0.00011687363038714391,5
1426,0.0,0.0,0.0,5
1427,0.0,0.0,0.0,5
1428,0.0,0.0,0.0,5
1429,0.0,0.0,0.0,5
1430,0.0,0.0,0.0,5
1431,0.008108108108108109,0.016216216216216217,0.0002629656683710738,5
1432,0.0,0.0,0.0,5
1433,0.002702702702702703,0.005405405405405406,2.9218407596785978e-05,5
1434,0.0,0.0,0.0,5
1435,0.0,0.0,0.0,5
1436,0.0,0.0,0.0,5
1437,0.002702702702702703,0.005405405405405406,2.9218407596785978e-05,5
1438,0.005405405405405406,0.010810810810810811,0.00011687363038714391,5
1439,0.0,0.0,0.0,5
1440,0.0,0.0,0.0,5
1441,0.0,0.0,0.0,5
1442,0.0,0.0,0.0,5
1443,0.0,0.0,0.0,5
1444,0.0,0.0,0.0,5
1445,0.005405405405405406,0.010810810810810811,0.00011687363038714391,5
1446,0.0,0.0,0.0,5
1447,0.0,0.0,0.0,5
1448,0.010810810810810811,0.013240485096125286,0.00017531044558071585,5
1449,0.002702702702702703,0.005405405405405406,2.9218407596785978e-05,5
1450,0.0,0.0,0.0,5
1451,0.002702702702702703,0.005405405405405406,2.9218407596785978e-05,5
1452,0.0,0.0,0.0,5
1453,0.0,0.0,0.0,5
1454,0.0,0.0,0.0,5
1455,0.0,0.0,0.0,5
1456,0.0,0.0,0.0,5
1457,0.0,0.0,0.0,5
1458,0.03513513513513514,0.07027027027027027,0.00493791088385683,5
1459,0.002702702702702703,0.005405405405405406,2.9218407596785978e-05,5
1460,0.04594594594594595,0.07332248630405695,0.00537618699780862,5
1461,0.15945945945945944,0.3189189189189189,0.10170927684441196,5
1462,0.0,0.0,0.0,5
1463,0.0,0.0,0.0,5
1464,0.005405405405405406,0.010810810810810811,0.00011687363038714391,5
1465,0.0,0.0,0.0,5
1466,0.0,0.0,0.0,5
1467,0.0,0.0,0.0,5
1468,0.0,0.0,0.0,5
1469,0.0,0.0,0.0,5
1470,0.002702702702702703,0.005405405405405406,2.9218407596785978e-05,5
1471,0.0,0.0,0.0,5
1472,0.03783783783783784,0.07567567567567568,0.005726807888970052,5
1473,0.005405405405405406,0.010810810810810811,0.00011687363038714391,5
1474,0.0,0.0,0.0,5
1475,0.0,0.0,0.0,5
1476,0.0,0.0,0.0,5
1477,0.002702702702702703,0.005405405405405406,2.9218407596785978e-05,5
1478,0.0,0.0,0.0,5
1479,0.002702702702702703,0.005405405405405406,2.9218407596785978e-05,5
1480,0.005405405405405406,0.010810810810810811,0.00011687363038714391,5
1481,0.008108108108108109,0.016216216216216217,0.0002629656683710738,5
1482,0.008108108108108109,0.016216216216216217,0.0002629656683710738,5
1483,0.0,0.0,0.0,5
1484,0.0,0.0,0.0,5
1485,0.0,0.0,0.0,5
1486,0.010810810810810811,0.021621621621621623,0.00046749452154857564,5
1487,0.005405405405405406,0.006620242548062643,4.382761139517896e-05,5
1488,0.0,0.0,0.0,5
1489,0.0,0.0,0.0,5
1490,0.0,0.0,0.0,5
1491,0.010810810810810811,0.021621621621621623,0.00046749452154857564,5
1492,0.002702702702702703,0.005405405405405406,2.9218407596785978e-05,5
1493,0.016216216216216217,0.032432432432432434,0.0010518626734842952,5
1494,0.05405405405405406,0.10810810810810811,0.011687363038714392,5
1495,0.0,0.0,0.0,5
1496,0.002702702702702703,0.005405405405405406,2.9218407596785978e-05,5
1497,0.15675675675675677,0.31351351351351353,0.09829072315558803,5
1498,0.0,0.0,0.0,5
1499,0.02702702702702703,0.034186785515333835,0.0011687363038714392,5
1500,0.0,0.0,0.0,5
1501,0.013513513513513514,0.017093392757666918,0.0002921840759678598,5
1502,0.002702702702702703,0.005405405405405406,2.9218407596785978e-05,5
1503,0.002702702702702703,0.005405405405405406,2.9218407596785978e-05,5
1504,0.0,0.0,0.0,5
1505,0.005405405405405406,0.010810810810810811,0.00011687363038714391,5
1506,0.032432432432432434,0.03482188845060845,0.001212563915266618,5
1507,0.0,0.0,0.0,5
1508,0.008108108108108109,0.016216216216216217,0.0002629656683710738,5
1509,0.0,0.0,0.0,5
1510,0.002702702702702703,0.005405405405405406,2.9218407596785978e-05,5
1511,0.0,0.0,0.0,5
1512,0.013513513513513514,0.017093392757666918,0.0002921840759678598,5
1513,0.0,0.0,0.0,5
1514,0.013513513513513514,0.020935045114634687,0.0004382761139517897,5
1515,0.002702702702702703,0.005405405405405406,2.9218407596785978e-05,5
1516,0.024324324324324326,0.04864864864864865,0.002366691015339664,5
1517,0.002702702702702703,0.005405405405405406,2.9218407596785978e-05,5
1518,0.010810810810810811,0.021621621621621623,0.00046749452154857564,5
1519,0.0,0.0,0.0,5
1520,0.010810810810810811,0.013240485096125286,0.00017531044558071585,5
1521,0.02972972972972973,0.052961940384501145,0.0028049671292914536,5
1522,0.0,0.0,0.0,5
1523,0.04054054054054054,0.03626056179729389,0.001314828341855369,5
1524,0.002702702702702703,0.005405405405405406,2.9218407596785978e-05,5
1525,0.01891891891891892,0.026480970192250573,0.0007012417823228634,5
1526,0.016216216216216217,0.026203674904953133,0.0006866325785244706,5
1527,0.005405405405405406,0.006620242548062643,4.382761139517896e-05,5
1528,0.008108108108108109,0.010810810810810811,0.00011687363038714391,5
1529,0.03513513513513514,0.07027027027027027,0.00493791088385683,5
1530,0.0,0.0,0.0,5
1531,0.14054054054054055,0.2810810810810811,0.07900657414170928,5
1532,0.002702702702702703,0.005405405405405406,2.9218407596785978e-05,5
1533,0.0,0.0,0.0,5
1534,0.05135135135135135,0.1027027027027027,0.010547845142439735,5
1535,0.0,0.0,0.0,5
1536,0.0,0.0,0.0,5
1537,0.05675675675675675,0.1135135135135135,0.012885317750182613,5
1538,0.008108108108108109,0.016216216216216217,0.0002629656683710738,5
1539,0.05945945945945945,0.1122842058261675,0.012607742878013145,5
1540,0.0,0.0,0.0,5
1541,0.008108108108108109,0.016216216216216217,0.0002629656683710738,5
1542,0.005405405405405406,0.006620242548062643,4.382761139517896e-05,5
1543,0.002702702702702703,0.005405405405405406,2.9218407596785978e-05,5
1544,0.06756756756756757,0.1153012378794678,0.01329437545653762,5
1545,0.07297297297297298,0.10998372945608542,0.012096420745069393,5
1546,0.03513513513513514,0.06372878985163025,0.004061358655953251,5
1547,0.008108108108108109,0.010810810810810811,0.00011687363038714391,5
1548,0.016216216216216217,0.032432432432432434,0.0010518626734842952,5
1549,0.0,0.0,0.0,5
1550,0.002702702702702703,0.005405405405405406,2.9218407596785978e-05,5
1551,0.0,0.0,0.0,5
1552,0.15135135135135136,0.3027027027027027,0.09162892622352083,5
1553,0.0,0.0,0.0,5
1554,0.05405405405405406,0.10810810810810811,0.011687363038714392,5
1555,0.0,0.0,0.0,5
1556,0.005405405405405406,0.006620242548062643,4.382761139517896e-05,5
1557,0.002702702702702703,0.005405405405405406,2.9218407596785978e-05,5
1558,0.008108108108108109,0.016216216216216217,0.0002629656683710738,5
1559,0.0,0.0,0.0,5
1560,0.0,0.0,0.0,5
1561,0.008108108108108109,0.010810810810810811,0.00011687363038714391,5
1562,0.0,0.0,0.0,5
1563,0.0,0.0,0.0,5
1564,0.18108108108108106,0.3621621621621621,0.13116143170197223,5
1565,0.016216216216216217,0.01986072764418793,0.0003944485025566107,5
1566,0.0,0.0,0.0,5
1567,0.002702702702702703,0.005405405405405406,2.9218407596785978e-05,5
1568,0.03513513513513514,0.07027027027027027,0.00493791088385683,5
1569,0.002702702702702703,0.005405405405405406,2.9218407596785978e-05,5
1570,0.0,0.0,0.0,5
1571,0.02702702702702703,0.04758599151799733,0.0022644265887509134,5
1572,0.0,0.0,0.0,5
1573,0.010810810810810811,0.021621621621621623,0.00046749452154857564,5
1574,0.002702702702702703,0.005405405405405406,2.9218407596785978e-05,5
1575,0.0,0.0,0.0,5
1576,0.008108108108108109,0.016216216216216217,0.0002629656683710738,5
1577,0.002702702702702703,0.005405405405405406,2.9218407596785978e-05,5
1578,0.0,0.0,0.0,5
1579,0.043243243243243246,0.04634169783643851,0.0021475529583637695,5
1580,0.0,0.0,0.0,5
1581,0.1135135135135135,0.20735208409531491,0.04299488677867055,5
1582,0.0,0.0,0.0,5
1583,0.0,0.0,0.0,5
1584,0.002702702702702703,0.005405405405405406,2.9218407596785978e-05,5
1585,0.0,0.0,0.0,5
1586,0.0,0.0,0.0,5
1587,0.0,0.0,0.0,5
1588,0.0,0.0,0.0,5
1589,0.0,0.0,0.0,5
1590,0.008108108108108109,0.016216216216216217,0.0002629656683710738,5
1591,0.005405405405405406,0.010810810810810811,0.00011687363038714391,5
1592,0.0,0.0,0.0,5
1593,0.0,0.0,0.0,5
1594,0.0,0.0,0.0,5
1595,0.0,0.0,0.0,5
1596,0.0,0.0,0.0,5
1597,0.0,0.0,0.0,5
1598,0.0,0.0,0.0,5
1599,0.002702702702702703,0.005405405405405406,2.9218407596785978e-05,5
1600,0.0,0.0,0.0,5
1601,0.005405405405405406,0.010810810810810811,0.00011687363038714391,5
1602,0.0,0.0,0.0,5
1603,0.0,0.0,0.0,5
1604,0.005405405405405406,0.010810810810810811,0.00011687363038714391,5
1605,0.0,0.0,0.0,5
1606,0.0,0.0,0.0,5
1607,0.013513513513513514,0.020935045114634687,0.0004382761139517897,5
1608,0.005405405405405406,0.010810810810810811,0.00011687363038714391,5
1609,0.043243243243243246,0.08648648648648649,0.00747991234477721,5
1610,0.0,0.0,0.0,5
1611,0.0,0.0,0.0,5
1612,0.008108108108108109,0.010810810810810811,0.00011687363038714391,5
1613,0.002702702702702703,0.005405405405405406,2.9218407596785978e-05,5
1614,0.0,0.0,0.0,5
1615,0.024324324324324326,0.04864864864864865,0.002366691015339664,5
1616,0.002702702702702703,0.005405405405405406,2.9218407596785978e-05,5
1617,0.03513513513513514,0.07027027027027027,0.00493791088385683,5
1618,0.0,0.0,0.0,5
1619,0.06756756756756757,0.1284850197189699,0.016508400292184082,5
1620,0.002702702702702703,0.005405405405405406,2.9218407596785978e-05,5
1621,0.0,0.0,0.0,5
1622,0.024324324324324326,0.04221756581571164,0.0017823228634039445,5
1623,0.0,0.0,0.0,5
1624,0.013513513513513514,0.02702702702702703,0.0007304601899196495,5
1625,0.0,0.0,0.0,5
1626,0.013513513513513514,0.020935045114634687,0.0004382761139517897,5
1627,0.002702702702702703,0.005405405405405406,2.9218407596785978e-05,5
1628,0.0,0.0,0.0,5
1629,0.0,0.0,0.0,5
1630,0.002702702702702703,0.005405405405405406,2.9218407596785978e-05,5
1631,0.0,0.0,0.0,5
1632,0.0,0.0,0.0,5
1633,0.0,0.0,0.0,5
1634,0.0,0.0,0.0,5
1635,0.010810810810810811,0.021621621621621623,0.00046749452154857564,5
1636,0.002702702702702703,0.005405405405405406,2.9218407596785978e-05,5
1637,0.002702702702702703,0.005405405405405406,2.9218407596785978e-05,5
1638,0.010810810810810811,0.021621621621621623,0.00046749452154857564,5
1639,0.0,0.0,0.0,5
1640,0.0,0.0,0.0,5
1641,0.0,0.0,0.0,5
1642,0.002702702702702703,0.005405405405405406,2.9218407596785978e-05,5
1643,0.005405405405405406,0.006620242548062643,4.382761139517896e-05,5
1644,0.0,0.0,0.0,5
1645,0.0,0.0,0.0,5
1646,0.021621621621621623,0.043243243243243246,0.0018699780861943026,5
1647,0.002702702702702703,0.005405405405405406,2.9218407596785978e-05,5
1648,0.0,0.0,0.0,5
1649,0.0,0.0,0.0,5
1650,0.0,0.0,0.0,5
1651,0.05405405405405406,0.10148639651631668,0.010299488677867055,5
1652,0.0,0.0,0.0,5
1653,0.0,0.0,0.0,5
1654,0.0,0.0,0.0,5
1655,0.0,0.0,0.0,5
1656,0.0918918918918919,0.12038409433145994,0.014492330168005847,5
1657,0.005405405405405406,0.010810810810810811,0.00011687363038714391,5
1658,0.010810810810810811,0.021621621621621623,0.00046749452154857564,5
1659,0.002702702702702703,0.005405405405405406,2.9218407596785978e-05,5
1660,0.010810810810810811,0.021621621621621623,0.00046749452154857564,5
1661,0.06756756756756757,0.1284850197189699,0.016508400292184082,5
1662,0.005405405405405406,0.010810810810810811,0.00011687363038714391,5
1663,0.02702702702702703,0.04187009022926937,0.0017531044558071588,5
1664,0.06486486486486487,0.12972972972972974,0.016829802775748724,5
1665,0.002702702702702703,0.005405405405405406,2.9218407596785978e-05,5
1666,0.02972972972972973,0.05945945945945946,0.0035354273192111036,5
1667,0.002702702702702703,0.005405405405405406,2.9218407596785978e-05,5
1668,0.002702702702702703,0.005405405405405406,2.9218407596785978e-05,5
1669,0.05945945945945946,0.11891891891891893,0.014141709276844414,5
1670,0.0,0.0,0.0,5
1671,0.005405405405405406,0.010810810810810811,0.00011687363038714391,5
1672,0.0,0.0,0.0,5
1673,0.0,0.0,0.0,5
1674,0.002702702702702703,0.005405405405405406,2.9218407596785978e-05,5
1675,0.0,0.0,0.0,5
1676,0.0,0.0,0.0,5
1677,0.0,0.0,0.0,5
1678,0.008108108108108109,0.016216216216216217,0.0002629656683710738,5
1679,0.06216216216216217,0.07907426399096106,0.006252739225712199,5
1680,0.0,0.0,0.0,5
1681,0.0,0.0,0.0,5
1682,0.002702702702702703,0.005405405405405406,2.9218407596785978e-05,5
1683,0.002702702702702703,0.005405405405405406,2.9218407596785978e-05,5
1684,0.008108108108108109,0.016216216216216217,0.0002629656683710738,5
1685,0.0,0.0,0.0,5
1686,0.06216216216216216,0.12432432432432432,0.015456537618699778,5
1687,0.0,0.0,0.0,5
1688,0.04594594594594595,0.0918918918918919,0.008444119795471147,5
1689,0.0,0.0,0.0,5
1690,0.0,0.0,0.0,5
1691,0.002702702702702703,0.005405405405405406,2.9218407596785978e-05,5
1692,0.002702702702702703,0.005405405405405406,2.9218407596785978e-05,5
1693,0.0,0.0,0.0,5
1694,0.0,0.0,0.0,5
1695,0.0,0.0,0.0,5
1696,0.0,0.0,0.0,5
1697,0.0,0.0,0.0,5
1698,0.016216216216216217,0.01986072764418793,0.0003944485025566107,5
1699,0.02702702702702703,0.04187009022926937,0.0017531044558071588,5
1700,0.005405405405405406,0.010810810810810811,0.00011687363038714391,5
1701,0.002702702702702703,0.005405405405405406,2.9218407596785978e-05,5
1702,0.0,0.0,0.0,5
1703,0.021621621621621623,0.043243243243243246,0.0018699780861943026,5
1704,0.0,0.0,0.0,5
1705,0.0,0.0,0.0,5
1706,0.0,0.0,0.0,5
1707,0.005405405405405406,0.010810810810810811,0.00011687363038714391,5
1708,0.0,0.0,0.0,5
1709,0.002702702702702703,0.005405405405405406,2.9218407596785978e-05,5
1710,0.008108108108108109,0.016216216216216217,0.0002629656683710738,5
1711,0.002702702702702703,0.005405405405405406,2.9218407596785978e-05,5
1712,0.15675675675675677,0.30018255950086103,0.09010956902848796,5
1713,0.032432432432432434,0.058343332824115954,0.0034039444850255665,5
1714,0.002702702702702703,0.005405405405405406,2.9218407596785978e-05,5
1715,0.005405405405405406,0.010810810810810811,0.00011687363038714391,5
1716,0.002702702702702703,0.005405405405405406,2.9218407596785978e-05,5
1717,0.0,0.0,0.0,5
1718,0.0,0.0,0.0,5
1719,0.0,0.0,0.0,5
1720,0.02972972972972973,0.052961940384501145,0.0028049671292914536,5
1721,0.0,0.0,0.0,5
1722,0.005405405405405406,0.010810810810810811,0.00011687363038714391,5
1723,0.02702702702702703,0.034186785515333835,0.0011687363038714392,5
1724,0.0,0.0,0.0,5
1725,0.005405405405405406,0.006620242548062643,4.382761139517896e-05,5
1726,0.0,0.0,0.0,5
1727,0.008108108108108109,0.016216216216216217,0.0002629656683710738,5
1728,0.002702702702702703,0.005405405405405406,2.9218407596785978e-05,5
1729,0.005405405405405406,0.010810810810810811,0.00011687363038714391,5
1730,0.0,0.0,0.0,5
1731,0.021621621621621623,0.043243243243243246,0.0018699780861943026,5
1732,0.0,0.0,0.0,5
1733,0.008108108108108109,0.016216216216216217,0.0002629656683710738,5
1734,0.02702702702702703,0.05405405405405406,0.002921840759678598,5
1735,0.008108108108108109,0.010810810810810811,0.00011687363038714391,5
1736,0.002702702702702703,0.005405405405405406,2.9218407596785978e-05,5
1737,0.013513513513513514,0.020935045114634687,0.0004382761139517897,5
1738,0.002702702702702703,0.005405405405405406,2.9218407596785978e-05,5
1739,0.002702702702702703,0.005405405405405406,2.9218407596785978e-05,5
1740,0.0,0.0,0.0,5
1741,0.04054054054054054,0.04758599151799733,0.0022644265887509134,5
1742,0.005405405405405406,0.010810810810810811,0.00011687363038714391,5
1743,0.0,0.0,0.0,5
1744,0.005405405405405406,0.010810810810810811,0.00011687363038714391,5
1745,0.002702702702702703,0.005405405405405406,2.9218407596785978e-05,5
1746,0.008108108108108109,0.016216216216216217,0.0002629656683710738,5
1747,0.13513513513513514,0.26356548344075453,0.06946676406135864,5
1748,0.002702702702702703,0.005405405405405406,2.9218407596785978e-05,5
1749,0.0,0.0,0.0,5
1750,0.010810810810810811,0.01575932944552784,0.0002483564645726808,5
1751,0.0,0.0,0.0,5
1752,0.002702702702702703,0.005405405405405406,2.9218407596785978e-05,5
1753,0.05675675675675675,0.09455597667316704,0.008940832724616508,5
1754,0.002702702702702703,0.005405405405405406,2.9218407596785978e-05,5
1755,0.0,0.0,0.0,5
1756,0.0,0.0,0.0,5
1757,0.016216216216216217,0.032432432432432434,0.0010518626734842952,5
1758,0.016216216216216217,0.032432432432432434,0.0010518626734842952,5
1759,0.0,0.0,0.0,5
1760,0.043243243243243246,0.05884200285696552,0.0034623813002191382,5
1761,0.0,0.0,0.0,5
1762,0.0,0.0,0.0,5
1763,0.02972972972972973,0.036661243152028476,0.001344046749452155,5
1764,0.05405405405405406,0.10148639651631668,0.010299488677867055,5
1765,0.0,0.0,0.0,5
1766,0.002702702702702703,0.005405405405405406,2.9218407596785978e-05,5
1767,0.002702702702702703,0.005405405405405406,2.9218407596785978e-05,5
1768,0.010810810810810811,0.013240485096125286,0.00017531044558071585,5
1769,0.0,0.0,0.0,5
1770,0.043243243243243246,0.0493936942770191,0.002439737034331629,5
1771,0.0,0.0,0.0,5
1772,0.0,0.0,0.0,5
1773,0.005405405405405406,0.010810810810810811,0.00011687363038714391,5
1774,0.0,0.0,0.0,5
1775,0.002702702702702703,0.005405405405405406,2.9218407596785978e-05,5
1776,0.002702702702702703,0.005405405405405406,2.9218407596785978e-05,5
1777,0.0,0.0,0.0,5
1778,0.0,0.0,0.0,5
1779,0.010810810810810811,0.021621621621621623,0.00046749452154857564,5
1780,0.013513513513513514,0.017093392757666918,0.0002921840759678598,5
1781,0.0,0.0,0.0,5
1782,0.0,0.0,0.0,5
1783,0.0,0.0,0.0,5
1784,0.0,0.0,0.0,5
1785,0.005405405405405406,0.006620242548062643,4.382761139517896e-05,5
1786,0.0,0.0,0.0,5
1787,0.002702702702702703,0.005405405405405406,2.9218407596785978e-05,5
1788,0.0,0.0,0.0,5
1789,0.005405405405405406,0.006620242548062643,4.382761139517896e-05,5
1790,0.016216216216216217,0.032432432432432434,0.0010518626734842952,5
1791,0.013513513513513514,0.020935045114634687,0.0004382761139517897,5
1792,0.0,0.0,0.0,5
1793,0.005405405405405406,0.010810810810810811,0.00011687363038714391,5
1794,0.002702702702702703,0.005405405405405406,2.9218407596785978e-05,5
1795,0.002702702702702703,0.005405405405405406,2.9218407596785978e-05,5
1796,0.02702702702702703,0.028346185085679772,0.0008035062089116144,5
1797,0.016216216216216217,0.021621621621621623,0.00046749452154857564,5
1798,0.002702702702702703,0.005405405405405406,2.9218407596785978e-05,5
1799,0.0,0.0,0.0,5
1800,0.0,0.0,0.0,5
1801,0.013513513513513514,0.02702702702702703,0.0007304601899196495,5
1802,0.15135135135135136,0.2760728458509026,0.07621621621621621,5
1803,0.08648648648648649,0.17297297297297298,0.02991964937910884,5
1804,0.002702702702702703,0.005405405405405406,2.9218407596785978e-05,5
1805,0.005405405405405406,0.006620242548062643,4.382761139517896e-05,5
1806,0.002702702702702703,0.005405405405405406,2.9218407596785978e-05,5
1807,0.005405405405405406,0.010810810810810811,0.00011687363038714391,5
1808,0.0,0.0,0.0,5
1809,0.010810810810810811,0.021621621621621623,0.00046749452154857564,5
1810,0.0,0.0,0.0,5
1811,0.0,0.0,0.0,5
1812,0.0,0.0,0.0,5
1813,0.0,0.0,0.0,5
1814,0.021621621621621623,0.043243243243243246,0.0018699780861943026,5
1815,0.0,0.0,0.0,5
1816,0.0,0.0,0.0,5
1817,0.0,0.0,0.0,5
1818,0.0,0.0,0.0,5
1819,0.0,0.0,0.0,5
1820,0.010810810810810811,0.013240485096125286,0.00017531044558071585,5
1821,0.010810810810810811,0.021621621621621623,0.00046749452154857564,5
1822,0.024324324324324326,0.030096023582864985,0.0009057706355003654,5
1823,0.008108108108108109,0.010810810810810811,0.00011687363038714391,5
1824,0.0,0.0,0.0,5
1825,0.0,0.0,0.0,5
1826,0.005405405405405406,0.006620242548062643,4.382761139517896e-05,5
1827,0.002702702702702703,0.005405405405405406,2.9218407596785978e-05,5
1828,0.043243243243243246,0.07371990106478842,0.005434623813002192,5
1829,0.002702702702702703,0.005405405405405406,2.9218407596785978e-05,5
1830,0.005405405405405406,0.010810810810810811,0.00011687363038714391,5
1831,0.0,0.0,0.0,5
1832,0.005405405405405406,0.010810810810810811,0.00011687363038714391,5
1833,0.0,0.0,0.0,5
1834,0.013513513513513514,0.017093392757666918,0.0002921840759678598,5
1835,0.0,0.0,0.0,5
1836,0.0,0.0,0.0,5
1837,0.002702702702702703,0.005405405405405406,2.9218407596785978e-05,5
1838,0.002702702702702703,0.005405405405405406,2.9218407596785978e-05,5
1839,0.005405405405405406,0.010810810810810811,0.00011687363038714391,5
1840,0.008108108108108109,0.010810810810810811,0.00011687363038714391,5
1841,0.0,0.0,0.0,5
1842,0.005405405405405406,0.010810810810810811,0.00011687363038714391,5
1843,0.0,0.0,0.0,5
1844,0.05405405405405406,0.10810810810810811,0.011687363038714392,5
1845,0.0,0.0,0.0,5
1846,0.013513513513513514,0.017093392757666918,0.0002921840759678598,5
1847,0.002702702702702703,0.005405405405405406,2.9218407596785978e-05,5
1848,0.0,0.0,0.0,5
1849,0.0,0.0,0.0,5
1850,0.005405405405405406,0.010810810810810811,0.00011687363038714391,5
1851,0.002702702702702703,0.005405405405405406,2.9218407596785978e-05,5
1852,0.010810810810810811,0.021621621621621623,0.00046749452154857564,5
1853,0.005405405405405406,0.010810810810810811,0.00011687363038714391,5
1854,0.013513513513513514,0.020935045114634687,0.0004382761139517897,5
1855,0.0,0.0,0.0,5
1856,0.0,0.0,0.0,5
1857,0.0,0.0,0.0,5
1858,0.013513513513513514,0.02702702702702703,0.0007304601899196495,5
1859,0.02972972972972973,0.04712323182206134,0.0022205989773557344,5
1860,0.01891891891891892,0.03151865889105568,0.0009934258582907233,5
1861,0.002702702702702703,0.005405405405405406,2.9218407596785978e-05,5
1862,0.008108108108108109,0.010810810810810811,0.00011687363038714391,5
1863,0.0,0.0,0.0,5
1864,0.008108108108108109,0.016216216216216217,0.0002629656683710738,5
1865,0.010810810810810811,0.013240485096125286,0.00017531044558071585,5
1866,0.002702702702702703,0.005405405405405406,2.9218407596785978e-05,5
1867,0.008108108108108109,0.016216216216216217,0.0002629656683710738,5
1868,0.002702702702702703,0.005405405405405406,2.9218407596785978e-05,5
1869,0.02702702702702703,0.035238931920014316,0.001241782322863404,5
1870,0.002702702702702703,0.005405405405405406,2.9218407596785978e-05,5
1871,0.0,0.0,0.0,5
1872,0.002702702702702703,0.005405405405405406,2.9218407596785978e-05,5
1873,0.02702702702702703,0.03310121274031322,0.0010956902848794743,5
1874,0.1135135135135135,0.16094135060496656,0.025902118334550767,5
1875,0.02702702702702703,0.04187009022926937,0.0017531044558071588,5
1876,0.1945945945945946,0.3421455100341418,0.11706355003652302,5
1877,0.17567567567567569,0.35135135135135137,0.12344777209642074,5
1878,0.002702702702702703,0.005405405405405406,2.9218407596785978e-05,5
1879,0.05135135135135135,0.1027027027027027,0.010547845142439735,5
1880,0.005405405405405406,0.006620242548062643,4.382761139517896e-05,5
1881,0.002702702702702703,0.005405405405405406,2.9218407596785978e-05,5
1882,0.03513513513513514,0.06372878985163025,0.004061358655953251,5
1883,0.05135135135135136,0.09608858829530367,0.00923301680058437,5
1884,0.0,0.0,0.0,5
1885,0.0,0.0,0.0,5
1886,0.002702702702702703,0.005405405405405406,2.9218407596785978e-05,5
1887,0.13513513513513514,0.2379299575899866,0.05661066471877283,5
1888,0.0,0.0,0.0,5
1889,0.005405405405405406,0.010810810810810811,0.00011687363038714391,5
1890,0.005405405405405406,0.010810810810810811,0.00011687363038714391,5
1891,0.0,0.0,0.0,5
1892,0.005405405405405406,0.010810810810810811,0.00011687363038714391,5
1893,0.005405405405405406,0.010810810810810811,0.00011687363038714391,5
1894,0.07837837837837838,0.15675675675675677,0.024572680788897006,5
1895,0.024324324324324326,0.04221756581571164,0.0017823228634039445,5
1896,0.0,0.0,0.0,5
1897,0.005405405405405406,0.010810810810810811,0.00011687363038714391,5
1898,0.0,0.0,0.0,5
1899,0.0,0.0,0.0,5
1900,0.005405405405405406,0.010810810810810811,0.00011687363038714391,5
1901,0.005405405405405406,0.006620242548062643,4.382761139517896e-05,5
1902,0.005405405405405406,0.006620242548062643,4.382761139517896e-05,5
1903,0.010810810810810811,0.010112587531821463,0.00010226442658875092,5
1904,0.0,0.0,0.0,5
1905,0.0,0.0,0.0,5
1906,0.008108108108108109,0.010810810810810811,0.00011687363038714391,5
1907,0.032432432432432434,0.03972145528837586,0.0015777940102264427,5
1908,0.005405405405405406,0.010810810810810811,0.00011687363038714391,5
1909,0.0,0.0,0.0,5
1910,0.008108108108108109,0.010810810810810811,0.00011687363038714391,5
1911,0.016216216216216217,0.026203674904953133,0.0006866325785244706,5
1912,0.05405405405405406,0.10148639651631668,0.010299488677867055,5
1913,0.008108108108108109,0.016216216216216217,0.0002629656683710738,5
1914,0.002702702702702703,0.005405405405405406,2.9218407596785978e-05,5
1915,0.002702702702702703,0.005405405405405406,2.9218407596785978e-05,5
1916,0.0,0.0,0.0,5
1917,0.013513513513513514,0.02702702702702703,0.0007304601899196495,5
1918,0.0,0.0,0.0,5
1919,0.002702702702702703,0.005405405405405406,2.9218407596785978e-05,5
1920,0.05135135135135135,0.1027027027027027,0.010547845142439735,5
1921,0.010810810810810811,0.01575932944552784,0.0002483564645726808,5
1922,0.0,0.0,0.0,5
1923,0.005405405405405406,0.010810810810810811,0.00011687363038714391,5
1924,0.013513513513513514,0.014803312365004491,0.00021913805697589486,5
1925,0.013513513513513514,0.02702702702702703,0.0007304601899196495,5
1926,0.016216216216216217,0.032432432432432434,0.0010518626734842952,5
1927,0.002702702702702703,0.005405405405405406,2.9218407596785978e-05,5
1928,0.1,0.12865546200445302,0.016552227903579256,5
1929,0.008108108108108109,0.010810810810810811,0.00011687363038714391,5
1930,0.002702702702702703,0.005405405405405406,2.9218407596785978e-05,5
1931,0.0,0.0,0.0,5
1932,0.013513513513513514,0.02702702702702703,0.0007304601899196495,5
1933,0.013513513513513514,0.012086853932431297,0.0001460920379839299,5
1934,0.002702702702702703,0.005405405405405406,2.9218407596785978e-05,5
1935,0.016216216216216217,0.026203674904953133,0.0006866325785244706,5
1936,0.002702702702702703,0.005405405405405406,2.9218407596785978e-05,5
1937,0.013513513513513514,0.012086853932431297,0.0001460920379839299,5
1938,0.008108108108108109,0.010810810810810811,0.00011687363038714391,5
1939,0.008108108108108109,0.016216216216216217,0.0002629656683710738,5
1940,0.01891891891891892,0.020225175063642926,0.0004090577063550037,5
1941,0.008108108108108109,0.010810810810810811,0.00011687363038714391,5
1942,0.1,0.168263593689442,0.02831263696128562,5
1943,0.002702702702702703,0.005405405405405406,2.9218407596785978e-05,5
1944,0.016216216216216217,0.01575932944552784,0.0002483564645726808,5
1945,0.0,0.0,0.0,5
1946,0.013513513513513514,0.014803312365004491,0.00021913805697589486,5
1947,0.0,0.0,0.0,5
1948,0.0,0.0,0.0,5
1949,0.002702702702702703,0.005405405405405406,2.9218407596785978e-05,5
1950,0.002702702702702703,0.005405405405405406,2.9218407596785978e-05,5
1951,0.002702702702702703,0.005405405405405406,2.9218407596785978e-05,5
1952,0.016216216216216217,0.032432432432432434,0.0010518626734842952,5
1953,0.03513513513513514,0.05707760022146723,0.0032578524470416362,5
1954,0.005405405405405406,0.006620242548062643,4.382761139517896e-05,5
1955,0.02702702702702703,0.028346185085679772,0.0008035062089116144,5
1956,0.010810810810810811,0.021621621621621623,0.00046749452154857564,5
1957,0.002702702702702703,0.005405405405405406,2.9218407596785978e-05,5
1958,0.0,0.0,0.0,5
1959,0.005405405405405406,0.006620242548062643,4.382761139517896e-05,5
1960,0.0,0.0,0.0,5
1961,0.010810810810810811,0.021621621621621623,0.00046749452154857564,5
1962,0.002702702702702703,0.005405405405405406,2.9218407596785978e-05,5
1963,0.010810810810810811,0.021621621621621623,0.00046749452154857564,5
1964,0.0,0.0,0.0,5
1965,0.010810810810810811,0.013240485096125286,0.00017531044558071585,5
1966,0.05405405405405406,0.08374018045853875,0.007012417823228635,5
1967,0.016216216216216217,0.026203674904953133,0.0006866325785244706,5
1968,0.05945945945945945,0.1122842058261675,0.012607742878013145,5
1969,0.005405405405405406,0.006620242548062643,4.382761139517896e-05,5
1970,0.008108108108108109,0.010810810810810811,0.00011687363038714391,5
1971,0.008108108108108109,0.016216216216216217,0.0002629656683710738,5
1972,0.005405405405405406,0.010810810810810811,0.00011687363038714391,5
1973,0.0,0.0,0.0,5
1974,0.0,0.0,0.0,5
1975,0.0,0.0,0.0,5
1976,0.005405405405405406,0.010810810810810811,0.00011687363038714391,5
1977,0.002702702702702703,0.005405405405405406,2.9218407596785978e-05,5
1978,0.002702702702702703,0.005405405405405406,2.9218407596785978e-05,5
1979,0.010810810810810811,0.01575932944552784,0.0002483564645726808,5
1980,0.0,0.0,0.0,5
1981,0.0,0.0,0.0,5
1982,0.002702702702702703,0.005405405405405406,2.9218407596785978e-05,5
1983,0.005405405405405406,0.006620242548062643,4.382761139517896e-05,5
1984,0.05945945945945945,0.1122842058261675,0.012607742878013145,5
1985,0.016216216216216217,0.01986072764418793,0.0003944485025566107,5
1986,0.0,0.0,0.0,5
1987,0.010810810810810811,0.010112587531821463,0.00010226442658875092,5
1988,0.005405405405405406,0.010810810810810811,0.00011687363038714391,5
1989,0.002702702702702703,0.005405405405405406,2.9218407596785978e-05,5
1990,0.04054054054054054,0.08108108108108109,0.006574141709276846,5
1991,0.0,0.0,0.0,5
1992,0.010810810810810811,0.013240485096125286,0.00017531044558071585,5
1993,0.002702702702702703,0.005405405405405406,2.9218407596785978e-05,5
1994,0.032432432432432434,0.040630530752359215,0.0016508400292184078,5
1995,0.002702702702702703,0.005405405405405406,2.9218407596785978e-05,5
1996,0.002702702702702703,0.005405405405405406,2.9218407596785978e-05,5
1997,0.008108108108108109,0.010810810810810811,0.00011687363038714391,5
1998,0.0,0.0,0.0,5
1999,0.008108108108108109,0.010810810810810811,0.00011687363038714391,5
2000,0.005405405405405406,0.006620242548062643,4.382761139517896e-05,5
2001,0.002702702702702703,0.005405405405405406,2.9218407596785978e-05,5
2002,0.12432432432432432,0.2419485061333521,0.05853907962016071,5
2003,0.005405405405405406,0.010810810810810811,0.00011687363038714391,5
2004,0.002702702702702703,0.005405405405405406,2.9218407596785978e-05,5
2005,0.010810810810810811,0.021621621621621623,0.00046749452154857564,5
2006,0.06216216216216216,0.1113041096322919,0.012388604821037253,5
2007,0.010810810810810811,0.010112587531821463,0.00010226442658875092,5
2008,0.008108108108108109,0.016216216216216217,0.0002629656683710738,5
2009,0.02702702702702703,0.030815552029706435,0.0009495982468955444,5
2010,0.010810810810810811,0.021621621621621623,0.00046749452154857564,5
2011,0.013513513513513514,0.020935045114634687,0.0004382761139517897,5
2012,0.021621621621621623,0.027826027408072974,0.0007742878013148283,5
2013,0.0,0.0,0.0,5
2014,0.005405405405405406,0.010810810810810811,0.00011687363038714391,5
2015,0.024324324324324326,0.02620367490495313,0.0006866325785244705,5
2016,0.002702702702702703,0.005405405405405406,2.9218407596785978e-05,5
2017,0.03513513513513514,0.03151865889105568,0.0009934258582907233,5
2018,0.005405405405405406,0.010810810810810811,0.00011687363038714391,5
2019,0.002702702702702703,0.005405405405405406,2.9218407596785978e-05,5
2020,0.002702702702702703,0.005405405405405406,2.9218407596785978e-05,5
2021,0.010810810810810811,0.021621621621621623,0.00046749452154857564,5
2022,0.0,0.0,0.0,5
2023,0.005405405405405406,0.010810810810810811,0.00011687363038714391,5
2024,0.013513513513513514,0.014803312365004491,0.00021913805697589486,5
2025,0.008108108108108109,0.010810810810810811,0.00011687363038714391,5
2026,0.05675675675675675,0.10688497261235237,0.011424397370343316,5
2027,0.01891891891891892,0.020225175063642926,0.0004090577063550037,5
2028,0.002702702702702703,0.005405405405405406,2.9218407596785978e-05,5
2029,0.008108108108108109,0.010810810810810811,0.00011687363038714391,5
2030,0.002702702702702703,0.005405405405405406,2.9218407596785978e-05,5
2031,0.0,0.0,0.0,5
2032,0.005405405405405406,0.010810810810810811,0.00011687363038714391,5
2033,0.0,0.0,0.0,5
2034,0.02702702702702703,0.024173707864862594,0.0005843681519357196,5
2035,0.0,0.0,0.0,5
2036,0.0,0.0,0.0,5
2037,0.01891891891891892,0.016216216216216217,0.0002629656683710738,5
2038,0.002702702702702703,0.005405405405405406,2.9218407596785978e-05,5
2039,0.016216216216216217,0.026203674904953133,0.0006866325785244706,5
2040,0.0,0.0,0.0,5
2041,0.005405405405405406,0.010810810810810811,0.00011687363038714391,5
2042,0.0,0.0,0.0,5
2043,0.008108108108108109,0.016216216216216217,0.0002629656683710738,5
2044,0.0,0.0,0.0,5
2045,0.0,0.0,0.0,5
2046,0.013513513513513514,0.02702702702702703,0.0007304601899196495,5
2047,0.016216216216216217,0.032432432432432434,0.0010518626734842952,5
2048,0.005405405405405406,0.006620242548062643,4.382761139517896e-05,5
2049,0.024324324324324326,0.032432432432432434,0.0010518626734842952,5
2050,0.008108108108108109,0.016216216216216217,0.0002629656683710738,5
2051,0.0,0.0,0.0,5
2052,0.024324324324324326,0.028856968248733274,0.0008327246165084004,5
2053,0.008108108108108109,0.006620242548062643,4.382761139517896e-05,5
2054,0.024324324324324326,0.030096023582864985,0.0009057706355003654,5
2055,0.013513513513513514,0.014803312365004491,0.00021913805697589486,5
2056,0.008108108108108109,0.006620242548062643,4.382761139517896e-05,5
2057,0.07297297297297298,0.1062681256829054,0.011292914536157779,5
2058,0.05675675675675675,0.1135135135135135,0.012885317750182613,5
2059,0.002702702702702703,0.005405405405405406,2.9218407596785978e-05,5
2060,0.04054054054054054,0.07450837163292012,0.005551497443389336,5
2061,0.0,0.0,0.0,5
2062,0.04054054054054054,0.08108108108108109,0.006574141709276846,5
2063,0.005405405405405406,0.010810810810810811,0.00011687363038714391,5
2064,0.03783783783783784,0.06911736136510499,0.004777209642074507,5
2065,0.1945945945945946,0.3891891891891892,0.1514682249817385,5
2066,0.01891891891891892,0.018330621576014238,0.00033601168736303877,5
2067,0.005405405405405406,0.010810810810810811,0.00011687363038714391,5
2068,0.12972972972972974,0.18041426235976907,0.03254930606281958,5
2069,0.005405405405405406,0.006620242548062643,4.382761139517896e-05,5
2070,0.01891891891891892,0.03783783783783784,0.001431701972242513,5
2071,0.005405405405405406,0.010810810810810811,0.00011687363038714391,5
2072,0.002702702702702703,0.005405405405405406,2.9218407596785978e-05,5
2073,0.05945945945945946,0.08741060339889854,0.007640613586559533,5
2074,0.013513513513513514,0.02702702702702703,0.0007304601899196495,5
2075,0.008108108108108109,0.010810810810810811,0.00011687363038714391,5
2076,0.005405405405405406,0.006620242548062643,4.382761139517896e-05,5
2077,0.0,0.0,0.0,5
2078,0.008108108108108109,0.016216216216216217,0.0002629656683710738,5
2079,0.010810810810810811,0.01575932944552784,0.0002483564645726808,5
2080,0.005405405405405406,0.006620242548062643,4.382761139517896e-05,5
2081,0.005405405405405406,0.006620242548062643,4.382761139517896e-05,5
2082,0.016216216216216217,0.01986072764418793,0.0003944485025566107,5
2083,0.043243243243243246,0.08648648648648649,0.00747991234477721,5
2084,0.005405405405405406,0.006620242548062643,4.382761139517896e-05,5
2085,0.013513513513513514,0.017093392757666918,0.0002921840759678598,5
2086,0.0,0.0,0.0,5
2087,0.002702702702702703,0.005405405405405406,2.9218407596785978e-05,5
2088,0.008108108108108109,0.010810810810810811,0.00011687363038714391,5
2089,0.005405405405405406,0.006620242548062643,4.382761139517896e-05,5
2090,0.032432432432432434,0.027826027408072974,0.0007742878013148284,5
2091,0.010810810810810811,0.013240485096125286,0.00017531044558071585,5
2092,0.010810810810810811,0.013240485096125286,0.00017531044558071585,5
2093,0.005405405405405406,0.006620242548062643,4.382761139517896e-05,5
2094,0.002702702702702703,0.005405405405405406,2.9218407596785978e-05,5
2095,0.024324324324324326,0.030096023582864985,0.0009057706355003654,5
2096,0.016216216216216217,0.01575932944552784,0.0002483564645726808,5
2097,0.0,0.0,0.0,5
2098,0.03513513513513514,0.06372878985163025,0.004061358655953251,5
2099,0.008108108108108109,0.010810810810810811,0.00011687363038714391,5
2100,0.0,0.0,0.0,5
2101,0.013513513513513514,0.017093392757666918,0.0002921840759678598,5
2102,0.08378378378378379,0.14131801580974457,0.019970781592403213,5
2103,0.01891891891891892,0.03151865889105568,0.0009934258582907233,5
2104,0.0,0.0,0.0,5
2105,0.010810810810810811,0.01575932944552784,0.0002483564645726808,5
2106,0.005405405405405406,0.006620242548062643,4.382761139517896e-05,5
2107,0.013513513513513514,0.012086853932431297,0.0001460920379839299,5
2108,0.1783783783783784,0.3177716423070069,0.10097881665449233,5
2109,0.013513513513513514,0.017093392757666918,0.0002921840759678598,5
2110,0.1054054054054054,0.20412116311891035,0.0416654492330168,5
2111,0.1135135135135135,0.18756055754483753,0.03517896274653031,5
2112,0.0,0.0,0.0,5
2113,0.002702702702702703,0.005405405405405406,2.9218407596785978e-05,5
2114,0.005405405405405406,0.006620242548062643,4.382761139517896e-05,5
2115,0.0,0.0,0.0,5
2116,0.024324324324324326,0.021621621621621623,0.00046749452154857564,5
2117,0.005405405405405406,0.006620242548062643,4.382761139517896e-05,5
2118,0.024324324324324326,0.024770679432193732,0.0006135865595325056,5
2119,0.002702702702702703,0.005405405405405406,2.9218407596785978e-05,5
2120,0.013513513513513514,0.014803312365004491,0.00021913805697589486,5
2121,0.005405405405405406,0.010810810810810811,0.00011687363038714391,5
2122,0.12972972972972974,0.2198345881909487,0.048327246165084,5
2123,0.008108108108108109,0.010810810810810811,0.00011687363038714391,5
2124,0.02702702702702703,0.025640089136500375,0.0006574141709276845,5
2125,0.01891891891891892,0.026480970192250573,0.0007012417823228634,5
2126,0.05405405405405406,0.0689056691026052,0.004747991234477721,5
2127,0.013513513513513514,0.014803312365004491,0.00021913805697589486,5
2128,0.02972972972972973,0.032432432432432434,0.0010518626734842954,5
2129,0.024324324324324326,0.024770679432193732,0.0006135865595325056,5
2130,0.013513513513513514,0.012086853932431297,0.0001460920379839299,5
2131,0.016216216216216217,0.026203674904953133,0.0006866325785244706,5
2132,0.024324324324324326,0.030096023582864985,0.0009057706355003654,5
2133,0.013513513513513514,0.014803312365004491,0.00021913805697589486,5
2134,0.04594594594594595,0.06139360373838134,0.003769174579985391,5
2135,0.032432432432432434,0.04570685006834531,0.0020891161431701973,5
2136,0.0972972972972973,0.1945945945945946,0.03786705624543463,5
2137,0.01891891891891892,0.02506383377161001,0.0006281957633308985,5
2138,0.032432432432432434,0.03482188845060845,0.001212563915266618,5
2139,0.03513513513513514,0.03879108133623601,0.0015047479912344778,5
2140,0.021621621621621623,0.03151865889105568,0.0009934258582907233,5
2141,0.08108108108108107,0.12933498501627458,0.01672753834915997,5
2142,0.1837837837837838,0.26736273896251306,0.07148283418553689,5
2143,0.09189189189189188,0.16382035092639718,0.02683710737764792,5
2144,0.03513513513513514,0.07027027027027027,0.00493791088385683,5
2145,0.002702702702702703,0.005405405405405406,2.9218407596785978e-05,5
2146,0.03513513513513514,0.07027027027027027,0.00493791088385683,5
2147,0.0,0.0,0.0,5
2148,0.20270270270270271,0.3360493198350174,0.1129291453615778,5
2149,0.06756756756756757,0.1284850197189699,0.016508400292184082,5
2150,0.008108108108108109,0.010810810810810811,0.00011687363038714391,5
2151,0.04864864864864865,0.07332248630405695,0.00537618699780862,5
2152,0.002702702702702703,0.005405405405405406,2.9218407596785978e-05,5
2153,0.016216216216216217,0.032432432432432434,0.0010518626734842952,5
2154,0.010810810810810811,0.021621621621621623,0.00046749452154857564,5
2155,0.002702702702702703,0.005405405405405406,2.9218407596785978e-05,5
2156,0.016216216216216217,0.01575932944552784,0.0002483564645726808,5
2157,0.01891891891891892,0.026480970192250573,0.0007012417823228634,5
2158,0.04594594594594595,0.029108998957483805,0.0008473338203067932,5
2159,0.010810810810810811,0.010112587531821463,0.00010226442658875092,5
2160,0.002702702702702703,0.005405405405405406,2.9218407596785978e-05,5
2161,0.008108108108108109,0.016216216216216217,0.0002629656683710738,5
2162,0.05945945945945946,0.08741060339889854,0.007640613586559533,5
2163,0.010810810810810811,0.021621621621621623,0.00046749452154857564,5
2164,0.20270270270270271,0.14147299814380973,0.020014609203798394,5
2165,0.016216216216216217,0.01986072764418793,0.0003944485025566107,5
2166,0.15135135135135133,0.27018917702337697,0.07300219138056975,5
2167,0.20270270270270271,0.21229553390978897,0.04506939371804236,5
2168,0.0891891891891892,0.15207356645011025,0.0231263696128561,5
2169,0.0945945945945946,0.1757795950433416,0.030898466033601163,5
2170,0.005405405405405406,0.010810810810810811,0.00011687363038714391,5
2171,0.09189189189189188,0.13738664894204144,0.01887509130752374,5
2172,0.010810810810810811,0.010112587531821463,0.00010226442658875092,5
2173,0.013513513513513514,0.020935045114634687,0.0004382761139517897,5
2174,0.27837837837837837,0.3411834343364216,0.11640613586559531,5
2175,0.002702702702702703,0.005405405405405406,2.9218407596785978e-05,5
2176,0.14594594594594595,0.1274575797032605,0.016245434623813,5
2177,0.1864864864864865,0.33270698396700915,0.11069393718042367,5
2178,0.06486486486486487,0.05364711686832219,0.002878013148283419,5
2179,0.10270270270270272,0.12403020438468937,0.015383491599707819,5
2180,0.010810810810810811,0.021621621621621623,0.00046749452154857564,5
2181,0.12432432432432432,0.2226082192645838,0.04955441928414901,5
2182,0.2243243243243243,0.28250677930028667,0.07981008035062089,5
2183,0.24054054054054053,0.27086421224578483,0.07336742147552958,5
2184,0.016216216216216217,0.032432432432432434,0.0010518626734842952,5
2185,0.008108108108108109,0.016216216216216217,0.0002629656683710738,5
2186,0.005405405405405406,0.010810810810810811,0.00011687363038714391,5
2187,0.01891891891891892,0.026480970192250573,0.0007012417823228634,5
2188,0.19189189189189187,0.3438279760819298,0.11821767713659607,5
2189,0.013513513513513514,0.02702702702702703,0.0007304601899196495,5
2190,0.07567567567567568,0.15135135135135136,0.022907231555880207,5
2191,0.15945945945945944,0.19289800951411326,0.03720964207450693,5
2192,0.2135135135135135,0.2738145976630041,0.07497443389335282,5
2193,0.03513513513513514,0.048044294147651836,0.0023082542001460924,5
2194,0.010810810810810811,0.013240485096125286,0.00017531044558071585,5
2195,0.010810810810810811,0.021621621621621623,0.00046749452154857564,5
2196,0.043243243243243246,0.07322279558996793,0.005361577794010227,5
2197,0.008108108108108109,0.006620242548062643,4.382761139517896e-05,5
2198,0.08648648648648649,0.08572298122785788,0.007348429510591674,5
2199,0.05945945945945946,0.10592388076900229,0.011219868517165815,5
2200,0.03513513513513514,0.06372878985163025,0.004061358655953251,5
2201,0.06756756756756757,0.11593303021366064,0.01344046749452155,5
2202,0.002702702702702703,0.005405405405405406,2.9218407596785978e-05,5
2203,0.1054054054054054,0.1606687994346146,0.02581446311176041,5
2204,0.008108108108108109,0.016216216216216217,0.0002629656683710738,5
2205,0.032432432432432434,0.058343332824115954,0.0034039444850255665,5
2206,0.05405405405405406,0.10148639651631668,0.010299488677867055,5
2207,0.06486486486486487,0.09101328778639317,0.008283418553688825,5
2208,0.01891891891891892,0.03151865889105568,0.0009934258582907233,5
2209,0.024324324324324326,0.036661243152028476,0.001344046749452155,5
2210,0.05675675675675675,0.07272229214634439,0.005288531775018262,5
2211,0.024324324324324326,0.030096023582864985,0.0009057706355003654,5
2212,0.03783783783783784,0.027562267641042082,0.0007596785975164354,5
2213,0.11621621621621622,0.141369695466184,0.019985390796201603,5
2214,0.008108108108108109,0.010810810810810811,0.00011687363038714391,5
2215,0.127027027027027,0.24076818866291985,0.05796932067202337,5
2216,0.008108108108108109,0.010810810810810811,0.00011687363038714391,5
2217,0.002702702702702703,0.005405405405405406,2.9218407596785978e-05,5
2218,0.013513513513513514,0.020935045114634687,0.0004382761139517897,5
2219,0.013513513513513514,0.008546696378833459,7.304601899196495e-05,5
2220,0.002702702702702703,0.005405405405405406,2.9218407596785978e-05,5
2221,0.0891891891891892,0.1584254150243551,0.02509861212563915,5
2222,0.013513513513513514,0.020935045114634687,0.0004382761139517897,5
2223,0.05675675675675675,0.08126106150471842,0.00660336011687363,5
2224,0.03783783783783784,0.05630450447567476,0.003170197224251279,5
2225,0.01891891891891892,0.02506383377161001,0.0006281957633308985,5
2226,0.005405405405405406,0.006620242548062643,4.382761139517896e-05,5
2227,0.021621621621621623,0.021956860553070164,0.00048210372534696863,5
2228,0.013513513513513514,0.020935045114634687,0.0004382761139517897,5
2229,0.07027027027027027,0.10481469961981253,0.01098612125639153,5
2230,0.013513513513513514,0.02702702702702703,0.0007304601899196495,5
2231,0.008108108108108109,0.016216216216216217,0.0002629656683710738,5
2232,0.013513513513513514,0.017093392757666918,0.0002921840759678598,5
2233,0.09189189189189188,0.16382035092639718,0.02683710737764792,5
2234,0.17027027027027025,0.3270828632252565,0.10698319941563184,5
2235,0.005405405405405406,0.006620242548062643,4.382761139517896e-05,5
2236,0.04864864864864865,0.049541358864387465,0.0024543462381300223,5
2237,0.043243243243243246,0.05364711686832219,0.0028780131482834185,5
2238,0.15405405405405406,0.2813408363172563,0.07915266617969322,5
2239,0.01891891891891892,0.02506383377161001,0.0006281957633308985,5
2240,0.016216216216216217,0.01986072764418793,0.0003944485025566107,5
2241,0.021621621621621623,0.026480970192250573,0.0007012417823228634,5
2242,0.01891891891891892,0.03151865889105568,0.0009934258582907233,5
2243,0.05675675675675675,0.09455597667316704,0.008940832724616508,5
2244,0.07027027027027026,0.10018244861000344,0.01003652300949598,5
2245,0.005405405405405406,0.006620242548062643,4.382761139517896e-05,5
2246,0.010810810810810811,0.021621621621621623,0.00046749452154857564,5
2247,0.01891891891891892,0.03151865889105568,0.0009934258582907233,5
2248,0.013513513513513514,0.012086853932431297,0.0001460920379839299,5
2249,0.04054054054054054,0.07450837163292012,0.005551497443389336,5
2250,0.13243243243243244,0.15768596914394403,0.024864864864864868,5
2251,0.016216216216216217,0.01986072764418793,0.0003944485025566107,5
2252,0.03783783783783784,0.04634169783643851,0.0021475529583637695,5
2253,0.013513513513513514,0.020935045114634687,0.0004382761139517897,5
2254,0.07297297297297298,0.10098130644469949,0.010197224251278307,5
2255,0.20810810810810812,0.30453115721088164,0.0927392257121987,5
2256,0.024324324324324326,0.036661243152028476,0.001344046749452155,5
2257,0.06216216216216217,0.11768400571393103,0.013849525200876553,5
2258,0.021621621621621623,0.02506383377161001,0.0006281957633308985,5
2259,0.17297297297297298,0.3196053080885294,0.10214755295836378,5
2260,0.03783783783783784,0.07567567567567568,0.005726807888970052,5
2261,0.008108108108108109,0.010810810810810811,0.00011687363038714391,5
2262,0.010810810810810811,0.005405405405405406,2.9218407596785978e-05,5
2263,0.07837837837837838,0.13658679749722463,0.018655953250547846,5
2264,0.010810810810810811,0.010112587531821463,0.00010226442658875092,5
2265,0.06486486486486487,0.09455597667316705,0.00894083272461651,5
2266,0.021621621621621623,0.021956860553070164,0.00048210372534696863,5
2267,0.02702702702702703,0.034186785515333835,0.0011687363038714392,5
2268,0.04864864864864865,0.0906916850570947,0.008224981738495254,5
2269,0.016216216216216217,0.01575932944552784,0.0002483564645726808,5
2270,0.021621621621621623,0.027826027408072974,0.0007742878013148283,5
2271,0.043243243243243246,0.05499186472804272,0.003024105186267349,5
2272,0.016216216216216217,0.01575932944552784,0.0002483564645726808,5
2273,0.043243243243243246,0.07990132702213235,0.006384222059897736,5
2274,0.021621621621621623,0.027826027408072974,0.0007742878013148283,5
2275,0.1783783783783784,0.34329644192976466,0.11785244704163626,5
2276,0.04864864864864865,0.03033776259546439,0.0009203798392987582,5
2277,0.002702702702702703,0.005405405405405406,2.9218407596785978e-05,5
2278,0.005405405405405406,0.006620242548062643,4.382761139517896e-05,5
2279,0.02702702702702703,0.028346185085679772,0.0008035062089116144,5
2280,0.016216216216216217,0.01986072764418793,0.0003944485025566107,5
2281,0.05405405405405406,0.05056293765910732,0.002556610664718773,5
2282,0.010810810810810811,0.01575932944552784,0.0002483564645726808,5
2283,0.08378378378378379,0.16756756756756758,0.028078889700511322,5
2284,0.016216216216216217,0.026203674904953133,0.0006866325785244706,5
2285,0.010810810810810811,0.013240485096125286,0.00017531044558071585,5
2286,0.17297297297297298,0.21441819967890488,0.04597516435354272,5
2287,0.010810810810810811,0.01575932944552784,0.0002483564645726808,5
2288,0.08648648648648649,0.1662985952747585,0.027655222790357925,5
2289,0.05945945945945946,0.06429933650470443,0.004134404674945216,5
2290,0.013513513513513514,0.020935045114634687,0.0004382761139517897,5
2291,0.02702702702702703,0.028346185085679772,0.0008035062089116144,5
2292,0.005405405405405406,0.010810810810810811,0.00011687363038714391,5
2293,0.02702702702702703,0.025640089136500375,0.0006574141709276845,5
2294,0.01891891891891892,0.020225175063642926,0.0004090577063550037,5
2295,0.1189189189189189,0.20572521334037905,0.04232286340394447,5
2296,0.04864864864864865,0.05445795048543212,0.0029656683710737766,5
2297,0.010810810810810811,0.01575932944552784,0.0002483564645726808,5
2298,0.04594594594594595,0.03783783783783784,0.001431701972242513,5
2299,0.05135135135135135,0.1027027027027027,0.010547845142439735,5
2300,0.13783783783783785,0.22971383092838676,0.05276844411979546,5
2301,0.005405405405405406,0.006620242548062643,4.382761139517896e-05,5
2302,0.06756756756756757,0.11498403992531162,0.013221329437545656,5
2303,0.04054054054054054,0.03725418581646006,0.001387874360847334,5
2304,0.05135135135135136,0.09608858829530367,0.00923301680058437,5
2305,0.01891891891891892,0.020225175063642926,0.0004090577063550037,5
2306,0.08648648648648649,0.15957393966622174,0.02546384222059898,5
2307,0.002702702702702703,0.005405405405405406,2.9218407596785978e-05,5
2308,0.016216216216216217,0.01575932944552784,0.0002483564645726808,5
2309,0.05405405405405406,0.10148639651631668,0.010299488677867055,5
2310,0.05675675675675675,0.08391445781762175,0.00704163623082542,5
2311,0.08108108108108107,0.10911691480100728,0.011906501095690282,5
2312,0.002702702702702703,0.005405405405405406,2.9218407596785978e-05,5
2313,0.01891891891891892,0.02356161591103067,0.0005551497443389336,5
2314,0.021621621621621623,0.021956860553070164,0.00048210372534696863,5
2315,0.24864864864864863,0.3015179517663908,0.09091307523739955,5
2316,0.0,0.0,0.0,5
2317,0.3,0.23737670283834036,0.056347699050401746,5
2318,0.08648648648648649,0.17297297297297298,0.02991964937910884,5
2319,0.005405405405405406,0.010810810810810811,0.00011687363038714391,5
2320,0.17567567567567566,0.33789188756825933,0.11417092768444119,5
2321,0.016216216216216217,0.026203674904953133,0.0006866325785244706,5
2322,0.005405405405405406,0.006620242548062643,4.382761139517896e-05,5
2323,0.010810810810810811,0.01575932944552784,0.0002483564645726808,5
2324,0.0,0.0,0.0,5
2325,0.043243243243243246,0.06697033347764253,0.004485025566106648,5
2326,0.005405405405405406,0.006620242548062643,4.382761139517896e-05,5
2327,0.02972972972972973,0.01986072764418793,0.0003944485025566107,5
2328,0.024324324324324326,0.021621621621621623,0.00046749452154857564,5
2329,0.008108108108108109,0.006620242548062643,4.382761139517896e-05,5
2330,0.12162162162162163,0.14950612633447927,0.02235208181154127,5
2331,0.024324324324324326,0.032432432432432434,0.0010518626734842952,5
2332,0.12702702702702703,0.13118552540012537,0.017209642074506943,5
2333,0.15405405405405406,0.28801225523799395,0.08295105916727538,5
2334,0.032432432432432434,0.03972145528837586,0.0015777940102264427,5
2335,0.005405405405405406,0.010810810810810811,0.00011687363038714391,5
2336,0.05405405405405406,0.09517198303599465,0.009057706355003654,5
2337,0.08108108108108107,0.12989853881835584,0.016873630387143897,5
2338,0.07027027027027027,0.14054054054054055,0.01975164353542732,5
2339,0.03783783783783784,0.04473769015472121,0.0020014609203798392,5
2340,0.010810810810810811,0.01575932944552784,0.0002483564645726808,5
2341,0.008108108108108109,0.010810810810810811,0.00011687363038714391,5
2342,0.032432432432432434,0.03972145528837586,0.0015777940102264427,5
2343,0.010810810810810811,0.013240485096125286,0.00017531044558071585,5
2344,0.010810810810810811,0.010112587531821463,0.00010226442658875092,5
2345,0.01891891891891892,0.018330621576014238,0.00033601168736303877,5
2346,0.016216216216216217,0.01986072764418793,0.0003944485025566107,5
2347,0.005405405405405406,0.006620242548062643,4.382761139517896e-05,5
2348,0.14594594594594595,0.278443970231125,0.07753104455807161,5
2349,0.013513513513513514,0.008546696378833459,7.304601899196495e-05,5
2350,0.0,0.0,0.0,5
2351,0.013513513513513514,0.02702702702702703,0.0007304601899196495,5
2352,0.12432432432432432,0.2285981670680054,0.05225712198685171,5
2353,0.002702702702702703,0.005405405405405406,2.9218407596785978e-05,5
2354,0.008108108108108109,0.016216216216216217,0.0002629656683710738,5
2355,0.002702702702702703,0.005405405405405406,2.9218407596785978e-05,5
2356,0.013513513513513514,0.014803312365004491,0.00021913805697589486,5
2357,0.024324324324324326,0.019860727644187934,0.00039444850255661074,5
2358,0.08108108108108107,0.14224537693990016,0.020233747260774284,5
2359,0.013513513513513514,0.012086853932431297,0.0001460920379839299,5
2360,0.005405405405405406,0.010810810810810811,0.00011687363038714391,5
2361,0.010810810810810811,0.010112587531821463,0.00010226442658875092,5
2362,0.013513513513513514,0.017093392757666918,0.0002921840759678598,5
2363,0.0945945945945946,0.12207124097985098,0.01490138787436085,5
2364,0.013513513513513514,0.014803312365004491,0.00021913805697589486,5
2365,0.07567567567567568,0.07953480524087655,0.0063257852447041645,5
2366,0.043243243243243246,0.08648648648648649,0.00747991234477721,5
2367,0.01891891891891892,0.03151865889105568,0.0009934258582907233,5
2368,0.04054054054054054,0.06837357103066767,0.004674945215485757,5
2369,0.021621621621621623,0.020225175063642926,0.0004090577063550037,5
2370,0.016216216216216217,0.013240485096125286,0.00017531044558071585,5
2371,0.05675675675675675,0.08081035885257326,0.006530314097881665,5
2372,0.02972972972972973,0.027562267641042082,0.0007596785975164355,5
2373,0.013513513513513514,0.017093392757666918,0.0002921840759678598,5
2374,0.008108108108108109,0.010810810810810811,0.00011687363038714391,5
2375,0.44054054054054054,0.3969018071993016,0.1575310445580716,5
2376,0.17297297297297298,0.30606243604090955,0.09367421475529583,5
2377,0.002702702702702703,0.005405405405405406,2.9218407596785978e-05,5
2378,0.21891891891891896,0.37803072832228896,0.14290723155588023,5
2379,0.024324324324324326,0.035651097184521405,0.00127100073046019,5
2380,0.008108108108108109,0.010810810810810811,0.00011687363038714391,5
2381,0.20540540540540544,0.3334745257337769,0.11120525931336744,5
2382,0.15945945945945947,0.3055847356778934,0.09338203067932797,5
2383,0.0,0.0,0.0,5
2384,0.05135135135135136,0.09608858829530367,0.00923301680058437,5
2385,0.01891891891891892,0.02506383377161001,0.0006281957633308985,5
2386,0.010810810810810811,0.010112587531821463,0.00010226442658875092,5
2387,0.002702702702702703,0.005405405405405406,2.9218407596785978e-05,5
2388,0.02702702702702703,0.028346185085679772,0.0008035062089116144,5
2389,0.05675675675675675,0.10018244861000344,0.01003652300949598,5
2390,0.0945945945945946,0.1891891891891892,0.03579254930606282,5
2391,0.01891891891891892,0.03151865889105568,0.0009934258582907233,5
2392,0.024324324324324326,0.04864864864864865,0.002366691015339664,5
2393,0.02972972972972973,0.032432432432432434,0.0010518626734842954,5
2394,0.013513513513513514,0.017093392757666918,0.0002921840759678598,5
2395,0.07837837837837838,0.1118931975377538,0.012520087655222792,5
2396,0.01891891891891892,0.020225175063642926,0.0004090577063550037,5
2397,0.002702702702702703,0.005405405405405406,2.9218407596785978e-05,5
2398,0.005405405405405406,0.006620242548062643,4.382761139517896e-05,5
2399,0.013513513513513514,0.02702702702702703,0.0007304601899196495,5
2400,0.024324324324324326,0.036661243152028476,0.001344046749452155,5
2401,0.002702702702702703,0.005405405405405406,2.9218407596785978e-05,5
2402,0.1027027027027027,0.17191398804096486,0.02955441928414901,5
2403,0.021621621621621623,0.03151865889105568,0.0009934258582907233,5
2404,0.04054054054054054,0.04008755938970629,0.0016070124178232288,5
2405,0.016216216216216217,0.01575932944552784,0.0002483564645726808,5
2406,0.07837837837837838,0.14337067253918748,0.02055514974433893,5
2407,0.016216216216216217,0.021621621621621623,0.00046749452154857564,5
2408,0.005405405405405406,0.010810810810810811,0.00011687363038714391,5
2409,0.016216216216216217,0.01986072764418793,0.0003944485025566107,5
2410,0.17027027027027025,0.2392464429873592,0.057238860482103714,5
2411,0.013513513513513514,0.017093392757666918,0.0002921840759678598,5
2412,0.01891891891891892,0.02506383377161001,0.0006281957633308985,5
2413,0.1945945945945946,0.29366329362369037,0.0862381300219138,5
2414,0.05135135135135136,0.07171080627795459,0.005142439737034332,5
2415,0.013513513513513514,0.017093392757666918,0.0002921840759678598,5
2416,0.005405405405405406,0.006620242548062643,4.382761139517896e-05,5
2417,0.07027027027027026,0.13388611974595496,0.01792549306062819,5
2418,0.19459459459459458,0.3317395547915478,0.11005113221329436,5
2419,0.021621621621621623,0.02506383377161001,0.0006281957633308985,5
2420,0.010810810810810811,0.010112587531821463,0.00010226442658875092,5
2421,0.005405405405405406,0.006620242548062643,4.382761139517896e-05,5
2422,0.043243243243243246,0.035651097184521405,0.00127100073046019,5
2423,0.024324324324324326,0.032432432432432434,0.0010518626734842952,5
2424,0.013513513513513514,0.012086853932431297,0.0001460920379839299,5
2425,0.005405405405405406,0.006620242548062643,4.382761139517896e-05,5
2426,0.005405405405405406,0.006620242548062643,4.382761139517896e-05,5
2427,0.12432432432432435,0.1651526066751588,0.02727538349159971,5
2428,0.005405405405405406,0.010810810810810811,0.00011687363038714391,5
2429,0.010810810810810811,0.021621621621621623,0.00046749452154857564,5
2430,0.002702702702702703,0.005405405405405406,2.9218407596785978e-05,5
2431,0.002702702702702703,0.005405405405405406,2.9218407596785978e-05,5
2432,0.005405405405405406,0.006620242548062643,4.382761139517896e-05,5
2433,0.07297297297297298,0.12074761029020906,0.014579985390796201,5
2434,0.024324324324324326,0.032432432432432434,0.0010518626734842952,5
2435,0.016216216216216217,0.032432432432432434,0.0010518626734842952,5
2436,0.008108108108108109,0.010810810810810811,0.00011687363038714391,5
2437,0.002702702702702703,0.005405405405405406,2.9218407596785978e-05,5
2438,0.016216216216216217,0.032432432432432434,0.0010518626734842952,5
2439,0.06756756756756757,0.1025603565460015,0.010518626734842952,5
2440,0.016216216216216217,0.026203674904953133,0.0006866325785244706,5
2441,0.05135135135135136,0.06303731778211137,0.003973703433162894,5
2442,0.01891891891891892,0.026480970192250573,0.0007012417823228634,5
2443,0.05135135135135136,0.0696437769012169,0.004850255661066472,5
2444,0.04054054054054054,0.05128017827300075,0.002629656683710738,5
2445,0.07027027027027026,0.10991729409547434,0.012081811541270998,5
2446,0.005405405405405406,0.006620242548062643,4.382761139517896e-05,5
2447,0.008108108108108109,0.010810810810810811,0.00011687363038714391,5
2448,0.03513513513513514,0.03783783783783784,0.001431701972242513,5
2449,0.01891891891891892,0.02506383377161001,0.0006281957633308985,5
2450,0.06756756756756757,0.10844541971750746,0.011760409057706355,5
2451,0.02972972972972973,0.05945945945945946,0.0035354273192111036,5
2452,0.002702702702702703,0.005405405405405406,2.9218407596785978e-05,5
2453,0.005405405405405406,0.010810810810810811,0.00011687363038714391,5
2454,0.016216216216216217,0.01986072764418793,0.0003944485025566107,5
2455,0.024324324324324326,0.030096023582864985,0.0009057706355003654,5
2456,0.20270270270270271,0.37847489116616867,0.14324324324324322,5
2457,0.04594594594594595,0.0918918918918919,0.008444119795471147,5
2458,0.021621621621621623,0.021956860553070164,0.00048210372534696863,5
2459,0.013513513513513514,0.02702702702702703,0.0007304601899196495,5
2460,0.05405405405405406,0.0787966472276392,0.00620891161431702,5
2461,0.008108108108108109,0.010810810810810811,0.00011687363038714391,5
2462,0.013513513513513514,0.017093392757666918,0.0002921840759678598,5
2463,0.05135135135135136,0.05156428115767274,0.0026588750913075243,5
2464,0.008108108108108109,0.006620242548062643,4.382761139517896e-05,5
2465,0.05675675675675675,0.08732699687245142,0.007626004382761139,5
2466,0.01891891891891892,0.02356161591103067,0.0005551497443389336,5
2467,0.01891891891891892,0.02356161591103067,0.0005551497443389336,5
2468,0.010810810810810811,0.01575932944552784,0.0002483564645726808,5
2469,0.05945945945945946,0.07480190542215161,0.0055953250547845145,5
2470,0.07027027027027027,0.12717070655155235,0.01617238860482104,5
2471,0.01891891891891892,0.02356161591103067,0.0005551497443389336,5
2472,0.016216216216216217,0.026203674904953133,0.0006866325785244706,5
2473,0.14054054054054055,0.1395495204694658,0.019474068663257856,5
2474,0.016216216216216217,0.026203674904953133,0.0006866325785244706,5
2475,0.08108108108108107,0.11873450073777726,0.01409788166544923,5
2476,0.03783783783783784,0.043073993109484406,0.0018553688823959098,5
2477,0.024324324324324326,0.013240485096125286,0.00017531044558071585,5
2478,0.010810810810810811,0.021621621621621623,0.00046749452154857564,5
2479,0.013513513513513514,0.012086853932431297,0.0001460920379839299,5
2480,0.06216216216216217,0.11768400571393103,0.013849525200876553,5
2481,0.016216216216216217,0.021621621621621623,0.00046749452154857564,5
2482,0.024324324324324326,0.02620367490495313,0.0006866325785244705,5
2483,0.14054054054054055,0.1489186736643882,0.022176771365960555,5
2484,0.03513513513513514,0.06372878985163025,0.004061358655953251,5
2485,0.008108108108108109,0.016216216216216217,0.0002629656683710738,5
2486,0.002702702702702703,0.005405405405405406,2.9218407596785978e-05,5
2487,0.005405405405405406,0.010810810810810811,0.00011687363038714391,5
2488,0.005405405405405406,0.006620242548062643,4.382761139517896e-05,5
2489,0.008108108108108109,0.010810810810810811,0.00011687363038714391,5
2490,0.03513513513513514,0.043243243243243246,0.0018699780861943026,5
2491,0.016216216216216217,0.01575932944552784,0.0002483564645726808,5
2492,0.15405405405405406,0.3013967969610951,0.0908400292184076,5
2493,0.01891891891891892,0.02356161591103067,0.0005551497443389336,5
2494,0.02702702702702703,0.017093392757666918,0.0002921840759678598,5
2495,0.02972972972972973,0.04221756581571164,0.0017823228634039445,5
2496,0.02702702702702703,0.025640089136500375,0.0006574141709276845,5
2497,0.04054054054054054,0.04008755938970629,0.0016070124178232288,5
2498,0.021621621621621623,0.021956860553070164,0.00048210372534696863,5
2499,0.016216216216216217,0.026203674904953133,0.0006866325785244706,5
2500,0.021621621621621623,0.02506383377161001,0.0006281957633308985,5
2501,0.01891891891891892,0.026480970192250573,0.0007012417823228634,5
2502,0.021621621621621623,0.016216216216216217,0.0002629656683710738,5
2503,0.08648648648648649,0.1392875538024338,0.019401022644265888,5
2504,0.07297297297297298,0.12607463556422271,0.01589481373265157,5
2505,0.016216216216216217,0.01986072764418793,0.0003944485025566107,5
2506,0.016216216216216217,0.013240485096125286,0.00017531044558071585,5
2507,0.07297297297297298,0.06542550506437948,0.004280496712929146,5
2508,0.0,0.0,0.0,5
2509,0.1324324324324324,0.19849690839976797,0.03940102264426588,5
2510,0.03783783783783784,0.028856968248733274,0.0008327246165084004,5
2511,0.04054054054054054,0.05538892305924108,0.003067932797662528,5
2512,0.03513513513513514,0.03972145528837586,0.0015777940102264427,5
2513,0.043243243243243246,0.05565205481614595,0.0030971512052593133,5
2514,0.07027027027027026,0.10756620941693189,0.011570489408327245,5
2515,0.002702702702702703,0.005405405405405406,2.9218407596785978e-05,5
2516,0.024324324324324326,0.021621621621621623,0.00046749452154857564,5
2517,0.1891891891891892,0.3516630633907926,0.12366691015339662,5
2518,0.013513513513513514,0.014803312365004491,0.00021913805697589486,5
2519,0.010810810810810811,0.01575932944552784,0.0002483564645726808,5
2520,0.005405405405405406,0.006620242548062643,4.382761139517896e-05,5
2521,0.05405405405405406,0.10148639651631668,0.010299488677867055,5
2522,0.013513513513513514,0.008546696378833459,7.304601899196495e-05,5
2523,0.01891891891891892,0.03151865889105568,0.0009934258582907233,5
2524,0.010810810810810811,0.01575932944552784,0.0002483564645726808,5
2525,0.013513513513513514,0.014803312365004491,0.00021913805697589486,5
2526,0.02702702702702703,0.022612433149569608,0.0005113221329437546,5
2527,0.010810810810810811,0.01575932944552784,0.0002483564645726808,5
2528,0.05135135135135136,0.04134340146156312,0.0017092768444119798,5
2529,0.032432432432432434,0.058343332824115954,0.0034039444850255665,5
2530,0.024324324324324326,0.023249527748763855,0.0005405405405405405,5
2531,0.013513513513513514,0.014803312365004491,0.00021913805697589486,5
2532,0.02972972972972973,0.032432432432432434,0.0010518626734842954,5
2533,0.016216216216216217,0.01986072764418793,0.0003944485025566107,5
2534,0.01891891891891892,0.018330621576014238,0.00033601168736303877,5
2535,0.013513513513513514,0.017093392757666918,0.0002921840759678598,5
2536,0.05945945945945946,0.09268339567287702,0.008590211833455078,5
2537,0.005405405405405406,0.006620242548062643,4.382761139517896e-05,5
2538,0.1,0.12491048657612262,0.01560262965668371,5
2539,0.005405405405405406,0.010810810810810811,0.00011687363038714391,5
2540,0.0972972972972973,0.11637324400870803,0.013542731921110301,5
2541,0.04864864864864865,0.043243243243243246,0.0018699780861943026,5
2542,0.01891891891891892,0.026480970192250573,0.0007012417823228634,5
2543,0.08648648648648649,0.11453848702928157,0.013119065010956901,5
2544,0.016216216216216217,0.013240485096125286,0.00017531044558071585,5
2545,0.07567567567567568,0.09654362756482027,0.009320672023374724,5
2546,0.11621621621621622,0.13717381124810293,0.01881665449233017,5
2547,0.04054054054054054,0.05796651510683032,0.003360116873630388,5
2548,0.08108108108108109,0.12326220811882573,0.015193571950328708,5
2549,0.06756756756756757,0.07499695635411681,0.005624543462381301,5
2550,0.07297297297297298,0.08741060339889854,0.007640613586559533,5
2551,0.07837837837837838,0.11885747798538389,0.014127100073046017,5
2552,0.013513513513513514,0.017093392757666918,0.0002921840759678598,5
2553,0.07567567567567568,0.11228420582616751,0.01260774287801315,5
2554,0.021621621621621623,0.03151865889105568,0.0009934258582907233,5
2555,0.016216216216216217,0.01575932944552784,0.0002483564645726808,5
2556,0.002702702702702703,0.005405405405405406,2.9218407596785978e-05,5
2557,0.005405405405405406,0.010810810810810811,0.00011687363038714391,5
2558,0.002702702702702703,0.005405405405405406,2.9218407596785978e-05,5
2559,0.024324324324324326,0.04221756581571164,0.0017823228634039445,5
2560,0.06756756756756757,0.10878168539188166,0.01183345507669832,5
2561,0.013513513513513514,0.02702702702702703,0.0007304601899196495,5
2562,0.021621621621621623,0.02506383377161001,0.0006281957633308985,5
2563,0.07297297297297298,0.12607463556422271,0.01589481373265157,5
2564,0.024324324324324326,0.024770679432193732,0.0006135865595325056,5
2565,0.005405405405405406,0.010810810810810811,0.00011687363038714391,5
2566,0.01891891891891892,0.026480970192250573,0.0007012417823228634,5
2567,0.03513513513513514,0.02506383377161001,0.0006281957633308985,5
2568,0.024324324324324326,0.023249527748763855,0.0005405405405405405,5
2569,0.01891891891891892,0.026480970192250573,0.0007012417823228634,5
2570,0.01891891891891892,0.02506383377161001,0.0006281957633308985,5
2571,0.08378378378378379,0.1144746950516074,0.013104455807158508,5
2572,0.008108108108108109,0.016216216216216217,0.0002629656683710738,5
2573,0.02972972972972973,0.04634169783643851,0.0021475529583637695,5
2574,0.016216216216216217,0.026203674904953133,0.0006866325785244706,5
2575,0.024324324324324326,0.036661243152028476,0.001344046749452155,5
2576,0.005405405405405406,0.006620242548062643,4.382761139517896e-05,5
2577,0.008108108108108109,0.016216216216216217,0.0002629656683710738,5
2578,0.1783783783783784,0.20766889418701132,0.0431263696128561,5
2579,0.021621621621621623,0.016216216216216217,0.0002629656683710738,5
2580,0.010810810810810811,0.01575932944552784,0.0002483564645726808,5
2581,0.010810810810810811,0.01575932944552784,0.0002483564645726808,5
2582,0.07027027027027027,0.06361406646453957,0.004046749452154858,5
2583,0.11891891891891893,0.21132992218729313,0.04466033601168737,5
2584,0.05945945945945946,0.06315308889485363,0.003988312636961286,5
2585,0.327027027027027,0.38511379741744595,0.1483126369612856,5
2586,0.12432432432432432,0.2285981670680054,0.05225712198685171,5
2587,0.0,0.0,0.0,5
2588,0.013513513513513514,0.020935045114634687,0.0004382761139517897,5
2589,0.02702702702702703,0.019110994086122907,0.00036523009495982475,5
2590,0.07567567567567568,0.14468928447918025,0.020934989043097152,5
2591,0.008108108108108109,0.010810810810810811,0.00011687363038714391,5
2592,0.0,0.0,0.0,5
2593,0.02972972972972973,0.030096023582864985,0.0009057706355003654,5
2594,0.18108108108108106,0.3354619156611093,0.1125346968590212,5
2595,0.002702702702702703,0.005405405405405406,2.9218407596785978e-05,5
2596,0.05675675675675675,0.05226778271841545,0.0027319211102994887,5
2597,0.013513513513513514,0.017093392757666918,0.0002921840759678598,5
2598,0.05675675675675675,0.10018244861000344,0.01003652300949598,5
2599,0.005405405405405406,0.010810810810810811,0.00011687363038714391,5
2600,0.013513513513513514,0.017093392757666918,0.0002921840759678598,5
2601,0.002702702702702703,0.005405405405405406,2.9218407596785978e-05,5
2602,0.02972972972972973,0.036661243152028476,0.001344046749452155,5
2603,0.010810810810810811,0.010112587531821463,0.00010226442658875092,5
2604,0.05945945945945946,0.05707760022146724,0.003257852447041637,5
2605,0.15405405405405406,0.1634185563008754,0.02670562454346238,5
2606,0.010810810810810811,0.013240485096125286,0.00017531044558071585,5
2607,0.11621621621621622,0.17381551557636246,0.030211833455076702,5
2608,0.005405405405405406,0.006620242548062643,4.382761139517896e-05,5
2609,0.04594594594594595,0.07332248630405695,0.00537618699780862,5
2610,0.021621621621621623,0.020225175063642926,0.0004090577063550037,5
2611,0.013513513513513514,0.012086853932431297,0.0001460920379839299,5
2612,0.016216216216216217,0.01575932944552784,0.0002483564645726808,5
2613,0.008108108108108109,0.010810810810810811,0.00011687363038714391,5
2614,0.024324324324324326,0.01575932944552784,0.0002483564645726808,5
2615,0.008108108108108109,0.010810810810810811,0.00011687363038714391,5
2616,0.12702702702702703,0.23399849537203635,0.054755295836376915,5
2617,0.12432432432432432,0.13923510132314873,0.019386413440467494,5
2618,0.02972972972972973,0.035651097184521405,0.0012710007304601902,5
2619,0.013513513513513514,0.017093392757666918,0.0002921840759678598,5
2620,0.008108108108108109,0.016216216216216217,0.0002629656683710738,5
2621,0.010810810810810811,0.01575932944552784,0.0002483564645726808,5
2622,0.016216216216216217,0.01986072764418793,0.0003944485025566107,5
2623,0.01891891891891892,0.026480970192250573,0.0007012417823228634,5
2624,0.01891891891891892,0.020225175063642926,0.0004090577063550037,5
2625,0.024324324324324326,0.021621621621621623,0.00046749452154857564,5
2626,0.04594594594594595,0.05309968298483379,0.0028195763330898472,5
2627,0.016216216216216217,0.010112587531821463,0.00010226442658875092,5
2628,0.06756756756756757,0.12177167920074389,0.014828341855368882,5
2629,0.1135135135135135,0.12044475651436319,0.014506939371804233,5
2630,0.013513513513513514,0.020935045114634687,0.0004382761139517897,5
2631,0.03783783783783784,0.036661243152028476,0.001344046749452155,5
2632,0.024324324324324326,0.013240485096125286,0.00017531044558071585,5
2633,0.01891891891891892,0.020225175063642926,0.0004090577063550037,5
2634,0.14864864864864863,0.13860412329684416,0.019211102994886778,5
2635,0.04594594594594595,0.06653261418968201,0.004426588750913075,5
2636,0.016216216216216217,0.01986072764418793,0.0003944485025566107,5
2637,0.010810810810810811,0.010112587531821463,0.00010226442658875092,5
2638,0.043243243243243246,0.03128604568321683,0.0009788166544923303,5
2639,0.05675675675675675,0.07272229214634439,0.005288531775018262,5
2640,0.024324324324324326,0.01575932944552784,0.0002483564645726808,5
2641,0.02702702702702703,0.028346185085679772,0.0008035062089116144,5
2642,0.02702702702702703,0.024173707864862594,0.0005843681519357196,5
2643,0.043243243243243246,0.03128604568321682,0.00097881665449233,5
2644,0.1918918918918919,0.3371777334865015,0.11368882395909423,5
2645,0.04054054054054054,0.03523893192001432,0.0012417823228634043,5
2646,0.0918918918918919,0.1703774866213458,0.029028487947406867,5
2647,0.010810810810810811,0.010112587531821463,0.00010226442658875092,5
2648,0.008108108108108109,0.010810810810810811,0.00011687363038714391,5
2649,0.021621621621621623,0.013781133820521041,0.00018991964937910884,5
2650,0.021621621621621623,0.020225175063642926,0.0004090577063550037,5
2651,0.05135135135135136,0.09608858829530367,0.00923301680058437,5
2652,0.20540540540540544,0.3839740677876333,0.14743608473338204,5
2653,0.008108108108108109,0.010810810810810811,0.00011687363038714391,5
2654,0.005405405405405406,0.010810810810810811,0.00011687363038714391,5
2655,0.008108108108108109,0.010810810810810811,0.00011687363038714391,5
2656,0.02972972972972973,0.038602315829961355,0.0014901387874360849,5
2657,0.032432432432432434,0.016216216216216217,0.0002629656683710738,5
2658,0.013513513513513514,0.020935045114634687,0.0004382761139517897,5
2659,0.010810810810810811,0.01575932944552784,0.0002483564645726808,5
2660,0.07837837837837838,0.10688497261235237,0.011424397370343316,5
2661,0.04594594594594595,0.04407974710891917,0.0019430241051862675,5
2662,0.013513513513513514,0.012086853932431297,0.0001460920379839299,5
2663,0.08108108108108109,0.08757757700551162,0.007669831994156319,5
2664,0.01891891891891892,0.03783783783783784,0.001431701972242513,5
2665,0.021621621621621623,0.021956860553070164,0.00048210372534696863,5
2666,0.04054054054054054,0.045224866299139216,0.0020452885317750183,5
2667,0.021621621621621623,0.021956860553070164,0.00048210372534696863,5
2668,0.15945945945945944,0.29214203495938723,0.08534696859021183,5
2669,0.010810810810810811,0.01575932944552784,0.0002483564645726808,5
2670,0.01891891891891892,0.020225175063642926,0.0004090577063550037,5
2671,0.024324324324324326,0.02620367490495313,0.0006866325785244705,5
2672,0.01891891891891892,0.020225175063642926,0.0004090577063550037,5
2673,0.07567567567567568,0.12491048657612262,0.01560262965668371,5
2674,0.005405405405405406,0.006620242548062643,4.382761139517896e-05,5
2675,0.016216216216216217,0.01986072764418793,0.0003944485025566107,5
2676,0.010810810810810811,0.010112587531821463,0.00010226442658875092,5
2677,0.010810810810810811,0.010112587531821463,0.00010226442658875092,5
2678,0.016216216216216217,0.01986072764418793,0.0003944485025566107,5
2679,0.02972972972972973,0.04634169783643851,0.0021475529583637695,5
2680,0.02702702702702703,0.034186785515333835,0.0011687363038714392,5
2681,0.005405405405405406,0.006620242548062643,4.382761139517896e-05,5
2682,0.10810810810810811,0.13860412329684418,0.01921110299488678,5
2683,0.005405405405405406,0.006620242548062643,4.382761139517896e-05,5
2684,0.01891891891891892,0.02506383377161001,0.0006281957633308985,5
2685,0.013513513513513514,0.014803312365004491,0.00021913805697589486,5
2686,0.032432432432432434,0.026480970192250573,0.0007012417823228634,5
2687,0.02972972972972973,0.04634169783643851,0.0021475529583637695,5
2688,0.010810810810810811,0.013240485096125286,0.00017531044558071585,5
2689,0.07297297297297298,0.1328454673237244,0.017647918188458726,5
2690,0.01891891891891892,0.020225175063642926,0.0004090577063550037,5
2691,0.01891891891891892,0.026480970192250573,0.0007012417823228634,5
2692,0.010810810810810811,0.010112587531821463,0.00010226442658875092,5
2693,0.17567567567567569,0.2645337146646953,0.06997808619430243,5
2694,0.021621621621621623,0.016216216216216217,0.0002629656683710738,5
2695,0.04054054054054054,0.06837357103066767,0.004674945215485757,5
2696,0.005405405405405406,0.006620242548062643,4.382761139517896e-05,5
2697,0.10810810810810811,0.08197703182758434,0.006720233747260776,5
2698,0.02702702702702703,0.04187009022926937,0.0017531044558071588,5
2699,0.20270270270270271,0.3854550591569096,0.1485756026296567,5
2700,0.01891891891891892,0.02506383377161001,0.0006281957633308985,5
2701,0.05945945945945946,0.055124535282084164,0.003038714390065742,5
2702,0.008108108108108109,0.016216216216216217,0.0002629656683710738,5
2703,0.05135135135135136,0.07663484799328554,0.0058728999269539815,5
2704,0.002702702702702703,0.005405405405405406,2.9218407596785978e-05,5
2705,0.005405405405405406,0.006620242548062643,4.382761139517896e-05,5
2706,0.021621621621621623,0.030337762595464394,0.0009203798392987585,5
2707,0.024324324324324326,0.030096023582864985,0.0009057706355003654,5
2708,0.13783783783783782,0.24270210076371512,0.05890430971512053,5
2709,0.02702702702702703,0.030815552029706435,0.0009495982468955444,5
2710,0.03513513513513514,0.029108998957483805,0.0008473338203067932,5
2711,0.013513513513513514,0.014803312365004491,0.00021913805697589486,5
2712,0.02972972972972973,0.052961940384501145,0.0028049671292914536,5
2713,0.1,0.09692119501103301,0.00939371804236669,5
2714,0.021621621621621623,0.021956860553070164,0.00048210372534696863,5
2715,0.024324324324324326,0.017927701569488648,0.0003214024835646458,5
2716,0.02702702702702703,0.024173707864862594,0.0005843681519357196,5
2717,0.013513513513513514,0.014803312365004491,0.00021913805697589486,5
2718,0.013513513513513514,0.008546696378833459,7.304601899196495e-05,5
2719,0.008108108108108109,0.010810810810810811,0.00011687363038714391,5
2720,0.005405405405405406,0.006620242548062643,4.382761139517896e-05,5
2721,0.010810810810810811,0.013240485096125286,0.00017531044558071585,5
2722,0.06756756756756757,0.10844541971750746,0.011760409057706355,5
2723,0.008108108108108109,0.010810810810810811,0.00011687363038714391,5
2724,0.005405405405405406,0.010810810810810811,0.00011687363038714391,5
2725,0.05135135135135136,0.08980133905857379,0.008064280496712931,5
2726,0.013513513513513514,0.014803312365004491,0.00021913805697589486,5
2727,0.02972972972972973,0.04634169783643851,0.0021475529583637695,5
2728,0.010810810810810811,0.010112587531821463,0.00010226442658875092,5
2729,0.02972972972972973,0.017927701569488648,0.0003214024835646458,5
2730,0.01891891891891892,0.018330621576014238,0.00033601168736303877,5
2731,0.021621621621621623,0.018330621576014238,0.00033601168736303877,5
2732,0.05945945945945946,0.07078811272275025,0.005010956902848795,5
2733,0.005405405405405406,0.006620242548062643,4.382761139517896e-05,5
2734,0.05135135135135136,0.07710996009560599,0.005945945945945947,5
2735,0.06486486486486487,0.0843485758612283,0.007114682249817386,5
2736,0.013513513513513514,0.020935045114634687,0.0004382761139517897,5
2737,0.02702702702702703,0.03310121274031322,0.0010956902848794743,5
2738,0.010810810810810811,0.010112587531821463,0.00010226442658875092,5
2739,0.02972972972972973,0.04634169783643851,0.0021475529583637695,5
2740,0.005405405405405406,0.006620242548062643,4.382761139517896e-05,5
2741,0.0,0.0,0.0,5
2742,0.021621621621621623,0.018330621576014238,0.00033601168736303877,5
2743,0.03513513513513514,0.05771393649746655,0.0033308984660336016,5
2744,0.02702702702702703,0.028346185085679772,0.0008035062089116144,5
2745,0.010810810810810811,0.010112587531821463,0.00010226442658875092,5
2746,0.024324324324324326,0.02620367490495313,0.0006866325785244705,5
2747,0.010810810810810811,0.010112587531821463,0.00010226442658875092,5
2748,0.021621621621621623,0.021956860553070164,0.00048210372534696863,5
2749,0.013513513513513514,0.017093392757666918,0.0002921840759678598,5
2750,0.013513513513513514,0.008546696378833459,7.304601899196495e-05,5
2751,0.03783783783783784,0.050851047897910215,0.002585829072315559,5
2752,0.021621621621621623,0.02506383377161001,0.0006281957633308985,5
2753,0.18108108108108106,0.3032090359855509,0.09193571950328708,5
2754,0.06216216216216217,0.058343332824115954,0.0034039444850255665,5
2755,0.016216216216216217,0.021621621621621623,0.00046749452154857564,5
2756,0.032432432432432434,0.018330621576014238,0.00033601168736303877,5
2757,0.02972972972972973,0.010112587531821463,0.00010226442658875092,5
2758,0.024324324324324326,0.024770679432193732,0.0006135865595325056,5
2759,0.16756756756756758,0.2783390158473619,0.077472607742878,5
2760,0.010810810810810811,0.005405405405405406,2.9218407596785978e-05,5
2761,0.14594594594594595,0.21305115864882548,0.045390796201607006,5
2762,0.24324324324324326,0.2881897354068395,0.08305332359386415,5
2763,0.05945945945945946,0.07953480524087655,0.0063257852447041645,5
2764,0.008108108108108109,0.016216216216216217,0.0002629656683710738,5
2765,0.005405405405405406,0.006620242548062643,4.382761139517896e-05,5
2766,0.005405405405405406,0.006620242548062643,4.382761139517896e-05,5
2767,0.008108108108108109,0.016216216216216217,0.0002629656683710738,5
2768,0.14324324324324325,0.25988141364855394,0.06753834915997078,5
2769,0.22162162162162163,0.37698585457649075,0.14211833455076703,5
2770,0.01891891891891892,0.02506383377161001,0.0006281957633308985,5
2771,0.06486486486486487,0.11637324400870803,0.013542731921110301,5
2772,0.005405405405405406,0.006620242548062643,4.382761139517896e-05,5
2773,0.005405405405405406,0.006620242548062643,4.382761139517896e-05,5
2774,0.010810810810810811,0.010112587531821463,0.00010226442658875092,5
2775,0.04594594594594595,0.07231939546086298,0.00523009495982469,5
2776,0.02702702702702703,0.030815552029706435,0.0009495982468955444,5
2777,0.043243243243243246,0.08648648648648649,0.00747991234477721,5
2778,0.06216216216216217,0.07480190542215161,0.0055953250547845145,5
2779,0.02972972972972973,0.036661243152028476,0.001344046749452155,5
2780,0.06756756756756757,0.09284088668820362,0.008619430241051863,5
2781,0.010810810810810811,0.021621621621621623,0.00046749452154857564,5
2782,0.013513513513513514,0.017093392757666918,0.0002921840759678598,5
2783,0.008108108108108109,0.010810810810810811,0.00011687363038714391,5
2784,0.1810810810810811,0.34870102267418834,0.12159240321402483,5
2785,0.043243243243243246,0.07990132702213235,0.006384222059897736,5
2786,0.013513513513513514,0.014803312365004491,0.00021913805697589486,5
2787,0.021621621621621623,0.021956860553070164,0.00048210372534696863,5
2788,0.021621621621621623,0.027826027408072974,0.0007742878013148283,5
2789,0.005405405405405406,0.006620242548062643,4.382761139517896e-05,5
2790,0.1027027027027027,0.18540619336370265,0.0343754565376187,5
2791,0.016216216216216217,0.01986072764418793,0.0003944485025566107,5
2792,0.05405405405405406,0.08840771477727637,0.007815924032140249,5
2793,0.013513513513513514,0.008546696378833459,7.304601899196495e-05,5
2794,0.08648648648648649,0.10626812568290542,0.01129291453615778,5
2795,0.010810810810810811,0.021621621621621623,0.00046749452154857564,5
2796,0.03783783783783784,0.06245524328806131,0.0039006574141709277,5
2797,0.013513513513513514,0.008546696378833459,7.304601899196495e-05,5
2798,0.03783783783783784,0.035651097184521405,0.00127100073046019,5
2799,0.008108108108108109,0.010810810810810811,0.00011687363038714391,5
2800,0.005405405405405406,0.006620242548062643,4.382761139517896e-05,5
2801,0.1135135135135135,0.07953480524087655,0.0063257852447041645,5
2802,0.024324324324324326,0.023249527748763855,0.0005405405405405405,5
2803,0.0891891891891892,0.11260900895134951,0.012680788897005113,5
2804,0.016216216216216217,0.021621621621621623,0.00046749452154857564,5
2805,0.016216216216216217,0.01986072764418793,0.0003944485025566107,5
2806,0.024324324324324326,0.021621621621621623,0.00046749452154857564,5
2807,0.03783783783783784,0.06245524328806131,0.0039006574141709277,5
2808,0.10270270270270272,0.15350780347203166,0.023564645726807894,5
2809,0.013513513513513514,0.02702702702702703,0.0007304601899196495,5
2810,0.0,0.0,0.0,5
2811,0.016216216216216217,0.01575932944552784,0.0002483564645726808,5
2812,0.043243243243243246,0.03128604568321682,0.00097881665449233,5
2813,0.07297297297297298,0.06079579394163239,0.003696128560993426,5
2814,0.016216216216216217,0.01575932944552784,0.0002483564645726808,5
2815,0.024324324324324326,0.023249527748763855,0.0005405405405405405,5
2816,0.06486486486486487,0.058217997914967616,0.0033893352812271738,5
2817,0.013513513513513514,0.012086853932431297,0.0001460920379839299,5
2818,0.032432432432432434,0.029108998957483805,0.0008473338203067932,5
2819,0.04054054054054054,0.04273348189416729,0.0018261504747991235,5
2820,0.01891891891891892,0.013781133820521041,0.00018991964937910884,5
2821,0.1135135135135135,0.1126090089513495,0.012680788897005111,5
2822,0.008108108108108109,0.006620242548062643,4.382761139517896e-05,5
2823,0.024324324324324326,0.028856968248733274,0.0008327246165084004,5
2824,0.02972972972972973,0.021621621621621623,0.00046749452154857564,5
2825,0.03513513513513514,0.020225175063642926,0.0004090577063550037,5
2826,0.08108108108108109,0.12237006943428942,0.014974433893352814,5
2827,0.08108108108108109,0.09967075088965284,0.009934258582907233,5
2828,0.01891891891891892,0.018330621576014238,0.00033601168736303877,5
2829,0.04864864864864865,0.04239023551718411,0.0017969320672023374,5
2830,0.013513513513513514,0.012086853932431297,0.0001460920379839299,5
2831,0.0945945945945946,0.12473492712664136,0.01555880204528853,5
2832,0.11621621621621622,0.15255314369373066,0.023272461650840032,5
2833,0.032432432432432434,0.03033776259546439,0.0009203798392987582,5
2834,0.08378378378378379,0.12831435103209965,0.01646457268078889,5
2835,0.1783783783783784,0.2580196537267594,0.06657414170927682,5
2836,0.008108108108108109,0.010810810810810811,0.00011687363038714391,5
2837,0.01891891891891892,0.016216216216216217,0.0002629656683710738,5
2838,0.1,0.13339419112706016,0.01779401022644266,5
2839,0.032432432432432434,0.02356161591103067,0.0005551497443389336,5
2840,0.10270270270270272,0.15398291387290935,0.023710737764791823,5
2841,0.04594594594594595,0.048044294147651836,0.0023082542001460924,5
2842,0.016216216216216217,0.01986072764418793,0.0003944485025566107,5
2843,0.032432432432432434,0.02506383377161001,0.0006281957633308985,5
2844,0.07837837837837838,0.06245524328806132,0.0039006574141709285,5
2845,0.02702702702702703,0.022612433149569608,0.0005113221329437546,5
2846,0.21891891891891896,0.32549338848269405,0.10594594594594597,5
2847,0.02972972972972973,0.035651097184521405,0.0012710007304601902,5
2848,0.024324324324324326,0.032432432432432434,0.0010518626734842952,5
2849,0.02702702702702703,0.030815552029706435,0.0009495982468955444,5
2850,0.024324324324324326,0.023249527748763855,0.0005405405405405405,5
2851,0.0891891891891892,0.10061897550803398,0.01012417823228634,5
2852,0.024324324324324326,0.019860727644187934,0.00039444850255661074,5
2853,0.02972972972972973,0.02620367490495313,0.0006866325785244705,5
2854,0.20810810810810812,0.24393295609829893,0.05950328707085464,5
2855,0.13783783783783785,0.17915473966677353,0.032096420745069396,5
2856,0.13243243243243244,0.21287966127043478,0.04531775018261505,5
2857,0.05405405405405406,0.06783729944870882,0.004601899196493791,5
2858,0.01891891891891892,0.020225175063642926,0.0004090577063550037,5
2859,0.04594594594594595,0.03033776259546439,0.0009203798392987582,5
2860,0.02972972972972973,0.035651097184521405,0.0012710007304601902,5
2861,0.03513513513513514,0.03783783783783784,0.001431701972242513,5
2862,0.01891891891891892,0.02506383377161001,0.0006281957633308985,5
2863,0.04864864864864865,0.07767625871999953,0.006033601168736304,5
2864,0.005405405405405406,0.010810810810810811,0.00011687363038714391,5
2865,0.2621621621621622,0.29822949673802646,0.08894083272461652,5
2866,0.01891891891891892,0.02356161591103067,0.0005551497443389336,5
2867,0.005405405405405406,0.006620242548062643,4.382761139517896e-05,5
2868,0.15135135135135136,0.2758081292823551,0.07607012417823229,5
2869,0.13513513513513514,0.15048011791432492,0.02264426588750913,5
2870,0.02972972972972973,0.017927701569488648,0.0003214024835646458,5
2871,0.021621621621621623,0.021956860553070164,0.00048210372534696863,5
2872,0.2054054054054054,0.2636209067372226,0.06949598246895543,5
2873,0.14594594594594595,0.14514293602267625,0.021066471877282687,5
2874,0.03783783783783784,0.028856968248733274,0.0008327246165084004,5
2875,0.08108108108108109,0.08503855525703932,0.00723155588020453,5
2876,0.013513513513513514,0.008546696378833459,7.304601899196495e-05,5
2877,0.032432432432432434,0.03151865889105568,0.0009934258582907233,5
2878,0.0891891891891892,0.07480190542215161,0.0055953250547845145,5
2879,0.024324324324324326,0.017927701569488648,0.0003214024835646458,5
2880,0.024324324324324326,0.028856968248733274,0.0008327246165084004,5
2881,0.02702702702702703,0.030815552029706435,0.0009495982468955444,5
2882,0.008108108108108109,0.010810810810810811,0.00011687363038714391,5
2883,0.08648648648648649,0.10965115013567997,0.012023374726077429,5
2884,0.032432432432432434,0.03482188845060845,0.001212563915266618,5
2885,0.06216216216216217,0.08268680292312625,0.006837107377647919,5
2886,0.010810810810810811,0.01575932944552784,0.0002483564645726808,5
2887,0.05405405405405406,0.06783729944870882,0.004601899196493791,5
2888,0.02702702702702703,0.029606624730008982,0.0008765522279035794,5
2889,0.15405405405405406,0.24823702709632509,0.06162162162162164,5
2890,0.032432432432432434,0.058343332824115954,0.0034039444850255665,5
2891,0.13513513513513514,0.21773117903916572,0.04740686632578524,5
2892,0.032432432432432434,0.03482188845060845,0.001212563915266618,5
2893,0.11891891891891893,0.1651526066751588,0.02727538349159971,5
2894,0.02702702702702703,0.028346185085679772,0.0008035062089116144,5
2895,0.16486486486486487,0.2833845325344456,0.08030679327976625,5
2896,0.05675675675675675,0.10018244861000344,0.01003652300949598,5
2897,0.08648648648648649,0.0991564125829413,0.009831994156318481,5
2898,0.01891891891891892,0.020225175063642926,0.0004090577063550037,5
2899,0.08108108108108109,0.09930363822093966,0.009861212563915266,5
2900,0.04864864864864865,0.02506383377161001,0.0006281957633308985,5
2901,0.043243243243243246,0.0430739931094844,0.0018553688823959094,5
2902,0.010810810810810811,0.010112587531821463,0.00010226442658875092,5
2903,0.08378378378378379,0.13631913743695667,0.018582907231555885,5
2904,0.21891891891891896,0.37764407512883397,0.14261504747991238,5
2905,0.1054054054054054,0.1595281574418779,0.025449233016800583,5
2906,0.15945945945945947,0.24864864864864866,0.06182615047479913,5
2907,0.0945945945945946,0.10256035654600149,0.01051862673484295,5
2908,0.016216216216216217,0.021621621621621623,0.00046749452154857564,5
2909,0.024324324324324326,0.035651097184521405,0.00127100073046019,5
2910,0.043243243243243246,0.05012766754322002,0.002512783053323594,5
2911,0.01891891891891892,0.013781133820521041,0.00018991964937910884,5
2912,0.01891891891891892,0.03151865889105568,0.0009934258582907233,5
2913,0.1972972972972973,0.26114318549580895,0.06819576333089847,5
2914,0.03513513513513514,0.03783783783783784,0.001431701972242513,5
2915,0.12432432432432435,0.1602135171381506,0.02566837107377648,5
2916,0.043243243243243246,0.034611482364501886,0.0011979547114682253,5
2917,0.02702702702702703,0.035238931920014316,0.001241782322863404,5
2918,0.032432432432432434,0.052407349809906266,0.0027465303140978823,5
2919,0.23243243243243245,0.37356005498748096,0.1395471146822498,5
2920,0.02972972972972973,0.013240485096125286,0.00017531044558071585,5
2921,0.032432432432432434,0.03482188845060845,0.001212563915266618,5
2922,0.024324324324324326,0.02620367490495313,0.0006866325785244705,5
2923,0.016216216216216217,0.021621621621621623,0.00046749452154857564,5
2924,0.06756756756756757,0.0863174022847098,0.007450693937180425,5
2925,0.12432432432432432,0.09834273188465001,0.009671292914536157,5
2926,0.21891891891891896,0.3774506000020777,0.14246895544192845,5
2927,0.01891891891891892,0.026480970192250573,0.0007012417823228634,5
2928,0.127027027027027,0.22181929220198043,0.04920379839298758,5
2929,0.03783783783783784,0.03764429264103816,0.0014170927684441198,5
2930,0.01891891891891892,0.020225175063642926,0.0004090577063550037,5
2931,0.032432432432432434,0.02506383377161001,0.0006281957633308985,5
2932,0.11081081081081082,0.16180140050914343,0.02617969320672024,5
2933,0.02702702702702703,0.035238931920014316,0.001241782322863404,5
2934,0.20270270270270271,0.3462203303762135,0.11986851716581445,5
2935,0.02702702702702703,0.029606624730008982,0.0008765522279035794,5
2936,0.008108108108108109,0.010810810810810811,0.00011687363038714391,5
2937,0.043243243243243246,0.07990132702213235,0.006384222059897736,5
2938,0.008108108108108109,0.006620242548062643,4.382761139517896e-05,5
2939,0.013513513513513514,0.008546696378833459,7.304601899196495e-05,5
2940,0.024324324324324326,0.023249527748763855,0.0005405405405405405,5
2941,0.06756756756756757,0.029606624730008982,0.0008765522279035794,5
2942,0.03783783783783784,0.027562267641042082,0.0007596785975164355,5
2943,0.07837837837837838,0.09759713559604209,0.009525200876552228,5
2944,0.05405405405405406,0.04440993709501347,0.001972242512783054,5
2945,0.03783783783783784,0.04473769015472121,0.0020014609203798392,5
2946,0.005405405405405406,0.006620242548062643,4.382761139517896e-05,5
2947,0.021621621621621623,0.016216216216216217,0.0002629656683710738,5
2948,0.008108108108108109,0.010810810810810811,0.00011687363038714391,5
2949,0.01891891891891892,0.018330621576014238,0.00033601168736303877,5
2950,0.008108108108108109,0.010810810810810811,0.00011687363038714391,5
2951,0.024324324324324326,0.023249527748763855,0.0005405405405405405,5
2952,0.02702702702702703,0.03725418581646006,0.001387874360847334,5
2953,0.02702702702702703,0.019110994086122907,0.00036523009495982475,5
2954,0.01891891891891892,0.018330621576014238,0.00033601168736303877,5
2955,0.013513513513513514,0.02702702702702703,0.0007304601899196495,5
2956,0.013513513513513514,0.012086853932431297,0.0001460920379839299,5
2957,0.016216216216216217,0.021621621621621623,0.00046749452154857564,5
2958,0.016216216216216217,0.01986072764418793,0.0003944485025566107,5
2959,0.04054054054054054,0.03725418581646006,0.001387874360847334,5
2960,0.021621621621621623,0.027826027408072974,0.0007742878013148283,5
2961,0.032432432432432434,0.03482188845060845,0.001212563915266618,5
2962,0.08648648648648649,0.12104970635977673,0.014653031409788169,5
2963,0.10810810810810811,0.12531916885805006,0.015704894083272462,5
2964,0.12162162162162163,0.22319808456283868,0.04981738495252009,5
2965,0.10810810810810811,0.09555497043061453,0.009130752373995618,5
2966,0.016216216216216217,0.021621621621621623,0.00046749452154857564,5
2967,0.01891891891891892,0.016216216216216217,0.0002629656683710738,5
2968,0.01891891891891892,0.026480970192250573,0.0007012417823228634,5
2969,0.024324324324324326,0.028856968248733274,0.0008327246165084004,5
2970,0.02972972972972973,0.024770679432193732,0.0006135865595325056,5
2971,0.04864864864864865,0.051705747215429705,0.002673484295105917,5
2972,0.024324324324324326,0.023249527748763855,0.0005405405405405405,5
2973,0.032432432432432434,0.02356161591103067,0.0005551497443389336,5
2974,0.05675675675675675,0.09339001374687024,0.008721694667640613,5
2975,0.04864864864864865,0.07130219436904281,0.00508400292184076,5
2976,0.024324324324324326,0.030096023582864985,0.0009057706355003654,5
2977,0.02702702702702703,0.022612433149569608,0.0005113221329437546,5
2978,0.14054054054054055,0.25448497094774797,0.06476260043827611,5
2979,0.03513513513513514,0.029108998957483805,0.0008473338203067932,5
2980,0.06216216216216217,0.05445795048543212,0.0029656683710737766,5
2981,0.02972972972972973,0.03353965850267799,0.0011249086924762601,5
2982,0.07027027027027027,0.10305770791858174,0.010620891161431703,5
2983,0.0891891891891892,0.11953159128376206,0.014287801314828343,5
2984,0.03783783783783784,0.032432432432432434,0.0010518626734842952,5
2985,0.016216216216216217,0.01986072764418793,0.0003944485025566107,5
2986,0.04864864864864865,0.06429933650470443,0.0041344046749452155,5
2987,0.16756756756756758,0.30846352189348664,0.0951497443389335,5
2988,0.16756756756756758,0.22974562743084764,0.052783053323593856,5
2989,0.0,0.0,0.0,5
2990,0.03513513513513514,0.03151865889105568,0.0009934258582907233,5
2991,0.032432432432432434,0.03033776259546439,0.0009203798392987582,5
2992,0.02702702702702703,0.014803312365004491,0.00021913805697589486,5
2993,0.07027027027027027,0.07322279558996793,0.005361577794010227,5
2994,0.14324324324324325,0.23985629980901396,0.057531044558071585,5
2995,0.03513513513513514,0.03879108133623601,0.0015047479912344778,5
2996,0.024324324324324326,0.021621621621621623,0.00046749452154857564,5
2997,0.021621621621621623,0.018330621576014238,0.00033601168736303877,5
2998,0.032432432432432434,0.026480970192250573,0.0007012417823228634,5
2999,0.11621621621621622,0.1935029439964189,0.03744338933528123,5
3000,0.021621621621621623,0.02506383377161001,0.0006281957633308985,5
3001,0.013513513513513514,0.017093392757666918,0.0002921840759678598,5
3002,0.010810810810810811,0.005405405405405406,2.9218407596785978e-05,5
3003,0.02702702702702703,0.029606624730008982,0.0008765522279035794,5
3004,0.02702702702702703,0.022612433149569608,0.0005113221329437546,5
3005,0.10810810810810811,0.05405405405405406,0.0029218407596785976,5
3006,0.01891891891891892,0.013781133820521041,0.00018991964937910884,5
3007,0.15135135135135133,0.2696479321348523,0.07271000730460189,5
3008,0.008108108108108109,0.010810810810810811,0.00011687363038714391,5
3009,0.07837837837837838,0.13738664894204144,0.01887509130752374,5
3010,0.02702702702702703,0.017093392757666918,0.0002921840759678598,5
3011,0.032432432432432434,0.026480970192250573,0.0007012417823228634,5
3012,0.016216216216216217,0.026203674904953133,0.0006866325785244706,5
3013,0.01891891891891892,0.010810810810810811,0.00011687363038714391,5
3014,0.02702702702702703,0.035238931920014316,0.001241782322863404,5
3015,0.06486486486486487,0.07990132702213235,0.006384222059897736,5
3016,0.01891891891891892,0.02506383377161001,0.0006281957633308985,5
3017,0.032432432432432434,0.040630530752359215,0.0016508400292184078,5
3018,0.07837837837837838,0.15009127975043052,0.02252739225712199,5
3019,0.005405405405405406,0.010810810810810811,0.00011687363038714391,5
3020,0.005405405405405406,0.010810810810810811,0.00011687363038714391,5
3021,0.010810810810810811,0.01575932944552784,0.0002483564645726808,5
3022,0.1864864864864865,0.34615703019644034,0.1198246895544193,5
3023,0.02972972972972973,0.03128604568321683,0.0009788166544923303,5
3024,0.12702702702702703,0.23399849537203635,0.054755295836376915,5
3025,0.02702702702702703,0.04758599151799733,0.0022644265887509134,5
3026,0.043243243243243246,0.06067552519092879,0.003681519357195034,5
3027,0.05405405405405406,0.04098851591379217,0.001680058436815194,5
3028,0.013513513513513514,0.012086853932431297,0.0001460920379839299,5
3029,0.032432432432432434,0.03033776259546439,0.0009203798392987582,5
3030,0.03783783783783784,0.02620367490495313,0.0006866325785244705,5
3031,0.005405405405405406,0.006620242548062643,4.382761139517896e-05,5
3032,0.008108108108108109,0.010810810810810811,0.00011687363038714391,5
3033,0.08108108108108107,0.11749764929342786,0.013805697589481369,5
3034,0.02702702702702703,0.022612433149569608,0.0005113221329437546,5
3035,0.016216216216216217,0.013240485096125286,0.00017531044558071585,5
3036,0.06486486486486487,0.08259841508073582,0.0068224981738495265,5
3037,0.032432432432432434,0.03151865889105568,0.0009934258582907233,5
3038,0.1,0.17423525904093187,0.030357925493060635,5
3039,0.021621621621621623,0.018330621576014238,0.00033601168736303877,5
3040,0.02972972972972973,0.021621621621621623,0.00046749452154857564,5
3041,0.032432432432432434,0.03482188845060845,0.001212563915266618,5
3042,0.043243243243243246,0.03353965850267799,0.0011249086924762601,5
3043,0.010810810810810811,0.01575932944552784,0.0002483564645726808,5
3044,0.021621621621621623,0.021956860553070164,0.00048210372534696863,5
3045,0.043243243243243246,0.0493936942770191,0.002439737034331629,5
3046,0.21891891891891896,0.20766889418701132,0.043126369612856104,5
3047,0.06756756756756757,0.09284088668820362,0.008619430241051863,5
3048,0.12972972972972974,0.1586557850966397,0.02517165814463112,5
3049,0.010810810810810811,0.010112587531821463,0.00010226442658875092,5
3050,0.02972972972972973,0.030096023582864985,0.0009057706355003654,5
3051,0.016216216216216217,0.01986072764418793,0.0003944485025566107,5
3052,0.07027027027027027,0.07567567567567568,0.005726807888970052,5
3053,0.024324324324324326,0.04221756581571164,0.0017823228634039445,5
3054,0.002702702702702703,0.005405405405405406,2.9218407596785978e-05,5
3055,0.024324324324324326,0.017927701569488648,0.0003214024835646458,5
3056,0.02972972972972973,0.032432432432432434,0.0010518626734842954,5
3057,0.15945945945945944,0.28543918718991207,0.08147552958363767,5
3058,0.06216216216216217,0.07528858528207633,0.00566837107377648,5
3059,0.016216216216216217,0.013240485096125286,0.00017531044558071585,5
3060,0.05945945945945946,0.0930766235552571,0.008663257852447042,5
3061,0.06216216216216216,0.09804517376874082,0.009612856099342584,5
3062,0.05945945945945946,0.08614798621896881,0.007421475529583639,5
3063,0.024324324324324326,0.030096023582864985,0.0009057706355003654,5
3064,0.10810810810810811,0.11306216574784805,0.012783053323593866,5
3065,0.13783783783783785,0.14131801580974454,0.01997078159240321,5
3066,0.043243243243243246,0.06303731778211136,0.003973703433162893,5
3067,0.016216216216216217,0.01986072764418793,0.0003944485025566107,5
3068,0.021621621621621623,0.026480970192250573,0.0007012417823228634,5
3069,0.02702702702702703,0.034186785515333835,0.0011687363038714392,5
3070,0.04594594594594595,0.07907426399096106,0.006252739225712199,5
3071,0.15945945945945947,0.27274542295227816,0.0743900657414171,5
3072,0.01891891891891892,0.020225175063642926,0.0004090577063550037,5
3073,0.010810810810810811,0.010112587531821463,0.00010226442658875092,5
3074,0.021621621621621623,0.02506383377161001,0.0006281957633308985,5
3075,0.06486486486486487,0.07663484799328554,0.0058728999269539815,5
3076,0.04054054054054054,0.03626056179729389,0.001314828341855369,5
3077,0.12432432432432432,0.14028042456606465,0.019678597516435352,5
3078,0.03513513513513514,0.03375674593728864,0.001139517896274653,5
3079,0.01891891891891892,0.006620242548062643,4.382761139517896e-05,5
3080,0.024324324324324326,0.030096023582864985,0.0009057706355003654,5
3081,0.010810810810810811,0.01575932944552784,0.0002483564645726808,5
3082,0.02702702702702703,0.035238931920014316,0.001241782322863404,5
3083,0.016216216216216217,0.01575932944552784,0.0002483564645726808,5
3084,0.18378378378378377,0.3017601154483201,0.09105916727538348,5
3085,0.11621621621621622,0.12104970635977672,0.014653031409788167,5
3086,0.15135135135135136,0.24908891691878832,0.062045288531775024,5
3087,0.07297297297297298,0.07528858528207633,0.005668371073776479,5
3088,0.02972972972972973,0.021621621621621623,0.00046749452154857564,5
3089,0.04054054054054054,0.028346185085679772,0.0008035062089116144,5
3090,0.03783783783783784,0.04134340146156312,0.0017092768444119798,5
3091,0.021621621621621623,0.018330621576014238,0.00033601168736303877,5
3092,0.016216216216216217,0.01575932944552784,0.0002483564645726808,5
3093,0.013513513513513514,0.014803312365004491,0.00021913805697589486,5
3094,0.01891891891891892,0.010810810810810811,0.00011687363038714391,5
3095,0.06756756756756757,0.07150679219093488,0.005113221329437546,5
3096,0.02702702702702703,0.025640089136500375,0.0006574141709276845,5
3097,0.08108108108108107,0.13101837452476564,0.01716581446311176,5
3098,0.1810810810810811,0.19103348158997072,0.036493791088385685,5
3099,0.008108108108108109,0.010810810810810811,0.00011687363038714391,5
3100,0.016216216216216217,0.01986072764418793,0.0003944485025566107,5
3101,0.02972972972972973,0.030096023582864985,0.0009057706355003654,5
3102,0.0918918918918919,0.0926045497243882,0.008575602629656686,5
3103,0.04864864864864865,0.03151865889105568,0.0009934258582907233,5
3104,0.12972972972972974,0.15350780347203166,0.023564645726807894,5
3105,0.03513513513513514,0.03482188845060845,0.001212563915266618,5
3106,0.024324324324324326,0.030096023582864985,0.0009057706355003654,5
3107,0.032432432432432434,0.013781133820521041,0.00018991964937910884,5
3108,0.16756756756756758,0.24823702709632506,0.061621621621621624,5
3109,0.12432432432432435,0.15558743745539735,0.024207450693937184,5
3110,0.032432432432432434,0.03033776259546439,0.0009203798392987582,5
3111,0.03513513513513514,0.029108998957483805,0.0008473338203067932,5
3112,0.010810810810810811,0.010112587531821463,0.00010226442658875092,5
3113,0.03783783783783784,0.023249527748763855,0.0005405405405405405,5
3114,0.09189189189189188,0.1522655786054408,0.02318480642804967,5
3115,0.127027027027027,0.21496258189349376,0.04620891161431702,5
3116,0.07837837837837838,0.09101328778639316,0.008283418553688821,5
3117,0.0891891891891892,0.12225062570701234,0.014945215485756027,5
3118,0.03513513513513514,0.03375674593728864,0.001139517896274653,5
3119,0.04594594594594595,0.03879108133623601,0.0015047479912344778,5
3120,0.11621621621621622,0.21239873193933514,0.04511322132943755,5
3121,0.09189189189189188,0.13844592945800752,0.019167275383491597,5
3122,0.05675675675675675,0.0493936942770191,0.002439737034331629,5
3123,0.17027027027027028,0.2932899452162278,0.08601899196493791,5
3124,0.016216216216216217,0.01575932944552784,0.0002483564645726808,5
3125,0.043243243243243246,0.06642273366186222,0.004411979547114683,5
3126,0.02972972972972973,0.02620367490495313,0.0006866325785244705,5
3127,0.03513513513513514,0.03879108133623601,0.0015047479912344778,5
3128,0.06486486486486487,0.06475215432816725,0.004192841490138788,5
3129,0.016216216216216217,0.021621621621621623,0.00046749452154857564,5
3130,0.25675675675675674,0.3624041144186321,0.13133674214755295,5
3131,0.021621621621621623,0.018330621576014238,0.00033601168736303877,5
3132,0.03513513513513514,0.03879108133623601,0.0015047479912344778,5
3133,0.05945945945945946,0.06542550506437948,0.004280496712929146,5
3134,0.02702702702702703,0.024173707864862594,0.0005843681519357196,5
3135,0.032432432432432434,0.02506383377161001,0.0006281957633308985,5
3136,0.05945945945945946,0.05578315524473053,0.003111760409057707,5
3137,0.021621621621621623,0.013781133820521041,0.00018991964937910884,5
3138,0.11081081081081082,0.19478219185651083,0.03794010226442659,5
3139,0.11621621621621622,0.1750717269265043,0.030650109569028493,5
3140,0.043243243243243246,0.023249527748763855,0.0005405405405405405,5
3141,0.032432432432432434,0.021956860553070164,0.00048210372534696863,5
3142,0.008108108108108109,0.006620242548062643,4.382761139517896e-05,5
3143,0.021621621621621623,0.018330621576014238,0.00033601168736303877,5
3144,0.05135135135135136,0.05630450447567476,0.003170197224251279,5
3145,0.10810810810810811,0.12056598931457005,0.01453615777940102,5
3146,0.03513513513513514,0.02506383377161001,0.0006281957633308985,5
3147,0.03513513513513514,0.029108998957483805,0.0008473338203067932,5
3148,0.16756756756756758,0.2559161202976392,0.06549306062819574,5
3149,0.05675675675675675,0.06245524328806131,0.0039006574141709277,5
3150,0.021621621621621623,0.02506383377161001,0.0006281957633308985,5
3151,0.06486486486486487,0.0994506459079681,0.009890430971512052,5
3152,0.032432432432432434,0.02506383377161001,0.0006281957633308985,5
3153,0.12162162162162163,0.16462099819287634,0.027100073046018996,5
3154,0.03783783783783784,0.027562267641042082,0.0007596785975164355,5
3155,0.04054054054054054,0.034186785515333835,0.0011687363038714392,5
3156,0.013513513513513514,0.008546696378833459,7.304601899196495e-05,5
3157,0.03513513513513514,0.02506383377161001,0.0006281957633308985,5
3158,0.03783783783783784,0.04634169783643851,0.0021475529583637695,5
3159,0.032432432432432434,0.03265688100971506,0.0010664718772826882,5
3160,0.1945945945945946,0.3223589096301967,0.10391526661796932,5
3161,0.08378378378378379,0.1347020085878607,0.018144631117604094,5
3162,0.024324324324324326,0.023249527748763855,0.0005405405405405405,5
3163,0.021621621621621623,0.02506383377161001,0.0006281957633308985,5
3164,0.04054054054054054,0.04440993709501347,0.001972242512783054,5
3165,0.005405405405405406,0.006620242548062643,4.382761139517896e-05,5
3166,0.01891891891891892,0.013781133820521041,0.00018991964937910884,5
3167,0.02972972972972973,0.034611482364501886,0.0011979547114682253,5
3168,0.04864864864864865,0.040630530752359215,0.0016508400292184078,5
3169,0.013513513513513514,0.017093392757666918,0.0002921840759678598,5
3170,0.01891891891891892,0.02356161591103067,0.0005551497443389336,5
3171,0.005405405405405406,0.010810810810810811,0.00011687363038714391,5
3172,0.03783783783783784,0.04045035012728585,0.0016362308254200147,5
3173,0.024324324324324326,0.024770679432193732,0.0006135865595325056,5
3174,0.005405405405405406,0.010810810810810811,0.00011687363038714391,5
3175,0.02972972972972973,0.02620367490495313,0.0006866325785244705,5
3176,0.013513513513513514,0.014803312365004491,0.00021913805697589486,5
3177,0.016216216216216217,0.013240485096125286,0.00017531044558071585,5
3178,0.04594594594594595,0.03151865889105568,0.0009934258582907233,5
3179,0.0918918918918919,0.11947046543405591,0.01427319211102995,5
3180,0.06216216216216217,0.08090070025457172,0.00654492330168006,5
3181,0.06216216216216217,0.08486658631409504,0.007202337472607743,5
3182,0.02972972972972973,0.021621621621621623,0.00046749452154857564,5
3183,0.05135135135135136,0.056949479745149946,0.003243243243243244,5
3184,0.032432432432432434,0.02506383377161001,0.0006281957633308985,5
3185,0.021621621621621623,0.02356161591103067,0.0005551497443389336,5
3186,0.04054054054054054,0.024173707864862594,0.0005843681519357196,5
3187,0.01891891891891892,0.013781133820521041,0.00018991964937910884,5
3188,0.1,0.15303121802045477,0.023418553688823958,5
3189,0.09189189189189188,0.13765223327834425,0.018948137326515704,5
3190,0.16756756756756758,0.16184653969275534,0.02619430241051863,5
3191,0.021621621621621623,0.013781133820521041,0.00018991964937910884,5
3192,0.1,0.14188545673953176,0.020131482834185543,5
3193,0.043243243243243246,0.023249527748763855,0.0005405405405405405,5
3194,0.08108108108108109,0.13567459889741765,0.018407596785975165,5
3195,0.06756756756756757,0.082421355037713,0.006793279766252739,5
3196,0.05945945945945946,0.05445795048543212,0.002965668371073777,5
3197,0.008108108108108109,0.010810810810810811,0.00011687363038714391,5
3198,0.024324324324324326,0.028856968248733274,0.0008327246165084004,5
3199,0.02972972972972973,0.036661243152028476,0.001344046749452155,5
3200,0.10540540540540541,0.17895076061888487,0.032023374726077435,5
3201,0.021621621621621623,0.02356161591103067,0.0005551497443389336,5
3202,0.021621621621621623,0.02506383377161001,0.0006281957633308985,5
3203,0.05135135135135136,0.04221756581571165,0.001782322863403945,5
3204,0.013513513513513514,0.008546696378833459,7.304601899196495e-05,5
3205,0.18378378378378377,0.21496258189349376,0.04620891161431701,5
3206,0.2135135135135135,0.2999147675368881,0.08994886778670565,5
3207,0.03513513513513514,0.03879108133623601,0.0015047479912344778,5
3208,0.1135135135135135,0.16094135060496656,0.025902118334550767,5
3209,0.02702702702702703,0.022612433149569608,0.0005113221329437546,5
3210,0.02972972972972973,0.026203674904953133,0.0006866325785244706,5
3211,0.021621621621621623,0.027826027408072974,0.0007742878013148283,5
3212,0.03513513513513514,0.03151865889105568,0.0009934258582907233,5
3213,0.10810810810810811,0.16964707920513747,0.028780131482834183,5
3214,0.02972972972972973,0.028856968248733274,0.0008327246165084004,5
3215,0.02702702702702703,0.028346185085679772,0.0008035062089116144,5
3216,0.005405405405405406,0.006620242548062643,4.382761139517896e-05,5
3217,0.024324324324324326,0.030096023582864985,0.0009057706355003654,5
3218,0.0972972972972973,0.1365867974972246,0.018655953250547842,5
3219,0.032432432432432434,0.03033776259546439,0.0009203798392987582,5
3220,0.002702702702702703,0.005405405405405406,2.9218407596785978e-05,5
3221,0.0945945945945946,0.15072263236322903,0.02271731190650109,5
3222,0.17567567567567569,0.2986455912770004,0.0891891891891892,5
3223,0.03513513513513514,0.03685995053239421,0.001358655953250548,5
3224,0.02972972972972973,0.019860727644187934,0.00039444850255661074,5
3225,0.10540540540540541,0.16625466485653728,0.02764061358655953,5
3226,0.06756756756756757,0.09631637665516464,0.009276844411979545,5
3227,0.05135135135135136,0.027562267641042082,0.0007596785975164355,5
3228,0.043243243243243246,0.03353965850267799,0.0011249086924762601,5
3229,0.02702702702702703,0.035238931920014316,0.001241782322863404,5
3230,0.04594594594594595,0.03783783783783784,0.001431701972242513,5
3231,0.0945945945945946,0.11780807955515335,0.01387874360847334,5
3232,0.024324324324324326,0.021621621621621623,0.00046749452154857564,5
3233,0.05945945945945946,0.058343332824115954,0.0034039444850255665,5
3234,0.013513513513513514,0.014803312365004491,0.00021913805697589486,5
3235,0.032432432432432434,0.03033776259546439,0.0009203798392987582,5
3236,0.013513513513513514,0.014803312365004491,0.00021913805697589486,5
3237,0.15135135135135136,0.12397129666140233,0.015368882395909425,5
3238,0.032432432432432434,0.03685995053239421,0.0013586559532505478,5
3239,0.04054054054054054,0.03626056179729389,0.001314828341855369,5
3240,0.07027027027027027,0.09141370013669062,0.00835646457268079,5
3241,0.05405405405405406,0.034186785515333835,0.0011687363038714392,5
3242,0.032432432432432434,0.020225175063642926,0.0004090577063550037,5
3243,0.016216216216216217,0.005405405405405406,2.9218407596785978e-05,5
3244,0.024324324324324326,0.023249527748763855,0.0005405405405405405,5
3245,0.021621621621621623,0.018330621576014238,0.00033601168736303877,5
3246,0.07837837837837838,0.08563772712299925,0.0073338203067932805,5
3247,0.1,0.14111110791574719,0.01991234477720965,5
3248,0.07027027027027026,0.12038409433145991,0.01449233016800584,5
3249,0.20810810810810812,0.23477760951874593,0.05512052593133675,5
3250,0.013513513513513514,0.014803312365004491,0.00021913805697589486,5
3251,0.02702702702702703,0.025640089136500375,0.0006574141709276845,5
3252,0.010810810810810811,0.010112587531821463,0.00010226442658875092,5
3253,0.016216216216216217,0.01575932944552784,0.0002483564645726808,5
3254,0.024324324324324326,0.023249527748763855,0.0005405405405405405,5
3255,0.01891891891891892,0.03151865889105568,0.0009934258582907233,5
3256,0.04864864864864865,0.02506383377161001,0.0006281957633308985,5
3257,0.013513513513513514,0.008546696378833459,7.304601899196495e-05,5
3258,0.07837837837837838,0.09260454972438818,0.008575602629656683,5
3259,0.03513513513513514,0.02506383377161001,0.0006281957633308985,5
3260,0.024324324324324326,0.019860727644187934,0.00039444850255661074,5
3261,0.032432432432432434,0.018330621576014238,0.00033601168736303877,5
3262,0.03513513513513514,0.02356161591103067,0.0005551497443389336,5
3263,0.07567567567567568,0.12491048657612262,0.01560262965668371,5
3264,0.11081081081081082,0.15154427858244526,0.022965668371073774,5
3265,0.043243243243243246,0.032432432432432434,0.0010518626734842952,5
3266,0.043243243243243246,0.02620367490495313,0.0006866325785244705,5
3267,0.12432432432432432,0.18965194370647387,0.03596785975164353,5
3268,0.21891891891891896,0.27896814985592794,0.07782322863403947,5
3269,0.03783783783783784,0.04634169783643851,0.0021475529583637695,5
3270,0.01891891891891892,0.013781133820521041,0.00018991964937910884,5
3271,0.032432432432432434,0.03033776259546439,0.0009203798392987582,5
3272,0.04054054054054054,0.019110994086122907,0.00036523009495982475,5
3273,0.021621621621621623,0.030337762595464394,0.0009203798392987585,5
3274,0.06756756756756757,0.05604443609007492,0.0031409788166544923,5
3275,0.1,0.19331410532159643,0.03737034331628927,5
3276,0.21081081081081082,0.18182581828707203,0.03306062819576334,5
3277,0.024324324324324326,0.030096023582864985,0.0009057706355003654,5
3278,0.127027027027027,0.10831062113250745,0.01173119065010957,5
3279,0.032432432432432434,0.03033776259546439,0.0009203798392987582,5
3280,0.013513513513513514,0.014803312365004491,0.00021913805697589486,5
3281,0.02702702702702703,0.025640089136500375,0.0006574141709276845,5
3282,0.05945945945945946,0.08572298122785788,0.007348429510591674,5
3283,0.1972972972972973,0.22573635694941732,0.05095690284879475,5
3284,0.03783783783783784,0.035651097184521405,0.00127100073046019,5
3285,0.05675675675675675,0.1005463526364231,0.010109569028487945,5
3286,0.02972972972972973,0.021621621621621623,0.00046749452154857564,5
3287,0.03513513513513514,0.020225175063642926,0.0004090577063550037,5
3288,0.07027027027027027,0.032432432432432434,0.0010518626734842952,5
3289,0.024324324324324326,0.017927701569488648,0.0003214024835646458,5
3290,0.043243243243243246,0.03953713199548053,0.0015631848064280498,5
3291,0.024324324324324326,0.013240485096125286,0.00017531044558071585,5
3292,0.032432432432432434,0.020225175063642926,0.0004090577063550037,5
3293,0.17297297297297298,0.27261148127403795,0.07431701972242513,5
3294,0.11621621621621622,0.12165164794515568,0.014799123447772098,5
3295,0.021621621621621623,0.02506383377161001,0.0006281957633308985,5
3296,0.18108108108108106,0.2224769257000722,0.04949598246895544,5
3297,0.04594594594594595,0.035855403138977296,0.001285609934258583,5
3298,0.024324324324324326,0.030096023582864985,0.0009057706355003654,5
3299,0.05135135135135136,0.04473769015472122,0.0020014609203798397,5
3300,0.23783783783783785,0.3191707663402059,0.10186997808619432,5
3301,0.34864864864864864,0.22309988198366426,0.049773557341124916,5
3302,0.04054054054054054,0.029606624730008982,0.0008765522279035794,5
3303,0.11891891891891893,0.16247717151555824,0.026398831263696132,5
3304,0.013513513513513514,0.017093392757666918,0.0002921840759678598,5
3305,0.04054054054054054,0.039165883097809294,0.001533966398831264,5
3306,0.043243243243243246,0.036661243152028476,0.001344046749452155,5
3307,0.032432432432432434,0.020225175063642926,0.0004090577063550037,5
3308,0.02972972972972973,0.027562267641042082,0.0007596785975164355,5
3309,0.05945945945945946,0.041519706745235724,0.0017238860482103728,5
3310,0.021621621621621623,0.027826027408072974,0.0007742878013148283,5
3311,0.06216216216216217,0.0786110247148594,0.006179693206720235,5
3312,0.016216216216216217,0.01575932944552784,0.0002483564645726808,5
3313,0.04054054054054054,0.019110994086122907,0.00036523009495982475,5
3314,0.0945945945945946,0.13268040766090355,0.017604090577063556,5
3315,0.04864864864864865,0.03685995053239421,0.001358655953250548,5
3316,0.15675675675675677,0.23306012040335242,0.05431701972242513,5
3317,0.1027027027027027,0.13201810531697095,0.017428780131482833,5
3318,0.04054054054054054,0.014803312365004491,0.00021913805697589486,5
3319,0.04864864864864865,0.016216216216216217,0.0002629656683710738,5
3320,0.021621621621621623,0.020225175063642926,0.0004090577063550037,5
3321,0.03783783783783784,0.05012766754322002,0.002512783053323594,5
3322,0.021621621621621623,0.02506383377161001,0.0006281957633308985,5
3323,0.07027027027027027,0.06361406646453957,0.004046749452154858,5
3324,0.032432432432432434,0.03033776259546439,0.0009203798392987582,5
3325,0.2702702702702703,0.3297961829358184,0.1087655222790358,5
3326,0.17027027027027028,0.26736273896251306,0.07148283418553689,5
3327,0.01891891891891892,0.016216216216216217,0.0002629656683710738,5
3328,0.07567567567567568,0.15135135135135136,0.022907231555880207,5
3329,0.14324324324324325,0.19538129266948992,0.03817384952520088,5
3330,0.12162162162162163,0.2100471267862211,0.04411979547114683,5
3331,0.2108108108108108,0.3477570833830666,0.12093498904309714,5
3332,0.20810810810810812,0.3305262864045503,0.10924762600438279,5
3333,0.4297297297297297,0.4049005865957298,0.1639444850255661,5
3334,0.016216216216216217,0.021621621621621623,0.00046749452154857564,5
3335,0.03783783783783784,0.013240485096125286,0.00017531044558071585,5
3336,0.07297297297297298,0.04407974710891917,0.0019430241051862675,5
3337,0.06756756756756757,0.0709941920895335,0.005040175310445582,5
3338,0.06216216216216217,0.11768400571393103,0.013849525200876553,5
3339,0.010810810810810811,0.010112587531821463,0.00010226442658875092,5
3340,0.01891891891891892,0.018330621576014238,0.00033601168736303877,5
3341,0.08648648648648649,0.12254901674329335,0.015018261504747993,5
3342,0.02702702702702703,0.034186785515333835,0.0011687363038714392,5
3343,0.032432432432432434,0.027826027408072974,0.0007742878013148284,5
3344,0.03783783783783784,0.03353965850267799,0.0011249086924762601,5
3345,0.05405405405405406,0.059213249460017964,0.0035062089116143177,5
3346,0.02972972972972973,0.027562267641042082,0.0007596785975164355,5
3347,0.04054054054054054,0.019110994086122907,0.00036523009495982475,5
3348,0.12972972972972974,0.2203324402398791,0.048546384222059896,5
3349,0.043243243243243246,0.04045035012728585,0.0016362308254200147,5
3350,0.3405405405405405,0.34805102771903235,0.12113951789627464,5
3351,0.03783783783783784,0.02620367490495313,0.0006866325785244705,5
3352,0.03513513513513514,0.02506383377161001,0.0006281957633308985,5
3353,0.013513513513513514,0.014803312365004491,0.00021913805697589486,5
3354,0.02702702702702703,0.022612433149569608,0.0005113221329437546,5
3355,0.024324324324324326,0.010112587531821463,0.00010226442658875092,5
3356,0.07027027027027027,0.05821799791496761,0.003389335281227173,5
3357,0.04054054054054054,0.03523893192001432,0.0012417823228634043,5
3358,0.22972972972972974,0.35270011389750966,0.1243973703433163,5
3359,0.01891891891891892,0.020225175063642926,0.0004090577063550037,5
3360,0.13513513513513514,0.16193678031292152,0.02622352081811541,5
3361,0.0918918918918919,0.10722613202636419,0.011497443389335284,5
3362,0.12702702702702703,0.16782891563524352,0.02816654492330169,5
3363,0.21081081081081082,0.3811289983292028,0.14525931336742146,5
3364,0.024324324324324326,0.024770679432193732,0.0006135865595325056,5
3365,0.016216216216216217,0.01575932944552784,0.0002483564645726808,5
3366,0.04864864864864865,0.03972145528837587,0.001577794010226443,5
3367,0.02972972972972973,0.030096023582864985,0.0009057706355003654,5
3368,0.01891891891891892,0.013781133820521041,0.00018991964937910884,5
3369,0.10270270270270272,0.08947538030944244,0.008005843681519359,5
3370,0.05135135135135136,0.04712323182206134,0.0022205989773557344,5
3371,0.17027027027027025,0.14418355317134204,0.02078889700511322,5
3372,0.04594594594594595,0.04490066952928689,0.0020160701241782324,5
3373,0.22432432432432434,0.37776011264121406,0.14270270270270272,5
3374,0.14864864864864863,0.2642574391693041,0.06983199415631845,5
3375,0.02702702702702703,0.05405405405405406,0.002921840759678598,5
3376,0.02972972972972973,0.02620367490495313,0.0006866325785244705,5
3377,0.01891891891891892,0.020225175063642926,0.0004090577063550037,5
3378,0.05135135135135136,0.04221756581571164,0.0017823228634039445,5
3379,0.07837837837837838,0.1314080624988456,0.017268078889700514,5
3380,0.04864864864864865,0.03033776259546439,0.0009203798392987582,5
3381,0.021621621621621623,0.020225175063642926,0.0004090577063550037,5
3382,0.01891891891891892,0.02506383377161001,0.0006281957633308985,5
3383,0.2702702702702703,0.3275738113756905,0.10730460189919648,5
3384,0.043243243243243246,0.032432432432432434,0.0010518626734842954,5
3385,0.11891891891891893,0.15322203008711746,0.023476990504017532,5
3386,0.01891891891891892,0.020225175063642926,0.0004090577063550037,5
3387,0.05945945945945946,0.04649905549752771,0.002162162162162162,5
3388,0.06756756756756757,0.07692026740950113,0.005916727538349161,5
3389,0.021621621621621623,0.013781133820521041,0.00018991964937910884,5
3390,0.032432432432432434,0.040630530752359215,0.0016508400292184078,5
3391,0.013513513513513514,0.017093392757666918,0.0002921840759678598,5
3392,0.013513513513513514,0.012086853932431297,0.0001460920379839299,5
3393,0.06756756756756757,0.04098851591379217,0.0016800584368151937,5
3394,0.01891891891891892,0.020225175063642926,0.0004090577063550037,5
3395,0.024324324324324326,0.030096023582864985,0.0009057706355003654,5
3396,0.15675675675675677,0.20540540540540542,0.04219138056975895,5
3397,0.04594594594594595,0.026480970192250573,0.0007012417823228634,5
3398,0.1297297297297297,0.22654388745617163,0.05132213294375455,5
3399,0.04594594594594595,0.027826027408072974,0.0007742878013148283,5
3400,0.04864864864864865,0.07720463165992271,0.0059605551497443395,5
3401,0.008108108108108109,0.010810810810810811,0.00011687363038714391,5
3402,0.06756756756756757,0.06564842054860065,0.004309715120525932,5
3403,0.07027027027027027,0.04391372110614033,0.0019284149013878745,5
3404,0.05675675675675675,0.04473769015472121,0.0020014609203798392,5
3405,0.06756756756756757,0.049097032769148514,0.0024105186267348432,5
3406,0.03513513513513514,0.03265688100971506,0.0010664718772826882,5
3407,0.0972972972972973,0.16822017642805878,0.028298027757487222,5
3408,0.13243243243243244,0.17607024297191712,0.031000730460189925,5
3409,0.02702702702702703,0.024173707864862594,0.0005843681519357196,5
3410,0.02702702702702703,0.024173707864862594,0.0005843681519357196,5
3411,0.06756756756756757,0.05056293765910732,0.002556610664718773,5
3412,0.03783783783783784,0.049393694277019104,0.0024397370343316295,5
3413,0.06486486486486487,0.09797064302914517,0.009598246895544192,5
3414,0.0891891891891892,0.07332248630405695,0.00537618699780862,5
3415,0.07567567567567568,0.15135135135135136,0.022907231555880207,5
3416,0.23513513513513512,0.19575479959169537,0.038319941563184814,5
3417,0.04864864864864865,0.03972145528837586,0.0015777940102264427,5
3418,0.07567567567567568,0.10170209579582043,0.010343316289262236,5
3419,0.02972972972972973,0.017927701569488648,0.0003214024835646458,5
3420,0.05135135135135136,0.032432432432432434,0.0010518626734842952,5
3421,0.04054054054054054,0.014803312365004491,0.00021913805697589486,5
3422,0.13243243243243244,0.20501385155149063,0.04203067932797663,5
3423,0.032432432432432434,0.02356161591103067,0.0005551497443389336,5
3424,0.03513513513513514,0.03151865889105568,0.0009934258582907233,5
3425,0.02972972972972973,0.027562267641042082,0.0007596785975164355,5
3426,0.032432432432432434,0.03972145528837586,0.0015777940102264427,5
3427,0.043243243243243246,0.034611482364501886,0.0011979547114682253,5
3428,0.010810810810810811,0.013240485096125286,0.00017531044558071585,5
3429,0.05945945945945946,0.05578315524473053,0.003111760409057707,5
3430,0.03513513513513514,0.041519706745235724,0.0017238860482103728,5
3431,0.02972972972972973,0.023249527748763855,0.0005405405405405405,5
3432,0.2,0.24375321915425915,0.05941563184806429,5
3433,0.01891891891891892,0.018330621576014238,0.00033601168736303877,5
3434,0.03783783783783784,0.03128604568321682,0.00097881665449233,5
3435,0.02702702702702703,0.024173707864862594,0.0005843681519357196,5
3436,0.02702702702702703,0.025640089136500375,0.0006574141709276845,5
3437,0.024324324324324326,0.02620367490495313,0.0006866325785244705,5
3438,0.02972972972972973,0.03128604568321683,0.0009788166544923303,5
3439,0.04594594594594595,0.04570685006834531,0.0020891161431701973,5
3440,0.024324324324324326,0.019860727644187934,0.00039444850255661074,5
3441,0.01891891891891892,0.02506383377161001,0.0006281957633308985,5
3442,0.03513513513513514,0.027826027408072974,0.0007742878013148283,5
3443,0.02702702702702703,0.022612433149569608,0.0005113221329437546,5
3444,0.03513513513513514,0.03265688100971506,0.0010664718772826882,5
3445,0.10270270270270272,0.1527923678389467,0.023345507669831997,5
3446,0.024324324324324326,0.02620367490495313,0.0006866325785244705,5
3447,0.013513513513513514,0.014803312365004491,0.00021913805697589486,5
3448,0.03513513513513514,0.018330621576014238,0.00033601168736303877,5
3449,0.0945945945945946,0.07352146220938079,0.005405405405405407,5
3450,0.02972972972972973,0.035651097184521405,0.0012710007304601902,5
3451,0.032432432432432434,0.03375674593728864,0.001139517896274653,5
3452,0.1,0.12014113930212361,0.014433893352812272,5
3453,0.032432432432432434,0.03685995053239421,0.0013586559532505478,5
3454,0.04594594594594595,0.03033776259546439,0.0009203798392987582,5
3455,0.06486486486486487,0.08081035885257326,0.006530314097881666,5
3456,0.032432432432432434,0.02356161591103067,0.0005551497443389336,5
3457,0.01891891891891892,0.03783783783783784,0.001431701972242513,5
3458,0.11621621621621622,0.10134234194190635,0.010270270270270271,5
3459,0.07297297297297298,0.06762160001728003,0.004572680788897006,5
3460,0.02972972972972973,0.027562267641042082,0.0007596785975164355,5
3461,0.016216216216216217,0.01575932944552784,0.0002483564645726808,5
3462,0.02972972972972973,0.02620367490495313,0.0006866325785244705,5
3463,0.01891891891891892,0.016216216216216217,0.0002629656683710738,5
3464,0.12432432432432435,0.14689381882920208,0.021577794010226446,5
3465,0.07027027027027027,0.06805231520007661,0.0046311176040905785,5
3466,0.05135135135135136,0.07710996009560599,0.005945945945945947,5
3467,0.08108108108108109,0.0694336896144061,0.0048210372534696865,5
3468,0.024324324324324326,0.036661243152028476,0.001344046749452155,5
3469,0.227027027027027,0.2758081292823551,0.07607012417823229,5
3470,0.03513513513513514,0.03375674593728864,0.001139517896274653,5
3471,0.01891891891891892,0.013781133820521041,0.00018991964937910884,5
3472,0.05675675675675675,0.057587231763952744,0.003316289262235208,5
3473,0.11081081081081082,0.16426563674619185,0.026983199415631855,5
3474,0.021621621621621623,0.021956860553070164,0.00048210372534696863,5
3475,0.01891891891891892,0.020225175063642926,0.0004090577063550037,5
3476,0.06756756756756757,0.09555497043061452,0.009130752373995616,5
3477,0.04864864864864865,0.058343332824115954,0.0034039444850255665,5
3478,0.043243243243243246,0.013240485096125286,0.00017531044558071585,5
3479,0.10270270270270272,0.16673726286688845,0.02780131482834186,5
3480,0.05675675675675675,0.09378027877241876,0.008794740686632578,5
3481,0.043243243243243246,0.036661243152028476,0.001344046749452155,5
3482,0.016216216216216217,0.021621621621621623,0.00046749452154857564,5
3483,0.06216216216216217,0.03265688100971506,0.0010664718772826882,5
3484,0.1945945945945946,0.17673278620834393,0.031234477720964205,5
3485,0.17567567567567569,0.24143471820678156,0.05829072315558802,5
3486,0.1,0.12694074125207977,0.016113951789627465,5
3487,0.013513513513513514,0.020935045114634687,0.0004382761139517897,5
3488,0.0891891891891892,0.08312733242826865,0.006910153396639885,5
3489,0.043243243243243246,0.03353965850267799,0.0011249086924762601,5
3490,0.19729729729729728,0.28276522485730954,0.07995617238860482,5
3491,0.01891891891891892,0.03151865889105568,0.0009934258582907233,5
3492,0.04864864864864865,0.027826027408072974,0.0007742878013148284,5
3493,0.07297297297297298,0.06762160001728003,0.004572680788897006,5
3494,0.02972972972972973,0.032432432432432434,0.0010518626734842954,5
3495,0.25135135135135134,0.2533342303881187,0.0641782322863404,5
3496,0.010810810810810811,0.010112587531821463,0.00010226442658875092,5
3497,0.03783783783783784,0.028856968248733274,0.0008327246165084004,5
3498,0.08648648648648649,0.09149357232330138,0.008371073776479181,5
3499,0.03513513513513514,0.013781133820521041,0.00018991964937910884,5
3500,0.03513513513513514,0.03265688100971506,0.0010664718772826882,5
3501,0.02702702702702703,0.024173707864862594,0.0005843681519357196,5
3502,0.04594594594594595,0.06542550506437948,0.004280496712929146,5
3503,0.021621621621621623,0.006620242548062643,4.382761139517896e-05,5
3504,0.021621621621621623,0.026480970192250573,0.0007012417823228634,5
3505,0.02972972972972973,0.034611482364501886,0.0011979547114682253,5
3506,0.07567567567567568,0.1116317644760183,0.012461650840029221,5
3507,0.024324324324324326,0.017927701569488648,0.0003214024835646458,5
3508,0.0891891891891892,0.07673010576528859,0.005887509130752374,5
3509,0.032432432432432434,0.027826027408072974,0.0007742878013148284,5
3510,0.021621621621621623,0.030337762595464394,0.0009203798392987585,5
3511,0.04864864864864865,0.03482188845060845,0.001212563915266618,5
3512,0.07567567567567568,0.10557851343040328,0.011146822498173847,5
3513,0.07027027027027026,0.09494144902837996,0.009013878743608471,5
3514,0.05405405405405406,0.05472555873328808,0.002994886778670563,5
3515,0.04054054054054054,0.0319788096383763,0.0010226442658875091,5
3516,0.016216216216216217,0.010112587531821463,0.00010226442658875092,5
3517,0.02702702702702703,0.019110994086122907,0.00036523009495982475,5
3518,0.05945945945945946,0.04407974710891917,0.0019430241051862675,5
3519,0.05135135135135136,0.030096023582864985,0.0009057706355003654,5
3520,0.08648648648648649,0.07480190542215161,0.0055953250547845145,5
3521,0.02702702702702703,0.008546696378833459,7.304601899196495e-05,5
3522,0.04864864864864865,0.03482188845060845,0.001212563915266618,5
3523,0.06486486486486487,0.034611482364501886,0.0011979547114682253,5
3524,0.08108108108108109,0.07971827677704123,0.00635500365230095,5
3525,0.01891891891891892,0.010810810810810811,0.00011687363038714391,5
3526,0.032432432432432434,0.02356161591103067,0.0005551497443389336,5
3527,0.02702702702702703,0.04758599151799733,0.0022644265887509134,5
3528,0.08378378378378379,0.09759713559604209,0.009525200876552228,5
3529,0.03513513513513514,0.029108998957483805,0.0008473338203067932,5
3530,0.07567567567567568,0.02506383377161001,0.0006281957633308985,5
3531,0.02702702702702703,0.014803312365004491,0.00021913805697589486,5
3532,0.04594594594594595,0.029108998957483805,0.0008473338203067932,5
3533,0.02702702702702703,0.04758599151799733,0.0022644265887509134,5
3534,0.07027027027027027,0.04473769015472121,0.0020014609203798392,5
3535,0.03513513513513514,0.02506383377161001,0.0006281957633308985,5
3536,0.08108108108108109,0.09856531096654308,0.009715120525931337,5
3537,0.032432432432432434,0.021956860553070164,0.00048210372534696863,5
3538,0.04054054054054054,0.049097032769148514,0.0024105186267348432,5
3539,0.04054054054054054,0.06783729944870882,0.004601899196493791,5
3540,0.043243243243243246,0.03128604568321682,0.00097881665449233,5
3541,0.05675675675675675,0.027562267641042082,0.0007596785975164355,5
3542,0.02702702702702703,0.030815552029706435,0.0009495982468955444,5
3543,0.01891891891891892,0.006620242548062643,4.382761139517896e-05,5
3544,0.04594594594594595,0.06019204716572997,0.0036230825420014616,5
3545,0.043243243243243246,0.021621621621621623,0.00046749452154857564,5
3546,0.05945945945945946,0.03972145528837586,0.0015777940102264427,5
3547,0.08378378378378379,0.07016624316620092,0.004923301680058437,5
3548,0.02702702702702703,0.019110994086122907,0.00036523009495982475,5
3549,0.021621621621621623,0.018330621576014238,0.00033601168736303877,5
3550,0.07297297297297298,0.11389895949029988,0.012972972972972974,5
3551,0.021621621621621623,0.021956860553070164,0.00048210372534696863,5
3552,0.06486486486486487,0.06303731778211136,0.003973703433162893,5
3553,0.024324324324324326,0.023249527748763855,0.0005405405405405405,5
3554,0.04864864864864865,0.02356161591103067,0.0005551497443389336,5
3555,0.05675675675675675,0.03353965850267799,0.00112490869247626,5
3556,0.03513513513513514,0.02506383377161001,0.0006281957633308985,5
3557,0.043243243243243246,0.03764429264103816,0.00141709276844412,5
3558,0.10810810810810811,0.1761946596000716,0.031044558071585106,5
3559,0.0891891891891892,0.0743120382965812,0.00552227903579255,5
3560,0.021621621621621623,0.030337762595464394,0.0009203798392987585,5
3561,0.05135135135135136,0.04554675553068303,0.0020745069393718046,5
3562,0.03783783783783784,0.023249527748763855,0.0005405405405405405,5
3563,0.032432432432432434,0.02506383377161001,0.0006281957633308985,5
3564,0.04864864864864865,0.04239023551718411,0.0017969320672023374,5
3565,0.07567567567567568,0.11768400571393102,0.01384952520087655,5
3566,0.043243243243243246,0.03128604568321683,0.0009788166544923303,5
3567,0.03783783783783784,0.03128604568321682,0.00097881665449233,5
3568,0.008108108108108109,0.010810810810810811,0.00011687363038714391,5
3569,0.06216216216216217,0.06542550506437948,0.004280496712929146,5
3570,0.13783783783783782,0.195904002966704,0.03837837837837837,5
3571,0.010810810810810811,0.01575932944552784,0.0002483564645726808,5
3572,0.07567567567567568,0.09654362756482027,0.009320672023374724,5
3573,0.016216216216216217,0.021621621621621623,0.00046749452154857564,5
3574,0.15945945945945947,0.13388611974595496,0.017925493060628194,5
3575,0.04594594594594595,0.020225175063642926,0.0004090577063550037,5
3576,0.02972972972972973,0.021621621621621623,0.00046749452154857564,5
3577,0.02972972972972973,0.02620367490495313,0.0006866325785244705,5
3578,0.043243243243243246,0.027562267641042082,0.0007596785975164354,5
3579,0.01891891891891892,0.02356161591103067,0.0005551497443389336,5
3580,0.01891891891891892,0.018330621576014238,0.00033601168736303877,5
3581,0.11891891891891893,0.172083863564666,0.02961285609934259,5
3582,0.04594594594594595,0.035855403138977296,0.001285609934258583,5
3583,0.02702702702702703,0.022612433149569608,0.0005113221329437546,5
3584,0.05945945945945946,0.08572298122785788,0.007348429510591674,5
3585,0.04054054054054054,0.03725418581646006,0.001387874360847334,5
3586,0.05135135135135136,0.026203674904953133,0.0006866325785244706,5
3587,0.08378378378378379,0.0696437769012169,0.004850255661066473,5
3588,0.04864864864864865,0.03879108133623601,0.0015047479912344778,5
3589,0.23513513513513512,0.13421307046416364,0.018013148283418552,5
3590,0.227027027027027,0.27765584532676385,0.0770927684441198,5
3591,0.2702702702702703,0.31063449758258604,0.09649379108838567,5
3592,0.03513513513513514,0.029108998957483805,0.0008473338203067932,5
3593,0.01891891891891892,0.006620242548062643,4.382761139517896e-05,5
3594,0.01891891891891892,0.016216216216216217,0.0002629656683710738,5
3595,0.05135135135135136,0.03764429264103816,0.00141709276844412,5
3596,0.04594594594594595,0.035855403138977296,0.001285609934258583,5
3597,0.1,0.092683395672877,0.008590211833455076,5
3598,0.043243243243243246,0.02620367490495313,0.0006866325785244705,5
3599,0.04594594594594595,0.03375674593728864,0.001139517896274653,5
3600,0.1972972972972973,0.25505839432224925,0.06505478451424399,5
3601,0.05945945945945946,0.021956860553070164,0.00048210372534696863,5
3602,0.02972972972972973,0.02620367490495313,0.0006866325785244705,5
3603,0.04054054054054054,0.019110994086122907,0.00036523009495982475,5
3604,0.04594594594594595,0.02506383377161001,0.0006281957633308985,5
3605,0.06756756756756757,0.04098851591379217,0.0016800584368151937,5
3606,0.032432432432432434,0.03482188845060845,0.001212563915266618,5
3607,0.02972972972972973,0.021621621621621623,0.00046749452154857564,5
3608,0.05135135135135136,0.023249527748763855,0.0005405405405405405,5
3609,0.05135135135135136,0.030096023582864985,0.0009057706355003654,5
3610,0.013513513513513514,0.014803312365004491,0.00021913805697589486,5
3611,0.05135135135135136,0.02620367490495313,0.0006866325785244705,5
3612,0.05675675675675675,0.03353965850267799,0.0011249086924762601,5
3613,0.05405405405405406,0.04008755938970629,0.0016070124178232288,5
3614,0.02702702702702703,0.034186785515333835,0.0011687363038714392,5
3615,0.14054054054054055,0.20163683733615664,0.04065741417092769,5
3616,0.04054054054054054,0.034186785515333835,0.0011687363038714392,5
3617,0.03513513513513514,0.03375674593728864,0.001139517896274653,5
3618,0.02972972972972973,0.02620367490495313,0.0006866325785244705,5
3619,0.14054054054054052,0.1955681352986545,0.038246895544192826,5
3620,0.1,0.1055785134304033,0.011146822498173848,5
3621,0.127027027027027,0.21496258189349376,0.04620891161431702,5
3622,0.013513513513513514,0.014803312365004491,0.00021913805697589486,5
3623,0.02972972972972973,0.027562267641042082,0.0007596785975164355,5
3624,0.02972972972972973,0.03128604568321683,0.0009788166544923303,5
3625,0.12972972972972974,0.2066463227417868,0.04270270270270271,5
3626,0.05405405405405406,0.06783729944870882,0.004601899196493791,5
3627,0.043243243243243246,0.024770679432193732,0.0006135865595325056,5
3628,0.04054054054054054,0.02702702702702703,0.0007304601899196494,5
3629,0.07837837837837838,0.11637324400870802,0.013542731921110298,5
3630,0.08108108108108109,0.07201574375391474,0.0051862673484295106,5
3631,0.02702702702702703,0.022612433149569608,0.0005113221329437546,5
3632,0.008108108108108109,0.010810810810810811,0.00011687363038714391,5
3633,0.04594594594594595,0.05027317631821156,0.002527392257121987,5
3634,0.22432432432432434,0.3280862898485085,0.10764061358655955,5
3635,0.0972972972972973,0.07567567567567568,0.005726807888970052,5
3636,0.08648648648648649,0.08400146090767596,0.0070562454346238136,5
3637,0.0891891891891892,0.1584254150243551,0.02509861212563915,5
3638,0.16486486486486487,0.13443059584265826,0.018071585098612127,5
3639,0.03513513513513514,0.029108998957483805,0.0008473338203067932,5
3640,0.05675675675675675,0.06303731778211136,0.003973703433162893,5
3641,0.05135135135135136,0.03764429264103816,0.00141709276844412,5
3642,0.04054054054054054,0.022612433149569608,0.0005113221329437546,5
3643,0.2189189189189189,0.21046402523169497,0.044295105916727535,5
3644,0.1027027027027027,0.15888582115350341,0.025244704163623077,5
3645,0.01891891891891892,0.02506383377161001,0.0006281957633308985,5
3646,0.04054054054054054,0.028346185085679772,0.0008035062089116144,5
3647,0.02702702702702703,0.028346185085679772,0.0008035062089116144,5
3648,0.04864864864864865,0.03151865889105568,0.0009934258582907233,5
3649,0.07027027027027027,0.10090894433834849,0.010182615047479913,5
3650,0.19189189189189187,0.2967316486202888,0.08804967129291452,5
3651,0.05135135135135136,0.043073993109484406,0.0018553688823959098,5
3652,0.021621621621621623,0.027826027408072974,0.0007742878013148283,5
3653,0.01891891891891892,0.026480970192250573,0.0007012417823228634,5
3654,0.02702702702702703,0.028346185085679772,0.0008035062089116144,5
3655,0.15945945945945947,0.17293073808698797,0.029905040175310437,5
3656,0.0891891891891892,0.11830307366615833,0.013995617238860484,5
3657,0.19189189189189187,0.28988297681712266,0.08403214024835648,5
3658,0.09189189189189188,0.09871341820405229,0.009744338933528121,5
3659,0.04054054054054054,0.03626056179729389,0.001314828341855369,5
3660,0.02972972972972973,0.03128604568321683,0.0009788166544923303,5
3661,0.03783783783783784,0.02620367490495313,0.0006866325785244705,5
3662,0.11891891891891893,0.17731048072277542,0.03143900657414171,5
3663,0.16756756756756758,0.157268502983526,0.024733382030679325,5
3664,0.05135135135135136,0.03764429264103816,0.00141709276844412,5
3665,0.032432432432432434,0.02356161591103067,0.0005551497443389336,5
3666,0.06486486486486487,0.06531376201943012,0.004265887509130753,5
3667,0.032432432432432434,0.02506383377161001,0.0006281957633308985,5
3668,0.0891891891891892,0.0786110247148594,0.006179693206720234,5
3669,0.227027027027027,0.3605247372848393,0.1299780861943024,5
3670,0.03783783783783784,0.03128604568321682,0.00097881665449233,5
3671,0.04054054054054054,0.030815552029706435,0.0009495982468955444,5
3672,0.03783783783783784,0.03128604568321682,0.00097881665449233,5
3673,0.04864864864864865,0.035855403138977296,0.001285609934258583,5
3674,0.03513513513513514,0.018330621576014238,0.00033601168736303877,5
3675,0.05135135135135136,0.028856968248733274,0.0008327246165084004,5
3676,0.04594594594594595,0.027826027408072974,0.0007742878013148284,5
3677,0.08648648648648649,0.07625262691711289,0.00581446311176041,5
3678,0.05405405405405406,0.029606624730008982,0.0008765522279035794,5
3679,0.03783783783783784,0.02620367490495313,0.0006866325785244705,5
3680,0.16486486486486487,0.2840282087658303,0.08067202337472608,5
3681,0.024324324324324326,0.030096023582864985,0.0009057706355003654,5
3682,0.02702702702702703,0.034186785515333835,0.0011687363038714392,5
3683,0.06756756756756757,0.0689056691026052,0.004747991234477721,5
3684,0.02972972972972973,0.02620367490495313,0.0006866325785244705,5
3685,0.013513513513513514,0.012086853932431297,0.0001460920379839299,5
3686,0.04594594594594595,0.021956860553070164,0.00048210372534696863,5
3687,0.02972972972972973,0.032432432432432434,0.0010518626734842954,5
3688,0.03783783783783784,0.02620367490495313,0.0006866325785244705,5
3689,0.11081081081081082,0.12485199418866053,0.01558802045288532,5
3690,0.04054054054054054,0.022612433149569608,0.0005113221329437546,5
3691,0.04054054054054054,0.017093392757666918,0.0002921840759678598,5
3692,0.03783783783783784,0.01575932944552784,0.0002483564645726808,5
3693,0.07297297297297298,0.0809007002545717,0.006544923301680059,5
3694,0.05135135135135136,0.024770679432193732,0.0006135865595325056,5
3695,0.04054054054054054,0.022612433149569608,0.0005113221329437546,5
3696,0.07837837837837838,0.058217997914967616,0.0033893352812271738,5
3697,0.021621621621621623,0.006620242548062643,4.382761139517896e-05,5
3698,0.10810810810810811,0.07644397634449163,0.005843681519357195,5
3699,0.04864864864864865,0.051705747215429705,0.002673484295105917,5
3700,0.06486486486486487,0.032432432432432434,0.0010518626734842952,5
3701,0.254054054054054,0.3091494966017039,0.09557341124908693,5
3702,0.02702702702702703,0.034186785515333835,0.0011687363038714392,5
3703,0.03513513513513514,0.021956860553070164,0.00048210372534696863,5
3704,0.12972972972972974,0.18000892762536988,0.032403214024835654,5
3705,0.06486486486486487,0.05012766754322002,0.002512783053323594,5
3706,0.06486486486486487,0.017927701569488648,0.0003214024835646458,5
3707,0.1135135135135135,0.1622972410378641,0.026340394448502558,5
3708,0.02702702702702703,0.019110994086122907,0.00036523009495982475,5
3709,0.04054054054054054,0.029606624730008982,0.0008765522279035794,5
3710,0.07027027027027027,0.038602315829961355,0.0014901387874360849,5
3711,0.227027027027027,0.3739509309497941,0.13983929875821768,5
3712,0.04594594594594595,0.04407974710891917,0.0019430241051862675,5
3713,0.05135135135135136,0.03128604568321683,0.0009788166544923303,5
3714,0.20810810810810812,0.3154877263515198,0.09953250547845142,5
3715,0.08648648648648649,0.12694074125207977,0.016113951789627465,5
3716,0.14594594594594595,0.24509803348658665,0.06007304601899196,5
3717,0.07297297297297298,0.06974858324629157,0.0048648648648648655,5
3718,0.032432432432432434,0.02356161591103067,0.0005551497443389336,5
3719,0.0945945945945946,0.09044973259827843,0.008181154127100073,5
3720,0.02972972972972973,0.021621621621621623,0.00046749452154857564,5
3721,0.05135135135135136,0.04554675553068303,0.0020745069393718046,5
3722,0.06486486486486487,0.027562267641042082,0.0007596785975164355,5
3723,0.043243243243243246,0.023249527748763855,0.0005405405405405405,5
3724,0.12432432432432435,0.2352127861841576,0.05532505478451425,5
3725,0.23513513513513512,0.3694506612369041,0.1364937910883857,5
3726,0.2027027027027027,0.17763974838005384,0.03155588020452884,5
3727,0.02702702702702703,0.025640089136500375,0.0006574141709276845,5
3728,0.1,0.08824231198548384,0.0077867056245434635,5
3729,0.10540540540540541,0.15081952895463469,0.022746530314097888,5
3730,0.02972972972972973,0.02620367490495313,0.0006866325785244705,5
3731,0.04864864864864865,0.026480970192250573,0.0007012417823228634,5
3732,0.2,0.31302384873332223,0.09798392987582179,5
3733,0.04864864864864865,0.010810810810810811,0.00011687363038714391,5
3734,0.02702702702702703,0.03310121274031322,0.0010956902848794743,5
3735,0.0972972972972973,0.14131801580974457,0.019970781592403213,5
3736,0.1783783783783784,0.1909952404762676,0.036479181884587285,5
3737,0.04864864864864865,0.03879108133623601,0.0015047479912344778,5
3738,0.0945945945945946,0.11044765806325701,0.012198685171658143,5
3739,0.05945945945945946,0.04570685006834531,0.0020891161431701973,5
3740,0.02972972972972973,0.028856968248733274,0.0008327246165084004,5
3741,0.04864864864864865,0.02506383377161001,0.0006281957633308985,5
3742,0.043243243243243246,0.02620367490495313,0.0006866325785244705,5
3743,0.06486486486486487,0.03353965850267799,0.0011249086924762601,5
3744,0.032432432432432434,0.02356161591103067,0.0005551497443389336,5
3745,0.016216216216216217,0.026203674904953133,0.0006866325785244706,5
3746,0.0891891891891892,0.11953159128376206,0.014287801314828343,5
3747,0.11621621621621622,0.0972972972972973,0.009466764061358657,5
3748,0.15135135135135136,0.19775954735055912,0.039108838568298034,5
3749,0.05135135135135136,0.05758723176395276,0.0033162892622352093,5
3750,0.27297297297297296,0.24285253907281368,0.05897735573411249,5
3751,0.04864864864864865,0.03151865889105568,0.0009934258582907233,5
3752,0.13243243243243244,0.10756620941693189,0.011570489408327245,5
3753,0.23243243243243245,0.3715995079415613,0.1380861943024105,5
3754,0.07297297297297298,0.09424646364412267,0.008882395909422936,5
3755,0.024324324324324326,0.019860727644187934,0.00039444850255661074,5
3756,0.05135135135135136,0.028856968248733274,0.0008327246165084004,5
3757,0.08108108108108109,0.0815302871837749,0.00664718772826881,5
3758,0.03783783783783784,0.023249527748763855,0.0005405405405405405,5
3759,0.016216216216216217,0.010112587531821463,0.00010226442658875092,5
3760,0.01891891891891892,0.013781133820521041,0.00018991964937910884,5
3761,0.016216216216216217,0.005405405405405406,2.9218407596785978e-05,5
3762,0.02702702702702703,0.014803312365004491,0.00021913805697589486,5
3763,0.043243243243243246,0.03128604568321683,0.0009788166544923303,5
3764,0.05135135135135136,0.05364711686832219,0.002878013148283419,5
3765,0.06486486486486487,0.05364711686832219,0.002878013148283419,5
3766,0.010810810810810811,0.013240485096125286,0.00017531044558071585,5
3767,0.2621621621621622,0.21581043002894196,0.04657414170927685,5
3768,0.03513513513513514,0.03879108133623601,0.0015047479912344778,5
3769,0.17567567567567569,0.27282575639556517,0.07443389335281228,5
3770,0.032432432432432434,0.040630530752359215,0.0016508400292184078,5
3771,0.07297297297297298,0.06257209136643366,0.003915266617969321,5
3772,0.03513513513513514,0.029108998957483805,0.0008473338203067932,5
3773,0.17297297297297298,0.27220926080030644,0.07409788166544924,5
3774,0.01891891891891892,0.018330621576014238,0.00033601168736303877,5
3775,0.05135135135135136,0.04634169783643851,0.00214755295836377,5
3776,0.08378378378378379,0.05758723176395275,0.0033162892622352084,5
3777,0.07027027027027027,0.07016624316620092,0.004923301680058437,5
3778,0.043243243243243246,0.01575932944552784,0.0002483564645726808,5
3779,0.021621621621621623,0.018330621576014238,0.00033601168736303877,5
3780,0.05135135135135136,0.05630450447567476,0.003170197224251279,5
3781,0.15945945945945947,0.22538012691231765,0.05079620160701241,5
3782,0.1837837837837838,0.2877585222531063,0.08280496712929146,5
3783,0.04864864864864865,0.035855403138977296,0.001285609934258583,5
3784,0.04864864864864865,0.018330621576014238,0.00033601168736303877,5
3785,0.08108108108108107,0.09085262872417085,0.008254200146092036,5
3786,0.07837837837837838,0.04789201390991717,0.0022936449963476993,5
3787,0.2135135135135135,0.3397674622663291,0.11544192841490138,5
3788,0.1135135135135135,0.08529585858410539,0.007275383491599706,5
3789,0.016216216216216217,0.01986072764418793,0.0003944485025566107,5
3790,0.016216216216216217,0.013240485096125286,0.00017531044558071585,5
3791,0.227027027027027,0.36655265288062,0.13436084733382028,5
3792,0.0945945945945946,0.1293349850162746,0.016727538349159975,5
3793,0.12432432432432432,0.11637324400870802,0.013542731921110298,5
3794,0.043243243243243246,0.03764429264103816,0.00141709276844412,5
3795,0.1,0.07480190542215161,0.0055953250547845145,5
3796,0.03513513513513514,0.018330621576014238,0.00033601168736303877,5
3797,0.04594594594594595,0.041519706745235724,0.0017238860482103728,5
3798,0.08648648648648649,0.09767195134914947,0.009539810080350621,5
3799,0.08378378378378379,0.0843485758612283,0.007114682249817386,5
3800,0.06486486486486487,0.02620367490495313,0.0006866325785244705,5
3801,0.1027027027027027,0.11983675285078574,0.014360847333820304,5
3802,0.11621621621621622,0.21900231978251777,0.047962016070124174,5
3803,0.07837837837837838,0.07221832008587777,0.005215485756026297,5
3804,0.0918918918918919,0.1182413127255533,0.013981008035062092,5
3805,0.06216216216216217,0.06869332447102074,0.004718772826880936,5
3806,0.02972972972972973,0.035651097184521405,0.0012710007304601902,5
3807,0.14864864864864863,0.14950612633447927,0.02235208181154127,5
3808,0.13513513513513514,0.1655060637015661,0.02739225712198685,5
3809,0.04864864864864865,0.035855403138977296,0.001285609934258583,5
3810,0.02972972972972973,0.01575932944552784,0.0002483564645726808,5
3811,0.032432432432432434,0.03151865889105568,0.0009934258582907233,5
3812,0.024324324324324326,0.023249527748763855,0.0005405405405405405,5
3813,0.06756756756756757,0.12177167920074389,0.014828341855368882,5
3814,0.05405405405405406,0.03725418581646006,0.001387874360847334,5
3815,0.03783783783783784,0.03128604568321683,0.0009788166544923303,5
3816,0.14594594594594595,0.21779826613952194,0.047436084733382025,5
3817,0.043243243243243246,0.021621621621621623,0.00046749452154857564,5
3818,0.04054054054054054,0.03523893192001432,0.0012417823228634043,5
3819,0.05135135135135136,0.03764429264103816,0.0014170927684441202,5
3820,0.21891891891891896,0.3779341021089368,0.14283418553688826,5
3821,0.14054054054054052,0.14342161255590916,0.020569758948137323,5
3822,0.05675675675675675,0.059459459459459456,0.0035354273192111027,5
3823,0.08378378378378379,0.10991729409547435,0.012081811541271002,5
3824,0.0918918918918919,0.09299811099505542,0.008648648648648649,5
3825,0.23513513513513512,0.3697471151278419,0.13671292914536157,5
3826,0.11081081081081082,0.15605621657569782,0.024353542731921106,5
3827,0.05945945945945946,0.040630530752359215,0.0016508400292184078,5
3828,0.02972972972972973,0.023249527748763855,0.0005405405405405405,5
3829,0.02972972972972973,0.01575932944552784,0.0002483564645726808,5
3830,0.06756756756756757,0.046812183988348036,0.0021913805697589485,5
3831,0.2594594594594595,0.36183930748496346,0.13092768444119793,5
3832,0.15945945945945947,0.10341149443085941,0.010693937180423668,5
3833,0.08378378378378379,0.06805231520007661,0.0046311176040905785,5
3834,0.1054054054054054,0.10376407470514847,0.010766983199415632,5
3835,0.02702702702702703,0.012086853932431297,0.0001460920379839299,5
3836,0.07567567567567568,0.06315308889485363,0.003988312636961286,5
3837,0.03783783783783784,0.028856968248733274,0.0008327246165084004,5
3838,0.032432432432432434,0.018330621576014238,0.00033601168736303877,5
3839,0.02972972972972973,0.02620367490495313,0.0006866325785244705,5
3840,0.032432432432432434,0.03033776259546439,0.0009203798392987582,5
3841,0.32972972972972975,0.3455445306241525,0.11940102264426589,5
3842,0.05675675675675675,0.03353965850267799,0.0011249086924762601,5
3843,0.3891891891891892,0.3944835089841933,0.15561723886048212,5
3844,0.05135135135135136,0.032432432432432434,0.0010518626734842952,5
3845,0.05135135135135136,0.021621621621621623,0.00046749452154857564,5
3846,0.11891891891891893,0.08259841508073582,0.006822498173849526,5
3847,0.043243243243243246,0.04134340146156312,0.0017092768444119798,5
3848,0.07027027027027027,0.07710996009560597,0.005945945945945946,5
3849,0.22972972972972974,0.3001095490268392,0.09006574141709278,5
3850,0.05405405405405406,0.03310121274031322,0.0010956902848794743,5
3851,0.17027027027027025,0.14007198399837772,0.019620160701241784,5
3852,0.254054054054054,0.3572682655744273,0.1276406135865595,5
3853,0.05405405405405406,0.028346185085679772,0.0008035062089116144,5
3854,0.024324324324324326,0.021621621621621623,0.00046749452154857564,5
3855,0.06756756756756757,0.06620242548062644,0.004382761139517897,5
3856,0.21621621621621623,0.2969285182048058,0.08816654492330168,5
3857,0.22432432432432434,0.3750432164043601,0.1406574141709277,5
3858,0.07837837837837838,0.09684579928199415,0.009379108838568299,5
3859,0.07567567567567568,0.11228420582616751,0.01260774287801315,5
3860,0.04864864864864865,0.027826027408072974,0.0007742878013148284,5
3861,0.05675675675675675,0.036661243152028476,0.001344046749452155,5
3862,0.05405405405405406,0.03822198817224581,0.001460920379839299,5
3863,0.043243243243243246,0.019860727644187934,0.00039444850255661074,5
3864,0.008108108108108109,0.010810810810810811,0.00011687363038714391,5
3865,0.05405405405405406,0.025640089136500375,0.0006574141709276845,5
3866,0.07567567567567568,0.016216216216216217,0.0002629656683710738,5
3867,0.05135135135135136,0.03128604568321682,0.00097881665449233,5
3868,0.08378378378378379,0.12129084147198313,0.014711468224981742,5
3869,0.0891891891891892,0.03685995053239421,0.001358655953250548,5
3870,0.05135135135135136,0.03764429264103816,0.00141709276844412,5
3871,0.06486486486486487,0.07758216267247202,0.006018991964937911,5
3872,0.04054054054054054,0.05604443609007492,0.0031409788166544923,5
3873,0.16216216216216217,0.2436932773805373,0.0593864134404675,5
3874,0.03513513513513514,0.03375674593728864,0.001139517896274653,5
3875,0.0945945945945946,0.09631637665516467,0.009276844411979549,5
3876,0.04594594594594595,0.03879108133623601,0.0015047479912344778,5
3877,0.06486486486486487,0.035651097184521405,0.0012710007304601902,5
3878,0.22162162162162163,0.37591864590873303,0.1413148283418554,5
3879,0.07027027027027027,0.05565205481614595,0.0030971512052593133,5
3880,0.15135135135135136,0.23676045906027865,0.05605551497443388,5
3881,0.03783783783783784,0.03353965850267799,0.0011249086924762601,5
3882,0.03513513513513514,0.02506383377161001,0.0006281957633308985,5
3883,0.07027027027027026,0.10756620941693189,0.011570489408327245,5
3884,0.11081081081081082,0.14614600902265704,0.02135865595325055,5
3885,0.06216216216216217,0.08572298122785788,0.007348429510591674,5
3886,0.05135135135135136,0.03764429264103816,0.00141709276844412,5
3887,0.12702702702702703,0.18222711168689268,0.03320672023374726,5
3888,0.06486486486486487,0.05499186472804272,0.003024105186267349,5
3889,0.2135135135135135,0.30808439927746945,0.09491599707815923,5
3890,0.05135135135135136,0.03353965850267799,0.0011249086924762601,5
3891,0.021621621621621623,0.018330621576014238,0.00033601168736303877,5
3892,0.12432432432432435,0.13001095644114263,0.016902848794740688,5
3893,0.04864864864864865,0.07078811272275023,0.005010956902848794,5
3894,0.02972972972972973,0.021621621621621623,0.00046749452154857564,5
3895,0.2702702702702703,0.2539677829369407,0.06449963476990504,5
3896,0.024324324324324326,0.005405405405405406,2.9218407596785978e-05,5
3897,0.013513513513513514,0.012086853932431297,0.0001460920379839299,5
3898,0.04864864864864865,0.03879108133623601,0.0015047479912344778,5
3899,0.1135135135135135,0.08824231198548382,0.007786705624543462,5
3900,0.04054054054054054,0.049097032769148514,0.0024105186267348432,5
3901,0.06216216216216217,0.043243243243243246,0.0018699780861943026,5
3902,0.07297297297297298,0.05240734980990626,0.002746530314097882,5
3903,0.11081081081081082,0.13658679749722463,0.01865595325054785,5
3904,0.23243243243243245,0.3716977808938365,0.13815924032140248,5
3905,0.06216216216216217,0.07907426399096106,0.006252739225712199,5
3906,0.06486486486486487,0.030096023582864985,0.0009057706355003654,5
3907,0.15135135135135133,0.21662124226501486,0.04692476260043826,5
3908,0.07837837837837838,0.06245524328806131,0.0039006574141709277,5
3909,0.04864864864864865,0.07720463165992271,0.0059605551497443395,5
3910,0.1,0.09228849231872363,0.008517165814463112,5
3911,0.03513513513513514,0.03033776259546439,0.0009203798392987582,5
3912,0.2864864864864865,0.3153487755734293,0.09944485025566106,5
3913,0.013513513513513514,0.008546696378833459,7.304601899196495e-05,5
3914,0.05405405405405406,0.014803312365004491,0.00021913805697589486,5
3915,0.0918918918918919,0.08939370491103367,0.007991234477720965,5
3916,0.227027027027027,0.28066497266480367,0.07877282688093498,5
3917,0.10270270270270272,0.09228849231872364,0.008517165814463113,5
3918,0.043243243243243246,0.06127450837164668,0.0037545653761869983,5
3919,0.1,0.1300671288163888,0.016917457998539078,5
3920,0.31351351351351353,0.3833076605032024,0.1469247626004383,5
3921,0.2,0.30689662247773203,0.09418553688823958,5
3922,0.20270270270270271,0.3516630633907926,0.12366691015339662,5
3923,0.06486486486486487,0.028856968248733274,0.0008327246165084004,5
3924,0.02702702702702703,0.017093392757666918,0.0002921840759678598,5
3925,0.33783783783783783,0.3218373112779286,0.1035792549306063,5
3926,0.10270270270270272,0.07078811272275025,0.005010956902848795,5
3927,0.04054054054054054,0.03523893192001432,0.0012417823228634043,5
3928,0.0891891891891892,0.08443513163142329,0.007129291453615778,5
3929,0.008108108108108109,0.006620242548062643,4.382761139517896e-05,5
3930,0.3918918918918919,0.34737878947155953,0.12067202337472607,5
3931,0.03783783783783784,0.017927701569488648,0.0003214024835646458,5
3932,0.02702702702702703,0.028346185085679772,0.0008035062089116144,5
3933,0.008108108108108109,0.010810810810810811,0.00011687363038714391,5
3934,0.06216216216216217,0.08090070025457172,0.00654492330168006,5
3935,0.032432432432432434,0.013781133820521041,0.00018991964937910884,5
3936,0.0945945945945946,0.04758599151799733,0.0022644265887509134,5
3937,0.12432432432432435,0.1815846165647657,0.03297297297297298,5
3938,0.1864864864864865,0.210290417988399,0.044222059897735574,5
3939,0.05135135135135136,0.03353965850267799,0.0011249086924762601,5
3940,0.06486486486486487,0.05156428115767274,0.0026588750913075243,5
3941,0.11621621621621622,0.08179862675903544,0.006691015339663989,5
3942,0.1027027027027027,0.13421307046416364,0.018013148283418552,5
3943,0.27297297297297296,0.29795994946105453,0.08878013148283417,5
3944,0.04594594594594595,0.027826027408072974,0.0007742878013148283,5
3945,0.04594594594594595,0.03783783783783784,0.001431701972242513,5
3946,0.05675675675675675,0.06245524328806131,0.0039006574141709277,5
3947,0.03513513513513514,0.02356161591103067,0.0005551497443389336,5
3948,0.07567567567567568,0.08782744221228066,0.007713659605551498,5
3949,0.06756756756756757,0.04834741572972518,0.002337472607742878,5
3950,0.06486486486486487,0.0493936942770191,0.002439737034331629,5
3951,0.1891891891891892,0.2630106081233052,0.06917457998539081,5
3952,0.032432432432432434,0.016216216216216217,0.0002629656683710738,5
3953,0.04054054054054054,0.04187009022926937,0.0017531044558071588,5
3954,0.043243243243243246,0.023249527748763855,0.0005405405405405405,5
3955,0.07027027027027027,0.06587058165921049,0.004338933528122718,5
3956,0.1135135135135135,0.09989037087879096,0.00997808619430241,5
3957,0.06756756756756757,0.07201574375391474,0.0051862673484295106,5
3958,0.1,0.10206058155945517,0.010416362308254202,5
3959,0.024324324324324326,0.028856968248733274,0.0008327246165084004,5
3960,0.1027027027027027,0.13849868081425898,0.01918188458728999,5
3961,0.17027027027027025,0.22958660088211139,0.0527100073046019,5
3962,0.07567567567567568,0.08224391380920508,0.006764061358655954,5
3963,0.1,0.08824231198548384,0.0077867056245434635,5
3964,0.14054054054054055,0.1586557850966397,0.025171658144631116,5
3965,0.03783783783783784,0.01575932944552784,0.0002483564645726808,5
3966,0.13513513513513514,0.19805482119525686,0.03922571219868516,5
3967,0.12432432432432432,0.16247717151555824,0.026398831263696125,5
3968,0.13783783783783785,0.18457698463744726,0.03406866325785245,5
3969,0.02702702702702703,0.025640089136500375,0.0006574141709276845,5
3970,0.13513513513513514,0.15407776014853217,0.023739956172388603,5
3971,0.04054054054054054,0.022612433149569608,0.0005113221329437546,5
3972,0.06486486486486487,0.027562267641042082,0.0007596785975164355,5
3973,0.17297297297297295,0.3125567881199413,0.09769174579985389,5
3974,0.0945945945945946,0.11110705292483494,0.012344777209642072,5
3975,0.15675675675675677,0.09989037087879096,0.00997808619430241,5
3976,0.14054054054054052,0.24137420066774168,0.05826150474799122,5
3977,0.04054054054054054,0.04273348189416729,0.0018261504747991235,5
3978,0.03513513513513514,0.02356161591103067,0.0005551497443389336,5
3979,0.032432432432432434,0.03033776259546439,0.0009203798392987582,5
3980,0.24864864864864863,0.36477476364979433,0.1330606281957633,5
3981,0.04054054054054054,0.014803312365004491,0.00021913805697589486,5
3982,0.1864864864864865,0.3201761750245068,0.1025127830533236,5
3983,0.03783783783783784,0.030096023582864985,0.0009057706355003654,5
3984,0.03513513513513514,0.03879108133623601,0.0015047479912344778,5
3985,0.04054054054054054,0.024173707864862594,0.0005843681519357196,5
3986,0.08108108108108109,0.11208887218014985,0.01256391526661797,5
3987,0.06756756756756757,0.03725418581646006,0.001387874360847334,5
3988,0.0972972972972973,0.07990132702213235,0.006384222059897736,5
3989,0.0891891891891892,0.07381892045269008,0.005449233016800585,5
3990,0.04864864864864865,0.02506383377161001,0.0006281957633308985,5
3991,0.0972972972972973,0.09684579928199415,0.009379108838568299,5
3992,0.21621621621621623,0.33897107232677076,0.11490138787436084,5
3993,0.25675675675675674,0.3115736818800994,0.09707815924032137,5
3994,0.12432432432432432,0.15033442146133383,0.022600438276113948,5
3995,0.05405405405405406,0.0689056691026052,0.004747991234477721,5
3996,0.07027027027027027,0.05364711686832219,0.002878013148283419,5
3997,0.04054054054054054,0.04008755938970629,0.0016070124178232288,5
3998,0.05675675675675675,0.041343401461563116,0.0017092768444119794,5
3999,0.043243243243243246,0.035651097184521405,0.00127100073046019,5
4000,0.013513513513513514,0.012086853932431297,0.0001460920379839299,5
4001,0.032432432432432434,0.03033776259546439,0.0009203798392987582,5
4002,0.04864864864864865,0.058343332824115954,0.0034039444850255665,5
4003,0.010810810810810811,0.013240485096125286,0.00017531044558071585,5
4004,0.04054054054054054,0.04440993709501347,0.001972242512783054,5
4005,0.01891891891891892,0.02356161591103067,0.0005551497443389336,5
4006,0.07567567567567568,0.0906916850570947,0.008224981738495254,5
4007,0.10540540540540541,0.12426555602781243,0.01544192841490139,5
4008,0.05675675675675675,0.03128604568321683,0.0009788166544923303,5
4009,0.06486486486486487,0.05499186472804272,0.003024105186267349,5
4010,0.04594594594594595,0.03033776259546439,0.0009203798392987582,5
4011,0.04594594594594595,0.03972145528837586,0.0015777940102264427,5
4012,0.15405405405405406,0.22132478473052153,0.0489846603360117,5
4013,0.05135135135135136,0.034611482364501886,0.001197954711468225,5
4014,0.05945945945945946,0.03879108133623601,0.0015047479912344778,5
4015,0.05405405405405406,0.03523893192001432,0.0012417823228634043,5
4016,0.02702702702702703,0.020935045114634687,0.0004382761139517897,5
4017,0.07297297297297298,0.06653261418968201,0.004426588750913075,5
4018,0.05945945945945946,0.047277988336583525,0.0022352081811541275,5
4019,0.07027027027027027,0.06587058165921049,0.004338933528122717,5
4020,0.02702702702702703,0.020935045114634687,0.0004382761139517897,5
4021,0.14054054054054055,0.20875644883597316,0.043579254930606284,5
4022,0.12972972972972974,0.1935029439964189,0.03744338933528123,5
4023,0.07837837837837838,0.10858005095459819,0.01178962746530314,5
4024,0.03513513513513514,0.06372878985163025,0.004061358655953251,5
4025,0.010810810810810811,0.01575932944552784,0.0002483564645726808,5
4026,0.1135135135135135,0.09385813704965047,0.008809349890430971,5
4027,0.032432432432432434,0.04570685006834531,0.0020891161431701973,5
4028,0.06756756756756757,0.0694336896144061,0.0048210372534696865,5
4029,0.04594594594594595,0.03972145528837586,0.0015777940102264427,5
4030,0.2,0.32063213676936914,0.10280496712929144,5
4031,0.14594594594594595,0.13524320003456003,0.018290723155588016,5
4032,0.03513513513513514,0.02506383377161001,0.0006281957633308985,5
4033,0.08108108108108109,0.12207124097985098,0.01490138787436085,5
4034,0.03513513513513514,0.03265688100971506,0.0010664718772826882,5
4035,0.01891891891891892,0.016216216216216217,0.0002629656683710738,5
4036,0.05135135135135136,0.07371990106478842,0.005434623813002192,5
4037,0.2,0.1909952404762676,0.036479181884587285,5
4038,0.032432432432432434,0.03685995053239421,0.0013586559532505478,5
4039,0.02972972972972973,0.03128604568321683,0.0009788166544923303,5
4040,0.14594594594594595,0.14183396500975057,0.020116873630387146,5
4041,0.032432432432432434,0.020225175063642926,0.0004090577063550037,5
4042,0.21621621621621623,0.26356548344075453,0.06946676406135865,5
4043,0.024324324324324326,0.028856968248733274,0.0008327246165084004,5
4044,0.1135135135135135,0.10134234194190635,0.010270270270270271,5
4045,0.03783783783783784,0.03353965850267799,0.0011249086924762601,5
4046,0.02702702702702703,0.014803312365004491,0.00021913805697589486,5
4047,0.15405405405405403,0.24076818866291982,0.05796932067202336,5
4048,0.04594594594594595,0.04239023551718411,0.0017969320672023374,5
4049,0.08378378378378379,0.10054635263642311,0.010109569028487949,5
4050,0.05405405405405406,0.04098851591379217,0.0016800584368151937,5
4051,0.21891891891891896,0.33116656370252134,0.10967129291453614,5
4052,0.06756756756756757,0.07047786384002863,0.004967129291453616,5
4053,0.07027027027027027,0.03764429264103816,0.00141709276844412,5
4054,0.22432432432432434,0.22734854967365503,0.051687363038714386,5
4055,0.08108108108108109,0.0689056691026052,0.004747991234477721,5
4056,0.327027027027027,0.3100931785786695,0.09615777940102264,5
4057,0.07837837837837838,0.034611482364501886,0.0011979547114682253,5
4058,0.08648648648648649,0.1034821065896035,0.01070854638422206,5
4059,0.40540540540540543,0.4251068700763624,0.18071585098612125,5
4060,0.02972972972972973,0.034611482364501886,0.0011979547114682253,5
4061,0.2,0.23145615206493667,0.05357195032870708,5
4062,0.12432432432432435,0.15440926331984542,0.023842220598977358,5
4063,0.16486486486486487,0.17144596245571572,0.02939371804236669,5
4064,0.15405405405405403,0.2676358089335596,0.07162892622352081,5
4065,0.04864864864864865,0.05578315524473053,0.003111760409057707,5
4066,0.06486486486486487,0.03353965850267799,0.0011249086924762601,5
4067,0.21621621621621623,0.26959374788189194,0.0726807888970051,5
4068,0.0945945945945946,0.09517198303599464,0.009057706355003652,5
4069,0.03783783783783784,0.019860727644187934,0.00039444850255661074,5
4070,0.04054054054054054,0.029606624730008982,0.0008765522279035794,5
4071,0.024324324324324326,0.030096023582864985,0.0009057706355003654,5
4072,0.2648648648648649,0.3582075333675796,0.12831263696128564,5
4073,0.05945945945945946,0.03375674593728864,0.001139517896274653,5
4074,0.21621621621621623,0.2929659917389027,0.0858290723155588,5
4075,0.05135135135135136,0.06531376201943012,0.004265887509130753,5
4076,0.03513513513513514,0.018330621576014238,0.00033601168736303877,5
4077,0.1,0.11421917086008346,0.013046018991964939,5
4078,0.0972972972972973,0.11574385462358842,0.01339663988312637,5
4079,0.05675675675675675,0.04712323182206134,0.002220598977355734,5
4080,0.15405405405405406,0.2089313307036507,0.04365230094959825,5
4081,0.043243243243243246,0.035651097184521405,0.00127100073046019,5
4082,0.05675675675675675,0.04391372110614033,0.0019284149013878743,5
4083,0.15945945945945944,0.28543918718991207,0.08147552958363767,5
4084,0.04594594594594595,0.03685995053239421,0.0013586559532505478,5
4085,0.1,0.0890662543420761,0.00793279766252739,5
4086,0.05135135135135136,0.030096023582864985,0.0009057706355003654,5
4087,0.0891891891891892,0.14594594594594595,0.02130021913805698,5
4088,0.05405405405405406,0.03523893192001432,0.0012417823228634043,5
4089,0.14054054054054055,0.12694074125207977,0.01611395178962747,5
4090,0.13783783783783785,0.09260454972438818,0.008575602629656683,5
4091,0.043243243243243246,0.01575932944552784,0.0002483564645726808,5
4092,0.07027027027027027,0.03764429264103816,0.00141709276844412,5
4093,0.1945945945945946,0.20054709685501781,0.0402191380569759,5
4094,0.04594594594594595,0.03685995053239421,0.0013586559532505478,5
4095,0.032432432432432434,0.02356161591103067,0.0005551497443389336,5
4096,0.07837837837837838,0.019860727644187934,0.00039444850255661074,5
4097,0.02702702702702703,0.022612433149569608,0.0005113221329437546,5
4098,0.05135135135135136,0.05630450447567476,0.003170197224251279,5
4099,0.03513513513513514,0.03482188845060845,0.001212563915266618,5
4100,0.07297297297297298,0.053783104708465944,0.0028926223520818117,5
4101,0.04054054054054054,0.0319788096383763,0.0010226442658875091,5
4102,0.08378378378378379,0.09494144902837998,0.009013878743608473,5
4103,0.05135135135135136,0.02477067943219373,0.0006135865595325055,5
4104,0.07567567567567568,0.05099449260571137,0.002600438276113952,5
4105,0.024324324324324326,0.021621621621621623,0.00046749452154857564,5
4106,0.024324324324324326,0.017927701569488648,0.0003214024835646458,5
4107,0.043243243243243246,0.02620367490495313,0.0006866325785244705,5
4108,0.0972972972972973,0.09759713559604209,0.009525200876552228,5
4109,0.05135135135135136,0.017927701569488648,0.0003214024835646458,5
4110,0.032432432432432434,0.02506383377161001,0.0006281957633308985,5
4111,0.08378378378378379,0.052961940384501145,0.0028049671292914536,5
4112,0.02972972972972973,0.028856968248733274,0.0008327246165084004,5
4113,0.05135135135135136,0.043073993109484406,0.0018553688823959098,5
4114,0.0945945945945946,0.08503855525703931,0.007231555880204528,5
4115,0.0918918918918919,0.0817092781504377,0.006676406135865595,5
4116,0.05405405405405406,0.030815552029706435,0.0009495982468955444,5
4117,0.02702702702702703,0.028346185085679772,0.0008035062089116144,5
4118,0.021621621621621623,0.018330621576014238,0.00033601168736303877,5
4119,0.08648648648648649,0.053099682984833786,0.002819576333089847,5
4120,0.04594594594594595,0.027826027408072974,0.0007742878013148284,5
4121,0.03513513513513514,0.030337762595464394,0.0009203798392987585,5
4122,0.03783783783783784,0.04134340146156312,0.0017092768444119798,5
4123,0.14324324324324325,0.12751487688741028,0.016260043827611398,5
4124,0.03513513513513514,0.02356161591103067,0.0005551497443389336,5
4125,0.06756756756756757,0.06995772489483668,0.004894083272461652,5
4126,0.05135135135135136,0.058217997914967616,0.0033893352812271738,5
4127,0.17567567567567569,0.1623872311978357,0.026369612856099345,5
4128,0.043243243243243246,0.056304504475674755,0.003170197224251278,5
4129,0.05945945945945946,0.03972145528837586,0.0015777940102264427,5
4130,0.14324324324324325,0.18540619336370265,0.0343754565376187,5
4131,0.04054054054054054,0.030815552029706435,0.0009495982468955444,5
4132,0.04594594594594595,0.02506383377161001,0.0006281957633308985,5
4133,0.10810810810810811,0.15072263236322903,0.022717311906501097,5
4134,0.04054054054054054,0.022612433149569608,0.0005113221329437546,5
4135,0.06756756756756757,0.04008755938970629,0.0016070124178232288,5
4136,0.043243243243243246,0.03353965850267799,0.0011249086924762601,5
4137,0.03783783783783784,0.032432432432432434,0.0010518626734842952,5
4138,0.0891891891891892,0.08988264404495076,0.008078889700511323,5
4139,0.02702702702702703,0.034186785515333835,0.0011687363038714392,5
4140,0.02702702702702703,0.022612433149569608,0.0005113221329437546,5
4141,0.14054054054054052,0.21462250482261427,0.04606281957633308,5
4142,0.0945945945945946,0.11718639669556108,0.01373265157048941,5
4143,0.03783783783783784,0.028856968248733274,0.0008327246165084004,5
4144,0.043243243243243246,0.03953713199548053,0.0015631848064280498,5
4145,0.043243243243243246,0.027562267641042082,0.0007596785975164355,5
4146,0.07567567567567568,0.05099449260571137,0.002600438276113952,5
4147,0.03783783783783784,0.03353965850267799,0.0011249086924762601,5
4148,0.05405405405405406,0.03626056179729389,0.001314828341855369,5
4149,0.0891891891891892,0.07907426399096106,0.006252739225712199,5
4150,0.021621621621621623,0.03151865889105568,0.0009934258582907233,5
4151,0.06756756756756757,0.03822198817224581,0.0014609203798392988,5
4152,0.04864864864864865,0.02356161591103067,0.0005551497443389336,5
4153,0.07027027027027027,0.05226778271841545,0.002731921110299489,5
4154,0.07027027027027027,0.05226778271841545,0.002731921110299489,5
4155,0.06216216216216217,0.05309968298483379,0.0028195763330898472,5
4156,0.04864864864864865,0.040630530752359215,0.0016508400292184078,5
4157,0.04594594594594595,0.027826027408072974,0.0007742878013148283,5
4158,0.08648648648648649,0.08614798621896878,0.007421475529583636,5
4159,0.043243243243243246,0.03353965850267799,0.0011249086924762601,5
4160,0.04594594594594595,0.027826027408072974,0.0007742878013148283,5
4161,0.11081081081081082,0.0987134182040523,0.009744338933528123,5
4162,0.16216216216216214,0.2134964071149351,0.04558071585098611,5
4163,0.09189189189189188,0.09646793674364727,0.00930606281957633,5
4164,0.04054054054054054,0.028346185085679772,0.0008035062089116144,5
4165,0.3810810810810811,0.37657873183572216,0.14181154127100074,5
4166,0.0972972972972973,0.0994506459079681,0.009890430971512052,5
4167,0.22432432432432434,0.30248544326849064,0.09149744338933527,5
4168,0.032432432432432434,0.02506383377161001,0.0006281957633308985,5
4169,0.0918918918918919,0.0926045497243882,0.008575602629656686,5
4170,0.07027027027027027,0.05758723176395275,0.0033162892622352084,5
4171,0.05135135135135136,0.038602315829961355,0.0014901387874360849,5
4172,0.07297297297297298,0.06257209136643366,0.003915266617969321,5
4173,0.2756756756756757,0.2662676586324392,0.07089846603360117,5
4174,0.14864864864864863,0.10397504898200727,0.01081081081081081,5
4175,0.04594594594594595,0.02506383377161001,0.0006281957633308985,5
4176,0.127027027027027,0.1476873091061,0.02181154127100073,5
4177,0.04864864864864865,0.03151865889105568,0.0009934258582907233,5
4178,0.0918918918918919,0.06127450837164668,0.0037545653761869983,5
4179,0.04594594594594595,0.027826027408072974,0.0007742878013148283,5
4180,0.03513513513513514,0.02506383377161001,0.0006281957633308985,5
4181,0.04054054054054054,0.029606624730008982,0.0008765522279035794,5
4182,0.043243243243243246,0.03128604568321682,0.00097881665449233,5
4183,0.08108108108108109,0.04357977161242459,0.0018991964937910884,5
4184,0.05135135135135136,0.021621621621621623,0.00046749452154857564,5
4185,0.0972972972972973,0.11090964610099022,0.012300949598246895,5
4186,0.05675675675675675,0.02620367490495313,0.0006866325785244705,5
4187,0.04594594594594595,0.020225175063642926,0.0004090577063550037,5
4188,0.04054054054054054,0.028346185085679772,0.0008035062089116144,5
4189,0.04864864864864865,0.02506383377161001,0.0006281957633308985,5
4190,0.032432432432432434,0.027826027408072974,0.0007742878013148284,5
4191,0.0972972972972973,0.05226778271841545,0.0027319211102994887,5
4192,0.03783783783783784,0.023249527748763855,0.0005405405405405405,5
4193,0.043243243243243246,0.03128604568321682,0.00097881665449233,5
4194,0.04054054054054054,0.039165883097809294,0.001533966398831264,5
4195,0.0945945945945946,0.0759646990408389,0.005770635500365231,5
4196,0.04594594594594595,0.013781133820521041,0.00018991964937910884,5
4197,0.043243243243243246,0.043073993109484406,0.0018553688823959098,5
4198,0.10270270270270272,0.08090070025457172,0.00654492330168006,5
4199,0.05675675675675675,0.03128604568321683,0.0009788166544923303,5
4200,0.043243243243243246,0.05226778271841545,0.002731921110299489,5
4201,0.03783783783783784,0.023249527748763855,0.0005405405405405405,5
4202,0.05675675675675675,0.04473769015472121,0.0020014609203798392,5
4203,0.1027027027027027,0.09540195997147453,0.00910153396639883,5
4204,0.13243243243243244,0.12659501003924722,0.016026296566837107,5
4205,0.22432432432432434,0.19293587348729455,0.03722425127830533,5
4206,0.02972972972972973,0.03353965850267799,0.0011249086924762601,5
4207,0.032432432432432434,0.03685995053239421,0.0013586559532505478,5
4208,0.12432432432432432,0.1291654394091732,0.01668371073776479,5
4209,0.17297297297297298,0.1797652880899015,0.032315558802045286,5
4210,0.10810810810810811,0.0944013470085026,0.008911614317019723,5
