step,train/loss,train/gate0_triggered_blocks,train/gate0_considered_blocks,train/gate0_trigger_rate,train/pull_to_r_blocks,train/pull_to_R_blocks,train/pull_to_r_rate,train/pull_to_R_rate,train/alpha_pull_mean,train/single_vote_skipped_blocks,train/tau_N,train/tau_D,epoch,step_in_epoch,probe/is_eval,val/acc,val/loss,val/acc_r_only,val/loss_r_only,train/acc,train/loss_eval,gap/train_minus_val,train/acc_r_only,train/loss_r_only_eval,gap_r_only/train_minus_val_r_only
1,0.69712033867836,61.0,74.0,0.8243243243243243,17.0,44.0,0.2786885245901639,0.7213114754098361,0.17450733498592444,0.0,0.6,0.0038053,1,1,0.0,,,,,,,,,,
2,0.691836878657341,64.0,74.0,0.8648648648648649,15.0,49.0,0.234375,0.765625,0.17468844750014512,0.0,0.6,0.0038053,1,2,0.0,,,,,,,,,,
3,0.6992620527744293,61.0,74.0,0.8243243243243243,20.0,41.0,0.32786885245901637,0.6721311475409836,0.17440143332532687,0.0,0.6,0.0038053,1,3,0.0,,,,,,,,,,
4,0.7007332742214203,61.0,74.0,0.8243243243243243,15.0,46.0,0.2459016393442623,0.7540983606557377,0.1750554804279875,0.0,0.6,0.0038053,1,4,0.0,,,,,,,,,,
5,0.6887133419513702,63.0,74.0,0.8513513513513513,18.0,45.0,0.2857142857142857,0.7142857142857143,0.17387533147463777,0.0,0.6,0.0038053,1,5,0.0,,,,,,,,,,
6,0.6988411843776703,60.0,74.0,0.8108108108108109,16.0,44.0,0.26666666666666666,0.7333333333333333,0.1753030947950781,0.0,0.6,0.0038053,1,6,0.0,,,,,,,,,,
7,0.6859435886144638,63.0,74.0,0.8513513513513513,15.0,48.0,0.23809523809523808,0.7619047619047619,0.17540149859269244,0.0,0.6,0.0038053,1,7,0.0,,,,,,,,,,
8,0.6921779811382294,64.0,74.0,0.8648648648648649,16.0,48.0,0.25,0.75,0.17424195281365187,0.0,0.6,0.0038053,1,8,0.0,,,,,,,,,,
9,0.685441255569458,63.0,74.0,0.8513513513513513,13.0,50.0,0.20634920634920634,0.7936507936507936,0.17441080448368346,0.0,0.6,0.0038053,1,9,0.0,,,,,,,,,,
10,0.6974778771400452,60.0,74.0,0.8108108108108109,13.0,47.0,0.21666666666666667,0.7833333333333333,0.17462746137911173,0.0,0.6,0.0038053,1,10,0.0,,,,,,,,,,
11,0.691104993224144,61.0,74.0,0.8243243243243243,17.0,44.0,0.2786885245901639,0.7213114754098361,0.17428235567546865,0.0,0.6,0.0038053,1,11,0.0,,,,,,,,,,
12,0.6970624476671219,60.0,74.0,0.8108108108108109,15.0,45.0,0.25,0.75,0.17537076802332455,0.0,0.6,0.0038053,1,12,0.0,,,,,,,,,,
13,0.7048497498035431,64.0,74.0,0.8648648648648649,15.0,49.0,0.234375,0.765625,0.17478791717419945,0.0,0.6,0.0038053,1,13,0.0,,,,,,,,,,
14,0.7007376700639725,63.0,74.0,0.8513513513513513,13.0,50.0,0.20634920634920634,0.7936507936507936,0.17523479512085255,0.0,0.6,0.0038053,1,14,0.0,,,,,,,,,,
15,0.6858553141355515,60.0,74.0,0.8108108108108109,10.0,50.0,0.16666666666666666,0.8333333333333334,0.17586876660683137,0.0,0.6,0.0038053,1,15,0.0,,,,,,,,,,
16,0.7038578391075134,60.0,74.0,0.8108108108108109,15.0,45.0,0.25,0.75,0.17701222472430647,0.0,0.6,0.0038053,1,16,0.0,,,,,,,,,,
17,0.6924125254154205,64.0,74.0,0.8648648648648649,14.0,50.0,0.21875,0.78125,0.17430183412918535,0.0,0.6,0.0038053,1,17,0.0,,,,,,,,,,
18,0.6956492811441422,63.0,74.0,0.8513513513513513,11.0,52.0,0.1746031746031746,0.8253968253968254,0.17558485507944258,0.0,0.6,0.0038053,1,18,0.0,,,,,,,,,,
19,0.6950302273035049,60.0,74.0,0.8108108108108109,18.0,42.0,0.3,0.7,0.17614104267506253,0.0,0.6,0.0038053,1,19,0.0,,,,,,,,,,
20,0.701620414853096,64.0,74.0,0.8648648648648649,11.0,53.0,0.171875,0.828125,0.17480205257370507,0.0,0.6,0.0038053,1,20,0.0,,,,,,,,,,
21,0.693341076374054,64.0,74.0,0.8648648648648649,16.0,48.0,0.25,0.75,0.17486619525812178,0.0,0.6,0.0038053,1,21,0.0,,,,,,,,,,
22,0.6814545840024948,60.0,74.0,0.8108108108108109,13.0,47.0,0.21666666666666667,0.7833333333333333,0.17724241202342003,0.0,0.6,0.0038053,1,22,0.0,,,,,,,,,,
23,0.6986794918775558,64.0,74.0,0.8648648648648649,18.0,46.0,0.28125,0.71875,0.17442495630472687,0.0,0.6,0.0038053,1,23,0.0,,,,,,,,,,
24,0.6919680535793304,64.0,74.0,0.8648648648648649,15.0,49.0,0.234375,0.765625,0.1752551626719592,0.0,0.6,0.0038053,1,24,0.0,,,,,,,,,,
25,0.7046703696250916,64.0,74.0,0.8648648648648649,24.0,40.0,0.375,0.625,0.17360049489394808,0.0,0.6,0.0038053,1,25,0.0,,,,,,,,,,
26,0.6864622682332993,61.0,74.0,0.8243243243243243,12.0,49.0,0.19672131147540983,0.8032786885245902,0.1746809004246954,0.0,0.6,0.0038053,1,26,0.0,,,,,,,,,,
27,0.6911373138427734,63.0,74.0,0.8513513513513513,14.0,49.0,0.2222222222222222,0.7777777777777778,0.1750013621978271,0.0,0.6,0.0038053,1,27,0.0,,,,,,,,,,
28,0.6869634240865707,61.0,74.0,0.8243243243243243,13.0,48.0,0.21311475409836064,0.7868852459016393,0.17532877991686607,0.0,0.6,0.0038053,1,28,0.0,,,,,,,,,,
29,0.7036866545677185,64.0,74.0,0.8648648648648649,9.0,55.0,0.140625,0.859375,0.17462547812253232,0.0,0.6,0.0038053,1,29,0.0,,,,,,,,,,
30,0.6839850693941116,63.0,74.0,0.8513513513513513,12.0,51.0,0.19047619047619047,0.8095238095238095,0.17618414795774676,0.0,0.6,0.0038053,1,30,0.0,,,,,,,,,,
31,0.687497153878212,63.0,74.0,0.8513513513513513,16.0,47.0,0.25396825396825395,0.746031746031746,0.17413316869154546,0.0,0.6,0.0038053,1,31,0.0,,,,,,,,,,
32,0.6903674155473709,62.0,74.0,0.8378378378378378,9.0,53.0,0.14516129032258066,0.8548387096774194,0.17593653503919238,0.0,0.6,0.0038053,1,32,0.0,,,,,,,,,,
33,0.707419216632843,58.0,74.0,0.7837837837837838,11.0,47.0,0.1896551724137931,0.8103448275862069,0.17619459170909013,0.0,0.6,0.0038053,1,33,0.0,,,,,,,,,,
34,0.6716684252023697,61.0,74.0,0.8243243243243243,16.0,45.0,0.26229508196721313,0.7377049180327869,0.17511931978676185,0.0,0.6,0.0038053,1,34,0.0,,,,,,,,,,
35,0.6889034360647202,62.0,74.0,0.8378378378378378,12.0,50.0,0.1935483870967742,0.8064516129032258,0.17588578552020623,0.0,0.6,0.0038053,1,35,0.0,,,,,,,,,,
36,0.7001311480998993,61.0,74.0,0.8243243243243243,15.0,46.0,0.2459016393442623,0.7540983606557377,0.17569738516643127,0.0,0.6,0.0038053,1,36,0.0,,,,,,,,,,
37,0.7254209667444229,57.0,74.0,0.7702702702702703,10.0,47.0,0.17543859649122806,0.8245614035087719,0.1753859181299819,0.0,0.6,0.0038053,1,37,0.0,,,,,,,,,,
38,0.7021143436431885,59.0,74.0,0.7972972972972973,12.0,47.0,0.2033898305084746,0.7966101694915254,0.17448939161148502,0.0,0.6,0.0038053,1,38,0.0,,,,,,,,,,
39,0.6857683211565018,63.0,74.0,0.8513513513513513,12.0,51.0,0.19047619047619047,0.8095238095238095,0.1750807098215349,0.0,0.6,0.0038053,1,39,0.0,,,,,,,,,,
40,0.7085154056549072,59.0,74.0,0.7972972972972973,17.0,42.0,0.288135593220339,0.711864406779661,0.17489058502583632,0.0,0.6,0.0038053,1,40,0.0,,,,,,,,,,
41,0.6973829716444016,59.0,74.0,0.7972972972972973,13.0,46.0,0.22033898305084745,0.7796610169491526,0.1765582296842151,0.0,0.6,0.0038053,1,41,0.0,,,,,,,,,,
42,0.683929368853569,62.0,74.0,0.8378378378378378,17.0,45.0,0.27419354838709675,0.7258064516129032,0.174884207381745,0.0,0.6,0.0038053,1,42,0.0,,,,,,,,,,
43,0.7092683464288712,57.0,74.0,0.7702702702702703,9.0,48.0,0.15789473684210525,0.8421052631578947,0.1771508032005076,0.0,0.6,0.0038053,1,43,0.0,,,,,,,,,,
44,0.7111699730157852,55.0,74.0,0.7432432432432432,16.0,39.0,0.2909090909090909,0.7090909090909091,0.17640781493735816,0.0,0.6,0.0038053,1,44,0.0,,,,,,,,,,
45,0.7010804116725922,64.0,74.0,0.8648648648648649,15.0,49.0,0.234375,0.765625,0.17452578316511047,0.0,0.6,0.0038053,1,45,0.0,,,,,,,,,,
46,0.693633422255516,64.0,74.0,0.8648648648648649,13.0,51.0,0.203125,0.796875,0.17548248033395275,0.0,0.6,0.0038053,1,46,0.0,,,,,,,,,,
47,0.6853466331958771,59.0,74.0,0.7972972972972973,18.0,41.0,0.3050847457627119,0.6949152542372882,0.1755850214614489,0.0,0.6,0.0038053,1,47,0.0,,,,,,,,,,
48,0.6895791888237,58.0,74.0,0.7837837837837838,15.0,43.0,0.25862068965517243,0.7413793103448276,0.17671343511440302,0.0,0.6,0.0038053,1,48,0.0,,,,,,,,,,
49,0.6883006244897842,64.0,74.0,0.8648648648648649,12.0,52.0,0.1875,0.8125,0.17491730986579693,0.0,0.6,0.0038053,1,49,0.0,,,,,,,,,,
50,0.688622921705246,64.0,74.0,0.8648648648648649,14.0,50.0,0.21875,0.78125,0.17514471788088581,0.0,0.6,0.0038053,1,50,0.0,,,,,,,,,,
51,0.6947509199380875,61.0,74.0,0.8243243243243243,17.0,44.0,0.2786885245901639,0.7213114754098361,0.17466153111288704,0.0,0.6,0.0038053,1,51,0.0,,,,,,,,,,
52,0.6991244405508041,58.0,74.0,0.7837837837837838,15.0,43.0,0.25862068965517243,0.7413793103448276,0.17562813133617133,0.0,0.6,0.0038053,1,52,0.0,,,,,,,,,,
53,0.6970905214548111,64.0,74.0,0.8648648648648649,16.0,48.0,0.25,0.75,0.1745833194052411,0.0,0.6,0.0038053,1,53,0.0,,,,,,,,,,
54,0.701011911034584,64.0,74.0,0.8648648648648649,20.0,44.0,0.3125,0.6875,0.17502491286778254,0.0,0.6,0.0038053,1,54,0.0,,,,,,,,,,
55,0.6931656897068024,58.0,74.0,0.7837837837837838,17.0,41.0,0.29310344827586204,0.7068965517241379,0.17411083534988936,0.0,0.6,0.0038053,1,55,0.0,,,,,,,,,,
56,0.6875078529119492,64.0,74.0,0.8648648648648649,13.0,51.0,0.203125,0.796875,0.17540594656343833,0.0,0.6,0.0038053,1,56,0.0,,,,,,,,,,
57,0.6941008269786835,64.0,74.0,0.8648648648648649,14.0,50.0,0.21875,0.78125,0.17603422600487004,0.0,0.6,0.0038053,1,57,0.0,,,,,,,,,,
58,0.6938358247280121,63.0,74.0,0.8513513513513513,12.0,51.0,0.19047619047619047,0.8095238095238095,0.17470953934459252,0.0,0.6,0.0038053,1,58,0.0,,,,,,,,,,
59,0.6886905431747437,61.0,74.0,0.8243243243243243,10.0,51.0,0.16393442622950818,0.8360655737704918,0.1760528370177194,0.0,0.6,0.0038053,1,59,0.0,,,,,,,,,,
60,0.6907733976840973,61.0,74.0,0.8243243243243243,12.0,49.0,0.19672131147540983,0.8032786885245902,0.17554459040384018,0.0,0.6,0.0038053,1,60,0.0,,,,,,,,,,
61,0.6987151354551315,57.0,74.0,0.7702702702702703,11.0,46.0,0.19298245614035087,0.8070175438596491,0.1752009552622533,0.0,0.6,0.0038053,1,61,0.0,,,,,,,,,,
62,0.6960570812225342,51.0,74.0,0.6891891891891891,16.0,35.0,0.3137254901960784,0.6862745098039216,0.17506345748161134,0.0,0.6,0.0038053,1,62,0.0,,,,,,,,,,
63,0.6775346100330353,53.0,74.0,0.7162162162162162,17.0,36.0,0.32075471698113206,0.6792452830188679,0.1750482986104574,0.0,0.6,0.0038053,1,63,0.0,,,,,,,,,,
64,0.6868019849061966,52.0,74.0,0.7027027027027027,17.0,35.0,0.3269230769230769,0.6730769230769231,0.17477856058724683,0.0,0.6,0.0038053,1,64,0.0,,,,,,,,,,
65,0.6908462047576904,48.0,74.0,0.6486486486486487,9.0,39.0,0.1875,0.8125,0.17618158124898442,0.0,0.6,0.0038053,1,65,0.0,,,,,,,,,,
66,0.6984903961420059,59.0,74.0,0.7972972972972973,8.0,51.0,0.13559322033898305,0.864406779661017,0.1755623684291004,0.0,0.6,0.0038053,1,66,0.0,,,,,,,,,,
67,0.681453675031662,53.0,74.0,0.7162162162162162,10.0,43.0,0.18867924528301888,0.8113207547169812,0.17591353332449244,0.0,0.6,0.0038053,1,67,0.0,,,,,,,,,,
68,0.6764614284038544,53.0,74.0,0.7162162162162162,11.0,42.0,0.20754716981132076,0.7924528301886793,0.17578387494881642,0.0,0.6,0.0038053,1,68,0.0,,,,,,,,,,
69,0.6974814087152481,50.0,74.0,0.6756756756756757,6.0,44.0,0.12,0.88,0.17531962224086434,0.0,0.6,0.0038053,1,69,0.0,,,,,,,,,,
70,0.6814967840909958,49.0,74.0,0.6621621621621622,4.0,45.0,0.08163265306122448,0.9183673469387755,0.17665333397788105,0.0,0.6,0.0038053,1,70,0.0,,,,,,,,,,
71,0.6768199652433395,39.0,74.0,0.527027027027027,8.0,31.0,0.20512820512820512,0.7948717948717948,0.1760467986076004,0.0,0.6,0.0038053,1,71,0.0,,,,,,,,,,
72,0.6890061646699905,28.0,74.0,0.3783783783783784,9.0,19.0,0.32142857142857145,0.6785714285714286,0.17585865646086477,0.0,0.6,0.0038053,1,72,0.0,,,,,,,,,,
73,0.6601774990558624,25.0,74.0,0.33783783783783783,9.0,16.0,0.36,0.64,0.17282713384033987,0.0,0.6,0.0038053,1,73,0.0,,,,,,,,,,
74,0.7115273773670197,10.0,74.0,0.13513513513513514,0.0,10.0,0.0,1.0,0.1751118496606942,0.0,0.6,0.0038053,1,74,0.0,,,,,,,,,,
75,0.6431072652339935,10.0,74.0,0.13513513513513514,4.0,6.0,0.4,0.6,0.17362948936597636,0.0,0.6,0.0038053,1,75,0.0,,,,,,,,,,
76,0.6452050805091858,7.0,74.0,0.0945945945945946,0.0,7.0,0.0,1.0,0.1750637768369174,0.0,0.6,0.0038053,1,76,0.0,,,,,,,,,,
77,0.6339698731899261,4.0,74.0,0.05405405405405406,0.0,4.0,0.0,1.0,0.17769999708965026,0.0,0.6,0.0038053,1,77,0.0,,,,,,,,,,
78,0.7208588673518255,0.0,74.0,0.0,0.0,0.0,0.0,0.0,0.0,0.0,0.6,0.0038053,1,78,0.0,,,,,,,,,,
78,,,,,,,,,,,,,1,,1.0,0.5379061371841155,0.6513252920574613,0.5379061371841155,0.6508682568868002,0.5317269076305221,0.6534031362105639,-0.006179229553593402,0.5317269076305221,0.6524662046860426,-0.006179229553593402
79,0.6516079306602478,0.0,74.0,0.0,0.0,0.0,0.0,0.0,0.0,0.0,0.6,0.0038053,2,1,0.0,,,,,,,,,,
80,0.6066732704639435,0.0,74.0,0.0,0.0,0.0,0.0,0.0,0.0,0.0,0.6,0.0038053,2,2,0.0,,,,,,,,,,
81,0.568245068192482,0.0,74.0,0.0,0.0,0.0,0.0,0.0,0.0,0.0,0.6,0.0038053,2,3,0.0,,,,,,,,,,
82,0.6387534290552139,0.0,74.0,0.0,0.0,0.0,0.0,0.0,0.0,0.0,0.6,0.0038053,2,4,0.0,,,,,,,,,,
83,0.5749810189008713,0.0,74.0,0.0,0.0,0.0,0.0,0.0,0.0,0.0,0.6,0.0038053,2,5,0.0,,,,,,,,,,
84,0.6359371542930603,0.0,74.0,0.0,0.0,0.0,0.0,0.0,0.0,0.0,0.6,0.0038053,2,6,0.0,,,,,,,,,,
85,0.5716476589441299,0.0,74.0,0.0,0.0,0.0,0.0,0.0,0.0,0.0,0.6,0.0038053,2,7,0.0,,,,,,,,,,
86,0.5481486991047859,0.0,74.0,0.0,0.0,0.0,0.0,0.0,0.0,0.0,0.6,0.0038053,2,8,0.0,,,,,,,,,,
87,0.5665774345397949,0.0,74.0,0.0,0.0,0.0,0.0,0.0,0.0,0.0,0.6,0.0038053,2,9,0.0,,,,,,,,,,
88,0.49911902099847794,0.0,74.0,0.0,0.0,0.0,0.0,0.0,0.0,0.0,0.6,0.0038053,2,10,0.0,,,,,,,,,,
89,0.32393886893987656,0.0,74.0,0.0,0.0,0.0,0.0,0.0,0.0,0.0,0.6,0.0038053,2,11,0.0,,,,,,,,,,
90,0.4805346727371216,0.0,74.0,0.0,0.0,0.0,0.0,0.0,0.0,0.0,0.6,0.0038053,2,12,0.0,,,,,,,,,,
91,0.8576580137014389,0.0,74.0,0.0,0.0,0.0,0.0,0.0,0.0,0.0,0.6,0.0038053,2,13,0.0,,,,,,,,,,
92,0.4944695308804512,0.0,74.0,0.0,0.0,0.0,0.0,0.0,0.0,0.0,0.6,0.0038053,2,14,0.0,,,,,,,,,,
93,0.5062486417591572,0.0,74.0,0.0,0.0,0.0,0.0,0.0,0.0,0.0,0.6,0.0038053,2,15,0.0,,,,,,,,,,
94,0.44625744223594666,0.0,74.0,0.0,0.0,0.0,0.0,0.0,0.0,0.0,0.6,0.0038053,2,16,0.0,,,,,,,,,,
95,0.3950771391391754,0.0,74.0,0.0,0.0,0.0,0.0,0.0,0.0,0.0,0.6,0.0038053,2,17,0.0,,,,,,,,,,
96,0.5123177208006382,0.0,74.0,0.0,0.0,0.0,0.0,0.0,0.0,0.0,0.6,0.0038053,2,18,0.0,,,,,,,,,,
97,0.31246238946914673,0.0,74.0,0.0,0.0,0.0,0.0,0.0,0.0,0.0,0.6,0.0038053,2,19,0.0,,,,,,,,,,
98,0.44354385882616043,0.0,74.0,0.0,0.0,0.0,0.0,0.0,0.0,0.0,0.6,0.0038053,2,20,0.0,,,,,,,,,,
99,0.4547763466835022,0.0,74.0,0.0,0.0,0.0,0.0,0.0,0.0,0.0,0.6,0.0038053,2,21,0.0,,,,,,,,,,
100,0.31862225756049156,0.0,74.0,0.0,0.0,0.0,0.0,0.0,0.0,0.0,0.6,0.0038053,2,22,0.0,,,,,,,,,,
101,0.2833160385489464,0.0,74.0,0.0,0.0,0.0,0.0,0.0,0.0,0.0,0.6,0.0038053,2,23,0.0,,,,,,,,,,
102,0.5022879987955093,0.0,74.0,0.0,0.0,0.0,0.0,0.0,0.0,0.0,0.6,0.0038053,2,24,0.0,,,,,,,,,,
103,0.49711238592863083,0.0,74.0,0.0,0.0,0.0,0.0,0.0,0.0,0.0,0.6,0.0038053,2,25,0.0,,,,,,,,,,
104,0.628506250679493,0.0,74.0,0.0,0.0,0.0,0.0,0.0,0.0,0.0,0.6,0.0038053,2,26,0.0,,,,,,,,,,
105,0.451503224670887,0.0,74.0,0.0,0.0,0.0,0.0,0.0,0.0,0.0,0.6,0.0038053,2,27,0.0,,,,,,,,,,
106,0.5982359498739243,0.0,74.0,0.0,0.0,0.0,0.0,0.0,0.0,0.0,0.6,0.0038053,2,28,0.0,,,,,,,,,,
107,0.2922655735164881,0.0,74.0,0.0,0.0,0.0,0.0,0.0,0.0,0.0,0.6,0.0038053,2,29,0.0,,,,,,,,,,
108,0.5064955577254295,0.0,74.0,0.0,0.0,0.0,0.0,0.0,0.0,0.0,0.6,0.0038053,2,30,0.0,,,,,,,,,,
109,0.44795046746730804,0.0,74.0,0.0,0.0,0.0,0.0,0.0,0.0,0.0,0.6,0.0038053,2,31,0.0,,,,,,,,,,
110,0.48946958035230637,0.0,74.0,0.0,0.0,0.0,0.0,0.0,0.0,0.0,0.6,0.0038053,2,32,0.0,,,,,,,,,,
111,0.42141035944223404,0.0,74.0,0.0,0.0,0.0,0.0,0.0,0.0,0.0,0.6,0.0038053,2,33,0.0,,,,,,,,,,
112,0.36956775188446045,0.0,74.0,0.0,0.0,0.0,0.0,0.0,0.0,0.0,0.6,0.0038053,2,34,0.0,,,,,,,,,,
113,0.44910455495119095,0.0,74.0,0.0,0.0,0.0,0.0,0.0,0.0,0.0,0.6,0.0038053,2,35,0.0,,,,,,,,,,
114,0.5707930997014046,0.0,74.0,0.0,0.0,0.0,0.0,0.0,0.0,0.0,0.6,0.0038053,2,36,0.0,,,,,,,,,,
115,0.4176170937716961,0.0,74.0,0.0,0.0,0.0,0.0,0.0,0.0,0.0,0.6,0.0038053,2,37,0.0,,,,,,,,,,
116,0.36500752717256546,0.0,74.0,0.0,0.0,0.0,0.0,0.0,0.0,0.0,0.6,0.0038053,2,38,0.0,,,,,,,,,,
117,0.549676701426506,0.0,74.0,0.0,0.0,0.0,0.0,0.0,0.0,0.0,0.6,0.0038053,2,39,0.0,,,,,,,,,,
118,0.48942238837480545,0.0,74.0,0.0,0.0,0.0,0.0,0.0,0.0,0.0,0.6,0.0038053,2,40,0.0,,,,,,,,,,
119,0.4848211109638214,0.0,74.0,0.0,0.0,0.0,0.0,0.0,0.0,0.0,0.6,0.0038053,2,41,0.0,,,,,,,,,,
120,0.37335044890642166,0.0,74.0,0.0,0.0,0.0,0.0,0.0,0.0,0.0,0.6,0.0038053,2,42,0.0,,,,,,,,,,
121,0.3715629205107689,0.0,74.0,0.0,0.0,0.0,0.0,0.0,0.0,0.0,0.6,0.0038053,2,43,0.0,,,,,,,,,,
122,0.490422323346138,0.0,74.0,0.0,0.0,0.0,0.0,0.0,0.0,0.0,0.6,0.0038053,2,44,0.0,,,,,,,,,,
123,0.3803984820842743,0.0,74.0,0.0,0.0,0.0,0.0,0.0,0.0,0.0,0.6,0.0038053,2,45,0.0,,,,,,,,,,
124,0.5543681159615517,0.0,74.0,0.0,0.0,0.0,0.0,0.0,0.0,0.0,0.6,0.0038053,2,46,0.0,,,,,,,,,,
125,0.5032084360718727,0.0,74.0,0.0,0.0,0.0,0.0,0.0,0.0,0.0,0.6,0.0038053,2,47,0.0,,,,,,,,,,
126,0.35538312792778015,0.0,74.0,0.0,0.0,0.0,0.0,0.0,0.0,0.0,0.6,0.0038053,2,48,0.0,,,,,,,,,,
127,0.5254421681165695,0.0,74.0,0.0,0.0,0.0,0.0,0.0,0.0,0.0,0.6,0.0038053,2,49,0.0,,,,,,,,,,
128,0.4412161149084568,0.0,74.0,0.0,0.0,0.0,0.0,0.0,0.0,0.0,0.6,0.0038053,2,50,0.0,,,,,,,,,,
129,0.4539540335536003,0.0,74.0,0.0,0.0,0.0,0.0,0.0,0.0,0.0,0.6,0.0038053,2,51,0.0,,,,,,,,,,
130,0.38435010612010956,0.0,74.0,0.0,0.0,0.0,0.0,0.0,0.0,0.0,0.6,0.0038053,2,52,0.0,,,,,,,,,,
131,0.515705332159996,0.0,74.0,0.0,0.0,0.0,0.0,0.0,0.0,0.0,0.6,0.0038053,2,53,0.0,,,,,,,,,,
132,0.3742903470993042,0.0,74.0,0.0,0.0,0.0,0.0,0.0,0.0,0.0,0.6,0.0038053,2,54,0.0,,,,,,,,,,
133,0.40287502110004425,0.0,74.0,0.0,0.0,0.0,0.0,0.0,0.0,0.0,0.6,0.0038053,2,55,0.0,,,,,,,,,,
134,0.2777719534933567,0.0,74.0,0.0,0.0,0.0,0.0,0.0,0.0,0.0,0.6,0.0038053,2,56,0.0,,,,,,,,,,
135,0.24160830676555634,0.0,74.0,0.0,0.0,0.0,0.0,0.0,0.0,0.0,0.6,0.0038053,2,57,0.0,,,,,,,,,,
136,0.36830852925777435,0.0,74.0,0.0,0.0,0.0,0.0,0.0,0.0,0.0,0.6,0.0038053,2,58,0.0,,,,,,,,,,
137,0.2751641944050789,0.0,74.0,0.0,0.0,0.0,0.0,0.0,0.0,0.0,0.6,0.0038053,2,59,0.0,,,,,,,,,,
138,0.17221848666667938,0.0,74.0,0.0,0.0,0.0,0.0,0.0,0.0,0.0,0.6,0.0038053,2,60,0.0,,,,,,,,,,
139,0.6582431718707085,0.0,74.0,0.0,0.0,0.0,0.0,0.0,0.0,0.0,0.6,0.0038053,2,61,0.0,,,,,,,,,,
140,0.3753129206597805,0.0,74.0,0.0,0.0,0.0,0.0,0.0,0.0,0.0,0.6,0.0038053,2,62,0.0,,,,,,,,,,
141,0.5423824265599251,0.0,74.0,0.0,0.0,0.0,0.0,0.0,0.0,0.0,0.6,0.0038053,2,63,0.0,,,,,,,,,,
142,0.506897546350956,0.0,74.0,0.0,0.0,0.0,0.0,0.0,0.0,0.0,0.6,0.0038053,2,64,0.0,,,,,,,,,,
143,0.4359278902411461,0.0,74.0,0.0,0.0,0.0,0.0,0.0,0.0,0.0,0.6,0.0038053,2,65,0.0,,,,,,,,,,
144,0.2859160676598549,0.0,74.0,0.0,0.0,0.0,0.0,0.0,0.0,0.0,0.6,0.0038053,2,66,0.0,,,,,,,,,,
145,0.4086331631988287,0.0,74.0,0.0,0.0,0.0,0.0,0.0,0.0,0.0,0.6,0.0038053,2,67,0.0,,,,,,,,,,
146,0.25039489567279816,0.0,74.0,0.0,0.0,0.0,0.0,0.0,0.0,0.0,0.6,0.0038053,2,68,0.0,,,,,,,,,,
147,0.4038933888077736,0.0,74.0,0.0,0.0,0.0,0.0,0.0,0.0,0.0,0.6,0.0038053,2,69,0.0,,,,,,,,,,
148,0.48817524313926697,0.0,74.0,0.0,0.0,0.0,0.0,0.0,0.0,0.0,0.6,0.0038053,2,70,0.0,,,,,,,,,,
149,0.5757483616471291,0.0,74.0,0.0,0.0,0.0,0.0,0.0,0.0,0.0,0.6,0.0038053,2,71,0.0,,,,,,,,,,
150,0.2505752667784691,0.0,74.0,0.0,0.0,0.0,0.0,0.0,0.0,0.0,0.6,0.0038053,2,72,0.0,,,,,,,,,,
151,0.3527219854295254,0.0,74.0,0.0,0.0,0.0,0.0,0.0,0.0,0.0,0.6,0.0038053,2,73,0.0,,,,,,,,,,
152,0.34574348479509354,0.0,74.0,0.0,0.0,0.0,0.0,0.0,0.0,0.0,0.6,0.0038053,2,74,0.0,,,,,,,,,,
153,0.47825949639081955,0.0,74.0,0.0,0.0,0.0,0.0,0.0,0.0,0.0,0.6,0.0038053,2,75,0.0,,,,,,,,,,
154,0.3756045941263437,0.0,74.0,0.0,0.0,0.0,0.0,0.0,0.0,0.0,0.6,0.0038053,2,76,0.0,,,,,,,,,,
155,0.2893879786133766,0.0,74.0,0.0,0.0,0.0,0.0,0.0,0.0,0.0,0.6,0.0038053,2,77,0.0,,,,,,,,,,
156,0.49026000958222615,0.0,74.0,0.0,0.0,0.0,0.0,0.0,0.0,0.0,0.6,0.0038053,2,78,0.0,,,,,,,,,,
156,,,,,,,,,,,,,2,,1.0,0.8050541516245487,0.4891885320345561,0.8086642599277978,0.4831129080719418,0.9200803212851406,0.19985118919076064,0.11502616966059187,0.921285140562249,0.1985099459401308,0.11262088063445119
157,0.28606172278523445,0.0,74.0,0.0,0.0,0.0,0.0,0.0,0.0,0.0,0.6,0.0038053,3,1,0.0,,,,,,,,,,
158,0.25766710937023163,0.0,74.0,0.0,0.0,0.0,0.0,0.0,0.0,0.0,0.6,0.0038053,3,2,0.0,,,,,,,,,,
159,0.21913747861981392,0.0,74.0,0.0,0.0,0.0,0.0,0.0,0.0,0.0,0.6,0.0038053,3,3,0.0,,,,,,,,,,
160,0.13272812776267529,0.0,74.0,0.0,0.0,0.0,0.0,0.0,0.0,0.0,0.6,0.0038053,3,4,0.0,,,,,,,,,,
161,0.12122824601829052,0.0,74.0,0.0,0.0,0.0,0.0,0.0,0.0,0.0,0.6,0.0038053,3,5,0.0,,,,,,,,,,
162,0.3107592575252056,0.0,74.0,0.0,0.0,0.0,0.0,0.0,0.0,0.0,0.6,0.0038053,3,6,0.0,,,,,,,,,,
163,0.399111058562994,0.0,74.0,0.0,0.0,0.0,0.0,0.0,0.0,0.0,0.6,0.0038053,3,7,0.0,,,,,,,,,,
164,0.25468600913882256,0.0,74.0,0.0,0.0,0.0,0.0,0.0,0.0,0.0,0.6,0.0038053,3,8,0.0,,,,,,,,,,
165,0.20284823793917894,0.0,74.0,0.0,0.0,0.0,0.0,0.0,0.0,0.0,0.6,0.0038053,3,9,0.0,,,,,,,,,,
166,0.19317872636020184,0.0,74.0,0.0,0.0,0.0,0.0,0.0,0.0,0.0,0.6,0.0038053,3,10,0.0,,,,,,,,,,
167,0.17697307839989662,0.0,74.0,0.0,0.0,0.0,0.0,0.0,0.0,0.0,0.6,0.0038053,3,11,0.0,,,,,,,,,,
168,0.1497984193265438,0.0,74.0,0.0,0.0,0.0,0.0,0.0,0.0,0.0,0.6,0.0038053,3,12,0.0,,,,,,,,,,
169,0.19290172308683395,0.0,74.0,0.0,0.0,0.0,0.0,0.0,0.0,0.0,0.6,0.0038053,3,13,0.0,,,,,,,,,,
170,0.09951494168490171,0.0,74.0,0.0,0.0,0.0,0.0,0.0,0.0,0.0,0.6,0.0038053,3,14,0.0,,,,,,,,,,
171,0.12465249188244343,0.0,74.0,0.0,0.0,0.0,0.0,0.0,0.0,0.0,0.6,0.0038053,3,15,0.0,,,,,,,,,,
172,0.10617864318192005,0.0,74.0,0.0,0.0,0.0,0.0,0.0,0.0,0.0,0.6,0.0038053,3,16,0.0,,,,,,,,,,
173,0.20768775325268507,0.0,74.0,0.0,0.0,0.0,0.0,0.0,0.0,0.0,0.6,0.0038053,3,17,0.0,,,,,,,,,,
174,0.037088383454829454,0.0,74.0,0.0,0.0,0.0,0.0,0.0,0.0,0.0,0.6,0.0038053,3,18,0.0,,,,,,,,,,
175,0.19535614177584648,0.0,74.0,0.0,0.0,0.0,0.0,0.0,0.0,0.0,0.6,0.0038053,3,19,0.0,,,,,,,,,,
176,0.1679512606933713,0.0,74.0,0.0,0.0,0.0,0.0,0.0,0.0,0.0,0.6,0.0038053,3,20,0.0,,,,,,,,,,
177,0.05414143390953541,0.0,74.0,0.0,0.0,0.0,0.0,0.0,0.0,0.0,0.6,0.0038053,3,21,0.0,,,,,,,,,,
178,0.2622278742492199,0.0,74.0,0.0,0.0,0.0,0.0,0.0,0.0,0.0,0.6,0.0038053,3,22,0.0,,,,,,,,,,
179,0.313942676410079,0.0,74.0,0.0,0.0,0.0,0.0,0.0,0.0,0.0,0.6,0.0038053,3,23,0.0,,,,,,,,,,
180,0.05319446325302124,0.0,74.0,0.0,0.0,0.0,0.0,0.0,0.0,0.0,0.6,0.0038053,3,24,0.0,,,,,,,,,,
181,0.2484336905181408,0.0,74.0,0.0,0.0,0.0,0.0,0.0,0.0,0.0,0.6,0.0038053,3,25,0.0,,,,,,,,,,
182,0.16033209022134542,0.0,74.0,0.0,0.0,0.0,0.0,0.0,0.0,0.0,0.6,0.0038053,3,26,0.0,,,,,,,,,,
183,0.25691244564950466,0.0,74.0,0.0,0.0,0.0,0.0,0.0,0.0,0.0,0.6,0.0038053,3,27,0.0,,,,,,,,,,
184,0.14273682236671448,0.0,74.0,0.0,0.0,0.0,0.0,0.0,0.0,0.0,0.6,0.0038053,3,28,0.0,,,,,,,,,,
185,0.10447791311889887,0.0,74.0,0.0,0.0,0.0,0.0,0.0,0.0,0.0,0.6,0.0038053,3,29,0.0,,,,,,,,,,
186,0.18075556680560112,0.0,74.0,0.0,0.0,0.0,0.0,0.0,0.0,0.0,0.6,0.0038053,3,30,0.0,,,,,,,,,,
187,0.06251387530937791,0.0,74.0,0.0,0.0,0.0,0.0,0.0,0.0,0.0,0.6,0.0038053,3,31,0.0,,,,,,,,,,
188,0.2508586188778281,0.0,74.0,0.0,0.0,0.0,0.0,0.0,0.0,0.0,0.6,0.0038053,3,32,0.0,,,,,,,,,,
189,0.043698469176888466,0.0,74.0,0.0,0.0,0.0,0.0,0.0,0.0,0.0,0.6,0.0038053,3,33,0.0,,,,,,,,,,
190,0.06841421872377396,0.0,74.0,0.0,0.0,0.0,0.0,0.0,0.0,0.0,0.6,0.0038053,3,34,0.0,,,,,,,,,,
191,0.25907279271632433,0.0,74.0,0.0,0.0,0.0,0.0,0.0,0.0,0.0,0.6,0.0038053,3,35,0.0,,,,,,,,,,
192,0.17750142887234688,0.0,74.0,0.0,0.0,0.0,0.0,0.0,0.0,0.0,0.6,0.0038053,3,36,0.0,,,,,,,,,,
193,0.11353024188429117,0.0,74.0,0.0,0.0,0.0,0.0,0.0,0.0,0.0,0.6,0.0038053,3,37,0.0,,,,,,,,,,
194,0.18398499744944274,0.0,74.0,0.0,0.0,0.0,0.0,0.0,0.0,0.0,0.6,0.0038053,3,38,0.0,,,,,,,,,,
195,0.03323279391042888,0.0,74.0,0.0,0.0,0.0,0.0,0.0,0.0,0.0,0.6,0.0038053,3,39,0.0,,,,,,,,,,
196,0.05219591502100229,0.0,74.0,0.0,0.0,0.0,0.0,0.0,0.0,0.0,0.6,0.0038053,3,40,0.0,,,,,,,,,,
197,0.13148784777149558,0.0,74.0,0.0,0.0,0.0,0.0,0.0,0.0,0.0,0.6,0.0038053,3,41,0.0,,,,,,,,,,
198,0.09691005339846015,0.0,74.0,0.0,0.0,0.0,0.0,0.0,0.0,0.0,0.6,0.0038053,3,42,0.0,,,,,,,,,,
199,0.2530024326406419,0.0,74.0,0.0,0.0,0.0,0.0,0.0,0.0,0.0,0.6,0.0038053,3,43,0.0,,,,,,,,,,
200,0.049594439566135406,0.0,74.0,0.0,0.0,0.0,0.0,0.0,0.0,0.0,0.6,0.0038053,3,44,0.0,,,,,,,,,,
201,0.36113543389365077,0.0,74.0,0.0,0.0,0.0,0.0,0.0,0.0,0.0,0.6,0.0038053,3,45,0.0,,,,,,,,,,
202,0.31150110345333815,0.0,74.0,0.0,0.0,0.0,0.0,0.0,0.0,0.0,0.6,0.0038053,3,46,0.0,,,,,,,,,,
203,0.4399597786832601,0.0,74.0,0.0,0.0,0.0,0.0,0.0,0.0,0.0,0.6,0.0038053,3,47,0.0,,,,,,,,,,
204,0.09964900813065469,0.0,74.0,0.0,0.0,0.0,0.0,0.0,0.0,0.0,0.6,0.0038053,3,48,0.0,,,,,,,,,,
205,0.12225156254135072,0.0,74.0,0.0,0.0,0.0,0.0,0.0,0.0,0.0,0.6,0.0038053,3,49,0.0,,,,,,,,,,
206,0.158146996749565,0.0,74.0,0.0,0.0,0.0,0.0,0.0,0.0,0.0,0.6,0.0038053,3,50,0.0,,,,,,,,,,
207,0.31112114153802395,0.0,74.0,0.0,0.0,0.0,0.0,0.0,0.0,0.0,0.6,0.0038053,3,51,0.0,,,,,,,,,,
208,0.09753679274581373,0.0,74.0,0.0,0.0,0.0,0.0,0.0,0.0,0.0,0.6,0.0038053,3,52,0.0,,,,,,,,,,
209,0.1737990123219788,0.0,74.0,0.0,0.0,0.0,0.0,0.0,0.0,0.0,0.6,0.0038053,3,53,0.0,,,,,,,,,,
210,0.16749159200116992,0.0,74.0,0.0,0.0,0.0,0.0,0.0,0.0,0.0,0.6,0.0038053,3,54,0.0,,,,,,,,,,
211,0.025825058110058308,0.0,74.0,0.0,0.0,0.0,0.0,0.0,0.0,0.0,0.6,0.0038053,3,55,0.0,,,,,,,,,,
212,0.1898556852247566,0.0,74.0,0.0,0.0,0.0,0.0,0.0,0.0,0.0,0.6,0.0038053,3,56,0.0,,,,,,,,,,
213,0.1593780191615224,0.0,74.0,0.0,0.0,0.0,0.0,0.0,0.0,0.0,0.6,0.0038053,3,57,0.0,,,,,,,,,,
214,0.2634750478900969,0.0,74.0,0.0,0.0,0.0,0.0,0.0,0.0,0.0,0.6,0.0038053,3,58,0.0,,,,,,,,,,
215,0.11756103043444455,0.0,74.0,0.0,0.0,0.0,0.0,0.0,0.0,0.0,0.6,0.0038053,3,59,0.0,,,,,,,,,,
216,0.05937253311276436,0.0,74.0,0.0,0.0,0.0,0.0,0.0,0.0,0.0,0.6,0.0038053,3,60,0.0,,,,,,,,,,
217,0.12656690564472228,0.0,74.0,0.0,0.0,0.0,0.0,0.0,0.0,0.0,0.6,0.0038053,3,61,0.0,,,,,,,,,,
218,0.11665998818352818,0.0,74.0,0.0,0.0,0.0,0.0,0.0,0.0,0.0,0.6,0.0038053,3,62,0.0,,,,,,,,,,
219,0.24430970451794565,0.0,74.0,0.0,0.0,0.0,0.0,0.0,0.0,0.0,0.6,0.0038053,3,63,0.0,,,,,,,,,,
220,0.04179421626031399,0.0,74.0,0.0,0.0,0.0,0.0,0.0,0.0,0.0,0.6,0.0038053,3,64,0.0,,,,,,,,,,
221,0.12033554306253791,0.0,74.0,0.0,0.0,0.0,0.0,0.0,0.0,0.0,0.6,0.0038053,3,65,0.0,,,,,,,,,,
222,0.071100395754911,0.0,74.0,0.0,0.0,0.0,0.0,0.0,0.0,0.0,0.6,0.0038053,3,66,0.0,,,,,,,,,,
223,0.1202938873320818,0.0,74.0,0.0,0.0,0.0,0.0,0.0,0.0,0.0,0.6,0.0038053,3,67,0.0,,,,,,,,,,
224,0.42101466096937656,0.0,74.0,0.0,0.0,0.0,0.0,0.0,0.0,0.0,0.6,0.0038053,3,68,0.0,,,,,,,,,,
225,0.5478205978870392,0.0,74.0,0.0,0.0,0.0,0.0,0.0,0.0,0.0,0.6,0.0038053,3,69,0.0,,,,,,,,,,
226,0.06388361332938075,0.0,74.0,0.0,0.0,0.0,0.0,0.0,0.0,0.0,0.6,0.0038053,3,70,0.0,,,,,,,,,,
227,0.05784051539376378,0.0,74.0,0.0,0.0,0.0,0.0,0.0,0.0,0.0,0.6,0.0038053,3,71,0.0,,,,,,,,,,
228,0.20751498034223914,0.0,74.0,0.0,0.0,0.0,0.0,0.0,0.0,0.0,0.6,0.0038053,3,72,0.0,,,,,,,,,,
229,0.2975438265129924,0.0,74.0,0.0,0.0,0.0,0.0,0.0,0.0,0.0,0.6,0.0038053,3,73,0.0,,,,,,,,,,
230,0.02612727601081133,0.0,74.0,0.0,0.0,0.0,0.0,0.0,0.0,0.0,0.6,0.0038053,3,74,0.0,,,,,,,,,,
231,0.02965512196533382,0.0,74.0,0.0,0.0,0.0,0.0,0.0,0.0,0.0,0.6,0.0038053,3,75,0.0,,,,,,,,,,
232,0.3174922149628401,0.0,74.0,0.0,0.0,0.0,0.0,0.0,0.0,0.0,0.6,0.0038053,3,76,0.0,,,,,,,,,,
233,0.28876799065619707,0.0,74.0,0.0,0.0,0.0,0.0,0.0,0.0,0.0,0.6,0.0038053,3,77,0.0,,,,,,,,,,
234,0.14377684869731847,0.0,74.0,0.0,0.0,0.0,0.0,0.0,0.0,0.0,0.6,0.0038053,3,78,0.0,,,,,,,,,,
234,,,,,,,,,,,,,3,,1.0,0.8231046931407943,0.5624037583669027,0.8267148014440433,0.5508569263749652,0.9763052208835341,0.06168688009254252,0.15320052774273984,0.976706827309237,0.06144654886940351,0.14999202586519367
235,0.1306024664081633,0.0,74.0,0.0,0.0,0.0,0.0,0.0,0.0,0.0,0.6,0.0038053,4,1,0.0,,,,,,,,,,
236,0.0205771429464221,0.0,74.0,0.0,0.0,0.0,0.0,0.0,0.0,0.0,0.6,0.0038053,4,2,0.0,,,,,,,,,,
237,0.027679381426423788,0.0,74.0,0.0,0.0,0.0,0.0,0.0,0.0,0.0,0.6,0.0038053,4,3,0.0,,,,,,,,,,
238,0.027309635072015226,0.0,74.0,0.0,0.0,0.0,0.0,0.0,0.0,0.0,0.6,0.0038053,4,4,0.0,,,,,,,,,,
239,0.06446793070062995,0.0,74.0,0.0,0.0,0.0,0.0,0.0,0.0,0.0,0.6,0.0038053,4,5,0.0,,,,,,,,,,
240,0.03502224641852081,0.0,74.0,0.0,0.0,0.0,0.0,0.0,0.0,0.0,0.6,0.0038053,4,6,0.0,,,,,,,,,,
241,0.10082020098343492,0.0,74.0,0.0,0.0,0.0,0.0,0.0,0.0,0.0,0.6,0.0038053,4,7,0.0,,,,,,,,,,
242,0.01520258467644453,0.0,74.0,0.0,0.0,0.0,0.0,0.0,0.0,0.0,0.6,0.0038053,4,8,0.0,,,,,,,,,,
243,0.011146377888508141,0.0,74.0,0.0,0.0,0.0,0.0,0.0,0.0,0.0,0.6,0.0038053,4,9,0.0,,,,,,,,,,
244,0.03996974928304553,0.0,74.0,0.0,0.0,0.0,0.0,0.0,0.0,0.0,0.6,0.0038053,4,10,0.0,,,,,,,,,,
245,0.296435626456514,0.0,74.0,0.0,0.0,0.0,0.0,0.0,0.0,0.0,0.6,0.0038053,4,11,0.0,,,,,,,,,,
246,0.19058306165970862,0.0,74.0,0.0,0.0,0.0,0.0,0.0,0.0,0.0,0.6,0.0038053,4,12,0.0,,,,,,,,,,
247,0.00977420061826706,0.0,74.0,0.0,0.0,0.0,0.0,0.0,0.0,0.0,0.6,0.0038053,4,13,0.0,,,,,,,,,,
248,0.0073736009653657675,19.0,74.0,0.25675675675675674,7.0,12.0,0.3684210526315789,0.631578947368421,0.1731154975312724,0.0,0.6,0.0038053,4,14,0.0,,,,,,,,,,
249,0.013460824266076088,0.0,74.0,0.0,0.0,0.0,0.0,0.0,0.0,0.0,0.6,0.0038053,4,15,0.0,,,,,,,,,,
250,0.13898686575703323,0.0,74.0,0.0,0.0,0.0,0.0,0.0,0.0,0.0,0.6,0.0038053,4,16,0.0,,,,,,,,,,
251,0.011736284359358251,0.0,74.0,0.0,0.0,0.0,0.0,0.0,0.0,0.0,0.6,0.0038053,4,17,0.0,,,,,,,,,,
252,0.01364112296141684,0.0,74.0,0.0,0.0,0.0,0.0,0.0,0.0,0.0,0.6,0.0038053,4,18,0.0,,,,,,,,,,
253,0.010759137803688645,0.0,74.0,0.0,0.0,0.0,0.0,0.0,0.0,0.0,0.6,0.0038053,4,19,0.0,,,,,,,,,,
254,0.00843411753885448,0.0,74.0,0.0,0.0,0.0,0.0,0.0,0.0,0.0,0.6,0.0038053,4,20,0.0,,,,,,,,,,
255,0.031007493962533772,0.0,74.0,0.0,0.0,0.0,0.0,0.0,0.0,0.0,0.6,0.0038053,4,21,0.0,,,,,,,,,,
256,0.006963023100979626,0.0,74.0,0.0,0.0,0.0,0.0,0.0,0.0,0.0,0.6,0.0038053,4,22,0.0,,,,,,,,,,
257,0.15331264410633594,0.0,74.0,0.0,0.0,0.0,0.0,0.0,0.0,0.0,0.6,0.0038053,4,23,0.0,,,,,,,,,,
258,0.0349253928870894,0.0,74.0,0.0,0.0,0.0,0.0,0.0,0.0,0.0,0.6,0.0038053,4,24,0.0,,,,,,,,,,
259,0.002330700750462711,70.0,74.0,0.9459459459459459,15.0,55.0,0.21428571428571427,0.7857142857142857,0.17716342842518537,0.0,0.6,0.0038053,4,25,0.0,,,,,,,,,,
260,0.022360911243595183,0.0,74.0,0.0,0.0,0.0,0.0,0.0,0.0,0.0,0.6,0.0038053,4,26,0.0,,,,,,,,,,
261,0.15934167310479097,0.0,74.0,0.0,0.0,0.0,0.0,0.0,0.0,0.0,0.6,0.0038053,4,27,0.0,,,,,,,,,,
262,0.003362454706802964,15.0,74.0,0.20270270270270271,2.0,13.0,0.13333333333333333,0.8666666666666667,0.18477308294177922,0.0,0.6,0.0038053,4,28,0.0,,,,,,,,,,
263,0.008588338387198746,0.0,74.0,0.0,0.0,0.0,0.0,0.0,0.0,0.0,0.6,0.0038053,4,29,0.0,,,,,,,,,,
264,0.3151611578068696,0.0,74.0,0.0,0.0,0.0,0.0,0.0,0.0,0.0,0.6,0.0038053,4,30,0.0,,,,,,,,,,
265,0.03036882117157802,0.0,74.0,0.0,0.0,0.0,0.0,0.0,0.0,0.0,0.6,0.0038053,4,31,0.0,,,,,,,,,,
266,0.0037370878853835166,13.0,74.0,0.17567567567567569,1.0,12.0,0.07692307692307693,0.9230769230769231,0.17454154522783874,0.0,0.6,0.0038053,4,32,0.0,,,,,,,,,,
267,0.002499690919648856,62.0,74.0,0.8378378378378378,20.0,42.0,0.3225806451612903,0.6774193548387096,0.17336946801109324,0.0,0.6,0.0038053,4,33,0.0,,,,,,,,,,
268,0.005732468387577683,0.0,74.0,0.0,0.0,0.0,0.0,0.0,0.0,0.0,0.6,0.0038053,4,34,0.0,,,,,,,,,,
269,0.018977087369421497,0.0,74.0,0.0,0.0,0.0,0.0,0.0,0.0,0.0,0.6,0.0038053,4,35,0.0,,,,,,,,,,
270,0.06655673059867695,0.0,74.0,0.0,0.0,0.0,0.0,0.0,0.0,0.0,0.6,0.0038053,4,36,0.0,,,,,,,,,,
271,0.28872173448326066,0.0,74.0,0.0,0.0,0.0,0.0,0.0,0.0,0.0,0.6,0.0038053,4,37,0.0,,,,,,,,,,
272,0.1967421882727649,2.0,74.0,0.02702702702702703,0.0,2.0,0.0,1.0,0.1758587087071469,0.0,0.6,0.0038053,4,38,0.0,,,,,,,,,,
273,0.15159941383171827,0.0,74.0,0.0,0.0,0.0,0.0,0.0,0.0,0.0,0.6,0.0038053,4,39,0.0,,,,,,,,,,
274,0.014843939046841115,0.0,74.0,0.0,0.0,0.0,0.0,0.0,0.0,0.0,0.6,0.0038053,4,40,0.0,,,,,,,,,,
275,0.015348489687312394,0.0,74.0,0.0,0.0,0.0,0.0,0.0,0.0,0.0,0.6,0.0038053,4,41,0.0,,,,,,,,,,
276,0.16544099143357016,0.0,74.0,0.0,0.0,0.0,0.0,0.0,0.0,0.0,0.6,0.0038053,4,42,0.0,,,,,,,,,,
277,0.03364571346901357,0.0,74.0,0.0,0.0,0.0,0.0,0.0,0.0,0.0,0.6,0.0038053,4,43,0.0,,,,,,,,,,
278,0.03405698167625815,0.0,74.0,0.0,0.0,0.0,0.0,0.0,0.0,0.0,0.6,0.0038053,4,44,0.0,,,,,,,,,,
279,0.04880208370741457,0.0,74.0,0.0,0.0,0.0,0.0,0.0,0.0,0.0,0.6,0.0038053,4,45,0.0,,,,,,,,,,
280,0.003485369379632175,46.0,74.0,0.6216216216216216,6.0,40.0,0.13043478260869565,0.8695652173913043,0.17474307985620186,0.0,0.6,0.0038053,4,46,0.0,,,,,,,,,,
281,0.09743723974679597,0.0,74.0,0.0,0.0,0.0,0.0,0.0,0.0,0.0,0.6,0.0038053,4,47,0.0,,,,,,,,,,
282,0.07469226594548672,0.0,74.0,0.0,0.0,0.0,0.0,0.0,0.0,0.0,0.6,0.0038053,4,48,0.0,,,,,,,,,,
283,0.014521581120789051,0.0,74.0,0.0,0.0,0.0,0.0,0.0,0.0,0.0,0.6,0.0038053,4,49,0.0,,,,,,,,,,
284,0.011590873065870255,0.0,74.0,0.0,0.0,0.0,0.0,0.0,0.0,0.0,0.6,0.0038053,4,50,0.0,,,,,,,,,,
285,0.0025091004790738225,58.0,74.0,0.7837837837837838,17.0,41.0,0.29310344827586204,0.7068965517241379,0.17464730681037818,0.0,0.6,0.0038053,4,51,0.0,,,,,,,,,,
286,0.1705650640069507,0.0,74.0,0.0,0.0,0.0,0.0,0.0,0.0,0.0,0.6,0.0038053,4,52,0.0,,,,,,,,,,
287,0.16035172657575458,0.0,74.0,0.0,0.0,0.0,0.0,0.0,0.0,0.0,0.6,0.0038053,4,53,0.0,,,,,,,,,,
288,0.15991210826905444,0.0,74.0,0.0,0.0,0.0,0.0,0.0,0.0,0.0,0.6,0.0038053,4,54,0.0,,,,,,,,,,
289,0.00936524459393695,0.0,74.0,0.0,0.0,0.0,0.0,0.0,0.0,0.0,0.6,0.0038053,4,55,0.0,,,,,,,,,,
290,0.06739143148297444,0.0,74.0,0.0,0.0,0.0,0.0,0.0,0.0,0.0,0.6,0.0038053,4,56,0.0,,,,,,,,,,
291,0.006891914992593229,0.0,74.0,0.0,0.0,0.0,0.0,0.0,0.0,0.0,0.6,0.0038053,4,57,0.0,,,,,,,,,,
292,0.011928333318792284,0.0,74.0,0.0,0.0,0.0,0.0,0.0,0.0,0.0,0.6,0.0038053,4,58,0.0,,,,,,,,,,
293,0.004494830267503858,10.0,74.0,0.13513513513513514,4.0,6.0,0.4,0.6,0.17521374866587364,0.0,0.6,0.0038053,4,59,0.0,,,,,,,,,,
294,0.029872210579924285,0.0,74.0,0.0,0.0,0.0,0.0,0.0,0.0,0.0,0.6,0.0038053,4,60,0.0,,,,,,,,,,
295,0.010779886855743825,0.0,74.0,0.0,0.0,0.0,0.0,0.0,0.0,0.0,0.6,0.0038053,4,61,0.0,,,,,,,,,,
296,0.15816794804413803,0.0,74.0,0.0,0.0,0.0,0.0,0.0,0.0,0.0,0.6,0.0038053,4,62,0.0,,,,,,,,,,
297,0.20650648209266365,0.0,74.0,0.0,0.0,0.0,0.0,0.0,0.0,0.0,0.6,0.0038053,4,63,0.0,,,,,,,,,,
298,0.24883772805333138,0.0,74.0,0.0,0.0,0.0,0.0,0.0,0.0,0.0,0.6,0.0038053,4,64,0.0,,,,,,,,,,
299,0.01879326323978603,0.0,74.0,0.0,0.0,0.0,0.0,0.0,0.0,0.0,0.6,0.0038053,4,65,0.0,,,,,,,,,,
300,0.0979150363127701,0.0,74.0,0.0,0.0,0.0,0.0,0.0,0.0,0.0,0.6,0.0038053,4,66,0.0,,,,,,,,,,
301,0.011285906424745917,0.0,74.0,0.0,0.0,0.0,0.0,0.0,0.0,0.0,0.6,0.0038053,4,67,0.0,,,,,,,,,,
302,0.49120652728015557,0.0,74.0,0.0,0.0,0.0,0.0,0.0,0.0,0.0,0.6,0.0038053,4,68,0.0,,,,,,,,,,
303,0.013685149373486638,0.0,74.0,0.0,0.0,0.0,0.0,0.0,0.0,0.0,0.6,0.0038053,4,69,0.0,,,,,,,,,,
304,0.030124744575005025,0.0,74.0,0.0,0.0,0.0,0.0,0.0,0.0,0.0,0.6,0.0038053,4,70,0.0,,,,,,,,,,
305,0.004625366680556908,1.0,74.0,0.013513513513513514,0.0,1.0,0.0,1.0,0.1747943579234499,0.0,0.6,0.0038053,4,71,0.0,,,,,,,,,,
306,0.22764653043122962,0.0,74.0,0.0,0.0,0.0,0.0,0.0,0.0,0.0,0.6,0.0038053,4,72,0.0,,,,,,,,,,
307,0.18931363621959463,0.0,74.0,0.0,0.0,0.0,0.0,0.0,0.0,0.0,0.6,0.0038053,4,73,0.0,,,,,,,,,,
308,0.07008486869744956,0.0,74.0,0.0,0.0,0.0,0.0,0.0,0.0,0.0,0.6,0.0038053,4,74,0.0,,,,,,,,,,
309,0.005936180998105556,0.0,74.0,0.0,0.0,0.0,0.0,0.0,0.0,0.0,0.6,0.0038053,4,75,0.0,,,,,,,,,,
310,0.008410921203903854,0.0,74.0,0.0,0.0,0.0,0.0,0.0,0.0,0.0,0.6,0.0038053,4,76,0.0,,,,,,,,,,
311,0.005770584743004292,0.0,74.0,0.0,0.0,0.0,0.0,0.0,0.0,0.0,0.6,0.0038053,4,77,0.0,,,,,,,,,,
312,0.030436094133899767,0.0,74.0,0.0,0.0,0.0,0.0,0.0,0.0,0.0,0.6,0.0038053,4,78,0.0,,,,,,,,,,
312,,,,,,,,,,,,,4,,1.0,0.8375451263537906,0.7946329845322503,0.8375451263537906,0.778852105140686,0.9975903614457832,0.013814897833165163,0.16004523509199253,0.9975903614457832,0.01358667965261982,0.16004523509199253
313,0.1588611010229215,0.0,74.0,0.0,0.0,0.0,0.0,0.0,0.0,0.0,0.6,0.0038053,5,1,0.0,,,,,,,,,,
314,0.0040867202915251255,9.0,74.0,0.12162162162162163,1.0,8.0,0.1111111111111111,0.8888888888888888,0.17639398384029586,0.0,0.6,0.0038053,5,2,0.0,,,,,,,,,,
315,0.10199779336107895,0.0,74.0,0.0,0.0,0.0,0.0,0.0,0.0,0.0,0.6,0.0038053,5,3,0.0,,,,,,,,,,
316,0.0036884534056298435,21.0,74.0,0.28378378378378377,3.0,18.0,0.14285714285714285,0.8571428571428571,0.17685435717416473,0.0,0.6,0.0038053,5,4,0.0,,,,,,,,,,
317,0.004663440748117864,2.0,74.0,0.02702702702702703,1.0,1.0,0.5,0.5,0.17159244098764287,0.0,0.6,0.0038053,5,5,0.0,,,,,,,,,,
318,0.044790871907025576,0.0,74.0,0.0,0.0,0.0,0.0,0.0,0.0,0.0,0.6,0.0038053,5,6,0.0,,,,,,,,,,
319,0.0032359780743718147,67.0,74.0,0.9054054054054054,14.0,53.0,0.208955223880597,0.7910447761194029,0.1753568069036807,0.0,0.6,0.0038053,5,7,0.0,,,,,,,,,,
320,0.012379100429825485,0.0,74.0,0.0,0.0,0.0,0.0,0.0,0.0,0.0,0.6,0.0038053,5,8,0.0,,,,,,,,,,
321,0.008182607009075582,0.0,74.0,0.0,0.0,0.0,0.0,0.0,0.0,0.0,0.6,0.0038053,5,9,0.0,,,,,,,,,,
322,0.002740755386184901,67.0,74.0,0.9054054054054054,13.0,54.0,0.19402985074626866,0.8059701492537313,0.17795841331777737,0.0,0.6,0.0038053,5,10,0.0,,,,,,,,,,
323,0.003322379314340651,8.0,74.0,0.10810810810810811,2.0,6.0,0.25,0.75,0.17844003003352601,0.0,0.6,0.0038053,5,11,0.0,,,,,,,,,,
324,0.0024815064389258623,69.0,74.0,0.9324324324324325,7.0,62.0,0.10144927536231885,0.8985507246376812,0.1784891415293322,0.0,0.6,0.0038053,5,12,0.0,,,,,,,,,,
325,0.003955569176468998,40.0,74.0,0.5405405405405406,8.0,32.0,0.2,0.8,0.17503998755397665,0.0,0.6,0.0038053,5,13,0.0,,,,,,,,,,
326,0.00290608563227579,69.0,74.0,0.9324324324324325,12.0,57.0,0.17391304347826086,0.8260869565217391,0.17641271836355496,0.0,0.6,0.0038053,5,14,0.0,,,,,,,,,,
327,0.07743998168734834,0.0,74.0,0.0,0.0,0.0,0.0,0.0,0.0,0.0,0.6,0.0038053,5,15,0.0,,,,,,,,,,
328,0.00286372983828187,64.0,74.0,0.8648648648648649,12.0,52.0,0.1875,0.8125,0.1751400778600596,0.0,0.6,0.0038053,5,16,0.0,,,,,,,,,,
329,0.003481138846836984,20.0,74.0,0.2702702702702703,5.0,15.0,0.25,0.75,0.17517825492977077,0.0,0.6,0.0038053,5,17,0.0,,,,,,,,,,
330,0.0019419880118221045,70.0,74.0,0.9459459459459459,19.0,51.0,0.2714285714285714,0.7285714285714285,0.17566201691907246,0.0,0.6,0.0038053,5,18,0.0,,,,,,,,,,
331,0.0054904676508158445,0.0,74.0,0.0,0.0,0.0,0.0,0.0,0.0,0.0,0.6,0.0038053,5,19,0.0,,,,,,,,,,
332,0.13672733926796354,0.0,74.0,0.0,0.0,0.0,0.0,0.0,0.0,0.0,0.6,0.0038053,5,20,0.0,,,,,,,,,,
333,0.0019495946762617677,60.0,74.0,0.8108108108108109,16.0,44.0,0.26666666666666666,0.7333333333333333,0.1737473943594522,0.0,0.6,0.0038053,5,21,0.0,,,,,,,,,,
334,0.01910042203962803,0.0,74.0,0.0,0.0,0.0,0.0,0.0,0.0,0.0,0.6,0.0038053,5,22,0.0,,,,,,,,,,
335,0.022813916875747964,0.0,74.0,0.0,0.0,0.0,0.0,0.0,0.0,0.0,0.6,0.0038053,5,23,0.0,,,,,,,,,,
336,0.2401932702632621,0.0,74.0,0.0,0.0,0.0,0.0,0.0,0.0,0.0,0.6,0.0038053,5,24,0.0,,,,,,,,,,
337,0.003086872602580115,26.0,74.0,0.35135135135135137,6.0,20.0,0.23076923076923078,0.7692307692307693,0.17460251790298004,0.0,0.6,0.0038053,5,25,0.0,,,,,,,,,,
338,0.0013727750047110021,63.0,74.0,0.8513513513513513,13.0,50.0,0.20634920634920634,0.7936507936507936,0.17737703706523714,0.0,0.6,0.0038053,5,26,0.0,,,,,,,,,,
339,0.060185765294590965,0.0,74.0,0.0,0.0,0.0,0.0,0.0,0.0,0.0,0.6,0.0038053,5,27,0.0,,,,,,,,,,
340,0.0020741625921800733,48.0,74.0,0.6486486486486487,18.0,30.0,0.375,0.625,0.17366112781659734,0.0,0.6,0.0038053,5,28,0.0,,,,,,,,,,
341,0.004085838096216321,0.0,74.0,0.0,0.0,0.0,0.0,0.0,0.0,0.0,0.6,0.0038053,5,29,0.0,,,,,,,,,,
342,0.006361604115227237,0.0,74.0,0.0,0.0,0.0,0.0,0.0,0.0,0.0,0.6,0.0038053,5,30,0.0,,,,,,,,,,
343,0.16238421900197864,0.0,74.0,0.0,0.0,0.0,0.0,0.0,0.0,0.0,0.6,0.0038053,5,31,0.0,,,,,,,,,,
344,0.004225137497996911,0.0,74.0,0.0,0.0,0.0,0.0,0.0,0.0,0.0,0.6,0.0038053,5,32,0.0,,,,,,,,,,
345,0.0049765517469495535,1.0,74.0,0.013513513513513514,0.0,1.0,0.0,1.0,0.1898636424780717,0.0,0.6,0.0038053,5,33,0.0,,,,,,,,,,
346,0.0018011615029536188,32.0,74.0,0.43243243243243246,10.0,22.0,0.3125,0.6875,0.17321103509613825,0.0,0.6,0.0038053,5,34,0.0,,,,,,,,,,
347,0.02013850139337592,0.0,74.0,0.0,0.0,0.0,0.0,0.0,0.0,0.0,0.6,0.0038053,5,35,0.0,,,,,,,,,,
348,0.08814189489930868,0.0,74.0,0.0,0.0,0.0,0.0,0.0,0.0,0.0,0.6,0.0038053,5,36,0.0,,,,,,,,,,
349,0.004273845785064623,1.0,74.0,0.013513513513513514,0.0,1.0,0.0,1.0,0.20559125040469806,0.0,0.6,0.0038053,5,37,0.0,,,,,,,,,,
350,0.18248408191720955,0.0,74.0,0.0,0.0,0.0,0.0,0.0,0.0,0.0,0.6,0.0038053,5,38,0.0,,,,,,,,,,
351,0.0025460664473939687,5.0,74.0,0.06756756756756757,0.0,5.0,0.0,1.0,0.18445147829207398,0.0,0.6,0.0038053,5,39,0.0,,,,,,,,,,
352,0.006884227390401065,0.0,74.0,0.0,0.0,0.0,0.0,0.0,0.0,0.0,0.6,0.0038053,5,40,0.0,,,,,,,,,,
353,0.07829282744205557,0.0,74.0,0.0,0.0,0.0,0.0,0.0,0.0,0.0,0.6,0.0038053,5,41,0.0,,,,,,,,,,
354,0.0014911030884832144,59.0,74.0,0.7972972972972973,14.0,45.0,0.23728813559322035,0.7627118644067796,0.17350193617283774,0.0,0.6,0.0038053,5,42,0.0,,,,,,,,,,
355,0.0015357511001639068,28.0,74.0,0.3783783783783784,4.0,24.0,0.14285714285714285,0.8571428571428571,0.1868643097430564,0.0,0.6,0.0038053,5,43,0.0,,,,,,,,,,
356,0.0012738127552438527,72.0,74.0,0.972972972972973,18.0,54.0,0.25,0.75,0.17482755325013222,0.0,0.6,0.0038053,5,44,0.0,,,,,,,,,,
357,0.0026453395694261417,15.0,74.0,0.20270270270270271,3.0,12.0,0.2,0.8,0.17320143649576025,0.0,0.6,0.0038053,5,45,0.0,,,,,,,,,,
358,0.0016289282939396799,58.0,74.0,0.7837837837837838,17.0,41.0,0.29310344827586204,0.7068965517241379,0.1742441618595714,0.0,0.6,0.0038053,5,46,0.0,,,,,,,,,,
359,0.2193277392652817,2.0,74.0,0.02702702702702703,0.0,2.0,0.0,1.0,0.17282409783024805,0.0,0.6,0.0038053,5,47,0.0,,,,,,,,,,
360,0.01453180331736803,0.0,74.0,0.0,0.0,0.0,0.0,0.0,0.0,0.0,0.6,0.0038053,5,48,0.0,,,,,,,,,,
361,0.03378139014239423,0.0,74.0,0.0,0.0,0.0,0.0,0.0,0.0,0.0,0.6,0.0038053,5,49,0.0,,,,,,,,,,
362,0.012109895324101672,0.0,74.0,0.0,0.0,0.0,0.0,0.0,0.0,0.0,0.6,0.0038053,5,50,0.0,,,,,,,,,,
363,0.06655906036030501,0.0,74.0,0.0,0.0,0.0,0.0,0.0,0.0,0.0,0.6,0.0038053,5,51,0.0,,,,,,,,,,
364,0.0012699484650511295,70.0,74.0,0.9459459459459459,11.0,59.0,0.15714285714285714,0.8428571428571429,0.1768559889980308,0.0,0.6,0.0038053,5,52,0.0,,,,,,,,,,
365,0.1414425551192835,0.0,74.0,0.0,0.0,0.0,0.0,0.0,0.0,0.0,0.6,0.0038053,5,53,0.0,,,,,,,,,,
366,0.15649785878486,0.0,74.0,0.0,0.0,0.0,0.0,0.0,0.0,0.0,0.6,0.0038053,5,54,0.0,,,,,,,,,,
367,0.210942397636245,0.0,74.0,0.0,0.0,0.0,0.0,0.0,0.0,0.0,0.6,0.0038053,5,55,0.0,,,,,,,,,,
368,0.0017012557946145535,63.0,74.0,0.8513513513513513,19.0,44.0,0.30158730158730157,0.6984126984126984,0.17444600342316835,0.0,0.6,0.0038053,5,56,0.0,,,,,,,,,,
369,0.005006043298635632,0.0,74.0,0.0,0.0,0.0,0.0,0.0,0.0,0.0,0.6,0.0038053,5,57,0.0,,,,,,,,,,
370,0.003235695359762758,8.0,74.0,0.10810810810810811,2.0,6.0,0.25,0.75,0.1734550123057892,0.0,0.6,0.0038053,5,58,0.0,,,,,,,,,,
371,0.00316174776526168,41.0,74.0,0.5540540540540541,10.0,31.0,0.24390243902439024,0.7560975609756098,0.17411213845329643,0.0,0.6,0.0038053,5,59,0.0,,,,,,,,,,
372,0.003210057198884897,14.0,74.0,0.1891891891891892,3.0,11.0,0.21428571428571427,0.7857142857142857,0.17566940651562435,0.0,0.6,0.0038053,5,60,0.0,,,,,,,,,,
373,0.022929822094738483,0.0,74.0,0.0,0.0,0.0,0.0,0.0,0.0,0.0,0.6,0.0038053,5,61,0.0,,,,,,,,,,
374,0.002361544407904148,16.0,74.0,0.21621621621621623,3.0,13.0,0.1875,0.8125,0.17553125659867683,0.0,0.6,0.0038053,5,62,0.0,,,,,,,,,,
375,0.003234640520531684,18.0,74.0,0.24324324324324326,7.0,11.0,0.3888888888888889,0.6111111111111112,0.17111642965186513,0.0,0.6,0.0038053,5,63,0.0,,,,,,,,,,
376,0.002035410434473306,62.0,74.0,0.8378378378378378,14.0,48.0,0.22580645161290322,0.7741935483870968,0.17318720631986725,0.0,0.6,0.0038053,5,64,0.0,,,,,,,,,,
377,0.005692023900337517,0.0,74.0,0.0,0.0,0.0,0.0,0.0,0.0,0.0,0.6,0.0038053,5,65,0.0,,,,,,,,,,
378,0.002166175632737577,18.0,74.0,0.24324324324324326,1.0,17.0,0.05555555555555555,0.9444444444444444,0.17812879754358082,0.0,0.6,0.0038053,5,66,0.0,,,,,,,,,,
379,0.0017288477683905512,71.0,74.0,0.9594594594594594,15.0,56.0,0.2112676056338028,0.7887323943661971,0.17599114223030604,0.0,0.6,0.0038053,5,67,0.0,,,,,,,,,,
380,0.003301221237052232,1.0,74.0,0.013513513513513514,1.0,0.0,1.0,0.0,0.1410722031211778,0.0,0.6,0.0038053,5,68,0.0,,,,,,,,,,
381,0.003960127534810454,0.0,74.0,0.0,0.0,0.0,0.0,0.0,0.0,0.0,0.6,0.0038053,5,69,0.0,,,,,,,,,,
382,0.022875285852933303,0.0,74.0,0.0,0.0,0.0,0.0,0.0,0.0,0.0,0.6,0.0038053,5,70,0.0,,,,,,,,,,
383,0.12534627484274097,0.0,74.0,0.0,0.0,0.0,0.0,0.0,0.0,0.0,0.6,0.0038053,5,71,0.0,,,,,,,,,,
384,0.0012928868236485869,56.0,74.0,0.7567567567567568,17.0,39.0,0.30357142857142855,0.6964285714285714,0.17403328113552627,0.0,0.6,0.0038053,5,72,0.0,,,,,,,,,,
385,0.0012707294954452664,69.0,74.0,0.9324324324324325,13.0,56.0,0.18840579710144928,0.8115942028985508,0.17741079896244005,0.0,0.6,0.0038053,5,73,0.0,,,,,,,,,,
386,0.10202230594586581,0.0,74.0,0.0,0.0,0.0,0.0,0.0,0.0,0.0,0.6,0.0038053,5,74,0.0,,,,,,,,,,
387,0.0014962417481001467,70.0,74.0,0.9459459459459459,0.0,70.0,0.0,1.0,0.18403013050090025,0.0,0.6,0.0038053,5,75,0.0,,,,,,,,,,
388,0.002146210434148088,38.0,74.0,0.5135135135135135,10.0,28.0,0.2631578947368421,0.7368421052631579,0.1741880267061958,0.0,0.6,0.0038053,5,76,0.0,,,,,,,,,,
389,0.001026122219627723,72.0,74.0,0.972972972972973,14.0,58.0,0.19444444444444445,0.8055555555555556,0.17867095228977703,0.0,0.6,0.0038053,5,77,0.0,,,,,,,,,,
390,0.0009256917177341306,72.0,74.0,0.972972972972973,14.0,58.0,0.19444444444444445,0.8055555555555556,0.17644788950302912,0.0,0.6,0.0038053,5,78,0.0,,,,,,,,,,
390,,,,,,,,,,,,,5,,1.0,0.8339350180505415,0.8274274932013618,0.8339350180505415,0.8075665964020623,0.9987951807228915,0.0046190532937031,0.16486016267235004,0.9987951807228915,0.004790381384410489,0.16486016267235004
391,0.0016036175802582875,60.0,74.0,0.8108108108108109,19.0,41.0,0.31666666666666665,0.6833333333333333,0.17328862227544967,0.0,0.6,0.0038053,6,1,0.0,,,,,,,,,,
392,0.0021513397950911894,1.0,74.0,0.013513513513513514,1.0,0.0,1.0,0.0,0.17094564282085423,0.0,0.6,0.0038053,6,2,0.0,,,,,,,,,,
393,0.0009523528715362772,72.0,74.0,0.972972972972973,3.0,69.0,0.041666666666666664,0.9583333333333334,0.18522550990965894,0.0,0.6,0.0038053,6,3,0.0,,,,,,,,,,
394,0.0011181310837855563,72.0,74.0,0.972972972972973,17.0,55.0,0.2361111111111111,0.7638888888888888,0.1753783506367723,0.0,0.6,0.0038053,6,4,0.0,,,,,,,,,,
395,0.0014950132899684832,55.0,74.0,0.7432432432432432,14.0,41.0,0.2545454545454545,0.7454545454545455,0.17477323163420647,0.0,0.6,0.0038053,6,5,0.0,,,,,,,,,,
396,0.00244137916888576,2.0,74.0,0.02702702702702703,0.0,2.0,0.0,1.0,0.18438529296141476,0.0,0.6,0.0038053,6,6,0.0,,,,,,,,,,
397,0.006304703667410649,0.0,74.0,0.0,0.0,0.0,0.0,0.0,0.0,0.0,0.6,0.0038053,6,7,0.0,,,,,,,,,,
398,0.0025106238026637584,1.0,74.0,0.013513513513513514,1.0,0.0,1.0,0.0,0.15283142569007788,0.0,0.6,0.0038053,6,8,0.0,,,,,,,,,,
399,0.000865837762830779,72.0,74.0,0.972972972972973,10.0,62.0,0.1388888888888889,0.8611111111111112,0.17827905980191364,0.0,0.6,0.0038053,6,9,0.0,,,,,,,,,,
400,0.025576747866580263,0.0,74.0,0.0,0.0,0.0,0.0,0.0,0.0,0.0,0.6,0.0038053,6,10,0.0,,,,,,,,,,
401,0.0010940622596535832,72.0,74.0,0.972972972972973,18.0,54.0,0.25,0.75,0.17509513845516625,0.0,0.6,0.0038053,6,11,0.0,,,,,,,,,,
402,0.0008826317498460412,72.0,74.0,0.972972972972973,7.0,65.0,0.09722222222222222,0.9027777777777778,0.1786236714009488,0.0,0.6,0.0038053,6,12,0.0,,,,,,,,,,
403,0.0007815682183718309,72.0,74.0,0.972972972972973,23.0,49.0,0.3194444444444444,0.6805555555555556,0.17471863407665805,0.0,0.6,0.0038053,6,13,0.0,,,,,,,,,,
404,0.09439669855055399,0.0,74.0,0.0,0.0,0.0,0.0,0.0,0.0,0.0,0.6,0.0038053,6,14,0.0,,,,,,,,,,
405,0.0009179807821055874,71.0,74.0,0.9594594594594594,10.0,61.0,0.14084507042253522,0.8591549295774648,0.17658783917018717,0.0,0.6,0.0038053,6,15,0.0,,,,,,,,,,
406,0.000790210091508925,72.0,74.0,0.972972972972973,10.0,62.0,0.1388888888888889,0.8611111111111112,0.17965341331602178,0.0,0.6,0.0038053,6,16,0.0,,,,,,,,,,
407,0.0014142598811304197,49.0,74.0,0.6621621621621622,13.0,36.0,0.2653061224489796,0.7346938775510204,0.1774146317002359,0.0,0.6,0.0038053,6,17,0.0,,,,,,,,,,
408,0.004474146815482527,0.0,74.0,0.0,0.0,0.0,0.0,0.0,0.0,0.0,0.6,0.0038053,6,18,0.0,,,,,,,,,,
409,0.000946171916439198,68.0,74.0,0.918918918918919,9.0,59.0,0.1323529411764706,0.8676470588235294,0.1850689820994798,0.0,0.6,0.0038053,6,19,0.0,,,,,,,,,,
410,0.0018467420450178906,42.0,74.0,0.5675675675675675,14.0,28.0,0.3333333333333333,0.6666666666666666,0.17397820268146047,0.0,0.6,0.0038053,6,20,0.0,,,,,,,,,,
411,0.0006270710146054626,72.0,74.0,0.972972972972973,2.0,70.0,0.027777777777777776,0.9722222222222222,0.19113747989719118,0.0,0.6,0.0038053,6,21,0.0,,,,,,,,,,
412,0.0009836091339820996,66.0,74.0,0.8918918918918919,10.0,56.0,0.15151515151515152,0.8484848484848485,0.18293061178567163,0.0,0.6,0.0038053,6,22,0.0,,,,,,,,,,
413,0.0010500837524887174,55.0,74.0,0.7432432432432432,3.0,52.0,0.05454545454545454,0.9454545454545454,0.18071498671738934,0.0,0.6,0.0038053,6,23,0.0,,,,,,,,,,
414,0.0007969488215167075,72.0,74.0,0.972972972972973,16.0,56.0,0.2222222222222222,0.7777777777777778,0.18210596276534965,0.0,0.6,0.0038053,6,24,0.0,,,,,,,,,,
415,0.0025062365166377276,0.0,74.0,0.0,0.0,0.0,0.0,0.0,0.0,0.0,0.6,0.0038053,6,25,0.0,,,,,,,,,,
416,0.002501446637324989,1.0,74.0,0.013513513513513514,0.0,1.0,0.0,1.0,0.1745485554218945,0.0,0.6,0.0038053,6,26,0.0,,,,,,,,,,
417,0.0008128483023028821,72.0,74.0,0.972972972972973,4.0,68.0,0.05555555555555555,0.9444444444444444,0.18738049864481093,0.0,0.6,0.0038053,6,27,0.0,,,,,,,,,,
418,0.00178219546796754,1.0,74.0,0.013513513513513514,0.0,1.0,0.0,1.0,0.18038835614775986,0.0,0.6,0.0038053,6,28,0.0,,,,,,,,,,
419,0.00815689809678588,0.0,74.0,0.0,0.0,0.0,0.0,0.0,0.0,0.0,0.6,0.0038053,6,29,0.0,,,,,,,,,,
420,0.014242107004974969,0.0,74.0,0.0,0.0,0.0,0.0,0.0,0.0,0.0,0.6,0.0038053,6,30,0.0,,,,,,,,,,
421,0.0009118505113292485,64.0,74.0,0.8648648648648649,8.0,56.0,0.125,0.875,0.18251348206002513,0.0,0.6,0.0038053,6,31,0.0,,,,,,,,,,
422,0.12830506032332778,0.0,74.0,0.0,0.0,0.0,0.0,0.0,0.0,0.0,0.6,0.0038053,6,32,0.0,,,,,,,,,,
423,0.0017558430408826098,1.0,74.0,0.013513513513513514,0.0,1.0,0.0,1.0,0.23476632816736206,0.0,0.6,0.0038053,6,33,0.0,,,,,,,,,,
424,0.0004419107863213867,73.0,74.0,0.9864864864864865,1.0,72.0,0.0136986301369863,0.9863013698630136,0.18541618381116956,0.0,0.6,0.0038053,6,34,0.0,,,,,,,,,,
425,0.0005078880276414566,72.0,74.0,0.972972972972973,3.0,69.0,0.041666666666666664,0.9583333333333334,0.189010756488776,0.0,0.6,0.0038053,6,35,0.0,,,,,,,,,,
426,0.022554196577402763,0.0,74.0,0.0,0.0,0.0,0.0,0.0,0.0,0.0,0.6,0.0038053,6,36,0.0,,,,,,,,,,
427,0.0007178123996709473,57.0,74.0,0.7702702702702703,10.0,47.0,0.17543859649122806,0.8245614035087719,0.17571560998087754,0.0,0.6,0.0038053,6,37,0.0,,,,,,,,,,
428,0.007108267018338665,0.0,74.0,0.0,0.0,0.0,0.0,0.0,0.0,0.0,0.6,0.0038053,6,38,0.0,,,,,,,,,,
429,0.00047876469034235924,72.0,74.0,0.972972972972973,5.0,67.0,0.06944444444444445,0.9305555555555556,0.18578890503071055,0.0,0.6,0.0038053,6,39,0.0,,,,,,,,,,
430,0.0007371139799943194,69.0,74.0,0.9324324324324325,4.0,65.0,0.057971014492753624,0.9420289855072463,0.18472259668243166,0.0,0.6,0.0038053,6,40,0.0,,,,,,,,,,
431,0.2907133700500708,0.0,74.0,0.0,0.0,0.0,0.0,0.0,0.0,0.0,0.6,0.0038053,6,41,0.0,,,,,,,,,,
432,0.001388377888360992,3.0,74.0,0.04054054054054054,0.0,3.0,0.0,1.0,0.2155050777078438,0.0,0.6,0.0038053,6,42,0.0,,,,,,,,,,
433,0.0026589593835524283,1.0,74.0,0.013513513513513514,0.0,1.0,0.0,1.0,0.19576696306026456,0.0,0.6,0.0038053,6,43,0.0,,,,,,,,,,
434,0.0006000138819217682,72.0,74.0,0.972972972972973,9.0,63.0,0.125,0.875,0.18003615005465215,0.0,0.6,0.0038053,6,44,0.0,,,,,,,,,,
435,0.0006470088774221949,72.0,74.0,0.972972972972973,7.0,65.0,0.09722222222222222,0.9027777777777778,0.18235376210586415,0.0,0.6,0.0038053,6,45,0.0,,,,,,,,,,
436,0.01964090253750328,0.0,74.0,0.0,0.0,0.0,0.0,0.0,0.0,0.0,0.6,0.0038053,6,46,0.0,,,,,,,,,,
437,0.0009926447964971885,46.0,74.0,0.6216216216216216,14.0,32.0,0.30434782608695654,0.6956521739130435,0.17748675435866665,0.0,0.6,0.0038053,6,47,0.0,,,,,,,,,,
438,0.008110901049803942,0.0,74.0,0.0,0.0,0.0,0.0,0.0,0.0,0.0,0.6,0.0038053,6,48,0.0,,,,,,,,,,
439,0.0006080134407966398,72.0,74.0,0.972972972972973,7.0,65.0,0.09722222222222222,0.9027777777777778,0.18227817585362927,0.0,0.6,0.0038053,6,49,0.0,,,,,,,,,,
440,0.0006263156537897885,72.0,74.0,0.972972972972973,15.0,57.0,0.20833333333333334,0.7916666666666666,0.17769962236903114,0.0,0.6,0.0038053,6,50,0.0,,,,,,,,,,
441,0.0006142794663901441,72.0,74.0,0.972972972972973,14.0,58.0,0.19444444444444445,0.8055555555555556,0.17607018872441305,0.0,0.6,0.0038053,6,51,0.0,,,,,,,,,,
442,0.0003615007663029246,74.0,74.0,1.0,10.0,64.0,0.13513513513513514,0.8648648648648649,0.1813622104482626,0.0,0.6,0.0038053,6,52,0.0,,,,,,,,,,
443,0.0017082824706449173,6.0,74.0,0.08108108108108109,1.0,5.0,0.16666666666666666,0.8333333333333334,0.17675597568739143,0.0,0.6,0.0038053,6,53,0.0,,,,,,,,,,
444,0.30133787407248747,0.0,74.0,0.0,0.0,0.0,0.0,0.0,0.0,0.0,0.6,0.0038053,6,54,0.0,,,,,,,,,,
445,0.0005937468085903674,72.0,74.0,0.972972972972973,7.0,65.0,0.09722222222222222,0.9027777777777778,0.18583770549859682,0.0,0.6,0.0038053,6,55,0.0,,,,,,,,,,
446,0.0014109415060374886,17.0,74.0,0.22972972972972974,1.0,16.0,0.058823529411764705,0.9411764705882353,0.18702995410264184,0.0,0.6,0.0038053,6,56,0.0,,,,,,,,,,
447,0.0004242602371959947,73.0,74.0,0.9864864864864865,7.0,66.0,0.0958904109589041,0.9041095890410958,0.18609809930726992,0.0,0.6,0.0038053,6,57,0.0,,,,,,,,,,
448,0.0005869050946785137,68.0,74.0,0.918918918918919,10.0,58.0,0.14705882352941177,0.8529411764705882,0.17674548178443156,0.0,0.6,0.0038053,6,58,0.0,,,,,,,,,,
449,0.0004430337285157293,72.0,74.0,0.972972972972973,10.0,62.0,0.1388888888888889,0.8611111111111112,0.18508100607952574,0.0,0.6,0.0038053,6,59,0.0,,,,,,,,,,
450,0.14730807947489666,0.0,74.0,0.0,0.0,0.0,0.0,0.0,0.0,0.0,0.6,0.0038053,6,60,0.0,,,,,,,,,,
451,0.0006464523612521589,64.0,74.0,0.8648648648648649,11.0,53.0,0.171875,0.828125,0.18230378408344214,0.0,0.6,0.0038053,6,61,0.0,,,,,,,,,,
452,0.0012740983802359551,26.0,74.0,0.35135135135135137,5.0,21.0,0.19230769230769232,0.8076923076923077,0.1807100423714981,0.0,0.6,0.0038053,6,62,0.0,,,,,,,,,,
453,0.0005046308797318488,72.0,74.0,0.972972972972973,34.0,38.0,0.4722222222222222,0.5277777777777778,0.17060037881338433,0.0,0.6,0.0038053,6,63,0.0,,,,,,,,,,
454,0.0007352691682172008,27.0,74.0,0.36486486486486486,2.0,25.0,0.07407407407407407,0.9259259259259259,0.1864202294941317,0.0,0.6,0.0038053,6,64,0.0,,,,,,,,,,
455,0.0005686220538336784,72.0,74.0,0.972972972972973,24.0,48.0,0.3333333333333333,0.6666666666666666,0.17368965253378713,0.0,0.6,0.0038053,6,65,0.0,,,,,,,,,,
456,0.00036818705120822415,74.0,74.0,1.0,12.0,62.0,0.16216216216216217,0.8378378378378378,0.1817127069851724,0.0,0.6,0.0038053,6,66,0.0,,,,,,,,,,
457,0.0013255771627882496,26.0,74.0,0.35135135135135137,2.0,24.0,0.07692307692307693,0.9230769230769231,0.1776965670216965,0.0,0.6,0.0038053,6,67,0.0,,,,,,,,,,
458,0.013581189537944738,0.0,74.0,0.0,0.0,0.0,0.0,0.0,0.0,0.0,0.6,0.0038053,6,68,0.0,,,,,,,,,,
459,0.0005612129170913249,72.0,74.0,0.972972972972973,5.0,67.0,0.06944444444444445,0.9305555555555556,0.18354485730020623,0.0,0.6,0.0038053,6,69,0.0,,,,,,,,,,
460,0.00034205005795229226,74.0,74.0,1.0,9.0,65.0,0.12162162162162163,0.8783783783783784,0.1814086013163575,0.0,0.6,0.0038053,6,70,0.0,,,,,,,,,,
461,0.00043380875285947695,73.0,74.0,0.9864864864864865,21.0,52.0,0.2876712328767123,0.7123287671232876,0.1768135477906395,0.0,0.6,0.0038053,6,71,0.0,,,,,,,,,,
462,0.01115063715405995,0.0,74.0,0.0,0.0,0.0,0.0,0.0,0.0,0.0,0.6,0.0038053,6,72,0.0,,,,,,,,,,
463,0.0012629367192857899,38.0,74.0,0.5135135135135135,6.0,32.0,0.15789473684210525,0.8421052631578947,0.17715612372563577,0.0,0.6,0.0038053,6,73,0.0,,,,,,,,,,
464,0.0013025481021031737,4.0,74.0,0.05405405405405406,2.0,2.0,0.5,0.5,0.1807324848570691,0.0,0.6,0.0038053,6,74,0.0,,,,,,,,,,
465,0.0007694902160437778,37.0,74.0,0.5,12.0,25.0,0.32432432432432434,0.6756756756756757,0.17787663465615958,0.0,0.6,0.0038053,6,75,0.0,,,,,,,,,,
466,0.030667321720102336,0.0,74.0,0.0,0.0,0.0,0.0,0.0,0.0,0.0,0.6,0.0038053,6,76,0.0,,,,,,,,,,
467,0.09106405591592193,0.0,74.0,0.0,0.0,0.0,0.0,0.0,0.0,0.0,0.6,0.0038053,6,77,0.0,,,,,,,,,,
468,0.0013752814355449607,11.0,74.0,0.14864864864864866,2.0,9.0,0.18181818181818182,0.8181818181818182,0.1754568793825077,0.0,0.6,0.0038053,6,78,0.0,,,,,,,,,,
468,,,,,,,,,,,,,6,,1.0,0.8483754512635379,0.9610178735521104,0.8483754512635379,0.937876284122467,0.9991967871485944,0.006198235438391865,0.15082133588505653,0.9991967871485944,0.006044624519955295,0.15082133588505653
469,0.000662152589939069,62.0,74.0,0.8378378378378378,5.0,57.0,0.08064516129032258,0.9193548387096774,0.18309431052451086,0.0,0.6,0.0038053,7,1,0.0,,,,,,,,,,
470,0.000417295508668758,73.0,74.0,0.9864864864864865,6.0,67.0,0.0821917808219178,0.9178082191780822,0.1819733469894223,0.0,0.6,0.0038053,7,2,0.0,,,,,,,,,,
471,0.0011934687645407394,30.0,74.0,0.40540540540540543,2.0,28.0,0.06666666666666667,0.9333333333333333,0.18950091813116743,0.0,0.6,0.0038053,7,3,0.0,,,,,,,,,,
472,0.00034461853647371754,74.0,74.0,1.0,4.0,70.0,0.05405405405405406,0.9459459459459459,0.18355664241360456,0.0,0.6,0.0038053,7,4,0.0,,,,,,,,,,
473,0.0032447951161884703,0.0,74.0,0.0,0.0,0.0,0.0,0.0,0.0,0.0,0.6,0.0038053,7,5,0.0,,,,,,,,,,
474,0.0005415358173195273,72.0,74.0,0.972972972972973,6.0,66.0,0.08333333333333333,0.9166666666666666,0.1788529053936306,0.0,0.6,0.0038053,7,6,0.0,,,,,,,,,,
475,0.00030181930924300104,74.0,74.0,1.0,15.0,59.0,0.20270270270270271,0.7972972972972973,0.18155368679631825,0.0,0.6,0.0038053,7,7,0.0,,,,,,,,,,
476,0.00038995286013232544,73.0,74.0,0.9864864864864865,3.0,70.0,0.0410958904109589,0.958904109589041,0.19231637017624367,0.0,0.6,0.0038053,7,8,0.0,,,,,,,,,,
477,0.000283956658677198,74.0,74.0,1.0,3.0,71.0,0.04054054054054054,0.9594594594594594,0.18790846688995294,0.0,0.6,0.0038053,7,9,0.0,,,,,,,,,,
478,0.0005036896909587085,72.0,74.0,0.972972972972973,7.0,65.0,0.09722222222222222,0.9027777777777778,0.17958901865512422,0.0,0.6,0.0038053,7,10,0.0,,,,,,,,,,
479,0.0003406215400900692,74.0,74.0,1.0,9.0,65.0,0.12162162162162163,0.8783783783783784,0.18091829919082097,0.0,0.6,0.0038053,7,11,0.0,,,,,,,,,,
480,0.00039783444663044065,73.0,74.0,0.9864864864864865,9.0,64.0,0.1232876712328767,0.8767123287671232,0.1787566656184024,0.0,0.6,0.0038053,7,12,0.0,,,,,,,,,,
481,0.0004831183032365516,72.0,74.0,0.972972972972973,12.0,60.0,0.16666666666666666,0.8333333333333334,0.17931971378364386,0.0,0.6,0.0038053,7,13,0.0,,,,,,,,,,
482,0.0009019909921335056,19.0,74.0,0.25675675675675674,3.0,16.0,0.15789473684210525,0.8421052631578947,0.1771139011157123,0.0,0.6,0.0038053,7,14,0.0,,,,,,,,,,
483,0.0007637907983735204,45.0,74.0,0.6081081081081081,13.0,32.0,0.28888888888888886,0.7111111111111111,0.1751414217328367,0.0,0.6,0.0038053,7,15,0.0,,,,,,,,,,
484,0.0002996289767907001,74.0,74.0,1.0,4.0,70.0,0.05405405405405406,0.9459459459459459,0.1879305369255406,0.0,0.6,0.0038053,7,16,0.0,,,,,,,,,,
485,0.000402921432396397,73.0,74.0,0.9864864864864865,6.0,67.0,0.0821917808219178,0.9178082191780822,0.18148057751904195,0.0,0.6,0.0038053,7,17,0.0,,,,,,,,,,
486,0.00039785741682862863,73.0,74.0,0.9864864864864865,14.0,59.0,0.1917808219178082,0.8082191780821918,0.17702681545729523,0.0,0.6,0.0038053,7,18,0.0,,,,,,,,,,
487,0.03919734469673131,0.0,74.0,0.0,0.0,0.0,0.0,0.0,0.0,0.0,0.6,0.0038053,7,19,0.0,,,,,,,,,,
488,0.0017514689534436911,6.0,74.0,0.08108108108108109,3.0,3.0,0.5,0.5,0.17526466896004378,0.0,0.6,0.0038053,7,20,0.0,,,,,,,,,,
489,0.00034878018050221726,74.0,74.0,1.0,6.0,68.0,0.08108108108108109,0.918918918918919,0.18090161690547013,0.0,0.6,0.0038053,7,21,0.0,,,,,,,,,,
490,0.00035354436113266274,74.0,74.0,1.0,11.0,63.0,0.14864864864864866,0.8513513513513513,0.18404530079383827,0.0,0.6,0.0038053,7,22,0.0,,,,,,,,,,
491,0.0005616675261990167,65.0,74.0,0.8783783783783784,5.0,60.0,0.07692307692307693,0.9230769230769231,0.18041933378517008,0.0,0.6,0.0038053,7,23,0.0,,,,,,,,,,
492,0.0007877972748246975,38.0,74.0,0.5135135135135135,1.0,37.0,0.02631578947368421,0.9736842105263158,0.18487231043721036,0.0,0.6,0.0038053,7,24,0.0,,,,,,,,,,
493,0.006069235525501426,0.0,74.0,0.0,0.0,0.0,0.0,0.0,0.0,0.0,0.6,0.0038053,7,25,0.0,,,,,,,,,,
494,0.00037691199395339936,73.0,74.0,0.9864864864864865,3.0,70.0,0.0410958904109589,0.958904109589041,0.19302062571144582,0.0,0.6,0.0038053,7,26,0.0,,,,,,,,,,
495,0.000440100506239105,73.0,74.0,0.9864864864864865,6.0,67.0,0.0821917808219178,0.9178082191780822,0.18546173392446297,0.0,0.6,0.0038053,7,27,0.0,,,,,,,,,,
496,0.0003358750545885414,74.0,74.0,1.0,2.0,72.0,0.02702702702702703,0.972972972972973,0.18638800042322046,0.0,0.6,0.0038053,7,28,0.0,,,,,,,,,,
497,0.0004894679877907038,72.0,74.0,0.972972972972973,8.0,64.0,0.1111111111111111,0.8888888888888888,0.17970831366576087,0.0,0.6,0.0038053,7,29,0.0,,,,,,,,,,
498,0.00036225211806595325,73.0,74.0,0.9864864864864865,21.0,52.0,0.2876712328767123,0.7123287671232876,0.174735854075432,0.0,0.6,0.0038053,7,30,0.0,,,,,,,,,,
499,0.18700651486869901,0.0,74.0,0.0,0.0,0.0,0.0,0.0,0.0,0.0,0.6,0.0038053,7,31,0.0,,,,,,,,,,
500,0.0008529798651579767,57.0,74.0,0.7702702702702703,17.0,40.0,0.2982456140350877,0.7017543859649122,0.17456152783181875,0.0,0.6,0.0038053,7,32,0.0,,,,,,,,,,
501,0.0002768808262771927,74.0,74.0,1.0,2.0,72.0,0.02702702702702703,0.972972972972973,0.18670416922210198,0.0,0.6,0.0038053,7,33,0.0,,,,,,,,,,
502,0.0006060805171728134,72.0,74.0,0.972972972972973,19.0,53.0,0.2638888888888889,0.7361111111111112,0.17589216650692438,0.0,0.6,0.0038053,7,34,0.0,,,,,,,,,,
503,0.00030429679827648215,74.0,74.0,1.0,0.0,74.0,0.0,1.0,0.19655175574914768,0.0,0.6,0.0038053,7,35,0.0,,,,,,,,,,
504,0.0004998515505576506,59.0,74.0,0.7972972972972973,5.0,54.0,0.0847457627118644,0.9152542372881356,0.18419853991892132,0.0,0.6,0.0038053,7,36,0.0,,,,,,,,,,
505,0.0002812920356518589,74.0,74.0,1.0,4.0,70.0,0.05405405405405406,0.9459459459459459,0.18303051371447446,0.0,0.6,0.0038053,7,37,0.0,,,,,,,,,,
506,0.0002676998628885485,74.0,74.0,1.0,3.0,71.0,0.04054054054054054,0.9594594594594594,0.18908012430214002,0.0,0.6,0.0038053,7,38,0.0,,,,,,,,,,
507,0.0005917965027038008,56.0,74.0,0.7567567567567568,3.0,53.0,0.05357142857142857,0.9464285714285714,0.18142819705832164,0.0,0.6,0.0038053,7,39,0.0,,,,,,,,,,
508,0.00032936663046712056,74.0,74.0,1.0,2.0,72.0,0.02702702702702703,0.972972972972973,0.19011227498445393,0.0,0.6,0.0038053,7,40,0.0,,,,,,,,,,
509,0.00028843041582149453,74.0,74.0,1.0,7.0,67.0,0.0945945945945946,0.9054054054054054,0.18061346536413875,0.0,0.6,0.0038053,7,41,0.0,,,,,,,,,,
510,0.0005682666414941195,25.0,74.0,0.33783783783783783,2.0,23.0,0.08,0.92,0.18851189134431376,0.0,0.6,0.0038053,7,42,0.0,,,,,,,,,,
511,0.00041029871499631554,73.0,74.0,0.9864864864864865,18.0,55.0,0.2465753424657534,0.7534246575342466,0.1770972278569273,0.0,0.6,0.0038053,7,43,0.0,,,,,,,,,,
512,0.0004031042553833686,73.0,74.0,0.9864864864864865,11.0,62.0,0.1506849315068493,0.8493150684931506,0.1761455313561026,0.0,0.6,0.0038053,7,44,0.0,,,,,,,,,,
513,0.0002847574905899819,74.0,74.0,1.0,2.0,72.0,0.02702702702702703,0.972972972972973,0.18713508898987052,0.0,0.6,0.0038053,7,45,0.0,,,,,,,,,,
514,0.00026853220333578065,74.0,74.0,1.0,1.0,73.0,0.013513513513513514,0.9864864864864865,0.18428257426575967,0.0,0.6,0.0038053,7,46,0.0,,,,,,,,,,
515,0.00035101179310004227,74.0,74.0,1.0,12.0,62.0,0.16216216216216217,0.8378378378378378,0.17851374001232687,0.0,0.6,0.0038053,7,47,0.0,,,,,,,,,,
516,0.0004114121984457597,73.0,74.0,0.9864864864864865,7.0,66.0,0.0958904109589041,0.9041095890410958,0.1852441064751377,0.0,0.6,0.0038053,7,48,0.0,,,,,,,,,,
517,0.00035024352837353945,74.0,74.0,1.0,4.0,70.0,0.05405405405405406,0.9459459459459459,0.18021912230725648,0.0,0.6,0.0038053,7,49,0.0,,,,,,,,,,
518,0.0003312213630124461,74.0,74.0,1.0,2.0,72.0,0.02702702702702703,0.972972972972973,0.18935170224036108,0.0,0.6,0.0038053,7,50,0.0,,,,,,,,,,
519,0.0005227218825893942,65.0,74.0,0.8783783783783784,4.0,61.0,0.06153846153846154,0.9384615384615385,0.18371083843559918,0.0,0.6,0.0038053,7,51,0.0,,,,,,,,,,
520,0.0003895800982718356,73.0,74.0,0.9864864864864865,2.0,71.0,0.0273972602739726,0.9726027397260274,0.19175099417463898,0.0,0.6,0.0038053,7,52,0.0,,,,,,,,,,
521,0.0003234047762816772,74.0,74.0,1.0,8.0,66.0,0.10810810810810811,0.8918918918918919,0.18526410482603747,0.0,0.6,0.0038053,7,53,0.0,,,,,,,,,,
522,0.0004457490867935121,73.0,74.0,0.9864864864864865,11.0,62.0,0.1506849315068493,0.8493150684931506,0.1762428501319658,0.0,0.6,0.0038053,7,54,0.0,,,,,,,,,,
523,0.001320836650847923,1.0,74.0,0.013513513513513514,0.0,1.0,0.0,1.0,0.20656377368338025,0.0,0.6,0.0038053,7,55,0.0,,,,,,,,,,
524,0.00028621795354411006,74.0,74.0,1.0,1.0,73.0,0.013513513513513514,0.9864864864864865,0.18609219844334526,0.0,0.6,0.0038053,7,56,0.0,,,,,,,,,,
525,0.0005181059932510834,67.0,74.0,0.9054054054054054,26.0,41.0,0.3880597014925373,0.6119402985074627,0.17381448848958025,0.0,0.6,0.0038053,7,57,0.0,,,,,,,,,,
526,0.0003066178614972159,74.0,74.0,1.0,7.0,67.0,0.0945945945945946,0.9054054054054054,0.1873479262981034,0.0,0.6,0.0038053,7,58,0.0,,,,,,,,,,
527,0.0003184547313139774,74.0,74.0,1.0,2.0,72.0,0.02702702702702703,0.972972972972973,0.18696436980213593,0.0,0.6,0.0038053,7,59,0.0,,,,,,,,,,
528,0.009400622842804296,0.0,74.0,0.0,0.0,0.0,0.0,0.0,0.0,0.0,0.6,0.0038053,7,60,0.0,,,,,,,,,,
529,0.00029159671248635277,74.0,74.0,1.0,10.0,64.0,0.13513513513513514,0.8648648648648649,0.18246539981222729,0.0,0.6,0.0038053,7,61,0.0,,,,,,,,,,
530,0.0005689196768798865,51.0,74.0,0.6891891891891891,16.0,35.0,0.3137254901960784,0.6862745098039216,0.17653226188088667,0.0,0.6,0.0038053,7,62,0.0,,,,,,,,,,
531,0.0003515485586831346,74.0,74.0,1.0,5.0,69.0,0.06756756756756757,0.9324324324324325,0.19006643721933408,0.0,0.6,0.0038053,7,63,0.0,,,,,,,,,,
532,0.19033400181797333,0.0,74.0,0.0,0.0,0.0,0.0,0.0,0.0,0.0,0.6,0.0038053,7,64,0.0,,,,,,,,,,
533,0.18259594970731996,0.0,74.0,0.0,0.0,0.0,0.0,0.0,0.0,0.0,0.6,0.0038053,7,65,0.0,,,,,,,,,,
534,0.08858670194604201,0.0,74.0,0.0,0.0,0.0,0.0,0.0,0.0,0.0,0.6,0.0038053,7,66,0.0,,,,,,,,,,
535,0.0002879823550756555,74.0,74.0,1.0,4.0,70.0,0.05405405405405406,0.9459459459459459,0.190195142104695,0.0,0.6,0.0038053,7,67,0.0,,,,,,,,,,
536,0.00039978575659915805,73.0,74.0,0.9864864864864865,11.0,62.0,0.1506849315068493,0.8493150684931506,0.1796202061931459,0.0,0.6,0.0038053,7,68,0.0,,,,,,,,,,
537,0.0003275048584328033,74.0,74.0,1.0,14.0,60.0,0.1891891891891892,0.8108108108108109,0.17864832755194135,0.0,0.6,0.0038053,7,69,0.0,,,,,,,,,,
538,0.000248784119321499,74.0,74.0,1.0,1.0,73.0,0.013513513513513514,0.9864864864864865,0.19201725574118023,0.0,0.6,0.0038053,7,70,0.0,,,,,,,,,,
539,0.0009772160774446093,8.0,74.0,0.10810810810810811,2.0,6.0,0.25,0.75,0.17997764623552512,0.0,0.6,0.0038053,7,71,0.0,,,,,,,,,,
540,0.19978900866408367,0.0,74.0,0.0,0.0,0.0,0.0,0.0,0.0,0.0,0.6,0.0038053,7,72,0.0,,,,,,,,,,
541,0.004961158047080971,0.0,74.0,0.0,0.0,0.0,0.0,0.0,0.0,0.0,0.6,0.0038053,7,73,0.0,,,,,,,,,,
542,0.009407290250237565,0.0,74.0,0.0,0.0,0.0,0.0,0.0,0.0,0.0,0.6,0.0038053,7,74,0.0,,,,,,,,,,
543,0.0004642998392228037,71.0,74.0,0.9594594594594594,27.0,44.0,0.38028169014084506,0.6197183098591549,0.1739057160325954,0.0,0.6,0.0038053,7,75,0.0,,,,,,,,,,
544,0.0004216923553030938,73.0,74.0,0.9864864864864865,22.0,51.0,0.3013698630136986,0.6986301369863014,0.17372317740674442,0.0,0.6,0.0038053,7,76,0.0,,,,,,,,,,
545,0.0003172567376168445,74.0,74.0,1.0,2.0,72.0,0.02702702702702703,0.972972972972973,0.1858897510858915,0.0,0.6,0.0038053,7,77,0.0,,,,,,,,,,
546,0.0003459593213987179,74.0,74.0,1.0,22.0,52.0,0.2972972972972973,0.7027027027027027,0.17786156869841782,0.0,0.6,0.0038053,7,78,0.0,,,,,,,,,,
546,,,,,,,,,,,,,7,,1.0,0.8339350180505415,1.059173047542572,0.8339350180505415,1.0312420063548617,1.0,0.0005025862858299381,0.1660649819494585,1.0,0.0006276664473541762,0.1660649819494585
547,0.0003440583277551923,69.0,74.0,0.9324324324324325,4.0,65.0,0.057971014492753624,0.9420289855072463,0.1885284719846242,0.0,0.6,0.0038053,8,1,0.0,,,,,,,,,,
548,0.0002600710758997593,74.0,74.0,1.0,0.0,74.0,0.0,1.0,0.1914826103425663,0.0,0.6,0.0038053,8,2,0.0,,,,,,,,,,
549,0.00024586383369751275,74.0,74.0,1.0,4.0,70.0,0.05405405405405406,0.9459459459459459,0.18221348588612726,0.0,0.6,0.0038053,8,3,0.0,,,,,,,,,,
550,0.004665719417971559,0.0,74.0,0.0,0.0,0.0,0.0,0.0,0.0,0.0,0.6,0.0038053,8,4,0.0,,,,,,,,,,
551,0.00026798433827934787,74.0,74.0,1.0,2.0,72.0,0.02702702702702703,0.972972972972973,0.18709862452825485,0.0,0.6,0.0038053,8,5,0.0,,,,,,,,,,
552,0.000288039147562813,74.0,74.0,1.0,8.0,66.0,0.10810810810810811,0.8918918918918919,0.18267733209677417,0.0,0.6,0.0038053,8,6,0.0,,,,,,,,,,
553,0.00026301211983081885,74.0,74.0,1.0,1.0,73.0,0.013513513513513514,0.9864864864864865,0.18524481330553916,0.0,0.6,0.0038053,8,7,0.0,,,,,,,,,,
554,0.0007603252306580544,47.0,74.0,0.6351351351351351,9.0,38.0,0.19148936170212766,0.8085106382978723,0.17884820614465027,0.0,0.6,0.0038053,8,8,0.0,,,,,,,,,,
555,0.0004205564473522827,72.0,74.0,0.972972972972973,19.0,53.0,0.2638888888888889,0.7361111111111112,0.175285868118135,0.0,0.6,0.0038053,8,9,0.0,,,,,,,,,,
556,0.0059338342034607194,0.0,74.0,0.0,0.0,0.0,0.0,0.0,0.0,0.0,0.6,0.0038053,8,10,0.0,,,,,,,,,,
557,0.0002539121160225477,74.0,74.0,1.0,1.0,73.0,0.013513513513513514,0.9864864864864865,0.19210662885549637,0.0,0.6,0.0038053,8,11,0.0,,,,,,,,,,
558,0.000334832879161695,74.0,74.0,1.0,4.0,70.0,0.05405405405405406,0.9459459459459459,0.18178667093480824,0.0,0.6,0.0038053,8,12,0.0,,,,,,,,,,
559,0.00024023741570999846,74.0,74.0,1.0,0.0,74.0,0.0,1.0,0.18583074147786188,0.0,0.6,0.0038053,8,13,0.0,,,,,,,,,,
560,0.001628163481655065,1.0,74.0,0.013513513513513514,0.0,1.0,0.0,1.0,0.22301850220766226,0.0,0.6,0.0038053,8,14,0.0,,,,,,,,,,
561,0.002563480695243925,0.0,74.0,0.0,0.0,0.0,0.0,0.0,0.0,0.0,0.6,0.0038053,8,15,0.0,,,,,,,,,,
562,0.0009638226001698058,26.0,74.0,0.35135135135135137,1.0,25.0,0.038461538461538464,0.9615384615384616,0.1913751411580536,0.0,0.6,0.0038053,8,16,0.0,,,,,,,,,,
563,0.0029995375662110746,0.0,74.0,0.0,0.0,0.0,0.0,0.0,0.0,0.0,0.6,0.0038053,8,17,0.0,,,,,,,,,,
564,0.0002500258924555965,74.0,74.0,1.0,1.0,73.0,0.013513513513513514,0.9864864864864865,0.18895997933609235,0.0,0.6,0.0038053,8,18,0.0,,,,,,,,,,
565,0.0002884953501052223,74.0,74.0,1.0,4.0,70.0,0.05405405405405406,0.9459459459459459,0.18093367283087813,0.0,0.6,0.0038053,8,19,0.0,,,,,,,,,,
566,0.13458429812453687,0.0,74.0,0.0,0.0,0.0,0.0,0.0,0.0,0.0,0.6,0.0038053,8,20,0.0,,,,,,,,,,
567,0.0006128826425992884,59.0,74.0,0.7972972972972973,9.0,50.0,0.15254237288135594,0.847457627118644,0.1774524438890924,0.0,0.6,0.0038053,8,21,0.0,,,,,,,,,,
568,0.0024554372612328734,0.0,74.0,0.0,0.0,0.0,0.0,0.0,0.0,0.0,0.6,0.0038053,8,22,0.0,,,,,,,,,,
569,0.013566917245043442,0.0,74.0,0.0,0.0,0.0,0.0,0.0,0.0,0.0,0.6,0.0038053,8,23,0.0,,,,,,,,,,
570,0.00023831360158510506,74.0,74.0,1.0,1.0,73.0,0.013513513513513514,0.9864864864864865,0.18953033720067358,0.0,0.6,0.0038053,8,24,0.0,,,,,,,,,,
571,0.001614312204765156,1.0,74.0,0.013513513513513514,0.0,1.0,0.0,1.0,0.20109426629199345,0.0,0.6,0.0038053,8,25,0.0,,,,,,,,,,
572,0.0002487178753654007,74.0,74.0,1.0,10.0,64.0,0.13513513513513514,0.8648648648648649,0.1817339927980437,0.0,0.6,0.0038053,8,26,0.0,,,,,,,,,,
573,0.0004234653461026028,73.0,74.0,0.9864864864864865,9.0,64.0,0.1232876712328767,0.8767123287671232,0.180770271472202,0.0,0.6,0.0038053,8,27,0.0,,,,,,,,,,
574,0.0002999256466864608,74.0,74.0,1.0,15.0,59.0,0.20270270270270271,0.7972972972972973,0.18234164644562378,0.0,0.6,0.0038053,8,28,0.0,,,,,,,,,,
575,0.0005371111838030629,66.0,74.0,0.8918918918918919,7.0,59.0,0.10606060606060606,0.8939393939393939,0.17703089747211243,0.0,0.6,0.0038053,8,29,0.0,,,,,,,,,,
576,0.0003665255462692585,73.0,74.0,0.9864864864864865,17.0,56.0,0.2328767123287671,0.7671232876712328,0.17590421682496546,0.0,0.6,0.0038053,8,30,0.0,,,,,,,,,,
577,0.00029477282805601135,74.0,74.0,1.0,12.0,62.0,0.16216216216216217,0.8378378378378378,0.17724963333020438,0.0,0.6,0.0038053,8,31,0.0,,,,,,,,,,
578,0.0003326868391013704,74.0,74.0,1.0,15.0,59.0,0.20270270270270271,0.7972972972972973,0.17874095996363296,0.0,0.6,0.0038053,8,32,0.0,,,,,,,,,,
579,0.00021436762472148985,74.0,74.0,1.0,5.0,69.0,0.06756756756756757,0.9324324324324325,0.18748467970844718,0.0,0.6,0.0038053,8,33,0.0,,,,,,,,,,
580,0.0006512040090456139,35.0,74.0,0.47297297297297297,14.0,21.0,0.4,0.6,0.1717994471376121,0.0,0.6,0.0038053,8,34,0.0,,,,,,,,,,
581,0.00029700023515033536,74.0,74.0,1.0,24.0,50.0,0.32432432432432434,0.6756756756756757,0.17586762775452797,0.0,0.6,0.0038053,8,35,0.0,,,,,,,,,,
582,0.0003078981571889017,74.0,74.0,1.0,3.0,71.0,0.04054054054054054,0.9594594594594594,0.1886330104189465,0.0,0.6,0.0038053,8,36,0.0,,,,,,,,,,
583,0.00021708266649511643,74.0,74.0,1.0,1.0,73.0,0.013513513513513514,0.9864864864864865,0.1896081769950623,0.0,0.6,0.0038053,8,37,0.0,,,,,,,,,,
584,0.0010935095269815065,1.0,74.0,0.013513513513513514,0.0,1.0,0.0,1.0,0.27277534364299055,0.0,0.6,0.0038053,8,38,0.0,,,,,,,,,,
585,0.00045648008745047264,73.0,74.0,0.9864864864864865,16.0,57.0,0.2191780821917808,0.7808219178082192,0.17492003428263192,0.0,0.6,0.0038053,8,39,0.0,,,,,,,,,,
586,0.00021909617498749867,74.0,74.0,1.0,13.0,61.0,0.17567567567567569,0.8243243243243243,0.18204452311265276,0.0,0.6,0.0038053,8,40,0.0,,,,,,,,,,
587,0.2915274716397107,5.0,74.0,0.06756756756756757,2.0,3.0,0.4,0.6,0.1749909529782755,0.0,0.6,0.0038053,8,41,0.0,,,,,,,,,,
588,0.00019392492686165497,74.0,74.0,1.0,0.0,74.0,0.0,1.0,0.2005946010679033,0.0,0.6,0.0038053,8,42,0.0,,,,,,,,,,
589,0.00026744163187686354,74.0,74.0,1.0,10.0,64.0,0.13513513513513514,0.8648648648648649,0.1800555274001425,0.0,0.6,0.0038053,8,43,0.0,,,,,,,,,,
590,0.0003821548816631548,73.0,74.0,0.9864864864864865,3.0,70.0,0.0410958904109589,0.958904109589041,0.18290973098023716,0.0,0.6,0.0038053,8,44,0.0,,,,,,,,,,
591,0.0002549565469962545,74.0,74.0,1.0,3.0,71.0,0.04054054054054054,0.9594594594594594,0.1865389169273527,0.0,0.6,0.0038053,8,45,0.0,,,,,,,,,,
592,0.00043383317461120896,68.0,74.0,0.918918918918919,24.0,44.0,0.35294117647058826,0.6470588235294118,0.1746593067462424,0.0,0.6,0.0038053,8,46,0.0,,,,,,,,,,
593,0.00033015812732628547,74.0,74.0,1.0,27.0,47.0,0.36486486486486486,0.6351351351351351,0.17407604671031912,0.0,0.6,0.0038053,8,47,0.0,,,,,,,,,,
594,0.002046460605924949,2.0,74.0,0.02702702702702703,0.0,2.0,0.0,1.0,0.1727318788234545,0.0,0.6,0.0038053,8,48,0.0,,,,,,,,,,
595,0.0035590349398262333,0.0,74.0,0.0,0.0,0.0,0.0,0.0,0.0,0.0,0.6,0.0038053,8,49,0.0,,,,,,,,,,
596,0.0002981613724841736,74.0,74.0,1.0,27.0,47.0,0.36486486486486486,0.6351351351351351,0.1758279231565303,0.0,0.6,0.0038053,8,50,0.0,,,,,,,,,,
597,0.0002961873215099331,74.0,74.0,1.0,1.0,73.0,0.013513513513513514,0.9864864864864865,0.18752837956408597,0.0,0.6,0.0038053,8,51,0.0,,,,,,,,,,
598,0.0005510051960300189,67.0,74.0,0.9054054054054054,7.0,60.0,0.1044776119402985,0.8955223880597015,0.17860868628606058,0.0,0.6,0.0038053,8,52,0.0,,,,,,,,,,
599,0.04805565968126757,0.0,74.0,0.0,0.0,0.0,0.0,0.0,0.0,0.0,0.6,0.0038053,8,53,0.0,,,,,,,,,,
600,0.0002747259713942185,74.0,74.0,1.0,2.0,72.0,0.02702702702702703,0.972972972972973,0.1874114309321453,0.0,0.6,0.0038053,8,54,0.0,,,,,,,,,,
601,0.0002733340297709219,74.0,74.0,1.0,27.0,47.0,0.36486486486486486,0.6351351351351351,0.1744630919108056,0.0,0.6,0.0038053,8,55,0.0,,,,,,,,,,
602,0.0003570575936464593,73.0,74.0,0.9864864864864865,19.0,54.0,0.2602739726027397,0.7397260273972602,0.17877327772867505,0.0,0.6,0.0038053,8,56,0.0,,,,,,,,,,
603,0.00029386174719547853,74.0,74.0,1.0,23.0,51.0,0.3108108108108108,0.6891891891891891,0.17847924234104065,0.0,0.6,0.0038053,8,57,0.0,,,,,,,,,,
604,0.00028904934879392385,74.0,74.0,1.0,18.0,56.0,0.24324324324324326,0.7567567567567568,0.17700469485363918,0.0,0.6,0.0038053,8,58,0.0,,,,,,,,,,
605,0.00046640230721095577,73.0,74.0,0.9864864864864865,9.0,64.0,0.1232876712328767,0.8767123287671232,0.17923311558702068,0.0,0.6,0.0038053,8,59,0.0,,,,,,,,,,
606,0.0002464734498062171,74.0,74.0,1.0,1.0,73.0,0.013513513513513514,0.9864864864864865,0.19443855014664627,0.0,0.6,0.0038053,8,60,0.0,,,,,,,,,,
607,0.0002632799332786817,74.0,74.0,1.0,16.0,58.0,0.21621621621621623,0.7837837837837838,0.18151989831662182,0.0,0.6,0.0038053,8,61,0.0,,,,,,,,,,
608,0.00030776861967751756,74.0,74.0,1.0,1.0,73.0,0.013513513513513514,0.9864864864864865,0.18690790015068162,0.0,0.6,0.0038053,8,62,0.0,,,,,,,,,,
609,0.00023862276066211052,74.0,74.0,1.0,0.0,74.0,0.0,1.0,0.1897884423572521,0.0,0.6,0.0038053,8,63,0.0,,,,,,,,,,
610,0.00046560654300265014,73.0,74.0,0.9864864864864865,18.0,55.0,0.2465753424657534,0.7534246575342466,0.1750966686082027,0.0,0.6,0.0038053,8,64,0.0,,,,,,,,,,
611,0.0003484276749077253,74.0,74.0,1.0,5.0,69.0,0.06756756756756757,0.9324324324324325,0.18118836389428453,0.0,0.6,0.0038053,8,65,0.0,,,,,,,,,,
612,0.00027870699341292493,74.0,74.0,1.0,8.0,66.0,0.10810810810810811,0.8918918918918919,0.1831462974333467,0.0,0.6,0.0038053,8,66,0.0,,,,,,,,,,
613,0.14972946269699605,0.0,74.0,0.0,0.0,0.0,0.0,0.0,0.0,0.0,0.6,0.0038053,8,67,0.0,,,,,,,,,,
614,0.0003263582693762146,74.0,74.0,1.0,4.0,70.0,0.05405405405405406,0.9459459459459459,0.18846957490625654,0.0,0.6,0.0038053,8,68,0.0,,,,,,,,,,
615,0.00044881032954435796,67.0,74.0,0.9054054054054054,8.0,59.0,0.11940298507462686,0.8805970149253731,0.17937435870945959,0.0,0.6,0.0038053,8,69,0.0,,,,,,,,,,
616,0.0007110332626325544,66.0,74.0,0.8918918918918919,12.0,54.0,0.18181818181818182,0.8181818181818182,0.1759009769315821,0.0,0.6,0.0038053,8,70,0.0,,,,,,,,,,
617,0.00031107355971471407,74.0,74.0,1.0,15.0,59.0,0.20270270270270271,0.7972972972972973,0.17971791477278476,0.0,0.6,0.0038053,8,71,0.0,,,,,,,,,,
618,0.0015895926553639583,1.0,74.0,0.013513513513513514,0.0,1.0,0.0,1.0,0.24123752107049962,0.0,0.6,0.0038053,8,72,0.0,,,,,,,,,,
619,0.00028923468198627234,74.0,74.0,1.0,13.0,61.0,0.17567567567567569,0.8243243243243243,0.1775938410241962,0.0,0.6,0.0038053,8,73,0.0,,,,,,,,,,
620,0.0003373689905856736,71.0,74.0,0.9594594594594594,23.0,48.0,0.323943661971831,0.676056338028169,0.1783665784237176,0.0,0.6,0.0038053,8,74,0.0,,,,,,,,,,
621,0.0004857341627939604,72.0,74.0,0.972972972972973,22.0,50.0,0.3055555555555556,0.6944444444444444,0.17488495847058683,0.0,0.6,0.0038053,8,75,0.0,,,,,,,,,,
622,0.00041993405102402903,73.0,74.0,0.9864864864864865,27.0,46.0,0.3698630136986301,0.6301369863013698,0.17322613127760225,0.0,0.6,0.0038053,8,76,0.0,,,,,,,,,,
623,0.0003091735525231343,74.0,74.0,1.0,4.0,70.0,0.05405405405405406,0.9459459459459459,0.1940150689344123,0.0,0.6,0.0038053,8,77,0.0,,,,,,,,,,
624,0.0003497697583113152,74.0,74.0,1.0,8.0,66.0,0.10810810810810811,0.8918918918918919,0.18649897204457921,0.0,0.6,0.0038053,8,78,0.0,,,,,,,,,,
624,,,,,,,,,,,,,8,,1.0,0.8447653429602888,1.0505901243951585,0.8447653429602888,1.024125960138109,0.9995983935742971,0.0029667545018944507,0.15483305061400832,0.9995983935742971,0.0028615409110222035,0.15483305061400832
625,0.1640796353967744,0.0,74.0,0.0,0.0,0.0,0.0,0.0,0.0,0.0,0.6,0.0038053,9,1,0.0,,,,,,,,,,
626,0.0004711204892373644,72.0,74.0,0.972972972972973,2.0,70.0,0.027777777777777776,0.9722222222222222,0.18744957229687675,0.0,0.6,0.0038053,9,2,0.0,,,,,,,,,,
627,0.0003069898739340715,74.0,74.0,1.0,7.0,67.0,0.0945945945945946,0.9054054054054054,0.18087273052601996,0.0,0.6,0.0038053,9,3,0.0,,,,,,,,,,
628,0.00029794930742355064,74.0,74.0,1.0,10.0,64.0,0.13513513513513514,0.8648648648648649,0.18047393755407024,0.0,0.6,0.0038053,9,4,0.0,,,,,,,,,,
629,0.17250524461996974,0.0,74.0,0.0,0.0,0.0,0.0,0.0,0.0,0.0,0.6,0.0038053,9,5,0.0,,,,,,,,,,
630,0.0006499929149867967,56.0,74.0,0.7567567567567568,19.0,37.0,0.3392857142857143,0.6607142857142857,0.17244424204980877,0.0,0.6,0.0038053,9,6,0.0,,,,,,,,,,
631,0.00033022438583429903,74.0,74.0,1.0,15.0,59.0,0.20270270270270271,0.7972972972972973,0.17748434266908295,0.0,0.6,0.0038053,9,7,0.0,,,,,,,,,,
632,0.00025331193319289014,74.0,74.0,1.0,1.0,73.0,0.013513513513513514,0.9864864864864865,0.18875321466167902,0.0,0.6,0.0038053,9,8,0.0,,,,,,,,,,
633,0.00025175173868774436,74.0,74.0,1.0,19.0,55.0,0.25675675675675674,0.7432432432432432,0.17843013398503807,0.0,0.6,0.0038053,9,9,0.0,,,,,,,,,,
634,0.0009314410526712891,15.0,74.0,0.20270270270270271,1.0,14.0,0.06666666666666667,0.9333333333333333,0.18183189198646224,0.0,0.6,0.0038053,9,10,0.0,,,,,,,,,,
635,0.00029955648642499,74.0,74.0,1.0,4.0,70.0,0.05405405405405406,0.9459459459459459,0.18192620343339563,0.0,0.6,0.0038053,9,11,0.0,,,,,,,,,,
636,0.00027063970992458053,74.0,74.0,1.0,8.0,66.0,0.10810810810810811,0.8918918918918919,0.18283782204811252,0.0,0.6,0.0038053,9,12,0.0,,,,,,,,,,
637,0.0005542031722143292,72.0,74.0,0.972972972972973,9.0,63.0,0.125,0.875,0.17754117744809766,0.0,0.6,0.0038053,9,13,0.0,,,,,,,,,,
638,0.000300048148346832,74.0,74.0,1.0,5.0,69.0,0.06756756756756757,0.9324324324324325,0.18409700351341057,0.0,0.6,0.0038053,9,14,0.0,,,,,,,,,,
639,0.0003648386409622617,73.0,74.0,0.9864864864864865,24.0,49.0,0.3287671232876712,0.6712328767123288,0.1751347055514037,0.0,0.6,0.0038053,9,15,0.0,,,,,,,,,,
640,0.0002955976488010492,74.0,74.0,1.0,1.0,73.0,0.013513513513513514,0.9864864864864865,0.19720576615229246,0.0,0.6,0.0038053,9,16,0.0,,,,,,,,,,
641,0.00037387975316960365,73.0,74.0,0.9864864864864865,4.0,69.0,0.0547945205479452,0.9452054794520548,0.19075645225455234,0.0,0.6,0.0038053,9,17,0.0,,,,,,,,,,
642,0.0004564623741316609,62.0,74.0,0.8378378378378378,11.0,51.0,0.1774193548387097,0.8225806451612904,0.1758639940230715,0.0,0.6,0.0038053,9,18,0.0,,,,,,,,,,
643,0.0002456458314554766,74.0,74.0,1.0,1.0,73.0,0.013513513513513514,0.9864864864864865,0.19418358603579303,0.0,0.6,0.0038053,9,19,0.0,,,,,,,,,,
644,0.00027524800316314213,74.0,74.0,1.0,1.0,73.0,0.013513513513513514,0.9864864864864865,0.19981375345077287,0.0,0.6,0.0038053,9,20,0.0,,,,,,,,,,
645,0.0002794531756080687,74.0,74.0,1.0,1.0,73.0,0.013513513513513514,0.9864864864864865,0.19536808657981583,0.0,0.6,0.0038053,9,21,0.0,,,,,,,,,,
646,0.00029743606137344614,74.0,74.0,1.0,9.0,65.0,0.12162162162162163,0.8783783783783784,0.1842545581740212,0.0,0.6,0.0038053,9,22,0.0,,,,,,,,,,
647,0.00021691097208531573,74.0,74.0,1.0,0.0,74.0,0.0,1.0,0.19125621784321511,0.0,0.6,0.0038053,9,23,0.0,,,,,,,,,,
648,0.0002718480391195044,74.0,74.0,1.0,1.0,73.0,0.013513513513513514,0.9864864864864865,0.1913686906619266,0.0,0.6,0.0038053,9,24,0.0,,,,,,,,,,
649,0.00028094332810724154,74.0,74.0,1.0,3.0,71.0,0.04054054054054054,0.9594594594594594,0.1868148693712111,0.0,0.6,0.0038053,9,25,0.0,,,,,,,,,,
650,0.09387822910139221,0.0,74.0,0.0,0.0,0.0,0.0,0.0,0.0,0.0,0.6,0.0038053,9,26,0.0,,,,,,,,,,
651,0.00023598843472427689,74.0,74.0,1.0,18.0,56.0,0.24324324324324326,0.7567567567567568,0.17892708841311933,0.0,0.6,0.0038053,9,27,0.0,,,,,,,,,,
652,0.0003391471291251946,74.0,74.0,1.0,10.0,64.0,0.13513513513513514,0.8648648648648649,0.17915653124807215,0.0,0.6,0.0038053,9,28,0.0,,,,,,,,,,
653,0.0002512342616682872,74.0,74.0,1.0,5.0,69.0,0.06756756756756757,0.9324324324324325,0.1820526690404101,0.0,0.6,0.0038053,9,29,0.0,,,,,,,,,,
654,0.00026100817922269925,74.0,74.0,1.0,4.0,70.0,0.05405405405405406,0.9459459459459459,0.18809332586097918,0.0,0.6,0.0038053,9,30,0.0,,,,,,,,,,
655,0.0003446851951593999,74.0,74.0,1.0,30.0,44.0,0.40540540540540543,0.5945945945945946,0.1753623856173804,0.0,0.6,0.0038053,9,31,0.0,,,,,,,,,,
656,0.0002401012388872914,74.0,74.0,1.0,0.0,74.0,0.0,1.0,0.19166544481979228,0.0,0.6,0.0038053,9,32,0.0,,,,,,,,,,
657,0.00021529984587687068,74.0,74.0,1.0,2.0,72.0,0.02702702702702703,0.972972972972973,0.1862417164253025,0.0,0.6,0.0038053,9,33,0.0,,,,,,,,,,
658,0.0025763397497939877,0.0,74.0,0.0,0.0,0.0,0.0,0.0,0.0,0.0,0.6,0.0038053,9,34,0.0,,,,,,,,,,
659,0.0004425033330335282,73.0,74.0,0.9864864864864865,12.0,61.0,0.1643835616438356,0.8356164383561644,0.1797069249838929,0.0,0.6,0.0038053,9,35,0.0,,,,,,,,,,
660,0.00022710626217303798,74.0,74.0,1.0,1.0,73.0,0.013513513513513514,0.9864864864864865,0.20111878321332108,0.0,0.6,0.0038053,9,36,0.0,,,,,,,,,,
661,0.0003600511445256416,74.0,74.0,1.0,23.0,51.0,0.3108108108108108,0.6891891891891891,0.17979437634335002,0.0,0.6,0.0038053,9,37,0.0,,,,,,,,,,
662,0.0002596493832243141,74.0,74.0,1.0,10.0,64.0,0.13513513513513514,0.8648648648648649,0.18450406320764728,0.0,0.6,0.0038053,9,38,0.0,,,,,,,,,,
663,0.06888158522997401,0.0,74.0,0.0,0.0,0.0,0.0,0.0,0.0,0.0,0.6,0.0038053,9,39,0.0,,,,,,,,,,
664,0.00023446145132766105,74.0,74.0,1.0,13.0,61.0,0.17567567567567569,0.8243243243243243,0.18059681406536457,0.0,0.6,0.0038053,9,40,0.0,,,,,,,,,,
665,0.0002821420494001359,74.0,74.0,1.0,6.0,68.0,0.08108108108108109,0.918918918918919,0.1841149404349665,0.0,0.6,0.0038053,9,41,0.0,,,,,,,,,,
666,0.00023332938144449145,74.0,74.0,1.0,5.0,69.0,0.06756756756756757,0.9324324324324325,0.1827133156131901,0.0,0.6,0.0038053,9,42,0.0,,,,,,,,,,
667,0.00021031285723438486,74.0,74.0,1.0,2.0,72.0,0.02702702702702703,0.972972972972973,0.18625950090879106,0.0,0.6,0.0038053,9,43,0.0,,,,,,,,,,
668,0.00033432247801101767,74.0,74.0,1.0,4.0,70.0,0.05405405405405406,0.9459459459459459,0.1790879780606175,0.0,0.6,0.0038053,9,44,0.0,,,,,,,,,,
669,0.0002336831712455023,74.0,74.0,1.0,19.0,55.0,0.25675675675675674,0.7432432432432432,0.17751396743254916,0.0,0.6,0.0038053,9,45,0.0,,,,,,,,,,
670,0.0013479492263286375,1.0,74.0,0.013513513513513514,0.0,1.0,0.0,1.0,0.2551131811392409,0.0,0.6,0.0038053,9,46,0.0,,,,,,,,,,
671,0.0006799773909733631,57.0,74.0,0.7702702702702703,17.0,40.0,0.2982456140350877,0.7017543859649122,0.1737468339816755,0.0,0.6,0.0038053,9,47,0.0,,,,,,,,,,
672,0.00028844652115367353,74.0,74.0,1.0,3.0,71.0,0.04054054054054054,0.9594594594594594,0.1880523436606187,0.0,0.6,0.0038053,9,48,0.0,,,,,,,,,,
673,0.000235971667279955,74.0,74.0,1.0,16.0,58.0,0.21621621621621623,0.7837837837837838,0.17954862022090498,0.0,0.6,0.0038053,9,49,0.0,,,,,,,,,,
674,0.000244749040575698,74.0,74.0,1.0,1.0,73.0,0.013513513513513514,0.9864864864864865,0.1889057061118266,0.0,0.6,0.0038053,9,50,0.0,,,,,,,,,,
675,0.0002376488846493885,74.0,74.0,1.0,11.0,63.0,0.14864864864864866,0.8513513513513513,0.1817716126286888,0.0,0.6,0.0038053,9,51,0.0,,,,,,,,,,
676,0.0001959230394277256,74.0,74.0,1.0,14.0,60.0,0.1891891891891892,0.8108108108108109,0.17908987145320046,0.0,0.6,0.0038053,9,52,0.0,,,,,,,,,,
677,0.00017889760056277737,74.0,74.0,1.0,3.0,71.0,0.04054054054054054,0.9594594594594594,0.18375346841633095,0.0,0.6,0.0038053,9,53,0.0,,,,,,,,,,
678,0.0002873452613130212,74.0,74.0,1.0,6.0,68.0,0.08108108108108109,0.918918918918919,0.18572347433045389,0.0,0.6,0.0038053,9,54,0.0,,,,,,,,,,
679,0.00021960888989269733,74.0,74.0,1.0,3.0,71.0,0.04054054054054054,0.9594594594594594,0.18617255623683768,0.0,0.6,0.0038053,9,55,0.0,,,,,,,,,,
680,0.00029287839788594283,74.0,74.0,1.0,25.0,49.0,0.33783783783783783,0.6621621621621622,0.17637351191986958,0.0,0.6,0.0038053,9,56,0.0,,,,,,,,,,
681,0.00023185734244179912,74.0,74.0,1.0,1.0,73.0,0.013513513513513514,0.9864864864864865,0.18762946155066731,0.0,0.6,0.0038053,9,57,0.0,,,,,,,,,,
682,0.0002788643651001621,74.0,74.0,1.0,6.0,68.0,0.08108108108108109,0.918918918918919,0.1861184158584092,0.0,0.6,0.0038053,9,58,0.0,,,,,,,,,,
683,0.00022668012388749048,74.0,74.0,1.0,5.0,69.0,0.06756756756756757,0.9324324324324325,0.18398480188321295,0.0,0.6,0.0038053,9,59,0.0,,,,,,,,,,
684,0.0002578810053819325,74.0,74.0,1.0,13.0,61.0,0.17567567567567569,0.8243243243243243,0.17826591169801903,0.0,0.6,0.0038053,9,60,0.0,,,,,,,,,,
685,0.00023336858066613786,74.0,74.0,1.0,13.0,61.0,0.17567567567567569,0.8243243243243243,0.18159658520295505,0.0,0.6,0.0038053,9,61,0.0,,,,,,,,,,
686,0.21163175757828867,0.0,74.0,0.0,0.0,0.0,0.0,0.0,0.0,0.0,0.6,0.0038053,9,62,0.0,,,,,,,,,,
687,0.003423210400796961,0.0,74.0,0.0,0.0,0.0,0.0,0.0,0.0,0.0,0.6,0.0038053,9,63,0.0,,,,,,,,,,
688,0.0002909486174758058,74.0,74.0,1.0,12.0,62.0,0.16216216216216217,0.8378378378378378,0.17848122473433803,0.0,0.6,0.0038053,9,64,0.0,,,,,,,,,,
689,0.0003077947440033313,74.0,74.0,1.0,11.0,63.0,0.14864864864864866,0.8513513513513513,0.18020917394509497,0.0,0.6,0.0038053,9,65,0.0,,,,,,,,,,
690,0.0002754758679657243,74.0,74.0,1.0,5.0,69.0,0.06756756756756757,0.9324324324324325,0.18482938541851088,0.0,0.6,0.0038053,9,66,0.0,,,,,,,,,,
691,0.00025932289281627163,74.0,74.0,1.0,4.0,70.0,0.05405405405405406,0.9459459459459459,0.1848104952030881,0.0,0.6,0.0038053,9,67,0.0,,,,,,,,,,
692,0.00023946876171976328,74.0,74.0,1.0,1.0,73.0,0.013513513513513514,0.9864864864864865,0.19497212667936856,0.0,0.6,0.0038053,9,68,0.0,,,,,,,,,,
693,0.0003621394316724036,65.0,74.0,0.8783783783783784,4.0,61.0,0.06153846153846154,0.9384615384615385,0.18145273385002736,0.0,0.6,0.0038053,9,69,0.0,,,,,,,,,,
694,0.0005040553733124398,59.0,74.0,0.7972972972972973,5.0,54.0,0.0847457627118644,0.9152542372881356,0.18255311753618478,0.0,0.6,0.0038053,9,70,0.0,,,,,,,,,,
695,0.0002962467769975774,74.0,74.0,1.0,7.0,67.0,0.0945945945945946,0.9054054054054054,0.18257846134475159,0.0,0.6,0.0038053,9,71,0.0,,,,,,,,,,
696,0.00027728550048777834,74.0,74.0,1.0,11.0,63.0,0.14864864864864866,0.8513513513513513,0.17865451559036802,0.0,0.6,0.0038053,9,72,0.0,,,,,,,,,,
697,0.05483778146299301,0.0,74.0,0.0,0.0,0.0,0.0,0.0,0.0,0.0,0.6,0.0038053,9,73,0.0,,,,,,,,,,
698,0.00018275852198712528,74.0,74.0,1.0,1.0,73.0,0.013513513513513514,0.9864864864864865,0.18887132291970726,0.0,0.6,0.0038053,9,74,0.0,,,,,,,,,,
699,0.00018096714484272525,74.0,74.0,1.0,9.0,65.0,0.12162162162162163,0.8783783783783784,0.18125023509859764,0.0,0.6,0.0038053,9,75,0.0,,,,,,,,,,
700,0.000231778685702011,74.0,74.0,1.0,5.0,69.0,0.06756756756756757,0.9324324324324325,0.18738157694728913,0.0,0.6,0.0038053,9,76,0.0,,,,,,,,,,
701,0.0002259766770293936,74.0,74.0,1.0,2.0,72.0,0.02702702702702703,0.972972972972973,0.19452652411855736,0.0,0.6,0.0038053,9,77,0.0,,,,,,,,,,
702,0.00019042810219196748,74.0,74.0,1.0,6.0,68.0,0.08108108108108109,0.918918918918919,0.18383941850583688,0.0,0.6,0.0038053,9,78,0.0,,,,,,,,,,
702,,,,,,,,,,,,,9,,1.0,0.8375451263537906,1.096518059571584,0.8375451263537906,1.0684567954805162,0.9991967871485944,0.0010018400770115056,0.16165166079480375,0.9991967871485944,0.0009428468122048519,0.16165166079480375
703,0.00033588125370442867,74.0,74.0,1.0,14.0,60.0,0.1891891891891892,0.8108108108108109,0.1804601868630984,0.0,0.6,0.0038053,10,1,0.0,,,,,,,,,,
704,0.004639951079298044,0.0,74.0,0.0,0.0,0.0,0.0,0.0,0.0,0.0,0.6,0.0038053,10,2,0.0,,,,,,,,,,
705,0.00022515494856634177,74.0,74.0,1.0,17.0,57.0,0.22972972972972974,0.7702702702702703,0.17849002922594698,0.0,0.6,0.0038053,10,3,0.0,,,,,,,,,,
706,0.00023575668092234991,74.0,74.0,1.0,14.0,60.0,0.1891891891891892,0.8108108108108109,0.17741265515718305,0.0,0.6,0.0038053,10,4,0.0,,,,,,,,,,
707,0.00019462933778413571,74.0,74.0,1.0,5.0,69.0,0.06756756756756757,0.9324324324324325,0.18639295009522838,0.0,0.6,0.0038053,10,5,0.0,,,,,,,,,,
708,0.0002456612710375339,74.0,74.0,1.0,39.0,35.0,0.527027027027027,0.47297297297297297,0.17259475749266845,0.0,0.6,0.0038053,10,6,0.0,,,,,,,,,,
709,0.00026378570328233764,74.0,74.0,1.0,10.0,64.0,0.13513513513513514,0.8648648648648649,0.18012147840713152,0.0,0.6,0.0038053,10,7,0.0,,,,,,,,,,
710,0.00021688025663024746,74.0,74.0,1.0,1.0,73.0,0.013513513513513514,0.9864864864864865,0.1927941015057395,0.0,0.6,0.0038053,10,8,0.0,,,,,,,,,,
711,0.0002429238702461589,74.0,74.0,1.0,0.0,74.0,0.0,1.0,0.18668600283749612,0.0,0.6,0.0038053,10,9,0.0,,,,,,,,,,
712,0.00021231976643321104,74.0,74.0,1.0,15.0,59.0,0.20270270270270271,0.7972972972972973,0.18069104778566075,0.0,0.6,0.0038053,10,10,0.0,,,,,,,,,,
713,0.00018225166786578484,74.0,74.0,1.0,0.0,74.0,0.0,1.0,0.19010412362473333,0.0,0.6,0.0038053,10,11,0.0,,,,,,,,,,
714,0.00024157606094377115,74.0,74.0,1.0,9.0,65.0,0.12162162162162163,0.8783783783783784,0.1804095300483166,0.0,0.6,0.0038053,10,12,0.0,,,,,,,,,,
715,0.0002226598880952224,74.0,74.0,1.0,2.0,72.0,0.02702702702702703,0.972972972972973,0.18411220916247378,0.0,0.6,0.0038053,10,13,0.0,,,,,,,,,,
716,0.00019209200763725676,74.0,74.0,1.0,1.0,73.0,0.013513513513513514,0.9864864864864865,0.18573570066797304,0.0,0.6,0.0038053,10,14,0.0,,,,,,,,,,
717,0.00028272782219573855,74.0,74.0,1.0,9.0,65.0,0.12162162162162163,0.8783783783783784,0.17760575638999823,0.0,0.6,0.0038053,10,15,0.0,,,,,,,,,,
718,0.0002898388156609144,74.0,74.0,1.0,12.0,62.0,0.16216216216216217,0.8378378378378378,0.17989663924015187,0.0,0.6,0.0038053,10,16,0.0,,,,,,,,,,
719,0.00027731794398278,74.0,74.0,1.0,2.0,72.0,0.02702702702702703,0.972972972972973,0.1846061550248165,0.0,0.6,0.0038053,10,17,0.0,,,,,,,,,,
720,0.0002213999214291107,74.0,74.0,1.0,14.0,60.0,0.1891891891891892,0.8108108108108109,0.1815128760754924,0.0,0.6,0.0038053,10,18,0.0,,,,,,,,,,
721,0.0003366188939253334,73.0,74.0,0.9864864864864865,8.0,65.0,0.1095890410958904,0.8904109589041096,0.1799920446147855,0.0,0.6,0.0038053,10,19,0.0,,,,,,,,,,
722,0.00022430915851145983,74.0,74.0,1.0,7.0,67.0,0.0945945945945946,0.9054054054054054,0.18156081152798387,0.0,0.6,0.0038053,10,20,0.0,,,,,,,,,,
723,0.0002264439062855672,74.0,74.0,1.0,2.0,72.0,0.02702702702702703,0.972972972972973,0.1870272741118743,0.0,0.6,0.0038053,10,21,0.0,,,,,,,,,,
724,0.00026688658545026556,74.0,74.0,1.0,1.0,73.0,0.013513513513513514,0.9864864864864865,0.19107311365844765,0.0,0.6,0.0038053,10,22,0.0,,,,,,,,,,
725,0.00026429094577906653,74.0,74.0,1.0,6.0,68.0,0.08108108108108109,0.918918918918919,0.18171076394208585,0.0,0.6,0.0038053,10,23,0.0,,,,,,,,,,
726,0.0014020694216014817,1.0,74.0,0.013513513513513514,0.0,1.0,0.0,1.0,0.2609362997887386,0.0,0.6,0.0038053,10,24,0.0,,,,,,,,,,
727,0.00026533858181210235,74.0,74.0,1.0,6.0,68.0,0.08108108108108109,0.918918918918919,0.17927792669824658,0.0,0.6,0.0038053,10,25,0.0,,,,,,,,,,
728,0.00020938531815772876,74.0,74.0,1.0,1.0,73.0,0.013513513513513514,0.9864864864864865,0.18607634527622477,0.0,0.6,0.0038053,10,26,0.0,,,,,,,,,,
729,0.0002781345283437986,74.0,74.0,1.0,1.0,73.0,0.013513513513513514,0.9864864864864865,0.1973540187876091,0.0,0.6,0.0038053,10,27,0.0,,,,,,,,,,
730,0.13505508931120858,0.0,74.0,0.0,0.0,0.0,0.0,0.0,0.0,0.0,0.6,0.0038053,10,28,0.0,,,,,,,,,,
731,0.00024787603251752444,74.0,74.0,1.0,1.0,73.0,0.013513513513513514,0.9864864864864865,0.18929462256100563,0.0,0.6,0.0038053,10,29,0.0,,,,,,,,,,
732,0.00025589228607714176,74.0,74.0,1.0,1.0,73.0,0.013513513513513514,0.9864864864864865,0.19059746873196215,0.0,0.6,0.0038053,10,30,0.0,,,,,,,,,,
733,0.0002549900018493645,74.0,74.0,1.0,13.0,61.0,0.17567567567567569,0.8243243243243243,0.17842170588062228,0.0,0.6,0.0038053,10,31,0.0,,,,,,,,,,
734,0.0001942706003319472,74.0,74.0,1.0,4.0,70.0,0.05405405405405406,0.9459459459459459,0.18467862565286755,0.0,0.6,0.0038053,10,32,0.0,,,,,,,,,,
735,0.0004182102784398012,69.0,74.0,0.9324324324324325,14.0,55.0,0.2028985507246377,0.7971014492753623,0.17568250657774473,0.0,0.6,0.0038053,10,33,0.0,,,,,,,,,,
736,0.00020551268971757963,74.0,74.0,1.0,1.0,73.0,0.013513513513513514,0.9864864864864865,0.18700707383843085,0.0,0.6,0.0038053,10,34,0.0,,,,,,,,,,
737,0.00025697452656459063,74.0,74.0,1.0,12.0,62.0,0.16216216216216217,0.8378378378378378,0.18250997292955826,0.0,0.6,0.0038053,10,35,0.0,,,,,,,,,,
738,0.0003022958990186453,74.0,74.0,1.0,26.0,48.0,0.35135135135135137,0.6486486486486487,0.1749765531627847,0.0,0.6,0.0038053,10,36,0.0,,,,,,,,,,
739,0.00020204057000228204,74.0,74.0,1.0,2.0,72.0,0.02702702702702703,0.972972972972973,0.1845631439408581,0.0,0.6,0.0038053,10,37,0.0,,,,,,,,,,
740,0.00022095299573265947,74.0,74.0,1.0,6.0,68.0,0.08108108108108109,0.918918918918919,0.18286126353493293,0.0,0.6,0.0038053,10,38,0.0,,,,,,,,,,
741,0.0002525577037886251,74.0,74.0,1.0,14.0,60.0,0.1891891891891892,0.8108108108108109,0.17792126185926196,0.0,0.6,0.0038053,10,39,0.0,,,,,,,,,,
742,0.0002185020930483006,74.0,74.0,1.0,1.0,73.0,0.013513513513513514,0.9864864864864865,0.1891264946629069,0.0,0.6,0.0038053,10,40,0.0,,,,,,,,,,
743,0.00019289550982648507,74.0,74.0,1.0,1.0,73.0,0.013513513513513514,0.9864864864864865,0.19156345780987108,0.0,0.6,0.0038053,10,41,0.0,,,,,,,,,,
744,0.0002467173253535293,74.0,74.0,1.0,7.0,67.0,0.0945945945945946,0.9054054054054054,0.18015773558621737,0.0,0.6,0.0038053,10,42,0.0,,,,,,,,,,
745,0.002635060103784781,0.0,74.0,0.0,0.0,0.0,0.0,0.0,0.0,0.0,0.6,0.0038053,10,43,0.0,,,,,,,,,,
746,0.0003402767797524575,73.0,74.0,0.9864864864864865,19.0,54.0,0.2602739726027397,0.7397260273972602,0.17540683128315931,0.0,0.6,0.0038053,10,44,0.0,,,,,,,,,,
747,0.0006169261760078371,52.0,74.0,0.7027027027027027,7.0,45.0,0.1346153846153846,0.8653846153846154,0.17696227446518462,0.0,0.6,0.0038053,10,45,0.0,,,,,,,,,,
748,0.0006871765435789712,39.0,74.0,0.527027027027027,3.0,36.0,0.07692307692307693,0.9230769230769231,0.1848768723016466,0.0,0.6,0.0038053,10,46,0.0,,,,,,,,,,
749,0.0002929615438915789,74.0,74.0,1.0,26.0,48.0,0.35135135135135137,0.6486486486486487,0.17803024089905164,0.0,0.6,0.0038053,10,47,0.0,,,,,,,,,,
750,0.0004490220235311426,50.0,74.0,0.6756756756756757,19.0,31.0,0.38,0.62,0.17342345774351983,0.0,0.6,0.0038053,10,48,0.0,,,,,,,,,,
751,0.0005716966043110006,42.0,74.0,0.5675675675675675,3.0,39.0,0.07142857142857142,0.9285714285714286,0.180463465333248,0.0,0.6,0.0038053,10,49,0.0,,,,,,,,,,
752,0.00025113946685451083,74.0,74.0,1.0,18.0,56.0,0.24324324324324326,0.7567567567567568,0.17882593734348223,0.0,0.6,0.0038053,10,50,0.0,,,,,,,,,,
753,0.0003394210507394746,74.0,74.0,1.0,15.0,59.0,0.20270270270270271,0.7972972972972973,0.17762807037402495,0.0,0.6,0.0038053,10,51,0.0,,,,,,,,,,
754,0.00025449223176110536,74.0,74.0,1.0,9.0,65.0,0.12162162162162163,0.8783783783783784,0.18213913968062298,0.0,0.6,0.0038053,10,52,0.0,,,,,,,,,,
755,0.000238133918173844,74.0,74.0,1.0,0.0,74.0,0.0,1.0,0.1870813769417387,0.0,0.6,0.0038053,10,53,0.0,,,,,,,,,,
756,0.0006968674533709418,21.0,74.0,0.28378378378378377,3.0,18.0,0.14285714285714285,0.8571428571428571,0.1816734367416701,0.0,0.6,0.0038053,10,54,0.0,,,,,,,,,,
757,0.00020111821504542604,74.0,74.0,1.0,0.0,74.0,0.0,1.0,0.19290675805438526,0.0,0.6,0.0038053,10,55,0.0,,,,,,,,,,
758,0.0020082944556634175,0.0,74.0,0.0,0.0,0.0,0.0,0.0,0.0,0.0,0.6,0.0038053,10,56,0.0,,,,,,,,,,
759,0.00019938276454922743,74.0,74.0,1.0,2.0,72.0,0.02702702702702703,0.972972972972973,0.19098032693159867,0.0,0.6,0.0038053,10,57,0.0,,,,,,,,,,
760,0.00031601077716914006,74.0,74.0,1.0,3.0,71.0,0.04054054054054054,0.9594594594594594,0.18764283043346536,0.0,0.6,0.0038053,10,58,0.0,,,,,,,,,,
761,0.00030592589246225543,74.0,74.0,1.0,7.0,67.0,0.0945945945945946,0.9054054054054054,0.1795110660943423,0.0,0.6,0.0038053,10,59,0.0,,,,,,,,,,
762,0.00026913834517472424,74.0,74.0,1.0,9.0,65.0,0.12162162162162163,0.8783783783783784,0.18112245474741362,0.0,0.6,0.0038053,10,60,0.0,,,,,,,,,,
763,0.0005987769291095901,33.0,74.0,0.44594594594594594,4.0,29.0,0.12121212121212122,0.8787878787878788,0.18113503429662234,0.0,0.6,0.0038053,10,61,0.0,,,,,,,,,,
764,0.00028187857242301106,74.0,74.0,1.0,1.0,73.0,0.013513513513513514,0.9864864864864865,0.1896098958284115,0.0,0.6,0.0038053,10,62,0.0,,,,,,,,,,
765,0.0004315529658924788,60.0,74.0,0.8108108108108109,7.0,53.0,0.11666666666666667,0.8833333333333333,0.18188303920542376,0.0,0.6,0.0038053,10,63,0.0,,,,,,,,,,
766,0.00017624728207010776,74.0,74.0,1.0,8.0,66.0,0.10810810810810811,0.8918918918918919,0.18149148760518552,0.0,0.6,0.0038053,10,64,0.0,,,,,,,,,,
767,0.0011165834475832526,6.0,74.0,0.08108108108108109,0.0,6.0,0.0,1.0,0.1916063250197583,0.0,0.6,0.0038053,10,65,0.0,,,,,,,,,,
768,0.00351413557655178,0.0,74.0,0.0,0.0,0.0,0.0,0.0,0.0,0.0,0.6,0.0038053,10,66,0.0,,,,,,,,,,
769,0.000243916452745907,74.0,74.0,1.0,12.0,62.0,0.16216216216216217,0.8378378378378378,0.18196143450963506,0.0,0.6,0.0038053,10,67,0.0,,,,,,,,,,
770,0.0010247495447401889,4.0,74.0,0.05405405405405406,0.0,4.0,0.0,1.0,0.1976661930503164,0.0,0.6,0.0038053,10,68,0.0,,,,,,,,,,
771,0.0002145865910279099,74.0,74.0,1.0,15.0,59.0,0.20270270270270271,0.7972972972972973,0.18014283513080995,0.0,0.6,0.0038053,10,69,0.0,,,,,,,,,,
772,0.00034611093724379316,74.0,74.0,1.0,1.0,73.0,0.013513513513513514,0.9864864864864865,0.18281186435183158,0.0,0.6,0.0038053,10,70,0.0,,,,,,,,,,
773,0.00021084641048219055,74.0,74.0,1.0,16.0,58.0,0.21621621621621623,0.7837837837837838,0.18029783009648273,0.0,0.6,0.0038053,10,71,0.0,,,,,,,,,,
774,0.00036849386742687784,74.0,74.0,1.0,6.0,68.0,0.08108108108108109,0.918918918918919,0.182060946304757,0.0,0.6,0.0038053,10,72,0.0,,,,,,,,,,
775,0.0004012816243630368,71.0,74.0,0.9594594594594594,19.0,52.0,0.2676056338028169,0.7323943661971831,0.17486622163694732,0.0,0.6,0.0038053,10,73,0.0,,,,,,,,,,
776,0.00019997475828859024,74.0,74.0,1.0,7.0,67.0,0.0945945945945946,0.9054054054054054,0.18315796853712554,0.0,0.6,0.0038053,10,74,0.0,,,,,,,,,,
777,0.0002513883991923649,74.0,74.0,1.0,17.0,57.0,0.22972972972972974,0.7702702702702703,0.17900810132123052,0.0,0.6,0.0038053,10,75,0.0,,,,,,,,,,
778,0.00028165962430648506,74.0,74.0,1.0,19.0,55.0,0.25675675675675674,0.7432432432432432,0.18075906675698683,0.0,0.6,0.0038053,10,76,0.0,,,,,,,,,,
779,0.0002595277692307718,74.0,74.0,1.0,24.0,50.0,0.32432432432432434,0.6756756756756757,0.17710415856182718,0.0,0.6,0.0038053,10,77,0.0,,,,,,,,,,
780,0.0003507583617017819,73.0,74.0,0.9864864864864865,17.0,56.0,0.2328767123287671,0.7671232876712328,0.17424137605609566,0.0,0.6,0.0038053,10,78,0.0,,,,,,,,,,
780,,,,,,,,,,,,,10,,1.0,0.8339350180505415,1.0892785721355014,0.8339350180505415,1.0628011690245733,0.9995983935742971,0.0006012535300098348,0.16566337552375565,0.9995983935742971,0.0005904703283680973,0.16566337552375565
